Season,Date,GameType,Team,HomeAway,Result,Score,Other Team,R,H,E,Box Score,Matchup,Ballpark,Game Start,Game Length,Audience,GameID
1988,1988-04-08,Reg Season,Yokohama Taiyo Whales,Away,W,2,Chunichi Dragons,2,6,2,"0,0,0,2,0,0,0,0,0",1,Nagoya,,,31000,GAME19880408CDDB0001
1988,1988-04-08,Reg Season,Chunichi Dragons,Home,L,1,Yokohama Taiyo Whales,1,4,0,"0,0,0,0,0,1,0,0,0",1,Nagoya,,,31000,GAME19880408CDDB0001
1988,1988-04-08,Reg Season,Hanshin Tigers,Away,L,0,Hiroshima Toyo Carp,0,3,0,"0,0,0,0,0,0,0,0,0",1,Hiroshima citizens,,,15000,GAME19880408HCHT0001
1988,1988-04-08,Reg Season,Hiroshima Toyo Carp,Home,W,3,Hanshin Tigers,3,8,0,"0,0,2,0,0,0,0,1,x",1,Hiroshima citizens,,,15000,GAME19880408HCHT0001
1988,1988-04-08,Reg Season,Lotte Orions,Away,W,3,Nippon-Ham Fighters,3,7,0,"0,0,0,0,0,0,0,3,0",1,Tokyo Dome,,,51000,GAME19880408NFLM0001
1988,1988-04-08,Reg Season,Nippon-Ham Fighters,Home,L,2,Lotte Orions,2,3,2,"0,0,0,2,0,0,0,0,0",1,Tokyo Dome,,,51000,GAME19880408NFLM0001
1988,1988-04-08,Reg Season,Kintetsu Buffaloes,Away,W,3,Hankyu Braves,3,6,0,"0,1,0,0,0,0,0,0,2",1,Nishinomiya,,,23000,GAME19880408OBKI0001
1988,1988-04-08,Reg Season,Hankyu Braves,Home,L,0,Kintetsu Buffaloes,0,7,1,"0,0,0,0,0,0,0,0,0",1,Nishinomiya,,,23000,GAME19880408OBKI0001
1988,1988-04-08,Reg Season,Yakult Swallows,Away,W,4,Yomiuri Giants,4,9,1,"0,1,0,0,0,0,3,0,0",1,Tokyo Dome,,,56000,GAME19880408YGYS0001
1988,1988-04-08,Reg Season,Yomiuri Giants,Home,L,2,Yakult Swallows,2,8,1,"0,0,0,0,0,2,0,0,x",1,Tokyo Dome,,,56000,GAME19880408YGYS0001
1988,1988-04-09,Reg Season,Yokohama Taiyo Whales,Away,L,0,Chunichi Dragons,0,8,1,"0,0,0,0,0,0,0,0,0",2,Nagoya,,,32000,GAME19880409CDDB0002
1988,1988-04-09,Reg Season,Chunichi Dragons,Home,W,1,Yokohama Taiyo Whales,1,2,0,"0,0,0,0,0,0,0,0,1x",2,Nagoya,,,32000,GAME19880409CDDB0002
1988,1988-04-09,Reg Season,Hanshin Tigers,Away,L,0,Hiroshima Toyo Carp,0,5,1,"0,0,0,0,0,0,0,0,0",2,Hiroshima citizens,,,15000,GAME19880409HCHT0002
1988,1988-04-09,Reg Season,Hiroshima Toyo Carp,Home,W,2,Hanshin Tigers,2,7,1,"0,0,0,0,0,0,1,1,x",2,Hiroshima citizens,,,15000,GAME19880409HCHT0002
1988,1988-04-09,Reg Season,Lotte Orions,Away,L,1,Nippon-Ham Fighters,1,5,0,"0,0,0,0,0,0,0,0,1",2,Tokyo Dome,,,43000,GAME19880409NFLM0002
1988,1988-04-09,Reg Season,Nippon-Ham Fighters,Home,W,3,Lotte Orions,3,5,0,"0,0,0,0,0,0,0,3,x",2,Tokyo Dome,,,43000,GAME19880409NFLM0002
1988,1988-04-09,Reg Season,Kintetsu Buffaloes,Away,W,10,Hankyu Braves,10,17,0,"3,1,2,2,0,2,0,0,0",2,Nishinomiya,,,30000,GAME19880409OBKI0002
1988,1988-04-09,Reg Season,Hankyu Braves,Home,L,0,Kintetsu Buffaloes,0,7,3,"0,0,0,0,0,0,0,0,0",2,Nishinomiya,,,30000,GAME19880409OBKI0002
1988,1988-04-09,Reg Season,Nankai Hawks,Away,L,0,Seibu Lions,0,5,0,"0,0,0,0,0,0,0,0,0",1,Belluna Dome,,,32000,GAME19880409SLSH0001
1988,1988-04-09,Reg Season,Seibu Lions,Home,W,1,Nankai Hawks,1,2,0,"0,0,0,0,0,0,0,1,x",1,Belluna Dome,,,32000,GAME19880409SLSH0001
1988,1988-04-09,Reg Season,Yakult Swallows,Away,L,2,Yomiuri Giants,2,3,1,"0,1,0,0,0,0,0,0,1",2,Tokyo Dome,,,56000,GAME19880409YGYS0002
1988,1988-04-09,Reg Season,Yomiuri Giants,Home,W,9,Yakult Swallows,9,10,0,"0,0,0,0,3,1,0,5,x",2,Tokyo Dome,,,56000,GAME19880409YGYS0002
1988,1988-04-10,Reg Season,Yokohama Taiyo Whales,Away,L,6,Chunichi Dragons,6,10,1,"0,0,1,0,4,0,0,1,0",3,Nagoya,,,33000,GAME19880410CDDB0003
1988,1988-04-10,Reg Season,Chunichi Dragons,Home,W,8,Yokohama Taiyo Whales,8,7,3,"0,7,0,0,1,0,0,0,x",3,Nagoya,,,33000,GAME19880410CDDB0003
1988,1988-04-10,Reg Season,Hanshin Tigers,Away,L,1,Hiroshima Toyo Carp,1,8,1,"1,0,0,0,0,0,0,0,0",3,Hiroshima citizens,,,22000,GAME19880410HCHT0003
1988,1988-04-10,Reg Season,Hiroshima Toyo Carp,Home,W,4,Hanshin Tigers,4,8,1,"0,0,0,0,4,0,0,0,x",3,Hiroshima citizens,,,22000,GAME19880410HCHT0003
1988,1988-04-10,Reg Season,Lotte Orions,Away,L,1,Nippon-Ham Fighters,1,6,1,"1,0,0,0,0,0,0,0,0",3,Tokyo Dome,,,39000,GAME19880410NFLM0003
1988,1988-04-10,Reg Season,Nippon-Ham Fighters,Home,W,4,Lotte Orions,4,8,2,"0,0,3,0,0,1,0,0,x",3,Tokyo Dome,,,39000,GAME19880410NFLM0003
1988,1988-04-10,Reg Season,Kintetsu Buffaloes,Away,W,2,Hankyu Braves,2,7,1,"0,0,0,0,1,0,0,0,0,1",3,Nishinomiya,,,38000,GAME19880410OBKI0003
1988,1988-04-10,Reg Season,Hankyu Braves,Home,L,1,Kintetsu Buffaloes,1,4,1,"0,0,0,1,0,0,0,0,0,0",3,Nishinomiya,,,38000,GAME19880410OBKI0003
1988,1988-04-10,Reg Season,Nankai Hawks,Away,L,6,Seibu Lions,6,12,1,"0,2,0,0,1,0,2,1,0",2,Belluna Dome,,,35000,GAME19880410SLSH0002
1988,1988-04-10,Reg Season,Seibu Lions,Home,W,9,Nankai Hawks,9,12,0,"2,2,0,5,0,0,0,0,x",2,Belluna Dome,,,35000,GAME19880410SLSH0002
1988,1988-04-10,Reg Season,Yakult Swallows,Away,L,7,Yomiuri Giants,7,12,0,"1,0,0,0,0,0,3,3,0",3,Tokyo Dome,,,56000,GAME19880410YGYS0003
1988,1988-04-10,Reg Season,Yomiuri Giants,Home,W,9,Yakult Swallows,9,13,2,"3,2,4,0,0,0,0,0,x",3,Tokyo Dome,,,56000,GAME19880410YGYS0003
1988,1988-04-12,Reg Season,Hiroshima Toyo Carp,Away,W,6,Yokohama Taiyo Whales,6,14,1,"2,0,0,0,0,1,1,0,2",1,Yokohama Stadium,,,20000,GAME19880412DBHC0001
1988,1988-04-12,Reg Season,Yokohama Taiyo Whales,Home,L,3,Hiroshima Toyo Carp,3,8,2,"1,0,0,0,0,0,1,1,0",1,Yokohama Stadium,,,20000,GAME19880412DBHC0001
1988,1988-04-12,Reg Season,Hankyu Braves,Away,L,4,Nippon-Ham Fighters,4,13,0,"0,0,0,0,1,0,0,0,3",1,Tokyo Dome,,,32000,GAME19880412NFOB0001
1988,1988-04-12,Reg Season,Nippon-Ham Fighters,Home,W,5,Hankyu Braves,5,9,0,"0,0,1,0,2,0,0,0,2x",1,Tokyo Dome,,,32000,GAME19880412NFOB0001
1988,1988-04-12,Reg Season,Chunichi Dragons,Away,L,2,Yakult Swallows,2,4,0,"2,0,0,0,0,0,0,0,0,0",1,Meiji Jingu Stadium,,,25000,GAME19880412YSCD0001
1988,1988-04-12,Reg Season,Yakult Swallows,Home,W,4,Chunichi Dragons,4,9,0,"0,0,0,0,1,1,0,0,0,2x",1,Meiji Jingu Stadium,,,25000,GAME19880412YSCD0001
1988,1988-04-13,Reg Season,Yomiuri Giants,Away,W,6,Hanshin Tigers,6,8,0,"2,0,0,0,0,1,1,1,1",1,Hanshin Koshien Stadium,,,45000,GAME19880413HTYG0001
1988,1988-04-13,Reg Season,Hanshin Tigers,Home,L,2,Yomiuri Giants,2,11,0,"0,1,0,0,0,0,0,0,1",1,Hanshin Koshien Stadium,,,45000,GAME19880413HTYG0001
1988,1988-04-13,Reg Season,Seibu Lions,Away,L,3,Kintetsu Buffaloes,3,5,0,"0,1,0,0,1,0,0,1,0",1,Fujiidera,,,18000,GAME19880413KISL0001
1988,1988-04-13,Reg Season,Kintetsu Buffaloes,Home,W,5,Seibu Lions,5,10,2,"1,2,0,0,0,0,0,2,x",1,Fujiidera,,,18000,GAME19880413KISL0001
1988,1988-04-13,Reg Season,Hankyu Braves,Away,W,3,Nippon-Ham Fighters,3,9,0,"0,0,2,0,0,0,0,0,1",2,Tokyo Dome,,,32000,GAME19880413NFOB0002
1988,1988-04-13,Reg Season,Nippon-Ham Fighters,Home,L,1,Hankyu Braves,1,5,0,"0,0,0,0,1,0,0,0,0",2,Tokyo Dome,,,32000,GAME19880413NFOB0002
1988,1988-04-13,Reg Season,Lotte Orions,Away,W,1,Nankai Hawks,1,5,0,"0,0,0,1,0,0,0,0,0",1,Osaka,,,10000,GAME19880413SHLM0001
1988,1988-04-13,Reg Season,Nankai Hawks,Home,L,0,Lotte Orions,0,3,1,"0,0,0,0,0,0,0,0,0",1,Osaka,,,10000,GAME19880413SHLM0001
1988,1988-04-14,Reg Season,Hiroshima Toyo Carp,Away,L,1,Yokohama Taiyo Whales,1,7,2,"0,0,0,1,0,0,0,0,0",2,Yokohama Stadium,,,21000,GAME19880414DBHC0002
1988,1988-04-14,Reg Season,Yokohama Taiyo Whales,Home,W,5,Hiroshima Toyo Carp,5,12,0,"0,3,1,0,0,1,0,0,x",2,Yokohama Stadium,,,21000,GAME19880414DBHC0002
1988,1988-04-14,Reg Season,Yomiuri Giants,Away,L,3,Hanshin Tigers,3,8,2,"0,0,1,1,0,0,1,0,0",2,Hanshin Koshien Stadium,,,43000,GAME19880414HTYG0002
1988,1988-04-14,Reg Season,Hanshin Tigers,Home,W,7,Yomiuri Giants,7,15,1,"2,0,0,0,2,2,1,0,x",2,Hanshin Koshien Stadium,,,43000,GAME19880414HTYG0002
1988,1988-04-14,Reg Season,Seibu Lions,Away,W,8,Kintetsu Buffaloes,8,13,1,"0,0,0,0,0,3,2,0,3",2,Fujiidera,,,20000,GAME19880414KISL0002
1988,1988-04-14,Reg Season,Kintetsu Buffaloes,Home,L,4,Seibu Lions,4,7,1,"0,0,2,1,0,1,0,0,0",2,Fujiidera,,,20000,GAME19880414KISL0002
1988,1988-04-14,Reg Season,Hankyu Braves,Away,L,2,Nippon-Ham Fighters,2,6,0,"0,0,0,0,1,0,0,1,0",3,Tokyo Dome,,,35000,GAME19880414NFOB0003
1988,1988-04-14,Reg Season,Nippon-Ham Fighters,Home,W,4,Hankyu Braves,4,11,2,"1,0,0,3,0,0,0,0,x",3,Tokyo Dome,,,35000,GAME19880414NFOB0003
1988,1988-04-14,Reg Season,Lotte Orions,Away,W,9,Nankai Hawks,9,14,0,"0,0,4,0,2,2,0,0,1",2,Osaka,,,8000,GAME19880414SHLM0002
1988,1988-04-14,Reg Season,Nankai Hawks,Home,L,5,Lotte Orions,5,12,2,"2,0,0,1,0,0,0,1,1",2,Osaka,,,8000,GAME19880414SHLM0002
1988,1988-04-14,Reg Season,Chunichi Dragons,Away,L,2,Yakult Swallows,2,11,1,"0,0,0,1,0,0,1,0,0",2,Meiji Jingu Stadium,,,32000,GAME19880414YSCD0002
1988,1988-04-14,Reg Season,Yakult Swallows,Home,W,11,Chunichi Dragons,11,13,1,"2,0,6,0,0,0,0,3,x",2,Meiji Jingu Stadium,,,32000,GAME19880414YSCD0002
1988,1988-04-15,Reg Season,Yomiuri Giants,Away,W,10,Chunichi Dragons,10,16,0,"0,1,1,0,0,4,0,2,2",1,Nagoya,,,35000,GAME19880415CDYG0001
1988,1988-04-15,Reg Season,Chunichi Dragons,Home,L,1,Yomiuri Giants,1,7,0,"0,0,0,0,0,0,0,1,0",1,Nagoya,,,35000,GAME19880415CDYG0001
1988,1988-04-15,Reg Season,Hanshin Tigers,Away,W,8,Yokohama Taiyo Whales,8,13,1,"4,0,0,0,0,0,0,4,0",1,Yokohama Stadium,,,20000,GAME19880415DBHT0001
1988,1988-04-15,Reg Season,Yokohama Taiyo Whales,Home,L,0,Hanshin Tigers,0,4,0,"0,0,0,0,0,0,0,0,0",1,Yokohama Stadium,,,20000,GAME19880415DBHT0001
1988,1988-04-15,Reg Season,Kintetsu Buffaloes,Away,W,5,Nankai Hawks,5,6,0,"0,2,0,2,1,0,0,0,0",1,Osaka,,,8000,GAME19880415SHKI0001
1988,1988-04-15,Reg Season,Nankai Hawks,Home,L,1,Kintetsu Buffaloes,1,6,2,"0,0,1,0,0,0,0,0,0",1,Osaka,,,8000,GAME19880415SHKI0001
1988,1988-04-15,Reg Season,Nippon-Ham Fighters,Away,L,0,Seibu Lions,0,5,1,"0,0,0,0,0,0,0,0,0",1,Belluna Dome,,,15000,GAME19880415SLNF0001
1988,1988-04-15,Reg Season,Seibu Lions,Home,W,3,Nippon-Ham Fighters,3,5,0,"0,1,0,0,0,0,0,2,x",1,Belluna Dome,,,15000,GAME19880415SLNF0001
1988,1988-04-16,Reg Season,Yomiuri Giants,Away,L,2,Chunichi Dragons,2,10,0,"0,0,0,0,2,0,0,0,0",2,Nagoya,,,35000,GAME19880416CDYG0002
1988,1988-04-16,Reg Season,Chunichi Dragons,Home,W,3,Yomiuri Giants,3,6,0,"0,0,0,0,0,0,3,0,x",2,Nagoya,,,35000,GAME19880416CDYG0002
1988,1988-04-16,Reg Season,Hanshin Tigers,Away,L,5,Yokohama Taiyo Whales,5,11,0,"0,0,0,0,1,0,1,0,3",2,Yokohama Stadium,,,28000,GAME19880416DBHT0002
1988,1988-04-16,Reg Season,Yokohama Taiyo Whales,Home,W,6,Hanshin Tigers,6,12,1,"0,0,0,2,0,0,1,0,3x",2,Yokohama Stadium,,,28000,GAME19880416DBHT0002
1988,1988-04-16,Reg Season,Yakult Swallows,Away,L,2,Hiroshima Toyo Carp,2,4,2,"0,0,0,2,0,0,0,0,0",1,Hiroshima citizens,,,11000,GAME19880416HCYS0001
1988,1988-04-16,Reg Season,Hiroshima Toyo Carp,Home,W,3,Yakult Swallows,3,9,0,"1,0,0,1,1,0,0,0,x",1,Hiroshima citizens,,,11000,GAME19880416HCYS0001
1988,1988-04-16,Reg Season,Hankyu Braves,Away,L,3,Lotte Orions,3,6,0,"1,0,0,0,0,0,0,2,0",1,Kawasaki,,,14000,GAME19880416LMOB0001
1988,1988-04-16,Reg Season,Lotte Orions,Home,W,4,Hankyu Braves,4,11,0,"0,0,2,1,0,1,0,0,x",1,Kawasaki,,,14000,GAME19880416LMOB0001
1988,1988-04-16,Reg Season,Kintetsu Buffaloes,Away,W,5,Nankai Hawks,5,10,0,"0,0,0,0,0,2,0,1,2",2,Osaka,,,15000,GAME19880416SHKI0002
1988,1988-04-16,Reg Season,Nankai Hawks,Home,L,0,Kintetsu Buffaloes,0,2,0,"0,0,0,0,0,0,0,0,0",2,Osaka,,,15000,GAME19880416SHKI0002
1988,1988-04-16,Reg Season,Nippon-Ham Fighters,Away,L,1,Seibu Lions,1,5,0,"1,0,0,0,0,0,0,0,0",2,Belluna Dome,,,31000,GAME19880416SLNF0002
1988,1988-04-16,Reg Season,Seibu Lions,Home,W,3,Nippon-Ham Fighters,3,9,0,"0,0,1,0,0,2,0,0,x",2,Belluna Dome,,,31000,GAME19880416SLNF0002
1988,1988-04-17,Reg Season,Yomiuri Giants,Away,W,15,Chunichi Dragons,15,17,0,"3,7,0,0,0,0,0,5,0",3,Nagoya,,,35000,GAME19880417CDYG0003
1988,1988-04-17,Reg Season,Chunichi Dragons,Home,L,2,Yomiuri Giants,2,5,0,"0,0,0,0,0,1,1,0,0",3,Nagoya,,,35000,GAME19880417CDYG0003
1988,1988-04-17,Reg Season,Hanshin Tigers,Away,W,4,Yokohama Taiyo Whales,4,10,0,"0,0,0,4,0,0,0,0,0",3,Yokohama Stadium,,,30000,GAME19880417DBHT0003
1988,1988-04-17,Reg Season,Yokohama Taiyo Whales,Home,L,1,Hanshin Tigers,1,4,0,"0,0,1,0,0,0,0,0,0",3,Yokohama Stadium,,,30000,GAME19880417DBHT0003
1988,1988-04-17,Reg Season,Yakult Swallows,Away,W,9,Hiroshima Toyo Carp,9,12,1,"1,0,4,0,2,0,2,0,0",2,Hiroshima citizens,,,17000,GAME19880417HCYS0002
1988,1988-04-17,Reg Season,Hiroshima Toyo Carp,Home,L,2,Yakult Swallows,2,5,2,"0,0,1,1,0,0,0,0,0",2,Hiroshima citizens,,,17000,GAME19880417HCYS0002
1988,1988-04-17,Reg Season,Hankyu Braves,Away,L,1,Lotte Orions,1,6,0,"0,0,0,0,0,0,1,0,0",2,Kawasaki,,,22000,GAME19880417LMOB0002
1988,1988-04-17,Reg Season,Lotte Orions,Home,W,2,Hankyu Braves,2,7,0,"0,0,0,0,0,1,1,0,x",2,Kawasaki,,,22000,GAME19880417LMOB0002
1988,1988-04-17,Reg Season,Kintetsu Buffaloes,Away,W,6,Nankai Hawks,6,8,1,"0,0,0,0,2,0,1,0,3",3,Osaka,,,22000,GAME19880417SHKI0003
1988,1988-04-17,Reg Season,Nankai Hawks,Home,L,3,Kintetsu Buffaloes,3,4,1,"0,0,2,1,0,0,0,0,0",3,Osaka,,,22000,GAME19880417SHKI0003
1988,1988-04-17,Reg Season,Nippon-Ham Fighters,Away,L,2,Seibu Lions,2,6,0,"0,0,0,0,0,2,0,0,0",3,Belluna Dome,,,35000,GAME19880417SLNF0003
1988,1988-04-17,Reg Season,Seibu Lions,Home,W,5,Nippon-Ham Fighters,5,7,0,"0,0,0,0,0,4,1,0,x",3,Belluna Dome,,,35000,GAME19880417SLNF0003
1988,1988-04-18,Reg Season,Hankyu Braves,Away,L,5,Lotte Orions,5,7,1,"0,0,4,0,0,0,0,0,1",3,Kawasaki,,,4000,GAME19880418LMOB0003
1988,1988-04-18,Reg Season,Lotte Orions,Home,W,7,Hankyu Braves,7,9,0,"3,0,0,0,1,0,0,3,x",3,Kawasaki,,,4000,GAME19880418LMOB0003
1988,1988-04-19,Reg Season,Chunichi Dragons,Away,L,3,Hanshin Tigers,3,7,1,"0,0,1,0,0,2,0,0,0",1,Okayama Prefectural Government,,,10000,GAME19880419HTCD0001
1988,1988-04-19,Reg Season,Hanshin Tigers,Home,W,4,Chunichi Dragons,4,10,0,"0,0,0,1,0,0,0,3,x",1,Okayama Prefectural Government,,,10000,GAME19880419HTCD0001
1988,1988-04-19,Reg Season,Nippon-Ham Fighters,Away,W,2,Kintetsu Buffaloes,2,7,0,"1,0,0,0,1,0,0,0,0",1,Nissei,,,8000,GAME19880419KINF0001
1988,1988-04-19,Reg Season,Kintetsu Buffaloes,Home,L,1,Nippon-Ham Fighters,1,3,0,"0,0,0,0,0,1,0,0,0",1,Nissei,,,8000,GAME19880419KINF0001
1988,1988-04-19,Reg Season,Hankyu Braves,Away,L,2,Nankai Hawks,2,6,0,"0,0,0,0,0,0,0,2,0,0",1,Osaka,,,8000,GAME19880419SHOB0001
1988,1988-04-19,Reg Season,Nankai Hawks,Home,W,3,Hankyu Braves,3,5,1,"2,0,0,0,0,0,0,0,0,1x",1,Osaka,,,8000,GAME19880419SHOB0001
1988,1988-04-19,Reg Season,Lotte Orions,Away,L,2,Seibu Lions,2,7,3,"0,0,0,1,0,0,1,0,0",1,Heiwadai,,,30000,GAME19880419SLLM0001
1988,1988-04-19,Reg Season,Seibu Lions,Home,W,8,Lotte Orions,8,14,1,"1,1,3,2,0,0,0,1,x",1,Heiwadai,,,30000,GAME19880419SLLM0001
1988,1988-04-19,Reg Season,Hiroshima Toyo Carp,Away,W,5,Yomiuri Giants,5,9,1,"0,0,2,0,2,0,0,1,0",1,Tokyo Dome,,,56000,GAME19880419YGHC0001
1988,1988-04-19,Reg Season,Yomiuri Giants,Home,L,2,Hiroshima Toyo Carp,2,6,1,"2,0,0,0,0,0,0,0,0",1,Tokyo Dome,,,56000,GAME19880419YGHC0001
1988,1988-04-19,Reg Season,Yokohama Taiyo Whales,Away,T,3,Yakult Swallows,3,11,0,"0,1,0,0,0,1,1,0,0,0,0,0",1,Meiji Jingu Stadium,,,28000,GAME19880419YSDB0001
1988,1988-04-19,Reg Season,Yakult Swallows,Home,T,3,Yokohama Taiyo Whales,3,8,1,"0,0,0,0,0,0,3,0,0,0,0,0",1,Meiji Jingu Stadium,,,28000,GAME19880419YSDB0001
1988,1988-04-20,Reg Season,Chunichi Dragons,Away,L,3,Hanshin Tigers,3,12,1,"0,0,2,1,0,0,0,0,0,0,0",2,Hanshin Koshien Stadium,,,25000,GAME19880420HTCD0002
1988,1988-04-20,Reg Season,Hanshin Tigers,Home,W,4,Chunichi Dragons,4,14,0,"2,0,0,1,0,0,0,0,0,0,1x",2,Hanshin Koshien Stadium,,,25000,GAME19880420HTCD0002
1988,1988-04-20,Reg Season,Nippon-Ham Fighters,Away,W,5,Kintetsu Buffaloes,5,11,1,"2,2,1,0,0,0,0,0,0",2,Nissei,,,10000,GAME19880420KINF0002
1988,1988-04-20,Reg Season,Kintetsu Buffaloes,Home,L,4,Nippon-Ham Fighters,4,10,1,"0,0,1,0,2,0,0,1,0",2,Nissei,,,10000,GAME19880420KINF0002
1988,1988-04-20,Reg Season,Hankyu Braves,Away,W,4,Nankai Hawks,4,11,0,"0,0,2,1,0,0,0,0,1",2,Osaka,,,7000,GAME19880420SHOB0002
1988,1988-04-20,Reg Season,Nankai Hawks,Home,L,3,Hankyu Braves,3,9,2,"1,0,0,0,1,0,0,0,1",2,Osaka,,,7000,GAME19880420SHOB0002
1988,1988-04-20,Reg Season,Lotte Orions,Away,L,2,Seibu Lions,2,6,0,"0,1,0,1,0,0,0,0,0",2,Heiwadai,,,28000,GAME19880420SLLM0002
1988,1988-04-20,Reg Season,Seibu Lions,Home,W,4,Lotte Orions,4,7,0,"0,1,1,1,1,0,0,0,x",2,Heiwadai,,,28000,GAME19880420SLLM0002
1988,1988-04-20,Reg Season,Hiroshima Toyo Carp,Away,W,4,Yomiuri Giants,4,8,0,"0,0,0,0,0,0,2,0,2",2,Tokyo Dome,,,56000,GAME19880420YGHC0002
1988,1988-04-20,Reg Season,Yomiuri Giants,Home,L,3,Hiroshima Toyo Carp,3,9,1,"1,0,0,0,0,0,2,0,0",2,Tokyo Dome,,,56000,GAME19880420YGHC0002
1988,1988-04-20,Reg Season,Yokohama Taiyo Whales,Away,W,8,Yakult Swallows,8,10,1,"0,0,0,0,1,1,0,0,6",2,Meiji Jingu Stadium,,,32000,GAME19880420YSDB0002
1988,1988-04-20,Reg Season,Yakult Swallows,Home,L,2,Yokohama Taiyo Whales,2,3,1,"2,0,0,0,0,0,0,0,0",2,Meiji Jingu Stadium,,,32000,GAME19880420YSDB0002
1988,1988-04-21,Reg Season,Chunichi Dragons,Away,L,0,Hanshin Tigers,0,4,0,"0,0,0,0,0,0,0,0,0",3,Hanshin Koshien Stadium,,,22000,GAME19880421HTCD0003
1988,1988-04-21,Reg Season,Hanshin Tigers,Home,W,3,Chunichi Dragons,3,5,0,"0,1,1,0,0,1,0,0,x",3,Hanshin Koshien Stadium,,,22000,GAME19880421HTCD0003
1988,1988-04-21,Reg Season,Lotte Orions,Away,W,2,Seibu Lions,2,8,0,"0,0,0,1,0,0,0,0,0,0,1",3,Heiwadai,,,30000,GAME19880421SLLM0003
1988,1988-04-21,Reg Season,Seibu Lions,Home,L,1,Lotte Orions,1,8,0,"0,0,0,0,0,0,0,1,0,0,0",3,Heiwadai,,,30000,GAME19880421SLLM0003
1988,1988-04-21,Reg Season,Hiroshima Toyo Carp,Away,L,2,Yomiuri Giants,2,6,0,"0,0,1,1,0,0,0,0,0",3,Tokyo Dome,,,56000,GAME19880421YGHC0003
1988,1988-04-21,Reg Season,Yomiuri Giants,Home,W,4,Hiroshima Toyo Carp,4,8,0,"0,0,0,0,0,3,1,0,x",3,Tokyo Dome,,,56000,GAME19880421YGHC0003
1988,1988-04-21,Reg Season,Yokohama Taiyo Whales,Away,W,4,Yakult Swallows,4,6,0,"1,0,0,0,0,3,0,0,0",3,Meiji Jingu Stadium,,,26000,GAME19880421YSDB0003
1988,1988-04-21,Reg Season,Yakult Swallows,Home,L,2,Yokohama Taiyo Whales,2,5,0,"0,0,0,0,0,0,1,1,0",3,Meiji Jingu Stadium,,,26000,GAME19880421YSDB0003
1988,1988-04-22,Reg Season,Hiroshima Toyo Carp,Away,W,7,Hanshin Tigers,7,6,0,"0,0,0,1,1,0,0,5,0",4,Hanshin Koshien Stadium,,,23000,GAME19880422HTHC0004
1988,1988-04-22,Reg Season,Hanshin Tigers,Home,L,4,Hiroshima Toyo Carp,4,9,1,"1,0,1,0,0,0,0,0,2",4,Hanshin Koshien Stadium,,,23000,GAME19880422HTHC0004
1988,1988-04-22,Reg Season,Nippon-Ham Fighters,Away,W,6,Hankyu Braves,6,8,1,"0,0,3,0,0,0,0,0,2,1",4,Nishinomiya,,,6000,GAME19880422OBNF0004
1988,1988-04-22,Reg Season,Hankyu Braves,Home,L,5,Nippon-Ham Fighters,5,8,2,"2,0,0,0,0,0,0,3,0,0",4,Nishinomiya,,,6000,GAME19880422OBNF0004
1988,1988-04-22,Reg Season,Kintetsu Buffaloes,Away,W,2,Seibu Lions,2,7,0,"0,0,0,0,2,0,0,0,0",3,Belluna Dome,,,18000,GAME19880422SLKI0003
1988,1988-04-22,Reg Season,Seibu Lions,Home,L,0,Kintetsu Buffaloes,0,6,1,"0,0,0,0,0,0,0,0,0",3,Belluna Dome,,,18000,GAME19880422SLKI0003
1988,1988-04-23,Reg Season,Yakult Swallows,Away,L,1,Chunichi Dragons,1,6,2,"0,0,0,0,0,0,0,1,0",3,Tsuruga Sports Park,,,15000,GAME19880423CDYS0003
1988,1988-04-23,Reg Season,Chunichi Dragons,Home,W,3,Yakult Swallows,3,7,0,"1,0,1,0,0,0,1,0,x",3,Tsuruga Sports Park,,,15000,GAME19880423CDYS0003
1988,1988-04-23,Reg Season,Hiroshima Toyo Carp,Away,W,6,Hanshin Tigers,6,11,1,"1,0,0,2,1,0,0,2,0",5,Hanshin Koshien Stadium,,,29000,GAME19880423HTHC0005
1988,1988-04-23,Reg Season,Hanshin Tigers,Home,L,2,Hiroshima Toyo Carp,2,6,0,"1,0,0,0,0,0,0,0,1",5,Hanshin Koshien Stadium,,,29000,GAME19880423HTHC0005
1988,1988-04-23,Reg Season,Nankai Hawks,Away,W,9,Lotte Orions,9,11,0,"3,0,2,0,1,0,0,3,0",3,Rakuten Seimei Park Miyagi,,,6000,GAME19880423LMSH0003
1988,1988-04-23,Reg Season,Lotte Orions,Home,L,1,Nankai Hawks,1,10,0,"0,0,0,0,0,1,0,0,0",3,Rakuten Seimei Park Miyagi,,,6000,GAME19880423LMSH0003
1988,1988-04-23,Reg Season,Nippon-Ham Fighters,Away,L,1,Hankyu Braves,1,7,3,"0,0,0,0,0,0,0,1,0",5,Nishinomiya,,,8000,GAME19880423OBNF0005
1988,1988-04-23,Reg Season,Hankyu Braves,Home,W,2,Nippon-Ham Fighters,2,11,0,"1,0,0,0,0,0,0,0,1x",5,Nishinomiya,,,8000,GAME19880423OBNF0005
1988,1988-04-23,Reg Season,Kintetsu Buffaloes,Away,L,0,Seibu Lions,0,3,1,"0,0,0,0,0,0,0,0,0",4,Belluna Dome,,,26000,GAME19880423SLKI0004
1988,1988-04-23,Reg Season,Seibu Lions,Home,W,2,Kintetsu Buffaloes,2,6,0,"1,0,0,0,1,0,0,0,x",4,Belluna Dome,,,26000,GAME19880423SLKI0004
1988,1988-04-23,Reg Season,Yokohama Taiyo Whales,Away,L,3,Yomiuri Giants,3,5,0,"0,1,2,0,0,0,0,0,0",1,Tokyo Dome,,,56000,GAME19880423YGDB0001
1988,1988-04-23,Reg Season,Yomiuri Giants,Home,W,11,Yokohama Taiyo Whales,11,16,0,"3,0,0,7,0,0,1,0,x",1,Tokyo Dome,,,56000,GAME19880423YGDB0001
1988,1988-04-24,Reg Season,Yakult Swallows,Away,W,7,Chunichi Dragons,7,10,4,"0,0,0,2,1,0,0,1,0,0,3",4,Nagoya,,,35000,GAME19880424CDYS0004
1988,1988-04-24,Reg Season,Chunichi Dragons,Home,L,5,Yakult Swallows,5,11,5,"1,0,0,1,0,2,0,0,0,0,1",4,Nagoya,,,35000,GAME19880424CDYS0004
1988,1988-04-24,Reg Season,Hiroshima Toyo Carp,Away,W,3,Hanshin Tigers,3,6,0,"0,2,0,1,0,0,0,0,0",6,Hanshin Koshien Stadium,,,45000,GAME19880424HTHC0006
1988,1988-04-24,Reg Season,Hanshin Tigers,Home,L,1,Hiroshima Toyo Carp,1,7,1,"0,0,0,0,0,1,0,0,0",6,Hanshin Koshien Stadium,,,45000,GAME19880424HTHC0006
1988,1988-04-24,Reg Season,Nankai Hawks,Away,L,0,Lotte Orions,0,5,1,"0,0,0,0,0,0,0,0,0",4,Rakuten Seimei Park Miyagi,,,10000,GAME19880424LMSH0004
1988,1988-04-24,Reg Season,Lotte Orions,Home,W,3,Nankai Hawks,3,3,0,"0,0,3,0,0,0,0,0,x",4,Rakuten Seimei Park Miyagi,,,10000,GAME19880424LMSH0004
1988,1988-04-24,Reg Season,Nippon-Ham Fighters,Away,L,0,Hankyu Braves,0,5,2,"0,0,0,0,0,0,0,0,0",6,Nishinomiya,,,16000,GAME19880424OBNF0006
1988,1988-04-24,Reg Season,Hankyu Braves,Home,W,1,Nippon-Ham Fighters,1,6,0,"0,0,0,0,0,0,0,1,x",6,Nishinomiya,,,16000,GAME19880424OBNF0006
1988,1988-04-24,Reg Season,Kintetsu Buffaloes,Away,L,2,Seibu Lions,2,9,1,"0,0,0,1,1,0,0,0,0",5,Belluna Dome,,,38000,GAME19880424SLKI0005
1988,1988-04-24,Reg Season,Seibu Lions,Home,W,3,Kintetsu Buffaloes,3,6,0,"0,0,0,1,0,0,2,0,x",5,Belluna Dome,,,38000,GAME19880424SLKI0005
1988,1988-04-24,Reg Season,Yokohama Taiyo Whales,Away,W,4,Yomiuri Giants,4,9,0,"0,0,0,1,3,0,0,0,0",2,Tokyo Dome,,,56000,GAME19880424YGDB0002
1988,1988-04-24,Reg Season,Yomiuri Giants,Home,L,2,Yokohama Taiyo Whales,2,13,0,"0,0,0,0,0,1,0,1,0",2,Tokyo Dome,,,56000,GAME19880424YGDB0002
1988,1988-04-25,Reg Season,Yomiuri Giants,Away,L,0,Yakult Swallows,0,5,1,"0,0,0,0,0,0,0,0,0",4,Meiji Jingu Stadium,,,49000,GAME19880425YSYG0004
1988,1988-04-25,Reg Season,Yakult Swallows,Home,W,1,Yomiuri Giants,1,3,0,"0,0,0,0,0,0,0,1,x",4,Meiji Jingu Stadium,,,49000,GAME19880425YSYG0004
1988,1988-04-26,Reg Season,Chunichi Dragons,Away,L,3,Hiroshima Toyo Carp,3,5,0,"0,0,0,0,0,0,1,1,1",1,Hiroshima citizens,,,15000,GAME19880426HCCD0001
1988,1988-04-26,Reg Season,Hiroshima Toyo Carp,Home,W,5,Chunichi Dragons,5,9,1,"0,0,0,0,2,2,0,1,x",1,Hiroshima citizens,,,15000,GAME19880426HCCD0001
1988,1988-04-26,Reg Season,Yokohama Taiyo Whales,Away,L,3,Hanshin Tigers,3,8,0,"0,0,0,0,0,1,0,0,2",4,Hanshin Koshien Stadium,,,23000,GAME19880426HTDB0004
1988,1988-04-26,Reg Season,Hanshin Tigers,Home,W,8,Yokohama Taiyo Whales,8,12,0,"0,3,2,1,0,0,2,0,x",4,Hanshin Koshien Stadium,,,23000,GAME19880426HTDB0004
1988,1988-04-26,Reg Season,Kintetsu Buffaloes,Away,L,1,Lotte Orions,1,4,2,"0,0,0,0,0,0,0,1,0",1,Kawasaki,,,5000,GAME19880426LMKI0001
1988,1988-04-26,Reg Season,Lotte Orions,Home,W,10,Kintetsu Buffaloes,10,12,0,"0,0,2,0,0,1,1,6,x",1,Kawasaki,,,5000,GAME19880426LMKI0001
1988,1988-04-26,Reg Season,Seibu Lions,Away,L,2,Hankyu Braves,2,3,0,"0,0,0,2,0,0,0,0,0",1,Nishinomiya,,,23000,GAME19880426OBSL0001
1988,1988-04-26,Reg Season,Hankyu Braves,Home,W,4,Seibu Lions,4,9,2,"0,0,0,1,0,3,0,0,x",1,Nishinomiya,,,23000,GAME19880426OBSL0001
1988,1988-04-26,Reg Season,Nippon-Ham Fighters,Away,W,8,Nankai Hawks,8,13,0,"0,0,3,4,0,0,0,0,0,1",1,Osaka,,,7000,GAME19880426SHNF0001
1988,1988-04-26,Reg Season,Nankai Hawks,Home,L,7,Nippon-Ham Fighters,7,12,0,"0,1,2,0,0,0,0,2,2,0",1,Osaka,,,7000,GAME19880426SHNF0001
1988,1988-04-26,Reg Season,Yomiuri Giants,Away,W,3,Yakult Swallows,3,9,1,"0,0,0,0,1,1,0,0,1",5,Meiji Jingu Stadium,,,49000,GAME19880426YSYG0005
1988,1988-04-26,Reg Season,Yakult Swallows,Home,L,1,Yomiuri Giants,1,2,1,"0,0,0,0,1,0,0,0,0",5,Meiji Jingu Stadium,,,49000,GAME19880426YSYG0005
1988,1988-04-27,Reg Season,Chunichi Dragons,Away,L,3,Hiroshima Toyo Carp,3,10,1,"0,0,0,0,0,0,0,3,0",2,Hiroshima citizens,,,14000,GAME19880427HCCD0002
1988,1988-04-27,Reg Season,Hiroshima Toyo Carp,Home,W,5,Chunichi Dragons,5,7,0,"0,0,2,3,0,0,0,0,x",2,Hiroshima citizens,,,14000,GAME19880427HCCD0002
1988,1988-04-27,Reg Season,Yokohama Taiyo Whales,Away,L,2,Hanshin Tigers,2,5,1,"0,0,1,0,0,0,0,1,0",5,Hanshin Koshien Stadium,,,23000,GAME19880427HTDB0005
1988,1988-04-27,Reg Season,Hanshin Tigers,Home,W,3,Yokohama Taiyo Whales,3,8,1,"0,1,0,0,0,0,0,1,1x",5,Hanshin Koshien Stadium,,,23000,GAME19880427HTDB0005
1988,1988-04-27,Reg Season,Kintetsu Buffaloes,Away,W,4,Lotte Orions,4,8,1,"0,0,0,2,1,0,0,1,0",2,Kawasaki,,,6000,GAME19880427LMKI0002
1988,1988-04-27,Reg Season,Lotte Orions,Home,L,2,Kintetsu Buffaloes,2,7,0,"0,2,0,0,0,0,0,0,0",2,Kawasaki,,,6000,GAME19880427LMKI0002
1988,1988-04-27,Reg Season,Seibu Lions,Away,W,11,Hankyu Braves,11,14,0,"0,0,0,0,1,0,4,0,6",2,Nishinomiya,,,28000,GAME19880427OBSL0002
1988,1988-04-27,Reg Season,Hankyu Braves,Home,L,1,Seibu Lions,1,4,2,"0,0,0,0,0,0,1,0,0",2,Nishinomiya,,,28000,GAME19880427OBSL0002
1988,1988-04-27,Reg Season,Nippon-Ham Fighters,Away,W,5,Nankai Hawks,5,11,0,"1,0,0,0,3,1,0,0,0",2,Osaka,,,6000,GAME19880427SHNF0002
1988,1988-04-27,Reg Season,Nankai Hawks,Home,L,1,Nippon-Ham Fighters,1,5,3,"0,0,0,0,0,0,1,0,0",2,Osaka,,,6000,GAME19880427SHNF0002
1988,1988-04-27,Reg Season,Yomiuri Giants,Away,W,6,Yakult Swallows,6,11,0,"3,2,1,0,0,0,0,0,0",6,Meiji Jingu Stadium,,,49000,GAME19880427YSYG0006
1988,1988-04-27,Reg Season,Yakult Swallows,Home,L,4,Yomiuri Giants,4,6,0,"0,0,0,0,1,1,0,1,1",6,Meiji Jingu Stadium,,,49000,GAME19880427YSYG0006
1988,1988-04-28,Reg Season,Yokohama Taiyo Whales,Away,L,2,Hanshin Tigers,2,10,2,"0,0,0,0,1,0,0,0,1",6,Hanshin Koshien Stadium,,,28000,GAME19880428HTDB0006
1988,1988-04-28,Reg Season,Hanshin Tigers,Home,W,6,Yokohama Taiyo Whales,6,9,0,"1,0,2,0,3,0,0,0,x",6,Hanshin Koshien Stadium,,,28000,GAME19880428HTDB0006
1988,1988-04-28,Reg Season,Kintetsu Buffaloes,Away,L,4,Lotte Orions,4,5,0,"0,0,0,0,0,3,0,0,1",3,Kawasaki,,,7000,GAME19880428LMKI0003
1988,1988-04-28,Reg Season,Lotte Orions,Home,W,6,Kintetsu Buffaloes,6,12,1,"3,1,0,0,1,0,0,1,x",3,Kawasaki,,,7000,GAME19880428LMKI0003
1988,1988-04-28,Reg Season,Seibu Lions,Away,W,6,Hankyu Braves,6,12,0,"3,0,1,0,0,0,1,1,0",3,Nishinomiya,,,30000,GAME19880428OBSL0003
1988,1988-04-28,Reg Season,Hankyu Braves,Home,L,1,Seibu Lions,1,5,0,"0,0,0,0,0,0,1,0,0",3,Nishinomiya,,,30000,GAME19880428OBSL0003
1988,1988-04-28,Reg Season,Nippon-Ham Fighters,Away,W,5,Nankai Hawks,5,10,1,"0,0,0,0,0,2,3,0,0",3,Osaka,,,6000,GAME19880428SHNF0003
1988,1988-04-28,Reg Season,Nankai Hawks,Home,L,4,Nippon-Ham Fighters,4,8,2,"0,0,0,0,3,1,0,0,0",3,Osaka,,,6000,GAME19880428SHNF0003
1988,1988-04-29,Reg Season,Yomiuri Giants,Away,T,4,Hiroshima Toyo Carp,4,7,4,"0,1,0,0,0,0,3,0,0,0,0,0",4,Hiroshima citizens,,,18000,GAME19880429HCYG0004
1988,1988-04-29,Reg Season,Hiroshima Toyo Carp,Home,T,4,Yomiuri Giants,4,9,0,"0,0,0,0,0,0,2,2,0,0,0,0",4,Hiroshima citizens,,,18000,GAME19880429HCYG0004
1988,1988-04-29,Reg Season,Kintetsu Buffaloes,Away,W,2,Nippon-Ham Fighters,2,9,0,"1,0,0,0,0,0,0,1,0",3,Tokyo Dome,,,48000,GAME19880429NFKI0003
1988,1988-04-29,Reg Season,Nippon-Ham Fighters,Home,L,1,Kintetsu Buffaloes,1,4,0,"0,0,0,0,0,0,1,0,0",3,Tokyo Dome,,,48000,GAME19880429NFKI0003
1988,1988-04-30,Reg Season,Chunichi Dragons,Away,W,8,Yokohama Taiyo Whales,8,13,0,"0,1,2,0,1,1,1,0,2",4,Yokohama Stadium,,,26000,GAME19880430DBCD0004
1988,1988-04-30,Reg Season,Yokohama Taiyo Whales,Home,L,4,Chunichi Dragons,4,11,1,"0,0,3,0,0,0,1,0,0",4,Yokohama Stadium,,,26000,GAME19880430DBCD0004
1988,1988-04-30,Reg Season,Yomiuri Giants,Away,L,1,Hiroshima Toyo Carp,1,5,0,"0,0,1,0,0,0,0,0,0",5,Hiroshima citizens,,,25000,GAME19880430HCYG0005
1988,1988-04-30,Reg Season,Hiroshima Toyo Carp,Home,W,2,Yomiuri Giants,2,5,0,"0,0,0,0,0,0,0,0,2x",5,Hiroshima citizens,,,25000,GAME19880430HCYG0005
1988,1988-04-30,Reg Season,Kintetsu Buffaloes,Away,W,11,Nippon-Ham Fighters,11,13,0,"2,0,2,0,0,4,1,0,2",4,Tokyo Dome,,,32000,GAME19880430NFKI0004
1988,1988-04-30,Reg Season,Nippon-Ham Fighters,Home,L,4,Kintetsu Buffaloes,4,8,1,"0,0,0,0,0,0,0,0,4",4,Tokyo Dome,,,32000,GAME19880430NFKI0004
1988,1988-04-30,Reg Season,Lotte Orions,Away,L,4,Hankyu Braves,4,5,0,"0,0,0,1,3,0,0,0,0",4,Nishinomiya,,,12000,GAME19880430OBLM0004
1988,1988-04-30,Reg Season,Hankyu Braves,Home,W,5,Lotte Orions,5,9,2,"0,0,0,3,0,1,0,0,1x",4,Nishinomiya,,,12000,GAME19880430OBLM0004
1988,1988-04-30,Reg Season,Seibu Lions,Away,L,2,Nankai Hawks,2,4,1,"0,1,0,0,0,1,0,0,0",3,Osaka,,,20000,GAME19880430SHSL0003
1988,1988-04-30,Reg Season,Nankai Hawks,Home,W,11,Seibu Lions,11,20,1,"0,3,1,3,0,2,2,0,x",3,Osaka,,,20000,GAME19880430SHSL0003
1988,1988-04-30,Reg Season,Hanshin Tigers,Away,L,3,Yakult Swallows,3,7,0,"0,0,0,1,0,1,0,1,0",1,Meiji Jingu Stadium,,,51000,GAME19880430YSHT0001
1988,1988-04-30,Reg Season,Yakult Swallows,Home,W,12,Hanshin Tigers,12,17,0,"2,1,1,0,3,0,3,2,x",1,Meiji Jingu Stadium,,,51000,GAME19880430YSHT0001
1988,1988-05-01,Reg Season,Chunichi Dragons,Away,W,3,Yokohama Taiyo Whales,3,8,1,"1,0,0,0,0,2,0,0,0",5,Yokohama Stadium,,,29000,GAME19880501DBCD0005
1988,1988-05-01,Reg Season,Yokohama Taiyo Whales,Home,L,2,Chunichi Dragons,2,10,0,"0,1,0,0,0,1,0,0,0",5,Yokohama Stadium,,,29000,GAME19880501DBCD0005
1988,1988-05-01,Reg Season,Yomiuri Giants,Away,W,6,Hiroshima Toyo Carp,6,11,0,"3,0,0,0,0,2,0,1,0",6,Hiroshima citizens,,,30000,GAME19880501HCYG0006
1988,1988-05-01,Reg Season,Hiroshima Toyo Carp,Home,L,0,Yomiuri Giants,0,8,1,"0,0,0,0,0,0,0,0,0",6,Hiroshima citizens,,,30000,GAME19880501HCYG0006
1988,1988-05-01,Reg Season,Kintetsu Buffaloes,Away,W,7,Nippon-Ham Fighters,7,12,0,"0,0,3,0,0,0,0,2,2",5,Tokyo Dome,,,55000,GAME19880501NFKI0005
1988,1988-05-01,Reg Season,Nippon-Ham Fighters,Home,L,0,Kintetsu Buffaloes,0,5,0,"0,0,0,0,0,0,0,0,0",5,Tokyo Dome,,,55000,GAME19880501NFKI0005
1988,1988-05-01,Reg Season,Lotte Orions,Away,L,6,Hankyu Braves,6,13,0,"0,1,2,1,1,0,1,0,0",5,Nishinomiya,,,28000,GAME19880501OBLM0005
1988,1988-05-01,Reg Season,Hankyu Braves,Home,W,7,Lotte Orions,7,9,2,"2,0,1,0,0,4,0,0,x",5,Nishinomiya,,,28000,GAME19880501OBLM0005
1988,1988-05-01,Reg Season,Seibu Lions,Away,W,5,Nankai Hawks,5,9,0,"0,1,0,0,3,0,0,0,1",4,Osaka,,,32000,GAME19880501SHSL0004
1988,1988-05-01,Reg Season,Nankai Hawks,Home,L,4,Seibu Lions,4,8,1,"0,0,0,0,0,4,0,0,0",4,Osaka,,,32000,GAME19880501SHSL0004
1988,1988-05-01,Reg Season,Hanshin Tigers,Away,L,2,Yakult Swallows,2,5,0,"0,0,0,0,0,1,1,0,0",2,Meiji Jingu Stadium,,,52000,GAME19880501YSHT0002
1988,1988-05-01,Reg Season,Yakult Swallows,Home,W,4,Hanshin Tigers,4,6,0,"0,0,0,0,0,0,4,0,x",2,Meiji Jingu Stadium,,,52000,GAME19880501YSHT0002
1988,1988-05-03,Reg Season,Hiroshima Toyo Carp,Away,L,1,Chunichi Dragons,1,7,0,"0,0,0,0,0,0,0,1,0,0",3,Nagoya,,,35000,GAME19880503CDHC0003
1988,1988-05-03,Reg Season,Chunichi Dragons,Home,W,2,Hiroshima Toyo Carp,2,5,0,"1,0,0,0,0,0,0,0,0,1x",3,Nagoya,,,35000,GAME19880503CDHC0003
1988,1988-05-03,Reg Season,Yakult Swallows,Away,L,1,Yokohama Taiyo Whales,1,6,0,"0,0,0,0,1,0,0,0,0",4,Yokohama Stadium,,,30000,GAME19880503DBYS0004
1988,1988-05-03,Reg Season,Yokohama Taiyo Whales,Home,W,4,Yakult Swallows,4,5,0,"4,0,0,0,0,0,0,0,x",4,Yokohama Stadium,,,30000,GAME19880503DBYS0004
1988,1988-05-03,Reg Season,Nankai Hawks,Away,T,0,Kintetsu Buffaloes,0,4,0,"0,0,0,0,0,0",4,Fujiidera,,,29000,GAME19880503KISH0004
1988,1988-05-03,Reg Season,Kintetsu Buffaloes,Home,T,0,Nankai Hawks,0,4,0,"0,0,0,0,0,x",4,Fujiidera,,,29000,GAME19880503KISH0004
1988,1988-05-03,Reg Season,Nippon-Ham Fighters,Away,L,0,Lotte Orions,0,8,0,"0,0,0,0,0,0,0,0,0",4,Kawasaki,,,22000,GAME19880503LMNF0004
1988,1988-05-03,Reg Season,Lotte Orions,Home,W,1,Nippon-Ham Fighters,1,9,0,"0,0,1,0,0,0,0,0,x",4,Kawasaki,,,22000,GAME19880503LMNF0004
1988,1988-05-03,Reg Season,Hankyu Braves,Away,L,2,Seibu Lions,2,4,2,"0,0,0,0,0,0,1,0,1",4,Belluna Dome,,,50000,GAME19880503SLOB0004
1988,1988-05-03,Reg Season,Seibu Lions,Home,W,8,Hankyu Braves,8,12,0,"0,2,2,1,0,1,1,1,x",4,Belluna Dome,,,50000,GAME19880503SLOB0004
1988,1988-05-03,Reg Season,Hanshin Tigers,Away,W,5,Yomiuri Giants,5,7,1,"0,0,0,0,0,3,0,0,2",3,Tokyo Dome,,,56000,GAME19880503YGHT0003
1988,1988-05-03,Reg Season,Yomiuri Giants,Home,L,4,Hanshin Tigers,4,9,0,"1,0,0,0,0,1,0,0,2",3,Tokyo Dome,,,56000,GAME19880503YGHT0003
1988,1988-05-04,Reg Season,Hiroshima Toyo Carp,Away,L,1,Chunichi Dragons,1,4,1,"0,0,0,0,1,0,0,0,0",4,Nagoya,,,35000,GAME19880504CDHC0004
1988,1988-05-04,Reg Season,Chunichi Dragons,Home,W,11,Hiroshima Toyo Carp,11,16,0,"6,0,1,1,0,2,0,1,x",4,Nagoya,,,35000,GAME19880504CDHC0004
1988,1988-05-04,Reg Season,Yakult Swallows,Away,L,2,Yokohama Taiyo Whales,2,9,1,"0,0,0,0,0,2,0,0,0",5,Yokohama Stadium,,,30000,GAME19880504DBYS0005
1988,1988-05-04,Reg Season,Yokohama Taiyo Whales,Home,W,5,Yakult Swallows,5,5,0,"3,0,0,0,2,0,0,0,x",5,Yokohama Stadium,,,30000,GAME19880504DBYS0005
1988,1988-05-04,Reg Season,Nippon-Ham Fighters,Away,L,0,Lotte Orions,0,5,0,"0,0,0,0,0,0,0,0,0",5,Kawasaki,,,20000,GAME19880504LMNF0005
1988,1988-05-04,Reg Season,Lotte Orions,Home,W,5,Nippon-Ham Fighters,5,12,1,"0,1,3,0,1,0,0,0,x",5,Kawasaki,,,20000,GAME19880504LMNF0005
1988,1988-05-04,Reg Season,Hankyu Braves,Away,W,8,Seibu Lions,8,13,1,"0,0,0,2,4,0,2,0,0",5,Belluna Dome,,,50000,GAME19880504SLOB0005
1988,1988-05-04,Reg Season,Seibu Lions,Home,L,3,Hankyu Braves,3,10,0,"0,1,0,0,0,0,2,0,0",5,Belluna Dome,,,50000,GAME19880504SLOB0005
1988,1988-05-04,Reg Season,Hanshin Tigers,Away,W,1,Yomiuri Giants,1,6,1,"0,0,0,0,1,0,0,0,0",4,Tokyo Dome,,,56000,GAME19880504YGHT0004
1988,1988-05-04,Reg Season,Yomiuri Giants,Home,L,0,Hanshin Tigers,0,6,0,"0,0,0,0,0,0,0,0,0",4,Tokyo Dome,,,56000,GAME19880504YGHT0004
1988,1988-05-05,Reg Season,Hiroshima Toyo Carp,Away,L,4,Chunichi Dragons,4,12,0,"1,0,0,0,0,3,0,0,0",5,Nagoya,,,35000,GAME19880505CDHC0005
1988,1988-05-05,Reg Season,Chunichi Dragons,Home,W,5,Hiroshima Toyo Carp,5,10,1,"0,1,1,2,0,0,0,1,x",5,Nagoya,,,35000,GAME19880505CDHC0005
1988,1988-05-05,Reg Season,Yakult Swallows,Away,W,5,Yokohama Taiyo Whales,5,9,0,"0,0,3,0,0,0,2,0,0",6,Yokohama Stadium,,,29000,GAME19880505DBYS0006
1988,1988-05-05,Reg Season,Yokohama Taiyo Whales,Home,L,4,Yakult Swallows,4,11,1,"0,0,1,2,0,0,0,1,0",6,Yokohama Stadium,,,29000,GAME19880505DBYS0006
1988,1988-05-05,Reg Season,Nankai Hawks,Away,W,5,Kintetsu Buffaloes,5,13,2,"2,0,1,1,0,0,0,1,0",5,Fujiidera,,,31000,GAME19880505KISH0005
1988,1988-05-05,Reg Season,Kintetsu Buffaloes,Home,L,3,Nankai Hawks,3,7,0,"0,0,0,1,0,2,0,0,0",5,Fujiidera,,,31000,GAME19880505KISH0005
1988,1988-05-05,Reg Season,Nippon-Ham Fighters,Away,L,4,Lotte Orions,4,9,1,"0,1,0,0,3,0,0,0,0",6,Kawasaki,,,23000,GAME19880505LMNF0006
1988,1988-05-05,Reg Season,Lotte Orions,Home,W,9,Nippon-Ham Fighters,9,12,0,"1,0,0,3,1,4,0,0,x",6,Kawasaki,,,23000,GAME19880505LMNF0006
1988,1988-05-05,Reg Season,Hankyu Braves,Away,W,7,Seibu Lions,7,13,0,"0,0,0,0,0,0,6,0,1",6,Belluna Dome,,,48000,GAME19880505SLOB0006
1988,1988-05-05,Reg Season,Seibu Lions,Home,L,0,Hankyu Braves,0,8,3,"0,0,0,0,0,0,0,0,0",6,Belluna Dome,,,48000,GAME19880505SLOB0006
1988,1988-05-05,Reg Season,Hanshin Tigers,Away,W,8,Yomiuri Giants,8,12,1,"0,2,1,0,0,0,4,1,0",5,Tokyo Dome,,,56000,GAME19880505YGHT0005
1988,1988-05-05,Reg Season,Yomiuri Giants,Home,L,5,Hanshin Tigers,5,12,0,"1,0,1,0,3,0,0,0,0",5,Tokyo Dome,,,56000,GAME19880505YGHT0005
1988,1988-05-06,Reg Season,Yokohama Taiyo Whales,Away,W,9,Hiroshima Toyo Carp,9,11,0,"2,0,2,0,0,0,5,0,0",3,Hiroshima citizens,,,10000,GAME19880506HCDB0003
1988,1988-05-06,Reg Season,Hiroshima Toyo Carp,Home,L,2,Yokohama Taiyo Whales,2,5,0,"2,0,0,0,0,0,0,0,0",3,Hiroshima citizens,,,10000,GAME19880506HCDB0003
1988,1988-05-06,Reg Season,Yakult Swallows,Away,W,6,Hanshin Tigers,6,9,2,"4,0,0,0,0,0,1,1,0",3,Hanshin Koshien Stadium,,,28000,GAME19880506HTYS0003
1988,1988-05-06,Reg Season,Hanshin Tigers,Home,L,3,Yakult Swallows,3,6,1,"1,0,0,0,2,0,0,0,0",3,Hanshin Koshien Stadium,,,28000,GAME19880506HTYS0003
1988,1988-05-06,Reg Season,Hankyu Braves,Away,L,1,Kintetsu Buffaloes,1,8,1,"0,0,0,0,0,0,0,0,1",4,Fujiidera,,,9000,GAME19880506KIOB0004
1988,1988-05-06,Reg Season,Kintetsu Buffaloes,Home,W,5,Hankyu Braves,5,9,0,"0,0,1,1,0,0,3,0,x",4,Fujiidera,,,9000,GAME19880506KIOB0004
1988,1988-05-06,Reg Season,Seibu Lions,Away,W,17,Lotte Orions,17,20,0,"2,0,3,0,2,0,3,5,2",4,Kawasaki,,,20000,GAME19880506LMSL0004
1988,1988-05-06,Reg Season,Lotte Orions,Home,L,1,Seibu Lions,1,7,2,"0,0,0,0,0,0,0,1,0",4,Kawasaki,,,20000,GAME19880506LMSL0004
1988,1988-05-07,Reg Season,Seibu Lions,Away,W,5,Lotte Orions,5,10,0,"0,0,0,4,1,0,0x",5,Kawasaki,,,13000,GAME19880507LMSL0005
1988,1988-05-07,Reg Season,Lotte Orions,Home,L,2,Seibu Lions,2,3,0,"0,0,0,0,0,2",5,Kawasaki,,,13000,GAME19880507LMSL0005
1988,1988-05-07,Reg Season,Nankai Hawks,Away,L,5,Nippon-Ham Fighters,5,4,2,"0,0,0,2,2,1,0,0,0",4,Yamagata Prefectural Baseball Stadium,,,5000,GAME19880507NFSH0004
1988,1988-05-07,Reg Season,Nippon-Ham Fighters,Home,W,7,Nankai Hawks,7,7,1,"1,0,0,5,0,0,1,0,x",4,Yamagata Prefectural Baseball Stadium,,,5000,GAME19880507NFSH0004
1988,1988-05-07,Reg Season,Chunichi Dragons,Away,L,0,Yomiuri Giants,0,3,0,"0,0,0,0,0,0,0,0,0",4,Tokyo Dome,,,56000,GAME19880507YGCD0004
1988,1988-05-07,Reg Season,Yomiuri Giants,Home,W,3,Chunichi Dragons,3,5,0,"1,0,0,0,0,2,0,0,x",4,Tokyo Dome,,,56000,GAME19880507YGCD0004
1988,1988-05-08,Reg Season,Yokohama Taiyo Whales,Away,L,1,Hiroshima Toyo Carp,1,5,1,"0,0,0,0,0,0,1,0,0",4,Hiroshima citizens,,,15000,GAME19880508HCDB0004
1988,1988-05-08,Reg Season,Hiroshima Toyo Carp,Home,W,4,Yokohama Taiyo Whales,4,8,1,"0,0,0,0,2,0,0,2,x",4,Hiroshima citizens,,,15000,GAME19880508HCDB0004
1988,1988-05-08,Reg Season,Yakult Swallows,Away,L,1,Hanshin Tigers,1,7,0,"0,1,0,0,0,0,0,0,0",4,Hanshin Koshien Stadium,,,52000,GAME19880508HTYS0004
1988,1988-05-08,Reg Season,Hanshin Tigers,Home,W,3,Yakult Swallows,3,6,0,"0,0,0,2,0,0,0,1,x",4,Hanshin Koshien Stadium,,,52000,GAME19880508HTYS0004
1988,1988-05-08,Reg Season,Hankyu Braves,Away,L,1,Kintetsu Buffaloes,1,8,0,"0,0,0,0,0,1,0,0,0",5,Fujiidera,,,20000,GAME19880508KIOB0005
1988,1988-05-08,Reg Season,Kintetsu Buffaloes,Home,W,7,Hankyu Braves,7,8,0,"0,0,0,1,5,1,0,0,x",5,Fujiidera,,,20000,GAME19880508KIOB0005
1988,1988-05-08,Reg Season,Seibu Lions,Away,W,10,Lotte Orions,10,11,2,"0,4,2,0,0,0,1,0,3",6,Kawasaki,,,30000,GAME19880508LMSL0006
1988,1988-05-08,Reg Season,Lotte Orions,Home,L,4,Seibu Lions,4,9,0,"0,0,1,0,3,0,0,0,0",6,Kawasaki,,,30000,GAME19880508LMSL0006
1988,1988-05-08,Reg Season,Nankai Hawks,Away,W,11,Nippon-Ham Fighters,11,14,0,"3,0,0,3,2,3,0,0,0",5,Yamagata Prefectural Baseball Stadium,,,14000,GAME19880508NFSH0005
1988,1988-05-08,Reg Season,Nippon-Ham Fighters,Home,L,3,Nankai Hawks,3,9,1,"1,0,0,0,2,0,0,0,0",5,Yamagata Prefectural Baseball Stadium,,,14000,GAME19880508NFSH0005
1988,1988-05-08,Reg Season,Chunichi Dragons,Away,W,1,Yomiuri Giants,1,7,2,"0,1,0,0,0,0,0,0,0",5,Tokyo Dome,,,56000,GAME19880508YGCD0005
1988,1988-05-08,Reg Season,Yomiuri Giants,Home,L,0,Chunichi Dragons,0,7,0,"0,0,0,0,0,0,0,0,0",5,Tokyo Dome,,,56000,GAME19880508YGCD0005
1988,1988-05-10,Reg Season,Hanshin Tigers,Away,L,0,Chunichi Dragons,0,2,1,"0,0,0,0,0,0,0,0,0",4,Ishikawa Prefectural Baseball Stadium,,,15000,GAME19880510CDHT0004
1988,1988-05-10,Reg Season,Chunichi Dragons,Home,W,2,Hanshin Tigers,2,7,1,"2,0,0,0,0,0,0,0,x",4,Ishikawa Prefectural Baseball Stadium,,,15000,GAME19880510CDHT0004
1988,1988-05-10,Reg Season,Yomiuri Giants,Away,W,14,Yokohama Taiyo Whales,14,17,1,"3,0,1,2,1,4,0,1,2",3,Yokohama Stadium,,,28000,GAME19880510DBYG0003
1988,1988-05-10,Reg Season,Yokohama Taiyo Whales,Home,L,4,Yomiuri Giants,4,6,1,"0,2,1,0,0,0,0,1,0",3,Yokohama Stadium,,,28000,GAME19880510DBYG0003
1988,1988-05-10,Reg Season,Lotte Orions,Away,L,3,Kintetsu Buffaloes,3,10,0,"0,0,0,2,0,0,1,0,0",4,Nissei,,,9000,GAME19880510KILM0004
1988,1988-05-10,Reg Season,Kintetsu Buffaloes,Home,W,4,Lotte Orions,4,8,0,"1,1,0,1,0,0,0,0,1x",4,Nissei,,,9000,GAME19880510KILM0004
1988,1988-05-10,Reg Season,Seibu Lions,Away,W,3,Nippon-Ham Fighters,3,13,0,"2,0,0,0,0,0,0,1,0",4,Tokyo Dome,,,55000,GAME19880510NFSL0004
1988,1988-05-10,Reg Season,Nippon-Ham Fighters,Home,L,0,Seibu Lions,0,5,0,"0,0,0,0,0,0,0,0,0",4,Tokyo Dome,,,55000,GAME19880510NFSL0004
1988,1988-05-10,Reg Season,Nankai Hawks,Away,L,1,Hankyu Braves,1,1,1,"0,1,0,0,0,0,0,0,0",3,Kobe Athletic Park Baseball Field,,,12000,GAME19880510OBSH0003
1988,1988-05-10,Reg Season,Hankyu Braves,Home,W,4,Nankai Hawks,4,9,1,"1,0,0,1,0,2,0,0,x",3,Kobe Athletic Park Baseball Field,,,12000,GAME19880510OBSH0003
1988,1988-05-10,Reg Season,Hiroshima Toyo Carp,Away,L,2,Yakult Swallows,2,7,1,"0,0,0,0,0,2,0,0,0",3,Meiji Jingu Stadium,,,28000,GAME19880510YSHC0003
1988,1988-05-10,Reg Season,Yakult Swallows,Home,W,4,Hiroshima Toyo Carp,4,6,0,"4,0,0,0,0,0,0,0,x",3,Meiji Jingu Stadium,,,28000,GAME19880510YSHC0003
1988,1988-05-11,Reg Season,Hanshin Tigers,Away,T,3,Chunichi Dragons,3,4,0,"1,0,0,0,0,2",5,Ishikawa Prefectural Baseball Stadium,,,15000,GAME19880511CDHT0005
1988,1988-05-11,Reg Season,Chunichi Dragons,Home,T,3,Hanshin Tigers,3,10,0,"0,0,1,2,0,0",5,Ishikawa Prefectural Baseball Stadium,,,15000,GAME19880511CDHT0005
1988,1988-05-11,Reg Season,Yomiuri Giants,Away,L,4,Yokohama Taiyo Whales,4,11,0,"0,1,0,1,2,0,0,0,0",4,Yokohama Stadium,,,29000,GAME19880511DBYG0004
1988,1988-05-11,Reg Season,Yokohama Taiyo Whales,Home,W,7,Yomiuri Giants,7,11,0,"0,0,1,5,0,0,1,0,x",4,Yokohama Stadium,,,29000,GAME19880511DBYG0004
1988,1988-05-11,Reg Season,Lotte Orions,Away,W,4,Kintetsu Buffaloes,4,9,0,"1,1,1,1,0,0x",5,Nissei,,,10000,GAME19880511KILM0005
1988,1988-05-11,Reg Season,Kintetsu Buffaloes,Home,L,1,Lotte Orions,1,2,1,"1,0,0,0,0",5,Nissei,,,10000,GAME19880511KILM0005
1988,1988-05-11,Reg Season,Seibu Lions,Away,W,5,Nippon-Ham Fighters,5,9,0,"0,0,0,0,0,3,1,1,0",5,Tokyo Dome,,,56000,GAME19880511NFSL0005
1988,1988-05-11,Reg Season,Nippon-Ham Fighters,Home,L,4,Seibu Lions,4,7,2,"0,3,0,0,0,0,0,1,0",5,Tokyo Dome,,,56000,GAME19880511NFSL0005
1988,1988-05-11,Reg Season,Nankai Hawks,Away,L,6,Hankyu Braves,6,13,1,"2,2,0,0,0,0,2,0,0",4,Nishinomiya,,,4000,GAME19880511OBSH0004
1988,1988-05-11,Reg Season,Hankyu Braves,Home,W,8,Nankai Hawks,8,12,0,"1,0,1,3,0,0,1,0,2x",4,Nishinomiya,,,4000,GAME19880511OBSH0004
1988,1988-05-11,Reg Season,Hiroshima Toyo Carp,Away,W,7,Yakult Swallows,7,7,2,"7,0,0,0,0,0,0,0,0",4,Meiji Jingu Stadium,,,28000,GAME19880511YSHC0004
1988,1988-05-11,Reg Season,Yakult Swallows,Home,L,3,Hiroshima Toyo Carp,3,8,0,"3,0,0,0,0,0,0,0,0",4,Meiji Jingu Stadium,,,28000,GAME19880511YSHC0004
1988,1988-05-12,Reg Season,Yomiuri Giants,Away,L,1,Yokohama Taiyo Whales,1,4,0,"0,0,0,0,1,0,0",5,Yokohama Stadium,,,27000,GAME19880512DBYG0005
1988,1988-05-12,Reg Season,Yokohama Taiyo Whales,Home,W,2,Yomiuri Giants,2,7,0,"0,0,0,0,0,2,0",5,Yokohama Stadium,,,27000,GAME19880512DBYG0005
1988,1988-05-12,Reg Season,Lotte Orions,Away,L,5,Kintetsu Buffaloes,5,6,1,"0,2,0,3,0,0,0,0,0",6,Nissei,,,13000,GAME19880512KILM0006
1988,1988-05-12,Reg Season,Kintetsu Buffaloes,Home,W,6,Lotte Orions,6,9,2,"0,0,2,2,0,0,0,1,1x",6,Nissei,,,13000,GAME19880512KILM0006
1988,1988-05-12,Reg Season,Seibu Lions,Away,L,4,Nippon-Ham Fighters,4,9,0,"0,0,0,2,1,0,0,1,0",6,Tokyo Dome,,,53000,GAME19880512NFSL0006
1988,1988-05-12,Reg Season,Nippon-Ham Fighters,Home,W,6,Seibu Lions,6,8,1,"0,1,3,0,0,0,1,1,x",6,Tokyo Dome,,,53000,GAME19880512NFSL0006
1988,1988-05-12,Reg Season,Nankai Hawks,Away,W,3,Hankyu Braves,3,4,3,"0,0,1,1,0,0,1,0,0",5,Nishinomiya,,,6000,GAME19880512OBSH0005
1988,1988-05-12,Reg Season,Hankyu Braves,Home,L,2,Nankai Hawks,2,6,2,"0,0,1,0,0,1,0,0,0",5,Nishinomiya,,,6000,GAME19880512OBSH0005
1988,1988-05-12,Reg Season,Hiroshima Toyo Carp,Away,W,6,Yakult Swallows,6,11,1,"1,1,0,1,0,0,0,1,2",5,Meiji Jingu Stadium,,,22000,GAME19880512YSHC0005
1988,1988-05-12,Reg Season,Yakult Swallows,Home,L,4,Hiroshima Toyo Carp,4,7,3,"0,0,1,3,0,0,0,0,0",5,Meiji Jingu Stadium,,,22000,GAME19880512YSHC0005
1988,1988-05-13,Reg Season,Yomiuri Giants,Away,L,4,Chunichi Dragons,4,11,1,"0,1,0,0,2,0,1,0,0",6,Nagoya,,,35000,GAME19880513CDYG0006
1988,1988-05-13,Reg Season,Chunichi Dragons,Home,W,6,Yomiuri Giants,6,10,0,"0,3,0,1,0,0,0,0,2x",6,Nagoya,,,35000,GAME19880513CDYG0006
1988,1988-05-13,Reg Season,Hiroshima Toyo Carp,Away,W,3,Hanshin Tigers,3,7,1,"0,0,0,0,1,0,0,1,0,0,0,1",7,Hanshin Koshien Stadium,,,28000,GAME19880513HTHC0007
1988,1988-05-13,Reg Season,Hanshin Tigers,Home,L,2,Hiroshima Toyo Carp,2,10,0,"0,0,1,0,0,0,0,1,0,0,0,0",7,Hanshin Koshien Stadium,,,28000,GAME19880513HTHC0007
1988,1988-05-13,Reg Season,Kintetsu Buffaloes,Away,W,3,Nippon-Ham Fighters,3,8,0,"0,0,0,1,0,1,0,1,0",6,Tokyo Dome,,,34000,GAME19880513NFKI0006
1988,1988-05-13,Reg Season,Nippon-Ham Fighters,Home,L,2,Kintetsu Buffaloes,2,13,0,"1,0,0,0,1,0,0,0,0",6,Tokyo Dome,,,34000,GAME19880513NFKI0006
1988,1988-05-13,Reg Season,Seibu Lions,Away,L,7,Hankyu Braves,7,16,2,"0,6,1,0,0,0,0,0,0",7,Nishinomiya,,,23000,GAME19880513OBSL0007
1988,1988-05-13,Reg Season,Hankyu Braves,Home,W,8,Seibu Lions,8,12,0,"0,0,0,0,2,3,0,3,x",7,Nishinomiya,,,23000,GAME19880513OBSL0007
1988,1988-05-13,Reg Season,Lotte Orions,Away,W,8,Nankai Hawks,8,12,1,"3,0,1,0,0,1,1,2,0",5,Osaka,,,6000,GAME19880513SHLM0005
1988,1988-05-13,Reg Season,Nankai Hawks,Home,L,3,Lotte Orions,3,16,1,"0,1,0,0,1,0,0,0,1",5,Osaka,,,6000,GAME19880513SHLM0005
1988,1988-05-14,Reg Season,Yomiuri Giants,Away,W,8,Chunichi Dragons,8,14,1,"0,0,1,0,3,2,1,0,1",7,Nagoya,,,35000,GAME19880514CDYG0007
1988,1988-05-14,Reg Season,Chunichi Dragons,Home,L,5,Yomiuri Giants,5,8,2,"0,0,0,1,0,0,3,0,1",7,Nagoya,,,35000,GAME19880514CDYG0007
1988,1988-05-14,Reg Season,Hiroshima Toyo Carp,Away,W,2,Hanshin Tigers,2,4,0,"1,0,0,0,0,1,0,0,0",8,Hanshin Koshien Stadium,,,30000,GAME19880514HTHC0008
1988,1988-05-14,Reg Season,Hanshin Tigers,Home,L,0,Hiroshima Toyo Carp,0,7,0,"0,0,0,0,0,0,0,0,0",8,Hanshin Koshien Stadium,,,30000,GAME19880514HTHC0008
1988,1988-05-14,Reg Season,Kintetsu Buffaloes,Away,W,5,Nippon-Ham Fighters,5,7,0,"0,0,0,0,0,0,0,3,2",7,Tokyo Dome,,,46000,GAME19880514NFKI0007
1988,1988-05-14,Reg Season,Nippon-Ham Fighters,Home,L,1,Kintetsu Buffaloes,1,5,1,"0,0,0,0,0,0,0,0,1",7,Tokyo Dome,,,46000,GAME19880514NFKI0007
1988,1988-05-14,Reg Season,Seibu Lions,Away,W,3,Hankyu Braves,3,5,1,"0,1,2,0,0,0,0,0,0",8,Nishinomiya,,,31000,GAME19880514OBSL0008
1988,1988-05-14,Reg Season,Hankyu Braves,Home,L,2,Seibu Lions,2,4,2,"0,0,0,0,1,1,0,0,0",8,Nishinomiya,,,31000,GAME19880514OBSL0008
1988,1988-05-14,Reg Season,Lotte Orions,Away,L,2,Nankai Hawks,2,7,0,"0,0,0,0,0,0,1,0,1",6,Osaka,,,7000,GAME19880514SHLM0006
1988,1988-05-14,Reg Season,Nankai Hawks,Home,W,4,Lotte Orions,4,4,0,"0,0,0,1,0,3,0,0,x",6,Osaka,,,7000,GAME19880514SHLM0006
1988,1988-05-14,Reg Season,Yokohama Taiyo Whales,Away,T,3,Yakult Swallows,3,9,1,"0,0,0,1,0,0,0,2,0",7,Sasebo,,,11000,GAME19880514YSDB0007
1988,1988-05-14,Reg Season,Yakult Swallows,Home,T,3,Yokohama Taiyo Whales,3,9,1,"0,1,0,1,0,0,0,0,1",7,Sasebo,,,11000,GAME19880514YSDB0007
1988,1988-05-15,Reg Season,Kintetsu Buffaloes,Away,L,0,Nippon-Ham Fighters,0,8,0,"0,0,0,0,0,0,0,0,0",8,Tokyo Dome,,,45000,GAME19880515NFKI0008
1988,1988-05-15,Reg Season,Nippon-Ham Fighters,Home,W,3,Kintetsu Buffaloes,3,5,1,"0,0,0,0,3,0,0,0,x",8,Tokyo Dome,,,45000,GAME19880515NFKI0008
1988,1988-05-15,Reg Season,Seibu Lions,Away,W,8,Hankyu Braves,8,10,1,"1,0,2,0,1,2,0,0,2",9,Nishinomiya,,,27000,GAME19880515OBSL0009
1988,1988-05-15,Reg Season,Hankyu Braves,Home,L,4,Seibu Lions,4,6,0,"0,2,0,1,0,1,0,0,0",9,Nishinomiya,,,27000,GAME19880515OBSL0009
1988,1988-05-15,Reg Season,Lotte Orions,Away,L,3,Nankai Hawks,3,10,0,"1,0,1,0,0,0,0,0,1",7,Osaka,,,8000,GAME19880515SHLM0007
1988,1988-05-15,Reg Season,Nankai Hawks,Home,W,6,Lotte Orions,6,7,1,"0,0,0,0,0,0,6,0,x",7,Osaka,,,8000,GAME19880515SHLM0007
1988,1988-05-15,Reg Season,Yokohama Taiyo Whales,Away,W,12,Yakult Swallows,12,18,0,"5,4,0,1,2,0,0,0,0",8,Nagasaki Municipal,,,15000,GAME19880515YSDB0008
1988,1988-05-15,Reg Season,Yakult Swallows,Home,L,3,Yokohama Taiyo Whales,3,11,2,"0,0,3,0,0,0,0,0,0",8,Nagasaki Municipal,,,15000,GAME19880515YSDB0008
1988,1988-05-17,Reg Season,Yakult Swallows,Away,W,13,Chunichi Dragons,13,16,1,"4,0,0,0,5,0,3,1,0",5,Hamamatsu Baseball Stadium,,,15000,GAME19880517CDYS0005
1988,1988-05-17,Reg Season,Chunichi Dragons,Home,L,8,Yakult Swallows,8,12,1,"0,0,1,0,3,2,2,0,0",5,Hamamatsu Baseball Stadium,,,15000,GAME19880517CDYS0005
1988,1988-05-17,Reg Season,Hanshin Tigers,Away,L,2,Yokohama Taiyo Whales,2,8,0,"0,0,0,0,0,0,0,2,0",7,Yokohama Stadium,,,22000,GAME19880517DBHT0007
1988,1988-05-17,Reg Season,Yokohama Taiyo Whales,Home,W,3,Hanshin Tigers,3,9,0,"3,0,0,0,0,0,0,0,x",7,Yokohama Stadium,,,22000,GAME19880517DBHT0007
1988,1988-05-17,Reg Season,Nippon-Ham Fighters,Away,W,9,Lotte Orions,9,12,0,"0,0,0,4,2,1,0,2,0",7,Kawasaki,,,5000,GAME19880517LMNF0007
1988,1988-05-17,Reg Season,Lotte Orions,Home,L,2,Nippon-Ham Fighters,2,11,3,"0,1,0,0,0,0,0,1,0",7,Kawasaki,,,5000,GAME19880517LMNF0007
1988,1988-05-17,Reg Season,Hankyu Braves,Away,L,10,Nankai Hawks,10,15,2,"3,0,0,2,0,0,2,3,0",6,Osaka,,,8000,GAME19880517SHOB0006
1988,1988-05-17,Reg Season,Nankai Hawks,Home,W,14,Hankyu Braves,14,21,1,"1,0,4,2,2,1,4,0,x",6,Osaka,,,8000,GAME19880517SHOB0006
1988,1988-05-17,Reg Season,Kintetsu Buffaloes,Away,W,3,Seibu Lions,3,7,0,"0,0,0,0,2,0,1,0,0",6,Belluna Dome,,,23000,GAME19880517SLKI0006
1988,1988-05-17,Reg Season,Seibu Lions,Home,L,0,Kintetsu Buffaloes,0,4,1,"0,0,0,0,0,0,0,0,0",6,Belluna Dome,,,23000,GAME19880517SLKI0006
1988,1988-05-17,Reg Season,Hiroshima Toyo Carp,Away,L,2,Yomiuri Giants,2,6,0,"0,0,0,0,0,2,0,0,0",7,Lib Work Fujisakidai Stadium,,,25000,GAME19880517YGHC0007
1988,1988-05-17,Reg Season,Yomiuri Giants,Home,W,3,Hiroshima Toyo Carp,3,10,0,"1,0,1,0,0,0,0,0,1x",7,Lib Work Fujisakidai Stadium,,,25000,GAME19880517YGHC0007
1988,1988-05-18,Reg Season,Yakult Swallows,Away,L,4,Chunichi Dragons,4,8,0,"0,0,0,1,2,0,0,1,0",6,Nagoya,,,32000,GAME19880518CDYS0006
1988,1988-05-18,Reg Season,Chunichi Dragons,Home,W,7,Yakult Swallows,7,8,1,"0,0,1,2,0,0,0,4,x",6,Nagoya,,,32000,GAME19880518CDYS0006
1988,1988-05-18,Reg Season,Hanshin Tigers,Away,W,2,Yokohama Taiyo Whales,2,5,1,"0,0,0,1,0,0,0,1,0",8,Yokohama Stadium,,,25000,GAME19880518DBHT0008
1988,1988-05-18,Reg Season,Yokohama Taiyo Whales,Home,L,1,Hanshin Tigers,1,5,1,"0,0,0,0,1,0,0,0,0",8,Yokohama Stadium,,,25000,GAME19880518DBHT0008
1988,1988-05-18,Reg Season,Nippon-Ham Fighters,Away,W,1,Lotte Orions,1,5,0,"1,0,0,0,0,0,0,0,0",8,Kawasaki,,,5000,GAME19880518LMNF0008
1988,1988-05-18,Reg Season,Lotte Orions,Home,L,0,Nippon-Ham Fighters,0,5,2,"0,0,0,0,0,0,0,0,0",8,Kawasaki,,,5000,GAME19880518LMNF0008
1988,1988-05-18,Reg Season,Hankyu Braves,Away,L,3,Nankai Hawks,3,9,0,"0,0,0,0,0,0,1,2,0",7,Osaka,,,10000,GAME19880518SHOB0007
1988,1988-05-18,Reg Season,Nankai Hawks,Home,W,7,Hankyu Braves,7,14,1,"0,1,1,1,1,2,1,0,x",7,Osaka,,,10000,GAME19880518SHOB0007
1988,1988-05-18,Reg Season,Kintetsu Buffaloes,Away,L,0,Seibu Lions,0,6,0,"0,0,0,0,0,0,0,0,0",7,Belluna Dome,,,26000,GAME19880518SLKI0007
1988,1988-05-18,Reg Season,Seibu Lions,Home,W,5,Kintetsu Buffaloes,5,8,0,"2,0,0,0,1,2,0,0,x",7,Belluna Dome,,,26000,GAME19880518SLKI0007
1988,1988-05-18,Reg Season,Hiroshima Toyo Carp,Away,W,7,Yomiuri Giants,7,16,0,"1,0,0,0,0,3,0,2,1",8,Heiwadai,,,34000,GAME19880518YGHC0008
1988,1988-05-18,Reg Season,Yomiuri Giants,Home,L,5,Hiroshima Toyo Carp,5,12,2,"0,0,0,0,0,2,0,1,2",8,Heiwadai,,,34000,GAME19880518YGHC0008
1988,1988-05-19,Reg Season,Yakult Swallows,Away,W,3,Chunichi Dragons,3,3,0,"0,0,0,0,0,1,1,1,0",7,Nagoya,,,32000,GAME19880519CDYS0007
1988,1988-05-19,Reg Season,Chunichi Dragons,Home,L,1,Yakult Swallows,1,10,0,"0,0,0,0,0,0,1,0,0",7,Nagoya,,,32000,GAME19880519CDYS0007
1988,1988-05-19,Reg Season,Hanshin Tigers,Away,L,5,Yokohama Taiyo Whales,5,6,0,"0,0,0,0,3,0,2,0,0",9,Yokohama Stadium,,,23000,GAME19880519DBHT0009
1988,1988-05-19,Reg Season,Yokohama Taiyo Whales,Home,W,6,Hanshin Tigers,6,12,1,"0,0,0,1,0,1,4,0,x",9,Yokohama Stadium,,,23000,GAME19880519DBHT0009
1988,1988-05-19,Reg Season,Nippon-Ham Fighters,Away,L,3,Lotte Orions,3,8,1,"2,0,0,0,1,0,0,0,0",9,Kawasaki,,,5000,GAME19880519LMNF0009
1988,1988-05-19,Reg Season,Lotte Orions,Home,W,4,Nippon-Ham Fighters,4,11,2,"0,2,0,1,0,0,0,1,x",9,Kawasaki,,,5000,GAME19880519LMNF0009
1988,1988-05-19,Reg Season,Hankyu Braves,Away,L,2,Nankai Hawks,2,8,0,"0,2,0,0,0,0,0,0,0",8,Osaka,,,12000,GAME19880519SHOB0008
1988,1988-05-19,Reg Season,Nankai Hawks,Home,W,4,Hankyu Braves,4,11,0,"1,1,0,0,1,0,1,0,x",8,Osaka,,,12000,GAME19880519SHOB0008
1988,1988-05-19,Reg Season,Kintetsu Buffaloes,Away,L,2,Seibu Lions,2,4,0,"0,0,0,0,0,0,0,0,2",8,Belluna Dome,,,27000,GAME19880519SLKI0008
1988,1988-05-19,Reg Season,Seibu Lions,Home,W,3,Kintetsu Buffaloes,3,12,0,"0,0,0,0,0,0,0,1,2x",8,Belluna Dome,,,27000,GAME19880519SLKI0008
1988,1988-05-19,Reg Season,Hiroshima Toyo Carp,Away,L,4,Yomiuri Giants,4,9,1,"0,1,0,0,0,0,0,1,2",9,Heiwadai,,,34000,GAME19880519YGHC0009
1988,1988-05-19,Reg Season,Yomiuri Giants,Home,W,5,Hiroshima Toyo Carp,5,11,0,"0,2,3,0,0,0,0,0,x",9,Heiwadai,,,34000,GAME19880519YGHC0009
1988,1988-05-20,Reg Season,Nippon-Ham Fighters,Away,W,10,Seibu Lions,10,11,1,"2,0,0,0,0,4,0,0,4",7,Belluna Dome,,,24000,GAME19880520SLNF0007
1988,1988-05-20,Reg Season,Seibu Lions,Home,L,1,Nippon-Ham Fighters,1,6,0,"0,0,0,0,0,1,0,0,0",7,Belluna Dome,,,24000,GAME19880520SLNF0007
1988,1988-05-21,Reg Season,Chunichi Dragons,Away,W,7,Yokohama Taiyo Whales,7,9,1,"3,1,0,0,0,0,2,1,0",6,Rakuten Seimei Park Miyagi,,,17000,GAME19880521DBCD0006
1988,1988-05-21,Reg Season,Yokohama Taiyo Whales,Home,L,1,Chunichi Dragons,1,9,0,"0,0,0,0,0,0,1,0,0",6,Rakuten Seimei Park Miyagi,,,17000,GAME19880521DBCD0006
1988,1988-05-21,Reg Season,Yakult Swallows,Away,L,2,Hiroshima Toyo Carp,2,5,0,"0,0,0,0,1,0,0,1,0",6,Hiroshima citizens,,,18000,GAME19880521HCYS0006
1988,1988-05-21,Reg Season,Hiroshima Toyo Carp,Home,W,7,Yakult Swallows,7,15,1,"1,0,0,3,0,0,0,3,x",6,Hiroshima citizens,,,18000,GAME19880521HCYS0006
1988,1988-05-21,Reg Season,Nankai Hawks,Away,L,2,Kintetsu Buffaloes,2,9,0,"0,1,0,0,0,1,0,0,0",6,Akita Yabase,,,13000,GAME19880521KISH0006
1988,1988-05-21,Reg Season,Kintetsu Buffaloes,Home,W,12,Nankai Hawks,12,14,0,"0,4,4,2,0,0,0,2,x",6,Akita Yabase,,,13000,GAME19880521KISH0006
1988,1988-05-21,Reg Season,Lotte Orions,Away,W,4,Hankyu Braves,4,9,1,"2,0,0,0,0,2,0,0,0",6,Nishinomiya,,,12000,GAME19880521OBLM0006
1988,1988-05-21,Reg Season,Hankyu Braves,Home,L,2,Lotte Orions,2,3,0,"0,0,0,0,1,0,0,1,0",6,Nishinomiya,,,12000,GAME19880521OBLM0006
1988,1988-05-21,Reg Season,Nippon-Ham Fighters,Away,T,2,Seibu Lions,2,9,0,"0,0,0,2,0,0,0,0,0,0,0,0",8,Belluna Dome,,,27000,GAME19880521SLNF0008
1988,1988-05-21,Reg Season,Seibu Lions,Home,T,2,Nippon-Ham Fighters,2,9,0,"0,1,0,0,1,0,0,0,0,0,0,0",8,Belluna Dome,,,27000,GAME19880521SLNF0008
1988,1988-05-21,Reg Season,Hanshin Tigers,Away,L,2,Yomiuri Giants,2,7,0,"0,0,1,0,0,0,1,0,0",6,Tokyo Dome,,,56000,GAME19880521YGHT0006
1988,1988-05-21,Reg Season,Yomiuri Giants,Home,W,4,Hanshin Tigers,4,9,0,"0,0,3,0,0,0,0,1,x",6,Tokyo Dome,,,56000,GAME19880521YGHT0006
1988,1988-05-22,Reg Season,Chunichi Dragons,Away,L,3,Yokohama Taiyo Whales,3,9,1,"0,0,0,0,0,0,0,3,0",7,Rakuten Seimei Park Miyagi,,,28000,GAME19880522DBCD0007
1988,1988-05-22,Reg Season,Yokohama Taiyo Whales,Home,W,8,Chunichi Dragons,8,14,0,"1,1,0,4,1,0,0,1,x",7,Rakuten Seimei Park Miyagi,,,28000,GAME19880522DBCD0007
1988,1988-05-22,Reg Season,Nankai Hawks,Away,W,9,Kintetsu Buffaloes,9,15,1,"0,3,2,0,2,2,0,0,0",7,Akita Yabase,,,18000,GAME19880522KISH0007
1988,1988-05-22,Reg Season,Kintetsu Buffaloes,Home,L,7,Nankai Hawks,7,13,1,"2,0,1,1,0,0,2,0,1",7,Akita Yabase,,,18000,GAME19880522KISH0007
1988,1988-05-22,Reg Season,Hanshin Tigers,Away,W,4,Yomiuri Giants,4,9,0,"0,1,0,3,0,0,0,0,0",7,Tokyo Dome,,,56000,GAME19880522YGHT0007
1988,1988-05-22,Reg Season,Yomiuri Giants,Home,L,1,Hanshin Tigers,1,6,1,"0,0,0,0,1,0,0,0,0",7,Tokyo Dome,,,56000,GAME19880522YGHT0007
1988,1988-05-24,Reg Season,Hiroshima Toyo Carp,Away,T,3,Chunichi Dragons,3,5,1,"0,0,0,1,0,2,0,0,0,0,0,0",6,Nagoya,,,27000,GAME19880524CDHC0006
1988,1988-05-24,Reg Season,Chunichi Dragons,Home,T,3,Hiroshima Toyo Carp,3,10,2,"1,1,0,0,0,0,0,1,0,0,0,0",6,Nagoya,,,27000,GAME19880524CDHC0006
1988,1988-05-24,Reg Season,Yomiuri Giants,Away,W,10,Yokohama Taiyo Whales,10,17,0,"0,0,1,0,7,1,0,1,0",6,Yokohama Stadium,,,29000,GAME19880524DBYG0006
1988,1988-05-24,Reg Season,Yokohama Taiyo Whales,Home,L,7,Yomiuri Giants,7,11,0,"0,3,0,0,0,2,0,1,1",6,Yokohama Stadium,,,29000,GAME19880524DBYG0006
1988,1988-05-24,Reg Season,Hankyu Braves,Away,L,6,Kintetsu Buffaloes,6,9,2,"0,0,0,0,0,0,0,4,2,0",6,Fujiidera,,,8000,GAME19880524KIOB0006
1988,1988-05-24,Reg Season,Kintetsu Buffaloes,Home,W,7,Hankyu Braves,7,12,0,"0,0,0,0,2,0,0,0,4,1x",6,Fujiidera,,,8000,GAME19880524KIOB0006
1988,1988-05-24,Reg Season,Seibu Lions,Away,W,10,Lotte Orions,10,12,0,"0,0,0,6,0,1,1,0,2",7,Heiwadai,,,31000,GAME19880524LMSL0007
1988,1988-05-24,Reg Season,Lotte Orions,Home,L,4,Seibu Lions,4,14,4,"0,2,1,0,0,1,0,0,0",7,Heiwadai,,,31000,GAME19880524LMSL0007
1988,1988-05-24,Reg Season,Nankai Hawks,Away,L,1,Nippon-Ham Fighters,1,5,1,"0,0,0,0,0,0,0,0,1",6,Tokyo Dome,,,33000,GAME19880524NFSH0006
1988,1988-05-24,Reg Season,Nippon-Ham Fighters,Home,W,3,Nankai Hawks,3,6,0,"0,0,0,0,1,0,2,0,x",6,Tokyo Dome,,,33000,GAME19880524NFSH0006
1988,1988-05-24,Reg Season,Hanshin Tigers,Away,W,9,Yakult Swallows,9,15,1,"3,2,0,0,0,1,1,2,0",5,Meiji Jingu Stadium,,,35000,GAME19880524YSHT0005
1988,1988-05-24,Reg Season,Yakult Swallows,Home,L,4,Hanshin Tigers,4,10,1,"1,2,0,1,0,0,0,0,0",5,Meiji Jingu Stadium,,,35000,GAME19880524YSHT0005
1988,1988-05-25,Reg Season,Hiroshima Toyo Carp,Away,W,2,Chunichi Dragons,2,4,0,"0,1,0,0,0,0,0,1,0",7,Nagoya,,,26000,GAME19880525CDHC0007
1988,1988-05-25,Reg Season,Chunichi Dragons,Home,L,1,Hiroshima Toyo Carp,1,5,0,"0,0,0,0,0,0,0,1,0",7,Nagoya,,,26000,GAME19880525CDHC0007
1988,1988-05-25,Reg Season,Yomiuri Giants,Away,L,0,Yokohama Taiyo Whales,0,4,1,"0,0,0,0,0,0,0,0,0",7,Yokohama Stadium,,,30000,GAME19880525DBYG0007
1988,1988-05-25,Reg Season,Yokohama Taiyo Whales,Home,W,4,Yomiuri Giants,4,10,0,"0,0,0,2,0,0,0,2,x",7,Yokohama Stadium,,,30000,GAME19880525DBYG0007
1988,1988-05-25,Reg Season,Hankyu Braves,Away,W,3,Kintetsu Buffaloes,3,9,0,"0,0,0,0,0,0,0,0,3",7,Fujiidera,,,9000,GAME19880525KIOB0007
1988,1988-05-25,Reg Season,Kintetsu Buffaloes,Home,L,1,Hankyu Braves,1,5,0,"0,0,0,1,0,0,0,0,0",7,Fujiidera,,,9000,GAME19880525KIOB0007
1988,1988-05-25,Reg Season,Seibu Lions,Away,W,7,Lotte Orions,7,8,0,"0,0,0,2,0,0,1,4,0",8,Heiwadai,,,31000,GAME19880525LMSL0008
1988,1988-05-25,Reg Season,Lotte Orions,Home,L,0,Seibu Lions,0,3,2,"0,0,0,0,0,0,0,0,0",8,Heiwadai,,,31000,GAME19880525LMSL0008
1988,1988-05-25,Reg Season,Nankai Hawks,Away,W,2,Nippon-Ham Fighters,2,7,1,"0,0,1,1,0,0,0,0,0",7,Tokyo Dome,,,35000,GAME19880525NFSH0007
1988,1988-05-25,Reg Season,Nippon-Ham Fighters,Home,L,1,Nankai Hawks,1,5,0,"0,0,0,0,0,0,0,0,1",7,Tokyo Dome,,,35000,GAME19880525NFSH0007
1988,1988-05-25,Reg Season,Hanshin Tigers,Away,W,7,Yakult Swallows,7,15,1,"0,0,2,0,1,0,0,2,2",6,Meiji Jingu Stadium,,,36000,GAME19880525YSHT0006
1988,1988-05-25,Reg Season,Yakult Swallows,Home,L,4,Hanshin Tigers,4,9,0,"1,0,0,0,0,2,1,0,0",6,Meiji Jingu Stadium,,,36000,GAME19880525YSHT0006
1988,1988-05-26,Reg Season,Hiroshima Toyo Carp,Away,L,1,Chunichi Dragons,1,7,0,"0,0,0,0,1,0,0,0,0",8,Nagoya,,,27000,GAME19880526CDHC0008
1988,1988-05-26,Reg Season,Chunichi Dragons,Home,W,2,Hiroshima Toyo Carp,2,5,1,"1,0,0,0,0,1,0,0,x",8,Nagoya,,,27000,GAME19880526CDHC0008
1988,1988-05-26,Reg Season,Yomiuri Giants,Away,W,9,Yokohama Taiyo Whales,9,12,0,"0,3,2,0,3,1,0,0,0",8,Yokohama Stadium,,,30000,GAME19880526DBYG0008
1988,1988-05-26,Reg Season,Yokohama Taiyo Whales,Home,L,5,Yomiuri Giants,5,10,1,"0,0,0,1,0,0,0,0,4",8,Yokohama Stadium,,,30000,GAME19880526DBYG0008
1988,1988-05-26,Reg Season,Hankyu Braves,Away,W,3,Kintetsu Buffaloes,3,10,1,"1,0,0,0,2,0,0,0,0",8,Fujiidera,,,12000,GAME19880526KIOB0008
1988,1988-05-26,Reg Season,Kintetsu Buffaloes,Home,L,1,Hankyu Braves,1,8,0,"0,0,0,0,0,1,0,0,0",8,Fujiidera,,,12000,GAME19880526KIOB0008
1988,1988-05-26,Reg Season,Seibu Lions,Away,W,11,Lotte Orions,11,15,0,"0,0,0,0,0,2,0,3,0,0,6",9,Heiwadai,,,31000,GAME19880526LMSL0009
1988,1988-05-26,Reg Season,Lotte Orions,Home,L,5,Seibu Lions,5,10,1,"0,0,0,5,0,0,0,0,0,0,0",9,Heiwadai,,,31000,GAME19880526LMSL0009
1988,1988-05-26,Reg Season,Nankai Hawks,Away,W,3,Nippon-Ham Fighters,3,11,0,"0,0,0,0,0,0,2,0,1",8,Tokyo Dome,,,36000,GAME19880526NFSH0008
1988,1988-05-26,Reg Season,Nippon-Ham Fighters,Home,L,1,Nankai Hawks,1,4,1,"0,0,0,0,0,0,0,0,1",8,Tokyo Dome,,,36000,GAME19880526NFSH0008
1988,1988-05-26,Reg Season,Hanshin Tigers,Away,W,5,Yakult Swallows,5,13,0,"1,0,2,0,0,0,0,0,0,2",7,Meiji Jingu Stadium,,,38000,GAME19880526YSHT0007
1988,1988-05-26,Reg Season,Yakult Swallows,Home,L,3,Hanshin Tigers,3,5,0,"0,1,0,0,0,0,2,0,0,0",7,Meiji Jingu Stadium,,,38000,GAME19880526YSHT0007
1988,1988-05-27,Reg Season,Yokohama Taiyo Whales,Away,L,1,Hanshin Tigers,1,7,0,"0,0,0,0,0,1,0,0,0",10,Hanshin Koshien Stadium,,,25000,GAME19880527HTDB0010
1988,1988-05-27,Reg Season,Hanshin Tigers,Home,W,2,Yokohama Taiyo Whales,2,6,0,"0,0,0,0,2,0,0,0,x",10,Hanshin Koshien Stadium,,,25000,GAME19880527HTDB0010
1988,1988-05-27,Reg Season,Seibu Lions,Away,L,0,Kintetsu Buffaloes,0,6,0,"0,0,0,0,0,0,0,0,0",9,Fujiidera,,,28000,GAME19880527KISL0009
1988,1988-05-27,Reg Season,Kintetsu Buffaloes,Home,W,11,Seibu Lions,11,13,0,"2,1,0,0,2,5,1,0,x",9,Fujiidera,,,28000,GAME19880527KISL0009
1988,1988-05-27,Reg Season,Lotte Orions,Away,W,8,Nippon-Ham Fighters,8,10,1,"3,0,0,1,0,0,0,1,3",10,Tokyo Dome,,,35000,GAME19880527NFLM0010
1988,1988-05-27,Reg Season,Nippon-Ham Fighters,Home,L,3,Lotte Orions,3,3,1,"0,0,0,0,0,2,0,0,1",10,Tokyo Dome,,,35000,GAME19880527NFLM0010
1988,1988-05-27,Reg Season,Nankai Hawks,Away,W,5,Hankyu Braves,5,12,1,"1,2,0,0,1,0,0,0,1",9,Nishinomiya,,,8000,GAME19880527OBSH0009
1988,1988-05-27,Reg Season,Hankyu Braves,Home,L,4,Nankai Hawks,4,7,0,"0,0,0,0,0,2,0,2,0",9,Nishinomiya,,,8000,GAME19880527OBSH0009
1988,1988-05-28,Reg Season,Yomiuri Giants,Away,W,1,Hiroshima Toyo Carp,1,5,0,"0,0,0,0,0,0,0,0,0,1",10,Hiroshima citizens,,,29000,GAME19880528HCYG0010
1988,1988-05-28,Reg Season,Hiroshima Toyo Carp,Home,L,0,Yomiuri Giants,0,7,0,"0,0,0,0,0,0,0,0,0,0",10,Hiroshima citizens,,,29000,GAME19880528HCYG0010
1988,1988-05-28,Reg Season,Yokohama Taiyo Whales,Away,L,8,Hanshin Tigers,8,13,0,"0,1,0,0,1,3,3,0,0",11,Hanshin Koshien Stadium,,,43000,GAME19880528HTDB0011
1988,1988-05-28,Reg Season,Hanshin Tigers,Home,W,10,Yokohama Taiyo Whales,10,13,0,"3,1,0,4,0,0,1,1,x",11,Hanshin Koshien Stadium,,,43000,GAME19880528HTDB0011
1988,1988-05-28,Reg Season,Seibu Lions,Away,W,12,Kintetsu Buffaloes,12,17,0,"0,0,1,3,2,6,0,0,0",10,Fujiidera,,,20000,GAME19880528KISL0010
1988,1988-05-28,Reg Season,Kintetsu Buffaloes,Home,L,5,Seibu Lions,5,6,1,"0,0,0,0,1,4,0,0,0",10,Fujiidera,,,20000,GAME19880528KISL0010
1988,1988-05-28,Reg Season,Lotte Orions,Away,L,0,Nippon-Ham Fighters,0,5,2,"0,0,0,0,0,0,0,0,0",11,Tokyo Dome,,,49000,GAME19880528NFLM0011
1988,1988-05-28,Reg Season,Nippon-Ham Fighters,Home,W,7,Lotte Orions,7,7,0,"3,0,0,4,0,0,0,0,x",11,Tokyo Dome,,,49000,GAME19880528NFLM0011
1988,1988-05-28,Reg Season,Nankai Hawks,Away,W,4,Hankyu Braves,4,6,1,"0,1,0,2,0,0,0,1,0",10,Nishinomiya,,,14000,GAME19880528OBSH0010
1988,1988-05-28,Reg Season,Hankyu Braves,Home,L,3,Nankai Hawks,3,9,0,"0,1,0,0,0,1,0,1,0",10,Nishinomiya,,,14000,GAME19880528OBSH0010
1988,1988-05-28,Reg Season,Chunichi Dragons,Away,L,3,Yakult Swallows,3,9,1,"0,1,0,1,0,0,0,0,1,0,0",8,Yukyuzan Nagaoka,,,13000,GAME19880528YSCD0008
1988,1988-05-28,Reg Season,Yakult Swallows,Home,W,4,Chunichi Dragons,4,10,0,"0,0,1,0,2,0,0,0,0,0,1x",8,Yukyuzan Nagaoka,,,13000,GAME19880528YSCD0008
1988,1988-05-29,Reg Season,Yomiuri Giants,Away,W,6,Hiroshima Toyo Carp,6,6,1,"2,0,0,1,0,0,1,0,2",11,Hiroshima citizens,,,22000,GAME19880529HCYG0011
1988,1988-05-29,Reg Season,Hiroshima Toyo Carp,Home,L,5,Yomiuri Giants,5,10,1,"0,0,0,2,2,0,0,0,1",11,Hiroshima citizens,,,22000,GAME19880529HCYG0011
1988,1988-05-29,Reg Season,Yokohama Taiyo Whales,Away,W,8,Hanshin Tigers,8,17,0,"3,0,3,0,1,0,0,0,1",12,Hanshin Koshien Stadium,,,38000,GAME19880529HTDB0012
1988,1988-05-29,Reg Season,Hanshin Tigers,Home,L,2,Yokohama Taiyo Whales,2,9,2,"0,0,0,0,0,0,1,0,1",12,Hanshin Koshien Stadium,,,38000,GAME19880529HTDB0012
1988,1988-05-29,Reg Season,Seibu Lions,Away,L,4,Kintetsu Buffaloes,4,14,1,"0,0,1,0,0,0,1,2,0",11,Fujiidera,,,32000,GAME19880529KISL0011
1988,1988-05-29,Reg Season,Kintetsu Buffaloes,Home,W,10,Seibu Lions,10,13,1,"4,1,4,1,0,0,0,0,x",11,Fujiidera,,,32000,GAME19880529KISL0011
1988,1988-05-29,Reg Season,Lotte Orions,Away,W,3,Nippon-Ham Fighters,3,7,1,"0,0,0,0,1,1,1,0,0",12,Tokyo Dome,,,42000,GAME19880529NFLM0012
1988,1988-05-29,Reg Season,Nippon-Ham Fighters,Home,L,2,Lotte Orions,2,6,1,"0,0,0,1,1,0,0,0,0",12,Tokyo Dome,,,42000,GAME19880529NFLM0012
1988,1988-05-29,Reg Season,Nankai Hawks,Away,L,2,Hankyu Braves,2,4,2,"0,1,0,0,1,0,0,0,0",11,Nishinomiya,,,23000,GAME19880529OBSH0011
1988,1988-05-29,Reg Season,Hankyu Braves,Home,W,5,Nankai Hawks,5,10,0,"1,0,0,1,0,2,1,0,x",11,Nishinomiya,,,23000,GAME19880529OBSH0011
1988,1988-05-29,Reg Season,Chunichi Dragons,Away,W,3,Yakult Swallows,3,8,1,"1,0,0,1,0,1,0,0,0",9,Niigata Toyano,,,18000,GAME19880529YSCD0009
1988,1988-05-29,Reg Season,Yakult Swallows,Home,L,2,Chunichi Dragons,2,5,0,"0,0,0,2,0,0,0,0,0",9,Niigata Toyano,,,18000,GAME19880529YSCD0009
1988,1988-05-31,Reg Season,Yokohama Taiyo Whales,Away,W,4,Hiroshima Toyo Carp,4,5,1,"0,2,1,0,0,0,1,0,0",5,Hiroshima citizens,,,12000,GAME19880531HCDB0005
1988,1988-05-31,Reg Season,Hiroshima Toyo Carp,Home,L,2,Yokohama Taiyo Whales,2,7,0,"0,0,0,0,0,2,0,0,0",5,Hiroshima citizens,,,12000,GAME19880531HCDB0005
1988,1988-05-31,Reg Season,Yakult Swallows,Away,W,4,Hanshin Tigers,4,6,0,"1,0,0,1,0,1,0,1,0",8,Hanshin Koshien Stadium,,,25000,GAME19880531HTYS0008
1988,1988-05-31,Reg Season,Hanshin Tigers,Home,L,1,Yakult Swallows,1,8,0,"0,0,0,0,0,1,0,0,0",8,Hanshin Koshien Stadium,,,25000,GAME19880531HTYS0008
1988,1988-05-31,Reg Season,Kintetsu Buffaloes,Away,L,1,Lotte Orions,1,6,0,"0,0,0,1,0,0,0,0,0",7,Heiwadai,,,7000,GAME19880531LMKI0007
1988,1988-05-31,Reg Season,Lotte Orions,Home,W,2,Kintetsu Buffaloes,2,10,0,"0,0,0,0,0,0,0,2,x",7,Heiwadai,,,7000,GAME19880531LMKI0007
1988,1988-05-31,Reg Season,Nippon-Ham Fighters,Away,W,2,Hankyu Braves,2,7,0,"0,0,0,0,0,0,0,2,0",7,Nishinomiya,,,5000,GAME19880531OBNF0007
1988,1988-05-31,Reg Season,Hankyu Braves,Home,L,0,Nippon-Ham Fighters,0,5,0,"0,0,0,0,0,0,0,0,0",7,Nishinomiya,,,5000,GAME19880531OBNF0007
1988,1988-05-31,Reg Season,Seibu Lions,Away,W,2,Nankai Hawks,2,6,0,"0,0,0,2,0,0,0,0,0",5,Osaka,,,20000,GAME19880531SHSL0005
1988,1988-05-31,Reg Season,Nankai Hawks,Home,L,1,Seibu Lions,1,4,0,"0,0,0,0,0,0,0,0,1",5,Osaka,,,20000,GAME19880531SHSL0005
1988,1988-05-31,Reg Season,Chunichi Dragons,Away,L,1,Yomiuri Giants,1,3,0,"0,0,0,0,0,0,1,0,0",8,Tokyo Dome,,,56000,GAME19880531YGCD0008
1988,1988-05-31,Reg Season,Yomiuri Giants,Home,W,2,Chunichi Dragons,2,3,0,"0,0,1,1,0,0,0,0,x",8,Tokyo Dome,,,56000,GAME19880531YGCD0008
1988,1988-06-01,Reg Season,Seibu Lions,Away,L,5,Nankai Hawks,5,8,0,"0,0,1,0,0,4,0,0,0",6,Osaka,,,20000,GAME19880601SHSL0006
1988,1988-06-01,Reg Season,Nankai Hawks,Home,W,7,Seibu Lions,7,9,2,"2,0,1,0,0,1,3,0,x",6,Osaka,,,20000,GAME19880601SHSL0006
1988,1988-06-01,Reg Season,Chunichi Dragons,Away,L,4,Yomiuri Giants,4,8,1,"0,0,0,0,0,0,2,0,2",9,Tokyo Dome,,,56000,GAME19880601YGCD0009
1988,1988-06-01,Reg Season,Yomiuri Giants,Home,W,5,Chunichi Dragons,5,9,0,"1,0,2,0,0,1,0,1,x",9,Tokyo Dome,,,56000,GAME19880601YGCD0009
1988,1988-06-02,Reg Season,Chunichi Dragons,Away,L,5,Yomiuri Giants,5,10,1,"0,0,3,0,0,0,0,2,0",10,Tokyo Dome,,,56000,GAME19880602YGCD0010
1988,1988-06-02,Reg Season,Yomiuri Giants,Home,W,12,Chunichi Dragons,12,17,0,"0,8,0,0,1,1,0,2,x",10,Tokyo Dome,,,56000,GAME19880602YGCD0010
1988,1988-06-04,Reg Season,Hanshin Tigers,Away,L,3,Chunichi Dragons,3,8,0,"0,1,0,0,0,0,0,0,2",6,Nagoya,,,35000,GAME19880604CDHT0006
1988,1988-06-04,Reg Season,Chunichi Dragons,Home,W,14,Hanshin Tigers,14,13,0,"0,0,4,0,0,3,3,4,x",6,Nagoya,,,35000,GAME19880604CDHT0006
1988,1988-06-04,Reg Season,Nippon-Ham Fighters,Away,L,2,Kintetsu Buffaloes,2,6,1,"0,0,1,1,0,0,0,0,0",9,Fujiidera,,,11000,GAME19880604KINF0009
1988,1988-06-04,Reg Season,Kintetsu Buffaloes,Home,W,4,Nippon-Ham Fighters,4,8,0,"1,0,0,0,0,0,3,0,x",9,Fujiidera,,,11000,GAME19880604KINF0009
1988,1988-06-04,Reg Season,Nankai Hawks,Away,W,9,Lotte Orions,9,10,2,"0,0,4,1,4,0,0,0,0",8,Kawasaki,,,10000,GAME19880604LMSH0008
1988,1988-06-04,Reg Season,Lotte Orions,Home,L,8,Nankai Hawks,8,19,0,"1,0,1,0,1,1,2,0,2",8,Kawasaki,,,10000,GAME19880604LMSH0008
1988,1988-06-04,Reg Season,Hankyu Braves,Away,L,2,Seibu Lions,2,5,1,"0,1,0,0,0,1,0,0,0",10,Belluna Dome,,,28000,GAME19880604SLOB0010
1988,1988-06-04,Reg Season,Seibu Lions,Home,W,8,Hankyu Braves,8,12,0,"1,1,0,1,0,2,3,0,x",10,Belluna Dome,,,28000,GAME19880604SLOB0010
1988,1988-06-04,Reg Season,Yokohama Taiyo Whales,Away,W,6,Yomiuri Giants,6,9,0,"6,0,0,0,0,0,0,0,0",9,Tokyo Dome,,,56000,GAME19880604YGDB0009
1988,1988-06-04,Reg Season,Yomiuri Giants,Home,L,1,Yokohama Taiyo Whales,1,5,3,"0,0,0,0,0,0,0,1,0",9,Tokyo Dome,,,56000,GAME19880604YGDB0009
1988,1988-06-04,Reg Season,Hiroshima Toyo Carp,Away,W,1,Yakult Swallows,1,8,0,"0,0,0,0,0,1,0,0,0",7,Meiji Jingu Stadium,,,46000,GAME19880604YSHC0007
1988,1988-06-04,Reg Season,Yakult Swallows,Home,L,0,Hiroshima Toyo Carp,0,5,0,"0,0,0,0,0,0,0,0,0",7,Meiji Jingu Stadium,,,46000,GAME19880604YSHC0007
1988,1988-06-05,Reg Season,Hanshin Tigers,Away,L,3,Chunichi Dragons,3,10,0,"1,1,0,0,0,0,1,0,0",7,Nagoya,,,35000,GAME19880605CDHT0007
1988,1988-06-05,Reg Season,Chunichi Dragons,Home,W,5,Hanshin Tigers,5,7,1,"0,0,3,0,0,0,0,2,x",7,Nagoya,,,35000,GAME19880605CDHT0007
1988,1988-06-05,Reg Season,Nippon-Ham Fighters,Away,W,2,Kintetsu Buffaloes,2,11,1,"1,0,0,0,0,1,0,0,0",10,Fujiidera,,,20000,GAME19880605KINF0010
1988,1988-06-05,Reg Season,Kintetsu Buffaloes,Home,L,1,Nippon-Ham Fighters,1,6,1,"0,0,0,0,0,0,0,1,0",10,Fujiidera,,,20000,GAME19880605KINF0010
1988,1988-06-05,Reg Season,Nankai Hawks,Away,W,6,Lotte Orions,6,9,1,"0,1,1,0,0,0,1,1,0,2",9,Kawasaki,,,22000,GAME19880605LMSH0009
1988,1988-06-05,Reg Season,Lotte Orions,Home,L,4,Nankai Hawks,4,12,0,"0,2,0,0,0,0,2,0,0,0",9,Kawasaki,,,22000,GAME19880605LMSH0009
1988,1988-06-05,Reg Season,Hankyu Braves,Away,L,3,Seibu Lions,3,8,1,"0,0,0,0,1,0,0,2,0",11,Belluna Dome,,,33000,GAME19880605SLOB0011
1988,1988-06-05,Reg Season,Seibu Lions,Home,W,6,Hankyu Braves,6,7,1,"0,1,0,0,4,0,1,0,x",11,Belluna Dome,,,33000,GAME19880605SLOB0011
1988,1988-06-05,Reg Season,Yokohama Taiyo Whales,Away,L,3,Yomiuri Giants,3,7,0,"0,0,0,0,2,0,1,0,0",10,Tokyo Dome,,,56000,GAME19880605YGDB0010
1988,1988-06-05,Reg Season,Yomiuri Giants,Home,W,4,Yokohama Taiyo Whales,4,9,1,"1,0,0,0,0,1,0,2,x",10,Tokyo Dome,,,56000,GAME19880605YGDB0010
1988,1988-06-05,Reg Season,Hiroshima Toyo Carp,Away,W,2,Yakult Swallows,2,10,0,"0,0,0,0,0,1,1,0,0",8,Meiji Jingu Stadium,,,42000,GAME19880605YSHC0008
1988,1988-06-05,Reg Season,Yakult Swallows,Home,L,1,Hiroshima Toyo Carp,1,7,1,"0,0,0,0,0,0,0,1,0",8,Meiji Jingu Stadium,,,42000,GAME19880605YSHC0008
1988,1988-06-07,Reg Season,Yokohama Taiyo Whales,Away,L,6,Chunichi Dragons,6,13,1,"0,2,2,0,2,0,0,0,0",8,Nagoya,,,27000,GAME19880607CDDB0008
1988,1988-06-07,Reg Season,Chunichi Dragons,Home,W,7,Yokohama Taiyo Whales,7,11,0,"4,0,2,1,0,0,0,0,x",8,Nagoya,,,27000,GAME19880607CDDB0008
1988,1988-06-07,Reg Season,Hanshin Tigers,Away,L,1,Hiroshima Toyo Carp,1,8,0,"0,0,0,0,0,1,0,0,0",9,Okayama Prefectural Government,,,15000,GAME19880607HCHT0009
1988,1988-06-07,Reg Season,Hiroshima Toyo Carp,Home,W,4,Hanshin Tigers,4,12,1,"0,0,0,1,3,0,0,0,x",9,Okayama Prefectural Government,,,15000,GAME19880607HCHT0009
1988,1988-06-07,Reg Season,Lotte Orions,Away,W,2,Kintetsu Buffaloes,2,5,0,"1,0,0,0,1,0,0,0,0",8,Nissei,,,11000,GAME19880607KILM0008
1988,1988-06-07,Reg Season,Kintetsu Buffaloes,Home,L,0,Lotte Orions,0,6,1,"0,0,0,0,0,0,0,0,0",8,Nissei,,,11000,GAME19880607KILM0008
1988,1988-06-07,Reg Season,Hankyu Braves,Away,L,3,Nippon-Ham Fighters,3,6,0,"0,1,0,0,0,0,0,2,0",8,Maebashi Municipal Baseball Stadium,,,16000,GAME19880607NFOB0008
1988,1988-06-07,Reg Season,Nippon-Ham Fighters,Home,W,6,Hankyu Braves,6,12,1,"0,0,0,0,5,0,1,0,x",8,Maebashi Municipal Baseball Stadium,,,16000,GAME19880607NFOB0008
1988,1988-06-07,Reg Season,Nankai Hawks,Away,W,7,Seibu Lions,7,10,0,"0,0,0,2,0,1,3,0,1",7,Belluna Dome,,,22000,GAME19880607SLSH0007
1988,1988-06-07,Reg Season,Seibu Lions,Home,L,3,Nankai Hawks,3,8,0,"1,0,0,0,0,1,1,0,0",7,Belluna Dome,,,22000,GAME19880607SLSH0007
1988,1988-06-07,Reg Season,Yakult Swallows,Away,W,11,Yomiuri Giants,11,15,0,"2,1,1,3,3,0,0,1,0",7,York Kaiseizan Stadium,,,25000,GAME19880607YGYS0007
1988,1988-06-07,Reg Season,Yomiuri Giants,Home,L,2,Yakult Swallows,2,8,2,"0,0,0,2,0,0,0,0,0",7,York Kaiseizan Stadium,,,25000,GAME19880607YGYS0007
1988,1988-06-08,Reg Season,Hankyu Braves,Away,W,5,Nippon-Ham Fighters,5,13,0,"0,2,0,0,0,0,3,0,0",9,Tokyo Dome,,,36000,GAME19880608NFOB0009
1988,1988-06-08,Reg Season,Nippon-Ham Fighters,Home,L,0,Hankyu Braves,0,5,2,"0,0,0,0,0,0,0,0,0",9,Tokyo Dome,,,36000,GAME19880608NFOB0009
1988,1988-06-08,Reg Season,Yakult Swallows,Away,W,8,Yomiuri Giants,8,10,2,"2,0,1,1,0,0,0,0,4",8,Rakuten Seimei Park Miyagi,,,28000,GAME19880608YGYS0008
1988,1988-06-08,Reg Season,Yomiuri Giants,Home,L,3,Yakult Swallows,3,10,2,"2,0,1,0,0,0,0,0,0",8,Rakuten Seimei Park Miyagi,,,28000,GAME19880608YGYS0008
1988,1988-06-09,Reg Season,Yokohama Taiyo Whales,Away,L,2,Chunichi Dragons,2,4,1,"0,0,0,0,0,0,0,1,1",9,Nagoya,,,29000,GAME19880609CDDB0009
1988,1988-06-09,Reg Season,Chunichi Dragons,Home,W,7,Yokohama Taiyo Whales,7,9,1,"2,0,3,2,0,0,0,0,x",9,Nagoya,,,29000,GAME19880609CDDB0009
1988,1988-06-09,Reg Season,Hanshin Tigers,Away,L,1,Hiroshima Toyo Carp,1,6,1,"0,0,0,0,0,0,1,0,0",10,Hiroshima citizens,,,12000,GAME19880609HCHT0010
1988,1988-06-09,Reg Season,Hiroshima Toyo Carp,Home,W,7,Hanshin Tigers,7,14,1,"2,0,0,0,0,0,1,4,x",10,Hiroshima citizens,,,12000,GAME19880609HCHT0010
1988,1988-06-09,Reg Season,Hankyu Braves,Away,W,8,Nippon-Ham Fighters,8,14,0,"1,3,0,0,3,1,0,0,0",10,Tokyo Dome,,,34000,GAME19880609NFOB0010
1988,1988-06-09,Reg Season,Nippon-Ham Fighters,Home,L,5,Hankyu Braves,5,10,2,"1,0,0,0,1,0,0,3,0",10,Tokyo Dome,,,34000,GAME19880609NFOB0010
1988,1988-06-09,Reg Season,Nankai Hawks,Away,L,1,Seibu Lions,1,6,1,"0,0,1,0,0,0,0,0,0",8,Belluna Dome,,,24000,GAME19880609SLSH0008
1988,1988-06-09,Reg Season,Seibu Lions,Home,W,5,Nankai Hawks,5,9,1,"0,1,1,0,1,0,2,0,x",8,Belluna Dome,,,24000,GAME19880609SLSH0008
1988,1988-06-09,Reg Season,Yakult Swallows,Away,T,5,Yomiuri Giants,5,11,0,"0,0,0,1,0,1,1,0,2,0,0,0",9,Iwate Prefectural Baseball Field,,,28000,GAME19880609YGYS0009
1988,1988-06-09,Reg Season,Yomiuri Giants,Home,T,5,Yakult Swallows,5,9,1,"4,0,1,0,0,0,0,0,0,0,0,0",9,Iwate Prefectural Baseball Field,,,28000,GAME19880609YGYS0009
1988,1988-06-10,Reg Season,Chunichi Dragons,Away,W,1,Hiroshima Toyo Carp,1,5,0,"0,0,0,0,0,0,0,1,0",9,Hiroshima citizens,,,15000,GAME19880610HCCD0009
1988,1988-06-10,Reg Season,Hiroshima Toyo Carp,Home,L,0,Chunichi Dragons,0,6,0,"0,0,0,0,0,0,0,0,0",9,Hiroshima citizens,,,15000,GAME19880610HCCD0009
1988,1988-06-11,Reg Season,Yakult Swallows,Away,L,3,Yokohama Taiyo Whales,3,11,0,"1,1,0,1,0,0,0,0,0",9,Maruyama Track and Field Stadium,,,21000,GAME19880611DBYS0009
1988,1988-06-11,Reg Season,Yokohama Taiyo Whales,Home,W,9,Yakult Swallows,9,18,0,"2,0,2,0,1,4,0,0,x",9,Maruyama Track and Field Stadium,,,21000,GAME19880611DBYS0009
1988,1988-06-11,Reg Season,Chunichi Dragons,Away,L,2,Hiroshima Toyo Carp,2,8,1,"1,0,0,1,0,0,0,0,0",10,Hiroshima citizens,,,18000,GAME19880611HCCD0010
1988,1988-06-11,Reg Season,Hiroshima Toyo Carp,Home,W,7,Chunichi Dragons,7,10,1,"0,1,3,0,0,3,0,0,x",10,Hiroshima citizens,,,18000,GAME19880611HCCD0010
1988,1988-06-11,Reg Season,Yomiuri Giants,Away,W,11,Hanshin Tigers,11,17,0,"2,6,0,1,0,2,0,0,0",8,Hanshin Koshien Stadium,,,55000,GAME19880611HTYG0008
1988,1988-06-11,Reg Season,Hanshin Tigers,Home,L,4,Yomiuri Giants,4,12,0,"0,0,1,0,0,0,1,1,1",8,Hanshin Koshien Stadium,,,55000,GAME19880611HTYG0008
1988,1988-06-11,Reg Season,Hankyu Braves,Away,L,0,Lotte Orions,0,2,3,"0,0,0,0,0,0,0,0,0",7,Yamagata Prefectural Baseball Stadium,,,18000,GAME19880611LMOB0007
1988,1988-06-11,Reg Season,Lotte Orions,Home,W,7,Hankyu Braves,7,13,0,"0,1,2,0,3,0,1,0,x",7,Yamagata Prefectural Baseball Stadium,,,18000,GAME19880611LMOB0007
1988,1988-06-11,Reg Season,Seibu Lions,Away,W,6,Nippon-Ham Fighters,6,12,1,"2,1,2,0,0,0,0,0,1",9,Tokyo Dome,,,56000,GAME19880611NFSL0009
1988,1988-06-11,Reg Season,Nippon-Ham Fighters,Home,L,3,Seibu Lions,3,7,1,"1,0,0,0,0,0,0,2,0",9,Tokyo Dome,,,56000,GAME19880611NFSL0009
1988,1988-06-11,Reg Season,Kintetsu Buffaloes,Away,W,12,Nankai Hawks,12,19,1,"4,0,3,3,0,2,0,0,0",8,Kashiwazaki City Sato Pond,,,8000,GAME19880611SHKI0008
1988,1988-06-11,Reg Season,Nankai Hawks,Home,L,3,Kintetsu Buffaloes,3,8,0,"0,0,0,1,0,2,0,0,0",8,Kashiwazaki City Sato Pond,,,8000,GAME19880611SHKI0008
1988,1988-06-12,Reg Season,Yakult Swallows,Away,W,9,Yokohama Taiyo Whales,9,10,0,"0,0,0,2,0,1,2,4,0",10,Maruyama Track and Field Stadium,,,27000,GAME19880612DBYS0010
1988,1988-06-12,Reg Season,Yokohama Taiyo Whales,Home,L,2,Yakult Swallows,2,14,1,"0,0,0,0,0,0,2,0,0",10,Maruyama Track and Field Stadium,,,27000,GAME19880612DBYS0010
1988,1988-06-12,Reg Season,Chunichi Dragons,Away,W,4,Hiroshima Toyo Carp,4,12,0,"1,0,1,0,0,0,2,0,0",11,Hiroshima citizens,,,17000,GAME19880612HCCD0011
1988,1988-06-12,Reg Season,Hiroshima Toyo Carp,Home,L,1,Chunichi Dragons,1,4,1,"1,0,0,0,0,0,0,0,0",11,Hiroshima citizens,,,17000,GAME19880612HCCD0011
1988,1988-06-12,Reg Season,Yomiuri Giants,Away,W,1,Hanshin Tigers,1,10,2,"0,0,0,0,0,0,0,1,0",9,Hanshin Koshien Stadium,,,55000,GAME19880612HTYG0009
1988,1988-06-12,Reg Season,Hanshin Tigers,Home,L,0,Yomiuri Giants,0,5,0,"0,0,0,0,0,0,0,0,0",9,Hanshin Koshien Stadium,,,55000,GAME19880612HTYG0009
1988,1988-06-12,Reg Season,Hankyu Braves,Away,L,3,Lotte Orions,3,9,0,"0,0,2,0,0,0,0,1,0",8,Yamagata Prefectural Baseball Stadium,,,17000,GAME19880612LMOB0008
1988,1988-06-12,Reg Season,Lotte Orions,Home,W,4,Hankyu Braves,4,7,0,"0,0,0,0,0,2,1,1,x",8,Yamagata Prefectural Baseball Stadium,,,17000,GAME19880612LMOB0008
1988,1988-06-12,Reg Season,Seibu Lions,Away,W,6,Nippon-Ham Fighters,6,12,0,"1,1,0,0,3,0,1,0,0",10,Tokyo Dome,,,56000,GAME19880612NFSL0010
1988,1988-06-12,Reg Season,Nippon-Ham Fighters,Home,L,2,Seibu Lions,2,5,1,"2,0,0,0,0,0,0,0,0",10,Tokyo Dome,,,56000,GAME19880612NFSL0010
1988,1988-06-12,Reg Season,Kintetsu Buffaloes,Away,L,1,Nankai Hawks,1,5,3,"0,0,0,0,0,0,0,0,1",9,Niigata Toyano,,,13000,GAME19880612SHKI0009
1988,1988-06-12,Reg Season,Nankai Hawks,Home,W,16,Kintetsu Buffaloes,16,16,0,"5,3,1,4,0,0,3,0,x",9,Niigata Toyano,,,13000,GAME19880612SHKI0009
1988,1988-06-13,Reg Season,Yomiuri Giants,Away,L,1,Hanshin Tigers,1,8,1,"0,0,0,0,1,0,0,0,0",10,Hanshin Koshien Stadium,,,54000,GAME19880613HTYG0010
1988,1988-06-13,Reg Season,Hanshin Tigers,Home,W,8,Yomiuri Giants,8,10,0,"0,3,0,1,0,0,0,4,x",10,Hanshin Koshien Stadium,,,54000,GAME19880613HTYG0010
1988,1988-06-14,Reg Season,Hiroshima Toyo Carp,Away,W,7,Yokohama Taiyo Whales,7,9,1,"0,3,0,1,0,3,0,0,0",6,Kusanagi Baseball Stadium,,,23000,GAME19880614DBHC0006
1988,1988-06-14,Reg Season,Yokohama Taiyo Whales,Home,L,5,Hiroshima Toyo Carp,5,8,0,"0,0,0,3,0,2,0,0,0",6,Kusanagi Baseball Stadium,,,23000,GAME19880614DBHC0006
1988,1988-06-14,Reg Season,Chunichi Dragons,Away,W,8,Hanshin Tigers,8,16,1,"0,3,0,1,0,4,0,0,0",8,Hanshin Koshien Stadium,,,25000,GAME19880614HTCD0008
1988,1988-06-14,Reg Season,Hanshin Tigers,Home,L,0,Chunichi Dragons,0,5,1,"0,0,0,0,0,0,0,0,0",8,Hanshin Koshien Stadium,,,25000,GAME19880614HTCD0008
1988,1988-06-14,Reg Season,Kintetsu Buffaloes,Away,W,9,Hankyu Braves,9,13,1,"1,0,0,0,0,1,7,0,0",9,Wakasa Stadium Kyoto,,,8000,GAME19880614OBKI0009
1988,1988-06-14,Reg Season,Hankyu Braves,Home,L,4,Kintetsu Buffaloes,4,10,1,"0,0,3,0,0,1,0,0,0",9,Wakasa Stadium Kyoto,,,8000,GAME19880614OBKI0009
1988,1988-06-14,Reg Season,Nippon-Ham Fighters,Away,L,5,Nankai Hawks,5,12,0,"0,0,0,0,0,4,0,0,1",9,Osaka,,,10000,GAME19880614SHNF0009
1988,1988-06-14,Reg Season,Nankai Hawks,Home,W,6,Nippon-Ham Fighters,6,12,0,"2,1,1,0,0,2,0,0,x",9,Osaka,,,10000,GAME19880614SHNF0009
1988,1988-06-14,Reg Season,Lotte Orions,Away,L,6,Seibu Lions,6,9,1,"0,2,0,0,2,0,0,2,0",10,Belluna Dome,,,20000,GAME19880614SLLM0010
1988,1988-06-14,Reg Season,Seibu Lions,Home,W,8,Lotte Orions,8,16,1,"0,2,2,1,0,0,1,2,x",10,Belluna Dome,,,20000,GAME19880614SLLM0010
1988,1988-06-14,Reg Season,Yomiuri Giants,Away,W,5,Yakult Swallows,5,7,0,"5,0,0,0,0,0,0,0,0",10,Meiji Jingu Stadium,,,52000,GAME19880614YSYG0010
1988,1988-06-14,Reg Season,Yakult Swallows,Home,L,0,Yomiuri Giants,0,6,2,"0,0,0,0,0,0,0,0,0",10,Meiji Jingu Stadium,,,52000,GAME19880614YSYG0010
1988,1988-06-15,Reg Season,Hiroshima Toyo Carp,Away,L,1,Yokohama Taiyo Whales,1,4,0,"0,0,0,0,1,0,0,0,0",7,Yokohama Stadium,,,25000,GAME19880615DBHC0007
1988,1988-06-15,Reg Season,Yokohama Taiyo Whales,Home,W,8,Hiroshima Toyo Carp,8,12,1,"0,1,0,0,0,5,0,2,x",7,Yokohama Stadium,,,25000,GAME19880615DBHC0007
1988,1988-06-15,Reg Season,Chunichi Dragons,Away,L,1,Hanshin Tigers,1,6,1,"0,0,0,0,0,0,0,0,1",9,Hanshin Koshien Stadium,,,27000,GAME19880615HTCD0009
1988,1988-06-15,Reg Season,Hanshin Tigers,Home,W,3,Chunichi Dragons,3,9,1,"0,1,0,0,0,0,2,0,x",9,Hanshin Koshien Stadium,,,27000,GAME19880615HTCD0009
1988,1988-06-15,Reg Season,Kintetsu Buffaloes,Away,L,0,Hankyu Braves,0,3,1,"0,0,0,0,0,0,0,0,0",10,Wakasa Stadium Kyoto,,,13000,GAME19880615OBKI0010
1988,1988-06-15,Reg Season,Hankyu Braves,Home,W,4,Kintetsu Buffaloes,4,8,1,"0,0,0,0,0,2,0,2,x",10,Wakasa Stadium Kyoto,,,13000,GAME19880615OBKI0010
1988,1988-06-15,Reg Season,Nippon-Ham Fighters,Away,W,2,Nankai Hawks,2,6,0,"0,1,0,1,0,0,0,0,0",10,Osaka,,,10000,GAME19880615SHNF0010
1988,1988-06-15,Reg Season,Nankai Hawks,Home,L,1,Nippon-Ham Fighters,1,9,3,"0,1,0,0,0,0,0,0,0",10,Osaka,,,10000,GAME19880615SHNF0010
1988,1988-06-15,Reg Season,Lotte Orions,Away,L,4,Seibu Lions,4,10,1,"0,1,0,1,0,0,1,1,0",11,Belluna Dome,,,24000,GAME19880615SLLM0011
1988,1988-06-15,Reg Season,Seibu Lions,Home,W,6,Lotte Orions,6,9,0,"0,0,1,0,0,0,3,0,2x",11,Belluna Dome,,,24000,GAME19880615SLLM0011
1988,1988-06-15,Reg Season,Yomiuri Giants,Away,L,4,Yakult Swallows,4,9,2,"0,0,3,0,0,0,1,0,0",11,Meiji Jingu Stadium,,,52000,GAME19880615YSYG0011
1988,1988-06-15,Reg Season,Yakult Swallows,Home,W,5,Yomiuri Giants,5,9,0,"3,0,0,0,0,0,0,0,2x",11,Meiji Jingu Stadium,,,52000,GAME19880615YSYG0011
1988,1988-06-16,Reg Season,Hiroshima Toyo Carp,Away,L,3,Yokohama Taiyo Whales,3,8,1,"0,0,0,0,0,0,0,0,3",8,Yokohama Stadium,,,21000,GAME19880616DBHC0008
1988,1988-06-16,Reg Season,Yokohama Taiyo Whales,Home,W,4,Hiroshima Toyo Carp,4,9,0,"0,0,4,0,0,0,0,0,x",8,Yokohama Stadium,,,21000,GAME19880616DBHC0008
1988,1988-06-16,Reg Season,Chunichi Dragons,Away,W,4,Hanshin Tigers,4,5,2,"0,2,0,0,0,1,0,1,0",10,Hanshin Koshien Stadium,,,23000,GAME19880616HTCD0010
1988,1988-06-16,Reg Season,Hanshin Tigers,Home,L,0,Chunichi Dragons,0,5,0,"0,0,0,0,0,0,0,0,0",10,Hanshin Koshien Stadium,,,23000,GAME19880616HTCD0010
1988,1988-06-16,Reg Season,Nippon-Ham Fighters,Away,L,2,Nankai Hawks,2,5,0,"1,1,0,0,0,0,0,0,0",11,Osaka,,,10000,GAME19880616SHNF0011
1988,1988-06-16,Reg Season,Nankai Hawks,Home,W,7,Nippon-Ham Fighters,7,12,0,"0,4,3,0,0,0,0,0,x",11,Osaka,,,10000,GAME19880616SHNF0011
1988,1988-06-16,Reg Season,Lotte Orions,Away,W,3,Seibu Lions,3,8,0,"0,0,0,1,1,1,0,0,0",12,Belluna Dome,,,20000,GAME19880616SLLM0012
1988,1988-06-16,Reg Season,Seibu Lions,Home,L,0,Lotte Orions,0,2,0,"0,0,0,0,0,0,0,0,0",12,Belluna Dome,,,20000,GAME19880616SLLM0012
1988,1988-06-17,Reg Season,Yomiuri Giants,Away,L,2,Chunichi Dragons,2,7,0,"0,0,0,1,0,1,0,0,0",11,Nagoya,,,35000,GAME19880617CDYG0011
1988,1988-06-17,Reg Season,Chunichi Dragons,Home,W,5,Yomiuri Giants,5,11,1,"0,1,0,2,0,0,2,0,x",11,Nagoya,,,35000,GAME19880617CDYG0011
1988,1988-06-17,Reg Season,Lotte Orions,Away,L,1,Kintetsu Buffaloes,1,4,0,"1,0,0,0,0,0,0,0,0",9,Fujiidera,,,7000,GAME19880617KILM0009
1988,1988-06-17,Reg Season,Kintetsu Buffaloes,Home,W,3,Lotte Orions,3,8,0,"0,0,0,0,0,0,3,0,x",9,Fujiidera,,,7000,GAME19880617KILM0009
1988,1988-06-17,Reg Season,Nankai Hawks,Away,L,5,Hankyu Braves,5,8,1,"0,0,0,2,0,0,2,0,1",12,Nishinomiya,,,12000,GAME19880617OBSH0012
1988,1988-06-17,Reg Season,Hankyu Braves,Home,W,6,Nankai Hawks,6,10,1,"1,0,0,1,0,1,0,0,3x",12,Nishinomiya,,,12000,GAME19880617OBSH0012
1988,1988-06-18,Reg Season,Yomiuri Giants,Away,W,8,Chunichi Dragons,8,14,1,"0,1,0,0,2,1,0,2,2",12,Nagoya,,,35000,GAME19880618CDYG0012
1988,1988-06-18,Reg Season,Chunichi Dragons,Home,L,7,Yomiuri Giants,7,13,0,"0,0,0,0,0,0,1,2,4",12,Nagoya,,,35000,GAME19880618CDYG0012
1988,1988-06-18,Reg Season,Yokohama Taiyo Whales,Away,L,4,Hanshin Tigers,4,10,0,"1,1,0,0,0,2,0,0,0",13,Hanshin Koshien Stadium,,,40000,GAME19880618HTDB0013
1988,1988-06-18,Reg Season,Hanshin Tigers,Home,W,7,Yokohama Taiyo Whales,7,8,1,"2,0,1,3,0,0,1,0,x",13,Hanshin Koshien Stadium,,,40000,GAME19880618HTDB0013
1988,1988-06-18,Reg Season,Lotte Orions,Away,L,4,Kintetsu Buffaloes,4,10,1,"0,0,0,1,1,0,0,0,2",10,Fujiidera,,,9000,GAME19880618KILM0010
1988,1988-06-18,Reg Season,Kintetsu Buffaloes,Home,W,5,Lotte Orions,5,4,0,"1,0,0,3,0,1,0,0,x",10,Fujiidera,,,9000,GAME19880618KILM0010
1988,1988-06-18,Reg Season,Nankai Hawks,Away,L,7,Hankyu Braves,7,12,0,"0,3,0,3,0,1,0,0,0",13,Nishinomiya,,,17000,GAME19880618OBSH0013
1988,1988-06-18,Reg Season,Hankyu Braves,Home,W,10,Nankai Hawks,10,14,0,"2,3,0,0,0,1,0,0,4x",13,Nishinomiya,,,17000,GAME19880618OBSH0013
1988,1988-06-18,Reg Season,Nippon-Ham Fighters,Away,L,2,Seibu Lions,2,10,0,"0,0,0,0,0,1,0,0,1",11,Belluna Dome,,,31000,GAME19880618SLNF0011
1988,1988-06-18,Reg Season,Seibu Lions,Home,W,4,Nippon-Ham Fighters,4,7,0,"0,0,0,0,0,4,0,0,x",11,Belluna Dome,,,31000,GAME19880618SLNF0011
1988,1988-06-18,Reg Season,Hiroshima Toyo Carp,Away,L,3,Yakult Swallows,3,7,0,"0,1,0,0,0,0,0,2,0",9,Heiwadai,,,27000,GAME19880618YSHC0009
1988,1988-06-18,Reg Season,Yakult Swallows,Home,W,4,Hiroshima Toyo Carp,4,9,0,"0,0,0,2,0,0,0,0,2x",9,Heiwadai,,,27000,GAME19880618YSHC0009
1988,1988-06-19,Reg Season,Yomiuri Giants,Away,L,3,Chunichi Dragons,3,6,1,"0,0,0,0,0,0,0,0,3",13,Nagoya,,,35000,GAME19880619CDYG0013
1988,1988-06-19,Reg Season,Chunichi Dragons,Home,W,4,Yomiuri Giants,4,9,0,"3,0,1,0,0,0,0,0,x",13,Nagoya,,,35000,GAME19880619CDYG0013
1988,1988-06-19,Reg Season,Yokohama Taiyo Whales,Away,W,4,Hanshin Tigers,4,12,1,"0,0,3,0,0,1,0,0,0",14,Hanshin Koshien Stadium,,,31000,GAME19880619HTDB0014
1988,1988-06-19,Reg Season,Hanshin Tigers,Home,L,3,Yokohama Taiyo Whales,3,8,1,"0,0,0,0,0,0,2,1,0",14,Hanshin Koshien Stadium,,,31000,GAME19880619HTDB0014
1988,1988-06-19,Reg Season,Lotte Orions,Away,T,1,Kintetsu Buffaloes,1,7,0,"0,0,0,1,0,0,0,0,0,0,0,0",11,Fujiidera,,,20000,GAME19880619KILM0011
1988,1988-06-19,Reg Season,Kintetsu Buffaloes,Home,T,1,Lotte Orions,1,8,2,"1,0,0,0,0,0,0,0,0,0,0,0",11,Fujiidera,,,20000,GAME19880619KILM0011
1988,1988-06-19,Reg Season,Nankai Hawks,Away,L,4,Hankyu Braves,4,9,1,"1,1,0,0,0,1,1,0,0",14,Nishinomiya,,,25000,GAME19880619OBSH0014
1988,1988-06-19,Reg Season,Hankyu Braves,Home,W,7,Nankai Hawks,7,9,0,"0,3,1,0,0,1,0,2,x",14,Nishinomiya,,,25000,GAME19880619OBSH0014
1988,1988-06-19,Reg Season,Nippon-Ham Fighters,Away,W,7,Seibu Lions,7,11,0,"2,0,0,0,2,0,3,0,0",12,Belluna Dome,,,33000,GAME19880619SLNF0012
1988,1988-06-19,Reg Season,Seibu Lions,Home,L,4,Nippon-Ham Fighters,4,9,1,"0,2,2,0,0,0,0,0,0",12,Belluna Dome,,,33000,GAME19880619SLNF0012
1988,1988-06-19,Reg Season,Hiroshima Toyo Carp,Away,L,1,Yakult Swallows,1,3,0,"0,0,0,0,0,0,1,0,0",10,Heiwadai,,,24000,GAME19880619YSHC0010
1988,1988-06-19,Reg Season,Yakult Swallows,Home,W,9,Hiroshima Toyo Carp,9,13,1,"0,0,0,2,0,4,1,2,x",10,Heiwadai,,,24000,GAME19880619YSHC0010
1988,1988-06-20,Reg Season,Nankai Hawks,Away,W,2,Kintetsu Buffaloes,2,12,0,"0,0,1,0,1,0,0,0,0",10,Fujiidera,,,5000,GAME19880620KISH0010
1988,1988-06-20,Reg Season,Kintetsu Buffaloes,Home,L,0,Nankai Hawks,0,4,0,"0,0,0,0,0,0,0,0,0",10,Fujiidera,,,5000,GAME19880620KISH0010
1988,1988-06-20,Reg Season,Nippon-Ham Fighters,Away,L,2,Seibu Lions,2,10,0,"0,0,0,0,1,1,0,0,0",13,Belluna Dome,,,18000,GAME19880620SLNF0013
1988,1988-06-20,Reg Season,Seibu Lions,Home,W,3,Nippon-Ham Fighters,3,6,0,"1,0,0,0,0,2,0,0,x",13,Belluna Dome,,,18000,GAME19880620SLNF0013
1988,1988-06-21,Reg Season,Chunichi Dragons,Away,W,6,Hiroshima Toyo Carp,6,7,1,"1,0,0,0,0,5,0,0,0",12,Fukuyama citizen (former),,,15000,GAME19880621HCCD0012
1988,1988-06-21,Reg Season,Hiroshima Toyo Carp,Home,L,3,Chunichi Dragons,3,3,1,"0,0,1,0,0,0,0,2,0",12,Fukuyama citizen (former),,,15000,GAME19880621HCCD0012
1988,1988-06-21,Reg Season,Nankai Hawks,Away,L,3,Kintetsu Buffaloes,3,9,1,"1,0,0,0,0,0,0,1,1",11,Fujiidera,,,8000,GAME19880621KISH0011
1988,1988-06-21,Reg Season,Kintetsu Buffaloes,Home,W,6,Nankai Hawks,6,11,1,"0,0,0,0,0,2,0,4,x",11,Fujiidera,,,8000,GAME19880621KISH0011
1988,1988-06-21,Reg Season,Nippon-Ham Fighters,Away,W,4,Lotte Orions,4,9,1,"1,0,0,0,0,2,0,0,1",13,Kawasaki,,,4000,GAME19880621LMNF0013
1988,1988-06-21,Reg Season,Lotte Orions,Home,L,2,Nippon-Ham Fighters,2,6,0,"1,1,0,0,0,0,0,0,0",13,Kawasaki,,,4000,GAME19880621LMNF0013
1988,1988-06-21,Reg Season,Hankyu Braves,Away,W,9,Seibu Lions,9,13,0,"1,5,1,0,2,0,0,0,0",12,Belluna Dome,,,19000,GAME19880621SLOB0012
1988,1988-06-21,Reg Season,Seibu Lions,Home,L,2,Hankyu Braves,2,5,2,"2,0,0,0,0,0,0,0,0",12,Belluna Dome,,,19000,GAME19880621SLOB0012
1988,1988-06-21,Reg Season,Yokohama Taiyo Whales,Away,L,3,Yomiuri Giants,3,7,2,"0,0,1,1,0,0,0,1,0",11,Tokyo Dome,,,56000,GAME19880621YGDB0011
1988,1988-06-21,Reg Season,Yomiuri Giants,Home,W,6,Yokohama Taiyo Whales,6,10,0,"2,2,1,0,1,0,0,0,x",11,Tokyo Dome,,,56000,GAME19880621YGDB0011
1988,1988-06-21,Reg Season,Hanshin Tigers,Away,L,3,Yakult Swallows,3,4,1,"0,1,0,1,1,0,0,0,0",9,Meiji Jingu Stadium,,,36000,GAME19880621YSHT0009
1988,1988-06-21,Reg Season,Yakult Swallows,Home,W,9,Hanshin Tigers,9,12,0,"0,0,1,1,2,0,5,0,x",9,Meiji Jingu Stadium,,,36000,GAME19880621YSHT0009
1988,1988-06-22,Reg Season,Chunichi Dragons,Away,W,2,Hiroshima Toyo Carp,2,8,1,"0,0,0,1,0,0,0,1,0",13,Hiroshima citizens,,,12000,GAME19880622HCCD0013
1988,1988-06-22,Reg Season,Hiroshima Toyo Carp,Home,L,1,Chunichi Dragons,1,5,1,"1,0,0,0,0,0,0,0,0",13,Hiroshima citizens,,,12000,GAME19880622HCCD0013
1988,1988-06-22,Reg Season,Nankai Hawks,Away,W,10,Kintetsu Buffaloes,10,14,0,"3,0,0,0,5,1,1,0,0",12,Fujiidera,,,8000,GAME19880622KISH0012
1988,1988-06-22,Reg Season,Kintetsu Buffaloes,Home,L,3,Nankai Hawks,3,13,1,"0,0,2,0,0,0,1,0,0",12,Fujiidera,,,8000,GAME19880622KISH0012
1988,1988-06-22,Reg Season,Nippon-Ham Fighters,Away,W,3,Lotte Orions,3,5,1,"0,1,0,0,0,0,0,0,2",14,Kawasaki,,,5000,GAME19880622LMNF0014
1988,1988-06-22,Reg Season,Lotte Orions,Home,L,2,Nippon-Ham Fighters,2,8,0,"0,0,0,0,0,0,0,2,0",14,Kawasaki,,,5000,GAME19880622LMNF0014
1988,1988-06-22,Reg Season,Hankyu Braves,Away,W,13,Seibu Lions,13,16,0,"0,0,0,6,3,0,0,1,3",13,Belluna Dome,,,32000,GAME19880622SLOB0013
1988,1988-06-22,Reg Season,Seibu Lions,Home,L,7,Hankyu Braves,7,12,1,"0,0,4,0,0,3,0,0,0",13,Belluna Dome,,,32000,GAME19880622SLOB0013
1988,1988-06-22,Reg Season,Yokohama Taiyo Whales,Away,L,1,Yomiuri Giants,1,4,0,"1,0,0,0,0,0,0,0,0",12,Tokyo Dome,,,56000,GAME19880622YGDB0012
1988,1988-06-22,Reg Season,Yomiuri Giants,Home,W,2,Yokohama Taiyo Whales,2,6,0,"0,1,0,1,0,0,0,0,x",12,Tokyo Dome,,,56000,GAME19880622YGDB0012
1988,1988-06-22,Reg Season,Hanshin Tigers,Away,L,2,Yakult Swallows,2,9,2,"1,0,0,0,0,1,0,0,0",10,Meiji Jingu Stadium,,,43000,GAME19880622YSHT0010
1988,1988-06-22,Reg Season,Yakult Swallows,Home,W,3,Hanshin Tigers,3,10,0,"1,0,0,0,1,1,0,0,x",10,Meiji Jingu Stadium,,,43000,GAME19880622YSHT0010
1988,1988-06-23,Reg Season,Nippon-Ham Fighters,Away,W,3,Lotte Orions,3,9,0,"0,0,0,0,0,1,1,1,0",15,Kawasaki,,,6000,GAME19880623LMNF0015
1988,1988-06-23,Reg Season,Lotte Orions,Home,L,1,Nippon-Ham Fighters,1,9,0,"0,0,0,0,0,0,0,1,0",15,Kawasaki,,,6000,GAME19880623LMNF0015
1988,1988-06-23,Reg Season,Hankyu Braves,Away,L,3,Seibu Lions,3,8,0,"0,0,0,1,0,0,1,0,1",14,Belluna Dome,,,20000,GAME19880623SLOB0014
1988,1988-06-23,Reg Season,Seibu Lions,Home,W,4,Hankyu Braves,4,8,0,"0,0,0,0,0,0,2,2,x",14,Belluna Dome,,,20000,GAME19880623SLOB0014
1988,1988-06-23,Reg Season,Yokohama Taiyo Whales,Away,L,1,Yomiuri Giants,1,4,0,"0,0,0,0,0,0,1,0,0",13,Tokyo Dome,,,56000,GAME19880623YGDB0013
1988,1988-06-23,Reg Season,Yomiuri Giants,Home,W,4,Yokohama Taiyo Whales,4,8,1,"2,0,0,1,0,0,1,0,x",13,Tokyo Dome,,,56000,GAME19880623YGDB0013
1988,1988-06-23,Reg Season,Hanshin Tigers,Away,L,0,Yakult Swallows,0,5,0,"0,0,0,0,0,0,0,0,0",11,Meiji Jingu Stadium,,,38000,GAME19880623YSHT0011
1988,1988-06-23,Reg Season,Yakult Swallows,Home,W,2,Hanshin Tigers,2,7,0,"0,0,0,1,1,0,0,0,x",11,Meiji Jingu Stadium,,,38000,GAME19880623YSHT0011
1988,1988-06-25,Reg Season,Yokohama Taiyo Whales,Away,L,4,Hiroshima Toyo Carp,4,10,0,"0,0,0,0,0,0,0,3,1",9,Fukushima Azuma Baseball Stadium,,,15000,GAME19880625HCDB0009
1988,1988-06-25,Reg Season,Hiroshima Toyo Carp,Home,W,10,Yokohama Taiyo Whales,10,15,1,"0,3,2,0,2,1,0,2,x",9,Fukushima Azuma Baseball Stadium,,,15000,GAME19880625HCDB0009
1988,1988-06-25,Reg Season,Seibu Lions,Away,W,4,Lotte Orions,4,8,1,"0,0,1,0,1,0,0,2,0",13,Ishikawa Prefectural Baseball Stadium,,,23500,GAME19880625LMSL0013
1988,1988-06-25,Reg Season,Lotte Orions,Home,L,3,Seibu Lions,3,6,0,"0,0,0,0,0,0,0,0,3",13,Ishikawa Prefectural Baseball Stadium,,,23500,GAME19880625LMSL0013
1988,1988-06-25,Reg Season,Yakult Swallows,Away,L,4,Yomiuri Giants,4,9,0,"0,0,0,0,0,2,0,2,0",12,Tokyo Dome,,,56000,GAME19880625YGYS0012
1988,1988-06-25,Reg Season,Yomiuri Giants,Home,W,6,Yakult Swallows,6,15,2,"0,0,1,0,0,1,1,0,3x",12,Tokyo Dome,,,56000,GAME19880625YGYS0012
1988,1988-06-26,Reg Season,Hanshin Tigers,Away,W,15,Chunichi Dragons,15,16,0,"3,1,0,0,4,4,0,3,0",11,Nagoya,,,35000,GAME19880626CDHT0011
1988,1988-06-26,Reg Season,Chunichi Dragons,Home,L,1,Hanshin Tigers,1,6,1,"0,0,0,1,0,0,0,0,0",11,Nagoya,,,35000,GAME19880626CDHT0011
1988,1988-06-26,Reg Season,Yokohama Taiyo Whales,Away,L,2,Hiroshima Toyo Carp,2,8,0,"0,0,0,2,0,0,0,0,0",10,Iwate Prefectural Baseball Field,,,20000,GAME19880626HCDB0010
1988,1988-06-26,Reg Season,Hiroshima Toyo Carp,Home,W,3,Yokohama Taiyo Whales,3,7,1,"2,0,0,0,0,0,1,0,x",10,Iwate Prefectural Baseball Field,,,20000,GAME19880626HCDB0010
1988,1988-06-26,Reg Season,Hankyu Braves,Away,W,2,Kintetsu Buffaloes,2,8,0,"0,0,0,0,0,0,2,0,0",11,Fujiidera,,,16000,GAME19880626KIOB0011
1988,1988-06-26,Reg Season,Kintetsu Buffaloes,Home,L,0,Hankyu Braves,0,9,0,"0,0,0,0,0,0,0,0,0",11,Fujiidera,,,16000,GAME19880626KIOB0011
1988,1988-06-26,Reg Season,Seibu Lions,Away,L,3,Lotte Orions,3,7,1,"1,0,2,0,0,0,0,0,0",14,Ishikawa Prefectural Baseball Stadium,,,23500,GAME19880626LMSL0014
1988,1988-06-26,Reg Season,Lotte Orions,Home,W,9,Seibu Lions,9,16,0,"2,0,0,3,2,1,0,1,x",14,Ishikawa Prefectural Baseball Stadium,,,23500,GAME19880626LMSL0014
1988,1988-06-26,Reg Season,Nippon-Ham Fighters,Away,W,9,Nankai Hawks,9,14,0,"0,0,7,1,1,0,0,0,0",12,Osaka,,,17000,GAME19880626SHNF0012
1988,1988-06-26,Reg Season,Nankai Hawks,Home,L,6,Nippon-Ham Fighters,6,12,1,"3,0,1,0,0,2,0,0,0",12,Osaka,,,17000,GAME19880626SHNF0012
1988,1988-06-26,Reg Season,Yakult Swallows,Away,W,6,Yomiuri Giants,6,11,0,"0,0,0,0,0,4,1,1,0",13,Tokyo Dome,,,56000,GAME19880626YGYS0013
1988,1988-06-26,Reg Season,Yomiuri Giants,Home,L,3,Yakult Swallows,3,6,0,"1,1,0,1,0,0,0,0,0",13,Tokyo Dome,,,56000,GAME19880626YGYS0013
1988,1988-06-28,Reg Season,Hiroshima Toyo Carp,Away,L,2,Chunichi Dragons,2,6,0,"0,0,0,0,1,0,0,1,0,0,0",14,Nagoya,,,33000,GAME19880628CDHC0014
1988,1988-06-28,Reg Season,Chunichi Dragons,Home,W,3,Hiroshima Toyo Carp,3,10,0,"0,0,0,0,0,2,0,0,0,0,1x",14,Nagoya,,,33000,GAME19880628CDHC0014
1988,1988-06-28,Reg Season,Yakult Swallows,Away,L,5,Yokohama Taiyo Whales,5,10,3,"0,0,0,0,0,0,2,0,3",11,Yokohama Stadium,,,19000,GAME19880628DBYS0011
1988,1988-06-28,Reg Season,Yokohama Taiyo Whales,Home,W,6,Yakult Swallows,6,14,0,"2,0,3,0,0,0,1,0,x",11,Yokohama Stadium,,,19000,GAME19880628DBYS0011
1988,1988-06-28,Reg Season,Yomiuri Giants,Away,L,3,Hanshin Tigers,3,9,0,"0,0,1,0,0,0,0,0,2,0",11,Hanshin Koshien Stadium,,,50000,GAME19880628HTYG0011
1988,1988-06-28,Reg Season,Hanshin Tigers,Home,W,4,Yomiuri Giants,4,9,1,"0,0,0,0,2,0,0,1,0,1x",11,Hanshin Koshien Stadium,,,50000,GAME19880628HTYG0011
1988,1988-06-28,Reg Season,Kintetsu Buffaloes,Away,L,0,Nippon-Ham Fighters,0,3,0,"0,0,0,0,0,0,0,0,0",11,Tokyo Dome,,,34000,GAME19880628NFKI0011
1988,1988-06-28,Reg Season,Nippon-Ham Fighters,Home,W,1,Kintetsu Buffaloes,1,6,0,"1,0,0,0,0,0,0,0,x",11,Tokyo Dome,,,34000,GAME19880628NFKI0011
1988,1988-06-28,Reg Season,Lotte Orions,Away,W,5,Hankyu Braves,5,9,0,"1,0,0,0,0,2,0,0,2",9,Nishinomiya,,,7000,GAME19880628OBLM0009
1988,1988-06-28,Reg Season,Hankyu Braves,Home,L,4,Lotte Orions,4,10,1,"0,1,0,0,1,0,0,0,2",9,Nishinomiya,,,7000,GAME19880628OBLM0009
1988,1988-06-28,Reg Season,Seibu Lions,Away,W,8,Nankai Hawks,8,11,1,"4,0,1,0,0,1,1,1,0",9,Heiwadai,,,33000,GAME19880628SHSL0009
1988,1988-06-28,Reg Season,Nankai Hawks,Home,L,4,Seibu Lions,4,7,2,"0,0,1,0,0,2,0,0,1",9,Heiwadai,,,33000,GAME19880628SHSL0009
1988,1988-06-29,Reg Season,Yakult Swallows,Away,W,3,Yokohama Taiyo Whales,3,10,1,"0,0,0,0,1,0,1,0,1",12,Yokohama Stadium,,,21000,GAME19880629DBYS0012
1988,1988-06-29,Reg Season,Yokohama Taiyo Whales,Home,L,2,Yakult Swallows,2,9,0,"0,0,0,1,0,0,0,0,1",12,Yokohama Stadium,,,21000,GAME19880629DBYS0012
1988,1988-06-29,Reg Season,Kintetsu Buffaloes,Away,W,5,Nippon-Ham Fighters,5,10,0,"0,0,0,2,2,0,1,0,0",12,Tokyo Dome,,,32000,GAME19880629NFKI0012
1988,1988-06-29,Reg Season,Nippon-Ham Fighters,Home,L,3,Kintetsu Buffaloes,3,7,3,"1,0,0,0,1,1,0,0,0",12,Tokyo Dome,,,32000,GAME19880629NFKI0012
1988,1988-06-29,Reg Season,Seibu Lions,Away,L,3,Nankai Hawks,3,8,0,"0,0,2,0,0,1,0,0,0",10,Heiwadai,,,28000,GAME19880629SHSL0010
1988,1988-06-29,Reg Season,Nankai Hawks,Home,W,5,Seibu Lions,5,9,1,"1,0,1,0,1,0,1,1,x",10,Heiwadai,,,28000,GAME19880629SHSL0010
1988,1988-06-30,Reg Season,Yomiuri Giants,Away,W,7,Hanshin Tigers,7,11,1,"1,4,0,1,0,1,0,0,0",12,Hanshin Koshien Stadium,,,46000,GAME19880630HTYG0012
1988,1988-06-30,Reg Season,Hanshin Tigers,Home,L,0,Yomiuri Giants,0,3,0,"0,0,0,0,0,0,0,0,0",12,Hanshin Koshien Stadium,,,46000,GAME19880630HTYG0012
1988,1988-06-30,Reg Season,Kintetsu Buffaloes,Away,L,1,Nippon-Ham Fighters,1,8,1,"0,0,0,0,0,0,0,0,1",13,Tokyo Dome,,,31000,GAME19880630NFKI0013
1988,1988-06-30,Reg Season,Nippon-Ham Fighters,Home,W,2,Kintetsu Buffaloes,2,3,0,"0,0,0,2,0,0,0,0,x",13,Tokyo Dome,,,31000,GAME19880630NFKI0013
1988,1988-06-30,Reg Season,Lotte Orions,Away,W,7,Hankyu Braves,7,10,0,"0,0,2,2,0,0,2,0,1",10,Nishinomiya,,,5000,GAME19880630OBLM0010
1988,1988-06-30,Reg Season,Hankyu Braves,Home,L,3,Lotte Orions,3,4,2,"0,0,1,0,0,0,2,0,0",10,Nishinomiya,,,5000,GAME19880630OBLM0010
1988,1988-07-01,Reg Season,Chunichi Dragons,Away,L,4,Yokohama Taiyo Whales,4,12,2,"0,0,2,0,2,0,0,0,0",10,Batting Palace Hiratsuka Shonan,,,18000,GAME19880701DBCD0010
1988,1988-07-01,Reg Season,Yokohama Taiyo Whales,Home,W,6,Chunichi Dragons,6,7,1,"0,2,0,0,0,1,3,0,x",10,Batting Palace Hiratsuka Shonan,,,18000,GAME19880701DBCD0010
1988,1988-07-01,Reg Season,Yomiuri Giants,Away,L,0,Hiroshima Toyo Carp,0,4,0,"0,0,0,0,0,0,0,0,0",12,Hiroshima citizens,,,19000,GAME19880701HCYG0012
1988,1988-07-01,Reg Season,Hiroshima Toyo Carp,Home,W,2,Yomiuri Giants,2,6,0,"0,0,0,2,0,0,0,0,x",12,Hiroshima citizens,,,19000,GAME19880701HCYG0012
1988,1988-07-01,Reg Season,Yakult Swallows,Away,W,11,Hanshin Tigers,11,14,0,"0,0,0,1,0,2,0,0,8",12,Hanshin Koshien Stadium,,,24000,GAME19880701HTYS0012
1988,1988-07-01,Reg Season,Hanshin Tigers,Home,L,3,Yakult Swallows,3,3,2,"0,0,0,0,0,0,0,3,0",12,Hanshin Koshien Stadium,,,24000,GAME19880701HTYS0012
1988,1988-07-01,Reg Season,Seibu Lions,Away,L,4,Kintetsu Buffaloes,4,7,0,"1,0,0,0,0,0,3,0,0",12,Nagoya,,,27000,GAME19880701KISL0012
1988,1988-07-01,Reg Season,Kintetsu Buffaloes,Home,W,6,Seibu Lions,6,11,3,"2,3,0,1,0,0,0,0,x",12,Nagoya,,,27000,GAME19880701KISL0012
1988,1988-07-01,Reg Season,Lotte Orions,Away,L,4,Nankai Hawks,4,10,0,"0,1,0,2,0,0,0,0,1",10,Heiwadai,,,8000,GAME19880701SHLM0010
1988,1988-07-01,Reg Season,Nankai Hawks,Home,W,6,Lotte Orions,6,8,0,"0,1,0,0,4,1,0,0,x",10,Heiwadai,,,8000,GAME19880701SHLM0010
1988,1988-07-02,Reg Season,Chunichi Dragons,Away,L,3,Yokohama Taiyo Whales,3,4,0,"0,0,0,0,0,0,0,0,3",11,Yokohama Stadium,,,24000,GAME19880702DBCD0011
1988,1988-07-02,Reg Season,Yokohama Taiyo Whales,Home,W,6,Chunichi Dragons,6,12,1,"4,0,0,0,2,0,0,0,x",11,Yokohama Stadium,,,24000,GAME19880702DBCD0011
1988,1988-07-02,Reg Season,Yomiuri Giants,Away,L,3,Hiroshima Toyo Carp,3,9,0,"0,0,0,1,0,0,1,1,0",13,Hiroshima citizens,,,31000,GAME19880702HCYG0013
1988,1988-07-02,Reg Season,Hiroshima Toyo Carp,Home,W,10,Yomiuri Giants,10,14,1,"0,0,2,1,6,0,0,1,x",13,Hiroshima citizens,,,31000,GAME19880702HCYG0013
1988,1988-07-02,Reg Season,Yakult Swallows,Away,L,1,Hanshin Tigers,1,3,0,"0,1,0,0,0,0,0,0,0",13,Hanshin Koshien Stadium,,,40000,GAME19880702HTYS0013
1988,1988-07-02,Reg Season,Hanshin Tigers,Home,W,4,Yakult Swallows,4,9,1,"0,2,0,0,1,1,0,0,x",13,Hanshin Koshien Stadium,,,40000,GAME19880702HTYS0013
1988,1988-07-02,Reg Season,Seibu Lions,Away,L,1,Kintetsu Buffaloes,1,8,1,"0,0,0,0,0,0,0,1,0",13,Nagoya,,,25000,GAME19880702KISL0013
1988,1988-07-02,Reg Season,Kintetsu Buffaloes,Home,W,2,Seibu Lions,2,5,2,"1,0,1,0,0,0,0,0,x",13,Nagoya,,,25000,GAME19880702KISL0013
1988,1988-07-02,Reg Season,Hankyu Braves,Away,L,1,Nippon-Ham Fighters,1,5,1,"0,0,0,0,0,0,0,1,0",11,Tokyo Dome,,,33000,GAME19880702NFOB0011
1988,1988-07-02,Reg Season,Nippon-Ham Fighters,Home,W,3,Hankyu Braves,3,5,1,"3,0,0,0,0,0,0,0,x",11,Tokyo Dome,,,33000,GAME19880702NFOB0011
1988,1988-07-02,Reg Season,Lotte Orions,Away,W,6,Nankai Hawks,6,13,1,"2,0,0,0,4,0,0,0,0",11,Heiwadai,,,13000,GAME19880702SHLM0011
1988,1988-07-02,Reg Season,Nankai Hawks,Home,L,3,Lotte Orions,3,7,1,"0,0,0,3,0,0,0,0,0",11,Heiwadai,,,13000,GAME19880702SHLM0011
1988,1988-07-03,Reg Season,Chunichi Dragons,Away,L,6,Yokohama Taiyo Whales,6,12,0,"0,0,1,0,2,0,3,0,0",12,Yokohama Stadium,,,29000,GAME19880703DBCD0012
1988,1988-07-03,Reg Season,Yokohama Taiyo Whales,Home,W,7,Chunichi Dragons,7,8,1,"4,0,1,2,0,0,0,0,x",12,Yokohama Stadium,,,29000,GAME19880703DBCD0012
1988,1988-07-03,Reg Season,Yomiuri Giants,Away,W,9,Hiroshima Toyo Carp,9,10,1,"3,0,1,0,0,0,0,5,0",14,Hiroshima citizens,,,22000,GAME19880703HCYG0014
1988,1988-07-03,Reg Season,Hiroshima Toyo Carp,Home,L,3,Yomiuri Giants,3,9,2,"0,0,0,1,0,2,0,0,0",14,Hiroshima citizens,,,22000,GAME19880703HCYG0014
1988,1988-07-03,Reg Season,Seibu Lions,Away,L,0,Kintetsu Buffaloes,0,4,0,"0,0,0,0,0,0,0,0,0",14,Nagoya,,,34000,GAME19880703KISL0014
1988,1988-07-03,Reg Season,Kintetsu Buffaloes,Home,W,4,Seibu Lions,4,7,0,"0,2,1,1,0,0,0,0,x",14,Nagoya,,,34000,GAME19880703KISL0014
1988,1988-07-03,Reg Season,Hankyu Braves,Away,W,3,Nippon-Ham Fighters,3,7,0,"0,0,0,0,3,0,0,0,0",12,Tokyo Dome,,,44000,GAME19880703NFOB0012
1988,1988-07-03,Reg Season,Nippon-Ham Fighters,Home,L,0,Hankyu Braves,0,4,0,"0,0,0,0,0,0,0,0,0",12,Tokyo Dome,,,44000,GAME19880703NFOB0012
1988,1988-07-03,Reg Season,Lotte Orions,Away,W,1,Nankai Hawks,1,3,0,"0,0,0,0,0,0,1,0,0",12,Heiwadai,,,8000,GAME19880703SHLM0012
1988,1988-07-03,Reg Season,Nankai Hawks,Home,L,0,Lotte Orions,0,6,0,"0,0,0,0,0,0,0,0,0",12,Heiwadai,,,8000,GAME19880703SHLM0012
1988,1988-07-04,Reg Season,Hankyu Braves,Away,W,4,Nippon-Ham Fighters,4,7,1,"0,0,0,4,0,0,0,0,0",13,Tokyo Dome,,,28000,GAME19880704NFOB0013
1988,1988-07-04,Reg Season,Nippon-Ham Fighters,Home,L,2,Hankyu Braves,2,5,1,"0,0,0,0,2,0,0,0,0",13,Tokyo Dome,,,28000,GAME19880704NFOB0013
1988,1988-07-05,Reg Season,Hanshin Tigers,Away,W,6,Hiroshima Toyo Carp,6,9,2,"3,0,1,0,0,2,0,0,0",11,Hiroshima citizens,,,15000,GAME19880705HCHT0011
1988,1988-07-05,Reg Season,Hiroshima Toyo Carp,Home,L,2,Hanshin Tigers,2,9,1,"0,0,0,0,0,2,0,0,0",11,Hiroshima citizens,,,15000,GAME19880705HCHT0011
1988,1988-07-05,Reg Season,Nankai Hawks,Away,L,0,Nippon-Ham Fighters,0,5,0,"0,0,0,0,0,0,0,0,0",13,Tokyo Dome,,,30000,GAME19880705NFSH0013
1988,1988-07-05,Reg Season,Nippon-Ham Fighters,Home,W,9,Nankai Hawks,9,15,0,"0,0,1,1,2,3,0,2,x",13,Tokyo Dome,,,30000,GAME19880705NFSH0013
1988,1988-07-05,Reg Season,Kintetsu Buffaloes,Away,W,4,Hankyu Braves,4,8,0,"1,0,0,0,0,0,1,0,2",12,Wakasa Stadium Kyoto,,,12000,GAME19880705OBKI0012
1988,1988-07-05,Reg Season,Hankyu Braves,Home,L,3,Kintetsu Buffaloes,3,9,0,"0,1,0,0,0,0,0,2,0",12,Wakasa Stadium Kyoto,,,12000,GAME19880705OBKI0012
1988,1988-07-05,Reg Season,Lotte Orions,Away,L,0,Seibu Lions,0,6,0,"0,0,0,0,0,0,0,0,0",15,Belluna Dome,,,18000,GAME19880705SLLM0015
1988,1988-07-05,Reg Season,Seibu Lions,Home,W,1,Lotte Orions,1,3,0,"0,0,0,0,0,0,0,0,1x",15,Belluna Dome,,,18000,GAME19880705SLLM0015
1988,1988-07-05,Reg Season,Chunichi Dragons,Away,L,4,Yomiuri Giants,4,12,1,"0,0,0,2,1,0,0,1,0",14,Hanasaki Sports Park Baseball Field,,,25000,GAME19880705YGCD0014
1988,1988-07-05,Reg Season,Yomiuri Giants,Home,W,9,Chunichi Dragons,9,11,0,"1,3,3,0,0,0,0,2,x",14,Hanasaki Sports Park Baseball Field,,,25000,GAME19880705YGCD0014
1988,1988-07-05,Reg Season,Yokohama Taiyo Whales,Away,W,7,Yakult Swallows,7,11,1,"0,1,0,0,6,0,0,0,0",13,Meiji Jingu Stadium,,,22000,GAME19880705YSDB0013
1988,1988-07-05,Reg Season,Yakult Swallows,Home,L,4,Yokohama Taiyo Whales,4,7,0,"0,0,1,0,0,1,2,0,0",13,Meiji Jingu Stadium,,,22000,GAME19880705YSDB0013
1988,1988-07-06,Reg Season,Hanshin Tigers,Away,W,4,Hiroshima Toyo Carp,4,8,0,"0,2,0,0,0,0,0,2,0",12,Hiroshima citizens,,,12000,GAME19880706HCHT0012
1988,1988-07-06,Reg Season,Hiroshima Toyo Carp,Home,L,1,Hanshin Tigers,1,5,1,"0,0,0,1,0,0,0,0,0",12,Hiroshima citizens,,,12000,GAME19880706HCHT0012
1988,1988-07-06,Reg Season,Nankai Hawks,Away,L,1,Nippon-Ham Fighters,1,4,0,"0,0,0,0,0,0,1,0,0",14,Tokyo Dome,,,30000,GAME19880706NFSH0014
1988,1988-07-06,Reg Season,Nippon-Ham Fighters,Home,W,4,Nankai Hawks,4,8,0,"0,0,0,1,2,0,0,1,x",14,Tokyo Dome,,,30000,GAME19880706NFSH0014
1988,1988-07-06,Reg Season,Kintetsu Buffaloes,Away,L,0,Hankyu Braves,0,7,0,"0,0,0,0,0,0,0,0,0",13,Wakasa Stadium Kyoto,,,18000,GAME19880706OBKI0013
1988,1988-07-06,Reg Season,Hankyu Braves,Home,W,1,Kintetsu Buffaloes,1,10,2,"0,0,0,1,0,0,0,0,x",13,Wakasa Stadium Kyoto,,,18000,GAME19880706OBKI0013
1988,1988-07-06,Reg Season,Lotte Orions,Away,W,9,Seibu Lions,9,12,1,"4,0,1,0,2,1,0,0,1",16,Belluna Dome,,,22000,GAME19880706SLLM0016
1988,1988-07-06,Reg Season,Seibu Lions,Home,L,6,Lotte Orions,6,7,2,"0,0,0,1,2,0,0,3,0",16,Belluna Dome,,,22000,GAME19880706SLLM0016
1988,1988-07-06,Reg Season,Chunichi Dragons,Away,L,5,Yomiuri Giants,5,8,0,"0,0,0,0,0,1,0,0,4",15,Maruyama Track and Field Stadium,,,28000,GAME19880706YGCD0015
1988,1988-07-06,Reg Season,Yomiuri Giants,Home,W,9,Chunichi Dragons,9,15,1,"1,0,3,0,1,3,1,0,x",15,Maruyama Track and Field Stadium,,,28000,GAME19880706YGCD0015
1988,1988-07-06,Reg Season,Yokohama Taiyo Whales,Away,W,7,Yakult Swallows,7,12,0,"0,2,0,5,0,0,0,0,0",14,Meiji Jingu Stadium,,,26000,GAME19880706YSDB0014
1988,1988-07-06,Reg Season,Yakult Swallows,Home,L,3,Yokohama Taiyo Whales,3,9,2,"0,0,0,1,0,0,2,0,0",14,Meiji Jingu Stadium,,,26000,GAME19880706YSDB0014
1988,1988-07-07,Reg Season,Hanshin Tigers,Away,L,0,Hiroshima Toyo Carp,0,3,1,"0,0,0,0,0,0,0,0,0",13,Hiroshima citizens,,,12000,GAME19880707HCHT0013
1988,1988-07-07,Reg Season,Hiroshima Toyo Carp,Home,W,6,Hanshin Tigers,6,11,0,"0,0,0,2,3,0,1,0,x",13,Hiroshima citizens,,,12000,GAME19880707HCHT0013
1988,1988-07-07,Reg Season,Nankai Hawks,Away,L,1,Nippon-Ham Fighters,1,4,0,"0,1,0,0,0,0,0,0,0",15,Tokyo Dome,,,30000,GAME19880707NFSH0015
1988,1988-07-07,Reg Season,Nippon-Ham Fighters,Home,W,2,Nankai Hawks,2,8,0,"0,0,0,1,0,1,0,0,x",15,Tokyo Dome,,,30000,GAME19880707NFSH0015
1988,1988-07-07,Reg Season,Lotte Orions,Away,L,4,Seibu Lions,4,11,4,"0,0,0,0,2,2,0,0,0",17,Belluna Dome,,,21000,GAME19880707SLLM0017
1988,1988-07-07,Reg Season,Seibu Lions,Home,W,8,Lotte Orions,8,9,0,"3,0,1,0,1,1,0,2,x",17,Belluna Dome,,,21000,GAME19880707SLLM0017
1988,1988-07-07,Reg Season,Chunichi Dragons,Away,L,5,Yomiuri Giants,5,15,2,"0,0,0,1,0,0,0,1,3,0,0",16,Maruyama Track and Field Stadium,,,28000,GAME19880707YGCD0016
1988,1988-07-07,Reg Season,Yomiuri Giants,Home,W,6,Chunichi Dragons,6,10,0,"0,0,0,1,0,0,4,0,0,0,1x",16,Maruyama Track and Field Stadium,,,28000,GAME19880707YGCD0016
1988,1988-07-07,Reg Season,Yokohama Taiyo Whales,Away,L,6,Yakult Swallows,6,10,0,"1,0,0,0,0,1,0,4,0",15,Meiji Jingu Stadium,,,21000,GAME19880707YSDB0015
1988,1988-07-07,Reg Season,Yakult Swallows,Home,W,7,Yokohama Taiyo Whales,7,11,0,"2,0,0,2,0,1,2,0,x",15,Meiji Jingu Stadium,,,21000,GAME19880707YSDB0015
1988,1988-07-08,Reg Season,Nippon-Ham Fighters,Away,W,3,Kintetsu Buffaloes,3,10,0,"1,0,0,0,1,0,1,0,0",14,Fujiidera,,,8000,GAME19880708KINF0014
1988,1988-07-08,Reg Season,Kintetsu Buffaloes,Home,L,2,Nippon-Ham Fighters,2,7,0,"0,0,0,0,0,2,0,0,0",14,Fujiidera,,,8000,GAME19880708KINF0014
1988,1988-07-08,Reg Season,Nankai Hawks,Away,W,4,Seibu Lions,4,6,0,"0,0,0,0,3,1,0,0,0",11,Belluna Dome,,,24000,GAME19880708SLSH0011
1988,1988-07-08,Reg Season,Seibu Lions,Home,L,2,Nankai Hawks,2,10,1,"0,1,0,0,1,0,0,0,0",11,Belluna Dome,,,24000,GAME19880708SLSH0011
1988,1988-07-09,Reg Season,Yakult Swallows,Away,L,9,Chunichi Dragons,9,13,0,"2,0,0,0,2,4,0,0,1",10,Nagoya,,,35000,GAME19880709CDYS0010
1988,1988-07-09,Reg Season,Chunichi Dragons,Home,W,10,Yakult Swallows,10,11,1,"1,0,0,0,8,0,1,0,x",10,Nagoya,,,35000,GAME19880709CDYS0010
1988,1988-07-09,Reg Season,Hanshin Tigers,Away,L,4,Yokohama Taiyo Whales,4,9,1,"0,2,0,1,0,0,1,0,0",15,Fukushima Azuma Baseball Stadium,,,20000,GAME19880709DBHT0015
1988,1988-07-09,Reg Season,Yokohama Taiyo Whales,Home,W,6,Hanshin Tigers,6,9,1,"0,2,0,0,0,3,0,1,x",15,Fukushima Azuma Baseball Stadium,,,20000,GAME19880709DBHT0015
1988,1988-07-09,Reg Season,Nippon-Ham Fighters,Away,L,5,Kintetsu Buffaloes,5,11,3,"0,1,0,2,1,0,0,0,1",15,Fujiidera,,,20000,GAME19880709KINF0015
1988,1988-07-09,Reg Season,Kintetsu Buffaloes,Home,W,6,Nippon-Ham Fighters,6,10,1,"1,0,0,0,0,0,0,2,3x",15,Fujiidera,,,20000,GAME19880709KINF0015
1988,1988-07-09,Reg Season,Nankai Hawks,Away,L,3,Seibu Lions,3,9,4,"3,0,0,0,0,0,0,0,0",12,Belluna Dome,,,37000,GAME19880709SLSH0012
1988,1988-07-09,Reg Season,Seibu Lions,Home,W,8,Nankai Hawks,8,10,0,"2,4,1,0,0,1,0,0,x",12,Belluna Dome,,,37000,GAME19880709SLSH0012
1988,1988-07-09,Reg Season,Hiroshima Toyo Carp,Away,W,2,Yomiuri Giants,2,5,1,"0,0,0,1,0,0,0,0,0,0,0,1",15,Tokyo Dome,,,56000,GAME19880709YGHC0015
1988,1988-07-09,Reg Season,Yomiuri Giants,Home,L,1,Hiroshima Toyo Carp,1,12,0,"0,0,0,0,1,0,0,0,0,0,0,0",15,Tokyo Dome,,,56000,GAME19880709YGHC0015
1988,1988-07-10,Reg Season,Yakult Swallows,Away,L,2,Chunichi Dragons,2,8,1,"1,0,0,0,0,0,0,0,1",11,Nagoya,,,35000,GAME19880710CDYS0011
1988,1988-07-10,Reg Season,Chunichi Dragons,Home,W,9,Yakult Swallows,9,16,1,"3,0,3,0,1,1,1,0,x",11,Nagoya,,,35000,GAME19880710CDYS0011
1988,1988-07-10,Reg Season,Hanshin Tigers,Away,L,2,Yokohama Taiyo Whales,2,10,0,"0,1,0,1,0,0,0,0,0",16,Kiyohara Utsunomiya,,,30000,GAME19880710DBHT0016
1988,1988-07-10,Reg Season,Yokohama Taiyo Whales,Home,W,4,Hanshin Tigers,4,7,2,"1,0,0,0,1,0,0,2,x",16,Kiyohara Utsunomiya,,,30000,GAME19880710DBHT0016
1988,1988-07-10,Reg Season,Nippon-Ham Fighters,Away,W,8,Kintetsu Buffaloes,8,12,0,"0,0,0,0,1,0,0,2,5",16,Fujiidera,,,17000,GAME19880710KINF0016
1988,1988-07-10,Reg Season,Kintetsu Buffaloes,Home,L,1,Nippon-Ham Fighters,1,5,1,"0,0,0,0,0,0,0,0,1",16,Fujiidera,,,17000,GAME19880710KINF0016
1988,1988-07-10,Reg Season,Hankyu Braves,Away,W,6,Lotte Orions,6,11,0,"0,0,0,0,4,0,0,0,0,2",11,Akita Yabase,,,17000,GAME19880710LMOB0011
1988,1988-07-10,Reg Season,Lotte Orions,Home,L,4,Hankyu Braves,4,9,0,"0,0,1,1,0,0,0,1,1,0",11,Akita Yabase,,,17000,GAME19880710LMOB0011
1988,1988-07-10,Reg Season,Nankai Hawks,Away,L,1,Seibu Lions,1,7,0,"0,0,0,0,0,1,0,0,0",13,Belluna Dome,,,24000,GAME19880710SLSH0013
1988,1988-07-10,Reg Season,Seibu Lions,Home,W,2,Nankai Hawks,2,7,0,"0,0,0,1,0,1,0,0,x",13,Belluna Dome,,,24000,GAME19880710SLSH0013
1988,1988-07-10,Reg Season,Hiroshima Toyo Carp,Away,L,0,Yomiuri Giants,0,4,1,"0,0,0,0,0,0,0,0,0",16,Tokyo Dome,,,56000,GAME19880710YGHC0016
1988,1988-07-10,Reg Season,Yomiuri Giants,Home,W,1,Hiroshima Toyo Carp,1,4,0,"0,0,0,0,0,0,1,0,x",16,Tokyo Dome,,,56000,GAME19880710YGHC0016
1988,1988-07-11,Reg Season,Hiroshima Toyo Carp,Away,W,4,Yomiuri Giants,4,7,0,"0,0,0,3,0,0,0,0,1",17,Tokyo Dome,,,56000,GAME19880711YGHC0017
1988,1988-07-11,Reg Season,Yomiuri Giants,Home,L,2,Hiroshima Toyo Carp,2,7,0,"0,0,2,0,0,0,0,0,0",17,Tokyo Dome,,,56000,GAME19880711YGHC0017
1988,1988-07-12,Reg Season,Yokohama Taiyo Whales,Away,L,5,Chunichi Dragons,5,9,1,"0,0,0,0,0,3,2,0,0",13,Nagoya,,,35000,GAME19880712CDDB0013
1988,1988-07-12,Reg Season,Chunichi Dragons,Home,W,6,Yokohama Taiyo Whales,6,9,0,"0,1,0,3,0,0,0,0,2x",13,Nagoya,,,35000,GAME19880712CDDB0013
1988,1988-07-12,Reg Season,Hiroshima Toyo Carp,Away,L,2,Hanshin Tigers,2,5,0,"2,0,0,0,0,0,0,0,0",14,Hanshin Koshien Stadium,,,22000,GAME19880712HTHC0014
1988,1988-07-12,Reg Season,Hanshin Tigers,Home,W,4,Hiroshima Toyo Carp,4,12,1,"0,2,0,0,0,2,0,0,x",14,Hanshin Koshien Stadium,,,22000,GAME19880712HTHC0014
1988,1988-07-12,Reg Season,Lotte Orions,Away,W,1,Nippon-Ham Fighters,1,4,0,"0,1,0,0,0,0,0,0,0",16,Tokyo Dome,,,32000,GAME19880712NFLM0016
1988,1988-07-12,Reg Season,Nippon-Ham Fighters,Home,L,0,Lotte Orions,0,4,1,"0,0,0,0,0,0,0,0,0",16,Tokyo Dome,,,32000,GAME19880712NFLM0016
1988,1988-07-12,Reg Season,Seibu Lions,Away,T,8,Hankyu Braves,8,13,2,"0,1,1,2,0,0,0,0,4,0",15,Nishinomiya,,,25000,GAME19880712OBSL0015
1988,1988-07-12,Reg Season,Hankyu Braves,Home,T,8,Seibu Lions,8,16,3,"0,2,4,0,0,2,0,0,0,0",15,Nishinomiya,,,25000,GAME19880712OBSL0015
1988,1988-07-12,Reg Season,Kintetsu Buffaloes,Away,L,2,Nankai Hawks,2,8,0,"0,1,0,0,1,0,0,0,0",13,Osaka,,,10000,GAME19880712SHKI0013
1988,1988-07-12,Reg Season,Nankai Hawks,Home,W,5,Kintetsu Buffaloes,5,13,0,"1,0,0,3,0,0,1,0,x",13,Osaka,,,10000,GAME19880712SHKI0013
1988,1988-07-12,Reg Season,Yomiuri Giants,Away,W,9,Yakult Swallows,9,15,0,"1,4,1,0,0,3,0,0,0",14,Meiji Jingu Stadium,,,52000,GAME19880712YSYG0014
1988,1988-07-12,Reg Season,Yakult Swallows,Home,L,2,Yomiuri Giants,2,6,1,"0,0,0,0,0,0,0,1,1",14,Meiji Jingu Stadium,,,52000,GAME19880712YSYG0014
1988,1988-07-13,Reg Season,Yokohama Taiyo Whales,Away,L,3,Chunichi Dragons,3,9,0,"0,0,0,0,0,1,0,0,2",14,Nagoya,,,35000,GAME19880713CDDB0014
1988,1988-07-13,Reg Season,Chunichi Dragons,Home,W,7,Yokohama Taiyo Whales,7,17,0,"0,1,1,0,0,5,0,0,x",14,Nagoya,,,35000,GAME19880713CDDB0014
1988,1988-07-13,Reg Season,Hiroshima Toyo Carp,Away,W,2,Hanshin Tigers,2,5,0,"0,0,0,0,0,1,0,1,0",15,Hanshin Koshien Stadium,,,26000,GAME19880713HTHC0015
1988,1988-07-13,Reg Season,Hanshin Tigers,Home,L,1,Hiroshima Toyo Carp,1,6,0,"0,0,0,0,0,0,0,1,0",15,Hanshin Koshien Stadium,,,26000,GAME19880713HTHC0015
1988,1988-07-13,Reg Season,Lotte Orions,Away,L,3,Nippon-Ham Fighters,3,7,0,"0,0,0,0,0,0,0,0,3",17,Tokyo Dome,,,34000,GAME19880713NFLM0017
1988,1988-07-13,Reg Season,Nippon-Ham Fighters,Home,W,4,Lotte Orions,4,7,0,"0,0,0,0,0,0,0,0,4x",17,Tokyo Dome,,,34000,GAME19880713NFLM0017
1988,1988-07-13,Reg Season,Seibu Lions,Away,L,3,Hankyu Braves,3,9,0,"2,0,0,0,0,0,0,1,0",16,Nishinomiya,,,26000,GAME19880713OBSL0016
1988,1988-07-13,Reg Season,Hankyu Braves,Home,W,10,Seibu Lions,10,14,1,"0,4,0,1,2,0,0,3,x",16,Nishinomiya,,,26000,GAME19880713OBSL0016
1988,1988-07-13,Reg Season,Kintetsu Buffaloes,Away,L,2,Nankai Hawks,2,7,1,"0,0,2,0,0,0,0,0,0",14,Osaka,,,8000,GAME19880713SHKI0014
1988,1988-07-13,Reg Season,Nankai Hawks,Home,W,5,Kintetsu Buffaloes,5,9,1,"1,0,0,0,0,3,1,0,x",14,Osaka,,,8000,GAME19880713SHKI0014
1988,1988-07-13,Reg Season,Yomiuri Giants,Away,L,0,Yakult Swallows,0,7,0,"0,0,0,0,0,0,0,0,0",15,Meiji Jingu Stadium,,,52000,GAME19880713YSYG0015
1988,1988-07-13,Reg Season,Yakult Swallows,Home,W,2,Yomiuri Giants,2,5,0,"0,0,0,2,0,0,0,0,x",15,Meiji Jingu Stadium,,,52000,GAME19880713YSYG0015
1988,1988-07-14,Reg Season,Yomiuri Giants,Away,W,6,Yakult Swallows,6,11,0,"4,0,1,0,0,0,1,0,0",16,Meiji Jingu Stadium,,,52000,GAME19880714YSYG0016
1988,1988-07-14,Reg Season,Yakult Swallows,Home,L,3,Yomiuri Giants,3,12,1,"0,0,0,0,0,0,0,2,1",16,Meiji Jingu Stadium,,,52000,GAME19880714YSYG0016
1988,1988-07-15,Reg Season,Chunichi Dragons,Away,W,4,Hanshin Tigers,4,7,0,"0,0,0,1,0,0,0,0,3",12,Hanshin Koshien Stadium,,,27000,GAME19880715HTCD0012
1988,1988-07-15,Reg Season,Hanshin Tigers,Home,L,3,Chunichi Dragons,3,8,0,"0,1,0,0,0,0,0,0,2",12,Hanshin Koshien Stadium,,,27000,GAME19880715HTCD0012
1988,1988-07-15,Reg Season,Seibu Lions,Away,L,4,Nippon-Ham Fighters,4,8,1,"0,1,0,0,0,1,0,2,0",14,Tokyo Dome,,,56000,GAME19880715NFSL0014
1988,1988-07-15,Reg Season,Nippon-Ham Fighters,Home,W,5,Seibu Lions,5,10,0,"2,0,0,2,0,1,0,0,x",14,Tokyo Dome,,,56000,GAME19880715NFSL0014
1988,1988-07-15,Reg Season,Hankyu Braves,Away,W,3,Nankai Hawks,3,9,0,"0,0,0,0,2,1,0,0,0",15,Osaka,,,6000,GAME19880715SHOB0015
1988,1988-07-15,Reg Season,Nankai Hawks,Home,L,1,Hankyu Braves,1,8,0,"1,0,0,0,0,0,0,0,0",15,Osaka,,,6000,GAME19880715SHOB0015
1988,1988-07-16,Reg Season,Yomiuri Giants,Away,L,1,Yokohama Taiyo Whales,1,5,3,"0,0,0,0,1,0,0,0,0",14,Yokohama Stadium,,,30000,GAME19880716DBYG0014
1988,1988-07-16,Reg Season,Yokohama Taiyo Whales,Home,W,10,Yomiuri Giants,10,16,0,"0,1,1,2,3,1,0,2,x",14,Yokohama Stadium,,,30000,GAME19880716DBYG0014
1988,1988-07-16,Reg Season,Yakult Swallows,Away,L,3,Hiroshima Toyo Carp,3,11,0,"0,0,0,0,3,0,0,0,0",11,Chiyogadai Baseball Stadium,,,13000,GAME19880716HCYS0011
1988,1988-07-16,Reg Season,Hiroshima Toyo Carp,Home,W,4,Yakult Swallows,4,7,0,"3,0,1,0,0,0,0,0,x",11,Chiyogadai Baseball Stadium,,,13000,GAME19880716HCYS0011
1988,1988-07-16,Reg Season,Chunichi Dragons,Away,W,4,Hanshin Tigers,4,12,0,"0,1,1,0,0,0,2,0,0",13,Hanshin Koshien Stadium,,,50000,GAME19880716HTCD0013
1988,1988-07-16,Reg Season,Hanshin Tigers,Home,L,2,Chunichi Dragons,2,8,1,"0,1,0,0,1,0,0,0,0",13,Hanshin Koshien Stadium,,,50000,GAME19880716HTCD0013
1988,1988-07-16,Reg Season,Seibu Lions,Away,W,5,Nippon-Ham Fighters,5,5,1,"2,1,0,0,0,0,1,0,1",15,Tokyo Dome,,,56000,GAME19880716NFSL0015
1988,1988-07-16,Reg Season,Nippon-Ham Fighters,Home,L,3,Seibu Lions,3,5,1,"0,0,2,0,1,0,0,0,0",15,Tokyo Dome,,,56000,GAME19880716NFSL0015
1988,1988-07-16,Reg Season,Hankyu Braves,Away,L,0,Nankai Hawks,0,8,0,"0,0,0,0,0,0,0,0,0",16,Osaka,,,12000,GAME19880716SHOB0016
1988,1988-07-16,Reg Season,Nankai Hawks,Home,W,7,Hankyu Braves,7,11,1,"3,0,0,1,1,2,0,0,x",16,Osaka,,,12000,GAME19880716SHOB0016
1988,1988-07-17,Reg Season,Yomiuri Giants,Away,W,2,Yokohama Taiyo Whales,2,9,0,"0,0,0,0,0,0,0,0,2",15,Yokohama Stadium,,,30000,GAME19880717DBYG0015
1988,1988-07-17,Reg Season,Yokohama Taiyo Whales,Home,L,1,Yomiuri Giants,1,5,0,"0,0,1,0,0,0,0,0,0",15,Yokohama Stadium,,,30000,GAME19880717DBYG0015
1988,1988-07-17,Reg Season,Yakult Swallows,Away,W,4,Hiroshima Toyo Carp,4,7,0,"1,2,0,1,0",12,Aomori prefectural management,,,22000,GAME19880717HCYS0012
1988,1988-07-17,Reg Season,Hiroshima Toyo Carp,Home,L,1,Yakult Swallows,1,1,0,"0,0,0,1,0",12,Aomori prefectural management,,,22000,GAME19880717HCYS0012
1988,1988-07-17,Reg Season,Chunichi Dragons,Away,L,1,Hanshin Tigers,1,3,0,"0,0,0,0,0,0,0,1,0",14,Hanshin Koshien Stadium,,,32000,GAME19880717HTCD0014
1988,1988-07-17,Reg Season,Hanshin Tigers,Home,W,5,Chunichi Dragons,5,8,0,"1,3,0,0,0,0,1,0,x",14,Hanshin Koshien Stadium,,,32000,GAME19880717HTCD0014
1988,1988-07-17,Reg Season,Seibu Lions,Away,W,8,Nippon-Ham Fighters,8,12,0,"1,0,0,1,0,1,0,3,2",16,Tokyo Dome,,,56000,GAME19880717NFSL0016
1988,1988-07-17,Reg Season,Nippon-Ham Fighters,Home,L,2,Seibu Lions,2,6,1,"0,0,0,1,1,0,0,0,0",16,Tokyo Dome,,,56000,GAME19880717NFSL0016
1988,1988-07-17,Reg Season,Hankyu Braves,Away,W,4,Nankai Hawks,4,8,0,"0,0,0,0,0,1,3,0,0",17,Osaka,,,15000,GAME19880717SHOB0017
1988,1988-07-17,Reg Season,Nankai Hawks,Home,L,1,Hankyu Braves,1,3,1,"0,0,0,0,0,0,0,1,0",17,Osaka,,,15000,GAME19880717SHOB0017
1988,1988-07-18,Reg Season,Yomiuri Giants,Away,L,1,Yokohama Taiyo Whales,1,6,2,"1,0,0,0,0,0,0,0,0",16,Yokohama Stadium,,,30000,GAME19880718DBYG0016
1988,1988-07-18,Reg Season,Yokohama Taiyo Whales,Home,W,2,Yomiuri Giants,2,6,0,"0,0,1,0,0,0,1,0,x",16,Yokohama Stadium,,,30000,GAME19880718DBYG0016
1988,1988-07-19,Reg Season,Hiroshima Toyo Carp,Away,L,3,Yokohama Taiyo Whales,3,7,0,"0,0,1,0,0,0,2,0,0",11,Yokohama Stadium,,,20000,GAME19880719DBHC0011
1988,1988-07-19,Reg Season,Yokohama Taiyo Whales,Home,W,4,Hiroshima Toyo Carp,4,4,0,"0,0,0,2,0,0,0,0,2x",11,Yokohama Stadium,,,20000,GAME19880719DBHC0011
1988,1988-07-19,Reg Season,Nankai Hawks,Away,W,11,Lotte Orions,11,8,0,"4,2,0,0,1,2,1,1,0",13,Heiwadai,,,7000,GAME19880719LMSH0013
1988,1988-07-19,Reg Season,Lotte Orions,Home,L,3,Nankai Hawks,3,6,1,"0,0,1,1,1,0,0,0,0",13,Heiwadai,,,7000,GAME19880719LMSH0013
1988,1988-07-19,Reg Season,Nippon-Ham Fighters,Away,L,2,Hankyu Braves,2,5,0,"0,0,0,0,0,0,1,1,0",14,Nishinomiya,,,22000,GAME19880719OBNF0014
1988,1988-07-19,Reg Season,Hankyu Braves,Home,W,6,Nippon-Ham Fighters,6,10,0,"1,1,0,0,0,0,0,4,x",14,Nishinomiya,,,22000,GAME19880719OBNF0014
1988,1988-07-19,Reg Season,Kintetsu Buffaloes,Away,W,2,Seibu Lions,2,6,0,"0,0,0,0,0,1,0,0,0,1",15,Belluna Dome,,,26000,GAME19880719SLKI0015
1988,1988-07-19,Reg Season,Seibu Lions,Home,L,1,Kintetsu Buffaloes,1,5,0,"0,0,0,0,0,0,0,1,0,0",15,Belluna Dome,,,26000,GAME19880719SLKI0015
1988,1988-07-19,Reg Season,Hanshin Tigers,Away,L,0,Yomiuri Giants,0,4,2,"0,0,0,0,0,0,0,0,0",13,Tokyo Dome,,,56000,GAME19880719YGHT0013
1988,1988-07-19,Reg Season,Yomiuri Giants,Home,W,1,Hanshin Tigers,1,4,0,"0,0,0,1,0,0,0,0,x",13,Tokyo Dome,,,56000,GAME19880719YGHT0013
1988,1988-07-19,Reg Season,Chunichi Dragons,Away,W,1,Yakult Swallows,1,5,0,"0,0,0,0,0,0,1,0,0",12,Meiji Jingu Stadium,,,35000,GAME19880719YSCD0012
1988,1988-07-19,Reg Season,Yakult Swallows,Home,L,0,Chunichi Dragons,0,5,0,"0,0,0,0,0,0,0,0,0",12,Meiji Jingu Stadium,,,35000,GAME19880719YSCD0012
1988,1988-07-20,Reg Season,Hiroshima Toyo Carp,Away,L,2,Yokohama Taiyo Whales,2,8,2,"0,0,0,1,1,0,0,0,0",12,Yokohama Stadium,,,21000,GAME19880720DBHC0012
1988,1988-07-20,Reg Season,Yokohama Taiyo Whales,Home,W,4,Hiroshima Toyo Carp,4,10,1,"0,0,3,0,0,0,1,0,x",12,Yokohama Stadium,,,21000,GAME19880720DBHC0012
1988,1988-07-20,Reg Season,Nankai Hawks,Away,W,14,Lotte Orions,14,15,0,"5,0,0,0,1,1,0,7,0",14,Heiwadai,,,8000,GAME19880720LMSH0014
1988,1988-07-20,Reg Season,Lotte Orions,Home,L,2,Nankai Hawks,2,9,3,"0,0,0,0,1,0,1,0,0",14,Heiwadai,,,8000,GAME19880720LMSH0014
1988,1988-07-20,Reg Season,Hanshin Tigers,Away,L,1,Yomiuri Giants,1,7,0,"0,1,0,0,0,0,0,0,0",14,Tokyo Dome,,,56000,GAME19880720YGHT0014
1988,1988-07-20,Reg Season,Yomiuri Giants,Home,W,5,Hanshin Tigers,5,11,2,"1,0,0,4,0,0,0,0,x",14,Tokyo Dome,,,56000,GAME19880720YGHT0014
1988,1988-07-20,Reg Season,Chunichi Dragons,Away,W,4,Yakult Swallows,4,6,0,"1,0,0,1,0,0,0,0,2",13,Meiji Jingu Stadium,,,39000,GAME19880720YSCD0013
1988,1988-07-20,Reg Season,Yakult Swallows,Home,L,1,Chunichi Dragons,1,7,0,"0,0,0,1,0,0,0,0,0",13,Meiji Jingu Stadium,,,39000,GAME19880720YSCD0013
1988,1988-07-21,Reg Season,Hiroshima Toyo Carp,Away,W,7,Yokohama Taiyo Whales,7,15,0,"0,0,0,0,2,0,2,0,3",13,Yokohama Stadium,,,22000,GAME19880721DBHC0013
1988,1988-07-21,Reg Season,Yokohama Taiyo Whales,Home,L,3,Hiroshima Toyo Carp,3,10,0,"0,0,0,0,0,0,0,0,3",13,Yokohama Stadium,,,22000,GAME19880721DBHC0013
1988,1988-07-21,Reg Season,Nankai Hawks,Away,L,6,Lotte Orions,6,9,3,"1,0,0,0,0,2,2,0,1",15,Heiwadai,,,8000,GAME19880721LMSH0015
1988,1988-07-21,Reg Season,Lotte Orions,Home,W,10,Nankai Hawks,10,12,1,"2,1,0,1,2,0,0,4,x",15,Heiwadai,,,8000,GAME19880721LMSH0015
1988,1988-07-21,Reg Season,Nippon-Ham Fighters,Away,W,5,Hankyu Braves,5,11,0,"0,0,0,0,4,0,1,0,0",15,Nishinomiya,,,12000,GAME19880721OBNF0015
1988,1988-07-21,Reg Season,Hankyu Braves,Home,L,2,Nippon-Ham Fighters,2,7,0,"0,0,0,0,0,1,1,0,0",15,Nishinomiya,,,12000,GAME19880721OBNF0015
1988,1988-07-21,Reg Season,Kintetsu Buffaloes,Away,T,4,Seibu Lions,4,11,0,"2,1,0,0,0,1,0,0,0,0,0",16,Belluna Dome,,,32000,GAME19880721SLKI0016
1988,1988-07-21,Reg Season,Seibu Lions,Home,T,4,Kintetsu Buffaloes,4,8,0,"3,0,0,0,1,0,0,0,0,0,0",16,Belluna Dome,,,32000,GAME19880721SLKI0016
1988,1988-07-21,Reg Season,Hanshin Tigers,Away,W,1,Yomiuri Giants,1,5,0,"0,0,0,0,0,0,0,1,0",15,Tokyo Dome,,,56000,GAME19880721YGHT0015
1988,1988-07-21,Reg Season,Yomiuri Giants,Home,L,0,Hanshin Tigers,0,5,0,"0,0,0,0,0,0,0,0,0",15,Tokyo Dome,,,56000,GAME19880721YGHT0015
1988,1988-07-21,Reg Season,Chunichi Dragons,Away,W,10,Yakult Swallows,10,10,0,"1,0,1,0,5,2,0,0,1",14,Meiji Jingu Stadium,,,39000,GAME19880721YSCD0014
1988,1988-07-21,Reg Season,Yakult Swallows,Home,L,2,Chunichi Dragons,2,6,1,"0,0,1,0,0,0,1,0,0",14,Meiji Jingu Stadium,,,39000,GAME19880721YSCD0014
1988,1988-07-29,Reg Season,Yomiuri Giants,Away,L,2,Hiroshima Toyo Carp,2,9,1,"0,0,0,0,1,0,1,0,0",18,Hiroshima citizens,,,28000,GAME19880729HCYG0018
1988,1988-07-29,Reg Season,Hiroshima Toyo Carp,Home,W,5,Yomiuri Giants,5,9,0,"0,0,3,0,0,0,2,0,x",18,Hiroshima citizens,,,28000,GAME19880729HCYG0018
1988,1988-07-29,Reg Season,Yokohama Taiyo Whales,Away,W,7,Hanshin Tigers,7,12,0,"3,0,2,0,1,1,0,0,0",17,Hanshin Koshien Stadium,,,30000,GAME19880729HTDB0017
1988,1988-07-29,Reg Season,Hanshin Tigers,Home,L,1,Yokohama Taiyo Whales,1,6,3,"0,0,0,1,0,0,0,0,0",17,Hanshin Koshien Stadium,,,30000,GAME19880729HTDB0017
1988,1988-07-29,Reg Season,Seibu Lions,Away,T,2,Hankyu Braves,2,8,1,"0,0,0,2,0,0,0,0,0,0,0,0",17,Nishinomiya,,,40000,GAME19880729OBSL0017
1988,1988-07-29,Reg Season,Hankyu Braves,Home,T,2,Seibu Lions,2,11,1,"0,0,0,1,0,0,1,0,0,0,0,0",17,Nishinomiya,,,40000,GAME19880729OBSL0017
1988,1988-07-29,Reg Season,Lotte Orions,Away,L,0,Nankai Hawks,0,6,1,"0,0,0,0,0,0,0,0,0",16,Osaka,,,8000,GAME19880729SHLM0016
1988,1988-07-29,Reg Season,Nankai Hawks,Home,W,11,Lotte Orions,11,15,1,"4,0,0,0,2,0,1,4,x",16,Osaka,,,8000,GAME19880729SHLM0016
1988,1988-07-29,Reg Season,Chunichi Dragons,Away,W,5,Yakult Swallows,5,11,0,"0,1,1,0,1,0,1,1,0",15,Meiji Jingu Stadium,,,34000,GAME19880729YSCD0015
1988,1988-07-29,Reg Season,Yakult Swallows,Home,L,1,Chunichi Dragons,1,6,3,"0,1,0,0,0,0,0,0,0",15,Meiji Jingu Stadium,,,34000,GAME19880729YSCD0015
1988,1988-07-30,Reg Season,Yomiuri Giants,Away,L,2,Hiroshima Toyo Carp,2,7,0,"0,0,0,0,1,0,1,0,0,0",19,Hiroshima citizens,,,32000,GAME19880730HCYG0019
1988,1988-07-30,Reg Season,Hiroshima Toyo Carp,Home,W,3,Yomiuri Giants,3,8,1,"0,0,0,1,1,0,0,0,0,1x",19,Hiroshima citizens,,,32000,GAME19880730HCYG0019
1988,1988-07-30,Reg Season,Yokohama Taiyo Whales,Away,W,4,Hanshin Tigers,4,9,0,"0,0,0,0,0,0,0,3,0,0,1",18,Hanshin Koshien Stadium,,,36000,GAME19880730HTDB0018
1988,1988-07-30,Reg Season,Hanshin Tigers,Home,L,3,Yokohama Taiyo Whales,3,6,2,"0,0,0,1,0,2,0,0,0,0,0",18,Hanshin Koshien Stadium,,,36000,GAME19880730HTDB0018
1988,1988-07-30,Reg Season,Kintetsu Buffaloes,Away,W,4,Nippon-Ham Fighters,4,6,0,"2,0,0,0,0,0,1,0,1",17,Maruyama Track and Field Stadium,,,9000,GAME19880730NFKI0017
1988,1988-07-30,Reg Season,Nippon-Ham Fighters,Home,L,2,Kintetsu Buffaloes,2,9,2,"0,1,0,0,0,0,0,1,0",17,Maruyama Track and Field Stadium,,,9000,GAME19880730NFKI0017
1988,1988-07-30,Reg Season,Seibu Lions,Away,L,4,Hankyu Braves,4,12,1,"0,0,0,0,0,3,0,1,0",18,Nishinomiya,,,40000,GAME19880730OBSL0018
1988,1988-07-30,Reg Season,Hankyu Braves,Home,W,7,Seibu Lions,7,9,1,"1,0,1,0,0,0,0,0,5x",18,Nishinomiya,,,40000,GAME19880730OBSL0018
1988,1988-07-30,Reg Season,Lotte Orions,Away,W,8,Nankai Hawks,8,12,1,"0,0,0,3,1,0,4,0,0",17,Osaka,,,13000,GAME19880730SHLM0017
1988,1988-07-30,Reg Season,Nankai Hawks,Home,L,5,Lotte Orions,5,11,2,"0,0,0,0,0,2,0,3,0",17,Osaka,,,13000,GAME19880730SHLM0017
1988,1988-07-30,Reg Season,Chunichi Dragons,Away,W,1,Yakult Swallows,1,5,0,"0,0,0,0,0,0,0,0,0,1",16,Meiji Jingu Stadium,,,49000,GAME19880730YSCD0016
1988,1988-07-30,Reg Season,Yakult Swallows,Home,L,0,Chunichi Dragons,0,4,0,"0,0,0,0,0,0,0,0,0,0",16,Meiji Jingu Stadium,,,49000,GAME19880730YSCD0016
1988,1988-07-31,Reg Season,Yomiuri Giants,Away,W,6,Hiroshima Toyo Carp,6,7,0,"0,0,0,2,0,4,0,0,0",20,Hiroshima citizens,,,32000,GAME19880731HCYG0020
1988,1988-07-31,Reg Season,Hiroshima Toyo Carp,Home,L,5,Yomiuri Giants,5,9,1,"2,0,2,0,1,0,0,0,0",20,Hiroshima citizens,,,32000,GAME19880731HCYG0020
1988,1988-07-31,Reg Season,Yokohama Taiyo Whales,Away,L,0,Hanshin Tigers,0,7,0,"0,0,0,0,0,0,0,0,0",19,Hanshin Koshien Stadium,,,35000,GAME19880731HTDB0019
1988,1988-07-31,Reg Season,Hanshin Tigers,Home,W,4,Yokohama Taiyo Whales,4,10,0,"0,0,2,1,0,1,0,0,x",19,Hanshin Koshien Stadium,,,35000,GAME19880731HTDB0019
1988,1988-07-31,Reg Season,Kintetsu Buffaloes,Away,L,5,Nippon-Ham Fighters,5,12,0,"0,0,1,0,1,0,0,2,1",18,Maruyama Track and Field Stadium,,,20000,GAME19880731NFKI0018
1988,1988-07-31,Reg Season,Nippon-Ham Fighters,Home,W,8,Kintetsu Buffaloes,8,10,1,"2,0,1,0,1,0,4,0,x",18,Maruyama Track and Field Stadium,,,20000,GAME19880731NFKI0018
1988,1988-07-31,Reg Season,Seibu Lions,Away,L,6,Hankyu Braves,6,11,1,"0,1,0,0,0,1,1,1,2",19,Nishinomiya,,,43000,GAME19880731OBSL0019
1988,1988-07-31,Reg Season,Hankyu Braves,Home,W,9,Seibu Lions,9,13,1,"0,1,3,0,3,2,0,0,x",19,Nishinomiya,,,43000,GAME19880731OBSL0019
1988,1988-07-31,Reg Season,Lotte Orions,Away,L,2,Nankai Hawks,2,6,2,"0,1,0,0,1,0,0,0,0",18,Osaka,,,15000,GAME19880731SHLM0018
1988,1988-07-31,Reg Season,Nankai Hawks,Home,W,3,Lotte Orions,3,8,1,"0,0,0,1,1,0,0,0,1x",18,Osaka,,,15000,GAME19880731SHLM0018
1988,1988-07-31,Reg Season,Chunichi Dragons,Away,W,6,Yakult Swallows,6,7,0,"1,0,0,0,1,0,0,1,2,0,1",17,Meiji Jingu Stadium,,,46000,GAME19880731YSCD0017
1988,1988-07-31,Reg Season,Yakult Swallows,Home,L,5,Chunichi Dragons,5,12,1,"2,1,0,0,0,0,0,0,2,0,0",17,Meiji Jingu Stadium,,,46000,GAME19880731YSCD0017
1988,1988-08-02,Reg Season,Yokohama Taiyo Whales,Away,W,3,Chunichi Dragons,3,7,0,"0,2,1,0,0,0,0,0,0",15,Nagoya,,,35000,GAME19880802CDDB0015
1988,1988-08-02,Reg Season,Chunichi Dragons,Home,L,1,Yokohama Taiyo Whales,1,5,1,"0,1,0,0,0,0,0,0,0",15,Nagoya,,,35000,GAME19880802CDDB0015
1988,1988-08-02,Reg Season,Yomiuri Giants,Away,L,3,Hanshin Tigers,3,10,0,"2,0,0,0,0,0,0,0,1",16,Hanshin Koshien Stadium,,,55000,GAME19880802HTYG0016
1988,1988-08-02,Reg Season,Hanshin Tigers,Home,W,9,Yomiuri Giants,9,10,0,"0,5,0,0,0,1,3,0,x",16,Hanshin Koshien Stadium,,,55000,GAME19880802HTYG0016
1988,1988-08-02,Reg Season,Seibu Lions,Away,W,7,Kintetsu Buffaloes,7,13,0,"2,0,0,0,2,1,0,0,2",17,Fujiidera,,,31000,GAME19880802KISL0017
1988,1988-08-02,Reg Season,Kintetsu Buffaloes,Home,L,1,Seibu Lions,1,8,0,"0,0,0,0,0,1,0,0,0",17,Fujiidera,,,31000,GAME19880802KISL0017
1988,1988-08-02,Reg Season,Nankai Hawks,Away,L,2,Hankyu Braves,2,11,1,"0,1,0,0,0,1,0,0,0",18,Nishinomiya,,,16000,GAME19880802OBSH0018
1988,1988-08-02,Reg Season,Hankyu Braves,Home,W,5,Nankai Hawks,5,12,0,"3,1,0,0,0,0,1,0,x",18,Nishinomiya,,,16000,GAME19880802OBSH0018
1988,1988-08-02,Reg Season,Hiroshima Toyo Carp,Away,W,4,Yakult Swallows,4,7,1,"0,2,0,0,0,2,0,0,0",13,Meiji Jingu Stadium,,,18000,GAME19880802YSHC0013
1988,1988-08-02,Reg Season,Yakult Swallows,Home,L,3,Hiroshima Toyo Carp,3,8,0,"0,1,0,0,0,0,2,0,0",13,Meiji Jingu Stadium,,,18000,GAME19880802YSHC0013
1988,1988-08-03,Reg Season,Yokohama Taiyo Whales,Away,L,0,Chunichi Dragons,0,10,0,"0,0,0,0,0,0,0,0,0",16,Nagoya,,,35000,GAME19880803CDDB0016
1988,1988-08-03,Reg Season,Chunichi Dragons,Home,W,4,Yokohama Taiyo Whales,4,10,0,"0,0,0,0,0,3,1,0,x",16,Nagoya,,,35000,GAME19880803CDDB0016
1988,1988-08-03,Reg Season,Yomiuri Giants,Away,L,1,Hanshin Tigers,1,4,0,"0,1,0,0,0,0,0,0,0",17,Hanshin Koshien Stadium,,,55000,GAME19880803HTYG0017
1988,1988-08-03,Reg Season,Hanshin Tigers,Home,W,2,Yomiuri Giants,2,6,0,"0,0,0,0,0,2,0,0,x",17,Hanshin Koshien Stadium,,,55000,GAME19880803HTYG0017
1988,1988-08-03,Reg Season,Seibu Lions,Away,L,3,Kintetsu Buffaloes,3,8,0,"2,0,0,1,0,0,0,0,0",18,Fujiidera,,,31000,GAME19880803KISL0018
1988,1988-08-03,Reg Season,Kintetsu Buffaloes,Home,W,4,Seibu Lions,4,10,2,"0,3,0,0,1,0,0,0,x",18,Fujiidera,,,31000,GAME19880803KISL0018
1988,1988-08-03,Reg Season,Nippon-Ham Fighters,Away,W,7,Lotte Orions,7,11,3,"0,1,1,1,0,0,0,3,1",18,Kawasaki,,,8000,GAME19880803LMNF0018
1988,1988-08-03,Reg Season,Lotte Orions,Home,L,4,Nippon-Ham Fighters,4,11,1,"0,0,1,1,2,0,0,0,0",18,Kawasaki,,,8000,GAME19880803LMNF0018
1988,1988-08-03,Reg Season,Nankai Hawks,Away,W,5,Hankyu Braves,5,14,1,"1,0,0,1,1,0,0,0,0,2",19,Nishinomiya,,,15000,GAME19880803OBSH0019
1988,1988-08-03,Reg Season,Hankyu Braves,Home,L,3,Nankai Hawks,3,10,0,"0,0,0,2,0,0,0,0,1,0",19,Nishinomiya,,,15000,GAME19880803OBSH0019
1988,1988-08-03,Reg Season,Hiroshima Toyo Carp,Away,L,4,Yakult Swallows,4,9,0,"2,0,1,0,0,0,1,0,0",14,Meiji Jingu Stadium,,,31000,GAME19880803YSHC0014
1988,1988-08-03,Reg Season,Yakult Swallows,Home,W,5,Hiroshima Toyo Carp,5,10,0,"1,0,0,1,0,0,0,3,x",14,Meiji Jingu Stadium,,,31000,GAME19880803YSHC0014
1988,1988-08-04,Reg Season,Yokohama Taiyo Whales,Away,T,5,Chunichi Dragons,5,15,0,"1,0,1,0,0,0,2,0,0,0,1,0",17,Nagoya,,,35000,GAME19880804CDDB0017
1988,1988-08-04,Reg Season,Chunichi Dragons,Home,T,5,Yokohama Taiyo Whales,5,12,3,"0,0,0,4,0,0,0,0,0,0,1,0",17,Nagoya,,,35000,GAME19880804CDDB0017
1988,1988-08-04,Reg Season,Yomiuri Giants,Away,W,7,Hanshin Tigers,7,11,1,"0,0,0,0,2,1,0,0,4",18,Hanshin Koshien Stadium,,,55000,GAME19880804HTYG0018
1988,1988-08-04,Reg Season,Hanshin Tigers,Home,L,3,Yomiuri Giants,3,6,1,"0,0,0,2,0,0,0,1,0",18,Hanshin Koshien Stadium,,,55000,GAME19880804HTYG0018
1988,1988-08-04,Reg Season,Seibu Lions,Away,W,4,Kintetsu Buffaloes,4,9,0,"0,2,0,2,0,0,0,0,0",19,Fujiidera,,,31000,GAME19880804KISL0019
1988,1988-08-04,Reg Season,Kintetsu Buffaloes,Home,L,1,Seibu Lions,1,6,0,"0,0,0,0,0,1,0,0,0",19,Fujiidera,,,31000,GAME19880804KISL0019
1988,1988-08-04,Reg Season,Nippon-Ham Fighters,Away,L,2,Lotte Orions,2,6,0,"0,0,0,0,0,2,0,0,0",19,Kawasaki,,,6000,GAME19880804LMNF0019
1988,1988-08-04,Reg Season,Lotte Orions,Home,W,3,Nippon-Ham Fighters,3,8,0,"0,0,1,0,0,0,2,0,x",19,Kawasaki,,,6000,GAME19880804LMNF0019
1988,1988-08-04,Reg Season,Nankai Hawks,Away,W,8,Hankyu Braves,8,13,1,"2,2,0,3,0,0,0,0,1",20,Nishinomiya,,,17000,GAME19880804OBSH0020
1988,1988-08-04,Reg Season,Hankyu Braves,Home,L,6,Nankai Hawks,6,15,3,"4,1,0,1,0,0,0,0,0",20,Nishinomiya,,,17000,GAME19880804OBSH0020
1988,1988-08-04,Reg Season,Hiroshima Toyo Carp,Away,L,3,Yakult Swallows,3,5,0,"3,0,0,0,0,0,0,0,0,0",15,Meiji Jingu Stadium,,,38000,GAME19880804YSHC0015
1988,1988-08-04,Reg Season,Yakult Swallows,Home,W,4,Hiroshima Toyo Carp,4,9,0,"1,0,0,0,0,0,0,0,2,1x",15,Meiji Jingu Stadium,,,38000,GAME19880804YSHC0015
1988,1988-08-05,Reg Season,Hanshin Tigers,Away,W,10,Chunichi Dragons,10,16,0,"0,7,0,0,0,2,1,0,0",15,Nagoya,,,35000,GAME19880805CDHT0015
1988,1988-08-05,Reg Season,Chunichi Dragons,Home,L,3,Hanshin Tigers,3,9,1,"0,0,0,3,0,0,0,0,0",15,Nagoya,,,35000,GAME19880805CDHT0015
1988,1988-08-05,Reg Season,Hiroshima Toyo Carp,Away,L,5,Yokohama Taiyo Whales,5,7,0,"0,0,0,0,0,1,0,4,0",14,Yokohama Stadium,,,22000,GAME19880805DBHC0014
1988,1988-08-05,Reg Season,Yokohama Taiyo Whales,Home,W,7,Hiroshima Toyo Carp,7,10,0,"0,5,0,0,0,0,0,2,x",14,Yokohama Stadium,,,22000,GAME19880805DBHC0014
1988,1988-08-05,Reg Season,Kintetsu Buffaloes,Away,W,5,Hankyu Braves,5,8,0,"0,1,0,4,0,0x",14,Nishinomiya,,,15000,GAME19880805OBKI0014
1988,1988-08-05,Reg Season,Hankyu Braves,Home,L,1,Kintetsu Buffaloes,1,3,1,"0,0,0,1,0",14,Nishinomiya,,,15000,GAME19880805OBKI0014
1988,1988-08-05,Reg Season,Nippon-Ham Fighters,Away,L,1,Nankai Hawks,1,8,0,"0,0,0,1,0,0,0,0,0",16,Osaka,,,12000,GAME19880805SHNF0016
1988,1988-08-05,Reg Season,Nankai Hawks,Home,W,3,Nippon-Ham Fighters,3,8,0,"0,1,2,0,0,0,0,0,x",16,Osaka,,,12000,GAME19880805SHNF0016
1988,1988-08-05,Reg Season,Lotte Orions,Away,L,3,Seibu Lions,3,10,0,"1,1,0,1,0,0,0,0,0,0",18,Belluna Dome,,,32000,GAME19880805SLLM0018
1988,1988-08-05,Reg Season,Seibu Lions,Home,W,4,Lotte Orions,4,7,0,"0,2,0,0,0,0,1,0,0,1x",18,Belluna Dome,,,32000,GAME19880805SLLM0018
1988,1988-08-05,Reg Season,Yomiuri Giants,Away,L,2,Yakult Swallows,2,6,1,"0,0,0,1,0,1,0,0,0",17,Meiji Jingu Stadium,,,52000,GAME19880805YSYG0017
1988,1988-08-05,Reg Season,Yakult Swallows,Home,W,7,Yomiuri Giants,7,12,0,"3,0,0,0,3,0,0,1,x",17,Meiji Jingu Stadium,,,52000,GAME19880805YSYG0017
1988,1988-08-06,Reg Season,Hanshin Tigers,Away,L,4,Chunichi Dragons,4,13,0,"1,0,1,0,0,2,0,0,0",16,Nagoya,,,35000,GAME19880806CDHT0016
1988,1988-08-06,Reg Season,Chunichi Dragons,Home,W,5,Hanshin Tigers,5,10,1,"1,0,0,0,1,0,0,2,1x",16,Nagoya,,,35000,GAME19880806CDHT0016
1988,1988-08-06,Reg Season,Hiroshima Toyo Carp,Away,W,5,Yokohama Taiyo Whales,5,10,0,"0,0,0,0,4,1,0,0,0",15,Yokohama Stadium,,,30000,GAME19880806DBHC0015
1988,1988-08-06,Reg Season,Yokohama Taiyo Whales,Home,L,4,Hiroshima Toyo Carp,4,8,1,"1,0,0,0,0,0,0,1,2",15,Yokohama Stadium,,,30000,GAME19880806DBHC0015
1988,1988-08-06,Reg Season,Kintetsu Buffaloes,Away,W,6,Hankyu Braves,6,9,2,"2,3,0,0,0,0,0,1,0",15,Nishinomiya,,,25000,GAME19880806OBKI0015
1988,1988-08-06,Reg Season,Hankyu Braves,Home,L,3,Kintetsu Buffaloes,3,8,0,"0,1,0,0,0,0,0,0,2",15,Nishinomiya,,,25000,GAME19880806OBKI0015
1988,1988-08-06,Reg Season,Nippon-Ham Fighters,Away,W,5,Nankai Hawks,5,11,0,"0,0,0,5,0,0,0,0,0",17,Osaka,,,18000,GAME19880806SHNF0017
1988,1988-08-06,Reg Season,Nankai Hawks,Home,L,3,Nippon-Ham Fighters,3,8,1,"2,0,0,0,0,0,1,0,0",17,Osaka,,,18000,GAME19880806SHNF0017
1988,1988-08-06,Reg Season,Lotte Orions,Away,L,6,Seibu Lions,6,13,3,"0,1,0,1,0,3,1,0,0",19,Belluna Dome,,,40000,GAME19880806SLLM0019
1988,1988-08-06,Reg Season,Seibu Lions,Home,W,14,Lotte Orions,14,18,2,"0,4,1,5,0,4,0,0,x",19,Belluna Dome,,,40000,GAME19880806SLLM0019
1988,1988-08-06,Reg Season,Yomiuri Giants,Away,L,3,Yakult Swallows,3,7,2,"0,2,0,0,0,0,1,0,0,0",18,Meiji Jingu Stadium,,,52000,GAME19880806YSYG0018
1988,1988-08-06,Reg Season,Yakult Swallows,Home,W,4,Yomiuri Giants,4,7,0,"0,0,0,3,0,0,0,0,0,1x",18,Meiji Jingu Stadium,,,52000,GAME19880806YSYG0018
1988,1988-08-07,Reg Season,Hanshin Tigers,Away,L,2,Chunichi Dragons,2,8,0,"0,0,0,1,0,0,1,0,0",17,Nagoya,,,35000,GAME19880807CDHT0017
1988,1988-08-07,Reg Season,Chunichi Dragons,Home,W,3,Hanshin Tigers,3,5,0,"0,0,0,0,0,0,0,3,x",17,Nagoya,,,35000,GAME19880807CDHT0017
1988,1988-08-07,Reg Season,Hiroshima Toyo Carp,Away,W,2,Yokohama Taiyo Whales,2,9,0,"0,0,1,1,0,0,0,0,0",16,Yokohama Stadium,,,27000,GAME19880807DBHC0016
1988,1988-08-07,Reg Season,Yokohama Taiyo Whales,Home,L,1,Hiroshima Toyo Carp,1,8,0,"0,0,0,0,0,1,0,0,0",16,Yokohama Stadium,,,27000,GAME19880807DBHC0016
1988,1988-08-07,Reg Season,Kintetsu Buffaloes,Away,W,5,Hankyu Braves,5,11,1,"0,2,0,0,1,0,0,2,0",16,Nishinomiya,,,30000,GAME19880807OBKI0016
1988,1988-08-07,Reg Season,Hankyu Braves,Home,L,3,Kintetsu Buffaloes,3,5,2,"0,0,0,0,0,0,0,0,3",16,Nishinomiya,,,30000,GAME19880807OBKI0016
1988,1988-08-07,Reg Season,Nippon-Ham Fighters,Away,W,3,Nankai Hawks,3,7,0,"2,0,0,0,0,1,0,0,0",18,Osaka,,,20000,GAME19880807SHNF0018
1988,1988-08-07,Reg Season,Nankai Hawks,Home,L,0,Nippon-Ham Fighters,0,9,2,"0,0,0,0,0,0,0,0,0",18,Osaka,,,20000,GAME19880807SHNF0018
1988,1988-08-07,Reg Season,Lotte Orions,Away,L,1,Seibu Lions,1,7,0,"0,0,0,0,0,1,0,0,0",20,Belluna Dome,,,38000,GAME19880807SLLM0020
1988,1988-08-07,Reg Season,Seibu Lions,Home,W,9,Lotte Orions,9,10,1,"1,0,2,0,6,0,0,0,x",20,Belluna Dome,,,38000,GAME19880807SLLM0020
1988,1988-08-07,Reg Season,Yomiuri Giants,Away,L,4,Yakult Swallows,4,6,0,"2,0,0,0,2,0,0,0,0",19,Meiji Jingu Stadium,,,52000,GAME19880807YSYG0019
1988,1988-08-07,Reg Season,Yakult Swallows,Home,W,5,Yomiuri Giants,5,8,2,"2,0,0,0,2,0,1,0,x",19,Meiji Jingu Stadium,,,52000,GAME19880807YSYG0019
1988,1988-08-09,Reg Season,Yakult Swallows,Away,W,7,Yokohama Taiyo Whales,7,12,2,"0,0,0,3,0,0,0,4,0",16,Yokohama Stadium,,,26000,GAME19880809DBYS0016
1988,1988-08-09,Reg Season,Yokohama Taiyo Whales,Home,L,5,Yakult Swallows,5,9,0,"0,0,0,0,0,1,4,0,0",16,Yokohama Stadium,,,26000,GAME19880809DBYS0016
1988,1988-08-09,Reg Season,Hanshin Tigers,Away,W,5,Hiroshima Toyo Carp,5,6,1,"0,1,3,0,1,0,0,0,0",16,Hiroshima citizens,,,19000,GAME19880809HCHT0016
1988,1988-08-09,Reg Season,Hiroshima Toyo Carp,Home,L,3,Hanshin Tigers,3,8,0,"1,0,0,0,0,2,0,0,0",16,Hiroshima citizens,,,19000,GAME19880809HCHT0016
1988,1988-08-09,Reg Season,Kintetsu Buffaloes,Away,W,5,Lotte Orions,5,9,0,"2,0,2,0,0,0,1,0,0",12,Rakuten Seimei Park Miyagi,,,9000,GAME19880809LMKI0012
1988,1988-08-09,Reg Season,Lotte Orions,Home,L,1,Kintetsu Buffaloes,1,8,1,"0,0,0,1,0,0,0,0,0",12,Rakuten Seimei Park Miyagi,,,9000,GAME19880809LMKI0012
1988,1988-08-09,Reg Season,Hankyu Braves,Away,L,2,Nippon-Ham Fighters,2,9,2,"0,0,0,0,1,0,1,0,0",16,Iwate Prefectural Baseball Field,,,9500,GAME19880809NFOB0016
1988,1988-08-09,Reg Season,Nippon-Ham Fighters,Home,W,3,Hankyu Braves,3,10,1,"0,1,0,1,0,0,0,1,x",16,Iwate Prefectural Baseball Field,,,9500,GAME19880809NFOB0016
1988,1988-08-09,Reg Season,Seibu Lions,Away,W,8,Nankai Hawks,8,14,0,"0,0,0,0,4,0,0,1,3",14,Osaka,,,28000,GAME19880809SHSL0014
1988,1988-08-09,Reg Season,Nankai Hawks,Home,L,1,Seibu Lions,1,10,0,"1,0,0,0,0,0,0,0,0",14,Osaka,,,28000,GAME19880809SHSL0014
1988,1988-08-09,Reg Season,Chunichi Dragons,Away,L,3,Yomiuri Giants,3,8,2,"0,0,0,0,0,1,0,2,0",17,Tokyo Dome,,,56000,GAME19880809YGCD0017
1988,1988-08-09,Reg Season,Yomiuri Giants,Home,W,11,Chunichi Dragons,11,10,0,"4,0,2,5,0,0,0,0,x",17,Tokyo Dome,,,56000,GAME19880809YGCD0017
1988,1988-08-10,Reg Season,Hanshin Tigers,Away,L,1,Hiroshima Toyo Carp,1,6,0,"1,0,0,0,0,0,0,0,0",17,Hiroshima citizens,,,15000,GAME19880810HCHT0017
1988,1988-08-10,Reg Season,Hiroshima Toyo Carp,Home,W,5,Hanshin Tigers,5,6,0,"0,0,3,0,0,0,0,2,x",17,Hiroshima citizens,,,15000,GAME19880810HCHT0017
1988,1988-08-10,Reg Season,Kintetsu Buffaloes,Away,W,2,Lotte Orions,2,6,3,"0,0,0,0,1,0,0,1,0",13,Rakuten Seimei Park Miyagi,,,8000,GAME19880810LMKI0013
1988,1988-08-10,Reg Season,Lotte Orions,Home,L,0,Kintetsu Buffaloes,0,3,0,"0,0,0,0,0,0,0,0,0",13,Rakuten Seimei Park Miyagi,,,8000,GAME19880810LMKI0013
1988,1988-08-10,Reg Season,Hankyu Braves,Away,W,5,Nippon-Ham Fighters,5,10,1,"0,0,2,0,0,0,1,2,0",17,Fukushima Azuma Baseball Stadium,,,13000,GAME19880810NFOB0017
1988,1988-08-10,Reg Season,Nippon-Ham Fighters,Home,L,3,Hankyu Braves,3,6,3,"0,0,0,0,1,0,0,0,2",17,Fukushima Azuma Baseball Stadium,,,13000,GAME19880810NFOB0017
1988,1988-08-10,Reg Season,Chunichi Dragons,Away,W,4,Yomiuri Giants,4,4,1,"0,3,0,0,1,0,0,0,0",18,Tokyo Dome,,,56000,GAME19880810YGCD0018
1988,1988-08-10,Reg Season,Yomiuri Giants,Home,L,0,Chunichi Dragons,0,5,2,"0,0,0,0,0,0,0,0,0",18,Tokyo Dome,,,56000,GAME19880810YGCD0018
1988,1988-08-11,Reg Season,Hanshin Tigers,Away,W,5,Hiroshima Toyo Carp,5,7,0,"0,0,0,0,4,0,1,0,0",18,Hiroshima citizens,,,18000,GAME19880811HCHT0018
1988,1988-08-11,Reg Season,Hiroshima Toyo Carp,Home,L,0,Hanshin Tigers,0,5,0,"0,0,0,0,0,0,0,0,0",18,Hiroshima citizens,,,18000,GAME19880811HCHT0018
1988,1988-08-11,Reg Season,Seibu Lions,Away,L,3,Nankai Hawks,3,8,1,"0,0,0,0,1,2,0,0,0",15,Osaka,,,28000,GAME19880811SHSL0015
1988,1988-08-11,Reg Season,Nankai Hawks,Home,W,5,Seibu Lions,5,7,0,"0,0,3,0,2,0,0,0,x",15,Osaka,,,28000,GAME19880811SHSL0015
1988,1988-08-11,Reg Season,Chunichi Dragons,Away,W,3,Yomiuri Giants,3,6,0,"0,0,0,0,1,2,0,0,0",19,Tokyo Dome,,,56000,GAME19880811YGCD0019
1988,1988-08-11,Reg Season,Yomiuri Giants,Home,L,2,Chunichi Dragons,2,9,0,"1,0,0,0,0,0,0,1,0",19,Tokyo Dome,,,56000,GAME19880811YGCD0019
1988,1988-08-12,Reg Season,Yokohama Taiyo Whales,Away,L,2,Hiroshima Toyo Carp,2,7,0,"0,2,0,0,0,0,0,0,0",17,Hiroshima citizens,,,12000,GAME19880812HCDB0017
1988,1988-08-12,Reg Season,Hiroshima Toyo Carp,Home,W,9,Yokohama Taiyo Whales,9,13,0,"6,0,0,0,0,0,3,0,x",17,Hiroshima citizens,,,12000,GAME19880812HCDB0017
1988,1988-08-13,Reg Season,Yakult Swallows,Away,L,1,Chunichi Dragons,1,10,2,"0,0,1,0,0,0,0,0,0",18,Nagoya,,,35000,GAME19880813CDYS0018
1988,1988-08-13,Reg Season,Chunichi Dragons,Home,W,8,Yakult Swallows,8,10,1,"3,3,0,0,1,0,1,0,x",18,Nagoya,,,35000,GAME19880813CDYS0018
1988,1988-08-13,Reg Season,Yokohama Taiyo Whales,Away,L,1,Hiroshima Toyo Carp,1,7,1,"0,0,0,1,0,0,0,0,0",18,Hiroshima citizens,,,20000,GAME19880813HCDB0018
1988,1988-08-13,Reg Season,Hiroshima Toyo Carp,Home,W,8,Yokohama Taiyo Whales,8,10,0,"0,1,0,0,0,2,5,0,x",18,Hiroshima citizens,,,20000,GAME19880813HCDB0018
1988,1988-08-13,Reg Season,Hankyu Braves,Away,W,7,Lotte Orions,7,10,1,"3,1,1,0,2,0,0,0,0",12,Kawasaki,,,12000,GAME19880813LMOB0012
1988,1988-08-13,Reg Season,Lotte Orions,Home,L,5,Hankyu Braves,5,10,0,"0,0,0,0,3,0,0,2,0",12,Kawasaki,,,12000,GAME19880813LMOB0012
1988,1988-08-13,Reg Season,Kintetsu Buffaloes,Away,W,1,Nankai Hawks,1,5,1,"0,0,0,0,0,0,0,0,1",15,Osaka,,,27000,GAME19880813SHKI0015
1988,1988-08-13,Reg Season,Nankai Hawks,Home,L,0,Kintetsu Buffaloes,0,4,0,"0,0,0,0,0,0,0,0,0",15,Osaka,,,27000,GAME19880813SHKI0015
1988,1988-08-13,Reg Season,Nippon-Ham Fighters,Away,T,6,Seibu Lions,6,8,0,"4,0,2,0,0,0,0,0,0,0,0,0",17,Belluna Dome,,,45000,GAME19880813SLNF0017
1988,1988-08-13,Reg Season,Seibu Lions,Home,T,6,Nippon-Ham Fighters,6,11,0,"1,0,0,3,0,1,1,0,0,0,0,0",17,Belluna Dome,,,45000,GAME19880813SLNF0017
1988,1988-08-13,Reg Season,Hanshin Tigers,Away,L,0,Yomiuri Giants,0,4,0,"0,0,0,0,0,0,0,0,0",19,Tokyo Dome,,,56000,GAME19880813YGHT0019
1988,1988-08-13,Reg Season,Yomiuri Giants,Home,W,7,Hanshin Tigers,7,13,0,"0,0,3,0,0,2,0,2,x",19,Tokyo Dome,,,56000,GAME19880813YGHT0019
1988,1988-08-14,Reg Season,Yakult Swallows,Away,L,4,Chunichi Dragons,4,11,0,"0,0,2,0,2,0,0,0,0",19,Nagoya,,,35000,GAME19880814CDYS0019
1988,1988-08-14,Reg Season,Chunichi Dragons,Home,W,5,Yakult Swallows,5,8,1,"0,2,1,0,0,0,0,0,2x",19,Nagoya,,,35000,GAME19880814CDYS0019
1988,1988-08-14,Reg Season,Yokohama Taiyo Whales,Away,L,3,Hiroshima Toyo Carp,3,10,0,"2,1,0,0,0,0,0,0,0",19,Hiroshima citizens,,,21000,GAME19880814HCDB0019
1988,1988-08-14,Reg Season,Hiroshima Toyo Carp,Home,W,6,Yokohama Taiyo Whales,6,10,1,"1,0,0,0,5,0,0,0,x",19,Hiroshima citizens,,,21000,GAME19880814HCDB0019
1988,1988-08-14,Reg Season,Hankyu Braves,Away,L,4,Lotte Orions,4,3,0,"0,0,1,0,0,2,0,1,0",13,Kawasaki,,,14000,GAME19880814LMOB0013
1988,1988-08-14,Reg Season,Lotte Orions,Home,W,9,Hankyu Braves,9,13,1,"0,0,3,2,1,0,3,0,x",13,Kawasaki,,,14000,GAME19880814LMOB0013
1988,1988-08-14,Reg Season,Kintetsu Buffaloes,Away,W,2,Nankai Hawks,2,7,1,"0,0,0,0,1,1,0,0,0",16,Osaka,,,26000,GAME19880814SHKI0016
1988,1988-08-14,Reg Season,Nankai Hawks,Home,L,1,Kintetsu Buffaloes,1,8,1,"0,0,0,0,0,1,0,0,0",16,Osaka,,,26000,GAME19880814SHKI0016
1988,1988-08-14,Reg Season,Nippon-Ham Fighters,Away,W,5,Seibu Lions,5,8,0,"1,0,0,1,0,0,0,0,3",18,Belluna Dome,,,45000,GAME19880814SLNF0018
1988,1988-08-14,Reg Season,Seibu Lions,Home,L,3,Nippon-Ham Fighters,3,4,0,"1,0,0,0,0,1,1,0,0",18,Belluna Dome,,,45000,GAME19880814SLNF0018
1988,1988-08-14,Reg Season,Hanshin Tigers,Away,T,3,Yomiuri Giants,3,7,0,"0,0,3,0,0,0,0,0,0,0,0,0",20,Tokyo Dome,,,56000,GAME19880814YGHT0020
1988,1988-08-14,Reg Season,Yomiuri Giants,Home,T,3,Hanshin Tigers,3,8,0,"2,0,1,0,0,0,0,0,0,0,0,0",20,Tokyo Dome,,,56000,GAME19880814YGHT0020
1988,1988-08-15,Reg Season,Hankyu Braves,Away,L,6,Lotte Orions,6,10,2,"0,1,0,1,1,0,1,2,0",14,Kawasaki,,,7000,GAME19880815LMOB0014
1988,1988-08-15,Reg Season,Lotte Orions,Home,W,7,Hankyu Braves,7,11,1,"5,0,0,0,1,1,0,0,x",14,Kawasaki,,,7000,GAME19880815LMOB0014
1988,1988-08-15,Reg Season,Kintetsu Buffaloes,Away,L,7,Nankai Hawks,7,14,1,"3,0,0,0,0,3,1,0,0",17,Osaka,,,28000,GAME19880815SHKI0017
1988,1988-08-15,Reg Season,Nankai Hawks,Home,W,10,Kintetsu Buffaloes,10,11,0,"0,0,0,1,0,4,5,0,x",17,Osaka,,,28000,GAME19880815SHKI0017
1988,1988-08-15,Reg Season,Hanshin Tigers,Away,L,3,Yomiuri Giants,3,9,0,"0,1,0,0,0,0,0,1,1",21,Tokyo Dome,,,56000,GAME19880815YGHT0021
1988,1988-08-15,Reg Season,Yomiuri Giants,Home,W,4,Hanshin Tigers,4,10,1,"0,1,0,1,0,0,2,0,x",21,Tokyo Dome,,,56000,GAME19880815YGHT0021
1988,1988-08-16,Reg Season,Chunichi Dragons,Away,W,2,Hanshin Tigers,2,6,1,"0,0,0,1,0,1,0,0,0",18,Kobe Athletic Park Baseball Field,,,34000,GAME19880816HTCD0018
1988,1988-08-16,Reg Season,Hanshin Tigers,Home,L,0,Chunichi Dragons,0,2,1,"0,0,0,0,0,0,0,0,0",18,Kobe Athletic Park Baseball Field,,,34000,GAME19880816HTCD0018
1988,1988-08-16,Reg Season,Hiroshima Toyo Carp,Away,L,1,Yomiuri Giants,1,9,1,"0,0,0,0,0,1,0,0,0",21,Tokyo Dome,,,56000,GAME19880816YGHC0021
1988,1988-08-16,Reg Season,Yomiuri Giants,Home,W,2,Hiroshima Toyo Carp,2,7,1,"0,0,0,1,0,0,0,0,1x",21,Tokyo Dome,,,56000,GAME19880816YGHC0021
1988,1988-08-16,Reg Season,Yokohama Taiyo Whales,Away,W,2,Yakult Swallows,2,11,0,"1,0,0,0,0,1,0,0,0",17,Meiji Jingu Stadium,,,27000,GAME19880816YSDB0017
1988,1988-08-16,Reg Season,Yakult Swallows,Home,L,1,Yokohama Taiyo Whales,1,3,0,"0,0,1,0,0,0,0,0,0",17,Meiji Jingu Stadium,,,27000,GAME19880816YSDB0017
1988,1988-08-17,Reg Season,Chunichi Dragons,Away,W,5,Hanshin Tigers,5,9,2,"0,0,0,3,2,0,0,0,0",19,Kobe Athletic Park Baseball Field,,,31000,GAME19880817HTCD0019
1988,1988-08-17,Reg Season,Hanshin Tigers,Home,L,3,Chunichi Dragons,3,6,0,"0,0,0,1,1,0,0,0,1",19,Kobe Athletic Park Baseball Field,,,31000,GAME19880817HTCD0019
1988,1988-08-17,Reg Season,Lotte Orions,Away,L,4,Kintetsu Buffaloes,4,11,0,"0,0,0,0,0,4,0,0,0",14,Fujiidera,,,11000,GAME19880817KILM0014
1988,1988-08-17,Reg Season,Kintetsu Buffaloes,Home,W,5,Lotte Orions,5,12,2,"3,0,1,1,0,0,0,0,x",14,Fujiidera,,,11000,GAME19880817KILM0014
1988,1988-08-17,Reg Season,Nankai Hawks,Away,L,2,Seibu Lions,2,7,1,"1,0,0,0,0,0,1,0,0",16,Belluna Dome,,,30000,GAME19880817SLSH0016
1988,1988-08-17,Reg Season,Seibu Lions,Home,W,10,Nankai Hawks,10,14,0,"0,0,0,2,7,0,1,0,x",16,Belluna Dome,,,30000,GAME19880817SLSH0016
1988,1988-08-17,Reg Season,Hiroshima Toyo Carp,Away,L,1,Yomiuri Giants,1,5,2,"0,0,0,0,0,0,0,1,0",22,Tokyo Dome,,,56000,GAME19880817YGHC0022
1988,1988-08-17,Reg Season,Yomiuri Giants,Home,W,3,Hiroshima Toyo Carp,3,6,0,"0,0,0,0,2,0,0,1,x",22,Tokyo Dome,,,56000,GAME19880817YGHC0022
1988,1988-08-17,Reg Season,Yokohama Taiyo Whales,Away,W,5,Yakult Swallows,5,10,0,"0,0,0,1,0,0,0,4,0",18,Meiji Jingu Stadium,,,26000,GAME19880817YSDB0018
1988,1988-08-17,Reg Season,Yakult Swallows,Home,L,4,Yokohama Taiyo Whales,4,9,4,"0,0,0,1,0,0,0,3,0",18,Meiji Jingu Stadium,,,26000,GAME19880817YSDB0018
1988,1988-08-18,Reg Season,Yokohama Taiyo Whales,Away,L,2,Yakult Swallows,2,11,0,"0,0,0,0,0,1,0,1,0",19,Meiji Jingu Stadium,,,21000,GAME19880818YSDB0019
1988,1988-08-18,Reg Season,Yakult Swallows,Home,W,3,Yokohama Taiyo Whales,3,9,0,"0,0,0,0,0,0,2,1,x",19,Meiji Jingu Stadium,,,21000,GAME19880818YSDB0019
1988,1988-08-19,Reg Season,Yomiuri Giants,Away,L,0,Yokohama Taiyo Whales,0,3,0,"0,0,0,0,0,0,0,0,0,0,0",17,Yokohama Stadium,,,30000,GAME19880819DBYG0017
1988,1988-08-19,Reg Season,Yokohama Taiyo Whales,Home,W,1,Yomiuri Giants,1,6,0,"0,0,0,0,0,0,0,0,0,0,1x",17,Yokohama Stadium,,,30000,GAME19880819DBYG0017
1988,1988-08-19,Reg Season,Chunichi Dragons,Away,W,7,Hiroshima Toyo Carp,7,13,0,"0,0,0,2,0,0,0,3,2",15,Hiroshima citizens,,,20000,GAME19880819HCCD0015
1988,1988-08-19,Reg Season,Hiroshima Toyo Carp,Home,L,5,Chunichi Dragons,5,10,0,"0,0,3,0,0,0,0,0,2",15,Hiroshima citizens,,,20000,GAME19880819HCCD0015
1988,1988-08-19,Reg Season,Hankyu Braves,Away,W,3,Kintetsu Buffaloes,3,10,1,"0,0,0,1,1,0,1,0,0",17,Fujiidera,,,10000,GAME19880819KIOB0017
1988,1988-08-19,Reg Season,Kintetsu Buffaloes,Home,L,2,Hankyu Braves,2,6,0,"1,1,0,0,0,0,0,0,0",17,Fujiidera,,,10000,GAME19880819KIOB0017
1988,1988-08-19,Reg Season,Nankai Hawks,Away,W,5,Nippon-Ham Fighters,5,11,0,"0,1,1,1,0,0,0,1,1",19,Tokyo Dome,,,48000,GAME19880819NFSH0019
1988,1988-08-19,Reg Season,Nippon-Ham Fighters,Home,L,4,Nankai Hawks,4,9,1,"0,0,4,0,0,0,0,0,0",19,Tokyo Dome,,,48000,GAME19880819NFSH0019
1988,1988-08-19,Reg Season,Hanshin Tigers,Away,L,2,Yakult Swallows,2,6,2,"0,2,0,0,0,0,0,0,0",14,Meiji Jingu Stadium,,,36000,GAME19880819YSHT0014
1988,1988-08-19,Reg Season,Yakult Swallows,Home,W,3,Hanshin Tigers,3,7,0,"0,1,0,0,1,0,1,0,x",14,Meiji Jingu Stadium,,,36000,GAME19880819YSHT0014
1988,1988-08-20,Reg Season,Yomiuri Giants,Away,L,1,Yokohama Taiyo Whales,1,9,0,"0,0,0,0,1,0,0,0,0",18,Yokohama Stadium,,,30000,GAME19880820DBYG0018
1988,1988-08-20,Reg Season,Yokohama Taiyo Whales,Home,W,3,Yomiuri Giants,3,9,0,"0,0,0,1,0,0,0,2,x",18,Yokohama Stadium,,,30000,GAME19880820DBYG0018
1988,1988-08-20,Reg Season,Chunichi Dragons,Away,T,3,Hiroshima Toyo Carp,3,7,1,"0,0,0,0,1,2,0,0,0,0,0,0",16,Hiroshima citizens,,,30000,GAME19880820HCCD0016
1988,1988-08-20,Reg Season,Hiroshima Toyo Carp,Home,T,3,Chunichi Dragons,3,11,1,"0,1,0,2,0,0,0,0,0,0,0,0",16,Hiroshima citizens,,,30000,GAME19880820HCCD0016
1988,1988-08-20,Reg Season,Hankyu Braves,Away,W,6,Kintetsu Buffaloes,6,12,0,"0,0,0,1,3,0,0,0,2",18,Fujiidera,,,20000,GAME19880820KIOB0018
1988,1988-08-20,Reg Season,Kintetsu Buffaloes,Home,L,0,Hankyu Braves,0,4,1,"0,0,0,0,0,0,0,0,0",18,Fujiidera,,,20000,GAME19880820KIOB0018
1988,1988-08-20,Reg Season,Seibu Lions,Away,L,4,Lotte Orions,4,11,1,"0,0,0,1,0,2,1,0,0",21,Maruyama Track and Field Stadium,,,19000,GAME19880820LMSL0021
1988,1988-08-20,Reg Season,Lotte Orions,Home,W,5,Seibu Lions,5,11,0,"3,0,1,0,0,1,0,0,x",21,Maruyama Track and Field Stadium,,,19000,GAME19880820LMSL0021
1988,1988-08-20,Reg Season,Nankai Hawks,Away,W,3,Nippon-Ham Fighters,3,10,1,"0,2,0,0,0,0,0,1,0",20,Tokyo Dome,,,56000,GAME19880820NFSH0020
1988,1988-08-20,Reg Season,Nippon-Ham Fighters,Home,L,1,Nankai Hawks,1,4,0,"0,0,0,1,0,0,0,0,0",20,Tokyo Dome,,,56000,GAME19880820NFSH0020
1988,1988-08-20,Reg Season,Hanshin Tigers,Away,L,2,Yakult Swallows,2,7,1,"0,0,0,0,0,0,2,0,0",15,Meiji Jingu Stadium,,,48000,GAME19880820YSHT0015
1988,1988-08-20,Reg Season,Yakult Swallows,Home,W,4,Hanshin Tigers,4,7,1,"2,0,0,0,0,1,0,1,x",15,Meiji Jingu Stadium,,,48000,GAME19880820YSHT0015
1988,1988-08-21,Reg Season,Yomiuri Giants,Away,W,7,Yokohama Taiyo Whales,7,13,0,"1,1,2,0,0,0,2,0,1",19,Yokohama Stadium,,,30000,GAME19880821DBYG0019
1988,1988-08-21,Reg Season,Yokohama Taiyo Whales,Home,L,1,Yomiuri Giants,1,6,0,"0,0,0,0,0,1,0,0,0",19,Yokohama Stadium,,,30000,GAME19880821DBYG0019
1988,1988-08-21,Reg Season,Chunichi Dragons,Away,L,4,Hiroshima Toyo Carp,4,7,0,"0,0,0,0,0,0,4,0,0",17,Hiroshima citizens,,,24000,GAME19880821HCCD0017
1988,1988-08-21,Reg Season,Hiroshima Toyo Carp,Home,W,5,Chunichi Dragons,5,11,0,"0,1,0,1,0,3,0,0,x",17,Hiroshima citizens,,,24000,GAME19880821HCCD0017
1988,1988-08-21,Reg Season,Hankyu Braves,Away,W,4,Kintetsu Buffaloes,4,8,0,"0,0,0,1,0,0,0,0,3",19,Fujiidera,,,21000,GAME19880821KIOB0019
1988,1988-08-21,Reg Season,Kintetsu Buffaloes,Home,L,3,Hankyu Braves,3,9,1,"0,0,1,1,1,0,0,0,0",19,Fujiidera,,,21000,GAME19880821KIOB0019
1988,1988-08-21,Reg Season,Seibu Lions,Away,W,8,Lotte Orions,8,12,1,"0,2,0,1,3,0,2,0,0",22,Maruyama Track and Field Stadium,,,27000,GAME19880821LMSL0022
1988,1988-08-21,Reg Season,Lotte Orions,Home,L,5,Seibu Lions,5,13,0,"0,0,0,0,0,5,0,0,0",22,Maruyama Track and Field Stadium,,,27000,GAME19880821LMSL0022
1988,1988-08-21,Reg Season,Nankai Hawks,Away,L,0,Nippon-Ham Fighters,0,5,2,"0,0,0,0,0,0,0,0,0",21,Tokyo Dome,,,56000,GAME19880821NFSH0021
1988,1988-08-21,Reg Season,Nippon-Ham Fighters,Home,W,3,Nankai Hawks,3,6,0,"3,0,0,0,0,0,0,0,x",21,Tokyo Dome,,,56000,GAME19880821NFSH0021
1988,1988-08-21,Reg Season,Hanshin Tigers,Away,L,0,Yakult Swallows,0,6,0,"0,0,0,0,0,0,0,0,0",16,Meiji Jingu Stadium,,,43000,GAME19880821YSHT0016
1988,1988-08-21,Reg Season,Yakult Swallows,Home,W,1,Hanshin Tigers,1,6,0,"1,0,0,0,0,0,0,0,x",16,Meiji Jingu Stadium,,,43000,GAME19880821YSHT0016
1988,1988-08-23,Reg Season,Yomiuri Giants,Away,L,3,Chunichi Dragons,3,10,2,"0,0,0,0,0,1,0,2,0,0",20,Nagoya,,,35000,GAME19880823CDYG0020
1988,1988-08-23,Reg Season,Chunichi Dragons,Home,W,4,Yomiuri Giants,4,10,0,"0,1,1,0,0,0,0,1,0,1x",20,Nagoya,,,35000,GAME19880823CDYG0020
1988,1988-08-23,Reg Season,Hanshin Tigers,Away,L,7,Yokohama Taiyo Whales,7,15,0,"0,0,4,1,2,0,0,0,0",20,Kusanagi Baseball Stadium,,,28000,GAME19880823DBHT0020
1988,1988-08-23,Reg Season,Yokohama Taiyo Whales,Home,W,9,Hanshin Tigers,9,12,2,"0,0,0,1,5,0,2,1,x",20,Kusanagi Baseball Stadium,,,28000,GAME19880823DBHT0020
1988,1988-08-23,Reg Season,Yakult Swallows,Away,W,2,Hiroshima Toyo Carp,2,9,1,"0,0,0,0,0,1,0,0,0,1",16,Hiroshima citizens,,,15000,GAME19880823HCYS0016
1988,1988-08-23,Reg Season,Hiroshima Toyo Carp,Home,L,1,Yakult Swallows,1,8,1,"0,0,0,1,0,0,0,0,0,0",16,Hiroshima citizens,,,15000,GAME19880823HCYS0016
1988,1988-08-23,Reg Season,Lotte Orions,Away,W,2,Nippon-Ham Fighters,2,7,1,"0,0,0,0,0,0,0,0,0,0,2",20,Tokyo Dome,,,47000,GAME19880823NFLM0020
1988,1988-08-23,Reg Season,Nippon-Ham Fighters,Home,L,0,Lotte Orions,0,4,1,"0,0,0,0,0,0,0,0,0,0,0",20,Tokyo Dome,,,47000,GAME19880823NFLM0020
1988,1988-08-23,Reg Season,Hankyu Braves,Away,W,7,Nankai Hawks,7,15,0,"1,0,2,0,1,0,3,0,0",21,Osaka,,,8000,GAME19880823SHOB0021
1988,1988-08-23,Reg Season,Nankai Hawks,Home,L,4,Hankyu Braves,4,8,2,"0,0,0,0,0,1,3,0,0",21,Osaka,,,8000,GAME19880823SHOB0021
1988,1988-08-23,Reg Season,Kintetsu Buffaloes,Away,W,9,Seibu Lions,9,13,1,"3,0,0,0,0,0,2,0,4",20,Belluna Dome,,,40000,GAME19880823SLKI0020
1988,1988-08-23,Reg Season,Seibu Lions,Home,L,5,Kintetsu Buffaloes,5,10,0,"0,1,0,0,0,1,0,2,1",20,Belluna Dome,,,40000,GAME19880823SLKI0020
1988,1988-08-24,Reg Season,Hanshin Tigers,Away,W,6,Yokohama Taiyo Whales,6,13,1,"2,0,0,4,0,0,0,0,0",21,Yokohama Stadium,,,28000,GAME19880824DBHT0021
1988,1988-08-24,Reg Season,Yokohama Taiyo Whales,Home,L,2,Hanshin Tigers,2,5,0,"1,0,0,0,0,0,1,0,0",21,Yokohama Stadium,,,28000,GAME19880824DBHT0021
1988,1988-08-24,Reg Season,Yakult Swallows,Away,L,5,Hiroshima Toyo Carp,5,12,0,"0,0,0,0,5,0,0,0,0",17,Hiroshima citizens,,,14000,GAME19880824HCYS0017
1988,1988-08-24,Reg Season,Hiroshima Toyo Carp,Home,W,7,Yakult Swallows,7,10,0,"1,0,0,1,2,0,2,1,x",17,Hiroshima citizens,,,14000,GAME19880824HCYS0017
1988,1988-10-22,JS,Seibu Lions,Away,W,5,Chunichi Dragons,5,9,0,"0,2,1,0,0,1,0,0,1",1,Nagoya,,,28963,GAME19881022CDSL0001
1988,1988-10-22,JS,Chunichi Dragons,Home,L,1,Seibu Lions,1,7,1,"0,0,0,0,0,1,0,0,0",1,Nagoya,,,28963,GAME19881022CDSL0001
1988,1988-10-23,JS,Seibu Lions,Away,L,3,Chunichi Dragons,3,8,0,"0,0,0,0,3,0,0,0,0",2,Nagoya,,,28953,GAME19881023CDSL0002
1988,1988-10-23,JS,Chunichi Dragons,Home,W,7,Seibu Lions,7,9,0,"0,1,2,0,0,0,0,4,x",2,Nagoya,,,28953,GAME19881023CDSL0002
1988,1988-10-25,JS,Chunichi Dragons,Away,L,3,Seibu Lions,3,4,2,"1,0,0,0,0,0,2,0,0",3,Belluna Dome,,,32081,GAME19881025SLCD0003
1988,1988-10-25,JS,Seibu Lions,Home,W,4,Chunichi Dragons,4,3,0,"0,0,0,0,1,3,0,0,x",3,Belluna Dome,,,32081,GAME19881025SLCD0003
1988,1988-10-26,JS,Chunichi Dragons,Away,L,0,Seibu Lions,0,2,1,"0,0,0,0,0,0,0,0,0",4,Belluna Dome,,,32261,GAME19881026SLCD0004
1988,1988-10-26,JS,Seibu Lions,Home,W,6,Chunichi Dragons,6,8,0,"0,0,2,1,2,0,1,0,x",4,Belluna Dome,,,32261,GAME19881026SLCD0004
1988,1988-10-27,JS,Chunichi Dragons,Away,L,6,Seibu Lions,6,8,0,"1,1,2,0,0,2,0,0,0,0,0",5,Belluna Dome,,,32304,GAME19881027SLCD0005
1988,1988-10-27,JS,Seibu Lions,Home,W,7,Chunichi Dragons,7,11,2,"3,0,0,0,1,1,0,0,1,0,1x",5,Belluna Dome,,,32304,GAME19881027SLCD0005
1988,1988-08-24,Reg Season,Lotte Orions,Away,L,1,Nippon-Ham Fighters,1,7,0,"0,0,0,0,0,0,0,0,1",21,Tokyo Dome,,,43000,GAME19880824NFLM0021
1988,1988-08-24,Reg Season,Nippon-Ham Fighters,Home,W,8,Lotte Orions,8,13,0,"2,0,1,0,0,0,0,5,x",21,Tokyo Dome,,,43000,GAME19880824NFLM0021
1988,1988-08-24,Reg Season,Kintetsu Buffaloes,Away,W,3,Seibu Lions,3,11,1,"0,0,0,0,1,1,0,1,0",21,Belluna Dome,,,35000,GAME19880824SLKI0021
1988,1988-08-24,Reg Season,Seibu Lions,Home,L,2,Kintetsu Buffaloes,2,6,2,"0,0,1,1,0,0,0,0,0",21,Belluna Dome,,,35000,GAME19880824SLKI0021
1988,1988-08-25,Reg Season,Yomiuri Giants,Away,L,2,Chunichi Dragons,2,8,1,"2,0,0,0,0,0,0,0,0",21,Nagoya,,,35000,GAME19880825CDYG0021
1988,1988-08-25,Reg Season,Chunichi Dragons,Home,W,3,Yomiuri Giants,3,8,0,"0,1,0,1,1,0,0,0,x",21,Nagoya,,,35000,GAME19880825CDYG0021
1988,1988-08-25,Reg Season,Hanshin Tigers,Away,L,5,Yokohama Taiyo Whales,5,8,3,"1,0,4,0,0,0,0,0,0",22,Yokohama Stadium,,,22000,GAME19880825DBHT0022
1988,1988-08-25,Reg Season,Yokohama Taiyo Whales,Home,W,7,Hanshin Tigers,7,18,0,"0,0,3,2,0,1,1,0,x",22,Yokohama Stadium,,,22000,GAME19880825DBHT0022
1988,1988-08-25,Reg Season,Yakult Swallows,Away,L,6,Hiroshima Toyo Carp,6,12,0,"0,5,1,0,0,0,0,0,0",18,Hiroshima citizens,,,14000,GAME19880825HCYS0018
1988,1988-08-25,Reg Season,Hiroshima Toyo Carp,Home,W,7,Yakult Swallows,7,12,1,"0,1,0,2,1,0,2,1,x",18,Hiroshima citizens,,,14000,GAME19880825HCYS0018
1988,1988-08-26,Reg Season,Chunichi Dragons,Away,T,3,Yokohama Taiyo Whales,3,9,1,"1,0,1,0,0,0,0,1,0,0,0,0",18,Yokohama Stadium,,,25000,GAME19880826DBCD0018
1988,1988-08-26,Reg Season,Yokohama Taiyo Whales,Home,T,3,Chunichi Dragons,3,7,0,"1,2,0,0,0,0,0,0,0,0,0,0",18,Yokohama Stadium,,,25000,GAME19880826DBCD0018
1988,1988-08-26,Reg Season,Hiroshima Toyo Carp,Away,W,10,Hanshin Tigers,10,15,0,"0,1,1,0,1,0,2,0,5",19,Hanshin Koshien Stadium,,,31000,GAME19880826HTHC0019
1988,1988-08-26,Reg Season,Hanshin Tigers,Home,L,1,Hiroshima Toyo Carp,1,3,0,"0,0,1,0,0,0,0,0,0",19,Hanshin Koshien Stadium,,,31000,GAME19880826HTHC0019
1988,1988-08-26,Reg Season,Nankai Hawks,Away,L,6,Kintetsu Buffaloes,6,13,3,"3,1,0,0,0,0,2,0,0",18,Nagoya,,,20000,GAME19880826KISH0018
1988,1988-08-26,Reg Season,Kintetsu Buffaloes,Home,W,8,Nankai Hawks,8,10,0,"2,1,2,0,1,2,0,0,x",18,Nagoya,,,20000,GAME19880826KISH0018
1988,1988-08-26,Reg Season,Seibu Lions,Away,T,5,Nippon-Ham Fighters,5,8,0,"2,0,0,0,0,0,0,0,3,0,0",19,Heiwadai,,,34000,GAME19880826NFSL0019
1988,1988-08-26,Reg Season,Nippon-Ham Fighters,Home,T,5,Seibu Lions,5,11,1,"0,0,0,2,3,0,0,0,0,0,0",19,Heiwadai,,,34000,GAME19880826NFSL0019
1988,1988-08-26,Reg Season,Lotte Orions,Away,W,5,Hankyu Braves,5,5,0,"0,0,0,0,0,0,0,5,0",15,Nishinomiya,,,10000,GAME19880826OBLM0015
1988,1988-08-26,Reg Season,Hankyu Braves,Home,L,3,Lotte Orions,3,9,1,"0,0,0,0,0,3,0,0,0",15,Nishinomiya,,,10000,GAME19880826OBLM0015
1988,1988-08-27,Reg Season,Chunichi Dragons,Away,L,2,Yokohama Taiyo Whales,2,5,0,"1,0,0,1,0,0,0,0,0",19,Yokohama Stadium,,,30000,GAME19880827DBCD0019
1988,1988-08-27,Reg Season,Yokohama Taiyo Whales,Home,W,5,Chunichi Dragons,5,12,1,"0,0,0,0,2,0,2,1,x",19,Yokohama Stadium,,,30000,GAME19880827DBCD0019
1988,1988-08-27,Reg Season,Hiroshima Toyo Carp,Away,L,6,Hanshin Tigers,6,12,0,"0,0,1,4,0,0,1,0,0,0",20,Hanshin Koshien Stadium,,,45000,GAME19880827HTHC0020
1988,1988-08-27,Reg Season,Hanshin Tigers,Home,W,10,Hiroshima Toyo Carp,10,15,2,"0,3,0,0,0,0,3,0,0,4x",20,Hanshin Koshien Stadium,,,45000,GAME19880827HTHC0020
1988,1988-08-27,Reg Season,Nankai Hawks,Away,W,9,Kintetsu Buffaloes,9,10,0,"0,1,4,0,0,1,3,0,0",19,Nagoya,,,25000,GAME19880827KISH0019
1988,1988-08-27,Reg Season,Kintetsu Buffaloes,Home,L,4,Nankai Hawks,4,10,2,"3,1,0,0,0,0,0,0,0",19,Nagoya,,,25000,GAME19880827KISH0019
1988,1988-08-27,Reg Season,Seibu Lions,Away,W,12,Nippon-Ham Fighters,12,15,0,"1,0,0,5,0,3,0,1,2",20,Heiwadai,,,34000,GAME19880827NFSL0020
1988,1988-08-27,Reg Season,Nippon-Ham Fighters,Home,L,1,Seibu Lions,1,3,3,"0,0,0,0,1,0,0,0,0",20,Heiwadai,,,34000,GAME19880827NFSL0020
1988,1988-08-27,Reg Season,Lotte Orions,Away,W,2,Hankyu Braves,2,10,1,"0,0,0,0,0,2,0,0,0",16,Nishinomiya,,,18000,GAME19880827OBLM0016
1988,1988-08-27,Reg Season,Hankyu Braves,Home,L,1,Lotte Orions,1,6,0,"0,0,0,0,0,0,1,0,0",16,Nishinomiya,,,18000,GAME19880827OBLM0016
1988,1988-08-27,Reg Season,Yakult Swallows,Away,L,0,Yomiuri Giants,0,4,1,"0,0,0,0,0,0,0,0,0",20,Tokyo Dome,,,56000,GAME19880827YGYS0020
1988,1988-08-27,Reg Season,Yomiuri Giants,Home,W,1,Yakult Swallows,1,11,0,"0,0,0,1,0,0,0,0,x",20,Tokyo Dome,,,56000,GAME19880827YGYS0020
1988,1988-08-28,Reg Season,Chunichi Dragons,Away,W,5,Yokohama Taiyo Whales,5,7,1,"0,5,0,0,0,0,0,0,0",20,Yokohama Stadium,,,30000,GAME19880828DBCD0020
1988,1988-08-28,Reg Season,Yokohama Taiyo Whales,Home,L,3,Chunichi Dragons,3,13,1,"1,1,0,0,0,1,0,0,0",20,Yokohama Stadium,,,30000,GAME19880828DBCD0020
1988,1988-08-28,Reg Season,Hiroshima Toyo Carp,Away,W,2,Hanshin Tigers,2,7,0,"0,0,0,0,0,0,1,0,1",21,Hanshin Koshien Stadium,,,40000,GAME19880828HTHC0021
1988,1988-08-28,Reg Season,Hanshin Tigers,Home,L,0,Hiroshima Toyo Carp,0,3,0,"0,0,0,0,0,0,0,0,0",21,Hanshin Koshien Stadium,,,40000,GAME19880828HTHC0021
1988,1988-08-28,Reg Season,Nankai Hawks,Away,W,12,Kintetsu Buffaloes,12,21,0,"2,0,3,2,1,1,0,2,1",20,Nagoya,,,25000,GAME19880828KISH0020
1988,1988-08-28,Reg Season,Kintetsu Buffaloes,Home,L,3,Nankai Hawks,3,7,1,"0,1,0,0,0,0,0,2,0",20,Nagoya,,,25000,GAME19880828KISH0020
1988,1988-08-28,Reg Season,Seibu Lions,Away,W,5,Nippon-Ham Fighters,5,9,2,"0,0,0,2,2,0,1,0,0",21,Heiwadai,,,34000,GAME19880828NFSL0021
1988,1988-08-28,Reg Season,Nippon-Ham Fighters,Home,L,4,Seibu Lions,4,12,0,"0,1,1,1,0,1,0,0,0",21,Heiwadai,,,34000,GAME19880828NFSL0021
1988,1988-08-28,Reg Season,Lotte Orions,Away,L,2,Hankyu Braves,2,6,1,"0,0,0,0,2,0,0,0,0",17,Nishinomiya,,,20000,GAME19880828OBLM0017
1988,1988-08-28,Reg Season,Hankyu Braves,Home,W,6,Lotte Orions,6,10,0,"2,0,0,0,3,1,0,0,x",17,Nishinomiya,,,20000,GAME19880828OBLM0017
1988,1988-08-28,Reg Season,Yakult Swallows,Away,W,3,Yomiuri Giants,3,7,1,"2,0,0,0,0,0,1,0,0",21,Tokyo Dome,,,56000,GAME19880828YGYS0021
1988,1988-08-28,Reg Season,Yomiuri Giants,Home,L,0,Yakult Swallows,0,6,0,"0,0,0,0,0,0,0,0,0",21,Tokyo Dome,,,56000,GAME19880828YGYS0021
1988,1988-08-29,Reg Season,Yakult Swallows,Away,W,4,Yomiuri Giants,4,8,1,"0,0,2,0,0,0,2,0,0",22,Tokyo Dome,,,56000,GAME19880829YGYS0022
1988,1988-08-29,Reg Season,Yomiuri Giants,Home,L,2,Yakult Swallows,2,7,0,"1,0,1,0,0,0,0,0,0",22,Tokyo Dome,,,56000,GAME19880829YGYS0022
1988,1988-08-30,Reg Season,Hiroshima Toyo Carp,Away,L,5,Chunichi Dragons,5,8,2,"1,1,0,2,0,1,0,0,0",18,Nagoya,,,35000,GAME19880830CDHC0018
1988,1988-08-30,Reg Season,Chunichi Dragons,Home,W,8,Hiroshima Toyo Carp,8,13,1,"0,0,0,3,0,4,0,1,x",18,Nagoya,,,35000,GAME19880830CDHC0018
1988,1988-08-30,Reg Season,Yakult Swallows,Away,W,4,Hanshin Tigers,4,6,0,"3,0,0,0,0,1,0,0,0",17,Hanshin Koshien Stadium,,,33000,GAME19880830HTYS0017
1988,1988-08-30,Reg Season,Hanshin Tigers,Home,L,1,Yakult Swallows,1,9,2,"0,0,0,0,0,0,0,1,0",17,Hanshin Koshien Stadium,,,33000,GAME19880830HTYS0017
1988,1988-08-30,Reg Season,Nippon-Ham Fighters,Away,L,4,Kintetsu Buffaloes,4,11,0,"0,0,0,0,0,1,0,0,3",19,Nissei,,,18000,GAME19880830KINF0019
1988,1988-08-30,Reg Season,Kintetsu Buffaloes,Home,W,10,Nippon-Ham Fighters,10,14,0,"2,0,0,2,0,0,4,2,x",19,Nissei,,,18000,GAME19880830KINF0019
1988,1988-08-30,Reg Season,Nankai Hawks,Away,W,9,Lotte Orions,9,14,1,"1,0,0,0,2,0,1,1,0,4",19,Kawasaki,,,11000,GAME19880830LMSH0019
1988,1988-08-30,Reg Season,Lotte Orions,Home,L,5,Nankai Hawks,5,12,0,"0,0,3,1,0,0,0,0,1,0",19,Kawasaki,,,11000,GAME19880830LMSH0019
1988,1988-08-30,Reg Season,Hankyu Braves,Away,W,6,Seibu Lions,6,9,1,"0,2,1,0,1,0,2,0,0",20,Belluna Dome,,,39000,GAME19880830SLOB0020
1988,1988-08-30,Reg Season,Seibu Lions,Home,L,5,Hankyu Braves,5,13,3,"0,0,1,0,3,1,0,0,0",20,Belluna Dome,,,39000,GAME19880830SLOB0020
1988,1988-08-30,Reg Season,Yokohama Taiyo Whales,Away,L,2,Yomiuri Giants,2,8,0,"0,1,0,0,0,0,0,0,1,0,0",20,Tokyo Dome,,,56000,GAME19880830YGDB0020
1988,1988-08-30,Reg Season,Yomiuri Giants,Home,W,3,Yokohama Taiyo Whales,3,13,0,"0,0,0,1,0,1,0,0,0,0,1x",20,Tokyo Dome,,,56000,GAME19880830YGDB0020
1988,1988-08-31,Reg Season,Hiroshima Toyo Carp,Away,L,3,Chunichi Dragons,3,9,0,"1,1,0,0,0,1,0,0,0",19,Nagoya,,,35000,GAME19880831CDHC0019
1988,1988-08-31,Reg Season,Chunichi Dragons,Home,W,6,Hiroshima Toyo Carp,6,12,0,"0,0,0,0,0,0,1,1,4x",19,Nagoya,,,35000,GAME19880831CDHC0019
1988,1988-08-31,Reg Season,Yakult Swallows,Away,L,3,Hanshin Tigers,3,9,0,"1,0,0,0,0,0,2,0,0",18,Hanshin Koshien Stadium,,,24000,GAME19880831HTYS0018
1988,1988-08-31,Reg Season,Hanshin Tigers,Home,W,5,Yakult Swallows,5,9,1,"1,1,0,0,0,0,0,3,x",18,Hanshin Koshien Stadium,,,24000,GAME19880831HTYS0018
1988,1988-08-31,Reg Season,Nippon-Ham Fighters,Away,L,3,Kintetsu Buffaloes,3,6,0,"0,0,0,0,0,3,0,0,0",20,Nissei,,,16000,GAME19880831KINF0020
1988,1988-08-31,Reg Season,Kintetsu Buffaloes,Home,W,4,Nippon-Ham Fighters,4,7,0,"0,2,0,2,0,0,0,0,x",20,Nissei,,,16000,GAME19880831KINF0020
1988,1988-08-31,Reg Season,Nankai Hawks,Away,L,5,Lotte Orions,5,9,0,"1,0,0,0,3,0,0,1,0",20,Kawasaki,,,10000,GAME19880831LMSH0020
1988,1988-08-31,Reg Season,Lotte Orions,Home,W,6,Nankai Hawks,6,15,1,"0,0,1,0,0,1,0,0,4x",20,Kawasaki,,,10000,GAME19880831LMSH0020
1988,1988-08-31,Reg Season,Hankyu Braves,Away,L,5,Seibu Lions,5,7,3,"0,1,0,3,1,0,0",21,Belluna Dome,,,28000,GAME19880831SLOB0021
1988,1988-08-31,Reg Season,Seibu Lions,Home,W,6,Hankyu Braves,6,7,0,"1,1,0,0,2,2,0",21,Belluna Dome,,,28000,GAME19880831SLOB0021
1988,1988-08-31,Reg Season,Yokohama Taiyo Whales,Away,L,2,Yomiuri Giants,2,9,0,"0,0,0,1,1,0,0,0,0",21,Tokyo Dome,,,56000,GAME19880831YGDB0021
1988,1988-08-31,Reg Season,Yomiuri Giants,Home,W,8,Yokohama Taiyo Whales,8,11,0,"1,0,0,0,3,0,1,3,x",21,Tokyo Dome,,,56000,GAME19880831YGDB0021
1988,1988-09-01,Reg Season,Nippon-Ham Fighters,Away,W,6,Kintetsu Buffaloes,6,12,0,"0,0,0,4,0,0,2,0,0",21,Nissei,,,14000,GAME19880901KINF0021
1988,1988-09-01,Reg Season,Kintetsu Buffaloes,Home,L,2,Nippon-Ham Fighters,2,5,1,"2,0,0,0,0,0,0,0,0",21,Nissei,,,14000,GAME19880901KINF0021
1988,1988-09-01,Reg Season,Nankai Hawks,Away,W,7,Lotte Orions,7,14,0,"0,0,1,0,0,1,2,3,0",21,Kawasaki,,,6000,GAME19880901LMSH0021
1988,1988-09-01,Reg Season,Lotte Orions,Home,L,4,Nankai Hawks,4,8,1,"0,0,0,0,0,1,3,0,0",21,Kawasaki,,,6000,GAME19880901LMSH0021
1988,1988-09-01,Reg Season,Hankyu Braves,Away,L,0,Seibu Lions,0,4,1,"0,0,0,0,0,0,0,0,0",22,Belluna Dome,,,25000,GAME19880901SLOB0022
1988,1988-09-01,Reg Season,Seibu Lions,Home,W,5,Hankyu Braves,5,12,1,"0,0,1,0,4,0,0,0,x",22,Belluna Dome,,,25000,GAME19880901SLOB0022
1988,1988-09-01,Reg Season,Yokohama Taiyo Whales,Away,L,4,Yomiuri Giants,4,6,1,"0,0,3,0,0,1,0,0,0",22,Tokyo Dome,,,56000,GAME19880901YGDB0022
1988,1988-09-01,Reg Season,Yomiuri Giants,Home,W,5,Yokohama Taiyo Whales,5,12,0,"0,0,0,0,1,2,2,0,x",22,Tokyo Dome,,,56000,GAME19880901YGDB0022
1988,1988-09-02,Reg Season,Hankyu Braves,Away,W,8,Kintetsu Buffaloes,8,9,0,"1,0,1,0,3,1,1,1,0",20,Fujiidera,,,6000,GAME19880902KIOB0020
1988,1988-09-02,Reg Season,Kintetsu Buffaloes,Home,L,0,Hankyu Braves,0,4,2,"0,0,0,0,0,0,0,0,0",20,Fujiidera,,,6000,GAME19880902KIOB0020
1988,1988-09-03,Reg Season,Yokohama Taiyo Whales,Away,L,3,Hanshin Tigers,3,15,1,"0,0,0,0,1,0,1,1,0",23,Heiwadai,,,25000,GAME19880903HTDB0023
1988,1988-09-03,Reg Season,Hanshin Tigers,Home,W,6,Yokohama Taiyo Whales,6,9,0,"0,0,3,0,0,1,0,2,x",23,Heiwadai,,,25000,GAME19880903HTDB0023
1988,1988-09-03,Reg Season,Hankyu Braves,Away,L,0,Kintetsu Buffaloes,0,1,1,"0,0,0,0,0,0x",21,Fujiidera,,,9000,GAME19880903KIOB0021
1988,1988-09-03,Reg Season,Kintetsu Buffaloes,Home,W,2,Hankyu Braves,2,7,0,"0,1,0,0,1",21,Fujiidera,,,9000,GAME19880903KIOB0021
1988,1988-09-03,Reg Season,Nippon-Ham Fighters,Away,L,1,Lotte Orions,1,6,2,"0,0,0,0,0,0,1,0,0",22,Windhill Higashi Hokkaido Stadium,,,17000,GAME19880903LMNF0022
1988,1988-09-03,Reg Season,Lotte Orions,Home,W,2,Nippon-Ham Fighters,2,4,0,"0,0,2,0,0,0,0,0,x",22,Windhill Higashi Hokkaido Stadium,,,17000,GAME19880903LMNF0022
1988,1988-09-03,Reg Season,Nankai Hawks,Away,W,7,Seibu Lions,7,7,0,"1,0,0,0,4,0,0,2,0",17,Belluna Dome,,,32000,GAME19880903SLSH0017
1988,1988-09-03,Reg Season,Seibu Lions,Home,L,4,Nankai Hawks,4,6,1,"0,0,0,1,2,0,0,1,0",17,Belluna Dome,,,32000,GAME19880903SLSH0017
1988,1988-09-03,Reg Season,Chunichi Dragons,Away,L,7,Yomiuri Giants,7,14,0,"1,0,0,1,0,0,4,0,1",22,Tokyo Dome,,,56000,GAME19880903YGCD0022
1988,1988-09-03,Reg Season,Yomiuri Giants,Home,W,10,Chunichi Dragons,10,12,2,"0,4,3,1,2,0,0,0,x",22,Tokyo Dome,,,56000,GAME19880903YGCD0022
1988,1988-09-04,Reg Season,Hankyu Braves,Away,W,9,Kintetsu Buffaloes,9,14,1,"3,0,0,0,0,0,0,1,0,5",22,Fujiidera,,,17000,GAME19880904KIOB0022
1988,1988-09-04,Reg Season,Kintetsu Buffaloes,Home,L,4,Hankyu Braves,4,4,0,"3,0,0,0,0,1,0,0,0,0",22,Fujiidera,,,17000,GAME19880904KIOB0022
1988,1988-09-04,Reg Season,Nippon-Ham Fighters,Away,L,3,Lotte Orions,3,9,1,"0,0,0,0,1,0,1,1,0",23,Windhill Higashi Hokkaido Stadium,,,24000,GAME19880904LMNF0023
1988,1988-09-04,Reg Season,Lotte Orions,Home,W,6,Nippon-Ham Fighters,6,10,0,"1,1,0,1,1,1,1,0,x",23,Windhill Higashi Hokkaido Stadium,,,24000,GAME19880904LMNF0023
1988,1988-09-04,Reg Season,Nankai Hawks,Away,L,3,Seibu Lions,3,8,2,"1,0,0,0,0,0,0,1,1",18,Belluna Dome,,,28000,GAME19880904SLSH0018
1988,1988-09-04,Reg Season,Seibu Lions,Home,W,5,Nankai Hawks,5,8,0,"1,0,1,1,0,0,0,2,x",18,Belluna Dome,,,28000,GAME19880904SLSH0018
1988,1988-09-04,Reg Season,Chunichi Dragons,Away,W,6,Yomiuri Giants,6,5,0,"0,0,0,0,1,0,5,0,0",23,Tokyo Dome,,,56000,GAME19880904YGCD0023
1988,1988-09-04,Reg Season,Yomiuri Giants,Home,L,1,Chunichi Dragons,1,7,1,"1,0,0,0,0,0,0,0,0",23,Tokyo Dome,,,56000,GAME19880904YGCD0023
1988,1988-09-04,Reg Season,Hiroshima Toyo Carp,Away,L,1,Yakult Swallows,1,7,2,"0,0,0,0,0,0,0,1,0,0",19,Fukushima Azuma Baseball Stadium,,,23000,GAME19880904YSHC0019
1988,1988-09-04,Reg Season,Yakult Swallows,Home,W,2,Hiroshima Toyo Carp,2,6,1,"0,0,0,0,0,0,1,0,0,1x",19,Fukushima Azuma Baseball Stadium,,,23000,GAME19880904YSHC0019
1988,1988-09-05,Reg Season,Nankai Hawks,Away,W,4,Seibu Lions,4,7,0,"0,0,0,0,0,0,1,0,1,0,2",19,Belluna Dome,,,6000,GAME19880905SLSH0019
1988,1988-09-05,Reg Season,Seibu Lions,Home,L,3,Nankai Hawks,3,6,0,"0,0,1,0,0,0,0,0,1,0,1",19,Belluna Dome,,,6000,GAME19880905SLSH0019
1988,1988-09-06,Reg Season,Yokohama Taiyo Whales,Away,L,2,Hiroshima Toyo Carp,2,9,0,"1,0,0,0,0,0,1,0,0",20,Hiroshima citizens,,,7000,GAME19880906HCDB0020
1988,1988-09-06,Reg Season,Hiroshima Toyo Carp,Home,W,3,Yokohama Taiyo Whales,3,8,1,"0,0,0,0,3,0,0,0,x",20,Hiroshima citizens,,,7000,GAME19880906HCDB0020
1988,1988-09-06,Reg Season,Hankyu Braves,Away,W,3,Nippon-Ham Fighters,3,7,4,"0,0,0,1,0,1,0,1,0",18,Tokyo Dome,,,33000,GAME19880906NFOB0018
1988,1988-09-06,Reg Season,Nippon-Ham Fighters,Home,L,0,Hankyu Braves,0,7,1,"0,0,0,0,0,0,0,0,0",18,Tokyo Dome,,,33000,GAME19880906NFOB0018
1988,1988-09-07,Reg Season,Yokohama Taiyo Whales,Away,L,3,Hiroshima Toyo Carp,3,6,1,"0,0,0,0,0,0,3,0,0,0",21,Hiroshima citizens,,,8000,GAME19880907HCDB0021
1988,1988-09-07,Reg Season,Hiroshima Toyo Carp,Home,W,4,Yokohama Taiyo Whales,4,9,0,"0,0,0,1,0,0,2,0,0,1x",21,Hiroshima citizens,,,8000,GAME19880907HCDB0021
1988,1988-09-07,Reg Season,Chunichi Dragons,Away,W,8,Hanshin Tigers,8,13,1,"0,0,2,5,0,0,0,1,0",20,Hanshin Koshien Stadium,,,25000,GAME19880907HTCD0020
1988,1988-09-07,Reg Season,Hanshin Tigers,Home,L,4,Chunichi Dragons,4,9,0,"0,0,2,0,1,1,0,0,0",20,Hanshin Koshien Stadium,,,25000,GAME19880907HTCD0020
1988,1988-09-07,Reg Season,Seibu Lions,Away,L,6,Lotte Orions,6,11,2,"0,1,0,3,0,0,0,0,2",23,Kawasaki,,,20000,GAME19880907LMSL0023
1988,1988-09-07,Reg Season,Lotte Orions,Home,W,7,Seibu Lions,7,13,2,"1,0,0,2,0,0,4,0,x",23,Kawasaki,,,20000,GAME19880907LMSL0023
1988,1988-09-07,Reg Season,Hankyu Braves,Away,L,4,Nippon-Ham Fighters,4,7,2,"0,0,0,1,0,1,0,0,2",19,Tokyo Dome,,,31000,GAME19880907NFOB0019
1988,1988-09-07,Reg Season,Nippon-Ham Fighters,Home,W,12,Hankyu Braves,12,15,0,"0,0,0,7,0,0,5,0,x",19,Tokyo Dome,,,31000,GAME19880907NFOB0019
1988,1988-09-07,Reg Season,Kintetsu Buffaloes,Away,L,2,Nankai Hawks,2,9,1,"0,0,0,1,0,1,0,0,0",21,Osaka,,,8000,GAME19880907SHKI0021
1988,1988-09-07,Reg Season,Nankai Hawks,Home,W,4,Kintetsu Buffaloes,4,5,0,"0,1,0,0,0,0,0,3,x",21,Osaka,,,8000,GAME19880907SHKI0021
1988,1988-09-07,Reg Season,Yomiuri Giants,Away,W,6,Yakult Swallows,6,11,0,"1,0,1,1,0,0,1,2,0",23,Meiji Jingu Stadium,,,47000,GAME19880907YSYG0023
1988,1988-09-07,Reg Season,Yakult Swallows,Home,L,1,Yomiuri Giants,1,5,2,"0,1,0,0,0,0,0,0,0",23,Meiji Jingu Stadium,,,47000,GAME19880907YSYG0023
1988,1988-09-08,Reg Season,Yokohama Taiyo Whales,Away,W,6,Hiroshima Toyo Carp,6,8,0,"3,0,0,0,0,1,0,2,0",22,Hiroshima citizens,,,7000,GAME19880908HCDB0022
1988,1988-09-08,Reg Season,Hiroshima Toyo Carp,Home,L,4,Yokohama Taiyo Whales,4,12,0,"0,0,0,0,0,4,0,0,0",22,Hiroshima citizens,,,7000,GAME19880908HCDB0022
1988,1988-09-08,Reg Season,Chunichi Dragons,Away,W,4,Hanshin Tigers,4,7,0,"0,4,0,0,0,0,0,0,0",21,Hanshin Koshien Stadium,,,20000,GAME19880908HTCD0021
1988,1988-09-08,Reg Season,Hanshin Tigers,Home,L,3,Chunichi Dragons,3,8,1,"0,0,0,1,0,1,0,1,0",21,Hanshin Koshien Stadium,,,20000,GAME19880908HTCD0021
1988,1988-09-08,Reg Season,Seibu Lions,Away,L,4,Lotte Orions,4,7,1,"0,0,0,0,0,0,0,0,4",24,Kawasaki,,,19000,GAME19880908LMSL0024
1988,1988-09-08,Reg Season,Lotte Orions,Home,W,14,Seibu Lions,14,19,0,"2,0,2,0,4,3,0,3,x",24,Kawasaki,,,19000,GAME19880908LMSL0024
1988,1988-09-08,Reg Season,Kintetsu Buffaloes,Away,L,0,Nankai Hawks,0,3,0,"0,0,0,0,0,0,0,0,0",22,Osaka,,,8000,GAME19880908SHKI0022
1988,1988-09-08,Reg Season,Nankai Hawks,Home,W,9,Kintetsu Buffaloes,9,12,0,"3,0,2,1,1,0,2,0,x",22,Osaka,,,8000,GAME19880908SHKI0022
1988,1988-09-08,Reg Season,Yomiuri Giants,Away,W,5,Yakult Swallows,5,11,0,"0,0,0,1,0,0,2,0,2",24,Meiji Jingu Stadium,,,27000,GAME19880908YSYG0024
1988,1988-09-08,Reg Season,Yakult Swallows,Home,L,3,Yomiuri Giants,3,9,0,"0,1,0,1,0,0,1,0,0",24,Meiji Jingu Stadium,,,27000,GAME19880908YSYG0024
1988,1988-09-09,Reg Season,Chunichi Dragons,Away,W,2,Hiroshima Toyo Carp,2,4,0,"0,0,0,0,0,2,0,0,0",20,Hiroshima citizens,,,10000,GAME19880909HCCD0020
1988,1988-09-09,Reg Season,Hiroshima Toyo Carp,Home,L,1,Chunichi Dragons,1,4,0,"0,0,0,0,0,0,1,0,0",20,Hiroshima citizens,,,10000,GAME19880909HCCD0020
1988,1988-09-09,Reg Season,Yomiuri Giants,Away,L,0,Hanshin Tigers,0,6,0,"0,0,0,0,0,0,0,0,0",22,Hanshin Koshien Stadium,,,40000,GAME19880909HTYG0022
1988,1988-09-09,Reg Season,Hanshin Tigers,Home,W,5,Yomiuri Giants,5,12,0,"1,0,0,0,2,1,1,0,x",22,Hanshin Koshien Stadium,,,40000,GAME19880909HTYG0022
1988,1988-09-09,Reg Season,Lotte Orions,Away,L,1,Kintetsu Buffaloes,1,6,0,"0,0,0,0,1,0,0,0,0",15,Fujiidera,,,6000,GAME19880909KILM0015
1988,1988-09-09,Reg Season,Kintetsu Buffaloes,Home,W,7,Lotte Orions,7,11,0,"0,0,2,0,0,5,0,0,x",15,Fujiidera,,,6000,GAME19880909KILM0015
1988,1988-09-10,Reg Season,Yakult Swallows,Away,W,5,Yokohama Taiyo Whales,5,6,2,"4,1,0,0,0,0,0,0,0",20,Yokohama Stadium,,,25000,GAME19880910DBYS0020
1988,1988-09-10,Reg Season,Yokohama Taiyo Whales,Home,L,4,Yakult Swallows,4,13,0,"0,0,1,0,0,1,2,0,0",20,Yokohama Stadium,,,25000,GAME19880910DBYS0020
1988,1988-09-10,Reg Season,Yomiuri Giants,Away,W,5,Hanshin Tigers,5,12,0,"0,0,1,1,1,0,2,0,0",23,Hanshin Koshien Stadium,,,50000,GAME19880910HTYG0023
1988,1988-09-10,Reg Season,Hanshin Tigers,Home,L,4,Yomiuri Giants,4,10,2,"0,0,0,0,2,1,0,0,1",23,Hanshin Koshien Stadium,,,50000,GAME19880910HTYG0023
1988,1988-09-10,Reg Season,Nankai Hawks,Away,L,0,Nippon-Ham Fighters,0,8,1,"0,0,0,0,0,0,0,0,0",22,Tokyo Dome,,,52000,GAME19880910NFSH0022
1988,1988-09-10,Reg Season,Nippon-Ham Fighters,Home,W,6,Nankai Hawks,6,13,0,"0,0,4,0,1,0,0,1,x",22,Tokyo Dome,,,52000,GAME19880910NFSH0022
1988,1988-09-10,Reg Season,Seibu Lions,Away,L,5,Hankyu Braves,5,8,0,"0,0,1,0,0,4,0,0,0",23,Nishinomiya,,,22000,GAME19880910OBSL0023
1988,1988-09-10,Reg Season,Hankyu Braves,Home,W,6,Seibu Lions,6,9,0,"0,0,3,1,2,0,0,0,x",23,Nishinomiya,,,22000,GAME19880910OBSL0023
1988,1988-09-11,Reg Season,Yakult Swallows,Away,L,5,Yokohama Taiyo Whales,5,12,0,"0,0,3,1,0,0,0,1,0,0,0,0",21,Yokohama Stadium,,,17000,GAME19880911DBYS0021
1988,1988-09-11,Reg Season,Yokohama Taiyo Whales,Home,W,6,Yakult Swallows,6,17,0,"0,0,0,0,0,0,0,4,1,0,0,1x",21,Yokohama Stadium,,,17000,GAME19880911DBYS0021
1988,1988-09-11,Reg Season,Yomiuri Giants,Away,L,1,Hanshin Tigers,1,6,0,"0,0,0,0,0,0,0,0,1",24,Hanshin Koshien Stadium,,,48000,GAME19880911HTYG0024
1988,1988-09-11,Reg Season,Hanshin Tigers,Home,W,3,Yomiuri Giants,3,5,1,"0,0,0,0,0,0,0,0,3x",24,Hanshin Koshien Stadium,,,48000,GAME19880911HTYG0024
1988,1988-09-11,Reg Season,Lotte Orions,Away,W,1,Kintetsu Buffaloes,1,7,0,"0,0,0,0,0,0,1,0,0",16,Fujiidera,,,12000,GAME19880911KILM0016
1988,1988-09-11,Reg Season,Kintetsu Buffaloes,Home,L,0,Lotte Orions,0,4,0,"0,0,0,0,0,0,0,0,0",16,Fujiidera,,,12000,GAME19880911KILM0016
1988,1988-09-11,Reg Season,Nankai Hawks,Away,L,3,Nippon-Ham Fighters,3,9,2,"2,0,0,0,1,0,0,0,0",23,Tokyo Dome,,,43000,GAME19880911NFSH0023
1988,1988-09-11,Reg Season,Nippon-Ham Fighters,Home,W,5,Nankai Hawks,5,10,1,"0,5,0,0,0,0,0,0,x",23,Tokyo Dome,,,43000,GAME19880911NFSH0023
1988,1988-09-11,Reg Season,Seibu Lions,Away,W,6,Hankyu Braves,6,11,3,"2,0,0,0,0,0,1,1,2",24,Nishinomiya,,,30000,GAME19880911OBSL0024
1988,1988-09-11,Reg Season,Hankyu Braves,Home,L,3,Seibu Lions,3,10,0,"0,0,3,0,0,0,0,0,0",24,Nishinomiya,,,30000,GAME19880911OBSL0024
1988,1988-09-12,Reg Season,Yakult Swallows,Away,W,4,Yokohama Taiyo Whales,4,7,0,"4,0,0,0,0,0,0,0,0",22,Yokohama Stadium,,,17000,GAME19880912DBYS0022
1988,1988-09-12,Reg Season,Yokohama Taiyo Whales,Home,L,3,Yakult Swallows,3,8,1,"2,0,0,1,0,0,0,0,0",22,Yokohama Stadium,,,17000,GAME19880912DBYS0022
1988,1988-09-13,Reg Season,Yokohama Taiyo Whales,Away,L,5,Chunichi Dragons,5,14,0,"0,0,0,0,2,1,0,2,0",21,Nagoya,,,35000,GAME19880913CDDB0021
1988,1988-09-13,Reg Season,Chunichi Dragons,Home,W,7,Yokohama Taiyo Whales,7,10,1,"4,2,0,1,0,0,0,0,x",21,Nagoya,,,35000,GAME19880913CDDB0021
1988,1988-09-13,Reg Season,Nankai Hawks,Away,L,2,Lotte Orions,2,6,2,"0,0,0,0,0,0,0,2,0",22,Kawasaki,,,5000,GAME19880913LMSH0022
1988,1988-09-13,Reg Season,Lotte Orions,Home,W,7,Nankai Hawks,7,9,1,"2,0,4,0,0,1,0,0,x",22,Kawasaki,,,5000,GAME19880913LMSH0022
1988,1988-09-13,Reg Season,Nippon-Ham Fighters,Away,W,8,Hankyu Braves,8,12,1,"0,0,2,1,3,0,2,0,0",20,Nishinomiya,,,4000,GAME19880913OBNF0020
1988,1988-09-13,Reg Season,Hankyu Braves,Home,L,7,Nippon-Ham Fighters,7,13,3,"2,0,0,0,0,4,0,0,1",20,Nishinomiya,,,4000,GAME19880913OBNF0020
1988,1988-09-13,Reg Season,Kintetsu Buffaloes,Away,L,0,Seibu Lions,0,3,0,"0,0,0,0,0,0,0,0,0",22,Belluna Dome,,,20000,GAME19880913SLKI0022
1988,1988-09-13,Reg Season,Seibu Lions,Home,W,1,Kintetsu Buffaloes,1,9,1,"0,1,0,0,0,0,0,0,x",22,Belluna Dome,,,20000,GAME19880913SLKI0022
1988,1988-09-13,Reg Season,Hanshin Tigers,Away,W,1,Yakult Swallows,1,6,0,"0,0,0,0,1,0,0,0,0",19,Meiji Jingu Stadium,,,18000,GAME19880913YSHT0019
1988,1988-09-13,Reg Season,Yakult Swallows,Home,L,0,Hanshin Tigers,0,7,0,"0,0,0,0,0,0,0,0,0",19,Meiji Jingu Stadium,,,18000,GAME19880913YSHT0019
1988,1988-09-14,Reg Season,Yokohama Taiyo Whales,Away,W,6,Chunichi Dragons,6,9,0,"0,0,4,0,0,0,0,0,2",22,Nagoya,,,35000,GAME19880914CDDB0022
1988,1988-09-14,Reg Season,Chunichi Dragons,Home,L,4,Yokohama Taiyo Whales,4,8,0,"0,1,0,0,1,0,1,0,1",22,Nagoya,,,35000,GAME19880914CDDB0022
1988,1988-09-14,Reg Season,Nippon-Ham Fighters,Away,W,5,Hankyu Braves,5,9,0,"1,1,0,0,0,0,1,0,2",21,Nishinomiya,,,5000,GAME19880914OBNF0021
1988,1988-09-14,Reg Season,Hankyu Braves,Home,L,0,Nippon-Ham Fighters,0,1,1,"0,0,0,0,0,0,0,0,0",21,Nishinomiya,,,5000,GAME19880914OBNF0021
1988,1988-09-14,Reg Season,Hiroshima Toyo Carp,Away,L,4,Yomiuri Giants,4,10,1,"0,0,0,2,0,0,0,1,0,1",23,Tokyo Dome,,,56000,GAME19880914YGHC0023
1988,1988-09-14,Reg Season,Yomiuri Giants,Home,W,5,Hiroshima Toyo Carp,5,10,2,"1,0,0,1,0,0,1,0,0,2x",23,Tokyo Dome,,,56000,GAME19880914YGHC0023
1988,1988-09-14,Reg Season,Hanshin Tigers,Away,L,3,Yakult Swallows,3,4,0,"0,0,0,0,0,0,2,1,0",20,Meiji Jingu Stadium,,,15000,GAME19880914YSHT0020
1988,1988-09-14,Reg Season,Yakult Swallows,Home,W,6,Hanshin Tigers,6,8,0,"0,1,0,0,2,3,0,0,x",20,Meiji Jingu Stadium,,,15000,GAME19880914YSHT0020
1988,1988-09-15,Reg Season,Yokohama Taiyo Whales,Away,W,8,Chunichi Dragons,8,10,1,"0,0,0,1,0,0,0,0,7",23,Nagoya,,,35000,GAME19880915CDDB0023
1988,1988-09-15,Reg Season,Chunichi Dragons,Home,L,1,Yokohama Taiyo Whales,1,6,2,"1,0,0,0,0,0,0,0,0",23,Nagoya,,,35000,GAME19880915CDDB0023
1988,1988-09-15,Reg Season,Nippon-Ham Fighters,Away,L,6,Hankyu Braves,6,7,0,"1,3,0,0,0,1,0,0,1",22,Nishinomiya,,,15000,GAME19880915OBNF0022
1988,1988-09-15,Reg Season,Hankyu Braves,Home,W,7,Nippon-Ham Fighters,7,10,3,"1,0,0,0,5,1,0,0,x",22,Nishinomiya,,,15000,GAME19880915OBNF0022
1988,1988-09-15,Reg Season,Hiroshima Toyo Carp,Away,W,1,Yomiuri Giants,1,2,0,"0,0,0,0,1,0,0,0,0",24,Tokyo Dome,,,56000,GAME19880915YGHC0024
1988,1988-09-15,Reg Season,Yomiuri Giants,Home,L,0,Hiroshima Toyo Carp,0,1,0,"0,0,0,0,0,0,0,0,0",24,Tokyo Dome,,,56000,GAME19880915YGHC0024
1988,1988-09-16,Reg Season,Hiroshima Toyo Carp,Away,L,5,Hanshin Tigers,5,12,1,"0,0,1,2,0,0,0,0,2",22,Hanshin Koshien Stadium,,,10000,GAME19880916HTHC0022
1988,1988-09-16,Reg Season,Hanshin Tigers,Home,W,8,Hiroshima Toyo Carp,8,11,0,"1,0,2,3,0,0,1,1,x",22,Hanshin Koshien Stadium,,,10000,GAME19880916HTHC0022
1988,1988-09-16,Reg Season,Nippon-Ham Fighters,Away,L,1,Kintetsu Buffaloes,1,1,0,"0,0,0,0,0,0,1,0,0",22,Fujiidera,,,5000,GAME19880916KINF0022
1988,1988-09-16,Reg Season,Kintetsu Buffaloes,Home,W,3,Nippon-Ham Fighters,3,8,0,"0,1,0,2,0,0,0,0,x",22,Fujiidera,,,5000,GAME19880916KINF0022
1988,1988-09-16,Reg Season,Hankyu Braves,Away,L,7,Nankai Hawks,7,16,1,"0,2,5,0,0,0,0,0,0",22,Osaka,,,10000,GAME19880916SHOB0022
1988,1988-09-16,Reg Season,Nankai Hawks,Home,W,15,Hankyu Braves,15,16,0,"5,0,0,0,9,1,0,0,x",22,Osaka,,,10000,GAME19880916SHOB0022
1988,1988-09-16,Reg Season,Yokohama Taiyo Whales,Away,L,2,Yomiuri Giants,2,6,0,"0,0,0,0,0,0,2,0,0",23,Tokyo Dome,,,56000,GAME19880916YGDB0023
1988,1988-09-16,Reg Season,Yomiuri Giants,Home,W,3,Yokohama Taiyo Whales,3,6,1,"0,0,0,0,0,3,0,0,x",23,Tokyo Dome,,,56000,GAME19880916YGDB0023
1988,1988-09-16,Reg Season,Chunichi Dragons,Away,W,3,Yakult Swallows,3,6,0,"0,1,1,0,0,0,0,1,0",20,Meiji Jingu Stadium,,,29000,GAME19880916YSCD0020
1988,1988-09-16,Reg Season,Yakult Swallows,Home,L,0,Chunichi Dragons,0,6,0,"0,0,0,0,0,0,0,0,0",20,Meiji Jingu Stadium,,,29000,GAME19880916YSCD0020
1988,1988-09-17,Reg Season,Hiroshima Toyo Carp,Away,W,9,Hanshin Tigers,9,12,1,"3,0,1,1,0,0,3,1,0",23,Hanshin Koshien Stadium,,,24000,GAME19880917HTHC0023
1988,1988-09-17,Reg Season,Hanshin Tigers,Home,L,6,Hiroshima Toyo Carp,6,9,0,"0,1,2,1,0,2,0,0,0",23,Hanshin Koshien Stadium,,,24000,GAME19880917HTHC0023
1988,1988-09-17,Reg Season,Nippon-Ham Fighters,Away,L,3,Kintetsu Buffaloes,3,10,0,"0,0,0,1,1,0,0,1,0,0",23,Fujiidera,,,9000,GAME19880917KINF0023
1988,1988-09-17,Reg Season,Kintetsu Buffaloes,Home,W,4,Nippon-Ham Fighters,4,8,0,"0,0,2,1,0,0,0,0,0,1x",23,Fujiidera,,,9000,GAME19880917KINF0023
1988,1988-09-17,Reg Season,Hankyu Braves,Away,L,2,Nankai Hawks,2,9,0,"0,0,1,0,0,0,0,1,0",23,Osaka,,,13000,GAME19880917SHOB0023
1988,1988-09-17,Reg Season,Nankai Hawks,Home,W,5,Hankyu Braves,5,6,0,"2,0,3,0,0,0,0,0,x",23,Osaka,,,13000,GAME19880917SHOB0023
1988,1988-09-17,Reg Season,Yokohama Taiyo Whales,Away,L,1,Yomiuri Giants,1,5,0,"0,0,0,0,0,0,0,1,0",24,Tokyo Dome,,,56000,GAME19880917YGDB0024
1988,1988-09-17,Reg Season,Yomiuri Giants,Home,W,2,Yokohama Taiyo Whales,2,7,0,"2,0,0,0,0,0,0,0,x",24,Tokyo Dome,,,56000,GAME19880917YGDB0024
1988,1988-09-17,Reg Season,Chunichi Dragons,Away,W,13,Yakult Swallows,13,14,1,"1,0,0,0,0,0,6,6,0",21,Meiji Jingu Stadium,,,45000,GAME19880917YSCD0021
1988,1988-09-17,Reg Season,Yakult Swallows,Home,L,4,Chunichi Dragons,4,3,2,"0,0,0,4,0,0,0,0,0",21,Meiji Jingu Stadium,,,45000,GAME19880917YSCD0021
1988,1988-09-18,Reg Season,Hiroshima Toyo Carp,Away,L,2,Hanshin Tigers,2,4,2,"0,1,0,0,0,0,0,0,1",24,Hanshin Koshien Stadium,,,13000,GAME19880918HTHC0024
1988,1988-09-18,Reg Season,Hanshin Tigers,Home,W,7,Hiroshima Toyo Carp,7,7,1,"0,1,0,2,0,1,0,3,x",24,Hanshin Koshien Stadium,,,13000,GAME19880918HTHC0024
1988,1988-09-18,Reg Season,Nippon-Ham Fighters,Away,L,2,Kintetsu Buffaloes,2,8,2,"0,0,0,0,2,0,0,0,0",24,Fujiidera,,,18000,GAME19880918KINF0024
1988,1988-09-18,Reg Season,Kintetsu Buffaloes,Home,W,6,Nippon-Ham Fighters,6,14,1,"1,0,4,0,0,0,1,0,x",24,Fujiidera,,,18000,GAME19880918KINF0024
1988,1988-09-18,Reg Season,Hankyu Braves,Away,W,5,Nankai Hawks,5,13,0,"1,0,0,0,0,2,0,0,2",24,Osaka,,,25000,GAME19880918SHOB0024
1988,1988-09-18,Reg Season,Nankai Hawks,Home,L,2,Hankyu Braves,2,2,0,"0,0,0,0,2,0,0,0,0",24,Osaka,,,25000,GAME19880918SHOB0024
1988,1988-09-18,Reg Season,Lotte Orions,Away,L,2,Seibu Lions,2,8,0,"0,0,0,0,0,0,0,0,2,0",25,Belluna Dome,,,45000,GAME19880918SLLM0025
1988,1988-09-18,Reg Season,Seibu Lions,Home,W,3,Lotte Orions,3,7,0,"0,0,1,0,0,1,0,0,0,1x",25,Belluna Dome,,,45000,GAME19880918SLLM0025
1988,1988-09-18,Reg Season,Yokohama Taiyo Whales,Away,L,1,Yomiuri Giants,1,4,1,"0,0,0,0,0,1,0,0,0",25,Tokyo Dome,,,56000,GAME19880918YGDB0025
1988,1988-09-18,Reg Season,Yomiuri Giants,Home,W,4,Yokohama Taiyo Whales,4,6,0,"1,0,3,0,0,0,0,0,x",25,Tokyo Dome,,,56000,GAME19880918YGDB0025
1988,1988-09-18,Reg Season,Chunichi Dragons,Away,W,6,Yakult Swallows,6,8,2,"0,0,0,0,0,3,0,1,2",22,Meiji Jingu Stadium,,,34000,GAME19880918YSCD0022
1988,1988-09-18,Reg Season,Yakult Swallows,Home,L,0,Chunichi Dragons,0,2,0,"0,0,0,0,0,0,0,0,0",22,Meiji Jingu Stadium,,,34000,GAME19880918YSCD0022
1988,1988-09-20,Reg Season,Yomiuri Giants,Away,L,2,Chunichi Dragons,2,11,0,"0,0,0,0,1,0,0,1,0,0",24,Nagoya,,,35000,GAME19880920CDYG0024
1988,1988-09-20,Reg Season,Chunichi Dragons,Home,W,3,Yomiuri Giants,3,8,1,"0,0,0,0,1,0,0,0,1,1x",24,Nagoya,,,35000,GAME19880920CDYG0024
1988,1988-09-20,Reg Season,Hanshin Tigers,Away,L,2,Yokohama Taiyo Whales,2,7,0,"0,0,0,0,0,0,1,1,0",24,Yokohama Stadium,,,15000,GAME19880920DBHT0024
1988,1988-09-20,Reg Season,Yokohama Taiyo Whales,Home,W,4,Hanshin Tigers,4,7,0,"0,3,0,0,0,0,0,1,x",24,Yokohama Stadium,,,15000,GAME19880920DBHT0024
1988,1988-09-20,Reg Season,Yakult Swallows,Away,L,3,Hiroshima Toyo Carp,3,13,0,"0,1,0,1,0,0,0,0,1",20,Hiroshima citizens,,,5000,GAME19880920HCYS0020
1988,1988-09-20,Reg Season,Hiroshima Toyo Carp,Home,W,4,Yakult Swallows,4,8,1,"0,0,0,2,0,2,0,0,x",20,Hiroshima citizens,,,5000,GAME19880920HCYS0020
1988,1988-09-20,Reg Season,Nankai Hawks,Away,L,1,Kintetsu Buffaloes,1,7,0,"0,0,0,0,0,0,1,0,0",23,Nissei,,,9000,GAME19880920KISH0023
1988,1988-09-20,Reg Season,Kintetsu Buffaloes,Home,W,5,Nankai Hawks,5,9,0,"0,1,3,0,0,0,0,1,x",23,Nissei,,,9000,GAME19880920KISH0023
1988,1988-09-20,Reg Season,Seibu Lions,Away,L,3,Nippon-Ham Fighters,3,5,1,"0,0,0,0,0,0,1,0,2",22,Tokyo Dome,,,51000,GAME19880920NFSL0022
1988,1988-09-20,Reg Season,Nippon-Ham Fighters,Home,W,8,Seibu Lions,8,13,0,"0,7,0,0,0,1,0,0,x",22,Tokyo Dome,,,51000,GAME19880920NFSL0022
1988,1988-09-21,Reg Season,Yomiuri Giants,Away,W,5,Chunichi Dragons,5,7,0,"0,2,0,0,0,1,0,0,0,2",25,Nagoya,,,35000,GAME19880921CDYG0025
1988,1988-09-21,Reg Season,Chunichi Dragons,Home,L,3,Yomiuri Giants,3,7,0,"0,1,0,0,0,0,0,2,0,0",25,Nagoya,,,35000,GAME19880921CDYG0025
1988,1988-09-21,Reg Season,Hanshin Tigers,Away,W,6,Yokohama Taiyo Whales,6,13,0,"0,1,0,0,0,0,0,0,5",25,Yokohama Stadium,,,19000,GAME19880921DBHT0025
1988,1988-09-21,Reg Season,Yokohama Taiyo Whales,Home,L,1,Hanshin Tigers,1,4,1,"0,0,0,0,0,0,1,0,0",25,Yokohama Stadium,,,19000,GAME19880921DBHT0025
1988,1988-09-21,Reg Season,Yakult Swallows,Away,L,0,Hiroshima Toyo Carp,0,6,1,"0,0,0,0,0,0,0,0,0",21,Hiroshima citizens,,,6000,GAME19880921HCYS0021
1988,1988-09-21,Reg Season,Hiroshima Toyo Carp,Home,W,3,Yakult Swallows,3,6,0,"1,0,0,0,0,2,0,0,x",21,Hiroshima citizens,,,6000,GAME19880921HCYS0021
1988,1988-09-21,Reg Season,Seibu Lions,Away,L,3,Nippon-Ham Fighters,3,6,1,"1,0,0,2,0,0,0,0,0",23,Tokyo Dome,,,53000,GAME19880921NFSL0023
1988,1988-09-21,Reg Season,Nippon-Ham Fighters,Home,W,4,Seibu Lions,4,8,1,"0,2,0,0,1,0,1,0,x",23,Tokyo Dome,,,53000,GAME19880921NFSL0023
1988,1988-09-21,Reg Season,Lotte Orions,Away,L,0,Hankyu Braves,0,3,1,"0,0,0,0,0,0,0,0,0",18,Nishinomiya,,,3000,GAME19880921OBLM0018
1988,1988-09-21,Reg Season,Hankyu Braves,Home,W,3,Lotte Orions,3,8,0,"0,0,0,1,1,1,0,0,x",18,Nishinomiya,,,3000,GAME19880921OBLM0018
1988,1988-09-22,Reg Season,Yomiuri Giants,Away,L,1,Chunichi Dragons,1,7,0,"0,0,0,1,0,0,0,0,0",26,Nagoya,,,35000,GAME19880922CDYG0026
1988,1988-09-22,Reg Season,Chunichi Dragons,Home,W,4,Yomiuri Giants,4,8,0,"0,0,0,1,0,0,2,1,x",26,Nagoya,,,35000,GAME19880922CDYG0026
1988,1988-09-22,Reg Season,Yakult Swallows,Away,L,1,Hiroshima Toyo Carp,1,4,0,"1,0,0,0,0,0,0,0,0,0,0",22,Hiroshima citizens,,,8000,GAME19880922HCYS0022
1988,1988-09-22,Reg Season,Hiroshima Toyo Carp,Home,W,2,Yakult Swallows,2,6,1,"1,0,0,0,0,0,0,0,0,0,1x",22,Hiroshima citizens,,,8000,GAME19880922HCYS0022
1988,1988-09-22,Reg Season,Nankai Hawks,Away,L,5,Kintetsu Buffaloes,5,10,1,"0,0,0,1,0,1,0,0,3",24,Nissei,,,16000,GAME19880922KISH0024
1988,1988-09-22,Reg Season,Kintetsu Buffaloes,Home,W,13,Nankai Hawks,13,13,0,"0,7,5,0,0,0,0,1,x",24,Nissei,,,16000,GAME19880922KISH0024
1988,1988-09-22,Reg Season,Lotte Orions,Away,L,0,Hankyu Braves,0,3,0,"0,0,0,0,0,0,0,0,0",19,Nishinomiya,,,3000,GAME19880922OBLM0019
1988,1988-09-22,Reg Season,Hankyu Braves,Home,W,1,Lotte Orions,1,4,0,"0,0,0,1,0,0,0,0,x",19,Nishinomiya,,,3000,GAME19880922OBLM0019
1988,1988-09-23,Reg Season,Yomiuri Giants,Away,L,0,Hiroshima Toyo Carp,0,4,1,"0,0,0,0,0,0,0,0,0",25,Hiroshima citizens,,,18000,GAME19880923HCYG0025
1988,1988-09-23,Reg Season,Hiroshima Toyo Carp,Home,W,3,Yomiuri Giants,3,7,0,"0,0,3,0,0,0,0,0,x",25,Hiroshima citizens,,,18000,GAME19880923HCYG0025
1988,1988-09-23,Reg Season,Yakult Swallows,Away,W,14,Hanshin Tigers,14,18,2,"1,0,3,0,0,0,4,1,5",21,Hanshin Koshien Stadium,,,15000,GAME19880923HTYS0021
1988,1988-09-23,Reg Season,Hanshin Tigers,Home,L,10,Yakult Swallows,10,10,1,"0,0,2,0,5,0,2,0,1",21,Hanshin Koshien Stadium,,,15000,GAME19880923HTYS0021
1988,1988-09-23,Reg Season,Lotte Orions,Away,L,2,Nippon-Ham Fighters,2,9,0,"0,0,0,0,1,0,1,0,0",24,Tokyo Dome,,,32000,GAME19880923NFLM0024
1988,1988-09-23,Reg Season,Nippon-Ham Fighters,Home,W,3,Lotte Orions,3,7,0,"0,0,2,1,0,0,0,0,x",24,Tokyo Dome,,,32000,GAME19880923NFLM0024
1988,1988-09-23,Reg Season,Kintetsu Buffaloes,Away,W,13,Hankyu Braves,13,16,2,"0,2,7,0,0,0,1,2,1",23,Nishinomiya,,,20000,GAME19880923OBKI0023
1988,1988-09-23,Reg Season,Hankyu Braves,Home,L,8,Kintetsu Buffaloes,8,13,1,"0,0,0,0,1,1,5,1,0",23,Nishinomiya,,,20000,GAME19880923OBKI0023
1988,1988-09-23,Reg Season,Seibu Lions,Away,W,4,Nankai Hawks,4,9,0,"0,0,0,2,0,0,1,0,1",20,Osaka,,,30000,GAME19880923SHSL0020
1988,1988-09-23,Reg Season,Nankai Hawks,Home,L,2,Seibu Lions,2,6,0,"0,0,0,0,0,0,1,1,0",20,Osaka,,,30000,GAME19880923SHSL0020
1988,1988-09-24,Reg Season,Lotte Orions,Away,W,4,Nippon-Ham Fighters,4,7,0,"2,0,0,0,1,1,0,0,0",25,Tokyo Dome,,,34000,GAME19880924NFLM0025
1988,1988-09-24,Reg Season,Nippon-Ham Fighters,Home,L,3,Lotte Orions,3,6,0,"1,0,0,1,0,0,1,0,0",25,Tokyo Dome,,,34000,GAME19880924NFLM0025
1988,1988-09-25,Reg Season,Yomiuri Giants,Away,L,3,Hiroshima Toyo Carp,3,9,0,"0,0,0,0,0,3,0,0,0",26,Hiroshima citizens,,,13000,GAME19880925HCYG0026
1988,1988-09-25,Reg Season,Hiroshima Toyo Carp,Home,W,4,Yomiuri Giants,4,9,0,"0,0,0,0,0,3,0,1,x",26,Hiroshima citizens,,,13000,GAME19880925HCYG0026
1988,1988-09-25,Reg Season,Yakult Swallows,Away,W,8,Hanshin Tigers,8,11,2,"3,0,0,1,0,1,3,0,0",22,Hanshin Koshien Stadium,,,12000,GAME19880925HTYS0022
1988,1988-09-25,Reg Season,Hanshin Tigers,Home,L,5,Yakult Swallows,5,9,0,"3,0,0,0,1,0,1,0,0",22,Hanshin Koshien Stadium,,,12000,GAME19880925HTYS0022
1988,1988-09-25,Reg Season,Lotte Orions,Away,L,1,Nippon-Ham Fighters,1,6,0,"0,0,1,0,0,0,0,0,0",26,Tokyo Dome,,,32000,GAME19880925NFLM0026
1988,1988-09-25,Reg Season,Nippon-Ham Fighters,Home,W,3,Lotte Orions,3,8,0,"0,0,0,2,0,0,1,0,x",26,Tokyo Dome,,,32000,GAME19880925NFLM0026
1988,1988-09-25,Reg Season,Kintetsu Buffaloes,Away,W,5,Hankyu Braves,5,9,1,"0,0,0,2,0,1,2,0,0",24,Nishinomiya,,,10000,GAME19880925OBKI0024
1988,1988-09-25,Reg Season,Hankyu Braves,Home,L,2,Kintetsu Buffaloes,2,8,1,"0,0,0,0,0,0,1,1,0",24,Nishinomiya,,,10000,GAME19880925OBKI0024
1988,1988-09-25,Reg Season,Seibu Lions,Away,W,9,Nankai Hawks,9,11,0,"0,0,0,2,1,0,6,0,0",21,Osaka,,,25000,GAME19880925SHSL0021
1988,1988-09-25,Reg Season,Nankai Hawks,Home,L,5,Seibu Lions,5,11,0,"0,0,3,0,0,0,0,2,0",21,Osaka,,,25000,GAME19880925SHSL0021
1988,1988-09-26,Reg Season,Seibu Lions,Away,L,0,Nankai Hawks,0,6,1,"0,0,0,0,0,0,0,0,0",22,Osaka,,,20000,GAME19880926SHSL0022
1988,1988-09-26,Reg Season,Nankai Hawks,Home,W,1,Seibu Lions,1,7,2,"0,0,0,1,0,0,0,0,x",22,Osaka,,,20000,GAME19880926SHSL0022
1988,1988-09-27,Reg Season,Hiroshima Toyo Carp,Away,L,0,Chunichi Dragons,0,9,1,"0,0,0,0,0,0,0,0,0",21,Nagoya,,,35000,GAME19880927CDHC0021
1988,1988-09-27,Reg Season,Chunichi Dragons,Home,W,8,Hiroshima Toyo Carp,8,11,0,"6,0,0,2,0,0,0,0,x",21,Nagoya,,,35000,GAME19880927CDHC0021
1988,1988-09-27,Reg Season,Nankai Hawks,Away,L,2,Hankyu Braves,2,10,2,"0,0,0,0,0,1,0,0,1",25,Nishinomiya,,,10000,GAME19880927OBSH0025
1988,1988-09-27,Reg Season,Hankyu Braves,Home,W,5,Nankai Hawks,5,10,0,"2,0,1,0,0,0,0,2,x",25,Nishinomiya,,,10000,GAME19880927OBSH0025
1988,1988-09-28,Reg Season,Hiroshima Toyo Carp,Away,W,3,Chunichi Dragons,3,4,0,"0,0,0,0,0,0,0,0,3",22,Nagoya,,,35000,GAME19880928CDHC0022
1988,1988-09-28,Reg Season,Chunichi Dragons,Home,L,2,Hiroshima Toyo Carp,2,7,1,"0,0,0,1,0,0,0,0,1",22,Nagoya,,,35000,GAME19880928CDHC0022
1988,1988-09-28,Reg Season,Hanshin Tigers,Away,L,2,Yomiuri Giants,2,8,2,"0,0,0,0,0,1,1,0,0",25,Tokyo Dome,,,56000,GAME19880928YGHT0025
1988,1988-09-28,Reg Season,Yomiuri Giants,Home,W,5,Hanshin Tigers,5,11,1,"0,1,0,1,0,0,0,3,x",25,Tokyo Dome,,,56000,GAME19880928YGHT0025
1988,1988-09-29,Reg Season,Hiroshima Toyo Carp,Away,W,2,Chunichi Dragons,2,7,1,"0,0,0,0,1,0,0,1,0",23,Nagoya,,,35000,GAME19880929CDHC0023
1988,1988-09-29,Reg Season,Chunichi Dragons,Home,L,1,Hiroshima Toyo Carp,1,8,0,"0,0,0,1,0,0,0,0,0",23,Nagoya,,,35000,GAME19880929CDHC0023
1988,1988-09-29,Reg Season,Kintetsu Buffaloes,Away,W,11,Lotte Orions,11,12,1,"0,0,4,0,2,0,3,2,0",17,Kawasaki,,,3000,GAME19880929LMKI0017
1988,1988-09-29,Reg Season,Lotte Orions,Home,L,3,Kintetsu Buffaloes,3,5,0,"0,0,0,0,1,0,0,0,2",17,Kawasaki,,,3000,GAME19880929LMKI0017
1988,1988-09-29,Reg Season,Nippon-Ham Fighters,Away,W,8,Seibu Lions,8,11,1,"2,3,0,0,0,3,0,0,0",24,Belluna Dome,,,14000,GAME19880929SLNF0024
1988,1988-09-29,Reg Season,Seibu Lions,Home,L,7,Nippon-Ham Fighters,7,11,0,"0,0,0,0,0,1,0,2,4",24,Belluna Dome,,,14000,GAME19880929SLNF0024
1988,1988-09-29,Reg Season,Hanshin Tigers,Away,L,1,Yomiuri Giants,1,7,0,"0,0,0,0,0,1,0,0,0",26,Tokyo Dome,,,56000,GAME19880929YGHT0026
1988,1988-09-29,Reg Season,Yomiuri Giants,Home,W,9,Hanshin Tigers,9,13,0,"0,1,0,4,0,0,0,4,x",26,Tokyo Dome,,,56000,GAME19880929YGHT0026
1988,1988-09-29,Reg Season,Yokohama Taiyo Whales,Away,W,4,Yakult Swallows,4,10,1,"1,0,0,1,0,2,0,0,0",23,Meiji Jingu Stadium,,,3000,GAME19880929YSDB0023
1988,1988-09-29,Reg Season,Yakult Swallows,Home,L,2,Yokohama Taiyo Whales,2,9,0,"1,0,0,0,0,0,0,1,0",23,Meiji Jingu Stadium,,,3000,GAME19880929YSDB0023
1988,1988-09-30,Reg Season,Nippon-Ham Fighters,Away,W,5,Nankai Hawks,5,10,1,"0,3,1,0,0,0,0,0,1",24,Osaka,,,3000,GAME19880930SHNF0024
1988,1988-09-30,Reg Season,Nankai Hawks,Home,L,0,Nippon-Ham Fighters,0,3,0,"0,0,0,0,0,0,0,0,0",24,Osaka,,,3000,GAME19880930SHNF0024
1988,1988-10-01,Reg Season,Hanshin Tigers,Away,L,1,Chunichi Dragons,1,5,0,"0,0,0,0,0,0,0,1,0",22,Nagoya,,,35000,GAME19881001CDHT0022
1988,1988-10-01,Reg Season,Chunichi Dragons,Home,W,2,Hanshin Tigers,2,5,0,"1,0,0,0,1,0,0,0,x",22,Nagoya,,,35000,GAME19881001CDHT0022
1988,1988-10-01,Reg Season,Hiroshima Toyo Carp,Away,L,2,Yokohama Taiyo Whales,2,9,0,"0,0,0,0,1,1,0,0,0",23,Yokohama Stadium,,,18000,GAME19881001DBHC0023
1988,1988-10-01,Reg Season,Yokohama Taiyo Whales,Home,W,3,Hiroshima Toyo Carp,3,8,1,"0,0,0,1,1,0,0,1,x",23,Yokohama Stadium,,,18000,GAME19881001DBHC0023
1988,1988-10-01,Reg Season,Seibu Lions,Away,W,6,Kintetsu Buffaloes,6,14,0,"0,2,0,1,0,0,0,0,3",23,Fujiidera,,,31000,GAME19881001KISL0023
1988,1988-10-01,Reg Season,Kintetsu Buffaloes,Home,L,0,Seibu Lions,0,2,0,"0,0,0,0,0,0,0,0,0",23,Fujiidera,,,31000,GAME19881001KISL0023
1988,1988-10-01,Reg Season,Hankyu Braves,Away,W,10,Lotte Orions,10,16,2,"1,0,0,0,6,3,0,0,0",20,Kawasaki,,,6000,GAME19881001LMOB0020
1988,1988-10-01,Reg Season,Lotte Orions,Home,L,6,Hankyu Braves,6,10,0,"0,4,0,0,0,2,0,0,0",20,Kawasaki,,,6000,GAME19881001LMOB0020
1988,1988-10-01,Reg Season,Nippon-Ham Fighters,Away,W,5,Nankai Hawks,5,14,1,"1,0,0,0,0,0,1,0,0,3",25,Osaka,,,7000,GAME19881001SHNF0025
1988,1988-10-01,Reg Season,Nankai Hawks,Home,L,2,Nippon-Ham Fighters,2,6,0,"1,1,0,0,0,0,0,0,0,0",25,Osaka,,,7000,GAME19881001SHNF0025
1988,1988-10-01,Reg Season,Yakult Swallows,Away,L,1,Yomiuri Giants,1,3,0,"0,1,0,0,0,0,0,0,0",25,Tokyo Dome,,,56000,GAME19881001YGYS0025
1988,1988-10-01,Reg Season,Yomiuri Giants,Home,W,2,Yakult Swallows,2,9,0,"0,0,0,0,0,0,0,0,2x",25,Tokyo Dome,,,56000,GAME19881001YGYS0025
1988,1988-10-02,Reg Season,Hanshin Tigers,Away,L,1,Chunichi Dragons,1,8,1,"0,0,1,0,0,0,0,0,0",23,Nagoya,,,35000,GAME19881002CDHT0023
1988,1988-10-02,Reg Season,Chunichi Dragons,Home,W,4,Hanshin Tigers,4,9,0,"1,0,2,0,1,0,0,0,x",23,Nagoya,,,35000,GAME19881002CDHT0023
1988,1988-10-02,Reg Season,Hiroshima Toyo Carp,Away,L,0,Yokohama Taiyo Whales,0,8,0,"0,0,0,0,0,0,0,0,0",24,Yokohama Stadium,,,10000,GAME19881002DBHC0024
1988,1988-10-02,Reg Season,Yokohama Taiyo Whales,Home,W,4,Hiroshima Toyo Carp,4,11,0,"2,0,0,0,2,0,0,0,x",24,Yokohama Stadium,,,10000,GAME19881002DBHC0024
1988,1988-10-02,Reg Season,Seibu Lions,Away,L,5,Kintetsu Buffaloes,5,8,1,"4,0,0,0,0,0,0,1,0",24,Fujiidera,,,32000,GAME19881002KISL0024
1988,1988-10-02,Reg Season,Kintetsu Buffaloes,Home,W,10,Seibu Lions,10,9,0,"0,7,0,1,1,1,0,0,x",24,Fujiidera,,,32000,GAME19881002KISL0024
1988,1988-10-02,Reg Season,Hankyu Braves,Away,W,4,Lotte Orions,4,5,0,"0,0,0,1,0,0,1,2,0",21,Kawasaki,,,5000,GAME19881002LMOB0021
1988,1988-10-02,Reg Season,Lotte Orions,Home,L,3,Hankyu Braves,3,7,2,"0,0,0,1,0,2,0,0,0",21,Kawasaki,,,5000,GAME19881002LMOB0021
1988,1988-10-02,Reg Season,Nippon-Ham Fighters,Away,L,6,Nankai Hawks,6,12,0,"0,1,0,0,2,0,3,0,0",26,Osaka,,,11000,GAME19881002SHNF0026
1988,1988-10-02,Reg Season,Nankai Hawks,Home,W,7,Nippon-Ham Fighters,7,15,1,"0,2,0,0,0,0,0,5,x",26,Osaka,,,11000,GAME19881002SHNF0026
1988,1988-10-02,Reg Season,Yakult Swallows,Away,W,5,Yomiuri Giants,5,8,0,"0,0,0,0,1,0,0,4,0",26,Tokyo Dome,,,56000,GAME19881002YGYS0026
1988,1988-10-02,Reg Season,Yomiuri Giants,Home,L,1,Yakult Swallows,1,3,1,"0,0,0,0,0,0,0,0,1",26,Tokyo Dome,,,56000,GAME19881002YGYS0026
1988,1988-10-03,Reg Season,Hankyu Braves,Away,L,2,Lotte Orions,2,7,1,"1,0,0,1,0,0,0,0,0",22,Kawasaki,,,2000,GAME19881003LMOB0022
1988,1988-10-03,Reg Season,Lotte Orions,Home,W,4,Hankyu Braves,4,9,1,"1,0,0,0,1,0,2,0,x",22,Kawasaki,,,2000,GAME19881003LMOB0022
1988,1988-10-04,Reg Season,Yakult Swallows,Away,W,3,Chunichi Dragons,3,8,1,"0,0,0,0,0,0,0,3,0",23,Nagoya,,,35000,GAME19881004CDYS0023
1988,1988-10-04,Reg Season,Chunichi Dragons,Home,L,2,Yakult Swallows,2,4,1,"0,0,0,0,0,0,2,0,0",23,Nagoya,,,35000,GAME19881004CDYS0023
1988,1988-10-04,Reg Season,Yomiuri Giants,Away,W,4,Yokohama Taiyo Whales,4,8,0,"3,0,0,0,0,0,0,1,0",26,Yokohama Stadium,,,28000,GAME19881004DBYG0026
1988,1988-10-04,Reg Season,Yokohama Taiyo Whales,Home,L,1,Yomiuri Giants,1,7,0,"0,0,0,1,0,0,0,0,0",26,Yokohama Stadium,,,28000,GAME19881004DBYG0026
1988,1988-10-04,Reg Season,Hanshin Tigers,Away,W,3,Hiroshima Toyo Carp,3,10,0,"0,0,0,2,0,1,0,0,0",25,Hiroshima citizens,,,5000,GAME19881004HCHT0025
1988,1988-10-04,Reg Season,Hiroshima Toyo Carp,Home,L,1,Hanshin Tigers,1,9,0,"0,0,0,0,0,0,0,1,0",25,Hiroshima citizens,,,5000,GAME19881004HCHT0025
1988,1988-10-04,Reg Season,Kintetsu Buffaloes,Away,W,1,Nippon-Ham Fighters,1,5,0,"0,0,0,0,0,0,0,1,0",25,Tokyo Dome,,,30000,GAME19881004NFKI0025
1988,1988-10-04,Reg Season,Nippon-Ham Fighters,Home,L,0,Kintetsu Buffaloes,0,6,1,"0,0,0,0,0,0,0,0,0",25,Tokyo Dome,,,30000,GAME19881004NFKI0025
1988,1988-10-04,Reg Season,Lotte Orions,Away,W,7,Nankai Hawks,7,9,0,"3,0,0,0,0,1,1,0,2",23,Osaka,,,7000,GAME19881004SHLM0023
1988,1988-10-04,Reg Season,Nankai Hawks,Home,L,3,Lotte Orions,3,3,0,"0,0,3,0,0,0,0,0,0",23,Osaka,,,7000,GAME19881004SHLM0023
1988,1988-10-04,Reg Season,Hankyu Braves,Away,W,9,Seibu Lions,9,15,1,"0,0,0,4,2,0,3,0,0",25,Belluna Dome,,,20000,GAME19881004SLOB0025
1988,1988-10-04,Reg Season,Seibu Lions,Home,L,6,Hankyu Braves,6,7,1,"4,0,1,0,0,0,0,1,0",25,Belluna Dome,,,20000,GAME19881004SLOB0025
1988,1988-10-05,Reg Season,Kintetsu Buffaloes,Away,W,2,Nippon-Ham Fighters,2,8,0,"0,0,1,1,0,0,0,0,0",26,Tokyo Dome,,,35000,GAME19881005NFKI0026
1988,1988-10-05,Reg Season,Nippon-Ham Fighters,Home,L,0,Kintetsu Buffaloes,0,3,0,"0,0,0,0,0,0,0,0,0",26,Tokyo Dome,,,35000,GAME19881005NFKI0026
1988,1988-10-06,Reg Season,Yakult Swallows,Away,L,1,Chunichi Dragons,1,5,1,"0,0,0,1,0,0,0,0,0",24,Nagoya,,,35000,GAME19881006CDYS0024
1988,1988-10-06,Reg Season,Chunichi Dragons,Home,W,2,Yakult Swallows,2,5,3,"0,0,0,0,0,0,0,2,x",24,Nagoya,,,35000,GAME19881006CDYS0024
1988,1988-10-06,Reg Season,Hanshin Tigers,Away,L,2,Hiroshima Toyo Carp,2,10,1,"0,0,0,2,0,0,0,0,0",26,Hiroshima citizens,,,4000,GAME19881006HCHT0026
1988,1988-10-06,Reg Season,Hiroshima Toyo Carp,Home,W,4,Hanshin Tigers,4,8,1,"1,0,0,0,0,0,0,3,x",26,Hiroshima citizens,,,4000,GAME19881006HCHT0026
1988,1988-10-06,Reg Season,Lotte Orions,Away,W,6,Nankai Hawks,6,6,1,"0,0,0,0,0,4,0,0,2",24,Osaka,,,2000,GAME19881006SHLM0024
1988,1988-10-06,Reg Season,Nankai Hawks,Home,L,1,Lotte Orions,1,4,4,"0,0,0,1,0,0,0,0,0",24,Osaka,,,2000,GAME19881006SHLM0024
1988,1988-10-07,Reg Season,Yakult Swallows,Away,L,3,Chunichi Dragons,3,8,0,"0,0,0,0,0,0,3,0,0",25,Nagoya,,,35000,GAME19881007CDYS0025
1988,1988-10-07,Reg Season,Chunichi Dragons,Home,W,11,Yakult Swallows,11,12,0,"4,2,0,0,3,1,1,0,x",25,Nagoya,,,35000,GAME19881007CDYS0025
1988,1988-10-07,Reg Season,Yokohama Taiyo Whales,Away,L,0,Hanshin Tigers,0,4,0,"0,0,0,0,0,0,0,0,0",26,Hanshin Koshien Stadium,,,5000,GAME19881007HTDB0026
1988,1988-10-07,Reg Season,Hanshin Tigers,Home,W,3,Yokohama Taiyo Whales,3,4,1,"2,0,0,0,0,0,1,0,x",26,Hanshin Koshien Stadium,,,5000,GAME19881007HTDB0026
1988,1988-10-07,Reg Season,Nankai Hawks,Away,W,7,Lotte Orions,7,6,0,"2,0,0,0,0,4,0,0,1",25,Kawasaki,,,5000,GAME19881007LMSH0025
1988,1988-10-07,Reg Season,Lotte Orions,Home,L,2,Nankai Hawks,2,9,2,"0,1,0,0,0,0,0,1,0",25,Kawasaki,,,5000,GAME19881007LMSH0025
1988,1988-10-07,Reg Season,Kintetsu Buffaloes,Away,L,2,Seibu Lions,2,3,1,"0,2,0,0,0,0,0,0,0",25,Belluna Dome,,,25000,GAME19881007SLKI0025
1988,1988-10-07,Reg Season,Seibu Lions,Home,W,5,Kintetsu Buffaloes,5,7,0,"0,2,0,0,1,0,2,0,x",25,Belluna Dome,,,25000,GAME19881007SLKI0025
1988,1988-10-08,Reg Season,Hiroshima Toyo Carp,Away,L,2,Chunichi Dragons,2,6,0,"1,1,0,0,0,0,0,0,0,0,0",24,Nagoya,,,34000,GAME19881008CDHC0024
1988,1988-10-08,Reg Season,Chunichi Dragons,Home,W,3,Hiroshima Toyo Carp,3,11,0,"0,0,0,0,0,1,0,1,0,0,1x",24,Nagoya,,,34000,GAME19881008CDHC0024
1988,1988-10-08,Reg Season,Yakult Swallows,Away,L,1,Hanshin Tigers,1,5,0,"0,1,0,0,0,0,0,0,0",23,Hanshin Koshien Stadium,,,6000,GAME19881008HTYS0023
1988,1988-10-08,Reg Season,Hanshin Tigers,Home,W,2,Yakult Swallows,2,8,1,"0,0,0,0,0,1,0,0,1x",23,Hanshin Koshien Stadium,,,6000,GAME19881008HTYS0023
1988,1988-10-08,Reg Season,Kintetsu Buffaloes,Away,L,2,Seibu Lions,2,8,0,"0,0,1,0,0,0,1,0,0",26,Belluna Dome,,,28000,GAME19881008SLKI0026
1988,1988-10-08,Reg Season,Seibu Lions,Home,W,4,Kintetsu Buffaloes,4,7,1,"0,1,0,1,0,2,0,0,x",26,Belluna Dome,,,28000,GAME19881008SLKI0026
1988,1988-10-09,Reg Season,Chunichi Dragons,Away,W,2,Hiroshima Toyo Carp,2,5,0,"0,0,0,1,0,0,1,0,0",25,Hiroshima citizens,,,8000,GAME19881009HCCD0025
1988,1988-10-09,Reg Season,Hiroshima Toyo Carp,Home,L,1,Chunichi Dragons,1,6,0,"0,0,1,0,0,0,0,0,0",25,Hiroshima citizens,,,8000,GAME19881009HCCD0025
1988,1988-10-09,Reg Season,Yakult Swallows,Away,W,7,Hanshin Tigers,7,14,1,"0,0,1,3,1,0,1,0,1",24,Hanshin Koshien Stadium,,,10000,GAME19881009HTYS0024
1988,1988-10-09,Reg Season,Hanshin Tigers,Home,L,5,Yakult Swallows,5,7,2,"1,1,0,0,0,0,0,0,3",24,Hanshin Koshien Stadium,,,10000,GAME19881009HTYS0024
1988,1988-10-09,Reg Season,Lotte Orions,Away,L,3,Kintetsu Buffaloes,3,6,0,"0,0,0,2,1,0,0,0,0",18,Fujiidera,,,12000,GAME19881009KILM0018
1988,1988-10-09,Reg Season,Kintetsu Buffaloes,Home,W,5,Lotte Orions,5,10,0,"0,0,0,1,3,0,0,1,x",18,Fujiidera,,,12000,GAME19881009KILM0018
1988,1988-10-09,Reg Season,Nankai Hawks,Away,L,0,Seibu Lions,0,3,3,"0,0,0,0,0,0,0,0,0",23,Belluna Dome,,,32000,GAME19881009SLSH0023
1988,1988-10-09,Reg Season,Seibu Lions,Home,W,8,Nankai Hawks,8,7,1,"0,1,1,0,0,0,0,6,x",23,Belluna Dome,,,32000,GAME19881009SLSH0023
1988,1988-10-10,Reg Season,Chunichi Dragons,Away,W,5,Hiroshima Toyo Carp,5,11,0,"2,0,0,0,1,0,1,0,1",26,Hiroshima citizens,,,10000,GAME19881010HCCD0026
1988,1988-10-10,Reg Season,Hiroshima Toyo Carp,Home,L,0,Chunichi Dragons,0,3,2,"0,0,0,0,0,0,0,0,0",26,Hiroshima citizens,,,10000,GAME19881010HCCD0026
1988,1988-10-10,Reg Season,Yakult Swallows,Away,W,5,Hanshin Tigers,5,8,0,"0,0,0,0,0,1,0,0,4",25,Hanshin Koshien Stadium,,,45000,GAME19881010HTYS0025
1988,1988-10-10,Reg Season,Hanshin Tigers,Home,L,3,Yakult Swallows,3,6,0,"2,0,1,0,0,0,0,0,0",25,Hanshin Koshien Stadium,,,45000,GAME19881010HTYS0025
1988,1988-10-10,Reg Season,Yakult Swallows,Away,W,8,Hanshin Tigers,8,13,3,"1,0,0,0,0,0,0,1,6",26,Hanshin Koshien Stadium,,,50000,GAME19881010HTYS0026
1988,1988-10-10,Reg Season,Hanshin Tigers,Home,L,2,Yakult Swallows,2,8,1,"0,0,0,0,0,1,1,0,0",26,Hanshin Koshien Stadium,,,50000,GAME19881010HTYS0026
1988,1988-10-10,Reg Season,Lotte Orions,Away,L,0,Kintetsu Buffaloes,0,5,0,"0,0,0,0,0,0,0,0,0",19,Fujiidera,,,22000,GAME19881010KILM0019
1988,1988-10-10,Reg Season,Kintetsu Buffaloes,Home,W,3,Lotte Orions,3,4,1,"0,0,0,0,0,0,0,3,x",19,Fujiidera,,,22000,GAME19881010KILM0019
1988,1988-10-10,Reg Season,Lotte Orions,Away,L,2,Kintetsu Buffaloes,2,8,0,"0,0,2,0,0,0,0,0,0",20,Fujiidera,,,22000,GAME19881010KILM0020
1988,1988-10-10,Reg Season,Kintetsu Buffaloes,Home,W,7,Lotte Orions,7,11,0,"0,1,1,2,0,1,2,0,x",20,Fujiidera,,,22000,GAME19881010KILM0020
1988,1988-10-10,Reg Season,Nippon-Ham Fighters,Away,W,3,Hankyu Braves,3,10,0,"1,0,0,1,0,0,0,1,0",23,Nishinomiya,,,12000,GAME19881010OBNF0023
1988,1988-10-10,Reg Season,Hankyu Braves,Home,L,1,Nippon-Ham Fighters,1,5,0,"0,0,0,0,0,1,0,0,0",23,Nishinomiya,,,12000,GAME19881010OBNF0023
1988,1988-10-10,Reg Season,Nippon-Ham Fighters,Away,L,3,Hankyu Braves,3,9,0,"0,0,0,0,1,0,0,2,0",24,Nishinomiya,,,12000,GAME19881010OBNF0024
1988,1988-10-10,Reg Season,Hankyu Braves,Home,W,4,Nippon-Ham Fighters,4,7,0,"0,0,2,0,0,0,0,2,x",24,Nishinomiya,,,12000,GAME19881010OBNF0024
1988,1988-10-10,Reg Season,Nankai Hawks,Away,L,4,Seibu Lions,4,7,0,"2,0,0,0,0,1,1,0,0",24,Belluna Dome,,,43000,GAME19881010SLSH0024
1988,1988-10-10,Reg Season,Seibu Lions,Home,W,6,Nankai Hawks,6,7,0,"1,0,1,0,0,0,4,0,x",24,Belluna Dome,,,43000,GAME19881010SLSH0024
1988,1988-10-11,Reg Season,Kintetsu Buffaloes,Away,W,4,Lotte Orions,4,7,1,"1,0,0,1,0,1,1,0,0",21,Kawasaki,,,6000,GAME19881011LMKI0021
1988,1988-10-11,Reg Season,Lotte Orions,Home,L,2,Kintetsu Buffaloes,2,10,0,"2,0,0,0,0,0,0,0,0",21,Kawasaki,,,6000,GAME19881011LMKI0021
1988,1988-10-11,Reg Season,Nippon-Ham Fighters,Away,W,5,Hankyu Braves,5,8,0,"0,0,2,3,0,0,0,0,0",25,Nishinomiya,,,3000,GAME19881011OBNF0025
1988,1988-10-11,Reg Season,Hankyu Braves,Home,L,1,Nippon-Ham Fighters,1,8,0,"0,0,1,0,0,0,0,0,0",25,Nishinomiya,,,3000,GAME19881011OBNF0025
1988,1988-10-11,Reg Season,Seibu Lions,Away,W,17,Nankai Hawks,17,17,1,"6,0,6,0,2,1,0,0,2",25,Osaka,,,22000,GAME19881011SHSL0025
1988,1988-10-11,Reg Season,Nankai Hawks,Home,L,5,Seibu Lions,5,11,2,"2,0,2,0,1,0,0,0,0",25,Osaka,,,22000,GAME19881011SHSL0025
1988,1988-10-12,Reg Season,Hanshin Tigers,Away,W,3,Chunichi Dragons,3,7,0,"1,0,0,0,0,0,0,0,2",24,Nagoya,,,10000,GAME19881012CDHT0024
1988,1988-10-12,Reg Season,Chunichi Dragons,Home,L,2,Hanshin Tigers,2,4,0,"0,0,1,0,0,0,0,0,1",24,Nagoya,,,10000,GAME19881012CDHT0024
1988,1988-10-12,Reg Season,Yokohama Taiyo Whales,Away,L,1,Hiroshima Toyo Carp,1,4,0,"0,0,1,0,0,0,0,0,0",25,Hiroshima citizens,,,4000,GAME19881012HCDB0025
1988,1988-10-12,Reg Season,Hiroshima Toyo Carp,Home,W,6,Yokohama Taiyo Whales,6,8,2,"0,0,0,3,0,2,0,1,x",25,Hiroshima citizens,,,4000,GAME19881012HCDB0025
1988,1988-10-12,Reg Season,Yokohama Taiyo Whales,Away,W,6,Hiroshima Toyo Carp,6,11,1,"1,0,0,0,1,0,4,0,0",26,Hiroshima citizens,,,5000,GAME19881012HCDB0026
1988,1988-10-12,Reg Season,Hiroshima Toyo Carp,Home,L,4,Yokohama Taiyo Whales,4,10,1,"0,0,1,1,0,0,2,0,0",26,Hiroshima citizens,,,5000,GAME19881012HCDB0026
1988,1988-10-12,Reg Season,Kintetsu Buffaloes,Away,W,2,Lotte Orions,2,4,0,"0,1,0,0,1,0,0,0,0",22,Kawasaki,,,4000,GAME19881012LMKI0022
1988,1988-10-12,Reg Season,Lotte Orions,Home,L,0,Kintetsu Buffaloes,0,4,1,"0,0,0,0,0,0,0,0,0",22,Kawasaki,,,4000,GAME19881012LMKI0022
1988,1988-10-12,Reg Season,Nippon-Ham Fighters,Away,L,3,Hankyu Braves,3,10,1,"0,0,0,1,0,0,0,0,2",26,Nishinomiya,,,3000,GAME19881012OBNF0026
1988,1988-10-12,Reg Season,Hankyu Braves,Home,W,4,Nippon-Ham Fighters,4,9,0,"0,0,2,0,1,0,0,1,x",26,Nishinomiya,,,3000,GAME19881012OBNF0026
1988,1988-10-12,Reg Season,Seibu Lions,Away,L,8,Nankai Hawks,8,13,1,"1,0,5,0,0,0,0,0,2,0",26,Osaka,,,10000,GAME19881012SHSL0026
1988,1988-10-12,Reg Season,Nankai Hawks,Home,W,9,Seibu Lions,9,13,2,"0,3,0,1,2,2,0,0,0,1x",26,Osaka,,,10000,GAME19881012SHSL0026
1988,1988-10-13,Reg Season,Hanshin Tigers,Away,L,6,Chunichi Dragons,6,13,0,"1,0,1,0,3,1,0,0,0",25,Nagoya,,,15000,GAME19881013CDHT0025
1988,1988-10-13,Reg Season,Chunichi Dragons,Home,W,11,Hanshin Tigers,11,15,1,"0,0,1,1,3,4,1,1,x",25,Nagoya,,,15000,GAME19881013CDHT0025
1988,1988-10-13,Reg Season,Hanshin Tigers,Away,L,0,Chunichi Dragons,0,3,0,"0,0,0,0,0,0,0,0,0",26,Nagoya,,,15000,GAME19881013CDHT0026
1988,1988-10-13,Reg Season,Chunichi Dragons,Home,W,1,Hanshin Tigers,1,7,0,"0,0,0,0,0,0,0,1,x",26,Nagoya,,,15000,GAME19881013CDHT0026
1988,1988-10-13,Reg Season,Kintetsu Buffaloes,Away,W,4,Lotte Orions,4,7,1,"0,0,2,0,0,0,2,0,0",23,Kawasaki,,,7000,GAME19881013LMKI0023
1988,1988-10-13,Reg Season,Lotte Orions,Home,L,3,Kintetsu Buffaloes,3,9,1,"0,0,0,1,0,0,0,0,2",23,Kawasaki,,,7000,GAME19881013LMKI0023
1988,1988-10-13,Reg Season,Hankyu Braves,Away,L,4,Nankai Hawks,4,4,3,"0,2,2,0,0,0,0,0,0",26,Osaka,,,5000,GAME19881013SHOB0026
1988,1988-10-13,Reg Season,Nankai Hawks,Home,W,5,Hankyu Braves,5,7,0,"0,2,0,0,1,0,0,0,2x",26,Osaka,,,5000,GAME19881013SHOB0026
1988,1988-10-13,Reg Season,Nippon-Ham Fighters,Away,L,2,Seibu Lions,2,9,1,"0,0,0,0,0,1,0,1,0",25,Belluna Dome,,,15000,GAME19881013SLNF0025
1988,1988-10-13,Reg Season,Seibu Lions,Home,W,3,Nippon-Ham Fighters,3,7,0,"1,2,0,0,0,0,0,0,x",25,Belluna Dome,,,15000,GAME19881013SLNF0025
1988,1988-10-14,Reg Season,Yakult Swallows,Away,L,2,Chunichi Dragons,2,6,0,"0,0,1,0,1,0,0,0,0",26,Nagoya,,,27000,GAME19881014CDYS0026
1988,1988-10-14,Reg Season,Chunichi Dragons,Home,W,4,Yakult Swallows,4,9,1,"0,0,0,1,0,1,1,1,x",26,Nagoya,,,27000,GAME19881014CDYS0026
1988,1988-10-14,Reg Season,Hankyu Braves,Away,L,3,Kintetsu Buffaloes,3,9,1,"0,2,0,0,0,0,0,0,1",25,Fujiidera,,,15000,GAME19881014KIOB0025
1988,1988-10-14,Reg Season,Kintetsu Buffaloes,Home,W,8,Hankyu Braves,8,9,0,"0,0,4,3,0,0,0,1,x",25,Fujiidera,,,15000,GAME19881014KIOB0025
1988,1988-10-14,Reg Season,Seibu Lions,Away,W,5,Lotte Orions,5,6,1,"1,0,2,0,2,0,0,0,0",26,Kawasaki,,,18000,GAME19881014LMSL0026
1988,1988-10-14,Reg Season,Lotte Orions,Home,L,2,Seibu Lions,2,7,1,"0,0,0,1,0,0,1,0,0",26,Kawasaki,,,18000,GAME19881014LMSL0026
1988,1988-10-15,Reg Season,Chunichi Dragons,Away,L,3,Yokohama Taiyo Whales,3,3,4,"0,1,0,0,0,0,0,1,1",24,Yokohama Stadium,,,15000,GAME19881015DBCD0024
1988,1988-10-15,Reg Season,Yokohama Taiyo Whales,Home,W,8,Chunichi Dragons,8,11,1,"0,5,1,2,0,0,0,0,x",24,Yokohama Stadium,,,15000,GAME19881015DBCD0024
1988,1988-10-15,Reg Season,Yakult Swallows,Away,W,4,Hiroshima Toyo Carp,4,7,0,"1,0,0,1,0,0,0,0,2",23,Hiroshima citizens,,,5000,GAME19881015HCYS0023
1988,1988-10-15,Reg Season,Hiroshima Toyo Carp,Home,L,3,Yakult Swallows,3,6,0,"0,1,2,0,0,0,0,0,0",23,Hiroshima citizens,,,5000,GAME19881015HCYS0023
1988,1988-10-15,Reg Season,Hankyu Braves,Away,L,2,Lotte Orions,2,6,1,"1,1,0,0,0,0,0,0,0",23,Kawasaki,,,3000,GAME19881015LMOB0023
1988,1988-10-15,Reg Season,Lotte Orions,Home,W,15,Hankyu Braves,15,18,0,"0,2,0,4,0,0,3,6,x",23,Kawasaki,,,3000,GAME19881015LMOB0023
1988,1988-10-15,Reg Season,Kintetsu Buffaloes,Away,L,4,Nankai Hawks,4,11,0,"1,1,0,0,0,1,0,1,0",25,Osaka,,,32000,GAME19881015SHKI0025
1988,1988-10-15,Reg Season,Nankai Hawks,Home,W,6,Kintetsu Buffaloes,6,10,0,"1,0,0,0,2,0,1,2,x",25,Osaka,,,32000,GAME19881015SHKI0025
1988,1988-10-15,Reg Season,Nippon-Ham Fighters,Away,W,3,Seibu Lions,3,8,0,"0,0,0,2,0,0,0,1,0",26,Belluna Dome,,,30000,GAME19881015SLNF0026
1988,1988-10-15,Reg Season,Seibu Lions,Home,L,1,Nippon-Ham Fighters,1,6,0,"0,0,0,0,0,1,0,0,0",26,Belluna Dome,,,30000,GAME19881015SLNF0026
1988,1988-10-16,Reg Season,Chunichi Dragons,Away,W,5,Yokohama Taiyo Whales,5,7,0,"4,0,0,0,0,0,1,0,0",25,Yokohama Stadium,,,21000,GAME19881016DBCD0025
1988,1988-10-16,Reg Season,Yokohama Taiyo Whales,Home,L,4,Chunichi Dragons,4,13,0,"0,0,1,0,0,1,1,1,0",25,Yokohama Stadium,,,21000,GAME19881016DBCD0025
1988,1988-10-16,Reg Season,Chunichi Dragons,Away,W,4,Yokohama Taiyo Whales,4,9,0,"0,0,0,1,1,0,0,0,2",26,Yokohama Stadium,,,18000,GAME19881016DBCD0026
1988,1988-10-16,Reg Season,Yokohama Taiyo Whales,Home,L,2,Chunichi Dragons,2,9,0,"0,0,0,0,0,0,0,0,2",26,Yokohama Stadium,,,18000,GAME19881016DBCD0026
1988,1988-10-16,Reg Season,Yakult Swallows,Away,L,1,Hiroshima Toyo Carp,1,5,1,"0,0,0,0,0,1,0,0,0",24,Hiroshima citizens,,,17000,GAME19881016HCYS0024
1988,1988-10-16,Reg Season,Hiroshima Toyo Carp,Home,W,4,Yakult Swallows,4,8,0,"0,0,0,0,0,3,0,1,x",24,Hiroshima citizens,,,17000,GAME19881016HCYS0024
1988,1988-10-16,Reg Season,Nankai Hawks,Away,L,4,Kintetsu Buffaloes,4,9,1,"0,0,0,0,0,1,0,0,3",26,Fujiidera,,,32000,GAME19881016KISH0026
1988,1988-10-16,Reg Season,Kintetsu Buffaloes,Home,W,6,Nankai Hawks,6,10,2,"0,5,0,0,0,0,1,0,x",26,Fujiidera,,,32000,GAME19881016KISH0026
1988,1988-10-16,Reg Season,Hankyu Braves,Away,L,1,Seibu Lions,1,7,0,"0,0,0,0,1,0,0,0,0",26,Belluna Dome,,,36000,GAME19881016SLOB0026
1988,1988-10-16,Reg Season,Seibu Lions,Home,W,2,Hankyu Braves,2,6,0,"0,0,0,0,0,1,0,1,x",26,Belluna Dome,,,36000,GAME19881016SLOB0026
1988,1988-10-17,Reg Season,Kintetsu Buffaloes,Away,L,1,Hankyu Braves,1,8,0,"0,0,0,0,0,0,0,1,0",26,Nishinomiya,,,15000,GAME19881017OBKI0026
1988,1988-10-17,Reg Season,Hankyu Braves,Home,W,2,Kintetsu Buffaloes,2,9,0,"0,0,0,0,0,2,0,0,x",26,Nishinomiya,,,15000,GAME19881017OBKI0026
1988,1988-10-18,Reg Season,Kintetsu Buffaloes,Away,W,12,Lotte Orions,12,13,2,"2,1,3,0,0,6,0,0,0",24,Kawasaki,,,11000,GAME19881018LMKI0024
1988,1988-10-18,Reg Season,Lotte Orions,Home,L,2,Kintetsu Buffaloes,2,12,1,"0,0,0,0,0,1,1,0,0",24,Kawasaki,,,11000,GAME19881018LMKI0024
1988,1988-10-18,Reg Season,Hiroshima Toyo Carp,Away,L,3,Yakult Swallows,3,8,0,"0,0,0,0,3,0,0,0,0",25,Meiji Jingu Stadium,,,4000,GAME19881018YSHC0025
1988,1988-10-18,Reg Season,Yakult Swallows,Home,W,4,Hiroshima Toyo Carp,4,10,1,"0,0,2,0,1,0,0,0,1x",25,Meiji Jingu Stadium,,,4000,GAME19881018YSHC0025
1988,1988-10-19,Reg Season,Kintetsu Buffaloes,Away,W,4,Lotte Orions,4,6,0,"0,0,0,0,1,0,0,2,1",25,Kawasaki,,,30000,GAME19881019LMKI0025
1988,1988-10-19,Reg Season,Lotte Orions,Home,L,3,Kintetsu Buffaloes,3,8,0,"2,0,0,0,0,0,1,0,0",25,Kawasaki,,,30000,GAME19881019LMKI0025
1988,1988-10-19,Reg Season,Kintetsu Buffaloes,Away,T,4,Lotte Orions,4,9,0,"0,0,0,0,0,1,2,1,0,0",26,Kawasaki,,,30000,GAME19881019LMKI0026
1988,1988-10-19,Reg Season,Lotte Orions,Home,T,4,Kintetsu Buffaloes,4,11,2,"0,1,0,0,0,0,2,1,0,0",26,Kawasaki,,,30000,GAME19881019LMKI0026
1988,1988-10-19,Reg Season,Hiroshima Toyo Carp,Away,L,3,Yakult Swallows,3,9,1,"0,0,0,0,2,0,0,0,1,0,0,0",26,Meiji Jingu Stadium,,,6000,GAME19881019YSHC0026
1988,1988-10-19,Reg Season,Yakult Swallows,Home,W,5,Hiroshima Toyo Carp,5,13,0,"0,1,0,0,1,1,0,0,0,0,0,2x",26,Meiji Jingu Stadium,,,6000,GAME19881019YSHC0026
1988,1988-10-20,Reg Season,Yakult Swallows,Away,L,6,Yokohama Taiyo Whales,6,10,1,"0,2,0,0,0,4,0,0,0",24,Yokohama Stadium,,,10000,GAME19881020DBYS0024
1988,1988-10-20,Reg Season,Yokohama Taiyo Whales,Home,W,11,Yakult Swallows,11,21,1,"1,0,0,1,0,1,3,5,x",24,Yokohama Stadium,,,10000,GAME19881020DBYS0024
1988,1988-10-20,Reg Season,Yakult Swallows,Away,L,1,Yokohama Taiyo Whales,1,5,2,"0,0,0,0,0,0,0,0,1",25,Yokohama Stadium,,,15000,GAME19881020DBYS0025
1988,1988-10-20,Reg Season,Yokohama Taiyo Whales,Home,W,3,Yakult Swallows,3,10,0,"0,3,0,0,0,0,0,0,x",25,Yokohama Stadium,,,15000,GAME19881020DBYS0025
1988,1988-10-20,Reg Season,Nankai Hawks,Away,L,3,Lotte Orions,3,5,2,"2,0,0,0,0,0,1,0,0",26,Kawasaki,,,8000,GAME19881020LMSH0026
1988,1988-10-20,Reg Season,Lotte Orions,Home,W,5,Nankai Hawks,5,10,0,"1,0,0,0,0,4,0,0,x",26,Kawasaki,,,8000,GAME19881020LMSH0026
1988,1988-10-21,Reg Season,Yokohama Taiyo Whales,Away,W,1,Yakult Swallows,1,6,0,"0,0,0,0,0,0,0,0,0,0,1",26,Meiji Jingu Stadium,,,7000,GAME19881021YSDB0026
1988,1988-10-21,Reg Season,Yakult Swallows,Home,L,0,Yokohama Taiyo Whales,0,7,0,"0,0,0,0,0,0,0,0,0,0,0",26,Meiji Jingu Stadium,,,7000,GAME19881021YSDB0026
1988,1988-10-22,Reg Season,Lotte Orions,Away,L,7,Hankyu Braves,7,13,4,"0,0,0,0,1,0,1,3,2",24,Nishinomiya,,,10000,GAME19881022OBLM0024
1988,1988-10-22,Reg Season,Hankyu Braves,Home,W,13,Lotte Orions,13,14,1,"1,4,0,6,0,1,1,0,x",24,Nishinomiya,,,10000,GAME19881022OBLM0024
1988,1988-10-23,Reg Season,Lotte Orions,Away,W,4,Hankyu Braves,4,11,0,"0,0,0,0,0,1,0,1,2",25,Nishinomiya,,,35000,GAME19881023OBLM0025
1988,1988-10-23,Reg Season,Hankyu Braves,Home,L,2,Lotte Orions,2,4,0,"0,0,0,0,0,2,0,0,0",25,Nishinomiya,,,35000,GAME19881023OBLM0025
1988,1988-10-23,Reg Season,Lotte Orions,Away,L,1,Hankyu Braves,1,4,0,"0,0,0,1,0,0,0,0,0",26,Nishinomiya,,,37000,GAME19881023OBLM0026
1988,1988-10-23,Reg Season,Hankyu Braves,Home,W,7,Lotte Orions,7,9,1,"0,0,0,6,0,1,0,0,x",26,Nishinomiya,,,37000,GAME19881023OBLM0026
