Season,Date,GameType,Team,HomeAway,Result,Score,Other Team,R,H,E,Box Score,Matchup,Ballpark,Game Start,Game Length,Audience,GameID
1992,1992-04-04,Reg Season,Yokohama Taiyo Whales,Away,L,4,Chunichi Dragons,4,10,1,"0,0,0,2,0,2,0,0,0",1,Nagoya,,,35000,GAME19920404CDDB0001
1992,1992-04-04,Reg Season,Chunichi Dragons,Home,W,6,Yokohama Taiyo Whales,6,11,0,"4,0,0,0,0,0,1,1,x",1,Nagoya,,,35000,GAME19920404CDDB0001
1992,1992-04-04,Reg Season,Orix Bluewave,Away,W,3,Chiba Lotte Marines,3,6,0,"0,0,0,1,0,0,1,0,1",1,ZOZO Marine Stadium,,,35000,GAME19920404LMOB0001
1992,1992-04-04,Reg Season,Chiba Lotte Marines,Home,L,0,Orix Bluewave,0,5,0,"0,0,0,0,0,0,0,0,0",1,ZOZO Marine Stadium,,,35000,GAME19920404LMOB0001
1992,1992-04-04,Reg Season,Nippon-Ham Fighters,Away,W,4,Seibu Lions,4,8,0,"0,1,1,0,0,0,2,0,0",1,Belluna Dome,,,50000,GAME19920404SLNF0001
1992,1992-04-04,Reg Season,Seibu Lions,Home,L,1,Nippon-Ham Fighters,1,6,0,"0,0,0,0,0,0,0,1,0",1,Belluna Dome,,,50000,GAME19920404SLNF0001
1992,1992-04-04,Reg Season,Hanshin Tigers,Away,L,3,Yakult Swallows,3,6,2,"0,0,0,0,0,2,0,0,1",1,Meiji Jingu Stadium,,,48000,GAME19920404YSHT0001
1992,1992-04-04,Reg Season,Yakult Swallows,Home,W,7,Hanshin Tigers,7,13,0,"2,0,0,0,2,0,1,2,x",1,Meiji Jingu Stadium,,,48000,GAME19920404YSHT0001
1992,1992-04-05,Reg Season,Yokohama Taiyo Whales,Away,L,4,Chunichi Dragons,4,7,0,"1,0,0,0,0,1,0,2,0",2,Nagoya,,,33000,GAME19920405CDDB0002
1992,1992-04-05,Reg Season,Chunichi Dragons,Home,W,5,Yokohama Taiyo Whales,5,7,3,"0,2,0,0,0,1,0,1,1x",2,Nagoya,,,33000,GAME19920405CDDB0002
1992,1992-04-05,Reg Season,Yomiuri Giants,Away,W,4,Hiroshima Toyo Carp,4,11,0,"0,0,4,0,0,0,0,0,0",1,Hiroshima citizens,,,28000,GAME19920405HCYG0001
1992,1992-04-05,Reg Season,Hiroshima Toyo Carp,Home,L,1,Yomiuri Giants,1,7,2,"0,1,0,0,0,0,0,0,0",1,Hiroshima citizens,,,28000,GAME19920405HCYG0001
1992,1992-04-05,Reg Season,Fukuoka Daiei Hawks,Away,L,5,Kintetsu Buffaloes,5,7,0,"1,0,0,0,0,0,0,4,0",1,Fujiidera,,,28000,GAME19920405KISH0001
1992,1992-04-05,Reg Season,Kintetsu Buffaloes,Home,W,7,Fukuoka Daiei Hawks,7,10,1,"3,0,0,0,0,0,2,2,x",1,Fujiidera,,,28000,GAME19920405KISH0001
1992,1992-04-05,Reg Season,Hanshin Tigers,Away,W,6,Yakult Swallows,6,15,1,"0,0,0,1,0,1,0,0,1,3",2,Meiji Jingu Stadium,,,28000,GAME19920405YSHT0002
1992,1992-04-05,Reg Season,Yakult Swallows,Home,L,3,Hanshin Tigers,3,10,0,"0,0,0,1,1,0,0,1,0,0",2,Meiji Jingu Stadium,,,28000,GAME19920405YSHT0002
1992,1992-04-07,Reg Season,Yakult Swallows,Away,W,8,Chunichi Dragons,8,15,1,"4,1,0,0,3,0,0,0,0",1,Nagoya,,,34000,GAME19920407CDYS0001
1992,1992-04-07,Reg Season,Chunichi Dragons,Home,L,5,Yakult Swallows,5,6,0,"0,1,1,0,0,3,0,0,0",1,Nagoya,,,34000,GAME19920407CDYS0001
1992,1992-04-07,Reg Season,Hiroshima Toyo Carp,Away,W,3,Yokohama Taiyo Whales,3,4,0,"0,0,0,1,2,0,0,0,0",1,Yokohama Stadium,,,21000,GAME19920407DBHC0001
1992,1992-04-07,Reg Season,Yokohama Taiyo Whales,Home,L,1,Hiroshima Toyo Carp,1,6,1,"0,0,1,0,0,0,0,0,0",1,Yokohama Stadium,,,21000,GAME19920407DBHC0001
1992,1992-04-07,Reg Season,Nippon-Ham Fighters,Away,T,4,Kintetsu Buffaloes,4,9,2,"0,1,0,0,0,0,2,1,0,0,0,0",1,Fujiidera,,,15000,GAME19920407KINF0001
1992,1992-04-07,Reg Season,Kintetsu Buffaloes,Home,T,4,Nippon-Ham Fighters,4,12,0,"0,0,0,0,0,0,1,1,2,0,0,0",1,Fujiidera,,,15000,GAME19920407KINF0001
1992,1992-04-07,Reg Season,Fukuoka Daiei Hawks,Away,L,1,Chiba Lotte Marines,1,5,1,"0,0,0,1,0,0,0,0,0",1,ZOZO Marine Stadium,,,8000,GAME19920407LMSH0001
1992,1992-04-07,Reg Season,Chiba Lotte Marines,Home,W,5,Fukuoka Daiei Hawks,5,7,2,"1,1,0,0,3,0,0,0,x",1,ZOZO Marine Stadium,,,8000,GAME19920407LMSH0001
1992,1992-04-07,Reg Season,Orix Bluewave,Away,W,3,Seibu Lions,3,7,0,"1,0,0,0,0,0,1,1,0",1,Belluna Dome,,,12000,GAME19920407SLOB0001
1992,1992-04-07,Reg Season,Seibu Lions,Home,L,0,Orix Bluewave,0,4,0,"0,0,0,0,0,0,0,0,0",1,Belluna Dome,,,12000,GAME19920407SLOB0001
1992,1992-04-07,Reg Season,Hanshin Tigers,Away,L,2,Yomiuri Giants,2,5,0,"0,2,0,0,0,0,0,0,0",1,Tokyo Dome,,,56000,GAME19920407YGHT0001
1992,1992-04-07,Reg Season,Yomiuri Giants,Home,W,3,Hanshin Tigers,3,9,2,"0,0,0,3,0,0,0,0,x",1,Tokyo Dome,,,56000,GAME19920407YGHT0001
1992,1992-04-08,Reg Season,Yakult Swallows,Away,W,4,Chunichi Dragons,4,5,3,"4,0,0,0,0,0,0,0,0",2,Nagoya,,,34000,GAME19920408CDYS0002
1992,1992-04-08,Reg Season,Chunichi Dragons,Home,L,2,Yakult Swallows,2,6,0,"0,0,0,0,0,0,0,2,0",2,Nagoya,,,34000,GAME19920408CDYS0002
1992,1992-04-08,Reg Season,Hiroshima Toyo Carp,Away,W,9,Yokohama Taiyo Whales,9,13,0,"3,4,0,0,0,0,0,1,1",2,Yokohama Stadium,,,18000,GAME19920408DBHC0002
1992,1992-04-08,Reg Season,Yokohama Taiyo Whales,Home,L,5,Hiroshima Toyo Carp,5,11,1,"0,1,1,0,0,0,3,0,0",2,Yokohama Stadium,,,18000,GAME19920408DBHC0002
1992,1992-04-08,Reg Season,Nippon-Ham Fighters,Away,W,7,Kintetsu Buffaloes,7,17,0,"0,1,4,0,0,2,0,0,0",2,Fujiidera,,,14000,GAME19920408KINF0002
1992,1992-04-08,Reg Season,Kintetsu Buffaloes,Home,L,4,Nippon-Ham Fighters,4,9,0,"0,0,1,0,2,0,0,0,1",2,Fujiidera,,,14000,GAME19920408KINF0002
1992,1992-04-08,Reg Season,Fukuoka Daiei Hawks,Away,W,4,Chiba Lotte Marines,4,8,0,"0,0,2,1,1,0,0,0,0",2,ZOZO Marine Stadium,,,15000,GAME19920408LMSH0002
1992,1992-04-08,Reg Season,Chiba Lotte Marines,Home,L,3,Fukuoka Daiei Hawks,3,7,0,"2,1,0,0,0,0,0,0,0",2,ZOZO Marine Stadium,,,15000,GAME19920408LMSH0002
1992,1992-04-08,Reg Season,Orix Bluewave,Away,L,2,Seibu Lions,2,6,1,"0,0,1,0,0,0,1,0,0",2,Belluna Dome,,,21000,GAME19920408SLOB0002
1992,1992-04-08,Reg Season,Seibu Lions,Home,W,4,Orix Bluewave,4,6,1,"0,0,0,2,0,2,0,0,x",2,Belluna Dome,,,21000,GAME19920408SLOB0002
1992,1992-04-08,Reg Season,Hanshin Tigers,Away,W,5,Yomiuri Giants,5,8,0,"0,0,4,0,1,0,0,0,0",2,Tokyo Dome,,,56000,GAME19920408YGHT0002
1992,1992-04-08,Reg Season,Yomiuri Giants,Home,L,4,Hanshin Tigers,4,9,0,"2,2,0,0,0,0,0,0,0",2,Tokyo Dome,,,56000,GAME19920408YGHT0002
1992,1992-04-09,Reg Season,Yakult Swallows,Away,W,6,Chunichi Dragons,6,13,3,"0,0,0,4,0,0,0,2,0",3,Nagoya,,,33000,GAME19920409CDYS0003
1992,1992-04-09,Reg Season,Chunichi Dragons,Home,L,4,Yakult Swallows,4,7,0,"0,0,0,1,1,0,0,1,1",3,Nagoya,,,33000,GAME19920409CDYS0003
1992,1992-04-09,Reg Season,Hiroshima Toyo Carp,Away,L,4,Yokohama Taiyo Whales,4,5,1,"0,0,0,1,0,0,3,0,0",3,Yokohama Stadium,,,19000,GAME19920409DBHC0003
1992,1992-04-09,Reg Season,Yokohama Taiyo Whales,Home,W,8,Hiroshima Toyo Carp,8,10,1,"0,0,0,0,0,5,0,3,x",3,Yokohama Stadium,,,19000,GAME19920409DBHC0003
1992,1992-04-09,Reg Season,Nippon-Ham Fighters,Away,L,3,Kintetsu Buffaloes,3,7,0,"0,0,0,0,1,0,2,0,0",3,Fujiidera,,,11000,GAME19920409KINF0003
1992,1992-04-09,Reg Season,Kintetsu Buffaloes,Home,W,4,Nippon-Ham Fighters,4,9,1,"0,0,0,3,1,0,0,0,x",3,Fujiidera,,,11000,GAME19920409KINF0003
1992,1992-04-09,Reg Season,Fukuoka Daiei Hawks,Away,L,4,Chiba Lotte Marines,4,8,0,"1,1,0,0,0,0,2,0,0",3,ZOZO Marine Stadium,,,15000,GAME19920409LMSH0003
1992,1992-04-09,Reg Season,Chiba Lotte Marines,Home,W,5,Fukuoka Daiei Hawks,5,9,1,"0,0,2,0,0,1,0,2,x",3,ZOZO Marine Stadium,,,15000,GAME19920409LMSH0003
1992,1992-04-09,Reg Season,Orix Bluewave,Away,L,3,Seibu Lions,3,6,0,"0,0,2,0,1,0,0,0,0",3,Belluna Dome,,,20000,GAME19920409SLOB0003
1992,1992-04-09,Reg Season,Seibu Lions,Home,W,4,Orix Bluewave,4,8,0,"2,0,0,0,0,0,2,0,x",3,Belluna Dome,,,20000,GAME19920409SLOB0003
1992,1992-04-09,Reg Season,Hanshin Tigers,Away,W,3,Yomiuri Giants,3,8,1,"1,0,0,0,2,0,0,0,0",3,Tokyo Dome,,,56000,GAME19920409YGHT0003
1992,1992-04-09,Reg Season,Yomiuri Giants,Home,L,2,Hanshin Tigers,2,8,0,"0,1,0,0,0,0,0,0,1",3,Tokyo Dome,,,56000,GAME19920409YGHT0003
1992,1992-04-10,Reg Season,Chiba Lotte Marines,Away,W,5,Nippon-Ham Fighters,5,16,0,"0,0,0,1,0,1,0,1,0,2",1,Tokyo Dome,,,30000,GAME19920410NFLM0001
1992,1992-04-10,Reg Season,Nippon-Ham Fighters,Home,L,3,Chiba Lotte Marines,3,6,1,"0,0,0,0,0,0,0,0,3,0",1,Tokyo Dome,,,30000,GAME19920410NFLM0001
1992,1992-04-11,Reg Season,Yomiuri Giants,Away,W,6,Yokohama Taiyo Whales,6,12,1,"3,2,0,0,0,1,0,0,0",1,Yokohama Stadium,,,28000,GAME19920411DBYG0001
1992,1992-04-11,Reg Season,Yokohama Taiyo Whales,Home,L,4,Yomiuri Giants,4,10,0,"0,0,0,0,0,0,1,0,3",1,Yokohama Stadium,,,28000,GAME19920411DBYG0001
1992,1992-04-11,Reg Season,Yakult Swallows,Away,L,1,Hiroshima Toyo Carp,1,8,0,"0,0,0,0,0,0,1,0,0",1,Hiroshima citizens,,,18000,GAME19920411HCYS0001
1992,1992-04-11,Reg Season,Hiroshima Toyo Carp,Home,W,5,Yakult Swallows,5,10,0,"0,4,0,0,1,0,0,0,x",1,Hiroshima citizens,,,18000,GAME19920411HCYS0001
1992,1992-04-11,Reg Season,Chunichi Dragons,Away,L,0,Hanshin Tigers,0,4,0,"0,0,0,0,0,0,0,0,0",1,Hanshin Koshien Stadium,,,32000,GAME19920411HTCD0001
1992,1992-04-11,Reg Season,Hanshin Tigers,Home,W,4,Chunichi Dragons,4,6,1,"0,0,0,4,0,0,0,0,x",1,Hanshin Koshien Stadium,,,32000,GAME19920411HTCD0001
1992,1992-04-11,Reg Season,Chiba Lotte Marines,Away,W,2,Nippon-Ham Fighters,2,8,0,"0,1,0,0,0,1,0,0,0",2,Tokyo Dome,,,28000,GAME19920411NFLM0002
1992,1992-04-11,Reg Season,Nippon-Ham Fighters,Home,L,1,Chiba Lotte Marines,1,6,1,"0,0,0,1,0,0,0,0,0",2,Tokyo Dome,,,28000,GAME19920411NFLM0002
1992,1992-04-11,Reg Season,Kintetsu Buffaloes,Away,W,11,Orix Bluewave,11,15,0,"0,0,3,4,0,4,0,0,0",1,Kobe Athletic Park Baseball Field,,,30000,GAME19920411OBKI0001
1992,1992-04-11,Reg Season,Orix Bluewave,Home,L,10,Kintetsu Buffaloes,10,19,2,"1,0,0,0,4,0,2,3,0",1,Kobe Athletic Park Baseball Field,,,30000,GAME19920411OBKI0001
1992,1992-04-11,Reg Season,Seibu Lions,Away,L,6,Fukuoka Daiei Hawks,6,8,1,"3,0,0,2,0,1,0,0,0",1,Heiwadai,,,33000,GAME19920411SHSL0001
1992,1992-04-11,Reg Season,Fukuoka Daiei Hawks,Home,W,10,Seibu Lions,10,12,0,"0,0,0,3,0,2,4,1,x",1,Heiwadai,,,33000,GAME19920411SHSL0001
1992,1992-04-12,Reg Season,Yomiuri Giants,Away,W,7,Yokohama Taiyo Whales,7,12,0,"0,4,0,0,0,2,0,0,1",2,Yokohama Stadium,,,27000,GAME19920412DBYG0002
1992,1992-04-12,Reg Season,Yokohama Taiyo Whales,Home,L,6,Yomiuri Giants,6,13,0,"0,2,0,0,0,0,0,3,1",2,Yokohama Stadium,,,27000,GAME19920412DBYG0002
1992,1992-04-12,Reg Season,Yakult Swallows,Away,L,4,Hiroshima Toyo Carp,4,6,1,"0,2,0,0,0,1,0,0,1",2,Hiroshima citizens,,,16000,GAME19920412HCYS0002
1992,1992-04-12,Reg Season,Hiroshima Toyo Carp,Home,W,10,Yakult Swallows,10,8,1,"0,1,0,0,9,0,0,0,x",2,Hiroshima citizens,,,16000,GAME19920412HCYS0002
1992,1992-04-12,Reg Season,Chunichi Dragons,Away,W,1,Hanshin Tigers,1,7,0,"0,1,0,0,0,0,0,0,0",2,Hanshin Koshien Stadium,,,40000,GAME19920412HTCD0002
1992,1992-04-12,Reg Season,Hanshin Tigers,Home,L,0,Chunichi Dragons,0,2,0,"0,0,0,0,0,0,0,0,0",2,Hanshin Koshien Stadium,,,40000,GAME19920412HTCD0002
1992,1992-04-12,Reg Season,Chiba Lotte Marines,Away,L,5,Nippon-Ham Fighters,5,11,0,"0,0,0,0,0,1,2,2,0",3,Tokyo Dome,,,33000,GAME19920412NFLM0003
1992,1992-04-12,Reg Season,Nippon-Ham Fighters,Home,W,6,Chiba Lotte Marines,6,11,0,"0,3,0,0,0,0,3,0,x",3,Tokyo Dome,,,33000,GAME19920412NFLM0003
1992,1992-04-12,Reg Season,Kintetsu Buffaloes,Away,W,7,Orix Bluewave,7,10,0,"0,0,1,0,1,0,2,3,0",2,Kobe Athletic Park Baseball Field,,,30000,GAME19920412OBKI0002
1992,1992-04-12,Reg Season,Orix Bluewave,Home,L,0,Kintetsu Buffaloes,0,4,0,"0,0,0,0,0,0,0,0,0",2,Kobe Athletic Park Baseball Field,,,30000,GAME19920412OBKI0002
1992,1992-04-12,Reg Season,Seibu Lions,Away,L,3,Fukuoka Daiei Hawks,3,7,0,"0,0,0,2,0,1,0,0,0",2,Heiwadai,,,34000,GAME19920412SHSL0002
1992,1992-04-12,Reg Season,Fukuoka Daiei Hawks,Home,W,5,Seibu Lions,5,9,1,"0,0,0,0,0,1,0,1,3x",2,Heiwadai,,,34000,GAME19920412SHSL0002
1992,1992-04-14,Reg Season,Yokohama Taiyo Whales,Away,L,4,Hanshin Tigers,4,10,2,"0,1,1,1,0,0,0,1,0",1,Wakasa Stadium Kyoto,,,21000,GAME19920414HTDB0001
1992,1992-04-14,Reg Season,Hanshin Tigers,Home,W,5,Yokohama Taiyo Whales,5,7,0,"2,0,2,0,0,0,1,0,x",1,Wakasa Stadium Kyoto,,,21000,GAME19920414HTDB0001
1992,1992-04-14,Reg Season,Chiba Lotte Marines,Away,W,3,Orix Bluewave,3,7,0,"2,0,0,0,0,0,0,1,0",2,Kobe Athletic Park Baseball Field,,,7000,GAME19920414OBLM0002
1992,1992-04-14,Reg Season,Orix Bluewave,Home,L,2,Chiba Lotte Marines,2,4,0,"0,1,0,0,0,0,0,1,0",2,Kobe Athletic Park Baseball Field,,,7000,GAME19920414OBLM0002
1992,1992-04-14,Reg Season,Nippon-Ham Fighters,Away,L,0,Fukuoka Daiei Hawks,0,4,1,"0,0,0,0,0,0,0,0,0",1,Kitakyushu Municipal Baseball Stadium,,,20000,GAME19920414SHNF0001
1992,1992-04-14,Reg Season,Fukuoka Daiei Hawks,Home,W,5,Nippon-Ham Fighters,5,9,0,"0,0,0,1,1,0,2,1,x",1,Kitakyushu Municipal Baseball Stadium,,,20000,GAME19920414SHNF0001
1992,1992-04-14,Reg Season,Kintetsu Buffaloes,Away,W,3,Seibu Lions,3,5,0,"1,0,1,0,0,0,1,0,0",1,Belluna Dome,,,18000,GAME19920414SLKI0001
1992,1992-04-14,Reg Season,Seibu Lions,Home,L,1,Kintetsu Buffaloes,1,6,0,"0,0,0,0,0,1,0,0,0",1,Belluna Dome,,,18000,GAME19920414SLKI0001
1992,1992-04-14,Reg Season,Hiroshima Toyo Carp,Away,W,11,Yomiuri Giants,11,13,0,"1,4,0,0,0,0,3,0,3",2,Tokyo Dome,,,56000,GAME19920414YGHC0002
1992,1992-04-14,Reg Season,Yomiuri Giants,Home,L,9,Hiroshima Toyo Carp,9,13,1,"0,1,0,4,0,1,1,2,0",2,Tokyo Dome,,,56000,GAME19920414YGHC0002
1992,1992-04-14,Reg Season,Chunichi Dragons,Away,L,1,Yakult Swallows,1,5,0,"0,0,0,0,1,0,0,0,0,0",4,Meiji Jingu Stadium,,,28000,GAME19920414YSCD0004
1992,1992-04-14,Reg Season,Yakult Swallows,Home,W,2,Chunichi Dragons,2,6,0,"0,0,0,0,0,0,1,0,0,1x",4,Meiji Jingu Stadium,,,28000,GAME19920414YSCD0004
1992,1992-04-15,Reg Season,Yokohama Taiyo Whales,Away,L,0,Hanshin Tigers,0,1,4,"0,0,0,0,0,0x",2,Hanshin Koshien Stadium,,,22000,GAME19920415HTDB0002
1992,1992-04-15,Reg Season,Hanshin Tigers,Home,W,7,Yokohama Taiyo Whales,7,8,0,"2,0,2,0,3",2,Hanshin Koshien Stadium,,,22000,GAME19920415HTDB0002
1992,1992-04-15,Reg Season,Kintetsu Buffaloes,Away,L,1,Seibu Lions,1,5,2,"0,0,0,0,1,0,0,0,0",2,Belluna Dome,,,20000,GAME19920415SLKI0002
1992,1992-04-15,Reg Season,Seibu Lions,Home,W,11,Kintetsu Buffaloes,11,12,0,"2,2,1,0,0,4,1,1,x",2,Belluna Dome,,,20000,GAME19920415SLKI0002
1992,1992-04-15,Reg Season,Hiroshima Toyo Carp,Away,W,6,Yomiuri Giants,6,6,0,"0,1,4,0,1,0,0,0,0",3,Tokyo Dome,,,56000,GAME19920415YGHC0003
1992,1992-04-15,Reg Season,Yomiuri Giants,Home,L,0,Hiroshima Toyo Carp,0,6,3,"0,0,0,0,0,0,0,0,0",3,Tokyo Dome,,,56000,GAME19920415YGHC0003
1992,1992-04-15,Reg Season,Chunichi Dragons,Away,L,3,Yakult Swallows,3,12,0,"0,0,2,0,1,0,0,0,0",5,Meiji Jingu Stadium,,,30000,GAME19920415YSCD0005
1992,1992-04-15,Reg Season,Yakult Swallows,Home,W,4,Chunichi Dragons,4,10,1,"0,0,1,1,0,0,0,2,x",5,Meiji Jingu Stadium,,,30000,GAME19920415YSCD0005
1992,1992-04-16,Reg Season,Yokohama Taiyo Whales,Away,W,5,Hanshin Tigers,5,12,0,"3,0,0,0,0,0,0,2,0",3,Hanshin Koshien Stadium,,,22000,GAME19920416HTDB0003
1992,1992-04-16,Reg Season,Hanshin Tigers,Home,L,1,Yokohama Taiyo Whales,1,4,1,"0,0,0,0,0,0,0,0,1",3,Hanshin Koshien Stadium,,,22000,GAME19920416HTDB0003
1992,1992-04-16,Reg Season,Chiba Lotte Marines,Away,L,4,Orix Bluewave,4,5,1,"0,0,4,0,0,0,0,0,0",3,Kobe Athletic Park Baseball Field,,,7000,GAME19920416OBLM0003
1992,1992-04-16,Reg Season,Orix Bluewave,Home,W,7,Chiba Lotte Marines,7,10,0,"0,0,0,0,5,0,2,0,x",3,Kobe Athletic Park Baseball Field,,,7000,GAME19920416OBLM0003
1992,1992-04-16,Reg Season,Nippon-Ham Fighters,Away,W,5,Fukuoka Daiei Hawks,5,8,0,"0,2,0,0,0,0,0,3,0",2,Heiwadai,,,20000,GAME19920416SHNF0002
1992,1992-04-16,Reg Season,Fukuoka Daiei Hawks,Home,L,2,Nippon-Ham Fighters,2,8,1,"0,0,0,1,0,0,0,1,0",2,Heiwadai,,,20000,GAME19920416SHNF0002
1992,1992-04-16,Reg Season,Kintetsu Buffaloes,Away,L,1,Seibu Lions,1,6,1,"0,0,0,1,0,0,0,0,0",3,Belluna Dome,,,21000,GAME19920416SLKI0003
1992,1992-04-16,Reg Season,Seibu Lions,Home,W,4,Kintetsu Buffaloes,4,9,1,"0,1,0,1,0,1,0,1,x",3,Belluna Dome,,,21000,GAME19920416SLKI0003
1992,1992-04-16,Reg Season,Hiroshima Toyo Carp,Away,W,4,Yomiuri Giants,4,9,0,"0,0,0,0,0,3,0,1,0",4,Tokyo Dome,,,56000,GAME19920416YGHC0004
1992,1992-04-16,Reg Season,Yomiuri Giants,Home,L,3,Hiroshima Toyo Carp,3,6,1,"0,0,2,1,0,0,0,0,0",4,Tokyo Dome,,,56000,GAME19920416YGHC0004
1992,1992-04-17,Reg Season,Yomiuri Giants,Away,L,2,Chunichi Dragons,2,4,1,"1,1,0,0,0,0,0,0,0",1,Nagoya,,,35000,GAME19920417CDYG0001
1992,1992-04-17,Reg Season,Chunichi Dragons,Home,W,3,Yomiuri Giants,3,6,1,"0,0,0,0,1,1,1,0,x",1,Nagoya,,,35000,GAME19920417CDYG0001
1992,1992-04-17,Reg Season,Yakult Swallows,Away,W,8,Yokohama Taiyo Whales,8,7,0,"0,0,0,7,0,1,0,0,0",1,Yokohama Stadium,,,20000,GAME19920417DBYS0001
1992,1992-04-17,Reg Season,Yokohama Taiyo Whales,Home,L,5,Yakult Swallows,5,9,4,"1,0,0,4,0,0,0,0,0",1,Yokohama Stadium,,,20000,GAME19920417DBYS0001
1992,1992-04-17,Reg Season,Hiroshima Toyo Carp,Away,L,2,Hanshin Tigers,2,8,1,"0,0,0,0,0,0,0,0,2",1,Hanshin Koshien Stadium,,,23000,GAME19920417HTHC0001
1992,1992-04-17,Reg Season,Hanshin Tigers,Home,W,3,Hiroshima Toyo Carp,3,7,0,"0,1,0,0,0,1,0,1,x",1,Hanshin Koshien Stadium,,,23000,GAME19920417HTHC0001
1992,1992-04-17,Reg Season,Seibu Lions,Away,L,2,Chiba Lotte Marines,2,13,0,"0,0,0,0,0,0,2,0,0,0,0",1,ZOZO Marine Stadium,,,28000,GAME19920417LMSL0001
1992,1992-04-17,Reg Season,Chiba Lotte Marines,Home,W,3,Seibu Lions,3,8,2,"0,0,0,0,1,0,0,1,0,0,1x",1,ZOZO Marine Stadium,,,28000,GAME19920417LMSL0001
1992,1992-04-17,Reg Season,Kintetsu Buffaloes,Away,W,6,Nippon-Ham Fighters,6,7,0,"2,1,0,0,3,0,0,0,0",4,Tokyo Dome,,,35000,GAME19920417NFKI0004
1992,1992-04-17,Reg Season,Nippon-Ham Fighters,Home,L,4,Kintetsu Buffaloes,4,10,0,"0,0,0,0,2,0,2,0,0",4,Tokyo Dome,,,35000,GAME19920417NFKI0004
1992,1992-04-17,Reg Season,Orix Bluewave,Away,L,0,Fukuoka Daiei Hawks,0,4,0,"0,0,0,0,0,0,0,0,0",1,Heiwadai,,,19000,GAME19920417SHOB0001
1992,1992-04-17,Reg Season,Fukuoka Daiei Hawks,Home,W,2,Orix Bluewave,2,5,0,"2,0,0,0,0,0,0,0,x",1,Heiwadai,,,19000,GAME19920417SHOB0001
1992,1992-04-18,Reg Season,Yomiuri Giants,Away,L,0,Chunichi Dragons,0,7,1,"0,0,0,0,0,0,0,0,0",2,Nagoya,,,35000,GAME19920418CDYG0002
1992,1992-04-18,Reg Season,Chunichi Dragons,Home,W,9,Yomiuri Giants,9,15,1,"0,0,0,2,2,0,5,0,x",2,Nagoya,,,35000,GAME19920418CDYG0002
1992,1992-04-18,Reg Season,Yakult Swallows,Away,L,5,Yokohama Taiyo Whales,5,10,1,"0,0,0,0,0,0,0,5,0",2,Yokohama Stadium,,,27000,GAME19920418DBYS0002
1992,1992-04-18,Reg Season,Yokohama Taiyo Whales,Home,W,8,Yakult Swallows,8,15,1,"0,1,0,3,1,0,0,3,x",2,Yokohama Stadium,,,27000,GAME19920418DBYS0002
1992,1992-04-18,Reg Season,Hiroshima Toyo Carp,Away,W,8,Hanshin Tigers,8,12,0,"4,1,1,0,0,0,1,0,1",2,Hanshin Koshien Stadium,,,35000,GAME19920418HTHC0002
1992,1992-04-18,Reg Season,Hanshin Tigers,Home,L,6,Hiroshima Toyo Carp,6,12,1,"0,1,0,0,0,2,3,0,0",2,Hanshin Koshien Stadium,,,35000,GAME19920418HTHC0002
1992,1992-04-18,Reg Season,Seibu Lions,Away,L,4,Chiba Lotte Marines,4,8,2,"1,2,0,0,0,0,0,1,0",2,ZOZO Marine Stadium,,,35000,GAME19920418LMSL0002
1992,1992-04-18,Reg Season,Chiba Lotte Marines,Home,W,9,Seibu Lions,9,10,4,"0,2,0,0,5,0,2,0,x",2,ZOZO Marine Stadium,,,35000,GAME19920418LMSL0002
1992,1992-04-18,Reg Season,Kintetsu Buffaloes,Away,L,2,Nippon-Ham Fighters,2,5,0,"2,0,0,0,0,0,0,0,0,0,0",5,Tokyo Dome,,,34000,GAME19920418NFKI0005
1992,1992-04-18,Reg Season,Nippon-Ham Fighters,Home,W,3,Kintetsu Buffaloes,3,7,0,"0,0,0,1,0,1,0,0,0,0,1x",5,Tokyo Dome,,,34000,GAME19920418NFKI0005
1992,1992-04-18,Reg Season,Orix Bluewave,Away,L,2,Fukuoka Daiei Hawks,2,6,1,"0,0,0,0,2,0,0,0,0",2,Heiwadai,,,20000,GAME19920418SHOB0002
1992,1992-04-18,Reg Season,Fukuoka Daiei Hawks,Home,W,10,Orix Bluewave,10,15,0,"3,4,0,1,0,0,2,0,x",2,Heiwadai,,,20000,GAME19920418SHOB0002
1992,1992-04-19,Reg Season,Yomiuri Giants,Away,L,2,Chunichi Dragons,2,11,0,"1,0,0,0,0,0,0,0,1",3,Nagoya,,,35000,GAME19920419CDYG0003
1992,1992-04-19,Reg Season,Chunichi Dragons,Home,W,11,Yomiuri Giants,11,17,0,"0,0,1,3,0,3,2,2,x",3,Nagoya,,,35000,GAME19920419CDYG0003
1992,1992-04-19,Reg Season,Yakult Swallows,Away,L,0,Yokohama Taiyo Whales,0,3,0,"0,0,0,0,0,0,0,0,0",3,Yokohama Stadium,,,25000,GAME19920419DBYS0003
1992,1992-04-19,Reg Season,Yokohama Taiyo Whales,Home,W,8,Yakult Swallows,8,8,0,"0,2,2,2,0,0,0,2,x",3,Yokohama Stadium,,,25000,GAME19920419DBYS0003
1992,1992-04-19,Reg Season,Hiroshima Toyo Carp,Away,W,3,Hanshin Tigers,3,8,0,"0,0,0,0,0,0,0,2,1",3,Hanshin Koshien Stadium,,,34000,GAME19920419HTHC0003
1992,1992-04-19,Reg Season,Hanshin Tigers,Home,L,2,Hiroshima Toyo Carp,2,5,0,"0,0,0,0,0,0,0,2,0",3,Hanshin Koshien Stadium,,,34000,GAME19920419HTHC0003
1992,1992-04-19,Reg Season,Kintetsu Buffaloes,Away,L,1,Nippon-Ham Fighters,1,2,0,"0,0,0,0,1,0,0,0,0",6,Tokyo Dome,,,41000,GAME19920419NFKI0006
1992,1992-04-19,Reg Season,Nippon-Ham Fighters,Home,W,11,Kintetsu Buffaloes,11,13,1,"0,4,0,0,0,5,2,0,x",6,Tokyo Dome,,,41000,GAME19920419NFKI0006
1992,1992-04-19,Reg Season,Orix Bluewave,Away,L,4,Fukuoka Daiei Hawks,4,15,0,"2,0,1,0,0,1,0,0,0,0,0,0",3,Kitakyushu Municipal Baseball Stadium,,,24000,GAME19920419SHOB0003
1992,1992-04-19,Reg Season,Fukuoka Daiei Hawks,Home,W,5,Orix Bluewave,5,9,0,"0,2,0,0,0,0,1,0,1,0,0,1x",3,Kitakyushu Municipal Baseball Stadium,,,24000,GAME19920419SHOB0003
1992,1992-04-21,Reg Season,Hanshin Tigers,Away,W,7,Yokohama Taiyo Whales,7,8,2,"1,4,0,0,0,0,2,0,0",4,Yokohama Stadium,,,25000,GAME19920421DBHT0004
1992,1992-04-21,Reg Season,Yokohama Taiyo Whales,Home,L,2,Hanshin Tigers,2,2,0,"1,0,0,0,0,0,1,0,0",4,Yokohama Stadium,,,25000,GAME19920421DBHT0004
1992,1992-04-21,Reg Season,Chunichi Dragons,Away,L,3,Hiroshima Toyo Carp,3,7,1,"0,0,0,0,1,2,0,0,0",1,Gifu Prefectural Baseball Stadium,,,30000,GAME19920421HCCD0001
1992,1992-04-21,Reg Season,Hiroshima Toyo Carp,Home,W,6,Chunichi Dragons,6,9,1,"0,4,0,0,0,2,0,0,x",1,Gifu Prefectural Baseball Stadium,,,30000,GAME19920421HCCD0001
1992,1992-04-21,Reg Season,Chiba Lotte Marines,Away,L,2,Kintetsu Buffaloes,2,4,0,"0,2,0,0,0,0,0,0,0",1,Nissei,,,20500,GAME19920421KILM0001
1992,1992-04-21,Reg Season,Kintetsu Buffaloes,Home,W,4,Chiba Lotte Marines,4,5,1,"0,0,0,0,2,0,0,2,x",1,Nissei,,,20500,GAME19920421KILM0001
1992,1992-04-21,Reg Season,Fukuoka Daiei Hawks,Away,L,4,Nippon-Ham Fighters,4,8,1,"0,0,4,0,0,0,0,0,0",3,Tokyo Dome,,,34000,GAME19920421NFSH0003
1992,1992-04-21,Reg Season,Nippon-Ham Fighters,Home,W,9,Fukuoka Daiei Hawks,9,16,0,"1,5,0,0,2,0,1,0,x",3,Tokyo Dome,,,34000,GAME19920421NFSH0003
1992,1992-04-21,Reg Season,Seibu Lions,Away,W,9,Orix Bluewave,9,17,1,"2,0,2,0,3,0,0,0,2",4,Kobe Athletic Park Baseball Field,,,16000,GAME19920421OBSL0004
1992,1992-04-21,Reg Season,Orix Bluewave,Home,L,1,Seibu Lions,1,8,2,"0,0,0,1,0,0,0,0,0",4,Kobe Athletic Park Baseball Field,,,16000,GAME19920421OBSL0004
1992,1992-04-21,Reg Season,Yomiuri Giants,Away,W,11,Yakult Swallows,11,13,0,"0,0,0,2,0,4,0,3,2",1,Meiji Jingu Stadium,,,42000,GAME19920421YSYG0001
1992,1992-04-21,Reg Season,Yakult Swallows,Home,L,3,Yomiuri Giants,3,6,1,"0,1,0,0,0,2,0,0,0",1,Meiji Jingu Stadium,,,42000,GAME19920421YSYG0001
1992,1992-04-22,Reg Season,Chunichi Dragons,Away,L,5,Hiroshima Toyo Carp,5,8,3,"3,0,0,2,0,0,0,0,0",2,Gifu Prefectural Baseball Stadium,,,30000,GAME19920422HCCD0002
1992,1992-04-22,Reg Season,Hiroshima Toyo Carp,Home,W,7,Chunichi Dragons,7,8,0,"0,5,0,2,0,0,0,0,x",2,Gifu Prefectural Baseball Stadium,,,30000,GAME19920422HCCD0002
1992,1992-04-22,Reg Season,Fukuoka Daiei Hawks,Away,L,6,Nippon-Ham Fighters,6,13,2,"0,3,0,0,0,0,2,1,0",4,Tokyo Dome,,,37000,GAME19920422NFSH0004
1992,1992-04-22,Reg Season,Nippon-Ham Fighters,Home,W,10,Fukuoka Daiei Hawks,10,11,0,"0,0,0,5,1,0,2,2,x",4,Tokyo Dome,,,37000,GAME19920422NFSH0004
1992,1992-04-23,Reg Season,Hanshin Tigers,Away,W,9,Yokohama Taiyo Whales,9,12,0,"0,2,0,3,0,0,4,0,0",5,Yokohama Stadium,,,26000,GAME19920423DBHT0005
1992,1992-04-23,Reg Season,Yokohama Taiyo Whales,Home,L,4,Hanshin Tigers,4,9,1,"0,0,0,1,0,1,0,2,0",5,Yokohama Stadium,,,26000,GAME19920423DBHT0005
1992,1992-04-23,Reg Season,Chiba Lotte Marines,Away,W,6,Kintetsu Buffaloes,6,8,1,"0,0,0,0,0,0,5,1,0",2,Nissei,,,20000,GAME19920423KILM0002
1992,1992-04-23,Reg Season,Kintetsu Buffaloes,Home,L,1,Chiba Lotte Marines,1,3,0,"0,1,0,0,0,0,0,0,0",2,Nissei,,,20000,GAME19920423KILM0002
1992,1992-04-23,Reg Season,Fukuoka Daiei Hawks,Away,W,7,Nippon-Ham Fighters,7,13,0,"1,0,1,0,2,2,0,0,1",5,Tokyo Dome,,,38000,GAME19920423NFSH0005
1992,1992-04-23,Reg Season,Nippon-Ham Fighters,Home,L,0,Fukuoka Daiei Hawks,0,6,1,"0,0,0,0,0,0,0,0,0",5,Tokyo Dome,,,38000,GAME19920423NFSH0005
1992,1992-04-23,Reg Season,Seibu Lions,Away,L,4,Orix Bluewave,4,11,1,"3,0,0,0,0,0,1,0,0",5,Kobe Athletic Park Baseball Field,,,21000,GAME19920423OBSL0005
1992,1992-04-23,Reg Season,Orix Bluewave,Home,W,5,Seibu Lions,5,10,0,"0,2,2,0,1,0,0,0,x",5,Kobe Athletic Park Baseball Field,,,21000,GAME19920423OBSL0005
1992,1992-04-23,Reg Season,Yomiuri Giants,Away,W,4,Yakult Swallows,4,8,0,"0,3,0,0,0,0,0,1,0",2,Meiji Jingu Stadium,,,46000,GAME19920423YSYG0002
1992,1992-04-23,Reg Season,Yakult Swallows,Home,L,0,Yomiuri Giants,0,9,1,"0,0,0,0,0,0,0,0,0",2,Meiji Jingu Stadium,,,46000,GAME19920423YSYG0002
1992,1992-04-24,Reg Season,Hanshin Tigers,Away,L,2,Chunichi Dragons,2,9,0,"0,0,0,0,0,2,0,0,0",3,Nagoya,,,31000,GAME19920424CDHT0003
1992,1992-04-24,Reg Season,Chunichi Dragons,Home,W,3,Hanshin Tigers,3,8,0,"0,0,0,0,0,2,0,1,x",3,Nagoya,,,31000,GAME19920424CDHT0003
1992,1992-04-24,Reg Season,Kintetsu Buffaloes,Away,L,2,Fukuoka Daiei Hawks,2,4,1,"1,0,0,1,0,0,0,0,0",2,Heiwadai,,,25000,GAME19920424SHKI0002
1992,1992-04-24,Reg Season,Fukuoka Daiei Hawks,Home,W,5,Kintetsu Buffaloes,5,8,0,"0,4,0,0,0,1,0,0,x",2,Heiwadai,,,25000,GAME19920424SHKI0002
1992,1992-04-24,Reg Season,Chiba Lotte Marines,Away,L,3,Seibu Lions,3,7,2,"0,0,2,1,0,0,0,0,0",3,Belluna Dome,,,20000,GAME19920424SLLM0003
1992,1992-04-24,Reg Season,Seibu Lions,Home,W,7,Chiba Lotte Marines,7,9,2,"2,0,3,0,0,0,0,2,x",3,Belluna Dome,,,20000,GAME19920424SLLM0003
1992,1992-04-24,Reg Season,Yokohama Taiyo Whales,Away,L,5,Yomiuri Giants,5,6,0,"0,0,0,0,3,0,0,0,2",3,Tokyo Dome,,,56000,GAME19920424YGDB0003
1992,1992-04-24,Reg Season,Yomiuri Giants,Home,W,6,Yokohama Taiyo Whales,6,10,1,"0,1,0,3,0,1,0,0,1x",3,Tokyo Dome,,,56000,GAME19920424YGDB0003
1992,1992-04-24,Reg Season,Hiroshima Toyo Carp,Away,L,3,Yakult Swallows,3,14,1,"0,0,0,0,0,0,2,1,0",3,Meiji Jingu Stadium,,,28000,GAME19920424YSHC0003
1992,1992-04-24,Reg Season,Yakult Swallows,Home,W,6,Hiroshima Toyo Carp,6,8,1,"0,2,0,3,0,0,1,0,x",3,Meiji Jingu Stadium,,,28000,GAME19920424YSHC0003
1992,1992-04-25,Reg Season,Hanshin Tigers,Away,W,6,Chunichi Dragons,6,12,1,"0,0,0,2,0,0,0,2,2",4,Nagoya,,,35000,GAME19920425CDHT0004
1992,1992-04-25,Reg Season,Chunichi Dragons,Home,L,1,Hanshin Tigers,1,3,3,"0,0,1,0,0,0,0,0,0",4,Nagoya,,,35000,GAME19920425CDHT0004
1992,1992-04-25,Reg Season,Orix Bluewave,Away,L,2,Nippon-Ham Fighters,2,11,0,"0,0,0,1,0,0,1,0,0",1,Mito citizen,,,20000,GAME19920425NFOB0001
1992,1992-04-25,Reg Season,Nippon-Ham Fighters,Home,W,3,Orix Bluewave,3,8,0,"0,1,0,0,0,1,0,1,x",1,Mito citizen,,,20000,GAME19920425NFOB0001
1992,1992-04-25,Reg Season,Kintetsu Buffaloes,Away,W,9,Fukuoka Daiei Hawks,9,14,0,"0,1,0,0,0,0,8,0,0",3,Heiwadai,,,34000,GAME19920425SHKI0003
1992,1992-04-25,Reg Season,Fukuoka Daiei Hawks,Home,L,6,Kintetsu Buffaloes,6,11,0,"0,1,0,1,4,0,0,0,0",3,Heiwadai,,,34000,GAME19920425SHKI0003
1992,1992-04-25,Reg Season,Chiba Lotte Marines,Away,W,10,Seibu Lions,10,15,0,"0,0,0,2,0,0,1,3,4",4,Belluna Dome,,,32000,GAME19920425SLLM0004
1992,1992-04-25,Reg Season,Seibu Lions,Home,L,3,Chiba Lotte Marines,3,5,0,"0,1,0,0,0,0,2,0,0",4,Belluna Dome,,,32000,GAME19920425SLLM0004
1992,1992-04-25,Reg Season,Yokohama Taiyo Whales,Away,W,6,Yomiuri Giants,6,11,0,"0,0,4,0,1,0,0,0,1",4,Tokyo Dome,,,56000,GAME19920425YGDB0004
1992,1992-04-25,Reg Season,Yomiuri Giants,Home,L,5,Yokohama Taiyo Whales,5,11,1,"0,0,1,1,0,1,0,2,0",4,Tokyo Dome,,,56000,GAME19920425YGDB0004
1992,1992-04-25,Reg Season,Hiroshima Toyo Carp,Away,W,3,Yakult Swallows,3,8,1,"0,0,2,0,0,0,1,0,0",4,Meiji Jingu Stadium,,,46000,GAME19920425YSHC0004
1992,1992-04-25,Reg Season,Yakult Swallows,Home,L,2,Hiroshima Toyo Carp,2,6,0,"0,1,1,0,0,0,0,0,0",4,Meiji Jingu Stadium,,,46000,GAME19920425YSHC0004
1992,1992-04-26,Reg Season,Hanshin Tigers,Away,L,2,Chunichi Dragons,2,4,0,"0,0,0,0,0,0,0,2,0",5,Nagoya,,,35000,GAME19920426CDHT0005
1992,1992-04-26,Reg Season,Chunichi Dragons,Home,W,6,Hanshin Tigers,6,10,0,"0,2,1,0,1,0,2,0,x",5,Nagoya,,,35000,GAME19920426CDHT0005
1992,1992-04-26,Reg Season,Orix Bluewave,Away,L,1,Nippon-Ham Fighters,1,7,0,"0,0,0,0,0,1,0,0,0",2,Maebashi Municipal Baseball Stadium,,,15000,GAME19920426NFOB0002
1992,1992-04-26,Reg Season,Nippon-Ham Fighters,Home,W,5,Orix Bluewave,5,11,0,"1,2,0,0,2,0,0,0,x",2,Maebashi Municipal Baseball Stadium,,,15000,GAME19920426NFOB0002
1992,1992-04-26,Reg Season,Kintetsu Buffaloes,Away,W,6,Fukuoka Daiei Hawks,6,11,0,"1,2,0,1,0,1,1,0,0",4,Heiwadai,,,33000,GAME19920426SHKI0004
1992,1992-04-26,Reg Season,Fukuoka Daiei Hawks,Home,L,3,Kintetsu Buffaloes,3,7,1,"0,0,0,0,0,2,0,1,0",4,Heiwadai,,,33000,GAME19920426SHKI0004
1992,1992-04-26,Reg Season,Chiba Lotte Marines,Away,L,4,Seibu Lions,4,11,0,"0,0,0,0,1,1,0,2,0",5,Belluna Dome,,,42000,GAME19920426SLLM0005
1992,1992-04-26,Reg Season,Seibu Lions,Home,W,6,Chiba Lotte Marines,6,12,0,"0,0,2,0,2,1,1,0,x",5,Belluna Dome,,,42000,GAME19920426SLLM0005
1992,1992-04-26,Reg Season,Yokohama Taiyo Whales,Away,W,7,Yomiuri Giants,7,13,1,"0,0,0,0,0,3,0,0,2,0,0,2",5,Tokyo Dome,,,56000,GAME19920426YGDB0005
1992,1992-04-26,Reg Season,Yomiuri Giants,Home,L,5,Yokohama Taiyo Whales,5,10,1,"2,1,0,0,1,0,0,1,0,0,0,0",5,Tokyo Dome,,,56000,GAME19920426YGDB0005
1992,1992-04-26,Reg Season,Hiroshima Toyo Carp,Away,L,2,Yakult Swallows,2,5,1,"0,0,0,0,0,0,0,1,1,0,0",5,Meiji Jingu Stadium,,,34000,GAME19920426YSHC0005
1992,1992-04-26,Reg Season,Yakult Swallows,Home,W,3,Hiroshima Toyo Carp,3,6,0,"1,0,0,0,0,0,0,1,0,0,1x",5,Meiji Jingu Stadium,,,34000,GAME19920426YSHC0005
1992,1992-04-28,Reg Season,Yokohama Taiyo Whales,Away,L,0,Hiroshima Toyo Carp,0,2,0,"0,0,0,0,0,0,0,0,0",4,Hiroshima citizens,,,16000,GAME19920428HCDB0004
1992,1992-04-28,Reg Season,Hiroshima Toyo Carp,Home,W,1,Yokohama Taiyo Whales,1,3,0,"0,0,0,0,0,1,0,0,x",4,Hiroshima citizens,,,16000,GAME19920428HCDB0004
1992,1992-04-28,Reg Season,Yakult Swallows,Away,L,3,Hanshin Tigers,3,9,2,"0,1,0,0,0,0,0,1,1",3,Hanshin Koshien Stadium,,,36000,GAME19920428HTYS0003
1992,1992-04-28,Reg Season,Hanshin Tigers,Home,W,9,Yakult Swallows,9,12,1,"0,0,2,0,3,4,0,0,x",3,Hanshin Koshien Stadium,,,36000,GAME19920428HTYS0003
1992,1992-04-28,Reg Season,Seibu Lions,Away,W,5,Kintetsu Buffaloes,5,9,0,"0,0,0,0,0,3,0,1,1",4,Fujiidera,,,30000,GAME19920428KISL0004
1992,1992-04-28,Reg Season,Kintetsu Buffaloes,Home,L,2,Seibu Lions,2,5,1,"1,0,0,0,0,0,1,0,0",4,Fujiidera,,,30000,GAME19920428KISL0004
1992,1992-04-28,Reg Season,Nippon-Ham Fighters,Away,L,4,Chiba Lotte Marines,4,11,0,"2,0,1,0,0,1,0,0,0",4,ZOZO Marine Stadium,,,20000,GAME19920428LMNF0004
1992,1992-04-28,Reg Season,Chiba Lotte Marines,Home,W,5,Nippon-Ham Fighters,5,10,0,"0,1,1,0,0,1,2,0,x",4,ZOZO Marine Stadium,,,20000,GAME19920428LMNF0004
1992,1992-04-28,Reg Season,Fukuoka Daiei Hawks,Away,L,3,Orix Bluewave,3,9,0,"0,0,0,0,0,3,0,0,0",4,Kobe Athletic Park Baseball Field,,,14000,GAME19920428OBSH0004
1992,1992-04-28,Reg Season,Orix Bluewave,Home,W,4,Fukuoka Daiei Hawks,4,9,1,"1,0,0,0,0,2,1,0,x",4,Kobe Athletic Park Baseball Field,,,14000,GAME19920428OBSH0004
1992,1992-04-28,Reg Season,Chunichi Dragons,Away,W,5,Yomiuri Giants,5,6,0,"0,0,2,2,0,1,0,0,0",4,Tokyo Dome,,,56000,GAME19920428YGCD0004
1992,1992-04-28,Reg Season,Yomiuri Giants,Home,L,3,Chunichi Dragons,3,9,1,"0,0,0,0,3,0,0,0,0",4,Tokyo Dome,,,56000,GAME19920428YGCD0004
1992,1992-04-29,Reg Season,Yokohama Taiyo Whales,Away,W,5,Hiroshima Toyo Carp,5,11,1,"0,0,0,0,2,0,3,0,0",5,Hiroshima citizens,,,21000,GAME19920429HCDB0005
1992,1992-04-29,Reg Season,Hiroshima Toyo Carp,Home,L,2,Yokohama Taiyo Whales,2,11,1,"0,0,0,1,0,0,0,1,0",5,Hiroshima citizens,,,21000,GAME19920429HCDB0005
1992,1992-04-29,Reg Season,Yakult Swallows,Away,L,4,Hanshin Tigers,4,10,1,"0,0,0,0,2,1,0,1,0",4,Hanshin Koshien Stadium,,,54000,GAME19920429HTYS0004
1992,1992-04-29,Reg Season,Hanshin Tigers,Home,W,5,Yakult Swallows,5,8,0,"3,0,0,0,0,0,0,0,2x",4,Hanshin Koshien Stadium,,,54000,GAME19920429HTYS0004
1992,1992-04-29,Reg Season,Seibu Lions,Away,L,4,Kintetsu Buffaloes,4,9,0,"2,0,0,0,1,0,0,1,0",5,Fujiidera,,,32000,GAME19920429KISL0005
1992,1992-04-29,Reg Season,Kintetsu Buffaloes,Home,W,12,Seibu Lions,12,12,0,"0,0,0,0,6,1,3,2,x",5,Fujiidera,,,32000,GAME19920429KISL0005
1992,1992-04-29,Reg Season,Nippon-Ham Fighters,Away,L,3,Chiba Lotte Marines,3,6,2,"1,0,0,0,0,0,0,0,2,0",5,ZOZO Marine Stadium,,,35000,GAME19920429LMNF0005
1992,1992-04-29,Reg Season,Chiba Lotte Marines,Home,W,4,Nippon-Ham Fighters,4,10,0,"1,0,0,0,0,0,0,0,2,1x",5,ZOZO Marine Stadium,,,35000,GAME19920429LMNF0005
1992,1992-04-29,Reg Season,Fukuoka Daiei Hawks,Away,W,5,Orix Bluewave,5,11,2,"0,0,0,2,0,0,1,1,0,1",5,Kobe Athletic Park Baseball Field,,,30000,GAME19920429OBSH0005
1992,1992-04-29,Reg Season,Orix Bluewave,Home,L,4,Fukuoka Daiei Hawks,4,11,2,"0,1,0,1,0,1,1,0,0,0",5,Kobe Athletic Park Baseball Field,,,30000,GAME19920429OBSH0005
1992,1992-04-29,Reg Season,Chunichi Dragons,Away,L,2,Yomiuri Giants,2,7,2,"1,0,0,0,1,0,0,0,0",5,Tokyo Dome,,,56000,GAME19920429YGCD0005
1992,1992-04-29,Reg Season,Yomiuri Giants,Home,W,3,Chunichi Dragons,3,7,0,"1,1,0,0,0,0,0,0,1x",5,Tokyo Dome,,,56000,GAME19920429YGCD0005
1992,1992-04-30,Reg Season,Yakult Swallows,Away,W,9,Hanshin Tigers,9,12,0,"0,0,5,0,3,0,1,0,0",5,Hanshin Koshien Stadium,,,28000,GAME19920430HTYS0005
1992,1992-04-30,Reg Season,Hanshin Tigers,Home,L,3,Yakult Swallows,3,7,1,"1,0,0,1,0,0,0,1,0",5,Hanshin Koshien Stadium,,,28000,GAME19920430HTYS0005
1992,1992-04-30,Reg Season,Seibu Lions,Away,L,2,Kintetsu Buffaloes,2,6,0,"0,0,0,0,0,0,0,1,1",6,Fujiidera,,,22000,GAME19920430KISL0006
1992,1992-04-30,Reg Season,Kintetsu Buffaloes,Home,W,6,Seibu Lions,6,10,2,"0,0,1,3,0,0,0,2,x",6,Fujiidera,,,22000,GAME19920430KISL0006
1992,1992-04-30,Reg Season,Fukuoka Daiei Hawks,Away,W,6,Orix Bluewave,6,13,0,"0,2,0,0,0,0,0,0,4",6,Kobe Athletic Park Baseball Field,,,10000,GAME19920430OBSH0006
1992,1992-04-30,Reg Season,Orix Bluewave,Home,L,5,Fukuoka Daiei Hawks,5,8,0,"2,0,0,2,1,0,0,0,0",6,Kobe Athletic Park Baseball Field,,,10000,GAME19920430OBSH0006
1992,1992-05-01,Reg Season,Chunichi Dragons,Away,W,9,Yokohama Taiyo Whales,9,13,0,"1,3,0,0,0,2,1,2,0",3,Yokohama Stadium,,,21000,GAME19920501DBCD0003
1992,1992-05-01,Reg Season,Yokohama Taiyo Whales,Home,L,2,Chunichi Dragons,2,7,2,"1,1,0,0,0,0,0,0,0",3,Yokohama Stadium,,,21000,GAME19920501DBCD0003
1992,1992-05-01,Reg Season,Hanshin Tigers,Away,W,8,Hiroshima Toyo Carp,8,10,0,"0,2,1,2,1,0,0,0,2",4,Hiroshima citizens,,,16000,GAME19920501HCHT0004
1992,1992-05-01,Reg Season,Hiroshima Toyo Carp,Home,L,2,Hanshin Tigers,2,8,2,"0,0,0,1,0,0,1,0,0",4,Hiroshima citizens,,,16000,GAME19920501HCHT0004
1992,1992-05-01,Reg Season,Kintetsu Buffaloes,Away,W,10,Chiba Lotte Marines,10,10,1,"1,2,4,0,1,0,0,0,2",3,ZOZO Marine Stadium,,,30000,GAME19920501LMKI0003
1992,1992-05-01,Reg Season,Chiba Lotte Marines,Home,L,3,Kintetsu Buffaloes,3,8,0,"0,2,0,0,0,0,0,1,0",3,ZOZO Marine Stadium,,,30000,GAME19920501LMKI0003
1992,1992-05-01,Reg Season,Nippon-Ham Fighters,Away,W,4,Orix Bluewave,4,11,1,"0,1,0,1,0,0,0,2,0",3,Kobe Athletic Park Baseball Field,,,21000,GAME19920501OBNF0003
1992,1992-05-01,Reg Season,Orix Bluewave,Home,L,3,Nippon-Ham Fighters,3,10,0,"2,0,0,0,0,0,1,0,0",3,Kobe Athletic Park Baseball Field,,,21000,GAME19920501OBNF0003
1992,1992-05-01,Reg Season,Fukuoka Daiei Hawks,Away,W,3,Seibu Lions,3,8,1,"0,0,0,0,1,0,0,0,1,1",3,Belluna Dome,,,30000,GAME19920501SLSH0003
1992,1992-05-01,Reg Season,Seibu Lions,Home,L,2,Fukuoka Daiei Hawks,2,12,0,"0,1,0,0,0,1,0,0,0,0",3,Belluna Dome,,,30000,GAME19920501SLSH0003
1992,1992-05-01,Reg Season,Yakult Swallows,Away,W,7,Yomiuri Giants,7,11,0,"1,2,0,1,0,1,0,2,0",3,Tokyo Dome,,,56000,GAME19920501YGYS0003
1992,1992-05-01,Reg Season,Yomiuri Giants,Home,L,6,Yakult Swallows,6,8,0,"0,0,1,0,1,1,0,0,3",3,Tokyo Dome,,,56000,GAME19920501YGYS0003
1992,1992-05-02,Reg Season,Chunichi Dragons,Away,W,14,Yokohama Taiyo Whales,14,13,1,"0,0,0,0,0,0,10,1,3",4,Yokohama Stadium,,,29000,GAME19920502DBCD0004
1992,1992-05-02,Reg Season,Yokohama Taiyo Whales,Home,L,6,Chunichi Dragons,6,10,0,"0,1,1,0,0,0,0,4,0",4,Yokohama Stadium,,,29000,GAME19920502DBCD0004
1992,1992-05-02,Reg Season,Hanshin Tigers,Away,W,5,Hiroshima Toyo Carp,5,6,0,"0,0,0,4,0,0,1,0,0",5,Hiroshima citizens,,,19000,GAME19920502HCHT0005
1992,1992-05-02,Reg Season,Hiroshima Toyo Carp,Home,L,2,Hanshin Tigers,2,8,2,"1,0,0,0,1,0,0,0,0",5,Hiroshima citizens,,,19000,GAME19920502HCHT0005
1992,1992-05-02,Reg Season,Kintetsu Buffaloes,Away,W,1,Chiba Lotte Marines,1,5,0,"1,0,0,0,0,0,0,0,0",4,ZOZO Marine Stadium,,,34000,GAME19920502LMKI0004
1992,1992-05-02,Reg Season,Chiba Lotte Marines,Home,L,0,Kintetsu Buffaloes,0,2,1,"0,0,0,0,0,0,0,0,0",4,ZOZO Marine Stadium,,,34000,GAME19920502LMKI0004
1992,1992-05-02,Reg Season,Nippon-Ham Fighters,Away,L,0,Orix Bluewave,0,6,1,"0,0,0,0,0,0,0,0,0",4,Kobe Athletic Park Baseball Field,,,24000,GAME19920502OBNF0004
1992,1992-05-02,Reg Season,Orix Bluewave,Home,W,5,Nippon-Ham Fighters,5,9,0,"0,1,0,0,3,0,0,1,x",4,Kobe Athletic Park Baseball Field,,,24000,GAME19920502OBNF0004
1992,1992-05-02,Reg Season,Fukuoka Daiei Hawks,Away,L,0,Seibu Lions,0,7,1,"0,0,0,0,0,0,0,0,0",4,Belluna Dome,,,40000,GAME19920502SLSH0004
1992,1992-05-02,Reg Season,Seibu Lions,Home,W,5,Fukuoka Daiei Hawks,5,9,0,"2,0,1,0,2,0,0,0,x",4,Belluna Dome,,,40000,GAME19920502SLSH0004
1992,1992-05-02,Reg Season,Yakult Swallows,Away,W,6,Yomiuri Giants,6,7,2,"0,0,0,2,0,1,1,2,0",4,Tokyo Dome,,,56000,GAME19920502YGYS0004
1992,1992-05-02,Reg Season,Yomiuri Giants,Home,L,5,Yakult Swallows,5,6,3,"0,3,0,0,0,0,0,0,2",4,Tokyo Dome,,,56000,GAME19920502YGYS0004
1992,1992-05-03,Reg Season,Chunichi Dragons,Away,L,1,Yokohama Taiyo Whales,1,7,1,"0,0,0,0,0,0,0,0,1",5,Yokohama Stadium,,,30000,GAME19920503DBCD0005
1992,1992-05-03,Reg Season,Yokohama Taiyo Whales,Home,W,10,Chunichi Dragons,10,10,0,"4,0,2,4,0,0,0,0,x",5,Yokohama Stadium,,,30000,GAME19920503DBCD0005
1992,1992-05-03,Reg Season,Hanshin Tigers,Away,L,1,Hiroshima Toyo Carp,1,6,2,"0,1,0,0,0,0,0,0,0",6,Hiroshima citizens,,,32000,GAME19920503HCHT0006
1992,1992-05-03,Reg Season,Hiroshima Toyo Carp,Home,W,2,Hanshin Tigers,2,8,0,"0,1,1,0,0,0,0,0,x",6,Hiroshima citizens,,,32000,GAME19920503HCHT0006
1992,1992-05-03,Reg Season,Kintetsu Buffaloes,Away,W,10,Chiba Lotte Marines,10,12,0,"0,0,3,0,6,1,0,0,0",5,ZOZO Marine Stadium,,,40000,GAME19920503LMKI0005
1992,1992-05-03,Reg Season,Chiba Lotte Marines,Home,L,4,Kintetsu Buffaloes,4,9,0,"1,2,0,0,0,0,0,1,0",5,ZOZO Marine Stadium,,,40000,GAME19920503LMKI0005
1992,1992-05-03,Reg Season,Nippon-Ham Fighters,Away,W,8,Orix Bluewave,8,14,0,"0,0,0,0,3,3,1,1,0",5,Kobe Athletic Park Baseball Field,,,33000,GAME19920503OBNF0005
1992,1992-05-03,Reg Season,Orix Bluewave,Home,L,6,Nippon-Ham Fighters,6,12,1,"2,0,0,0,1,3,0,0,0",5,Kobe Athletic Park Baseball Field,,,33000,GAME19920503OBNF0005
1992,1992-05-03,Reg Season,Fukuoka Daiei Hawks,Away,L,1,Seibu Lions,1,4,0,"0,0,0,0,1,0,0,0,0",5,Belluna Dome,,,50000,GAME19920503SLSH0005
1992,1992-05-03,Reg Season,Seibu Lions,Home,W,2,Fukuoka Daiei Hawks,2,6,0,"0,0,1,1,0,0,0,0,x",5,Belluna Dome,,,50000,GAME19920503SLSH0005
1992,1992-05-03,Reg Season,Yakult Swallows,Away,W,7,Yomiuri Giants,7,10,1,"0,0,0,0,0,2,4,1,0",5,Tokyo Dome,,,56000,GAME19920503YGYS0005
1992,1992-05-03,Reg Season,Yomiuri Giants,Home,L,4,Yakult Swallows,4,8,1,"1,2,0,0,1,0,0,0,0",5,Tokyo Dome,,,56000,GAME19920503YGYS0005
1992,1992-05-04,Reg Season,Hiroshima Toyo Carp,Away,L,2,Chunichi Dragons,2,5,0,"0,1,0,0,0,1,0,0,0",3,Nagoya,,,35000,GAME19920504CDHC0003
1992,1992-05-04,Reg Season,Chunichi Dragons,Home,W,3,Hiroshima Toyo Carp,3,7,1,"0,2,1,0,0,0,0,0,x",3,Nagoya,,,35000,GAME19920504CDHC0003
1992,1992-05-04,Reg Season,Yomiuri Giants,Away,L,2,Hanshin Tigers,2,2,2,"0,0,2,0,0,0,0,0,0",4,Hanshin Koshien Stadium,,,55000,GAME19920504HTYG0004
1992,1992-05-04,Reg Season,Hanshin Tigers,Home,W,5,Yomiuri Giants,5,7,1,"0,2,1,1,0,0,0,1,x",4,Hanshin Koshien Stadium,,,55000,GAME19920504HTYG0004
1992,1992-05-04,Reg Season,Orix Bluewave,Away,L,10,Kintetsu Buffaloes,10,16,2,"0,3,0,0,0,1,5,1,0",3,Fujiidera,,,32000,GAME19920504KIOB0003
1992,1992-05-04,Reg Season,Kintetsu Buffaloes,Home,W,12,Orix Bluewave,12,15,0,"0,0,5,0,3,4,0,0,x",3,Fujiidera,,,32000,GAME19920504KIOB0003
1992,1992-05-04,Reg Season,Seibu Lions,Away,W,8,Nippon-Ham Fighters,8,9,0,"0,0,0,2,0,2,0,2,2",2,Tokyo Dome,,,56000,GAME19920504NFSL0002
1992,1992-05-04,Reg Season,Nippon-Ham Fighters,Home,L,1,Seibu Lions,1,4,1,"0,0,0,0,0,1,0,0,0",2,Tokyo Dome,,,56000,GAME19920504NFSL0002
1992,1992-05-04,Reg Season,Chiba Lotte Marines,Away,L,3,Fukuoka Daiei Hawks,3,7,0,"0,1,0,0,0,1,0,0,1",4,Heiwadai,,,34000,GAME19920504SHLM0004
1992,1992-05-04,Reg Season,Fukuoka Daiei Hawks,Home,W,4,Chiba Lotte Marines,4,7,1,"1,0,2,0,0,0,1,0,x",4,Heiwadai,,,34000,GAME19920504SHLM0004
1992,1992-05-04,Reg Season,Yokohama Taiyo Whales,Away,L,1,Yakult Swallows,1,6,3,"0,0,1,0,0,0,0,0,0",4,Meiji Jingu Stadium,,,48000,GAME19920504YSDB0004
1992,1992-05-04,Reg Season,Yakult Swallows,Home,W,2,Yokohama Taiyo Whales,2,7,0,"0,0,0,0,0,1,0,0,1x",4,Meiji Jingu Stadium,,,48000,GAME19920504YSDB0004
1992,1992-05-05,Reg Season,Hiroshima Toyo Carp,Away,W,8,Chunichi Dragons,8,10,0,"0,0,3,0,0,5,0,0,0",4,Nagoya,,,35000,GAME19920505CDHC0004
1992,1992-05-05,Reg Season,Chunichi Dragons,Home,L,5,Hiroshima Toyo Carp,5,13,0,"0,0,0,0,0,0,0,0,5",4,Nagoya,,,35000,GAME19920505CDHC0004
1992,1992-05-05,Reg Season,Yomiuri Giants,Away,W,8,Hanshin Tigers,8,15,1,"2,0,0,0,0,6,0,0,0",5,Hanshin Koshien Stadium,,,55000,GAME19920505HTYG0005
1992,1992-05-05,Reg Season,Hanshin Tigers,Home,L,2,Yomiuri Giants,2,9,1,"0,0,0,0,0,1,0,0,1",5,Hanshin Koshien Stadium,,,55000,GAME19920505HTYG0005
1992,1992-05-05,Reg Season,Orix Bluewave,Away,W,9,Kintetsu Buffaloes,9,17,0,"1,0,1,0,1,0,1,2,3",4,Fujiidera,,,31000,GAME19920505KIOB0004
1992,1992-05-05,Reg Season,Kintetsu Buffaloes,Home,L,2,Orix Bluewave,2,7,1,"0,0,0,0,0,1,0,0,1",4,Fujiidera,,,31000,GAME19920505KIOB0004
1992,1992-05-05,Reg Season,Seibu Lions,Away,W,4,Nippon-Ham Fighters,4,8,0,"0,0,1,2,0,1,0,0,0",3,Tokyo Dome,,,51000,GAME19920505NFSL0003
1992,1992-05-05,Reg Season,Nippon-Ham Fighters,Home,L,3,Seibu Lions,3,6,0,"0,0,0,0,0,0,3,0,0",3,Tokyo Dome,,,51000,GAME19920505NFSL0003
1992,1992-05-05,Reg Season,Chiba Lotte Marines,Away,W,10,Fukuoka Daiei Hawks,10,14,1,"5,0,0,0,0,3,2,0,0",5,Heiwadai,,,33000,GAME19920505SHLM0005
1992,1992-05-05,Reg Season,Fukuoka Daiei Hawks,Home,L,4,Chiba Lotte Marines,4,10,2,"0,1,0,3,0,0,0,0,0",5,Heiwadai,,,33000,GAME19920505SHLM0005
1992,1992-05-05,Reg Season,Yokohama Taiyo Whales,Away,L,1,Yakult Swallows,1,7,1,"0,0,0,0,0,1,0,0,0",5,Meiji Jingu Stadium,,,28000,GAME19920505YSDB0005
1992,1992-05-05,Reg Season,Yakult Swallows,Home,W,3,Yokohama Taiyo Whales,3,5,0,"2,1,0,0,0,0,0,0,x",5,Meiji Jingu Stadium,,,28000,GAME19920505YSDB0005
1992,1992-05-06,Reg Season,Hiroshima Toyo Carp,Away,W,5,Chunichi Dragons,5,13,1,"0,0,0,0,3,0,0,2,0",5,Hamamatsu Baseball Stadium,,,17000,GAME19920506CDHC0005
1992,1992-05-06,Reg Season,Chunichi Dragons,Home,L,2,Hiroshima Toyo Carp,2,8,1,"0,0,0,1,0,1,0,0,0",5,Hamamatsu Baseball Stadium,,,17000,GAME19920506CDHC0005
1992,1992-05-06,Reg Season,Yomiuri Giants,Away,L,2,Hanshin Tigers,2,8,0,"1,0,0,0,0,1,0,0,0",6,Hanshin Koshien Stadium,,,41000,GAME19920506HTYG0006
1992,1992-05-06,Reg Season,Hanshin Tigers,Home,W,3,Yomiuri Giants,3,10,0,"0,0,0,0,0,2,0,0,1x",6,Hanshin Koshien Stadium,,,41000,GAME19920506HTYG0006
1992,1992-05-06,Reg Season,Orix Bluewave,Away,L,1,Kintetsu Buffaloes,1,7,0,"0,0,0,1,0,0,0,0,0,0,0",5,Fujiidera,,,14000,GAME19920506KIOB0005
1992,1992-05-06,Reg Season,Kintetsu Buffaloes,Home,W,2,Orix Bluewave,2,6,0,"1,0,0,0,0,0,0,0,0,0,1x",5,Fujiidera,,,14000,GAME19920506KIOB0005
1992,1992-05-06,Reg Season,Seibu Lions,Away,W,9,Nippon-Ham Fighters,9,15,1,"0,0,3,0,0,0,4,2,0",4,Tokyo Dome,,,37000,GAME19920506NFSL0004
1992,1992-05-06,Reg Season,Nippon-Ham Fighters,Home,L,4,Seibu Lions,4,9,1,"0,0,0,0,0,0,1,3,0",4,Tokyo Dome,,,37000,GAME19920506NFSL0004
1992,1992-05-06,Reg Season,Chiba Lotte Marines,Away,L,1,Fukuoka Daiei Hawks,1,7,2,"0,0,0,0,0,1,0,0,0",6,Kitakyushu Municipal Baseball Stadium,,,22000,GAME19920506SHLM0006
1992,1992-05-06,Reg Season,Fukuoka Daiei Hawks,Home,W,8,Chiba Lotte Marines,8,10,0,"0,0,0,1,1,0,2,4,x",6,Kitakyushu Municipal Baseball Stadium,,,22000,GAME19920506SHLM0006
1992,1992-05-06,Reg Season,Yokohama Taiyo Whales,Away,L,2,Yakult Swallows,2,5,0,"0,0,0,1,1,0,0,0,0",6,Meiji Jingu Stadium,,,21000,GAME19920506YSDB0006
1992,1992-05-06,Reg Season,Yakult Swallows,Home,W,3,Yokohama Taiyo Whales,3,5,0,"0,0,0,2,0,1,0,0,x",6,Meiji Jingu Stadium,,,21000,GAME19920506YSDB0006
1992,1992-05-08,Reg Season,Yomiuri Giants,Away,L,2,Yokohama Taiyo Whales,2,6,1,"0,0,0,0,0,0,2,0,0",6,Yokohama Stadium,,,27000,GAME19920508DBYG0006
1992,1992-05-08,Reg Season,Yokohama Taiyo Whales,Home,W,4,Yomiuri Giants,4,7,1,"1,0,0,1,0,0,0,2,x",6,Yokohama Stadium,,,27000,GAME19920508DBYG0006
1992,1992-05-08,Reg Season,Nippon-Ham Fighters,Away,L,0,Chiba Lotte Marines,0,4,0,"0,0,0,0,0,0,0,0,0",6,ZOZO Marine Stadium,,,13000,GAME19920508LMNF0006
1992,1992-05-08,Reg Season,Chiba Lotte Marines,Home,W,3,Nippon-Ham Fighters,3,6,0,"0,0,0,0,1,0,0,2,x",6,ZOZO Marine Stadium,,,13000,GAME19920508LMNF0006
1992,1992-05-08,Reg Season,Fukuoka Daiei Hawks,Away,L,4,Orix Bluewave,4,8,2,"0,0,0,0,3,0,1,0,0",7,Himeji City,,,7000,GAME19920508OBSH0007
1992,1992-05-08,Reg Season,Orix Bluewave,Home,W,8,Fukuoka Daiei Hawks,8,10,0,"0,0,0,1,0,0,7,0,x",7,Himeji City,,,7000,GAME19920508OBSH0007
1992,1992-05-08,Reg Season,Chunichi Dragons,Away,W,6,Yakult Swallows,6,9,3,"3,3,0,0,0,0,0,0,0",6,Meiji Jingu Stadium,,,32000,GAME19920508YSCD0006
1992,1992-05-08,Reg Season,Yakult Swallows,Home,L,2,Chunichi Dragons,2,11,0,"0,0,0,0,1,0,0,1,0",6,Meiji Jingu Stadium,,,32000,GAME19920508YSCD0006
1992,1992-05-09,Reg Season,Yomiuri Giants,Away,L,4,Yokohama Taiyo Whales,4,10,1,"2,0,0,0,0,0,2,0,0",7,Yokohama Stadium,,,30000,GAME19920509DBYG0007
1992,1992-05-09,Reg Season,Yokohama Taiyo Whales,Home,W,10,Yomiuri Giants,10,16,1,"4,1,1,0,2,2,0,0,x",7,Yokohama Stadium,,,30000,GAME19920509DBYG0007
1992,1992-05-09,Reg Season,Hiroshima Toyo Carp,Away,L,1,Hanshin Tigers,1,10,3,"0,0,0,0,0,0,1,0,0",7,Hanshin Koshien Stadium,,,25000,GAME19920509HTHC0007
1992,1992-05-09,Reg Season,Hanshin Tigers,Home,W,4,Hiroshima Toyo Carp,4,8,1,"2,0,0,0,0,0,0,2,x",7,Hanshin Koshien Stadium,,,25000,GAME19920509HTHC0007
1992,1992-05-09,Reg Season,Fukuoka Daiei Hawks,Away,W,6,Orix Bluewave,6,14,0,"0,0,0,2,0,0,4,0,0",8,Kobe Athletic Park Baseball Field,,,15000,GAME19920509OBSH0008
1992,1992-05-09,Reg Season,Orix Bluewave,Home,L,3,Fukuoka Daiei Hawks,3,10,0,"0,0,0,0,0,0,0,3,0",8,Kobe Athletic Park Baseball Field,,,15000,GAME19920509OBSH0008
1992,1992-05-10,Reg Season,Yomiuri Giants,Away,L,6,Yokohama Taiyo Whales,6,8,1,"1,0,3,0,0,1,0,0,1",8,Yokohama Stadium,,,29000,GAME19920510DBYG0008
1992,1992-05-10,Reg Season,Yokohama Taiyo Whales,Home,W,10,Yomiuri Giants,10,10,1,"4,1,0,2,0,1,0,2,x",8,Yokohama Stadium,,,29000,GAME19920510DBYG0008
1992,1992-05-10,Reg Season,Hiroshima Toyo Carp,Away,W,10,Hanshin Tigers,10,14,0,"0,0,0,6,0,1,0,3,0",8,Hanshin Koshien Stadium,,,54000,GAME19920510HTHC0008
1992,1992-05-10,Reg Season,Hanshin Tigers,Home,L,7,Hiroshima Toyo Carp,7,14,1,"3,0,3,0,1,0,0,0,0",8,Hanshin Koshien Stadium,,,54000,GAME19920510HTHC0008
1992,1992-05-10,Reg Season,Seibu Lions,Away,L,2,Kintetsu Buffaloes,2,8,0,"0,0,0,1,0,0,0,1,0",7,Nagoya,,,35000,GAME19920510KISL0007
1992,1992-05-10,Reg Season,Kintetsu Buffaloes,Home,W,3,Seibu Lions,3,5,1,"1,0,0,0,0,0,2,0,x",7,Nagoya,,,35000,GAME19920510KISL0007
1992,1992-05-10,Reg Season,Nippon-Ham Fighters,Away,L,3,Chiba Lotte Marines,3,7,1,"0,1,0,0,0,2,0,0,0",7,ZOZO Marine Stadium,,,9000,GAME19920510LMNF0007
1992,1992-05-10,Reg Season,Chiba Lotte Marines,Home,W,8,Nippon-Ham Fighters,8,8,1,"0,0,2,0,0,0,2,4,x",7,ZOZO Marine Stadium,,,9000,GAME19920510LMNF0007
1992,1992-05-10,Reg Season,Fukuoka Daiei Hawks,Away,W,5,Orix Bluewave,5,8,0,"0,0,0,1,0,1,0,3,0",9,Kobe Athletic Park Baseball Field,,,28000,GAME19920510OBSH0009
1992,1992-05-10,Reg Season,Orix Bluewave,Home,L,2,Fukuoka Daiei Hawks,2,7,1,"0,0,0,0,0,1,1,0,0",9,Kobe Athletic Park Baseball Field,,,28000,GAME19920510OBSH0009
1992,1992-05-10,Reg Season,Chunichi Dragons,Away,L,4,Yakult Swallows,4,11,1,"0,0,0,1,0,0,2,0,1",7,Meiji Jingu Stadium,,,32000,GAME19920510YSCD0007
1992,1992-05-10,Reg Season,Yakult Swallows,Home,W,9,Chunichi Dragons,9,14,2,"0,3,2,0,1,3,0,0,x",7,Meiji Jingu Stadium,,,32000,GAME19920510YSCD0007
1992,1992-05-12,Reg Season,Hanshin Tigers,Away,W,2,Chunichi Dragons,2,5,0,"0,0,1,0,0,0,1,0,0",6,Ishikawa Prefectural Baseball Stadium,,,16000,GAME19920512CDHT0006
1992,1992-05-12,Reg Season,Chunichi Dragons,Home,L,1,Hanshin Tigers,1,6,1,"0,1,0,0,0,0,0,0,0",6,Ishikawa Prefectural Baseball Stadium,,,16000,GAME19920512CDHT0006
1992,1992-05-12,Reg Season,Yokohama Taiyo Whales,Away,W,6,Hiroshima Toyo Carp,6,11,1,"1,0,1,1,0,0,0,1,0,0,0,0,2",6,Hiroshima citizens,,,14000,GAME19920512HCDB0006
1992,1992-05-12,Reg Season,Hiroshima Toyo Carp,Home,L,4,Yokohama Taiyo Whales,4,10,2,"0,0,1,3,0,0,0,0,0,0,0,0,0",6,Hiroshima citizens,,,14000,GAME19920512HCDB0006
1992,1992-05-12,Reg Season,Fukuoka Daiei Hawks,Away,L,0,Nippon-Ham Fighters,0,6,0,"0,0,0,0,0,0,0,0,0",6,Hamamatsu Baseball Stadium,,,14000,GAME19920512NFSH0006
1992,1992-05-12,Reg Season,Nippon-Ham Fighters,Home,W,5,Fukuoka Daiei Hawks,5,14,1,"0,0,0,0,2,2,1,0,x",6,Hamamatsu Baseball Stadium,,,14000,GAME19920512NFSH0006
1992,1992-05-12,Reg Season,Kintetsu Buffaloes,Away,W,2,Orix Bluewave,2,7,0,"0,0,0,0,0,0,0,0,2",6,Kobe Athletic Park Baseball Field,,,15000,GAME19920512OBKI0006
1992,1992-05-12,Reg Season,Orix Bluewave,Home,L,1,Kintetsu Buffaloes,1,6,1,"0,0,0,0,0,0,1,0,0",6,Kobe Athletic Park Baseball Field,,,15000,GAME19920512OBKI0006
1992,1992-05-12,Reg Season,Chiba Lotte Marines,Away,L,1,Seibu Lions,1,5,0,"0,0,0,0,0,1,0,0,0",6,Belluna Dome,,,24000,GAME19920512SLLM0006
1992,1992-05-12,Reg Season,Seibu Lions,Home,W,6,Chiba Lotte Marines,6,9,0,"0,0,0,0,1,1,4,0,x",6,Belluna Dome,,,24000,GAME19920512SLLM0006
1992,1992-05-12,Reg Season,Yakult Swallows,Away,L,3,Yomiuri Giants,3,7,1,"1,0,0,1,0,0,0,0,1,0",6,Lib Work Fujisakidai Stadium,,,25000,GAME19920512YGYS0006
1992,1992-05-12,Reg Season,Yomiuri Giants,Home,W,4,Yakult Swallows,4,11,0,"0,0,0,1,0,1,1,0,0,1x",6,Lib Work Fujisakidai Stadium,,,25000,GAME19920512YGYS0006
1992,1992-05-13,Reg Season,Yokohama Taiyo Whales,Away,L,1,Hiroshima Toyo Carp,1,6,0,"0,0,0,1,0,0,0,0,0",7,Hiroshima citizens,,,10000,GAME19920513HCDB0007
1992,1992-05-13,Reg Season,Hiroshima Toyo Carp,Home,W,2,Yokohama Taiyo Whales,2,5,1,"0,0,0,2,0,0,0,0,x",7,Hiroshima citizens,,,10000,GAME19920513HCDB0007
1992,1992-05-13,Reg Season,Kintetsu Buffaloes,Away,W,4,Orix Bluewave,4,6,0,"0,0,0,1,3,0,0,0,0",7,Kobe Athletic Park Baseball Field,,,12000,GAME19920513OBKI0007
1992,1992-05-13,Reg Season,Orix Bluewave,Home,L,0,Kintetsu Buffaloes,0,4,2,"0,0,0,0,0,0,0,0,0",7,Kobe Athletic Park Baseball Field,,,12000,GAME19920513OBKI0007
1992,1992-05-13,Reg Season,Chiba Lotte Marines,Away,L,3,Seibu Lions,3,6,0,"0,0,0,2,0,0,0,0,1",7,Belluna Dome,,,18000,GAME19920513SLLM0007
1992,1992-05-13,Reg Season,Seibu Lions,Home,W,6,Chiba Lotte Marines,6,7,0,"0,1,0,0,0,0,2,3,x",7,Belluna Dome,,,18000,GAME19920513SLLM0007
1992,1992-05-13,Reg Season,Yakult Swallows,Away,W,3,Yomiuri Giants,3,11,1,"1,0,0,0,0,0,0,2,0",7,Heiwadai,,,34000,GAME19920513YGYS0007
1992,1992-05-13,Reg Season,Yomiuri Giants,Home,L,0,Yakult Swallows,0,5,1,"0,0,0,0,0,0,0,0,0",7,Heiwadai,,,34000,GAME19920513YGYS0007
1992,1992-05-14,Reg Season,Hanshin Tigers,Away,L,1,Chunichi Dragons,1,5,1,"0,0,0,0,0,0,0,1,0",7,Fukui Prefectural Stadium,,,22000,GAME19920514CDHT0007
1992,1992-05-14,Reg Season,Chunichi Dragons,Home,W,7,Hanshin Tigers,7,10,1,"0,0,3,0,0,0,0,4,x",7,Fukui Prefectural Stadium,,,22000,GAME19920514CDHT0007
1992,1992-05-14,Reg Season,Yokohama Taiyo Whales,Away,W,5,Hiroshima Toyo Carp,5,11,0,"2,1,0,0,0,0,0,2,0",8,Hiroshima citizens,,,13000,GAME19920514HCDB0008
1992,1992-05-14,Reg Season,Hiroshima Toyo Carp,Home,L,2,Yokohama Taiyo Whales,2,7,1,"2,0,0,0,0,0,0,0,0",8,Hiroshima citizens,,,13000,GAME19920514HCDB0008
1992,1992-05-14,Reg Season,Kintetsu Buffaloes,Away,W,1,Orix Bluewave,1,2,1,"0,0,0,0,1,0,0,0,0",8,Kobe Athletic Park Baseball Field,,,15000,GAME19920514OBKI0008
1992,1992-05-14,Reg Season,Orix Bluewave,Home,L,0,Kintetsu Buffaloes,0,8,1,"0,0,0,0,0,0,0,0,0",8,Kobe Athletic Park Baseball Field,,,15000,GAME19920514OBKI0008
1992,1992-05-14,Reg Season,Chiba Lotte Marines,Away,L,3,Seibu Lions,3,6,0,"1,0,0,0,0,0,0,0,2",8,Belluna Dome,,,20000,GAME19920514SLLM0008
1992,1992-05-14,Reg Season,Seibu Lions,Home,W,5,Chiba Lotte Marines,5,10,1,"0,0,0,0,0,1,3,1,x",8,Belluna Dome,,,20000,GAME19920514SLLM0008
1992,1992-05-15,Reg Season,Kintetsu Buffaloes,Away,W,7,Fukuoka Daiei Hawks,7,12,0,"1,0,2,3,0,0,0,1,0",5,Heiwadai,,,21000,GAME19920515SHKI0005
1992,1992-05-15,Reg Season,Fukuoka Daiei Hawks,Home,L,5,Kintetsu Buffaloes,5,8,1,"0,1,0,4,0,0,0,0,0",5,Heiwadai,,,21000,GAME19920515SHKI0005
1992,1992-05-16,Reg Season,Yokohama Taiyo Whales,Away,L,1,Chunichi Dragons,1,5,2,"0,0,0,0,0,0,0,0,1",6,Nagoya,,,35000,GAME19920516CDDB0006
1992,1992-05-16,Reg Season,Chunichi Dragons,Home,W,5,Yokohama Taiyo Whales,5,9,0,"2,0,2,1,0,0,0,0,x",6,Nagoya,,,35000,GAME19920516CDDB0006
1992,1992-05-16,Reg Season,Yakult Swallows,Away,W,1,Hanshin Tigers,1,4,0,"0,0,0,1,0,0,0,0,0",6,Hanshin Koshien Stadium,,,54000,GAME19920516HTYS0006
1992,1992-05-16,Reg Season,Hanshin Tigers,Home,L,0,Yakult Swallows,0,5,0,"0,0,0,0,0,0,0,0,0",6,Hanshin Koshien Stadium,,,54000,GAME19920516HTYS0006
1992,1992-05-16,Reg Season,Kintetsu Buffaloes,Away,W,4,Fukuoka Daiei Hawks,4,12,0,"2,0,0,1,0,0,0,1,0",6,Heiwadai,,,33000,GAME19920516SHKI0006
1992,1992-05-16,Reg Season,Fukuoka Daiei Hawks,Home,L,0,Kintetsu Buffaloes,0,3,0,"0,0,0,0,0,0,0,0,0",6,Heiwadai,,,33000,GAME19920516SHKI0006
1992,1992-05-16,Reg Season,Nippon-Ham Fighters,Away,L,1,Seibu Lions,1,6,0,"0,0,0,0,0,0,0,0,1",5,Belluna Dome,,,24000,GAME19920516SLNF0005
1992,1992-05-16,Reg Season,Seibu Lions,Home,W,2,Nippon-Ham Fighters,2,6,0,"0,0,0,0,0,0,2,0,x",5,Belluna Dome,,,24000,GAME19920516SLNF0005
1992,1992-05-16,Reg Season,Hiroshima Toyo Carp,Away,L,1,Yomiuri Giants,1,7,2,"0,0,0,1,0,0,0,0,0",5,Tokyo Dome,,,56000,GAME19920516YGHC0005
1992,1992-05-16,Reg Season,Yomiuri Giants,Home,W,6,Hiroshima Toyo Carp,6,12,0,"0,0,2,0,0,0,2,2,x",5,Tokyo Dome,,,56000,GAME19920516YGHC0005
1992,1992-05-17,Reg Season,Yokohama Taiyo Whales,Away,L,2,Chunichi Dragons,2,7,1,"0,0,1,0,0,0,1,0,0",7,Nagoya,,,33000,GAME19920517CDDB0007
1992,1992-05-17,Reg Season,Chunichi Dragons,Home,W,8,Yokohama Taiyo Whales,8,9,1,"0,4,2,0,0,0,2,0,x",7,Nagoya,,,33000,GAME19920517CDDB0007
1992,1992-05-17,Reg Season,Yakult Swallows,Away,W,5,Hanshin Tigers,5,8,0,"2,0,1,1,0,0,0,0,1",7,Hanshin Koshien Stadium,,,52000,GAME19920517HTYS0007
1992,1992-05-17,Reg Season,Hanshin Tigers,Home,L,2,Yakult Swallows,2,7,0,"0,0,0,0,0,0,0,0,2",7,Hanshin Koshien Stadium,,,52000,GAME19920517HTYS0007
1992,1992-05-17,Reg Season,Orix Bluewave,Away,L,0,Chiba Lotte Marines,0,4,1,"0,0,0,0,0,0,0,0,0",4,ZOZO Marine Stadium,,,32000,GAME19920517LMOB0004
1992,1992-05-17,Reg Season,Chiba Lotte Marines,Home,W,1,Orix Bluewave,1,3,1,"1,0,0,0,0,0,0,0,x",4,ZOZO Marine Stadium,,,32000,GAME19920517LMOB0004
1992,1992-05-17,Reg Season,Kintetsu Buffaloes,Away,L,3,Fukuoka Daiei Hawks,3,7,1,"0,0,0,2,0,1,0,0,0",7,Heiwadai,,,27000,GAME19920517SHKI0007
1992,1992-05-17,Reg Season,Fukuoka Daiei Hawks,Home,W,7,Kintetsu Buffaloes,7,12,0,"0,0,0,0,1,2,3,1,x",7,Heiwadai,,,27000,GAME19920517SHKI0007
1992,1992-05-17,Reg Season,Nippon-Ham Fighters,Away,L,3,Seibu Lions,3,8,1,"0,0,0,0,2,0,1,0,0",6,Belluna Dome,,,31000,GAME19920517SLNF0006
1992,1992-05-17,Reg Season,Seibu Lions,Home,W,9,Nippon-Ham Fighters,9,9,0,"0,5,0,0,0,0,1,3,x",6,Belluna Dome,,,31000,GAME19920517SLNF0006
1992,1992-05-17,Reg Season,Hiroshima Toyo Carp,Away,L,4,Yomiuri Giants,4,8,0,"1,1,0,2,0,0,0,0,0",6,Tokyo Dome,,,56000,GAME19920517YGHC0006
1992,1992-05-17,Reg Season,Yomiuri Giants,Home,W,7,Hiroshima Toyo Carp,7,9,0,"1,3,1,1,0,0,0,1,x",6,Tokyo Dome,,,56000,GAME19920517YGHC0006
1992,1992-05-19,Reg Season,Chunichi Dragons,Away,L,0,Hiroshima Toyo Carp,0,4,0,"0,0,0,0,0,0,0,0,0",6,Hiroshima citizens,,,15000,GAME19920519HCCD0006
1992,1992-05-19,Reg Season,Hiroshima Toyo Carp,Home,W,2,Chunichi Dragons,2,5,0,"0,0,0,1,1,0,0,0,x",6,Hiroshima citizens,,,15000,GAME19920519HCCD0006
1992,1992-05-19,Reg Season,Nippon-Ham Fighters,Away,T,2,Kintetsu Buffaloes,2,5,0,"0,0,0,0,0,0,0,0,0,0,2,0",7,Fujiidera,,,18000,GAME19920519KINF0007
1992,1992-05-19,Reg Season,Kintetsu Buffaloes,Home,T,2,Nippon-Ham Fighters,2,3,2,"0,0,0,0,0,0,0,0,0,0,2,0",7,Fujiidera,,,18000,GAME19920519KINF0007
1992,1992-05-19,Reg Season,Fukuoka Daiei Hawks,Away,W,5,Chiba Lotte Marines,5,7,0,"0,1,2,0,0,0,0,0,2",7,ZOZO Marine Stadium,,,18000,GAME19920519LMSH0007
1992,1992-05-19,Reg Season,Chiba Lotte Marines,Home,L,2,Fukuoka Daiei Hawks,2,6,0,"1,0,0,1,0,0,0,0,0",7,ZOZO Marine Stadium,,,18000,GAME19920519LMSH0007
1992,1992-05-19,Reg Season,Orix Bluewave,Away,L,5,Seibu Lions,5,9,0,"0,0,4,0,0,0,1,0,0",6,Belluna Dome,,,18000,GAME19920519SLOB0006
1992,1992-05-19,Reg Season,Seibu Lions,Home,W,6,Orix Bluewave,6,8,1,"0,4,1,0,0,0,0,0,1x",6,Belluna Dome,,,18000,GAME19920519SLOB0006
1992,1992-05-19,Reg Season,Hanshin Tigers,Away,L,0,Yomiuri Giants,0,8,0,"0,0,0,0,0,0,0,0,0",7,Tokyo Dome,,,56000,GAME19920519YGHT0007
1992,1992-05-19,Reg Season,Yomiuri Giants,Home,W,3,Hanshin Tigers,3,9,1,"1,0,0,1,1,0,0,0,x",7,Tokyo Dome,,,56000,GAME19920519YGHT0007
1992,1992-05-19,Reg Season,Yokohama Taiyo Whales,Away,W,8,Yakult Swallows,8,9,0,"2,0,0,0,0,5,1,0,0",7,Meiji Jingu Stadium,,,28000,GAME19920519YSDB0007
1992,1992-05-19,Reg Season,Yakult Swallows,Home,L,5,Yokohama Taiyo Whales,5,8,0,"0,2,0,1,0,0,0,2,0",7,Meiji Jingu Stadium,,,28000,GAME19920519YSDB0007
1992,1992-05-20,Reg Season,Chunichi Dragons,Away,W,7,Hiroshima Toyo Carp,7,16,1,"1,1,1,1,2,0,0,1,0",7,Hiroshima citizens,,,13000,GAME19920520HCCD0007
1992,1992-05-20,Reg Season,Hiroshima Toyo Carp,Home,L,4,Chunichi Dragons,4,8,2,"1,0,0,0,0,2,0,1,0",7,Hiroshima citizens,,,13000,GAME19920520HCCD0007
1992,1992-05-20,Reg Season,Nippon-Ham Fighters,Away,W,6,Kintetsu Buffaloes,6,10,1,"2,0,0,0,0,0,1,0,3",8,Fujiidera,,,19000,GAME19920520KINF0008
1992,1992-05-20,Reg Season,Kintetsu Buffaloes,Home,L,3,Nippon-Ham Fighters,3,6,3,"0,0,0,2,0,0,1,0,0",8,Fujiidera,,,19000,GAME19920520KINF0008
1992,1992-05-20,Reg Season,Fukuoka Daiei Hawks,Away,L,6,Chiba Lotte Marines,6,12,2,"0,0,0,0,0,0,3,0,0,3,0",8,ZOZO Marine Stadium,,,19000,GAME19920520LMSH0008
1992,1992-05-20,Reg Season,Chiba Lotte Marines,Home,W,7,Fukuoka Daiei Hawks,7,13,0,"2,0,0,0,0,0,0,1,0,3,1x",8,ZOZO Marine Stadium,,,19000,GAME19920520LMSH0008
1992,1992-05-20,Reg Season,Hanshin Tigers,Away,W,7,Yomiuri Giants,7,9,0,"0,0,3,1,0,3,0,0,0",8,Tokyo Dome,,,56000,GAME19920520YGHT0008
1992,1992-05-20,Reg Season,Yomiuri Giants,Home,L,6,Hanshin Tigers,6,5,1,"0,0,3,2,1,0,0,0,0",8,Tokyo Dome,,,56000,GAME19920520YGHT0008
1992,1992-05-20,Reg Season,Yokohama Taiyo Whales,Away,L,6,Yakult Swallows,6,5,0,"0,0,6,0,0,0,0,0,0",8,Meiji Jingu Stadium,,,26000,GAME19920520YSDB0008
1992,1992-05-20,Reg Season,Yakult Swallows,Home,W,12,Yokohama Taiyo Whales,12,14,1,"5,1,0,3,0,0,0,3,x",8,Meiji Jingu Stadium,,,26000,GAME19920520YSDB0008
1992,1992-05-21,Reg Season,Chunichi Dragons,Away,L,3,Hiroshima Toyo Carp,3,9,0,"3,0,0,0,0,0,0,0,0",8,Hiroshima citizens,,,13000,GAME19920521HCCD0008
1992,1992-05-21,Reg Season,Hiroshima Toyo Carp,Home,W,4,Chunichi Dragons,4,10,0,"0,0,0,1,0,3,0,0,x",8,Hiroshima citizens,,,13000,GAME19920521HCCD0008
1992,1992-05-21,Reg Season,Nippon-Ham Fighters,Away,L,2,Kintetsu Buffaloes,2,11,0,"1,0,1,0,0,0,0,0,0",9,Fujiidera,,,19000,GAME19920521KINF0009
1992,1992-05-21,Reg Season,Kintetsu Buffaloes,Home,W,5,Nippon-Ham Fighters,5,8,1,"1,1,0,0,0,0,0,3,x",9,Fujiidera,,,19000,GAME19920521KINF0009
1992,1992-05-21,Reg Season,Fukuoka Daiei Hawks,Away,L,2,Chiba Lotte Marines,2,7,0,"1,0,0,1,0,0,0,0,0",9,ZOZO Marine Stadium,,,21000,GAME19920521LMSH0009
1992,1992-05-21,Reg Season,Chiba Lotte Marines,Home,W,5,Fukuoka Daiei Hawks,5,9,0,"0,0,0,2,0,0,0,3,x",9,ZOZO Marine Stadium,,,21000,GAME19920521LMSH0009
1992,1992-05-21,Reg Season,Orix Bluewave,Away,L,2,Seibu Lions,2,11,1,"1,0,0,0,1,0,0,0,0",7,Belluna Dome,,,24000,GAME19920521SLOB0007
1992,1992-05-21,Reg Season,Seibu Lions,Home,W,6,Orix Bluewave,6,12,0,"0,0,2,0,0,0,3,1,x",7,Belluna Dome,,,24000,GAME19920521SLOB0007
1992,1992-05-21,Reg Season,Hanshin Tigers,Away,W,2,Yomiuri Giants,2,8,1,"0,0,0,0,0,0,0,1,0,1",9,Tokyo Dome,,,56000,GAME19920521YGHT0009
1992,1992-05-21,Reg Season,Yomiuri Giants,Home,L,1,Hanshin Tigers,1,6,0,"0,0,0,0,0,0,0,0,1,0",9,Tokyo Dome,,,56000,GAME19920521YGHT0009
1992,1992-05-21,Reg Season,Yokohama Taiyo Whales,Away,W,4,Yakult Swallows,4,6,0,"2,0,0,0,2,0,0,0,0",9,Meiji Jingu Stadium,,,28000,GAME19920521YSDB0009
1992,1992-05-21,Reg Season,Yakult Swallows,Home,L,2,Yokohama Taiyo Whales,2,7,0,"0,1,0,0,1,0,0,0,0",9,Meiji Jingu Stadium,,,28000,GAME19920521YSDB0009
1992,1992-05-22,Reg Season,Chiba Lotte Marines,Away,L,0,Orix Bluewave,0,3,3,"0,0,0,0,0,0,0,0,0",5,Kobe Athletic Park Baseball Field,,,13000,GAME19920522OBLM0005
1992,1992-05-22,Reg Season,Orix Bluewave,Home,W,5,Chiba Lotte Marines,5,9,1,"0,0,0,0,0,4,1,0,x",5,Kobe Athletic Park Baseball Field,,,13000,GAME19920522OBLM0005
1992,1992-05-23,Reg Season,Yomiuri Giants,Away,L,4,Chunichi Dragons,4,8,0,"0,0,0,2,0,0,2,0,0,0",6,Nagoya,,,35000,GAME19920523CDYG0006
1992,1992-05-23,Reg Season,Chunichi Dragons,Home,W,5,Yomiuri Giants,5,10,0,"0,1,0,1,0,1,0,1,0,1x",6,Nagoya,,,35000,GAME19920523CDYG0006
1992,1992-05-23,Reg Season,Hiroshima Toyo Carp,Away,L,7,Yokohama Taiyo Whales,7,10,0,"1,0,0,4,0,1,1,0,0,0",9,Yokohama Stadium,,,26000,GAME19920523DBHC0009
1992,1992-05-23,Reg Season,Yokohama Taiyo Whales,Home,W,8,Hiroshima Toyo Carp,8,12,1,"0,1,0,1,0,0,3,2,0,1x",9,Yokohama Stadium,,,26000,GAME19920523DBHC0009
1992,1992-05-23,Reg Season,Seibu Lions,Away,W,4,Nippon-Ham Fighters,4,11,2,"0,2,1,0,0,0,0,0,0,1",7,Tokyo Dome,,,56000,GAME19920523NFSL0007
1992,1992-05-23,Reg Season,Nippon-Ham Fighters,Home,L,3,Seibu Lions,3,5,0,"0,0,2,0,0,1,0,0,0,0",7,Tokyo Dome,,,56000,GAME19920523NFSL0007
1992,1992-05-23,Reg Season,Chiba Lotte Marines,Away,L,1,Orix Bluewave,1,6,0,"0,0,1,0,0,0,0,0,0",6,Kobe Athletic Park Baseball Field,,,15000,GAME19920523OBLM0006
1992,1992-05-23,Reg Season,Orix Bluewave,Home,W,4,Chiba Lotte Marines,4,13,0,"0,2,0,1,0,1,0,0,x",6,Kobe Athletic Park Baseball Field,,,15000,GAME19920523OBLM0006
1992,1992-05-24,Reg Season,Yomiuri Giants,Away,L,3,Chunichi Dragons,3,14,0,"0,0,1,0,1,0,0,1,0",7,Nagoya,,,35000,GAME19920524CDYG0007
1992,1992-05-24,Reg Season,Chunichi Dragons,Home,W,4,Yomiuri Giants,4,9,1,"1,0,2,0,1,0,0,0,x",7,Nagoya,,,35000,GAME19920524CDYG0007
1992,1992-05-24,Reg Season,Hiroshima Toyo Carp,Away,W,6,Yokohama Taiyo Whales,6,12,0,"2,1,0,0,0,0,0,3,0",10,Yokohama Stadium,,,25000,GAME19920524DBHC0010
1992,1992-05-24,Reg Season,Yokohama Taiyo Whales,Home,L,5,Hiroshima Toyo Carp,5,8,0,"0,0,1,0,0,1,0,3,0",10,Yokohama Stadium,,,25000,GAME19920524DBHC0010
1992,1992-05-24,Reg Season,Seibu Lions,Away,L,3,Nippon-Ham Fighters,3,10,2,"0,1,0,2,0,0,0,0,0",8,Tokyo Dome,,,50000,GAME19920524NFSL0008
1992,1992-05-24,Reg Season,Nippon-Ham Fighters,Home,W,4,Seibu Lions,4,4,2,"1,2,0,0,0,0,0,1,x",8,Tokyo Dome,,,50000,GAME19920524NFSL0008
1992,1992-05-24,Reg Season,Chiba Lotte Marines,Away,L,3,Orix Bluewave,3,7,0,"0,0,0,1,0,0,2,0,0",7,Kobe Athletic Park Baseball Field,,,22000,GAME19920524OBLM0007
1992,1992-05-24,Reg Season,Orix Bluewave,Home,W,4,Chiba Lotte Marines,4,11,2,"0,0,2,1,0,0,0,0,1x",7,Kobe Athletic Park Baseball Field,,,22000,GAME19920524OBLM0007
1992,1992-05-25,Reg Season,Hiroshima Toyo Carp,Away,W,7,Yokohama Taiyo Whales,7,11,1,"0,0,0,0,0,1,1,0,2,0,0,3",11,Yokohama Stadium,,,21000,GAME19920525DBHC0011
1992,1992-05-25,Reg Season,Yokohama Taiyo Whales,Home,L,4,Hiroshima Toyo Carp,4,11,2,"0,0,0,0,0,0,0,0,4,0,0,0",11,Yokohama Stadium,,,21000,GAME19920525DBHC0011
1992,1992-05-26,Reg Season,Hiroshima Toyo Carp,Away,W,4,Chunichi Dragons,4,9,0,"0,0,0,2,0,2,0,0,0",9,Nagoya,,,33000,GAME19920526CDHC0009
1992,1992-05-26,Reg Season,Chunichi Dragons,Home,L,3,Hiroshima Toyo Carp,3,4,0,"0,0,0,1,2,0,0,0,0",9,Nagoya,,,33000,GAME19920526CDHC0009
1992,1992-05-26,Reg Season,Yokohama Taiyo Whales,Away,L,1,Hanshin Tigers,1,7,1,"1,0,0,0,0,0,0,0,0",6,Hanshin Koshien Stadium,,,28000,GAME19920526HTDB0006
1992,1992-05-26,Reg Season,Hanshin Tigers,Home,W,2,Yokohama Taiyo Whales,2,4,0,"1,1,0,0,0,0,0,0,x",6,Hanshin Koshien Stadium,,,28000,GAME19920526HTDB0006
1992,1992-05-26,Reg Season,Kintetsu Buffaloes,Away,W,4,Chiba Lotte Marines,4,10,0,"2,0,0,0,1,0,0,0,1",6,Akita Yabase,,,21000,GAME19920526LMKI0006
1992,1992-05-26,Reg Season,Chiba Lotte Marines,Home,L,0,Kintetsu Buffaloes,0,2,0,"0,0,0,0,0,0,0,0,0",6,Akita Yabase,,,21000,GAME19920526LMKI0006
1992,1992-05-26,Reg Season,Orix Bluewave,Away,L,1,Nippon-Ham Fighters,1,6,1,"0,0,0,0,0,1,0,0,0",6,Tokyo Dome,,,28000,GAME19920526NFOB0006
1992,1992-05-26,Reg Season,Nippon-Ham Fighters,Home,W,2,Orix Bluewave,2,9,0,"0,1,0,0,0,0,1,0,x",6,Tokyo Dome,,,28000,GAME19920526NFOB0006
1992,1992-05-26,Reg Season,Seibu Lions,Away,W,6,Fukuoka Daiei Hawks,6,9,0,"2,0,0,0,0,0,0,4,0",6,Heiwadai,,,32000,GAME19920526SHSL0006
1992,1992-05-26,Reg Season,Fukuoka Daiei Hawks,Home,L,2,Seibu Lions,2,5,2,"0,0,0,0,1,0,0,1,0",6,Heiwadai,,,32000,GAME19920526SHSL0006
1992,1992-05-27,Reg Season,Hiroshima Toyo Carp,Away,W,5,Chunichi Dragons,5,12,1,"0,2,2,0,0,0,1,0,0",10,Nagoya,,,33000,GAME19920527CDHC0010
1992,1992-05-27,Reg Season,Chunichi Dragons,Home,L,2,Hiroshima Toyo Carp,2,11,1,"1,0,0,0,0,0,0,0,1",10,Nagoya,,,33000,GAME19920527CDHC0010
1992,1992-05-27,Reg Season,Yokohama Taiyo Whales,Away,L,1,Hanshin Tigers,1,4,1,"0,1,0,0,0,0,0,0,0,0,0,0,0,0,0",7,Hanshin Koshien Stadium,,,30000,GAME19920527HTDB0007
1992,1992-05-27,Reg Season,Hanshin Tigers,Home,W,2,Yokohama Taiyo Whales,2,13,1,"0,1,0,0,0,0,0,0,0,0,0,0,0,0,1x",7,Hanshin Koshien Stadium,,,30000,GAME19920527HTDB0007
1992,1992-05-27,Reg Season,Kintetsu Buffaloes,Away,W,7,Chiba Lotte Marines,7,13,1,"3,0,0,0,2,0,2,0,0",7,Akita Yabase,,,21000,GAME19920527LMKI0007
1992,1992-05-27,Reg Season,Chiba Lotte Marines,Home,L,3,Kintetsu Buffaloes,3,9,1,"0,0,0,0,2,0,1,0,0",7,Akita Yabase,,,21000,GAME19920527LMKI0007
1992,1992-05-27,Reg Season,Orix Bluewave,Away,W,9,Nippon-Ham Fighters,9,15,0,"1,0,0,1,0,1,0,2,4",7,Tokyo Dome,,,31000,GAME19920527NFOB0007
1992,1992-05-27,Reg Season,Nippon-Ham Fighters,Home,L,2,Orix Bluewave,2,6,0,"0,0,0,0,1,0,0,0,1",7,Tokyo Dome,,,31000,GAME19920527NFOB0007
1992,1992-05-27,Reg Season,Seibu Lions,Away,W,11,Fukuoka Daiei Hawks,11,15,0,"0,0,1,0,0,2,0,8,0",7,Heiwadai,,,32000,GAME19920527SHSL0007
1992,1992-05-27,Reg Season,Fukuoka Daiei Hawks,Home,L,5,Seibu Lions,5,10,2,"0,0,1,0,0,0,4,0,0",7,Heiwadai,,,32000,GAME19920527SHSL0007
1992,1992-05-27,Reg Season,Yomiuri Giants,Away,L,4,Yakult Swallows,4,8,1,"0,0,3,0,0,0,0,0,1",8,Meiji Jingu Stadium,,,48000,GAME19920527YSYG0008
1992,1992-05-27,Reg Season,Yakult Swallows,Home,W,9,Yomiuri Giants,9,12,0,"5,2,0,0,1,0,0,1,x",8,Meiji Jingu Stadium,,,48000,GAME19920527YSYG0008
1992,1992-05-28,Reg Season,Yokohama Taiyo Whales,Away,L,3,Hanshin Tigers,3,10,0,"0,0,0,1,1,0,1,0,0",8,Hanshin Koshien Stadium,,,28000,GAME19920528HTDB0008
1992,1992-05-28,Reg Season,Hanshin Tigers,Home,W,5,Yokohama Taiyo Whales,5,11,0,"0,0,0,0,0,4,0,1,x",8,Hanshin Koshien Stadium,,,28000,GAME19920528HTDB0008
1992,1992-05-28,Reg Season,Orix Bluewave,Away,L,1,Nippon-Ham Fighters,1,4,0,"0,0,0,0,0,0,0,0,1",8,Tokyo Dome,,,32000,GAME19920528NFOB0008
1992,1992-05-28,Reg Season,Nippon-Ham Fighters,Home,W,5,Orix Bluewave,5,8,0,"0,1,0,0,0,0,0,4,x",8,Tokyo Dome,,,32000,GAME19920528NFOB0008
1992,1992-05-28,Reg Season,Seibu Lions,Away,W,6,Fukuoka Daiei Hawks,6,9,3,"0,0,0,0,0,1,3,1,1",8,Heiwadai,,,32000,GAME19920528SHSL0008
1992,1992-05-28,Reg Season,Fukuoka Daiei Hawks,Home,L,4,Seibu Lions,4,10,2,"0,0,0,1,1,0,1,1,0",8,Heiwadai,,,32000,GAME19920528SHSL0008
1992,1992-05-28,Reg Season,Yomiuri Giants,Away,W,4,Yakult Swallows,4,10,0,"0,0,0,3,0,0,0,0,1",9,Meiji Jingu Stadium,,,42000,GAME19920528YSYG0009
1992,1992-05-28,Reg Season,Yakult Swallows,Home,L,3,Yomiuri Giants,3,11,2,"0,0,0,0,0,0,0,1,2",9,Meiji Jingu Stadium,,,42000,GAME19920528YSYG0009
1992,1992-05-29,Reg Season,Yomiuri Giants,Away,W,5,Hanshin Tigers,5,8,2,"3,0,2,0,0,0,0,0,0",10,Hanshin Koshien Stadium,,,45000,GAME19920529HTYG0010
1992,1992-05-29,Reg Season,Hanshin Tigers,Home,L,4,Yomiuri Giants,4,11,1,"0,1,0,1,1,1,0,0,0",10,Hanshin Koshien Stadium,,,45000,GAME19920529HTYG0010
1992,1992-05-29,Reg Season,Chiba Lotte Marines,Away,W,7,Nippon-Ham Fighters,7,10,1,"1,0,3,0,0,1,0,0,2",8,Tokyo Dome,,,32000,GAME19920529NFLM0008
1992,1992-05-29,Reg Season,Nippon-Ham Fighters,Home,L,1,Chiba Lotte Marines,1,4,1,"0,0,0,1,0,0,0,0,0",8,Tokyo Dome,,,32000,GAME19920529NFLM0008
1992,1992-05-29,Reg Season,Orix Bluewave,Away,W,3,Fukuoka Daiei Hawks,3,6,0,"0,0,0,1,0,0,0,1,1",10,Heiwadai,,,17000,GAME19920529SHOB0010
1992,1992-05-29,Reg Season,Fukuoka Daiei Hawks,Home,L,1,Orix Bluewave,1,3,0,"1,0,0,0,0,0,0,0,0",10,Heiwadai,,,17000,GAME19920529SHOB0010
1992,1992-05-30,Reg Season,Chunichi Dragons,Away,L,3,Yokohama Taiyo Whales,3,8,0,"0,0,0,0,2,0,1,0,0",8,Ishikawa Prefectural Baseball Stadium,,,16000,GAME19920530DBCD0008
1992,1992-05-30,Reg Season,Yokohama Taiyo Whales,Home,W,4,Chunichi Dragons,4,10,1,"0,2,0,1,0,0,0,0,1x",8,Ishikawa Prefectural Baseball Stadium,,,16000,GAME19920530DBCD0008
1992,1992-05-30,Reg Season,Yomiuri Giants,Away,W,7,Hanshin Tigers,7,11,0,"1,0,2,2,0,0,0,0,2",11,Hanshin Koshien Stadium,,,55000,GAME19920530HTYG0011
1992,1992-05-30,Reg Season,Hanshin Tigers,Home,L,4,Yomiuri Giants,4,7,0,"0,0,0,4,0,0,0,0,0",11,Hanshin Koshien Stadium,,,55000,GAME19920530HTYG0011
1992,1992-05-30,Reg Season,Chiba Lotte Marines,Away,W,5,Nippon-Ham Fighters,5,9,0,"0,1,0,4,0,0,0,0,0",9,Tokyo Dome,,,40000,GAME19920530NFLM0009
1992,1992-05-30,Reg Season,Nippon-Ham Fighters,Home,L,4,Chiba Lotte Marines,4,11,0,"0,0,0,0,0,4,0,0,0",9,Tokyo Dome,,,40000,GAME19920530NFLM0009
1992,1992-05-30,Reg Season,Orix Bluewave,Away,W,6,Fukuoka Daiei Hawks,6,13,0,"0,0,0,3,0,3,0,0,0",11,Heiwadai,,,28000,GAME19920530SHOB0011
1992,1992-05-30,Reg Season,Fukuoka Daiei Hawks,Home,L,1,Orix Bluewave,1,4,0,"0,0,0,0,0,0,0,0,1",11,Heiwadai,,,28000,GAME19920530SHOB0011
1992,1992-05-31,Reg Season,Chunichi Dragons,Away,W,6,Yokohama Taiyo Whales,6,7,0,"4,0,0,0,0,0,0,0,2",9,Fukui Prefectural Stadium,,,22000,GAME19920531DBCD0009
1992,1992-05-31,Reg Season,Yokohama Taiyo Whales,Home,L,4,Chunichi Dragons,4,9,1,"0,0,0,0,2,0,1,0,1",9,Fukui Prefectural Stadium,,,22000,GAME19920531DBCD0009
1992,1992-05-31,Reg Season,Yomiuri Giants,Away,L,1,Hanshin Tigers,1,3,1,"0,0,0,0,0,0,0,1,0",12,Hanshin Koshien Stadium,,,55000,GAME19920531HTYG0012
1992,1992-05-31,Reg Season,Hanshin Tigers,Home,W,3,Yomiuri Giants,3,7,0,"2,0,1,0,0,0,0,0,x",12,Hanshin Koshien Stadium,,,55000,GAME19920531HTYG0012
1992,1992-05-31,Reg Season,Chiba Lotte Marines,Away,L,2,Nippon-Ham Fighters,2,3,2,"0,2,0,0,0,0,0,0,0",10,Tokyo Dome,,,40000,GAME19920531NFLM0010
1992,1992-05-31,Reg Season,Nippon-Ham Fighters,Home,W,6,Chiba Lotte Marines,6,11,0,"0,2,0,0,0,3,0,1,x",10,Tokyo Dome,,,40000,GAME19920531NFLM0010
1992,1992-05-31,Reg Season,Orix Bluewave,Away,L,3,Fukuoka Daiei Hawks,3,8,1,"0,2,0,0,0,0,0,1,0",12,Heiwadai,,,24000,GAME19920531SHOB0012
1992,1992-05-31,Reg Season,Fukuoka Daiei Hawks,Home,W,4,Orix Bluewave,4,9,0,"1,1,0,0,1,0,1,0,x",12,Heiwadai,,,24000,GAME19920531SHOB0012
1992,1992-05-31,Reg Season,Kintetsu Buffaloes,Away,L,3,Seibu Lions,3,5,1,"0,0,0,1,0,0,2,0,0",8,Belluna Dome,,,38000,GAME19920531SLKI0008
1992,1992-05-31,Reg Season,Seibu Lions,Home,W,4,Kintetsu Buffaloes,4,9,0,"0,1,2,0,0,1,0,0,x",8,Belluna Dome,,,38000,GAME19920531SLKI0008
1992,1992-05-31,Reg Season,Hiroshima Toyo Carp,Away,L,2,Yakult Swallows,2,5,2,"0,1,0,1,0,0,0,0,0",6,ZOZO Marine Stadium,,,28000,GAME19920531YSHC0006
1992,1992-05-31,Reg Season,Yakult Swallows,Home,W,5,Hiroshima Toyo Carp,5,8,1,"0,2,0,0,0,2,1,0,x",6,ZOZO Marine Stadium,,,28000,GAME19920531YSHC0006
1992,1992-06-01,Reg Season,Kintetsu Buffaloes,Away,L,4,Seibu Lions,4,5,1,"0,0,0,2,1,0,1,0,0",9,Belluna Dome,,,32000,GAME19920601SLKI0009
1992,1992-06-01,Reg Season,Seibu Lions,Home,W,7,Kintetsu Buffaloes,7,8,1,"0,1,2,0,2,1,1,0,x",9,Belluna Dome,,,32000,GAME19920601SLKI0009
1992,1992-06-02,Reg Season,Yakult Swallows,Away,W,3,Chunichi Dragons,3,6,0,"1,0,0,1,0,0,0,0,1",8,Gifu Prefectural Baseball Stadium,,,30000,GAME19920602CDYS0008
1992,1992-06-02,Reg Season,Chunichi Dragons,Home,L,1,Yakult Swallows,1,8,1,"0,0,0,1,0,0,0,0,0",8,Gifu Prefectural Baseball Stadium,,,30000,GAME19920602CDYS0008
1992,1992-06-02,Reg Season,Hanshin Tigers,Away,W,6,Hiroshima Toyo Carp,6,13,0,"1,4,1,0,0,0,0,0,0",9,Okayama Prefectural Government,,,15000,GAME19920602HCHT0009
1992,1992-06-02,Reg Season,Hiroshima Toyo Carp,Home,L,1,Hanshin Tigers,1,3,0,"0,0,0,0,0,0,0,0,1",9,Okayama Prefectural Government,,,15000,GAME19920602HCHT0009
1992,1992-06-02,Reg Season,Orix Bluewave,Away,W,8,Kintetsu Buffaloes,8,10,0,"3,0,1,0,0,2,0,2,0",9,Nissei,,,19000,GAME19920602KIOB0009
1992,1992-06-02,Reg Season,Kintetsu Buffaloes,Home,L,1,Orix Bluewave,1,7,0,"0,0,0,1,0,0,0,0,0",9,Nissei,,,19000,GAME19920602KIOB0009
1992,1992-06-02,Reg Season,Seibu Lions,Away,W,7,Chiba Lotte Marines,7,9,0,"3,0,1,0,2,0,0,1,0",9,Rakuten Seimei Park Miyagi,,,26000,GAME19920602LMSL0009
1992,1992-06-02,Reg Season,Chiba Lotte Marines,Home,L,2,Seibu Lions,2,7,2,"0,1,0,1,0,0,0,0,0",9,Rakuten Seimei Park Miyagi,,,26000,GAME19920602LMSL0009
1992,1992-06-02,Reg Season,Nippon-Ham Fighters,Away,L,8,Fukuoka Daiei Hawks,8,17,1,"0,3,0,2,1,0,0,0,2",7,Kitakyushu Municipal Baseball Stadium,,,22000,GAME19920602SHNF0007
1992,1992-06-02,Reg Season,Fukuoka Daiei Hawks,Home,W,10,Nippon-Ham Fighters,10,14,0,"0,4,0,2,0,0,1,3,x",7,Kitakyushu Municipal Baseball Stadium,,,22000,GAME19920602SHNF0007
1992,1992-06-02,Reg Season,Yokohama Taiyo Whales,Away,W,4,Yomiuri Giants,4,5,0,"0,0,0,0,2,0,1,1,0",9,Tokyo Dome,,,56000,GAME19920602YGDB0009
1992,1992-06-02,Reg Season,Yomiuri Giants,Home,L,1,Yokohama Taiyo Whales,1,4,0,"0,0,0,0,0,0,1,0,0",9,Tokyo Dome,,,56000,GAME19920602YGDB0009
1992,1992-06-03,Reg Season,Yakult Swallows,Away,L,3,Chunichi Dragons,3,10,4,"0,2,0,0,0,1,0,0,0",9,Nagoya,,,35000,GAME19920603CDYS0009
1992,1992-06-03,Reg Season,Chunichi Dragons,Home,W,6,Yakult Swallows,6,12,1,"1,0,0,1,0,0,4,0,x",9,Nagoya,,,35000,GAME19920603CDYS0009
1992,1992-06-03,Reg Season,Hanshin Tigers,Away,W,4,Hiroshima Toyo Carp,4,10,0,"0,0,0,0,0,3,0,1,0",10,Hiroshima citizens,,,20000,GAME19920603HCHT0010
1992,1992-06-03,Reg Season,Hiroshima Toyo Carp,Home,L,2,Hanshin Tigers,2,7,1,"0,0,0,1,0,1,0,0,0",10,Hiroshima citizens,,,20000,GAME19920603HCHT0010
1992,1992-06-03,Reg Season,Orix Bluewave,Away,L,4,Kintetsu Buffaloes,4,10,2,"0,0,0,1,3,0,0,0,0",10,Nissei,,,20000,GAME19920603KIOB0010
1992,1992-06-03,Reg Season,Kintetsu Buffaloes,Home,W,10,Orix Bluewave,10,14,0,"1,0,0,0,5,0,1,3,x",10,Nissei,,,20000,GAME19920603KIOB0010
1992,1992-06-03,Reg Season,Seibu Lions,Away,W,11,Chiba Lotte Marines,11,11,1,"0,5,1,0,1,0,4,0,0",10,Rakuten Seimei Park Miyagi,,,28000,GAME19920603LMSL0010
1992,1992-06-03,Reg Season,Chiba Lotte Marines,Home,L,2,Seibu Lions,2,4,1,"0,1,0,0,0,0,0,0,1",10,Rakuten Seimei Park Miyagi,,,28000,GAME19920603LMSL0010
1992,1992-06-03,Reg Season,Nippon-Ham Fighters,Away,L,4,Fukuoka Daiei Hawks,4,12,0,"0,1,1,0,0,0,2,0,0",8,Kitakyushu Municipal Baseball Stadium,,,23000,GAME19920603SHNF0008
1992,1992-06-03,Reg Season,Fukuoka Daiei Hawks,Home,W,10,Nippon-Ham Fighters,10,13,1,"1,0,1,0,0,1,1,6,x",8,Kitakyushu Municipal Baseball Stadium,,,23000,GAME19920603SHNF0008
1992,1992-06-03,Reg Season,Yokohama Taiyo Whales,Away,W,9,Yomiuri Giants,9,14,1,"0,3,2,0,0,0,3,0,1",10,Tokyo Dome,,,56000,GAME19920603YGDB0010
1992,1992-06-03,Reg Season,Yomiuri Giants,Home,L,5,Yokohama Taiyo Whales,5,11,0,"0,0,2,2,0,0,1,0,0",10,Tokyo Dome,,,56000,GAME19920603YGDB0010
1992,1992-06-04,Reg Season,Yakult Swallows,Away,L,4,Chunichi Dragons,4,5,1,"0,3,0,0,0,0,0,0,1",10,Nagoya,,,35000,GAME19920604CDYS0010
1992,1992-06-04,Reg Season,Chunichi Dragons,Home,W,5,Yakult Swallows,5,7,1,"1,0,0,0,0,0,4,0,x",10,Nagoya,,,35000,GAME19920604CDYS0010
1992,1992-06-04,Reg Season,Hanshin Tigers,Away,L,6,Hiroshima Toyo Carp,6,12,2,"2,1,0,0,0,1,0,0,2",11,Hiroshima citizens,,,20000,GAME19920604HCHT0011
1992,1992-06-04,Reg Season,Hiroshima Toyo Carp,Home,W,7,Hanshin Tigers,7,11,3,"4,0,1,0,0,1,0,0,1x",11,Hiroshima citizens,,,20000,GAME19920604HCHT0011
1992,1992-06-04,Reg Season,Orix Bluewave,Away,W,11,Kintetsu Buffaloes,11,14,0,"4,0,2,5,0,0,0,0,0",11,Nissei,,,19000,GAME19920604KIOB0011
1992,1992-06-04,Reg Season,Kintetsu Buffaloes,Home,L,3,Orix Bluewave,3,9,2,"0,0,0,0,0,3,0,0,0",11,Nissei,,,19000,GAME19920604KIOB0011
1992,1992-06-04,Reg Season,Nippon-Ham Fighters,Away,L,8,Fukuoka Daiei Hawks,8,10,1,"4,0,0,0,2,0,0,1,0,1",9,Heiwadai,,,19000,GAME19920604SHNF0009
1992,1992-06-04,Reg Season,Fukuoka Daiei Hawks,Home,W,9,Nippon-Ham Fighters,9,16,2,"0,0,4,0,0,2,0,0,1,2x",9,Heiwadai,,,19000,GAME19920604SHNF0009
1992,1992-06-04,Reg Season,Yokohama Taiyo Whales,Away,L,4,Yomiuri Giants,4,9,1,"1,0,0,0,0,0,2,0,1",11,Tokyo Dome,,,56000,GAME19920604YGDB0011
1992,1992-06-04,Reg Season,Yomiuri Giants,Home,W,9,Yokohama Taiyo Whales,9,12,1,"1,2,0,0,0,1,0,5,x",11,Tokyo Dome,,,56000,GAME19920604YGDB0011
1992,1992-06-05,Reg Season,Chiba Lotte Marines,Away,L,2,Kintetsu Buffaloes,2,10,2,"0,0,1,0,0,0,1,0,0",8,Fujiidera,,,15000,GAME19920605KILM0008
1992,1992-06-05,Reg Season,Kintetsu Buffaloes,Home,W,5,Chiba Lotte Marines,5,6,2,"0,0,0,1,0,0,3,1,x",8,Fujiidera,,,15000,GAME19920605KILM0008
1992,1992-06-05,Reg Season,Nippon-Ham Fighters,Away,W,4,Orix Bluewave,4,7,0,"2,0,0,1,0,0,0,0,1",9,Kobe Athletic Park Baseball Field,,,13000,GAME19920605OBNF0009
1992,1992-06-05,Reg Season,Orix Bluewave,Home,L,3,Nippon-Ham Fighters,3,9,0,"0,1,0,1,1,0,0,0,0",9,Kobe Athletic Park Baseball Field,,,13000,GAME19920605OBNF0009
1992,1992-06-05,Reg Season,Fukuoka Daiei Hawks,Away,L,1,Seibu Lions,1,6,2,"0,0,0,0,1,0,0,0,0",9,Belluna Dome,,,25000,GAME19920605SLSH0009
1992,1992-06-05,Reg Season,Seibu Lions,Home,W,4,Fukuoka Daiei Hawks,4,5,0,"0,0,0,0,0,0,1,3,x",9,Belluna Dome,,,25000,GAME19920605SLSH0009
1992,1992-06-06,Reg Season,Hanshin Tigers,Away,T,3,Yokohama Taiyo Whales,3,9,2,"0,1,0,1,1,0,0,0,0,0",9,Maruyama Track and Field Stadium,,,24000,GAME19920606DBHT0009
1992,1992-06-06,Reg Season,Yokohama Taiyo Whales,Home,T,3,Hanshin Tigers,3,6,0,"0,0,1,0,0,1,0,0,1,0",9,Maruyama Track and Field Stadium,,,24000,GAME19920606DBHT0009
1992,1992-06-06,Reg Season,Yakult Swallows,Away,W,6,Hiroshima Toyo Carp,6,8,1,"0,1,2,2,0,0,0,0,0,0,1",7,Fukushima Azuma Baseball Stadium,,,28000,GAME19920606HCYS0007
1992,1992-06-06,Reg Season,Hiroshima Toyo Carp,Home,L,5,Yakult Swallows,5,8,2,"0,0,0,0,0,0,5,0,0,0,0",7,Fukushima Azuma Baseball Stadium,,,28000,GAME19920606HCYS0007
1992,1992-06-06,Reg Season,Chiba Lotte Marines,Away,L,3,Kintetsu Buffaloes,3,9,1,"1,0,0,0,0,1,0,0,1",9,Fujiidera,,,21000,GAME19920606KILM0009
1992,1992-06-06,Reg Season,Kintetsu Buffaloes,Home,W,11,Chiba Lotte Marines,11,14,0,"0,5,0,3,0,3,0,0,x",9,Fujiidera,,,21000,GAME19920606KILM0009
1992,1992-06-06,Reg Season,Nippon-Ham Fighters,Away,L,3,Orix Bluewave,3,6,0,"0,0,3,0,0,0,0,0,0",10,Kobe Athletic Park Baseball Field,,,18000,GAME19920606OBNF0010
1992,1992-06-06,Reg Season,Orix Bluewave,Home,W,5,Nippon-Ham Fighters,5,12,0,"0,3,1,0,0,0,0,1,x",10,Kobe Athletic Park Baseball Field,,,18000,GAME19920606OBNF0010
1992,1992-06-06,Reg Season,Fukuoka Daiei Hawks,Away,T,7,Seibu Lions,7,8,1,"0,1,0,0,2,3,1,0,0",10,Belluna Dome,,,40000,GAME19920606SLSH0010
1992,1992-06-06,Reg Season,Seibu Lions,Home,T,7,Fukuoka Daiei Hawks,7,13,1,"0,0,1,3,1,0,1,1,0",10,Belluna Dome,,,40000,GAME19920606SLSH0010
1992,1992-06-06,Reg Season,Chunichi Dragons,Away,W,4,Yomiuri Giants,4,9,1,"0,0,2,0,0,0,1,1,0",8,Tokyo Dome,,,56000,GAME19920606YGCD0008
1992,1992-06-06,Reg Season,Yomiuri Giants,Home,L,3,Chunichi Dragons,3,9,2,"0,1,0,0,0,0,0,2,0",8,Tokyo Dome,,,56000,GAME19920606YGCD0008
1992,1992-06-07,Reg Season,Hanshin Tigers,Away,L,2,Yokohama Taiyo Whales,2,7,4,"1,0,0,1,0,0,0,0,0",10,Maruyama Track and Field Stadium,,,28000,GAME19920607DBHT0010
1992,1992-06-07,Reg Season,Yokohama Taiyo Whales,Home,W,3,Hanshin Tigers,3,6,1,"1,0,0,1,0,1,0,0,x",10,Maruyama Track and Field Stadium,,,28000,GAME19920607DBHT0010
1992,1992-06-07,Reg Season,Yakult Swallows,Away,L,4,Hiroshima Toyo Carp,4,11,2,"0,0,0,1,0,1,0,0,2,0,0",8,Iwate Prefectural Baseball Field,,,23000,GAME19920607HCYS0008
1992,1992-06-07,Reg Season,Hiroshima Toyo Carp,Home,W,5,Yakult Swallows,5,9,0,"0,2,0,0,0,0,1,0,1,0,1x",8,Iwate Prefectural Baseball Field,,,23000,GAME19920607HCYS0008
1992,1992-06-07,Reg Season,Fukuoka Daiei Hawks,Away,L,3,Seibu Lions,3,5,0,"0,0,0,0,0,0,0,3,0",11,Belluna Dome,,,30000,GAME19920607SLSH0011
1992,1992-06-07,Reg Season,Seibu Lions,Home,W,5,Fukuoka Daiei Hawks,5,10,0,"1,0,2,1,0,0,0,1,x",11,Belluna Dome,,,30000,GAME19920607SLSH0011
1992,1992-06-07,Reg Season,Chunichi Dragons,Away,L,1,Yomiuri Giants,1,7,0,"0,0,0,0,0,0,0,0,1",9,Tokyo Dome,,,56000,GAME19920607YGCD0009
1992,1992-06-07,Reg Season,Yomiuri Giants,Home,W,7,Chunichi Dragons,7,14,0,"2,1,1,0,0,0,3,0,x",9,Tokyo Dome,,,56000,GAME19920607YGCD0009
1992,1992-06-09,Reg Season,Yakult Swallows,Away,L,0,Yokohama Taiyo Whales,0,7,0,"0,0,0,0,0,0,0,0,0",10,Yokohama Stadium,,,25000,GAME19920609DBYS0010
1992,1992-06-09,Reg Season,Yokohama Taiyo Whales,Home,W,5,Yakult Swallows,5,8,1,"2,0,1,0,0,2,0,0,x",10,Yokohama Stadium,,,25000,GAME19920609DBYS0010
1992,1992-06-09,Reg Season,Yomiuri Giants,Away,W,4,Hiroshima Toyo Carp,4,10,1,"0,0,4,0,0,0,0,0,0",7,Hiroshima citizens,,,18000,GAME19920609HCYG0007
1992,1992-06-09,Reg Season,Hiroshima Toyo Carp,Home,L,2,Yomiuri Giants,2,6,0,"0,0,0,0,1,1,0,0,0",7,Hiroshima citizens,,,18000,GAME19920609HCYG0007
1992,1992-06-09,Reg Season,Chunichi Dragons,Away,L,0,Hanshin Tigers,0,2,2,"0,0,0,0,0,0,0,0,0",8,Hanshin Koshien Stadium,,,33000,GAME19920609HTCD0008
1992,1992-06-09,Reg Season,Hanshin Tigers,Home,W,6,Chunichi Dragons,6,10,0,"2,0,1,0,0,0,3,0,x",8,Hanshin Koshien Stadium,,,33000,GAME19920609HTCD0008
1992,1992-06-09,Reg Season,Kintetsu Buffaloes,Away,L,1,Nippon-Ham Fighters,1,3,0,"1,0,0,0,0,0,0,0,0",10,Tokyo Dome,,,35000,GAME19920609NFKI0010
1992,1992-06-09,Reg Season,Nippon-Ham Fighters,Home,W,3,Kintetsu Buffaloes,3,9,1,"0,2,0,0,0,0,1,0,x",10,Tokyo Dome,,,35000,GAME19920609NFKI0010
1992,1992-06-09,Reg Season,Seibu Lions,Away,L,0,Orix Bluewave,0,8,1,"0,0,0,0,0,0,0,0,0",8,Kobe Athletic Park Baseball Field,,,19000,GAME19920609OBSL0008
1992,1992-06-09,Reg Season,Orix Bluewave,Home,W,2,Seibu Lions,2,6,1,"1,0,1,0,0,0,0,0,x",8,Kobe Athletic Park Baseball Field,,,19000,GAME19920609OBSL0008
1992,1992-06-09,Reg Season,Chiba Lotte Marines,Away,W,5,Fukuoka Daiei Hawks,5,11,0,"0,3,0,2,0,0,0,0,0",10,Heiwadai,,,20000,GAME19920609SHLM0010
1992,1992-06-09,Reg Season,Fukuoka Daiei Hawks,Home,L,2,Chiba Lotte Marines,2,9,2,"0,0,1,0,0,1,0,0,0",10,Heiwadai,,,20000,GAME19920609SHLM0010
1992,1992-06-10,Reg Season,Yakult Swallows,Away,W,7,Yokohama Taiyo Whales,7,10,0,"0,1,3,0,0,0,0,3,0",11,Yokohama Stadium,,,25000,GAME19920610DBYS0011
1992,1992-06-10,Reg Season,Yokohama Taiyo Whales,Home,L,1,Yakult Swallows,1,8,1,"0,0,0,1,0,0,0,0,0",11,Yokohama Stadium,,,25000,GAME19920610DBYS0011
1992,1992-06-10,Reg Season,Yomiuri Giants,Away,W,4,Hiroshima Toyo Carp,4,7,0,"0,0,0,0,0,0,0,0,4",8,Hiroshima citizens,,,18000,GAME19920610HCYG0008
1992,1992-06-10,Reg Season,Hiroshima Toyo Carp,Home,L,2,Yomiuri Giants,2,6,0,"1,0,0,0,0,0,1,0,0",8,Hiroshima citizens,,,18000,GAME19920610HCYG0008
1992,1992-06-10,Reg Season,Chunichi Dragons,Away,W,5,Hanshin Tigers,5,9,2,"0,2,0,0,0,0,0,1,0,0,2",9,Hanshin Koshien Stadium,,,36000,GAME19920610HTCD0009
1992,1992-06-10,Reg Season,Hanshin Tigers,Home,L,3,Chunichi Dragons,3,8,3,"0,0,3,0,0,0,0,0,0,0,0",9,Hanshin Koshien Stadium,,,36000,GAME19920610HTCD0009
1992,1992-06-10,Reg Season,Kintetsu Buffaloes,Away,L,0,Nippon-Ham Fighters,0,3,0,"0,0,0,0,0,0,0,0,0,0,0,0",11,Tokyo Dome,,,34000,GAME19920610NFKI0011
1992,1992-06-10,Reg Season,Nippon-Ham Fighters,Home,W,1,Kintetsu Buffaloes,1,7,0,"0,0,0,0,0,0,0,0,0,0,0,1x",11,Tokyo Dome,,,34000,GAME19920610NFKI0011
1992,1992-06-10,Reg Season,Seibu Lions,Away,W,10,Orix Bluewave,10,14,1,"0,1,2,0,0,0,0,0,7",9,Kobe Athletic Park Baseball Field,,,27000,GAME19920610OBSL0009
1992,1992-06-10,Reg Season,Orix Bluewave,Home,L,6,Seibu Lions,6,9,2,"0,3,0,0,0,0,0,3,0",9,Kobe Athletic Park Baseball Field,,,27000,GAME19920610OBSL0009
1992,1992-06-10,Reg Season,Chiba Lotte Marines,Away,L,2,Fukuoka Daiei Hawks,2,5,0,"0,0,1,0,0,1,0,0,0",11,Heiwadai,,,22000,GAME19920610SHLM0011
1992,1992-06-10,Reg Season,Fukuoka Daiei Hawks,Home,W,4,Chiba Lotte Marines,4,8,0,"0,0,0,4,0,0,0,0,x",11,Heiwadai,,,22000,GAME19920610SHLM0011
1992,1992-06-11,Reg Season,Yakult Swallows,Away,L,4,Yokohama Taiyo Whales,4,7,0,"0,0,0,0,3,1,0,0,0",12,Yokohama Stadium,,,21000,GAME19920611DBYS0012
1992,1992-06-11,Reg Season,Yokohama Taiyo Whales,Home,W,8,Yakult Swallows,8,10,1,"0,7,0,1,0,0,0,0,x",12,Yokohama Stadium,,,21000,GAME19920611DBYS0012
1992,1992-06-11,Reg Season,Yomiuri Giants,Away,W,4,Hiroshima Toyo Carp,4,9,1,"0,1,0,0,1,0,1,1,0",9,Hiroshima citizens,,,17000,GAME19920611HCYG0009
1992,1992-06-11,Reg Season,Hiroshima Toyo Carp,Home,L,0,Yomiuri Giants,0,6,2,"0,0,0,0,0,0,0,0,0",9,Hiroshima citizens,,,17000,GAME19920611HCYG0009
1992,1992-06-11,Reg Season,Chunichi Dragons,Away,L,0,Hanshin Tigers,0,6,0,"0,0,0,0,0,0,0,0,0",10,Hanshin Koshien Stadium,,,32000,GAME19920611HTCD0010
1992,1992-06-11,Reg Season,Hanshin Tigers,Home,W,1,Chunichi Dragons,1,5,0,"0,0,0,0,0,0,0,0,1x",10,Hanshin Koshien Stadium,,,32000,GAME19920611HTCD0010
1992,1992-06-11,Reg Season,Kintetsu Buffaloes,Away,L,1,Nippon-Ham Fighters,1,4,0,"0,0,0,0,0,1,0,0,0",12,Tokyo Dome,,,34000,GAME19920611NFKI0012
1992,1992-06-11,Reg Season,Nippon-Ham Fighters,Home,W,3,Kintetsu Buffaloes,3,8,2,"2,0,1,0,0,0,0,0,x",12,Tokyo Dome,,,34000,GAME19920611NFKI0012
1992,1992-06-11,Reg Season,Seibu Lions,Away,L,3,Orix Bluewave,3,8,1,"1,1,0,0,0,0,0,0,1",10,Kobe Athletic Park Baseball Field,,,21000,GAME19920611OBSL0010
1992,1992-06-11,Reg Season,Orix Bluewave,Home,W,4,Seibu Lions,4,8,0,"0,0,0,3,0,0,0,1,x",10,Kobe Athletic Park Baseball Field,,,21000,GAME19920611OBSL0010
1992,1992-06-11,Reg Season,Chiba Lotte Marines,Away,W,10,Fukuoka Daiei Hawks,10,18,0,"0,0,0,3,3,1,2,0,1",12,Heiwadai,,,18000,GAME19920611SHLM0012
1992,1992-06-11,Reg Season,Fukuoka Daiei Hawks,Home,L,7,Chiba Lotte Marines,7,9,0,"0,0,0,0,0,0,0,5,2",12,Heiwadai,,,18000,GAME19920611SHLM0012
1992,1992-06-12,Reg Season,Yokohama Taiyo Whales,Away,W,8,Chunichi Dragons,8,16,0,"0,0,0,0,4,1,0,0,3",10,Nagoya,,,34000,GAME19920612CDDB0010
1992,1992-06-12,Reg Season,Chunichi Dragons,Home,L,1,Yokohama Taiyo Whales,1,8,0,"1,0,0,0,0,0,0,0,0",10,Nagoya,,,34000,GAME19920612CDDB0010
1992,1992-06-12,Reg Season,Hiroshima Toyo Carp,Away,W,3,Hanshin Tigers,3,12,1,"0,0,0,0,0,1,0,2,0",12,Hanshin Koshien Stadium,,,40000,GAME19920612HTHC0012
1992,1992-06-12,Reg Season,Hanshin Tigers,Home,L,1,Hiroshima Toyo Carp,1,5,1,"0,0,0,1,0,0,0,0,0",12,Hanshin Koshien Stadium,,,40000,GAME19920612HTHC0012
1992,1992-06-12,Reg Season,Orix Bluewave,Away,W,4,Chiba Lotte Marines,4,10,0,"0,0,0,0,0,1,0,2,1",8,ZOZO Marine Stadium,,,18000,GAME19920612LMOB0008
1992,1992-06-12,Reg Season,Chiba Lotte Marines,Home,L,2,Orix Bluewave,2,7,0,"0,0,0,0,1,0,0,0,1",8,ZOZO Marine Stadium,,,18000,GAME19920612LMOB0008
1992,1992-06-12,Reg Season,Kintetsu Buffaloes,Away,W,12,Fukuoka Daiei Hawks,12,10,0,"0,3,2,7,0,0,0,0,0",8,Heiwadai,,,24000,GAME19920612SHKI0008
1992,1992-06-12,Reg Season,Fukuoka Daiei Hawks,Home,L,6,Kintetsu Buffaloes,6,13,3,"0,2,0,0,1,1,0,0,2",8,Heiwadai,,,24000,GAME19920612SHKI0008
1992,1992-06-13,Reg Season,Yokohama Taiyo Whales,Away,L,4,Chunichi Dragons,4,7,2,"0,0,0,1,1,1,0,1,0",11,Nagoya,,,35000,GAME19920613CDDB0011
1992,1992-06-13,Reg Season,Chunichi Dragons,Home,W,6,Yokohama Taiyo Whales,6,4,1,"0,4,0,1,0,0,0,1,x",11,Nagoya,,,35000,GAME19920613CDDB0011
1992,1992-06-13,Reg Season,Hiroshima Toyo Carp,Away,W,4,Hanshin Tigers,4,15,0,"0,0,0,0,2,0,0,0,0,0,0,2",13,Hanshin Koshien Stadium,,,55000,GAME19920613HTHC0013
1992,1992-06-13,Reg Season,Hanshin Tigers,Home,L,2,Hiroshima Toyo Carp,2,11,0,"0,0,0,0,0,2,0,0,0,0,0,0",13,Hanshin Koshien Stadium,,,55000,GAME19920613HTHC0013
1992,1992-06-13,Reg Season,Orix Bluewave,Away,T,2,Chiba Lotte Marines,2,8,2,"0,0,0,2,0,0,0,0,0,0,0,0",9,ZOZO Marine Stadium,,,21000,GAME19920613LMOB0009
1992,1992-06-13,Reg Season,Chiba Lotte Marines,Home,T,2,Orix Bluewave,2,9,0,"0,0,0,1,0,0,0,1,0,0,0,0",9,ZOZO Marine Stadium,,,21000,GAME19920613LMOB0009
1992,1992-06-13,Reg Season,Kintetsu Buffaloes,Away,W,12,Fukuoka Daiei Hawks,12,14,1,"4,0,1,5,1,0,0,1,0",9,Heiwadai,,,34000,GAME19920613SHKI0009
1992,1992-06-13,Reg Season,Fukuoka Daiei Hawks,Home,L,7,Kintetsu Buffaloes,7,14,0,"4,0,0,0,0,2,0,0,1",9,Heiwadai,,,34000,GAME19920613SHKI0009
1992,1992-06-13,Reg Season,Nippon-Ham Fighters,Away,L,3,Seibu Lions,3,9,1,"0,0,1,0,0,0,2,0,0",9,Belluna Dome,,,30000,GAME19920613SLNF0009
1992,1992-06-13,Reg Season,Seibu Lions,Home,W,8,Nippon-Ham Fighters,8,12,0,"2,0,2,0,0,0,1,3,x",9,Belluna Dome,,,30000,GAME19920613SLNF0009
1992,1992-06-13,Reg Season,Yakult Swallows,Away,L,3,Yomiuri Giants,3,6,0,"0,0,0,0,0,0,0,0,3",10,Tokyo Dome,,,56000,GAME19920613YGYS0010
1992,1992-06-13,Reg Season,Yomiuri Giants,Home,W,7,Yakult Swallows,7,11,1,"0,0,0,0,0,0,1,6,x",10,Tokyo Dome,,,56000,GAME19920613YGYS0010
1992,1992-06-14,Reg Season,Yokohama Taiyo Whales,Away,W,5,Chunichi Dragons,5,9,0,"1,0,0,0,1,0,0,3,0",12,Hamamatsu Baseball Stadium,,,20000,GAME19920614CDDB0012
1992,1992-06-14,Reg Season,Chunichi Dragons,Home,L,0,Yokohama Taiyo Whales,0,6,2,"0,0,0,0,0,0,0,0,0",12,Hamamatsu Baseball Stadium,,,20000,GAME19920614CDDB0012
1992,1992-06-14,Reg Season,Hiroshima Toyo Carp,Away,L,0,Hanshin Tigers,0,0,0,"0,0,0,0,0,0,0,0,0",14,Hanshin Koshien Stadium,,,50000,GAME19920614HTHC0014
1992,1992-06-14,Reg Season,Hanshin Tigers,Home,W,6,Hiroshima Toyo Carp,6,11,0,"0,0,0,2,3,0,0,1,x",14,Hanshin Koshien Stadium,,,50000,GAME19920614HTHC0014
1992,1992-06-14,Reg Season,Orix Bluewave,Away,L,1,Chiba Lotte Marines,1,4,1,"0,0,1,0,0,0,0,0,0",10,ZOZO Marine Stadium,,,25000,GAME19920614LMOB0010
1992,1992-06-14,Reg Season,Chiba Lotte Marines,Home,W,2,Orix Bluewave,2,6,1,"2,0,0,0,0,0,0,0,x",10,ZOZO Marine Stadium,,,25000,GAME19920614LMOB0010
1992,1992-06-14,Reg Season,Nippon-Ham Fighters,Away,L,0,Seibu Lions,0,5,0,"0,0,0,0,0,0,0,0,0",10,Belluna Dome,,,30000,GAME19920614SLNF0010
1992,1992-06-14,Reg Season,Seibu Lions,Home,W,6,Nippon-Ham Fighters,6,7,0,"0,0,0,1,0,2,0,3,x",10,Belluna Dome,,,30000,GAME19920614SLNF0010
1992,1992-06-14,Reg Season,Yakult Swallows,Away,L,4,Yomiuri Giants,4,11,2,"1,2,1,0,0,0,0,0,0",11,Tokyo Dome,,,56000,GAME19920614YGYS0011
1992,1992-06-14,Reg Season,Yomiuri Giants,Home,W,7,Yakult Swallows,7,9,0,"0,1,3,2,1,0,0,0,x",11,Tokyo Dome,,,56000,GAME19920614YGYS0011
1992,1992-06-16,Reg Season,Yomiuri Giants,Away,W,2,Chunichi Dragons,2,8,1,"0,0,0,0,0,0,1,0,0,0,1",10,Nagoya,,,35000,GAME19920616CDYG0010
1992,1992-06-16,Reg Season,Chunichi Dragons,Home,L,1,Yomiuri Giants,1,6,1,"0,0,0,0,0,1,0,0,0,0,0",10,Nagoya,,,35000,GAME19920616CDYG0010
1992,1992-06-16,Reg Season,Yokohama Taiyo Whales,Away,W,7,Hiroshima Toyo Carp,7,11,1,"0,0,2,0,5,0,0,0,0",12,Fukuyama citizen (former),,,12000,GAME19920616HCDB0012
1992,1992-06-16,Reg Season,Hiroshima Toyo Carp,Home,L,5,Yokohama Taiyo Whales,5,8,0,"1,1,2,0,1,0,0,0,0",12,Fukuyama citizen (former),,,12000,GAME19920616HCDB0012
1992,1992-06-16,Reg Season,Nippon-Ham Fighters,Away,W,3,Kintetsu Buffaloes,3,6,0,"0,0,1,0,0,0,2,0,0",13,Fujiidera,,,15000,GAME19920616KINF0013
1992,1992-06-16,Reg Season,Kintetsu Buffaloes,Home,L,1,Nippon-Ham Fighters,1,6,0,"0,0,1,0,0,0,0,0,0",13,Fujiidera,,,15000,GAME19920616KINF0013
1992,1992-06-16,Reg Season,Fukuoka Daiei Hawks,Away,W,12,Orix Bluewave,12,13,1,"0,5,0,0,1,0,4,2,0",13,Kobe Athletic Park Baseball Field,,,13000,GAME19920616OBSH0013
1992,1992-06-16,Reg Season,Orix Bluewave,Home,L,3,Fukuoka Daiei Hawks,3,5,1,"0,0,0,0,0,1,1,0,1",13,Kobe Athletic Park Baseball Field,,,13000,GAME19920616OBSH0013
1992,1992-06-16,Reg Season,Chiba Lotte Marines,Away,W,8,Seibu Lions,8,9,2,"2,1,1,0,0,1,0,1,2",11,Belluna Dome,,,25000,GAME19920616SLLM0011
1992,1992-06-16,Reg Season,Seibu Lions,Home,L,3,Chiba Lotte Marines,3,5,0,"0,0,0,1,0,0,0,2,0",11,Belluna Dome,,,25000,GAME19920616SLLM0011
1992,1992-06-16,Reg Season,Hanshin Tigers,Away,L,2,Yakult Swallows,2,7,1,"0,0,0,0,0,0,0,2,0",8,Meiji Jingu Stadium,,,48000,GAME19920616YSHT0008
1992,1992-06-16,Reg Season,Yakult Swallows,Home,W,8,Hanshin Tigers,8,10,1,"4,0,1,0,0,0,3,0,x",8,Meiji Jingu Stadium,,,48000,GAME19920616YSHT0008
1992,1992-06-17,Reg Season,Yomiuri Giants,Away,W,7,Chunichi Dragons,7,15,1,"0,3,1,2,0,0,1,0,0",11,Nagoya,,,35000,GAME19920617CDYG0011
1992,1992-06-17,Reg Season,Chunichi Dragons,Home,L,3,Yomiuri Giants,3,9,0,"1,0,1,0,1,0,0,0,0",11,Nagoya,,,35000,GAME19920617CDYG0011
1992,1992-06-17,Reg Season,Yokohama Taiyo Whales,Away,L,4,Hiroshima Toyo Carp,4,10,0,"0,0,0,0,0,0,0,1,3",13,Hiroshima citizens,,,12000,GAME19920617HCDB0013
1992,1992-06-17,Reg Season,Hiroshima Toyo Carp,Home,W,7,Yokohama Taiyo Whales,7,10,0,"0,2,0,0,3,0,2,0,x",13,Hiroshima citizens,,,12000,GAME19920617HCDB0013
1992,1992-06-17,Reg Season,Nippon-Ham Fighters,Away,W,5,Kintetsu Buffaloes,5,12,1,"0,0,0,0,2,0,0,3,0",14,Fujiidera,,,12000,GAME19920617KINF0014
1992,1992-06-17,Reg Season,Kintetsu Buffaloes,Home,L,3,Nippon-Ham Fighters,3,9,1,"1,0,0,1,1,0,0,0,0",14,Fujiidera,,,12000,GAME19920617KINF0014
1992,1992-06-17,Reg Season,Fukuoka Daiei Hawks,Away,L,4,Orix Bluewave,4,8,0,"0,1,2,0,1,0,0,0,0",14,Kobe Athletic Park Baseball Field,,,13000,GAME19920617OBSH0014
1992,1992-06-17,Reg Season,Orix Bluewave,Home,W,6,Fukuoka Daiei Hawks,6,11,0,"3,0,1,0,1,0,1,0,x",14,Kobe Athletic Park Baseball Field,,,13000,GAME19920617OBSH0014
1992,1992-06-17,Reg Season,Hanshin Tigers,Away,L,3,Yakult Swallows,3,5,3,"0,0,0,0,3,0,0,0,0",9,Meiji Jingu Stadium,,,48000,GAME19920617YSHT0009
1992,1992-06-17,Reg Season,Yakult Swallows,Home,W,10,Hanshin Tigers,10,10,1,"1,2,1,1,3,1,0,1,x",9,Meiji Jingu Stadium,,,48000,GAME19920617YSHT0009
1992,1992-06-18,Reg Season,Yomiuri Giants,Away,W,9,Chunichi Dragons,9,12,3,"0,3,2,0,1,0,3,0,0",12,Nagoya,,,35000,GAME19920618CDYG0012
1992,1992-06-18,Reg Season,Chunichi Dragons,Home,L,5,Yomiuri Giants,5,12,2,"0,0,0,0,1,1,2,0,1",12,Nagoya,,,35000,GAME19920618CDYG0012
1992,1992-06-18,Reg Season,Yokohama Taiyo Whales,Away,W,7,Hiroshima Toyo Carp,7,10,0,"1,4,0,0,2,0,0,0,0",14,Hiroshima citizens,,,9000,GAME19920618HCDB0014
1992,1992-06-18,Reg Season,Hiroshima Toyo Carp,Home,L,4,Yokohama Taiyo Whales,4,8,1,"0,1,1,2,0,0,0,0,0",14,Hiroshima citizens,,,9000,GAME19920618HCDB0014
1992,1992-06-18,Reg Season,Nippon-Ham Fighters,Away,W,5,Kintetsu Buffaloes,5,7,0,"0,0,0,2,3,0,0,0,0",15,Fujiidera,,,14000,GAME19920618KINF0015
1992,1992-06-18,Reg Season,Kintetsu Buffaloes,Home,L,3,Nippon-Ham Fighters,3,5,0,"0,0,0,0,3,0,0,0,0",15,Fujiidera,,,14000,GAME19920618KINF0015
1992,1992-06-18,Reg Season,Fukuoka Daiei Hawks,Away,L,6,Orix Bluewave,6,10,0,"0,3,0,0,0,1,1,0,1",15,Kobe Athletic Park Baseball Field,,,15000,GAME19920618OBSH0015
1992,1992-06-18,Reg Season,Orix Bluewave,Home,W,13,Fukuoka Daiei Hawks,13,20,0,"4,0,2,0,0,2,0,5,x",15,Kobe Athletic Park Baseball Field,,,15000,GAME19920618OBSH0015
1992,1992-06-18,Reg Season,Hanshin Tigers,Away,W,2,Yakult Swallows,2,7,0,"0,0,0,0,0,0,1,1,0",10,Meiji Jingu Stadium,,,46000,GAME19920618YSHT0010
1992,1992-06-18,Reg Season,Yakult Swallows,Home,L,1,Hanshin Tigers,1,6,1,"1,0,0,0,0,0,0,0,0",10,Meiji Jingu Stadium,,,46000,GAME19920618YSHT0010
1992,1992-06-19,Reg Season,Chunichi Dragons,Away,W,6,Hiroshima Toyo Carp,6,13,0,"1,0,1,2,0,0,0,1,1",11,Hiroshima citizens,,,11000,GAME19920619HCCD0011
1992,1992-06-19,Reg Season,Hiroshima Toyo Carp,Home,L,3,Chunichi Dragons,3,11,1,"2,0,0,0,0,0,1,0,0",11,Hiroshima citizens,,,11000,GAME19920619HCCD0011
1992,1992-06-19,Reg Season,Yomiuri Giants,Away,W,2,Hanshin Tigers,2,6,0,"0,0,0,0,1,0,0,0,1",13,Hanshin Koshien Stadium,,,54000,GAME19920619HTYG0013
1992,1992-06-19,Reg Season,Hanshin Tigers,Home,L,1,Yomiuri Giants,1,7,0,"0,0,0,1,0,0,0,0,0",13,Hanshin Koshien Stadium,,,54000,GAME19920619HTYG0013
1992,1992-06-19,Reg Season,Seibu Lions,Away,T,5,Kintetsu Buffaloes,5,12,0,"0,1,2,1,0,0,1,0,0",10,Fujiidera,,,30000,GAME19920619KISL0010
1992,1992-06-19,Reg Season,Kintetsu Buffaloes,Home,T,5,Seibu Lions,5,10,2,"1,2,0,0,0,0,2,0,0",10,Fujiidera,,,30000,GAME19920619KISL0010
1992,1992-06-19,Reg Season,Fukuoka Daiei Hawks,Away,L,1,Chiba Lotte Marines,1,3,3,"1,0,0,0,0,0,0,0,0",13,ZOZO Marine Stadium,,,18000,GAME19920619LMSH0013
1992,1992-06-19,Reg Season,Chiba Lotte Marines,Home,W,3,Fukuoka Daiei Hawks,3,7,0,"1,0,0,1,0,0,0,1,x",13,ZOZO Marine Stadium,,,18000,GAME19920619LMSH0013
1992,1992-06-19,Reg Season,Orix Bluewave,Away,W,6,Nippon-Ham Fighters,6,9,1,"0,2,0,1,0,1,2,0,0",11,Tokyo Dome,,,32000,GAME19920619NFOB0011
1992,1992-06-19,Reg Season,Nippon-Ham Fighters,Home,L,3,Orix Bluewave,3,6,1,"0,0,1,0,0,0,2,0,0",11,Tokyo Dome,,,32000,GAME19920619NFOB0011
1992,1992-06-20,Reg Season,Chunichi Dragons,Away,L,0,Hiroshima Toyo Carp,0,6,2,"0,0,0,0,0,0,0,0,0",12,Hiroshima citizens,,,32000,GAME19920620HCCD0012
1992,1992-06-20,Reg Season,Hiroshima Toyo Carp,Home,W,10,Chunichi Dragons,10,13,0,"2,1,0,0,0,0,7,0,x",12,Hiroshima citizens,,,32000,GAME19920620HCCD0012
1992,1992-06-20,Reg Season,Yomiuri Giants,Away,L,1,Hanshin Tigers,1,6,1,"0,0,0,0,1,0,0,0,0",14,Hanshin Koshien Stadium,,,55000,GAME19920620HTYG0014
1992,1992-06-20,Reg Season,Hanshin Tigers,Home,W,3,Yomiuri Giants,3,7,1,"0,0,0,0,3,0,0,0,x",14,Hanshin Koshien Stadium,,,55000,GAME19920620HTYG0014
1992,1992-06-20,Reg Season,Orix Bluewave,Away,L,4,Nippon-Ham Fighters,4,10,0,"0,1,0,0,0,0,1,2,0",12,Tokyo Dome,,,36000,GAME19920620NFOB0012
1992,1992-06-20,Reg Season,Nippon-Ham Fighters,Home,W,5,Orix Bluewave,5,9,0,"1,0,0,2,1,1,0,0,x",12,Tokyo Dome,,,36000,GAME19920620NFOB0012
1992,1992-06-21,Reg Season,Yakult Swallows,Away,W,6,Yokohama Taiyo Whales,6,12,0,"0,0,1,0,0,0,0,5,0",13,Yokohama Stadium,,,29000,GAME19920621DBYS0013
1992,1992-06-21,Reg Season,Yokohama Taiyo Whales,Home,L,1,Yakult Swallows,1,6,0,"0,0,0,0,0,1,0,0,0",13,Yokohama Stadium,,,29000,GAME19920621DBYS0013
1992,1992-06-21,Reg Season,Chunichi Dragons,Away,W,4,Hiroshima Toyo Carp,4,9,0,"0,2,0,0,0,0,0,1,1",13,Hiroshima citizens,,,17000,GAME19920621HCCD0013
1992,1992-06-21,Reg Season,Hiroshima Toyo Carp,Home,L,2,Chunichi Dragons,2,8,1,"2,0,0,0,0,0,0,0,0",13,Hiroshima citizens,,,17000,GAME19920621HCCD0013
1992,1992-06-21,Reg Season,Yomiuri Giants,Away,W,6,Hanshin Tigers,6,10,0,"0,0,0,0,0,6,0,0,0",15,Hanshin Koshien Stadium,,,55000,GAME19920621HTYG0015
1992,1992-06-21,Reg Season,Hanshin Tigers,Home,L,4,Yomiuri Giants,4,11,1,"0,4,0,0,0,0,0,0,0",15,Hanshin Koshien Stadium,,,55000,GAME19920621HTYG0015
1992,1992-06-21,Reg Season,Seibu Lions,Away,L,5,Kintetsu Buffaloes,5,8,0,"1,0,0,0,0,4,0,0,0",11,Fujiidera,,,32000,GAME19920621KISL0011
1992,1992-06-21,Reg Season,Kintetsu Buffaloes,Home,W,7,Seibu Lions,7,10,1,"0,0,0,2,1,4,0,0,x",11,Fujiidera,,,32000,GAME19920621KISL0011
1992,1992-06-21,Reg Season,Fukuoka Daiei Hawks,Away,W,2,Chiba Lotte Marines,2,3,1,"0,0,2,0,0,0,0,0,0",14,ZOZO Marine Stadium,,,29000,GAME19920621LMSH0014
1992,1992-06-21,Reg Season,Chiba Lotte Marines,Home,L,0,Fukuoka Daiei Hawks,0,5,1,"0,0,0,0,0,0,0,0,0",14,ZOZO Marine Stadium,,,29000,GAME19920621LMSH0014
1992,1992-06-21,Reg Season,Orix Bluewave,Away,L,1,Nippon-Ham Fighters,1,4,0,"0,0,1,0,0,0,0,0,0",13,Tokyo Dome,,,33000,GAME19920621NFOB0013
1992,1992-06-21,Reg Season,Nippon-Ham Fighters,Home,W,2,Orix Bluewave,2,7,1,"2,0,0,0,0,0,0,0,x",13,Tokyo Dome,,,33000,GAME19920621NFOB0013
1992,1992-06-23,Reg Season,Chiba Lotte Marines,Away,L,1,Nippon-Ham Fighters,1,6,1,"0,0,1,0,0,0,0,0,0",11,Tokyo Dome,,,28000,GAME19920623NFLM0011
1992,1992-06-23,Reg Season,Nippon-Ham Fighters,Home,W,2,Chiba Lotte Marines,2,6,0,"0,0,0,0,0,1,1,0,x",11,Tokyo Dome,,,28000,GAME19920623NFLM0011
1992,1992-06-24,Reg Season,Hanshin Tigers,Away,W,6,Yokohama Taiyo Whales,6,12,0,"0,0,0,1,0,1,0,1,3",11,Yokohama Stadium,,,28000,GAME19920624DBHT0011
1992,1992-06-24,Reg Season,Yokohama Taiyo Whales,Home,L,1,Hanshin Tigers,1,4,2,"0,0,0,0,1,0,0,0,0",11,Yokohama Stadium,,,28000,GAME19920624DBHT0011
1992,1992-06-24,Reg Season,Yomiuri Giants,Away,W,5,Hiroshima Toyo Carp,5,7,0,"2,1,0,1,1,0,0,0,0",10,Hiroshima citizens,,,20000,GAME19920624HCYG0010
1992,1992-06-24,Reg Season,Hiroshima Toyo Carp,Home,L,0,Yomiuri Giants,0,4,2,"0,0,0,0,0,0,0,0,0",10,Hiroshima citizens,,,20000,GAME19920624HCYG0010
1992,1992-06-24,Reg Season,Chiba Lotte Marines,Away,L,0,Nippon-Ham Fighters,0,3,2,"0,0,0,0,0,0,0,0,0",12,Tokyo Dome,,,28000,GAME19920624NFLM0012
1992,1992-06-24,Reg Season,Nippon-Ham Fighters,Home,W,1,Chiba Lotte Marines,1,8,0,"1,0,0,0,0,0,0,0,x",12,Tokyo Dome,,,28000,GAME19920624NFLM0012
1992,1992-06-24,Reg Season,Kintetsu Buffaloes,Away,L,0,Orix Bluewave,0,4,1,"0,0,0,0,0,0,0,0,0",12,Kobe Athletic Park Baseball Field,,,22000,GAME19920624OBKI0012
1992,1992-06-24,Reg Season,Orix Bluewave,Home,W,8,Kintetsu Buffaloes,8,11,0,"1,1,0,1,1,0,4,0,x",12,Kobe Athletic Park Baseball Field,,,22000,GAME19920624OBKI0012
1992,1992-06-24,Reg Season,Fukuoka Daiei Hawks,Away,L,1,Seibu Lions,1,6,0,"0,0,1,0,0,0,0,0,0",12,Belluna Dome,,,18000,GAME19920624SLSH0012
1992,1992-06-24,Reg Season,Seibu Lions,Home,W,3,Fukuoka Daiei Hawks,3,6,0,"0,0,0,3,0,0,0,0,x",12,Belluna Dome,,,18000,GAME19920624SLSH0012
1992,1992-06-24,Reg Season,Chunichi Dragons,Away,W,3,Yakult Swallows,3,9,0,"0,0,0,0,0,2,0,1,0",11,Meiji Jingu Stadium,,,32000,GAME19920624YSCD0011
1992,1992-06-24,Reg Season,Yakult Swallows,Home,L,2,Chunichi Dragons,2,5,1,"0,0,0,0,2,0,0,0,0",11,Meiji Jingu Stadium,,,32000,GAME19920624YSCD0011
1992,1992-06-25,Reg Season,Hanshin Tigers,Away,L,0,Yokohama Taiyo Whales,0,9,0,"0,0,0,0,0,0,0,0,0,0,0,0,0,0",12,Yokohama Stadium,,,30000,GAME19920625DBHT0012
1992,1992-06-25,Reg Season,Yokohama Taiyo Whales,Home,W,1,Hanshin Tigers,1,9,1,"0,0,0,0,0,0,0,0,0,0,0,0,0,1x",12,Yokohama Stadium,,,30000,GAME19920625DBHT0012
1992,1992-06-25,Reg Season,Yomiuri Giants,Away,W,5,Hiroshima Toyo Carp,5,11,0,"0,0,3,2,0,0,0,0,0",11,Hiroshima citizens,,,18000,GAME19920625HCYG0011
1992,1992-06-25,Reg Season,Hiroshima Toyo Carp,Home,L,3,Yomiuri Giants,3,9,1,"1,0,0,0,0,2,0,0,0",11,Hiroshima citizens,,,18000,GAME19920625HCYG0011
1992,1992-06-25,Reg Season,Chiba Lotte Marines,Away,W,2,Nippon-Ham Fighters,2,6,0,"0,0,0,0,0,0,0,2,0",13,Tokyo Dome,,,25000,GAME19920625NFLM0013
1992,1992-06-25,Reg Season,Nippon-Ham Fighters,Home,L,0,Chiba Lotte Marines,0,2,1,"0,0,0,0,0,0,0,0,0",13,Tokyo Dome,,,25000,GAME19920625NFLM0013
1992,1992-06-25,Reg Season,Kintetsu Buffaloes,Away,W,7,Orix Bluewave,7,14,0,"2,2,0,0,0,1,2,0,0",13,Kobe Athletic Park Baseball Field,,,20000,GAME19920625OBKI0013
1992,1992-06-25,Reg Season,Orix Bluewave,Home,L,3,Kintetsu Buffaloes,3,9,0,"0,1,0,0,0,2,0,0,0",13,Kobe Athletic Park Baseball Field,,,20000,GAME19920625OBKI0013
1992,1992-06-25,Reg Season,Fukuoka Daiei Hawks,Away,L,6,Seibu Lions,6,9,2,"0,1,1,0,0,2,0,2,0",13,Belluna Dome,,,27000,GAME19920625SLSH0013
1992,1992-06-25,Reg Season,Seibu Lions,Home,W,10,Fukuoka Daiei Hawks,10,13,2,"0,2,5,0,2,1,0,0,x",13,Belluna Dome,,,27000,GAME19920625SLSH0013
1992,1992-06-25,Reg Season,Chunichi Dragons,Away,L,0,Yakult Swallows,0,2,2,"0,0,0,0,0,0,0,0,0",12,Meiji Jingu Stadium,,,34000,GAME19920625YSCD0012
1992,1992-06-25,Reg Season,Yakult Swallows,Home,W,7,Chunichi Dragons,7,16,1,"0,2,0,1,1,0,0,3,x",12,Meiji Jingu Stadium,,,34000,GAME19920625YSCD0012
1992,1992-06-26,Reg Season,Chunichi Dragons,Away,L,4,Hanshin Tigers,4,11,1,"0,0,0,1,0,0,0,2,1",11,Hanshin Koshien Stadium,,,38000,GAME19920626HTCD0011
1992,1992-06-26,Reg Season,Hanshin Tigers,Home,W,5,Chunichi Dragons,5,6,0,"0,0,3,0,0,0,2,0,x",11,Hanshin Koshien Stadium,,,38000,GAME19920626HTCD0011
1992,1992-06-26,Reg Season,Chiba Lotte Marines,Away,L,0,Kintetsu Buffaloes,0,3,1,"0,0,0,0,0,0,0,0,0",10,Nagoya,,,15000,GAME19920626KILM0010
1992,1992-06-26,Reg Season,Kintetsu Buffaloes,Home,W,1,Chiba Lotte Marines,1,5,0,"1,0,0,0,0,0,0,0,x",10,Nagoya,,,15000,GAME19920626KILM0010
1992,1992-06-26,Reg Season,Nippon-Ham Fighters,Away,L,3,Fukuoka Daiei Hawks,3,6,0,"2,0,0,1,0,0,0,0,0",10,Heiwadai,,,24000,GAME19920626SHNF0010
1992,1992-06-26,Reg Season,Fukuoka Daiei Hawks,Home,W,5,Nippon-Ham Fighters,5,11,2,"2,0,0,0,2,0,0,1,x",10,Heiwadai,,,24000,GAME19920626SHNF0010
1992,1992-06-26,Reg Season,Orix Bluewave,Away,W,4,Seibu Lions,4,8,0,"0,1,0,0,0,2,0,1,0",11,Belluna Dome,,,20000,GAME19920626SLOB0011
1992,1992-06-26,Reg Season,Seibu Lions,Home,L,3,Orix Bluewave,3,5,0,"2,0,0,0,1,0,0,0,0",11,Belluna Dome,,,20000,GAME19920626SLOB0011
1992,1992-06-27,Reg Season,Chunichi Dragons,Away,L,6,Hanshin Tigers,6,16,2,"1,0,0,0,0,1,0,0,4",12,Hanshin Koshien Stadium,,,50000,GAME19920627HTCD0012
1992,1992-06-27,Reg Season,Hanshin Tigers,Home,W,11,Chunichi Dragons,11,15,1,"5,0,0,3,2,0,1,0,x",12,Hanshin Koshien Stadium,,,50000,GAME19920627HTCD0012
1992,1992-06-27,Reg Season,Chiba Lotte Marines,Away,W,3,Kintetsu Buffaloes,3,4,0,"0,0,0,2,0,0,0,0,1",11,Nagoya,,,22000,GAME19920627KILM0011
1992,1992-06-27,Reg Season,Kintetsu Buffaloes,Home,L,1,Chiba Lotte Marines,1,3,2,"0,0,0,0,0,0,1,0,0",11,Nagoya,,,22000,GAME19920627KILM0011
1992,1992-06-27,Reg Season,Nippon-Ham Fighters,Away,W,4,Fukuoka Daiei Hawks,4,9,0,"0,0,2,0,2,0,0,0,0",11,Heiwadai,,,28000,GAME19920627SHNF0011
1992,1992-06-27,Reg Season,Fukuoka Daiei Hawks,Home,L,2,Nippon-Ham Fighters,2,8,2,"0,2,0,0,0,0,0,0,0",11,Heiwadai,,,28000,GAME19920627SHNF0011
1992,1992-06-27,Reg Season,Orix Bluewave,Away,L,3,Seibu Lions,3,7,2,"0,0,0,0,2,1,0,0,0",12,Belluna Dome,,,32000,GAME19920627SLOB0012
1992,1992-06-27,Reg Season,Seibu Lions,Home,W,5,Orix Bluewave,5,7,1,"2,0,0,0,0,2,1,0,x",12,Belluna Dome,,,32000,GAME19920627SLOB0012
1992,1992-06-27,Reg Season,Yokohama Taiyo Whales,Away,L,1,Yomiuri Giants,1,6,0,"0,0,0,0,1,0,0,0,0",12,Tokyo Dome,,,56000,GAME19920627YGDB0012
1992,1992-06-27,Reg Season,Yomiuri Giants,Home,W,4,Yokohama Taiyo Whales,4,11,0,"0,1,1,0,0,2,0,0,x",12,Tokyo Dome,,,56000,GAME19920627YGDB0012
1992,1992-06-27,Reg Season,Hiroshima Toyo Carp,Away,L,6,Yakult Swallows,6,7,2,"3,0,0,0,2,1,0,0,0",9,Maruyama Track and Field Stadium,,,28000,GAME19920627YSHC0009
1992,1992-06-27,Reg Season,Yakult Swallows,Home,W,11,Hiroshima Toyo Carp,11,17,3,"1,0,0,6,0,1,1,2,x",9,Maruyama Track and Field Stadium,,,28000,GAME19920627YSHC0009
1992,1992-06-28,Reg Season,Chunichi Dragons,Away,W,9,Hanshin Tigers,9,12,0,"4,0,0,0,0,1,0,0,4",13,Hanshin Koshien Stadium,,,48000,GAME19920628HTCD0013
1992,1992-06-28,Reg Season,Hanshin Tigers,Home,L,7,Chunichi Dragons,7,13,2,"0,0,1,0,0,0,3,3,0",13,Hanshin Koshien Stadium,,,48000,GAME19920628HTCD0013
1992,1992-06-28,Reg Season,Chiba Lotte Marines,Away,W,6,Kintetsu Buffaloes,6,9,1,"0,0,0,5,1,0,0,0,0",12,Nagoya,,,26000,GAME19920628KILM0012
1992,1992-06-28,Reg Season,Kintetsu Buffaloes,Home,L,4,Chiba Lotte Marines,4,6,1,"1,0,0,0,0,0,0,3,0",12,Nagoya,,,26000,GAME19920628KILM0012
1992,1992-06-28,Reg Season,Nippon-Ham Fighters,Away,L,4,Fukuoka Daiei Hawks,4,9,3,"1,0,0,0,0,1,0,1,1",12,Heiwadai,,,25000,GAME19920628SHNF0012
1992,1992-06-28,Reg Season,Fukuoka Daiei Hawks,Home,W,9,Nippon-Ham Fighters,9,10,1,"0,0,0,3,2,3,0,1,x",12,Heiwadai,,,25000,GAME19920628SHNF0012
1992,1992-06-28,Reg Season,Orix Bluewave,Away,L,0,Seibu Lions,0,1,2,"0,0,0,0,0,0,0,0,0",13,Belluna Dome,,,31000,GAME19920628SLOB0013
1992,1992-06-28,Reg Season,Seibu Lions,Home,W,8,Orix Bluewave,8,13,0,"0,0,2,0,0,1,4,1,x",13,Belluna Dome,,,31000,GAME19920628SLOB0013
1992,1992-06-28,Reg Season,Yokohama Taiyo Whales,Away,W,7,Yomiuri Giants,7,10,0,"0,0,0,0,1,5,0,1,0",13,Tokyo Dome,,,56000,GAME19920628YGDB0013
1992,1992-06-28,Reg Season,Yomiuri Giants,Home,L,5,Yokohama Taiyo Whales,5,8,0,"0,0,1,0,0,1,0,0,3",13,Tokyo Dome,,,56000,GAME19920628YGDB0013
1992,1992-06-28,Reg Season,Hiroshima Toyo Carp,Away,L,2,Yakult Swallows,2,7,1,"1,1,0,0,0,0,0,0,0",10,Maruyama Track and Field Stadium,,,28000,GAME19920628YSHC0010
1992,1992-06-28,Reg Season,Yakult Swallows,Home,W,3,Hiroshima Toyo Carp,3,10,1,"0,1,0,1,1,0,0,0,x",10,Maruyama Track and Field Stadium,,,28000,GAME19920628YSHC0010
1992,1992-06-30,Reg Season,Hanshin Tigers,Away,L,3,Yomiuri Giants,3,11,1,"0,0,0,2,0,0,0,0,1",16,Tokyo Dome,,,56000,GAME19920630YGHT0016
1992,1992-06-30,Reg Season,Yomiuri Giants,Home,W,11,Hanshin Tigers,11,14,1,"0,6,2,1,1,1,0,0,x",16,Tokyo Dome,,,56000,GAME19920630YGHT0016
1992,1992-07-01,Reg Season,Yakult Swallows,Away,W,5,Chunichi Dragons,5,9,0,"0,0,1,0,0,0,0,4,0",13,Nagoya,,,35000,GAME19920701CDYS0013
1992,1992-07-01,Reg Season,Chunichi Dragons,Home,L,1,Yakult Swallows,1,3,2,"0,0,0,0,0,0,0,1,0",13,Nagoya,,,35000,GAME19920701CDYS0013
1992,1992-07-01,Reg Season,Hiroshima Toyo Carp,Away,L,0,Yokohama Taiyo Whales,0,4,1,"0,0,0,0,0,0,0,0,0",15,Yokohama Stadium,,,23000,GAME19920701DBHC0015
1992,1992-07-01,Reg Season,Yokohama Taiyo Whales,Home,W,3,Hiroshima Toyo Carp,3,8,0,"1,2,0,0,0,0,0,0,x",15,Yokohama Stadium,,,23000,GAME19920701DBHC0015
1992,1992-07-01,Reg Season,Fukuoka Daiei Hawks,Away,W,4,Kintetsu Buffaloes,4,9,1,"3,0,0,0,0,0,0,1,0",10,Nissei,,,19500,GAME19920701KISH0010
1992,1992-07-01,Reg Season,Kintetsu Buffaloes,Home,L,3,Fukuoka Daiei Hawks,3,6,0,"0,1,0,0,0,0,2,0,0",10,Nissei,,,19500,GAME19920701KISH0010
1992,1992-07-01,Reg Season,Seibu Lions,Away,W,7,Chiba Lotte Marines,7,12,0,"3,0,1,3,0,0,0,0,0",12,ZOZO Marine Stadium,,,32000,GAME19920701LMSL0012
1992,1992-07-01,Reg Season,Chiba Lotte Marines,Home,L,2,Seibu Lions,2,5,0,"0,1,0,0,1,0,0,0,0",12,ZOZO Marine Stadium,,,32000,GAME19920701LMSL0012
1992,1992-07-01,Reg Season,Nippon-Ham Fighters,Away,L,2,Orix Bluewave,2,5,0,"1,0,0,0,0,0,1,0,0",14,Nishinomiya,,,10000,GAME19920701OBNF0014
1992,1992-07-01,Reg Season,Orix Bluewave,Home,W,3,Nippon-Ham Fighters,3,8,0,"0,1,0,0,0,0,0,0,2x",14,Nishinomiya,,,10000,GAME19920701OBNF0014
1992,1992-07-01,Reg Season,Hanshin Tigers,Away,L,1,Yomiuri Giants,1,9,0,"0,0,0,0,0,0,0,1,0",17,Tokyo Dome,,,56000,GAME19920701YGHT0017
1992,1992-07-01,Reg Season,Yomiuri Giants,Home,W,4,Hanshin Tigers,4,7,0,"0,1,2,1,0,0,0,0,x",17,Tokyo Dome,,,56000,GAME19920701YGHT0017
1992,1992-07-02,Reg Season,Yakult Swallows,Away,L,3,Chunichi Dragons,3,8,0,"0,0,0,0,1,1,1,0,0",14,Nagoya,,,35000,GAME19920702CDYS0014
1992,1992-07-02,Reg Season,Chunichi Dragons,Home,W,6,Yakult Swallows,6,11,1,"1,0,0,0,1,3,1,0,x",14,Nagoya,,,35000,GAME19920702CDYS0014
1992,1992-07-02,Reg Season,Fukuoka Daiei Hawks,Away,L,1,Kintetsu Buffaloes,1,4,0,"1,0,0,0,0,0,0,0,0",11,Nissei,,,20000,GAME19920702KISH0011
1992,1992-07-02,Reg Season,Kintetsu Buffaloes,Home,W,2,Fukuoka Daiei Hawks,2,7,1,"0,1,0,0,0,1,0,0,x",11,Nissei,,,20000,GAME19920702KISH0011
1992,1992-07-02,Reg Season,Seibu Lions,Away,L,4,Chiba Lotte Marines,4,6,0,"0,1,0,1,2,0,0,0,0",13,ZOZO Marine Stadium,,,25000,GAME19920702LMSL0013
1992,1992-07-02,Reg Season,Chiba Lotte Marines,Home,W,5,Seibu Lions,5,6,0,"0,0,5,0,0,0,0,0,x",13,ZOZO Marine Stadium,,,25000,GAME19920702LMSL0013
1992,1992-07-02,Reg Season,Nippon-Ham Fighters,Away,L,1,Orix Bluewave,1,8,3,"0,0,0,0,0,0,0,1,0",15,Kobe Athletic Park Baseball Field,,,11000,GAME19920702OBNF0015
1992,1992-07-02,Reg Season,Orix Bluewave,Home,W,3,Nippon-Ham Fighters,3,7,0,"2,0,0,0,0,1,0,0,x",15,Kobe Athletic Park Baseball Field,,,11000,GAME19920702OBNF0015
1992,1992-07-03,Reg Season,Hanshin Tigers,Away,L,3,Hiroshima Toyo Carp,3,9,1,"0,0,0,0,0,0,0,3,0,0",15,Ishikawa Prefectural Baseball Stadium,,,20000,GAME19920703HCHT0015
1992,1992-07-03,Reg Season,Hiroshima Toyo Carp,Home,W,4,Hanshin Tigers,4,12,1,"2,0,0,0,0,0,0,1,0,1x",15,Ishikawa Prefectural Baseball Stadium,,,20000,GAME19920703HCHT0015
1992,1992-07-03,Reg Season,Kintetsu Buffaloes,Away,W,15,Chiba Lotte Marines,15,18,1,"1,0,2,0,3,0,5,3,1",13,Kawasaki,,,18000,GAME19920703LMKI0013
1992,1992-07-03,Reg Season,Chiba Lotte Marines,Home,L,9,Kintetsu Buffaloes,9,12,1,"0,0,6,0,1,0,0,1,1",13,Kawasaki,,,18000,GAME19920703LMKI0013
1992,1992-07-03,Reg Season,Fukuoka Daiei Hawks,Away,L,4,Nippon-Ham Fighters,4,12,1,"2,0,1,0,0,0,0,0,1",13,Tokyo Dome,,,26000,GAME19920703NFSH0013
1992,1992-07-03,Reg Season,Nippon-Ham Fighters,Home,W,9,Fukuoka Daiei Hawks,9,13,1,"0,0,0,4,2,0,3,0,x",13,Tokyo Dome,,,26000,GAME19920703NFSH0013
1992,1992-07-03,Reg Season,Seibu Lions,Away,W,2,Orix Bluewave,2,8,0,"0,0,2,0,0,0,0,0,0",14,Kobe Athletic Park Baseball Field,,,26000,GAME19920703OBSL0014
1992,1992-07-03,Reg Season,Orix Bluewave,Home,L,1,Seibu Lions,1,8,0,"0,0,0,0,1,0,0,0,0",14,Kobe Athletic Park Baseball Field,,,26000,GAME19920703OBSL0014
1992,1992-07-03,Reg Season,Yomiuri Giants,Away,W,7,Yakult Swallows,7,12,1,"0,0,0,0,1,5,1,0,0",12,Meiji Jingu Stadium,,,48000,GAME19920703YSYG0012
1992,1992-07-03,Reg Season,Yakult Swallows,Home,L,4,Yomiuri Giants,4,7,2,"0,1,0,0,0,2,0,1,0",12,Meiji Jingu Stadium,,,48000,GAME19920703YSYG0012
1992,1992-07-04,Reg Season,Chunichi Dragons,Away,W,7,Yokohama Taiyo Whales,7,13,0,"3,1,0,2,0,0,0,1,0",13,Iwate Prefectural Baseball Field,,,18000,GAME19920704DBCD0013
1992,1992-07-04,Reg Season,Yokohama Taiyo Whales,Home,L,0,Chunichi Dragons,0,3,0,"0,0,0,0,0,0,0,0,0",13,Iwate Prefectural Baseball Field,,,18000,GAME19920704DBCD0013
1992,1992-07-04,Reg Season,Hanshin Tigers,Away,L,3,Hiroshima Toyo Carp,3,9,0,"1,0,2,0,0,0,0,0,0",16,Alpen Stadium,,,30000,GAME19920704HCHT0016
1992,1992-07-04,Reg Season,Hiroshima Toyo Carp,Home,W,6,Hanshin Tigers,6,8,0,"0,1,1,3,0,1,0,0,x",16,Alpen Stadium,,,30000,GAME19920704HCHT0016
1992,1992-07-04,Reg Season,Kintetsu Buffaloes,Away,W,6,Chiba Lotte Marines,6,10,0,"0,2,0,1,0,0,3,0,0",14,Kawasaki,,,23000,GAME19920704LMKI0014
1992,1992-07-04,Reg Season,Chiba Lotte Marines,Home,L,3,Kintetsu Buffaloes,3,6,0,"0,0,0,0,1,1,0,1,0",14,Kawasaki,,,23000,GAME19920704LMKI0014
1992,1992-07-04,Reg Season,Fukuoka Daiei Hawks,Away,W,8,Nippon-Ham Fighters,8,9,0,"0,3,0,0,0,2,0,0,3",14,Tokyo Dome,,,35000,GAME19920704NFSH0014
1992,1992-07-04,Reg Season,Nippon-Ham Fighters,Home,L,4,Fukuoka Daiei Hawks,4,8,0,"2,0,1,0,0,0,0,0,1",14,Tokyo Dome,,,35000,GAME19920704NFSH0014
1992,1992-07-04,Reg Season,Seibu Lions,Away,L,3,Orix Bluewave,3,11,1,"0,2,0,0,1,0,0,0,0",15,Kobe Athletic Park Baseball Field,,,30000,GAME19920704OBSL0015
1992,1992-07-04,Reg Season,Orix Bluewave,Home,W,6,Seibu Lions,6,8,0,"3,1,0,0,2,0,0,0,x",15,Kobe Athletic Park Baseball Field,,,30000,GAME19920704OBSL0015
1992,1992-07-04,Reg Season,Yomiuri Giants,Away,W,7,Yakult Swallows,7,16,1,"0,0,0,1,1,1,2,0,2",13,Meiji Jingu Stadium,,,48000,GAME19920704YSYG0013
1992,1992-07-04,Reg Season,Yakult Swallows,Home,L,3,Yomiuri Giants,3,9,0,"0,0,1,0,1,1,0,0,0",13,Meiji Jingu Stadium,,,48000,GAME19920704YSYG0013
1992,1992-07-05,Reg Season,Chunichi Dragons,Away,L,7,Yokohama Taiyo Whales,7,12,2,"2,0,0,2,0,0,1,0,2,0,0,0,0",14,Rakuten Seimei Park Miyagi,,,28000,GAME19920705DBCD0014
1992,1992-07-05,Reg Season,Yokohama Taiyo Whales,Home,W,8,Chunichi Dragons,8,16,1,"0,2,0,1,0,0,3,0,1,0,0,0,1x",14,Rakuten Seimei Park Miyagi,,,28000,GAME19920705DBCD0014
1992,1992-07-05,Reg Season,Hanshin Tigers,Away,L,4,Hiroshima Toyo Carp,4,6,3,"3,0,0,0,0,1,0,0,0",17,Alpen Stadium,,,30000,GAME19920705HCHT0017
1992,1992-07-05,Reg Season,Hiroshima Toyo Carp,Home,W,6,Hanshin Tigers,6,9,1,"0,4,2,0,0,0,0,0,x",17,Alpen Stadium,,,30000,GAME19920705HCHT0017
1992,1992-07-05,Reg Season,Kintetsu Buffaloes,Away,W,6,Chiba Lotte Marines,6,9,0,"2,0,3,0,1,0,0,0,0",15,ZOZO Marine Stadium,,,22000,GAME19920705LMKI0015
1992,1992-07-05,Reg Season,Chiba Lotte Marines,Home,L,3,Kintetsu Buffaloes,3,5,0,"0,0,0,0,1,0,0,0,2",15,ZOZO Marine Stadium,,,22000,GAME19920705LMKI0015
1992,1992-07-05,Reg Season,Fukuoka Daiei Hawks,Away,W,10,Nippon-Ham Fighters,10,14,0,"0,0,2,0,3,1,0,0,4",15,Tokyo Dome,,,33000,GAME19920705NFSH0015
1992,1992-07-05,Reg Season,Nippon-Ham Fighters,Home,L,4,Fukuoka Daiei Hawks,4,12,0,"0,0,1,3,0,0,0,0,0",15,Tokyo Dome,,,33000,GAME19920705NFSH0015
1992,1992-07-05,Reg Season,Seibu Lions,Away,W,3,Orix Bluewave,3,7,0,"0,1,2,0,0,0x",16,Kobe Athletic Park Baseball Field,,,26000,GAME19920705OBSL0016
1992,1992-07-05,Reg Season,Orix Bluewave,Home,L,1,Seibu Lions,1,5,0,"1,0,0,0,0",16,Kobe Athletic Park Baseball Field,,,26000,GAME19920705OBSL0016
1992,1992-07-05,Reg Season,Yomiuri Giants,Away,W,5,Yakult Swallows,5,10,1,"0,0,0,1,0,0,0,1,2,0,1",14,Meiji Jingu Stadium,,,48000,GAME19920705YSYG0014
1992,1992-07-05,Reg Season,Yakult Swallows,Home,L,4,Yomiuri Giants,4,11,0,"1,2,0,1,0,0,0,0,0,0,0",14,Meiji Jingu Stadium,,,48000,GAME19920705YSYG0014
1992,1992-07-07,Reg Season,Yakult Swallows,Away,W,5,Hiroshima Toyo Carp,5,12,2,"0,0,0,0,0,3,0,0,2",11,Hiroshima citizens,,,16000,GAME19920707HCYS0011
1992,1992-07-07,Reg Season,Hiroshima Toyo Carp,Home,L,2,Yakult Swallows,2,9,0,"0,0,1,0,0,0,1,0,0",11,Hiroshima citizens,,,16000,GAME19920707HCYS0011
1992,1992-07-07,Reg Season,Yokohama Taiyo Whales,Away,W,1,Hanshin Tigers,1,5,0,"0,0,0,0,0,1,0,0,0",13,Hanshin Koshien Stadium,,,30000,GAME19920707HTDB0013
1992,1992-07-07,Reg Season,Hanshin Tigers,Home,L,0,Yokohama Taiyo Whales,0,9,1,"0,0,0,0,0,0,0,0,0",13,Hanshin Koshien Stadium,,,30000,GAME19920707HTDB0013
1992,1992-07-07,Reg Season,Seibu Lions,Away,W,6,Nippon-Ham Fighters,6,10,1,"1,1,1,1,0,0,0,0,2",11,Tokyo Dome,,,38000,GAME19920707NFSL0011
1992,1992-07-07,Reg Season,Nippon-Ham Fighters,Home,L,2,Seibu Lions,2,9,1,"0,0,0,0,2,0,0,0,0",11,Tokyo Dome,,,38000,GAME19920707NFSL0011
1992,1992-07-07,Reg Season,Chiba Lotte Marines,Away,L,1,Fukuoka Daiei Hawks,1,5,1,"0,0,0,0,0,0,1,0,0,0,0",15,Kitakyushu Municipal Baseball Stadium,,,24000,GAME19920707SHLM0015
1992,1992-07-07,Reg Season,Fukuoka Daiei Hawks,Home,W,3,Chiba Lotte Marines,3,8,2,"1,0,0,0,0,0,0,0,0,0,2x",15,Kitakyushu Municipal Baseball Stadium,,,24000,GAME19920707SHLM0015
1992,1992-07-07,Reg Season,Chunichi Dragons,Away,L,2,Yomiuri Giants,2,8,1,"0,0,0,1,0,0,1,0,0",13,Hanasaki Sports Park Baseball Field,,,25000,GAME19920707YGCD0013
1992,1992-07-07,Reg Season,Yomiuri Giants,Home,W,4,Chunichi Dragons,4,14,0,"0,0,0,3,1,0,0,0,x",13,Hanasaki Sports Park Baseball Field,,,25000,GAME19920707YGCD0013
1992,1992-07-08,Reg Season,Yakult Swallows,Away,L,3,Hiroshima Toyo Carp,3,10,1,"0,1,0,0,2,0,0,0,0",12,Hiroshima citizens,,,18000,GAME19920708HCYS0012
1992,1992-07-08,Reg Season,Hiroshima Toyo Carp,Home,W,13,Yakult Swallows,13,14,0,"0,8,0,0,0,0,0,5,x",12,Hiroshima citizens,,,18000,GAME19920708HCYS0012
1992,1992-07-08,Reg Season,Yokohama Taiyo Whales,Away,L,0,Hanshin Tigers,0,5,0,"0,0,0,0,0,0,0,0,0",14,Hanshin Koshien Stadium,,,33000,GAME19920708HTDB0014
1992,1992-07-08,Reg Season,Hanshin Tigers,Home,W,3,Yokohama Taiyo Whales,3,10,0,"1,0,0,0,0,0,0,2,x",14,Hanshin Koshien Stadium,,,33000,GAME19920708HTDB0014
1992,1992-07-08,Reg Season,Orix Bluewave,Away,T,6,Kintetsu Buffaloes,6,13,0,"0,1,2,1,0,1,1,0,0,0",14,Fujiidera,,,20000,GAME19920708KIOB0014
1992,1992-07-08,Reg Season,Kintetsu Buffaloes,Home,T,6,Orix Bluewave,6,13,0,"0,0,0,0,2,0,2,1,1,0",14,Fujiidera,,,20000,GAME19920708KIOB0014
1992,1992-07-08,Reg Season,Seibu Lions,Away,L,5,Nippon-Ham Fighters,5,6,0,"0,0,0,2,2,1,0,0,0",12,Tokyo Dome,,,41000,GAME19920708NFSL0012
1992,1992-07-08,Reg Season,Nippon-Ham Fighters,Home,W,6,Seibu Lions,6,5,1,"3,0,3,0,0,0,0,0,x",12,Tokyo Dome,,,41000,GAME19920708NFSL0012
1992,1992-07-08,Reg Season,Chiba Lotte Marines,Away,L,0,Fukuoka Daiei Hawks,0,3,0,"0,0,0,0,0,0,0,0,0",16,Heiwadai,,,25000,GAME19920708SHLM0016
1992,1992-07-08,Reg Season,Fukuoka Daiei Hawks,Home,W,7,Chiba Lotte Marines,7,12,1,"0,2,3,0,0,0,2,0,x",16,Heiwadai,,,25000,GAME19920708SHLM0016
1992,1992-07-08,Reg Season,Chunichi Dragons,Away,L,4,Yomiuri Giants,4,9,3,"1,0,1,0,0,0,2,0,0",14,Maruyama Track and Field Stadium,,,28000,GAME19920708YGCD0014
1992,1992-07-08,Reg Season,Yomiuri Giants,Home,W,6,Chunichi Dragons,6,9,0,"0,0,0,0,2,2,2,0,x",14,Maruyama Track and Field Stadium,,,28000,GAME19920708YGCD0014
1992,1992-07-09,Reg Season,Yakult Swallows,Away,L,3,Hiroshima Toyo Carp,3,6,1,"0,0,0,0,0,3,0,0,0",13,Hiroshima citizens,,,18000,GAME19920709HCYS0013
1992,1992-07-09,Reg Season,Hiroshima Toyo Carp,Home,W,4,Yakult Swallows,4,9,0,"1,0,2,0,1,0,0,0,x",13,Hiroshima citizens,,,18000,GAME19920709HCYS0013
1992,1992-07-09,Reg Season,Yokohama Taiyo Whales,Away,L,2,Hanshin Tigers,2,5,0,"1,0,0,0,1,0,0,0,0",15,Hanshin Koshien Stadium,,,33000,GAME19920709HTDB0015
1992,1992-07-09,Reg Season,Hanshin Tigers,Home,W,7,Yokohama Taiyo Whales,7,13,1,"0,5,1,0,1,0,0,0,x",15,Hanshin Koshien Stadium,,,33000,GAME19920709HTDB0015
1992,1992-07-09,Reg Season,Seibu Lions,Away,W,3,Nippon-Ham Fighters,3,12,0,"0,0,0,0,0,0,3,0,0",13,Tokyo Dome,,,40000,GAME19920709NFSL0013
1992,1992-07-09,Reg Season,Nippon-Ham Fighters,Home,L,1,Seibu Lions,1,5,0,"0,0,0,1,0,0,0,0,0",13,Tokyo Dome,,,40000,GAME19920709NFSL0013
1992,1992-07-09,Reg Season,Chiba Lotte Marines,Away,W,5,Fukuoka Daiei Hawks,5,10,1,"0,1,0,0,1,1,0,0,2",17,Heiwadai,,,22000,GAME19920709SHLM0017
1992,1992-07-09,Reg Season,Fukuoka Daiei Hawks,Home,L,2,Chiba Lotte Marines,2,9,1,"0,0,0,0,0,1,1,0,0",17,Heiwadai,,,22000,GAME19920709SHLM0017
1992,1992-07-09,Reg Season,Chunichi Dragons,Away,W,4,Yomiuri Giants,4,9,0,"2,0,0,0,0,0,2,0,0",15,Maruyama Track and Field Stadium,,,28000,GAME19920709YGCD0015
1992,1992-07-09,Reg Season,Yomiuri Giants,Home,L,0,Chunichi Dragons,0,2,0,"0,0,0,0,0,0,0,0,0",15,Maruyama Track and Field Stadium,,,28000,GAME19920709YGCD0015
1992,1992-07-10,Reg Season,Nippon-Ham Fighters,Away,L,5,Chiba Lotte Marines,5,9,0,"1,1,2,0,0,1,0,0,0",14,ZOZO Marine Stadium,,,15000,GAME19920710LMNF0014
1992,1992-07-10,Reg Season,Chiba Lotte Marines,Home,W,6,Nippon-Ham Fighters,6,8,1,"1,0,1,1,2,0,0,0,1x",14,ZOZO Marine Stadium,,,15000,GAME19920710LMNF0014
1992,1992-07-10,Reg Season,Orix Bluewave,Away,W,7,Fukuoka Daiei Hawks,7,13,0,"0,0,1,0,0,3,0,3,0",16,Heiwadai,,,21000,GAME19920710SHOB0016
1992,1992-07-10,Reg Season,Fukuoka Daiei Hawks,Home,L,3,Orix Bluewave,3,5,0,"0,1,0,1,0,0,0,1,0",16,Heiwadai,,,21000,GAME19920710SHOB0016
1992,1992-07-10,Reg Season,Kintetsu Buffaloes,Away,L,2,Seibu Lions,2,8,4,"0,0,0,1,0,0,0,0,1",12,Belluna Dome,,,35000,GAME19920710SLKI0012
1992,1992-07-10,Reg Season,Seibu Lions,Home,W,8,Kintetsu Buffaloes,8,5,0,"0,4,0,1,2,0,0,1,x",12,Belluna Dome,,,35000,GAME19920710SLKI0012
1992,1992-07-11,Reg Season,Hanshin Tigers,Away,W,6,Chunichi Dragons,6,9,0,"1,0,0,1,1,0,0,3,0",14,Nagoya,,,35000,GAME19920711CDHT0014
1992,1992-07-11,Reg Season,Chunichi Dragons,Home,L,1,Hanshin Tigers,1,11,0,"0,0,0,0,0,1,0,0,0",14,Nagoya,,,35000,GAME19920711CDHT0014
1992,1992-07-11,Reg Season,Nippon-Ham Fighters,Away,W,5,Chiba Lotte Marines,5,11,0,"0,0,3,0,0,0,0,0,2",15,ZOZO Marine Stadium,,,20000,GAME19920711LMNF0015
1992,1992-07-11,Reg Season,Chiba Lotte Marines,Home,L,4,Nippon-Ham Fighters,4,11,1,"2,0,0,0,0,0,2,0,0",15,ZOZO Marine Stadium,,,20000,GAME19920711LMNF0015
1992,1992-07-11,Reg Season,Orix Bluewave,Away,L,3,Fukuoka Daiei Hawks,3,6,1,"0,2,0,0,0,0,0,0,1",17,Heiwadai,,,33000,GAME19920711SHOB0017
1992,1992-07-11,Reg Season,Fukuoka Daiei Hawks,Home,W,7,Orix Bluewave,7,12,0,"0,0,3,1,0,1,0,2,x",17,Heiwadai,,,33000,GAME19920711SHOB0017
1992,1992-07-11,Reg Season,Kintetsu Buffaloes,Away,L,2,Seibu Lions,2,4,0,"0,0,0,0,0,1,0,0,1",13,Belluna Dome,,,45000,GAME19920711SLKI0013
1992,1992-07-11,Reg Season,Seibu Lions,Home,W,5,Kintetsu Buffaloes,5,9,0,"0,0,0,3,1,1,0,0,x",13,Belluna Dome,,,45000,GAME19920711SLKI0013
1992,1992-07-11,Reg Season,Hiroshima Toyo Carp,Away,W,9,Yomiuri Giants,9,13,0,"0,0,0,0,4,2,0,0,3",12,Tokyo Dome,,,56000,GAME19920711YGHC0012
1992,1992-07-11,Reg Season,Yomiuri Giants,Home,L,1,Hiroshima Toyo Carp,1,5,1,"0,0,0,0,0,0,0,1,0",12,Tokyo Dome,,,56000,GAME19920711YGHC0012
1992,1992-07-11,Reg Season,Yokohama Taiyo Whales,Away,W,7,Yakult Swallows,7,13,1,"0,1,0,2,0,1,0,0,3",14,Meiji Jingu Stadium,,,38000,GAME19920711YSDB0014
1992,1992-07-11,Reg Season,Yakult Swallows,Home,L,4,Yokohama Taiyo Whales,4,6,2,"0,0,3,0,0,0,0,0,1",14,Meiji Jingu Stadium,,,38000,GAME19920711YSDB0014
1992,1992-07-12,Reg Season,Hanshin Tigers,Away,W,5,Chunichi Dragons,5,6,0,"3,1,0,0,0,0,0,1,0",15,Nagoya,,,35000,GAME19920712CDHT0015
1992,1992-07-12,Reg Season,Chunichi Dragons,Home,L,2,Hanshin Tigers,2,9,2,"0,1,1,0,0,0,0,0,0",15,Nagoya,,,35000,GAME19920712CDHT0015
1992,1992-07-12,Reg Season,Nippon-Ham Fighters,Away,L,0,Chiba Lotte Marines,0,5,0,"0,0,0,0,0,0,0,0,0",16,ZOZO Marine Stadium,,,19000,GAME19920712LMNF0016
1992,1992-07-12,Reg Season,Chiba Lotte Marines,Home,W,7,Nippon-Ham Fighters,7,8,0,"0,0,0,5,0,0,0,2,x",16,ZOZO Marine Stadium,,,19000,GAME19920712LMNF0016
1992,1992-07-12,Reg Season,Orix Bluewave,Away,W,9,Fukuoka Daiei Hawks,9,13,0,"0,0,0,2,0,0,1,5,1",18,Heiwadai,,,25000,GAME19920712SHOB0018
1992,1992-07-12,Reg Season,Fukuoka Daiei Hawks,Home,L,3,Orix Bluewave,3,11,1,"0,1,0,0,0,0,2,0,0",18,Heiwadai,,,25000,GAME19920712SHOB0018
1992,1992-07-12,Reg Season,Kintetsu Buffaloes,Away,L,1,Seibu Lions,1,5,1,"0,0,0,0,0,0,1,0,0",14,Belluna Dome,,,35000,GAME19920712SLKI0014
1992,1992-07-12,Reg Season,Seibu Lions,Home,W,3,Kintetsu Buffaloes,3,4,0,"0,0,1,0,1,1,0,0,x",14,Belluna Dome,,,35000,GAME19920712SLKI0014
1992,1992-07-12,Reg Season,Hiroshima Toyo Carp,Away,L,5,Yomiuri Giants,5,7,1,"0,0,0,0,2,0,3,0,0",13,Tokyo Dome,,,56000,GAME19920712YGHC0013
1992,1992-07-12,Reg Season,Yomiuri Giants,Home,W,12,Hiroshima Toyo Carp,12,15,0,"0,8,0,0,0,4,0,0,x",13,Tokyo Dome,,,56000,GAME19920712YGHC0013
1992,1992-07-12,Reg Season,Yokohama Taiyo Whales,Away,L,1,Yakult Swallows,1,4,0,"0,0,0,0,1,0,0,0,0",15,Meiji Jingu Stadium,,,30000,GAME19920712YSDB0015
1992,1992-07-12,Reg Season,Yakult Swallows,Home,W,5,Yokohama Taiyo Whales,5,10,0,"0,1,0,0,0,0,2,2,x",15,Meiji Jingu Stadium,,,30000,GAME19920712YSDB0015
1992,1992-07-13,Reg Season,Hiroshima Toyo Carp,Away,W,4,Yomiuri Giants,4,11,0,"0,0,0,0,1,2,0,1,0",14,Tokyo Dome,,,56000,GAME19920713YGHC0014
1992,1992-07-13,Reg Season,Yomiuri Giants,Home,L,1,Hiroshima Toyo Carp,1,6,0,"0,1,0,0,0,0,0,0,0",14,Tokyo Dome,,,56000,GAME19920713YGHC0014
1992,1992-07-14,Reg Season,Yomiuri Giants,Away,L,3,Yokohama Taiyo Whales,3,7,3,"0,1,0,2,0,0,0,0,0",14,Yokohama Stadium,,,30000,GAME19920714DBYG0014
1992,1992-07-14,Reg Season,Yokohama Taiyo Whales,Home,W,11,Yomiuri Giants,11,13,0,"1,0,3,0,0,5,0,2,x",14,Yokohama Stadium,,,30000,GAME19920714DBYG0014
1992,1992-07-14,Reg Season,Yakult Swallows,Away,W,4,Hanshin Tigers,4,8,1,"0,0,0,2,0,0,0,0,0,0,0,0,2",11,Hanshin Koshien Stadium,,,46000,GAME19920714HTYS0011
1992,1992-07-14,Reg Season,Hanshin Tigers,Home,L,2,Yakult Swallows,2,10,0,"0,1,0,0,0,1,0,0,0,0,0,0,0",11,Hanshin Koshien Stadium,,,46000,GAME19920714HTYS0011
1992,1992-07-14,Reg Season,Kintetsu Buffaloes,Away,L,0,Nippon-Ham Fighters,0,8,0,"0,0,0,0,0,0,0,0,0",16,Tokyo Dome,,,28000,GAME19920714NFKI0016
1992,1992-07-14,Reg Season,Nippon-Ham Fighters,Home,W,4,Kintetsu Buffaloes,4,12,1,"3,0,0,0,0,0,1,0,x",16,Tokyo Dome,,,28000,GAME19920714NFKI0016
1992,1992-07-14,Reg Season,Seibu Lions,Away,W,5,Fukuoka Daiei Hawks,5,12,0,"0,1,0,0,4,0,0,0,0",14,Heiwadai,,,33000,GAME19920714SHSL0014
1992,1992-07-14,Reg Season,Fukuoka Daiei Hawks,Home,L,3,Seibu Lions,3,7,1,"0,0,0,1,0,1,0,1,0",14,Heiwadai,,,33000,GAME19920714SHSL0014
1992,1992-07-15,Reg Season,Hiroshima Toyo Carp,Away,L,2,Chunichi Dragons,2,7,2,"0,1,0,0,0,0,0,1,0",14,Nagoya,,,33000,GAME19920715CDHC0014
1992,1992-07-15,Reg Season,Chunichi Dragons,Home,W,8,Hiroshima Toyo Carp,8,12,0,"0,0,1,0,3,1,2,1,x",14,Nagoya,,,33000,GAME19920715CDHC0014
1992,1992-07-15,Reg Season,Yomiuri Giants,Away,W,4,Yokohama Taiyo Whales,4,9,0,"0,0,1,0,0,1,0,2,0",15,Yokohama Stadium,,,30000,GAME19920715DBYG0015
1992,1992-07-15,Reg Season,Yokohama Taiyo Whales,Home,L,2,Yomiuri Giants,2,3,0,"1,0,0,0,0,0,0,0,1",15,Yokohama Stadium,,,30000,GAME19920715DBYG0015
1992,1992-07-15,Reg Season,Yakult Swallows,Away,L,0,Hanshin Tigers,0,5,0,"0,0,0,0,0,0,0,0,0",12,Hanshin Koshien Stadium,,,52000,GAME19920715HTYS0012
1992,1992-07-15,Reg Season,Hanshin Tigers,Home,W,4,Yakult Swallows,4,9,0,"3,0,0,0,0,0,0,1,x",12,Hanshin Koshien Stadium,,,52000,GAME19920715HTYS0012
1992,1992-07-15,Reg Season,Kintetsu Buffaloes,Away,L,0,Nippon-Ham Fighters,0,8,1,"0,0,0,0,0,0,0,0,0",17,Tokyo Dome,,,31000,GAME19920715NFKI0017
1992,1992-07-15,Reg Season,Nippon-Ham Fighters,Home,W,4,Kintetsu Buffaloes,4,5,0,"0,0,1,0,0,1,1,1,x",17,Tokyo Dome,,,31000,GAME19920715NFKI0017
1992,1992-07-15,Reg Season,Chiba Lotte Marines,Away,L,6,Orix Bluewave,6,13,0,"1,1,0,0,0,0,0,2,2,0",11,Yamagata Prefectural Baseball Stadium,,,18000,GAME19920715OBLM0011
1992,1992-07-15,Reg Season,Orix Bluewave,Home,W,7,Chiba Lotte Marines,7,13,1,"0,4,1,0,0,0,0,1,0,1x",11,Yamagata Prefectural Baseball Stadium,,,18000,GAME19920715OBLM0011
1992,1992-07-15,Reg Season,Seibu Lions,Away,W,17,Fukuoka Daiei Hawks,17,23,1,"0,3,0,2,11,0,1,0,0",15,Heiwadai,,,33000,GAME19920715SHSL0015
1992,1992-07-15,Reg Season,Fukuoka Daiei Hawks,Home,L,3,Seibu Lions,3,10,1,"0,0,0,0,3,0,0,0,0",15,Heiwadai,,,33000,GAME19920715SHSL0015
1992,1992-07-16,Reg Season,Hiroshima Toyo Carp,Away,W,5,Chunichi Dragons,5,12,0,"0,0,0,1,0,4,0,0,0",15,Nagoya,,,33000,GAME19920716CDHC0015
1992,1992-07-16,Reg Season,Chunichi Dragons,Home,L,1,Hiroshima Toyo Carp,1,6,0,"0,0,0,0,1,0,0,0,0",15,Nagoya,,,33000,GAME19920716CDHC0015
1992,1992-07-16,Reg Season,Yomiuri Giants,Away,W,6,Yokohama Taiyo Whales,6,11,1,"4,0,0,0,2,0,0,0,0",16,Yokohama Stadium,,,30000,GAME19920716DBYG0016
1992,1992-07-16,Reg Season,Yokohama Taiyo Whales,Home,L,4,Yomiuri Giants,4,6,0,"1,0,0,0,0,1,0,0,2",16,Yokohama Stadium,,,30000,GAME19920716DBYG0016
1992,1992-07-16,Reg Season,Yakult Swallows,Away,L,3,Hanshin Tigers,3,6,1,"0,1,0,0,0,0,0,2,0",13,Okayama Prefectural Government,,,15000,GAME19920716HTYS0013
1992,1992-07-16,Reg Season,Hanshin Tigers,Home,W,4,Yakult Swallows,4,7,0,"0,1,0,1,0,0,0,2,x",13,Okayama Prefectural Government,,,15000,GAME19920716HTYS0013
1992,1992-07-16,Reg Season,Kintetsu Buffaloes,Away,W,5,Nippon-Ham Fighters,5,7,0,"0,1,4,0,0,0,0,0,0",18,Tokyo Dome,,,31000,GAME19920716NFKI0018
1992,1992-07-16,Reg Season,Nippon-Ham Fighters,Home,L,4,Kintetsu Buffaloes,4,11,0,"0,0,3,0,0,1,0,0,0",18,Tokyo Dome,,,31000,GAME19920716NFKI0018
1992,1992-07-24,Reg Season,Hiroshima Toyo Carp,Away,L,1,Yokohama Taiyo Whales,1,10,1,"0,1,0,0,0,0,0,0,0,0,0,0,0,0",16,Batting Palace Hiratsuka Shonan,,,17000,GAME19920724DBHC0016
1992,1992-07-24,Reg Season,Yokohama Taiyo Whales,Home,W,2,Hiroshima Toyo Carp,2,6,0,"0,0,0,1,0,0,0,0,0,0,0,0,0,1x",16,Batting Palace Hiratsuka Shonan,,,17000,GAME19920724DBHC0016
1992,1992-07-24,Reg Season,Chunichi Dragons,Away,L,0,Hanshin Tigers,0,2,0,"0,0,0,0,0,0,0,0,0",16,Hanshin Koshien Stadium,,,43000,GAME19920724HTCD0016
1992,1992-07-24,Reg Season,Hanshin Tigers,Home,W,4,Chunichi Dragons,4,9,0,"0,1,1,0,0,1,1,0,x",16,Hanshin Koshien Stadium,,,43000,GAME19920724HTCD0016
1992,1992-07-24,Reg Season,Chiba Lotte Marines,Away,W,3,Kintetsu Buffaloes,3,7,0,"0,0,1,0,0,0,1,1,0",16,Fujiidera,,,20000,GAME19920724KILM0016
1992,1992-07-24,Reg Season,Kintetsu Buffaloes,Home,L,2,Chiba Lotte Marines,2,8,1,"0,0,1,0,0,0,1,0,0",16,Fujiidera,,,20000,GAME19920724KILM0016
1992,1992-07-24,Reg Season,Fukuoka Daiei Hawks,Away,L,3,Orix Bluewave,3,8,3,"0,0,0,2,0,1,0,0,0",19,Kobe Athletic Park Baseball Field,,,18000,GAME19920724OBSH0019
1992,1992-07-24,Reg Season,Orix Bluewave,Home,W,5,Fukuoka Daiei Hawks,5,5,0,"3,2,0,0,0,0,0,0,x",19,Kobe Athletic Park Baseball Field,,,18000,GAME19920724OBSH0019
1992,1992-07-24,Reg Season,Yakult Swallows,Away,W,8,Yomiuri Giants,8,11,0,"0,2,2,0,2,1,1,0,0",15,Tokyo Dome,,,56000,GAME19920724YGYS0015
1992,1992-07-24,Reg Season,Yomiuri Giants,Home,L,6,Yakult Swallows,6,13,0,"1,0,0,0,1,0,0,2,2",15,Tokyo Dome,,,56000,GAME19920724YGYS0015
1992,1992-07-25,Reg Season,Hiroshima Toyo Carp,Away,W,6,Yokohama Taiyo Whales,6,14,0,"3,0,0,0,0,1,0,0,0,2",17,Yokohama Stadium,,,27000,GAME19920725DBHC0017
1992,1992-07-25,Reg Season,Yokohama Taiyo Whales,Home,L,5,Hiroshima Toyo Carp,5,11,1,"0,0,0,2,0,2,0,0,0,1",17,Yokohama Stadium,,,27000,GAME19920725DBHC0017
1992,1992-07-25,Reg Season,Chunichi Dragons,Away,L,1,Hanshin Tigers,1,7,0,"0,0,1,0,0,0,0,0,0",17,Hanshin Koshien Stadium,,,55000,GAME19920725HTCD0017
1992,1992-07-25,Reg Season,Hanshin Tigers,Home,W,4,Chunichi Dragons,4,10,0,"0,1,0,0,1,2,0,0,x",17,Hanshin Koshien Stadium,,,55000,GAME19920725HTCD0017
1992,1992-07-25,Reg Season,Chiba Lotte Marines,Away,L,1,Kintetsu Buffaloes,1,7,1,"0,0,0,1,0,0,0,0,0",17,Fujiidera,,,25000,GAME19920725KILM0017
1992,1992-07-25,Reg Season,Kintetsu Buffaloes,Home,W,3,Chiba Lotte Marines,3,8,0,"0,0,1,0,0,0,2,0,x",17,Fujiidera,,,25000,GAME19920725KILM0017
1992,1992-07-25,Reg Season,Fukuoka Daiei Hawks,Away,W,5,Orix Bluewave,5,15,1,"0,2,0,0,0,2,0,1,0",20,Kobe Athletic Park Baseball Field,,,26000,GAME19920725OBSH0020
1992,1992-07-25,Reg Season,Orix Bluewave,Home,L,3,Fukuoka Daiei Hawks,3,4,0,"0,2,0,0,0,0,1,0,0",20,Kobe Athletic Park Baseball Field,,,26000,GAME19920725OBSH0020
1992,1992-07-25,Reg Season,Nippon-Ham Fighters,Away,W,11,Seibu Lions,11,11,1,"0,3,3,0,0,0,2,2,1",14,Belluna Dome,,,32000,GAME19920725SLNF0014
1992,1992-07-25,Reg Season,Seibu Lions,Home,L,2,Nippon-Ham Fighters,2,7,1,"0,1,0,0,0,1,0,0,0",14,Belluna Dome,,,32000,GAME19920725SLNF0014
1992,1992-07-25,Reg Season,Yakult Swallows,Away,W,4,Yomiuri Giants,4,7,0,"0,0,0,1,2,0,0,0,1",16,Tokyo Dome,,,56000,GAME19920725YGYS0016
1992,1992-07-25,Reg Season,Yomiuri Giants,Home,L,1,Yakult Swallows,1,4,0,"0,0,0,0,1,0,0,0,0",16,Tokyo Dome,,,56000,GAME19920725YGYS0016
1992,1992-07-26,Reg Season,Hiroshima Toyo Carp,Away,W,13,Yokohama Taiyo Whales,13,13,0,"2,0,2,0,0,1,5,2,1",18,Yokohama Stadium,,,24000,GAME19920726DBHC0018
1992,1992-07-26,Reg Season,Yokohama Taiyo Whales,Home,L,2,Hiroshima Toyo Carp,2,7,0,"1,0,0,0,0,0,0,0,1",18,Yokohama Stadium,,,24000,GAME19920726DBHC0018
1992,1992-07-26,Reg Season,Chunichi Dragons,Away,W,5,Hanshin Tigers,5,11,1,"0,0,0,3,1,0,1,0,0",18,Hanshin Koshien Stadium,,,52000,GAME19920726HTCD0018
1992,1992-07-26,Reg Season,Hanshin Tigers,Home,L,1,Chunichi Dragons,1,5,1,"0,0,0,1,0,0,0,0,0",18,Hanshin Koshien Stadium,,,52000,GAME19920726HTCD0018
1992,1992-07-26,Reg Season,Chiba Lotte Marines,Away,L,1,Kintetsu Buffaloes,1,8,1,"0,1,0,0,0,0,0,0,0",18,Fujiidera,,,24000,GAME19920726KILM0018
1992,1992-07-26,Reg Season,Kintetsu Buffaloes,Home,W,8,Chiba Lotte Marines,8,11,0,"1,0,4,2,0,1,0,0,x",18,Fujiidera,,,24000,GAME19920726KILM0018
1992,1992-07-26,Reg Season,Fukuoka Daiei Hawks,Away,L,4,Orix Bluewave,4,5,3,"0,0,0,2,0,0,0,0,2",21,Kobe Athletic Park Baseball Field,,,23000,GAME19920726OBSH0021
1992,1992-07-26,Reg Season,Orix Bluewave,Home,W,18,Fukuoka Daiei Hawks,18,18,0,"0,0,0,3,0,3,0,12,x",21,Kobe Athletic Park Baseball Field,,,23000,GAME19920726OBSH0021
1992,1992-07-26,Reg Season,Nippon-Ham Fighters,Away,W,8,Seibu Lions,8,13,0,"0,1,1,0,3,0,3,0,0",15,Belluna Dome,,,30000,GAME19920726SLNF0015
1992,1992-07-26,Reg Season,Seibu Lions,Home,L,1,Nippon-Ham Fighters,1,12,0,"0,0,0,0,1,0,0,0,0",15,Belluna Dome,,,30000,GAME19920726SLNF0015
1992,1992-07-26,Reg Season,Yakult Swallows,Away,W,3,Yomiuri Giants,3,6,1,"2,0,0,0,1,0,0,0,0",17,Tokyo Dome,,,56000,GAME19920726YGYS0017
1992,1992-07-26,Reg Season,Yomiuri Giants,Home,L,2,Yakult Swallows,2,5,0,"0,0,1,0,0,1,0,0,0",17,Tokyo Dome,,,56000,GAME19920726YGYS0017
1992,1992-07-28,Reg Season,Yokohama Taiyo Whales,Away,W,4,Chunichi Dragons,4,9,1,"0,1,0,0,0,1,0,0,0,0,0,0,2",15,Nagoya,,,35000,GAME19920728CDDB0015
1992,1992-07-28,Reg Season,Chunichi Dragons,Home,L,2,Yokohama Taiyo Whales,2,9,0,"2,0,0,0,0,0,0,0,0,0,0,0,0",15,Nagoya,,,35000,GAME19920728CDDB0015
1992,1992-07-28,Reg Season,Yomiuri Giants,Away,W,4,Hanshin Tigers,4,5,0,"2,0,0,2,0,0,0,0,0",18,Hanshin Koshien Stadium,,,55000,GAME19920728HTYG0018
1992,1992-07-28,Reg Season,Hanshin Tigers,Home,L,3,Yomiuri Giants,3,7,0,"0,0,0,2,0,0,1,0,0",18,Hanshin Koshien Stadium,,,55000,GAME19920728HTYG0018
1992,1992-07-28,Reg Season,Orix Bluewave,Away,W,14,Kintetsu Buffaloes,14,12,0,"2,0,0,0,0,0,6,1,5",15,Fujiidera,,,20000,GAME19920728KIOB0015
1992,1992-07-28,Reg Season,Kintetsu Buffaloes,Home,L,1,Orix Bluewave,1,6,1,"1,0,0,0,0,0,0,0,0",15,Fujiidera,,,20000,GAME19920728KIOB0015
1992,1992-07-28,Reg Season,Fukuoka Daiei Hawks,Away,L,5,Nippon-Ham Fighters,5,10,0,"0,0,0,3,0,0,2,0,0",16,Tokyo Dome,,,33000,GAME19920728NFSH0016
1992,1992-07-28,Reg Season,Nippon-Ham Fighters,Home,W,6,Fukuoka Daiei Hawks,6,11,0,"0,2,0,1,3,0,0,0,x",16,Tokyo Dome,,,33000,GAME19920728NFSH0016
1992,1992-07-28,Reg Season,Chiba Lotte Marines,Away,L,2,Seibu Lions,2,10,0,"0,1,0,0,1,0,0,0,0",14,Belluna Dome,,,26000,GAME19920728SLLM0014
1992,1992-07-28,Reg Season,Seibu Lions,Home,W,10,Chiba Lotte Marines,10,12,0,"2,0,5,3,0,0,0,0,x",14,Belluna Dome,,,26000,GAME19920728SLLM0014
1992,1992-07-28,Reg Season,Hiroshima Toyo Carp,Away,W,6,Yakult Swallows,6,8,1,"0,1,0,0,1,0,0,4,0",14,Meiji Jingu Stadium,,,32000,GAME19920728YSHC0014
1992,1992-07-28,Reg Season,Yakult Swallows,Home,L,2,Hiroshima Toyo Carp,2,7,1,"1,0,0,1,0,0,0,0,0",14,Meiji Jingu Stadium,,,32000,GAME19920728YSHC0014
1992,1992-07-29,Reg Season,Yokohama Taiyo Whales,Away,L,1,Chunichi Dragons,1,8,0,"0,1,0,0,0,0,0,0,0",16,Nagoya,,,35000,GAME19920729CDDB0016
1992,1992-07-29,Reg Season,Chunichi Dragons,Home,W,2,Yokohama Taiyo Whales,2,6,1,"1,0,0,1,0,0,0,0,x",16,Nagoya,,,35000,GAME19920729CDDB0016
1992,1992-07-29,Reg Season,Yomiuri Giants,Away,W,4,Hanshin Tigers,4,10,1,"0,0,0,1,0,0,0,0,3",19,Hanshin Koshien Stadium,,,55000,GAME19920729HTYG0019
1992,1992-07-29,Reg Season,Hanshin Tigers,Home,L,2,Yomiuri Giants,2,6,0,"0,0,0,0,0,1,0,0,1",19,Hanshin Koshien Stadium,,,55000,GAME19920729HTYG0019
1992,1992-07-29,Reg Season,Orix Bluewave,Away,T,3,Kintetsu Buffaloes,3,18,0,"1,0,0,0,0,1,1,0,0,0,0,0",16,Fujiidera,,,20000,GAME19920729KIOB0016
1992,1992-07-29,Reg Season,Kintetsu Buffaloes,Home,T,3,Orix Bluewave,3,5,1,"0,1,0,2,0,0,0,0,0,0,0,0",16,Fujiidera,,,20000,GAME19920729KIOB0016
1992,1992-07-29,Reg Season,Fukuoka Daiei Hawks,Away,L,7,Nippon-Ham Fighters,7,13,0,"0,0,4,0,1,0,0,2,0",17,Tokyo Dome,,,34000,GAME19920729NFSH0017
1992,1992-07-29,Reg Season,Nippon-Ham Fighters,Home,W,8,Fukuoka Daiei Hawks,8,13,1,"2,1,0,0,1,0,2,0,2x",17,Tokyo Dome,,,34000,GAME19920729NFSH0017
1992,1992-07-29,Reg Season,Chiba Lotte Marines,Away,W,6,Seibu Lions,6,6,0,"2,0,3,0,1,0,0,0,0",15,Belluna Dome,,,28000,GAME19920729SLLM0015
1992,1992-07-29,Reg Season,Seibu Lions,Home,L,4,Chiba Lotte Marines,4,6,0,"2,1,0,1,0,0,0,0,0",15,Belluna Dome,,,28000,GAME19920729SLLM0015
1992,1992-07-29,Reg Season,Hiroshima Toyo Carp,Away,L,7,Yakult Swallows,7,14,1,"1,2,1,0,0,0,0,0,3",15,Meiji Jingu Stadium,,,32000,GAME19920729YSHC0015
1992,1992-07-29,Reg Season,Yakult Swallows,Home,W,11,Hiroshima Toyo Carp,11,14,0,"0,4,0,0,4,0,3,0,x",15,Meiji Jingu Stadium,,,32000,GAME19920729YSHC0015
1992,1992-07-30,Reg Season,Yokohama Taiyo Whales,Away,L,1,Chunichi Dragons,1,7,1,"0,0,0,0,0,0,0,0,1",17,Nagoya,,,35000,GAME19920730CDDB0017
1992,1992-07-30,Reg Season,Chunichi Dragons,Home,W,2,Yokohama Taiyo Whales,2,9,1,"0,0,0,0,0,0,0,2,x",17,Nagoya,,,35000,GAME19920730CDDB0017
1992,1992-07-30,Reg Season,Yomiuri Giants,Away,L,2,Hanshin Tigers,2,7,1,"0,0,1,0,0,1,0,0,0",20,Hanshin Koshien Stadium,,,55000,GAME19920730HTYG0020
1992,1992-07-30,Reg Season,Hanshin Tigers,Home,W,3,Yomiuri Giants,3,8,1,"0,0,0,0,0,0,0,0,3x",20,Hanshin Koshien Stadium,,,55000,GAME19920730HTYG0020
1992,1992-07-30,Reg Season,Orix Bluewave,Away,W,5,Kintetsu Buffaloes,5,9,0,"0,0,1,0,4,0,0,0,0",17,Fujiidera,,,20000,GAME19920730KIOB0017
1992,1992-07-30,Reg Season,Kintetsu Buffaloes,Home,L,3,Orix Bluewave,3,7,1,"0,0,1,0,1,0,0,0,1",17,Fujiidera,,,20000,GAME19920730KIOB0017
1992,1992-07-30,Reg Season,Fukuoka Daiei Hawks,Away,L,6,Nippon-Ham Fighters,6,10,1,"0,1,3,0,0,0,2,0,0",18,Kiyohara Utsunomiya,,,20000,GAME19920730NFSH0018
1992,1992-07-30,Reg Season,Nippon-Ham Fighters,Home,W,10,Fukuoka Daiei Hawks,10,14,0,"0,1,0,2,5,2,0,0,x",18,Kiyohara Utsunomiya,,,20000,GAME19920730NFSH0018
1992,1992-07-30,Reg Season,Chiba Lotte Marines,Away,L,0,Seibu Lions,0,2,3,"0,0,0,0,0,0,0,0,0",16,Belluna Dome,,,25000,GAME19920730SLLM0016
1992,1992-07-30,Reg Season,Seibu Lions,Home,W,6,Chiba Lotte Marines,6,10,0,"2,0,0,2,0,1,0,1,x",16,Belluna Dome,,,25000,GAME19920730SLLM0016
1992,1992-07-30,Reg Season,Hiroshima Toyo Carp,Away,L,0,Yakult Swallows,0,7,0,"0,0,0,0,0,0,0,0,0",16,Meiji Jingu Stadium,,,32000,GAME19920730YSHC0016
1992,1992-07-30,Reg Season,Yakult Swallows,Home,W,4,Hiroshima Toyo Carp,4,6,0,"0,0,0,4,0,0,0,0,x",16,Meiji Jingu Stadium,,,32000,GAME19920730YSHC0016
1992,1992-07-31,Reg Season,Yakult Swallows,Away,W,7,Chunichi Dragons,7,11,0,"0,0,2,0,0,1,3,1,0",15,Nagoya,,,35000,GAME19920731CDYS0015
1992,1992-07-31,Reg Season,Chunichi Dragons,Home,L,4,Yakult Swallows,4,14,0,"0,0,0,0,1,0,2,0,1",15,Nagoya,,,35000,GAME19920731CDYS0015
1992,1992-07-31,Reg Season,Yokohama Taiyo Whales,Away,L,0,Hanshin Tigers,0,5,1,"0,0,0,0,0,0,0,0,0",16,Hanshin Koshien Stadium,,,43000,GAME19920731HTDB0016
1992,1992-07-31,Reg Season,Hanshin Tigers,Home,W,7,Yokohama Taiyo Whales,7,7,0,"0,0,1,2,0,0,0,4,x",16,Hanshin Koshien Stadium,,,43000,GAME19920731HTDB0016
1992,1992-07-31,Reg Season,Orix Bluewave,Away,L,12,Seibu Lions,12,8,2,"0,1,0,1,3,3,1,0,3",17,Belluna Dome,,,26000,GAME19920731SLOB0017
1992,1992-07-31,Reg Season,Seibu Lions,Home,W,13,Orix Bluewave,13,12,0,"0,0,0,4,0,2,0,4,3x",17,Belluna Dome,,,26000,GAME19920731SLOB0017
1992,1992-08-01,Reg Season,Yakult Swallows,Away,W,9,Chunichi Dragons,9,10,0,"0,3,0,0,0,1,3,2,0",16,Nagoya,,,35000,GAME19920801CDYS0016
1992,1992-08-01,Reg Season,Chunichi Dragons,Home,L,4,Yakult Swallows,4,6,0,"0,2,0,0,0,0,0,0,2",16,Nagoya,,,35000,GAME19920801CDYS0016
1992,1992-08-01,Reg Season,Yomiuri Giants,Away,L,1,Hiroshima Toyo Carp,1,5,1,"1,0,0,0,0,0,0,0,0",15,Hiroshima citizens,,,32000,GAME19920801HCYG0015
1992,1992-08-01,Reg Season,Hiroshima Toyo Carp,Home,W,6,Yomiuri Giants,6,11,1,"4,0,0,0,1,0,0,1,x",15,Hiroshima citizens,,,32000,GAME19920801HCYG0015
1992,1992-08-01,Reg Season,Yokohama Taiyo Whales,Away,W,4,Hanshin Tigers,4,12,2,"0,0,0,0,0,0,0,1,1,2",17,Hanshin Koshien Stadium,,,55000,GAME19920801HTDB0017
1992,1992-08-01,Reg Season,Hanshin Tigers,Home,L,2,Yokohama Taiyo Whales,2,4,1,"0,1,0,0,0,0,0,0,1,0",17,Hanshin Koshien Stadium,,,55000,GAME19920801HTDB0017
1992,1992-08-01,Reg Season,Chiba Lotte Marines,Away,L,6,Nippon-Ham Fighters,6,14,0,"2,0,0,0,2,0,0,1,1",17,Maruyama Track and Field Stadium,,,12000,GAME19920801NFLM0017
1992,1992-08-01,Reg Season,Nippon-Ham Fighters,Home,W,8,Chiba Lotte Marines,8,13,0,"0,7,0,1,0,0,0,0,x",17,Maruyama Track and Field Stadium,,,12000,GAME19920801NFLM0017
1992,1992-08-01,Reg Season,Kintetsu Buffaloes,Away,W,9,Fukuoka Daiei Hawks,9,14,0,"0,3,0,0,0,0,0,1,5",12,Heiwa Lease Baseball Stadium,,,29000,GAME19920801SHKI0012
1992,1992-08-01,Reg Season,Fukuoka Daiei Hawks,Home,L,2,Kintetsu Buffaloes,2,4,4,"0,0,1,0,0,0,0,0,1",12,Heiwa Lease Baseball Stadium,,,29000,GAME19920801SHKI0012
1992,1992-08-02,Reg Season,Yakult Swallows,Away,L,2,Chunichi Dragons,2,7,0,"0,0,0,0,0,0,0,2,0",17,Nagoya,,,35000,GAME19920802CDYS0017
1992,1992-08-02,Reg Season,Chunichi Dragons,Home,W,5,Yakult Swallows,5,12,0,"0,2,1,1,0,1,0,0,x",17,Nagoya,,,35000,GAME19920802CDYS0017
1992,1992-08-02,Reg Season,Yomiuri Giants,Away,L,0,Hiroshima Toyo Carp,0,8,0,"0,0,0,0,0,0,0,0,0",16,Hiroshima citizens,,,28000,GAME19920802HCYG0016
1992,1992-08-02,Reg Season,Hiroshima Toyo Carp,Home,W,1,Yomiuri Giants,1,7,0,"0,0,0,1,0,0,0,0,x",16,Hiroshima citizens,,,28000,GAME19920802HCYG0016
1992,1992-08-02,Reg Season,Yokohama Taiyo Whales,Away,L,0,Hanshin Tigers,0,12,0,"0,0,0,0,0,0,0,0,0",18,Hanshin Koshien Stadium,,,50000,GAME19920802HTDB0018
1992,1992-08-02,Reg Season,Hanshin Tigers,Home,W,5,Yokohama Taiyo Whales,5,9,1,"2,0,0,0,0,3,0,0,x",18,Hanshin Koshien Stadium,,,50000,GAME19920802HTDB0018
1992,1992-08-02,Reg Season,Chiba Lotte Marines,Away,W,16,Nippon-Ham Fighters,16,15,1,"1,10,0,2,0,0,3,0,0",18,Maruyama Track and Field Stadium,,,20000,GAME19920802NFLM0018
1992,1992-08-02,Reg Season,Nippon-Ham Fighters,Home,L,5,Chiba Lotte Marines,5,12,2,"0,0,1,2,0,0,1,0,1",18,Maruyama Track and Field Stadium,,,20000,GAME19920802NFLM0018
1992,1992-08-02,Reg Season,Kintetsu Buffaloes,Away,L,1,Fukuoka Daiei Hawks,1,6,0,"1,0,0,0,0,0,0,0,0",13,Heiwa Lease Baseball Stadium,,,22000,GAME19920802SHKI0013
1992,1992-08-02,Reg Season,Fukuoka Daiei Hawks,Home,W,4,Kintetsu Buffaloes,4,9,0,"0,0,4,0,0,0,0,0,x",13,Heiwa Lease Baseball Stadium,,,22000,GAME19920802SHKI0013
1992,1992-08-02,Reg Season,Orix Bluewave,Away,L,3,Seibu Lions,3,8,0,"0,0,0,2,0,0,1,0,0",18,Belluna Dome,,,26000,GAME19920802SLOB0018
1992,1992-08-02,Reg Season,Seibu Lions,Home,W,6,Orix Bluewave,6,9,1,"0,0,0,4,1,0,1,0,x",18,Belluna Dome,,,26000,GAME19920802SLOB0018
1992,1992-08-04,Reg Season,Seibu Lions,Away,L,1,Kintetsu Buffaloes,1,6,0,"0,0,1,0,0,0,0,0,0",15,Fujiidera,,,24000,GAME19920804KISL0015
1992,1992-08-04,Reg Season,Kintetsu Buffaloes,Home,W,2,Seibu Lions,2,9,0,"1,0,0,0,1,0,0,0,x",15,Fujiidera,,,24000,GAME19920804KISL0015
1992,1992-08-04,Reg Season,Fukuoka Daiei Hawks,Away,L,4,Chiba Lotte Marines,4,8,3,"1,0,0,3,0,0,0,0,0",18,Fukui Prefectural Stadium,,,16000,GAME19920804LMSH0018
1992,1992-08-04,Reg Season,Chiba Lotte Marines,Home,W,5,Fukuoka Daiei Hawks,5,10,0,"0,3,0,0,0,0,2,0,x",18,Fukui Prefectural Stadium,,,16000,GAME19920804LMSH0018
1992,1992-08-04,Reg Season,Nippon-Ham Fighters,Away,W,7,Orix Bluewave,7,14,1,"2,0,3,0,0,1,1,0,0",16,Dorayaki Dramatic Park Yonago Citizens,,,14000,GAME19920804OBNF0016
1992,1992-08-04,Reg Season,Orix Bluewave,Home,L,3,Nippon-Ham Fighters,3,10,2,"0,0,1,1,1,0,0,0,0",16,Dorayaki Dramatic Park Yonago Citizens,,,14000,GAME19920804OBNF0016
1992,1992-08-04,Reg Season,Yokohama Taiyo Whales,Away,L,0,Yomiuri Giants,0,3,0,"0,0,0,0,0,0,0,0,0",17,Tokyo Dome,,,56000,GAME19920804YGDB0017
1992,1992-08-04,Reg Season,Yomiuri Giants,Home,W,1,Yokohama Taiyo Whales,1,6,0,"0,0,0,1,0,0,0,0,x",17,Tokyo Dome,,,56000,GAME19920804YGDB0017
1992,1992-08-04,Reg Season,Hanshin Tigers,Away,L,3,Yakult Swallows,3,5,0,"0,0,1,0,2,0,0,0,0",14,Meiji Jingu Stadium,,,48000,GAME19920804YSHT0014
1992,1992-08-04,Reg Season,Yakult Swallows,Home,W,4,Hanshin Tigers,4,7,0,"1,0,0,0,2,0,0,1,x",14,Meiji Jingu Stadium,,,48000,GAME19920804YSHT0014
1992,1992-08-05,Reg Season,Chunichi Dragons,Away,W,8,Hiroshima Toyo Carp,8,8,0,"4,0,0,0,0,1,0,0,0,3",16,Hiroshima citizens,,,22000,GAME19920805HCCD0016
1992,1992-08-05,Reg Season,Hiroshima Toyo Carp,Home,L,5,Chunichi Dragons,5,9,0,"0,0,0,0,1,0,0,0,4,0",16,Hiroshima citizens,,,22000,GAME19920805HCCD0016
1992,1992-08-05,Reg Season,Seibu Lions,Away,W,8,Kintetsu Buffaloes,8,11,1,"2,0,1,3,0,0,1,1,0",16,Fujiidera,,,30000,GAME19920805KISL0016
1992,1992-08-05,Reg Season,Kintetsu Buffaloes,Home,L,6,Seibu Lions,6,9,2,"0,0,0,3,0,1,0,2,0",16,Fujiidera,,,30000,GAME19920805KISL0016
1992,1992-08-05,Reg Season,Fukuoka Daiei Hawks,Away,W,6,Chiba Lotte Marines,6,12,0,"0,0,0,0,4,0,1,1,0",19,Ishikawa Prefectural Baseball Stadium,,,19000,GAME19920805LMSH0019
1992,1992-08-05,Reg Season,Chiba Lotte Marines,Home,L,5,Fukuoka Daiei Hawks,5,12,1,"0,3,0,1,0,1,0,0,0",19,Ishikawa Prefectural Baseball Stadium,,,19000,GAME19920805LMSH0019
1992,1992-08-05,Reg Season,Nippon-Ham Fighters,Away,L,4,Orix Bluewave,4,10,1,"0,0,2,0,0,0,2,0,0",17,Dorayaki Dramatic Park Yonago Citizens,,,14000,GAME19920805OBNF0017
1992,1992-08-05,Reg Season,Orix Bluewave,Home,W,5,Nippon-Ham Fighters,5,8,0,"1,0,1,0,0,1,0,1,1x",17,Dorayaki Dramatic Park Yonago Citizens,,,14000,GAME19920805OBNF0017
1992,1992-08-05,Reg Season,Yokohama Taiyo Whales,Away,L,2,Yomiuri Giants,2,6,0,"0,0,0,0,0,2,0,0,0",18,Tokyo Dome,,,56000,GAME19920805YGDB0018
1992,1992-08-05,Reg Season,Yomiuri Giants,Home,W,5,Yokohama Taiyo Whales,5,9,1,"1,1,1,0,2,0,0,0,x",18,Tokyo Dome,,,56000,GAME19920805YGDB0018
1992,1992-08-05,Reg Season,Hanshin Tigers,Away,W,9,Yakult Swallows,9,16,0,"0,1,4,0,0,0,0,2,2",15,Meiji Jingu Stadium,,,48000,GAME19920805YSHT0015
1992,1992-08-05,Reg Season,Yakult Swallows,Home,L,5,Hanshin Tigers,5,9,1,"0,2,0,1,0,0,0,0,2",15,Meiji Jingu Stadium,,,48000,GAME19920805YSHT0015
1992,1992-08-06,Reg Season,Chunichi Dragons,Away,L,5,Hiroshima Toyo Carp,5,12,0,"1,0,0,3,1,0,0,0,0",17,Fukuyama citizen (former),,,15000,GAME19920806HCCD0017
1992,1992-08-06,Reg Season,Hiroshima Toyo Carp,Home,W,10,Chunichi Dragons,10,15,0,"0,2,3,4,0,0,0,1,x",17,Fukuyama citizen (former),,,15000,GAME19920806HCCD0017
1992,1992-08-06,Reg Season,Seibu Lions,Away,L,3,Kintetsu Buffaloes,3,6,0,"0,0,1,0,0,0,0,0,2",17,Fujiidera,,,32000,GAME19920806KISL0017
1992,1992-08-06,Reg Season,Kintetsu Buffaloes,Home,W,8,Seibu Lions,8,12,1,"0,6,0,0,0,0,0,2,x",17,Fujiidera,,,32000,GAME19920806KISL0017
1992,1992-08-06,Reg Season,Yokohama Taiyo Whales,Away,L,0,Yomiuri Giants,0,4,0,"0,0,0,0,0,0,0,0,0",19,Tokyo Dome,,,56000,GAME19920806YGDB0019
1992,1992-08-06,Reg Season,Yomiuri Giants,Home,W,4,Yokohama Taiyo Whales,4,11,1,"0,1,0,2,1,0,0,0,x",19,Tokyo Dome,,,56000,GAME19920806YGDB0019
1992,1992-08-06,Reg Season,Hanshin Tigers,Away,L,7,Yakult Swallows,7,11,1,"3,0,2,0,1,0,1,0,0",16,Meiji Jingu Stadium,,,48000,GAME19920806YSHT0016
1992,1992-08-06,Reg Season,Yakult Swallows,Home,W,8,Hanshin Tigers,8,9,0,"0,2,0,0,4,0,2,0,x",16,Meiji Jingu Stadium,,,48000,GAME19920806YSHT0016
1992,1992-08-07,Reg Season,Yakult Swallows,Away,L,0,Yokohama Taiyo Whales,0,6,0,"0,0,0,0,0,0,0,0,0",16,Yokohama Stadium,,,26000,GAME19920807DBYS0016
1992,1992-08-07,Reg Season,Yokohama Taiyo Whales,Home,W,4,Yakult Swallows,4,6,0,"0,1,2,0,0,1,0,0,x",16,Yokohama Stadium,,,26000,GAME19920807DBYS0016
1992,1992-08-07,Reg Season,Seibu Lions,Away,W,6,Chiba Lotte Marines,6,11,2,"1,3,0,0,0,0,0,0,2",17,ZOZO Marine Stadium,,,35000,GAME19920807LMSL0017
1992,1992-08-07,Reg Season,Chiba Lotte Marines,Home,L,5,Seibu Lions,5,10,0,"0,0,2,1,0,0,0,2,0",17,ZOZO Marine Stadium,,,35000,GAME19920807LMSL0017
1992,1992-08-07,Reg Season,Kintetsu Buffaloes,Away,W,7,Orix Bluewave,7,10,0,"0,0,0,0,0,1,0,2,4",18,Kobe Athletic Park Baseball Field,,,25000,GAME19920807OBKI0018
1992,1992-08-07,Reg Season,Orix Bluewave,Home,L,6,Kintetsu Buffaloes,6,16,1,"3,1,0,0,0,1,1,0,0",18,Kobe Athletic Park Baseball Field,,,25000,GAME19920807OBKI0018
1992,1992-08-07,Reg Season,Nippon-Ham Fighters,Away,L,1,Fukuoka Daiei Hawks,1,5,0,"0,0,0,1,0,0,0,0,0",19,Heiwadai,,,20000,GAME19920807SHNF0019
1992,1992-08-07,Reg Season,Fukuoka Daiei Hawks,Home,W,5,Nippon-Ham Fighters,5,7,1,"0,2,0,0,3,0,0,0,x",19,Heiwadai,,,20000,GAME19920807SHNF0019
1992,1992-08-08,Reg Season,Yakult Swallows,Away,W,9,Yokohama Taiyo Whales,9,15,0,"1,0,2,0,0,3,1,2,0",17,Yokohama Stadium,,,30000,GAME19920808DBYS0017
1992,1992-08-08,Reg Season,Yokohama Taiyo Whales,Home,L,1,Yakult Swallows,1,5,0,"1,0,0,0,0,0,0,0,0",17,Yokohama Stadium,,,30000,GAME19920808DBYS0017
1992,1992-08-08,Reg Season,Seibu Lions,Away,W,5,Chiba Lotte Marines,5,7,0,"0,0,0,0,2,0,0,0,3",18,ZOZO Marine Stadium,,,39000,GAME19920808LMSL0018
1992,1992-08-08,Reg Season,Chiba Lotte Marines,Home,L,3,Seibu Lions,3,8,1,"0,3,0,0,0,0,0,0,0",18,ZOZO Marine Stadium,,,39000,GAME19920808LMSL0018
1992,1992-08-08,Reg Season,Chunichi Dragons,Away,L,2,Yomiuri Giants,2,4,2,"0,0,0,0,0,0,0,2,0",16,Tokyo Dome,,,56000,GAME19920808YGCD0016
1992,1992-08-08,Reg Season,Yomiuri Giants,Home,W,4,Chunichi Dragons,4,6,0,"3,0,0,1,0,0,0,0,x",16,Tokyo Dome,,,56000,GAME19920808YGCD0016
1992,1992-08-09,Reg Season,Yakult Swallows,Away,W,12,Yokohama Taiyo Whales,12,17,0,"6,5,1,0,0,0,0,0,0",18,Yokohama Stadium,,,24000,GAME19920809DBYS0018
1992,1992-08-09,Reg Season,Yokohama Taiyo Whales,Home,L,9,Yakult Swallows,9,9,0,"0,2,4,0,2,0,0,1,0",18,Yokohama Stadium,,,24000,GAME19920809DBYS0018
1992,1992-08-09,Reg Season,Hanshin Tigers,Away,W,5,Hiroshima Toyo Carp,5,11,1,"0,0,0,0,0,0,1,0,1,0,0,0,3",18,Hiroshima citizens,,,32000,GAME19920809HCHT0018
1992,1992-08-09,Reg Season,Hiroshima Toyo Carp,Home,L,3,Hanshin Tigers,3,12,2,"0,0,0,2,0,0,0,0,0,0,0,0,1",18,Hiroshima citizens,,,32000,GAME19920809HCHT0018
1992,1992-08-09,Reg Season,Seibu Lions,Away,W,9,Chiba Lotte Marines,9,14,1,"1,2,0,1,0,0,2,1,2",19,ZOZO Marine Stadium,,,37000,GAME19920809LMSL0019
1992,1992-08-09,Reg Season,Chiba Lotte Marines,Home,L,6,Seibu Lions,6,10,1,"0,0,4,0,0,1,0,0,1",19,ZOZO Marine Stadium,,,37000,GAME19920809LMSL0019
1992,1992-08-09,Reg Season,Kintetsu Buffaloes,Away,T,1,Orix Bluewave,1,8,0,"0,0,0,1,0,0,0,0,0,0,0",19,Kobe Athletic Park Baseball Field,,,30000,GAME19920809OBKI0019
1992,1992-08-09,Reg Season,Orix Bluewave,Home,T,1,Kintetsu Buffaloes,1,8,0,"0,0,0,0,0,0,1,0,0,0,0",19,Kobe Athletic Park Baseball Field,,,30000,GAME19920809OBKI0019
1992,1992-08-09,Reg Season,Nippon-Ham Fighters,Away,L,2,Fukuoka Daiei Hawks,2,6,0,"0,0,1,0,0,1,0,0,0",20,Heiwadai,,,28000,GAME19920809SHNF0020
1992,1992-08-09,Reg Season,Fukuoka Daiei Hawks,Home,W,5,Nippon-Ham Fighters,5,6,1,"1,0,0,3,0,0,0,1,x",20,Heiwadai,,,28000,GAME19920809SHNF0020
1992,1992-08-09,Reg Season,Chunichi Dragons,Away,L,0,Yomiuri Giants,0,7,0,"0,0,0,0,0,0,0,0,0",17,Tokyo Dome,,,56000,GAME19920809YGCD0017
1992,1992-08-09,Reg Season,Yomiuri Giants,Home,W,5,Chunichi Dragons,5,10,0,"0,0,3,2,0,0,0,0,x",17,Tokyo Dome,,,56000,GAME19920809YGCD0017
1992,1992-08-10,Reg Season,Chunichi Dragons,Away,L,5,Yomiuri Giants,5,6,1,"0,1,0,0,0,2,0,2,0",18,Tokyo Dome,,,56000,GAME19920810YGCD0018
1992,1992-08-10,Reg Season,Yomiuri Giants,Home,W,11,Chunichi Dragons,11,16,0,"1,5,0,2,2,0,0,1,x",18,Tokyo Dome,,,56000,GAME19920810YGCD0018
1992,1992-08-11,Reg Season,Hanshin Tigers,Away,L,3,Yokohama Taiyo Whales,3,5,0,"0,2,0,0,1,0,0,0,0",19,Yokohama Stadium,,,30000,GAME19920811DBHT0019
1992,1992-08-11,Reg Season,Yokohama Taiyo Whales,Home,W,4,Hanshin Tigers,4,10,2,"1,0,1,0,0,1,0,0,1x",19,Yokohama Stadium,,,30000,GAME19920811DBHT0019
1992,1992-08-11,Reg Season,Chiba Lotte Marines,Away,W,7,Orix Bluewave,7,9,0,"0,1,0,0,1,0,2,3,0",12,Kobe Athletic Park Baseball Field,,,18000,GAME19920811OBLM0012
1992,1992-08-11,Reg Season,Orix Bluewave,Home,L,4,Chiba Lotte Marines,4,11,1,"1,1,0,1,0,1,0,0,0",12,Kobe Athletic Park Baseball Field,,,18000,GAME19920811OBLM0012
1992,1992-08-11,Reg Season,Fukuoka Daiei Hawks,Away,L,1,Seibu Lions,1,6,0,"0,0,0,0,0,0,0,0,1",16,Belluna Dome,,,32000,GAME19920811SLSH0016
1992,1992-08-11,Reg Season,Seibu Lions,Home,W,6,Fukuoka Daiei Hawks,6,10,0,"0,2,0,1,2,1,0,0,x",16,Belluna Dome,,,32000,GAME19920811SLSH0016
1992,1992-08-11,Reg Season,Hiroshima Toyo Carp,Away,W,13,Yomiuri Giants,13,20,0,"1,0,2,0,4,0,0,2,4",17,Tokyo Dome,,,56000,GAME19920811YGHC0017
1992,1992-08-11,Reg Season,Yomiuri Giants,Home,L,2,Hiroshima Toyo Carp,2,7,3,"0,1,0,1,0,0,0,0,0",17,Tokyo Dome,,,56000,GAME19920811YGHC0017
1992,1992-08-11,Reg Season,Chunichi Dragons,Away,L,2,Yakult Swallows,2,12,0,"0,0,0,0,0,2,0,0,0",18,Meiji Jingu Stadium,,,36000,GAME19920811YSCD0018
1992,1992-08-11,Reg Season,Yakult Swallows,Home,W,5,Chunichi Dragons,5,8,1,"0,0,1,0,0,2,0,2,x",18,Meiji Jingu Stadium,,,36000,GAME19920811YSCD0018
1992,1992-08-12,Reg Season,Hanshin Tigers,Away,W,3,Yokohama Taiyo Whales,3,7,0,"2,0,0,0,0,0,1,0,0",20,Yokohama Stadium,,,30000,GAME19920812DBHT0020
1992,1992-08-12,Reg Season,Yokohama Taiyo Whales,Home,L,2,Hanshin Tigers,2,7,0,"0,0,0,0,1,0,0,0,1",20,Yokohama Stadium,,,30000,GAME19920812DBHT0020
1992,1992-08-12,Reg Season,Chiba Lotte Marines,Away,W,7,Orix Bluewave,7,13,1,"0,0,0,0,0,1,0,2,0,0,4",13,Kobe Athletic Park Baseball Field,,,14000,GAME19920812OBLM0013
1992,1992-08-12,Reg Season,Orix Bluewave,Home,L,3,Chiba Lotte Marines,3,7,0,"1,0,2,0,0,0,0,0,0,0,0",13,Kobe Athletic Park Baseball Field,,,14000,GAME19920812OBLM0013
1992,1992-08-12,Reg Season,Fukuoka Daiei Hawks,Away,L,0,Seibu Lions,0,4,0,"0,0,0,0,0,0,0,0,0",17,Belluna Dome,,,28000,GAME19920812SLSH0017
1992,1992-08-12,Reg Season,Seibu Lions,Home,W,2,Fukuoka Daiei Hawks,2,6,0,"0,0,1,0,0,0,1,0,x",17,Belluna Dome,,,28000,GAME19920812SLSH0017
1992,1992-08-12,Reg Season,Hiroshima Toyo Carp,Away,L,3,Yomiuri Giants,3,13,1,"1,1,0,0,0,0,0,0,1,0,0,0",18,Tokyo Dome,,,56000,GAME19920812YGHC0018
1992,1992-08-12,Reg Season,Yomiuri Giants,Home,W,4,Hiroshima Toyo Carp,4,6,1,"0,0,0,0,1,0,1,1,0,0,0,1x",18,Tokyo Dome,,,56000,GAME19920812YGHC0018
1992,1992-08-12,Reg Season,Chunichi Dragons,Away,L,1,Yakult Swallows,1,7,1,"1,0,0,0,0,0,0,0,0",19,Meiji Jingu Stadium,,,32000,GAME19920812YSCD0019
1992,1992-08-12,Reg Season,Yakult Swallows,Home,W,9,Chunichi Dragons,9,15,0,"0,4,0,1,2,1,1,0,x",19,Meiji Jingu Stadium,,,32000,GAME19920812YSCD0019
1992,1992-08-13,Reg Season,Hanshin Tigers,Away,W,3,Yokohama Taiyo Whales,3,7,1,"0,1,1,0,0,0,1,0,0",21,Yokohama Stadium,,,30000,GAME19920813DBHT0021
1992,1992-08-13,Reg Season,Yokohama Taiyo Whales,Home,L,2,Hanshin Tigers,2,6,0,"0,0,0,1,0,0,0,1,0",21,Yokohama Stadium,,,30000,GAME19920813DBHT0021
1992,1992-08-13,Reg Season,Nippon-Ham Fighters,Away,L,2,Kintetsu Buffaloes,2,9,0,"0,0,0,0,1,1,0,0,0",19,Nagoya,,,18000,GAME19920813KINF0019
1992,1992-08-13,Reg Season,Kintetsu Buffaloes,Home,W,3,Nippon-Ham Fighters,3,7,0,"1,0,1,1,0,0,0,0,x",19,Nagoya,,,18000,GAME19920813KINF0019
1992,1992-08-13,Reg Season,Chiba Lotte Marines,Away,L,3,Orix Bluewave,3,11,2,"0,0,0,0,2,0,0,0,1",14,Kobe Athletic Park Baseball Field,,,28000,GAME19920813OBLM0014
1992,1992-08-13,Reg Season,Orix Bluewave,Home,W,10,Chiba Lotte Marines,10,13,1,"0,6,0,0,0,0,1,3,x",14,Kobe Athletic Park Baseball Field,,,28000,GAME19920813OBLM0014
1992,1992-08-13,Reg Season,Fukuoka Daiei Hawks,Away,W,2,Seibu Lions,2,7,0,"0,0,2,0,0,0,0,0,0",18,Belluna Dome,,,30000,GAME19920813SLSH0018
1992,1992-08-13,Reg Season,Seibu Lions,Home,L,0,Fukuoka Daiei Hawks,0,9,1,"0,0,0,0,0,0,0,0,0",18,Belluna Dome,,,30000,GAME19920813SLSH0018
1992,1992-08-13,Reg Season,Hiroshima Toyo Carp,Away,W,10,Yomiuri Giants,10,12,0,"0,0,4,0,0,3,0,0,3",19,Tokyo Dome,,,56000,GAME19920813YGHC0019
1992,1992-08-13,Reg Season,Yomiuri Giants,Home,L,0,Hiroshima Toyo Carp,0,5,0,"0,0,0,0,0,0,0,0,0",19,Tokyo Dome,,,56000,GAME19920813YGHC0019
1992,1992-08-13,Reg Season,Chunichi Dragons,Away,L,0,Yakult Swallows,0,7,0,"0,0,0,0,0,0,0,0,0",20,Meiji Jingu Stadium,,,36000,GAME19920813YSCD0020
1992,1992-08-13,Reg Season,Yakult Swallows,Home,W,6,Chunichi Dragons,6,10,1,"1,0,0,0,0,0,3,2,x",20,Meiji Jingu Stadium,,,36000,GAME19920813YSCD0020
1992,1992-08-14,Reg Season,Orix Bluewave,Away,W,8,Nippon-Ham Fighters,8,15,0,"4,0,2,0,1,0,0,1,0",18,Tokyo Dome,,,35000,GAME19920814NFOB0018
1992,1992-08-14,Reg Season,Nippon-Ham Fighters,Home,L,3,Orix Bluewave,3,5,0,"0,0,0,1,1,0,0,1,0",18,Tokyo Dome,,,35000,GAME19920814NFOB0018
1992,1992-08-14,Reg Season,Chiba Lotte Marines,Away,L,3,Fukuoka Daiei Hawks,3,7,0,"0,0,2,0,0,1,0,0,0",20,Heiwadai,,,25000,GAME19920814SHLM0020
1992,1992-08-14,Reg Season,Fukuoka Daiei Hawks,Home,W,7,Chiba Lotte Marines,7,13,0,"1,0,0,0,5,0,0,1,x",20,Heiwadai,,,25000,GAME19920814SHLM0020
1992,1992-08-14,Reg Season,Kintetsu Buffaloes,Away,W,14,Seibu Lions,14,15,0,"0,0,1,8,3,1,0,1,0",18,Belluna Dome,,,50000,GAME19920814SLKI0018
1992,1992-08-14,Reg Season,Seibu Lions,Home,L,4,Kintetsu Buffaloes,4,9,2,"0,0,0,1,1,1,0,0,1",18,Belluna Dome,,,50000,GAME19920814SLKI0018
1992,1992-08-15,Reg Season,Hanshin Tigers,Away,W,6,Chunichi Dragons,6,7,0,"0,1,1,1,0,0,0,0,0,3",19,Nagoya,,,35000,GAME19920815CDHT0019
1992,1992-08-15,Reg Season,Chunichi Dragons,Home,L,5,Hanshin Tigers,5,10,2,"0,0,0,3,0,0,0,0,0,2",19,Nagoya,,,35000,GAME19920815CDHT0019
1992,1992-08-15,Reg Season,Yokohama Taiyo Whales,Away,W,4,Hiroshima Toyo Carp,4,9,0,"3,0,0,0,1,0,0,0,0",19,Hiroshima citizens,,,23000,GAME19920815HCDB0019
1992,1992-08-15,Reg Season,Hiroshima Toyo Carp,Home,L,1,Yokohama Taiyo Whales,1,4,0,"0,0,0,0,0,0,0,1,0",19,Hiroshima citizens,,,23000,GAME19920815HCDB0019
1992,1992-08-15,Reg Season,Orix Bluewave,Away,W,4,Nippon-Ham Fighters,4,12,1,"0,1,3,0,0,0,0,0,0",19,Tokyo Dome,,,36000,GAME19920815NFOB0019
1992,1992-08-15,Reg Season,Nippon-Ham Fighters,Home,L,3,Orix Bluewave,3,8,0,"0,1,0,0,0,1,0,1,0",19,Tokyo Dome,,,36000,GAME19920815NFOB0019
1992,1992-08-15,Reg Season,Chiba Lotte Marines,Away,L,0,Fukuoka Daiei Hawks,0,8,0,"0,0,0,0,0,0,0,0,0",21,Heiwadai,,,24000,GAME19920815SHLM0021
1992,1992-08-15,Reg Season,Fukuoka Daiei Hawks,Home,W,3,Chiba Lotte Marines,3,6,0,"0,0,0,0,1,1,1,0,x",21,Heiwadai,,,24000,GAME19920815SHLM0021
1992,1992-08-15,Reg Season,Kintetsu Buffaloes,Away,L,1,Seibu Lions,1,6,0,"1,0,0,0,0,0,0,0,0",19,Belluna Dome,,,50000,GAME19920815SLKI0019
1992,1992-08-15,Reg Season,Seibu Lions,Home,W,4,Kintetsu Buffaloes,4,4,0,"1,1,0,0,0,0,2,0,x",19,Belluna Dome,,,50000,GAME19920815SLKI0019
1992,1992-08-15,Reg Season,Yomiuri Giants,Away,L,1,Yakult Swallows,1,7,0,"0,1,0,0,0,0,0,0,0",18,Meiji Jingu Stadium,,,48000,GAME19920815YSYG0018
1992,1992-08-15,Reg Season,Yakult Swallows,Home,W,11,Yomiuri Giants,11,10,0,"1,1,0,4,5,0,0,0,x",18,Meiji Jingu Stadium,,,48000,GAME19920815YSYG0018
1992,1992-08-16,Reg Season,Hanshin Tigers,Away,W,9,Chunichi Dragons,9,13,1,"4,0,0,0,0,3,0,1,0,1",20,Nagoya,,,35000,GAME19920816CDHT0020
1992,1992-08-16,Reg Season,Chunichi Dragons,Home,L,8,Hanshin Tigers,8,16,0,"2,0,2,0,0,0,4,0,0,0",20,Nagoya,,,35000,GAME19920816CDHT0020
1992,1992-08-16,Reg Season,Yokohama Taiyo Whales,Away,W,3,Hiroshima Toyo Carp,3,11,0,"0,0,0,0,0,0,0,1,0,2",20,Hiroshima citizens,,,16000,GAME19920816HCDB0020
1992,1992-08-16,Reg Season,Hiroshima Toyo Carp,Home,L,1,Yokohama Taiyo Whales,1,4,0,"0,0,0,0,1,0,0,0,0,0",20,Hiroshima citizens,,,16000,GAME19920816HCDB0020
1992,1992-08-16,Reg Season,Orix Bluewave,Away,W,3,Nippon-Ham Fighters,3,7,0,"0,0,1,0,0,0,1,0,1",20,Tokyo Dome,,,31000,GAME19920816NFOB0020
1992,1992-08-16,Reg Season,Nippon-Ham Fighters,Home,L,2,Orix Bluewave,2,7,0,"0,0,0,1,1,0,0,0,0",20,Tokyo Dome,,,31000,GAME19920816NFOB0020
1992,1992-08-16,Reg Season,Chiba Lotte Marines,Away,L,6,Fukuoka Daiei Hawks,6,8,0,"0,0,0,4,1,0,1,0,0",22,Heiwadai,,,28000,GAME19920816SHLM0022
1992,1992-08-16,Reg Season,Fukuoka Daiei Hawks,Home,W,7,Chiba Lotte Marines,7,9,1,"1,2,0,0,0,0,2,0,2x",22,Heiwadai,,,28000,GAME19920816SHLM0022
1992,1992-08-16,Reg Season,Kintetsu Buffaloes,Away,W,2,Seibu Lions,2,9,1,"0,0,0,0,0,0,1,1,0",20,Belluna Dome,,,40000,GAME19920816SLKI0020
1992,1992-08-16,Reg Season,Seibu Lions,Home,L,0,Kintetsu Buffaloes,0,2,1,"0,0,0,0,0,0,0,0,0",20,Belluna Dome,,,40000,GAME19920816SLKI0020
1992,1992-08-16,Reg Season,Yomiuri Giants,Away,L,2,Yakult Swallows,2,7,0,"0,1,0,1,0,0,0,0,0",19,Meiji Jingu Stadium,,,48000,GAME19920816YSYG0019
1992,1992-08-16,Reg Season,Yakult Swallows,Home,W,8,Yomiuri Giants,8,14,1,"1,1,2,0,1,1,2,0,x",19,Meiji Jingu Stadium,,,48000,GAME19920816YSYG0019
1992,1992-08-17,Reg Season,Hanshin Tigers,Away,L,5,Chunichi Dragons,5,13,2,"0,1,0,1,0,2,1,0,0,0,0",21,Nagoya,,,35000,GAME19920817CDHT0021
1992,1992-08-17,Reg Season,Chunichi Dragons,Home,W,6,Hanshin Tigers,6,13,1,"0,3,1,0,1,0,0,0,0,0,1x",21,Nagoya,,,35000,GAME19920817CDHT0021
1992,1992-08-17,Reg Season,Yokohama Taiyo Whales,Away,L,1,Hiroshima Toyo Carp,1,6,1,"0,0,0,0,0,0,0,1,0",21,Hiroshima citizens,,,13000,GAME19920817HCDB0021
1992,1992-08-17,Reg Season,Hiroshima Toyo Carp,Home,W,6,Yokohama Taiyo Whales,6,11,0,"0,3,0,0,2,1,0,0,x",21,Hiroshima citizens,,,13000,GAME19920817HCDB0021
1992,1992-08-17,Reg Season,Yomiuri Giants,Away,W,10,Yakult Swallows,10,13,0,"1,1,0,0,5,1,0,0,2",20,Meiji Jingu Stadium,,,48000,GAME19920817YSYG0020
1992,1992-08-17,Reg Season,Yakult Swallows,Home,L,0,Yomiuri Giants,0,6,1,"0,0,0,0,0,0,0,0,0",20,Meiji Jingu Stadium,,,48000,GAME19920817YSYG0020
1992,1992-08-18,Reg Season,Kintetsu Buffaloes,Away,W,6,Chiba Lotte Marines,6,10,0,"0,1,0,1,3,0,1,0,0",19,ZOZO Marine Stadium,,,18000,GAME19920818LMKI0019
1992,1992-08-18,Reg Season,Chiba Lotte Marines,Home,L,3,Kintetsu Buffaloes,3,8,0,"0,0,0,2,0,0,0,1,0",19,ZOZO Marine Stadium,,,18000,GAME19920818LMKI0019
1992,1992-08-18,Reg Season,Seibu Lions,Away,W,12,Nippon-Ham Fighters,12,12,0,"0,0,0,5,6,1,0,0,0",16,Tokyo Dome,,,51000,GAME19920818NFSL0016
1992,1992-08-18,Reg Season,Nippon-Ham Fighters,Home,L,1,Seibu Lions,1,7,1,"0,0,1,0,0,0,0,0,0",16,Tokyo Dome,,,51000,GAME19920818NFSL0016
1992,1992-08-19,Reg Season,Hiroshima Toyo Carp,Away,L,0,Chunichi Dragons,0,5,0,"0,0,0,0,0,0,0,0,0",18,Nagoya,,,35000,GAME19920819CDHC0018
1992,1992-08-19,Reg Season,Chunichi Dragons,Home,W,1,Hiroshima Toyo Carp,1,6,0,"0,0,0,0,0,0,0,0,1x",18,Nagoya,,,35000,GAME19920819CDHC0018
1992,1992-08-19,Reg Season,Yomiuri Giants,Away,W,2,Yokohama Taiyo Whales,2,8,1,"0,1,0,0,1,0,0,0,0",20,Yokohama Stadium,,,30000,GAME19920819DBYG0020
1992,1992-08-19,Reg Season,Yokohama Taiyo Whales,Home,L,0,Yomiuri Giants,0,2,0,"0,0,0,0,0,0,0,0,0",20,Yokohama Stadium,,,30000,GAME19920819DBYG0020
1992,1992-08-19,Reg Season,Kintetsu Buffaloes,Away,L,0,Chiba Lotte Marines,0,3,1,"0,0,0,0,0,0,0,0,0",20,ZOZO Marine Stadium,,,18000,GAME19920819LMKI0020
1992,1992-08-19,Reg Season,Chiba Lotte Marines,Home,W,2,Kintetsu Buffaloes,2,7,0,"0,1,0,0,0,1,0,0,x",20,ZOZO Marine Stadium,,,18000,GAME19920819LMKI0020
1992,1992-08-19,Reg Season,Seibu Lions,Away,L,0,Nippon-Ham Fighters,0,6,1,"0,0,0,0,0,0,0,0,0",17,Tokyo Dome,,,50000,GAME19920819NFSL0017
1992,1992-08-19,Reg Season,Nippon-Ham Fighters,Home,W,12,Seibu Lions,12,15,0,"3,4,1,0,0,0,0,4,x",17,Tokyo Dome,,,50000,GAME19920819NFSL0017
1992,1992-08-20,Reg Season,Hiroshima Toyo Carp,Away,L,2,Chunichi Dragons,2,6,0,"0,0,0,0,1,0,0,1,0",19,Nagoya,,,35000,GAME19920820CDHC0019
1992,1992-08-20,Reg Season,Chunichi Dragons,Home,W,5,Hiroshima Toyo Carp,5,8,1,"0,0,1,0,0,0,2,2,x",19,Nagoya,,,35000,GAME19920820CDHC0019
1992,1992-08-20,Reg Season,Yomiuri Giants,Away,L,2,Yokohama Taiyo Whales,2,11,2,"0,1,0,0,0,1,0,0,0",21,Yokohama Stadium,,,30000,GAME19920820DBYG0021
1992,1992-08-20,Reg Season,Yokohama Taiyo Whales,Home,W,3,Yomiuri Giants,3,9,0,"0,0,0,1,1,0,1,0,x",21,Yokohama Stadium,,,30000,GAME19920820DBYG0021
1992,1992-08-20,Reg Season,Yakult Swallows,Away,W,1,Hanshin Tigers,1,5,0,"0,0,0,1,0,0,0,0,0",17,Nishinomiya,,,32000,GAME19920820HTYS0017
1992,1992-08-20,Reg Season,Hanshin Tigers,Home,L,0,Yakult Swallows,0,4,1,"0,0,0,0,0,0,0,0,0",17,Nishinomiya,,,32000,GAME19920820HTYS0017
1992,1992-08-20,Reg Season,Kintetsu Buffaloes,Away,L,0,Chiba Lotte Marines,0,4,2,"0,0,0,0,0,0,0,0,0",21,ZOZO Marine Stadium,,,18000,GAME19920820LMKI0021
1992,1992-08-20,Reg Season,Chiba Lotte Marines,Home,W,8,Kintetsu Buffaloes,8,13,0,"2,2,0,2,2,0,0,0,x",21,ZOZO Marine Stadium,,,18000,GAME19920820LMKI0021
1992,1992-08-20,Reg Season,Seibu Lions,Away,L,5,Nippon-Ham Fighters,5,9,2,"0,2,0,0,0,1,2,0,0",18,Tokyo Dome,,,51000,GAME19920820NFSL0018
1992,1992-08-20,Reg Season,Nippon-Ham Fighters,Home,W,12,Seibu Lions,12,11,1,"0,0,3,0,0,6,3,0,x",18,Tokyo Dome,,,51000,GAME19920820NFSL0018
1992,1992-08-20,Reg Season,Orix Bluewave,Away,L,1,Fukuoka Daiei Hawks,1,4,0,"0,0,0,0,0,1,0,0,0",22,Heiwadai,,,27000,GAME19920820SHOB0022
1992,1992-08-20,Reg Season,Fukuoka Daiei Hawks,Home,W,6,Orix Bluewave,6,12,0,"0,0,0,0,0,3,3,0,x",22,Heiwadai,,,27000,GAME19920820SHOB0022
1992,1992-08-21,Reg Season,Chunichi Dragons,Away,L,1,Yokohama Taiyo Whales,1,5,0,"1,0,0,0,0,0,0,0,0",18,Yokohama Stadium,,,22000,GAME19920821DBCD0018
1992,1992-08-21,Reg Season,Yokohama Taiyo Whales,Home,W,3,Chunichi Dragons,3,8,2,"0,1,0,1,0,1,0,0,x",18,Yokohama Stadium,,,22000,GAME19920821DBCD0018
1992,1992-08-21,Reg Season,Yakult Swallows,Away,L,3,Hiroshima Toyo Carp,3,8,1,"1,0,0,0,1,0,1,0,0",17,Hiroshima citizens,,,24000,GAME19920821HCYS0017
1992,1992-08-21,Reg Season,Hiroshima Toyo Carp,Home,W,9,Yakult Swallows,9,12,1,"0,0,2,2,0,0,5,0,x",17,Hiroshima citizens,,,24000,GAME19920821HCYS0017
1992,1992-08-21,Reg Season,Fukuoka Daiei Hawks,Away,L,0,Kintetsu Buffaloes,0,8,1,"0,0,0,0,0,0,0,0,0",14,Fujiidera,,,20000,GAME19920821KISH0014
1992,1992-08-21,Reg Season,Kintetsu Buffaloes,Home,W,8,Fukuoka Daiei Hawks,8,10,0,"2,0,0,1,2,2,1,0,x",14,Fujiidera,,,20000,GAME19920821KISH0014
1992,1992-08-21,Reg Season,Nippon-Ham Fighters,Away,W,4,Chiba Lotte Marines,4,9,0,"2,0,0,0,0,0,1,1,0",19,ZOZO Marine Stadium,,,10000,GAME19920821LMNF0019
1992,1992-08-21,Reg Season,Chiba Lotte Marines,Home,L,0,Nippon-Ham Fighters,0,2,0,"0,0,0,0,0,0,0,0,0",19,ZOZO Marine Stadium,,,10000,GAME19920821LMNF0019
1992,1992-08-21,Reg Season,Seibu Lions,Away,W,3,Orix Bluewave,3,7,1,"0,1,0,0,0,0,1,1,0",19,Kobe Athletic Park Baseball Field,,,30000,GAME19920821OBSL0019
1992,1992-08-21,Reg Season,Orix Bluewave,Home,L,0,Seibu Lions,0,3,0,"0,0,0,0,0,0,0,0,0",19,Kobe Athletic Park Baseball Field,,,30000,GAME19920821OBSL0019
1992,1992-08-21,Reg Season,Hanshin Tigers,Away,L,0,Yomiuri Giants,0,7,0,"0,0,0,0,0,0,0,0,0",21,Tokyo Dome,,,56000,GAME19920821YGHT0021
1992,1992-08-21,Reg Season,Yomiuri Giants,Home,W,7,Hanshin Tigers,7,12,0,"0,1,0,0,2,1,3,0,x",21,Tokyo Dome,,,56000,GAME19920821YGHT0021
1992,1992-08-22,Reg Season,Chunichi Dragons,Away,L,6,Yokohama Taiyo Whales,6,9,0,"4,0,0,0,0,0,2,0,0",19,Yokohama Stadium,,,26000,GAME19920822DBCD0019
1992,1992-08-22,Reg Season,Yokohama Taiyo Whales,Home,W,7,Chunichi Dragons,7,13,0,"0,1,0,5,0,0,0,0,1x",19,Yokohama Stadium,,,26000,GAME19920822DBCD0019
1992,1992-08-22,Reg Season,Yakult Swallows,Away,L,7,Hiroshima Toyo Carp,7,13,1,"0,0,0,0,1,3,2,1,0",18,Hiroshima citizens,,,32000,GAME19920822HCYS0018
1992,1992-08-22,Reg Season,Hiroshima Toyo Carp,Home,W,8,Yakult Swallows,8,13,0,"0,0,0,1,0,1,3,3,x",18,Hiroshima citizens,,,32000,GAME19920822HCYS0018
1992,1992-08-22,Reg Season,Nippon-Ham Fighters,Away,L,0,Chiba Lotte Marines,0,6,0,"0,0,0,0,0,0,0,0,0",20,ZOZO Marine Stadium,,,24000,GAME19920822LMNF0020
1992,1992-08-22,Reg Season,Chiba Lotte Marines,Home,W,6,Nippon-Ham Fighters,6,12,0,"0,0,1,0,4,0,1,0,x",20,ZOZO Marine Stadium,,,24000,GAME19920822LMNF0020
1992,1992-08-22,Reg Season,Seibu Lions,Away,L,0,Orix Bluewave,0,6,0,"0,0,0,0,0,0,0,0,0",20,Kobe Athletic Park Baseball Field,,,35000,GAME19920822OBSL0020
1992,1992-08-22,Reg Season,Orix Bluewave,Home,W,3,Seibu Lions,3,5,0,"1,2,0,0,0,0,0,0,x",20,Kobe Athletic Park Baseball Field,,,35000,GAME19920822OBSL0020
1992,1992-08-22,Reg Season,Hanshin Tigers,Away,W,7,Yomiuri Giants,7,10,0,"0,0,0,0,1,0,2,4,0",22,Tokyo Dome,,,56000,GAME19920822YGHT0022
1992,1992-08-22,Reg Season,Yomiuri Giants,Home,L,1,Hanshin Tigers,1,5,1,"0,0,0,0,0,0,0,0,1",22,Tokyo Dome,,,56000,GAME19920822YGHT0022
1992,1992-08-23,Reg Season,Chunichi Dragons,Away,L,2,Yokohama Taiyo Whales,2,7,1,"1,0,0,0,0,0,0,0,1",20,Yokohama Stadium,,,22000,GAME19920823DBCD0020
1992,1992-08-23,Reg Season,Yokohama Taiyo Whales,Home,W,4,Chunichi Dragons,4,12,0,"0,0,0,0,0,0,4,0,x",20,Yokohama Stadium,,,22000,GAME19920823DBCD0020
1992,1992-08-23,Reg Season,Yakult Swallows,Away,W,4,Hiroshima Toyo Carp,4,7,0,"0,1,0,2,0,0,0,0,1",19,Hiroshima citizens,,,32000,GAME19920823HCYS0019
1992,1992-08-23,Reg Season,Hiroshima Toyo Carp,Home,L,1,Yakult Swallows,1,2,1,"0,0,0,0,1,0,0,0,0",19,Hiroshima citizens,,,32000,GAME19920823HCYS0019
1992,1992-08-23,Reg Season,Fukuoka Daiei Hawks,Away,L,1,Kintetsu Buffaloes,1,5,0,"0,0,0,0,1,0,0,0,0",15,Fujiidera,,,25000,GAME19920823KISH0015
1992,1992-08-23,Reg Season,Kintetsu Buffaloes,Home,W,2,Fukuoka Daiei Hawks,2,4,1,"0,1,0,0,0,0,1,0,x",15,Fujiidera,,,25000,GAME19920823KISH0015
1992,1992-08-23,Reg Season,Nippon-Ham Fighters,Away,L,0,Chiba Lotte Marines,0,2,0,"0,0,0,0,0,0,0,0,0",21,ZOZO Marine Stadium,,,18000,GAME19920823LMNF0021
1992,1992-08-23,Reg Season,Chiba Lotte Marines,Home,W,2,Nippon-Ham Fighters,2,7,0,"0,0,1,0,0,1,0,0,x",21,ZOZO Marine Stadium,,,18000,GAME19920823LMNF0021
1992,1992-08-23,Reg Season,Seibu Lions,Away,W,6,Orix Bluewave,6,10,0,"0,0,2,0,2,0,0,1,1",21,Kobe Athletic Park Baseball Field,,,33000,GAME19920823OBSL0021
1992,1992-08-23,Reg Season,Orix Bluewave,Home,L,5,Seibu Lions,5,8,0,"1,0,0,2,0,0,0,2,0",21,Kobe Athletic Park Baseball Field,,,33000,GAME19920823OBSL0021
1992,1992-08-23,Reg Season,Hanshin Tigers,Away,W,1,Yomiuri Giants,1,8,0,"1,0,0,0,0,0,0,0,0",23,Tokyo Dome,,,56000,GAME19920823YGHT0023
1992,1992-08-23,Reg Season,Yomiuri Giants,Home,L,0,Hanshin Tigers,0,4,0,"0,0,0,0,0,0,0,0,0",23,Tokyo Dome,,,56000,GAME19920823YGHT0023
1992,1992-08-25,Reg Season,Yomiuri Giants,Away,W,3,Chunichi Dragons,3,8,1,"0,0,0,0,0,3,0,0,0",19,Nagoya,,,35000,GAME19920825CDYG0019
1992,1992-08-25,Reg Season,Chunichi Dragons,Home,L,2,Yomiuri Giants,2,13,0,"0,0,0,0,0,0,1,1,0",19,Nagoya,,,35000,GAME19920825CDYG0019
1992,1992-08-25,Reg Season,Hiroshima Toyo Carp,Away,L,1,Hanshin Tigers,1,11,0,"0,1,0,0,0,0,0,0,0",19,Kobe Athletic Park Baseball Field,,,33000,GAME19920825HTHC0019
1992,1992-08-25,Reg Season,Hanshin Tigers,Home,W,3,Hiroshima Toyo Carp,3,5,0,"0,0,0,1,2,0,0,0,x",19,Kobe Athletic Park Baseball Field,,,33000,GAME19920825HTHC0019
1992,1992-08-25,Reg Season,Orix Bluewave,Away,W,6,Chiba Lotte Marines,6,11,0,"1,4,1,0,0,0,0,0,0",15,ZOZO Marine Stadium,,,10000,GAME19920825LMOB0015
1992,1992-08-25,Reg Season,Chiba Lotte Marines,Home,L,4,Orix Bluewave,4,10,1,"0,0,1,0,0,0,0,1,2",15,ZOZO Marine Stadium,,,10000,GAME19920825LMOB0015
1992,1992-08-25,Reg Season,Kintetsu Buffaloes,Away,L,3,Nippon-Ham Fighters,3,7,0,"0,0,0,0,0,0,2,1,0",20,Tokyo Dome,,,35000,GAME19920825NFKI0020
1992,1992-08-25,Reg Season,Nippon-Ham Fighters,Home,W,6,Kintetsu Buffaloes,6,13,0,"0,1,1,1,0,1,2,0,x",20,Tokyo Dome,,,35000,GAME19920825NFKI0020
1992,1992-08-25,Reg Season,Yokohama Taiyo Whales,Away,L,9,Yakult Swallows,9,12,0,"0,0,0,0,0,9,0,0,0",19,Meiji Jingu Stadium,,,28000,GAME19920825YSDB0019
1992,1992-08-25,Reg Season,Yakult Swallows,Home,W,11,Yokohama Taiyo Whales,11,15,2,"0,2,4,1,0,0,2,2,x",19,Meiji Jingu Stadium,,,28000,GAME19920825YSDB0019
1992,1992-08-26,Reg Season,Yomiuri Giants,Away,W,6,Chunichi Dragons,6,12,0,"2,0,0,2,1,0,1,0,0",20,Nagoya,,,35000,GAME19920826CDYG0020
1992,1992-08-26,Reg Season,Chunichi Dragons,Home,L,1,Yomiuri Giants,1,5,0,"0,0,0,0,1,0,0,0,0",20,Nagoya,,,35000,GAME19920826CDYG0020
1992,1992-08-26,Reg Season,Hiroshima Toyo Carp,Away,L,3,Hanshin Tigers,3,9,0,"0,0,0,1,1,0,0,0,1",20,Kobe Athletic Park Baseball Field,,,35000,GAME19920826HTHC0020
1992,1992-08-26,Reg Season,Hanshin Tigers,Home,W,4,Hiroshima Toyo Carp,4,9,0,"1,0,3,0,0,0,0,0,x",20,Kobe Athletic Park Baseball Field,,,35000,GAME19920826HTHC0020
1992,1992-08-26,Reg Season,Orix Bluewave,Away,W,6,Chiba Lotte Marines,6,8,0,"2,2,0,2,0,0,0,0,0",16,ZOZO Marine Stadium,,,12000,GAME19920826LMOB0016
1992,1992-08-26,Reg Season,Chiba Lotte Marines,Home,L,4,Orix Bluewave,4,11,1,"0,1,0,0,0,0,3,0,0",16,ZOZO Marine Stadium,,,12000,GAME19920826LMOB0016
1992,1992-08-26,Reg Season,Kintetsu Buffaloes,Away,W,8,Nippon-Ham Fighters,8,11,1,"0,2,0,0,0,0,0,2,4",21,Tokyo Dome,,,37000,GAME19920826NFKI0021
1992,1992-08-26,Reg Season,Nippon-Ham Fighters,Home,L,1,Kintetsu Buffaloes,1,3,3,"0,0,0,0,0,1,0,0,0",21,Tokyo Dome,,,37000,GAME19920826NFKI0021
1992,1992-08-26,Reg Season,Seibu Lions,Away,W,9,Fukuoka Daiei Hawks,9,11,0,"2,0,0,5,0,0,0,1,1",19,Heiwadai,,,34000,GAME19920826SHSL0019
1992,1992-08-26,Reg Season,Fukuoka Daiei Hawks,Home,L,0,Seibu Lions,0,3,0,"0,0,0,0,0,0,0,0,0",19,Heiwadai,,,34000,GAME19920826SHSL0019
1992,1992-08-26,Reg Season,Yokohama Taiyo Whales,Away,W,6,Yakult Swallows,6,8,0,"1,0,0,0,0,0,0,0,5",20,Meiji Jingu Stadium,,,32000,GAME19920826YSDB0020
1992,1992-08-26,Reg Season,Yakult Swallows,Home,L,2,Yokohama Taiyo Whales,2,5,0,"0,0,0,1,0,0,0,0,1",20,Meiji Jingu Stadium,,,32000,GAME19920826YSDB0020
1992,1992-08-27,Reg Season,Yomiuri Giants,Away,W,1,Chunichi Dragons,1,4,0,"0,0,0,0,1,0,0,0,0",21,Nagoya,,,35000,GAME19920827CDYG0021
1992,1992-08-27,Reg Season,Chunichi Dragons,Home,L,0,Yomiuri Giants,0,7,0,"0,0,0,0,0,0,0,0,0",21,Nagoya,,,35000,GAME19920827CDYG0021
1992,1992-08-27,Reg Season,Hiroshima Toyo Carp,Away,W,3,Hanshin Tigers,3,5,0,"0,1,0,2,0,0,0,0,0",21,Hanshin Koshien Stadium,,,55000,GAME19920827HTHC0021
1992,1992-08-27,Reg Season,Hanshin Tigers,Home,L,2,Hiroshima Toyo Carp,2,6,1,"0,0,0,0,0,0,2,0,0",21,Hanshin Koshien Stadium,,,55000,GAME19920827HTHC0021
1992,1992-08-27,Reg Season,Orix Bluewave,Away,L,2,Chiba Lotte Marines,2,7,0,"1,0,0,0,0,0,0,0,1",17,ZOZO Marine Stadium,,,14000,GAME19920827LMOB0017
1992,1992-08-27,Reg Season,Chiba Lotte Marines,Home,W,3,Orix Bluewave,3,5,1,"0,0,0,3,0,0,0,0,x",17,ZOZO Marine Stadium,,,14000,GAME19920827LMOB0017
1992,1992-08-27,Reg Season,Seibu Lions,Away,W,5,Fukuoka Daiei Hawks,5,11,0,"3,0,1,0,0,0,1,0,0",20,Heiwadai,,,34000,GAME19920827SHSL0020
1992,1992-08-27,Reg Season,Fukuoka Daiei Hawks,Home,L,2,Seibu Lions,2,9,0,"0,0,0,0,0,0,2,0,0",20,Heiwadai,,,34000,GAME19920827SHSL0020
1992,1992-08-27,Reg Season,Yokohama Taiyo Whales,Away,W,2,Yakult Swallows,2,10,1,"0,1,0,0,0,0,0,0,0,1",21,Meiji Jingu Stadium,,,30000,GAME19920827YSDB0021
1992,1992-08-27,Reg Season,Yakult Swallows,Home,L,1,Yokohama Taiyo Whales,1,8,0,"0,0,0,0,0,1,0,0,0,0",21,Meiji Jingu Stadium,,,30000,GAME19920827YSDB0021
1992,1992-08-28,Reg Season,Yomiuri Giants,Away,L,3,Hiroshima Toyo Carp,3,12,0,"0,0,0,1,0,0,0,2,0",20,Hiroshima citizens,,,24000,GAME19920828HCYG0020
1992,1992-08-28,Reg Season,Hiroshima Toyo Carp,Home,W,4,Yomiuri Giants,4,9,0,"0,3,1,0,0,0,0,0,x",20,Hiroshima citizens,,,24000,GAME19920828HCYG0020
1992,1992-08-28,Reg Season,Orix Bluewave,Away,L,2,Kintetsu Buffaloes,2,7,0,"0,0,0,0,0,1,0,0,1",20,Wakasa Stadium Kyoto,,,19000,GAME19920828KIOB0020
1992,1992-08-28,Reg Season,Kintetsu Buffaloes,Home,W,5,Orix Bluewave,5,9,0,"0,0,0,0,0,2,0,3,x",20,Wakasa Stadium Kyoto,,,19000,GAME19920828KIOB0020
1992,1992-08-28,Reg Season,Chunichi Dragons,Away,W,6,Yakult Swallows,6,9,0,"3,2,0,0,0,0,0,0,1",21,Meiji Jingu Stadium,,,26000,GAME19920828YSCD0021
1992,1992-08-28,Reg Season,Yakult Swallows,Home,L,1,Chunichi Dragons,1,7,0,"0,0,0,0,0,0,1,0,0",21,Meiji Jingu Stadium,,,26000,GAME19920828YSCD0021
1992,1992-08-29,Reg Season,Hanshin Tigers,Away,L,3,Yokohama Taiyo Whales,3,8,1,"0,1,0,1,1,0,0,0,0",22,Lib Work Fujisakidai Stadium,,,24000,GAME19920829DBHT0022
1992,1992-08-29,Reg Season,Yokohama Taiyo Whales,Home,W,4,Hanshin Tigers,4,6,0,"0,0,0,0,0,1,0,2,1x",22,Lib Work Fujisakidai Stadium,,,24000,GAME19920829DBHT0022
1992,1992-08-29,Reg Season,Yomiuri Giants,Away,W,5,Hiroshima Toyo Carp,5,13,0,"0,0,1,2,2,0,0,0,0",21,Hiroshima citizens,,,32000,GAME19920829HCYG0021
1992,1992-08-29,Reg Season,Hiroshima Toyo Carp,Home,L,4,Yomiuri Giants,4,9,0,"0,0,0,0,2,0,0,2,0",21,Hiroshima citizens,,,32000,GAME19920829HCYG0021
1992,1992-08-29,Reg Season,Orix Bluewave,Away,W,10,Kintetsu Buffaloes,10,16,0,"0,0,0,3,0,2,2,2,1",21,Fujiidera,,,20000,GAME19920829KIOB0021
1992,1992-08-29,Reg Season,Kintetsu Buffaloes,Home,L,5,Orix Bluewave,5,12,0,"0,0,0,1,4,0,0,0,0",21,Fujiidera,,,20000,GAME19920829KIOB0021
1992,1992-08-29,Reg Season,Fukuoka Daiei Hawks,Away,W,2,Nippon-Ham Fighters,2,10,1,"0,0,0,1,0,0,1,0,0",21,Iwate Prefectural Baseball Field,,,18000,GAME19920829NFSH0021
1992,1992-08-29,Reg Season,Nippon-Ham Fighters,Home,L,0,Fukuoka Daiei Hawks,0,4,0,"0,0,0,0,0,0,0,0,0",21,Iwate Prefectural Baseball Field,,,18000,GAME19920829NFSH0021
1992,1992-08-29,Reg Season,Chiba Lotte Marines,Away,L,1,Seibu Lions,1,9,0,"1,0,0,0,0,0,0,0,0",20,Belluna Dome,,,38000,GAME19920829SLLM0020
1992,1992-08-29,Reg Season,Seibu Lions,Home,W,6,Chiba Lotte Marines,6,9,1,"0,0,0,1,1,3,1,0,x",20,Belluna Dome,,,38000,GAME19920829SLLM0020
1992,1992-08-29,Reg Season,Chunichi Dragons,Away,L,2,Yakult Swallows,2,5,0,"0,0,0,0,1,0,0,1,0",22,Meiji Jingu Stadium,,,48000,GAME19920829YSCD0022
1992,1992-08-29,Reg Season,Yakult Swallows,Home,W,5,Chunichi Dragons,5,9,0,"3,0,1,0,0,1,0,0,x",22,Meiji Jingu Stadium,,,48000,GAME19920829YSCD0022
1992,1992-08-30,Reg Season,Hanshin Tigers,Away,L,1,Yokohama Taiyo Whales,1,7,2,"1,0,0,0,0,0,0,0,0",23,Shimonoseki (former),,,25000,GAME19920830DBHT0023
1992,1992-08-30,Reg Season,Yokohama Taiyo Whales,Home,W,9,Hanshin Tigers,9,13,0,"0,2,1,0,2,1,2,1,x",23,Shimonoseki (former),,,25000,GAME19920830DBHT0023
1992,1992-08-30,Reg Season,Yomiuri Giants,Away,L,0,Hiroshima Toyo Carp,0,3,0,"0,0,0,0,0,0,0,0,0",22,Hiroshima citizens,,,26000,GAME19920830HCYG0022
1992,1992-08-30,Reg Season,Hiroshima Toyo Carp,Home,W,4,Yomiuri Giants,4,8,1,"0,0,1,1,0,2,0,0,x",22,Hiroshima citizens,,,26000,GAME19920830HCYG0022
1992,1992-08-30,Reg Season,Orix Bluewave,Away,L,4,Kintetsu Buffaloes,4,10,1,"0,0,1,0,0,1,0,2,0,0",22,Fujiidera,,,25000,GAME19920830KIOB0022
1992,1992-08-30,Reg Season,Kintetsu Buffaloes,Home,W,5,Orix Bluewave,5,11,0,"0,0,0,2,0,0,0,2,0,1x",22,Fujiidera,,,25000,GAME19920830KIOB0022
1992,1992-08-30,Reg Season,Fukuoka Daiei Hawks,Away,L,0,Nippon-Ham Fighters,0,9,2,"0,0,0,0,0,0,0,0,0,0,0,0",22,Fukushima Azuma Baseball Stadium,,,18000,GAME19920830NFSH0022
1992,1992-08-30,Reg Season,Nippon-Ham Fighters,Home,W,1,Fukuoka Daiei Hawks,1,8,0,"0,0,0,0,0,0,0,0,0,0,0,1x",22,Fukushima Azuma Baseball Stadium,,,18000,GAME19920830NFSH0022
1992,1992-08-30,Reg Season,Chiba Lotte Marines,Away,W,2,Seibu Lions,2,10,0,"0,0,0,0,0,0,0,0,0,2",21,Belluna Dome,,,38000,GAME19920830SLLM0021
1992,1992-08-30,Reg Season,Seibu Lions,Home,L,0,Chiba Lotte Marines,0,4,2,"0,0,0,0,0,0,0,0,0,0",21,Belluna Dome,,,38000,GAME19920830SLLM0021
1992,1992-08-30,Reg Season,Chunichi Dragons,Away,W,5,Yakult Swallows,5,8,0,"2,1,2,0,0,0,0,0,0",23,Meiji Jingu Stadium,,,38000,GAME19920830YSCD0023
1992,1992-08-30,Reg Season,Yakult Swallows,Home,L,4,Chunichi Dragons,4,8,0,"0,1,0,0,0,0,0,0,3",23,Meiji Jingu Stadium,,,38000,GAME19920830YSCD0023
1992,1992-08-31,Reg Season,Chiba Lotte Marines,Away,W,6,Seibu Lions,6,12,0,"1,2,0,1,0,1,0,1,0",22,Belluna Dome,,,24000,GAME19920831SLLM0022
1992,1992-08-31,Reg Season,Seibu Lions,Home,L,2,Chiba Lotte Marines,2,7,0,"0,0,0,1,0,1,0,0,0",22,Belluna Dome,,,24000,GAME19920831SLLM0022
1992,1992-09-01,Reg Season,Hiroshima Toyo Carp,Away,W,6,Yokohama Taiyo Whales,6,8,0,"0,0,0,3,3,0,0,0,0",22,Yokohama Stadium,,,20000,GAME19920901DBHC0022
1992,1992-09-01,Reg Season,Yokohama Taiyo Whales,Home,L,2,Hiroshima Toyo Carp,2,4,0,"0,1,0,0,0,0,0,0,1",22,Yokohama Stadium,,,20000,GAME19920901DBHC0022
1992,1992-09-01,Reg Season,Chunichi Dragons,Away,L,2,Hanshin Tigers,2,3,1,"0,0,0,1,0,1,0,0,0",22,Hanshin Koshien Stadium,,,38000,GAME19920901HTCD0022
1992,1992-09-01,Reg Season,Hanshin Tigers,Home,W,4,Chunichi Dragons,4,13,0,"1,0,0,0,0,0,3,0,x",22,Hanshin Koshien Stadium,,,38000,GAME19920901HTCD0022
1992,1992-09-01,Reg Season,Fukuoka Daiei Hawks,Away,W,4,Chiba Lotte Marines,4,5,1,"0,0,0,0,0,3,0,1,0",23,Rakuten Seimei Park Miyagi,,,13000,GAME19920901LMSH0023
1992,1992-09-01,Reg Season,Chiba Lotte Marines,Home,L,3,Fukuoka Daiei Hawks,3,6,0,"0,0,0,3,0,0,0,0,0",23,Rakuten Seimei Park Miyagi,,,13000,GAME19920901LMSH0023
1992,1992-09-01,Reg Season,Nippon-Ham Fighters,Away,L,3,Orix Bluewave,3,8,1,"0,0,1,0,0,0,0,0,2",21,Kobe Athletic Park Baseball Field,,,10000,GAME19920901OBNF0021
1992,1992-09-01,Reg Season,Orix Bluewave,Home,W,4,Nippon-Ham Fighters,4,12,0,"1,0,1,0,0,0,2,0,x",21,Kobe Athletic Park Baseball Field,,,10000,GAME19920901OBNF0021
1992,1992-09-01,Reg Season,Kintetsu Buffaloes,Away,L,0,Seibu Lions,0,4,1,"0,0,0,0,0,0,0,0,0",21,Belluna Dome,,,32000,GAME19920901SLKI0021
1992,1992-09-01,Reg Season,Seibu Lions,Home,W,22,Kintetsu Buffaloes,22,19,1,"3,3,1,0,7,0,3,5,x",21,Belluna Dome,,,32000,GAME19920901SLKI0021
1992,1992-09-01,Reg Season,Yomiuri Giants,Away,L,3,Yakult Swallows,3,11,0,"0,0,0,1,0,2,0,0,0",21,Meiji Jingu Stadium,,,48000,GAME19920901YSYG0021
1992,1992-09-01,Reg Season,Yakult Swallows,Home,W,4,Yomiuri Giants,4,5,0,"1,0,0,0,0,2,0,0,1x",21,Meiji Jingu Stadium,,,48000,GAME19920901YSYG0021
1992,1992-09-02,Reg Season,Hiroshima Toyo Carp,Away,L,5,Yokohama Taiyo Whales,5,10,1,"2,0,0,0,1,2,0,0,0",23,Yokohama Stadium,,,20000,GAME19920902DBHC0023
1992,1992-09-02,Reg Season,Yokohama Taiyo Whales,Home,W,11,Hiroshima Toyo Carp,11,15,0,"1,0,0,7,2,0,1,0,x",23,Yokohama Stadium,,,20000,GAME19920902DBHC0023
1992,1992-09-02,Reg Season,Chunichi Dragons,Away,W,2,Hanshin Tigers,2,8,1,"0,0,0,0,0,0,0,0,1,1",23,Hanshin Koshien Stadium,,,38000,GAME19920902HTCD0023
1992,1992-09-02,Reg Season,Hanshin Tigers,Home,L,1,Chunichi Dragons,1,6,0,"0,0,0,0,0,0,1,0,0,0",23,Hanshin Koshien Stadium,,,38000,GAME19920902HTCD0023
1992,1992-09-02,Reg Season,Fukuoka Daiei Hawks,Away,W,11,Chiba Lotte Marines,11,11,0,"0,0,0,2,4,2,1,0,2",24,Rakuten Seimei Park Miyagi,,,16000,GAME19920902LMSH0024
1992,1992-09-02,Reg Season,Chiba Lotte Marines,Home,L,2,Fukuoka Daiei Hawks,2,7,1,"0,0,0,0,2,0,0,0,0",24,Rakuten Seimei Park Miyagi,,,16000,GAME19920902LMSH0024
1992,1992-09-02,Reg Season,Nippon-Ham Fighters,Away,L,4,Orix Bluewave,4,7,3,"2,0,0,0,1,1,0,0,0,0",22,Kobe Athletic Park Baseball Field,,,11000,GAME19920902OBNF0022
1992,1992-09-02,Reg Season,Orix Bluewave,Home,W,5,Nippon-Ham Fighters,5,11,3,"0,0,0,2,0,1,1,0,0,1x",22,Kobe Athletic Park Baseball Field,,,11000,GAME19920902OBNF0022
1992,1992-09-02,Reg Season,Kintetsu Buffaloes,Away,W,14,Seibu Lions,14,15,1,"0,0,0,3,0,0,0,6,5",22,Belluna Dome,,,25000,GAME19920902SLKI0022
1992,1992-09-02,Reg Season,Seibu Lions,Home,L,2,Kintetsu Buffaloes,2,8,0,"0,0,1,0,0,1,0,0,0",22,Belluna Dome,,,25000,GAME19920902SLKI0022
1992,1992-09-02,Reg Season,Yomiuri Giants,Away,W,9,Yakult Swallows,9,17,1,"0,0,2,0,2,2,0,0,3",22,Meiji Jingu Stadium,,,48000,GAME19920902YSYG0022
1992,1992-09-02,Reg Season,Yakult Swallows,Home,L,2,Yomiuri Giants,2,5,1,"0,0,0,1,0,0,0,1,0",22,Meiji Jingu Stadium,,,48000,GAME19920902YSYG0022
1992,1992-09-03,Reg Season,Hiroshima Toyo Carp,Away,L,3,Yokohama Taiyo Whales,3,9,1,"0,0,1,1,1,0,0,0,0",24,Yokohama Stadium,,,16000,GAME19920903DBHC0024
1992,1992-09-03,Reg Season,Yokohama Taiyo Whales,Home,W,6,Hiroshima Toyo Carp,6,6,1,"0,0,0,1,0,2,3,0,x",24,Yokohama Stadium,,,16000,GAME19920903DBHC0024
1992,1992-09-03,Reg Season,Nippon-Ham Fighters,Away,L,3,Orix Bluewave,3,11,1,"0,0,2,0,0,0,0,1,0",23,Kobe Athletic Park Baseball Field,,,12000,GAME19920903OBNF0023
1992,1992-09-03,Reg Season,Orix Bluewave,Home,W,6,Nippon-Ham Fighters,6,12,0,"0,4,0,0,2,0,0,0,x",23,Kobe Athletic Park Baseball Field,,,12000,GAME19920903OBNF0023
1992,1992-09-03,Reg Season,Yomiuri Giants,Away,W,9,Yakult Swallows,9,10,0,"0,8,0,0,1,0,0,0,0",23,Meiji Jingu Stadium,,,48000,GAME19920903YSYG0023
1992,1992-09-03,Reg Season,Yakult Swallows,Home,L,8,Yomiuri Giants,8,14,1,"5,0,0,1,0,0,0,2,0",23,Meiji Jingu Stadium,,,48000,GAME19920903YSYG0023
1992,1992-09-04,Reg Season,Hiroshima Toyo Carp,Away,W,7,Chunichi Dragons,7,8,0,"2,0,0,1,0,0,4,0,0",20,Nagoya,,,28000,GAME19920904CDHC0020
1992,1992-09-04,Reg Season,Chunichi Dragons,Home,L,4,Hiroshima Toyo Carp,4,9,1,"0,0,0,0,3,0,0,0,1",20,Nagoya,,,28000,GAME19920904CDHC0020
1992,1992-09-04,Reg Season,Yakult Swallows,Away,W,10,Yokohama Taiyo Whales,10,7,0,"0,2,4,0,0,1,0,3,0",22,Yokohama Stadium,,,27000,GAME19920904DBYS0022
1992,1992-09-04,Reg Season,Yokohama Taiyo Whales,Home,L,3,Yakult Swallows,3,9,2,"1,1,0,0,0,0,0,0,1",22,Yokohama Stadium,,,27000,GAME19920904DBYS0022
1992,1992-09-04,Reg Season,Seibu Lions,Away,W,5,Fukuoka Daiei Hawks,5,10,0,"0,0,0,0,0,3,0,1,1",21,Heiwadai,,,26000,GAME19920904SHSL0021
1992,1992-09-04,Reg Season,Fukuoka Daiei Hawks,Home,L,1,Seibu Lions,1,6,0,"0,0,0,0,0,0,1,0,0",21,Heiwadai,,,26000,GAME19920904SHSL0021
1992,1992-09-05,Reg Season,Hiroshima Toyo Carp,Away,L,3,Chunichi Dragons,3,6,0,"0,1,0,0,0,0,0,0,2",21,Nagoya,,,35000,GAME19920905CDHC0021
1992,1992-09-05,Reg Season,Chunichi Dragons,Home,W,5,Hiroshima Toyo Carp,5,6,0,"0,0,5,0,0,0,0,0,x",21,Nagoya,,,35000,GAME19920905CDHC0021
1992,1992-09-05,Reg Season,Yakult Swallows,Away,L,3,Yokohama Taiyo Whales,3,6,0,"1,0,0,0,0,0,0,2,0",23,Yokohama Stadium,,,30000,GAME19920905DBYS0023
1992,1992-09-05,Reg Season,Yokohama Taiyo Whales,Home,W,4,Yakult Swallows,4,9,0,"0,0,2,0,0,0,0,0,2x",23,Yokohama Stadium,,,30000,GAME19920905DBYS0023
1992,1992-09-05,Reg Season,Yomiuri Giants,Away,W,7,Hanshin Tigers,7,12,1,"0,0,0,3,0,0,1,0,3",24,Hanshin Koshien Stadium,,,55000,GAME19920905HTYG0024
1992,1992-09-05,Reg Season,Hanshin Tigers,Home,L,2,Yomiuri Giants,2,11,0,"0,0,1,0,0,0,1,0,0",24,Hanshin Koshien Stadium,,,55000,GAME19920905HTYG0024
1992,1992-09-05,Reg Season,Kintetsu Buffaloes,Away,L,5,Nippon-Ham Fighters,5,8,1,"0,4,0,0,0,0,0,0,1",22,Windhill Higashi Hokkaido Stadium,,,11000,GAME19920905NFKI0022
1992,1992-09-05,Reg Season,Nippon-Ham Fighters,Home,W,10,Kintetsu Buffaloes,10,16,0,"1,0,0,2,1,4,0,2,x",22,Windhill Higashi Hokkaido Stadium,,,11000,GAME19920905NFKI0022
1992,1992-09-05,Reg Season,Chiba Lotte Marines,Away,L,0,Orix Bluewave,0,5,2,"0,0,0,0,0,0,0,0,0",18,Kobe Athletic Park Baseball Field,,,16000,GAME19920905OBLM0018
1992,1992-09-05,Reg Season,Orix Bluewave,Home,W,3,Chiba Lotte Marines,3,5,0,"0,0,0,0,0,3,0,0,x",18,Kobe Athletic Park Baseball Field,,,16000,GAME19920905OBLM0018
1992,1992-09-05,Reg Season,Seibu Lions,Away,W,7,Fukuoka Daiei Hawks,7,12,0,"3,2,0,0,0,2,0,0,0",22,Heiwadai,,,34000,GAME19920905SHSL0022
1992,1992-09-05,Reg Season,Fukuoka Daiei Hawks,Home,L,5,Seibu Lions,5,13,0,"2,0,0,0,0,0,0,0,3",22,Heiwadai,,,34000,GAME19920905SHSL0022
1992,1992-09-06,Reg Season,Hiroshima Toyo Carp,Away,W,10,Chunichi Dragons,10,9,0,"0,0,0,0,2,4,4,0,0",22,Nagoya,,,30000,GAME19920906CDHC0022
1992,1992-09-06,Reg Season,Chunichi Dragons,Home,L,0,Hiroshima Toyo Carp,0,6,2,"0,0,0,0,0,0,0,0,0",22,Nagoya,,,30000,GAME19920906CDHC0022
1992,1992-09-06,Reg Season,Yakult Swallows,Away,L,1,Yokohama Taiyo Whales,1,3,0,"0,0,0,0,1,0,0,0,0",24,Yokohama Stadium,,,26000,GAME19920906DBYS0024
1992,1992-09-06,Reg Season,Yokohama Taiyo Whales,Home,W,2,Yakult Swallows,2,5,0,"0,1,0,1,0,0,0,0,x",24,Yokohama Stadium,,,26000,GAME19920906DBYS0024
1992,1992-09-06,Reg Season,Kintetsu Buffaloes,Away,W,3,Nippon-Ham Fighters,3,6,2,"0,0,0,0,0,0,0,1,2",23,Windhill Higashi Hokkaido Stadium,,,22000,GAME19920906NFKI0023
1992,1992-09-06,Reg Season,Nippon-Ham Fighters,Home,L,0,Kintetsu Buffaloes,0,3,0,"0,0,0,0,0,0,0,0,0",23,Windhill Higashi Hokkaido Stadium,,,22000,GAME19920906NFKI0023
1992,1992-09-06,Reg Season,Chiba Lotte Marines,Away,W,5,Orix Bluewave,5,11,0,"0,1,0,0,1,1,2,0,0",19,Kobe Athletic Park Baseball Field,,,23000,GAME19920906OBLM0019
1992,1992-09-06,Reg Season,Orix Bluewave,Home,L,0,Chiba Lotte Marines,0,4,0,"0,0,0,0,0,0,0,0,0",19,Kobe Athletic Park Baseball Field,,,23000,GAME19920906OBLM0019
1992,1992-09-06,Reg Season,Seibu Lions,Away,W,4,Fukuoka Daiei Hawks,4,3,0,"0,0,0,0,0,4,0,0,0",23,Heiwadai,,,34000,GAME19920906SHSL0023
1992,1992-09-06,Reg Season,Fukuoka Daiei Hawks,Home,L,2,Seibu Lions,2,7,1,"0,0,0,0,0,0,0,0,2",23,Heiwadai,,,34000,GAME19920906SHSL0023
1992,1992-09-07,Reg Season,Chiba Lotte Marines,Away,W,8,Orix Bluewave,8,11,0,"2,0,0,3,0,0,3,0,0",20,Kobe Athletic Park Baseball Field,,,10000,GAME19920907OBLM0020
1992,1992-09-07,Reg Season,Orix Bluewave,Home,L,3,Chiba Lotte Marines,3,9,0,"0,0,0,0,0,0,0,0,3",20,Kobe Athletic Park Baseball Field,,,10000,GAME19920907OBLM0020
1992,1992-09-07,Reg Season,Seibu Lions,Away,L,2,Fukuoka Daiei Hawks,2,10,0,"1,0,1,0,0,0,0,0,0",24,Heiwadai,,,23000,GAME19920907SHSL0024
1992,1992-09-07,Reg Season,Fukuoka Daiei Hawks,Home,W,8,Seibu Lions,8,10,1,"1,0,3,0,0,2,2,0,x",24,Heiwadai,,,23000,GAME19920907SHSL0024
1992,1992-09-08,Reg Season,Yakult Swallows,Away,L,3,Chunichi Dragons,3,10,0,"0,1,0,0,0,1,1,0,0",24,Nagoya,,,35000,GAME19920908CDYS0024
1992,1992-09-08,Reg Season,Chunichi Dragons,Home,W,7,Yakult Swallows,7,9,1,"3,0,1,0,2,0,1,0,x",24,Nagoya,,,35000,GAME19920908CDYS0024
1992,1992-09-08,Reg Season,Hanshin Tigers,Away,L,6,Hiroshima Toyo Carp,6,12,0,"0,1,2,0,0,0,3,0,0",22,Hiroshima citizens,,,15000,GAME19920908HCHT0022
1992,1992-09-08,Reg Season,Hiroshima Toyo Carp,Home,W,10,Hanshin Tigers,10,12,1,"0,0,0,4,1,3,0,2,x",22,Hiroshima citizens,,,15000,GAME19920908HCHT0022
1992,1992-09-08,Reg Season,Chiba Lotte Marines,Away,L,0,Kintetsu Buffaloes,0,4,3,"0,0,0,0,0,0,0,0,0",22,Fujiidera,,,12000,GAME19920908KILM0022
1992,1992-09-08,Reg Season,Kintetsu Buffaloes,Home,W,3,Chiba Lotte Marines,3,5,0,"0,0,0,2,0,0,1,0,x",22,Fujiidera,,,12000,GAME19920908KILM0022
1992,1992-09-08,Reg Season,Orix Bluewave,Away,L,2,Fukuoka Daiei Hawks,2,13,1,"0,0,0,0,0,0,0,2,0",23,Kitakyushu Municipal Baseball Stadium,,,22000,GAME19920908SHOB0023
1992,1992-09-08,Reg Season,Fukuoka Daiei Hawks,Home,W,4,Orix Bluewave,4,7,0,"0,0,0,0,0,2,2,0,x",23,Kitakyushu Municipal Baseball Stadium,,,22000,GAME19920908SHOB0023
1992,1992-09-08,Reg Season,Nippon-Ham Fighters,Away,L,0,Seibu Lions,0,9,0,"0,0,0,0,0,0,0,0,0",19,Belluna Dome,,,26000,GAME19920908SLNF0019
1992,1992-09-08,Reg Season,Seibu Lions,Home,W,12,Nippon-Ham Fighters,12,15,0,"1,0,4,0,0,0,6,1,x",19,Belluna Dome,,,26000,GAME19920908SLNF0019
1992,1992-09-08,Reg Season,Yokohama Taiyo Whales,Away,W,2,Yomiuri Giants,2,9,0,"0,1,0,0,0,0,0,1,0",22,Tokyo Dome,,,56000,GAME19920908YGDB0022
1992,1992-09-08,Reg Season,Yomiuri Giants,Home,L,1,Yokohama Taiyo Whales,1,6,0,"0,1,0,0,0,0,0,0,0",22,Tokyo Dome,,,56000,GAME19920908YGDB0022
1992,1992-09-09,Reg Season,Yakult Swallows,Away,L,6,Chunichi Dragons,6,7,1,"0,0,0,0,0,2,0,4,0",25,Nagoya,,,30000,GAME19920909CDYS0025
1992,1992-09-09,Reg Season,Chunichi Dragons,Home,W,9,Yakult Swallows,9,14,2,"2,0,3,2,0,0,2,0,x",25,Nagoya,,,30000,GAME19920909CDYS0025
1992,1992-09-09,Reg Season,Hanshin Tigers,Away,W,3,Hiroshima Toyo Carp,3,9,1,"3,0,0,0,0,0,0,0,0",23,Hiroshima citizens,,,16000,GAME19920909HCHT0023
1992,1992-09-09,Reg Season,Hiroshima Toyo Carp,Home,L,1,Hanshin Tigers,1,4,0,"0,0,0,0,1,0,0,0,0",23,Hiroshima citizens,,,16000,GAME19920909HCHT0023
1992,1992-09-09,Reg Season,Chiba Lotte Marines,Away,L,3,Kintetsu Buffaloes,3,10,1,"0,0,1,0,0,0,2,0,0",23,Fujiidera,,,10000,GAME19920909KILM0023
1992,1992-09-09,Reg Season,Kintetsu Buffaloes,Home,W,7,Chiba Lotte Marines,7,8,0,"0,0,1,3,2,0,1,0,x",23,Fujiidera,,,10000,GAME19920909KILM0023
1992,1992-09-09,Reg Season,Orix Bluewave,Away,L,3,Fukuoka Daiei Hawks,3,11,0,"2,1,0,0,0,0,0,0,0",24,Heiwadai,,,8000,GAME19920909SHOB0024
1992,1992-09-09,Reg Season,Fukuoka Daiei Hawks,Home,W,4,Orix Bluewave,4,8,0,"1,0,0,0,0,2,0,1,x",24,Heiwadai,,,8000,GAME19920909SHOB0024
1992,1992-09-09,Reg Season,Nippon-Ham Fighters,Away,W,2,Seibu Lions,2,6,1,"1,0,0,0,0,0,0,0,1",20,Belluna Dome,,,27000,GAME19920909SLNF0020
1992,1992-09-09,Reg Season,Seibu Lions,Home,L,1,Nippon-Ham Fighters,1,6,0,"0,0,0,0,0,0,0,1,0",20,Belluna Dome,,,27000,GAME19920909SLNF0020
1992,1992-09-09,Reg Season,Yokohama Taiyo Whales,Away,W,9,Yomiuri Giants,9,12,0,"1,0,1,0,5,0,0,0,2",23,Tokyo Dome,,,56000,GAME19920909YGDB0023
1992,1992-09-09,Reg Season,Yomiuri Giants,Home,L,8,Yokohama Taiyo Whales,8,16,1,"1,4,0,0,0,0,0,0,3",23,Tokyo Dome,,,56000,GAME19920909YGDB0023
1992,1992-09-10,Reg Season,Hanshin Tigers,Away,W,6,Hiroshima Toyo Carp,6,13,0,"2,0,0,0,0,2,0,1,1",24,Hiroshima citizens,,,15000,GAME19920910HCHT0024
1992,1992-09-10,Reg Season,Hiroshima Toyo Carp,Home,L,0,Hanshin Tigers,0,4,0,"0,0,0,0,0,0,0,0,0",24,Hiroshima citizens,,,15000,GAME19920910HCHT0024
1992,1992-09-10,Reg Season,Chiba Lotte Marines,Away,L,2,Kintetsu Buffaloes,2,8,0,"0,0,0,0,2,0,0,0,0",24,Fujiidera,,,8000,GAME19920910KILM0024
1992,1992-09-10,Reg Season,Kintetsu Buffaloes,Home,W,5,Chiba Lotte Marines,5,8,0,"0,0,0,0,1,4,0,0,x",24,Fujiidera,,,8000,GAME19920910KILM0024
1992,1992-09-10,Reg Season,Orix Bluewave,Away,W,6,Fukuoka Daiei Hawks,6,14,1,"3,0,0,1,0,0,1,1,0",25,Heiwadai,,,11000,GAME19920910SHOB0025
1992,1992-09-10,Reg Season,Fukuoka Daiei Hawks,Home,L,2,Orix Bluewave,2,7,0,"0,0,1,0,0,0,0,1,0",25,Heiwadai,,,11000,GAME19920910SHOB0025
1992,1992-09-11,Reg Season,Chunichi Dragons,Away,W,4,Yokohama Taiyo Whales,4,9,1,"0,0,0,0,4,0,0,0,0",21,Yokohama Stadium,,,19000,GAME19920911DBCD0021
1992,1992-09-11,Reg Season,Yokohama Taiyo Whales,Home,L,2,Chunichi Dragons,2,11,1,"0,0,0,0,2,0,0,0,0",21,Yokohama Stadium,,,19000,GAME19920911DBCD0021
1992,1992-09-11,Reg Season,Yakult Swallows,Away,T,3,Hanshin Tigers,3,8,2,"0,0,3,0,0,0,0,0,0,0,0,0,0,0,0",18,Hanshin Koshien Stadium,,,45000,GAME19920911HTYS0018
1992,1992-09-11,Reg Season,Hanshin Tigers,Home,T,3,Yakult Swallows,3,18,0,"1,1,1,0,0,0,0,0,0,0,0,0,0,0,0",18,Hanshin Koshien Stadium,,,45000,GAME19920911HTYS0018
1992,1992-09-11,Reg Season,Fukuoka Daiei Hawks,Away,L,1,Kintetsu Buffaloes,1,2,1,"1,0,0,0,0,0,0,0,0",16,Fujiidera,,,15000,GAME19920911KISH0016
1992,1992-09-11,Reg Season,Kintetsu Buffaloes,Home,W,7,Fukuoka Daiei Hawks,7,11,0,"0,0,2,1,0,0,2,2,x",16,Fujiidera,,,15000,GAME19920911KISH0016
1992,1992-09-11,Reg Season,Seibu Lions,Away,W,3,Chiba Lotte Marines,3,12,0,"0,1,1,0,0,1,0,0,0",23,ZOZO Marine Stadium,,,20000,GAME19920911LMSL0023
1992,1992-09-11,Reg Season,Chiba Lotte Marines,Home,L,1,Seibu Lions,1,5,1,"0,0,0,0,0,0,1,0,0",23,ZOZO Marine Stadium,,,20000,GAME19920911LMSL0023
1992,1992-09-12,Reg Season,Chunichi Dragons,Away,W,2,Yokohama Taiyo Whales,2,3,0,"0,2,0,0,0,0,0,0,0",22,Yokohama Stadium,,,25000,GAME19920912DBCD0022
1992,1992-09-12,Reg Season,Yokohama Taiyo Whales,Home,L,1,Chunichi Dragons,1,10,1,"0,0,0,1,0,0,0,0,0",22,Yokohama Stadium,,,25000,GAME19920912DBCD0022
1992,1992-09-12,Reg Season,Yakult Swallows,Away,L,2,Hanshin Tigers,2,8,0,"1,0,0,0,0,1,0,0,0",19,Hanshin Koshien Stadium,,,55000,GAME19920912HTYS0019
1992,1992-09-12,Reg Season,Hanshin Tigers,Home,W,6,Yakult Swallows,6,9,0,"2,0,0,4,0,0,0,0,x",19,Hanshin Koshien Stadium,,,55000,GAME19920912HTYS0019
1992,1992-09-12,Reg Season,Fukuoka Daiei Hawks,Away,W,10,Kintetsu Buffaloes,10,14,1,"1,6,1,0,0,0,0,0,2",17,Fujiidera,,,21000,GAME19920912KISH0017
1992,1992-09-12,Reg Season,Kintetsu Buffaloes,Home,L,7,Fukuoka Daiei Hawks,7,10,1,"1,0,0,0,0,0,0,0,6",17,Fujiidera,,,21000,GAME19920912KISH0017
1992,1992-09-12,Reg Season,Seibu Lions,Away,W,4,Chiba Lotte Marines,4,10,1,"0,0,0,0,0,0,0,0,0,0,4",24,ZOZO Marine Stadium,,,38000,GAME19920912LMSL0024
1992,1992-09-12,Reg Season,Chiba Lotte Marines,Home,L,0,Seibu Lions,0,2,0,"0,0,0,0,0,0,0,0,0,0,0",24,ZOZO Marine Stadium,,,38000,GAME19920912LMSL0024
1992,1992-09-12,Reg Season,Orix Bluewave,Away,W,1,Nippon-Ham Fighters,1,3,0,"0,0,0,0,0,0,1,0,0",24,Alpen Stadium,,,21000,GAME19920912NFOB0024
1992,1992-09-12,Reg Season,Nippon-Ham Fighters,Home,L,0,Orix Bluewave,0,7,1,"0,0,0,0,0,0,0,0,0",24,Alpen Stadium,,,21000,GAME19920912NFOB0024
1992,1992-09-12,Reg Season,Hiroshima Toyo Carp,Away,W,12,Yomiuri Giants,12,15,1,"2,0,7,1,2,0,0,0,0",23,Tokyo Dome,,,56000,GAME19920912YGHC0023
1992,1992-09-12,Reg Season,Yomiuri Giants,Home,L,9,Hiroshima Toyo Carp,9,9,0,"0,0,0,0,0,0,8,0,1",23,Tokyo Dome,,,56000,GAME19920912YGHC0023
1992,1992-09-13,Reg Season,Chunichi Dragons,Away,W,4,Yokohama Taiyo Whales,4,10,3,"0,0,0,0,1,0,0,2,1",23,Yokohama Stadium,,,22000,GAME19920913DBCD0023
1992,1992-09-13,Reg Season,Yokohama Taiyo Whales,Home,L,3,Chunichi Dragons,3,9,0,"0,0,0,0,0,0,0,0,3",23,Yokohama Stadium,,,22000,GAME19920913DBCD0023
1992,1992-09-13,Reg Season,Yakult Swallows,Away,L,4,Hanshin Tigers,4,8,1,"0,2,2,0,0,0,0,0,0,0",20,Hanshin Koshien Stadium,,,55000,GAME19920913HTYS0020
1992,1992-09-13,Reg Season,Hanshin Tigers,Home,W,5,Yakult Swallows,5,9,0,"0,0,0,3,0,0,1,0,0,1x",20,Hanshin Koshien Stadium,,,55000,GAME19920913HTYS0020
1992,1992-09-13,Reg Season,Fukuoka Daiei Hawks,Away,W,4,Kintetsu Buffaloes,4,12,0,"0,0,2,0,0,1,0,1,0",18,Fujiidera,,,23000,GAME19920913KISH0018
1992,1992-09-13,Reg Season,Kintetsu Buffaloes,Home,L,2,Fukuoka Daiei Hawks,2,10,1,"0,1,0,0,1,0,0,0,0",18,Fujiidera,,,23000,GAME19920913KISH0018
1992,1992-09-13,Reg Season,Seibu Lions,Away,L,2,Chiba Lotte Marines,2,11,0,"1,0,0,0,0,0,0,0,1",25,ZOZO Marine Stadium,,,38000,GAME19920913LMSL0025
1992,1992-09-13,Reg Season,Chiba Lotte Marines,Home,W,4,Seibu Lions,4,6,0,"2,0,0,2,0,0,0,0,x",25,ZOZO Marine Stadium,,,38000,GAME19920913LMSL0025
1992,1992-09-13,Reg Season,Orix Bluewave,Away,W,7,Nippon-Ham Fighters,7,18,2,"0,1,0,0,1,0,0,2,0,0,3",25,Fukui Prefectural Stadium,,,13000,GAME19920913NFOB0025
1992,1992-09-13,Reg Season,Nippon-Ham Fighters,Home,L,4,Orix Bluewave,4,15,2,"0,1,0,0,0,2,0,0,1,0,0",25,Fukui Prefectural Stadium,,,13000,GAME19920913NFOB0025
1992,1992-09-13,Reg Season,Hiroshima Toyo Carp,Away,W,3,Yomiuri Giants,3,8,1,"0,0,0,0,1,0,0,2,0",24,Tokyo Dome,,,56000,GAME19920913YGHC0024
1992,1992-09-13,Reg Season,Yomiuri Giants,Home,L,1,Hiroshima Toyo Carp,1,8,0,"0,0,0,0,1,0,0,0,0",24,Tokyo Dome,,,56000,GAME19920913YGHC0024
1992,1992-09-15,Reg Season,Yomiuri Giants,Away,L,2,Chunichi Dragons,2,5,0,"0,0,0,0,0,1,1,0,0",22,Nagoya,,,35000,GAME19920915CDYG0022
1992,1992-09-15,Reg Season,Chunichi Dragons,Home,W,3,Yomiuri Giants,3,10,0,"0,0,0,0,2,0,0,1,x",22,Nagoya,,,35000,GAME19920915CDYG0022
1992,1992-09-15,Reg Season,Hiroshima Toyo Carp,Away,L,0,Hanshin Tigers,0,6,1,"0,0,0,0,0,0,0,0,0",25,Hanshin Koshien Stadium,,,55000,GAME19920915HTHC0025
1992,1992-09-15,Reg Season,Hanshin Tigers,Home,W,2,Hiroshima Toyo Carp,2,9,0,"0,1,0,0,0,0,0,1,x",25,Hanshin Koshien Stadium,,,55000,GAME19920915HTHC0025
1992,1992-09-15,Reg Season,Seibu Lions,Away,W,7,Kintetsu Buffaloes,7,7,0,"1,0,1,0,0,0,0,5,0",23,Fujiidera,,,32000,GAME19920915KISL0023
1992,1992-09-15,Reg Season,Kintetsu Buffaloes,Home,L,2,Seibu Lions,2,8,0,"0,0,0,0,0,2,0,0,0",23,Fujiidera,,,32000,GAME19920915KISL0023
1992,1992-09-15,Reg Season,Chiba Lotte Marines,Away,L,1,Nippon-Ham Fighters,1,9,0,"0,0,0,0,0,0,1,0,0",22,Tokyo Dome,,,32000,GAME19920915NFLM0022
1992,1992-09-15,Reg Season,Nippon-Ham Fighters,Home,W,2,Chiba Lotte Marines,2,8,0,"0,0,1,0,0,1,0,0,x",22,Tokyo Dome,,,32000,GAME19920915NFLM0022
1992,1992-09-15,Reg Season,Fukuoka Daiei Hawks,Away,W,5,Orix Bluewave,5,14,0,"0,0,0,0,0,3,2,0,0",26,Kobe Athletic Park Baseball Field,,,26000,GAME19920915OBSH0026
1992,1992-09-15,Reg Season,Orix Bluewave,Home,L,2,Fukuoka Daiei Hawks,2,9,0,"0,0,0,0,0,0,1,1,0",26,Kobe Athletic Park Baseball Field,,,26000,GAME19920915OBSH0026
1992,1992-09-15,Reg Season,Yokohama Taiyo Whales,Away,W,11,Yakult Swallows,11,13,0,"0,0,1,4,0,1,1,4,0",25,Meiji Jingu Stadium,,,38000,GAME19920915YSDB0025
1992,1992-09-15,Reg Season,Yakult Swallows,Home,L,2,Yokohama Taiyo Whales,2,6,1,"2,0,0,0,0,0,0,0,0",25,Meiji Jingu Stadium,,,38000,GAME19920915YSDB0025
1992,1992-09-16,Reg Season,Yomiuri Giants,Away,W,5,Chunichi Dragons,5,9,0,"1,0,0,3,1,0,0,0,0",23,Nagoya,,,35000,GAME19920916CDYG0023
1992,1992-09-16,Reg Season,Chunichi Dragons,Home,L,1,Yomiuri Giants,1,9,1,"0,0,0,0,0,0,0,0,1",23,Nagoya,,,35000,GAME19920916CDYG0023
1992,1992-09-16,Reg Season,Hiroshima Toyo Carp,Away,L,0,Hanshin Tigers,0,5,0,"0,0,0,0,0,0,0,0,0",26,Hanshin Koshien Stadium,,,52000,GAME19920916HTHC0026
1992,1992-09-16,Reg Season,Hanshin Tigers,Home,W,2,Hiroshima Toyo Carp,2,5,0,"0,0,0,0,0,0,0,0,2x",26,Hanshin Koshien Stadium,,,52000,GAME19920916HTHC0026
1992,1992-09-16,Reg Season,Seibu Lions,Away,L,4,Kintetsu Buffaloes,4,13,0,"0,0,0,0,2,0,0,1,1",24,Fujiidera,,,21000,GAME19920916KISL0024
1992,1992-09-16,Reg Season,Kintetsu Buffaloes,Home,W,6,Seibu Lions,6,7,0,"3,0,1,0,2,0,0,0,x",24,Fujiidera,,,21000,GAME19920916KISL0024
1992,1992-09-16,Reg Season,Chiba Lotte Marines,Away,L,2,Nippon-Ham Fighters,2,6,1,"0,0,0,0,0,1,1,0,0",23,Tokyo Dome,,,22000,GAME19920916NFLM0023
1992,1992-09-16,Reg Season,Nippon-Ham Fighters,Home,W,7,Chiba Lotte Marines,7,11,0,"1,3,0,0,3,0,0,0,x",23,Tokyo Dome,,,22000,GAME19920916NFLM0023
1992,1992-09-16,Reg Season,Yokohama Taiyo Whales,Away,W,1,Yakult Swallows,1,3,0,"0,0,0,0,1,0,0,0,0",26,Meiji Jingu Stadium,,,32000,GAME19920916YSDB0026
1992,1992-09-16,Reg Season,Yakult Swallows,Home,L,0,Yokohama Taiyo Whales,0,8,0,"0,0,0,0,0,0,0,0,0",26,Meiji Jingu Stadium,,,32000,GAME19920916YSDB0026
1992,1992-09-17,Reg Season,Seibu Lions,Away,W,7,Kintetsu Buffaloes,7,10,0,"0,0,2,0,2,0,0,0,3",25,Fujiidera,,,20000,GAME19920917KISL0025
1992,1992-09-17,Reg Season,Kintetsu Buffaloes,Home,L,1,Seibu Lions,1,7,0,"0,0,0,0,1,0,0,0,0",25,Fujiidera,,,20000,GAME19920917KISL0025
1992,1992-09-18,Reg Season,Chunichi Dragons,Away,W,2,Hiroshima Toyo Carp,2,7,0,"0,1,0,0,0,1,0,0,0",23,Hiroshima citizens,,,10000,GAME19920918HCCD0023
1992,1992-09-18,Reg Season,Hiroshima Toyo Carp,Home,L,1,Chunichi Dragons,1,7,0,"0,0,1,0,0,0,0,0,0",23,Hiroshima citizens,,,10000,GAME19920918HCCD0023
1992,1992-09-18,Reg Season,Nippon-Ham Fighters,Away,W,14,Fukuoka Daiei Hawks,14,17,0,"5,0,2,0,1,0,4,2,0",23,Heiwadai,,,17000,GAME19920918SHNF0023
1992,1992-09-18,Reg Season,Fukuoka Daiei Hawks,Home,L,4,Nippon-Ham Fighters,4,10,0,"0,0,1,0,2,0,1,0,0",23,Heiwadai,,,17000,GAME19920918SHNF0023
1992,1992-09-18,Reg Season,Orix Bluewave,Away,L,0,Seibu Lions,0,6,1,"0,0,0,0,0,0,0,0,0",22,Belluna Dome,,,9000,GAME19920918SLOB0022
1992,1992-09-18,Reg Season,Seibu Lions,Home,W,2,Orix Bluewave,2,4,0,"0,0,0,2,0,0,0,0,x",22,Belluna Dome,,,9000,GAME19920918SLOB0022
1992,1992-09-18,Reg Season,Yakult Swallows,Away,L,3,Yomiuri Giants,3,9,0,"0,0,0,0,0,3,0,0,0",24,Tokyo Dome,,,56000,GAME19920918YGYS0024
1992,1992-09-18,Reg Season,Yomiuri Giants,Home,W,4,Yakult Swallows,4,10,1,"0,0,0,0,0,0,0,1,3x",24,Tokyo Dome,,,56000,GAME19920918YGYS0024
1992,1992-09-19,Reg Season,Chunichi Dragons,Away,L,3,Hiroshima Toyo Carp,3,8,0,"0,1,0,0,0,0,0,0,2",24,Hiroshima citizens,,,17000,GAME19920919HCCD0024
1992,1992-09-19,Reg Season,Hiroshima Toyo Carp,Home,W,7,Chunichi Dragons,7,12,2,"3,0,0,3,0,1,0,0,x",24,Hiroshima citizens,,,17000,GAME19920919HCCD0024
1992,1992-09-19,Reg Season,Yokohama Taiyo Whales,Away,L,1,Hanshin Tigers,1,6,2,"0,0,0,1,0,0,0,0,0",24,Hanshin Koshien Stadium,,,55000,GAME19920919HTDB0024
1992,1992-09-19,Reg Season,Hanshin Tigers,Home,W,5,Yokohama Taiyo Whales,5,11,0,"3,1,0,0,1,0,0,0,x",24,Hanshin Koshien Stadium,,,55000,GAME19920919HTDB0024
1992,1992-09-19,Reg Season,Kintetsu Buffaloes,Away,W,2,Chiba Lotte Marines,2,5,0,"0,0,0,1,1,0,0,0,0",25,ZOZO Marine Stadium,,,13000,GAME19920919LMKI0025
1992,1992-09-19,Reg Season,Chiba Lotte Marines,Home,L,1,Kintetsu Buffaloes,1,6,0,"0,0,0,1,0,0,0,0,0",25,ZOZO Marine Stadium,,,13000,GAME19920919LMKI0025
1992,1992-09-19,Reg Season,Nippon-Ham Fighters,Away,L,0,Fukuoka Daiei Hawks,0,6,1,"0,0,0,0,0,0,0,0,0",24,Heiwadai,,,28000,GAME19920919SHNF0024
1992,1992-09-19,Reg Season,Fukuoka Daiei Hawks,Home,W,2,Nippon-Ham Fighters,2,7,0,"0,0,0,0,1,0,0,1,x",24,Heiwadai,,,28000,GAME19920919SHNF0024
1992,1992-09-19,Reg Season,Orix Bluewave,Away,W,5,Seibu Lions,5,7,0,"1,1,0,0,0,0,0,3,0",23,Belluna Dome,,,27000,GAME19920919SLOB0023
1992,1992-09-19,Reg Season,Seibu Lions,Home,L,3,Orix Bluewave,3,8,1,"0,0,0,1,0,2,0,0,0",23,Belluna Dome,,,27000,GAME19920919SLOB0023
1992,1992-09-19,Reg Season,Yakult Swallows,Away,W,2,Yomiuri Giants,2,6,0,"1,0,0,0,0,0,1,0,0",25,Tokyo Dome,,,56000,GAME19920919YGYS0025
1992,1992-09-19,Reg Season,Yomiuri Giants,Home,L,1,Yakult Swallows,1,3,0,"0,0,0,0,1,0,0,0,0",25,Tokyo Dome,,,56000,GAME19920919YGYS0025
1992,1992-09-20,Reg Season,Chunichi Dragons,Away,W,10,Hiroshima Toyo Carp,10,13,0,"0,0,3,0,2,0,2,0,3",25,Hiroshima citizens,,,14000,GAME19920920HCCD0025
1992,1992-09-20,Reg Season,Hiroshima Toyo Carp,Home,L,6,Chunichi Dragons,6,11,2,"0,0,0,0,0,0,4,2,0",25,Hiroshima citizens,,,14000,GAME19920920HCCD0025
1992,1992-09-20,Reg Season,Kintetsu Buffaloes,Away,W,5,Chiba Lotte Marines,5,8,0,"0,1,1,0,0,0,1,2,0",26,ZOZO Marine Stadium,,,20000,GAME19920920LMKI0026
1992,1992-09-20,Reg Season,Chiba Lotte Marines,Home,L,1,Kintetsu Buffaloes,1,3,1,"0,0,0,0,0,0,0,1,0",26,ZOZO Marine Stadium,,,20000,GAME19920920LMKI0026
1992,1992-09-20,Reg Season,Nippon-Ham Fighters,Away,L,2,Fukuoka Daiei Hawks,2,7,0,"0,0,0,0,0,0,0,2,0",25,Heiwadai,,,25000,GAME19920920SHNF0025
1992,1992-09-20,Reg Season,Fukuoka Daiei Hawks,Home,W,8,Nippon-Ham Fighters,8,11,0,"0,0,2,0,1,4,1,0,x",25,Heiwadai,,,25000,GAME19920920SHNF0025
1992,1992-09-20,Reg Season,Orix Bluewave,Away,W,4,Seibu Lions,4,8,0,"2,0,0,0,2,0,0,0,0",24,Belluna Dome,,,35000,GAME19920920SLOB0024
1992,1992-09-20,Reg Season,Seibu Lions,Home,L,2,Orix Bluewave,2,9,1,"0,0,0,0,1,0,1,0,0",24,Belluna Dome,,,35000,GAME19920920SLOB0024
1992,1992-09-20,Reg Season,Yakult Swallows,Away,W,5,Yomiuri Giants,5,12,0,"0,2,0,0,0,0,3,0,0",26,Tokyo Dome,,,56000,GAME19920920YGYS0026
1992,1992-09-20,Reg Season,Yomiuri Giants,Home,L,2,Yakult Swallows,2,7,0,"0,0,0,1,0,0,0,0,1",26,Tokyo Dome,,,56000,GAME19920920YGYS0026
1992,1992-09-21,Reg Season,Kintetsu Buffaloes,Away,W,3,Orix Bluewave,3,6,1,"1,0,0,0,0,1,0,0,1",23,Kobe Athletic Park Baseball Field,,,10000,GAME19920921OBKI0023
1992,1992-09-21,Reg Season,Orix Bluewave,Home,L,0,Kintetsu Buffaloes,0,4,0,"0,0,0,0,0,0,0,0,0",23,Kobe Athletic Park Baseball Field,,,10000,GAME19920921OBKI0023
1992,1992-09-22,Reg Season,Yokohama Taiyo Whales,Away,L,2,Chunichi Dragons,2,7,1,"1,1,0,0,0,0,0,0,0",24,Nagoya,,,20000,GAME19920922CDDB0024
1992,1992-09-22,Reg Season,Chunichi Dragons,Home,W,3,Yokohama Taiyo Whales,3,7,0,"0,0,0,0,0,0,0,0,3x",24,Nagoya,,,20000,GAME19920922CDDB0024
1992,1992-09-22,Reg Season,Nippon-Ham Fighters,Away,L,1,Chiba Lotte Marines,1,6,0,"0,0,0,0,0,0,1,0,0",24,ZOZO Marine Stadium,,,5000,GAME19920922LMNF0024
1992,1992-09-22,Reg Season,Chiba Lotte Marines,Home,W,4,Nippon-Ham Fighters,4,9,0,"0,2,0,0,0,0,0,2,x",24,ZOZO Marine Stadium,,,5000,GAME19920922LMNF0024
1992,1992-09-22,Reg Season,Kintetsu Buffaloes,Away,L,2,Orix Bluewave,2,6,0,"0,1,0,0,0,0,0,0,1,0,0",24,Kobe Athletic Park Baseball Field,,,10000,GAME19920922OBKI0024
1992,1992-09-22,Reg Season,Orix Bluewave,Home,W,3,Kintetsu Buffaloes,3,12,0,"0,0,1,0,0,0,0,0,1,0,1x",24,Kobe Athletic Park Baseball Field,,,10000,GAME19920922OBKI0024
1992,1992-09-22,Reg Season,Fukuoka Daiei Hawks,Away,L,0,Seibu Lions,0,1,0,"0,0,0,0,0,0,0,0,0",25,Belluna Dome,,,26000,GAME19920922SLSH0025
1992,1992-09-22,Reg Season,Seibu Lions,Home,W,11,Fukuoka Daiei Hawks,11,19,0,"0,5,1,0,0,1,4,0,x",25,Belluna Dome,,,26000,GAME19920922SLSH0025
1992,1992-09-22,Reg Season,Hanshin Tigers,Away,L,0,Yomiuri Giants,0,5,1,"0,0,0,0,0,0,0,0,0",25,Tokyo Dome,,,56000,GAME19920922YGHT0025
1992,1992-09-22,Reg Season,Yomiuri Giants,Home,W,8,Hanshin Tigers,8,10,2,"5,3,0,0,0,0,0,0,x",25,Tokyo Dome,,,56000,GAME19920922YGHT0025
1992,1992-09-22,Reg Season,Hiroshima Toyo Carp,Away,L,4,Yakult Swallows,4,10,0,"0,0,3,0,0,0,0,1,0",20,Meiji Jingu Stadium,,,36000,GAME19920922YSHC0020
1992,1992-09-22,Reg Season,Yakult Swallows,Home,W,6,Hiroshima Toyo Carp,6,7,0,"0,0,1,3,0,0,0,0,2x",20,Meiji Jingu Stadium,,,36000,GAME19920922YSHC0020
1992,1992-09-23,Reg Season,Yokohama Taiyo Whales,Away,W,11,Chunichi Dragons,11,16,1,"0,2,4,3,0,0,1,1,0",25,Nagoya,,,22000,GAME19920923CDDB0025
1992,1992-09-23,Reg Season,Chunichi Dragons,Home,L,4,Yokohama Taiyo Whales,4,6,1,"0,1,0,0,0,0,3,0,0",25,Nagoya,,,22000,GAME19920923CDDB0025
1992,1992-09-23,Reg Season,Nippon-Ham Fighters,Away,L,1,Chiba Lotte Marines,1,6,0,"0,0,0,1,0,0,0,0,0",25,ZOZO Marine Stadium,,,15000,GAME19920923LMNF0025
1992,1992-09-23,Reg Season,Chiba Lotte Marines,Home,W,6,Nippon-Ham Fighters,6,11,1,"1,0,1,0,0,3,0,1,x",25,ZOZO Marine Stadium,,,15000,GAME19920923LMNF0025
1992,1992-09-23,Reg Season,Kintetsu Buffaloes,Away,L,0,Orix Bluewave,0,8,0,"0,0,0,0,0,0,0,0,0",25,Kobe Athletic Park Baseball Field,,,21000,GAME19920923OBKI0025
1992,1992-09-23,Reg Season,Orix Bluewave,Home,W,1,Kintetsu Buffaloes,1,10,1,"0,0,1,0,0,0,0,0,x",25,Kobe Athletic Park Baseball Field,,,21000,GAME19920923OBKI0025
1992,1992-09-23,Reg Season,Fukuoka Daiei Hawks,Away,L,0,Seibu Lions,0,9,0,"0,0,0,0,0,0,0,0,0",26,Belluna Dome,,,50000,GAME19920923SLSH0026
1992,1992-09-23,Reg Season,Seibu Lions,Home,W,4,Fukuoka Daiei Hawks,4,9,0,"3,0,0,0,1,0,0,0,x",26,Belluna Dome,,,50000,GAME19920923SLSH0026
1992,1992-09-23,Reg Season,Hanshin Tigers,Away,L,0,Yomiuri Giants,0,5,0,"0,0,0,0,0,0,0,0,0",26,Tokyo Dome,,,56000,GAME19920923YGHT0026
1992,1992-09-23,Reg Season,Yomiuri Giants,Home,W,1,Hanshin Tigers,1,1,0,"0,0,0,0,0,1,0,0,x",26,Tokyo Dome,,,56000,GAME19920923YGHT0026
1992,1992-09-23,Reg Season,Hiroshima Toyo Carp,Away,W,12,Yakult Swallows,12,16,1,"4,0,1,3,2,0,1,1,0",21,Meiji Jingu Stadium,,,38000,GAME19920923YSHC0021
1992,1992-09-23,Reg Season,Yakult Swallows,Home,L,4,Hiroshima Toyo Carp,4,7,2,"0,1,0,0,0,0,2,0,1",21,Meiji Jingu Stadium,,,38000,GAME19920923YSHC0021
1992,1992-09-24,Reg Season,Yokohama Taiyo Whales,Away,L,3,Chunichi Dragons,3,12,1,"1,0,1,0,1,0,0,0,0",26,Nagoya,,,14000,GAME19920924CDDB0026
1992,1992-09-24,Reg Season,Chunichi Dragons,Home,W,5,Yokohama Taiyo Whales,5,8,1,"0,0,0,2,0,2,1,0,x",26,Nagoya,,,14000,GAME19920924CDDB0026
1992,1992-09-24,Reg Season,Nippon-Ham Fighters,Away,L,2,Chiba Lotte Marines,2,6,0,"0,0,0,1,0,1,0,0,0",26,ZOZO Marine Stadium,,,5000,GAME19920924LMNF0026
1992,1992-09-24,Reg Season,Chiba Lotte Marines,Home,W,6,Nippon-Ham Fighters,6,10,0,"0,0,0,4,2,0,0,0,x",26,ZOZO Marine Stadium,,,5000,GAME19920924LMNF0026
1992,1992-09-24,Reg Season,Kintetsu Buffaloes,Away,L,2,Orix Bluewave,2,9,2,"0,0,0,0,1,0,1,0,0",26,Kobe Athletic Park Baseball Field,,,10000,GAME19920924OBKI0026
1992,1992-09-24,Reg Season,Orix Bluewave,Home,W,4,Kintetsu Buffaloes,4,7,0,"0,0,1,0,1,0,0,0,2x",26,Kobe Athletic Park Baseball Field,,,10000,GAME19920924OBKI0026
1992,1992-09-24,Reg Season,Hiroshima Toyo Carp,Away,L,4,Yakult Swallows,4,5,0,"3,0,0,1,0,0,0,0,0",22,Meiji Jingu Stadium,,,30000,GAME19920924YSHC0022
1992,1992-09-24,Reg Season,Yakult Swallows,Home,W,5,Hiroshima Toyo Carp,5,11,0,"0,1,0,1,1,0,2,0,x",22,Meiji Jingu Stadium,,,30000,GAME19920924YSHC0022
1992,1992-09-25,Reg Season,Chunichi Dragons,Away,L,3,Yomiuri Giants,3,5,1,"0,0,0,0,0,0,0,0,3",24,Tokyo Dome,,,56000,GAME19920925YGCD0024
1992,1992-09-25,Reg Season,Yomiuri Giants,Home,W,4,Chunichi Dragons,4,5,0,"1,0,0,0,0,2,1,0,x",24,Tokyo Dome,,,56000,GAME19920925YGCD0024
1992,1992-09-25,Reg Season,Hanshin Tigers,Away,L,5,Yakult Swallows,5,10,1,"0,2,0,1,0,0,2,0,0",21,Meiji Jingu Stadium,,,48000,GAME19920925YSHT0021
1992,1992-09-25,Reg Season,Yakult Swallows,Home,W,9,Hanshin Tigers,9,12,0,"2,0,2,0,0,2,2,1,x",21,Meiji Jingu Stadium,,,48000,GAME19920925YSHT0021
1992,1992-09-26,Reg Season,Yokohama Taiyo Whales,Away,W,2,Hiroshima Toyo Carp,2,10,1,"0,0,0,0,1,1,0,0,0",25,Hiroshima citizens,,,10000,GAME19920926HCDB0025
1992,1992-09-26,Reg Season,Hiroshima Toyo Carp,Home,L,1,Yokohama Taiyo Whales,1,5,1,"0,0,1,0,0,0,0,0,0",25,Hiroshima citizens,,,10000,GAME19920926HCDB0025
1992,1992-09-26,Reg Season,Nippon-Ham Fighters,Away,L,5,Kintetsu Buffaloes,5,12,0,"0,0,0,1,2,0,1,1,0",24,Fujiidera,,,11000,GAME19920926KINF0024
1992,1992-09-26,Reg Season,Kintetsu Buffaloes,Home,W,10,Nippon-Ham Fighters,10,12,0,"1,0,0,3,6,0,0,0,x",24,Fujiidera,,,11000,GAME19920926KINF0024
1992,1992-09-26,Reg Season,Seibu Lions,Away,L,7,Orix Bluewave,7,14,1,"1,4,0,1,0,0,0,1,0",25,Kobe Athletic Park Baseball Field,,,25000,GAME19920926OBSL0025
1992,1992-09-26,Reg Season,Orix Bluewave,Home,W,10,Seibu Lions,10,16,0,"3,0,1,0,0,4,0,2,x",25,Kobe Athletic Park Baseball Field,,,25000,GAME19920926OBSL0025
1992,1992-09-26,Reg Season,Chunichi Dragons,Away,W,7,Yomiuri Giants,7,13,2,"0,0,1,0,4,0,1,0,0,0,1",25,Tokyo Dome,,,56000,GAME19920926YGCD0025
1992,1992-09-26,Reg Season,Yomiuri Giants,Home,L,6,Chunichi Dragons,6,14,1,"0,3,0,0,0,0,1,1,1,0,0",25,Tokyo Dome,,,56000,GAME19920926YGCD0025
1992,1992-09-26,Reg Season,Hanshin Tigers,Away,L,2,Yakult Swallows,2,6,0,"0,0,0,1,0,0,0,1,0",22,Meiji Jingu Stadium,,,48000,GAME19920926YSHT0022
1992,1992-09-26,Reg Season,Yakult Swallows,Home,W,3,Hanshin Tigers,3,8,1,"0,0,0,2,0,0,0,0,1x",22,Meiji Jingu Stadium,,,48000,GAME19920926YSHT0022
1992,1992-09-27,Reg Season,Yokohama Taiyo Whales,Away,W,7,Hiroshima Toyo Carp,7,10,1,"0,0,0,2,0,0,2,3,0",26,Hiroshima citizens,,,11000,GAME19920927HCDB0026
1992,1992-09-27,Reg Season,Hiroshima Toyo Carp,Home,L,3,Yokohama Taiyo Whales,3,6,1,"0,0,0,2,0,0,0,0,1",26,Hiroshima citizens,,,11000,GAME19920927HCDB0026
1992,1992-09-27,Reg Season,Nippon-Ham Fighters,Away,L,2,Kintetsu Buffaloes,2,5,2,"0,0,0,2,0,0,0,0,0",25,Fujiidera,,,21000,GAME19920927KINF0025
1992,1992-09-27,Reg Season,Kintetsu Buffaloes,Home,W,7,Nippon-Ham Fighters,7,8,1,"0,0,0,5,1,0,1,0,x",25,Fujiidera,,,21000,GAME19920927KINF0025
1992,1992-09-27,Reg Season,Seibu Lions,Away,L,3,Orix Bluewave,3,7,0,"0,0,0,2,0,0,0,0,1",26,Kobe Athletic Park Baseball Field,,,35000,GAME19920927OBSL0026
1992,1992-09-27,Reg Season,Orix Bluewave,Home,W,7,Seibu Lions,7,9,0,"0,0,0,1,3,2,1,0,x",26,Kobe Athletic Park Baseball Field,,,35000,GAME19920927OBSL0026
1992,1992-09-27,Reg Season,Chiba Lotte Marines,Away,L,2,Fukuoka Daiei Hawks,2,5,0,"0,0,1,0,0,0,0,1,0",25,Heiwadai,,,27000,GAME19920927SHLM0025
1992,1992-09-27,Reg Season,Fukuoka Daiei Hawks,Home,W,4,Chiba Lotte Marines,4,7,0,"0,0,1,2,0,0,1,0,x",25,Heiwadai,,,27000,GAME19920927SHLM0025
1992,1992-09-27,Reg Season,Chunichi Dragons,Away,W,5,Yomiuri Giants,5,10,0,"0,0,0,2,0,0,0,3,0",26,Tokyo Dome,,,56000,GAME19920927YGCD0026
1992,1992-09-27,Reg Season,Yomiuri Giants,Home,L,2,Chunichi Dragons,2,8,0,"0,0,0,1,0,0,0,0,1",26,Tokyo Dome,,,56000,GAME19920927YGCD0026
1992,1992-09-27,Reg Season,Hanshin Tigers,Away,W,6,Yakult Swallows,6,9,0,"0,0,6,0,0,0,0,0,0",23,Meiji Jingu Stadium,,,48000,GAME19920927YSHT0023
1992,1992-09-27,Reg Season,Yakult Swallows,Home,L,3,Hanshin Tigers,3,6,2,"0,0,0,0,3,0,0,0,0",23,Meiji Jingu Stadium,,,48000,GAME19920927YSHT0023
1992,1992-09-28,Reg Season,Orix Bluewave,Away,L,1,Chiba Lotte Marines,1,5,0,"0,0,0,0,1,0,0,0,0",21,ZOZO Marine Stadium,,,5000,GAME19920928LMOB0021
1992,1992-09-28,Reg Season,Chiba Lotte Marines,Home,W,3,Orix Bluewave,3,10,1,"0,3,0,0,0,0,0,0,x",21,ZOZO Marine Stadium,,,5000,GAME19920928LMOB0021
1992,1992-09-29,Reg Season,Yakult Swallows,Away,L,3,Hiroshima Toyo Carp,3,12,0,"0,0,0,0,1,0,1,0,0,0,0,0,1,0",23,Hiroshima citizens,,,9000,GAME19920929HCYS0023
1992,1992-09-29,Reg Season,Hiroshima Toyo Carp,Home,W,4,Yakult Swallows,4,14,1,"0,0,0,0,1,0,0,0,1,0,0,0,1,1x",23,Hiroshima citizens,,,9000,GAME19920929HCYS0023
1992,1992-09-29,Reg Season,Orix Bluewave,Away,L,1,Chiba Lotte Marines,1,7,0,"0,1,0,0,0,0x",22,ZOZO Marine Stadium,,,5000,GAME19920929LMOB0022
1992,1992-09-29,Reg Season,Chiba Lotte Marines,Home,W,2,Orix Bluewave,2,6,0,"0,0,0,0,2",22,ZOZO Marine Stadium,,,5000,GAME19920929LMOB0022
1992,1992-09-29,Reg Season,Seibu Lions,Away,T,5,Nippon-Ham Fighters,5,11,0,"0,2,0,1,0,0,0,0,1,0,1",21,Tokyo Dome,,,45000,GAME19920929NFSL0021
1992,1992-09-29,Reg Season,Nippon-Ham Fighters,Home,T,5,Seibu Lions,5,11,0,"0,0,0,0,0,0,0,4,0,0,1",21,Tokyo Dome,,,45000,GAME19920929NFSL0021
1992,1992-09-29,Reg Season,Kintetsu Buffaloes,Away,W,3,Fukuoka Daiei Hawks,3,6,0,"0,2,0,0,0,0,0,1,0",19,Heiwadai,,,20000,GAME19920929SHKI0019
1992,1992-09-29,Reg Season,Fukuoka Daiei Hawks,Home,L,2,Kintetsu Buffaloes,2,4,0,"1,0,0,0,0,0,0,1,0",19,Heiwadai,,,20000,GAME19920929SHKI0019
1992,1992-09-30,Reg Season,Hanshin Tigers,Away,L,3,Chunichi Dragons,3,9,0,"0,1,0,2,0,0,0,0,0",24,Nagoya,,,35000,GAME19920930CDHT0024
1992,1992-09-30,Reg Season,Chunichi Dragons,Home,W,4,Hanshin Tigers,4,9,0,"2,1,0,1,0,0,0,0,x",24,Nagoya,,,35000,GAME19920930CDHT0024
1992,1992-09-30,Reg Season,Yomiuri Giants,Away,L,2,Yokohama Taiyo Whales,2,9,0,"0,0,0,0,1,0,1,0,0",24,Yokohama Stadium,,,29000,GAME19920930DBYG0024
1992,1992-09-30,Reg Season,Yokohama Taiyo Whales,Home,W,8,Yomiuri Giants,8,12,0,"2,0,0,1,0,1,4,0,x",24,Yokohama Stadium,,,29000,GAME19920930DBYG0024
1992,1992-09-30,Reg Season,Yakult Swallows,Away,L,3,Hiroshima Toyo Carp,3,8,0,"0,0,0,0,0,1,0,0,2",24,Hiroshima citizens,,,12000,GAME19920930HCYS0024
1992,1992-09-30,Reg Season,Hiroshima Toyo Carp,Home,W,4,Yakult Swallows,4,7,0,"0,1,1,0,2,0,0,0,x",24,Hiroshima citizens,,,12000,GAME19920930HCYS0024
1992,1992-09-30,Reg Season,Orix Bluewave,Away,L,1,Chiba Lotte Marines,1,7,2,"0,0,1,0,0,0,0,0,0",23,ZOZO Marine Stadium,,,7000,GAME19920930LMOB0023
1992,1992-09-30,Reg Season,Chiba Lotte Marines,Home,W,2,Orix Bluewave,2,5,0,"0,0,1,0,0,1,0,0,x",23,ZOZO Marine Stadium,,,7000,GAME19920930LMOB0023
1992,1992-10-17,JS,Seibu Lions,Away,L,3,Yakult Swallows,3,10,0,"0,1,0,0,0,0,1,0,1,0,0,0",1,Meiji Jingu Stadium,,,34767,GAME19921017YSSL0001
1992,1992-10-17,JS,Yakult Swallows,Home,W,7,Seibu Lions,7,14,0,"0,0,2,0,0,1,0,0,0,0,0,4x",1,Meiji Jingu Stadium,,,34767,GAME19921017YSSL0001
1992,1992-10-18,JS,Seibu Lions,Away,W,2,Yakult Swallows,2,8,0,"0,0,0,0,0,2,0,0,0",2,Meiji Jingu Stadium,,,35876,GAME19921018YSSL0002
1992,1992-10-18,JS,Yakult Swallows,Home,L,0,Seibu Lions,0,3,1,"0,0,0,0,0,0,0,0,0",2,Meiji Jingu Stadium,,,35876,GAME19921018YSSL0002
1992,1992-10-21,JS,Yakult Swallows,Away,L,1,Seibu Lions,1,5,0,"0,0,0,0,0,0,1,0,0",3,Belluna Dome,,,31370,GAME19921021SLYS0003
1992,1992-10-21,JS,Seibu Lions,Home,W,6,Yakult Swallows,6,11,0,"0,0,0,2,0,0,0,4,x",3,Belluna Dome,,,31370,GAME19921021SLYS0003
1992,1992-10-22,JS,Yakult Swallows,Away,L,0,Seibu Lions,0,5,0,"0,0,0,0,0,0,0,0,0",4,Belluna Dome,,,31457,GAME19921022SLYS0004
1992,1992-10-22,JS,Seibu Lions,Home,W,1,Yakult Swallows,1,4,1,"0,0,0,1,0,0,0,0,x",4,Belluna Dome,,,31457,GAME19921022SLYS0004
1992,1992-10-23,JS,Yakult Swallows,Away,W,7,Seibu Lions,7,11,1,"0,0,0,3,2,1,0,0,0,1",5,Belluna Dome,,,31489,GAME19921023SLYS0005
1992,1992-10-23,JS,Seibu Lions,Home,L,6,Yakult Swallows,6,11,0,"0,0,0,0,0,5,1,0,0,0",5,Belluna Dome,,,31489,GAME19921023SLYS0005
1992,1992-10-25,JS,Seibu Lions,Away,L,7,Yakult Swallows,7,6,0,"0,1,0,2,0,3,0,0,1,0",6,Meiji Jingu Stadium,,,35391,GAME19921025YSSL0006
1992,1992-10-25,JS,Yakult Swallows,Home,W,8,Seibu Lions,8,14,1,"0,0,2,2,0,1,2,0,0,1x",6,Meiji Jingu Stadium,,,35391,GAME19921025YSSL0006
1992,1992-10-26,JS,Seibu Lions,Away,W,2,Yakult Swallows,2,8,1,"0,0,0,0,0,0,1,0,0,1",7,Meiji Jingu Stadium,,,34101,GAME19921026YSSL0007
1992,1992-10-26,JS,Yakult Swallows,Home,L,1,Seibu Lions,1,9,1,"0,0,0,1,0,0,0,0,0,0",7,Meiji Jingu Stadium,,,34101,GAME19921026YSSL0007
1992,1992-09-30,Reg Season,Seibu Lions,Away,W,14,Nippon-Ham Fighters,14,11,1,"7,0,0,0,0,0,0,3,4",22,Tokyo Dome,,,52000,GAME19920930NFSL0022
1992,1992-09-30,Reg Season,Nippon-Ham Fighters,Home,L,5,Seibu Lions,5,8,1,"1,2,0,0,2,0,0,0,0",22,Tokyo Dome,,,52000,GAME19920930NFSL0022
1992,1992-09-30,Reg Season,Kintetsu Buffaloes,Away,W,3,Fukuoka Daiei Hawks,3,7,0,"2,0,0,0,0,0,0,0,1",20,Heiwadai,,,25000,GAME19920930SHKI0020
1992,1992-09-30,Reg Season,Fukuoka Daiei Hawks,Home,L,2,Kintetsu Buffaloes,2,5,0,"1,0,1,0,0,0,0,0,0",20,Heiwadai,,,25000,GAME19920930SHKI0020
1992,1992-10-01,Reg Season,Hanshin Tigers,Away,L,1,Chunichi Dragons,1,7,0,"0,0,0,0,0,0,1,0,0,0",25,Nagoya,,,35000,GAME19921001CDHT0025
1992,1992-10-01,Reg Season,Chunichi Dragons,Home,W,2,Hanshin Tigers,2,7,0,"0,0,0,0,1,0,0,0,0,1x",25,Nagoya,,,35000,GAME19921001CDHT0025
1992,1992-10-01,Reg Season,Yomiuri Giants,Away,W,6,Yokohama Taiyo Whales,6,8,1,"0,0,4,0,2,0",25,Yokohama Stadium,,,28000,GAME19921001DBYG0025
1992,1992-10-01,Reg Season,Yokohama Taiyo Whales,Home,L,3,Yomiuri Giants,3,4,0,"0,0,0,0,3,0x",25,Yokohama Stadium,,,28000,GAME19921001DBYG0025
1992,1992-10-01,Reg Season,Yakult Swallows,Away,L,7,Hiroshima Toyo Carp,7,15,2,"0,0,3,0,0,3,0,1,0,0,0,0,0",25,Hiroshima citizens,,,12000,GAME19921001HCYS0025
1992,1992-10-01,Reg Season,Hiroshima Toyo Carp,Home,W,8,Yakult Swallows,8,10,3,"0,0,3,0,3,0,0,1,0,0,0,0,1x",25,Hiroshima citizens,,,12000,GAME19921001HCYS0025
1992,1992-10-01,Reg Season,Orix Bluewave,Away,W,3,Chiba Lotte Marines,3,9,1,"0,0,2,1,0,0,0,0,0",24,ZOZO Marine Stadium,,,5000,GAME19921001LMOB0024
1992,1992-10-01,Reg Season,Chiba Lotte Marines,Home,L,2,Orix Bluewave,2,4,1,"0,0,0,0,0,0,0,0,2",24,ZOZO Marine Stadium,,,5000,GAME19921001LMOB0024
1992,1992-10-01,Reg Season,Kintetsu Buffaloes,Away,L,0,Fukuoka Daiei Hawks,0,3,0,"0,0,0,0,0,0,0,0,0",21,Heiwadai,,,34000,GAME19921001SHKI0021
1992,1992-10-01,Reg Season,Fukuoka Daiei Hawks,Home,W,1,Kintetsu Buffaloes,1,6,0,"0,0,0,0,0,0,0,1,x",21,Heiwadai,,,34000,GAME19921001SHKI0021
1992,1992-10-02,Reg Season,Hanshin Tigers,Away,W,3,Yokohama Taiyo Whales,3,9,0,"0,0,0,0,0,0,0,1,2",25,Yokohama Stadium,,,28000,GAME19921002DBHT0025
1992,1992-10-02,Reg Season,Yokohama Taiyo Whales,Home,L,2,Hanshin Tigers,2,6,2,"0,2,0,0,0,0,0,0,0",25,Yokohama Stadium,,,28000,GAME19921002DBHT0025
1992,1992-10-02,Reg Season,Seibu Lions,Away,W,8,Chiba Lotte Marines,8,13,0,"1,0,3,0,0,0,4,0,0",26,ZOZO Marine Stadium,,,7000,GAME19921002LMSL0026
1992,1992-10-02,Reg Season,Chiba Lotte Marines,Home,L,7,Seibu Lions,7,13,0,"2,0,3,1,0,1,0,0,0",26,ZOZO Marine Stadium,,,7000,GAME19921002LMSL0026
1992,1992-10-02,Reg Season,Nippon-Ham Fighters,Away,L,3,Orix Bluewave,3,9,1,"0,0,0,1,0,2,0,0,0",26,Kobe Athletic Park Baseball Field,,,7000,GAME19921002OBNF0026
1992,1992-10-02,Reg Season,Orix Bluewave,Home,W,6,Nippon-Ham Fighters,6,13,0,"0,0,0,0,0,0,1,5,x",26,Kobe Athletic Park Baseball Field,,,7000,GAME19921002OBNF0026
1992,1992-10-03,Reg Season,Hanshin Tigers,Away,W,6,Yokohama Taiyo Whales,6,11,0,"0,1,0,1,0,0,0,0,4",26,Yokohama Stadium,,,30000,GAME19921003DBHT0026
1992,1992-10-03,Reg Season,Yokohama Taiyo Whales,Home,L,0,Hanshin Tigers,0,2,2,"0,0,0,0,0,0,0,0,0",26,Yokohama Stadium,,,30000,GAME19921003DBHT0026
1992,1992-10-03,Reg Season,Yomiuri Giants,Away,L,1,Hiroshima Toyo Carp,1,10,0,"0,0,1,0,0,0,0,0,0",25,Hiroshima citizens,,,16000,GAME19921003HCYG0025
1992,1992-10-03,Reg Season,Hiroshima Toyo Carp,Home,W,4,Yomiuri Giants,4,10,0,"0,1,0,3,0,0,0,0,x",25,Hiroshima citizens,,,16000,GAME19921003HCYG0025
1992,1992-10-03,Reg Season,Fukuoka Daiei Hawks,Away,L,0,Kintetsu Buffaloes,0,3,0,"0,0,0,0,0,0,0,0,0",22,Fujiidera,,,8000,GAME19921003KISH0022
1992,1992-10-03,Reg Season,Kintetsu Buffaloes,Home,W,4,Fukuoka Daiei Hawks,4,10,1,"0,2,0,0,2,0,0,0,x",22,Fujiidera,,,8000,GAME19921003KISH0022
1992,1992-10-03,Reg Season,Chiba Lotte Marines,Away,T,3,Orix Bluewave,3,12,0,"0,0,0,0,0,0,2,1,0,0,0,0",25,Kobe Athletic Park Baseball Field,,,20000,GAME19921003OBLM0025
1992,1992-10-03,Reg Season,Orix Bluewave,Home,T,3,Chiba Lotte Marines,3,8,2,"3,0,0,0,0,0,0,0,0,0,0,0",25,Kobe Athletic Park Baseball Field,,,20000,GAME19921003OBLM0025
1992,1992-10-03,Reg Season,Nippon-Ham Fighters,Away,W,15,Seibu Lions,15,20,0,"4,2,4,0,0,1,2,1,1",23,Belluna Dome,,,20000,GAME19921003SLNF0023
1992,1992-10-03,Reg Season,Seibu Lions,Home,L,4,Nippon-Ham Fighters,4,12,1,"0,0,1,1,0,1,0,1,0",23,Belluna Dome,,,20000,GAME19921003SLNF0023
1992,1992-10-03,Reg Season,Chunichi Dragons,Away,L,0,Yakult Swallows,0,2,0,"0,0,0,0,0,0,0,0,0",26,Meiji Jingu Stadium,,,32000,GAME19921003YSCD0026
1992,1992-10-03,Reg Season,Yakult Swallows,Home,W,11,Chunichi Dragons,11,16,0,"0,4,0,1,3,0,0,3,x",26,Meiji Jingu Stadium,,,32000,GAME19921003YSCD0026
1992,1992-10-04,Reg Season,Hanshin Tigers,Away,L,2,Yokohama Taiyo Whales,2,8,1,"1,0,0,1,0,0,0,0,0",27,Yokohama Stadium,,,30000,GAME19921004DBHT0027
1992,1992-10-04,Reg Season,Yokohama Taiyo Whales,Home,W,5,Hanshin Tigers,5,7,0,"0,0,0,0,2,0,0,3,x",27,Yokohama Stadium,,,30000,GAME19921004DBHT0027
1992,1992-10-04,Reg Season,Yomiuri Giants,Away,L,3,Hiroshima Toyo Carp,3,6,2,"0,0,0,0,0,1,1,1,0",26,Hiroshima citizens,,,18000,GAME19921004HCYG0026
1992,1992-10-04,Reg Season,Hiroshima Toyo Carp,Home,W,6,Yomiuri Giants,6,7,1,"0,1,0,2,3,0,0,0,x",26,Hiroshima citizens,,,18000,GAME19921004HCYG0026
1992,1992-10-04,Reg Season,Fukuoka Daiei Hawks,Away,L,2,Kintetsu Buffaloes,2,9,0,"1,0,0,0,0,1,0,0,0",23,Fujiidera,,,10000,GAME19921004KISH0023
1992,1992-10-04,Reg Season,Kintetsu Buffaloes,Home,W,8,Fukuoka Daiei Hawks,8,10,0,"0,3,0,0,3,0,0,2,x",23,Fujiidera,,,10000,GAME19921004KISH0023
1992,1992-10-04,Reg Season,Nippon-Ham Fighters,Away,L,4,Seibu Lions,4,8,0,"0,0,0,0,4,0,0,0,0",24,Belluna Dome,,,20000,GAME19921004SLNF0024
1992,1992-10-04,Reg Season,Seibu Lions,Home,W,5,Nippon-Ham Fighters,5,7,0,"0,2,0,0,2,0,1,0,x",24,Belluna Dome,,,20000,GAME19921004SLNF0024
1992,1992-10-05,Reg Season,Fukuoka Daiei Hawks,Away,L,0,Kintetsu Buffaloes,0,3,0,"0,0,0,0,0,0,0,0,0",24,Fujiidera,,,6000,GAME19921005KISH0024
1992,1992-10-05,Reg Season,Kintetsu Buffaloes,Home,W,3,Fukuoka Daiei Hawks,3,7,1,"3,0,0,0,0,0,0,0,x",24,Fujiidera,,,6000,GAME19921005KISH0024
1992,1992-10-06,Reg Season,Hiroshima Toyo Carp,Away,W,5,Chunichi Dragons,5,12,1,"0,0,1,1,1,0,0,0,0,0,0,2",26,Nagoya,,,15000,GAME19921006CDHC0026
1992,1992-10-06,Reg Season,Chunichi Dragons,Home,L,3,Hiroshima Toyo Carp,3,10,1,"0,0,0,0,0,3,0,0,0,0,0,0",26,Nagoya,,,15000,GAME19921006CDHC0026
1992,1992-10-06,Reg Season,Seibu Lions,Away,L,1,Kintetsu Buffaloes,1,4,1,"0,0,0,0,1,0,0,0,0",26,Fujiidera,,,10000,GAME19921006KISL0026
1992,1992-10-06,Reg Season,Kintetsu Buffaloes,Home,W,5,Seibu Lions,5,6,0,"0,0,2,0,2,0,1,0,x",26,Fujiidera,,,10000,GAME19921006KISL0026
1992,1992-10-06,Reg Season,Hanshin Tigers,Away,L,0,Yakult Swallows,0,5,0,"0,0,0,0,0,0,0,0,0",24,Meiji Jingu Stadium,,,48000,GAME19921006YSHT0024
1992,1992-10-06,Reg Season,Yakult Swallows,Home,W,1,Hanshin Tigers,1,6,0,"0,0,0,0,0,0,1,0,x",24,Meiji Jingu Stadium,,,48000,GAME19921006YSHT0024
1992,1992-10-07,Reg Season,Yomiuri Giants,Away,W,1,Yokohama Taiyo Whales,1,5,1,"0,0,0,0,0,1,0,0,0",26,Yokohama Stadium,,,30000,GAME19921007DBYG0026
1992,1992-10-07,Reg Season,Yokohama Taiyo Whales,Home,L,0,Yomiuri Giants,0,6,0,"0,0,0,0,0,0,0,0,0",26,Yokohama Stadium,,,30000,GAME19921007DBYG0026
1992,1992-10-07,Reg Season,Hanshin Tigers,Away,L,3,Yakult Swallows,3,9,0,"0,0,1,0,2,0,0,0,0",25,Meiji Jingu Stadium,,,48000,GAME19921007YSHT0025
1992,1992-10-07,Reg Season,Yakult Swallows,Home,W,4,Hanshin Tigers,4,8,1,"0,0,0,0,1,0,0,0,3x",25,Meiji Jingu Stadium,,,48000,GAME19921007YSHT0025
1992,1992-10-08,Reg Season,Fukuoka Daiei Hawks,Away,L,2,Chiba Lotte Marines,2,5,1,"0,0,1,1,0",26,ZOZO Marine Stadium,,,5000,GAME19921008LMSH0026
1992,1992-10-08,Reg Season,Chiba Lotte Marines,Home,W,4,Fukuoka Daiei Hawks,4,6,1,"0,3,0,0,1x",26,ZOZO Marine Stadium,,,5000,GAME19921008LMSH0026
1992,1992-10-09,Reg Season,Hanshin Tigers,Away,L,0,Chunichi Dragons,0,4,0,"0,0,0,0,0,0,0,0,0",26,Nagoya,,,18000,GAME19921009CDHT0026
1992,1992-10-09,Reg Season,Chunichi Dragons,Home,W,1,Hanshin Tigers,1,6,0,"0,1,0,0,0,0,0,0,x",26,Nagoya,,,18000,GAME19921009CDHT0026
1992,1992-10-09,Reg Season,Fukuoka Daiei Hawks,Away,W,4,Nippon-Ham Fighters,4,12,0,"2,1,0,0,1,0,0,0,0",26,Tokyo Dome,,,13000,GAME19921009NFSH0026
1992,1992-10-09,Reg Season,Nippon-Ham Fighters,Home,L,1,Fukuoka Daiei Hawks,1,4,1,"0,0,0,0,0,0,0,1,0",26,Tokyo Dome,,,13000,GAME19921009NFSH0026
1992,1992-10-09,Reg Season,Hiroshima Toyo Carp,Away,L,2,Yakult Swallows,2,5,0,"0,0,0,0,0,1,1,0,0",26,Meiji Jingu Stadium,,,30000,GAME19921009YSHC0026
1992,1992-10-09,Reg Season,Yakult Swallows,Home,W,7,Hiroshima Toyo Carp,7,8,0,"0,0,0,2,0,0,3,2,x",26,Meiji Jingu Stadium,,,30000,GAME19921009YSHC0026
1992,1992-10-10,Reg Season,Yakult Swallows,Away,W,5,Hanshin Tigers,5,13,0,"1,1,0,1,0,1,0,1,0",26,Hanshin Koshien Stadium,,,55000,GAME19921010HTYS0026
1992,1992-10-10,Reg Season,Hanshin Tigers,Home,L,2,Yakult Swallows,2,7,0,"0,1,0,0,0,0,0,0,1",26,Hanshin Koshien Stadium,,,55000,GAME19921010HTYS0026
1992,1992-10-10,Reg Season,Fukuoka Daiei Hawks,Away,L,4,Kintetsu Buffaloes,4,6,1,"0,0,0,0,0,1,0,0,3",25,Fujiidera,,,9000,GAME19921010KISH0025
1992,1992-10-10,Reg Season,Kintetsu Buffaloes,Home,W,5,Fukuoka Daiei Hawks,5,8,0,"0,0,2,0,3,0,0,0,x",25,Fujiidera,,,9000,GAME19921010KISH0025
1992,1992-10-10,Reg Season,Orix Bluewave,Away,W,4,Chiba Lotte Marines,4,9,0,"0,0,1,0,3,0,0,0,0",26,ZOZO Marine Stadium,,,12000,GAME19921010LMOB0026
1992,1992-10-10,Reg Season,Chiba Lotte Marines,Home,L,1,Orix Bluewave,1,6,0,"0,0,1,0,0,0,0,0,0",26,ZOZO Marine Stadium,,,12000,GAME19921010LMOB0026
1992,1992-10-10,Reg Season,Nippon-Ham Fighters,Away,L,0,Seibu Lions,0,4,0,"0,0,0,0,0,0,0,0,0",25,Belluna Dome,,,24000,GAME19921010SLNF0025
1992,1992-10-10,Reg Season,Seibu Lions,Home,W,1,Nippon-Ham Fighters,1,5,0,"0,0,0,0,0,1,0,0,x",25,Belluna Dome,,,24000,GAME19921010SLNF0025
1992,1992-10-11,Reg Season,Yakult Swallows,Away,L,3,Hanshin Tigers,3,7,1,"0,0,0,1,0,1,0,1,0",27,Hanshin Koshien Stadium,,,53000,GAME19921011HTYS0027
1992,1992-10-11,Reg Season,Hanshin Tigers,Home,W,4,Yakult Swallows,4,9,0,"1,0,0,0,2,1,0,0,x",27,Hanshin Koshien Stadium,,,53000,GAME19921011HTYS0027
1992,1992-10-11,Reg Season,Fukuoka Daiei Hawks,Away,L,4,Kintetsu Buffaloes,4,9,0,"0,0,0,0,0,1,2,0,1",26,Fujiidera,,,12000,GAME19921011KISH0026
1992,1992-10-11,Reg Season,Kintetsu Buffaloes,Home,W,17,Fukuoka Daiei Hawks,17,16,0,"0,1,0,1,0,1,11,3,x",26,Fujiidera,,,12000,GAME19921011KISH0026
1992,1992-10-11,Reg Season,Nippon-Ham Fighters,Away,W,2,Seibu Lions,2,5,0,"0,0,0,0,0,1,0,1,0",26,Belluna Dome,,,35000,GAME19921011SLNF0026
1992,1992-10-11,Reg Season,Seibu Lions,Home,L,1,Nippon-Ham Fighters,1,7,0,"0,0,0,1,0,0,0,0,0",26,Belluna Dome,,,35000,GAME19921011SLNF0026
1992,1992-10-13,Reg Season,Nippon-Ham Fighters,Away,L,4,Kintetsu Buffaloes,4,8,0,"0,0,0,0,0,0,2,2,0,0",26,Fujiidera,,,9000,GAME19921013KINF0026
1992,1992-10-13,Reg Season,Kintetsu Buffaloes,Home,W,5,Nippon-Ham Fighters,5,10,2,"0,1,0,0,1,2,0,0,0,1x",26,Fujiidera,,,9000,GAME19921013KINF0026
