Season,Date,GameType,Team,HomeAway,Result,Score,Other Team,R,H,E,Box Score,Matchup,Ballpark,Game Start,Game Length,Audience,GameID
1995,1995-04-01,Reg Season,Nippon-Ham Fighters,Away,L,3,Kintetsu Buffaloes,3,10,3,"0,0,0,1,0,1,0,1,0",1,Fujiidera,,,18000,GAME19950401KINF0001
1995,1995-04-01,Reg Season,Kintetsu Buffaloes,Home,W,7,Nippon-Ham Fighters,7,4,0,"0,0,1,0,0,3,1,2,x",1,Fujiidera,,,18000,GAME19950401KINF0001
1995,1995-04-01,Reg Season,Chiba Lotte Marines,Away,L,2,Orix Bluewave,2,6,0,"0,1,1,0,0,0,0,0,0",1,Kobe Athletic Park Baseball Field,,,30000,GAME19950401OBLM0001
1995,1995-04-01,Reg Season,Orix Bluewave,Home,W,3,Chiba Lotte Marines,3,8,1,"0,0,1,0,0,0,1,1,x",1,Kobe Athletic Park Baseball Field,,,30000,GAME19950401OBLM0001
1995,1995-04-01,Reg Season,Fukuoka Daiei Hawks,Away,W,11,Seibu Lions,11,13,0,"7,0,0,0,1,0,0,0,2,1",1,Belluna Dome,,,50000,GAME19950401SLSH0001
1995,1995-04-01,Reg Season,Seibu Lions,Home,L,10,Fukuoka Daiei Hawks,10,14,0,"0,3,0,5,0,0,0,2,0,0",1,Belluna Dome,,,50000,GAME19950401SLSH0001
1995,1995-04-02,Reg Season,Nippon-Ham Fighters,Away,L,1,Kintetsu Buffaloes,1,9,1,"0,0,0,0,1,0,0,0,0",2,Fujiidera,,,17000,GAME19950402KINF0002
1995,1995-04-02,Reg Season,Kintetsu Buffaloes,Home,W,4,Nippon-Ham Fighters,4,8,1,"0,2,0,1,0,0,1,0,x",2,Fujiidera,,,17000,GAME19950402KINF0002
1995,1995-04-02,Reg Season,Chiba Lotte Marines,Away,W,3,Orix Bluewave,3,11,1,"0,0,0,0,0,0,0,1,0,2",2,Kobe Athletic Park Baseball Field,,,25000,GAME19950402OBLM0002
1995,1995-04-02,Reg Season,Orix Bluewave,Home,L,1,Chiba Lotte Marines,1,6,0,"0,0,0,0,0,0,1,0,0,0",2,Kobe Athletic Park Baseball Field,,,25000,GAME19950402OBLM0002
1995,1995-04-02,Reg Season,Fukuoka Daiei Hawks,Away,L,4,Seibu Lions,4,6,1,"2,0,0,0,0,1,0,1,0",2,Belluna Dome,,,35000,GAME19950402SLSH0002
1995,1995-04-02,Reg Season,Seibu Lions,Home,W,5,Fukuoka Daiei Hawks,5,8,1,"0,2,0,0,0,1,1,0,1x",2,Belluna Dome,,,35000,GAME19950402SLSH0002
1995,1995-04-04,Reg Season,Seibu Lions,Away,W,7,Kintetsu Buffaloes,7,10,1,"0,0,0,1,0,0,4,1,1",1,Fujiidera,,,14000,GAME19950404KISL0001
1995,1995-04-04,Reg Season,Kintetsu Buffaloes,Home,L,0,Seibu Lions,0,5,1,"0,0,0,0,0,0,0,0,0",1,Fujiidera,,,14000,GAME19950404KISL0001
1995,1995-04-04,Reg Season,Fukuoka Daiei Hawks,Away,W,2,Chiba Lotte Marines,2,7,0,"2,0,0,0,0,0,0,0,0",1,ZOZO Marine Stadium,,,20000,GAME19950404LMSH0001
1995,1995-04-04,Reg Season,Chiba Lotte Marines,Home,L,1,Fukuoka Daiei Hawks,1,6,0,"0,0,0,0,0,0,0,0,1",1,ZOZO Marine Stadium,,,20000,GAME19950404LMSH0001
1995,1995-04-04,Reg Season,Orix Bluewave,Away,W,7,Nippon-Ham Fighters,7,9,1,"0,0,4,0,1,0,1,0,1",1,Tokyo Dome,,,32000,GAME19950404NFOB0001
1995,1995-04-04,Reg Season,Nippon-Ham Fighters,Home,L,6,Orix Bluewave,6,11,0,"0,0,1,3,0,0,1,1,0",1,Tokyo Dome,,,32000,GAME19950404NFOB0001
1995,1995-04-05,Reg Season,Seibu Lions,Away,W,7,Kintetsu Buffaloes,7,7,0,"5,0,0,0,0,1,0,1,0",2,Fujiidera,,,15000,GAME19950405KISL0002
1995,1995-04-05,Reg Season,Kintetsu Buffaloes,Home,L,0,Seibu Lions,0,3,1,"0,0,0,0,0,0,0,0,0",2,Fujiidera,,,15000,GAME19950405KISL0002
1995,1995-04-05,Reg Season,Fukuoka Daiei Hawks,Away,L,3,Chiba Lotte Marines,3,7,1,"1,0,0,0,0,1,1,0,0",2,ZOZO Marine Stadium,,,19000,GAME19950405LMSH0002
1995,1995-04-05,Reg Season,Chiba Lotte Marines,Home,W,4,Fukuoka Daiei Hawks,4,10,0,"0,0,0,0,0,4,0,0,x",2,ZOZO Marine Stadium,,,19000,GAME19950405LMSH0002
1995,1995-04-05,Reg Season,Orix Bluewave,Away,L,4,Nippon-Ham Fighters,4,12,0,"0,2,0,0,0,0,0,1,0,0,0,1",2,Tokyo Dome,,,25000,GAME19950405NFOB0002
1995,1995-04-05,Reg Season,Nippon-Ham Fighters,Home,W,6,Orix Bluewave,6,9,0,"0,0,1,1,0,1,0,0,0,0,0,3x",2,Tokyo Dome,,,25000,GAME19950405NFOB0002
1995,1995-04-06,Reg Season,Fukuoka Daiei Hawks,Away,W,7,Chiba Lotte Marines,7,11,0,"2,0,1,1,0,2,0,0,1",3,ZOZO Marine Stadium,,,19000,GAME19950406LMSH0003
1995,1995-04-06,Reg Season,Chiba Lotte Marines,Home,L,2,Fukuoka Daiei Hawks,2,8,1,"0,0,0,0,0,2,0,0,0",3,ZOZO Marine Stadium,,,19000,GAME19950406LMSH0003
1995,1995-04-07,Reg Season,Hanshin Tigers,Away,L,2,Chunichi Dragons,2,9,0,"0,0,0,1,0,1,0,0,0,0,0,0,0,0",1,Nagoya,,,35000,GAME19950407CDHT0001
1995,1995-04-07,Reg Season,Chunichi Dragons,Home,W,3,Hanshin Tigers,3,6,0,"0,0,0,0,0,0,0,2,0,0,0,0,0,1x",1,Nagoya,,,35000,GAME19950407CDHT0001
1995,1995-04-07,Reg Season,Yokohama BayStars,Away,L,0,Hiroshima Toyo Carp,0,3,0,"0,0,0,0,0,0,0,0,0",1,Hiroshima citizens,,,17000,GAME19950407HCDB0001
1995,1995-04-07,Reg Season,Hiroshima Toyo Carp,Home,W,4,Yokohama BayStars,4,6,0,"0,1,0,0,0,0,0,3,x",1,Hiroshima citizens,,,17000,GAME19950407HCDB0001
1995,1995-04-07,Reg Season,Kintetsu Buffaloes,Away,W,5,Chiba Lotte Marines,5,7,1,"0,1,4,0,0,0,0,0,0",1,ZOZO Marine Stadium,,,6000,GAME19950407LMKI0001
1995,1995-04-07,Reg Season,Chiba Lotte Marines,Home,L,1,Kintetsu Buffaloes,1,5,0,"0,0,0,0,0,1,0,0,0",1,ZOZO Marine Stadium,,,6000,GAME19950407LMKI0001
1995,1995-04-07,Reg Season,Nippon-Ham Fighters,Away,L,2,Seibu Lions,2,5,3,"0,2,0,0,0,0,0,0,0,0",1,Belluna Dome,,,11000,GAME19950407SLNF0001
1995,1995-04-07,Reg Season,Seibu Lions,Home,W,3,Nippon-Ham Fighters,3,6,0,"0,0,0,0,0,2,0,0,0,1x",1,Belluna Dome,,,11000,GAME19950407SLNF0001
1995,1995-04-07,Reg Season,Yakult Swallows,Away,L,0,Yomiuri Giants,0,3,2,"0,0,0,0,0,0,0,0,0",1,Tokyo Dome,,,55000,GAME19950407YGYS0001
1995,1995-04-07,Reg Season,Yomiuri Giants,Home,W,2,Yakult Swallows,2,5,0,"0,0,1,0,0,0,1,0,x",1,Tokyo Dome,,,55000,GAME19950407YGYS0001
1995,1995-04-08,Reg Season,Hanshin Tigers,Away,L,2,Chunichi Dragons,2,8,1,"0,0,0,0,0,0,1,0,1",2,Nagoya,,,35000,GAME19950408CDHT0002
1995,1995-04-08,Reg Season,Chunichi Dragons,Home,W,3,Hanshin Tigers,3,10,0,"2,0,0,0,0,0,0,1,x",2,Nagoya,,,35000,GAME19950408CDHT0002
1995,1995-04-08,Reg Season,Yokohama BayStars,Away,W,4,Hiroshima Toyo Carp,4,7,0,"0,3,0,0,0,0,0,1,0",2,Hiroshima citizens,,,17000,GAME19950408HCDB0002
1995,1995-04-08,Reg Season,Hiroshima Toyo Carp,Home,L,2,Yokohama BayStars,2,7,0,"0,1,1,0,0,0,0,0,0",2,Hiroshima citizens,,,17000,GAME19950408HCDB0002
1995,1995-04-08,Reg Season,Kintetsu Buffaloes,Away,W,5,Chiba Lotte Marines,5,9,3,"0,0,2,0,0,1,1,1,0",2,ZOZO Marine Stadium,,,19000,GAME19950408LMKI0002
1995,1995-04-08,Reg Season,Chiba Lotte Marines,Home,L,4,Kintetsu Buffaloes,4,8,1,"0,0,3,0,0,0,1,0,0",2,ZOZO Marine Stadium,,,19000,GAME19950408LMKI0002
1995,1995-04-08,Reg Season,Orix Bluewave,Away,L,0,Fukuoka Daiei Hawks,0,4,0,"0,0,0,0,0,0,0,0,0",1,Mizuho PayPay Dome Fukuoka,,,48000,GAME19950408SHOB0001
1995,1995-04-08,Reg Season,Fukuoka Daiei Hawks,Home,W,1,Orix Bluewave,1,8,1,"0,0,0,0,0,1,0,0,x",1,Mizuho PayPay Dome Fukuoka,,,48000,GAME19950408SHOB0001
1995,1995-04-08,Reg Season,Nippon-Ham Fighters,Away,W,4,Seibu Lions,4,8,1,"0,0,0,0,0,0,3,0,1",2,Belluna Dome,,,25000,GAME19950408SLNF0002
1995,1995-04-08,Reg Season,Seibu Lions,Home,L,3,Nippon-Ham Fighters,3,12,0,"0,1,0,1,0,0,1,0,0",2,Belluna Dome,,,25000,GAME19950408SLNF0002
1995,1995-04-08,Reg Season,Yakult Swallows,Away,W,5,Yomiuri Giants,5,6,4,"0,0,0,0,0,0,0,0,5",2,Tokyo Dome,,,55000,GAME19950408YGYS0002
1995,1995-04-08,Reg Season,Yomiuri Giants,Home,L,2,Yakult Swallows,2,5,1,"0,0,1,0,0,0,1,0,0",2,Tokyo Dome,,,55000,GAME19950408YGYS0002
1995,1995-04-09,Reg Season,Kintetsu Buffaloes,Away,L,3,Chiba Lotte Marines,3,8,0,"0,0,1,0,0,0,0,2,0",3,ZOZO Marine Stadium,,,19000,GAME19950409LMKI0003
1995,1995-04-09,Reg Season,Chiba Lotte Marines,Home,W,4,Kintetsu Buffaloes,4,9,0,"0,0,0,2,0,0,0,0,2x",3,ZOZO Marine Stadium,,,19000,GAME19950409LMKI0003
1995,1995-04-09,Reg Season,Orix Bluewave,Away,W,14,Fukuoka Daiei Hawks,14,18,0,"5,1,0,2,0,3,0,2,1",2,Mizuho PayPay Dome Fukuoka,,,48000,GAME19950409SHOB0002
1995,1995-04-09,Reg Season,Fukuoka Daiei Hawks,Home,L,7,Orix Bluewave,7,12,1,"0,0,0,0,0,0,2,5,0",2,Mizuho PayPay Dome Fukuoka,,,48000,GAME19950409SHOB0002
1995,1995-04-09,Reg Season,Nippon-Ham Fighters,Away,L,2,Seibu Lions,2,6,1,"0,1,1,0,0,0,0,0,0",3,Belluna Dome,,,25000,GAME19950409SLNF0003
1995,1995-04-09,Reg Season,Seibu Lions,Home,W,16,Nippon-Ham Fighters,16,15,1,"1,0,3,3,1,4,0,4,x",3,Belluna Dome,,,25000,GAME19950409SLNF0003
1995,1995-04-09,Reg Season,Yakult Swallows,Away,W,3,Yomiuri Giants,3,8,0,"1,0,2,0,0,0,0,0,0",3,Tokyo Dome,,,55000,GAME19950409YGYS0003
1995,1995-04-09,Reg Season,Yomiuri Giants,Home,L,2,Yakult Swallows,2,4,0,"0,0,0,0,1,0,0,0,1",3,Tokyo Dome,,,55000,GAME19950409YGYS0003
1995,1995-04-11,Reg Season,Yomiuri Giants,Away,W,9,Yokohama BayStars,9,9,0,"0,0,0,4,4,1,0,0,0",1,Yokohama Stadium,,,25000,GAME19950411DBYG0001
1995,1995-04-11,Reg Season,Yokohama BayStars,Home,L,2,Yomiuri Giants,2,7,0,"0,0,0,2,0,0,0,0,0",1,Yokohama Stadium,,,25000,GAME19950411DBYG0001
1995,1995-04-11,Reg Season,Hiroshima Toyo Carp,Away,W,4,Hanshin Tigers,4,7,2,"0,1,1,0,2,0,0,0,0",1,Hanshin Koshien Stadium,,,27000,GAME19950411HTHC0001
1995,1995-04-11,Reg Season,Hanshin Tigers,Home,L,2,Hiroshima Toyo Carp,2,10,1,"0,0,1,0,0,0,0,1,0",1,Hanshin Koshien Stadium,,,27000,GAME19950411HTHC0001
1995,1995-04-11,Reg Season,Orix Bluewave,Away,L,3,Kintetsu Buffaloes,3,11,1,"0,0,0,0,0,0,2,1,0",1,Nissei,,,16000,GAME19950411KIOB0001
1995,1995-04-11,Reg Season,Kintetsu Buffaloes,Home,W,5,Orix Bluewave,5,7,0,"0,0,0,1,1,3,0,0,x",1,Nissei,,,16000,GAME19950411KIOB0001
1995,1995-04-11,Reg Season,Fukuoka Daiei Hawks,Away,W,3,Nippon-Ham Fighters,3,7,0,"1,0,0,0,1,0,0,0,1",1,Tokyo Dome,,,23000,GAME19950411NFSH0001
1995,1995-04-11,Reg Season,Nippon-Ham Fighters,Home,L,1,Fukuoka Daiei Hawks,1,5,0,"0,0,0,0,1,0,0,0,0",1,Tokyo Dome,,,23000,GAME19950411NFSH0001
1995,1995-04-11,Reg Season,Chiba Lotte Marines,Away,L,4,Seibu Lions,4,5,0,"0,3,0,0,0,1,0,0,0",1,Belluna Dome,,,10000,GAME19950411SLLM0001
1995,1995-04-11,Reg Season,Seibu Lions,Home,W,5,Chiba Lotte Marines,5,11,0,"0,0,0,1,0,0,3,0,1x",1,Belluna Dome,,,10000,GAME19950411SLLM0001
1995,1995-04-11,Reg Season,Chunichi Dragons,Away,L,3,Yakult Swallows,3,6,0,"0,0,0,0,1,2,0,0,0",1,Meiji Jingu Stadium,,,26000,GAME19950411YSCD0001
1995,1995-04-11,Reg Season,Yakult Swallows,Home,W,8,Chunichi Dragons,8,8,0,"0,0,0,1,0,4,0,3,x",1,Meiji Jingu Stadium,,,26000,GAME19950411YSCD0001
1995,1995-04-12,Reg Season,Yomiuri Giants,Away,L,7,Yokohama BayStars,7,11,1,"1,0,3,2,0,1,0,0,0",2,Yokohama Stadium,,,24000,GAME19950412DBYG0002
1995,1995-04-12,Reg Season,Yokohama BayStars,Home,W,9,Yomiuri Giants,9,10,0,"4,0,2,0,0,1,0,2,x",2,Yokohama Stadium,,,24000,GAME19950412DBYG0002
1995,1995-04-12,Reg Season,Hiroshima Toyo Carp,Away,W,4,Hanshin Tigers,4,6,0,"0,2,0,0,0,2,0,0,0",2,Hanshin Koshien Stadium,,,24000,GAME19950412HTHC0002
1995,1995-04-12,Reg Season,Hanshin Tigers,Home,L,0,Hiroshima Toyo Carp,0,4,0,"0,0,0,0,0,0,0,0,0",2,Hanshin Koshien Stadium,,,24000,GAME19950412HTHC0002
1995,1995-04-12,Reg Season,Orix Bluewave,Away,W,6,Kintetsu Buffaloes,6,9,0,"1,0,0,3,0,0,0,0,0,2",2,Nissei,,,18000,GAME19950412KIOB0002
1995,1995-04-12,Reg Season,Kintetsu Buffaloes,Home,L,4,Orix Bluewave,4,7,2,"0,2,0,1,0,0,1,0,0,0",2,Nissei,,,18000,GAME19950412KIOB0002
1995,1995-04-12,Reg Season,Fukuoka Daiei Hawks,Away,W,3,Nippon-Ham Fighters,3,6,1,"0,1,1,0,1,0,0,0,0",2,Tokyo Dome,,,28000,GAME19950412NFSH0002
1995,1995-04-12,Reg Season,Nippon-Ham Fighters,Home,L,0,Fukuoka Daiei Hawks,0,3,0,"0,0,0,0,0,0,0,0,0",2,Tokyo Dome,,,28000,GAME19950412NFSH0002
1995,1995-04-12,Reg Season,Chiba Lotte Marines,Away,L,1,Seibu Lions,1,5,0,"0,0,1,0,0,0,0,0,0",2,Belluna Dome,,,12000,GAME19950412SLLM0002
1995,1995-04-12,Reg Season,Seibu Lions,Home,W,2,Chiba Lotte Marines,2,4,0,"0,1,0,0,0,0,1,0,x",2,Belluna Dome,,,12000,GAME19950412SLLM0002
1995,1995-04-12,Reg Season,Chunichi Dragons,Away,W,9,Yakult Swallows,9,13,0,"0,0,0,4,1,3,0,0,1",2,Meiji Jingu Stadium,,,24000,GAME19950412YSCD0002
1995,1995-04-12,Reg Season,Yakult Swallows,Home,L,6,Chunichi Dragons,6,10,1,"0,0,0,0,2,0,0,3,1",2,Meiji Jingu Stadium,,,24000,GAME19950412YSCD0002
1995,1995-04-13,Reg Season,Yomiuri Giants,Away,L,1,Yokohama BayStars,1,6,0,"0,0,0,0,0,0,0,0,1",3,Yokohama Stadium,,,26000,GAME19950413DBYG0003
1995,1995-04-13,Reg Season,Yokohama BayStars,Home,W,3,Yomiuri Giants,3,10,0,"0,1,0,2,0,0,0,0,x",3,Yokohama Stadium,,,26000,GAME19950413DBYG0003
1995,1995-04-13,Reg Season,Hiroshima Toyo Carp,Away,W,7,Hanshin Tigers,7,8,0,"0,0,0,2,0,1,0,4,0",3,Hanshin Koshien Stadium,,,26000,GAME19950413HTHC0003
1995,1995-04-13,Reg Season,Hanshin Tigers,Home,L,1,Hiroshima Toyo Carp,1,5,2,"0,0,0,0,0,0,0,1,0",3,Hanshin Koshien Stadium,,,26000,GAME19950413HTHC0003
1995,1995-04-13,Reg Season,Orix Bluewave,Away,W,5,Kintetsu Buffaloes,5,10,0,"2,0,1,1,0,0,0,1,0",3,Nissei,,,19000,GAME19950413KIOB0003
1995,1995-04-13,Reg Season,Kintetsu Buffaloes,Home,L,2,Orix Bluewave,2,8,0,"0,0,0,0,1,0,0,0,1",3,Nissei,,,19000,GAME19950413KIOB0003
1995,1995-04-13,Reg Season,Fukuoka Daiei Hawks,Away,L,2,Nippon-Ham Fighters,2,10,0,"0,0,0,0,0,0,2,0,0",3,Tokyo Dome,,,26000,GAME19950413NFSH0003
1995,1995-04-13,Reg Season,Nippon-Ham Fighters,Home,W,4,Fukuoka Daiei Hawks,4,8,0,"2,0,2,0,0,0,0,0,x",3,Tokyo Dome,,,26000,GAME19950413NFSH0003
1995,1995-04-13,Reg Season,Chiba Lotte Marines,Away,L,1,Seibu Lions,1,9,1,"0,0,0,0,0,0,0,1,0",3,Belluna Dome,,,18000,GAME19950413SLLM0003
1995,1995-04-13,Reg Season,Seibu Lions,Home,W,6,Chiba Lotte Marines,6,9,0,"0,0,3,1,0,1,0,1,x",3,Belluna Dome,,,18000,GAME19950413SLLM0003
1995,1995-04-13,Reg Season,Chunichi Dragons,Away,L,3,Yakult Swallows,3,7,2,"2,0,0,1,0,0,0,0,0",3,Meiji Jingu Stadium,,,24000,GAME19950413YSCD0003
1995,1995-04-13,Reg Season,Yakult Swallows,Home,W,8,Chunichi Dragons,8,9,0,"0,0,0,1,0,0,2,5,x",3,Meiji Jingu Stadium,,,24000,GAME19950413YSCD0003
1995,1995-04-14,Reg Season,Yakult Swallows,Away,L,3,Hiroshima Toyo Carp,3,7,0,"0,1,0,0,0,0,0,0,2",1,Hiroshima citizens,,,7000,GAME19950414HCYS0001
1995,1995-04-14,Reg Season,Hiroshima Toyo Carp,Home,W,4,Yakult Swallows,4,8,1,"1,0,1,0,0,0,2,0,x",1,Hiroshima citizens,,,7000,GAME19950414HCYS0001
1995,1995-04-14,Reg Season,Kintetsu Buffaloes,Away,L,1,Fukuoka Daiei Hawks,1,4,0,"0,0,0,0,0,0,1,0,0",1,Mizuho PayPay Dome Fukuoka,,,21000,GAME19950414SHKI0001
1995,1995-04-14,Reg Season,Fukuoka Daiei Hawks,Home,W,2,Kintetsu Buffaloes,2,8,2,"0,0,0,1,0,0,1,0,x",1,Mizuho PayPay Dome Fukuoka,,,21000,GAME19950414SHKI0001
1995,1995-04-14,Reg Season,Hanshin Tigers,Away,W,7,Yomiuri Giants,7,12,3,"0,2,2,1,0,0,2,0,0",1,Tokyo Dome,,,55000,GAME19950414YGHT0001
1995,1995-04-14,Reg Season,Yomiuri Giants,Home,L,0,Hanshin Tigers,0,3,0,"0,0,0,0,0,0,0,0,0",1,Tokyo Dome,,,55000,GAME19950414YGHT0001
1995,1995-04-15,Reg Season,Yokohama BayStars,Away,L,1,Chunichi Dragons,1,7,1,"1,0,0,0,0,0,0,0,0",1,Nagoya,,,30000,GAME19950415CDDB0001
1995,1995-04-15,Reg Season,Chunichi Dragons,Home,W,5,Yokohama BayStars,5,8,0,"2,0,0,0,1,2,0,0,x",1,Nagoya,,,30000,GAME19950415CDDB0001
1995,1995-04-15,Reg Season,Yakult Swallows,Away,W,7,Hiroshima Toyo Carp,7,9,0,"0,0,3,0,0,0,2,2,0",2,Hiroshima citizens,,,15000,GAME19950415HCYS0002
1995,1995-04-15,Reg Season,Hiroshima Toyo Carp,Home,L,0,Yakult Swallows,0,3,0,"0,0,0,0,0,0,0,0,0",2,Hiroshima citizens,,,15000,GAME19950415HCYS0002
1995,1995-04-15,Reg Season,Nippon-Ham Fighters,Away,L,0,Chiba Lotte Marines,0,3,0,"0,0,0,0,0,0,0,0,0,0,0,0",1,ZOZO Marine Stadium,,,10000,GAME19950415LMNF0001
1995,1995-04-15,Reg Season,Chiba Lotte Marines,Home,W,1,Nippon-Ham Fighters,1,8,0,"0,0,0,0,0,0,0,0,0,0,0,1x",1,ZOZO Marine Stadium,,,10000,GAME19950415LMNF0001
1995,1995-04-15,Reg Season,Seibu Lions,Away,W,10,Orix Bluewave,10,15,0,"1,4,3,0,0,0,1,0,1",1,Kobe Athletic Park Baseball Field,,,20000,GAME19950415OBSL0001
1995,1995-04-15,Reg Season,Orix Bluewave,Home,L,0,Seibu Lions,0,6,0,"0,0,0,0,0,0,0,0,0",1,Kobe Athletic Park Baseball Field,,,20000,GAME19950415OBSL0001
1995,1995-04-15,Reg Season,Kintetsu Buffaloes,Away,L,4,Fukuoka Daiei Hawks,4,6,0,"0,0,0,2,0,0,0,0,2,0",2,Mizuho PayPay Dome Fukuoka,,,35000,GAME19950415SHKI0002
1995,1995-04-15,Reg Season,Fukuoka Daiei Hawks,Home,W,5,Kintetsu Buffaloes,5,11,0,"0,0,0,1,1,0,2,0,0,1x",2,Mizuho PayPay Dome Fukuoka,,,35000,GAME19950415SHKI0002
1995,1995-04-15,Reg Season,Hanshin Tigers,Away,W,7,Yomiuri Giants,7,11,0,"0,0,0,3,0,0,0,4,0",2,Tokyo Dome,,,55000,GAME19950415YGHT0002
1995,1995-04-15,Reg Season,Yomiuri Giants,Home,L,2,Hanshin Tigers,2,8,1,"0,0,0,1,0,1,0,0,0",2,Tokyo Dome,,,55000,GAME19950415YGHT0002
1995,1995-04-16,Reg Season,Yakult Swallows,Away,W,6,Hiroshima Toyo Carp,6,9,0,"3,0,0,1,0,0,0,0,2",3,Hiroshima citizens,,,17000,GAME19950416HCYS0003
1995,1995-04-16,Reg Season,Hiroshima Toyo Carp,Home,L,1,Yakult Swallows,1,4,1,"0,0,0,0,0,0,0,1,0",3,Hiroshima citizens,,,17000,GAME19950416HCYS0003
1995,1995-04-16,Reg Season,Nippon-Ham Fighters,Away,W,5,Chiba Lotte Marines,5,8,0,"2,0,0,3,0,0,0,0,0",2,ZOZO Marine Stadium,,,20000,GAME19950416LMNF0002
1995,1995-04-16,Reg Season,Chiba Lotte Marines,Home,L,2,Nippon-Ham Fighters,2,8,0,"0,0,0,0,0,0,0,2,0",2,ZOZO Marine Stadium,,,20000,GAME19950416LMNF0002
1995,1995-04-16,Reg Season,Seibu Lions,Away,L,1,Orix Bluewave,1,7,2,"0,0,0,1,0,0,0,0,0",2,Kobe Athletic Park Baseball Field,,,20000,GAME19950416OBSL0002
1995,1995-04-16,Reg Season,Orix Bluewave,Home,W,9,Seibu Lions,9,9,1,"0,1,0,4,0,4,0,0,x",2,Kobe Athletic Park Baseball Field,,,20000,GAME19950416OBSL0002
1995,1995-04-16,Reg Season,Kintetsu Buffaloes,Away,L,5,Fukuoka Daiei Hawks,5,12,1,"0,1,3,1,0,0,0,0,0,0",3,Mizuho PayPay Dome Fukuoka,,,32000,GAME19950416SHKI0003
1995,1995-04-16,Reg Season,Fukuoka Daiei Hawks,Home,W,6,Kintetsu Buffaloes,6,11,0,"2,0,1,1,0,0,1,0,0,1x",3,Mizuho PayPay Dome Fukuoka,,,32000,GAME19950416SHKI0003
1995,1995-04-16,Reg Season,Hanshin Tigers,Away,L,4,Yomiuri Giants,4,13,0,"0,0,3,0,0,0,1,0,0",3,Tokyo Dome,,,55000,GAME19950416YGHT0003
1995,1995-04-16,Reg Season,Yomiuri Giants,Home,W,5,Hanshin Tigers,5,9,0,"0,0,0,0,0,2,0,3,x",3,Tokyo Dome,,,55000,GAME19950416YGHT0003
1995,1995-04-18,Reg Season,Chunichi Dragons,Away,L,2,Hiroshima Toyo Carp,2,5,0,"1,0,0,0,0,0,0,0,1",1,Gifu Prefectural Baseball Stadium,,,20000,GAME19950418HCCD0001
1995,1995-04-18,Reg Season,Hiroshima Toyo Carp,Home,W,7,Chunichi Dragons,7,10,1,"0,2,0,1,0,1,1,2,x",1,Gifu Prefectural Baseball Stadium,,,20000,GAME19950418HCCD0001
1995,1995-04-18,Reg Season,Chiba Lotte Marines,Away,L,3,Kintetsu Buffaloes,3,8,0,"1,0,0,0,0,0,0,1,1",4,Nissei,,,10000,GAME19950418KILM0004
1995,1995-04-18,Reg Season,Kintetsu Buffaloes,Home,W,7,Chiba Lotte Marines,7,11,1,"0,1,0,3,0,1,0,2,x",4,Nissei,,,10000,GAME19950418KILM0004
1995,1995-04-18,Reg Season,Nippon-Ham Fighters,Away,W,2,Orix Bluewave,2,1,0,"0,0,0,2,0,0,0,0,0",3,Kobe Athletic Park Baseball Field,,,8000,GAME19950418OBNF0003
1995,1995-04-18,Reg Season,Orix Bluewave,Home,L,1,Nippon-Ham Fighters,1,7,2,"0,1,0,0,0,0,0,0,0",3,Kobe Athletic Park Baseball Field,,,8000,GAME19950418OBNF0003
1995,1995-04-18,Reg Season,Seibu Lions,Away,L,1,Fukuoka Daiei Hawks,1,5,0,"0,0,0,0,0,1,0,0,0",3,Mizuho PayPay Dome Fukuoka,,,45000,GAME19950418SHSL0003
1995,1995-04-18,Reg Season,Fukuoka Daiei Hawks,Home,W,5,Seibu Lions,5,9,0,"0,2,0,1,0,2,0,0,x",3,Mizuho PayPay Dome Fukuoka,,,45000,GAME19950418SHSL0003
1995,1995-04-19,Reg Season,Hanshin Tigers,Away,L,2,Yokohama BayStars,2,5,0,"0,0,0,0,1,1,0,0,0",1,Yokohama Stadium,,,18000,GAME19950419DBHT0001
1995,1995-04-19,Reg Season,Yokohama BayStars,Home,W,5,Hanshin Tigers,5,10,0,"0,0,0,0,1,1,2,1,x",1,Yokohama Stadium,,,18000,GAME19950419DBHT0001
1995,1995-04-19,Reg Season,Chunichi Dragons,Away,L,2,Hiroshima Toyo Carp,2,7,0,"2,0,0,0,0,0,0,0,0",2,Gifu Prefectural Baseball Stadium,,,22000,GAME19950419HCCD0002
1995,1995-04-19,Reg Season,Hiroshima Toyo Carp,Home,W,8,Chunichi Dragons,8,9,0,"1,1,2,0,2,1,1,0,x",2,Gifu Prefectural Baseball Stadium,,,22000,GAME19950419HCCD0002
1995,1995-04-19,Reg Season,Chiba Lotte Marines,Away,L,2,Kintetsu Buffaloes,2,3,0,"0,0,0,0,0,2,0,0,0",5,Nissei,,,10000,GAME19950419KILM0005
1995,1995-04-19,Reg Season,Kintetsu Buffaloes,Home,W,7,Chiba Lotte Marines,7,7,2,"0,1,0,0,0,0,6,0,x",5,Nissei,,,10000,GAME19950419KILM0005
1995,1995-04-19,Reg Season,Nippon-Ham Fighters,Away,L,2,Orix Bluewave,2,7,0,"2,0,0,0,0,0,0,0,0",4,Kobe Athletic Park Baseball Field,,,9000,GAME19950419OBNF0004
1995,1995-04-19,Reg Season,Orix Bluewave,Home,W,3,Nippon-Ham Fighters,3,11,1,"0,0,0,2,1,0,0,0,x",4,Kobe Athletic Park Baseball Field,,,9000,GAME19950419OBNF0004
1995,1995-04-19,Reg Season,Seibu Lions,Away,L,1,Fukuoka Daiei Hawks,1,7,1,"0,1,0,0,0,0,0,0,0",4,Mizuho PayPay Dome Fukuoka,,,46000,GAME19950419SHSL0004
1995,1995-04-19,Reg Season,Fukuoka Daiei Hawks,Home,W,2,Seibu Lions,2,5,0,"0,0,0,0,0,0,1,1,x",4,Mizuho PayPay Dome Fukuoka,,,46000,GAME19950419SHSL0004
1995,1995-04-19,Reg Season,Yomiuri Giants,Away,L,2,Yakult Swallows,2,3,0,"0,0,0,1,0,0,0,0,1",4,Meiji Jingu Stadium,,,40000,GAME19950419YSYG0004
1995,1995-04-19,Reg Season,Yakult Swallows,Home,W,3,Yomiuri Giants,3,4,0,"0,0,0,0,0,0,3,0,x",4,Meiji Jingu Stadium,,,40000,GAME19950419YSYG0004
1995,1995-04-20,Reg Season,Hanshin Tigers,Away,W,9,Yokohama BayStars,9,13,0,"0,4,1,1,2,0,1,0,0",2,Yokohama Stadium,,,20000,GAME19950420DBHT0002
1995,1995-04-20,Reg Season,Yokohama BayStars,Home,L,5,Hanshin Tigers,5,8,0,"0,0,2,0,0,0,0,2,1",2,Yokohama Stadium,,,20000,GAME19950420DBHT0002
1995,1995-04-20,Reg Season,Chunichi Dragons,Away,L,4,Hiroshima Toyo Carp,4,8,0,"3,1,0,0,0,0,0,0,0",3,Gifu Prefectural Baseball Stadium,,,24000,GAME19950420HCCD0003
1995,1995-04-20,Reg Season,Hiroshima Toyo Carp,Home,W,5,Chunichi Dragons,5,11,0,"5,0,0,0,0,0,0,0,x",3,Gifu Prefectural Baseball Stadium,,,24000,GAME19950420HCCD0003
1995,1995-04-20,Reg Season,Chiba Lotte Marines,Away,L,0,Kintetsu Buffaloes,0,4,0,"0,0,0,0,0,0,0,0,0",6,Nissei,,,15000,GAME19950420KILM0006
1995,1995-04-20,Reg Season,Kintetsu Buffaloes,Home,W,3,Chiba Lotte Marines,3,9,1,"1,1,1,0,0,0,0,0,x",6,Nissei,,,15000,GAME19950420KILM0006
1995,1995-04-20,Reg Season,Nippon-Ham Fighters,Away,W,3,Orix Bluewave,3,9,0,"1,0,0,0,2,0,0,0,0",5,Kobe Athletic Park Baseball Field,,,12000,GAME19950420OBNF0005
1995,1995-04-20,Reg Season,Orix Bluewave,Home,L,0,Nippon-Ham Fighters,0,6,2,"0,0,0,0,0,0,0,0,0",5,Kobe Athletic Park Baseball Field,,,12000,GAME19950420OBNF0005
1995,1995-04-20,Reg Season,Yomiuri Giants,Away,L,2,Yakult Swallows,2,5,0,"0,0,0,0,0,0,2,0,0,0",5,Meiji Jingu Stadium,,,40000,GAME19950420YSYG0005
1995,1995-04-20,Reg Season,Yakult Swallows,Home,W,3,Yomiuri Giants,3,7,0,"0,0,0,2,0,0,0,0,0,1x",5,Meiji Jingu Stadium,,,40000,GAME19950420YSYG0005
1995,1995-04-21,Reg Season,Yomiuri Giants,Away,W,4,Chunichi Dragons,4,13,1,"0,0,1,0,0,1,2,0,0",1,Nagoya,,,35000,GAME19950421CDYG0001
1995,1995-04-21,Reg Season,Chunichi Dragons,Home,L,3,Yomiuri Giants,3,5,1,"0,0,3,0,0,0,0,0,0",1,Nagoya,,,35000,GAME19950421CDYG0001
1995,1995-04-21,Reg Season,Hiroshima Toyo Carp,Away,L,9,Yokohama BayStars,9,9,1,"1,1,1,0,5,0,0,0,1",3,Yokohama Stadium,,,16000,GAME19950421DBHC0003
1995,1995-04-21,Reg Season,Yokohama BayStars,Home,W,10,Hiroshima Toyo Carp,10,19,1,"1,0,0,1,2,4,0,0,2x",3,Yokohama Stadium,,,16000,GAME19950421DBHC0003
1995,1995-04-21,Reg Season,Fukuoka Daiei Hawks,Away,L,3,Kintetsu Buffaloes,3,5,0,"0,0,1,0,0,0,0,0,2",4,Fujiidera,,,22000,GAME19950421KISH0004
1995,1995-04-21,Reg Season,Kintetsu Buffaloes,Home,W,6,Fukuoka Daiei Hawks,6,8,0,"4,0,1,0,0,0,1,0,x",4,Fujiidera,,,22000,GAME19950421KISH0004
1995,1995-04-21,Reg Season,Orix Bluewave,Away,L,1,Chiba Lotte Marines,1,6,3,"0,0,1,0,0,0,0,0,0,0",3,ZOZO Marine Stadium,,,15000,GAME19950421LMOB0003
1995,1995-04-21,Reg Season,Chiba Lotte Marines,Home,W,2,Orix Bluewave,2,8,3,"0,0,0,0,0,0,0,0,1,1x",3,ZOZO Marine Stadium,,,15000,GAME19950421LMOB0003
1995,1995-04-21,Reg Season,Seibu Lions,Away,W,1,Nippon-Ham Fighters,1,7,0,"0,0,0,0,0,0,0,0,1",4,Tokyo Dome,,,22000,GAME19950421NFSL0004
1995,1995-04-21,Reg Season,Nippon-Ham Fighters,Home,L,0,Seibu Lions,0,3,2,"0,0,0,0,0,0,0,0,0",4,Tokyo Dome,,,22000,GAME19950421NFSL0004
1995,1995-04-21,Reg Season,Hanshin Tigers,Away,L,4,Yakult Swallows,4,10,2,"0,1,2,0,0,0,0,1,0",1,Mizuho PayPay Dome Fukuoka,,,20000,GAME19950421YSHT0001
1995,1995-04-21,Reg Season,Yakult Swallows,Home,W,6,Hanshin Tigers,6,9,0,"3,2,0,0,0,0,0,1,x",1,Mizuho PayPay Dome Fukuoka,,,20000,GAME19950421YSHT0001
1995,1995-04-22,Reg Season,Hiroshima Toyo Carp,Away,W,13,Yokohama BayStars,13,13,1,"0,0,0,6,0,0,4,3,0",4,Yokohama Stadium,,,17000,GAME19950422DBHC0004
1995,1995-04-22,Reg Season,Yokohama BayStars,Home,L,9,Hiroshima Toyo Carp,9,8,1,"0,0,0,1,2,0,0,3,3",4,Yokohama Stadium,,,17000,GAME19950422DBHC0004
1995,1995-04-22,Reg Season,Fukuoka Daiei Hawks,Away,W,7,Kintetsu Buffaloes,7,12,0,"0,5,0,0,0,0,2,0,0",5,Fujiidera,,,21000,GAME19950422KISH0005
1995,1995-04-22,Reg Season,Kintetsu Buffaloes,Home,L,5,Fukuoka Daiei Hawks,5,11,0,"2,1,2,0,0,0,0,0,0",5,Fujiidera,,,21000,GAME19950422KISH0005
1995,1995-04-22,Reg Season,Seibu Lions,Away,T,3,Nippon-Ham Fighters,3,5,1,"0,0,0,0,0,0,0,3,0,0,0,0",5,Tokyo Dome,,,28000,GAME19950422NFSL0005
1995,1995-04-22,Reg Season,Nippon-Ham Fighters,Home,T,3,Seibu Lions,3,12,0,"0,2,0,0,0,0,1,0,0,0,0,0",5,Tokyo Dome,,,28000,GAME19950422NFSL0005
1995,1995-04-22,Reg Season,Hanshin Tigers,Away,L,4,Yakult Swallows,4,8,0,"1,0,0,0,0,2,0,1,0",2,Mizuho PayPay Dome Fukuoka,,,35000,GAME19950422YSHT0002
1995,1995-04-22,Reg Season,Yakult Swallows,Home,W,5,Hanshin Tigers,5,8,0,"0,0,0,0,0,3,0,2,x",2,Mizuho PayPay Dome Fukuoka,,,35000,GAME19950422YSHT0002
1995,1995-04-23,Reg Season,Yomiuri Giants,Away,W,5,Chunichi Dragons,5,7,0,"0,0,1,0,0,0,0,4,0",2,Nagoya,,,35000,GAME19950423CDYG0002
1995,1995-04-23,Reg Season,Chunichi Dragons,Home,L,1,Yomiuri Giants,1,9,1,"0,0,1,0,0,0,0,0,0",2,Nagoya,,,35000,GAME19950423CDYG0002
1995,1995-04-23,Reg Season,Hiroshima Toyo Carp,Away,L,2,Yokohama BayStars,2,2,1,"1,0,0,0,1,0",5,Yokohama Stadium,,,18000,GAME19950423DBHC0005
1995,1995-04-23,Reg Season,Yokohama BayStars,Home,W,4,Hiroshima Toyo Carp,4,6,1,"2,0,1,1,0,0",5,Yokohama Stadium,,,18000,GAME19950423DBHC0005
1995,1995-04-23,Reg Season,Seibu Lions,Away,L,3,Nippon-Ham Fighters,3,9,0,"0,0,0,3,0,0,0,0,0",6,Tokyo Dome,,,30000,GAME19950423NFSL0006
1995,1995-04-23,Reg Season,Nippon-Ham Fighters,Home,W,5,Seibu Lions,5,7,0,"0,0,2,0,1,2,0,0,x",6,Tokyo Dome,,,30000,GAME19950423NFSL0006
1995,1995-04-23,Reg Season,Hanshin Tigers,Away,L,1,Yakult Swallows,1,5,1,"0,0,0,1,0,0,0,0,0",3,Mizuho PayPay Dome Fukuoka,,,35000,GAME19950423YSHT0003
1995,1995-04-23,Reg Season,Yakult Swallows,Home,W,2,Hanshin Tigers,2,6,1,"1,0,0,0,0,1,0,0,x",3,Mizuho PayPay Dome Fukuoka,,,35000,GAME19950423YSHT0003
1995,1995-04-25,Reg Season,Yomiuri Giants,Away,W,6,Hiroshima Toyo Carp,6,7,0,"5,0,0,0,0,0,1,0,0",1,Hiroshima citizens,,,18000,GAME19950425HCYG0001
1995,1995-04-25,Reg Season,Hiroshima Toyo Carp,Home,L,3,Yomiuri Giants,3,8,0,"0,0,0,2,0,0,0,1,0",1,Hiroshima citizens,,,18000,GAME19950425HCYG0001
1995,1995-04-25,Reg Season,Chunichi Dragons,Away,W,5,Hanshin Tigers,5,12,2,"0,0,0,0,0,0,0,1,2,0,2",3,Wakasa Stadium Kyoto,,,20000,GAME19950425HTCD0003
1995,1995-04-25,Reg Season,Hanshin Tigers,Home,L,3,Chunichi Dragons,3,7,0,"0,0,0,0,0,0,3,0,0,0,0",3,Wakasa Stadium Kyoto,,,20000,GAME19950425HTCD0003
1995,1995-04-25,Reg Season,Kintetsu Buffaloes,Away,L,2,Nippon-Ham Fighters,2,6,0,"0,0,0,2,0,0,0,0,0",3,Tokyo Dome,,,15000,GAME19950425NFKI0003
1995,1995-04-25,Reg Season,Nippon-Ham Fighters,Home,W,4,Kintetsu Buffaloes,4,11,0,"0,2,0,0,0,1,0,1,x",3,Tokyo Dome,,,15000,GAME19950425NFKI0003
1995,1995-04-25,Reg Season,Chiba Lotte Marines,Away,W,11,Fukuoka Daiei Hawks,11,16,0,"0,1,3,0,0,0,3,2,2",4,Mizuho PayPay Dome Fukuoka,,,29000,GAME19950425SHLM0004
1995,1995-04-25,Reg Season,Fukuoka Daiei Hawks,Home,L,4,Chiba Lotte Marines,4,11,2,"1,0,0,0,1,0,0,1,1",4,Mizuho PayPay Dome Fukuoka,,,29000,GAME19950425SHLM0004
1995,1995-04-26,Reg Season,Yomiuri Giants,Away,W,6,Hiroshima Toyo Carp,6,9,0,"4,2,0,0,0,0,0,0,0",2,Hiroshima citizens,,,20000,GAME19950426HCYG0002
1995,1995-04-26,Reg Season,Hiroshima Toyo Carp,Home,L,2,Yomiuri Giants,2,6,0,"0,0,0,0,0,0,1,0,1",2,Hiroshima citizens,,,20000,GAME19950426HCYG0002
1995,1995-04-26,Reg Season,Chunichi Dragons,Away,L,1,Hanshin Tigers,1,6,2,"0,0,0,0,1,0,0,0,0",4,Hanshin Koshien Stadium,,,24000,GAME19950426HTCD0004
1995,1995-04-26,Reg Season,Hanshin Tigers,Home,W,4,Chunichi Dragons,4,5,0,"1,0,0,0,0,0,0,3,x",4,Hanshin Koshien Stadium,,,24000,GAME19950426HTCD0004
1995,1995-04-26,Reg Season,Kintetsu Buffaloes,Away,L,0,Nippon-Ham Fighters,0,7,1,"0,0,0,0,0,0,0,0,0,0,0",4,Tokyo Dome,,,17000,GAME19950426NFKI0004
1995,1995-04-26,Reg Season,Nippon-Ham Fighters,Home,W,1,Kintetsu Buffaloes,1,6,0,"0,0,0,0,0,0,0,0,0,0,1x",4,Tokyo Dome,,,17000,GAME19950426NFKI0004
1995,1995-04-26,Reg Season,Chiba Lotte Marines,Away,W,8,Fukuoka Daiei Hawks,8,16,0,"1,0,4,0,0,1,0,0,0,2",5,Kitakyushu Municipal Baseball Stadium,,,23000,GAME19950426SHLM0005
1995,1995-04-26,Reg Season,Fukuoka Daiei Hawks,Home,L,7,Chiba Lotte Marines,7,11,0,"1,2,0,0,2,0,0,0,1,1",5,Kitakyushu Municipal Baseball Stadium,,,23000,GAME19950426SHLM0005
1995,1995-04-26,Reg Season,Orix Bluewave,Away,L,3,Seibu Lions,3,6,2,"0,0,0,0,0,0,0,1,2",3,Hamamatsu Baseball Stadium,,,23000,GAME19950426SLOB0003
1995,1995-04-26,Reg Season,Seibu Lions,Home,W,13,Orix Bluewave,13,9,1,"1,0,0,7,0,2,1,2,x",3,Hamamatsu Baseball Stadium,,,23000,GAME19950426SLOB0003
1995,1995-04-26,Reg Season,Yokohama BayStars,Away,L,0,Yakult Swallows,0,2,0,"0,0,0,0,0,0,0,0,0",1,Meiji Jingu Stadium,,,18000,GAME19950426YSDB0001
1995,1995-04-26,Reg Season,Yakult Swallows,Home,W,2,Yokohama BayStars,2,1,1,"0,0,0,0,0,0,0,2,x",1,Meiji Jingu Stadium,,,18000,GAME19950426YSDB0001
1995,1995-04-27,Reg Season,Chunichi Dragons,Away,L,4,Hanshin Tigers,4,4,1,"0,3,1,0,0,0,0,0,0,0",5,Hanshin Koshien Stadium,,,24000,GAME19950427HTCD0005
1995,1995-04-27,Reg Season,Hanshin Tigers,Home,W,5,Chunichi Dragons,5,12,1,"0,1,0,2,0,0,1,0,0,1x",5,Hanshin Koshien Stadium,,,24000,GAME19950427HTCD0005
1995,1995-04-27,Reg Season,Kintetsu Buffaloes,Away,L,0,Nippon-Ham Fighters,0,6,0,"0,0,0,0,0,0,0,0,0,0",5,Tokyo Dome,,,15000,GAME19950427NFKI0005
1995,1995-04-27,Reg Season,Nippon-Ham Fighters,Home,W,1,Kintetsu Buffaloes,1,5,0,"0,0,0,0,0,0,0,0,0,1x",5,Tokyo Dome,,,15000,GAME19950427NFKI0005
1995,1995-04-27,Reg Season,Chiba Lotte Marines,Away,W,4,Fukuoka Daiei Hawks,4,8,1,"0,0,2,1,0,0,1,0,0",6,Mizuho PayPay Dome Fukuoka,,,26000,GAME19950427SHLM0006
1995,1995-04-27,Reg Season,Fukuoka Daiei Hawks,Home,L,1,Chiba Lotte Marines,1,9,1,"0,0,1,0,0,0,0,0,0",6,Mizuho PayPay Dome Fukuoka,,,26000,GAME19950427SHLM0006
1995,1995-04-27,Reg Season,Yokohama BayStars,Away,W,8,Yakult Swallows,8,10,0,"0,0,0,0,4,0,4,0,0",2,Meiji Jingu Stadium,,,18000,GAME19950427YSDB0002
1995,1995-04-27,Reg Season,Yakult Swallows,Home,L,3,Yokohama BayStars,3,7,0,"0,0,0,2,0,0,0,0,1",2,Meiji Jingu Stadium,,,18000,GAME19950427YSDB0002
1995,1995-04-28,Reg Season,Yakult Swallows,Away,L,2,Hanshin Tigers,2,8,0,"0,1,0,0,0,1,0,0,0",4,Hanshin Koshien Stadium,,,26000,GAME19950428HTYS0004
1995,1995-04-28,Reg Season,Hanshin Tigers,Home,W,3,Yakult Swallows,3,6,1,"0,0,0,0,0,1,0,2,x",4,Hanshin Koshien Stadium,,,26000,GAME19950428HTYS0004
1995,1995-04-28,Reg Season,Seibu Lions,Away,W,7,Chiba Lotte Marines,7,11,2,"2,1,1,0,0,0,0,1,2",4,ZOZO Marine Stadium,,,13000,GAME19950428LMSL0004
1995,1995-04-28,Reg Season,Chiba Lotte Marines,Home,L,4,Seibu Lions,4,5,1,"1,0,0,0,1,1,0,0,1",4,ZOZO Marine Stadium,,,13000,GAME19950428LMSL0004
1995,1995-04-28,Reg Season,Kintetsu Buffaloes,Away,L,1,Orix Bluewave,1,6,0,"0,0,0,1,0,0,0,0,0",4,Kobe Athletic Park Baseball Field,,,15000,GAME19950428OBKI0004
1995,1995-04-28,Reg Season,Orix Bluewave,Home,W,3,Kintetsu Buffaloes,3,8,0,"0,0,1,0,0,0,1,1,x",4,Kobe Athletic Park Baseball Field,,,15000,GAME19950428OBKI0004
1995,1995-04-28,Reg Season,Nippon-Ham Fighters,Away,W,3,Fukuoka Daiei Hawks,3,7,0,"1,0,0,0,0,0,2,0,0",4,Mizuho PayPay Dome Fukuoka,,,26000,GAME19950428SHNF0004
1995,1995-04-28,Reg Season,Fukuoka Daiei Hawks,Home,L,2,Nippon-Ham Fighters,2,7,0,"0,2,0,0,0,0,0,0,0",4,Mizuho PayPay Dome Fukuoka,,,26000,GAME19950428SHNF0004
1995,1995-04-28,Reg Season,Yokohama BayStars,Away,L,0,Yomiuri Giants,0,3,0,"0,0,0,0,0,0,0,0,0",4,Tokyo Dome,,,55000,GAME19950428YGDB0004
1995,1995-04-28,Reg Season,Yomiuri Giants,Home,W,2,Yokohama BayStars,2,7,0,"0,0,0,0,2,0,0,0,x",4,Tokyo Dome,,,55000,GAME19950428YGDB0004
1995,1995-04-29,Reg Season,Yakult Swallows,Away,W,7,Hanshin Tigers,7,9,0,"0,2,0,3,0,1,0,1,0",5,Hanshin Koshien Stadium,,,40000,GAME19950429HTYS0005
1995,1995-04-29,Reg Season,Hanshin Tigers,Home,L,2,Yakult Swallows,2,4,0,"0,0,0,0,0,2,0,0,0",5,Hanshin Koshien Stadium,,,40000,GAME19950429HTYS0005
1995,1995-04-29,Reg Season,Seibu Lions,Away,W,2,Chiba Lotte Marines,2,5,0,"0,0,0,0,0,0,0,0,2",5,ZOZO Marine Stadium,,,33000,GAME19950429LMSL0005
1995,1995-04-29,Reg Season,Chiba Lotte Marines,Home,L,0,Seibu Lions,0,4,0,"0,0,0,0,0,0,0,0,0",5,ZOZO Marine Stadium,,,33000,GAME19950429LMSL0005
1995,1995-04-29,Reg Season,Nippon-Ham Fighters,Away,L,1,Fukuoka Daiei Hawks,1,4,1,"1,0,0,0,0,0,0,0,0",5,Mizuho PayPay Dome Fukuoka,,,48000,GAME19950429SHNF0005
1995,1995-04-29,Reg Season,Fukuoka Daiei Hawks,Home,W,4,Nippon-Ham Fighters,4,10,0,"0,0,2,0,0,0,0,2,x",5,Mizuho PayPay Dome Fukuoka,,,48000,GAME19950429SHNF0005
1995,1995-04-29,Reg Season,Yokohama BayStars,Away,W,6,Yomiuri Giants,6,9,1,"1,0,0,2,0,2,0,0,0,1",5,Tokyo Dome,,,55000,GAME19950429YGDB0005
1995,1995-04-29,Reg Season,Yomiuri Giants,Home,L,5,Yokohama BayStars,5,6,1,"1,0,3,1,0,0,0,0,0,0",5,Tokyo Dome,,,55000,GAME19950429YGDB0005
1995,1995-04-30,Reg Season,Hiroshima Toyo Carp,Away,L,2,Chunichi Dragons,2,6,2,"0,0,0,0,0,0,0,0,2",4,Nagoya,,,35000,GAME19950430CDHC0004
1995,1995-04-30,Reg Season,Chunichi Dragons,Home,W,3,Hiroshima Toyo Carp,3,4,0,"1,0,0,0,0,0,0,0,2x",4,Nagoya,,,35000,GAME19950430CDHC0004
1995,1995-04-30,Reg Season,Yakult Swallows,Away,W,3,Hanshin Tigers,3,6,0,"0,0,0,0,0,2,0,1,0",6,Hanshin Koshien Stadium,,,38000,GAME19950430HTYS0006
1995,1995-04-30,Reg Season,Hanshin Tigers,Home,L,1,Yakult Swallows,1,7,0,"1,0,0,0,0,0,0,0,0",6,Hanshin Koshien Stadium,,,38000,GAME19950430HTYS0006
1995,1995-04-30,Reg Season,Seibu Lions,Away,T,1,Chiba Lotte Marines,1,8,0,"0,0,0,0,0,1,0,0,0,0,0,0",6,ZOZO Marine Stadium,,,20000,GAME19950430LMSL0006
1995,1995-04-30,Reg Season,Chiba Lotte Marines,Home,T,1,Seibu Lions,1,10,0,"1,0,0,0,0,0,0,0,0,0,0,0",6,ZOZO Marine Stadium,,,20000,GAME19950430LMSL0006
1995,1995-04-30,Reg Season,Kintetsu Buffaloes,Away,L,1,Orix Bluewave,1,2,1,"1,0,0,0,0,0,0,0,0",5,Kobe Athletic Park Baseball Field,,,33000,GAME19950430OBKI0005
1995,1995-04-30,Reg Season,Orix Bluewave,Home,W,8,Kintetsu Buffaloes,8,10,0,"0,0,0,0,6,0,0,2,x",5,Kobe Athletic Park Baseball Field,,,33000,GAME19950430OBKI0005
1995,1995-04-30,Reg Season,Nippon-Ham Fighters,Away,L,4,Fukuoka Daiei Hawks,4,9,0,"0,2,1,0,0,0,1,0,0",6,Mizuho PayPay Dome Fukuoka,,,48000,GAME19950430SHNF0006
1995,1995-04-30,Reg Season,Fukuoka Daiei Hawks,Home,W,8,Nippon-Ham Fighters,8,11,1,"0,0,0,0,4,0,4,0,x",6,Mizuho PayPay Dome Fukuoka,,,48000,GAME19950430SHNF0006
1995,1995-04-30,Reg Season,Yokohama BayStars,Away,L,0,Yomiuri Giants,0,6,0,"0,0,0,0,0,0,0,0,0",6,Tokyo Dome,,,55000,GAME19950430YGDB0006
1995,1995-04-30,Reg Season,Yomiuri Giants,Home,W,2,Yokohama BayStars,2,3,0,"1,0,1,0,0,0,0,0,x",6,Tokyo Dome,,,55000,GAME19950430YGDB0006
1995,1995-05-02,Reg Season,Chunichi Dragons,Away,L,2,Yokohama BayStars,2,4,1,"0,0,0,0,0,2,0,0,0",2,Yokohama Stadium,,,21000,GAME19950502DBCD0002
1995,1995-05-02,Reg Season,Yokohama BayStars,Home,W,8,Chunichi Dragons,8,14,2,"1,0,2,0,1,0,1,3,x",2,Yokohama Stadium,,,21000,GAME19950502DBCD0002
1995,1995-05-02,Reg Season,Yomiuri Giants,Away,W,5,Hanshin Tigers,5,9,0,"0,0,0,0,0,0,4,1,0",4,Hanshin Koshien Stadium,,,45000,GAME19950502HTYG0004
1995,1995-05-02,Reg Season,Hanshin Tigers,Home,L,4,Yomiuri Giants,4,13,0,"1,1,1,0,0,0,0,0,1",4,Hanshin Koshien Stadium,,,45000,GAME19950502HTYG0004
1995,1995-05-02,Reg Season,Chiba Lotte Marines,Away,W,5,Nippon-Ham Fighters,5,9,1,"0,0,1,2,1,1,0,0,0",3,Tokyo Dome,,,17000,GAME19950502NFLM0003
1995,1995-05-02,Reg Season,Nippon-Ham Fighters,Home,L,1,Chiba Lotte Marines,1,8,0,"0,0,0,0,0,1,0,0,0",3,Tokyo Dome,,,17000,GAME19950502NFLM0003
1995,1995-05-02,Reg Season,Fukuoka Daiei Hawks,Away,L,0,Orix Bluewave,0,8,1,"0,0,0,0,0,0,0,0,0",3,Kobe Athletic Park Baseball Field,,,22000,GAME19950502OBSH0003
1995,1995-05-02,Reg Season,Orix Bluewave,Home,W,6,Fukuoka Daiei Hawks,6,6,2,"0,4,0,2,0,0,0,0,x",3,Kobe Athletic Park Baseball Field,,,22000,GAME19950502OBSH0003
1995,1995-05-02,Reg Season,Kintetsu Buffaloes,Away,W,7,Seibu Lions,7,6,0,"0,0,5,0,0,1,0,0,1",3,Belluna Dome,,,27000,GAME19950502SLKI0003
1995,1995-05-02,Reg Season,Seibu Lions,Home,L,1,Kintetsu Buffaloes,1,7,0,"0,0,0,0,0,1,0,0,0",3,Belluna Dome,,,27000,GAME19950502SLKI0003
1995,1995-05-02,Reg Season,Hiroshima Toyo Carp,Away,L,3,Yakult Swallows,3,5,0,"1,0,0,0,0,1,0,1,0",4,Meiji Jingu Stadium,,,30000,GAME19950502YSHC0004
1995,1995-05-02,Reg Season,Yakult Swallows,Home,W,9,Hiroshima Toyo Carp,9,7,0,"0,0,0,4,0,0,1,4,x",4,Meiji Jingu Stadium,,,30000,GAME19950502YSHC0004
1995,1995-05-03,Reg Season,Chunichi Dragons,Away,L,3,Yokohama BayStars,3,8,0,"0,0,0,0,0,3,0,0,0",3,Yokohama Stadium,,,29000,GAME19950503DBCD0003
1995,1995-05-03,Reg Season,Yokohama BayStars,Home,W,8,Chunichi Dragons,8,11,0,"2,0,0,0,4,1,0,1,x",3,Yokohama Stadium,,,29000,GAME19950503DBCD0003
1995,1995-05-03,Reg Season,Yomiuri Giants,Away,W,3,Hanshin Tigers,3,8,0,"0,1,0,0,0,1,0,1,0",5,Hanshin Koshien Stadium,,,55000,GAME19950503HTYG0005
1995,1995-05-03,Reg Season,Hanshin Tigers,Home,L,1,Yomiuri Giants,1,3,0,"0,0,1,0,0,0,0,0,0",5,Hanshin Koshien Stadium,,,55000,GAME19950503HTYG0005
1995,1995-05-03,Reg Season,Chiba Lotte Marines,Away,L,1,Nippon-Ham Fighters,1,7,0,"0,1,0,0,0,0,0,0,0",4,Tokyo Dome,,,26000,GAME19950503NFLM0004
1995,1995-05-03,Reg Season,Nippon-Ham Fighters,Home,W,7,Chiba Lotte Marines,7,11,1,"1,0,0,3,0,3,0,0,x",4,Tokyo Dome,,,26000,GAME19950503NFLM0004
1995,1995-05-03,Reg Season,Fukuoka Daiei Hawks,Away,L,2,Orix Bluewave,2,10,3,"0,0,0,0,1,0,1,0,0,0,0",4,Kobe Athletic Park Baseball Field,,,35000,GAME19950503OBSH0004
1995,1995-05-03,Reg Season,Orix Bluewave,Home,W,3,Fukuoka Daiei Hawks,3,12,0,"1,0,0,1,0,0,0,0,0,0,1x",4,Kobe Athletic Park Baseball Field,,,35000,GAME19950503OBSH0004
1995,1995-05-03,Reg Season,Kintetsu Buffaloes,Away,L,1,Seibu Lions,1,5,1,"0,0,1,0,0,0,0,0,0",4,Belluna Dome,,,30000,GAME19950503SLKI0004
1995,1995-05-03,Reg Season,Seibu Lions,Home,W,2,Kintetsu Buffaloes,2,4,0,"0,0,0,0,0,1,0,1,x",4,Belluna Dome,,,30000,GAME19950503SLKI0004
1995,1995-05-03,Reg Season,Hiroshima Toyo Carp,Away,L,4,Yakult Swallows,4,15,0,"3,0,0,0,0,0,1,0,0",5,Meiji Jingu Stadium,,,45000,GAME19950503YSHC0005
1995,1995-05-03,Reg Season,Yakult Swallows,Home,W,8,Hiroshima Toyo Carp,8,10,1,"0,1,2,2,3,0,0,0,x",5,Meiji Jingu Stadium,,,45000,GAME19950503YSHC0005
1995,1995-05-04,Reg Season,Chunichi Dragons,Away,L,0,Yokohama BayStars,0,5,0,"0,0,0,0,0,0,0,0,0,0,0,0",4,Yokohama Stadium,,,27000,GAME19950504DBCD0004
1995,1995-05-04,Reg Season,Yokohama BayStars,Home,W,1,Chunichi Dragons,1,9,1,"0,0,0,0,0,0,0,0,0,0,0,1x",4,Yokohama Stadium,,,27000,GAME19950504DBCD0004
1995,1995-05-04,Reg Season,Yomiuri Giants,Away,W,3,Hanshin Tigers,3,5,0,"1,0,1,0,0,0,0,0,1",6,Hanshin Koshien Stadium,,,54000,GAME19950504HTYG0006
1995,1995-05-04,Reg Season,Hanshin Tigers,Home,L,1,Yomiuri Giants,1,8,2,"1,0,0,0,0,0,0,0,0",6,Hanshin Koshien Stadium,,,54000,GAME19950504HTYG0006
1995,1995-05-04,Reg Season,Chiba Lotte Marines,Away,L,0,Nippon-Ham Fighters,0,8,1,"0,0,0,0,0,0,0,0,0",5,Tokyo Dome,,,33000,GAME19950504NFLM0005
1995,1995-05-04,Reg Season,Nippon-Ham Fighters,Home,W,5,Chiba Lotte Marines,5,6,0,"4,0,0,0,0,0,1,0,x",5,Tokyo Dome,,,33000,GAME19950504NFLM0005
1995,1995-05-04,Reg Season,Fukuoka Daiei Hawks,Away,W,6,Orix Bluewave,6,13,0,"0,0,0,0,0,1,2,3,0",5,Kobe Athletic Park Baseball Field,,,35000,GAME19950504OBSH0005
1995,1995-05-04,Reg Season,Orix Bluewave,Home,L,1,Fukuoka Daiei Hawks,1,5,0,"0,1,0,0,0,0,0,0,0",5,Kobe Athletic Park Baseball Field,,,35000,GAME19950504OBSH0005
1995,1995-05-04,Reg Season,Kintetsu Buffaloes,Away,L,2,Seibu Lions,2,5,2,"0,1,1,0,0,0,0,0,0",5,Belluna Dome,,,32000,GAME19950504SLKI0005
1995,1995-05-04,Reg Season,Seibu Lions,Home,W,12,Kintetsu Buffaloes,12,15,0,"2,0,7,1,0,1,0,1,x",5,Belluna Dome,,,32000,GAME19950504SLKI0005
1995,1995-05-04,Reg Season,Hiroshima Toyo Carp,Away,W,4,Yakult Swallows,4,7,1,"1,0,0,0,0,0,1,0,2",6,Meiji Jingu Stadium,,,35000,GAME19950504YSHC0006
1995,1995-05-04,Reg Season,Yakult Swallows,Home,L,2,Hiroshima Toyo Carp,2,7,0,"0,0,0,0,0,0,2,0,0",6,Meiji Jingu Stadium,,,35000,GAME19950504YSHC0006
1995,1995-05-05,Reg Season,Yakult Swallows,Away,W,5,Yokohama BayStars,5,7,0,"0,3,0,0,0,1,0,0,1",3,Yokohama Stadium,,,29000,GAME19950505DBYS0003
1995,1995-05-05,Reg Season,Yokohama BayStars,Home,L,2,Yakult Swallows,2,11,1,"0,0,0,0,0,0,0,2,0",3,Yokohama Stadium,,,29000,GAME19950505DBYS0003
1995,1995-05-05,Reg Season,Hanshin Tigers,Away,W,4,Hiroshima Toyo Carp,4,8,0,"2,0,0,0,0,0,2,0,0",4,Hiroshima citizens,,,30000,GAME19950505HCHT0004
1995,1995-05-05,Reg Season,Hiroshima Toyo Carp,Home,L,1,Hanshin Tigers,1,7,1,"0,0,0,0,0,0,1,0,0",4,Hiroshima citizens,,,30000,GAME19950505HCHT0004
1995,1995-05-05,Reg Season,Nippon-Ham Fighters,Away,W,4,Kintetsu Buffaloes,4,8,0,"0,0,0,0,2,1,0,0,1",6,Fujiidera,,,23000,GAME19950505KINF0006
1995,1995-05-05,Reg Season,Kintetsu Buffaloes,Home,L,3,Nippon-Ham Fighters,3,3,1,"1,0,0,0,0,0,2,0,0",6,Fujiidera,,,23000,GAME19950505KINF0006
1995,1995-05-05,Reg Season,Fukuoka Daiei Hawks,Away,L,4,Seibu Lions,4,8,0,"0,0,0,2,0,0,2,0,0",5,Belluna Dome,,,50000,GAME19950505SLSH0005
1995,1995-05-05,Reg Season,Seibu Lions,Home,W,6,Fukuoka Daiei Hawks,6,7,1,"2,0,1,0,0,1,2,0,x",5,Belluna Dome,,,50000,GAME19950505SLSH0005
1995,1995-05-05,Reg Season,Chunichi Dragons,Away,L,3,Yomiuri Giants,3,8,0,"0,0,0,0,1,1,1,0,0",3,Tokyo Dome,,,55000,GAME19950505YGCD0003
1995,1995-05-05,Reg Season,Yomiuri Giants,Home,W,6,Chunichi Dragons,6,9,2,"3,0,0,0,3,0,0,0,x",3,Tokyo Dome,,,55000,GAME19950505YGCD0003
1995,1995-05-06,Reg Season,Yakult Swallows,Away,L,2,Yokohama BayStars,2,8,2,"0,0,1,0,0,1,0,0,0",4,Yokohama Stadium,,,28000,GAME19950506DBYS0004
1995,1995-05-06,Reg Season,Yokohama BayStars,Home,W,4,Yakult Swallows,4,8,0,"0,0,0,0,2,0,2,0,x",4,Yokohama Stadium,,,28000,GAME19950506DBYS0004
1995,1995-05-06,Reg Season,Hanshin Tigers,Away,L,4,Hiroshima Toyo Carp,4,8,0,"0,0,1,0,0,1,0,1,1",5,Hiroshima citizens,,,23000,GAME19950506HCHT0005
1995,1995-05-06,Reg Season,Hiroshima Toyo Carp,Home,W,11,Hanshin Tigers,11,17,1,"1,8,0,1,1,0,0,0,x",5,Hiroshima citizens,,,23000,GAME19950506HCHT0005
1995,1995-05-06,Reg Season,Nippon-Ham Fighters,Away,L,4,Kintetsu Buffaloes,4,7,3,"4,0,0,0,0,0,0,0,0",7,Fujiidera,,,17000,GAME19950506KINF0007
1995,1995-05-06,Reg Season,Kintetsu Buffaloes,Home,W,6,Nippon-Ham Fighters,6,8,0,"0,0,2,0,0,4,0,0,x",7,Fujiidera,,,17000,GAME19950506KINF0007
1995,1995-05-06,Reg Season,Orix Bluewave,Away,L,0,Chiba Lotte Marines,0,4,0,"0,0,0,0,0,0,0,0,0",4,ZOZO Marine Stadium,,,30000,GAME19950506LMOB0004
1995,1995-05-06,Reg Season,Chiba Lotte Marines,Home,W,2,Orix Bluewave,2,7,1,"0,1,0,0,0,1,0,0,x",4,ZOZO Marine Stadium,,,30000,GAME19950506LMOB0004
1995,1995-05-06,Reg Season,Fukuoka Daiei Hawks,Away,W,4,Seibu Lions,4,14,0,"0,0,0,1,1,0,0,2,0",6,Belluna Dome,,,50000,GAME19950506SLSH0006
1995,1995-05-06,Reg Season,Seibu Lions,Home,L,1,Fukuoka Daiei Hawks,1,5,0,"0,0,0,1,0,0,0,0,0",6,Belluna Dome,,,50000,GAME19950506SLSH0006
1995,1995-05-06,Reg Season,Chunichi Dragons,Away,W,6,Yomiuri Giants,6,12,0,"1,0,1,0,0,0,0,0,4",4,Tokyo Dome,,,55000,GAME19950506YGCD0004
1995,1995-05-06,Reg Season,Yomiuri Giants,Home,L,4,Chunichi Dragons,4,13,3,"0,0,1,0,1,0,0,0,2",4,Tokyo Dome,,,55000,GAME19950506YGCD0004
1995,1995-05-07,Reg Season,Yakult Swallows,Away,L,4,Yokohama BayStars,4,10,0,"0,0,1,1,2,0,0,0,0",5,Yokohama Stadium,,,26000,GAME19950507DBYS0005
1995,1995-05-07,Reg Season,Yokohama BayStars,Home,W,5,Yakult Swallows,5,9,1,"0,1,1,0,1,2,0,0,x",5,Yokohama Stadium,,,26000,GAME19950507DBYS0005
1995,1995-05-07,Reg Season,Hanshin Tigers,Away,L,3,Hiroshima Toyo Carp,3,6,2,"1,0,0,1,0,0,0,1,0",6,Hiroshima citizens,,,20000,GAME19950507HCHT0006
1995,1995-05-07,Reg Season,Hiroshima Toyo Carp,Home,W,6,Hanshin Tigers,6,8,0,"0,0,0,1,1,1,0,3,x",6,Hiroshima citizens,,,20000,GAME19950507HCHT0006
1995,1995-05-07,Reg Season,Nippon-Ham Fighters,Away,L,4,Kintetsu Buffaloes,4,8,1,"0,1,0,0,0,0,1,2,0",8,Fujiidera,,,18000,GAME19950507KINF0008
1995,1995-05-07,Reg Season,Kintetsu Buffaloes,Home,W,12,Nippon-Ham Fighters,12,11,1,"4,0,2,0,3,0,1,2,x",8,Fujiidera,,,18000,GAME19950507KINF0008
1995,1995-05-07,Reg Season,Orix Bluewave,Away,W,11,Chiba Lotte Marines,11,12,0,"0,0,0,3,1,0,2,4,1",5,ZOZO Marine Stadium,,,28000,GAME19950507LMOB0005
1995,1995-05-07,Reg Season,Chiba Lotte Marines,Home,L,6,Orix Bluewave,6,12,1,"1,0,0,0,3,0,0,2,0",5,ZOZO Marine Stadium,,,28000,GAME19950507LMOB0005
1995,1995-05-07,Reg Season,Fukuoka Daiei Hawks,Away,L,4,Seibu Lions,4,6,2,"0,0,0,1,0,1,0,0,2",7,Belluna Dome,,,45000,GAME19950507SLSH0007
1995,1995-05-07,Reg Season,Seibu Lions,Home,W,14,Fukuoka Daiei Hawks,14,19,2,"3,0,1,3,1,2,2,2,x",7,Belluna Dome,,,45000,GAME19950507SLSH0007
1995,1995-05-07,Reg Season,Chunichi Dragons,Away,W,7,Yomiuri Giants,7,11,1,"0,0,2,0,3,0,1,0,1",5,Tokyo Dome,,,55000,GAME19950507YGCD0005
1995,1995-05-07,Reg Season,Yomiuri Giants,Home,L,2,Chunichi Dragons,2,7,0,"0,0,0,0,2,0,0,0,0",5,Tokyo Dome,,,55000,GAME19950507YGCD0005
1995,1995-05-09,Reg Season,Yakult Swallows,Away,W,2,Chunichi Dragons,2,10,0,"0,1,0,0,0,1,0,0,0",4,Ishikawa Prefectural Baseball Stadium,,,13000,GAME19950509CDYS0004
1995,1995-05-09,Reg Season,Chunichi Dragons,Home,L,0,Yakult Swallows,0,6,0,"0,0,0,0,0,0,0,0,0",4,Ishikawa Prefectural Baseball Stadium,,,13000,GAME19950509CDYS0004
1995,1995-05-09,Reg Season,Yokohama BayStars,Away,L,2,Hanshin Tigers,2,6,0,"0,0,0,0,0,0,0,2,0",3,Hanshin Koshien Stadium,,,24000,GAME19950509HTDB0003
1995,1995-05-09,Reg Season,Hanshin Tigers,Home,W,5,Yokohama BayStars,5,9,0,"0,1,0,0,0,1,0,3,x",3,Hanshin Koshien Stadium,,,24000,GAME19950509HTDB0003
1995,1995-05-09,Reg Season,Nippon-Ham Fighters,Away,L,4,Chiba Lotte Marines,4,8,1,"0,0,2,0,0,0,2,0,0",6,Rakuten Seimei Park Miyagi,,,10000,GAME19950509LMNF0006
1995,1995-05-09,Reg Season,Chiba Lotte Marines,Home,W,5,Nippon-Ham Fighters,5,10,0,"2,0,0,0,3,0,0,0,x",6,Rakuten Seimei Park Miyagi,,,10000,GAME19950509LMNF0006
1995,1995-05-09,Reg Season,Seibu Lions,Away,L,0,Orix Bluewave,0,2,0,"0,0,0,0,0,0,0,0,0",4,Alpen Stadium,,,26000,GAME19950509OBSL0004
1995,1995-05-09,Reg Season,Orix Bluewave,Home,W,9,Seibu Lions,9,11,0,"2,4,0,0,3,0,0,0,x",4,Alpen Stadium,,,26000,GAME19950509OBSL0004
1995,1995-05-09,Reg Season,Kintetsu Buffaloes,Away,W,3,Fukuoka Daiei Hawks,3,7,1,"0,0,0,2,0,1,0,0,0",6,Mizuho PayPay Dome Fukuoka,,,27000,GAME19950509SHKI0006
1995,1995-05-09,Reg Season,Fukuoka Daiei Hawks,Home,L,2,Kintetsu Buffaloes,2,6,0,"0,0,0,0,0,2,0,0,0",6,Mizuho PayPay Dome Fukuoka,,,27000,GAME19950509SHKI0006
1995,1995-05-09,Reg Season,Hiroshima Toyo Carp,Away,W,3,Yomiuri Giants,3,5,0,"0,0,0,1,0,0,1,0,0,0,1",3,Tokyo Dome,,,55000,GAME19950509YGHC0003
1995,1995-05-09,Reg Season,Yomiuri Giants,Home,L,2,Hiroshima Toyo Carp,2,11,0,"1,1,0,0,0,0,0,0,0,0,0",3,Tokyo Dome,,,55000,GAME19950509YGHC0003
1995,1995-05-10,Reg Season,Yakult Swallows,Away,L,2,Chunichi Dragons,2,6,0,"0,0,0,0,1,0,0,1,0",5,Ishikawa Prefectural Baseball Stadium,,,13000,GAME19950510CDYS0005
1995,1995-05-10,Reg Season,Chunichi Dragons,Home,W,7,Yakult Swallows,7,9,0,"0,4,0,0,0,0,1,2,x",5,Ishikawa Prefectural Baseball Stadium,,,13000,GAME19950510CDYS0005
1995,1995-05-10,Reg Season,Yokohama BayStars,Away,L,0,Hanshin Tigers,0,7,0,"0,0,0,0,0,0,0,0,0",4,Hanshin Koshien Stadium,,,26000,GAME19950510HTDB0004
1995,1995-05-10,Reg Season,Hanshin Tigers,Home,W,6,Yokohama BayStars,6,12,0,"0,0,0,0,0,4,2,0,x",4,Hanshin Koshien Stadium,,,26000,GAME19950510HTDB0004
1995,1995-05-10,Reg Season,Nippon-Ham Fighters,Away,W,5,Chiba Lotte Marines,5,13,1,"1,0,0,0,0,0,3,1,0",7,Rakuten Seimei Park Miyagi,,,10000,GAME19950510LMNF0007
1995,1995-05-10,Reg Season,Chiba Lotte Marines,Home,L,1,Nippon-Ham Fighters,1,6,1,"0,0,0,1,0,0,0,0,0",7,Rakuten Seimei Park Miyagi,,,10000,GAME19950510LMNF0007
1995,1995-05-10,Reg Season,Seibu Lions,Away,L,3,Orix Bluewave,3,7,0,"0,0,0,0,2,0,0,0,1",5,Alpen Stadium,,,28000,GAME19950510OBSL0005
1995,1995-05-10,Reg Season,Orix Bluewave,Home,W,7,Seibu Lions,7,12,1,"1,0,0,4,0,0,1,1,x",5,Alpen Stadium,,,28000,GAME19950510OBSL0005
1995,1995-05-10,Reg Season,Kintetsu Buffaloes,Away,W,4,Fukuoka Daiei Hawks,4,10,0,"2,0,0,0,0,0,0,0,2",7,Mizuho PayPay Dome Fukuoka,,,30000,GAME19950510SHKI0007
1995,1995-05-10,Reg Season,Fukuoka Daiei Hawks,Home,L,2,Kintetsu Buffaloes,2,6,0,"0,1,0,0,0,0,1,0,0",7,Mizuho PayPay Dome Fukuoka,,,30000,GAME19950510SHKI0007
1995,1995-05-10,Reg Season,Hiroshima Toyo Carp,Away,W,11,Yomiuri Giants,11,17,0,"0,0,0,1,4,0,2,4,0",4,Tokyo Dome,,,55000,GAME19950510YGHC0004
1995,1995-05-10,Reg Season,Yomiuri Giants,Home,L,3,Hiroshima Toyo Carp,3,5,0,"1,0,0,0,1,1,0,0,0",4,Tokyo Dome,,,55000,GAME19950510YGHC0004
1995,1995-05-12,Reg Season,Yokohama BayStars,Away,L,2,Hiroshima Toyo Carp,2,8,0,"0,0,1,0,0,0,0,0,1",6,Hiroshima citizens,,,12000,GAME19950512HCDB0006
1995,1995-05-12,Reg Season,Hiroshima Toyo Carp,Home,W,5,Yokohama BayStars,5,9,1,"0,0,0,3,2,0,0,0,x",6,Hiroshima citizens,,,12000,GAME19950512HCDB0006
1995,1995-05-12,Reg Season,Fukuoka Daiei Hawks,Away,W,5,Nippon-Ham Fighters,5,5,0,"0,0,0,0,2,0,0,1,2",7,Tokyo Dome,,,32000,GAME19950512NFSH0007
1995,1995-05-12,Reg Season,Nippon-Ham Fighters,Home,L,2,Fukuoka Daiei Hawks,2,9,1,"0,0,0,1,1,0,0,0,0",7,Tokyo Dome,,,32000,GAME19950512NFSH0007
1995,1995-05-13,Reg Season,Hanshin Tigers,Away,W,17,Chunichi Dragons,17,16,1,"3,0,5,1,2,1,3,2,0",6,Nagoya,,,35000,GAME19950513CDHT0006
1995,1995-05-13,Reg Season,Chunichi Dragons,Home,L,7,Hanshin Tigers,7,13,3,"0,0,5,0,2,0,0,0,0",6,Nagoya,,,35000,GAME19950513CDHT0006
1995,1995-05-13,Reg Season,Yokohama BayStars,Away,L,3,Hiroshima Toyo Carp,3,7,1,"0,0,0,1,1,1,0,0,0",7,Hiroshima citizens,,,17000,GAME19950513HCDB0007
1995,1995-05-13,Reg Season,Hiroshima Toyo Carp,Home,W,4,Yokohama BayStars,4,10,1,"0,0,0,1,0,0,2,0,1x",7,Hiroshima citizens,,,17000,GAME19950513HCDB0007
1995,1995-05-13,Reg Season,Orix Bluewave,Away,L,4,Kintetsu Buffaloes,4,8,0,"1,0,2,0,0,0,0,0,1",6,Fujiidera,,,24000,GAME19950513KIOB0006
1995,1995-05-13,Reg Season,Kintetsu Buffaloes,Home,W,5,Orix Bluewave,5,9,0,"0,0,3,0,1,0,0,1,x",6,Fujiidera,,,24000,GAME19950513KIOB0006
1995,1995-05-13,Reg Season,Fukuoka Daiei Hawks,Away,W,6,Nippon-Ham Fighters,6,7,0,"1,0,3,0,0,1,0,1,0",8,Tokyo Dome,,,38000,GAME19950513NFSH0008
1995,1995-05-13,Reg Season,Nippon-Ham Fighters,Home,L,5,Fukuoka Daiei Hawks,5,8,1,"0,1,2,0,0,0,0,2,0",8,Tokyo Dome,,,38000,GAME19950513NFSH0008
1995,1995-05-13,Reg Season,Chiba Lotte Marines,Away,W,3,Seibu Lions,3,10,0,"0,1,2,0,0,0,0,0,0",7,Belluna Dome,,,20000,GAME19950513SLLM0007
1995,1995-05-13,Reg Season,Seibu Lions,Home,L,2,Chiba Lotte Marines,2,6,0,"0,0,0,1,1,0,0,0,0",7,Belluna Dome,,,20000,GAME19950513SLLM0007
1995,1995-05-13,Reg Season,Yomiuri Giants,Away,L,0,Yakult Swallows,0,2,1,"0,0,0,0,0,0,0,0,0",6,Meiji Jingu Stadium,,,48000,GAME19950513YSYG0006
1995,1995-05-13,Reg Season,Yakult Swallows,Home,W,2,Yomiuri Giants,2,4,0,"0,1,0,0,0,0,0,1,x",6,Meiji Jingu Stadium,,,48000,GAME19950513YSYG0006
1995,1995-05-14,Reg Season,Fukuoka Daiei Hawks,Away,L,5,Nippon-Ham Fighters,5,7,1,"4,1,0,0,0,0,0,0,0",9,Tokyo Dome,,,34000,GAME19950514NFSH0009
1995,1995-05-14,Reg Season,Nippon-Ham Fighters,Home,W,6,Fukuoka Daiei Hawks,6,10,1,"0,0,0,0,0,4,0,1,1x",9,Tokyo Dome,,,34000,GAME19950514NFSH0009
1995,1995-05-14,Reg Season,Chiba Lotte Marines,Away,L,1,Seibu Lions,1,6,2,"0,0,0,0,0,1,0,0,0",8,Belluna Dome,,,26000,GAME19950514SLLM0008
1995,1995-05-14,Reg Season,Seibu Lions,Home,W,2,Chiba Lotte Marines,2,6,1,"0,0,0,0,0,1,1,0,x",8,Belluna Dome,,,26000,GAME19950514SLLM0008
1995,1995-05-14,Reg Season,Yomiuri Giants,Away,L,1,Yakult Swallows,1,4,0,"0,0,0,1,0,0,0,0,0",7,Meiji Jingu Stadium,,,48000,GAME19950514YSYG0007
1995,1995-05-14,Reg Season,Yakult Swallows,Home,W,2,Yomiuri Giants,2,4,1,"2,0,0,0,0,0,0,0,x",7,Meiji Jingu Stadium,,,48000,GAME19950514YSYG0007
1995,1995-05-16,Reg Season,Hiroshima Toyo Carp,Away,W,12,Chunichi Dragons,12,15,0,"0,1,2,2,1,1,4,0,1",5,Nagoya,,,29000,GAME19950516CDHC0005
1995,1995-05-16,Reg Season,Chunichi Dragons,Home,L,8,Hiroshima Toyo Carp,8,14,0,"0,0,1,3,1,1,2,0,0",5,Nagoya,,,29000,GAME19950516CDHC0005
1995,1995-05-16,Reg Season,Yakult Swallows,Away,L,2,Hanshin Tigers,2,9,0,"0,0,0,0,1,0,0,0,1",7,Kurashiki Sports Park Muscat Stadium,,,23000,GAME19950516HTYS0007
1995,1995-05-16,Reg Season,Hanshin Tigers,Home,W,3,Yakult Swallows,3,4,0,"0,0,0,0,0,1,0,2,x",7,Kurashiki Sports Park Muscat Stadium,,,23000,GAME19950516HTYS0007
1995,1995-05-16,Reg Season,Seibu Lions,Away,W,3,Nippon-Ham Fighters,3,6,0,"0,0,1,0,0,1,0,0,0,0,1",7,Tokyo Dome,,,25000,GAME19950516NFSL0007
1995,1995-05-16,Reg Season,Nippon-Ham Fighters,Home,L,2,Seibu Lions,2,7,0,"0,0,0,0,1,0,0,1,0,0,0",7,Tokyo Dome,,,25000,GAME19950516NFSL0007
1995,1995-05-16,Reg Season,Fukuoka Daiei Hawks,Away,L,4,Orix Bluewave,4,10,1,"1,0,3,0,0,0,0,0,0",6,Heiwa Lease Baseball Stadium,,,26000,GAME19950516OBSH0006
1995,1995-05-16,Reg Season,Orix Bluewave,Home,W,6,Fukuoka Daiei Hawks,6,10,0,"2,0,0,0,0,4,0,0,x",6,Heiwa Lease Baseball Stadium,,,26000,GAME19950516OBSH0006
1995,1995-05-16,Reg Season,Yokohama BayStars,Away,W,4,Yomiuri Giants,4,8,0,"0,0,0,0,1,0,0,0,3",7,Mizuho PayPay Dome Fukuoka,,,48000,GAME19950516YGDB0007
1995,1995-05-16,Reg Season,Yomiuri Giants,Home,L,3,Yokohama BayStars,3,8,0,"1,0,0,0,0,2,0,0,0",7,Mizuho PayPay Dome Fukuoka,,,48000,GAME19950516YGDB0007
1995,1995-05-17,Reg Season,Hiroshima Toyo Carp,Away,L,4,Chunichi Dragons,4,5,1,"0,0,0,0,0,0,4,0,0",6,Nagoya,,,28000,GAME19950517CDHC0006
1995,1995-05-17,Reg Season,Chunichi Dragons,Home,W,17,Hiroshima Toyo Carp,17,20,1,"4,0,0,0,4,0,8,1,x",6,Nagoya,,,28000,GAME19950517CDHC0006
1995,1995-05-17,Reg Season,Yakult Swallows,Away,W,4,Hanshin Tigers,4,10,1,"0,1,0,1,0,0,0,0,2",8,Hanshin Koshien Stadium,,,31000,GAME19950517HTYS0008
1995,1995-05-17,Reg Season,Hanshin Tigers,Home,L,3,Yakult Swallows,3,12,2,"0,0,0,0,0,2,0,0,1",8,Hanshin Koshien Stadium,,,31000,GAME19950517HTYS0008
1995,1995-05-17,Reg Season,Chiba Lotte Marines,Away,W,6,Kintetsu Buffaloes,6,11,0,"0,1,0,2,0,0,0,3,0",7,Fujiidera,,,9000,GAME19950517KILM0007
1995,1995-05-17,Reg Season,Kintetsu Buffaloes,Home,L,5,Chiba Lotte Marines,5,9,1,"0,1,0,1,1,0,1,0,1",7,Fujiidera,,,9000,GAME19950517KILM0007
1995,1995-05-17,Reg Season,Seibu Lions,Away,W,5,Nippon-Ham Fighters,5,12,0,"1,2,0,0,0,1,0,0,1",8,Tokyo Dome,,,38000,GAME19950517NFSL0008
1995,1995-05-17,Reg Season,Nippon-Ham Fighters,Home,L,2,Seibu Lions,2,6,0,"0,1,0,0,0,0,1,0,0",8,Tokyo Dome,,,38000,GAME19950517NFSL0008
1995,1995-05-17,Reg Season,Fukuoka Daiei Hawks,Away,W,7,Orix Bluewave,7,14,0,"1,0,0,1,1,2,0,1,1",7,Heiwa Lease Baseball Stadium,,,28000,GAME19950517OBSH0007
1995,1995-05-17,Reg Season,Orix Bluewave,Home,L,6,Fukuoka Daiei Hawks,6,10,0,"0,0,1,3,0,0,0,0,2",7,Heiwa Lease Baseball Stadium,,,28000,GAME19950517OBSH0007
1995,1995-05-17,Reg Season,Yokohama BayStars,Away,W,5,Yomiuri Giants,5,8,0,"2,1,0,0,0,0,0,2,0",8,Mizuho PayPay Dome Fukuoka,,,48000,GAME19950517YGDB0008
1995,1995-05-17,Reg Season,Yomiuri Giants,Home,L,3,Yokohama BayStars,3,10,2,"2,0,0,1,0,0,0,0,0",8,Mizuho PayPay Dome Fukuoka,,,48000,GAME19950517YGDB0008
1995,1995-05-18,Reg Season,Hiroshima Toyo Carp,Away,L,2,Chunichi Dragons,2,5,0,"0,0,1,0,0,0,0,0,1",7,Nagoya,,,31000,GAME19950518CDHC0007
1995,1995-05-18,Reg Season,Chunichi Dragons,Home,W,3,Hiroshima Toyo Carp,3,6,0,"0,0,0,0,0,1,2,0,x",7,Nagoya,,,31000,GAME19950518CDHC0007
1995,1995-05-18,Reg Season,Yakult Swallows,Away,L,2,Hanshin Tigers,2,8,2,"0,0,0,0,0,2,0,0,0",9,Hanshin Koshien Stadium,,,30000,GAME19950518HTYS0009
1995,1995-05-18,Reg Season,Hanshin Tigers,Home,W,3,Yakult Swallows,3,7,1,"1,0,0,0,0,0,0,2,x",9,Hanshin Koshien Stadium,,,30000,GAME19950518HTYS0009
1995,1995-05-18,Reg Season,Chiba Lotte Marines,Away,L,3,Kintetsu Buffaloes,3,10,0,"0,0,0,0,0,2,0,1,0",8,Fujiidera,,,8000,GAME19950518KILM0008
1995,1995-05-18,Reg Season,Kintetsu Buffaloes,Home,W,5,Chiba Lotte Marines,5,8,1,"0,1,0,0,0,1,1,2,x",8,Fujiidera,,,8000,GAME19950518KILM0008
1995,1995-05-18,Reg Season,Yokohama BayStars,Away,L,0,Yomiuri Giants,0,6,0,"0,0,0,0,0,0,0,0,0",9,Mizuho PayPay Dome Fukuoka,,,48000,GAME19950518YGDB0009
1995,1995-05-18,Reg Season,Yomiuri Giants,Home,W,1,Yokohama BayStars,1,5,0,"0,0,0,0,0,0,0,1,x",9,Mizuho PayPay Dome Fukuoka,,,48000,GAME19950518YGDB0009
1995,1995-05-19,Reg Season,Yakult Swallows,Away,W,2,Yokohama BayStars,2,6,0,"2,0,0,0,0,0,0,0,0",6,Yokohama Stadium,,,22000,GAME19950519DBYS0006
1995,1995-05-19,Reg Season,Yokohama BayStars,Home,L,1,Yakult Swallows,1,6,1,"1,0,0,0,0,0,0,0,0",6,Yokohama Stadium,,,22000,GAME19950519DBYS0006
1995,1995-05-19,Reg Season,Hiroshima Toyo Carp,Away,W,3,Hanshin Tigers,3,8,0,"1,0,0,0,0,0,0,2,0",7,Hanshin Koshien Stadium,,,30000,GAME19950519HTHC0007
1995,1995-05-19,Reg Season,Hanshin Tigers,Home,L,1,Hiroshima Toyo Carp,1,8,0,"1,0,0,0,0,0,0,0,0",7,Hanshin Koshien Stadium,,,30000,GAME19950519HTHC0007
1995,1995-05-19,Reg Season,Seibu Lions,Away,W,6,Kintetsu Buffaloes,6,10,0,"1,1,0,0,0,1,0,1,2",6,Nagoya,,,12000,GAME19950519KISL0006
1995,1995-05-19,Reg Season,Kintetsu Buffaloes,Home,L,1,Seibu Lions,1,6,1,"0,0,0,0,1,0,0,0,0",6,Nagoya,,,12000,GAME19950519KISL0006
1995,1995-05-19,Reg Season,Nippon-Ham Fighters,Away,L,2,Orix Bluewave,2,3,2,"0,0,0,0,1,0,0,1,0",6,Kobe Athletic Park Baseball Field,,,11000,GAME19950519OBNF0006
1995,1995-05-19,Reg Season,Orix Bluewave,Home,W,5,Nippon-Ham Fighters,5,8,0,"0,0,0,0,1,1,0,3,x",6,Kobe Athletic Park Baseball Field,,,11000,GAME19950519OBNF0006
1995,1995-05-19,Reg Season,Chiba Lotte Marines,Away,L,3,Fukuoka Daiei Hawks,3,6,0,"0,0,0,1,0,0,0,0,2,0",7,Mizuho PayPay Dome Fukuoka,,,29000,GAME19950519SHLM0007
1995,1995-05-19,Reg Season,Fukuoka Daiei Hawks,Home,W,4,Chiba Lotte Marines,4,8,1,"0,0,0,2,1,0,0,0,0,1x",7,Mizuho PayPay Dome Fukuoka,,,29000,GAME19950519SHLM0007
1995,1995-05-20,Reg Season,Yakult Swallows,Away,L,4,Yokohama BayStars,4,8,0,"2,0,0,0,0,0,1,1,0",7,Yokohama Stadium,,,25000,GAME19950520DBYS0007
1995,1995-05-20,Reg Season,Yokohama BayStars,Home,W,11,Yakult Swallows,11,14,0,"0,1,0,0,2,0,5,3,x",7,Yokohama Stadium,,,25000,GAME19950520DBYS0007
1995,1995-05-20,Reg Season,Hiroshima Toyo Carp,Away,L,1,Hanshin Tigers,1,7,0,"1,0,0,0,0,0,0,0,0",8,Hanshin Koshien Stadium,,,35000,GAME19950520HTHC0008
1995,1995-05-20,Reg Season,Hanshin Tigers,Home,W,2,Hiroshima Toyo Carp,2,5,0,"0,0,0,1,0,1,0,0,x",8,Hanshin Koshien Stadium,,,35000,GAME19950520HTHC0008
1995,1995-05-20,Reg Season,Seibu Lions,Away,L,9,Kintetsu Buffaloes,9,11,2,"0,4,0,0,0,0,0,4,1",7,Nagoya,,,18000,GAME19950520KISL0007
1995,1995-05-20,Reg Season,Kintetsu Buffaloes,Home,W,10,Seibu Lions,10,10,1,"6,0,0,3,0,0,1,0,x",7,Nagoya,,,18000,GAME19950520KISL0007
1995,1995-05-20,Reg Season,Nippon-Ham Fighters,Away,L,4,Orix Bluewave,4,7,0,"2,1,0,0,1,0,0,0,0",7,Himeji City,,,10000,GAME19950520OBNF0007
1995,1995-05-20,Reg Season,Orix Bluewave,Home,W,5,Nippon-Ham Fighters,5,8,1,"0,0,1,2,2,0,0,0,x",7,Himeji City,,,10000,GAME19950520OBNF0007
1995,1995-05-20,Reg Season,Chiba Lotte Marines,Away,W,4,Fukuoka Daiei Hawks,4,7,1,"0,0,1,0,0,0,0,2,1",8,Mizuho PayPay Dome Fukuoka,,,44000,GAME19950520SHLM0008
1995,1995-05-20,Reg Season,Fukuoka Daiei Hawks,Home,L,1,Chiba Lotte Marines,1,4,1,"0,0,0,0,1,0,0,0,0",8,Mizuho PayPay Dome Fukuoka,,,44000,GAME19950520SHLM0008
1995,1995-05-20,Reg Season,Chunichi Dragons,Away,L,3,Yomiuri Giants,3,8,0,"0,0,0,0,0,0,0,3,0",6,Tokyo Dome,,,55000,GAME19950520YGCD0006
1995,1995-05-20,Reg Season,Yomiuri Giants,Home,W,4,Chunichi Dragons,4,6,0,"0,0,1,0,3,0,0,0,x",6,Tokyo Dome,,,55000,GAME19950520YGCD0006
1995,1995-05-21,Reg Season,Yakult Swallows,Away,L,4,Yokohama BayStars,4,7,4,"0,0,0,2,0,0,0,2,0",8,Yokohama Stadium,,,20000,GAME19950521DBYS0008
1995,1995-05-21,Reg Season,Yokohama BayStars,Home,W,11,Yakult Swallows,11,12,0,"0,1,0,0,0,2,4,4,x",8,Yokohama Stadium,,,20000,GAME19950521DBYS0008
1995,1995-05-21,Reg Season,Chiba Lotte Marines,Away,W,2,Fukuoka Daiei Hawks,2,13,1,"1,0,0,0,0,0,0,1,0",9,Mizuho PayPay Dome Fukuoka,,,46000,GAME19950521SHLM0009
1995,1995-05-21,Reg Season,Fukuoka Daiei Hawks,Home,L,1,Chiba Lotte Marines,1,6,0,"0,0,0,0,0,0,1,0,0",9,Mizuho PayPay Dome Fukuoka,,,46000,GAME19950521SHLM0009
1995,1995-05-21,Reg Season,Chunichi Dragons,Away,L,3,Yomiuri Giants,3,8,3,"0,0,2,0,1,0,0,0,0",7,Tokyo Dome,,,55000,GAME19950521YGCD0007
1995,1995-05-21,Reg Season,Yomiuri Giants,Home,W,5,Chunichi Dragons,5,9,0,"0,1,1,0,0,0,0,0,3x",7,Tokyo Dome,,,55000,GAME19950521YGCD0007
1995,1995-05-23,Reg Season,Chunichi Dragons,Away,L,3,Yokohama BayStars,3,13,0,"0,0,3,0,0,0,0,0,0",5,Batting Palace Hiratsuka Shonan,,,13000,GAME19950523DBCD0005
1995,1995-05-23,Reg Season,Yokohama BayStars,Home,W,4,Chunichi Dragons,4,8,1,"0,0,0,1,1,0,0,2,x",5,Batting Palace Hiratsuka Shonan,,,13000,GAME19950523DBCD0005
1995,1995-05-23,Reg Season,Seibu Lions,Away,L,4,Chiba Lotte Marines,4,6,0,"0,0,0,2,0,0,2,0,0",9,ZOZO Marine Stadium,,,15000,GAME19950523LMSL0009
1995,1995-05-23,Reg Season,Chiba Lotte Marines,Home,W,5,Seibu Lions,5,9,0,"0,0,0,0,0,2,3,0,x",9,ZOZO Marine Stadium,,,15000,GAME19950523LMSL0009
1995,1995-05-23,Reg Season,Kintetsu Buffaloes,Away,L,0,Orix Bluewave,0,4,1,"0,0,0,0,0,0,0,0,0",7,Kobe Athletic Park Baseball Field,,,12000,GAME19950523OBKI0007
1995,1995-05-23,Reg Season,Orix Bluewave,Home,W,5,Kintetsu Buffaloes,5,10,1,"0,1,0,0,2,2,0,0,x",7,Kobe Athletic Park Baseball Field,,,12000,GAME19950523OBKI0007
1995,1995-05-23,Reg Season,Nippon-Ham Fighters,Away,W,4,Fukuoka Daiei Hawks,4,14,2,"0,0,0,0,0,1,2,0,0,0,1",10,Mizuho PayPay Dome Fukuoka,,,24000,GAME19950523SHNF0010
1995,1995-05-23,Reg Season,Fukuoka Daiei Hawks,Home,L,3,Nippon-Ham Fighters,3,7,1,"0,3,0,0,0,0,0,0,0,0,0",10,Mizuho PayPay Dome Fukuoka,,,24000,GAME19950523SHNF0010
1995,1995-05-23,Reg Season,Hanshin Tigers,Away,L,2,Yomiuri Giants,2,6,0,"0,0,0,1,1,0,0,0,0",7,Tokyo Dome,,,55000,GAME19950523YGHT0007
1995,1995-05-23,Reg Season,Yomiuri Giants,Home,W,8,Hanshin Tigers,8,11,0,"0,0,0,0,0,7,1,0,x",7,Tokyo Dome,,,55000,GAME19950523YGHT0007
1995,1995-05-23,Reg Season,Hiroshima Toyo Carp,Away,L,1,Yakult Swallows,1,3,1,"0,0,0,0,0,1,0,0,0",7,Meiji Jingu Stadium,,,26000,GAME19950523YSHC0007
1995,1995-05-23,Reg Season,Yakult Swallows,Home,W,4,Hiroshima Toyo Carp,4,5,0,"0,0,1,0,1,1,0,1,x",7,Meiji Jingu Stadium,,,26000,GAME19950523YSHC0007
1995,1995-05-24,Reg Season,Chunichi Dragons,Away,L,3,Yokohama BayStars,3,7,0,"0,0,0,1,0,2,0,0,0,0,0,0",6,Yokohama Stadium,,,18000,GAME19950524DBCD0006
1995,1995-05-24,Reg Season,Yokohama BayStars,Home,W,4,Chunichi Dragons,4,14,1,"0,0,0,0,0,0,0,1,2,0,0,1x",6,Yokohama Stadium,,,18000,GAME19950524DBCD0006
1995,1995-05-24,Reg Season,Seibu Lions,Away,L,1,Chiba Lotte Marines,1,7,1,"0,0,1,0,0,0,0,0,0",10,ZOZO Marine Stadium,,,20000,GAME19950524LMSL0010
1995,1995-05-24,Reg Season,Chiba Lotte Marines,Home,W,2,Seibu Lions,2,6,0,"0,0,0,2,0,0,0,0,x",10,ZOZO Marine Stadium,,,20000,GAME19950524LMSL0010
1995,1995-05-24,Reg Season,Kintetsu Buffaloes,Away,W,6,Orix Bluewave,6,10,1,"0,0,1,0,1,0,1,0,3",8,Kobe Athletic Park Baseball Field,,,13000,GAME19950524OBKI0008
1995,1995-05-24,Reg Season,Orix Bluewave,Home,L,5,Kintetsu Buffaloes,5,7,0,"0,0,4,1,0,0,0,0,0",8,Kobe Athletic Park Baseball Field,,,13000,GAME19950524OBKI0008
1995,1995-05-24,Reg Season,Nippon-Ham Fighters,Away,W,6,Fukuoka Daiei Hawks,6,9,1,"0,0,0,0,0,1,0,3,2",11,Mizuho PayPay Dome Fukuoka,,,27000,GAME19950524SHNF0011
1995,1995-05-24,Reg Season,Fukuoka Daiei Hawks,Home,L,4,Nippon-Ham Fighters,4,13,1,"0,0,1,0,0,1,0,2,0",11,Mizuho PayPay Dome Fukuoka,,,27000,GAME19950524SHNF0011
1995,1995-05-24,Reg Season,Hanshin Tigers,Away,L,3,Yomiuri Giants,3,6,0,"0,0,0,0,2,0,1,0,0",8,Tokyo Dome,,,55000,GAME19950524YGHT0008
1995,1995-05-24,Reg Season,Yomiuri Giants,Home,W,4,Hanshin Tigers,4,8,0,"3,0,0,0,1,0,0,0,x",8,Tokyo Dome,,,55000,GAME19950524YGHT0008
1995,1995-05-24,Reg Season,Hiroshima Toyo Carp,Away,L,4,Yakult Swallows,4,9,1,"1,0,1,0,1,0,0,0,1",8,Meiji Jingu Stadium,,,26000,GAME19950524YSHC0008
1995,1995-05-24,Reg Season,Yakult Swallows,Home,W,7,Hiroshima Toyo Carp,7,6,0,"0,4,0,0,1,0,0,2,x",8,Meiji Jingu Stadium,,,26000,GAME19950524YSHC0008
1995,1995-05-25,Reg Season,Chunichi Dragons,Away,L,3,Yokohama BayStars,3,5,1,"0,0,0,0,0,0,2,1,0",7,Yokohama Stadium,,,16000,GAME19950525DBCD0007
1995,1995-05-25,Reg Season,Yokohama BayStars,Home,W,5,Chunichi Dragons,5,11,1,"1,0,0,1,0,3,0,0,x",7,Yokohama Stadium,,,16000,GAME19950525DBCD0007
1995,1995-05-25,Reg Season,Seibu Lions,Away,W,9,Chiba Lotte Marines,9,11,0,"0,1,0,0,0,0,0,5,3",11,ZOZO Marine Stadium,,,15000,GAME19950525LMSL0011
1995,1995-05-25,Reg Season,Chiba Lotte Marines,Home,L,3,Seibu Lions,3,11,2,"0,0,0,0,0,2,0,1,0",11,ZOZO Marine Stadium,,,15000,GAME19950525LMSL0011
1995,1995-05-25,Reg Season,Nippon-Ham Fighters,Away,L,8,Fukuoka Daiei Hawks,8,16,3,"1,0,0,0,1,0,1,0,5,0,0",12,Mizuho PayPay Dome Fukuoka,,,25000,GAME19950525SHNF0012
1995,1995-05-25,Reg Season,Fukuoka Daiei Hawks,Home,W,9,Nippon-Ham Fighters,9,13,0,"0,2,0,1,0,5,0,0,0,0,1x",12,Mizuho PayPay Dome Fukuoka,,,25000,GAME19950525SHNF0012
1995,1995-05-25,Reg Season,Hiroshima Toyo Carp,Away,L,1,Yakult Swallows,1,4,0,"1,0,0,0,0,0,0,0,0",9,Meiji Jingu Stadium,,,26000,GAME19950525YSHC0009
1995,1995-05-25,Reg Season,Yakult Swallows,Home,W,2,Hiroshima Toyo Carp,2,8,0,"0,0,1,0,0,0,0,0,1x",9,Meiji Jingu Stadium,,,26000,GAME19950525YSHC0009
1995,1995-05-26,Reg Season,Yomiuri Giants,Away,W,3,Hiroshima Toyo Carp,3,5,0,"0,2,0,0,1,0,0,0,0",5,Hiroshima citizens,,,22000,GAME19950526HCYG0005
1995,1995-05-26,Reg Season,Hiroshima Toyo Carp,Home,L,1,Yomiuri Giants,1,2,2,"1,0,0,0,0,0,0,0,0",5,Hiroshima citizens,,,22000,GAME19950526HCYG0005
1995,1995-05-26,Reg Season,Yokohama BayStars,Away,L,2,Hanshin Tigers,2,7,0,"0,0,0,0,2,0,0,0,0",5,Hanshin Koshien Stadium,,,24000,GAME19950526HTDB0005
1995,1995-05-26,Reg Season,Hanshin Tigers,Home,W,3,Yokohama BayStars,3,9,0,"0,0,1,0,2,0,0,0,x",5,Hanshin Koshien Stadium,,,24000,GAME19950526HTDB0005
1995,1995-05-26,Reg Season,Fukuoka Daiei Hawks,Away,L,1,Kintetsu Buffaloes,1,4,0,"0,0,0,1,0,0,0,0,0",8,Wakasa Stadium Kyoto,,,16000,GAME19950526KISH0008
1995,1995-05-26,Reg Season,Kintetsu Buffaloes,Home,W,6,Fukuoka Daiei Hawks,6,8,1,"1,0,0,1,0,0,1,3,x",8,Wakasa Stadium Kyoto,,,16000,GAME19950526KISH0008
1995,1995-05-26,Reg Season,Chiba Lotte Marines,Away,L,3,Nippon-Ham Fighters,3,5,0,"0,0,0,0,0,3,0,0,0",8,Tokyo Dome,,,15000,GAME19950526NFLM0008
1995,1995-05-26,Reg Season,Nippon-Ham Fighters,Home,W,4,Chiba Lotte Marines,4,10,1,"2,1,0,0,0,0,0,1,x",8,Tokyo Dome,,,15000,GAME19950526NFLM0008
1995,1995-05-26,Reg Season,Orix Bluewave,Away,W,4,Seibu Lions,4,8,0,"2,1,0,0,0,0,1,0,0",6,Belluna Dome,,,30000,GAME19950526SLOB0006
1995,1995-05-26,Reg Season,Seibu Lions,Home,L,3,Orix Bluewave,3,8,0,"0,0,1,1,1,0,0,0,0",6,Belluna Dome,,,30000,GAME19950526SLOB0006
1995,1995-05-26,Reg Season,Chunichi Dragons,Away,L,1,Yakult Swallows,1,4,1,"0,0,0,0,0,0,0,1,0",6,ZOZO Marine Stadium,,,12000,GAME19950526YSCD0006
1995,1995-05-26,Reg Season,Yakult Swallows,Home,W,2,Chunichi Dragons,2,7,0,"0,1,0,0,1,0,0,0,x",6,ZOZO Marine Stadium,,,12000,GAME19950526YSCD0006
1995,1995-05-27,Reg Season,Yomiuri Giants,Away,W,6,Hiroshima Toyo Carp,6,8,0,"0,4,0,0,0,0,0,0,0,0,2",6,Hiroshima citizens,,,32000,GAME19950527HCYG0006
1995,1995-05-27,Reg Season,Hiroshima Toyo Carp,Home,L,4,Yomiuri Giants,4,5,0,"0,2,0,1,0,0,0,0,1,0,0",6,Hiroshima citizens,,,32000,GAME19950527HCYG0006
1995,1995-05-27,Reg Season,Yokohama BayStars,Away,L,2,Hanshin Tigers,2,6,1,"0,1,0,0,0,1,0,0,0",6,Hanshin Koshien Stadium,,,35000,GAME19950527HTDB0006
1995,1995-05-27,Reg Season,Hanshin Tigers,Home,W,7,Yokohama BayStars,7,10,1,"0,0,0,1,2,0,1,3,x",6,Hanshin Koshien Stadium,,,35000,GAME19950527HTDB0006
1995,1995-05-27,Reg Season,Fukuoka Daiei Hawks,Away,W,3,Kintetsu Buffaloes,3,6,1,"1,0,0,0,0,1,0,0,0,0,1",9,Fujiidera,,,26000,GAME19950527KISH0009
1995,1995-05-27,Reg Season,Kintetsu Buffaloes,Home,L,2,Fukuoka Daiei Hawks,2,5,1,"2,0,0,0,0,0,0,0,0,0,0",9,Fujiidera,,,26000,GAME19950527KISH0009
1995,1995-05-27,Reg Season,Chiba Lotte Marines,Away,W,10,Nippon-Ham Fighters,10,10,0,"3,2,0,0,2,0,0,0,3",9,Tokyo Dome,,,22000,GAME19950527NFLM0009
1995,1995-05-27,Reg Season,Nippon-Ham Fighters,Home,L,3,Chiba Lotte Marines,3,10,1,"0,0,0,0,0,1,0,2,0",9,Tokyo Dome,,,22000,GAME19950527NFLM0009
1995,1995-05-27,Reg Season,Orix Bluewave,Away,W,4,Seibu Lions,4,6,0,"0,0,1,0,0,0,3,0,0",7,Belluna Dome,,,32000,GAME19950527SLOB0007
1995,1995-05-27,Reg Season,Seibu Lions,Home,L,1,Orix Bluewave,1,5,0,"0,0,0,0,0,0,0,0,1",7,Belluna Dome,,,32000,GAME19950527SLOB0007
1995,1995-05-27,Reg Season,Chunichi Dragons,Away,W,7,Yakult Swallows,7,9,0,"0,0,0,0,2,1,4,0,0",7,ZOZO Marine Stadium,,,22000,GAME19950527YSCD0007
1995,1995-05-27,Reg Season,Yakult Swallows,Home,L,2,Chunichi Dragons,2,6,0,"1,0,0,0,0,0,0,0,1",7,ZOZO Marine Stadium,,,22000,GAME19950527YSCD0007
1995,1995-05-28,Reg Season,Yomiuri Giants,Away,L,4,Hiroshima Toyo Carp,4,13,2,"0,0,0,4,0,0,0,0,0",7,Hiroshima citizens,,,21000,GAME19950528HCYG0007
1995,1995-05-28,Reg Season,Hiroshima Toyo Carp,Home,W,6,Yomiuri Giants,6,13,1,"0,1,0,0,5,0,0,0,x",7,Hiroshima citizens,,,21000,GAME19950528HCYG0007
1995,1995-05-28,Reg Season,Yokohama BayStars,Away,L,2,Hanshin Tigers,2,7,1,"0,0,0,0,0,2,0,0,0",7,Hanshin Koshien Stadium,,,35000,GAME19950528HTDB0007
1995,1995-05-28,Reg Season,Hanshin Tigers,Home,W,4,Yokohama BayStars,4,9,1,"1,1,1,0,0,0,1,0,x",7,Hanshin Koshien Stadium,,,35000,GAME19950528HTDB0007
1995,1995-05-28,Reg Season,Fukuoka Daiei Hawks,Away,W,5,Kintetsu Buffaloes,5,7,1,"0,0,0,0,0,0,0,1,0,4",10,Fujiidera,,,28000,GAME19950528KISH0010
1995,1995-05-28,Reg Season,Kintetsu Buffaloes,Home,L,1,Fukuoka Daiei Hawks,1,5,1,"0,0,1,0,0,0,0,0,0,0",10,Fujiidera,,,28000,GAME19950528KISH0010
1995,1995-05-28,Reg Season,Chiba Lotte Marines,Away,L,0,Nippon-Ham Fighters,0,2,0,"0,0,0,0,0,0,0,0,0",10,Tokyo Dome,,,20000,GAME19950528NFLM0010
1995,1995-05-28,Reg Season,Nippon-Ham Fighters,Home,W,1,Chiba Lotte Marines,1,6,0,"0,0,0,0,0,0,1,0,x",10,Tokyo Dome,,,20000,GAME19950528NFLM0010
1995,1995-05-28,Reg Season,Orix Bluewave,Away,L,2,Seibu Lions,2,7,0,"2,0,0,0,0,0,0,0,0",8,Belluna Dome,,,32000,GAME19950528SLOB0008
1995,1995-05-28,Reg Season,Seibu Lions,Home,W,5,Orix Bluewave,5,7,0,"0,1,0,4,0,0,0,0,x",8,Belluna Dome,,,32000,GAME19950528SLOB0008
1995,1995-05-28,Reg Season,Chunichi Dragons,Away,L,2,Yakult Swallows,2,10,0,"0,0,0,0,1,0,0,0,1",8,ZOZO Marine Stadium,,,22000,GAME19950528YSCD0008
1995,1995-05-28,Reg Season,Yakult Swallows,Home,W,6,Chunichi Dragons,6,8,0,"0,1,3,0,0,1,1,0,x",8,ZOZO Marine Stadium,,,22000,GAME19950528YSCD0008
1995,1995-05-30,Reg Season,Yokohama BayStars,Away,L,3,Chunichi Dragons,3,5,0,"0,0,0,3,0,0,0,0,0",8,Hamamatsu Baseball Stadium,,,13000,GAME19950530CDDB0008
1995,1995-05-30,Reg Season,Chunichi Dragons,Home,W,5,Yokohama BayStars,5,9,0,"2,2,0,0,1,0,0,0,x",8,Hamamatsu Baseball Stadium,,,13000,GAME19950530CDDB0008
1995,1995-05-30,Reg Season,Hanshin Tigers,Away,L,0,Hiroshima Toyo Carp,0,6,1,"0,0,0,0,0,0,0,0,0",9,Ishikawa Prefectural Baseball Stadium,,,20000,GAME19950530HCHT0009
1995,1995-05-30,Reg Season,Hiroshima Toyo Carp,Home,W,2,Hanshin Tigers,2,4,0,"0,0,0,1,1,0,0,0,x",9,Ishikawa Prefectural Baseball Stadium,,,20000,GAME19950530HCHT0009
1995,1995-05-30,Reg Season,Kintetsu Buffaloes,Away,L,0,Chiba Lotte Marines,0,4,0,"0,0,0,0,0,0,0,0,0",9,ZOZO Marine Stadium,,,8000,GAME19950530LMKI0009
1995,1995-05-30,Reg Season,Chiba Lotte Marines,Home,W,5,Kintetsu Buffaloes,5,7,0,"0,0,0,3,0,1,1,0,x",9,ZOZO Marine Stadium,,,8000,GAME19950530LMKI0009
1995,1995-05-30,Reg Season,Orix Bluewave,Away,W,4,Fukuoka Daiei Hawks,4,7,1,"0,0,1,1,0,0,2,0,0",8,Mizuho PayPay Dome Fukuoka,,,41000,GAME19950530SHOB0008
1995,1995-05-30,Reg Season,Fukuoka Daiei Hawks,Home,L,1,Orix Bluewave,1,11,0,"0,1,0,0,0,0,0,0,0",8,Mizuho PayPay Dome Fukuoka,,,41000,GAME19950530SHOB0008
1995,1995-05-30,Reg Season,Nippon-Ham Fighters,Away,L,1,Seibu Lions,1,7,1,"0,0,0,0,1,0,0,0,0",9,Yamagata Prefectural Baseball Stadium,,,23000,GAME19950530SLNF0009
1995,1995-05-30,Reg Season,Seibu Lions,Home,W,3,Nippon-Ham Fighters,3,13,1,"0,0,0,0,0,1,2,0,x",9,Yamagata Prefectural Baseball Stadium,,,23000,GAME19950530SLNF0009
1995,1995-05-30,Reg Season,Yakult Swallows,Away,W,6,Yomiuri Giants,6,13,0,"0,1,0,0,1,0,4,0,0",8,Tokyo Dome,,,55000,GAME19950530YGYS0008
1995,1995-05-30,Reg Season,Yomiuri Giants,Home,L,4,Yakult Swallows,4,11,0,"0,0,0,0,0,0,0,4,0",8,Tokyo Dome,,,55000,GAME19950530YGYS0008
1995,1995-05-31,Reg Season,Yokohama BayStars,Away,W,6,Chunichi Dragons,6,10,0,"0,1,1,0,0,3,1,0,0",9,Nagoya,,,30000,GAME19950531CDDB0009
1995,1995-05-31,Reg Season,Chunichi Dragons,Home,L,4,Yokohama BayStars,4,12,0,"0,0,2,1,0,0,0,0,1",9,Nagoya,,,30000,GAME19950531CDDB0009
1995,1995-05-31,Reg Season,Hanshin Tigers,Away,L,2,Hiroshima Toyo Carp,2,4,0,"2,0,0,0,0,0,0,0,0",10,Fukui Prefectural Stadium,,,20000,GAME19950531HCHT0010
1995,1995-05-31,Reg Season,Hiroshima Toyo Carp,Home,W,3,Hanshin Tigers,3,11,0,"0,0,0,0,2,0,0,0,1x",10,Fukui Prefectural Stadium,,,20000,GAME19950531HCHT0010
1995,1995-05-31,Reg Season,Kintetsu Buffaloes,Away,L,10,Chiba Lotte Marines,10,8,0,"2,0,5,0,0,3,0,0,0",10,ZOZO Marine Stadium,,,10000,GAME19950531LMKI0010
1995,1995-05-31,Reg Season,Chiba Lotte Marines,Home,W,13,Kintetsu Buffaloes,13,14,2,"1,3,0,2,0,0,6,1,x",10,ZOZO Marine Stadium,,,10000,GAME19950531LMKI0010
1995,1995-05-31,Reg Season,Orix Bluewave,Away,L,3,Fukuoka Daiei Hawks,3,8,0,"0,1,0,2,0,0,0,0,0",9,Mizuho PayPay Dome Fukuoka,,,38000,GAME19950531SHOB0009
1995,1995-05-31,Reg Season,Fukuoka Daiei Hawks,Home,W,9,Orix Bluewave,9,14,0,"4,1,1,1,0,2,0,0,x",9,Mizuho PayPay Dome Fukuoka,,,38000,GAME19950531SHOB0009
1995,1995-05-31,Reg Season,Nippon-Ham Fighters,Away,L,2,Seibu Lions,2,7,0,"0,0,0,0,0,2,0,0,0",10,Rakuten Seimei Park Miyagi,,,25000,GAME19950531SLNF0010
1995,1995-05-31,Reg Season,Seibu Lions,Home,W,3,Nippon-Ham Fighters,3,7,2,"2,0,1,0,0,0,0,0,x",10,Rakuten Seimei Park Miyagi,,,25000,GAME19950531SLNF0010
1995,1995-05-31,Reg Season,Yakult Swallows,Away,L,0,Yomiuri Giants,0,3,0,"0,0,0,0,0,0,0,0,0",9,Tokyo Dome,,,55000,GAME19950531YGYS0009
1995,1995-05-31,Reg Season,Yomiuri Giants,Home,W,3,Yakult Swallows,3,10,0,"1,0,1,0,0,1,0,0,x",9,Tokyo Dome,,,55000,GAME19950531YGYS0009
1995,1995-06-01,Reg Season,Yokohama BayStars,Away,W,9,Chunichi Dragons,9,16,0,"0,0,0,0,1,1,1,5,1",10,Nagoya,,,28000,GAME19950601CDDB0010
1995,1995-06-01,Reg Season,Chunichi Dragons,Home,L,6,Yokohama BayStars,6,6,0,"4,0,0,0,0,0,0,1,1",10,Nagoya,,,28000,GAME19950601CDDB0010
1995,1995-06-01,Reg Season,Orix Bluewave,Away,W,6,Fukuoka Daiei Hawks,6,13,0,"4,0,0,0,0,0,1,0,0,0,0,1",10,Mizuho PayPay Dome Fukuoka,,,42000,GAME19950601SHOB0010
1995,1995-06-01,Reg Season,Fukuoka Daiei Hawks,Home,L,5,Orix Bluewave,5,11,2,"2,0,0,0,0,1,0,0,2,0,0,0",10,Mizuho PayPay Dome Fukuoka,,,42000,GAME19950601SHOB0010
1995,1995-06-01,Reg Season,Yakult Swallows,Away,W,6,Yomiuri Giants,6,15,0,"2,0,0,0,0,2,1,1,0",10,Tokyo Dome,,,55000,GAME19950601YGYS0010
1995,1995-06-01,Reg Season,Yomiuri Giants,Home,L,1,Yakult Swallows,1,4,0,"1,0,0,0,0,0,0,0,0",10,Tokyo Dome,,,55000,GAME19950601YGYS0010
1995,1995-06-02,Reg Season,Chunichi Dragons,Away,L,2,Hanshin Tigers,2,9,1,"0,0,0,1,0,0,1,0,0",7,Hanshin Koshien Stadium,,,27000,GAME19950602HTCD0007
1995,1995-06-02,Reg Season,Hanshin Tigers,Home,W,3,Chunichi Dragons,3,9,0,"0,0,0,0,0,2,0,1,x",7,Hanshin Koshien Stadium,,,27000,GAME19950602HTCD0007
1995,1995-06-02,Reg Season,Seibu Lions,Away,W,3,Fukuoka Daiei Hawks,3,7,0,"1,0,0,1,1,0,0,0,0",8,Mizuho PayPay Dome Fukuoka,,,48000,GAME19950602SHSL0008
1995,1995-06-02,Reg Season,Fukuoka Daiei Hawks,Home,L,0,Seibu Lions,0,4,1,"0,0,0,0,0,0,0,0,0",8,Mizuho PayPay Dome Fukuoka,,,48000,GAME19950602SHSL0008
1995,1995-06-02,Reg Season,Hiroshima Toyo Carp,Away,L,0,Yomiuri Giants,0,4,0,"0,0,0,0,0,0,0,0,0",8,Tokyo Dome,,,55000,GAME19950602YGHC0008
1995,1995-06-02,Reg Season,Yomiuri Giants,Home,W,1,Hiroshima Toyo Carp,1,5,0,"1,0,0,0,0,0,0,0,x",8,Tokyo Dome,,,55000,GAME19950602YGHC0008
1995,1995-06-03,Reg Season,Chiba Lotte Marines,Away,L,1,Orix Bluewave,1,4,1,"0,0,0,0,0,0,0,1,0",6,Akita Yabase,,,20000,GAME19950603OBLM0006
1995,1995-06-03,Reg Season,Orix Bluewave,Home,W,5,Chiba Lotte Marines,5,6,3,"4,1,0,0,0,0,0,0,x",6,Akita Yabase,,,20000,GAME19950603OBLM0006
1995,1995-06-03,Reg Season,Seibu Lions,Away,W,5,Fukuoka Daiei Hawks,5,14,1,"0,0,0,0,0,1,3,0,0,0,0,1",9,Mizuho PayPay Dome Fukuoka,,,48000,GAME19950603SHSL0009
1995,1995-06-03,Reg Season,Fukuoka Daiei Hawks,Home,L,4,Seibu Lions,4,10,0,"0,1,0,0,0,2,0,1,0,0,0,0",9,Mizuho PayPay Dome Fukuoka,,,48000,GAME19950603SHSL0009
1995,1995-06-03,Reg Season,Hiroshima Toyo Carp,Away,W,8,Yomiuri Giants,8,10,0,"1,0,0,1,0,1,1,0,4",9,Tokyo Dome,,,55000,GAME19950603YGHC0009
1995,1995-06-03,Reg Season,Yomiuri Giants,Home,L,2,Hiroshima Toyo Carp,2,5,0,"1,0,0,0,0,0,0,1,0",9,Tokyo Dome,,,55000,GAME19950603YGHC0009
1995,1995-06-03,Reg Season,Yokohama BayStars,Away,L,4,Yakult Swallows,4,9,1,"0,0,0,0,2,0,0,2,0",9,Iwaki Green Stadium,,,20000,GAME19950603YSDB0009
1995,1995-06-03,Reg Season,Yakult Swallows,Home,W,7,Yokohama BayStars,7,11,0,"3,2,0,0,0,0,1,1,x",9,Iwaki Green Stadium,,,20000,GAME19950603YSDB0009
1995,1995-06-04,Reg Season,Chunichi Dragons,Away,L,2,Hanshin Tigers,2,6,0,"0,0,0,0,0,1,0,1,0",8,Hanshin Koshien Stadium,,,35000,GAME19950604HTCD0008
1995,1995-06-04,Reg Season,Hanshin Tigers,Home,W,3,Chunichi Dragons,3,10,0,"0,0,1,2,0,0,0,0,x",8,Hanshin Koshien Stadium,,,35000,GAME19950604HTCD0008
1995,1995-06-04,Reg Season,Kintetsu Buffaloes,Away,L,3,Nippon-Ham Fighters,3,10,1,"0,0,1,2,0,0,0,0,0",9,Maebashi Municipal Baseball Stadium,,,12000,GAME19950604NFKI0009
1995,1995-06-04,Reg Season,Nippon-Ham Fighters,Home,W,8,Kintetsu Buffaloes,8,8,0,"4,0,0,1,0,2,0,1,x",9,Maebashi Municipal Baseball Stadium,,,12000,GAME19950604NFKI0009
1995,1995-06-04,Reg Season,Chiba Lotte Marines,Away,L,0,Orix Bluewave,0,4,0,"0,0,0,0,0,0,0,0,0",7,Akita Yabase,,,20000,GAME19950604OBLM0007
1995,1995-06-04,Reg Season,Orix Bluewave,Home,W,5,Chiba Lotte Marines,5,8,0,"3,0,0,0,0,0,0,2,x",7,Akita Yabase,,,20000,GAME19950604OBLM0007
1995,1995-06-04,Reg Season,Seibu Lions,Away,W,3,Fukuoka Daiei Hawks,3,8,1,"0,0,0,2,0,0,1,0,0",10,Mizuho PayPay Dome Fukuoka,,,48000,GAME19950604SHSL0010
1995,1995-06-04,Reg Season,Fukuoka Daiei Hawks,Home,L,1,Seibu Lions,1,9,1,"0,0,1,0,0,0,0,0,0",10,Mizuho PayPay Dome Fukuoka,,,48000,GAME19950604SHSL0010
1995,1995-06-04,Reg Season,Hiroshima Toyo Carp,Away,L,4,Yomiuri Giants,4,11,0,"0,0,0,0,1,0,1,0,2",10,Tokyo Dome,,,55000,GAME19950604YGHC0010
1995,1995-06-04,Reg Season,Yomiuri Giants,Home,W,12,Hiroshima Toyo Carp,12,13,1,"4,0,4,0,2,0,0,2,x",10,Tokyo Dome,,,55000,GAME19950604YGHC0010
1995,1995-06-04,Reg Season,Yokohama BayStars,Away,L,1,Yakult Swallows,1,7,0,"1,0,0,0,0,0,0,0,0",10,Hitachinaka Baseball Stadium,,,23000,GAME19950604YSDB0010
1995,1995-06-04,Reg Season,Yakult Swallows,Home,W,2,Yokohama BayStars,2,5,0,"0,0,0,0,1,0,0,1,x",10,Hitachinaka Baseball Stadium,,,23000,GAME19950604YSDB0010
1995,1995-06-06,Reg Season,Yomiuri Giants,Away,W,9,Yokohama BayStars,9,13,0,"0,0,0,0,0,5,2,0,2",10,Yokohama Stadium,,,28000,GAME19950606DBYG0010
1995,1995-06-06,Reg Season,Yokohama BayStars,Home,L,3,Yomiuri Giants,3,8,1,"0,0,0,2,0,0,0,0,1",10,Yokohama Stadium,,,28000,GAME19950606DBYG0010
1995,1995-06-06,Reg Season,Chunichi Dragons,Away,W,4,Hiroshima Toyo Carp,4,10,1,"0,0,0,0,2,0,0,0,1,0,0,1",8,Hiroshima citizens,,,13000,GAME19950606HCCD0008
1995,1995-06-06,Reg Season,Hiroshima Toyo Carp,Home,L,3,Chunichi Dragons,3,13,0,"0,0,1,1,1,0,0,0,0,0,0,0",8,Hiroshima citizens,,,13000,GAME19950606HCCD0008
1995,1995-06-06,Reg Season,Fukuoka Daiei Hawks,Away,L,2,Chiba Lotte Marines,2,7,1,"0,0,0,0,1,1,0,0,0",10,Rakuten Seimei Park Miyagi,,,18000,GAME19950606LMSH0010
1995,1995-06-06,Reg Season,Chiba Lotte Marines,Home,W,4,Fukuoka Daiei Hawks,4,11,0,"0,0,0,0,0,2,2,0,x",10,Rakuten Seimei Park Miyagi,,,18000,GAME19950606LMSH0010
1995,1995-06-06,Reg Season,Orix Bluewave,Away,W,5,Nippon-Ham Fighters,5,5,0,"0,0,0,1,1,0,0,3,0",8,Tokyo Dome,,,20000,GAME19950606NFOB0008
1995,1995-06-06,Reg Season,Nippon-Ham Fighters,Home,L,0,Orix Bluewave,0,5,1,"0,0,0,0,0,0,0,0,0",8,Tokyo Dome,,,20000,GAME19950606NFOB0008
1995,1995-06-06,Reg Season,Hanshin Tigers,Away,L,0,Yakult Swallows,0,4,2,"0,0,0,0,0,0,0,0,0",10,Meiji Jingu Stadium,,,24000,GAME19950606YSHT0010
1995,1995-06-06,Reg Season,Yakult Swallows,Home,W,4,Hanshin Tigers,4,7,1,"0,0,0,0,0,2,2,0,x",10,Meiji Jingu Stadium,,,24000,GAME19950606YSHT0010
1995,1995-06-07,Reg Season,Yomiuri Giants,Away,L,5,Yokohama BayStars,5,7,0,"1,0,0,0,0,3,0,1,0",11,Yokohama Stadium,,,30000,GAME19950607DBYG0011
1995,1995-06-07,Reg Season,Yokohama BayStars,Home,W,7,Yomiuri Giants,7,12,1,"0,0,4,1,0,1,1,0,x",11,Yokohama Stadium,,,30000,GAME19950607DBYG0011
1995,1995-06-07,Reg Season,Chunichi Dragons,Away,L,3,Hiroshima Toyo Carp,3,8,1,"0,0,0,1,2,0,0,0,0",9,Hiroshima citizens,,,12000,GAME19950607HCCD0009
1995,1995-06-07,Reg Season,Hiroshima Toyo Carp,Home,W,14,Chunichi Dragons,14,17,0,"1,2,0,4,4,3,0,0,x",9,Hiroshima citizens,,,12000,GAME19950607HCCD0009
1995,1995-06-07,Reg Season,Fukuoka Daiei Hawks,Away,L,2,Chiba Lotte Marines,2,7,0,"0,1,1,0,0,0,0,0,0",11,Rakuten Seimei Park Miyagi,,,23000,GAME19950607LMSH0011
1995,1995-06-07,Reg Season,Chiba Lotte Marines,Home,W,6,Fukuoka Daiei Hawks,6,10,0,"1,1,4,0,0,0,0,0,x",11,Rakuten Seimei Park Miyagi,,,23000,GAME19950607LMSH0011
1995,1995-06-07,Reg Season,Orix Bluewave,Away,W,8,Nippon-Ham Fighters,8,15,2,"0,0,4,0,0,0,0,0,2,2",9,Tokyo Dome,,,23000,GAME19950607NFOB0009
1995,1995-06-07,Reg Season,Nippon-Ham Fighters,Home,L,6,Orix Bluewave,6,10,2,"0,2,1,1,0,2,0,0,0,0",9,Tokyo Dome,,,23000,GAME19950607NFOB0009
1995,1995-06-07,Reg Season,Kintetsu Buffaloes,Away,W,2,Seibu Lions,2,8,0,"0,1,0,0,1,0,0,0,0",8,Belluna Dome,,,22000,GAME19950607SLKI0008
1995,1995-06-07,Reg Season,Seibu Lions,Home,L,0,Kintetsu Buffaloes,0,2,0,"0,0,0,0,0,0,0,0,0",8,Belluna Dome,,,22000,GAME19950607SLKI0008
1995,1995-06-07,Reg Season,Hanshin Tigers,Away,L,0,Yakult Swallows,0,7,0,"0,0,0,0,0,0,0,0,0",11,Meiji Jingu Stadium,,,38000,GAME19950607YSHT0011
1995,1995-06-07,Reg Season,Yakult Swallows,Home,W,3,Hanshin Tigers,3,6,0,"3,0,0,0,0,0,0,0,x",11,Meiji Jingu Stadium,,,38000,GAME19950607YSHT0011
1995,1995-06-08,Reg Season,Yomiuri Giants,Away,W,8,Yokohama BayStars,8,10,1,"1,0,0,0,2,1,1,2,1",12,Yokohama Stadium,,,28000,GAME19950608DBYG0012
1995,1995-06-08,Reg Season,Yokohama BayStars,Home,L,1,Yomiuri Giants,1,5,0,"1,0,0,0,0,0,0,0,0",12,Yokohama Stadium,,,28000,GAME19950608DBYG0012
1995,1995-06-08,Reg Season,Chunichi Dragons,Away,L,3,Hiroshima Toyo Carp,3,13,2,"0,1,0,0,0,0,0,2,0",10,Hiroshima citizens,,,10000,GAME19950608HCCD0010
1995,1995-06-08,Reg Season,Hiroshima Toyo Carp,Home,W,8,Chunichi Dragons,8,11,0,"1,0,3,2,0,2,0,0,x",10,Hiroshima citizens,,,10000,GAME19950608HCCD0010
1995,1995-06-08,Reg Season,Orix Bluewave,Away,W,6,Nippon-Ham Fighters,6,11,0,"1,0,0,1,0,0,1,0,0,0,0,3",10,Tokyo Dome,,,23000,GAME19950608NFOB0010
1995,1995-06-08,Reg Season,Nippon-Ham Fighters,Home,L,3,Orix Bluewave,3,11,1,"0,0,0,0,0,0,1,2,0,0,0,0",10,Tokyo Dome,,,23000,GAME19950608NFOB0010
1995,1995-06-08,Reg Season,Kintetsu Buffaloes,Away,L,0,Seibu Lions,0,9,0,"0,0,0,0,0,0,0,0,0,0",9,Belluna Dome,,,18000,GAME19950608SLKI0009
1995,1995-06-08,Reg Season,Seibu Lions,Home,W,1,Kintetsu Buffaloes,1,7,0,"0,0,0,0,0,0,0,0,0,1x",9,Belluna Dome,,,18000,GAME19950608SLKI0009
1995,1995-06-08,Reg Season,Hanshin Tigers,Away,L,2,Yakult Swallows,2,4,0,"0,0,0,0,0,0,0,2,0",12,Meiji Jingu Stadium,,,34000,GAME19950608YSHT0012
1995,1995-06-08,Reg Season,Yakult Swallows,Home,W,5,Hanshin Tigers,5,10,0,"0,2,0,0,0,0,0,3,x",12,Meiji Jingu Stadium,,,34000,GAME19950608YSHT0012
1995,1995-06-09,Reg Season,Yomiuri Giants,Away,L,3,Chunichi Dragons,3,5,1,"0,0,0,0,0,3,0,0,0",8,Nagoya,,,35000,GAME19950609CDYG0008
1995,1995-06-09,Reg Season,Chunichi Dragons,Home,W,10,Yomiuri Giants,10,12,1,"1,1,0,2,1,0,1,4,x",8,Nagoya,,,35000,GAME19950609CDYG0008
1995,1995-06-09,Reg Season,Fukuoka Daiei Hawks,Away,L,2,Orix Bluewave,2,6,1,"0,0,1,0,0,0,0,0,1",11,Kobe Athletic Park Baseball Field,,,20000,GAME19950609OBSH0011
1995,1995-06-09,Reg Season,Orix Bluewave,Home,W,7,Fukuoka Daiei Hawks,7,10,1,"0,2,0,0,1,4,0,0,x",11,Kobe Athletic Park Baseball Field,,,20000,GAME19950609OBSH0011
1995,1995-06-10,Reg Season,Yomiuri Giants,Away,W,10,Chunichi Dragons,10,12,3,"1,2,0,0,0,3,0,0,2,2",9,Nagoya,,,35000,GAME19950610CDYG0009
1995,1995-06-10,Reg Season,Chunichi Dragons,Home,L,8,Yomiuri Giants,8,11,0,"1,0,0,1,0,3,0,3,0,0",9,Nagoya,,,35000,GAME19950610CDYG0009
1995,1995-06-10,Reg Season,Hanshin Tigers,Away,L,4,Yokohama BayStars,4,6,0,"0,0,0,0,0,0,1,3,0",8,Hanasaki Sports Park Baseball Field,,,23000,GAME19950610DBHT0008
1995,1995-06-10,Reg Season,Yokohama BayStars,Home,W,7,Hanshin Tigers,7,12,0,"4,2,0,1,0,0,0,0,x",8,Hanasaki Sports Park Baseball Field,,,23000,GAME19950610DBHT0008
1995,1995-06-10,Reg Season,Yakult Swallows,Away,L,2,Hiroshima Toyo Carp,2,9,2,"0,0,0,0,0,1,0,1,0",10,Iwate Prefectural Baseball Field,,,22000,GAME19950610HCYS0010
1995,1995-06-10,Reg Season,Hiroshima Toyo Carp,Home,W,13,Yakult Swallows,13,17,0,"2,0,0,0,4,5,1,1,x",10,Iwate Prefectural Baseball Field,,,22000,GAME19950610HCYS0010
1995,1995-06-10,Reg Season,Nippon-Ham Fighters,Away,W,6,Kintetsu Buffaloes,6,11,0,"0,3,0,0,1,0,0,2,0",10,Sanjo citizen,,,12000,GAME19950610KINF0010
1995,1995-06-10,Reg Season,Kintetsu Buffaloes,Home,L,4,Nippon-Ham Fighters,4,9,0,"0,4,0,0,0,0,0,0,0",10,Sanjo citizen,,,12000,GAME19950610KINF0010
1995,1995-06-10,Reg Season,Fukuoka Daiei Hawks,Away,W,8,Orix Bluewave,8,16,0,"1,0,1,0,2,0,3,0,1",12,Kobe Athletic Park Baseball Field,,,33000,GAME19950610OBSH0012
1995,1995-06-10,Reg Season,Orix Bluewave,Home,L,5,Fukuoka Daiei Hawks,5,7,0,"0,0,0,0,0,4,1,0,0",12,Kobe Athletic Park Baseball Field,,,33000,GAME19950610OBSH0012
1995,1995-06-10,Reg Season,Chiba Lotte Marines,Away,L,0,Seibu Lions,0,5,0,"0,0,0,0,0,0,0,0,0",12,Belluna Dome,,,26000,GAME19950610SLLM0012
1995,1995-06-10,Reg Season,Seibu Lions,Home,W,3,Chiba Lotte Marines,3,10,0,"2,0,0,1,0,0,0,0,x",12,Belluna Dome,,,26000,GAME19950610SLLM0012
1995,1995-06-11,Reg Season,Yomiuri Giants,Away,L,4,Chunichi Dragons,4,10,2,"3,0,0,0,1,0,0,0,0",10,Nagoya,,,35000,GAME19950611CDYG0010
1995,1995-06-11,Reg Season,Chunichi Dragons,Home,W,6,Yomiuri Giants,6,12,0,"1,0,0,0,0,0,0,3,2x",10,Nagoya,,,35000,GAME19950611CDYG0010
1995,1995-06-11,Reg Season,Hanshin Tigers,Away,W,7,Yokohama BayStars,7,11,1,"0,0,0,5,0,0,0,0,2",9,Maruyama Track and Field Stadium,,,28000,GAME19950611DBHT0009
1995,1995-06-11,Reg Season,Yokohama BayStars,Home,L,5,Hanshin Tigers,5,9,3,"3,1,0,0,0,0,0,0,1",9,Maruyama Track and Field Stadium,,,28000,GAME19950611DBHT0009
1995,1995-06-11,Reg Season,Yakult Swallows,Away,L,0,Hiroshima Toyo Carp,0,8,0,"0,0,0,0,0,0,0,0,0",11,Fukushima Azuma Baseball Stadium,,,24000,GAME19950611HCYS0011
1995,1995-06-11,Reg Season,Hiroshima Toyo Carp,Home,W,2,Yakult Swallows,2,4,0,"0,0,0,2,0,0,0,0,x",11,Fukushima Azuma Baseball Stadium,,,24000,GAME19950611HCYS0011
1995,1995-06-11,Reg Season,Nippon-Ham Fighters,Away,W,12,Kintetsu Buffaloes,12,12,0,"0,9,0,0,2,0,0,0,1",11,Niigata Toyano,,,9000,GAME19950611KINF0011
1995,1995-06-11,Reg Season,Kintetsu Buffaloes,Home,L,2,Nippon-Ham Fighters,2,7,0,"0,0,0,2,0,0,0,0,0",11,Niigata Toyano,,,9000,GAME19950611KINF0011
1995,1995-06-11,Reg Season,Fukuoka Daiei Hawks,Away,L,5,Orix Bluewave,5,11,1,"1,0,0,0,0,0,3,0,1",13,Kobe Athletic Park Baseball Field,,,32000,GAME19950611OBSH0013
1995,1995-06-11,Reg Season,Orix Bluewave,Home,W,6,Fukuoka Daiei Hawks,6,8,0,"0,0,0,2,1,0,1,0,2x",13,Kobe Athletic Park Baseball Field,,,32000,GAME19950611OBSH0013
1995,1995-06-11,Reg Season,Chiba Lotte Marines,Away,L,2,Seibu Lions,2,7,1,"0,0,0,2,0,0,0,0,0",13,Belluna Dome,,,30000,GAME19950611SLLM0013
1995,1995-06-11,Reg Season,Seibu Lions,Home,W,3,Chiba Lotte Marines,3,8,0,"0,0,0,0,1,1,0,1,x",13,Belluna Dome,,,30000,GAME19950611SLLM0013
1995,1995-06-13,Reg Season,Yomiuri Giants,Away,L,7,Hanshin Tigers,7,9,3,"0,0,4,0,2,1,0,0,0",9,Hanshin Koshien Stadium,,,45000,GAME19950613HTYG0009
1995,1995-06-13,Reg Season,Hanshin Tigers,Home,W,12,Yomiuri Giants,12,16,1,"1,0,4,0,0,7,0,0,x",9,Hanshin Koshien Stadium,,,45000,GAME19950613HTYG0009
1995,1995-06-13,Reg Season,Chiba Lotte Marines,Away,L,1,Kintetsu Buffaloes,1,8,0,"0,0,0,0,1,0,0,0,0",11,Fujiidera,,,5000,GAME19950613KILM0011
1995,1995-06-13,Reg Season,Kintetsu Buffaloes,Home,W,4,Chiba Lotte Marines,4,9,2,"0,0,0,0,0,1,1,2,x",11,Fujiidera,,,5000,GAME19950613KILM0011
1995,1995-06-13,Reg Season,Fukuoka Daiei Hawks,Away,L,2,Nippon-Ham Fighters,2,6,0,"0,2,0,0,0,0,0,0,0",13,Tokyo Dome,,,26000,GAME19950613NFSH0013
1995,1995-06-13,Reg Season,Nippon-Ham Fighters,Home,W,3,Fukuoka Daiei Hawks,3,9,0,"0,0,1,1,1,0,0,0,x",13,Tokyo Dome,,,26000,GAME19950613NFSH0013
1995,1995-06-13,Reg Season,Seibu Lions,Away,W,6,Orix Bluewave,6,19,1,"2,0,0,2,0,0,0,1,1",9,Kobe Athletic Park Baseball Field,,,16000,GAME19950613OBSL0009
1995,1995-06-13,Reg Season,Orix Bluewave,Home,L,1,Seibu Lions,1,9,1,"0,0,0,0,0,0,0,1,0",9,Kobe Athletic Park Baseball Field,,,16000,GAME19950613OBSL0009
1995,1995-06-14,Reg Season,Yomiuri Giants,Away,W,9,Hanshin Tigers,9,15,0,"2,0,0,0,1,0,3,1,2",10,Hanshin Koshien Stadium,,,48000,GAME19950614HTYG0010
1995,1995-06-14,Reg Season,Hanshin Tigers,Home,L,7,Yomiuri Giants,7,12,0,"0,3,0,3,0,0,0,1,0",10,Hanshin Koshien Stadium,,,48000,GAME19950614HTYG0010
1995,1995-06-14,Reg Season,Chiba Lotte Marines,Away,L,4,Kintetsu Buffaloes,4,8,1,"0,0,1,2,0,1,0,0,0",12,Fujiidera,,,6000,GAME19950614KILM0012
1995,1995-06-14,Reg Season,Kintetsu Buffaloes,Home,W,5,Chiba Lotte Marines,5,9,1,"0,0,0,0,0,2,0,2,1x",12,Fujiidera,,,6000,GAME19950614KILM0012
1995,1995-06-14,Reg Season,Fukuoka Daiei Hawks,Away,L,4,Nippon-Ham Fighters,4,6,2,"2,0,0,1,0,0,1,0,0",14,Tokyo Dome,,,28000,GAME19950614NFSH0014
1995,1995-06-14,Reg Season,Nippon-Ham Fighters,Home,W,10,Fukuoka Daiei Hawks,10,10,2,"4,0,0,0,0,0,6,0,x",14,Tokyo Dome,,,28000,GAME19950614NFSH0014
1995,1995-06-14,Reg Season,Seibu Lions,Away,L,7,Orix Bluewave,7,12,0,"1,0,0,1,4,0,1,0,0",10,Kobe Athletic Park Baseball Field,,,22000,GAME19950614OBSL0010
1995,1995-06-14,Reg Season,Orix Bluewave,Home,W,10,Seibu Lions,10,13,1,"3,3,1,0,2,1,0,0,x",10,Kobe Athletic Park Baseball Field,,,22000,GAME19950614OBSL0010
1995,1995-06-15,Reg Season,Yakult Swallows,Away,L,4,Chunichi Dragons,4,8,2,"1,0,0,2,0,0,0,1,0",9,Nagoya,,,31000,GAME19950615CDYS0009
1995,1995-06-15,Reg Season,Chunichi Dragons,Home,W,18,Yakult Swallows,18,14,1,"3,4,5,2,0,2,1,1,x",9,Nagoya,,,31000,GAME19950615CDYS0009
1995,1995-06-15,Reg Season,Hiroshima Toyo Carp,Away,W,16,Yokohama BayStars,16,22,1,"5,0,1,0,1,0,3,3,3",8,Yokohama Stadium,,,23000,GAME19950615DBHC0008
1995,1995-06-15,Reg Season,Yokohama BayStars,Home,L,2,Hiroshima Toyo Carp,2,6,0,"0,2,0,0,0,0,0,0,0",8,Yokohama Stadium,,,23000,GAME19950615DBHC0008
1995,1995-06-15,Reg Season,Yomiuri Giants,Away,L,4,Hanshin Tigers,4,9,0,"0,2,0,0,0,1,0,1,0",11,Hanshin Koshien Stadium,,,48000,GAME19950615HTYG0011
1995,1995-06-15,Reg Season,Hanshin Tigers,Home,W,7,Yomiuri Giants,7,10,0,"1,1,0,0,0,2,2,1,x",11,Hanshin Koshien Stadium,,,48000,GAME19950615HTYG0011
1995,1995-06-15,Reg Season,Chiba Lotte Marines,Away,L,4,Kintetsu Buffaloes,4,6,2,"0,0,0,0,0,2,2,0,0",13,Fujiidera,,,5000,GAME19950615KILM0013
1995,1995-06-15,Reg Season,Kintetsu Buffaloes,Home,W,6,Chiba Lotte Marines,6,8,0,"0,0,0,2,1,1,0,2,x",13,Fujiidera,,,5000,GAME19950615KILM0013
1995,1995-06-15,Reg Season,Seibu Lions,Away,L,1,Orix Bluewave,1,6,0,"0,0,0,0,0,0,0,0,1",11,Kobe Athletic Park Baseball Field,,,27000,GAME19950615OBSL0011
1995,1995-06-15,Reg Season,Orix Bluewave,Home,W,2,Seibu Lions,2,7,0,"0,2,0,0,0,0,0,0,x",11,Kobe Athletic Park Baseball Field,,,27000,GAME19950615OBSL0011
1995,1995-06-16,Reg Season,Chunichi Dragons,Away,W,5,Hanshin Tigers,5,15,1,"1,1,0,0,0,1,0,0,2",9,Hanshin Koshien Stadium,,,26000,GAME19950616HTCD0009
1995,1995-06-16,Reg Season,Hanshin Tigers,Home,L,0,Chunichi Dragons,0,10,2,"0,0,0,0,0,0,0,0,0",9,Hanshin Koshien Stadium,,,26000,GAME19950616HTCD0009
1995,1995-06-16,Reg Season,Orix Bluewave,Away,T,3,Chiba Lotte Marines,3,12,1,"0,0,0,0,0,0,0,0,3,0,0,0",8,ZOZO Marine Stadium,,,21000,GAME19950616LMOB0008
1995,1995-06-16,Reg Season,Chiba Lotte Marines,Home,T,3,Orix Bluewave,3,11,0,"0,0,0,0,1,1,1,0,0,0,0,0",8,ZOZO Marine Stadium,,,21000,GAME19950616LMOB0008
1995,1995-06-16,Reg Season,Kintetsu Buffaloes,Away,L,2,Fukuoka Daiei Hawks,2,8,1,"0,0,0,0,0,2,0,0,0",11,Mizuho PayPay Dome Fukuoka,,,32000,GAME19950616SHKI0011
1995,1995-06-16,Reg Season,Fukuoka Daiei Hawks,Home,W,4,Kintetsu Buffaloes,4,7,0,"0,3,0,1,0,0,0,0,x",11,Mizuho PayPay Dome Fukuoka,,,32000,GAME19950616SHKI0011
1995,1995-06-16,Reg Season,Hiroshima Toyo Carp,Away,W,5,Yomiuri Giants,5,9,1,"0,1,0,0,0,2,0,2,0",11,Tokyo Dome,,,55000,GAME19950616YGHC0011
1995,1995-06-16,Reg Season,Yomiuri Giants,Home,L,4,Hiroshima Toyo Carp,4,9,0,"2,0,1,0,1,0,0,0,0",11,Tokyo Dome,,,55000,GAME19950616YGHC0011
1995,1995-06-16,Reg Season,Yokohama BayStars,Away,L,4,Yakult Swallows,4,9,0,"0,0,0,1,0,1,0,0,2",11,Kusanagi Baseball Stadium,,,28000,GAME19950616YSDB0011
1995,1995-06-16,Reg Season,Yakult Swallows,Home,W,13,Yokohama BayStars,13,19,1,"1,1,3,0,2,2,3,1,x",11,Kusanagi Baseball Stadium,,,28000,GAME19950616YSDB0011
1995,1995-06-17,Reg Season,Chunichi Dragons,Away,L,5,Hanshin Tigers,5,11,1,"0,0,0,0,1,0,0,1,3",10,Hanshin Koshien Stadium,,,45000,GAME19950617HTCD0010
1995,1995-06-17,Reg Season,Hanshin Tigers,Home,W,8,Chunichi Dragons,8,12,1,"0,1,0,1,2,3,1,0,x",10,Hanshin Koshien Stadium,,,45000,GAME19950617HTCD0010
1995,1995-06-17,Reg Season,Orix Bluewave,Away,W,8,Chiba Lotte Marines,8,10,0,"1,0,0,0,0,0,2,5,0",9,ZOZO Marine Stadium,,,27000,GAME19950617LMOB0009
1995,1995-06-17,Reg Season,Chiba Lotte Marines,Home,L,1,Orix Bluewave,1,9,0,"0,0,0,0,0,0,1,0,0",9,ZOZO Marine Stadium,,,27000,GAME19950617LMOB0009
1995,1995-06-17,Reg Season,Kintetsu Buffaloes,Away,L,4,Fukuoka Daiei Hawks,4,6,1,"2,1,1,0,0,0,0,0,0",12,Mizuho PayPay Dome Fukuoka,,,48000,GAME19950617SHKI0012
1995,1995-06-17,Reg Season,Fukuoka Daiei Hawks,Home,W,9,Kintetsu Buffaloes,9,15,1,"2,0,3,0,0,0,0,4,x",12,Mizuho PayPay Dome Fukuoka,,,48000,GAME19950617SHKI0012
1995,1995-06-17,Reg Season,Nippon-Ham Fighters,Away,L,2,Seibu Lions,2,7,1,"2,0,0,0,0,0,0,0,0",11,Maruyama Track and Field Stadium,,,23000,GAME19950617SLNF0011
1995,1995-06-17,Reg Season,Seibu Lions,Home,W,3,Nippon-Ham Fighters,3,7,0,"0,0,0,0,0,0,0,0,3x",11,Maruyama Track and Field Stadium,,,23000,GAME19950617SLNF0011
1995,1995-06-17,Reg Season,Hiroshima Toyo Carp,Away,W,5,Yomiuri Giants,5,8,0,"1,0,0,0,0,0,0,0,4",12,Tokyo Dome,,,55000,GAME19950617YGHC0012
1995,1995-06-17,Reg Season,Yomiuri Giants,Home,L,0,Hiroshima Toyo Carp,0,2,0,"0,0,0,0,0,0,0,0,0",12,Tokyo Dome,,,55000,GAME19950617YGHC0012
1995,1995-06-17,Reg Season,Yokohama BayStars,Away,W,13,Yakult Swallows,13,17,0,"1,2,2,0,1,2,1,4,0",12,Meiji Jingu Stadium,,,38000,GAME19950617YSDB0012
1995,1995-06-17,Reg Season,Yakult Swallows,Home,L,4,Yokohama BayStars,4,9,3,"0,2,0,0,2,0,0,0,0",12,Meiji Jingu Stadium,,,38000,GAME19950617YSDB0012
1995,1995-06-18,Reg Season,Orix Bluewave,Away,W,7,Chiba Lotte Marines,7,11,1,"2,1,0,0,0,0,0,2,2",10,ZOZO Marine Stadium,,,32000,GAME19950618LMOB0010
1995,1995-06-18,Reg Season,Chiba Lotte Marines,Home,L,1,Orix Bluewave,1,7,0,"0,0,0,0,0,0,0,1,0",10,ZOZO Marine Stadium,,,32000,GAME19950618LMOB0010
1995,1995-06-18,Reg Season,Kintetsu Buffaloes,Away,W,7,Fukuoka Daiei Hawks,7,12,0,"0,0,1,1,4,0,0,0,1",13,Mizuho PayPay Dome Fukuoka,,,48000,GAME19950618SHKI0013
1995,1995-06-18,Reg Season,Fukuoka Daiei Hawks,Home,L,2,Kintetsu Buffaloes,2,7,3,"0,0,0,0,0,1,1,0,0",13,Mizuho PayPay Dome Fukuoka,,,48000,GAME19950618SHKI0013
1995,1995-06-18,Reg Season,Nippon-Ham Fighters,Away,W,6,Seibu Lions,6,7,0,"4,1,0,0,0,1,0,0,0",12,Maruyama Track and Field Stadium,,,26000,GAME19950618SLNF0012
1995,1995-06-18,Reg Season,Seibu Lions,Home,L,5,Nippon-Ham Fighters,5,12,0,"0,1,2,0,1,0,1,0,0",12,Maruyama Track and Field Stadium,,,26000,GAME19950618SLNF0012
1995,1995-06-18,Reg Season,Hiroshima Toyo Carp,Away,W,5,Yomiuri Giants,5,11,0,"1,0,2,0,0,2,0,0,0",13,Tokyo Dome,,,55000,GAME19950618YGHC0013
1995,1995-06-18,Reg Season,Yomiuri Giants,Home,L,1,Hiroshima Toyo Carp,1,6,0,"0,1,0,0,0,0,0,0,0",13,Tokyo Dome,,,55000,GAME19950618YGHC0013
1995,1995-06-18,Reg Season,Yokohama BayStars,Away,W,2,Yakult Swallows,2,6,1,"0,0,0,2,0,0,0,0,0",13,Meiji Jingu Stadium,,,30000,GAME19950618YSDB0013
1995,1995-06-18,Reg Season,Yakult Swallows,Home,L,0,Yokohama BayStars,0,2,0,"0,0,0,0,0,0,0,0,0",13,Meiji Jingu Stadium,,,30000,GAME19950618YSDB0013
1995,1995-06-20,Reg Season,Hanshin Tigers,Away,L,3,Yokohama BayStars,3,10,1,"0,0,0,0,2,0,1,0,0",10,Yokohama Stadium,,,20000,GAME19950620DBHT0010
1995,1995-06-20,Reg Season,Yokohama BayStars,Home,W,4,Hanshin Tigers,4,7,0,"0,0,1,0,0,1,0,2,x",10,Yokohama Stadium,,,20000,GAME19950620DBHT0010
1995,1995-06-20,Reg Season,Yakult Swallows,Away,L,6,Hiroshima Toyo Carp,6,9,1,"0,0,0,0,2,0,3,1,0",12,Hiroshima citizens,,,17000,GAME19950620HCYS0012
1995,1995-06-20,Reg Season,Hiroshima Toyo Carp,Home,W,7,Yakult Swallows,7,15,1,"0,0,0,0,0,1,1,2,3x",12,Hiroshima citizens,,,17000,GAME19950620HCYS0012
1995,1995-06-20,Reg Season,Nippon-Ham Fighters,Away,L,2,Chiba Lotte Marines,2,5,0,"0,0,0,0,1,0,0,0,1",11,ZOZO Marine Stadium,,,6000,GAME19950620LMNF0011
1995,1995-06-20,Reg Season,Chiba Lotte Marines,Home,W,5,Nippon-Ham Fighters,5,8,0,"0,0,0,0,3,1,0,1,x",11,ZOZO Marine Stadium,,,6000,GAME19950620LMNF0011
1995,1995-06-20,Reg Season,Chunichi Dragons,Away,L,1,Yomiuri Giants,1,7,0,"0,1,0,0,0,0,0,0,0",11,Tokyo Dome,,,55000,GAME19950620YGCD0011
1995,1995-06-20,Reg Season,Yomiuri Giants,Home,W,9,Chunichi Dragons,9,11,0,"0,1,0,4,2,0,2,0,x",11,Tokyo Dome,,,55000,GAME19950620YGCD0011
1995,1995-06-21,Reg Season,Hanshin Tigers,Away,W,5,Yokohama BayStars,5,7,0,"0,0,0,1,0,0,0,4,0",11,Yokohama Stadium,,,23000,GAME19950621DBHT0011
1995,1995-06-21,Reg Season,Yokohama BayStars,Home,L,0,Hanshin Tigers,0,6,0,"0,0,0,0,0,0,0,0,0",11,Yokohama Stadium,,,23000,GAME19950621DBHT0011
1995,1995-06-21,Reg Season,Yakult Swallows,Away,W,4,Hiroshima Toyo Carp,4,11,1,"0,2,0,1,0,0,0,0,1",13,Hiroshima citizens,,,19000,GAME19950621HCYS0013
1995,1995-06-21,Reg Season,Hiroshima Toyo Carp,Home,L,0,Yakult Swallows,0,5,0,"0,0,0,0,0,0,0,0,0",13,Hiroshima citizens,,,19000,GAME19950621HCYS0013
1995,1995-06-21,Reg Season,Orix Bluewave,Away,L,4,Kintetsu Buffaloes,4,7,2,"0,0,1,0,3,0,0,0,0",9,Fujiidera,,,25000,GAME19950621KIOB0009
1995,1995-06-21,Reg Season,Kintetsu Buffaloes,Home,W,5,Orix Bluewave,5,8,0,"0,1,0,0,3,1,0,0,x",9,Fujiidera,,,25000,GAME19950621KIOB0009
1995,1995-06-21,Reg Season,Nippon-Ham Fighters,Away,L,2,Chiba Lotte Marines,2,6,1,"0,0,0,0,0,0,1,0,1",12,ZOZO Marine Stadium,,,12000,GAME19950621LMNF0012
1995,1995-06-21,Reg Season,Chiba Lotte Marines,Home,W,3,Nippon-Ham Fighters,3,6,1,"0,0,0,2,0,0,0,0,1x",12,ZOZO Marine Stadium,,,12000,GAME19950621LMNF0012
1995,1995-06-21,Reg Season,Chunichi Dragons,Away,L,5,Yomiuri Giants,5,10,0,"0,0,0,1,3,0,0,1,0",12,Tokyo Dome,,,55000,GAME19950621YGCD0012
1995,1995-06-21,Reg Season,Yomiuri Giants,Home,W,6,Chunichi Dragons,6,8,0,"0,0,0,2,0,4,0,0,x",12,Tokyo Dome,,,55000,GAME19950621YGCD0012
1995,1995-06-22,Reg Season,Yakult Swallows,Away,W,10,Hiroshima Toyo Carp,10,10,2,"1,0,0,2,0,0,2,3,0,2",14,Hiroshima citizens,,,17000,GAME19950622HCYS0014
1995,1995-06-22,Reg Season,Hiroshima Toyo Carp,Home,L,8,Yakult Swallows,8,12,2,"0,1,4,1,2,0,0,0,0,0",14,Hiroshima citizens,,,17000,GAME19950622HCYS0014
1995,1995-06-22,Reg Season,Orix Bluewave,Away,W,4,Kintetsu Buffaloes,4,7,0,"0,2,1,1,0,0,0,0,0",10,Fujiidera,,,15000,GAME19950622KIOB0010
1995,1995-06-22,Reg Season,Kintetsu Buffaloes,Home,L,2,Orix Bluewave,2,5,1,"0,0,0,0,1,0,1,0,0",10,Fujiidera,,,15000,GAME19950622KIOB0010
1995,1995-06-22,Reg Season,Nippon-Ham Fighters,Away,L,0,Chiba Lotte Marines,0,3,1,"0,0,0,0,0,0,0,0,0",13,ZOZO Marine Stadium,,,6000,GAME19950622LMNF0013
1995,1995-06-22,Reg Season,Chiba Lotte Marines,Home,W,4,Nippon-Ham Fighters,4,8,0,"0,0,0,0,0,0,0,4,x",13,ZOZO Marine Stadium,,,6000,GAME19950622LMNF0013
1995,1995-06-22,Reg Season,Chunichi Dragons,Away,W,3,Yomiuri Giants,3,7,0,"0,0,2,0,0,0,0,1,0",13,Tokyo Dome,,,55000,GAME19950622YGCD0013
1995,1995-06-22,Reg Season,Yomiuri Giants,Home,L,0,Chunichi Dragons,0,4,1,"0,0,0,0,0,0,0,0,0",13,Tokyo Dome,,,55000,GAME19950622YGCD0013
1995,1995-06-23,Reg Season,Hanshin Tigers,Away,W,4,Chunichi Dragons,4,9,0,"0,0,0,0,2,1,0,1,0",11,Nagoya,,,33000,GAME19950623CDHT0011
1995,1995-06-23,Reg Season,Chunichi Dragons,Home,L,3,Hanshin Tigers,3,13,2,"1,1,0,0,0,0,0,1,0",11,Nagoya,,,33000,GAME19950623CDHT0011
1995,1995-06-23,Reg Season,Orix Bluewave,Away,W,7,Nippon-Ham Fighters,7,10,0,"0,3,1,0,0,0,0,0,3",11,Tokyo Dome,,,35000,GAME19950623NFOB0011
1995,1995-06-23,Reg Season,Nippon-Ham Fighters,Home,L,2,Orix Bluewave,2,6,0,"0,0,0,0,1,0,1,0,0",11,Tokyo Dome,,,35000,GAME19950623NFOB0011
1995,1995-06-23,Reg Season,Kintetsu Buffaloes,Away,L,2,Seibu Lions,2,6,0,"0,0,2,0,0,0,0,0,0",10,Belluna Dome,,,5000,GAME19950623SLKI0010
1995,1995-06-23,Reg Season,Seibu Lions,Home,W,5,Kintetsu Buffaloes,5,11,0,"0,0,0,0,2,2,1,0,x",10,Belluna Dome,,,5000,GAME19950623SLKI0010
1995,1995-06-23,Reg Season,Yomiuri Giants,Away,W,8,Yakult Swallows,8,9,1,"0,0,0,0,3,0,0,0,5",11,Meiji Jingu Stadium,,,48000,GAME19950623YSYG0011
1995,1995-06-23,Reg Season,Yakult Swallows,Home,L,0,Yomiuri Giants,0,3,0,"0,0,0,0,0,0,0,0,0",11,Meiji Jingu Stadium,,,48000,GAME19950623YSYG0011
1995,1995-06-24,Reg Season,Hanshin Tigers,Away,L,3,Chunichi Dragons,3,7,0,"0,1,1,0,0,0,0,0,1",12,Nagoya,,,35000,GAME19950624CDHT0012
1995,1995-06-24,Reg Season,Chunichi Dragons,Home,W,4,Hanshin Tigers,4,6,1,"2,0,0,0,0,1,1,0,x",12,Nagoya,,,35000,GAME19950624CDHT0012
1995,1995-06-24,Reg Season,Yokohama BayStars,Away,W,2,Hiroshima Toyo Carp,2,7,1,"0,0,0,0,0,2,0,0,0",9,Akita Yabase,,,20000,GAME19950624HCDB0009
1995,1995-06-24,Reg Season,Hiroshima Toyo Carp,Home,L,1,Yokohama BayStars,1,6,0,"1,0,0,0,0,0,0,0,0",9,Akita Yabase,,,20000,GAME19950624HCDB0009
1995,1995-06-24,Reg Season,Orix Bluewave,Away,W,7,Nippon-Ham Fighters,7,13,2,"0,0,0,2,0,2,0,1,2",12,Tokyo Dome,,,45000,GAME19950624NFOB0012
1995,1995-06-24,Reg Season,Nippon-Ham Fighters,Home,L,4,Orix Bluewave,4,9,1,"1,1,0,0,1,0,1,0,0",12,Tokyo Dome,,,45000,GAME19950624NFOB0012
1995,1995-06-24,Reg Season,Chiba Lotte Marines,Away,W,1,Fukuoka Daiei Hawks,1,9,1,"0,0,1,0,0,0,0,0,0",12,Mizuho PayPay Dome Fukuoka,,,48000,GAME19950624SHLM0012
1995,1995-06-24,Reg Season,Fukuoka Daiei Hawks,Home,L,0,Chiba Lotte Marines,0,2,0,"0,0,0,0,0,0,0,0,0",12,Mizuho PayPay Dome Fukuoka,,,48000,GAME19950624SHLM0012
1995,1995-06-24,Reg Season,Kintetsu Buffaloes,Away,L,4,Seibu Lions,4,7,0,"0,1,0,1,1,0,1,0,0",11,Belluna Dome,,,27000,GAME19950624SLKI0011
1995,1995-06-24,Reg Season,Seibu Lions,Home,W,11,Kintetsu Buffaloes,11,12,1,"0,1,4,1,2,0,2,1,x",11,Belluna Dome,,,27000,GAME19950624SLKI0011
1995,1995-06-24,Reg Season,Yomiuri Giants,Away,L,4,Yakult Swallows,4,12,1,"0,1,0,0,2,1,0,0,0",12,Meiji Jingu Stadium,,,48000,GAME19950624YSYG0012
1995,1995-06-24,Reg Season,Yakult Swallows,Home,W,13,Yomiuri Giants,13,13,0,"2,0,2,0,8,0,1,0,x",12,Meiji Jingu Stadium,,,48000,GAME19950624YSYG0012
1995,1995-06-25,Reg Season,Hanshin Tigers,Away,W,7,Chunichi Dragons,7,10,0,"0,1,0,2,0,0,0,2,2",13,Nagoya,,,33000,GAME19950625CDHT0013
1995,1995-06-25,Reg Season,Chunichi Dragons,Home,L,6,Hanshin Tigers,6,12,2,"0,5,0,0,1,0,0,0,0",13,Nagoya,,,33000,GAME19950625CDHT0013
1995,1995-06-25,Reg Season,Yokohama BayStars,Away,W,1,Hiroshima Toyo Carp,1,5,0,"0,0,0,0,0,0,1,0,0",10,Akita Yabase,,,20000,GAME19950625HCDB0010
1995,1995-06-25,Reg Season,Hiroshima Toyo Carp,Home,L,0,Yokohama BayStars,0,7,0,"0,0,0,0,0,0,0,0,0",10,Akita Yabase,,,20000,GAME19950625HCDB0010
1995,1995-06-25,Reg Season,Orix Bluewave,Away,W,6,Nippon-Ham Fighters,6,7,0,"0,0,2,3,0,0,0,1,0",13,Tokyo Dome,,,40000,GAME19950625NFOB0013
1995,1995-06-25,Reg Season,Nippon-Ham Fighters,Home,L,0,Orix Bluewave,0,3,0,"0,0,0,0,0,0,0,0,0",13,Tokyo Dome,,,40000,GAME19950625NFOB0013
1995,1995-06-25,Reg Season,Chiba Lotte Marines,Away,L,3,Fukuoka Daiei Hawks,3,6,1,"0,1,2,0,0,0,0,0,0",13,Mizuho PayPay Dome Fukuoka,,,31000,GAME19950625SHLM0013
1995,1995-06-25,Reg Season,Fukuoka Daiei Hawks,Home,W,6,Chiba Lotte Marines,6,11,0,"0,0,0,3,2,1,0,0,x",13,Mizuho PayPay Dome Fukuoka,,,31000,GAME19950625SHLM0013
1995,1995-06-25,Reg Season,Kintetsu Buffaloes,Away,L,1,Seibu Lions,1,5,0,"0,0,0,0,0,0,1,0,0",12,Belluna Dome,,,27000,GAME19950625SLKI0012
1995,1995-06-25,Reg Season,Seibu Lions,Home,W,3,Kintetsu Buffaloes,3,7,0,"0,0,0,0,0,0,3,0,x",12,Belluna Dome,,,27000,GAME19950625SLKI0012
1995,1995-06-25,Reg Season,Yomiuri Giants,Away,W,6,Yakult Swallows,6,10,0,"0,1,3,0,0,0,0,0,2",13,Meiji Jingu Stadium,,,48000,GAME19950625YSYG0013
1995,1995-06-25,Reg Season,Yakult Swallows,Home,L,2,Yomiuri Giants,2,7,1,"0,0,0,0,0,2,0,0,0",13,Meiji Jingu Stadium,,,48000,GAME19950625YSYG0013
1995,1995-06-27,Reg Season,Yakult Swallows,Away,L,5,Chunichi Dragons,5,7,0,"0,0,0,0,2,2,1,0,0",10,Nagoya,,,28000,GAME19950627CDYS0010
1995,1995-06-27,Reg Season,Chunichi Dragons,Home,W,6,Yakult Swallows,6,8,2,"0,0,0,0,0,6,0,0,x",10,Nagoya,,,28000,GAME19950627CDYS0010
1995,1995-06-27,Reg Season,Hiroshima Toyo Carp,Away,W,6,Hanshin Tigers,6,13,0,"0,1,0,1,1,0,2,0,0,1",11,Hanshin Koshien Stadium,,,27000,GAME19950627HTHC0011
1995,1995-06-27,Reg Season,Hanshin Tigers,Home,L,5,Hiroshima Toyo Carp,5,12,1,"3,0,2,0,0,0,0,0,0,0",11,Hanshin Koshien Stadium,,,27000,GAME19950627HTHC0011
1995,1995-06-27,Reg Season,Seibu Lions,Away,L,3,Chiba Lotte Marines,3,8,0,"0,2,0,0,1,0,0,0,0",14,Fukui Prefectural Stadium,,,19000,GAME19950627LMSL0014
1995,1995-06-27,Reg Season,Chiba Lotte Marines,Home,W,8,Seibu Lions,8,12,0,"0,3,3,1,0,0,1,0,x",14,Fukui Prefectural Stadium,,,19000,GAME19950627LMSL0014
1995,1995-06-27,Reg Season,Kintetsu Buffaloes,Away,L,1,Orix Bluewave,1,9,0,"1,0,0,0,0,0,0,0,0",11,Kobe Athletic Park Baseball Field,,,25000,GAME19950627OBKI0011
1995,1995-06-27,Reg Season,Orix Bluewave,Home,W,2,Kintetsu Buffaloes,2,4,0,"1,0,0,0,0,1,0,0,x",11,Kobe Athletic Park Baseball Field,,,25000,GAME19950627OBKI0011
1995,1995-06-27,Reg Season,Nippon-Ham Fighters,Away,W,4,Fukuoka Daiei Hawks,4,8,0,"0,0,3,1,0,0,0,0,0",15,Mizuho PayPay Dome Fukuoka,,,24000,GAME19950627SHNF0015
1995,1995-06-27,Reg Season,Fukuoka Daiei Hawks,Home,L,2,Nippon-Ham Fighters,2,6,0,"1,0,0,1,0,0,0,0,0",15,Mizuho PayPay Dome Fukuoka,,,24000,GAME19950627SHNF0015
1995,1995-06-27,Reg Season,Yokohama BayStars,Away,L,0,Yomiuri Giants,0,6,0,"0,0,0,0,0,0,0,0,0",13,Tokyo Dome,,,55000,GAME19950627YGDB0013
1995,1995-06-27,Reg Season,Yomiuri Giants,Home,W,1,Yokohama BayStars,1,6,0,"0,1,0,0,0,0,0,0,x",13,Tokyo Dome,,,55000,GAME19950627YGDB0013
1995,1995-06-28,Reg Season,Yakult Swallows,Away,W,19,Chunichi Dragons,19,16,0,"6,3,0,5,0,0,0,0,5",11,Nagoya,,,28000,GAME19950628CDYS0011
1995,1995-06-28,Reg Season,Chunichi Dragons,Home,L,4,Yakult Swallows,4,6,0,"0,2,0,0,0,0,0,0,2",11,Nagoya,,,28000,GAME19950628CDYS0011
1995,1995-06-28,Reg Season,Hiroshima Toyo Carp,Away,W,6,Hanshin Tigers,6,10,0,"0,0,1,1,0,1,0,0,3",12,Hanshin Koshien Stadium,,,26000,GAME19950628HTHC0012
1995,1995-06-28,Reg Season,Hanshin Tigers,Home,L,1,Hiroshima Toyo Carp,1,8,1,"0,0,0,0,0,0,0,1,0",12,Hanshin Koshien Stadium,,,26000,GAME19950628HTHC0012
1995,1995-06-28,Reg Season,Seibu Lions,Away,L,3,Chiba Lotte Marines,3,7,2,"0,0,0,0,3,0,0,0,0,0",15,Ishikawa Prefectural Baseball Stadium,,,20000,GAME19950628LMSL0015
1995,1995-06-28,Reg Season,Chiba Lotte Marines,Home,W,4,Seibu Lions,4,10,3,"0,0,2,0,0,0,0,0,1,1x",15,Ishikawa Prefectural Baseball Stadium,,,20000,GAME19950628LMSL0015
1995,1995-06-28,Reg Season,Kintetsu Buffaloes,Away,L,1,Orix Bluewave,1,6,0,"0,0,0,0,0,1,0,0,0",12,Kobe Athletic Park Baseball Field,,,22000,GAME19950628OBKI0012
1995,1995-06-28,Reg Season,Orix Bluewave,Home,W,6,Kintetsu Buffaloes,6,11,2,"0,0,0,2,2,0,2,0,x",12,Kobe Athletic Park Baseball Field,,,22000,GAME19950628OBKI0012
1995,1995-06-28,Reg Season,Nippon-Ham Fighters,Away,L,3,Fukuoka Daiei Hawks,3,8,2,"0,0,0,0,0,1,0,0,2",16,Mizuho PayPay Dome Fukuoka,,,24000,GAME19950628SHNF0016
1995,1995-06-28,Reg Season,Fukuoka Daiei Hawks,Home,W,7,Nippon-Ham Fighters,7,12,0,"0,1,0,0,1,4,1,0,x",16,Mizuho PayPay Dome Fukuoka,,,24000,GAME19950628SHNF0016
1995,1995-06-28,Reg Season,Yokohama BayStars,Away,L,1,Yomiuri Giants,1,4,0,"0,0,0,0,0,0,0,1,0",14,Tokyo Dome,,,55000,GAME19950628YGDB0014
1995,1995-06-28,Reg Season,Yomiuri Giants,Home,W,3,Yokohama BayStars,3,9,0,"0,1,0,0,1,1,0,0,x",14,Tokyo Dome,,,55000,GAME19950628YGDB0014
1995,1995-06-29,Reg Season,Yakult Swallows,Away,W,6,Chunichi Dragons,6,11,0,"0,0,0,0,0,0,2,4,0",12,Nagoya,,,28000,GAME19950629CDYS0012
1995,1995-06-29,Reg Season,Chunichi Dragons,Home,L,1,Yakult Swallows,1,8,1,"1,0,0,0,0,0,0,0,0",12,Nagoya,,,28000,GAME19950629CDYS0012
1995,1995-06-29,Reg Season,Hiroshima Toyo Carp,Away,L,1,Hanshin Tigers,1,5,1,"1,0,0,0,0,0,0,0,0",13,Hanshin Koshien Stadium,,,26000,GAME19950629HTHC0013
1995,1995-06-29,Reg Season,Hanshin Tigers,Home,W,3,Hiroshima Toyo Carp,3,9,1,"1,0,0,0,0,1,1,0,x",13,Hanshin Koshien Stadium,,,26000,GAME19950629HTHC0013
1995,1995-06-29,Reg Season,Kintetsu Buffaloes,Away,W,12,Orix Bluewave,12,14,1,"0,3,0,0,2,1,0,6,0",13,Kobe Athletic Park Baseball Field,,,22000,GAME19950629OBKI0013
1995,1995-06-29,Reg Season,Orix Bluewave,Home,L,6,Kintetsu Buffaloes,6,8,0,"0,0,2,0,0,3,0,0,1",13,Kobe Athletic Park Baseball Field,,,22000,GAME19950629OBKI0013
1995,1995-06-29,Reg Season,Nippon-Ham Fighters,Away,L,1,Fukuoka Daiei Hawks,1,9,0,"0,0,0,0,0,0,0,1,0",17,Mizuho PayPay Dome Fukuoka,,,23000,GAME19950629SHNF0017
1995,1995-06-29,Reg Season,Fukuoka Daiei Hawks,Home,W,2,Nippon-Ham Fighters,2,5,0,"1,1,0,0,0,0,0,0,x",17,Mizuho PayPay Dome Fukuoka,,,23000,GAME19950629SHNF0017
1995,1995-06-30,Reg Season,Chunichi Dragons,Away,L,1,Yokohama BayStars,1,4,0,"0,0,0,1,0,0,0,0,0",11,Yokohama Stadium,,,18000,GAME19950630DBCD0011
1995,1995-06-30,Reg Season,Yokohama BayStars,Home,W,4,Chunichi Dragons,4,10,1,"0,2,0,0,0,0,0,2,x",11,Yokohama Stadium,,,18000,GAME19950630DBCD0011
1995,1995-06-30,Reg Season,Fukuoka Daiei Hawks,Away,L,7,Kintetsu Buffaloes,7,11,1,"0,3,2,2,0,0,0,0,0",14,Fujiidera,,,19000,GAME19950630KISH0014
1995,1995-06-30,Reg Season,Kintetsu Buffaloes,Home,W,9,Fukuoka Daiei Hawks,9,14,0,"3,0,0,0,2,0,4,0,x",14,Fujiidera,,,19000,GAME19950630KISH0014
1995,1995-06-30,Reg Season,Chiba Lotte Marines,Away,W,2,Nippon-Ham Fighters,2,5,0,"0,0,1,0,0,0,0,0,1",14,Tokyo Dome,,,15000,GAME19950630NFLM0014
1995,1995-06-30,Reg Season,Nippon-Ham Fighters,Home,L,0,Chiba Lotte Marines,0,3,1,"0,0,0,0,0,0,0,0,0",14,Tokyo Dome,,,15000,GAME19950630NFLM0014
1995,1995-06-30,Reg Season,Orix Bluewave,Away,W,5,Seibu Lions,5,7,1,"0,0,0,0,3,0,0,0,2",12,Belluna Dome,,,48000,GAME19950630SLOB0012
1995,1995-06-30,Reg Season,Seibu Lions,Home,L,2,Orix Bluewave,2,5,0,"0,0,0,1,1,0,0,0,0",12,Belluna Dome,,,48000,GAME19950630SLOB0012
1995,1995-06-30,Reg Season,Hanshin Tigers,Away,L,1,Yakult Swallows,1,7,1,"0,0,0,1,0,0,0,0,0",13,Meiji Jingu Stadium,,,36000,GAME19950630YSHT0013
1995,1995-06-30,Reg Season,Yakult Swallows,Home,W,3,Hanshin Tigers,3,10,0,"0,1,0,1,1,0,0,0,x",13,Meiji Jingu Stadium,,,36000,GAME19950630YSHT0013
1995,1995-07-01,Reg Season,Chunichi Dragons,Away,L,3,Yokohama BayStars,3,10,0,"0,0,1,1,0,0,0,1,0",12,Yokohama Stadium,,,16000,GAME19950701DBCD0012
1995,1995-07-01,Reg Season,Yokohama BayStars,Home,W,11,Chunichi Dragons,11,17,0,"0,2,1,1,2,1,0,4,x",12,Yokohama Stadium,,,16000,GAME19950701DBCD0012
1995,1995-07-01,Reg Season,Yomiuri Giants,Away,L,4,Hiroshima Toyo Carp,4,9,0,"1,1,0,0,0,1,1,0,0",14,Hiroshima citizens,,,32000,GAME19950701HCYG0014
1995,1995-07-01,Reg Season,Hiroshima Toyo Carp,Home,W,12,Yomiuri Giants,12,13,0,"0,2,1,6,1,0,2,0,x",14,Hiroshima citizens,,,32000,GAME19950701HCYG0014
1995,1995-07-01,Reg Season,Fukuoka Daiei Hawks,Away,W,9,Kintetsu Buffaloes,9,16,1,"0,1,1,0,0,2,0,5,0",15,Fujiidera,,,16000,GAME19950701KISH0015
1995,1995-07-01,Reg Season,Kintetsu Buffaloes,Home,L,3,Fukuoka Daiei Hawks,3,6,2,"2,0,0,0,0,1,0,0,0",15,Fujiidera,,,16000,GAME19950701KISH0015
1995,1995-07-01,Reg Season,Chiba Lotte Marines,Away,L,2,Nippon-Ham Fighters,2,3,0,"0,0,0,1,0,0,0,0,1",15,Tokyo Dome,,,20000,GAME19950701NFLM0015
1995,1995-07-01,Reg Season,Nippon-Ham Fighters,Home,W,14,Chiba Lotte Marines,14,16,0,"4,0,1,0,4,5,0,0,x",15,Tokyo Dome,,,20000,GAME19950701NFLM0015
1995,1995-07-01,Reg Season,Orix Bluewave,Away,W,6,Seibu Lions,6,10,1,"0,1,0,0,1,3,1,0,0",13,Belluna Dome,,,18000,GAME19950701SLOB0013
1995,1995-07-01,Reg Season,Seibu Lions,Home,L,2,Orix Bluewave,2,3,1,"0,0,0,0,0,0,2,0,0",13,Belluna Dome,,,18000,GAME19950701SLOB0013
1995,1995-07-01,Reg Season,Hanshin Tigers,Away,W,14,Yakult Swallows,14,17,0,"0,8,1,1,4,0,0,0,0",14,Meiji Jingu Stadium,,,42000,GAME19950701YSHT0014
1995,1995-07-01,Reg Season,Yakult Swallows,Home,L,6,Hanshin Tigers,6,10,1,"0,1,2,1,0,0,0,0,2",14,Meiji Jingu Stadium,,,42000,GAME19950701YSHT0014
1995,1995-07-02,Reg Season,Chunichi Dragons,Away,L,2,Yokohama BayStars,2,6,1,"0,0,0,0,0,0,0,2,0",13,Yokohama Stadium,,,23000,GAME19950702DBCD0013
1995,1995-07-02,Reg Season,Yokohama BayStars,Home,W,7,Chunichi Dragons,7,13,0,"0,0,0,4,0,3,0,0,x",13,Yokohama Stadium,,,23000,GAME19950702DBCD0013
1995,1995-07-02,Reg Season,Fukuoka Daiei Hawks,Away,W,5,Kintetsu Buffaloes,5,8,0,"1,0,1,0,3,0,0,0,0",16,Fujiidera,,,18000,GAME19950702KISH0016
1995,1995-07-02,Reg Season,Kintetsu Buffaloes,Home,L,2,Fukuoka Daiei Hawks,2,7,2,"0,1,0,0,0,1,0,0,0",16,Fujiidera,,,18000,GAME19950702KISH0016
1995,1995-07-02,Reg Season,Chiba Lotte Marines,Away,W,4,Nippon-Ham Fighters,4,7,0,"0,3,0,0,0,0,0,1,0",16,Tokyo Dome,,,17000,GAME19950702NFLM0016
1995,1995-07-02,Reg Season,Nippon-Ham Fighters,Home,L,1,Chiba Lotte Marines,1,5,1,"0,0,0,0,1,0,0,0,0",16,Tokyo Dome,,,17000,GAME19950702NFLM0016
1995,1995-07-02,Reg Season,Orix Bluewave,Away,W,6,Seibu Lions,6,10,1,"4,1,1,0,0,0,0,0,0",14,Belluna Dome,,,32000,GAME19950702SLOB0014
1995,1995-07-02,Reg Season,Seibu Lions,Home,L,2,Orix Bluewave,2,9,1,"0,0,1,0,0,0,1,0,0",14,Belluna Dome,,,32000,GAME19950702SLOB0014
1995,1995-07-02,Reg Season,Hanshin Tigers,Away,W,6,Yakult Swallows,6,13,1,"0,1,2,0,0,0,2,1,0",15,Meiji Jingu Stadium,,,36000,GAME19950702YSHT0015
1995,1995-07-02,Reg Season,Yakult Swallows,Home,L,2,Hanshin Tigers,2,4,0,"1,1,0,0,0,0,0,0,0",15,Meiji Jingu Stadium,,,36000,GAME19950702YSHT0015
1995,1995-07-04,Reg Season,Yomiuri Giants,Away,W,6,Chunichi Dragons,6,8,1,"0,0,4,0,0,0,2,0,0",14,Nagoya,,,35000,GAME19950704CDYG0014
1995,1995-07-04,Reg Season,Chunichi Dragons,Home,L,3,Yomiuri Giants,3,7,1,"0,0,0,0,0,0,2,0,1",14,Nagoya,,,35000,GAME19950704CDYG0014
1995,1995-07-04,Reg Season,Seibu Lions,Away,L,0,Nippon-Ham Fighters,0,1,0,"0,0,0,0,0,0,0,0,0",13,Tokyo Dome,,,17000,GAME19950704NFSL0013
1995,1995-07-04,Reg Season,Nippon-Ham Fighters,Home,W,4,Seibu Lions,4,8,0,"0,0,0,0,0,2,2,0,x",13,Tokyo Dome,,,17000,GAME19950704NFSL0013
1995,1995-07-04,Reg Season,Orix Bluewave,Away,L,2,Fukuoka Daiei Hawks,2,9,1,"0,0,1,1,0,0,0,0,0",14,Mizuho PayPay Dome Fukuoka,,,35000,GAME19950704SHOB0014
1995,1995-07-04,Reg Season,Fukuoka Daiei Hawks,Home,W,4,Orix Bluewave,4,8,0,"4,0,0,0,0,0,0,0,x",14,Mizuho PayPay Dome Fukuoka,,,35000,GAME19950704SHOB0014
1995,1995-07-05,Reg Season,Seibu Lions,Away,L,0,Nippon-Ham Fighters,0,0,0,"0,0,0,0,0,0,0,0,0",14,Tokyo Dome,,,20000,GAME19950705NFSL0014
1995,1995-07-05,Reg Season,Nippon-Ham Fighters,Home,W,1,Seibu Lions,1,3,0,"0,0,0,1,0,0,0,0,x",14,Tokyo Dome,,,20000,GAME19950705NFSL0014
1995,1995-07-05,Reg Season,Orix Bluewave,Away,W,3,Fukuoka Daiei Hawks,3,5,1,"0,0,0,0,1,0,0,2,0",15,Mizuho PayPay Dome Fukuoka,,,40000,GAME19950705SHOB0015
1995,1995-07-05,Reg Season,Fukuoka Daiei Hawks,Home,L,2,Orix Bluewave,2,7,1,"0,0,0,0,0,1,0,0,1",15,Mizuho PayPay Dome Fukuoka,,,40000,GAME19950705SHOB0015
1995,1995-07-06,Reg Season,Yomiuri Giants,Away,L,2,Chunichi Dragons,2,9,0,"0,1,0,0,0,1,0,0,0,0",15,Nagoya,,,35000,GAME19950706CDYG0015
1995,1995-07-06,Reg Season,Chunichi Dragons,Home,W,5,Yomiuri Giants,5,11,0,"0,1,1,0,0,0,0,0,0,3X",15,Nagoya,,,35000,GAME19950706CDYG0015
1995,1995-07-06,Reg Season,Kintetsu Buffaloes,Away,L,1,Chiba Lotte Marines,1,2,1,"0,0,0,1,0,0,0,0,0",14,ZOZO Marine Stadium,,,6000,GAME19950706LMKI0014
1995,1995-07-06,Reg Season,Chiba Lotte Marines,Home,W,3,Kintetsu Buffaloes,3,7,1,"1,0,0,0,0,1,0,1,x",14,ZOZO Marine Stadium,,,6000,GAME19950706LMKI0014
1995,1995-07-06,Reg Season,Orix Bluewave,Away,W,5,Fukuoka Daiei Hawks,5,12,0,"0,0,0,1,0,0,1,3,0",16,Mizuho PayPay Dome Fukuoka,,,35000,GAME19950706SHOB0016
1995,1995-07-06,Reg Season,Fukuoka Daiei Hawks,Home,L,2,Orix Bluewave,2,5,0,"0,1,0,0,1,0,0,0,0",16,Mizuho PayPay Dome Fukuoka,,,35000,GAME19950706SHOB0016
1995,1995-07-06,Reg Season,Hiroshima Toyo Carp,Away,L,2,Yakult Swallows,2,6,1,"0,0,0,0,0,0,2,0,0",15,Meiji Jingu Stadium,,,22000,GAME19950706YSHC0015
1995,1995-07-06,Reg Season,Yakult Swallows,Home,W,4,Hiroshima Toyo Carp,4,8,1,"0,1,0,1,1,1,0,0,x",15,Meiji Jingu Stadium,,,22000,GAME19950706YSHC0015
1995,1995-07-07,Reg Season,Chunichi Dragons,Away,L,1,Hiroshima Toyo Carp,1,6,0,"0,1,0,0,0,0,0,0,0",11,Hiroshima citizens,,,10000,GAME19950707HCCD0011
1995,1995-07-07,Reg Season,Hiroshima Toyo Carp,Home,W,7,Chunichi Dragons,7,10,0,"0,1,1,0,0,2,3,0,x",11,Hiroshima citizens,,,10000,GAME19950707HCCD0011
1995,1995-07-07,Reg Season,Seibu Lions,Away,W,5,Kintetsu Buffaloes,5,14,0,"0,0,0,1,2,0,1,1,0",13,Fujiidera,,,8000,GAME19950707KISL0013
1995,1995-07-07,Reg Season,Kintetsu Buffaloes,Home,L,4,Seibu Lions,4,7,1,"0,1,0,0,0,0,0,0,3",13,Fujiidera,,,8000,GAME19950707KISL0013
1995,1995-07-07,Reg Season,Fukuoka Daiei Hawks,Away,L,1,Chiba Lotte Marines,1,6,1,"0,0,1,0,0,0,0,0,0",14,ZOZO Marine Stadium,,,18000,GAME19950707LMSH0014
1995,1995-07-07,Reg Season,Chiba Lotte Marines,Home,W,6,Fukuoka Daiei Hawks,6,11,1,"0,0,2,0,2,0,0,2,x",14,ZOZO Marine Stadium,,,18000,GAME19950707LMSH0014
1995,1995-07-07,Reg Season,Hanshin Tigers,Away,L,2,Yomiuri Giants,2,7,0,"0,0,0,0,0,0,2,0,0",12,Tokyo Dome,,,55000,GAME19950707YGHT0012
1995,1995-07-07,Reg Season,Yomiuri Giants,Home,W,5,Hanshin Tigers,5,11,0,"0,0,0,0,0,2,1,2,x",12,Tokyo Dome,,,55000,GAME19950707YGHT0012
1995,1995-07-08,Reg Season,Yakult Swallows,Away,L,3,Yokohama BayStars,3,9,1,"0,0,0,3,0,0,0,0,0,0,0,0",14,Iwate Prefectural Baseball Field,,,25000,GAME19950708DBYS0014
1995,1995-07-08,Reg Season,Yokohama BayStars,Home,W,4,Yakult Swallows,4,11,2,"0,0,3,0,0,0,0,0,0,0,0,1x",14,Iwate Prefectural Baseball Field,,,25000,GAME19950708DBYS0014
1995,1995-07-08,Reg Season,Chunichi Dragons,Away,L,3,Hiroshima Toyo Carp,3,8,0,"0,1,0,1,0,1,0,0,0",12,Hiroshima citizens,,,23000,GAME19950708HCCD0012
1995,1995-07-08,Reg Season,Hiroshima Toyo Carp,Home,W,5,Chunichi Dragons,5,8,0,"1,2,0,0,0,0,2,0,x",12,Hiroshima citizens,,,23000,GAME19950708HCCD0012
1995,1995-07-08,Reg Season,Seibu Lions,Away,L,1,Kintetsu Buffaloes,1,5,0,"0,0,0,0,0,0,0,0,1",14,Fujiidera,,,19000,GAME19950708KISL0014
1995,1995-07-08,Reg Season,Kintetsu Buffaloes,Home,W,3,Seibu Lions,3,9,0,"1,0,0,0,1,1,0,0,x",14,Fujiidera,,,19000,GAME19950708KISL0014
1995,1995-07-08,Reg Season,Nippon-Ham Fighters,Away,L,2,Orix Bluewave,2,2,0,"0,0,1,0,0,0,1,0,0",14,Chiyogadai Baseball Stadium,,,18000,GAME19950708OBNF0014
1995,1995-07-08,Reg Season,Orix Bluewave,Home,W,4,Nippon-Ham Fighters,4,9,0,"2,0,0,1,0,1,0,0,x",14,Chiyogadai Baseball Stadium,,,18000,GAME19950708OBNF0014
1995,1995-07-08,Reg Season,Hanshin Tigers,Away,L,1,Yomiuri Giants,1,5,0,"0,0,0,0,0,0,1,0,0",13,Tokyo Dome,,,55000,GAME19950708YGHT0013
1995,1995-07-08,Reg Season,Yomiuri Giants,Home,W,2,Hanshin Tigers,2,7,3,"0,0,0,0,1,1,0,0,x",13,Tokyo Dome,,,55000,GAME19950708YGHT0013
1995,1995-07-09,Reg Season,Yakult Swallows,Away,L,4,Yokohama BayStars,4,7,0,"0,3,1,0,0,0,0,0,0",15,Rakuten Seimei Park Miyagi,,,28000,GAME19950709DBYS0015
1995,1995-07-09,Reg Season,Yokohama BayStars,Home,W,10,Yakult Swallows,10,12,1,"5,3,0,0,0,0,2,0,x",15,Rakuten Seimei Park Miyagi,,,28000,GAME19950709DBYS0015
1995,1995-07-09,Reg Season,Chunichi Dragons,Away,L,2,Hiroshima Toyo Carp,2,10,0,"0,0,0,1,0,0,1,0,0",13,Fukuyama citizen (former),,,15000,GAME19950709HCCD0013
1995,1995-07-09,Reg Season,Hiroshima Toyo Carp,Home,W,3,Chunichi Dragons,3,9,0,"0,0,0,2,0,0,0,0,1x",13,Fukuyama citizen (former),,,15000,GAME19950709HCCD0013
1995,1995-07-09,Reg Season,Seibu Lions,Away,L,1,Kintetsu Buffaloes,1,3,0,"0,0,0,1,0,0,0,0,0",15,Fujiidera,,,20000,GAME19950709KISL0015
1995,1995-07-09,Reg Season,Kintetsu Buffaloes,Home,W,2,Seibu Lions,2,8,0,"0,0,0,0,1,1,0,0,x",15,Fujiidera,,,20000,GAME19950709KISL0015
1995,1995-07-09,Reg Season,Fukuoka Daiei Hawks,Away,L,4,Chiba Lotte Marines,4,11,0,"0,1,0,0,0,1,1,1,0",15,ZOZO Marine Stadium,,,25000,GAME19950709LMSH0015
1995,1995-07-09,Reg Season,Chiba Lotte Marines,Home,W,13,Fukuoka Daiei Hawks,13,16,0,"5,1,0,3,0,4,0,0,x",15,ZOZO Marine Stadium,,,25000,GAME19950709LMSH0015
1995,1995-07-09,Reg Season,Nippon-Ham Fighters,Away,L,3,Orix Bluewave,3,7,0,"0,0,2,0,0,0,0,1,0",15,Chiyogadai Baseball Stadium,,,20000,GAME19950709OBNF0015
1995,1995-07-09,Reg Season,Orix Bluewave,Home,W,5,Nippon-Ham Fighters,5,11,0,"0,0,0,3,0,2,0,0,x",15,Chiyogadai Baseball Stadium,,,20000,GAME19950709OBNF0015
1995,1995-07-09,Reg Season,Hanshin Tigers,Away,L,0,Yomiuri Giants,0,5,0,"0,0,0,0,0,0,0,0,0",14,Tokyo Dome,,,55000,GAME19950709YGHT0014
1995,1995-07-09,Reg Season,Yomiuri Giants,Home,W,1,Hanshin Tigers,1,10,1,"0,0,1,0,0,0,0,0,x",14,Tokyo Dome,,,55000,GAME19950709YGHT0014
1995,1995-07-11,Reg Season,Yokohama BayStars,Away,L,2,Chunichi Dragons,2,5,2,"0,0,0,2,0,0,0,0,0",14,Nagoya,,,26000,GAME19950711CDDB0014
1995,1995-07-11,Reg Season,Chunichi Dragons,Home,W,6,Yokohama BayStars,6,10,0,"0,0,0,1,4,0,1,0,x",14,Nagoya,,,26000,GAME19950711CDDB0014
1995,1995-07-11,Reg Season,Hanshin Tigers,Away,L,1,Hiroshima Toyo Carp,1,6,0,"0,1,0,0,0,0,0,0,0",14,Kure Nikoh Baseball Stadium,,,15000,GAME19950711HCHT0014
1995,1995-07-11,Reg Season,Hiroshima Toyo Carp,Home,W,3,Hanshin Tigers,3,8,0,"0,1,0,0,0,2,0,0,x",14,Kure Nikoh Baseball Stadium,,,15000,GAME19950711HCHT0014
1995,1995-07-11,Reg Season,Kintetsu Buffaloes,Away,W,2,Nippon-Ham Fighters,2,4,0,"0,0,0,2,0,0,0,0,0",12,Tokyo Dome,,,12000,GAME19950711NFKI0012
1995,1995-07-11,Reg Season,Nippon-Ham Fighters,Home,L,1,Kintetsu Buffaloes,1,7,0,"0,0,0,0,0,0,1,0,0",12,Tokyo Dome,,,12000,GAME19950711NFKI0012
1995,1995-07-11,Reg Season,Chiba Lotte Marines,Away,W,2,Orix Bluewave,2,7,0,"2,0,0,0,0,0,0,0,0",11,Kobe Athletic Park Baseball Field,,,16000,GAME19950711OBLM0011
1995,1995-07-11,Reg Season,Orix Bluewave,Home,L,0,Chiba Lotte Marines,0,2,0,"0,0,0,0,0,0,0,0,0",11,Kobe Athletic Park Baseball Field,,,16000,GAME19950711OBLM0011
1995,1995-07-11,Reg Season,Seibu Lions,Away,W,5,Fukuoka Daiei Hawks,5,7,0,"0,0,1,3,0,0,0,0,1",11,Mizuho PayPay Dome Fukuoka,,,46000,GAME19950711SHSL0011
1995,1995-07-11,Reg Season,Fukuoka Daiei Hawks,Home,L,2,Seibu Lions,2,4,0,"0,0,0,0,1,0,0,0,1",11,Mizuho PayPay Dome Fukuoka,,,46000,GAME19950711SHSL0011
1995,1995-07-11,Reg Season,Yakult Swallows,Away,L,0,Yomiuri Giants,0,4,2,"0,0,0,0,0,0,0,0,0",14,Maruyama Track and Field Stadium,,,28000,GAME19950711YGYS0014
1995,1995-07-11,Reg Season,Yomiuri Giants,Home,W,5,Yakult Swallows,5,11,0,"0,0,0,0,1,3,1,0,x",14,Maruyama Track and Field Stadium,,,28000,GAME19950711YGYS0014
1995,1995-07-12,Reg Season,Yokohama BayStars,Away,W,8,Chunichi Dragons,8,12,0,"1,0,5,0,1,0,0,0,1",15,Nagoya,,,26000,GAME19950712CDDB0015
1995,1995-07-12,Reg Season,Chunichi Dragons,Home,L,0,Yokohama BayStars,0,4,0,"0,0,0,0,0,0,0,0,0",15,Nagoya,,,26000,GAME19950712CDDB0015
1995,1995-07-12,Reg Season,Hanshin Tigers,Away,L,4,Hiroshima Toyo Carp,4,5,0,"0,0,0,2,1,0,0,1,0",15,Hiroshima citizens,,,18000,GAME19950712HCHT0015
1995,1995-07-12,Reg Season,Hiroshima Toyo Carp,Home,W,7,Hanshin Tigers,7,10,1,"0,5,1,0,1,0,0,0,x",15,Hiroshima citizens,,,18000,GAME19950712HCHT0015
1995,1995-07-12,Reg Season,Kintetsu Buffaloes,Away,L,3,Nippon-Ham Fighters,3,7,2,"0,0,0,0,0,1,0,0,2",13,Tokyo Dome,,,12000,GAME19950712NFKI0013
1995,1995-07-12,Reg Season,Nippon-Ham Fighters,Home,W,7,Kintetsu Buffaloes,7,8,0,"0,0,0,3,0,3,1,0,x",13,Tokyo Dome,,,12000,GAME19950712NFKI0013
1995,1995-07-12,Reg Season,Chiba Lotte Marines,Away,W,4,Orix Bluewave,4,9,0,"0,0,2,0,0,0,1,0,1",12,Kobe Athletic Park Baseball Field,,,17000,GAME19950712OBLM0012
1995,1995-07-12,Reg Season,Orix Bluewave,Home,L,1,Chiba Lotte Marines,1,5,2,"1,0,0,0,0,0,0,0,0",12,Kobe Athletic Park Baseball Field,,,17000,GAME19950712OBLM0012
1995,1995-07-12,Reg Season,Seibu Lions,Away,L,2,Fukuoka Daiei Hawks,2,7,0,"2,0,0,0,0,0,0,0,0",12,Mizuho PayPay Dome Fukuoka,,,46000,GAME19950712SHSL0012
1995,1995-07-12,Reg Season,Fukuoka Daiei Hawks,Home,W,6,Seibu Lions,6,13,0,"0,0,0,3,2,0,0,1,x",12,Mizuho PayPay Dome Fukuoka,,,46000,GAME19950712SHSL0012
1995,1995-07-12,Reg Season,Yakult Swallows,Away,W,9,Yomiuri Giants,9,16,0,"0,0,4,0,2,0,1,2,0",15,Maruyama Track and Field Stadium,,,28000,GAME19950712YGYS0015
1995,1995-07-12,Reg Season,Yomiuri Giants,Home,L,7,Yakult Swallows,7,12,2,"0,0,0,0,2,0,5,0,0",15,Maruyama Track and Field Stadium,,,28000,GAME19950712YGYS0015
1995,1995-07-13,Reg Season,Hanshin Tigers,Away,W,9,Hiroshima Toyo Carp,9,12,2,"0,0,0,0,1,0,6,0,2",16,Hiroshima citizens,,,17000,GAME19950713HCHT0016
1995,1995-07-13,Reg Season,Hiroshima Toyo Carp,Home,L,5,Hanshin Tigers,5,11,2,"0,1,0,0,3,1,0,0,0",16,Hiroshima citizens,,,17000,GAME19950713HCHT0016
1995,1995-07-13,Reg Season,Kintetsu Buffaloes,Away,L,4,Nippon-Ham Fighters,4,12,0,"0,0,1,0,0,0,1,2,0",14,Tokyo Dome,,,8000,GAME19950713NFKI0014
1995,1995-07-13,Reg Season,Nippon-Ham Fighters,Home,W,5,Kintetsu Buffaloes,5,12,0,"0,0,0,2,0,0,1,1,1x",14,Tokyo Dome,,,8000,GAME19950713NFKI0014
1995,1995-07-13,Reg Season,Chiba Lotte Marines,Away,L,1,Orix Bluewave,1,5,0,"0,0,0,0,0,0,1,0,0,0,0,0",13,Kobe Athletic Park Baseball Field,,,17000,GAME19950713OBLM0013
1995,1995-07-13,Reg Season,Orix Bluewave,Home,W,2,Chiba Lotte Marines,2,6,1,"0,0,0,0,0,1,0,0,0,0,0,1x",13,Kobe Athletic Park Baseball Field,,,17000,GAME19950713OBLM0013
1995,1995-07-13,Reg Season,Seibu Lions,Away,W,5,Fukuoka Daiei Hawks,5,6,0,"0,0,0,1,0,1,0,3,0",13,Mizuho PayPay Dome Fukuoka,,,42000,GAME19950713SHSL0013
1995,1995-07-13,Reg Season,Fukuoka Daiei Hawks,Home,L,0,Seibu Lions,0,4,2,"0,0,0,0,0,0,0,0,0",13,Mizuho PayPay Dome Fukuoka,,,42000,GAME19950713SHSL0013
1995,1995-07-14,Reg Season,Hiroshima Toyo Carp,Away,W,10,Chunichi Dragons,10,11,0,"1,0,0,3,2,3,0,0,1",14,Nagoya,,,31000,GAME19950714CDHC0014
1995,1995-07-14,Reg Season,Chunichi Dragons,Home,L,3,Hiroshima Toyo Carp,3,10,0,"0,0,0,0,1,0,1,1,0",14,Nagoya,,,31000,GAME19950714CDHC0014
1995,1995-07-14,Reg Season,Yomiuri Giants,Away,L,3,Yokohama BayStars,3,10,2,"0,1,0,2,0,0,0,0,0",15,Yokohama Stadium,,,30000,GAME19950714DBYG0015
1995,1995-07-14,Reg Season,Yokohama BayStars,Home,W,6,Yomiuri Giants,6,7,1,"0,4,0,0,0,0,2,0,x",15,Yokohama Stadium,,,30000,GAME19950714DBYG0015
1995,1995-07-14,Reg Season,Yakult Swallows,Away,W,2,Hanshin Tigers,2,7,0,"1,0,0,0,0,0,0,1,0",16,Hanshin Koshien Stadium,,,33000,GAME19950714HTYS0016
1995,1995-07-14,Reg Season,Hanshin Tigers,Home,L,0,Yakult Swallows,0,4,2,"0,0,0,0,0,0,0,0,0",16,Hanshin Koshien Stadium,,,33000,GAME19950714HTYS0016
1995,1995-07-14,Reg Season,Kintetsu Buffaloes,Away,L,5,Chiba Lotte Marines,5,8,0,"0,1,0,1,0,0,0,0,3,0",15,ZOZO Marine Stadium,,,12000,GAME19950714LMKI0015
1995,1995-07-14,Reg Season,Chiba Lotte Marines,Home,W,6,Kintetsu Buffaloes,6,8,0,"0,0,1,0,0,1,0,3,0,1x",15,ZOZO Marine Stadium,,,12000,GAME19950714LMKI0015
1995,1995-07-14,Reg Season,Seibu Lions,Away,L,1,Nippon-Ham Fighters,1,3,0,"0,0,0,0,0,0,0,1,0",15,Tokyo Dome,,,20000,GAME19950714NFSL0015
1995,1995-07-14,Reg Season,Nippon-Ham Fighters,Home,W,7,Seibu Lions,7,10,0,"3,0,0,1,1,0,2,0,x",15,Tokyo Dome,,,20000,GAME19950714NFSL0015
1995,1995-07-14,Reg Season,Orix Bluewave,Away,L,4,Fukuoka Daiei Hawks,4,9,1,"1,0,1,0,0,0,0,0,2",17,Mizuho PayPay Dome Fukuoka,,,48000,GAME19950714SHOB0017
1995,1995-07-14,Reg Season,Fukuoka Daiei Hawks,Home,W,5,Orix Bluewave,5,12,2,"1,0,0,1,0,0,0,3,x",17,Mizuho PayPay Dome Fukuoka,,,48000,GAME19950714SHOB0017
1995,1995-07-15,Reg Season,Hiroshima Toyo Carp,Away,L,2,Chunichi Dragons,2,6,0,"0,1,0,0,0,0,1,0,0",15,Nagoya,,,35000,GAME19950715CDHC0015
1995,1995-07-15,Reg Season,Chunichi Dragons,Home,W,4,Hiroshima Toyo Carp,4,10,1,"0,0,1,0,2,0,0,1,x",15,Nagoya,,,35000,GAME19950715CDHC0015
1995,1995-07-15,Reg Season,Yomiuri Giants,Away,L,2,Yokohama BayStars,2,8,0,"0,1,0,0,0,0,0,1,0,0,0",16,Yokohama Stadium,,,30000,GAME19950715DBYG0016
1995,1995-07-15,Reg Season,Yokohama BayStars,Home,W,3,Yomiuri Giants,3,7,0,"1,0,1,0,0,0,0,0,0,0,1x",16,Yokohama Stadium,,,30000,GAME19950715DBYG0016
1995,1995-07-15,Reg Season,Yakult Swallows,Away,W,3,Hanshin Tigers,3,9,0,"0,0,0,0,0,0,0,2,1",17,Hanshin Koshien Stadium,,,50000,GAME19950715HTYS0017
1995,1995-07-15,Reg Season,Hanshin Tigers,Home,L,0,Yakult Swallows,0,8,0,"0,0,0,0,0,0,0,0,0",17,Hanshin Koshien Stadium,,,50000,GAME19950715HTYS0017
1995,1995-07-15,Reg Season,Kintetsu Buffaloes,Away,L,2,Chiba Lotte Marines,2,7,0,"0,0,0,0,0,0,2,0,0",16,ZOZO Marine Stadium,,,16000,GAME19950715LMKI0016
1995,1995-07-15,Reg Season,Chiba Lotte Marines,Home,W,5,Kintetsu Buffaloes,5,11,1,"1,0,1,0,3,0,0,0,x",16,ZOZO Marine Stadium,,,16000,GAME19950715LMKI0016
1995,1995-07-15,Reg Season,Seibu Lions,Away,L,4,Nippon-Ham Fighters,4,7,1,"1,0,0,0,0,0,0,0,3",16,Tokyo Dome,,,33000,GAME19950715NFSL0016
1995,1995-07-15,Reg Season,Nippon-Ham Fighters,Home,W,5,Seibu Lions,5,8,0,"0,0,0,0,0,1,3,0,1x",16,Tokyo Dome,,,33000,GAME19950715NFSL0016
1995,1995-07-15,Reg Season,Orix Bluewave,Away,L,3,Fukuoka Daiei Hawks,3,8,1,"1,0,0,0,0,0,1,1,0",18,Mizuho PayPay Dome Fukuoka,,,48000,GAME19950715SHOB0018
1995,1995-07-15,Reg Season,Fukuoka Daiei Hawks,Home,W,4,Orix Bluewave,4,5,1,"1,0,0,2,0,0,1,0,x",18,Mizuho PayPay Dome Fukuoka,,,48000,GAME19950715SHOB0018
1995,1995-07-16,Reg Season,Hiroshima Toyo Carp,Away,W,2,Chunichi Dragons,2,6,0,"0,0,0,0,0,0,0,0,1,1",16,Hamamatsu Baseball Stadium,,,15000,GAME19950716CDHC0016
1995,1995-07-16,Reg Season,Chunichi Dragons,Home,L,1,Hiroshima Toyo Carp,1,3,1,"0,0,0,0,0,0,1,0,0,0",16,Hamamatsu Baseball Stadium,,,15000,GAME19950716CDHC0016
1995,1995-07-16,Reg Season,Yomiuri Giants,Away,L,7,Yokohama BayStars,7,12,0,"2,4,0,0,1,0,0,0,0",17,Yokohama Stadium,,,30000,GAME19950716DBYG0017
1995,1995-07-16,Reg Season,Yokohama BayStars,Home,W,8,Yomiuri Giants,8,11,0,"0,1,0,0,0,4,0,0,3x",17,Yokohama Stadium,,,30000,GAME19950716DBYG0017
1995,1995-07-16,Reg Season,Yakult Swallows,Away,W,2,Hanshin Tigers,2,6,0,"0,1,0,0,1,0,0,0,0",18,Hanshin Koshien Stadium,,,36000,GAME19950716HTYS0018
1995,1995-07-16,Reg Season,Hanshin Tigers,Home,L,1,Yakult Swallows,1,6,2,"0,0,0,0,1,0,0,0,0",18,Hanshin Koshien Stadium,,,36000,GAME19950716HTYS0018
1995,1995-07-16,Reg Season,Kintetsu Buffaloes,Away,L,3,Chiba Lotte Marines,3,6,1,"0,0,0,0,0,0,0,3,0",17,ZOZO Marine Stadium,,,22000,GAME19950716LMKI0017
1995,1995-07-16,Reg Season,Chiba Lotte Marines,Home,W,9,Kintetsu Buffaloes,9,9,0,"0,0,3,0,2,4,0,0,x",17,ZOZO Marine Stadium,,,22000,GAME19950716LMKI0017
1995,1995-07-16,Reg Season,Seibu Lions,Away,W,3,Nippon-Ham Fighters,3,12,0,"2,0,0,1,0,0,0,0,0",17,Tokyo Dome,,,30000,GAME19950716NFSL0017
1995,1995-07-16,Reg Season,Nippon-Ham Fighters,Home,L,2,Seibu Lions,2,5,0,"2,0,0,0,0,0,0,0,0",17,Tokyo Dome,,,30000,GAME19950716NFSL0017
1995,1995-07-16,Reg Season,Orix Bluewave,Away,W,4,Fukuoka Daiei Hawks,4,11,0,"0,0,0,2,0,1,1,0,0",19,Mizuho PayPay Dome Fukuoka,,,48000,GAME19950716SHOB0019
1995,1995-07-16,Reg Season,Fukuoka Daiei Hawks,Home,L,3,Orix Bluewave,3,10,1,"1,0,0,0,0,0,0,2,0",19,Mizuho PayPay Dome Fukuoka,,,48000,GAME19950716SHOB0019
1995,1995-07-18,Reg Season,Hiroshima Toyo Carp,Away,L,0,Yokohama BayStars,0,5,1,"0,0,0,0,0,0,0,0,0",11,Yokohama Stadium,,,18000,GAME19950718DBHC0011
1995,1995-07-18,Reg Season,Yokohama BayStars,Home,W,7,Hiroshima Toyo Carp,7,8,0,"5,0,0,0,0,0,0,2,x",11,Yokohama Stadium,,,18000,GAME19950718DBHC0011
1995,1995-07-18,Reg Season,Yomiuri Giants,Away,W,2,Hanshin Tigers,2,6,0,"0,0,0,0,2,0,0,0,0",15,Hanshin Koshien Stadium,,,50000,GAME19950718HTYG0015
1995,1995-07-18,Reg Season,Hanshin Tigers,Home,L,0,Yomiuri Giants,0,6,0,"0,0,0,0,0,0,0,0,0",15,Hanshin Koshien Stadium,,,50000,GAME19950718HTYG0015
1995,1995-07-18,Reg Season,Nippon-Ham Fighters,Away,L,2,Kintetsu Buffaloes,2,11,0,"0,0,1,0,0,1,0,0,0",15,Nagoya,,,5000,GAME19950718KINF0015
1995,1995-07-18,Reg Season,Kintetsu Buffaloes,Home,W,4,Nippon-Ham Fighters,4,9,0,"0,0,0,1,2,0,1,0,x",15,Nagoya,,,5000,GAME19950718KINF0015
1995,1995-07-18,Reg Season,Fukuoka Daiei Hawks,Away,W,5,Chiba Lotte Marines,5,5,0,"3,1,0,0,0,0,0,0,1",16,ZOZO Marine Stadium,,,15000,GAME19950718LMSH0016
1995,1995-07-18,Reg Season,Chiba Lotte Marines,Home,L,3,Fukuoka Daiei Hawks,3,7,1,"0,0,0,0,0,0,0,0,3",16,ZOZO Marine Stadium,,,15000,GAME19950718LMSH0016
1995,1995-07-18,Reg Season,Orix Bluewave,Away,W,7,Seibu Lions,7,10,0,"0,0,1,0,1,0,0,2,3",15,Belluna Dome,,,30000,GAME19950718SLOB0015
1995,1995-07-18,Reg Season,Seibu Lions,Home,L,3,Orix Bluewave,3,7,0,"0,1,0,0,0,0,0,0,2",15,Belluna Dome,,,30000,GAME19950718SLOB0015
1995,1995-07-18,Reg Season,Chunichi Dragons,Away,L,3,Yakult Swallows,3,9,1,"1,0,0,1,0,0,0,1,0",13,Meiji Jingu Stadium,,,24000,GAME19950718YSCD0013
1995,1995-07-18,Reg Season,Yakult Swallows,Home,W,7,Chunichi Dragons,7,13,1,"2,0,0,0,2,0,0,3,x",13,Meiji Jingu Stadium,,,24000,GAME19950718YSCD0013
1995,1995-07-19,Reg Season,Hiroshima Toyo Carp,Away,W,11,Yokohama BayStars,11,9,0,"3,0,0,0,2,0,0,3,3",12,Yokohama Stadium,,,23000,GAME19950719DBHC0012
1995,1995-07-19,Reg Season,Yokohama BayStars,Home,L,6,Hiroshima Toyo Carp,6,9,0,"2,0,2,0,0,0,1,1,0",12,Yokohama Stadium,,,23000,GAME19950719DBHC0012
1995,1995-07-19,Reg Season,Yomiuri Giants,Away,W,7,Hanshin Tigers,7,10,0,"0,0,2,0,1,0,0,1,3",16,Hanshin Koshien Stadium,,,50000,GAME19950719HTYG0016
1995,1995-07-19,Reg Season,Hanshin Tigers,Home,L,0,Yomiuri Giants,0,2,1,"0,0,0,0,0,0,0,0,0",16,Hanshin Koshien Stadium,,,50000,GAME19950719HTYG0016
1995,1995-07-19,Reg Season,Nippon-Ham Fighters,Away,T,2,Kintetsu Buffaloes,2,10,1,"0,0,0,0,0,0,2,0,0,0,0,0",16,Nagoya,,,5000,GAME19950719KINF0016
1995,1995-07-19,Reg Season,Kintetsu Buffaloes,Home,T,2,Nippon-Ham Fighters,2,7,0,"0,0,0,2,0,0,0,0,0,0,0,0",16,Nagoya,,,5000,GAME19950719KINF0016
1995,1995-07-19,Reg Season,Fukuoka Daiei Hawks,Away,L,1,Chiba Lotte Marines,1,4,0,"1,0,0,0,0,0,0,0,0",17,ZOZO Marine Stadium,,,20000,GAME19950719LMSH0017
1995,1995-07-19,Reg Season,Chiba Lotte Marines,Home,W,5,Fukuoka Daiei Hawks,5,11,0,"3,0,0,0,0,0,2,0,x",17,ZOZO Marine Stadium,,,20000,GAME19950719LMSH0017
1995,1995-07-19,Reg Season,Orix Bluewave,Away,W,3,Seibu Lions,3,5,1,"0,0,0,0,1,1,0,0,0,0,0,1",16,Belluna Dome,,,32000,GAME19950719SLOB0016
1995,1995-07-19,Reg Season,Seibu Lions,Home,L,2,Orix Bluewave,2,5,3,"0,0,0,2,0,0,0,0,0,0,0,0",16,Belluna Dome,,,32000,GAME19950719SLOB0016
1995,1995-07-19,Reg Season,Chunichi Dragons,Away,L,4,Yakult Swallows,4,9,0,"0,1,0,1,0,0,0,0,2",14,Meiji Jingu Stadium,,,26000,GAME19950719YSCD0014
1995,1995-07-19,Reg Season,Yakult Swallows,Home,W,5,Chunichi Dragons,5,10,0,"0,1,0,0,0,0,1,3,x",14,Meiji Jingu Stadium,,,26000,GAME19950719YSCD0014
1995,1995-07-20,Reg Season,Hiroshima Toyo Carp,Away,W,1,Yokohama BayStars,1,7,0,"0,1,0,0,0,0,0,0,0",13,Yokohama Stadium,,,28000,GAME19950720DBHC0013
1995,1995-07-20,Reg Season,Yokohama BayStars,Home,L,0,Hiroshima Toyo Carp,0,4,1,"0,0,0,0,0,0,0,0,0",13,Yokohama Stadium,,,28000,GAME19950720DBHC0013
1995,1995-07-20,Reg Season,Yomiuri Giants,Away,W,3,Hanshin Tigers,3,7,0,"1,0,0,0,0,0,0,1,1",17,Hanshin Koshien Stadium,,,48000,GAME19950720HTYG0017
1995,1995-07-20,Reg Season,Hanshin Tigers,Home,L,0,Yomiuri Giants,0,7,2,"0,0,0,0,0,0,0,0,0",17,Hanshin Koshien Stadium,,,48000,GAME19950720HTYG0017
1995,1995-07-20,Reg Season,Nippon-Ham Fighters,Away,W,3,Kintetsu Buffaloes,3,7,0,"1,0,1,0,0,0,1,0,0",17,Nagoya,,,5000,GAME19950720KINF0017
1995,1995-07-20,Reg Season,Kintetsu Buffaloes,Home,L,1,Nippon-Ham Fighters,1,7,0,"0,0,0,0,1,0,0,0,0",17,Nagoya,,,5000,GAME19950720KINF0017
1995,1995-07-20,Reg Season,Fukuoka Daiei Hawks,Away,L,6,Chiba Lotte Marines,6,11,1,"0,1,1,0,0,0,0,1,3",18,ZOZO Marine Stadium,,,18000,GAME19950720LMSH0018
1995,1995-07-20,Reg Season,Chiba Lotte Marines,Home,W,10,Fukuoka Daiei Hawks,10,13,0,"0,1,2,0,3,2,1,1,x",18,ZOZO Marine Stadium,,,18000,GAME19950720LMSH0018
1995,1995-07-20,Reg Season,Orix Bluewave,Away,W,7,Seibu Lions,7,12,2,"4,1,0,0,1,0,0,0,1",17,Belluna Dome,,,32000,GAME19950720SLOB0017
1995,1995-07-20,Reg Season,Seibu Lions,Home,L,3,Orix Bluewave,3,7,1,"1,0,1,0,0,0,0,1,0",17,Belluna Dome,,,32000,GAME19950720SLOB0017
1995,1995-07-20,Reg Season,Chunichi Dragons,Away,W,4,Yakult Swallows,4,10,0,"0,0,0,0,0,1,3,0,0",15,Meiji Jingu Stadium,,,24000,GAME19950720YSCD0015
1995,1995-07-20,Reg Season,Yakult Swallows,Home,L,1,Chunichi Dragons,1,5,1,"0,0,0,1,0,0,0,0,0",15,Meiji Jingu Stadium,,,24000,GAME19950720YSCD0015
1995,1995-07-21,Reg Season,Hiroshima Toyo Carp,Away,W,5,Hanshin Tigers,5,9,0,"1,1,1,0,0,0,1,0,1",17,Hanshin Koshien Stadium,,,26000,GAME19950721HTHC0017
1995,1995-07-21,Reg Season,Hanshin Tigers,Home,L,4,Hiroshima Toyo Carp,4,5,0,"0,0,4,0,0,0,0,0,0",17,Hanshin Koshien Stadium,,,26000,GAME19950721HTHC0017
1995,1995-07-21,Reg Season,Yokohama BayStars,Away,L,4,Yakult Swallows,4,11,1,"2,0,2,0,0,0,0,0,0",16,Meiji Jingu Stadium,,,28000,GAME19950721YSDB0016
1995,1995-07-21,Reg Season,Yakult Swallows,Home,W,5,Yokohama BayStars,5,10,0,"0,3,0,0,0,0,1,0,1x",16,Meiji Jingu Stadium,,,28000,GAME19950721YSDB0016
1995,1995-07-22,Reg Season,Yomiuri Giants,Away,W,9,Chunichi Dragons,9,12,1,"2,0,3,0,0,3,0,0,1",16,Nagoya,,,35000,GAME19950722CDYG0016
1995,1995-07-22,Reg Season,Chunichi Dragons,Home,L,1,Yomiuri Giants,1,4,1,"0,0,0,0,0,0,0,0,1",16,Nagoya,,,35000,GAME19950722CDYG0016
1995,1995-07-22,Reg Season,Nippon-Ham Fighters,Away,W,8,Fukuoka Daiei Hawks,8,12,0,"0,0,1,0,1,0,3,0,3",18,Mizuho PayPay Dome Fukuoka,,,48000,GAME19950722SHNF0018
1995,1995-07-22,Reg Season,Fukuoka Daiei Hawks,Home,L,2,Nippon-Ham Fighters,2,7,1,"0,0,0,1,1,0,0,0,0",18,Mizuho PayPay Dome Fukuoka,,,48000,GAME19950722SHNF0018
1995,1995-07-22,Reg Season,Chiba Lotte Marines,Away,L,3,Seibu Lions,3,8,0,"0,2,0,0,0,0,1,0,0",16,Belluna Dome,,,30000,GAME19950722SLLM0016
1995,1995-07-22,Reg Season,Seibu Lions,Home,W,4,Chiba Lotte Marines,4,7,2,"0,3,0,0,0,0,0,1,x",16,Belluna Dome,,,30000,GAME19950722SLLM0016
1995,1995-07-22,Reg Season,Yokohama BayStars,Away,L,5,Yakult Swallows,5,8,0,"0,2,0,0,2,0,0,0,1",17,Meiji Jingu Stadium,,,38000,GAME19950722YSDB0017
1995,1995-07-22,Reg Season,Yakult Swallows,Home,W,11,Yokohama BayStars,11,12,2,"0,0,2,0,0,3,0,6,x",17,Meiji Jingu Stadium,,,38000,GAME19950722YSDB0017
1995,1995-07-23,Reg Season,Yomiuri Giants,Away,W,7,Chunichi Dragons,7,12,0,"0,3,0,0,0,4,0,0,0",17,Nagoya,,,35000,GAME19950723CDYG0017
1995,1995-07-23,Reg Season,Chunichi Dragons,Home,L,4,Yomiuri Giants,4,9,0,"0,0,0,4,0,0,0,0,0",17,Nagoya,,,35000,GAME19950723CDYG0017
1995,1995-07-23,Reg Season,Hiroshima Toyo Carp,Away,W,8,Hanshin Tigers,8,12,0,"2,0,1,0,0,2,0,0,3",18,Hanshin Koshien Stadium,,,36000,GAME19950723HTHC0018
1995,1995-07-23,Reg Season,Hanshin Tigers,Home,L,0,Hiroshima Toyo Carp,0,5,0,"0,0,0,0,0,0,0,0,0",18,Hanshin Koshien Stadium,,,36000,GAME19950723HTHC0018
1995,1995-07-23,Reg Season,Kintetsu Buffaloes,Away,W,9,Orix Bluewave,9,11,0,"5,4,0,0,0,0,0,0,0",14,Kobe Athletic Park Baseball Field,,,34000,GAME19950723OBKI0014
1995,1995-07-23,Reg Season,Orix Bluewave,Home,L,1,Kintetsu Buffaloes,1,6,2,"0,0,0,0,0,1,0,0,0",14,Kobe Athletic Park Baseball Field,,,34000,GAME19950723OBKI0014
1995,1995-07-23,Reg Season,Nippon-Ham Fighters,Away,W,3,Fukuoka Daiei Hawks,3,8,0,"0,1,0,0,1,0,0,1,0",19,Mizuho PayPay Dome Fukuoka,,,40000,GAME19950723SHNF0019
1995,1995-07-23,Reg Season,Fukuoka Daiei Hawks,Home,L,1,Nippon-Ham Fighters,1,4,0,"0,1,0,0,0,0,0,0,0",19,Mizuho PayPay Dome Fukuoka,,,40000,GAME19950723SHNF0019
1995,1995-07-23,Reg Season,Chiba Lotte Marines,Away,L,2,Seibu Lions,2,5,0,"0,0,2,0,0,0,0,0,0",17,Belluna Dome,,,28000,GAME19950723SLLM0017
1995,1995-07-23,Reg Season,Seibu Lions,Home,W,3,Chiba Lotte Marines,3,9,1,"0,0,0,0,3,0,0,0,x",17,Belluna Dome,,,28000,GAME19950723SLLM0017
1995,1995-07-23,Reg Season,Yokohama BayStars,Away,L,4,Yakult Swallows,4,9,0,"1,1,1,0,0,0,1,0,0",18,Meiji Jingu Stadium,,,30000,GAME19950723YSDB0018
1995,1995-07-23,Reg Season,Yakult Swallows,Home,W,6,Yokohama BayStars,6,13,0,"0,0,0,0,1,1,3,1,x",18,Meiji Jingu Stadium,,,30000,GAME19950723YSDB0018
1995,1995-07-29,Reg Season,Chunichi Dragons,Away,L,3,Hiroshima Toyo Carp,3,12,0,"0,0,0,0,0,3,0,0,0,0,0,0,0",17,Hiroshima citizens,,,22000,GAME19950729HCCD0017
1995,1995-07-29,Reg Season,Hiroshima Toyo Carp,Home,W,5,Chunichi Dragons,5,8,0,"0,0,1,0,0,0,1,1,0,0,0,0,2x",17,Hiroshima citizens,,,22000,GAME19950729HCCD0017
1995,1995-07-29,Reg Season,Yokohama BayStars,Away,W,6,Hanshin Tigers,6,6,0,"3,1,0,0,0,0,0,2,0",12,Hanshin Koshien Stadium,,,41000,GAME19950729HTDB0012
1995,1995-07-29,Reg Season,Hanshin Tigers,Home,L,4,Yokohama BayStars,4,8,0,"0,0,0,0,0,0,2,1,1",12,Hanshin Koshien Stadium,,,41000,GAME19950729HTDB0012
1995,1995-07-29,Reg Season,Chiba Lotte Marines,Away,T,1,Kintetsu Buffaloes,1,8,1,"0,0,0,0,0,0,0,1,0,0,0,0",18,Fujiidera,,,15000,GAME19950729KILM0018
1995,1995-07-29,Reg Season,Kintetsu Buffaloes,Home,T,1,Chiba Lotte Marines,1,8,0,"0,0,0,0,0,0,0,0,1,0,0,0",18,Fujiidera,,,15000,GAME19950729KILM0018
1995,1995-07-29,Reg Season,Nippon-Ham Fighters,Away,L,2,Orix Bluewave,2,3,2,"0,0,0,0,0,0,0,0,2",16,Kobe Athletic Park Baseball Field,,,30000,GAME19950729OBNF0016
1995,1995-07-29,Reg Season,Orix Bluewave,Home,W,9,Nippon-Ham Fighters,9,12,1,"0,5,2,0,0,0,0,2,x",16,Kobe Athletic Park Baseball Field,,,30000,GAME19950729OBNF0016
1995,1995-07-29,Reg Season,Fukuoka Daiei Hawks,Away,L,5,Seibu Lions,5,12,1,"0,0,0,4,1,0,0,0,0",14,Belluna Dome,,,38000,GAME19950729SLSH0014
1995,1995-07-29,Reg Season,Seibu Lions,Home,W,9,Fukuoka Daiei Hawks,9,11,0,"2,2,5,0,0,0,0,0,x",14,Belluna Dome,,,38000,GAME19950729SLSH0014
1995,1995-07-29,Reg Season,Yomiuri Giants,Away,L,2,Yakult Swallows,2,6,1,"1,0,0,0,0,0,1,0,0",16,Meiji Jingu Stadium,,,48000,GAME19950729YSYG0016
1995,1995-07-29,Reg Season,Yakult Swallows,Home,W,6,Yomiuri Giants,6,7,0,"1,3,0,0,0,2,0,0,x",16,Meiji Jingu Stadium,,,48000,GAME19950729YSYG0016
1995,1995-07-30,Reg Season,Chunichi Dragons,Away,W,10,Hiroshima Toyo Carp,10,20,1,"0,0,0,0,0,0,7,0,2,0,0,1",18,Hiroshima citizens,,,18000,GAME19950730HCCD0018
1995,1995-07-30,Reg Season,Hiroshima Toyo Carp,Home,L,9,Chunichi Dragons,9,16,0,"1,5,0,2,1,0,0,0,0,0,0,0",18,Hiroshima citizens,,,18000,GAME19950730HCCD0018
1995,1995-07-30,Reg Season,Yokohama BayStars,Away,L,3,Hanshin Tigers,3,6,0,"0,0,0,0,0,3,0,0,0",13,Hanshin Koshien Stadium,,,34000,GAME19950730HTDB0013
1995,1995-07-30,Reg Season,Hanshin Tigers,Home,W,4,Yokohama BayStars,4,7,1,"0,0,3,0,0,0,0,1,x",13,Hanshin Koshien Stadium,,,34000,GAME19950730HTDB0013
1995,1995-07-30,Reg Season,Chiba Lotte Marines,Away,W,5,Kintetsu Buffaloes,5,12,1,"0,0,0,0,0,0,3,0,2",19,Fujiidera,,,14000,GAME19950730KILM0019
1995,1995-07-30,Reg Season,Kintetsu Buffaloes,Home,L,2,Chiba Lotte Marines,2,7,0,"0,2,0,0,0,0,0,0,0",19,Fujiidera,,,14000,GAME19950730KILM0019
1995,1995-07-30,Reg Season,Nippon-Ham Fighters,Away,W,6,Orix Bluewave,6,12,1,"1,0,3,0,0,2,0,0,0",17,Kobe Athletic Park Baseball Field,,,35000,GAME19950730OBNF0017
1995,1995-07-30,Reg Season,Orix Bluewave,Home,L,5,Nippon-Ham Fighters,5,7,0,"1,0,0,0,0,2,0,2,0",17,Kobe Athletic Park Baseball Field,,,35000,GAME19950730OBNF0017
1995,1995-07-30,Reg Season,Fukuoka Daiei Hawks,Away,W,3,Seibu Lions,3,7,0,"0,0,2,0,0,0,0,0,0,1",15,Belluna Dome,,,31000,GAME19950730SLSH0015
1995,1995-07-30,Reg Season,Seibu Lions,Home,L,2,Fukuoka Daiei Hawks,2,11,0,"0,0,0,0,0,1,1,0,0,0",15,Belluna Dome,,,31000,GAME19950730SLSH0015
1995,1995-07-30,Reg Season,Yomiuri Giants,Away,W,8,Yakult Swallows,8,10,1,"0,1,0,1,0,5,0,0,1",17,Meiji Jingu Stadium,,,48000,GAME19950730YSYG0017
1995,1995-07-30,Reg Season,Yakult Swallows,Home,L,5,Yomiuri Giants,5,9,2,"3,1,0,0,0,0,0,0,1",17,Meiji Jingu Stadium,,,48000,GAME19950730YSYG0017
1995,1995-07-31,Reg Season,Chunichi Dragons,Away,L,1,Hiroshima Toyo Carp,1,4,0,"0,0,0,0,0,0,0,0,1",19,Hiroshima citizens,,,13000,GAME19950731HCCD0019
1995,1995-07-31,Reg Season,Hiroshima Toyo Carp,Home,W,4,Chunichi Dragons,4,9,1,"1,0,0,0,0,3,0,0,x",19,Hiroshima citizens,,,13000,GAME19950731HCCD0019
1995,1995-07-31,Reg Season,Yokohama BayStars,Away,W,11,Hanshin Tigers,11,16,1,"0,0,1,0,1,3,2,0,4",14,Hanshin Koshien Stadium,,,28000,GAME19950731HTDB0014
1995,1995-07-31,Reg Season,Hanshin Tigers,Home,L,3,Yokohama BayStars,3,8,1,"0,0,0,0,1,1,0,1,0",14,Hanshin Koshien Stadium,,,28000,GAME19950731HTDB0014
1995,1995-07-31,Reg Season,Chiba Lotte Marines,Away,W,4,Kintetsu Buffaloes,4,5,1,"0,0,0,1,0,1,0,2,0",20,Fujiidera,,,8000,GAME19950731KILM0020
1995,1995-07-31,Reg Season,Kintetsu Buffaloes,Home,L,2,Chiba Lotte Marines,2,9,1,"1,0,0,0,0,1,0,0,0",20,Fujiidera,,,8000,GAME19950731KILM0020
1995,1995-07-31,Reg Season,Nippon-Ham Fighters,Away,W,6,Orix Bluewave,6,9,0,"0,1,0,0,0,0,1,3,1",18,Kobe Athletic Park Baseball Field,,,22000,GAME19950731OBNF0018
1995,1995-07-31,Reg Season,Orix Bluewave,Home,L,1,Nippon-Ham Fighters,1,7,0,"0,1,0,0,0,0,0,0,0",18,Kobe Athletic Park Baseball Field,,,22000,GAME19950731OBNF0018
1995,1995-07-31,Reg Season,Fukuoka Daiei Hawks,Away,T,3,Seibu Lions,3,15,1,"0,0,1,0,0,0,0,1,1,0,0,0",16,Belluna Dome,,,26000,GAME19950731SLSH0016
1995,1995-07-31,Reg Season,Seibu Lions,Home,T,3,Fukuoka Daiei Hawks,3,15,1,"0,0,0,0,0,0,2,0,1,0,0,0",16,Belluna Dome,,,26000,GAME19950731SLSH0016
1995,1995-07-31,Reg Season,Yomiuri Giants,Away,L,0,Yakult Swallows,0,3,0,"0,0,0,0,0,0,0,0,0",18,Meiji Jingu Stadium,,,48000,GAME19950731YSYG0018
1995,1995-07-31,Reg Season,Yakult Swallows,Home,W,4,Yomiuri Giants,4,8,0,"0,0,2,0,0,0,0,2,x",18,Meiji Jingu Stadium,,,48000,GAME19950731YSYG0018
1995,1995-08-01,Reg Season,Yokohama BayStars,Away,L,4,Chunichi Dragons,4,8,1,"0,0,0,0,0,0,0,4,0",16,Nagoya,,,30000,GAME19950801CDDB0016
1995,1995-08-01,Reg Season,Chunichi Dragons,Home,W,7,Yokohama BayStars,7,13,1,"0,0,0,1,0,0,6,0,x",16,Nagoya,,,30000,GAME19950801CDDB0016
1995,1995-08-01,Reg Season,Yakult Swallows,Away,W,5,Hanshin Tigers,5,15,1,"0,1,0,2,0,0,0,1,1",19,Hanshin Koshien Stadium,,,30000,GAME19950801HTYS0019
1995,1995-08-01,Reg Season,Hanshin Tigers,Home,L,1,Yakult Swallows,1,5,1,"0,0,0,0,0,0,1,0,0",19,Hanshin Koshien Stadium,,,30000,GAME19950801HTYS0019
1995,1995-08-01,Reg Season,Orix Bluewave,Away,W,7,Chiba Lotte Marines,7,12,0,"1,0,0,3,1,0,0,0,2",14,ZOZO Marine Stadium,,,35000,GAME19950801LMOB0014
1995,1995-08-01,Reg Season,Chiba Lotte Marines,Home,L,2,Orix Bluewave,2,4,0,"0,0,0,1,0,1,0,0,0",14,ZOZO Marine Stadium,,,35000,GAME19950801LMOB0014
1995,1995-08-02,Reg Season,Yokohama BayStars,Away,L,4,Chunichi Dragons,4,4,0,"4,0,0,0,0,0,0,0,0",17,Nagoya,,,30000,GAME19950802CDDB0017
1995,1995-08-02,Reg Season,Chunichi Dragons,Home,W,5,Yokohama BayStars,5,8,2,"2,0,0,1,1,0,1,0,x",17,Nagoya,,,30000,GAME19950802CDDB0017
1995,1995-08-02,Reg Season,Yakult Swallows,Away,W,12,Hanshin Tigers,12,13,2,"3,3,0,0,0,2,1,0,3",20,Hanshin Koshien Stadium,,,34000,GAME19950802HTYS0020
1995,1995-08-02,Reg Season,Hanshin Tigers,Home,L,7,Yakult Swallows,7,9,1,"4,0,0,0,1,0,0,2,0",20,Hanshin Koshien Stadium,,,34000,GAME19950802HTYS0020
1995,1995-08-02,Reg Season,Seibu Lions,Away,W,5,Kintetsu Buffaloes,5,10,0,"0,0,0,0,0,3,0,0,2",16,Fujiidera,,,12000,GAME19950802KISL0016
1995,1995-08-02,Reg Season,Kintetsu Buffaloes,Home,L,0,Seibu Lions,0,6,0,"0,0,0,0,0,0,0,0,0",16,Fujiidera,,,12000,GAME19950802KISL0016
1995,1995-08-02,Reg Season,Orix Bluewave,Away,L,3,Chiba Lotte Marines,3,8,1,"0,0,2,0,0,1,0,0,0",15,ZOZO Marine Stadium,,,33000,GAME19950802LMOB0015
1995,1995-08-02,Reg Season,Chiba Lotte Marines,Home,W,4,Orix Bluewave,4,5,1,"0,0,0,0,0,4,0,0,x",15,ZOZO Marine Stadium,,,33000,GAME19950802LMOB0015
1995,1995-08-02,Reg Season,Fukuoka Daiei Hawks,Away,T,5,Nippon-Ham Fighters,5,12,0,"1,0,0,1,0,0,1,1,0,0,0,1",20,Kagawa prefectural management,,,18000,GAME19950802NFSH0020
1995,1995-08-02,Reg Season,Nippon-Ham Fighters,Home,T,5,Fukuoka Daiei Hawks,5,12,0,"1,1,0,0,0,1,0,0,1,0,0,1",20,Kagawa prefectural management,,,18000,GAME19950802NFSH0020
1995,1995-08-02,Reg Season,Hiroshima Toyo Carp,Away,W,3,Yomiuri Giants,3,7,0,"1,0,0,0,0,2,0,0,0",15,Tokyo Dome,,,55000,GAME19950802YGHC0015
1995,1995-08-02,Reg Season,Yomiuri Giants,Home,L,1,Hiroshima Toyo Carp,1,2,0,"0,0,0,1,0,0,0,0,0",15,Tokyo Dome,,,55000,GAME19950802YGHC0015
1995,1995-08-03,Reg Season,Yokohama BayStars,Away,W,4,Chunichi Dragons,4,10,0,"2,0,0,0,0,1,0,0,0,1",18,Nagoya,,,29000,GAME19950803CDDB0018
1995,1995-08-03,Reg Season,Chunichi Dragons,Home,L,3,Yokohama BayStars,3,9,0,"0,0,0,0,1,1,0,1,0,0",18,Nagoya,,,29000,GAME19950803CDDB0018
1995,1995-08-03,Reg Season,Yakult Swallows,Away,W,5,Hanshin Tigers,5,10,0,"3,0,0,0,0,1,0,0,1",21,Hanshin Koshien Stadium,,,34000,GAME19950803HTYS0021
1995,1995-08-03,Reg Season,Hanshin Tigers,Home,L,1,Yakult Swallows,1,3,2,"0,0,0,0,0,0,0,1,0",21,Hanshin Koshien Stadium,,,34000,GAME19950803HTYS0021
1995,1995-08-03,Reg Season,Seibu Lions,Away,W,8,Kintetsu Buffaloes,8,17,2,"0,0,0,5,0,0,0,0,2,0,1",17,Fujiidera,,,14000,GAME19950803KISL0017
1995,1995-08-03,Reg Season,Kintetsu Buffaloes,Home,L,7,Seibu Lions,7,9,1,"4,0,2,0,0,1,0,0,0,0,0",17,Fujiidera,,,14000,GAME19950803KISL0017
1995,1995-08-03,Reg Season,Orix Bluewave,Away,W,2,Chiba Lotte Marines,2,6,0,"1,0,0,0,0,0,1,0,0",16,ZOZO Marine Stadium,,,35000,GAME19950803LMOB0016
1995,1995-08-03,Reg Season,Chiba Lotte Marines,Home,L,0,Orix Bluewave,0,6,0,"0,0,0,0,0,0,0,0,0",16,ZOZO Marine Stadium,,,35000,GAME19950803LMOB0016
1995,1995-08-03,Reg Season,Fukuoka Daiei Hawks,Away,L,3,Nippon-Ham Fighters,3,11,0,"0,0,0,0,3,0,0,0,0",21,Kurashiki Sports Park Muscat Stadium,,,19000,GAME19950803NFSH0021
1995,1995-08-03,Reg Season,Nippon-Ham Fighters,Home,W,4,Fukuoka Daiei Hawks,4,6,1,"1,0,0,1,2,0,0,0,x",21,Kurashiki Sports Park Muscat Stadium,,,19000,GAME19950803NFSH0021
1995,1995-08-03,Reg Season,Hiroshima Toyo Carp,Away,W,6,Yomiuri Giants,6,8,1,"0,2,0,1,0,0,2,0,1",16,Tokyo Dome,,,55000,GAME19950803YGHC0016
1995,1995-08-03,Reg Season,Yomiuri Giants,Home,L,4,Hiroshima Toyo Carp,4,9,3,"0,0,0,0,3,0,1,0,0",16,Tokyo Dome,,,55000,GAME19950803YGHC0016
1995,1995-08-04,Reg Season,Hanshin Tigers,Away,L,2,Chunichi Dragons,2,3,2,"0,0,0,0,0,0,2,0,0",14,Nagoya,,,34000,GAME19950804CDHT0014
1995,1995-08-04,Reg Season,Chunichi Dragons,Home,W,3,Hanshin Tigers,3,4,2,"0,0,1,0,0,0,0,2,x",14,Nagoya,,,34000,GAME19950804CDHT0014
1995,1995-08-04,Reg Season,Yomiuri Giants,Away,W,7,Yokohama BayStars,7,14,0,"3,0,0,1,0,1,0,2,0",18,Yokohama Stadium,,,30000,GAME19950804DBYG0018
1995,1995-08-04,Reg Season,Yokohama BayStars,Home,L,1,Yomiuri Giants,1,8,1,"1,0,0,0,0,0,0,0,0",18,Yokohama Stadium,,,30000,GAME19950804DBYG0018
1995,1995-08-04,Reg Season,Seibu Lions,Away,L,1,Orix Bluewave,1,7,1,"0,0,1,0,0,0,0,0,0",18,Kobe Athletic Park Baseball Field,,,37000,GAME19950804OBSL0018
1995,1995-08-04,Reg Season,Orix Bluewave,Home,W,6,Seibu Lions,6,13,1,"2,2,0,0,0,1,1,0,x",18,Kobe Athletic Park Baseball Field,,,37000,GAME19950804OBSL0018
1995,1995-08-04,Reg Season,Kintetsu Buffaloes,Away,L,6,Fukuoka Daiei Hawks,6,11,1,"0,0,0,4,0,1,0,0,1",17,Mizuho PayPay Dome Fukuoka,,,48000,GAME19950804SHKI0017
1995,1995-08-04,Reg Season,Fukuoka Daiei Hawks,Home,W,9,Kintetsu Buffaloes,9,11,1,"0,0,2,0,1,1,5,0,x",17,Mizuho PayPay Dome Fukuoka,,,48000,GAME19950804SHKI0017
1995,1995-08-05,Reg Season,Hanshin Tigers,Away,W,5,Chunichi Dragons,5,9,0,"0,0,0,0,1,0,0,2,2",15,Nagoya,,,35000,GAME19950805CDHT0015
1995,1995-08-05,Reg Season,Chunichi Dragons,Home,L,0,Hanshin Tigers,0,3,0,"0,0,0,0,0,0,0,0,0",15,Nagoya,,,35000,GAME19950805CDHT0015
1995,1995-08-05,Reg Season,Yomiuri Giants,Away,W,3,Yokohama BayStars,3,12,1,"1,0,0,0,0,1,0,1,0",19,Yokohama Stadium,,,30000,GAME19950805DBYG0019
1995,1995-08-05,Reg Season,Yokohama BayStars,Home,L,1,Yomiuri Giants,1,4,3,"1,0,0,0,0,0,0,0,0",19,Yokohama Stadium,,,30000,GAME19950805DBYG0019
1995,1995-08-05,Reg Season,Chiba Lotte Marines,Away,L,4,Nippon-Ham Fighters,4,5,3,"0,2,0,1,1,0,0,0,0",17,Maruyama Track and Field Stadium,,,18000,GAME19950805NFLM0017
1995,1995-08-05,Reg Season,Nippon-Ham Fighters,Home,W,9,Chiba Lotte Marines,9,9,0,"0,1,0,0,5,0,3,0,x",17,Maruyama Track and Field Stadium,,,18000,GAME19950805NFLM0017
1995,1995-08-05,Reg Season,Seibu Lions,Away,L,2,Orix Bluewave,2,7,0,"0,0,0,0,0,2,0,0,0",19,Kobe Athletic Park Baseball Field,,,40000,GAME19950805OBSL0019
1995,1995-08-05,Reg Season,Orix Bluewave,Home,W,6,Seibu Lions,6,13,0,"1,0,2,1,1,0,0,1,x",19,Kobe Athletic Park Baseball Field,,,40000,GAME19950805OBSL0019
1995,1995-08-05,Reg Season,Kintetsu Buffaloes,Away,L,1,Fukuoka Daiei Hawks,1,5,0,"0,0,0,0,0,0,0,1,0",18,Mizuho PayPay Dome Fukuoka,,,48000,GAME19950805SHKI0018
1995,1995-08-05,Reg Season,Fukuoka Daiei Hawks,Home,W,4,Kintetsu Buffaloes,4,11,0,"0,0,0,0,0,0,2,2,x",18,Mizuho PayPay Dome Fukuoka,,,48000,GAME19950805SHKI0018
1995,1995-08-05,Reg Season,Hiroshima Toyo Carp,Away,W,12,Yakult Swallows,12,12,1,"0,0,3,1,1,4,3,0,0",16,Meiji Jingu Stadium,,,48000,GAME19950805YSHC0016
1995,1995-08-05,Reg Season,Yakult Swallows,Home,L,4,Hiroshima Toyo Carp,4,6,2,"0,0,0,3,0,0,0,0,1",16,Meiji Jingu Stadium,,,48000,GAME19950805YSHC0016
1995,1995-08-06,Reg Season,Hanshin Tigers,Away,W,10,Chunichi Dragons,10,13,1,"3,3,1,1,0,1,0,0,1",16,Nagoya,,,34000,GAME19950806CDHT0016
1995,1995-08-06,Reg Season,Chunichi Dragons,Home,L,1,Hanshin Tigers,1,7,3,"0,0,0,0,0,0,1,0,0",16,Nagoya,,,34000,GAME19950806CDHT0016
1995,1995-08-06,Reg Season,Yomiuri Giants,Away,W,3,Yokohama BayStars,3,12,0,"0,1,0,1,1,0,0,0,0",20,Yokohama Stadium,,,30000,GAME19950806DBYG0020
1995,1995-08-06,Reg Season,Yokohama BayStars,Home,L,2,Yomiuri Giants,2,5,0,"2,0,0,0,0,0,0,0,0",20,Yokohama Stadium,,,30000,GAME19950806DBYG0020
1995,1995-08-06,Reg Season,Chiba Lotte Marines,Away,L,2,Nippon-Ham Fighters,2,5,0,"0,0,1,0,0,0,0,0,1",18,Hanasaki Sports Park Baseball Field,,,17000,GAME19950806NFLM0018
1995,1995-08-06,Reg Season,Nippon-Ham Fighters,Home,W,10,Chiba Lotte Marines,10,11,0,"0,1,2,1,2,2,2,0,x",18,Hanasaki Sports Park Baseball Field,,,17000,GAME19950806NFLM0018
1995,1995-08-06,Reg Season,Seibu Lions,Away,L,3,Orix Bluewave,3,8,0,"0,0,0,2,0,0,0,1,0",20,Kobe Athletic Park Baseball Field,,,34000,GAME19950806OBSL0020
1995,1995-08-06,Reg Season,Orix Bluewave,Home,W,4,Seibu Lions,4,6,1,"0,0,3,0,0,0,0,1,x",20,Kobe Athletic Park Baseball Field,,,34000,GAME19950806OBSL0020
1995,1995-08-06,Reg Season,Kintetsu Buffaloes,Away,L,3,Fukuoka Daiei Hawks,3,6,0,"0,0,1,0,1,1,0,0,0",19,Mizuho PayPay Dome Fukuoka,,,48000,GAME19950806SHKI0019
1995,1995-08-06,Reg Season,Fukuoka Daiei Hawks,Home,W,6,Kintetsu Buffaloes,6,9,0,"2,0,4,0,0,0,0,0,x",19,Mizuho PayPay Dome Fukuoka,,,48000,GAME19950806SHKI0019
1995,1995-08-06,Reg Season,Hiroshima Toyo Carp,Away,W,15,Yakult Swallows,15,16,1,"0,1,7,0,0,0,0,3,4",17,Meiji Jingu Stadium,,,42000,GAME19950806YSHC0017
1995,1995-08-06,Reg Season,Yakult Swallows,Home,L,4,Hiroshima Toyo Carp,4,6,1,"0,0,4,0,0,0,0,0,0",17,Meiji Jingu Stadium,,,42000,GAME19950806YSHC0017
1995,1995-08-08,Reg Season,Yakult Swallows,Away,L,0,Yokohama BayStars,0,4,0,"0,0,0,0,0,0,0,0,0",19,Kiyohara Utsunomiya,,,22000,GAME19950808DBYS0019
1995,1995-08-08,Reg Season,Yokohama BayStars,Home,W,1,Yakult Swallows,1,7,0,"0,1,0,0,0,0,0,0,x",19,Kiyohara Utsunomiya,,,22000,GAME19950808DBYS0019
1995,1995-08-08,Reg Season,Hanshin Tigers,Away,L,0,Hiroshima Toyo Carp,0,5,1,"0,0,0,0,0,0,0,0,0",19,Kurashiki Sports Park Muscat Stadium,,,30000,GAME19950808HCHT0019
1995,1995-08-08,Reg Season,Hiroshima Toyo Carp,Home,W,1,Hanshin Tigers,1,3,0,"1,0,0,0,0,0,0,0,x",19,Kurashiki Sports Park Muscat Stadium,,,30000,GAME19950808HCHT0019
1995,1995-08-08,Reg Season,Orix Bluewave,Away,L,7,Kintetsu Buffaloes,7,9,1,"3,0,0,0,2,0,1,0,1",15,Nagoya,,,28000,GAME19950808KIOB0015
1995,1995-08-08,Reg Season,Kintetsu Buffaloes,Home,W,8,Orix Bluewave,8,11,0,"3,0,0,0,3,0,1,1,x",15,Nagoya,,,28000,GAME19950808KIOB0015
1995,1995-08-08,Reg Season,Chiba Lotte Marines,Away,W,6,Fukuoka Daiei Hawks,6,14,0,"1,0,0,2,0,0,1,0,0,2",19,Mizuho PayPay Dome Fukuoka,,,41000,GAME19950808SHLM0019
1995,1995-08-08,Reg Season,Fukuoka Daiei Hawks,Home,L,4,Chiba Lotte Marines,4,13,0,"2,0,0,0,2,0,0,0,0,0",19,Mizuho PayPay Dome Fukuoka,,,41000,GAME19950808SHLM0019
1995,1995-08-08,Reg Season,Nippon-Ham Fighters,Away,L,0,Seibu Lions,0,4,0,"0,0,0,0,0,0,0,0,0",18,Belluna Dome,,,23000,GAME19950808SLNF0018
1995,1995-08-08,Reg Season,Seibu Lions,Home,W,5,Nippon-Ham Fighters,5,6,0,"0,1,0,1,3,0,0,0,x",18,Belluna Dome,,,23000,GAME19950808SLNF0018
1995,1995-08-08,Reg Season,Chunichi Dragons,Away,L,2,Yomiuri Giants,2,10,0,"1,0,0,0,0,0,1,0,0",18,Tokyo Dome,,,55000,GAME19950808YGCD0018
1995,1995-08-08,Reg Season,Yomiuri Giants,Home,W,4,Chunichi Dragons,4,12,0,"1,0,0,0,0,0,0,3,x",18,Tokyo Dome,,,55000,GAME19950808YGCD0018
1995,1995-08-09,Reg Season,Yakult Swallows,Away,W,8,Yokohama BayStars,8,13,0,"0,2,1,0,3,0,2,0,0",20,Yokohama Stadium,,,27000,GAME19950809DBYS0020
1995,1995-08-09,Reg Season,Yokohama BayStars,Home,L,7,Yakult Swallows,7,13,0,"0,0,4,0,0,1,2,0,0",20,Yokohama Stadium,,,27000,GAME19950809DBYS0020
1995,1995-08-09,Reg Season,Hanshin Tigers,Away,W,5,Hiroshima Toyo Carp,5,6,1,"0,0,0,3,0,0,2,0,0",20,Hiroshima citizens,,,24000,GAME19950809HCHT0020
1995,1995-08-09,Reg Season,Hiroshima Toyo Carp,Home,L,2,Hanshin Tigers,2,11,1,"0,0,0,0,1,0,0,1,0",20,Hiroshima citizens,,,24000,GAME19950809HCHT0020
1995,1995-08-09,Reg Season,Orix Bluewave,Away,W,7,Kintetsu Buffaloes,7,18,1,"2,0,0,2,0,1,0,0,2",16,Nagoya,,,30000,GAME19950809KIOB0016
1995,1995-08-09,Reg Season,Kintetsu Buffaloes,Home,L,1,Orix Bluewave,1,7,0,"0,0,0,0,0,1,0,0,0",16,Nagoya,,,30000,GAME19950809KIOB0016
1995,1995-08-09,Reg Season,Chiba Lotte Marines,Away,W,4,Fukuoka Daiei Hawks,4,12,0,"1,0,1,0,0,0,1,0,1",20,Mizuho PayPay Dome Fukuoka,,,41000,GAME19950809SHLM0020
1995,1995-08-09,Reg Season,Fukuoka Daiei Hawks,Home,L,3,Chiba Lotte Marines,3,7,1,"2,0,0,1,0,0,0,0,0",20,Mizuho PayPay Dome Fukuoka,,,41000,GAME19950809SHLM0020
1995,1995-08-09,Reg Season,Nippon-Ham Fighters,Away,W,6,Seibu Lions,6,6,0,"0,0,2,0,0,1,0,0,3",19,Belluna Dome,,,22000,GAME19950809SLNF0019
1995,1995-08-09,Reg Season,Seibu Lions,Home,L,2,Nippon-Ham Fighters,2,10,0,"0,1,0,0,0,0,0,0,1",19,Belluna Dome,,,22000,GAME19950809SLNF0019
1995,1995-08-09,Reg Season,Chunichi Dragons,Away,L,2,Yomiuri Giants,2,3,0,"0,0,0,0,0,0,0,0,2",19,Tokyo Dome,,,55000,GAME19950809YGCD0019
1995,1995-08-09,Reg Season,Yomiuri Giants,Home,W,3,Chunichi Dragons,3,6,0,"1,0,1,0,1,0,0,0,x",19,Tokyo Dome,,,55000,GAME19950809YGCD0019
1995,1995-08-10,Reg Season,Yakult Swallows,Away,W,12,Yokohama BayStars,12,16,0,"2,0,0,0,3,0,4,0,3",21,Yokohama Stadium,,,25000,GAME19950810DBYS0021
1995,1995-08-10,Reg Season,Yokohama BayStars,Home,L,6,Yakult Swallows,6,10,0,"3,0,1,1,0,0,0,1,0",21,Yokohama Stadium,,,25000,GAME19950810DBYS0021
1995,1995-08-10,Reg Season,Hanshin Tigers,Away,L,0,Hiroshima Toyo Carp,0,3,1,"0,0,0,0,0,0,0,0,0",21,Hiroshima citizens,,,16000,GAME19950810HCHT0021
1995,1995-08-10,Reg Season,Hiroshima Toyo Carp,Home,W,8,Hanshin Tigers,8,13,0,"0,0,1,0,4,0,0,3,x",21,Hiroshima citizens,,,16000,GAME19950810HCHT0021
1995,1995-08-10,Reg Season,Orix Bluewave,Away,W,6,Kintetsu Buffaloes,6,13,1,"0,1,1,2,0,0,0,2,0",17,Gifu Prefectural Baseball Stadium,,,22000,GAME19950810KIOB0017
1995,1995-08-10,Reg Season,Kintetsu Buffaloes,Home,L,4,Orix Bluewave,4,4,0,"0,0,4,0,0,0,0,0,0",17,Gifu Prefectural Baseball Stadium,,,22000,GAME19950810KIOB0017
1995,1995-08-10,Reg Season,Chiba Lotte Marines,Away,W,9,Fukuoka Daiei Hawks,9,17,0,"0,0,3,0,0,0,4,1,1",21,Mizuho PayPay Dome Fukuoka,,,44000,GAME19950810SHLM0021
1995,1995-08-10,Reg Season,Fukuoka Daiei Hawks,Home,L,3,Chiba Lotte Marines,3,8,0,"1,0,0,0,1,0,1,0,0",21,Mizuho PayPay Dome Fukuoka,,,44000,GAME19950810SHLM0021
1995,1995-08-10,Reg Season,Chunichi Dragons,Away,W,9,Yomiuri Giants,9,8,1,"0,0,0,0,0,1,0,0,0,8",20,Tokyo Dome,,,55000,GAME19950810YGCD0020
1995,1995-08-10,Reg Season,Yomiuri Giants,Home,L,1,Chunichi Dragons,1,8,1,"1,0,0,0,0,0,0,0,0,0",20,Tokyo Dome,,,55000,GAME19950810YGCD0020
1995,1995-08-11,Reg Season,Yakult Swallows,Away,W,6,Chunichi Dragons,6,13,1,"0,0,4,0,0,0,0,2,0",16,Nagoya,,,33000,GAME19950811CDYS0016
1995,1995-08-11,Reg Season,Chunichi Dragons,Home,L,5,Yakult Swallows,5,9,0,"1,0,0,3,1,0,0,0,0",16,Nagoya,,,33000,GAME19950811CDYS0016
1995,1995-08-11,Reg Season,Yokohama BayStars,Away,W,8,Hiroshima Toyo Carp,8,9,0,"0,0,5,0,0,1,2,0,0",14,Kure Nikoh Baseball Stadium,,,14000,GAME19950811HCDB0014
1995,1995-08-11,Reg Season,Hiroshima Toyo Carp,Home,L,4,Yokohama BayStars,4,10,0,"0,0,0,0,1,0,0,0,3",14,Kure Nikoh Baseball Stadium,,,14000,GAME19950811HCDB0014
1995,1995-08-11,Reg Season,Seibu Lions,Away,L,6,Chiba Lotte Marines,6,9,1,"0,0,6,0,0,0,0,0,0",18,ZOZO Marine Stadium,,,25000,GAME19950811LMSL0018
1995,1995-08-11,Reg Season,Chiba Lotte Marines,Home,W,7,Seibu Lions,7,13,1,"0,1,1,0,0,1,0,1,3x",18,ZOZO Marine Stadium,,,25000,GAME19950811LMSL0018
1995,1995-08-11,Reg Season,Hanshin Tigers,Away,L,0,Yomiuri Giants,0,6,0,"0,0,0,0,0,0,0,0,0",18,Tokyo Dome,,,55000,GAME19950811YGHT0018
1995,1995-08-11,Reg Season,Yomiuri Giants,Home,W,3,Hanshin Tigers,3,8,0,"0,0,1,0,0,0,1,1,x",18,Tokyo Dome,,,55000,GAME19950811YGHT0018
1995,1995-08-12,Reg Season,Yakult Swallows,Away,L,5,Chunichi Dragons,5,8,1,"0,2,0,0,0,0,1,2,0",17,Nagoya,,,35000,GAME19950812CDYS0017
1995,1995-08-12,Reg Season,Chunichi Dragons,Home,W,6,Yakult Swallows,6,8,2,"0,1,0,0,3,0,0,2,x",17,Nagoya,,,35000,GAME19950812CDYS0017
1995,1995-08-12,Reg Season,Yokohama BayStars,Away,L,1,Hiroshima Toyo Carp,1,11,1,"1,0,0,0,0,0,0,0,0",15,Hiroshima citizens,,,22000,GAME19950812HCDB0015
1995,1995-08-12,Reg Season,Hiroshima Toyo Carp,Home,W,4,Yokohama BayStars,4,7,0,"0,1,0,0,2,1,0,0,x",15,Hiroshima citizens,,,22000,GAME19950812HCDB0015
1995,1995-08-12,Reg Season,Fukuoka Daiei Hawks,Away,W,4,Kintetsu Buffaloes,4,11,0,"0,1,1,0,0,2,0,0,0",20,Fujiidera,,,18000,GAME19950812KISH0020
1995,1995-08-12,Reg Season,Kintetsu Buffaloes,Home,L,1,Fukuoka Daiei Hawks,1,7,0,"0,0,0,0,0,0,1,0,0",20,Fujiidera,,,18000,GAME19950812KISH0020
1995,1995-08-12,Reg Season,Seibu Lions,Away,W,9,Chiba Lotte Marines,9,13,1,"0,1,0,1,0,1,0,6,0",19,ZOZO Marine Stadium,,,33000,GAME19950812LMSL0019
1995,1995-08-12,Reg Season,Chiba Lotte Marines,Home,L,1,Seibu Lions,1,6,0,"0,0,1,0,0,0,0,0,0",19,ZOZO Marine Stadium,,,33000,GAME19950812LMSL0019
1995,1995-08-12,Reg Season,Orix Bluewave,Away,W,6,Nippon-Ham Fighters,6,7,0,"0,1,1,0,0,2,2,0,0",19,Yamagata Prefectural Baseball Stadium,,,25000,GAME19950812NFOB0019
1995,1995-08-12,Reg Season,Nippon-Ham Fighters,Home,L,2,Orix Bluewave,2,6,1,"0,0,0,0,0,0,1,0,1",19,Yamagata Prefectural Baseball Stadium,,,25000,GAME19950812NFOB0019
1995,1995-08-12,Reg Season,Hanshin Tigers,Away,W,5,Yomiuri Giants,5,10,2,"1,0,0,0,0,3,1,0,0",19,Tokyo Dome,,,55000,GAME19950812YGHT0019
1995,1995-08-12,Reg Season,Yomiuri Giants,Home,L,1,Hanshin Tigers,1,8,1,"0,0,0,0,0,1,0,0,0",19,Tokyo Dome,,,55000,GAME19950812YGHT0019
1995,1995-08-13,Reg Season,Yakult Swallows,Away,W,13,Chunichi Dragons,13,13,0,"0,0,1,1,0,0,0,2,9",18,Nagoya,,,33000,GAME19950813CDYS0018
1995,1995-08-13,Reg Season,Chunichi Dragons,Home,L,4,Yakult Swallows,4,10,0,"1,0,0,0,0,3,0,0,0",18,Nagoya,,,33000,GAME19950813CDYS0018
1995,1995-08-13,Reg Season,Yokohama BayStars,Away,W,8,Hiroshima Toyo Carp,8,16,0,"0,0,2,0,2,0,0,1,3",16,Hiroshima citizens,,,21000,GAME19950813HCDB0016
1995,1995-08-13,Reg Season,Hiroshima Toyo Carp,Home,L,7,Yokohama BayStars,7,13,1,"0,0,4,0,2,0,1,0,0",16,Hiroshima citizens,,,21000,GAME19950813HCDB0016
1995,1995-08-13,Reg Season,Fukuoka Daiei Hawks,Away,L,3,Kintetsu Buffaloes,3,4,0,"0,1,0,0,0,0,0,2,0",21,Fujiidera,,,18000,GAME19950813KISH0021
1995,1995-08-13,Reg Season,Kintetsu Buffaloes,Home,W,4,Fukuoka Daiei Hawks,4,8,2,"0,0,0,1,0,0,0,3,x",21,Fujiidera,,,18000,GAME19950813KISH0021
1995,1995-08-13,Reg Season,Seibu Lions,Away,W,1,Chiba Lotte Marines,1,5,0,"0,0,0,0,0,0,0,0,0,1",20,ZOZO Marine Stadium,,,32000,GAME19950813LMSL0020
1995,1995-08-13,Reg Season,Chiba Lotte Marines,Home,L,0,Seibu Lions,0,2,0,"0,0,0,0,0,0,0,0,0,0",20,ZOZO Marine Stadium,,,32000,GAME19950813LMSL0020
1995,1995-08-13,Reg Season,Orix Bluewave,Away,W,3,Nippon-Ham Fighters,3,6,1,"0,0,0,0,0,0,0,3,0",20,Fukushima Azuma Baseball Stadium,,,30000,GAME19950813NFOB0020
1995,1995-08-13,Reg Season,Nippon-Ham Fighters,Home,L,0,Orix Bluewave,0,3,0,"0,0,0,0,0,0,0,0,0",20,Fukushima Azuma Baseball Stadium,,,30000,GAME19950813NFOB0020
1995,1995-08-13,Reg Season,Hanshin Tigers,Away,L,0,Yomiuri Giants,0,9,0,"0,0,0,0,0,0,0,0,0",20,Tokyo Dome,,,55000,GAME19950813YGHT0020
1995,1995-08-13,Reg Season,Yomiuri Giants,Home,W,4,Hanshin Tigers,4,5,0,"0,0,0,0,4,0,0,0,x",20,Tokyo Dome,,,55000,GAME19950813YGHT0020
1995,1995-08-15,Reg Season,Chunichi Dragons,Away,L,1,Yokohama BayStars,1,6,0,"0,0,0,0,1,0,0,0,0",19,Kusanagi Baseball Stadium,,,30000,GAME19950815DBCD0019
1995,1995-08-15,Reg Season,Yokohama BayStars,Home,W,9,Chunichi Dragons,9,19,0,"3,0,1,0,1,2,2,0,x",19,Kusanagi Baseball Stadium,,,30000,GAME19950815DBCD0019
1995,1995-08-15,Reg Season,Yomiuri Giants,Away,W,5,Hiroshima Toyo Carp,5,5,1,"0,0,0,2,0,0,2,1,0",17,Hiroshima citizens,,,32000,GAME19950815HCYG0017
1995,1995-08-15,Reg Season,Hiroshima Toyo Carp,Home,L,4,Yomiuri Giants,4,9,2,"0,2,0,0,2,0,0,0,0",17,Hiroshima citizens,,,32000,GAME19950815HCYG0017
1995,1995-08-15,Reg Season,Kintetsu Buffaloes,Away,L,0,Nippon-Ham Fighters,0,6,0,"0,0,0,0,0,0,0,0,0",18,Tokyo Dome,,,25000,GAME19950815NFKI0018
1995,1995-08-15,Reg Season,Nippon-Ham Fighters,Home,W,1,Kintetsu Buffaloes,1,4,0,"1,0,0,0,0,0,0,0,x",18,Tokyo Dome,,,25000,GAME19950815NFKI0018
1995,1995-08-15,Reg Season,Chiba Lotte Marines,Away,W,7,Orix Bluewave,7,9,1,"1,0,4,0,0,0,0,2,0",17,Kobe Athletic Park Baseball Field,,,35000,GAME19950815OBLM0017
1995,1995-08-15,Reg Season,Orix Bluewave,Home,L,5,Chiba Lotte Marines,5,6,2,"0,2,0,0,1,1,1,0,0",17,Kobe Athletic Park Baseball Field,,,35000,GAME19950815OBLM0017
1995,1995-08-15,Reg Season,Seibu Lions,Away,W,2,Fukuoka Daiei Hawks,2,8,1,"0,0,0,0,0,0,0,0,2",17,Mizuho PayPay Dome Fukuoka,,,48000,GAME19950815SHSL0017
1995,1995-08-15,Reg Season,Fukuoka Daiei Hawks,Home,L,1,Seibu Lions,1,9,1,"0,0,0,1,0,0,0,0,0",17,Mizuho PayPay Dome Fukuoka,,,48000,GAME19950815SHSL0017
1995,1995-08-15,Reg Season,Hanshin Tigers,Away,L,1,Yakult Swallows,1,7,3,"0,0,0,0,0,0,1,0,0",22,Meiji Jingu Stadium,,,48000,GAME19950815YSHT0022
1995,1995-08-15,Reg Season,Yakult Swallows,Home,W,13,Hanshin Tigers,13,11,0,"0,0,1,2,4,1,0,5,x",22,Meiji Jingu Stadium,,,48000,GAME19950815YSHT0022
1995,1995-08-16,Reg Season,Chunichi Dragons,Away,L,1,Yokohama BayStars,1,7,2,"0,0,0,1,0,0,0,0,0",20,Yokohama Stadium,,,22000,GAME19950816DBCD0020
1995,1995-08-16,Reg Season,Yokohama BayStars,Home,W,4,Chunichi Dragons,4,6,0,"1,0,0,0,0,0,0,3,x",20,Yokohama Stadium,,,22000,GAME19950816DBCD0020
1995,1995-08-16,Reg Season,Yomiuri Giants,Away,L,2,Hiroshima Toyo Carp,2,7,1,"1,0,1,0,0,0,0,0,0",18,Hiroshima citizens,,,28000,GAME19950816HCYG0018
1995,1995-08-16,Reg Season,Hiroshima Toyo Carp,Home,W,9,Yomiuri Giants,9,8,0,"2,0,0,4,0,1,2,0,x",18,Hiroshima citizens,,,28000,GAME19950816HCYG0018
1995,1995-08-16,Reg Season,Kintetsu Buffaloes,Away,L,2,Nippon-Ham Fighters,2,3,1,"0,0,0,1,0,1,0,0,0",19,Tokyo Dome,,,19000,GAME19950816NFKI0019
1995,1995-08-16,Reg Season,Nippon-Ham Fighters,Home,W,4,Kintetsu Buffaloes,4,8,0,"0,0,0,0,0,1,3,0,x",19,Tokyo Dome,,,19000,GAME19950816NFKI0019
1995,1995-08-16,Reg Season,Chiba Lotte Marines,Away,L,2,Orix Bluewave,2,12,0,"2,0,0,0,0,0,0,0,0",18,Kobe Athletic Park Baseball Field,,,28000,GAME19950816OBLM0018
1995,1995-08-16,Reg Season,Orix Bluewave,Home,W,5,Chiba Lotte Marines,5,10,0,"0,1,0,4,0,0,0,0,x",18,Kobe Athletic Park Baseball Field,,,28000,GAME19950816OBLM0018
1995,1995-08-16,Reg Season,Seibu Lions,Away,L,0,Fukuoka Daiei Hawks,0,5,1,"0,0,0,0,0,0,0,0,0",18,Mizuho PayPay Dome Fukuoka,,,48000,GAME19950816SHSL0018
1995,1995-08-16,Reg Season,Fukuoka Daiei Hawks,Home,W,6,Seibu Lions,6,11,0,"1,0,0,3,0,0,0,2,x",18,Mizuho PayPay Dome Fukuoka,,,48000,GAME19950816SHSL0018
1995,1995-08-16,Reg Season,Hanshin Tigers,Away,W,2,Yakult Swallows,2,4,1,"0,0,0,0,0,0,0,0,1,0,1",23,Meiji Jingu Stadium,,,38000,GAME19950816YSHT0023
1995,1995-08-16,Reg Season,Yakult Swallows,Home,L,1,Hanshin Tigers,1,6,1,"0,0,1,0,0,0,0,0,0,0,0",23,Meiji Jingu Stadium,,,38000,GAME19950816YSHT0023
1995,1995-08-17,Reg Season,Yomiuri Giants,Away,L,7,Hiroshima Toyo Carp,7,18,0,"0,0,0,0,2,1,4,0,0,0",19,Hiroshima citizens,,,26000,GAME19950817HCYG0019
1995,1995-08-17,Reg Season,Hiroshima Toyo Carp,Home,W,8,Yomiuri Giants,8,11,2,"0,3,1,2,0,0,1,0,0,1x",19,Hiroshima citizens,,,26000,GAME19950817HCYG0019
1995,1995-08-17,Reg Season,Kintetsu Buffaloes,Away,W,12,Nippon-Ham Fighters,12,15,0,"0,2,0,0,4,0,0,1,5",20,Tokyo Dome,,,19000,GAME19950817NFKI0020
1995,1995-08-17,Reg Season,Nippon-Ham Fighters,Home,L,0,Kintetsu Buffaloes,0,2,1,"0,0,0,0,0,0,0,0,0",20,Tokyo Dome,,,19000,GAME19950817NFKI0020
1995,1995-08-17,Reg Season,Chiba Lotte Marines,Away,W,6,Orix Bluewave,6,8,0,"0,3,0,0,0,1,0,2,0",19,Kobe Athletic Park Baseball Field,,,37000,GAME19950817OBLM0019
1995,1995-08-17,Reg Season,Orix Bluewave,Home,L,3,Chiba Lotte Marines,3,8,3,"0,0,0,0,1,0,0,0,2",19,Kobe Athletic Park Baseball Field,,,37000,GAME19950817OBLM0019
1995,1995-08-17,Reg Season,Seibu Lions,Away,L,2,Fukuoka Daiei Hawks,2,5,1,"0,0,0,0,0,0,1,1,0",19,Mizuho PayPay Dome Fukuoka,,,48000,GAME19950817SHSL0019
1995,1995-08-17,Reg Season,Fukuoka Daiei Hawks,Home,W,3,Seibu Lions,3,6,0,"1,1,0,0,0,0,0,1,x",19,Mizuho PayPay Dome Fukuoka,,,48000,GAME19950817SHSL0019
1995,1995-08-17,Reg Season,Hanshin Tigers,Away,L,4,Yakult Swallows,4,3,1,"0,0,2,2,0,0,0,0,0",24,Meiji Jingu Stadium,,,42000,GAME19950817YSHT0024
1995,1995-08-17,Reg Season,Yakult Swallows,Home,W,9,Hanshin Tigers,9,14,1,"0,2,5,1,1,0,0,0,x",24,Meiji Jingu Stadium,,,42000,GAME19950817YSHT0024
1995,1995-08-18,Reg Season,Hiroshima Toyo Carp,Away,L,3,Chunichi Dragons,3,6,0,"0,0,1,0,0,0,0,1,1",20,Nagoya,,,29000,GAME19950818CDHC0020
1995,1995-08-18,Reg Season,Chunichi Dragons,Home,W,4,Hiroshima Toyo Carp,4,11,3,"1,1,0,0,0,0,1,0,1x",20,Nagoya,,,29000,GAME19950818CDHC0020
1995,1995-08-18,Reg Season,Hanshin Tigers,Away,L,3,Yokohama BayStars,3,8,2,"1,0,0,1,0,1,0,0,0",15,Yokohama Stadium,,,24000,GAME19950818DBHT0015
1995,1995-08-18,Reg Season,Yokohama BayStars,Home,W,5,Hanshin Tigers,5,10,0,"0,0,0,0,0,1,4,0,x",15,Yokohama Stadium,,,24000,GAME19950818DBHT0015
1995,1995-08-18,Reg Season,Nippon-Ham Fighters,Away,W,5,Chiba Lotte Marines,5,5,0,"0,1,1,2,0,1,0,0,0",19,ZOZO Marine Stadium,,,20000,GAME19950818LMNF0019
1995,1995-08-18,Reg Season,Chiba Lotte Marines,Home,L,1,Nippon-Ham Fighters,1,5,1,"1,0,0,0,0,0,0,0,0",19,ZOZO Marine Stadium,,,20000,GAME19950818LMNF0019
1995,1995-08-18,Reg Season,Fukuoka Daiei Hawks,Away,W,3,Orix Bluewave,3,5,1,"0,0,0,0,2,0,0,1,0",20,Kobe Athletic Park Baseball Field,,,30000,GAME19950818OBSH0020
1995,1995-08-18,Reg Season,Orix Bluewave,Home,L,1,Fukuoka Daiei Hawks,1,5,0,"0,0,0,0,1,0,0,0,0",20,Kobe Athletic Park Baseball Field,,,30000,GAME19950818OBSH0020
1995,1995-08-18,Reg Season,Kintetsu Buffaloes,Away,W,6,Seibu Lions,6,9,2,"2,0,1,0,0,0,1,2,0",18,Belluna Dome,,,26000,GAME19950818SLKI0018
1995,1995-08-18,Reg Season,Seibu Lions,Home,L,5,Kintetsu Buffaloes,5,9,3,"0,0,0,3,0,0,1,1,0",18,Belluna Dome,,,26000,GAME19950818SLKI0018
1995,1995-08-18,Reg Season,Yakult Swallows,Away,W,6,Yomiuri Giants,6,9,0,"0,1,0,0,0,3,0,0,2",19,Tokyo Dome,,,55000,GAME19950818YGYS0019
1995,1995-08-18,Reg Season,Yomiuri Giants,Home,L,1,Yakult Swallows,1,8,1,"0,0,0,0,0,0,0,1,0",19,Tokyo Dome,,,55000,GAME19950818YGYS0019
1995,1995-08-19,Reg Season,Hiroshima Toyo Carp,Away,W,6,Chunichi Dragons,6,13,0,"0,0,0,0,0,4,1,0,1",21,Nagoya,,,32000,GAME19950819CDHC0021
1995,1995-08-19,Reg Season,Chunichi Dragons,Home,L,3,Hiroshima Toyo Carp,3,10,0,"0,1,0,0,0,0,0,0,2",21,Nagoya,,,32000,GAME19950819CDHC0021
1995,1995-08-19,Reg Season,Hanshin Tigers,Away,L,2,Yokohama BayStars,2,7,2,"0,0,1,0,0,0,1,0,0",16,Yokohama Stadium,,,29000,GAME19950819DBHT0016
1995,1995-08-19,Reg Season,Yokohama BayStars,Home,W,3,Hanshin Tigers,3,9,0,"1,0,0,1,0,1,0,0,x",16,Yokohama Stadium,,,29000,GAME19950819DBHT0016
1995,1995-08-19,Reg Season,Nippon-Ham Fighters,Away,L,0,Chiba Lotte Marines,0,5,0,"0,0,0,0,0,0,0,0,0",20,ZOZO Marine Stadium,,,25000,GAME19950819LMNF0020
1995,1995-08-19,Reg Season,Chiba Lotte Marines,Home,W,2,Nippon-Ham Fighters,2,6,0,"0,0,0,0,0,0,2,0,x",20,ZOZO Marine Stadium,,,25000,GAME19950819LMNF0020
1995,1995-08-19,Reg Season,Fukuoka Daiei Hawks,Away,W,10,Orix Bluewave,10,19,0,"1,4,1,0,0,3,0,0,1",21,Kobe Athletic Park Baseball Field,,,36000,GAME19950819OBSH0021
1995,1995-08-19,Reg Season,Orix Bluewave,Home,L,3,Fukuoka Daiei Hawks,3,5,0,"1,0,0,0,0,0,0,0,2",21,Kobe Athletic Park Baseball Field,,,36000,GAME19950819OBSH0021
1995,1995-08-19,Reg Season,Kintetsu Buffaloes,Away,L,2,Seibu Lions,2,7,0,"0,1,0,0,0,1,0,0,0",19,Belluna Dome,,,30000,GAME19950819SLKI0019
1995,1995-08-19,Reg Season,Seibu Lions,Home,W,5,Kintetsu Buffaloes,5,13,1,"0,0,1,1,0,0,2,1,x",19,Belluna Dome,,,30000,GAME19950819SLKI0019
1995,1995-08-19,Reg Season,Yakult Swallows,Away,W,4,Yomiuri Giants,4,10,0,"1,0,0,0,0,2,0,1,0",20,Tokyo Dome,,,55000,GAME19950819YGYS0020
1995,1995-08-19,Reg Season,Yomiuri Giants,Home,L,0,Yakult Swallows,0,4,1,"0,0,0,0,0,0,0,0,0",20,Tokyo Dome,,,55000,GAME19950819YGYS0020
1995,1995-08-20,Reg Season,Hiroshima Toyo Carp,Away,L,0,Chunichi Dragons,0,5,2,"0,0,0,0,0,0,0,0,0",22,Nagoya,,,29000,GAME19950820CDHC0022
1995,1995-08-20,Reg Season,Chunichi Dragons,Home,W,2,Hiroshima Toyo Carp,2,6,1,"0,1,0,0,0,0,1,0,x",22,Nagoya,,,29000,GAME19950820CDHC0022
1995,1995-08-20,Reg Season,Hanshin Tigers,Away,L,9,Yokohama BayStars,9,11,2,"3,0,0,3,0,0,0,1,2",17,Yokohama Stadium,,,23000,GAME19950820DBHT0017
1995,1995-08-20,Reg Season,Yokohama BayStars,Home,W,10,Hanshin Tigers,10,14,1,"2,2,1,0,0,4,0,0,1x",17,Yokohama Stadium,,,23000,GAME19950820DBHT0017
1995,1995-08-20,Reg Season,Nippon-Ham Fighters,Away,W,5,Chiba Lotte Marines,5,10,0,"0,0,0,0,4,0,0,1,0",21,ZOZO Marine Stadium,,,24000,GAME19950820LMNF0021
1995,1995-08-20,Reg Season,Chiba Lotte Marines,Home,L,0,Nippon-Ham Fighters,0,8,0,"0,0,0,0,0,0,0,0,0",21,ZOZO Marine Stadium,,,24000,GAME19950820LMNF0021
1995,1995-08-20,Reg Season,Fukuoka Daiei Hawks,Away,W,5,Orix Bluewave,5,10,0,"2,0,1,0,0,0,2,0,0",22,Kobe Athletic Park Baseball Field,,,38000,GAME19950820OBSH0022
1995,1995-08-20,Reg Season,Orix Bluewave,Home,L,3,Fukuoka Daiei Hawks,3,6,0,"0,0,0,0,0,1,0,0,2",22,Kobe Athletic Park Baseball Field,,,38000,GAME19950820OBSH0022
1995,1995-08-20,Reg Season,Kintetsu Buffaloes,Away,L,0,Seibu Lions,0,6,0,"0,0,0,0,0,0,0,0,0",20,Belluna Dome,,,28000,GAME19950820SLKI0020
1995,1995-08-20,Reg Season,Seibu Lions,Home,W,5,Kintetsu Buffaloes,5,7,0,"0,0,0,2,1,0,0,2,x",20,Belluna Dome,,,28000,GAME19950820SLKI0020
1995,1995-08-20,Reg Season,Yakult Swallows,Away,L,0,Yomiuri Giants,0,5,1,"0,0,0,0,0,0,0,0,0",21,Tokyo Dome,,,55000,GAME19950820YGYS0021
1995,1995-08-20,Reg Season,Yomiuri Giants,Home,W,2,Yakult Swallows,2,11,0,"1,0,0,0,1,0,0,0,x",21,Tokyo Dome,,,55000,GAME19950820YGYS0021
1995,1995-08-22,Reg Season,Yakult Swallows,Away,W,9,Hiroshima Toyo Carp,9,17,1,"0,1,0,0,3,1,1,3,0",18,Hiroshima citizens,,,25000,GAME19950822HCYS0018
1995,1995-08-22,Reg Season,Hiroshima Toyo Carp,Home,L,2,Yakult Swallows,2,10,1,"0,0,0,0,0,2,0,0,0",18,Hiroshima citizens,,,25000,GAME19950822HCYS0018
1995,1995-08-22,Reg Season,Chunichi Dragons,Away,W,3,Hanshin Tigers,3,8,0,"0,0,1,0,0,1,0,1,0",17,Nishinomiya,,,10000,GAME19950822HTCD0017
1995,1995-08-22,Reg Season,Hanshin Tigers,Home,L,2,Chunichi Dragons,2,5,0,"0,0,1,1,0,0,0,0,0",17,Nishinomiya,,,10000,GAME19950822HTCD0017
1995,1995-08-22,Reg Season,Chiba Lotte Marines,Away,W,8,Kintetsu Buffaloes,8,12,1,"2,0,2,0,2,0,0,0,2",21,Nissei,,,18000,GAME19950822KILM0021
1995,1995-08-22,Reg Season,Kintetsu Buffaloes,Home,L,1,Chiba Lotte Marines,1,4,0,"0,0,1,0,0,0,0,0,0",21,Nissei,,,18000,GAME19950822KILM0021
1995,1995-08-22,Reg Season,Nippon-Ham Fighters,Away,W,4,Orix Bluewave,4,10,0,"0,3,0,0,0,0,1,0,0",21,Dorayaki Dramatic Park Yonago Citizens,,,16000,GAME19950822OBNF0021
1995,1995-08-22,Reg Season,Orix Bluewave,Home,L,3,Nippon-Ham Fighters,3,11,0,"0,0,0,0,2,1,0,0,0",21,Dorayaki Dramatic Park Yonago Citizens,,,16000,GAME19950822OBNF0021
1995,1995-08-22,Reg Season,Yokohama BayStars,Away,L,0,Yomiuri Giants,0,5,2,"0,0,0,0,0,0,0,0,0",21,Tokyo Dome,,,55000,GAME19950822YGDB0021
1995,1995-08-22,Reg Season,Yomiuri Giants,Home,W,5,Yokohama BayStars,5,10,0,"2,0,0,0,0,3,0,0,x",21,Tokyo Dome,,,55000,GAME19950822YGDB0021
1995,1995-08-23,Reg Season,Yakult Swallows,Away,W,10,Hiroshima Toyo Carp,10,13,0,"0,3,1,5,0,0,1,0,0",19,Hiroshima citizens,,,26000,GAME19950823HCYS0019
1995,1995-08-23,Reg Season,Hiroshima Toyo Carp,Home,L,8,Yakult Swallows,8,14,0,"0,1,0,0,3,1,0,3,0",19,Hiroshima citizens,,,26000,GAME19950823HCYS0019
1995,1995-08-23,Reg Season,Chunichi Dragons,Away,L,2,Hanshin Tigers,2,10,0,"0,2,0,0,0,0,0,0,0",18,Nishinomiya,,,12000,GAME19950823HTCD0018
1995,1995-08-23,Reg Season,Hanshin Tigers,Home,W,5,Chunichi Dragons,5,8,0,"2,0,0,0,1,2,0,0,x",18,Nishinomiya,,,12000,GAME19950823HTCD0018
1995,1995-08-23,Reg Season,Chiba Lotte Marines,Away,L,1,Kintetsu Buffaloes,1,8,0,"0,0,0,0,0,0,1,0,0",22,Fujiidera,,,7000,GAME19950823KILM0022
1995,1995-08-23,Reg Season,Kintetsu Buffaloes,Home,W,4,Chiba Lotte Marines,4,12,0,"1,2,0,0,1,0,0,0,x",22,Fujiidera,,,7000,GAME19950823KILM0022
1995,1995-08-23,Reg Season,Nippon-Ham Fighters,Away,L,4,Orix Bluewave,4,6,0,"4,0,0,0,0,0,0,0,0",22,Dorayaki Dramatic Park Yonago Citizens,,,16000,GAME19950823OBNF0022
1995,1995-08-23,Reg Season,Orix Bluewave,Home,W,6,Nippon-Ham Fighters,6,11,1,"4,0,0,0,0,0,2,0,x",22,Dorayaki Dramatic Park Yonago Citizens,,,16000,GAME19950823OBNF0022
1995,1995-08-23,Reg Season,Fukuoka Daiei Hawks,Away,T,3,Seibu Lions,3,6,0,"0,1,0,0,0,0,0,0,1,0,0,1",20,Belluna Dome,,,26000,GAME19950823SLSH0020
1995,1995-08-23,Reg Season,Seibu Lions,Home,T,3,Fukuoka Daiei Hawks,3,10,0,"0,0,0,0,0,1,1,0,0,0,0,1",20,Belluna Dome,,,26000,GAME19950823SLSH0020
1995,1995-08-23,Reg Season,Yokohama BayStars,Away,L,1,Yomiuri Giants,1,5,0,"0,0,0,0,0,0,0,1,0",22,Tokyo Dome,,,55000,GAME19950823YGDB0022
1995,1995-08-23,Reg Season,Yomiuri Giants,Home,W,5,Yokohama BayStars,5,10,0,"3,0,0,0,2,0,0,0,x",22,Tokyo Dome,,,55000,GAME19950823YGDB0022
1995,1995-08-24,Reg Season,Yakult Swallows,Away,L,0,Hiroshima Toyo Carp,0,5,1,"0,0,0,0,0,0,0,0,0",20,Hiroshima citizens,,,23000,GAME19950824HCYS0020
1995,1995-08-24,Reg Season,Hiroshima Toyo Carp,Home,W,2,Yakult Swallows,2,5,0,"0,0,0,0,0,1,1,0,x",20,Hiroshima citizens,,,23000,GAME19950824HCYS0020
1995,1995-08-24,Reg Season,Fukuoka Daiei Hawks,Away,W,2,Seibu Lions,2,7,0,"2,0,0,0,0,0,0,0,0",21,Belluna Dome,,,28000,GAME19950824SLSH0021
1995,1995-08-24,Reg Season,Seibu Lions,Home,L,1,Fukuoka Daiei Hawks,1,5,0,"0,0,1,0,0,0,0,0,0",21,Belluna Dome,,,28000,GAME19950824SLSH0021
1995,1995-08-24,Reg Season,Yokohama BayStars,Away,L,1,Yomiuri Giants,1,6,1,"0,1,0,0,0,0,0,0,0",23,Tokyo Dome,,,55000,GAME19950824YGDB0023
1995,1995-08-24,Reg Season,Yomiuri Giants,Home,W,7,Yokohama BayStars,7,10,0,"0,0,1,0,0,0,4,2,x",23,Tokyo Dome,,,55000,GAME19950824YGDB0023
1995,1995-08-25,Reg Season,Hiroshima Toyo Carp,Away,L,7,Yokohama BayStars,7,11,1,"3,0,0,0,0,3,0,1,0",17,Yokohama Stadium,,,21000,GAME19950825DBHC0017
1995,1995-08-25,Reg Season,Yokohama BayStars,Home,W,8,Hiroshima Toyo Carp,8,14,1,"0,1,0,4,2,0,1,0,x",17,Yokohama Stadium,,,21000,GAME19950825DBHC0017
1995,1995-08-25,Reg Season,Yomiuri Giants,Away,W,5,Hanshin Tigers,5,9,0,"0,0,3,0,2,0,0,0,0",21,Hanshin Koshien Stadium,,,50000,GAME19950825HTYG0021
1995,1995-08-25,Reg Season,Hanshin Tigers,Home,L,3,Yomiuri Giants,3,8,0,"0,2,0,0,0,0,1,0,0",21,Hanshin Koshien Stadium,,,50000,GAME19950825HTYG0021
1995,1995-08-25,Reg Season,Orix Bluewave,Away,W,6,Kintetsu Buffaloes,6,9,0,"1,0,1,3,0,0,1,0,0",18,Fujiidera,,,23000,GAME19950825KIOB0018
1995,1995-08-25,Reg Season,Kintetsu Buffaloes,Home,L,0,Orix Bluewave,0,8,0,"0,0,0,0,0,0,0,0,0",18,Fujiidera,,,23000,GAME19950825KIOB0018
1995,1995-08-25,Reg Season,Seibu Lions,Away,W,4,Nippon-Ham Fighters,4,8,0,"0,0,0,1,0,0,0,2,1",20,Tokyo Dome,,,32000,GAME19950825NFSL0020
1995,1995-08-25,Reg Season,Nippon-Ham Fighters,Home,L,1,Seibu Lions,1,9,1,"0,0,0,0,0,0,0,0,1",20,Tokyo Dome,,,32000,GAME19950825NFSL0020
1995,1995-08-26,Reg Season,Hiroshima Toyo Carp,Away,L,1,Yokohama BayStars,1,6,0,"1,0,0,0,0,0,0,0,0",18,Yokohama Stadium,,,27000,GAME19950826DBHC0018
1995,1995-08-26,Reg Season,Yokohama BayStars,Home,W,4,Hiroshima Toyo Carp,4,7,0,"0,0,0,0,0,0,1,3,x",18,Yokohama Stadium,,,27000,GAME19950826DBHC0018
1995,1995-08-26,Reg Season,Yomiuri Giants,Away,L,0,Hanshin Tigers,0,4,0,"0,0,0,0,0,0,0,0,0",22,Hanshin Koshien Stadium,,,55000,GAME19950826HTYG0022
1995,1995-08-26,Reg Season,Hanshin Tigers,Home,W,4,Yomiuri Giants,4,7,0,"3,0,1,0,0,0,0,0,x",22,Hanshin Koshien Stadium,,,55000,GAME19950826HTYG0022
1995,1995-08-26,Reg Season,Orix Bluewave,Away,W,7,Kintetsu Buffaloes,7,12,0,"0,0,5,2,0,0,0,0,0",19,Fujiidera,,,32000,GAME19950826KIOB0019
1995,1995-08-26,Reg Season,Kintetsu Buffaloes,Home,L,0,Orix Bluewave,0,0,1,"0,0,0,0,0,0,0,0,0",19,Fujiidera,,,32000,GAME19950826KIOB0019
1995,1995-08-26,Reg Season,Seibu Lions,Away,L,0,Nippon-Ham Fighters,0,7,0,"0,0,0,0,0,0,0,0,0",21,Tokyo Dome,,,40000,GAME19950826NFSL0021
1995,1995-08-26,Reg Season,Nippon-Ham Fighters,Home,W,5,Seibu Lions,5,12,0,"0,0,3,0,2,0,0,0,x",21,Tokyo Dome,,,40000,GAME19950826NFSL0021
1995,1995-08-26,Reg Season,Chiba Lotte Marines,Away,W,11,Fukuoka Daiei Hawks,11,17,0,"0,0,1,0,2,0,3,0,5",22,Kitakyushu Municipal Baseball Stadium,,,23000,GAME19950826SHLM0022
1995,1995-08-26,Reg Season,Fukuoka Daiei Hawks,Home,L,0,Chiba Lotte Marines,0,6,1,"0,0,0,0,0,0,0,0,0",22,Kitakyushu Municipal Baseball Stadium,,,23000,GAME19950826SHLM0022
1995,1995-08-26,Reg Season,Chunichi Dragons,Away,L,1,Yakult Swallows,1,4,0,"0,0,0,0,0,0,1,0,0",19,Meiji Jingu Stadium,,,40000,GAME19950826YSCD0019
1995,1995-08-26,Reg Season,Yakult Swallows,Home,W,7,Chunichi Dragons,7,10,1,"0,3,0,0,1,3,0,0,x",19,Meiji Jingu Stadium,,,40000,GAME19950826YSCD0019
1995,1995-08-27,Reg Season,Hiroshima Toyo Carp,Away,W,14,Yokohama BayStars,14,13,1,"0,1,1,1,0,0,1,6,4",19,Yokohama Stadium,,,22000,GAME19950827DBHC0019
1995,1995-08-27,Reg Season,Yokohama BayStars,Home,L,4,Hiroshima Toyo Carp,4,9,1,"0,0,0,0,0,0,2,1,1",19,Yokohama Stadium,,,22000,GAME19950827DBHC0019
1995,1995-08-27,Reg Season,Yomiuri Giants,Away,W,6,Hanshin Tigers,6,10,0,"0,0,0,0,0,0,2,4,0",23,Hanshin Koshien Stadium,,,53000,GAME19950827HTYG0023
1995,1995-08-27,Reg Season,Hanshin Tigers,Home,L,1,Yomiuri Giants,1,8,2,"0,0,0,0,1,0,0,0,0",23,Hanshin Koshien Stadium,,,53000,GAME19950827HTYG0023
1995,1995-08-27,Reg Season,Orix Bluewave,Away,W,2,Kintetsu Buffaloes,2,9,1,"0,0,0,0,0,0,0,0,1,0,0,1",20,Fujiidera,,,29000,GAME19950827KIOB0020
1995,1995-08-27,Reg Season,Kintetsu Buffaloes,Home,L,1,Orix Bluewave,1,9,1,"0,1,0,0,0,0,0,0,0,0,0,0",20,Fujiidera,,,29000,GAME19950827KIOB0020
1995,1995-08-27,Reg Season,Seibu Lions,Away,L,1,Nippon-Ham Fighters,1,5,0,"0,0,0,0,0,0,0,1,0",22,Tokyo Dome,,,35000,GAME19950827NFSL0022
1995,1995-08-27,Reg Season,Nippon-Ham Fighters,Home,W,4,Seibu Lions,4,11,0,"0,1,0,0,0,1,0,2,x",22,Tokyo Dome,,,35000,GAME19950827NFSL0022
1995,1995-08-27,Reg Season,Chiba Lotte Marines,Away,W,9,Fukuoka Daiei Hawks,9,9,1,"0,4,0,3,0,0,1,1,0",23,Kitakyushu Municipal Baseball Stadium,,,21000,GAME19950827SHLM0023
1995,1995-08-27,Reg Season,Fukuoka Daiei Hawks,Home,L,3,Chiba Lotte Marines,3,10,2,"0,0,2,0,0,0,0,0,1",23,Kitakyushu Municipal Baseball Stadium,,,21000,GAME19950827SHLM0023
1995,1995-08-27,Reg Season,Chunichi Dragons,Away,L,3,Yakult Swallows,3,7,1,"2,0,0,0,0,0,0,1,0",20,Meiji Jingu Stadium,,,32000,GAME19950827YSCD0020
1995,1995-08-27,Reg Season,Yakult Swallows,Home,W,5,Chunichi Dragons,5,11,0,"0,0,0,0,1,3,0,1,x",20,Meiji Jingu Stadium,,,32000,GAME19950827YSCD0020
1995,1995-08-28,Reg Season,Orix Bluewave,Away,W,4,Kintetsu Buffaloes,4,5,0,"2,0,0,0,2,0,0,0,0",21,Fujiidera,,,21000,GAME19950828KIOB0021
1995,1995-08-28,Reg Season,Kintetsu Buffaloes,Home,L,2,Orix Bluewave,2,7,1,"0,0,2,0,0,0,0,0,0",21,Fujiidera,,,21000,GAME19950828KIOB0021
1995,1995-08-28,Reg Season,Chunichi Dragons,Away,L,1,Yakult Swallows,1,6,0,"0,0,0,0,0,0,1,0,0",21,Meiji Jingu Stadium,,,30000,GAME19950828YSCD0021
1995,1995-08-28,Reg Season,Yakult Swallows,Home,W,4,Chunichi Dragons,4,10,0,"0,0,0,2,0,2,0,0,x",21,Meiji Jingu Stadium,,,30000,GAME19950828YSCD0021
1995,1995-08-29,Reg Season,Yomiuri Giants,Away,L,4,Chunichi Dragons,4,11,2,"0,0,4,0,0,0,0,0,0",21,Nagoya,,,35000,GAME19950829CDYG0021
1995,1995-08-29,Reg Season,Chunichi Dragons,Home,W,7,Yomiuri Giants,7,12,1,"0,1,0,1,1,0,2,2,x",21,Nagoya,,,35000,GAME19950829CDYG0021
1995,1995-08-29,Reg Season,Hiroshima Toyo Carp,Away,W,7,Hanshin Tigers,7,10,0,"0,0,0,3,1,2,0,0,1",22,Hanshin Koshien Stadium,,,33000,GAME19950829HTHC0022
1995,1995-08-29,Reg Season,Hanshin Tigers,Home,L,3,Hiroshima Toyo Carp,3,8,2,"0,1,1,0,0,0,1,0,0",22,Hanshin Koshien Stadium,,,33000,GAME19950829HTHC0022
1995,1995-08-29,Reg Season,Kintetsu Buffaloes,Away,L,3,Nippon-Ham Fighters,3,7,0,"0,0,0,1,0,0,1,1,0",21,Tokyo Dome,,,16000,GAME19950829NFKI0021
1995,1995-08-29,Reg Season,Nippon-Ham Fighters,Home,W,4,Kintetsu Buffaloes,4,7,0,"0,0,0,0,0,0,0,2,2x",21,Tokyo Dome,,,16000,GAME19950829NFKI0021
1995,1995-08-29,Reg Season,Fukuoka Daiei Hawks,Away,L,0,Orix Bluewave,0,7,0,"0,0,0,0,0,0,0,0,0",23,Kobe Athletic Park Baseball Field,,,37000,GAME19950829OBSH0023
1995,1995-08-29,Reg Season,Orix Bluewave,Home,W,3,Fukuoka Daiei Hawks,3,6,0,"0,1,0,0,1,0,0,1,x",23,Kobe Athletic Park Baseball Field,,,37000,GAME19950829OBSH0023
1995,1995-08-29,Reg Season,Chiba Lotte Marines,Away,W,6,Seibu Lions,6,9,1,"0,3,0,0,3,0,0,0,0",21,Belluna Dome,,,25000,GAME19950829SLLM0021
1995,1995-08-29,Reg Season,Seibu Lions,Home,L,4,Chiba Lotte Marines,4,9,2,"1,1,2,0,0,0,0,0,0",21,Belluna Dome,,,25000,GAME19950829SLLM0021
1995,1995-08-29,Reg Season,Yokohama BayStars,Away,W,3,Yakult Swallows,3,3,2,"2,0,1,0,0,0,0,0,0",22,Meiji Jingu Stadium,,,30000,GAME19950829YSDB0022
1995,1995-08-29,Reg Season,Yakult Swallows,Home,L,2,Yokohama BayStars,2,6,1,"0,0,1,0,0,1,0,0,0",22,Meiji Jingu Stadium,,,30000,GAME19950829YSDB0022
1995,1995-08-30,Reg Season,Yomiuri Giants,Away,W,3,Chunichi Dragons,3,6,0,"1,0,0,1,1,0x",22,Nagoya,,,35000,GAME19950830CDYG0022
1995,1995-08-30,Reg Season,Chunichi Dragons,Home,L,1,Yomiuri Giants,1,2,0,"1,0,0,0,0",22,Nagoya,,,35000,GAME19950830CDYG0022
1995,1995-08-30,Reg Season,Hiroshima Toyo Carp,Away,L,0,Hanshin Tigers,0,4,0,"0,0,0,0,0",23,Hanshin Koshien Stadium,,,22000,GAME19950830HTHC0023
1995,1995-08-30,Reg Season,Hanshin Tigers,Home,W,1,Hiroshima Toyo Carp,1,4,0,"1,0,0,0,0x",23,Hanshin Koshien Stadium,,,22000,GAME19950830HTHC0023
1995,1995-08-30,Reg Season,Kintetsu Buffaloes,Away,W,8,Nippon-Ham Fighters,8,8,2,"0,0,0,0,0,0,1,5,2",22,Tokyo Dome,,,16000,GAME19950830NFKI0022
1995,1995-08-30,Reg Season,Nippon-Ham Fighters,Home,L,5,Kintetsu Buffaloes,5,7,0,"0,0,0,2,1,1,0,1,0",22,Tokyo Dome,,,16000,GAME19950830NFKI0022
1995,1995-08-30,Reg Season,Fukuoka Daiei Hawks,Away,L,2,Orix Bluewave,2,10,0,"1,0,0,0,1,0,0,0,0",24,Kobe Athletic Park Baseball Field,,,27000,GAME19950830OBSH0024
1995,1995-08-30,Reg Season,Orix Bluewave,Home,W,3,Fukuoka Daiei Hawks,3,9,0,"2,0,0,0,0,0,0,1,x",24,Kobe Athletic Park Baseball Field,,,27000,GAME19950830OBSH0024
1995,1995-08-30,Reg Season,Chiba Lotte Marines,Away,L,0,Seibu Lions,0,3,0,"0,0,0,0,0,0,0,0,0",22,Belluna Dome,,,24000,GAME19950830SLLM0022
1995,1995-08-30,Reg Season,Seibu Lions,Home,W,8,Chiba Lotte Marines,8,8,0,"4,0,0,0,0,4,0,0,x",22,Belluna Dome,,,24000,GAME19950830SLLM0022
1995,1995-08-30,Reg Season,Yokohama BayStars,Away,W,1,Yakult Swallows,1,9,0,"1,0,0,0,0,0,0,0,0",23,Meiji Jingu Stadium,,,30000,GAME19950830YSDB0023
1995,1995-08-30,Reg Season,Yakult Swallows,Home,L,0,Yokohama BayStars,0,7,0,"0,0,0,0,0,0,0,0,0",23,Meiji Jingu Stadium,,,30000,GAME19950830YSDB0023
1995,1995-08-31,Reg Season,Yomiuri Giants,Away,L,1,Chunichi Dragons,1,6,0,"1,0,0,0,0,0x",23,Nagoya,,,33000,GAME19950831CDYG0023
1995,1995-08-31,Reg Season,Chunichi Dragons,Home,W,3,Yomiuri Giants,3,4,0,"1,0,2,0,0",23,Nagoya,,,33000,GAME19950831CDYG0023
1995,1995-08-31,Reg Season,Hiroshima Toyo Carp,Away,W,3,Hanshin Tigers,3,9,1,"0,0,0,3,0,0,0,0,0",24,Hanshin Koshien Stadium,,,20000,GAME19950831HTHC0024
1995,1995-08-31,Reg Season,Hanshin Tigers,Home,L,2,Hiroshima Toyo Carp,2,4,0,"0,1,0,1,0,0,0,0,0",24,Hanshin Koshien Stadium,,,20000,GAME19950831HTHC0024
1995,1995-08-31,Reg Season,Kintetsu Buffaloes,Away,L,6,Nippon-Ham Fighters,6,12,0,"1,0,0,0,0,0,2,0,3",23,Tokyo Dome,,,13000,GAME19950831NFKI0023
1995,1995-08-31,Reg Season,Nippon-Ham Fighters,Home,W,7,Kintetsu Buffaloes,7,7,0,"6,0,0,0,0,1,0,0,x",23,Tokyo Dome,,,13000,GAME19950831NFKI0023
1995,1995-08-31,Reg Season,Chiba Lotte Marines,Away,W,4,Seibu Lions,4,7,1,"1,0,0,0,3,0,0,0,0",23,Belluna Dome,,,8000,GAME19950831SLLM0023
1995,1995-08-31,Reg Season,Seibu Lions,Home,L,2,Chiba Lotte Marines,2,6,1,"0,0,1,0,0,1,0,0,0",23,Belluna Dome,,,8000,GAME19950831SLLM0023
1995,1995-08-31,Reg Season,Yokohama BayStars,Away,L,2,Yakult Swallows,2,8,0,"0,0,0,0,0,1,0,0,1",24,Meiji Jingu Stadium,,,18000,GAME19950831YSDB0024
1995,1995-08-31,Reg Season,Yakult Swallows,Home,W,8,Yokohama BayStars,8,10,0,"0,0,3,0,4,0,1,0,x",24,Meiji Jingu Stadium,,,18000,GAME19950831YSDB0024
1995,1995-09-01,Reg Season,Orix Bluewave,Away,L,0,Chiba Lotte Marines,0,5,0,"0,0,0,0,0,0,0,0,0",20,ZOZO Marine Stadium,,,33000,GAME19950901LMOB0020
1995,1995-09-01,Reg Season,Chiba Lotte Marines,Home,W,4,Orix Bluewave,4,8,0,"0,0,1,0,1,0,1,1,x",20,ZOZO Marine Stadium,,,33000,GAME19950901LMOB0020
1995,1995-09-01,Reg Season,Hiroshima Toyo Carp,Away,T,5,Yomiuri Giants,5,17,2,"0,1,3,0,0,0,0,1,0,0,0,0,0,0,0",20,Tokyo Dome,,,55000,GAME19950901YGHC0020
1995,1995-09-01,Reg Season,Yomiuri Giants,Home,T,5,Hiroshima Toyo Carp,5,8,1,"0,0,4,0,0,0,1,0,0,0,0,0,0,0,0",20,Tokyo Dome,,,55000,GAME19950901YGHC0020
1995,1995-09-02,Reg Season,Chunichi Dragons,Away,W,4,Yokohama BayStars,4,9,0,"0,1,3,0,0,0,0,0,0",21,Obihiro no Mori Baseball Stadium,,,24000,GAME19950902DBCD0021
1995,1995-09-02,Reg Season,Yokohama BayStars,Home,L,2,Chunichi Dragons,2,5,0,"0,0,0,0,0,0,2,0,0",21,Obihiro no Mori Baseball Stadium,,,24000,GAME19950902DBCD0021
1995,1995-09-02,Reg Season,Orix Bluewave,Away,W,5,Chiba Lotte Marines,5,12,0,"1,0,0,0,0,3,0,0,1",21,ZOZO Marine Stadium,,,35000,GAME19950902LMOB0021
1995,1995-09-02,Reg Season,Chiba Lotte Marines,Home,L,1,Orix Bluewave,1,7,1,"0,0,0,0,0,0,1,0,0",21,ZOZO Marine Stadium,,,35000,GAME19950902LMOB0021
1995,1995-09-02,Reg Season,Kintetsu Buffaloes,Away,L,2,Seibu Lions,2,9,0,"2,0,0,0,0,0,0,0,0",21,Belluna Dome,,,26000,GAME19950902SLKI0021
1995,1995-09-02,Reg Season,Seibu Lions,Home,W,6,Kintetsu Buffaloes,6,11,1,"2,0,0,0,0,2,2,0,x",21,Belluna Dome,,,26000,GAME19950902SLKI0021
1995,1995-09-02,Reg Season,Hiroshima Toyo Carp,Away,L,3,Yomiuri Giants,3,7,0,"0,0,0,0,2,0,0,1,0",21,Tokyo Dome,,,55000,GAME19950902YGHC0021
1995,1995-09-02,Reg Season,Yomiuri Giants,Home,W,4,Hiroshima Toyo Carp,4,7,1,"0,0,0,1,1,1,0,0,1x",21,Tokyo Dome,,,55000,GAME19950902YGHC0021
1995,1995-09-02,Reg Season,Hanshin Tigers,Away,L,6,Yakult Swallows,6,11,0,"0,0,1,0,0,0,0,1,4",25,Meiji Jingu Stadium,,,40000,GAME19950902YSHT0025
1995,1995-10-21,JS,Yakult Swallows,Away,W,5,Orix Bluewave,5,13,1,"0,1,0,0,2,0,0,2,0",1,Kobe Athletic Park Baseball Field,,,32486,GAME19951021OBYS0001
1995,1995-10-21,JS,Orix Bluewave,Home,L,2,Yakult Swallows,2,6,0,"0,0,0,1,0,1,0,0,0",1,Kobe Athletic Park Baseball Field,,,32486,GAME19951021OBYS0001
1995,1995-10-22,JS,Yakult Swallows,Away,W,3,Orix Bluewave,3,11,1,"0,0,0,0,0,0,0,2,0,0,1",2,Kobe Athletic Park Baseball Field,,,32475,GAME19951022OBYS0002
1995,1995-10-22,JS,Orix Bluewave,Home,L,2,Yakult Swallows,2,4,0,"0,1,0,0,1,0,0,0,0,0,0",2,Kobe Athletic Park Baseball Field,,,32475,GAME19951022OBYS0002
1995,1995-10-24,JS,Orix Bluewave,Away,L,4,Yakult Swallows,4,8,0,"0,0,0,0,1,0,3,0,0,0",3,Meiji Jingu Stadium,,,32915,GAME19951024YSOB0003
1995,1995-10-24,JS,Yakult Swallows,Home,W,7,Orix Bluewave,7,12,0,"1,0,0,0,1,0,0,1,1,3X",3,Meiji Jingu Stadium,,,32915,GAME19951024YSOB0003
1995,1995-10-25,JS,Orix Bluewave,Away,W,2,Yakult Swallows,2,12,0,"0,0,0,0,0,0,0,0,1,0,0,1",4,Meiji Jingu Stadium,,,32911,GAME19951025YSOB0004
1995,1995-10-25,JS,Yakult Swallows,Home,L,1,Orix Bluewave,1,5,0,"0,0,0,0,1,0,0,0,0,0,0,0",4,Meiji Jingu Stadium,,,32911,GAME19951025YSOB0004
1995,1995-10-26,JS,Orix Bluewave,Away,L,1,Yakult Swallows,1,7,2,"1,0,0,0,0,0,0,0,0",5,Meiji Jingu Stadium,,,33112,GAME19951026YSOB0005
1995,1995-10-26,JS,Yakult Swallows,Home,W,3,Orix Bluewave,3,7,0,"0,2,0,0,1,0,0,0,x",5,Meiji Jingu Stadium,,,33112,GAME19951026YSOB0005
1995,1995-09-02,Reg Season,Yakult Swallows,Home,W,7,Hanshin Tigers,7,13,1,"0,0,0,0,0,3,4,0,x",25,Meiji Jingu Stadium,,,40000,GAME19950902YSHT0025
1995,1995-09-03,Reg Season,Chunichi Dragons,Away,L,2,Yokohama BayStars,2,5,0,"0,0,0,0,0,0,0,2,0",22,Windhill Higashi Hokkaido Stadium,,,27000,GAME19950903DBCD0022
1995,1995-09-03,Reg Season,Yokohama BayStars,Home,W,3,Chunichi Dragons,3,7,0,"0,2,0,0,0,0,0,0,1x",22,Windhill Higashi Hokkaido Stadium,,,27000,GAME19950903DBCD0022
1995,1995-09-03,Reg Season,Orix Bluewave,Away,W,10,Chiba Lotte Marines,10,14,1,"2,1,1,2,2,0,1,1,0",22,ZOZO Marine Stadium,,,35000,GAME19950903LMOB0022
1995,1995-09-03,Reg Season,Chiba Lotte Marines,Home,L,3,Orix Bluewave,3,9,1,"1,0,0,1,1,0,0,0,0",22,ZOZO Marine Stadium,,,35000,GAME19950903LMOB0022
1995,1995-09-03,Reg Season,Nippon-Ham Fighters,Away,W,12,Fukuoka Daiei Hawks,12,11,0,"1,1,0,7,0,1,0,2,0",22,Kitakyushu Municipal Baseball Stadium,,,18000,GAME19950903SHNF0022
1995,1995-09-03,Reg Season,Fukuoka Daiei Hawks,Home,L,4,Nippon-Ham Fighters,4,7,0,"3,0,0,0,0,1,0,0,0",22,Kitakyushu Municipal Baseball Stadium,,,18000,GAME19950903SHNF0022
1995,1995-09-03,Reg Season,Kintetsu Buffaloes,Away,W,6,Seibu Lions,6,7,0,"0,0,0,0,4,0,0,0,2",22,Belluna Dome,,,22000,GAME19950903SLKI0022
1995,1995-09-03,Reg Season,Seibu Lions,Home,L,1,Kintetsu Buffaloes,1,9,2,"0,0,0,0,0,0,1,0,0",22,Belluna Dome,,,22000,GAME19950903SLKI0022
1995,1995-09-03,Reg Season,Hiroshima Toyo Carp,Away,L,4,Yomiuri Giants,4,9,0,"3,0,0,0,0,1,0,0,0,0",22,Tokyo Dome,,,55000,GAME19950903YGHC0022
1995,1995-09-03,Reg Season,Yomiuri Giants,Home,W,5,Hiroshima Toyo Carp,5,14,0,"0,0,0,3,1,0,0,0,0,1x",22,Tokyo Dome,,,55000,GAME19950903YGHC0022
1995,1995-09-04,Reg Season,Orix Bluewave,Away,L,3,Chiba Lotte Marines,3,4,0,"0,0,0,0,0,0,3,0,0",23,ZOZO Marine Stadium,,,30000,GAME19950904LMOB0023
1995,1995-09-04,Reg Season,Chiba Lotte Marines,Home,W,4,Orix Bluewave,4,8,1,"1,0,0,1,2,0,0,0,x",23,ZOZO Marine Stadium,,,30000,GAME19950904LMOB0023
1995,1995-09-04,Reg Season,Nippon-Ham Fighters,Away,L,6,Fukuoka Daiei Hawks,6,7,2,"0,1,0,1,0,0,1,3,0",23,Kitakyushu Municipal Baseball Stadium,,,8000,GAME19950904SHNF0023
1995,1995-09-04,Reg Season,Fukuoka Daiei Hawks,Home,W,9,Nippon-Ham Fighters,9,10,1,"1,0,0,6,0,2,0,0,x",23,Kitakyushu Municipal Baseball Stadium,,,8000,GAME19950904SHNF0023
1995,1995-09-05,Reg Season,Hanshin Tigers,Away,L,0,Chunichi Dragons,0,5,0,"0,0,0,0,0,0,0,0,0",19,Nagoya,,,18000,GAME19950905CDHT0019
1995,1995-09-05,Reg Season,Chunichi Dragons,Home,W,1,Hanshin Tigers,1,5,0,"0,1,0,0,0,0,0,0,x",19,Nagoya,,,18000,GAME19950905CDHT0019
1995,1995-09-05,Reg Season,Yakult Swallows,Away,L,4,Hiroshima Toyo Carp,4,6,1,"0,0,0,2,0,0,2,0,0,0",21,Hiroshima citizens,,,16000,GAME19950905HCYS0021
1995,1995-09-05,Reg Season,Hiroshima Toyo Carp,Home,W,5,Yakult Swallows,5,11,0,"2,0,0,0,0,0,1,1,0,1x",21,Hiroshima citizens,,,16000,GAME19950905HCYS0021
1995,1995-09-05,Reg Season,Fukuoka Daiei Hawks,Away,W,6,Kintetsu Buffaloes,6,10,0,"1,0,0,0,3,0,0,0,2",22,Fujiidera,,,9000,GAME19950905KISH0022
1995,1995-09-05,Reg Season,Kintetsu Buffaloes,Home,L,4,Fukuoka Daiei Hawks,4,12,1,"1,0,0,2,0,1,0,0,0",22,Fujiidera,,,9000,GAME19950905KISH0022
1995,1995-09-05,Reg Season,Chiba Lotte Marines,Away,W,3,Nippon-Ham Fighters,3,8,1,"0,0,0,1,0,0,2,0,0",22,Tokyo Dome,,,18000,GAME19950905NFLM0022
1995,1995-09-05,Reg Season,Nippon-Ham Fighters,Home,L,2,Chiba Lotte Marines,2,9,0,"0,0,0,2,0,0,0,0,0",22,Tokyo Dome,,,18000,GAME19950905NFLM0022
1995,1995-09-05,Reg Season,Seibu Lions,Away,L,1,Orix Bluewave,1,4,0,"1,0,0,0,0,0,0,0,0",21,Kobe Athletic Park Baseball Field,,,23000,GAME19950905OBSL0021
1995,1995-09-05,Reg Season,Orix Bluewave,Home,W,2,Seibu Lions,2,5,1,"0,0,0,0,2,0,0,0,x",21,Kobe Athletic Park Baseball Field,,,23000,GAME19950905OBSL0021
1995,1995-09-06,Reg Season,Hanshin Tigers,Away,L,5,Chunichi Dragons,5,10,2,"0,0,1,0,1,1,2,0,0,0,0",20,Nagoya,,,17000,GAME19950906CDHT0020
1995,1995-09-06,Reg Season,Chunichi Dragons,Home,W,6,Hanshin Tigers,6,8,2,"0,0,1,0,0,4,0,0,0,0,1x",20,Nagoya,,,17000,GAME19950906CDHT0020
1995,1995-09-06,Reg Season,Yakult Swallows,Away,L,0,Hiroshima Toyo Carp,0,6,0,"0,0,0,0,0,0,0,0,0",22,Hiroshima citizens,,,18000,GAME19950906HCYS0022
1995,1995-09-06,Reg Season,Hiroshima Toyo Carp,Home,W,4,Yakult Swallows,4,7,0,"1,0,0,0,2,0,1,0,x",22,Hiroshima citizens,,,18000,GAME19950906HCYS0022
1995,1995-09-06,Reg Season,Fukuoka Daiei Hawks,Away,L,4,Kintetsu Buffaloes,4,10,1,"0,0,1,0,0,3,0,0,0",23,Fujiidera,,,7000,GAME19950906KISH0023
1995,1995-09-06,Reg Season,Kintetsu Buffaloes,Home,W,6,Fukuoka Daiei Hawks,6,8,1,"0,0,5,0,0,0,1,0,x",23,Fujiidera,,,7000,GAME19950906KISH0023
1995,1995-09-06,Reg Season,Chiba Lotte Marines,Away,W,5,Nippon-Ham Fighters,5,9,0,"0,1,0,1,0,1,2,0,0",23,Tokyo Dome,,,20000,GAME19950906NFLM0023
1995,1995-09-06,Reg Season,Nippon-Ham Fighters,Home,L,3,Chiba Lotte Marines,3,7,0,"0,1,0,0,0,0,1,1,0",23,Tokyo Dome,,,20000,GAME19950906NFLM0023
1995,1995-09-06,Reg Season,Seibu Lions,Away,L,1,Orix Bluewave,1,7,0,"1,0,0,0,0,0,0,0,0",22,Kobe Athletic Park Baseball Field,,,26000,GAME19950906OBSL0022
1995,1995-09-06,Reg Season,Orix Bluewave,Home,W,2,Seibu Lions,2,6,1,"0,0,0,0,0,0,2,0,x",22,Kobe Athletic Park Baseball Field,,,26000,GAME19950906OBSL0022
1995,1995-09-07,Reg Season,Hanshin Tigers,Away,W,9,Chunichi Dragons,9,13,0,"3,1,4,0,0,1,0,0,0",21,Nagoya,,,15000,GAME19950907CDHT0021
1995,1995-09-07,Reg Season,Chunichi Dragons,Home,L,7,Hanshin Tigers,7,13,0,"0,0,0,2,0,5,0,0,0",21,Nagoya,,,15000,GAME19950907CDHT0021
1995,1995-09-07,Reg Season,Yomiuri Giants,Away,W,9,Yokohama BayStars,9,15,1,"5,0,0,0,1,0,0,3,0",24,Yokohama Stadium,,,30000,GAME19950907DBYG0024
1995,1995-09-07,Reg Season,Yokohama BayStars,Home,L,6,Yomiuri Giants,6,12,1,"1,0,0,2,0,0,3,0,0",24,Yokohama Stadium,,,30000,GAME19950907DBYG0024
1995,1995-09-08,Reg Season,Hiroshima Toyo Carp,Away,L,3,Chunichi Dragons,3,10,0,"1,0,0,0,0,2,0,0,0",23,Nagoya,,,16000,GAME19950908CDHC0023
1995,1995-09-08,Reg Season,Chunichi Dragons,Home,W,4,Hiroshima Toyo Carp,4,13,1,"0,2,0,0,0,0,1,1,x",23,Nagoya,,,16000,GAME19950908CDHC0023
1995,1995-09-08,Reg Season,Yokohama BayStars,Away,W,6,Hanshin Tigers,6,16,0,"1,0,1,0,0,0,0,0,1,0,3",18,Hanshin Koshien Stadium,,,18000,GAME19950908HTDB0018
1995,1995-09-08,Reg Season,Hanshin Tigers,Home,L,3,Yokohama BayStars,3,15,1,"0,0,0,3,0,0,0,0,0,0,0",18,Hanshin Koshien Stadium,,,18000,GAME19950908HTDB0018
1995,1995-09-08,Reg Season,Nippon-Ham Fighters,Away,L,3,Kintetsu Buffaloes,3,12,0,"0,0,0,0,0,3,0,0,0",24,Fujiidera,,,5000,GAME19950908KINF0024
1995,1995-09-08,Reg Season,Kintetsu Buffaloes,Home,W,4,Nippon-Ham Fighters,4,12,0,"0,0,1,1,0,0,0,1,1x",24,Fujiidera,,,5000,GAME19950908KINF0024
1995,1995-09-09,Reg Season,Hiroshima Toyo Carp,Away,W,7,Chunichi Dragons,7,6,0,"2,0,1,0,2,0,0,0,2",24,Nagoya,,,30000,GAME19950909CDHC0024
1995,1995-09-09,Reg Season,Chunichi Dragons,Home,L,4,Hiroshima Toyo Carp,4,9,0,"3,0,0,0,0,0,1,0,0",24,Nagoya,,,30000,GAME19950909CDHC0024
1995,1995-09-09,Reg Season,Yokohama BayStars,Away,L,1,Hanshin Tigers,1,4,0,"1,0,0,0,0,0,0,0,0",19,Hanshin Koshien Stadium,,,36000,GAME19950909HTDB0019
1995,1995-09-09,Reg Season,Hanshin Tigers,Home,W,5,Yokohama BayStars,5,11,0,"0,0,1,1,0,0,0,3,x",19,Hanshin Koshien Stadium,,,36000,GAME19950909HTDB0019
1995,1995-09-09,Reg Season,Nippon-Ham Fighters,Away,L,2,Kintetsu Buffaloes,2,9,0,"1,0,0,1,0,0,0,0,0,0,0",25,Fujiidera,,,8000,GAME19950909KINF0025
1995,1995-09-09,Reg Season,Kintetsu Buffaloes,Home,W,3,Nippon-Ham Fighters,3,9,1,"0,2,0,0,0,0,0,0,0,0,1x",25,Fujiidera,,,8000,GAME19950909KINF0025
1995,1995-09-09,Reg Season,Seibu Lions,Away,L,1,Chiba Lotte Marines,1,5,0,"0,0,0,0,0,1,0,0,0",24,ZOZO Marine Stadium,,,26000,GAME19950909LMSL0024
1995,1995-09-09,Reg Season,Chiba Lotte Marines,Home,W,3,Seibu Lions,3,8,3,"0,0,1,0,0,0,1,1,x",24,ZOZO Marine Stadium,,,26000,GAME19950909LMSL0024
1995,1995-09-09,Reg Season,Orix Bluewave,Away,L,4,Fukuoka Daiei Hawks,4,9,0,"0,0,0,0,3,0,0,0,1",25,Mizuho PayPay Dome Fukuoka,,,48000,GAME19950909SHOB0025
1995,1995-09-09,Reg Season,Fukuoka Daiei Hawks,Home,W,6,Orix Bluewave,6,9,0,"1,0,3,2,0,0,0,0,x",25,Mizuho PayPay Dome Fukuoka,,,48000,GAME19950909SHOB0025
1995,1995-09-09,Reg Season,Yakult Swallows,Away,W,4,Yomiuri Giants,4,5,0,"0,0,0,0,2,0,0,0,2",22,Tokyo Dome,,,55000,GAME19950909YGYS0022
1995,1995-09-09,Reg Season,Yomiuri Giants,Home,L,0,Yakult Swallows,0,0,0,"0,0,0,0,0,0,0,0,0",22,Tokyo Dome,,,55000,GAME19950909YGYS0022
1995,1995-09-10,Reg Season,Hiroshima Toyo Carp,Away,W,7,Chunichi Dragons,7,10,0,"0,0,0,0,0,0,1,2,4",25,Nagoya,,,17000,GAME19950910CDHC0025
1995,1995-09-10,Reg Season,Chunichi Dragons,Home,L,6,Hiroshima Toyo Carp,6,8,0,"5,1,0,0,0,0,0,0,0",25,Nagoya,,,17000,GAME19950910CDHC0025
1995,1995-09-10,Reg Season,Yokohama BayStars,Away,L,3,Hanshin Tigers,3,8,1,"0,1,1,1,0,0,0,0,0",20,Hanshin Koshien Stadium,,,23000,GAME19950910HTDB0020
1995,1995-09-10,Reg Season,Hanshin Tigers,Home,W,13,Yokohama BayStars,13,16,0,"0,0,1,3,5,3,0,1,x",20,Hanshin Koshien Stadium,,,23000,GAME19950910HTDB0020
1995,1995-09-10,Reg Season,Nippon-Ham Fighters,Away,L,7,Kintetsu Buffaloes,7,12,1,"3,0,0,0,0,0,3,0,1",26,Fujiidera,,,6000,GAME19950910KINF0026
1995,1995-09-10,Reg Season,Kintetsu Buffaloes,Home,W,9,Nippon-Ham Fighters,9,12,1,"4,0,0,1,1,0,3,0,x",26,Fujiidera,,,6000,GAME19950910KINF0026
1995,1995-09-10,Reg Season,Seibu Lions,Away,W,5,Chiba Lotte Marines,5,10,0,"2,0,0,0,0,1,2,0,0",25,ZOZO Marine Stadium,,,25000,GAME19950910LMSL0025
1995,1995-09-10,Reg Season,Chiba Lotte Marines,Home,L,3,Seibu Lions,3,8,2,"2,0,0,0,0,0,0,0,1",25,ZOZO Marine Stadium,,,25000,GAME19950910LMSL0025
1995,1995-09-10,Reg Season,Orix Bluewave,Away,L,3,Fukuoka Daiei Hawks,3,6,0,"0,0,0,0,1,2,0,0,0",26,Mizuho PayPay Dome Fukuoka,,,48000,GAME19950910SHOB0026
1995,1995-09-10,Reg Season,Fukuoka Daiei Hawks,Home,W,4,Orix Bluewave,4,8,0,"1,0,0,0,0,1,0,2,x",26,Mizuho PayPay Dome Fukuoka,,,48000,GAME19950910SHOB0026
1995,1995-09-10,Reg Season,Yakult Swallows,Away,L,1,Yomiuri Giants,1,3,0,"0,0,0,0,1,0,0,0,0",23,Tokyo Dome,,,55000,GAME19950910YGYS0023
1995,1995-09-10,Reg Season,Yomiuri Giants,Home,W,5,Yakult Swallows,5,8,0,"2,0,0,0,2,1,0,0,x",23,Tokyo Dome,,,55000,GAME19950910YGYS0023
1995,1995-09-12,Reg Season,Yokohama BayStars,Away,W,7,Hiroshima Toyo Carp,7,8,0,"0,0,0,3,0,0,0,3,1",20,Hiroshima citizens,,,10000,GAME19950912HCDB0020
1995,1995-09-12,Reg Season,Hiroshima Toyo Carp,Home,L,3,Yokohama BayStars,3,5,0,"0,0,1,2,0,0,0,0,0",20,Hiroshima citizens,,,10000,GAME19950912HCDB0020
1995,1995-09-12,Reg Season,Fukuoka Daiei Hawks,Away,L,0,Chiba Lotte Marines,0,7,1,"0,0,0,0,0,0,0,0,0",24,ZOZO Marine Stadium,,,15000,GAME19950912LMSH0024
1995,1995-09-12,Reg Season,Chiba Lotte Marines,Home,W,9,Fukuoka Daiei Hawks,9,11,1,"0,0,1,1,0,3,0,4,x",24,ZOZO Marine Stadium,,,15000,GAME19950912LMSH0024
1995,1995-09-12,Reg Season,Kintetsu Buffaloes,Away,L,2,Orix Bluewave,2,8,0,"0,0,0,0,0,0,2,0,0",22,Kobe Athletic Park Baseball Field,,,26000,GAME19950912OBKI0022
1995,1995-09-12,Reg Season,Orix Bluewave,Home,W,7,Kintetsu Buffaloes,7,14,0,"4,0,0,0,2,0,1,0,x",22,Kobe Athletic Park Baseball Field,,,26000,GAME19950912OBKI0022
1995,1995-09-12,Reg Season,Nippon-Ham Fighters,Away,L,5,Seibu Lions,5,9,1,"3,0,0,0,0,0,0,0,2",23,Belluna Dome,,,12000,GAME19950912SLNF0023
1995,1995-09-12,Reg Season,Seibu Lions,Home,W,6,Nippon-Ham Fighters,6,7,0,"0,0,0,2,0,4,0,0,x",23,Belluna Dome,,,12000,GAME19950912SLNF0023
1995,1995-09-12,Reg Season,Hanshin Tigers,Away,L,1,Yomiuri Giants,1,9,1,"0,0,0,0,0,0,0,1,0",24,Tokyo Dome,,,55000,GAME19950912YGHT0024
1995,1995-09-12,Reg Season,Yomiuri Giants,Home,W,3,Hanshin Tigers,3,6,0,"0,0,1,0,0,1,1,0,x",24,Tokyo Dome,,,55000,GAME19950912YGHT0024
1995,1995-09-12,Reg Season,Chunichi Dragons,Away,L,2,Yakult Swallows,2,6,0,"0,0,0,0,1,0,0,0,1",22,Meiji Jingu Stadium,,,26000,GAME19950912YSCD0022
1995,1995-09-12,Reg Season,Yakult Swallows,Home,W,3,Chunichi Dragons,3,9,0,"0,0,0,0,0,1,0,0,2x",22,Meiji Jingu Stadium,,,26000,GAME19950912YSCD0022
1995,1995-09-13,Reg Season,Yokohama BayStars,Away,L,0,Hiroshima Toyo Carp,0,3,1,"0,0,0,0,0,0,0,0,0",21,Hiroshima citizens,,,11000,GAME19950913HCDB0021
1995,1995-09-13,Reg Season,Hiroshima Toyo Carp,Home,W,5,Yokohama BayStars,5,9,0,"2,1,0,0,1,0,1,0,x",21,Hiroshima citizens,,,11000,GAME19950913HCDB0021
1995,1995-09-13,Reg Season,Fukuoka Daiei Hawks,Away,L,2,Chiba Lotte Marines,2,9,0,"0,0,0,0,0,1,1,0,0",25,ZOZO Marine Stadium,,,15000,GAME19950913LMSH0025
1995,1995-09-13,Reg Season,Chiba Lotte Marines,Home,W,4,Fukuoka Daiei Hawks,4,6,0,"0,0,0,1,2,0,0,1,x",25,ZOZO Marine Stadium,,,15000,GAME19950913LMSH0025
1995,1995-09-13,Reg Season,Kintetsu Buffaloes,Away,L,4,Orix Bluewave,4,9,2,"1,0,3,0,0,0,0,0,0",23,Kobe Athletic Park Baseball Field,,,39000,GAME19950913OBKI0023
1995,1995-09-13,Reg Season,Orix Bluewave,Home,W,5,Kintetsu Buffaloes,5,5,3,"0,5,0,0,0,0,0,0,x",23,Kobe Athletic Park Baseball Field,,,39000,GAME19950913OBKI0023
1995,1995-09-13,Reg Season,Nippon-Ham Fighters,Away,L,1,Seibu Lions,1,4,0,"0,0,0,0,0,0,0,1,0",24,Belluna Dome,,,12000,GAME19950913SLNF0024
1995,1995-09-13,Reg Season,Seibu Lions,Home,W,7,Nippon-Ham Fighters,7,12,0,"0,0,0,0,1,1,0,5,x",24,Belluna Dome,,,12000,GAME19950913SLNF0024
1995,1995-09-13,Reg Season,Hanshin Tigers,Away,L,7,Yomiuri Giants,7,13,0,"1,1,0,0,0,0,0,3,2,0,0",25,Tokyo Dome,,,55000,GAME19950913YGHT0025
1995,1995-09-13,Reg Season,Yomiuri Giants,Home,W,8,Hanshin Tigers,8,13,1,"4,2,0,0,0,0,0,1,0,0,1x",25,Tokyo Dome,,,55000,GAME19950913YGHT0025
1995,1995-09-14,Reg Season,Yokohama BayStars,Away,L,1,Hiroshima Toyo Carp,1,4,2,"0,0,0,1,0,0,0,0,0",22,Hiroshima citizens,,,10000,GAME19950914HCDB0022
1995,1995-09-14,Reg Season,Hiroshima Toyo Carp,Home,W,2,Yokohama BayStars,2,4,0,"0,1,0,0,1,0,0,0,x",22,Hiroshima citizens,,,10000,GAME19950914HCDB0022
1995,1995-09-14,Reg Season,Fukuoka Daiei Hawks,Away,L,1,Chiba Lotte Marines,1,8,1,"0,0,0,0,0,0,1,0,0",26,ZOZO Marine Stadium,,,15000,GAME19950914LMSH0026
1995,1995-09-14,Reg Season,Chiba Lotte Marines,Home,W,11,Fukuoka Daiei Hawks,11,12,0,"0,3,1,0,3,0,0,4,x",26,ZOZO Marine Stadium,,,15000,GAME19950914LMSH0026
1995,1995-09-14,Reg Season,Kintetsu Buffaloes,Away,W,3,Orix Bluewave,3,7,1,"0,0,0,0,0,2,0,1,0",24,Kobe Athletic Park Baseball Field,,,39000,GAME19950914OBKI0024
1995,1995-09-14,Reg Season,Orix Bluewave,Home,L,1,Kintetsu Buffaloes,1,5,0,"0,0,0,0,1,0,0,0,0",24,Kobe Athletic Park Baseball Field,,,39000,GAME19950914OBKI0024
1995,1995-09-15,Reg Season,Yomiuri Giants,Away,W,9,Hiroshima Toyo Carp,9,14,0,"0,1,0,3,0,0,5,0,0",23,Hiroshima citizens,,,30000,GAME19950915HCYG0023
1995,1995-09-15,Reg Season,Hiroshima Toyo Carp,Home,L,3,Yomiuri Giants,3,6,0,"0,0,1,0,1,0,0,0,1",23,Hiroshima citizens,,,30000,GAME19950915HCYG0023
1995,1995-09-15,Reg Season,Chunichi Dragons,Away,L,4,Hanshin Tigers,4,7,0,"0,1,0,1,0,0,0,2,0",22,Hanshin Koshien Stadium,,,26000,GAME19950915HTCD0022
1995,1995-09-15,Reg Season,Hanshin Tigers,Home,W,5,Chunichi Dragons,5,9,1,"0,0,0,4,0,0,1,0,x",22,Hanshin Koshien Stadium,,,26000,GAME19950915HTCD0022
1995,1995-09-15,Reg Season,Seibu Lions,Away,W,6,Kintetsu Buffaloes,6,11,1,"0,0,1,0,0,0,5,0,0",23,Fujiidera,,,13000,GAME19950915KISL0023
1995,1995-09-15,Reg Season,Kintetsu Buffaloes,Home,L,0,Seibu Lions,0,5,3,"0,0,0,0,0,0,0,0,0",23,Fujiidera,,,13000,GAME19950915KISL0023
1995,1995-09-15,Reg Season,Fukuoka Daiei Hawks,Away,L,2,Nippon-Ham Fighters,2,10,0,"0,0,0,1,1,0,0,0,0",24,Tokyo Dome,,,26000,GAME19950915NFSH0024
1995,1995-09-15,Reg Season,Nippon-Ham Fighters,Home,W,3,Fukuoka Daiei Hawks,3,7,2,"0,0,0,2,0,0,0,1,x",24,Tokyo Dome,,,26000,GAME19950915NFSH0024
1995,1995-09-15,Reg Season,Chiba Lotte Marines,Away,W,1,Orix Bluewave,1,7,0,"0,0,0,1,0,0,0,0,0",24,Kobe Athletic Park Baseball Field,,,40000,GAME19950915OBLM0024
1995,1995-09-15,Reg Season,Orix Bluewave,Home,L,0,Chiba Lotte Marines,0,3,0,"0,0,0,0,0,0,0,0,0",24,Kobe Athletic Park Baseball Field,,,40000,GAME19950915OBLM0024
1995,1995-09-16,Reg Season,Yomiuri Giants,Away,L,3,Hiroshima Toyo Carp,3,8,1,"0,1,0,0,0,1,1,0,0",24,Hiroshima citizens,,,30000,GAME19950916HCYG0024
1995,1995-09-16,Reg Season,Hiroshima Toyo Carp,Home,W,10,Yomiuri Giants,10,16,1,"1,2,1,2,0,0,0,4,x",24,Hiroshima citizens,,,30000,GAME19950916HCYG0024
1995,1995-09-16,Reg Season,Fukuoka Daiei Hawks,Away,L,5,Nippon-Ham Fighters,5,12,0,"2,3,0,0,0,0,0,0,0",25,Tokyo Dome,,,23000,GAME19950916NFSH0025
1995,1995-09-16,Reg Season,Nippon-Ham Fighters,Home,W,6,Fukuoka Daiei Hawks,6,10,0,"1,2,0,0,0,0,0,2,1x",25,Tokyo Dome,,,23000,GAME19950916NFSH0025
1995,1995-09-16,Reg Season,Chiba Lotte Marines,Away,W,3,Orix Bluewave,3,10,0,"0,1,0,1,0,0,1,0,0",25,Kobe Athletic Park Baseball Field,,,35000,GAME19950916OBLM0025
1995,1995-09-16,Reg Season,Orix Bluewave,Home,L,1,Chiba Lotte Marines,1,6,1,"0,0,0,0,1,0,0,0,0",25,Kobe Athletic Park Baseball Field,,,35000,GAME19950916OBLM0025
1995,1995-09-17,Reg Season,Yomiuri Giants,Away,W,6,Hiroshima Toyo Carp,6,12,0,"0,0,0,0,0,1,1,1,0,0,0,0,3",25,Hiroshima citizens,,,18000,GAME19950917HCYG0025
1995,1995-09-17,Reg Season,Hiroshima Toyo Carp,Home,L,3,Yomiuri Giants,3,7,0,"0,0,1,0,0,0,0,0,2,0,0,0,0",25,Hiroshima citizens,,,18000,GAME19950917HCYG0025
1995,1995-09-17,Reg Season,Chunichi Dragons,Away,W,4,Hanshin Tigers,4,9,1,"0,0,0,2,0,0,0,0,0,0,2",23,Hanshin Koshien Stadium,,,23000,GAME19950917HTCD0023
1995,1995-09-17,Reg Season,Hanshin Tigers,Home,L,2,Chunichi Dragons,2,8,1,"0,0,0,2,0,0,0,0,0,0,0",23,Hanshin Koshien Stadium,,,23000,GAME19950917HTCD0023
1995,1995-09-17,Reg Season,Seibu Lions,Away,W,6,Kintetsu Buffaloes,6,12,1,"0,0,1,0,0,4,0,0,1",24,Fujiidera,,,10000,GAME19950917KISL0024
1995,1995-09-17,Reg Season,Kintetsu Buffaloes,Home,L,5,Seibu Lions,5,10,1,"3,0,0,0,1,1,0,0,0",24,Fujiidera,,,10000,GAME19950917KISL0024
1995,1995-09-17,Reg Season,Fukuoka Daiei Hawks,Away,W,3,Nippon-Ham Fighters,3,9,1,"1,1,0,0,0,0,0,0,1",26,Tokyo Dome,,,8000,GAME19950917NFSH0026
1995,1995-09-17,Reg Season,Nippon-Ham Fighters,Home,L,1,Fukuoka Daiei Hawks,1,4,1,"1,0,0,0,0,0,0,0,0",26,Tokyo Dome,,,8000,GAME19950917NFSH0026
1995,1995-09-17,Reg Season,Chiba Lotte Marines,Away,W,6,Orix Bluewave,6,10,0,"0,0,0,1,0,0,0,5,0",26,Kobe Athletic Park Baseball Field,,,40000,GAME19950917OBLM0026
1995,1995-09-17,Reg Season,Orix Bluewave,Home,L,3,Chiba Lotte Marines,3,7,0,"0,3,0,0,0,0,0,0,0",26,Kobe Athletic Park Baseball Field,,,40000,GAME19950917OBLM0026
1995,1995-09-18,Reg Season,Seibu Lions,Away,T,2,Kintetsu Buffaloes,2,9,2,"2,0,0,0,0,0,0,0,0,0,0,0",25,Fujiidera,,,5000,GAME19950918KISL0025
1995,1995-09-18,Reg Season,Kintetsu Buffaloes,Home,T,2,Seibu Lions,2,10,0,"2,0,0,0,0,0,0,0,0,0,0,0",25,Fujiidera,,,5000,GAME19950918KISL0025
1995,1995-09-19,Reg Season,Hanshin Tigers,Away,L,1,Yokohama BayStars,1,5,0,"0,0,0,0,0,0,1,0,0",21,Yokohama Stadium,,,18000,GAME19950919DBHT0021
1995,1995-09-19,Reg Season,Yokohama BayStars,Home,W,4,Hanshin Tigers,4,10,0,"0,1,0,0,0,0,0,0,3x",21,Yokohama Stadium,,,18000,GAME19950919DBHT0021
1995,1995-09-19,Reg Season,Nippon-Ham Fighters,Away,W,6,Chiba Lotte Marines,6,11,2,"3,0,0,1,0,2,0,0,0",24,ZOZO Marine Stadium,,,9000,GAME19950919LMNF0024
1995,1995-09-19,Reg Season,Chiba Lotte Marines,Home,L,5,Nippon-Ham Fighters,5,8,1,"0,0,2,0,1,1,0,1,0",24,ZOZO Marine Stadium,,,9000,GAME19950919LMNF0024
1995,1995-09-19,Reg Season,Kintetsu Buffaloes,Away,L,2,Fukuoka Daiei Hawks,2,9,0,"1,0,0,0,0,0,0,0,1",24,Mizuho PayPay Dome Fukuoka,,,36000,GAME19950919SHKI0024
1995,1995-09-19,Reg Season,Fukuoka Daiei Hawks,Home,W,5,Kintetsu Buffaloes,5,9,0,"0,2,0,2,1,0,0,0,x",24,Mizuho PayPay Dome Fukuoka,,,36000,GAME19950919SHKI0024
1995,1995-09-19,Reg Season,Orix Bluewave,Away,W,8,Seibu Lions,8,16,1,"0,1,0,1,2,1,1,2,0",23,Belluna Dome,,,50000,GAME19950919SLOB0023
1995,1995-09-19,Reg Season,Seibu Lions,Home,L,2,Orix Bluewave,2,8,0,"0,1,0,0,0,1,0,0,0",23,Belluna Dome,,,50000,GAME19950919SLOB0023
1995,1995-09-19,Reg Season,Chunichi Dragons,Away,L,0,Yomiuri Giants,0,7,1,"0,0,0,0,0,0,0,0,0",24,Tokyo Dome,,,55000,GAME19950919YGCD0024
1995,1995-09-19,Reg Season,Yomiuri Giants,Home,W,10,Chunichi Dragons,10,9,0,"0,3,0,2,5,0,0,0,x",24,Tokyo Dome,,,55000,GAME19950919YGCD0024
1995,1995-09-19,Reg Season,Hiroshima Toyo Carp,Away,L,0,Yakult Swallows,0,4,0,"0,0,0,0,0,0,0,0,0",23,Meiji Jingu Stadium,,,38000,GAME19950919YSHC0023
1995,1995-09-19,Reg Season,Yakult Swallows,Home,W,1,Hiroshima Toyo Carp,1,4,0,"0,0,0,0,0,0,0,0,1x",23,Meiji Jingu Stadium,,,38000,GAME19950919YSHC0023
1995,1995-09-20,Reg Season,Hanshin Tigers,Away,W,5,Yokohama BayStars,5,13,1,"1,0,0,2,0,0,2,0,0",22,Yokohama Stadium,,,19000,GAME19950920DBHT0022
1995,1995-09-20,Reg Season,Yokohama BayStars,Home,L,4,Hanshin Tigers,4,8,0,"0,0,0,2,0,0,0,2,0",22,Yokohama Stadium,,,19000,GAME19950920DBHT0022
1995,1995-09-20,Reg Season,Nippon-Ham Fighters,Away,L,2,Chiba Lotte Marines,2,7,0,"1,0,1,0,0,0,0,0,0",25,ZOZO Marine Stadium,,,7000,GAME19950920LMNF0025
1995,1995-09-20,Reg Season,Chiba Lotte Marines,Home,W,4,Nippon-Ham Fighters,4,8,1,"0,2,1,0,0,0,1,0,x",25,ZOZO Marine Stadium,,,7000,GAME19950920LMNF0025
1995,1995-09-20,Reg Season,Kintetsu Buffaloes,Away,W,6,Fukuoka Daiei Hawks,6,13,0,"0,0,0,1,0,0,0,1,4",25,Mizuho PayPay Dome Fukuoka,,,35000,GAME19950920SHKI0025
1995,1995-09-20,Reg Season,Fukuoka Daiei Hawks,Home,L,4,Kintetsu Buffaloes,4,9,0,"2,0,1,0,0,0,1,0,0",25,Mizuho PayPay Dome Fukuoka,,,35000,GAME19950920SHKI0025
1995,1995-09-20,Reg Season,Orix Bluewave,Away,W,3,Seibu Lions,3,8,1,"0,2,0,0,0,0,0,1,0",24,Belluna Dome,,,26000,GAME19950920SLOB0024
1995,1995-09-20,Reg Season,Seibu Lions,Home,L,1,Orix Bluewave,1,5,0,"1,0,0,0,0,0,0,0,0",24,Belluna Dome,,,26000,GAME19950920SLOB0024
1995,1995-09-20,Reg Season,Chunichi Dragons,Away,L,2,Yomiuri Giants,2,8,1,"0,0,0,0,0,1,0,1,0",25,Tokyo Dome,,,55000,GAME19950920YGCD0025
1995,1995-09-20,Reg Season,Yomiuri Giants,Home,W,9,Chunichi Dragons,9,11,1,"2,0,0,0,6,0,1,0,x",25,Tokyo Dome,,,55000,GAME19950920YGCD0025
1995,1995-09-20,Reg Season,Hiroshima Toyo Carp,Away,L,4,Yakult Swallows,4,9,0,"1,0,0,0,3,0,0,0,0,0",24,Meiji Jingu Stadium,,,38000,GAME19950920YSHC0024
1995,1995-09-20,Reg Season,Yakult Swallows,Home,W,5,Hiroshima Toyo Carp,5,8,0,"0,0,1,0,0,1,0,0,2,1x",24,Meiji Jingu Stadium,,,38000,GAME19950920YSHC0024
1995,1995-09-21,Reg Season,Hanshin Tigers,Away,L,2,Yokohama BayStars,2,9,2,"0,2,0,0,0,0,0,0,0",23,Yokohama Stadium,,,16000,GAME19950921DBHT0023
1995,1995-09-21,Reg Season,Yokohama BayStars,Home,W,7,Hanshin Tigers,7,8,1,"0,0,1,3,3,0,0,0,x",23,Yokohama Stadium,,,16000,GAME19950921DBHT0023
1995,1995-09-21,Reg Season,Nippon-Ham Fighters,Away,W,4,Chiba Lotte Marines,4,9,3,"0,0,0,0,0,3,0,1,0",26,ZOZO Marine Stadium,,,7000,GAME19950921LMNF0026
1995,1995-09-21,Reg Season,Chiba Lotte Marines,Home,L,3,Nippon-Ham Fighters,3,9,1,"1,0,0,2,0,0,0,0,0",26,ZOZO Marine Stadium,,,7000,GAME19950921LMNF0026
1995,1995-09-21,Reg Season,Orix Bluewave,Away,L,2,Seibu Lions,2,10,3,"0,0,0,0,0,0,0,0,2,0,0,0",25,Belluna Dome,,,18000,GAME19950921SLOB0025
1995,1995-09-21,Reg Season,Seibu Lions,Home,W,3,Orix Bluewave,3,11,0,"1,0,0,0,0,0,1,0,0,0,0,1x",25,Belluna Dome,,,18000,GAME19950921SLOB0025
1995,1995-09-21,Reg Season,Hiroshima Toyo Carp,Away,W,4,Yakult Swallows,4,7,1,"0,0,0,0,1,1,0,2,0",25,Meiji Jingu Stadium,,,32000,GAME19950921YSHC0025
1995,1995-09-21,Reg Season,Yakult Swallows,Home,L,2,Hiroshima Toyo Carp,2,5,0,"0,0,0,1,0,0,0,1,0",25,Meiji Jingu Stadium,,,32000,GAME19950921YSHC0025
1995,1995-09-22,Reg Season,Yakult Swallows,Away,L,5,Chunichi Dragons,5,13,2,"0,0,1,0,0,0,2,0,2",23,Nagoya,,,16000,GAME19950922CDYS0023
1995,1995-09-22,Reg Season,Chunichi Dragons,Home,W,6,Yakult Swallows,6,6,0,"0,1,2,0,0,3,0,0,x",23,Nagoya,,,16000,GAME19950922CDYS0023
1995,1995-09-22,Reg Season,Hiroshima Toyo Carp,Away,L,12,Yokohama BayStars,12,17,1,"1,0,4,2,4,0,1,0,0",23,Yokohama Stadium,,,12000,GAME19950922DBHC0023
1995,1995-09-22,Reg Season,Yokohama BayStars,Home,W,15,Hiroshima Toyo Carp,15,15,2,"0,6,7,2,0,0,0,0,x",23,Yokohama Stadium,,,12000,GAME19950922DBHC0023
1995,1995-09-22,Reg Season,Kintetsu Buffaloes,Away,W,3,Chiba Lotte Marines,3,7,0,"0,1,1,1,0,0,0,0,0",23,ZOZO Marine Stadium,,,9000,GAME19950922LMKI0023
1995,1995-09-22,Reg Season,Chiba Lotte Marines,Home,L,1,Kintetsu Buffaloes,1,6,2,"0,0,0,1,0,0,0,0,0",23,ZOZO Marine Stadium,,,9000,GAME19950922LMKI0023
1995,1995-09-22,Reg Season,Orix Bluewave,Away,L,6,Nippon-Ham Fighters,6,10,1,"0,0,0,4,0,1,0,0,1",23,Tokyo Dome,,,45000,GAME19950922NFOB0023
1995,1995-09-22,Reg Season,Nippon-Ham Fighters,Home,W,7,Orix Bluewave,7,15,1,"0,0,1,0,0,0,1,0,5x",23,Tokyo Dome,,,45000,GAME19950922NFOB0023
1995,1995-09-23,Reg Season,Yakult Swallows,Away,L,6,Chunichi Dragons,6,11,0,"2,2,0,0,0,1,0,0,1",24,Nagoya,,,28000,GAME19950923CDYS0024
1995,1995-09-23,Reg Season,Chunichi Dragons,Home,W,7,Yakult Swallows,7,6,1,"0,2,3,2,0,0,0,0,x",24,Nagoya,,,28000,GAME19950923CDYS0024
1995,1995-09-23,Reg Season,Hiroshima Toyo Carp,Away,W,7,Yokohama BayStars,7,13,0,"1,0,3,1,2,0,0,0,0",24,Yokohama Stadium,,,24000,GAME19950923DBHC0024
1995,1995-09-23,Reg Season,Yokohama BayStars,Home,L,4,Hiroshima Toyo Carp,4,7,3,"4,0,0,0,0,0,0,0,0",24,Yokohama Stadium,,,24000,GAME19950923DBHC0024
1995,1995-09-23,Reg Season,Yomiuri Giants,Away,W,5,Hanshin Tigers,5,9,1,"1,0,0,0,0,2,0,0,2",26,Hanshin Koshien Stadium,,,48000,GAME19950923HTYG0026
1995,1995-09-23,Reg Season,Hanshin Tigers,Home,L,2,Yomiuri Giants,2,6,0,"0,0,0,0,0,2,0,0,0",26,Hanshin Koshien Stadium,,,48000,GAME19950923HTYG0026
1995,1995-09-23,Reg Season,Kintetsu Buffaloes,Away,W,3,Chiba Lotte Marines,3,7,1,"0,0,0,0,0,1,1,1,0",24,ZOZO Marine Stadium,,,20000,GAME19950923LMKI0024
1995,1995-09-23,Reg Season,Chiba Lotte Marines,Home,L,2,Kintetsu Buffaloes,2,8,1,"1,0,1,0,0,0,0,0,0",24,ZOZO Marine Stadium,,,20000,GAME19950923LMKI0024
1995,1995-09-23,Reg Season,Orix Bluewave,Away,L,7,Nippon-Ham Fighters,7,9,1,"0,0,0,0,5,0,1,1,0",24,Tokyo Dome,,,53000,GAME19950923NFOB0024
1995,1995-09-23,Reg Season,Nippon-Ham Fighters,Home,W,9,Orix Bluewave,9,13,0,"0,0,0,1,0,0,7,1,x",24,Tokyo Dome,,,53000,GAME19950923NFOB0024
1995,1995-09-23,Reg Season,Seibu Lions,Away,W,2,Fukuoka Daiei Hawks,2,6,1,"1,0,0,0,0,0,0,1,0",22,Mizuho PayPay Dome Fukuoka,,,48000,GAME19950923SHSL0022
1995,1995-09-23,Reg Season,Fukuoka Daiei Hawks,Home,L,0,Seibu Lions,0,5,1,"0,0,0,0,0,0,0,0,0",22,Mizuho PayPay Dome Fukuoka,,,48000,GAME19950923SHSL0022
1995,1995-09-24,Reg Season,Yakult Swallows,Away,W,4,Chunichi Dragons,4,8,1,"0,3,0,0,1,0,0,0,0",25,Nagoya,,,15000,GAME19950924CDYS0025
1995,1995-09-24,Reg Season,Chunichi Dragons,Home,L,1,Yakult Swallows,1,2,1,"0,0,0,0,1,0,0,0,0",25,Nagoya,,,15000,GAME19950924CDYS0025
1995,1995-09-24,Reg Season,Hiroshima Toyo Carp,Away,W,4,Yokohama BayStars,4,4,0,"1,0,0,0,0,0,0,1,2",25,Yokohama Stadium,,,17000,GAME19950924DBHC0025
1995,1995-09-24,Reg Season,Yokohama BayStars,Home,L,1,Hiroshima Toyo Carp,1,8,0,"0,0,0,0,1,0,0,0,0",25,Yokohama Stadium,,,17000,GAME19950924DBHC0025
1995,1995-09-24,Reg Season,Kintetsu Buffaloes,Away,W,4,Chiba Lotte Marines,4,13,0,"2,0,0,0,0,0,2,0,0",25,ZOZO Marine Stadium,,,12000,GAME19950924LMKI0025
1995,1995-09-24,Reg Season,Chiba Lotte Marines,Home,L,2,Kintetsu Buffaloes,2,11,1,"0,0,0,0,0,0,1,1,0",25,ZOZO Marine Stadium,,,12000,GAME19950924LMKI0025
1995,1995-09-24,Reg Season,Orix Bluewave,Away,W,1,Nippon-Ham Fighters,1,4,1,"0,0,0,0,0,0,1,0,0",25,Tokyo Dome,,,45000,GAME19950924NFOB0025
1995,1995-09-24,Reg Season,Nippon-Ham Fighters,Home,L,0,Orix Bluewave,0,5,0,"0,0,0,0,0,0,0,0,0",25,Tokyo Dome,,,45000,GAME19950924NFOB0025
1995,1995-09-24,Reg Season,Seibu Lions,Away,W,4,Fukuoka Daiei Hawks,4,7,0,"0,1,0,0,0,0,1,0,2",23,Mizuho PayPay Dome Fukuoka,,,48000,GAME19950924SHSL0023
1995,1995-09-24,Reg Season,Fukuoka Daiei Hawks,Home,L,2,Seibu Lions,2,10,0,"0,0,0,1,0,1,0,0,0",23,Mizuho PayPay Dome Fukuoka,,,48000,GAME19950924SHSL0023
1995,1995-09-25,Reg Season,Kintetsu Buffaloes,Away,L,1,Chiba Lotte Marines,1,9,0,"0,0,0,0,0,0,0,1,0",26,ZOZO Marine Stadium,,,20000,GAME19950925LMKI0026
1995,1995-09-25,Reg Season,Chiba Lotte Marines,Home,W,9,Kintetsu Buffaloes,9,18,0,"1,2,1,0,0,1,1,3,x",26,ZOZO Marine Stadium,,,20000,GAME19950925LMKI0026
1995,1995-09-26,Reg Season,Chunichi Dragons,Away,W,5,Hiroshima Toyo Carp,5,12,0,"0,0,0,3,2,0,0,0,0",26,Hiroshima citizens,,,10000,GAME19950926HCCD0026
1995,1995-09-26,Reg Season,Hiroshima Toyo Carp,Home,L,1,Chunichi Dragons,1,5,1,"0,0,0,0,0,0,0,1,0",26,Hiroshima citizens,,,10000,GAME19950926HCCD0026
1995,1995-09-26,Reg Season,Yakult Swallows,Away,W,2,Hanshin Tigers,2,12,0,"0,0,1,0,0,0,0,0,0,1",26,Hanshin Koshien Stadium,,,26000,GAME19950926HTYS0026
1995,1995-09-26,Reg Season,Hanshin Tigers,Home,L,1,Yakult Swallows,1,5,0,"0,0,0,0,0,0,0,1,0,0",26,Hanshin Koshien Stadium,,,26000,GAME19950926HTYS0026
1995,1995-09-26,Reg Season,Fukuoka Daiei Hawks,Away,L,4,Kintetsu Buffaloes,4,5,1,"0,1,3,0,0,0,0,0,0",26,Fujiidera,,,5000,GAME19950926KISH0026
1995,1995-09-26,Reg Season,Kintetsu Buffaloes,Home,W,6,Fukuoka Daiei Hawks,6,13,0,"0,1,1,0,0,0,0,4,x",26,Fujiidera,,,5000,GAME19950926KISH0026
1995,1995-09-26,Reg Season,Seibu Lions,Away,L,3,Orix Bluewave,3,7,0,"0,0,0,0,0,0,1,0,2",26,Kobe Athletic Park Baseball Field,,,28000,GAME19950926OBSL0026
1995,1995-09-26,Reg Season,Orix Bluewave,Home,W,4,Seibu Lions,4,7,1,"2,0,0,0,0,0,2,0,x",26,Kobe Athletic Park Baseball Field,,,28000,GAME19950926OBSL0026
1995,1995-09-26,Reg Season,Yokohama BayStars,Away,L,4,Yomiuri Giants,4,6,0,"0,0,0,2,0,2,0,0,0",25,Tokyo Dome,,,55000,GAME19950926YGDB0025
1995,1995-09-26,Reg Season,Yomiuri Giants,Home,W,5,Yokohama BayStars,5,8,1,"2,0,0,0,0,2,0,1,x",25,Tokyo Dome,,,55000,GAME19950926YGDB0025
1995,1995-09-27,Reg Season,Yokohama BayStars,Away,W,4,Yomiuri Giants,4,8,0,"1,0,0,0,0,0,1,2,0",26,Tokyo Dome,,,55000,GAME19950927YGDB0026
1995,1995-09-27,Reg Season,Yomiuri Giants,Home,L,1,Yokohama BayStars,1,6,1,"0,0,0,0,0,1,0,0,0",26,Tokyo Dome,,,55000,GAME19950927YGDB0026
1995,1995-09-28,Reg Season,Nippon-Ham Fighters,Away,L,2,Orix Bluewave,2,4,1,"0,0,0,0,0,0,2,0,0",26,Kobe Athletic Park Baseball Field,,,16000,GAME19950928OBNF0026
1995,1995-09-28,Reg Season,Orix Bluewave,Home,W,4,Nippon-Ham Fighters,4,10,0,"0,0,0,1,0,1,2,0,x",26,Kobe Athletic Park Baseball Field,,,16000,GAME19950928OBNF0026
1995,1995-09-28,Reg Season,Chiba Lotte Marines,Away,W,6,Seibu Lions,6,11,1,"0,0,4,1,0,0,0,1,0",26,Belluna Dome,,,5000,GAME19950928SLLM0026
1995,1995-09-28,Reg Season,Seibu Lions,Home,L,1,Chiba Lotte Marines,1,4,0,"0,0,0,0,1,0,0,0,0",26,Belluna Dome,,,5000,GAME19950928SLLM0026
1995,1995-09-29,Reg Season,Yokohama BayStars,Away,W,4,Chunichi Dragons,4,8,2,"0,0,1,1,0,0,2,0,0",23,Nagoya,,,15000,GAME19950929CDDB0023
1995,1995-09-29,Reg Season,Chunichi Dragons,Home,L,2,Yokohama BayStars,2,6,0,"0,0,0,0,1,0,0,0,1",23,Nagoya,,,15000,GAME19950929CDDB0023
1995,1995-09-29,Reg Season,Fukuoka Daiei Hawks,Away,L,1,Seibu Lions,1,6,1,"0,0,1,0,0,0,0,0,0",24,Belluna Dome,,,5000,GAME19950929SLSH0024
1995,1995-09-29,Reg Season,Seibu Lions,Home,W,3,Fukuoka Daiei Hawks,3,8,0,"1,1,1,0,0,0,0,0,x",24,Belluna Dome,,,5000,GAME19950929SLSH0024
1995,1995-09-29,Reg Season,Yomiuri Giants,Away,W,5,Yakult Swallows,5,12,0,"0,0,0,0,1,0,4,0,0",24,Meiji Jingu Stadium,,,48000,GAME19950929YSYG0024
1995,1995-09-29,Reg Season,Yakult Swallows,Home,L,2,Yomiuri Giants,2,6,0,"2,0,0,0,0,0,0,0,0",24,Meiji Jingu Stadium,,,48000,GAME19950929YSYG0024
1995,1995-09-30,Reg Season,Yokohama BayStars,Away,W,7,Chunichi Dragons,7,11,1,"0,2,0,0,3,0,0,2,0",24,Nagoya,,,20000,GAME19950930CDDB0024
1995,1995-09-30,Reg Season,Chunichi Dragons,Home,L,6,Yokohama BayStars,6,8,0,"0,0,0,0,2,4,0,0,0",24,Nagoya,,,20000,GAME19950930CDDB0024
1995,1995-09-30,Reg Season,Hanshin Tigers,Away,W,4,Hiroshima Toyo Carp,4,7,1,"0,0,1,0,0,3,0,0,0",25,Hiroshima citizens,,,14000,GAME19950930HCHT0025
1995,1995-09-30,Reg Season,Hiroshima Toyo Carp,Home,L,3,Hanshin Tigers,3,8,1,"1,0,0,1,0,1,0,0,0",25,Hiroshima citizens,,,14000,GAME19950930HCHT0025
1995,1995-09-30,Reg Season,Kintetsu Buffaloes,Away,L,0,Orix Bluewave,0,5,1,"0,0,0,0,0,0,0,0,0",25,Kobe Athletic Park Baseball Field,,,20000,GAME19950930OBKI0025
1995,1995-09-30,Reg Season,Orix Bluewave,Home,W,4,Kintetsu Buffaloes,4,11,0,"0,2,1,0,1,0,0,0,x",25,Kobe Athletic Park Baseball Field,,,20000,GAME19950930OBKI0025
1995,1995-09-30,Reg Season,Fukuoka Daiei Hawks,Away,T,3,Seibu Lions,3,9,0,"0,0,0,0,0,3,0,0,0,0,0,0",25,Belluna Dome,,,12000,GAME19950930SLSH0025
1995,1995-09-30,Reg Season,Seibu Lions,Home,T,3,Fukuoka Daiei Hawks,3,7,0,"0,0,1,2,0,0,0,0,0,0,0,0",25,Belluna Dome,,,12000,GAME19950930SLSH0025
1995,1995-09-30,Reg Season,Yomiuri Giants,Away,L,0,Yakult Swallows,0,3,0,"0,0,0,0,0,0,0,0,0",25,Meiji Jingu Stadium,,,48000,GAME19950930YSYG0025
1995,1995-09-30,Reg Season,Yakult Swallows,Home,W,5,Yomiuri Giants,5,10,0,"0,1,0,1,2,0,0,1,x",25,Meiji Jingu Stadium,,,48000,GAME19950930YSYG0025
1995,1995-10-01,Reg Season,Yokohama BayStars,Away,L,6,Chunichi Dragons,6,10,0,"0,1,0,1,0,1,2,0,1",25,Nagoya,,,17000,GAME19951001CDDB0025
1995,1995-10-01,Reg Season,Chunichi Dragons,Home,W,7,Yokohama BayStars,7,13,0,"3,0,4,0,0,0,0,0,x",25,Nagoya,,,17000,GAME19951001CDDB0025
1995,1995-10-01,Reg Season,Fukuoka Daiei Hawks,Away,L,7,Seibu Lions,7,11,1,"0,1,0,0,0,0,5,0,1",26,Belluna Dome,,,22000,GAME19951001SLSH0026
1995,1995-10-01,Reg Season,Seibu Lions,Home,W,8,Fukuoka Daiei Hawks,8,8,0,"1,0,3,1,0,0,3,0,x",26,Belluna Dome,,,22000,GAME19951001SLSH0026
1995,1995-10-01,Reg Season,Yomiuri Giants,Away,L,3,Yakult Swallows,3,6,1,"0,0,0,2,0,0,0,0,1",26,Meiji Jingu Stadium,,,48000,GAME19951001YSYG0026
1995,1995-10-01,Reg Season,Yakult Swallows,Home,W,8,Yomiuri Giants,8,10,1,"0,3,2,2,0,1,0,0,x",26,Meiji Jingu Stadium,,,48000,GAME19951001YSYG0026
1995,1995-10-02,Reg Season,Chunichi Dragons,Away,W,3,Hanshin Tigers,3,9,0,"2,0,0,0,0,1,0,0,0",24,Hanshin Koshien Stadium,,,8000,GAME19951002HTCD0024
1995,1995-10-02,Reg Season,Hanshin Tigers,Home,L,2,Chunichi Dragons,2,10,1,"0,0,0,0,0,0,1,1,0",24,Hanshin Koshien Stadium,,,8000,GAME19951002HTCD0024
1995,1995-10-02,Reg Season,Kintetsu Buffaloes,Away,L,3,Orix Bluewave,3,10,0,"0,0,0,0,0,1,0,2,0",26,Kobe Athletic Park Baseball Field,,,29000,GAME19951002OBKI0026
1995,1995-10-02,Reg Season,Orix Bluewave,Home,W,5,Kintetsu Buffaloes,5,9,1,"0,0,0,3,2,0,0,0,x",26,Kobe Athletic Park Baseball Field,,,29000,GAME19951002OBKI0026
1995,1995-10-03,Reg Season,Yakult Swallows,Away,W,8,Yokohama BayStars,8,12,0,"7,0,0,0,0,1,0,0,0",25,Yokohama Stadium,,,15000,GAME19951003DBYS0025
1995,1995-10-03,Reg Season,Yokohama BayStars,Home,L,7,Yakult Swallows,7,13,0,"3,0,2,0,0,0,2,0,0",25,Yokohama Stadium,,,15000,GAME19951003DBYS0025
1995,1995-10-03,Reg Season,Yomiuri Giants,Away,L,3,Hiroshima Toyo Carp,3,5,1,"0,0,0,0,0,2,0,1,0",26,Hiroshima citizens,,,11000,GAME19951003HCYG0026
1995,1995-10-03,Reg Season,Hiroshima Toyo Carp,Home,W,6,Yomiuri Giants,6,8,1,"0,1,0,5,0,0,0,0,x",26,Hiroshima citizens,,,11000,GAME19951003HCYG0026
1995,1995-10-03,Reg Season,Chunichi Dragons,Away,W,5,Hanshin Tigers,5,8,0,"0,0,0,0,0,0,0,0,0,5",25,Hanshin Koshien Stadium,,,8000,GAME19951003HTCD0025
1995,1995-10-03,Reg Season,Hanshin Tigers,Home,L,0,Chunichi Dragons,0,5,0,"0,0,0,0,0,0,0,0,0,0",25,Hanshin Koshien Stadium,,,8000,GAME19951003HTCD0025
1995,1995-10-03,Reg Season,Nippon-Ham Fighters,Away,L,0,Seibu Lions,0,4,0,"0,0,0,0,0,0,0,0,0",25,Belluna Dome,,,7000,GAME19951003SLNF0025
1995,1995-10-03,Reg Season,Seibu Lions,Home,W,2,Nippon-Ham Fighters,2,4,1,"0,1,0,0,0,1,0,0,x",25,Belluna Dome,,,7000,GAME19951003SLNF0025
1995,1995-10-04,Reg Season,Yokohama BayStars,Away,L,6,Hanshin Tigers,6,10,0,"0,0,0,0,3,3,0,0,0",24,Hanshin Koshien Stadium,,,7000,GAME19951004HTDB0024
1995,1995-10-04,Reg Season,Hanshin Tigers,Home,W,10,Yokohama BayStars,10,13,0,"3,3,0,3,1,0,0,0,x",24,Hanshin Koshien Stadium,,,7000,GAME19951004HTDB0024
1995,1995-10-04,Reg Season,Nippon-Ham Fighters,Away,L,4,Seibu Lions,4,10,1,"1,0,0,0,1,2,0,0,0",26,Belluna Dome,,,24000,GAME19951004SLNF0026
1995,1995-10-04,Reg Season,Seibu Lions,Home,W,5,Nippon-Ham Fighters,5,9,0,"0,0,1,0,0,1,3,0,x",26,Belluna Dome,,,24000,GAME19951004SLNF0026
1995,1995-10-06,Reg Season,Yomiuri Giants,Away,L,1,Chunichi Dragons,1,5,0,"0,0,0,0,1,0,0,0,0",26,Nagoya,,,16000,GAME19951006CDYG0026
1995,1995-10-06,Reg Season,Chunichi Dragons,Home,W,2,Yomiuri Giants,2,8,0,"0,0,1,0,0,0,0,0,1x",26,Nagoya,,,16000,GAME19951006CDYG0026
1995,1995-10-06,Reg Season,Yokohama BayStars,Away,W,4,Hanshin Tigers,4,7,0,"0,0,0,0,0,0,0,0,4",25,Hanshin Koshien Stadium,,,16000,GAME19951006HTDB0025
1995,1995-10-06,Reg Season,Hanshin Tigers,Home,L,3,Yokohama BayStars,3,8,0,"0,0,0,0,0,0,3,0,0",25,Hanshin Koshien Stadium,,,16000,GAME19951006HTDB0025
1995,1995-10-06,Reg Season,Seibu Lions,Away,W,6,Kintetsu Buffaloes,6,12,0,"3,0,0,0,2,1,0,0,0",26,Fujiidera,,,4000,GAME19951006KISL0026
1995,1995-10-06,Reg Season,Kintetsu Buffaloes,Home,L,0,Seibu Lions,0,3,0,"0,0,0,0,0,0,0,0,0",26,Fujiidera,,,4000,GAME19951006KISL0026
1995,1995-10-06,Reg Season,Hiroshima Toyo Carp,Away,L,2,Yakult Swallows,2,11,2,"0,0,1,1,0,0,0,0,0",26,Meiji Jingu Stadium,,,18000,GAME19951006YSHC0026
1995,1995-10-06,Reg Season,Yakult Swallows,Home,W,4,Hiroshima Toyo Carp,4,6,2,"0,0,0,1,1,0,0,2,x",26,Meiji Jingu Stadium,,,18000,GAME19951006YSHC0026
1995,1995-10-07,Reg Season,Yokohama BayStars,Away,W,5,Chunichi Dragons,5,8,0,"1,2,0,0,1,0,1,0,0",26,Nagoya,,,13000,GAME19951007CDDB0026
1995,1995-10-07,Reg Season,Chunichi Dragons,Home,L,0,Yokohama BayStars,0,7,0,"0,0,0,0,0,0,0,0,0",26,Nagoya,,,13000,GAME19951007CDDB0026
1995,1995-10-08,Reg Season,Yakult Swallows,Away,L,4,Chunichi Dragons,4,7,0,"0,3,1,0,0,0,0,0,0",26,Nagoya,,,11000,GAME19951008CDYS0026
1995,1995-10-08,Reg Season,Chunichi Dragons,Home,W,6,Yakult Swallows,6,13,1,"0,1,0,1,0,1,1,2,x",26,Nagoya,,,11000,GAME19951008CDYS0026
1995,1995-10-08,Reg Season,Hanshin Tigers,Away,W,4,Yokohama BayStars,4,6,0,"0,0,1,0,0,0,2,0,0,0,1",26,Yokohama Stadium,,,11000,GAME19951008DBHT0026
1995,1995-10-08,Reg Season,Yokohama BayStars,Home,L,3,Hanshin Tigers,3,7,1,"0,0,2,0,0,0,0,0,1,0,0",26,Yokohama Stadium,,,11000,GAME19951008DBHT0026
1995,1995-10-08,Reg Season,Hiroshima Toyo Carp,Away,W,3,Yomiuri Giants,3,9,0,"0,1,0,2,0,0,0,0,0",27,Tokyo Dome,,,55000,GAME19951008YGHC0027
1995,1995-10-08,Reg Season,Yomiuri Giants,Home,L,1,Hiroshima Toyo Carp,1,4,0,"0,0,0,0,0,0,1,0,0",27,Tokyo Dome,,,55000,GAME19951008YGHC0027
1995,1995-10-10,Reg Season,Hanshin Tigers,Away,L,4,Chunichi Dragons,4,9,1,"1,0,0,1,1,0,0,0,1",26,Nagoya,,,18000,GAME19951010CDHT0026
1995,1995-10-10,Reg Season,Chunichi Dragons,Home,W,6,Hanshin Tigers,6,9,0,"0,0,0,2,0,0,0,1,3x",26,Nagoya,,,18000,GAME19951010CDHT0026
1995,1995-10-10,Reg Season,Yokohama BayStars,Away,W,7,Hiroshima Toyo Carp,7,11,0,"0,1,1,3,0,1,0,1,0",26,Hiroshima citizens,,,15000,GAME19951010HCDB0026
1995,1995-10-10,Reg Season,Hiroshima Toyo Carp,Home,L,1,Yokohama BayStars,1,5,2,"0,1,0,0,0,0,0,0,0",26,Hiroshima citizens,,,15000,GAME19951010HCDB0026
1995,1995-10-13,Reg Season,Yakult Swallows,Away,W,4,Yokohama BayStars,4,11,1,"0,0,1,2,0,1,0,0,0",26,Yokohama Stadium,,,17000,GAME19951013DBYS0026
1995,1995-10-13,Reg Season,Yokohama BayStars,Home,L,3,Yakult Swallows,3,9,0,"1,0,0,0,0,1,0,0,1",26,Yokohama Stadium,,,17000,GAME19951013DBYS0026
1995,1995-10-13,Reg Season,Hanshin Tigers,Away,L,0,Hiroshima Toyo Carp,0,5,0,"0,0,0,0,0,0,0,0,0",26,Hiroshima citizens,,,14000,GAME19951013HCHT0026
1995,1995-10-13,Reg Season,Hiroshima Toyo Carp,Home,W,2,Hanshin Tigers,2,7,0,"0,0,0,0,0,0,0,2,x",26,Hiroshima citizens,,,14000,GAME19951013HCHT0026
