Season,Date,GameType,Team,HomeAway,Result,Score,Other Team,R,H,E,Box Score,Matchup,Ballpark,Game Start,Game Length,Audience,GameID
1998,1998-04-03,Reg Season,Hanshin Tigers,Away,L,0,Yokohama BayStars,0,1,3,"0,0,0,0,0,0,0,0,0",1,Yokohama Stadium,,,30000,GAME19980403DBHT0001
1998,1998-04-03,Reg Season,Yokohama BayStars,Home,W,8,Hanshin Tigers,8,14,1,"0,0,0,4,2,2,0,0,x",1,Yokohama Stadium,,,30000,GAME19980403DBHT0001
1998,1998-04-03,Reg Season,Chunichi Dragons,Away,L,3,Hiroshima Toyo Carp,3,5,1,"0,0,0,0,3,0,0,0,0",1,Hiroshima citizens,,,16000,GAME19980403HCCD0001
1998,1998-04-03,Reg Season,Hiroshima Toyo Carp,Home,W,8,Chunichi Dragons,8,11,0,"0,0,0,0,0,1,6,1,x",1,Hiroshima citizens,,,16000,GAME19980403HCCD0001
1998,1998-04-03,Reg Season,Yomiuri Giants,Away,W,6,Yakult Swallows,6,8,1,"0,0,2,0,3,0,0,0,1",1,Meiji Jingu Stadium,,,46000,GAME19980403YSYG0001
1998,1998-04-03,Reg Season,Yakult Swallows,Home,L,4,Yomiuri Giants,4,7,0,"4,0,0,0,0,0,0,0,0",1,Meiji Jingu Stadium,,,46000,GAME19980403YSYG0001
1998,1998-04-04,Reg Season,Hanshin Tigers,Away,L,2,Yokohama BayStars,2,9,1,"1,0,0,0,0,0,0,1,0",2,Yokohama Stadium,,,30000,GAME19980404DBHT0002
1998,1998-04-04,Reg Season,Yokohama BayStars,Home,W,4,Hanshin Tigers,4,8,0,"1,1,1,0,1,0,0,0,x",2,Yokohama Stadium,,,30000,GAME19980404DBHT0002
1998,1998-04-04,Reg Season,Chunichi Dragons,Away,W,2,Hiroshima Toyo Carp,2,6,1,"1,0,0,0,0,0,0,0,1",2,Hiroshima citizens,,,16000,GAME19980404HCCD0002
1998,1998-04-04,Reg Season,Hiroshima Toyo Carp,Home,L,1,Chunichi Dragons,1,4,2,"0,0,0,0,1,0,0,0,0",2,Hiroshima citizens,,,16000,GAME19980404HCCD0002
1998,1998-04-04,Reg Season,Chiba Lotte Marines,Away,L,4,Kintetsu Buffaloes,4,9,1,"0,1,0,0,0,2,0,1,0,0",1,Kyocera Dome Osaka,,,23000,GAME19980404KILM0001
1998,1998-04-04,Reg Season,Kintetsu Buffaloes,Home,W,5,Chiba Lotte Marines,5,14,1,"0,0,0,1,0,0,1,1,1,1x",1,Kyocera Dome Osaka,,,23000,GAME19980404KILM0001
1998,1998-04-04,Reg Season,Fukuoka Daiei Hawks,Away,W,2,Orix Bluewave,2,6,0,"0,0,2,0,0,0,0,0,0",1,Kobe Athletic Park Baseball Field,,,30000,GAME19980404OBSH0001
1998,1998-04-04,Reg Season,Orix Bluewave,Home,L,1,Fukuoka Daiei Hawks,1,7,0,"0,0,0,0,0,0,1,0,0",1,Kobe Athletic Park Baseball Field,,,30000,GAME19980404OBSH0001
1998,1998-04-04,Reg Season,Nippon-Ham Fighters,Away,W,5,Seibu Lions,5,10,0,"1,0,1,0,3,0,0,0,0",1,Belluna Dome,,,40000,GAME19980404SLNF0001
1998,1998-04-04,Reg Season,Seibu Lions,Home,L,0,Nippon-Ham Fighters,0,4,1,"0,0,0,0,0,0,0,0,0",1,Belluna Dome,,,40000,GAME19980404SLNF0001
1998,1998-04-04,Reg Season,Yomiuri Giants,Away,W,2,Yakult Swallows,2,6,0,"0,0,0,1,0,0,0,0,1",2,Meiji Jingu Stadium,,,46000,GAME19980404YSYG0002
1998,1998-04-04,Reg Season,Yakult Swallows,Home,L,1,Yomiuri Giants,1,8,0,"1,0,0,0,0,0,0,0,0",2,Meiji Jingu Stadium,,,46000,GAME19980404YSYG0002
1998,1998-04-05,Reg Season,Hanshin Tigers,Away,L,1,Yokohama BayStars,1,7,3,"0,0,0,0,1,0,0,0,0,0,0,0",3,Yokohama Stadium,,,30000,GAME19980405DBHT0003
1998,1998-04-05,Reg Season,Yokohama BayStars,Home,W,2,Hanshin Tigers,2,9,0,"0,0,0,0,0,1,0,0,0,0,0,1x",3,Yokohama Stadium,,,30000,GAME19980405DBHT0003
1998,1998-04-05,Reg Season,Chunichi Dragons,Away,W,3,Hiroshima Toyo Carp,3,8,0,"0,0,0,2,0,0,0,1,0",3,Hiroshima citizens,,,19000,GAME19980405HCCD0003
1998,1998-04-05,Reg Season,Hiroshima Toyo Carp,Home,L,2,Chunichi Dragons,2,7,1,"0,0,0,0,2,0,0,0,0",3,Hiroshima citizens,,,19000,GAME19980405HCCD0003
1998,1998-04-05,Reg Season,Chiba Lotte Marines,Away,L,1,Kintetsu Buffaloes,1,7,0,"0,0,1,0,0,0,0,0,0",2,Kyocera Dome Osaka,,,17000,GAME19980405KILM0002
1998,1998-04-05,Reg Season,Kintetsu Buffaloes,Home,W,2,Chiba Lotte Marines,2,4,0,"0,1,1,0,0,0,0,0,x",2,Kyocera Dome Osaka,,,17000,GAME19980405KILM0002
1998,1998-04-05,Reg Season,Fukuoka Daiei Hawks,Away,W,3,Orix Bluewave,3,4,0,"0,1,1,1,0,0,0,0,0",2,Kobe Athletic Park Baseball Field,,,25000,GAME19980405OBSH0002
1998,1998-04-05,Reg Season,Orix Bluewave,Home,L,1,Fukuoka Daiei Hawks,1,8,0,"0,0,1,0,0,0,0,0,0",2,Kobe Athletic Park Baseball Field,,,25000,GAME19980405OBSH0002
1998,1998-04-05,Reg Season,Nippon-Ham Fighters,Away,L,4,Seibu Lions,4,8,0,"3,0,0,1,0,0,0,0,0",2,Belluna Dome,,,30000,GAME19980405SLNF0002
1998,1998-04-05,Reg Season,Seibu Lions,Home,W,5,Nippon-Ham Fighters,5,11,1,"2,0,0,0,2,0,0,1,x",2,Belluna Dome,,,30000,GAME19980405SLNF0002
1998,1998-04-05,Reg Season,Yomiuri Giants,Away,W,3,Yakult Swallows,3,7,0,"0,0,1,0,0,2,0,0,0",3,Meiji Jingu Stadium,,,46000,GAME19980405YSYG0003
1998,1998-04-05,Reg Season,Yakult Swallows,Home,L,2,Yomiuri Giants,2,8,1,"0,0,0,1,0,0,1,0,0",3,Meiji Jingu Stadium,,,46000,GAME19980405YSYG0003
1998,1998-04-07,Reg Season,Hanshin Tigers,Away,W,8,Chunichi Dragons,8,12,0,"0,1,0,2,0,0,0,1,4",1,Vantelin Dome Nagoya,,,40500,GAME19980407CDHT0001
1998,1998-04-07,Reg Season,Chunichi Dragons,Home,L,2,Hanshin Tigers,2,7,2,"1,0,0,0,0,0,1,0,0",1,Vantelin Dome Nagoya,,,40500,GAME19980407CDHT0001
1998,1998-04-07,Reg Season,Nippon-Ham Fighters,Away,L,2,Chiba Lotte Marines,2,8,1,"0,1,0,0,0,1,0,0,0",1,ZOZO Marine Stadium,,,8000,GAME19980407LMNF0001
1998,1998-04-07,Reg Season,Chiba Lotte Marines,Home,W,16,Nippon-Ham Fighters,16,18,0,"0,1,4,1,0,0,6,4,x",1,ZOZO Marine Stadium,,,8000,GAME19980407LMNF0001
1998,1998-04-07,Reg Season,Kintetsu Buffaloes,Away,W,4,Orix Bluewave,4,10,0,"0,1,1,1,0,0,0,0,1",1,Kobe Athletic Park Baseball Field,,,13000,GAME19980407OBKI0001
1998,1998-04-07,Reg Season,Orix Bluewave,Home,L,1,Kintetsu Buffaloes,1,4,1,"0,0,0,0,0,0,1,0,0",1,Kobe Athletic Park Baseball Field,,,13000,GAME19980407OBKI0001
1998,1998-04-07,Reg Season,Seibu Lions,Away,L,3,Fukuoka Daiei Hawks,3,11,0,"0,0,1,0,1,0,0,0,1",1,Mizuho PayPay Dome Fukuoka,,,38000,GAME19980407SHSL0001
1998,1998-04-07,Reg Season,Fukuoka Daiei Hawks,Home,W,6,Seibu Lions,6,6,0,"1,0,0,0,0,0,3,2,x",1,Mizuho PayPay Dome Fukuoka,,,38000,GAME19980407SHSL0001
1998,1998-04-07,Reg Season,Hiroshima Toyo Carp,Away,L,5,Yomiuri Giants,5,6,0,"0,0,0,5,0,0,0,0,0,0",1,Tokyo Dome,,,55000,GAME19980407YGHC0001
1998,1998-04-07,Reg Season,Yomiuri Giants,Home,W,8,Hiroshima Toyo Carp,8,9,0,"0,0,1,1,0,3,0,0,0,3X",1,Tokyo Dome,,,55000,GAME19980407YGHC0001
1998,1998-04-07,Reg Season,Yokohama BayStars,Away,L,2,Yakult Swallows,2,6,0,"0,0,0,0,0,1,0,1,0",1,Meiji Jingu Stadium,,,12000,GAME19980407YSDB0001
1998,1998-04-07,Reg Season,Yakult Swallows,Home,W,5,Yokohama BayStars,5,6,0,"0,0,0,0,0,3,0,2,x",1,Meiji Jingu Stadium,,,12000,GAME19980407YSDB0001
1998,1998-04-08,Reg Season,Hanshin Tigers,Away,L,1,Chunichi Dragons,1,5,0,"1,0,0,0,0,0,0,0,0",2,Vantelin Dome Nagoya,,,36000,GAME19980408CDHT0002
1998,1998-04-08,Reg Season,Chunichi Dragons,Home,W,5,Hanshin Tigers,5,9,0,"1,0,0,2,0,0,2,0,x",2,Vantelin Dome Nagoya,,,36000,GAME19980408CDHT0002
1998,1998-04-08,Reg Season,Seibu Lions,Away,W,4,Fukuoka Daiei Hawks,4,11,0,"0,4,0,0,0,0,0,0,0",2,Mizuho PayPay Dome Fukuoka,,,24000,GAME19980408SHSL0002
1998,1998-04-08,Reg Season,Fukuoka Daiei Hawks,Home,L,3,Seibu Lions,3,8,0,"0,1,0,1,0,0,0,1,0",2,Mizuho PayPay Dome Fukuoka,,,24000,GAME19980408SHSL0002
1998,1998-04-08,Reg Season,Hiroshima Toyo Carp,Away,L,4,Yomiuri Giants,4,5,2,"0,0,0,3,0,0,0,0,1",2,Tokyo Dome,,,55000,GAME19980408YGHC0002
1998,1998-04-08,Reg Season,Yomiuri Giants,Home,W,8,Hiroshima Toyo Carp,8,13,1,"0,0,0,0,0,0,6,2,x",2,Tokyo Dome,,,55000,GAME19980408YGHC0002
1998,1998-04-09,Reg Season,Hanshin Tigers,Away,L,1,Chunichi Dragons,1,3,1,"0,0,0,0,0,0,0,1,0",3,Vantelin Dome Nagoya,,,36000,GAME19980409CDHT0003
1998,1998-04-09,Reg Season,Chunichi Dragons,Home,W,7,Hanshin Tigers,7,15,0,"0,3,0,1,0,0,0,3,x",3,Vantelin Dome Nagoya,,,36000,GAME19980409CDHT0003
1998,1998-04-09,Reg Season,Hiroshima Toyo Carp,Away,W,10,Yomiuri Giants,10,12,0,"0,4,1,0,2,3,0,0,0",3,Tokyo Dome,,,55000,GAME19980409YGHC0003
1998,1998-04-09,Reg Season,Yomiuri Giants,Home,L,6,Hiroshima Toyo Carp,6,12,2,"4,0,1,1,0,0,0,0,0",3,Tokyo Dome,,,55000,GAME19980409YGHC0003
1998,1998-04-10,Reg Season,Yakult Swallows,Away,L,5,Chunichi Dragons,5,11,0,"0,0,1,0,0,3,0,0,0,0,0,1,0",1,Vantelin Dome Nagoya,,,36000,GAME19980410CDYS0001
1998,1998-04-10,Reg Season,Chunichi Dragons,Home,W,6,Yakult Swallows,6,15,2,"0,0,3,1,0,0,0,0,0,0,0,1,1x",1,Vantelin Dome Nagoya,,,36000,GAME19980410CDYS0001
1998,1998-04-10,Reg Season,Yomiuri Giants,Away,L,3,Yokohama BayStars,3,6,1,"2,1,0,0,0,0,0,0,0",1,Yokohama Stadium,,,26000,GAME19980410DBYG0001
1998,1998-04-10,Reg Season,Yokohama BayStars,Home,W,4,Yomiuri Giants,4,8,0,"0,0,0,0,0,0,0,4,x",1,Yokohama Stadium,,,26000,GAME19980410DBYG0001
1998,1998-04-10,Reg Season,Hiroshima Toyo Carp,Away,L,2,Hanshin Tigers,2,11,1,"0,1,1,0,0,0,0,0,0",1,Hanshin Koshien Stadium,,,26000,GAME19980410HTHC0001
1998,1998-04-10,Reg Season,Hanshin Tigers,Home,W,6,Hiroshima Toyo Carp,6,9,0,"0,3,3,0,0,0,0,0,x",1,Hanshin Koshien Stadium,,,26000,GAME19980410HTHC0001
1998,1998-04-10,Reg Season,Fukuoka Daiei Hawks,Away,L,2,Kintetsu Buffaloes,2,7,0,"0,0,2,0,0,0,0,0,0",1,Kyocera Dome Osaka,,,16000,GAME19980410KISH0001
1998,1998-04-10,Reg Season,Kintetsu Buffaloes,Home,W,3,Fukuoka Daiei Hawks,3,7,2,"1,0,0,0,0,0,2,0,x",1,Kyocera Dome Osaka,,,16000,GAME19980410KISH0001
1998,1998-04-10,Reg Season,Seibu Lions,Away,L,0,Chiba Lotte Marines,0,7,3,"0,0,0,0,0,0,0,0,0",1,ZOZO Marine Stadium,,,9000,GAME19980410LMSL0001
1998,1998-04-10,Reg Season,Chiba Lotte Marines,Home,W,5,Seibu Lions,5,9,0,"0,0,2,0,2,1,0,0,x",1,ZOZO Marine Stadium,,,9000,GAME19980410LMSL0001
1998,1998-04-10,Reg Season,Orix Bluewave,Away,L,1,Nippon-Ham Fighters,1,7,1,"0,0,0,1,0,0,0,0,0",1,Tokyo Dome,,,35000,GAME19980410NFOB0001
1998,1998-04-10,Reg Season,Nippon-Ham Fighters,Home,W,9,Orix Bluewave,9,14,0,"2,0,4,0,3,0,0,0,x",1,Tokyo Dome,,,35000,GAME19980410NFOB0001
1998,1998-04-11,Reg Season,Yakult Swallows,Away,L,2,Chunichi Dragons,2,6,0,"0,0,0,2,0,0,0,0,0",2,Vantelin Dome Nagoya,,,40500,GAME19980411CDYS0002
1998,1998-04-11,Reg Season,Chunichi Dragons,Home,W,3,Yakult Swallows,3,8,2,"0,0,0,2,1,0,0,0,x",2,Vantelin Dome Nagoya,,,40500,GAME19980411CDYS0002
1998,1998-04-11,Reg Season,Yomiuri Giants,Away,W,10,Yokohama BayStars,10,14,0,"0,0,1,0,3,1,4,1,0",2,Yokohama Stadium,,,30000,GAME19980411DBYG0002
1998,1998-04-11,Reg Season,Yokohama BayStars,Home,L,2,Yomiuri Giants,2,8,2,"0,1,1,0,0,0,0,0,0",2,Yokohama Stadium,,,30000,GAME19980411DBYG0002
1998,1998-04-11,Reg Season,Hiroshima Toyo Carp,Away,W,9,Hanshin Tigers,9,13,0,"1,1,2,0,1,1,0,3,0",2,Hanshin Koshien Stadium,,,35000,GAME19980411HTHC0002
1998,1998-04-11,Reg Season,Hanshin Tigers,Home,L,4,Hiroshima Toyo Carp,4,10,2,"0,1,0,0,1,0,0,2,0",2,Hanshin Koshien Stadium,,,35000,GAME19980411HTHC0002
1998,1998-04-11,Reg Season,Fukuoka Daiei Hawks,Away,W,2,Kintetsu Buffaloes,2,9,0,"1,0,0,0,0,1,0,0,0",2,Kyocera Dome Osaka,,,21000,GAME19980411KISH0002
1998,1998-04-11,Reg Season,Kintetsu Buffaloes,Home,L,1,Fukuoka Daiei Hawks,1,6,0,"0,0,0,0,1,0,0,0,0",2,Kyocera Dome Osaka,,,21000,GAME19980411KISH0002
1998,1998-04-11,Reg Season,Seibu Lions,Away,L,1,Chiba Lotte Marines,1,4,1,"0,0,0,1,0,0,0,0,0",2,ZOZO Marine Stadium,,,20000,GAME19980411LMSL0002
1998,1998-04-11,Reg Season,Chiba Lotte Marines,Home,W,4,Seibu Lions,4,13,0,"2,0,1,0,0,1,0,0,x",2,ZOZO Marine Stadium,,,20000,GAME19980411LMSL0002
1998,1998-04-11,Reg Season,Orix Bluewave,Away,L,4,Nippon-Ham Fighters,4,11,1,"1,1,0,1,0,1,0,0,0",2,Tokyo Dome,,,40000,GAME19980411NFOB0002
1998,1998-04-11,Reg Season,Nippon-Ham Fighters,Home,W,9,Orix Bluewave,9,9,1,"4,2,0,2,1,0,0,0,x",2,Tokyo Dome,,,40000,GAME19980411NFOB0002
1998,1998-04-12,Reg Season,Yakult Swallows,Away,W,6,Chunichi Dragons,6,11,0,"0,1,0,1,1,1,0,1,1",3,Vantelin Dome Nagoya,,,40000,GAME19980412CDYS0003
1998,1998-04-12,Reg Season,Chunichi Dragons,Home,L,0,Yakult Swallows,0,2,1,"0,0,0,0,0,0,0,0,0",3,Vantelin Dome Nagoya,,,40000,GAME19980412CDYS0003
1998,1998-04-12,Reg Season,Yomiuri Giants,Away,L,2,Yokohama BayStars,2,8,3,"0,0,0,2,0,0,0,0,0",3,Yokohama Stadium,,,30000,GAME19980412DBYG0003
1998,1998-04-12,Reg Season,Yokohama BayStars,Home,W,7,Yomiuri Giants,7,11,0,"0,2,1,0,2,0,2,0,x",3,Yokohama Stadium,,,30000,GAME19980412DBYG0003
1998,1998-04-12,Reg Season,Hiroshima Toyo Carp,Away,W,6,Hanshin Tigers,6,12,2,"0,0,6,0,0,0,0,0,0",3,Hanshin Koshien Stadium,,,33000,GAME19980412HTHC0003
1998,1998-04-12,Reg Season,Hanshin Tigers,Home,L,4,Hiroshima Toyo Carp,4,7,1,"0,0,0,0,0,3,0,1,0",3,Hanshin Koshien Stadium,,,33000,GAME19980412HTHC0003
1998,1998-04-12,Reg Season,Fukuoka Daiei Hawks,Away,W,5,Kintetsu Buffaloes,5,10,4,"1,0,1,0,0,1,2,0,0",3,Kyocera Dome Osaka,,,20000,GAME19980412KISH0003
1998,1998-04-12,Reg Season,Kintetsu Buffaloes,Home,L,1,Fukuoka Daiei Hawks,1,5,0,"0,0,0,0,1,0,0,0,0",3,Kyocera Dome Osaka,,,20000,GAME19980412KISH0003
1998,1998-04-12,Reg Season,Seibu Lions,Away,L,0,Chiba Lotte Marines,0,6,0,"0,0,0,0,0,0,0,0,0",3,ZOZO Marine Stadium,,,20000,GAME19980412LMSL0003
1998,1998-04-12,Reg Season,Chiba Lotte Marines,Home,W,3,Seibu Lions,3,4,0,"0,0,0,0,0,0,3,0,x",3,ZOZO Marine Stadium,,,20000,GAME19980412LMSL0003
1998,1998-04-12,Reg Season,Orix Bluewave,Away,L,3,Nippon-Ham Fighters,3,7,0,"1,0,0,1,0,1,0,0,0,0",3,Tokyo Dome,,,32000,GAME19980412NFOB0003
1998,1998-04-12,Reg Season,Nippon-Ham Fighters,Home,W,4,Orix Bluewave,4,8,1,"1,0,0,0,1,0,0,1,0,1x",3,Tokyo Dome,,,32000,GAME19980412NFOB0003
1998,1998-04-14,Reg Season,Yokohama BayStars,Away,L,3,Hiroshima Toyo Carp,3,6,1,"0,0,1,1,0,0,1,0,0",1,Hiroshima citizens,,,8000,GAME19980414HCDB0001
1998,1998-04-14,Reg Season,Hiroshima Toyo Carp,Home,W,4,Yokohama BayStars,4,10,0,"0,0,2,1,0,0,1,0,x",1,Hiroshima citizens,,,8000,GAME19980414HCDB0001
1998,1998-04-14,Reg Season,Nippon-Ham Fighters,Away,L,1,Fukuoka Daiei Hawks,1,6,2,"0,0,1,0,0,0,0,0,0",1,Mizuho PayPay Dome Fukuoka,,,20000,GAME19980414SHNF0001
1998,1998-04-14,Reg Season,Fukuoka Daiei Hawks,Home,W,4,Nippon-Ham Fighters,4,11,0,"0,1,1,0,1,0,0,1,x",1,Mizuho PayPay Dome Fukuoka,,,20000,GAME19980414SHNF0001
1998,1998-04-14,Reg Season,Chunichi Dragons,Away,W,3,Yomiuri Giants,3,10,2,"0,0,0,0,0,1,0,2,0",1,Tokyo Dome,,,55000,GAME19980414YGCD0001
1998,1998-04-14,Reg Season,Yomiuri Giants,Home,L,2,Chunichi Dragons,2,6,0,"0,1,0,0,0,0,0,0,1",1,Tokyo Dome,,,55000,GAME19980414YGCD0001
1998,1998-04-15,Reg Season,Yokohama BayStars,Away,L,2,Hiroshima Toyo Carp,2,9,0,"0,0,0,0,0,2,0,0,0",2,Hiroshima citizens,,,11000,GAME19980415HCDB0002
1998,1998-04-15,Reg Season,Hiroshima Toyo Carp,Home,W,8,Yokohama BayStars,8,12,0,"1,0,0,1,5,0,1,0,x",2,Hiroshima citizens,,,11000,GAME19980415HCDB0002
1998,1998-04-15,Reg Season,Yakult Swallows,Away,L,0,Hanshin Tigers,0,4,2,"0,0,0,0,0,0,0,0,0",1,Hanshin Koshien Stadium,,,20000,GAME19980415HTYS0001
1998,1998-04-15,Reg Season,Hanshin Tigers,Home,W,8,Yakult Swallows,8,8,0,"0,1,0,0,0,0,5,2,x",1,Hanshin Koshien Stadium,,,20000,GAME19980415HTYS0001
1998,1998-04-15,Reg Season,Chiba Lotte Marines,Away,L,4,Orix Bluewave,4,8,0,"1,1,0,0,0,1,0,1,0,0",1,Kobe Athletic Park Baseball Field,,,12000,GAME19980415OBLM0001
1998,1998-04-15,Reg Season,Orix Bluewave,Home,W,5,Chiba Lotte Marines,5,12,1,"0,1,1,1,0,0,1,0,0,1x",1,Kobe Athletic Park Baseball Field,,,12000,GAME19980415OBLM0001
1998,1998-04-15,Reg Season,Nippon-Ham Fighters,Away,L,1,Fukuoka Daiei Hawks,1,8,3,"0,0,0,0,0,0,0,0,1",2,Mizuho PayPay Dome Fukuoka,,,22000,GAME19980415SHNF0002
1998,1998-04-15,Reg Season,Fukuoka Daiei Hawks,Home,W,7,Nippon-Ham Fighters,7,8,1,"0,0,0,4,0,1,0,2,x",2,Mizuho PayPay Dome Fukuoka,,,22000,GAME19980415SHNF0002
1998,1998-04-15,Reg Season,Kintetsu Buffaloes,Away,W,10,Seibu Lions,10,14,2,"3,0,0,0,2,3,2,0,0",1,Belluna Dome,,,9000,GAME19980415SLKI0001
1998,1998-04-15,Reg Season,Seibu Lions,Home,L,8,Kintetsu Buffaloes,8,8,2,"0,1,0,1,1,0,2,3,0",1,Belluna Dome,,,9000,GAME19980415SLKI0001
1998,1998-04-15,Reg Season,Chunichi Dragons,Away,L,2,Yomiuri Giants,2,6,0,"0,0,0,2,0,0,0,0,0",2,Tokyo Dome,,,55000,GAME19980415YGCD0002
1998,1998-04-15,Reg Season,Yomiuri Giants,Home,W,9,Chunichi Dragons,9,15,0,"0,4,2,0,2,0,0,1,x",2,Tokyo Dome,,,55000,GAME19980415YGCD0002
1998,1998-04-16,Reg Season,Yokohama BayStars,Away,L,1,Hiroshima Toyo Carp,1,10,1,"0,0,1,0,0,0,0,0,0",3,Hiroshima citizens,,,12000,GAME19980416HCDB0003
1998,1998-04-16,Reg Season,Hiroshima Toyo Carp,Home,W,4,Yokohama BayStars,4,5,1,"0,0,2,1,0,1,0,0,x",3,Hiroshima citizens,,,12000,GAME19980416HCDB0003
1998,1998-04-16,Reg Season,Yakult Swallows,Away,L,4,Hanshin Tigers,4,9,3,"1,0,1,0,0,2,0,0,0",2,Hanshin Koshien Stadium,,,20000,GAME19980416HTYS0002
1998,1998-04-16,Reg Season,Hanshin Tigers,Home,W,7,Yakult Swallows,7,8,0,"0,0,0,2,0,0,3,2,x",2,Hanshin Koshien Stadium,,,20000,GAME19980416HTYS0002
1998,1998-04-16,Reg Season,Chiba Lotte Marines,Away,W,5,Orix Bluewave,5,8,2,"0,1,0,2,1,1,0,0,0",2,Kobe Athletic Park Baseball Field,,,12000,GAME19980416OBLM0002
1998,1998-04-16,Reg Season,Orix Bluewave,Home,L,2,Chiba Lotte Marines,2,8,0,"0,0,0,0,0,0,1,0,1",2,Kobe Athletic Park Baseball Field,,,12000,GAME19980416OBLM0002
1998,1998-04-16,Reg Season,Kintetsu Buffaloes,Away,W,5,Seibu Lions,5,14,0,"2,0,0,0,0,2,1,0,0",2,Belluna Dome,,,14000,GAME19980416SLKI0002
1998,1998-04-16,Reg Season,Seibu Lions,Home,L,4,Kintetsu Buffaloes,4,8,0,"0,0,0,2,0,0,2,0,0",2,Belluna Dome,,,14000,GAME19980416SLKI0002
1998,1998-04-16,Reg Season,Chunichi Dragons,Away,L,1,Yomiuri Giants,1,5,0,"1,0,0,0,0,0,0,0,0",3,Tokyo Dome,,,55000,GAME19980416YGCD0003
1998,1998-04-16,Reg Season,Yomiuri Giants,Home,W,3,Chunichi Dragons,3,5,0,"1,0,0,0,0,0,0,2,x",3,Tokyo Dome,,,55000,GAME19980416YGCD0003
1998,1998-04-17,Reg Season,Orix Bluewave,Away,L,2,Kintetsu Buffaloes,2,4,0,"0,1,0,0,0,0,0,0,1",2,Kyocera Dome Osaka,,,19000,GAME19980417KIOB0002
1998,1998-04-17,Reg Season,Kintetsu Buffaloes,Home,W,3,Orix Bluewave,3,4,3,"2,0,1,0,0,0,0,0,x",2,Kyocera Dome Osaka,,,19000,GAME19980417KIOB0002
1998,1998-04-17,Reg Season,Hiroshima Toyo Carp,Away,W,3,Yakult Swallows,3,10,1,"0,0,0,0,0,0,2,0,1",1,Mizuho PayPay Dome Fukuoka,,,14000,GAME19980417YSHC0001
1998,1998-04-17,Reg Season,Yakult Swallows,Home,L,2,Hiroshima Toyo Carp,2,11,0,"0,0,0,2,0,0,0,0,0",1,Mizuho PayPay Dome Fukuoka,,,14000,GAME19980417YSHC0001
1998,1998-04-18,Reg Season,Chunichi Dragons,Away,L,1,Yokohama BayStars,1,6,0,"0,1,0,0,0,0,0,0,0",1,Yokohama Stadium,,,25000,GAME19980418DBCD0001
1998,1998-04-18,Reg Season,Yokohama BayStars,Home,W,12,Chunichi Dragons,12,14,0,"0,0,0,1,4,0,0,7,x",1,Yokohama Stadium,,,25000,GAME19980418DBCD0001
1998,1998-04-18,Reg Season,Orix Bluewave,Away,W,3,Kintetsu Buffaloes,3,10,0,"0,0,0,1,0,2,0,0,0",3,Kyocera Dome Osaka,,,26000,GAME19980418KIOB0003
1998,1998-04-18,Reg Season,Kintetsu Buffaloes,Home,L,0,Orix Bluewave,0,7,0,"0,0,0,0,0,0,0,0,0",3,Kyocera Dome Osaka,,,26000,GAME19980418KIOB0003
1998,1998-04-18,Reg Season,Chiba Lotte Marines,Away,W,5,Nippon-Ham Fighters,5,7,0,"0,0,0,0,3,2,0,0,0",2,Nagasaki Baseball Stadium,,,18000,GAME19980418NFLM0002
1998,1998-04-18,Reg Season,Nippon-Ham Fighters,Home,L,2,Chiba Lotte Marines,2,6,0,"0,0,0,0,0,2,0,0,0",2,Nagasaki Baseball Stadium,,,18000,GAME19980418NFLM0002
1998,1998-04-18,Reg Season,Fukuoka Daiei Hawks,Away,W,10,Seibu Lions,10,13,1,"0,0,7,0,2,0,1,0,0",3,Belluna Dome,,,15000,GAME19980418SLSH0003
1998,1998-04-18,Reg Season,Seibu Lions,Home,L,5,Fukuoka Daiei Hawks,5,9,0,"0,0,0,2,0,3,0,0,0",3,Belluna Dome,,,15000,GAME19980418SLSH0003
1998,1998-04-18,Reg Season,Hanshin Tigers,Away,W,9,Yomiuri Giants,9,10,2,"3,0,0,0,0,4,0,0,2",1,Tokyo Dome,,,55000,GAME19980418YGHT0001
1998,1998-04-18,Reg Season,Yomiuri Giants,Home,L,8,Hanshin Tigers,8,9,0,"3,0,0,0,3,2,0,0,0",1,Tokyo Dome,,,55000,GAME19980418YGHT0001
1998,1998-04-18,Reg Season,Hiroshima Toyo Carp,Away,W,7,Yakult Swallows,7,12,0,"0,0,0,0,1,1,4,0,1",2,Mizuho PayPay Dome Fukuoka,,,24000,GAME19980418YSHC0002
1998,1998-04-18,Reg Season,Yakult Swallows,Home,L,0,Hiroshima Toyo Carp,0,5,0,"0,0,0,0,0,0,0,0,0",2,Mizuho PayPay Dome Fukuoka,,,24000,GAME19980418YSHC0002
1998,1998-04-19,Reg Season,Chunichi Dragons,Away,W,3,Yokohama BayStars,3,9,1,"0,0,1,0,0,0,1,1,0",2,Yokohama Stadium,,,28000,GAME19980419DBCD0002
1998,1998-04-19,Reg Season,Yokohama BayStars,Home,L,1,Chunichi Dragons,1,8,2,"0,1,0,0,0,0,0,0,0",2,Yokohama Stadium,,,28000,GAME19980419DBCD0002
1998,1998-04-19,Reg Season,Orix Bluewave,Away,L,3,Kintetsu Buffaloes,3,5,0,"0,0,0,2,1,0,0,0,0",4,Kyocera Dome Osaka,,,26000,GAME19980419KIOB0004
1998,1998-04-19,Reg Season,Kintetsu Buffaloes,Home,W,8,Orix Bluewave,8,12,0,"0,1,2,0,0,2,3,0,x",4,Kyocera Dome Osaka,,,26000,GAME19980419KIOB0004
1998,1998-04-19,Reg Season,Chiba Lotte Marines,Away,L,1,Nippon-Ham Fighters,1,4,1,"0,0,0,0,1,0,0,0,0",3,Nagasaki Baseball Stadium,,,19000,GAME19980419NFLM0003
1998,1998-04-19,Reg Season,Nippon-Ham Fighters,Home,W,7,Chiba Lotte Marines,7,10,2,"4,0,0,0,3,0,0,0,x",3,Nagasaki Baseball Stadium,,,19000,GAME19980419NFLM0003
1998,1998-04-19,Reg Season,Fukuoka Daiei Hawks,Away,L,2,Seibu Lions,2,5,1,"0,0,0,0,0,0,0,0,2",4,Belluna Dome,,,34000,GAME19980419SLSH0004
1998,1998-04-19,Reg Season,Seibu Lions,Home,W,3,Fukuoka Daiei Hawks,3,9,1,"1,0,0,0,0,1,0,0,1x",4,Belluna Dome,,,34000,GAME19980419SLSH0004
1998,1998-04-19,Reg Season,Hanshin Tigers,Away,W,8,Yomiuri Giants,8,13,0,"2,0,0,0,1,0,0,5,0",2,Tokyo Dome,,,55000,GAME19980419YGHT0002
1998,1998-04-19,Reg Season,Yomiuri Giants,Home,L,4,Hanshin Tigers,4,5,0,"1,0,0,0,0,1,0,2,0",2,Tokyo Dome,,,55000,GAME19980419YGHT0002
1998,1998-04-19,Reg Season,Hiroshima Toyo Carp,Away,W,9,Yakult Swallows,9,16,1,"0,2,4,0,0,0,0,2,0,1",3,Mizuho PayPay Dome Fukuoka,,,24000,GAME19980419YSHC0003
1998,1998-04-19,Reg Season,Yakult Swallows,Home,L,8,Hiroshima Toyo Carp,8,12,1,"0,0,6,0,1,1,0,0,0,0",3,Mizuho PayPay Dome Fukuoka,,,24000,GAME19980419YSHC0003
1998,1998-04-21,Reg Season,Yomiuri Giants,Away,L,3,Hiroshima Toyo Carp,3,11,1,"1,1,0,0,0,1,0,0,0",4,Hiroshima citizens,,,17000,GAME19980421HCYG0004
1998,1998-04-21,Reg Season,Hiroshima Toyo Carp,Home,W,5,Yomiuri Giants,5,11,0,"4,0,0,0,0,0,0,1,x",4,Hiroshima citizens,,,17000,GAME19980421HCYG0004
1998,1998-04-21,Reg Season,Yokohama BayStars,Away,L,0,Hanshin Tigers,0,7,0,"0,0,0,0,0,0,0,0,0",4,Hanshin Koshien Stadium,,,23000,GAME19980421HTDB0004
1998,1998-04-21,Reg Season,Hanshin Tigers,Home,W,1,Yokohama BayStars,1,4,0,"0,0,0,1,0,0,0,0,x",4,Hanshin Koshien Stadium,,,23000,GAME19980421HTDB0004
1998,1998-04-21,Reg Season,Kintetsu Buffaloes,Away,L,2,Nippon-Ham Fighters,2,6,1,"0,0,2,0,0,0,0,0,0",1,Tokyo Dome,,,16000,GAME19980421NFKI0001
1998,1998-04-21,Reg Season,Nippon-Ham Fighters,Home,W,4,Kintetsu Buffaloes,4,4,0,"3,0,0,0,0,1,0,0,x",1,Tokyo Dome,,,16000,GAME19980421NFKI0001
1998,1998-04-21,Reg Season,Seibu Lions,Away,W,3,Orix Bluewave,3,7,0,"0,0,0,0,3,0,0,0,0",1,Heiwa Lease Baseball Stadium,,,27000,GAME19980421OBSL0001
1998,1998-04-21,Reg Season,Orix Bluewave,Home,L,1,Seibu Lions,1,4,2,"0,0,0,0,0,0,1,0,0",1,Heiwa Lease Baseball Stadium,,,27000,GAME19980421OBSL0001
1998,1998-04-21,Reg Season,Chiba Lotte Marines,Away,W,9,Fukuoka Daiei Hawks,9,17,3,"0,2,0,0,2,0,1,4,0",1,Mizuho PayPay Dome Fukuoka,,,20000,GAME19980421SHLM0001
1998,1998-04-21,Reg Season,Fukuoka Daiei Hawks,Home,L,2,Chiba Lotte Marines,2,7,1,"2,0,0,0,0,0,0,0,0",1,Mizuho PayPay Dome Fukuoka,,,20000,GAME19980421SHLM0001
1998,1998-04-21,Reg Season,Chunichi Dragons,Away,W,14,Yakult Swallows,14,16,0,"3,3,3,0,0,0,3,2,0",4,Meiji Jingu Stadium,,,16000,GAME19980421YSCD0004
1998,1998-04-21,Reg Season,Yakult Swallows,Home,L,3,Chunichi Dragons,3,6,4,"0,0,0,0,1,2,0,0,0",4,Meiji Jingu Stadium,,,16000,GAME19980421YSCD0004
1998,1998-04-22,Reg Season,Yokohama BayStars,Away,L,0,Hanshin Tigers,0,4,1,"0,0,0,0,0,0,0,0,0",5,Hanshin Koshien Stadium,,,18000,GAME19980422HTDB0005
1998,1998-04-22,Reg Season,Hanshin Tigers,Home,W,2,Yokohama BayStars,2,8,0,"0,0,0,2,0,0,0,0,x",5,Hanshin Koshien Stadium,,,18000,GAME19980422HTDB0005
1998,1998-04-22,Reg Season,Kintetsu Buffaloes,Away,L,0,Nippon-Ham Fighters,0,5,2,"0,0,0,0,0,0,0,0,0",2,Tokyo Dome,,,17000,GAME19980422NFKI0002
1998,1998-04-22,Reg Season,Nippon-Ham Fighters,Home,W,7,Kintetsu Buffaloes,7,8,0,"0,1,1,2,0,1,2,0,x",2,Tokyo Dome,,,17000,GAME19980422NFKI0002
1998,1998-04-22,Reg Season,Seibu Lions,Away,W,7,Orix Bluewave,7,12,0,"1,2,0,0,2,0,0,2,0",2,Heiwa Lease Baseball Stadium,,,28000,GAME19980422OBSL0002
1998,1998-04-22,Reg Season,Orix Bluewave,Home,L,0,Seibu Lions,0,6,0,"0,0,0,0,0,0,0,0,0",2,Heiwa Lease Baseball Stadium,,,28000,GAME19980422OBSL0002
1998,1998-04-22,Reg Season,Chiba Lotte Marines,Away,W,4,Fukuoka Daiei Hawks,4,6,0,"0,0,1,0,0,0,3,0,0",2,Mizuho PayPay Dome Fukuoka,,,22000,GAME19980422SHLM0002
1998,1998-04-22,Reg Season,Fukuoka Daiei Hawks,Home,L,0,Chiba Lotte Marines,0,5,3,"0,0,0,0,0,0,0,0,0",2,Mizuho PayPay Dome Fukuoka,,,22000,GAME19980422SHLM0002
1998,1998-04-22,Reg Season,Chunichi Dragons,Away,L,6,Yakult Swallows,6,9,0,"1,0,0,0,0,1,0,1,3",5,Meiji Jingu Stadium,,,20000,GAME19980422YSCD0005
1998,1998-04-22,Reg Season,Yakult Swallows,Home,W,15,Chunichi Dragons,15,18,1,"13,1,0,0,0,0,1,0,x",5,Meiji Jingu Stadium,,,20000,GAME19980422YSCD0005
1998,1998-04-23,Reg Season,Chunichi Dragons,Away,W,7,Yakult Swallows,7,8,0,"0,0,0,0,0,0,1,0,6",6,Meiji Jingu Stadium,,,18000,GAME19980423YSCD0006
1998,1998-04-23,Reg Season,Yakult Swallows,Home,L,0,Chunichi Dragons,0,6,0,"0,0,0,0,0,0,0,0,0",6,Meiji Jingu Stadium,,,18000,GAME19980423YSCD0006
1998,1998-04-24,Reg Season,Hiroshima Toyo Carp,Away,L,0,Chunichi Dragons,0,3,0,"0,0,0,0,0,0,0,0,0",4,Vantelin Dome Nagoya,,,36000,GAME19980424CDHC0004
1998,1998-04-24,Reg Season,Chunichi Dragons,Home,W,2,Hiroshima Toyo Carp,2,4,0,"0,0,0,0,1,1,0,0,x",4,Vantelin Dome Nagoya,,,36000,GAME19980424CDHC0004
1998,1998-04-24,Reg Season,Yomiuri Giants,Away,W,5,Hanshin Tigers,5,10,2,"0,1,0,0,4,0,0,0,0",3,Hanshin Koshien Stadium,,,41000,GAME19980424HTYG0003
1998,1998-04-24,Reg Season,Hanshin Tigers,Home,L,1,Yomiuri Giants,1,8,0,"0,0,0,0,0,0,0,0,1",3,Hanshin Koshien Stadium,,,41000,GAME19980424HTYG0003
1998,1998-04-24,Reg Season,Seibu Lions,Away,W,6,Nippon-Ham Fighters,6,8,0,"0,0,0,5,0,0,1,0,0",3,Tokyo Dome,,,17000,GAME19980424NFSL0003
1998,1998-04-24,Reg Season,Nippon-Ham Fighters,Home,L,2,Seibu Lions,2,5,2,"1,0,0,0,0,0,0,0,1",3,Tokyo Dome,,,17000,GAME19980424NFSL0003
1998,1998-04-24,Reg Season,Orix Bluewave,Away,W,3,Fukuoka Daiei Hawks,3,7,1,"0,0,0,0,0,0,0,1,2",3,Mizuho PayPay Dome Fukuoka,,,28000,GAME19980424SHOB0003
1998,1998-04-24,Reg Season,Fukuoka Daiei Hawks,Home,L,1,Orix Bluewave,1,4,1,"1,0,0,0,0,0,0,0,0",3,Mizuho PayPay Dome Fukuoka,,,28000,GAME19980424SHOB0003
1998,1998-04-25,Reg Season,Hiroshima Toyo Carp,Away,W,1,Chunichi Dragons,1,8,2,"0,0,0,0,0,0,0,0,1",5,Vantelin Dome Nagoya,,,40500,GAME19980425CDHC0005
1998,1998-04-25,Reg Season,Chunichi Dragons,Home,L,0,Hiroshima Toyo Carp,0,5,0,"0,0,0,0,0,0,0,0,0",5,Vantelin Dome Nagoya,,,40500,GAME19980425CDHC0005
1998,1998-04-25,Reg Season,Yomiuri Giants,Away,W,13,Hanshin Tigers,13,18,1,"9,3,0,0,0,0,0,0,1",4,Hanshin Koshien Stadium,,,55000,GAME19980425HTYG0004
1998,1998-04-25,Reg Season,Hanshin Tigers,Home,L,2,Yomiuri Giants,2,9,1,"0,0,0,0,0,1,0,1,0",4,Hanshin Koshien Stadium,,,55000,GAME19980425HTYG0004
1998,1998-04-25,Reg Season,Seibu Lions,Away,W,3,Nippon-Ham Fighters,3,11,0,"0,1,0,0,0,0,0,2,0",4,Tokyo Dome,,,25000,GAME19980425NFSL0004
1998,1998-04-25,Reg Season,Nippon-Ham Fighters,Home,L,1,Seibu Lions,1,11,0,"0,0,0,1,0,0,0,0,0",4,Tokyo Dome,,,25000,GAME19980425NFSL0004
1998,1998-04-25,Reg Season,Orix Bluewave,Away,W,4,Fukuoka Daiei Hawks,4,11,3,"0,0,0,0,1,0,2,0,1",4,Mizuho PayPay Dome Fukuoka,,,47000,GAME19980425SHOB0004
1998,1998-04-25,Reg Season,Fukuoka Daiei Hawks,Home,L,1,Orix Bluewave,1,5,1,"0,0,0,1,0,0,0,0,0",4,Mizuho PayPay Dome Fukuoka,,,47000,GAME19980425SHOB0004
1998,1998-04-26,Reg Season,Hiroshima Toyo Carp,Away,W,4,Chunichi Dragons,4,6,1,"0,1,0,0,0,2,0,0,1",6,Vantelin Dome Nagoya,,,38000,GAME19980426CDHC0006
1998,1998-04-26,Reg Season,Chunichi Dragons,Home,L,3,Hiroshima Toyo Carp,3,7,0,"0,0,0,0,1,2,0,0,0",6,Vantelin Dome Nagoya,,,38000,GAME19980426CDHC0006
1998,1998-04-26,Reg Season,Yakult Swallows,Away,L,6,Yokohama BayStars,6,12,1,"0,2,0,2,0,0,2,0,0",2,Yokohama Stadium,,,23000,GAME19980426DBYS0002
1998,1998-04-26,Reg Season,Yokohama BayStars,Home,W,10,Yakult Swallows,10,16,0,"0,4,3,1,0,0,0,2,x",2,Yokohama Stadium,,,23000,GAME19980426DBYS0002
1998,1998-04-26,Reg Season,Yomiuri Giants,Away,L,1,Hanshin Tigers,1,9,0,"0,0,0,0,0,0,1,0,0",5,Hanshin Koshien Stadium,,,50000,GAME19980426HTYG0005
1998,1998-04-26,Reg Season,Hanshin Tigers,Home,W,5,Yomiuri Giants,5,8,0,"0,0,0,4,0,0,0,1,x",5,Hanshin Koshien Stadium,,,50000,GAME19980426HTYG0005
1998,1998-04-26,Reg Season,Kintetsu Buffaloes,Away,W,3,Chiba Lotte Marines,3,6,1,"1,0,0,0,1,0,0,1,0",3,ZOZO Marine Stadium,,,15000,GAME19980426LMKI0003
1998,1998-04-26,Reg Season,Chiba Lotte Marines,Home,L,2,Kintetsu Buffaloes,2,7,2,"0,0,0,0,0,0,2,0,0",3,ZOZO Marine Stadium,,,15000,GAME19980426LMKI0003
1998,1998-04-26,Reg Season,Seibu Lions,Away,L,2,Nippon-Ham Fighters,2,4,1,"0,0,0,0,0,0,0,0,2",5,Tokyo Dome,,,25000,GAME19980426NFSL0005
1998,1998-04-26,Reg Season,Nippon-Ham Fighters,Home,W,3,Seibu Lions,3,5,1,"0,0,0,0,0,0,0,1,2x",5,Tokyo Dome,,,25000,GAME19980426NFSL0005
1998,1998-04-26,Reg Season,Orix Bluewave,Away,W,12,Fukuoka Daiei Hawks,12,11,2,"0,0,2,4,0,1,0,0,5",5,Mizuho PayPay Dome Fukuoka,,,44000,GAME19980426SHOB0005
1998,1998-04-26,Reg Season,Fukuoka Daiei Hawks,Home,L,8,Orix Bluewave,8,10,1,"1,0,0,4,1,0,0,2,0",5,Mizuho PayPay Dome Fukuoka,,,44000,GAME19980426SHOB0005
1998,1998-04-28,Reg Season,Yomiuri Giants,Away,L,0,Chunichi Dragons,0,2,1,"0,0,0,0,0,0,0,0,0",4,Vantelin Dome Nagoya,,,40500,GAME19980428CDYG0004
1998,1998-04-28,Reg Season,Chunichi Dragons,Home,W,1,Yomiuri Giants,1,5,0,"1,0,0,0,0,0,0,0,x",4,Vantelin Dome Nagoya,,,40500,GAME19980428CDYG0004
1998,1998-04-28,Reg Season,Hiroshima Toyo Carp,Away,W,6,Yokohama BayStars,6,9,0,"1,0,3,0,0,2,0,0,0",4,Yokohama Stadium,,,22000,GAME19980428DBHC0004
1998,1998-04-28,Reg Season,Yokohama BayStars,Home,L,1,Hiroshima Toyo Carp,1,7,1,"0,0,0,0,0,0,0,0,1",4,Yokohama Stadium,,,22000,GAME19980428DBHC0004
1998,1998-04-28,Reg Season,Seibu Lions,Away,L,3,Kintetsu Buffaloes,3,6,2,"0,0,2,0,1,0,0,0,0,0,0",3,Kyocera Dome Osaka,,,17000,GAME19980428KISL0003
1998,1998-04-28,Reg Season,Kintetsu Buffaloes,Home,W,4,Seibu Lions,4,7,1,"0,1,0,0,0,0,2,0,0,0,1x",3,Kyocera Dome Osaka,,,17000,GAME19980428KISL0003
1998,1998-04-28,Reg Season,Orix Bluewave,Away,L,1,Chiba Lotte Marines,1,8,0,"0,0,1,0,0,0,0,0,0",3,ZOZO Marine Stadium,,,15000,GAME19980428LMOB0003
1998,1998-04-28,Reg Season,Chiba Lotte Marines,Home,W,3,Orix Bluewave,3,8,1,"1,0,2,0,0,0,0,0,x",3,ZOZO Marine Stadium,,,15000,GAME19980428LMOB0003
1998,1998-04-28,Reg Season,Fukuoka Daiei Hawks,Away,L,1,Nippon-Ham Fighters,1,5,0,"0,0,1,0,0,0,0,0,0",3,Tokyo Dome,,,16000,GAME19980428NFSH0003
1998,1998-04-28,Reg Season,Nippon-Ham Fighters,Home,W,8,Fukuoka Daiei Hawks,8,10,0,"0,1,0,1,5,1,0,0,x",3,Tokyo Dome,,,16000,GAME19980428NFSH0003
1998,1998-04-28,Reg Season,Hanshin Tigers,Away,L,4,Yakult Swallows,4,9,2,"4,0,0,0,0,0,0,0,0",3,Meiji Jingu Stadium,,,36000,GAME19980428YSHT0003
1998,1998-04-28,Reg Season,Yakult Swallows,Home,W,6,Hanshin Tigers,6,7,0,"0,0,6,0,0,0,0,0,x",3,Meiji Jingu Stadium,,,36000,GAME19980428YSHT0003
1998,1998-04-29,Reg Season,Yomiuri Giants,Away,L,4,Chunichi Dragons,4,10,3,"0,0,0,0,2,2,0,0,0",5,Vantelin Dome Nagoya,,,40500,GAME19980429CDYG0005
1998,1998-04-29,Reg Season,Chunichi Dragons,Home,W,7,Yomiuri Giants,7,9,0,"0,1,3,0,1,0,2,0,x",5,Vantelin Dome Nagoya,,,40500,GAME19980429CDYG0005
1998,1998-04-29,Reg Season,Hiroshima Toyo Carp,Away,L,5,Yokohama BayStars,5,9,2,"4,0,0,0,1,0,0,0,0",5,Yokohama Stadium,,,30000,GAME19980429DBHC0005
1998,1998-04-29,Reg Season,Yokohama BayStars,Home,W,6,Hiroshima Toyo Carp,6,11,1,"0,0,1,2,2,1,0,0,x",5,Yokohama Stadium,,,30000,GAME19980429DBHC0005
1998,1998-04-29,Reg Season,Seibu Lions,Away,W,9,Kintetsu Buffaloes,9,13,0,"0,0,1,0,0,0,0,3,5",4,Kyocera Dome Osaka,,,27000,GAME19980429KISL0004
1998,1998-04-29,Reg Season,Kintetsu Buffaloes,Home,L,3,Seibu Lions,3,9,1,"0,0,1,0,1,1,0,0,0",4,Kyocera Dome Osaka,,,27000,GAME19980429KISL0004
1998,1998-04-29,Reg Season,Orix Bluewave,Away,L,1,Chiba Lotte Marines,1,6,0,"0,0,1,0,0,0,0,0,0",4,ZOZO Marine Stadium,,,33000,GAME19980429LMOB0004
1998,1998-04-29,Reg Season,Chiba Lotte Marines,Home,W,3,Orix Bluewave,3,5,0,"0,0,0,1,2,0,0,0,x",4,ZOZO Marine Stadium,,,33000,GAME19980429LMOB0004
1998,1998-04-29,Reg Season,Fukuoka Daiei Hawks,Away,L,4,Nippon-Ham Fighters,4,8,2,"0,0,0,3,0,0,0,0,1",4,Tokyo Dome,,,23000,GAME19980429NFSH0004
1998,1998-04-29,Reg Season,Nippon-Ham Fighters,Home,W,6,Fukuoka Daiei Hawks,6,6,1,"4,0,0,0,0,1,1,0,x",4,Tokyo Dome,,,23000,GAME19980429NFSH0004
1998,1998-04-29,Reg Season,Hanshin Tigers,Away,L,7,Yakult Swallows,7,13,0,"1,0,2,0,2,0,2,0,0",4,Meiji Jingu Stadium,,,46000,GAME19980429YSHT0004
1998,1998-04-29,Reg Season,Yakult Swallows,Home,W,8,Hanshin Tigers,8,10,2,"0,0,2,0,0,0,3,2,1x",4,Meiji Jingu Stadium,,,46000,GAME19980429YSHT0004
1998,1998-04-30,Reg Season,Yomiuri Giants,Away,L,7,Chunichi Dragons,7,13,0,"0,2,0,4,1,0,0,0,0",6,Vantelin Dome Nagoya,,,40500,GAME19980430CDYG0006
1998,1998-04-30,Reg Season,Chunichi Dragons,Home,W,8,Yomiuri Giants,8,13,1,"0,0,2,4,1,0,0,1,x",6,Vantelin Dome Nagoya,,,40500,GAME19980430CDYG0006
1998,1998-04-30,Reg Season,Hiroshima Toyo Carp,Away,L,6,Yokohama BayStars,6,8,0,"2,0,0,0,3,1,0,0,0",6,Yokohama Stadium,,,23000,GAME19980430DBHC0006
1998,1998-04-30,Reg Season,Yokohama BayStars,Home,W,7,Hiroshima Toyo Carp,7,8,2,"3,1,3,0,0,0,0,0,x",6,Yokohama Stadium,,,23000,GAME19980430DBHC0006
1998,1998-04-30,Reg Season,Seibu Lions,Away,W,9,Kintetsu Buffaloes,9,14,1,"1,2,2,0,0,1,0,0,0,0,3",5,Kyocera Dome Osaka,,,18000,GAME19980430KISL0005
1998,1998-04-30,Reg Season,Kintetsu Buffaloes,Home,L,6,Seibu Lions,6,8,3,"0,0,1,0,3,0,2,0,0,0,0",5,Kyocera Dome Osaka,,,18000,GAME19980430KISL0005
1998,1998-04-30,Reg Season,Orix Bluewave,Away,L,1,Chiba Lotte Marines,1,8,0,"0,1,0,0,0,0,0,0,0",5,ZOZO Marine Stadium,,,14000,GAME19980430LMOB0005
1998,1998-04-30,Reg Season,Chiba Lotte Marines,Home,W,3,Orix Bluewave,3,9,0,"0,0,0,0,3,0,0,0,x",5,ZOZO Marine Stadium,,,14000,GAME19980430LMOB0005
1998,1998-04-30,Reg Season,Fukuoka Daiei Hawks,Away,W,4,Nippon-Ham Fighters,4,11,1,"3,0,0,0,0,0,0,0,1",5,Tokyo Dome,,,15000,GAME19980430NFSH0005
1998,1998-04-30,Reg Season,Nippon-Ham Fighters,Home,L,3,Fukuoka Daiei Hawks,3,5,0,"0,0,2,1,0,0,0,0,0",5,Tokyo Dome,,,15000,GAME19980430NFSH0005
1998,1998-04-30,Reg Season,Hanshin Tigers,Away,W,7,Yakult Swallows,7,9,1,"1,0,0,0,4,0,0,1,0,0,1",5,Meiji Jingu Stadium,,,24000,GAME19980430YSHT0005
1998,1998-04-30,Reg Season,Yakult Swallows,Home,L,6,Hanshin Tigers,6,10,1,"0,0,0,0,5,0,0,1,0,0,0",5,Meiji Jingu Stadium,,,24000,GAME19980430YSHT0005
1998,1998-05-02,Reg Season,Nippon-Ham Fighters,Away,W,14,Orix Bluewave,14,14,0,"2,0,0,3,0,3,3,0,3",4,Kobe Athletic Park Baseball Field,,,20000,GAME19980502OBNF0004
1998,1998-05-02,Reg Season,Orix Bluewave,Home,L,5,Nippon-Ham Fighters,5,10,1,"0,1,2,0,1,0,0,1,0",4,Kobe Athletic Park Baseball Field,,,20000,GAME19980502OBNF0004
1998,1998-05-02,Reg Season,Kintetsu Buffaloes,Away,L,3,Fukuoka Daiei Hawks,3,12,1,"0,0,1,1,0,0,1,0,0",4,Mizuho PayPay Dome Fukuoka,,,35000,GAME19980502SHKI0004
1998,1998-05-02,Reg Season,Fukuoka Daiei Hawks,Home,W,4,Kintetsu Buffaloes,4,11,1,"0,0,1,1,1,0,0,0,1x",4,Mizuho PayPay Dome Fukuoka,,,35000,GAME19980502SHKI0004
1998,1998-05-02,Reg Season,Chiba Lotte Marines,Away,L,7,Seibu Lions,7,13,1,"1,1,0,1,0,0,0,4,0,0",4,Belluna Dome,,,23000,GAME19980502SLLM0004
1998,1998-05-02,Reg Season,Seibu Lions,Home,W,8,Chiba Lotte Marines,8,15,0,"1,0,0,1,1,0,2,1,1,1x",4,Belluna Dome,,,23000,GAME19980502SLLM0004
1998,1998-05-02,Reg Season,Yakult Swallows,Away,L,0,Yomiuri Giants,0,4,0,"0,0,0,0,0,0,0,0,0",4,Tokyo Dome,,,55000,GAME19980502YGYS0004
1998,1998-05-02,Reg Season,Yomiuri Giants,Home,W,12,Yakult Swallows,12,17,0,"0,0,7,0,0,0,2,3,x",4,Tokyo Dome,,,55000,GAME19980502YGYS0004
1998,1998-05-03,Reg Season,Yokohama BayStars,Away,W,4,Chunichi Dragons,4,11,0,"0,0,0,0,3,0,0,0,1",3,Vantelin Dome Nagoya,,,40500,GAME19980503CDDB0003
1998,1998-05-03,Reg Season,Chunichi Dragons,Home,L,0,Yokohama BayStars,0,5,1,"0,0,0,0,0,0,0,0,0",3,Vantelin Dome Nagoya,,,40500,GAME19980503CDDB0003
1998,1998-05-03,Reg Season,Hanshin Tigers,Away,L,0,Hiroshima Toyo Carp,0,4,0,"0,0,0,0,0,0,0,0,0",4,Hiroshima citizens,,,30000,GAME19980503HCHT0004
1998,1998-05-03,Reg Season,Hiroshima Toyo Carp,Home,W,7,Hanshin Tigers,7,10,0,"0,1,6,0,0,0,0,0,x",4,Hiroshima citizens,,,30000,GAME19980503HCHT0004
1998,1998-05-03,Reg Season,Nippon-Ham Fighters,Away,W,9,Orix Bluewave,9,15,0,"0,0,0,0,0,1,6,0,2",5,Kobe Athletic Park Baseball Field,,,25000,GAME19980503OBNF0005
1998,1998-05-03,Reg Season,Orix Bluewave,Home,L,1,Nippon-Ham Fighters,1,7,3,"0,0,0,0,0,0,0,1,0",5,Kobe Athletic Park Baseball Field,,,25000,GAME19980503OBNF0005
1998,1998-05-03,Reg Season,Kintetsu Buffaloes,Away,L,2,Fukuoka Daiei Hawks,2,4,3,"0,0,0,0,1,0,0,0,1",5,Mizuho PayPay Dome Fukuoka,,,45000,GAME19980503SHKI0005
1998,1998-05-03,Reg Season,Fukuoka Daiei Hawks,Home,W,10,Kintetsu Buffaloes,10,9,2,"1,0,0,0,2,0,6,1,x",5,Mizuho PayPay Dome Fukuoka,,,45000,GAME19980503SHKI0005
1998,1998-05-03,Reg Season,Chiba Lotte Marines,Away,L,2,Seibu Lions,2,8,2,"0,0,0,0,0,0,0,0,2",5,Belluna Dome,,,24000,GAME19980503SLLM0005
1998,1998-05-03,Reg Season,Seibu Lions,Home,W,9,Chiba Lotte Marines,9,10,0,"0,4,1,1,0,0,0,3,x",5,Belluna Dome,,,24000,GAME19980503SLLM0005
1998,1998-05-03,Reg Season,Yakult Swallows,Away,L,1,Yomiuri Giants,1,4,0,"0,1,0,0,0,0,0,0,0",5,Tokyo Dome,,,55000,GAME19980503YGYS0005
1998,1998-05-03,Reg Season,Yomiuri Giants,Home,W,6,Yakult Swallows,6,7,0,"0,0,0,1,2,0,0,3,x",5,Tokyo Dome,,,55000,GAME19980503YGYS0005
1998,1998-05-04,Reg Season,Yokohama BayStars,Away,L,1,Chunichi Dragons,1,12,2,"0,0,0,0,1,0,0,0,0",4,Vantelin Dome Nagoya,,,40500,GAME19980504CDDB0004
1998,1998-05-04,Reg Season,Chunichi Dragons,Home,W,3,Yokohama BayStars,3,8,0,"0,0,0,0,3,0,0,0,x",4,Vantelin Dome Nagoya,,,40500,GAME19980504CDDB0004
1998,1998-05-04,Reg Season,Hanshin Tigers,Away,L,5,Hiroshima Toyo Carp,5,7,0,"0,0,0,0,2,3,0,0,0",5,Hiroshima citizens,,,32000,GAME19980504HCHT0005
1998,1998-05-04,Reg Season,Hiroshima Toyo Carp,Home,W,7,Hanshin Tigers,7,12,1,"0,0,0,0,3,1,3,0,x",5,Hiroshima citizens,,,32000,GAME19980504HCHT0005
1998,1998-05-04,Reg Season,Nippon-Ham Fighters,Away,W,9,Orix Bluewave,9,12,0,"3,0,0,2,0,1,0,0,0,3",6,Kobe Athletic Park Baseball Field,,,30000,GAME19980504OBNF0006
1998,1998-05-04,Reg Season,Orix Bluewave,Home,L,6,Nippon-Ham Fighters,6,12,1,"3,1,1,0,0,0,0,1,0,0",6,Kobe Athletic Park Baseball Field,,,30000,GAME19980504OBNF0006
1998,1998-05-04,Reg Season,Kintetsu Buffaloes,Away,L,1,Fukuoka Daiei Hawks,1,7,0,"1,0,0,0,0,0,0,0,0",6,Mizuho PayPay Dome Fukuoka,,,46000,GAME19980504SHKI0006
1998,1998-05-04,Reg Season,Fukuoka Daiei Hawks,Home,W,4,Kintetsu Buffaloes,4,8,0,"0,0,0,0,2,0,0,2,x",6,Mizuho PayPay Dome Fukuoka,,,46000,GAME19980504SHKI0006
1998,1998-05-04,Reg Season,Chiba Lotte Marines,Away,W,5,Seibu Lions,5,6,1,"0,4,0,0,0,0,0,0,0,1",6,Belluna Dome,,,34000,GAME19980504SLLM0006
1998,1998-05-04,Reg Season,Seibu Lions,Home,L,4,Chiba Lotte Marines,4,11,3,"0,0,0,0,0,0,0,2,2,0",6,Belluna Dome,,,34000,GAME19980504SLLM0006
1998,1998-05-04,Reg Season,Yakult Swallows,Away,W,9,Yomiuri Giants,9,13,0,"1,4,0,0,0,0,1,3,0",6,Tokyo Dome,,,55000,GAME19980504YGYS0006
1998,1998-05-04,Reg Season,Yomiuri Giants,Home,L,2,Yakult Swallows,2,6,0,"0,1,0,0,0,0,0,1,0",6,Tokyo Dome,,,55000,GAME19980504YGYS0006
1998,1998-05-05,Reg Season,Yakult Swallows,Away,L,4,Hiroshima Toyo Carp,4,8,3,"0,0,0,2,1,0,1,0,0",4,Hiroshima citizens,,,16000,GAME19980505HCYS0004
1998,1998-05-05,Reg Season,Hiroshima Toyo Carp,Home,W,7,Yakult Swallows,7,10,0,"0,3,3,0,0,0,1,0,x",4,Hiroshima citizens,,,16000,GAME19980505HCYS0004
1998,1998-05-05,Reg Season,Chunichi Dragons,Away,L,3,Hanshin Tigers,3,6,1,"1,0,0,0,0,0,0,2,0",4,Hanshin Koshien Stadium,,,43000,GAME19980505HTCD0004
1998,1998-05-05,Reg Season,Hanshin Tigers,Home,W,4,Chunichi Dragons,4,11,0,"0,0,3,0,0,0,0,1,x",4,Hanshin Koshien Stadium,,,43000,GAME19980505HTCD0004
1998,1998-05-05,Reg Season,Nippon-Ham Fighters,Away,W,9,Kintetsu Buffaloes,9,13,0,"3,3,1,1,0,0,0,0,1",3,Kyocera Dome Osaka,,,22000,GAME19980505KINF0003
1998,1998-05-05,Reg Season,Kintetsu Buffaloes,Home,L,4,Nippon-Ham Fighters,4,9,0,"1,0,0,2,0,0,0,0,1",3,Kyocera Dome Osaka,,,22000,GAME19980505KINF0003
1998,1998-05-05,Reg Season,Fukuoka Daiei Hawks,Away,W,6,Chiba Lotte Marines,6,12,0,"0,1,2,1,0,0,0,2,0",3,ZOZO Marine Stadium,,,33000,GAME19980505LMSH0003
1998,1998-05-05,Reg Season,Chiba Lotte Marines,Home,L,4,Fukuoka Daiei Hawks,4,14,0,"0,0,1,0,0,0,1,0,2",3,ZOZO Marine Stadium,,,33000,GAME19980505LMSH0003
1998,1998-05-05,Reg Season,Orix Bluewave,Away,L,4,Seibu Lions,4,9,0,"1,0,2,0,0,0,1,0,0",3,Belluna Dome,,,43000,GAME19980505SLOB0003
1998,1998-05-05,Reg Season,Seibu Lions,Home,W,5,Orix Bluewave,5,11,1,"0,0,0,0,1,0,1,3,x",3,Belluna Dome,,,43000,GAME19980505SLOB0003
1998,1998-05-05,Reg Season,Yokohama BayStars,Away,L,3,Yomiuri Giants,3,9,3,"0,2,0,0,0,0,0,1,0",4,Tokyo Dome,,,55000,GAME19980505YGDB0004
1998,1998-05-05,Reg Season,Yomiuri Giants,Home,W,7,Yokohama BayStars,7,9,0,"0,3,0,0,2,0,0,2,x",4,Tokyo Dome,,,55000,GAME19980505YGDB0004
1998,1998-05-06,Reg Season,Yakult Swallows,Away,L,1,Hiroshima Toyo Carp,1,9,1,"0,0,0,1,0,0,0,0,0",5,Hiroshima citizens,,,14000,GAME19980506HCYS0005
1998,1998-05-06,Reg Season,Hiroshima Toyo Carp,Home,W,9,Yakult Swallows,9,14,0,"5,0,0,2,1,0,1,0,x",5,Hiroshima citizens,,,14000,GAME19980506HCYS0005
1998,1998-05-06,Reg Season,Chunichi Dragons,Away,L,1,Hanshin Tigers,1,4,0,"0,0,0,0,0,1,0,0,0",5,Hanshin Koshien Stadium,,,23000,GAME19980506HTCD0005
1998,1998-05-06,Reg Season,Hanshin Tigers,Home,W,7,Chunichi Dragons,7,11,1,"0,6,0,0,1,0,0,0,x",5,Hanshin Koshien Stadium,,,23000,GAME19980506HTCD0005
1998,1998-05-06,Reg Season,Nippon-Ham Fighters,Away,L,7,Kintetsu Buffaloes,7,12,1,"1,2,2,0,0,0,2,0,0",4,Fujiidera,,,5000,GAME19980506KINF0004
1998,1998-05-06,Reg Season,Kintetsu Buffaloes,Home,W,9,Nippon-Ham Fighters,9,13,0,"4,1,4,0,0,0,0,0,x",4,Fujiidera,,,5000,GAME19980506KINF0004
1998,1998-05-06,Reg Season,Fukuoka Daiei Hawks,Away,W,10,Chiba Lotte Marines,10,17,0,"2,2,1,1,1,0,1,2,0",4,ZOZO Marine Stadium,,,12000,GAME19980506LMSH0004
1998,1998-05-06,Reg Season,Chiba Lotte Marines,Home,L,1,Fukuoka Daiei Hawks,1,6,1,"0,0,1,0,0,0,0,0,0",4,ZOZO Marine Stadium,,,12000,GAME19980506LMSH0004
1998,1998-05-06,Reg Season,Orix Bluewave,Away,L,3,Seibu Lions,3,5,0,"0,0,3,0,0,0,0,0,0",4,Belluna Dome,,,16000,GAME19980506SLOB0004
1998,1998-05-06,Reg Season,Seibu Lions,Home,W,6,Orix Bluewave,6,7,0,"2,1,0,0,1,0,1,1,x",4,Belluna Dome,,,16000,GAME19980506SLOB0004
1998,1998-05-06,Reg Season,Yokohama BayStars,Away,W,7,Yomiuri Giants,7,9,0,"0,1,0,3,0,0,0,0,3",5,Tokyo Dome,,,55000,GAME19980506YGDB0005
1998,1998-05-06,Reg Season,Yomiuri Giants,Home,L,6,Yokohama BayStars,6,9,0,"4,0,0,1,1,0,0,0,0",5,Tokyo Dome,,,55000,GAME19980506YGDB0005
1998,1998-05-07,Reg Season,Yakult Swallows,Away,L,1,Hiroshima Toyo Carp,1,6,0,"0,0,1,0,0,0,0,0,0",6,Kure Nikoh Baseball Stadium,,,13000,GAME19980507HCYS0006
1998,1998-05-07,Reg Season,Hiroshima Toyo Carp,Home,W,4,Yakult Swallows,4,4,1,"0,0,4,0,0,0,0,0,x",6,Kure Nikoh Baseball Stadium,,,13000,GAME19980507HCYS0006
1998,1998-05-07,Reg Season,Chunichi Dragons,Away,W,7,Hanshin Tigers,7,11,1,"3,0,1,0,3,0,0,0,0",6,Hanshin Koshien Stadium,,,22000,GAME19980507HTCD0006
1998,1998-05-07,Reg Season,Hanshin Tigers,Home,L,5,Chunichi Dragons,5,12,0,"0,2,0,0,0,0,0,0,3",6,Hanshin Koshien Stadium,,,22000,GAME19980507HTCD0006
1998,1998-05-07,Reg Season,Nippon-Ham Fighters,Away,L,1,Kintetsu Buffaloes,1,10,0,"0,0,0,0,0,1,0,0,0",5,Fujiidera,,,5000,GAME19980507KINF0005
1998,1998-05-07,Reg Season,Kintetsu Buffaloes,Home,W,2,Nippon-Ham Fighters,2,5,0,"2,0,0,0,0,0,0,0,x",5,Fujiidera,,,5000,GAME19980507KINF0005
1998,1998-05-07,Reg Season,Fukuoka Daiei Hawks,Away,W,3,Chiba Lotte Marines,3,11,1,"0,0,0,0,0,0,2,1,0",5,ZOZO Marine Stadium,,,10000,GAME19980507LMSH0005
1998,1998-05-07,Reg Season,Chiba Lotte Marines,Home,L,2,Fukuoka Daiei Hawks,2,9,1,"0,0,2,0,0,0,0,0,0",5,ZOZO Marine Stadium,,,10000,GAME19980507LMSH0005
1998,1998-05-07,Reg Season,Orix Bluewave,Away,W,6,Seibu Lions,6,11,2,"2,0,0,0,0,0,0,1,3",5,Belluna Dome,,,18000,GAME19980507SLOB0005
1998,1998-05-07,Reg Season,Seibu Lions,Home,L,2,Orix Bluewave,2,10,1,"1,1,0,0,0,0,0,0,0",5,Belluna Dome,,,18000,GAME19980507SLOB0005
1998,1998-05-07,Reg Season,Yokohama BayStars,Away,W,5,Yomiuri Giants,5,13,0,"1,0,2,0,0,0,0,2,0",6,Tokyo Dome,,,55000,GAME19980507YGDB0006
1998,1998-05-07,Reg Season,Yomiuri Giants,Home,L,1,Yokohama BayStars,1,4,0,"0,0,0,0,0,1,0,0,0",6,Tokyo Dome,,,55000,GAME19980507YGDB0006
1998,1998-05-08,Reg Season,Orix Bluewave,Away,W,7,Kintetsu Buffaloes,7,8,0,"0,1,4,0,1,1,0,0,0",5,Kyocera Dome Osaka,,,19000,GAME19980508KIOB0005
1998,1998-05-08,Reg Season,Kintetsu Buffaloes,Home,L,1,Orix Bluewave,1,3,1,"0,0,0,0,0,0,1,0,0",5,Kyocera Dome Osaka,,,19000,GAME19980508KIOB0005
1998,1998-05-08,Reg Season,Nippon-Ham Fighters,Away,L,2,Chiba Lotte Marines,2,3,1,"0,2,0,0,0,0,0,0,0",4,ZOZO Marine Stadium,,,5000,GAME19980508LMNF0004
1998,1998-05-08,Reg Season,Chiba Lotte Marines,Home,W,14,Nippon-Ham Fighters,14,15,0,"5,0,0,0,3,6,0,0,x",4,ZOZO Marine Stadium,,,5000,GAME19980508LMNF0004
1998,1998-05-08,Reg Season,Seibu Lions,Away,W,4,Fukuoka Daiei Hawks,4,8,0,"0,0,1,1,0,0,2,0,0",5,Mizuho PayPay Dome Fukuoka,,,25000,GAME19980508SHSL0005
1998,1998-05-08,Reg Season,Fukuoka Daiei Hawks,Home,L,0,Seibu Lions,0,6,1,"0,0,0,0,0,0,0,0,0",5,Mizuho PayPay Dome Fukuoka,,,25000,GAME19980508SHSL0005
1998,1998-05-09,Reg Season,Hiroshima Toyo Carp,Away,W,7,Yokohama BayStars,7,18,2,"0,1,0,0,0,2,0,0,0,0,3,0,0,1",7,Lib Work Fujisakidai Stadium,,,22000,GAME19980509DBHC0007
1998,1998-05-09,Reg Season,Yokohama BayStars,Home,L,6,Hiroshima Toyo Carp,6,8,1,"0,0,0,0,3,0,0,0,0,0,3,0,0,0",7,Lib Work Fujisakidai Stadium,,,22000,GAME19980509DBHC0007
1998,1998-05-09,Reg Season,Yakult Swallows,Away,W,4,Hanshin Tigers,4,12,0,"0,0,2,0,2,0,0,0,0",6,Hanshin Koshien Stadium,,,36000,GAME19980509HTYS0006
1998,1998-05-09,Reg Season,Hanshin Tigers,Home,L,2,Yakult Swallows,2,8,0,"0,0,0,0,1,0,0,1,0",6,Hanshin Koshien Stadium,,,36000,GAME19980509HTYS0006
1998,1998-05-09,Reg Season,Orix Bluewave,Away,L,1,Kintetsu Buffaloes,1,7,0,"0,1,0,0,0,0,0,0,0,0",6,Kyocera Dome Osaka,,,25000,GAME19980509KIOB0006
1998,1998-05-09,Reg Season,Kintetsu Buffaloes,Home,W,2,Orix Bluewave,2,8,0,"1,0,0,0,0,0,0,0,0,1x",6,Kyocera Dome Osaka,,,25000,GAME19980509KIOB0006
1998,1998-05-09,Reg Season,Nippon-Ham Fighters,Away,W,4,Chiba Lotte Marines,4,7,0,"0,1,1,0,0,0,0,0,2",5,ZOZO Marine Stadium,,,20000,GAME19980509LMNF0005
1998,1998-05-09,Reg Season,Chiba Lotte Marines,Home,L,3,Nippon-Ham Fighters,3,13,0,"0,0,0,1,1,0,0,0,1",5,ZOZO Marine Stadium,,,20000,GAME19980509LMNF0005
1998,1998-05-09,Reg Season,Seibu Lions,Away,W,9,Fukuoka Daiei Hawks,9,19,1,"3,0,2,0,0,0,0,4,0",6,Mizuho PayPay Dome Fukuoka,,,42000,GAME19980509SHSL0006
1998,1998-05-09,Reg Season,Fukuoka Daiei Hawks,Home,L,4,Seibu Lions,4,11,0,"0,0,0,0,1,1,1,0,1",6,Mizuho PayPay Dome Fukuoka,,,42000,GAME19980509SHSL0006
1998,1998-05-09,Reg Season,Chunichi Dragons,Away,L,1,Yomiuri Giants,1,7,1,"0,0,0,0,0,0,0,1,0",7,Tokyo Dome,,,55000,GAME19980509YGCD0007
1998,1998-05-09,Reg Season,Yomiuri Giants,Home,W,3,Chunichi Dragons,3,7,1,"1,0,0,0,1,0,0,1,x",7,Tokyo Dome,,,55000,GAME19980509YGCD0007
1998,1998-05-10,Reg Season,Hiroshima Toyo Carp,Away,L,4,Yokohama BayStars,4,11,0,"1,0,0,2,0,1,0,0,0",8,Shimonoseki (former),,,23000,GAME19980510DBHC0008
1998,1998-05-10,Reg Season,Yokohama BayStars,Home,W,7,Hiroshima Toyo Carp,7,10,1,"0,2,0,0,1,0,4,0,x",8,Shimonoseki (former),,,23000,GAME19980510DBHC0008
1998,1998-05-10,Reg Season,Yakult Swallows,Away,W,9,Hanshin Tigers,9,15,0,"1,1,3,1,0,0,0,3,0",7,Hanshin Koshien Stadium,,,33000,GAME19980510HTYS0007
1998,1998-05-10,Reg Season,Hanshin Tigers,Home,L,1,Yakult Swallows,1,8,0,"0,0,0,0,0,1,0,0,0",7,Hanshin Koshien Stadium,,,33000,GAME19980510HTYS0007
1998,1998-05-10,Reg Season,Orix Bluewave,Away,W,3,Kintetsu Buffaloes,3,7,0,"1,2,0,0,0,0,0,0,0",7,Kyocera Dome Osaka,,,25000,GAME19980510KIOB0007
1998,1998-05-10,Reg Season,Kintetsu Buffaloes,Home,L,2,Orix Bluewave,2,7,1,"0,0,0,0,0,0,1,1,0",7,Kyocera Dome Osaka,,,25000,GAME19980510KIOB0007
1998,1998-05-10,Reg Season,Nippon-Ham Fighters,Away,W,8,Chiba Lotte Marines,8,12,0,"2,0,0,1,2,0,0,1,2",6,ZOZO Marine Stadium,,,22000,GAME19980510LMNF0006
1998,1998-05-10,Reg Season,Chiba Lotte Marines,Home,L,5,Nippon-Ham Fighters,5,12,1,"0,0,0,0,3,0,1,1,0",6,ZOZO Marine Stadium,,,22000,GAME19980510LMNF0006
1998,1998-05-10,Reg Season,Seibu Lions,Away,L,1,Fukuoka Daiei Hawks,1,3,0,"0,0,0,0,0,1,0,0,0",7,Mizuho PayPay Dome Fukuoka,,,40000,GAME19980510SHSL0007
1998,1998-05-10,Reg Season,Fukuoka Daiei Hawks,Home,W,4,Seibu Lions,4,6,0,"0,2,0,0,1,1,0,0,x",7,Mizuho PayPay Dome Fukuoka,,,40000,GAME19980510SHSL0007
1998,1998-05-10,Reg Season,Chunichi Dragons,Away,L,2,Yomiuri Giants,2,8,0,"0,0,0,0,0,0,0,2,0",8,Tokyo Dome,,,55000,GAME19980510YGCD0008
1998,1998-05-10,Reg Season,Yomiuri Giants,Home,W,3,Chunichi Dragons,3,6,0,"2,0,0,1,0,0,0,0,x",8,Tokyo Dome,,,55000,GAME19980510YGCD0008
1998,1998-05-12,Reg Season,Yomiuri Giants,Away,W,4,Yokohama BayStars,4,8,1,"2,0,0,0,0,0,0,2,0",7,Yokohama Stadium,,,29000,GAME19980512DBYG0007
1998,1998-05-12,Reg Season,Yokohama BayStars,Home,L,1,Yomiuri Giants,1,5,0,"0,0,0,0,0,0,0,0,1",7,Yokohama Stadium,,,29000,GAME19980512DBYG0007
1998,1998-05-12,Reg Season,Seibu Lions,Away,L,10,Kintetsu Buffaloes,10,13,1,"0,4,2,0,0,4,0,0,0",6,Kyocera Dome Osaka,,,16000,GAME19980512KISL0006
1998,1998-05-12,Reg Season,Kintetsu Buffaloes,Home,W,11,Seibu Lions,11,13,1,"1,0,8,0,0,0,1,0,1x",6,Kyocera Dome Osaka,,,16000,GAME19980512KISL0006
1998,1998-05-12,Reg Season,Chiba Lotte Marines,Away,W,5,Orix Bluewave,5,11,0,"0,0,0,4,0,0,1,0,0",6,Vantelin Dome Nagoya,,,12000,GAME19980512OBLM0006
1998,1998-05-12,Reg Season,Orix Bluewave,Home,L,4,Chiba Lotte Marines,4,9,1,"0,0,0,0,0,0,2,2,0",6,Vantelin Dome Nagoya,,,12000,GAME19980512OBLM0006
1998,1998-05-12,Reg Season,Nippon-Ham Fighters,Away,L,2,Fukuoka Daiei Hawks,2,7,3,"0,0,1,0,0,0,1,0,0",6,Mizuho PayPay Dome Fukuoka,,,23000,GAME19980512SHNF0006
1998,1998-05-12,Reg Season,Fukuoka Daiei Hawks,Home,W,8,Nippon-Ham Fighters,8,13,0,"0,0,1,3,0,1,2,1,x",6,Mizuho PayPay Dome Fukuoka,,,23000,GAME19980512SHNF0006
1998,1998-05-12,Reg Season,Hiroshima Toyo Carp,Away,W,6,Yakult Swallows,6,11,1,"0,0,0,0,0,2,4,0,0x",7,Kusanagi Baseball Stadium,,,14000,GAME19980512YSHC0007
1998,1998-05-12,Reg Season,Yakult Swallows,Home,L,1,Hiroshima Toyo Carp,1,3,3,"0,0,0,1,0,0,0,0",7,Kusanagi Baseball Stadium,,,14000,GAME19980512YSHC0007
1998,1998-05-13,Reg Season,Hanshin Tigers,Away,W,3,Chunichi Dragons,3,8,0,"0,0,1,0,1,0,0,0,1",7,Ishikawa Prefectural Baseball Stadium,,,15500,GAME19980513CDHT0007
1998,1998-05-13,Reg Season,Chunichi Dragons,Home,L,2,Hanshin Tigers,2,6,0,"0,0,0,0,0,0,1,1,0",7,Ishikawa Prefectural Baseball Stadium,,,15500,GAME19980513CDHT0007
1998,1998-05-13,Reg Season,Yomiuri Giants,Away,W,7,Yokohama BayStars,7,11,0,"0,0,2,0,0,2,1,2,0",8,Yokohama Stadium,,,30000,GAME19980513DBYG0008
1998,1998-05-13,Reg Season,Yokohama BayStars,Home,L,5,Yomiuri Giants,5,8,0,"0,3,0,2,0,0,0,0,0",8,Yokohama Stadium,,,30000,GAME19980513DBYG0008
1998,1998-05-13,Reg Season,Seibu Lions,Away,L,4,Kintetsu Buffaloes,4,8,1,"0,0,0,2,0,0,2,0,0",7,Kyocera Dome Osaka,,,15000,GAME19980513KISL0007
1998,1998-05-13,Reg Season,Kintetsu Buffaloes,Home,W,5,Seibu Lions,5,7,1,"0,1,0,1,0,2,1,0,x",7,Kyocera Dome Osaka,,,15000,GAME19980513KISL0007
1998,1998-05-13,Reg Season,Chiba Lotte Marines,Away,L,4,Orix Bluewave,4,10,1,"1,0,0,0,2,0,1,0,0",7,Vantelin Dome Nagoya,,,14000,GAME19980513OBLM0007
1998,1998-05-13,Reg Season,Orix Bluewave,Home,W,5,Chiba Lotte Marines,5,13,1,"4,0,0,0,0,1,0,0,x",7,Vantelin Dome Nagoya,,,14000,GAME19980513OBLM0007
1998,1998-05-13,Reg Season,Nippon-Ham Fighters,Away,L,1,Fukuoka Daiei Hawks,1,5,0,"0,0,0,0,1,0,0,0,0",7,Mizuho PayPay Dome Fukuoka,,,25000,GAME19980513SHNF0007
1998,1998-05-13,Reg Season,Fukuoka Daiei Hawks,Home,W,3,Nippon-Ham Fighters,3,9,0,"0,2,0,1,0,0,0,0,x",7,Mizuho PayPay Dome Fukuoka,,,25000,GAME19980513SHNF0007
1998,1998-05-13,Reg Season,Hiroshima Toyo Carp,Away,L,1,Yakult Swallows,1,9,0,"0,0,0,1,0,0,0,0,0",8,Meiji Jingu Stadium,,,28000,GAME19980513YSHC0008
1998,1998-05-13,Reg Season,Yakult Swallows,Home,W,7,Hiroshima Toyo Carp,7,8,0,"5,0,0,0,0,2,0,0,x",8,Meiji Jingu Stadium,,,28000,GAME19980513YSHC0008
1998,1998-05-14,Reg Season,Hanshin Tigers,Away,L,2,Chunichi Dragons,2,6,0,"1,0,0,0,0,1,0,0,0",8,Fukui Prefectural Stadium,,,20000,GAME19980514CDHT0008
1998,1998-05-14,Reg Season,Chunichi Dragons,Home,W,3,Hanshin Tigers,3,8,1,"0,0,0,1,1,0,0,1,x",8,Fukui Prefectural Stadium,,,20000,GAME19980514CDHT0008
1998,1998-05-14,Reg Season,Yomiuri Giants,Away,L,1,Yokohama BayStars,1,11,1,"0,0,1,0,0,0,0,0,0",9,Yokohama Stadium,,,28000,GAME19980514DBYG0009
1998,1998-05-14,Reg Season,Yokohama BayStars,Home,W,11,Yomiuri Giants,11,17,0,"2,0,2,1,0,0,0,6,x",9,Yokohama Stadium,,,28000,GAME19980514DBYG0009
1998,1998-05-14,Reg Season,Hiroshima Toyo Carp,Away,L,3,Yakult Swallows,3,5,0,"1,0,0,2,0,0,0,0,0",9,Meiji Jingu Stadium,,,22000,GAME19980514YSHC0009
1998,1998-05-14,Reg Season,Yakult Swallows,Home,W,4,Hiroshima Toyo Carp,4,12,0,"0,2,0,0,1,0,0,0,1x",9,Meiji Jingu Stadium,,,22000,GAME19980514YSHC0009
1998,1998-05-15,Reg Season,Kintetsu Buffaloes,Away,L,2,Nippon-Ham Fighters,2,6,0,"0,1,0,0,0,0,0,1,0",6,Tokyo Dome,,,15000,GAME19980515NFKI0006
1998,1998-05-15,Reg Season,Nippon-Ham Fighters,Home,W,6,Kintetsu Buffaloes,6,9,1,"0,1,1,0,0,0,2,2,x",6,Tokyo Dome,,,15000,GAME19980515NFKI0006
1998,1998-05-15,Reg Season,Fukuoka Daiei Hawks,Away,L,2,Orix Bluewave,2,8,1,"0,0,1,0,0,0,1,0,0",6,Kobe Athletic Park Baseball Field,,,21000,GAME19980515OBSH0006
1998,1998-05-15,Reg Season,Orix Bluewave,Home,W,13,Fukuoka Daiei Hawks,13,18,1,"4,1,0,2,0,2,4,0,x",6,Kobe Athletic Park Baseball Field,,,21000,GAME19980515OBSH0006
1998,1998-05-15,Reg Season,Yomiuri Giants,Away,L,0,Yakult Swallows,0,4,0,"0,0,0,0,0,0,0,0,0",7,Meiji Jingu Stadium,,,46000,GAME19980515YSYG0007
1998,1998-05-15,Reg Season,Yakult Swallows,Home,W,2,Yomiuri Giants,2,5,0,"0,0,0,0,0,0,2,0,x",7,Meiji Jingu Stadium,,,46000,GAME19980515YSYG0007
1998,1998-05-16,Reg Season,Yokohama BayStars,Away,L,1,Chunichi Dragons,1,6,1,"1,0,0,0,0,0,0,0,0",5,Vantelin Dome Nagoya,,,40500,GAME19980516CDDB0005
1998,1998-05-16,Reg Season,Chunichi Dragons,Home,W,5,Yokohama BayStars,5,8,0,"0,0,1,0,1,2,1,0,x",5,Vantelin Dome Nagoya,,,40500,GAME19980516CDDB0005
1998,1998-05-16,Reg Season,Hanshin Tigers,Away,W,5,Hiroshima Toyo Carp,5,12,1,"2,0,0,2,0,0,1,0,0",6,Hiroshima citizens,,,14000,GAME19980516HCHT0006
1998,1998-05-16,Reg Season,Hiroshima Toyo Carp,Home,L,4,Hanshin Tigers,4,10,0,"0,0,0,1,0,0,0,3,0",6,Hiroshima citizens,,,14000,GAME19980516HCHT0006
1998,1998-05-16,Reg Season,Kintetsu Buffaloes,Away,L,4,Nippon-Ham Fighters,4,6,0,"0,0,0,0,0,0,3,1,0",7,Tokyo Dome,,,17000,GAME19980516NFKI0007
1998,1998-05-16,Reg Season,Nippon-Ham Fighters,Home,W,7,Kintetsu Buffaloes,7,10,0,"0,0,5,0,0,0,0,2,x",7,Tokyo Dome,,,17000,GAME19980516NFKI0007
1998,1998-05-16,Reg Season,Chiba Lotte Marines,Away,W,10,Seibu Lions,10,14,1,"2,0,0,0,4,0,4,0,0",7,Belluna Dome,,,21000,GAME19980516SLLM0007
1998,1998-05-16,Reg Season,Seibu Lions,Home,L,6,Chiba Lotte Marines,6,13,0,"1,0,0,0,2,0,1,2,0",7,Belluna Dome,,,21000,GAME19980516SLLM0007
1998,1998-05-16,Reg Season,Yomiuri Giants,Away,W,6,Yakult Swallows,6,10,1,"3,0,0,1,0,0,0,0,1,0,1",8,Meiji Jingu Stadium,,,46000,GAME19980516YSYG0008
1998,1998-05-16,Reg Season,Yakult Swallows,Home,L,5,Yomiuri Giants,5,10,1,"3,1,0,0,0,0,0,0,1,0,0",8,Meiji Jingu Stadium,,,46000,GAME19980516YSYG0008
1998,1998-05-17,Reg Season,Yokohama BayStars,Away,L,6,Chunichi Dragons,6,9,0,"0,2,1,0,2,0,1,0,0",6,Vantelin Dome Nagoya,,,40500,GAME19980517CDDB0006
1998,1998-05-17,Reg Season,Chunichi Dragons,Home,W,7,Yokohama BayStars,7,11,0,"0,0,0,0,0,7,0,0,x",6,Vantelin Dome Nagoya,,,40500,GAME19980517CDDB0006
1998,1998-05-17,Reg Season,Hanshin Tigers,Away,W,12,Hiroshima Toyo Carp,12,17,0,"2,0,2,0,1,5,0,1,1",7,Hiroshima citizens,,,20000,GAME19980517HCHT0007
1998,1998-05-17,Reg Season,Hiroshima Toyo Carp,Home,L,3,Hanshin Tigers,3,9,2,"0,1,0,0,2,0,0,0,0",7,Hiroshima citizens,,,20000,GAME19980517HCHT0007
1998,1998-05-17,Reg Season,Kintetsu Buffaloes,Away,L,6,Nippon-Ham Fighters,6,12,0,"1,0,0,0,1,0,1,3,0",8,Tokyo Dome,,,19000,GAME19980517NFKI0008
1998,1998-05-17,Reg Season,Nippon-Ham Fighters,Home,W,9,Kintetsu Buffaloes,9,13,1,"0,0,0,0,2,0,7,0,x",8,Tokyo Dome,,,19000,GAME19980517NFKI0008
1998,1998-05-17,Reg Season,Fukuoka Daiei Hawks,Away,W,10,Orix Bluewave,10,13,2,"3,0,1,1,0,2,0,3,0",7,Kobe Athletic Park Baseball Field,,,25000,GAME19980517OBSH0007
1998,1998-05-17,Reg Season,Orix Bluewave,Home,L,9,Fukuoka Daiei Hawks,9,12,2,"1,0,1,0,2,0,0,0,5",7,Kobe Athletic Park Baseball Field,,,25000,GAME19980517OBSH0007
1998,1998-05-17,Reg Season,Chiba Lotte Marines,Away,L,1,Seibu Lions,1,8,0,"1,0,0,0,0,0,0,0,0",8,Belluna Dome,,,21000,GAME19980517SLLM0008
1998,1998-05-17,Reg Season,Seibu Lions,Home,W,2,Chiba Lotte Marines,2,7,1,"2,0,0,0,0,0,0,0,x",8,Belluna Dome,,,21000,GAME19980517SLLM0008
1998,1998-05-17,Reg Season,Yomiuri Giants,Away,W,8,Yakult Swallows,8,11,0,"0,0,0,1,0,1,0,5,1",9,Meiji Jingu Stadium,,,46000,GAME19980517YSYG0009
1998,1998-05-17,Reg Season,Yakult Swallows,Home,L,2,Yomiuri Giants,2,9,0,"0,1,1,0,0,0,0,0,0",9,Meiji Jingu Stadium,,,46000,GAME19980517YSYG0009
1998,1998-05-19,Reg Season,Hiroshima Toyo Carp,Away,L,1,Chunichi Dragons,1,4,0,"0,0,0,0,0,0,1,0,0",7,Vantelin Dome Nagoya,,,37000,GAME19980519CDHC0007
1998,1998-05-19,Reg Season,Chunichi Dragons,Home,W,10,Hiroshima Toyo Carp,10,12,0,"1,1,0,0,0,0,3,5,x",7,Vantelin Dome Nagoya,,,37000,GAME19980519CDHC0007
1998,1998-05-19,Reg Season,Yakult Swallows,Away,L,3,Yokohama BayStars,3,10,1,"0,0,3,0,0,0,0,0,0",3,Yokohama Stadium,,,22000,GAME19980519DBYS0003
1998,1998-05-19,Reg Season,Yokohama BayStars,Home,W,6,Yakult Swallows,6,14,0,"1,0,1,0,0,2,2,0,x",3,Yokohama Stadium,,,22000,GAME19980519DBYS0003
1998,1998-05-19,Reg Season,Fukuoka Daiei Hawks,Away,L,7,Kintetsu Buffaloes,7,13,2,"4,0,0,0,0,3,0,0,0",7,Kyocera Dome Osaka,,,17000,GAME19980519KISH0007
1998,1998-05-19,Reg Season,Kintetsu Buffaloes,Home,W,8,Fukuoka Daiei Hawks,8,17,1,"0,0,1,0,2,3,0,2,x",7,Kyocera Dome Osaka,,,17000,GAME19980519KISH0007
1998,1998-05-19,Reg Season,Orix Bluewave,Away,W,4,Chiba Lotte Marines,4,9,0,"0,1,0,0,0,0,0,0,3",8,Akita Yabase,,,18000,GAME19980519LMOB0008
1998,1998-05-19,Reg Season,Chiba Lotte Marines,Home,L,3,Orix Bluewave,3,11,1,"2,1,0,0,0,0,0,0,0",8,Akita Yabase,,,18000,GAME19980519LMOB0008
1998,1998-05-19,Reg Season,Seibu Lions,Away,L,3,Nippon-Ham Fighters,3,8,1,"0,0,0,1,2,0,0,0,0",6,Tokyo Dome,,,24000,GAME19980519NFSL0006
1998,1998-05-19,Reg Season,Nippon-Ham Fighters,Home,W,14,Seibu Lions,14,14,1,"2,0,3,4,0,4,1,0,x",6,Tokyo Dome,,,24000,GAME19980519NFSL0006
1998,1998-05-19,Reg Season,Hanshin Tigers,Away,L,5,Yomiuri Giants,5,9,2,"2,0,1,0,0,1,1,0,0",6,Mizuho PayPay Dome Fukuoka,,,48000,GAME19980519YGHT0006
1998,1998-05-19,Reg Season,Yomiuri Giants,Home,W,9,Hanshin Tigers,9,11,1,"2,1,0,0,0,2,2,2,x",6,Mizuho PayPay Dome Fukuoka,,,48000,GAME19980519YGHT0006
1998,1998-05-20,Reg Season,Hiroshima Toyo Carp,Away,W,9,Chunichi Dragons,9,13,0,"0,2,2,0,2,0,0,3,0",8,Hamamatsu Baseball Stadium,,,15000,GAME19980520CDHC0008
1998,1998-05-20,Reg Season,Chunichi Dragons,Home,L,3,Hiroshima Toyo Carp,3,11,0,"1,0,0,0,2,0,0,0,0",8,Hamamatsu Baseball Stadium,,,15000,GAME19980520CDHC0008
1998,1998-05-20,Reg Season,Yakult Swallows,Away,W,4,Yokohama BayStars,4,6,0,"0,0,0,0,2,1,0,1,0",4,Yokohama Stadium,,,22000,GAME19980520DBYS0004
1998,1998-05-20,Reg Season,Yokohama BayStars,Home,L,1,Yakult Swallows,1,7,3,"0,0,1,0,0,0,0,0,0",4,Yokohama Stadium,,,22000,GAME19980520DBYS0004
1998,1998-05-20,Reg Season,Fukuoka Daiei Hawks,Away,L,5,Kintetsu Buffaloes,5,9,0,"0,0,0,1,3,0,0,1,0",8,Kyocera Dome Osaka,,,18000,GAME19980520KISH0008
1998,1998-05-20,Reg Season,Kintetsu Buffaloes,Home,W,7,Fukuoka Daiei Hawks,7,9,1,"0,3,0,3,0,0,0,1,x",8,Kyocera Dome Osaka,,,18000,GAME19980520KISH0008
1998,1998-05-20,Reg Season,Orix Bluewave,Away,L,1,Chiba Lotte Marines,1,7,0,"0,0,0,0,0,0,0,0,1",9,Rakuten Seimei Park Miyagi,,,22000,GAME19980520LMOB0009
1998,1998-05-20,Reg Season,Chiba Lotte Marines,Home,W,8,Orix Bluewave,8,6,1,"4,1,0,0,2,0,1,0,x",9,Rakuten Seimei Park Miyagi,,,22000,GAME19980520LMOB0009
1998,1998-05-20,Reg Season,Seibu Lions,Away,L,8,Nippon-Ham Fighters,8,14,0,"4,1,0,0,0,0,0,3,0",7,Tokyo Dome,,,25000,GAME19980520NFSL0007
1998,1998-05-20,Reg Season,Nippon-Ham Fighters,Home,W,10,Seibu Lions,10,15,0,"1,1,0,1,0,5,0,0,2x",7,Tokyo Dome,,,25000,GAME19980520NFSL0007
1998,1998-05-20,Reg Season,Hanshin Tigers,Away,W,10,Yomiuri Giants,10,15,0,"0,1,1,1,0,6,0,1,0",7,Mizuho PayPay Dome Fukuoka,,,48000,GAME19980520YGHT0007
1998,1998-05-20,Reg Season,Yomiuri Giants,Home,L,8,Hanshin Tigers,8,13,0,"0,0,0,2,1,0,2,3,0",7,Mizuho PayPay Dome Fukuoka,,,48000,GAME19980520YGHT0007
1998,1998-05-21,Reg Season,Yakult Swallows,Away,L,2,Yokohama BayStars,2,9,0,"2,0,0,0,0,0,0,0,0",5,Yokohama Stadium,,,20000,GAME19980521DBYS0005
1998,1998-05-21,Reg Season,Yokohama BayStars,Home,W,3,Yakult Swallows,3,7,0,"0,1,1,0,0,0,0,0,1x",5,Yokohama Stadium,,,20000,GAME19980521DBYS0005
1998,1998-05-21,Reg Season,Orix Bluewave,Away,W,7,Chiba Lotte Marines,7,13,0,"0,1,0,0,0,3,1,0,2",10,Rakuten Seimei Park Miyagi,,,21000,GAME19980521LMOB0010
1998,1998-05-21,Reg Season,Chiba Lotte Marines,Home,L,0,Orix Bluewave,0,4,2,"0,0,0,0,0,0,0,0,0",10,Rakuten Seimei Park Miyagi,,,21000,GAME19980521LMOB0010
1998,1998-05-21,Reg Season,Seibu Lions,Away,L,3,Nippon-Ham Fighters,3,9,0,"1,0,0,1,0,0,1,0,0,0",8,Tokyo Dome,,,24000,GAME19980521NFSL0008
1998,1998-05-21,Reg Season,Nippon-Ham Fighters,Home,W,4,Seibu Lions,4,9,0,"0,0,1,0,0,2,0,0,0,1x",8,Tokyo Dome,,,24000,GAME19980521NFSL0008
1998,1998-05-21,Reg Season,Hanshin Tigers,Away,L,0,Yomiuri Giants,0,1,2,"0,0,0,0,0,0,0,0,0",8,Mizuho PayPay Dome Fukuoka,,,48000,GAME19980521YGHT0008
1998,1998-05-21,Reg Season,Yomiuri Giants,Home,W,6,Hanshin Tigers,6,12,0,"3,0,0,1,1,1,0,0,x",8,Mizuho PayPay Dome Fukuoka,,,48000,GAME19980521YGHT0008
1998,1998-05-22,Reg Season,Yokohama BayStars,Away,W,1,Hanshin Tigers,1,9,1,"0,0,0,1,0,0,0,0,0",6,Hanshin Koshien Stadium,,,26000,GAME19980522HTDB0006
1998,1998-05-22,Reg Season,Hanshin Tigers,Home,L,0,Yokohama BayStars,0,8,0,"0,0,0,0,0,0,0,0,0",6,Hanshin Koshien Stadium,,,26000,GAME19980522HTDB0006
1998,1998-05-22,Reg Season,Chiba Lotte Marines,Away,L,0,Fukuoka Daiei Hawks,0,5,0,"0,0,0,0,0,0,0,0,0",6,Mizuho PayPay Dome Fukuoka,,,26000,GAME19980522SHLM0006
1998,1998-05-22,Reg Season,Fukuoka Daiei Hawks,Home,W,1,Chiba Lotte Marines,1,3,0,"0,0,0,1,0,0,0,0,x",6,Mizuho PayPay Dome Fukuoka,,,26000,GAME19980522SHLM0006
1998,1998-05-22,Reg Season,Kintetsu Buffaloes,Away,L,4,Seibu Lions,4,12,2,"0,1,0,0,0,2,0,0,1",8,Belluna Dome,,,19000,GAME19980522SLKI0008
1998,1998-05-22,Reg Season,Seibu Lions,Home,W,7,Kintetsu Buffaloes,7,10,0,"3,1,0,1,0,0,1,1,x",8,Belluna Dome,,,19000,GAME19980522SLKI0008
1998,1998-05-22,Reg Season,Chunichi Dragons,Away,W,10,Yakult Swallows,10,10,0,"0,0,0,0,0,3,5,0,2",7,Meiji Jingu Stadium,,,24000,GAME19980522YSCD0007
1998,1998-05-22,Reg Season,Yakult Swallows,Home,L,1,Chunichi Dragons,1,6,1,"0,0,0,0,0,0,0,0,1",7,Meiji Jingu Stadium,,,24000,GAME19980522YSCD0007
1998,1998-05-23,Reg Season,Yokohama BayStars,Away,W,8,Hanshin Tigers,8,10,2,"0,5,0,0,0,0,0,3,0",7,Hanshin Koshien Stadium,,,38000,GAME19980523HTDB0007
1998,1998-05-23,Reg Season,Hanshin Tigers,Home,L,5,Yokohama BayStars,5,15,1,"1,0,1,0,2,0,0,0,1",7,Hanshin Koshien Stadium,,,38000,GAME19980523HTDB0007
1998,1998-05-23,Reg Season,Nippon-Ham Fighters,Away,W,16,Orix Bluewave,16,15,2,"1,0,5,1,7,2,0,0,0",7,Kobe Athletic Park Baseball Field,,,25000,GAME19980523OBNF0007
1998,1998-05-23,Reg Season,Orix Bluewave,Home,L,6,Nippon-Ham Fighters,6,10,4,"0,0,0,5,0,0,0,0,1",7,Kobe Athletic Park Baseball Field,,,25000,GAME19980523OBNF0007
1998,1998-05-23,Reg Season,Chiba Lotte Marines,Away,L,3,Fukuoka Daiei Hawks,3,12,0,"0,0,0,0,1,0,0,0,2",7,Mizuho PayPay Dome Fukuoka,,,37000,GAME19980523SHLM0007
1998,1998-05-23,Reg Season,Fukuoka Daiei Hawks,Home,W,5,Chiba Lotte Marines,5,11,0,"2,1,0,0,0,1,1,0,x",7,Mizuho PayPay Dome Fukuoka,,,37000,GAME19980523SHLM0007
1998,1998-05-23,Reg Season,Kintetsu Buffaloes,Away,L,5,Seibu Lions,5,7,3,"0,0,0,0,0,0,2,0,3",9,Belluna Dome,,,28000,GAME19980523SLKI0009
1998,1998-05-23,Reg Season,Seibu Lions,Home,W,8,Kintetsu Buffaloes,8,15,1,"0,1,1,0,4,1,1,0,x",9,Belluna Dome,,,28000,GAME19980523SLKI0009
1998,1998-05-23,Reg Season,Hiroshima Toyo Carp,Away,L,1,Yomiuri Giants,1,9,0,"0,0,0,1,0,0,0,0,0",5,Tokyo Dome,,,55000,GAME19980523YGHC0005
1998,1998-05-23,Reg Season,Yomiuri Giants,Home,W,6,Hiroshima Toyo Carp,6,10,0,"0,0,5,0,0,0,0,1,x",5,Tokyo Dome,,,55000,GAME19980523YGHC0005
1998,1998-05-23,Reg Season,Chunichi Dragons,Away,L,0,Yakult Swallows,0,9,0,"0,0,0,0,0,0,0,0,0",8,Meiji Jingu Stadium,,,30000,GAME19980523YSCD0008
1998,1998-05-23,Reg Season,Yakult Swallows,Home,W,4,Chunichi Dragons,4,8,0,"0,0,3,0,0,1,0,0,x",8,Meiji Jingu Stadium,,,30000,GAME19980523YSCD0008
1998,1998-05-24,Reg Season,Yokohama BayStars,Away,W,6,Hanshin Tigers,6,8,2,"0,0,1,2,0,0,3,0,0",8,Hanshin Koshien Stadium,,,26000,GAME19980524HTDB0008
1998,1998-05-24,Reg Season,Hanshin Tigers,Home,L,4,Yokohama BayStars,4,5,3,"0,3,0,0,1,0,0,0,0",8,Hanshin Koshien Stadium,,,26000,GAME19980524HTDB0008
1998,1998-05-24,Reg Season,Nippon-Ham Fighters,Away,L,6,Orix Bluewave,6,8,2,"0,0,1,1,0,0,0,3,1",8,Kobe Athletic Park Baseball Field,,,18000,GAME19980524OBNF0008
1998,1998-05-24,Reg Season,Orix Bluewave,Home,W,7,Nippon-Ham Fighters,7,9,0,"0,0,0,3,3,0,1,0,x",8,Kobe Athletic Park Baseball Field,,,18000,GAME19980524OBNF0008
1998,1998-05-24,Reg Season,Chiba Lotte Marines,Away,W,2,Fukuoka Daiei Hawks,2,8,0,"0,0,0,1,0,0,0,0,1",8,Mizuho PayPay Dome Fukuoka,,,32000,GAME19980524SHLM0008
1998,1998-05-24,Reg Season,Fukuoka Daiei Hawks,Home,L,1,Chiba Lotte Marines,1,4,0,"1,0,0,0,0,0,0,0,0",8,Mizuho PayPay Dome Fukuoka,,,32000,GAME19980524SHLM0008
1998,1998-05-24,Reg Season,Kintetsu Buffaloes,Away,L,1,Seibu Lions,1,5,0,"0,0,0,0,0,0,0,0,1",10,Belluna Dome,,,19000,GAME19980524SLKI0010
1998,1998-05-24,Reg Season,Seibu Lions,Home,W,3,Kintetsu Buffaloes,3,9,0,"0,0,2,0,0,0,1,0,x",10,Belluna Dome,,,19000,GAME19980524SLKI0010
1998,1998-05-24,Reg Season,Hiroshima Toyo Carp,Away,W,6,Yomiuri Giants,6,9,0,"0,0,0,1,0,0,2,3,0",6,Tokyo Dome,,,55000,GAME19980524YGHC0006
1998,1998-05-24,Reg Season,Yomiuri Giants,Home,L,4,Hiroshima Toyo Carp,4,9,1,"0,0,0,0,0,1,1,1,1",6,Tokyo Dome,,,55000,GAME19980524YGHC0006
1998,1998-05-26,Reg Season,Yokohama BayStars,Away,W,7,Hiroshima Toyo Carp,7,14,3,"0,1,0,3,3,0,0,0,0",9,Ube Municipal Baseball Stadium,,,20000,GAME19980526HCDB0009
1998,1998-05-26,Reg Season,Hiroshima Toyo Carp,Home,L,5,Yokohama BayStars,5,7,1,"0,0,0,0,0,0,3,0,2",9,Ube Municipal Baseball Stadium,,,20000,GAME19980526HCDB0009
1998,1998-05-26,Reg Season,Chunichi Dragons,Away,L,0,Hanshin Tigers,0,0,1,"0,0,0,0,0,0,0,0,0",9,Kurashiki Sports Park Muscat Stadium,,,25000,GAME19980526HTCD0009
1998,1998-05-26,Reg Season,Hanshin Tigers,Home,W,2,Chunichi Dragons,2,5,1,"0,2,0,0,0,0,0,0,x",9,Kurashiki Sports Park Muscat Stadium,,,25000,GAME19980526HTCD0009
1998,1998-05-26,Reg Season,Nippon-Ham Fighters,Away,L,2,Kintetsu Buffaloes,2,12,0,"0,0,1,0,0,0,1,0,0",9,Vantelin Dome Nagoya,,,7000,GAME19980526KINF0009
1998,1998-05-26,Reg Season,Kintetsu Buffaloes,Home,W,6,Nippon-Ham Fighters,6,8,0,"0,0,3,1,0,2,0,0,x",9,Vantelin Dome Nagoya,,,7000,GAME19980526KINF0009
1998,1998-05-26,Reg Season,Seibu Lions,Away,L,6,Chiba Lotte Marines,6,8,1,"0,1,0,0,1,0,4,0,0",9,ZOZO Marine Stadium,,,6000,GAME19980526LMSL0009
1998,1998-05-26,Reg Season,Chiba Lotte Marines,Home,W,7,Seibu Lions,7,7,3,"3,0,0,1,1,0,2,0,x",9,ZOZO Marine Stadium,,,6000,GAME19980526LMSL0009
1998,1998-05-26,Reg Season,Orix Bluewave,Away,L,4,Fukuoka Daiei Hawks,4,10,2,"1,0,0,0,0,0,2,1,0",8,Kitakyushu Municipal Baseball Stadium,,,23000,GAME19980526SHOB0008
1998,1998-05-26,Reg Season,Fukuoka Daiei Hawks,Home,W,5,Orix Bluewave,5,12,2,"0,1,0,1,1,2,0,0,x",8,Kitakyushu Municipal Baseball Stadium,,,23000,GAME19980526SHOB0008
1998,1998-05-26,Reg Season,Yakult Swallows,Away,W,3,Yomiuri Giants,3,5,0,"0,2,0,0,1,0,0,0,0",10,Tokyo Dome,,,55000,GAME19980526YGYS0010
1998,1998-05-26,Reg Season,Yomiuri Giants,Home,L,1,Yakult Swallows,1,3,0,"0,0,0,0,0,0,1,0,0",10,Tokyo Dome,,,55000,GAME19980526YGYS0010
1998,1998-05-27,Reg Season,Yokohama BayStars,Away,W,4,Hiroshima Toyo Carp,4,10,1,"1,0,0,1,0,0,0,0,1,0,0,1",10,Hiroshima citizens,,,14000,GAME19980527HCDB0010
1998,1998-05-27,Reg Season,Hiroshima Toyo Carp,Home,L,3,Yokohama BayStars,3,9,1,"0,0,0,3,0,0,0,0,0,0,0,0",10,Hiroshima citizens,,,14000,GAME19980527HCDB0010
1998,1998-05-27,Reg Season,Chunichi Dragons,Away,W,5,Hanshin Tigers,5,15,1,"0,0,1,0,0,3,0,0,1",10,Hanshin Koshien Stadium,,,26000,GAME19980527HTCD0010
1998,1998-05-27,Reg Season,Hanshin Tigers,Home,L,0,Chunichi Dragons,0,5,1,"0,0,0,0,0,0,0,0,0",10,Hanshin Koshien Stadium,,,26000,GAME19980527HTCD0010
1998,1998-05-27,Reg Season,Nippon-Ham Fighters,Away,L,2,Kintetsu Buffaloes,2,7,0,"0,0,0,0,0,0,0,0,2",10,Vantelin Dome Nagoya,,,7000,GAME19980527KINF0010
1998,1998-05-27,Reg Season,Kintetsu Buffaloes,Home,W,5,Nippon-Ham Fighters,5,8,0,"0,0,0,2,0,2,1,0,x",10,Vantelin Dome Nagoya,,,7000,GAME19980527KINF0010
1998,1998-05-27,Reg Season,Seibu Lions,Away,W,4,Chiba Lotte Marines,4,7,3,"0,0,2,0,0,0,2,0,0",10,ZOZO Marine Stadium,,,14000,GAME19980527LMSL0010
1998,1998-05-27,Reg Season,Chiba Lotte Marines,Home,L,3,Seibu Lions,3,8,2,"0,0,2,0,0,1,0,0,0",10,ZOZO Marine Stadium,,,14000,GAME19980527LMSL0010
1998,1998-05-27,Reg Season,Orix Bluewave,Away,W,6,Fukuoka Daiei Hawks,6,17,0,"0,3,2,0,0,0,0,0,1",9,Mizuho PayPay Dome Fukuoka,,,30000,GAME19980527SHOB0009
1998,1998-05-27,Reg Season,Fukuoka Daiei Hawks,Home,L,5,Orix Bluewave,5,8,1,"0,1,0,0,0,0,1,1,2",9,Mizuho PayPay Dome Fukuoka,,,30000,GAME19980527SHOB0009
1998,1998-05-27,Reg Season,Yakult Swallows,Away,W,9,Yomiuri Giants,9,13,0,"0,0,0,2,0,2,0,0,5",11,Tokyo Dome,,,55000,GAME19980527YGYS0011
1998,1998-05-27,Reg Season,Yomiuri Giants,Home,L,1,Yakult Swallows,1,8,0,"0,0,0,0,0,0,0,0,1",11,Tokyo Dome,,,55000,GAME19980527YGYS0011
1998,1998-05-28,Reg Season,Yokohama BayStars,Away,L,0,Hiroshima Toyo Carp,0,8,3,"0,0,0,0,0,0,0,0,0",11,Hiroshima citizens,,,13000,GAME19980528HCDB0011
1998,1998-05-28,Reg Season,Hiroshima Toyo Carp,Home,W,6,Yokohama BayStars,6,9,0,"0,0,0,0,3,0,0,3,x",11,Hiroshima citizens,,,13000,GAME19980528HCDB0011
1998,1998-05-28,Reg Season,Nippon-Ham Fighters,Away,L,3,Kintetsu Buffaloes,3,6,0,"1,0,0,0,0,1,0,1,0",11,Vantelin Dome Nagoya,,,8000,GAME19980528KINF0011
1998,1998-05-28,Reg Season,Kintetsu Buffaloes,Home,W,4,Nippon-Ham Fighters,4,6,0,"0,0,1,1,1,0,1,0,x",11,Vantelin Dome Nagoya,,,8000,GAME19980528KINF0011
1998,1998-05-28,Reg Season,Seibu Lions,Away,W,10,Chiba Lotte Marines,10,12,1,"2,5,0,0,3,0,0,0,0",11,ZOZO Marine Stadium,,,13000,GAME19980528LMSL0011
1998,1998-05-28,Reg Season,Chiba Lotte Marines,Home,L,5,Seibu Lions,5,9,1,"0,0,1,0,0,0,0,3,1",11,ZOZO Marine Stadium,,,13000,GAME19980528LMSL0011
1998,1998-05-28,Reg Season,Orix Bluewave,Away,W,4,Fukuoka Daiei Hawks,4,8,0,"0,0,0,4,0,0,0,0,0",10,Mizuho PayPay Dome Fukuoka,,,28000,GAME19980528SHOB0010
1998,1998-05-28,Reg Season,Fukuoka Daiei Hawks,Home,L,0,Orix Bluewave,0,6,1,"0,0,0,0,0,0,0,0,0",10,Mizuho PayPay Dome Fukuoka,,,28000,GAME19980528SHOB0010
1998,1998-05-29,Reg Season,Yomiuri Giants,Away,W,2,Hiroshima Toyo Carp,2,11,0,"0,0,0,0,0,2,0,0,0",7,Hiroshima citizens,,,23000,GAME19980529HCYG0007
1998,1998-05-29,Reg Season,Hiroshima Toyo Carp,Home,L,1,Yomiuri Giants,1,8,0,"0,0,0,0,0,0,0,1,0",7,Hiroshima citizens,,,23000,GAME19980529HCYG0007
1998,1998-05-29,Reg Season,Chiba Lotte Marines,Away,L,4,Kintetsu Buffaloes,4,11,0,"0,1,0,0,0,1,0,1,1",4,Kyocera Dome Osaka,,,13000,GAME19980529KILM0004
1998,1998-05-29,Reg Season,Kintetsu Buffaloes,Home,W,5,Chiba Lotte Marines,5,10,1,"0,0,0,5,0,0,0,0,x",4,Kyocera Dome Osaka,,,13000,GAME19980529KILM0004
1998,1998-05-29,Reg Season,Fukuoka Daiei Hawks,Away,L,2,Nippon-Ham Fighters,2,6,0,"0,0,0,0,0,0,2,0,0",8,Tokyo Dome,,,24000,GAME19980529NFSH0008
1998,1998-05-29,Reg Season,Nippon-Ham Fighters,Home,W,4,Fukuoka Daiei Hawks,4,9,0,"0,0,0,0,0,3,0,1,x",8,Tokyo Dome,,,24000,GAME19980529NFSH0008
1998,1998-05-30,Reg Season,Chunichi Dragons,Away,L,0,Yokohama BayStars,0,7,0,"0,0,0,0,0,0,0,0,0",7,Yokohama Stadium,,,27000,GAME19980530DBCD0007
1998,1998-05-30,Reg Season,Yokohama BayStars,Home,W,3,Chunichi Dragons,3,6,0,"0,0,1,1,0,1,0,0,x",7,Yokohama Stadium,,,27000,GAME19980530DBCD0007
1998,1998-05-30,Reg Season,Yomiuri Giants,Away,L,5,Hiroshima Toyo Carp,5,7,0,"1,0,3,0,0,0,0,0,1",8,Hiroshima citizens,,,32000,GAME19980530HCYG0008
1998,1998-05-30,Reg Season,Hiroshima Toyo Carp,Home,W,13,Yomiuri Giants,13,20,0,"0,0,0,9,0,0,0,4,x",8,Hiroshima citizens,,,32000,GAME19980530HCYG0008
1998,1998-05-30,Reg Season,Chiba Lotte Marines,Away,W,7,Kintetsu Buffaloes,7,14,2,"0,0,1,1,2,0,1,2,0",5,Kyocera Dome Osaka,,,16000,GAME19980530KILM0005
1998,1998-05-30,Reg Season,Kintetsu Buffaloes,Home,L,1,Chiba Lotte Marines,1,6,0,"0,0,0,0,1,0,0,0,0",5,Kyocera Dome Osaka,,,16000,GAME19980530KILM0005
1998,1998-05-30,Reg Season,Fukuoka Daiei Hawks,Away,W,4,Nippon-Ham Fighters,4,13,0,"0,0,0,0,0,3,1,0,0",9,Tokyo Dome,,,36000,GAME19980530NFSH0009
1998,1998-05-30,Reg Season,Nippon-Ham Fighters,Home,L,2,Fukuoka Daiei Hawks,2,7,2,"0,0,0,1,0,0,1,0,0",9,Tokyo Dome,,,36000,GAME19980530NFSH0009
1998,1998-05-30,Reg Season,Seibu Lions,Away,L,2,Orix Bluewave,2,10,0,"0,2,0,0,0,0,0,0,0",6,Kobe Athletic Park Baseball Field,,,20000,GAME19980530OBSL0006
1998,1998-05-30,Reg Season,Orix Bluewave,Home,W,7,Seibu Lions,7,11,0,"1,0,0,2,0,1,3,0,x",6,Kobe Athletic Park Baseball Field,,,20000,GAME19980530OBSL0006
1998,1998-05-30,Reg Season,Hanshin Tigers,Away,L,2,Yakult Swallows,2,4,2,"0,1,0,0,0,0,0,1,0",8,ZOZO Marine Stadium,,,24000,GAME19980530YSHT0008
1998,1998-05-30,Reg Season,Yakult Swallows,Home,W,5,Hanshin Tigers,5,10,0,"0,0,0,0,0,2,1,2,x",8,ZOZO Marine Stadium,,,24000,GAME19980530YSHT0008
1998,1998-05-31,Reg Season,Chunichi Dragons,Away,W,4,Yokohama BayStars,4,8,0,"0,0,1,0,0,1,0,2,0",8,Yokohama Stadium,,,29000,GAME19980531DBCD0008
1998,1998-05-31,Reg Season,Yokohama BayStars,Home,L,3,Chunichi Dragons,3,9,1,"0,0,0,0,0,1,0,2,0",8,Yokohama Stadium,,,29000,GAME19980531DBCD0008
1998,1998-05-31,Reg Season,Yomiuri Giants,Away,W,2,Hiroshima Toyo Carp,2,8,0,"2,0,0,0,0,0,0,0,0",9,Hiroshima citizens,,,28000,GAME19980531HCYG0009
1998,1998-05-31,Reg Season,Hiroshima Toyo Carp,Home,L,0,Yomiuri Giants,0,4,1,"0,0,0,0,0,0,0,0,0",9,Hiroshima citizens,,,28000,GAME19980531HCYG0009
1998,1998-05-31,Reg Season,Chiba Lotte Marines,Away,W,9,Kintetsu Buffaloes,9,11,0,"0,0,0,2,0,0,4,0,3",6,Kyocera Dome Osaka,,,19000,GAME19980531KILM0006
1998,1998-05-31,Reg Season,Kintetsu Buffaloes,Home,L,4,Chiba Lotte Marines,4,8,1,"1,0,1,0,0,0,0,1,1",6,Kyocera Dome Osaka,,,19000,GAME19980531KILM0006
1998,1998-05-31,Reg Season,Fukuoka Daiei Hawks,Away,W,7,Nippon-Ham Fighters,7,11,0,"2,1,4,0,0,0,0,0,0",10,Tokyo Dome,,,27000,GAME19980531NFSH0010
1998,1998-05-31,Reg Season,Nippon-Ham Fighters,Home,L,6,Fukuoka Daiei Hawks,6,9,1,"0,0,0,0,2,0,1,3,0",10,Tokyo Dome,,,27000,GAME19980531NFSH0010
1998,1998-05-31,Reg Season,Seibu Lions,Away,L,1,Orix Bluewave,1,11,1,"0,0,1,0,0,0,0,0,0",7,Kobe Athletic Park Baseball Field,,,27000,GAME19980531OBSL0007
1998,1998-05-31,Reg Season,Orix Bluewave,Home,W,2,Seibu Lions,2,4,0,"0,0,0,0,2,0,0,0,x",7,Kobe Athletic Park Baseball Field,,,27000,GAME19980531OBSL0007
1998,1998-05-31,Reg Season,Hanshin Tigers,Away,W,3,Yakult Swallows,3,6,0,"2,0,0,0,0,0,1,0,0",9,ZOZO Marine Stadium,,,24000,GAME19980531YSHT0009
1998,1998-05-31,Reg Season,Yakult Swallows,Home,L,0,Hanshin Tigers,0,6,0,"0,0,0,0,0,0,0,0,0",9,ZOZO Marine Stadium,,,24000,GAME19980531YSHT0009
1998,1998-06-02,Reg Season,Yakult Swallows,Away,L,2,Chunichi Dragons,2,8,0,"1,1,0,0,0,0,0,0,0",9,Vantelin Dome Nagoya,,,37000,GAME19980602CDYS0009
1998,1998-06-02,Reg Season,Chunichi Dragons,Home,W,6,Yakult Swallows,6,10,0,"0,0,0,1,4,1,0,0,x",9,Vantelin Dome Nagoya,,,37000,GAME19980602CDYS0009
1998,1998-06-02,Reg Season,Kintetsu Buffaloes,Away,W,4,Orix Bluewave,4,10,1,"1,0,0,3,0,0,0,0,0",8,Rakuten Seimei Park Miyagi,,,16000,GAME19980602OBKI0008
1998,1998-06-02,Reg Season,Orix Bluewave,Home,L,0,Kintetsu Buffaloes,0,7,2,"0,0,0,0,0,0,0,0,0",8,Rakuten Seimei Park Miyagi,,,16000,GAME19980602OBKI0008
1998,1998-06-02,Reg Season,Yokohama BayStars,Away,L,4,Yomiuri Giants,4,12,0,"0,0,4,0,0,0,0,0,0",10,Tokyo Dome,,,55000,GAME19980602YGDB0010
1998,1998-06-02,Reg Season,Yomiuri Giants,Home,W,7,Yokohama BayStars,7,7,1,"2,0,0,0,0,2,3,0,x",10,Tokyo Dome,,,55000,GAME19980602YGDB0010
1998,1998-06-03,Reg Season,Yakult Swallows,Away,W,3,Chunichi Dragons,3,10,1,"1,1,0,0,0,0,0,1,0",10,Vantelin Dome Nagoya,,,37000,GAME19980603CDYS0010
1998,1998-06-03,Reg Season,Chunichi Dragons,Home,L,2,Yakult Swallows,2,5,0,"0,1,0,0,0,0,0,0,1",10,Vantelin Dome Nagoya,,,37000,GAME19980603CDYS0010
1998,1998-06-03,Reg Season,Hiroshima Toyo Carp,Away,W,4,Hanshin Tigers,4,13,0,"0,0,1,0,1,0,2,0,0",8,Hanshin Koshien Stadium,,,21000,GAME19980603HTHC0008
1998,1998-06-03,Reg Season,Hanshin Tigers,Home,L,2,Hiroshima Toyo Carp,2,11,2,"0,0,0,0,0,1,0,1,0",8,Hanshin Koshien Stadium,,,21000,GAME19980603HTHC0008
1998,1998-06-03,Reg Season,Fukuoka Daiei Hawks,Away,W,6,Chiba Lotte Marines,6,12,0,"1,2,0,0,0,3,0,0,0",9,Heiwa Lease Baseball Stadium,,,22000,GAME19980603LMSH0009
1998,1998-06-03,Reg Season,Chiba Lotte Marines,Home,L,5,Fukuoka Daiei Hawks,5,11,1,"0,0,0,2,0,0,3,0,0",9,Heiwa Lease Baseball Stadium,,,22000,GAME19980603LMSH0009
1998,1998-06-03,Reg Season,Yokohama BayStars,Away,L,10,Yomiuri Giants,10,16,0,"0,0,0,1,0,3,1,4,1",11,Tokyo Dome,,,55000,GAME19980603YGDB0011
1998,1998-06-03,Reg Season,Yomiuri Giants,Home,W,11,Yokohama BayStars,11,16,0,"0,0,1,0,3,2,3,1,1x",11,Tokyo Dome,,,55000,GAME19980603YGDB0011
1998,1998-06-04,Reg Season,Hiroshima Toyo Carp,Away,W,4,Hanshin Tigers,4,8,1,"0,0,0,0,3,0,1,0,0",9,Hanshin Koshien Stadium,,,25000,GAME19980604HTHC0009
1998,1998-06-04,Reg Season,Hanshin Tigers,Home,L,3,Hiroshima Toyo Carp,3,10,0,"2,0,0,0,0,1,0,0,0",9,Hanshin Koshien Stadium,,,25000,GAME19980604HTHC0009
1998,1998-06-04,Reg Season,Nippon-Ham Fighters,Away,W,9,Seibu Lions,9,12,0,"3,0,0,0,0,1,1,0,4",9,Belluna Dome,,,18000,GAME19980604SLNF0009
1998,1998-06-04,Reg Season,Seibu Lions,Home,L,7,Nippon-Ham Fighters,7,11,0,"4,2,0,0,0,0,0,1,0",9,Belluna Dome,,,18000,GAME19980604SLNF0009
1998,1998-06-04,Reg Season,Yokohama BayStars,Away,W,3,Yomiuri Giants,3,8,0,"1,0,0,0,0,1,1,0,0",12,Tokyo Dome,,,55000,GAME19980604YGDB0012
1998,1998-06-04,Reg Season,Yomiuri Giants,Home,L,0,Yokohama BayStars,0,3,0,"0,0,0,0,0,0,0,0,0",12,Tokyo Dome,,,55000,GAME19980604YGDB0012
1998,1998-06-05,Reg Season,Yomiuri Giants,Away,W,1,Chunichi Dragons,1,3,0,"1,0,0,0,0,0,0,0,0",9,Vantelin Dome Nagoya,,,40500,GAME19980605CDYG0009
1998,1998-06-05,Reg Season,Chunichi Dragons,Home,L,0,Yomiuri Giants,0,6,0,"0,0,0,0,0,0,0,0,0",9,Vantelin Dome Nagoya,,,40500,GAME19980605CDYG0009
1998,1998-06-05,Reg Season,Chiba Lotte Marines,Away,L,4,Nippon-Ham Fighters,4,8,2,"1,0,0,0,1,0,0,0,2",7,Tokyo Dome,,,15000,GAME19980605NFLM0007
1998,1998-06-05,Reg Season,Nippon-Ham Fighters,Home,W,5,Chiba Lotte Marines,5,7,0,"0,0,0,0,0,0,4,1,x",7,Tokyo Dome,,,15000,GAME19980605NFLM0007
1998,1998-06-05,Reg Season,Kintetsu Buffaloes,Away,W,6,Fukuoka Daiei Hawks,6,10,1,"0,0,0,0,0,2,1,2,1",9,Mizuho PayPay Dome Fukuoka,,,25000,GAME19980605SHKI0009
1998,1998-06-05,Reg Season,Fukuoka Daiei Hawks,Home,L,0,Kintetsu Buffaloes,0,3,2,"0,0,0,0,0,0,0,0,0",9,Mizuho PayPay Dome Fukuoka,,,25000,GAME19980605SHKI0009
1998,1998-06-05,Reg Season,Orix Bluewave,Away,L,2,Seibu Lions,2,11,0,"0,0,0,0,0,0,0,0,2",8,Belluna Dome,,,15000,GAME19980605SLOB0008
1998,1998-06-05,Reg Season,Seibu Lions,Home,W,4,Orix Bluewave,4,7,0,"0,0,2,0,0,0,0,2,x",8,Belluna Dome,,,15000,GAME19980605SLOB0008
1998,1998-06-06,Reg Season,Yomiuri Giants,Away,W,10,Chunichi Dragons,10,16,0,"0,0,3,0,1,5,0,1,0",10,Vantelin Dome Nagoya,,,40500,GAME19980606CDYG0010
1998,1998-06-06,Reg Season,Chunichi Dragons,Home,L,0,Yomiuri Giants,0,3,0,"0,0,0,0,0,0,0,0,0",10,Vantelin Dome Nagoya,,,40500,GAME19980606CDYG0010
1998,1998-06-06,Reg Season,Hanshin Tigers,Away,W,5,Yokohama BayStars,5,9,0,"1,0,0,1,2,1,0,0,0",9,Maruyama Track and Field Stadium,,,24000,GAME19980606DBHT0009
1998,1998-06-06,Reg Season,Yokohama BayStars,Home,L,0,Hanshin Tigers,0,4,1,"0,0,0,0,0,0,0,0,0",9,Maruyama Track and Field Stadium,,,24000,GAME19980606DBHT0009
1998,1998-06-06,Reg Season,Yakult Swallows,Away,W,6,Hiroshima Toyo Carp,6,10,0,"0,0,1,1,0,1,0,3,0",10,Iwate Prefectural Baseball Field,,,23000,GAME19980606HCYS0010
1998,1998-06-06,Reg Season,Hiroshima Toyo Carp,Home,L,2,Yakult Swallows,2,4,0,"2,0,0,0,0,0,0,0,0",10,Iwate Prefectural Baseball Field,,,23000,GAME19980606HCYS0010
1998,1998-06-06,Reg Season,Chiba Lotte Marines,Away,W,9,Nippon-Ham Fighters,9,9,0,"0,2,3,0,0,2,0,0,2",8,Tokyo Dome,,,19000,GAME19980606NFLM0008
1998,1998-06-06,Reg Season,Nippon-Ham Fighters,Home,L,3,Chiba Lotte Marines,3,10,1,"0,0,0,0,3,0,0,0,0",8,Tokyo Dome,,,19000,GAME19980606NFLM0008
1998,1998-06-06,Reg Season,Kintetsu Buffaloes,Away,L,4,Fukuoka Daiei Hawks,4,11,1,"0,0,0,0,2,0,1,1,0",10,Mizuho PayPay Dome Fukuoka,,,35000,GAME19980606SHKI0010
1998,1998-06-06,Reg Season,Fukuoka Daiei Hawks,Home,W,10,Kintetsu Buffaloes,10,12,0,"1,4,0,3,1,1,0,0,x",10,Mizuho PayPay Dome Fukuoka,,,35000,GAME19980606SHKI0010
1998,1998-06-07,Reg Season,Yomiuri Giants,Away,L,2,Chunichi Dragons,2,5,0,"0,0,0,0,0,2,0,0,0",11,Vantelin Dome Nagoya,,,40500,GAME19980607CDYG0011
1998,1998-06-07,Reg Season,Chunichi Dragons,Home,W,4,Yomiuri Giants,4,9,0,"0,0,2,0,1,1,0,0,x",11,Vantelin Dome Nagoya,,,40500,GAME19980607CDYG0011
1998,1998-06-07,Reg Season,Hanshin Tigers,Away,W,5,Yokohama BayStars,5,9,1,"1,0,0,0,1,2,0,0,1",10,Maruyama Track and Field Stadium,,,25000,GAME19980607DBHT0010
1998,1998-06-07,Reg Season,Yokohama BayStars,Home,L,1,Hanshin Tigers,1,7,1,"1,0,0,0,0,0,0,0,0",10,Maruyama Track and Field Stadium,,,25000,GAME19980607DBHT0010
1998,1998-06-07,Reg Season,Yakult Swallows,Away,W,2,Hiroshima Toyo Carp,2,6,1,"1,0,0,0,1,0,0,0,0",11,Fukushima Azuma Baseball Stadium,,,26000,GAME19980607HCYS0011
1998,1998-06-07,Reg Season,Hiroshima Toyo Carp,Home,L,1,Yakult Swallows,1,5,0,"0,0,0,0,1,0,0,0,0",11,Fukushima Azuma Baseball Stadium,,,26000,GAME19980607HCYS0011
1998,1998-06-07,Reg Season,Chiba Lotte Marines,Away,L,1,Nippon-Ham Fighters,1,5,1,"0,0,0,1,0,0,0,0,0",9,Tokyo Dome,,,20000,GAME19980607NFLM0009
1998,1998-06-07,Reg Season,Nippon-Ham Fighters,Home,W,6,Chiba Lotte Marines,6,5,0,"0,0,3,0,3,0,0,0,x",9,Tokyo Dome,,,20000,GAME19980607NFLM0009
1998,1998-06-07,Reg Season,Kintetsu Buffaloes,Away,W,1,Fukuoka Daiei Hawks,1,4,0,"0,1,0,0,0,0,0,0,0",11,Mizuho PayPay Dome Fukuoka,,,30000,GAME19980607SHKI0011
1998,1998-06-07,Reg Season,Fukuoka Daiei Hawks,Home,L,0,Kintetsu Buffaloes,0,6,1,"0,0,0,0,0,0,0,0,0",11,Mizuho PayPay Dome Fukuoka,,,30000,GAME19980607SHKI0011
1998,1998-06-07,Reg Season,Orix Bluewave,Away,L,8,Seibu Lions,8,16,1,"4,0,0,1,0,0,3,0,0,0,0,0",9,Belluna Dome,,,32000,GAME19980607SLOB0009
1998,1998-06-07,Reg Season,Seibu Lions,Home,W,9,Orix Bluewave,9,13,1,"0,0,0,1,0,0,5,1,1,0,0,1x",9,Belluna Dome,,,32000,GAME19980607SLOB0009
1998,1998-06-09,Reg Season,Kintetsu Buffaloes,Away,L,2,Chiba Lotte Marines,2,9,0,"1,0,0,0,0,0,0,1,0",7,ZOZO Marine Stadium,,,6000,GAME19980609LMKI0007
1998,1998-06-09,Reg Season,Chiba Lotte Marines,Home,W,3,Kintetsu Buffaloes,3,11,0,"0,0,0,1,0,2,0,0,x",7,ZOZO Marine Stadium,,,6000,GAME19980609LMKI0007
1998,1998-06-09,Reg Season,Orix Bluewave,Away,L,4,Nippon-Ham Fighters,4,10,1,"0,1,0,0,0,2,1,0,0",9,Tokyo Dome,,,32000,GAME19980609NFOB0009
1998,1998-06-09,Reg Season,Nippon-Ham Fighters,Home,W,13,Orix Bluewave,13,16,0,"1,4,5,1,0,1,0,1,x",9,Tokyo Dome,,,32000,GAME19980609NFOB0009
1998,1998-06-09,Reg Season,Fukuoka Daiei Hawks,Away,W,9,Seibu Lions,9,11,2,"4,0,0,0,2,1,0,0,2",8,Yamagata Prefectural Baseball Stadium,,,18000,GAME19980609SLSH0008
1998,1998-06-09,Reg Season,Seibu Lions,Home,L,3,Fukuoka Daiei Hawks,3,8,1,"2,0,0,0,0,0,0,1,0",8,Yamagata Prefectural Baseball Stadium,,,18000,GAME19980609SLSH0008
1998,1998-06-09,Reg Season,Yokohama BayStars,Away,W,2,Yakult Swallows,2,6,0,"0,0,0,0,0,0,0,2,0",6,Meiji Jingu Stadium,,,12000,GAME19980609YSDB0006
1998,1998-06-09,Reg Season,Yakult Swallows,Home,L,0,Yokohama BayStars,0,7,1,"0,0,0,0,0,0,0,0,0",6,Meiji Jingu Stadium,,,12000,GAME19980609YSDB0006
1998,1998-06-10,Reg Season,Chunichi Dragons,Away,W,4,Hiroshima Toyo Carp,4,7,0,"0,0,0,0,0,1,3,0,0",9,Hiroshima citizens,,,13000,GAME19980610HCCD0009
1998,1998-06-10,Reg Season,Hiroshima Toyo Carp,Home,L,3,Chunichi Dragons,3,8,1,"0,0,0,2,0,0,0,0,1",9,Hiroshima citizens,,,13000,GAME19980610HCCD0009
1998,1998-06-10,Reg Season,Yomiuri Giants,Away,W,6,Hanshin Tigers,6,8,2,"0,0,1,4,0,1,0,0,0",9,Hanshin Koshien Stadium,,,38000,GAME19980610HTYG0009
1998,1998-06-10,Reg Season,Hanshin Tigers,Home,L,2,Yomiuri Giants,2,7,0,"1,0,0,0,0,0,1,0,0",9,Hanshin Koshien Stadium,,,38000,GAME19980610HTYG0009
1998,1998-06-10,Reg Season,Orix Bluewave,Away,L,0,Nippon-Ham Fighters,0,4,0,"0,0,0,0,0,0,0,0,0",10,Tokyo Dome,,,25000,GAME19980610NFOB0010
1998,1998-06-10,Reg Season,Nippon-Ham Fighters,Home,W,6,Orix Bluewave,6,12,1,"2,0,0,0,1,3,0,0,x",10,Tokyo Dome,,,25000,GAME19980610NFOB0010
1998,1998-06-11,Reg Season,Chunichi Dragons,Away,W,7,Hiroshima Toyo Carp,7,9,0,"0,0,0,0,0,0,5,0,0,2",10,Kurashiki Sports Park Muscat Stadium,,,15000,GAME19980611HCCD0010
1998,1998-06-11,Reg Season,Hiroshima Toyo Carp,Home,L,5,Chunichi Dragons,5,14,1,"0,2,0,0,1,0,1,1,0,0",10,Kurashiki Sports Park Muscat Stadium,,,15000,GAME19980611HCCD0010
1998,1998-06-11,Reg Season,Yomiuri Giants,Away,W,14,Hanshin Tigers,14,16,0,"1,0,0,4,2,0,1,6,0",10,Hanshin Koshien Stadium,,,39000,GAME19980611HTYG0010
1998,1998-06-11,Reg Season,Hanshin Tigers,Home,L,1,Yomiuri Giants,1,10,0,"0,0,0,0,1,0,0,0,0",10,Hanshin Koshien Stadium,,,39000,GAME19980611HTYG0010
1998,1998-06-11,Reg Season,Kintetsu Buffaloes,Away,W,2,Chiba Lotte Marines,2,7,0,"0,0,0,0,0,0,0,1,1",8,ZOZO Marine Stadium,,,7000,GAME19980611LMKI0008
1998,1998-06-11,Reg Season,Chiba Lotte Marines,Home,L,1,Kintetsu Buffaloes,1,8,2,"0,0,0,1,0,0,0,0,0",8,ZOZO Marine Stadium,,,7000,GAME19980611LMKI0008
1998,1998-06-11,Reg Season,Yokohama BayStars,Away,W,7,Yakult Swallows,7,13,1,"0,3,0,0,0,0,0,3,1",7,Meiji Jingu Stadium,,,18000,GAME19980611YSDB0007
1998,1998-06-11,Reg Season,Yakult Swallows,Home,L,2,Yokohama BayStars,2,8,1,"0,0,0,0,1,0,1,0,0",7,Meiji Jingu Stadium,,,18000,GAME19980611YSDB0007
1998,1998-06-12,Reg Season,Yokohama BayStars,Away,W,2,Chunichi Dragons,2,5,0,"0,0,0,0,1,0,1,0,0",9,Vantelin Dome Nagoya,,,37500,GAME19980612CDDB0009
1998,1998-06-12,Reg Season,Chunichi Dragons,Home,L,0,Yokohama BayStars,0,7,0,"0,0,0,0,0,0,0,0,0",9,Vantelin Dome Nagoya,,,37500,GAME19980612CDDB0009
1998,1998-06-12,Reg Season,Hiroshima Toyo Carp,Away,W,6,Hanshin Tigers,6,11,1,"1,0,1,0,0,1,0,0,1,0,0,2",10,Hanshin Koshien Stadium,,,26000,GAME19980612HTHC0010
1998,1998-06-12,Reg Season,Hanshin Tigers,Home,L,5,Hiroshima Toyo Carp,5,9,1,"0,0,0,0,0,1,0,0,3,0,0,1",10,Hanshin Koshien Stadium,,,26000,GAME19980612HTHC0010
1998,1998-06-12,Reg Season,Orix Bluewave,Away,L,1,Chiba Lotte Marines,1,3,0,"0,0,0,0,0,0,1,0,0",11,ZOZO Marine Stadium,,,14000,GAME19980612LMOB0011
1998,1998-06-12,Reg Season,Chiba Lotte Marines,Home,W,2,Orix Bluewave,2,8,0,"0,0,0,1,0,0,1,0,x",11,ZOZO Marine Stadium,,,14000,GAME19980612LMOB0011
1998,1998-06-12,Reg Season,Nippon-Ham Fighters,Away,L,4,Fukuoka Daiei Hawks,4,8,1,"0,0,0,0,0,0,0,0,4,0",11,Mizuho PayPay Dome Fukuoka,,,32000,GAME19980612SHNF0011
1998,1998-06-12,Reg Season,Fukuoka Daiei Hawks,Home,W,5,Nippon-Ham Fighters,5,11,0,"0,0,0,0,2,0,0,2,0,1x",11,Mizuho PayPay Dome Fukuoka,,,32000,GAME19980612SHNF0011
1998,1998-06-12,Reg Season,Yakult Swallows,Away,W,6,Yomiuri Giants,6,9,0,"5,0,1,0,0,0,0,0,0",12,Tokyo Dome,,,55000,GAME19980612YGYS0012
1998,1998-06-12,Reg Season,Yomiuri Giants,Home,L,3,Yakult Swallows,3,6,1,"1,0,0,1,1,0,0,0,0",12,Tokyo Dome,,,55000,GAME19980612YGYS0012
1998,1998-06-13,Reg Season,Yokohama BayStars,Away,L,4,Chunichi Dragons,4,7,0,"0,0,0,3,0,0,0,1,0",10,Vantelin Dome Nagoya,,,40500,GAME19980613CDDB0010
1998,1998-06-13,Reg Season,Chunichi Dragons,Home,W,9,Yokohama BayStars,9,15,0,"0,2,4,0,0,0,1,2,x",10,Vantelin Dome Nagoya,,,40500,GAME19980613CDDB0010
1998,1998-06-13,Reg Season,Seibu Lions,Away,L,1,Kintetsu Buffaloes,1,3,0,"0,0,0,1,0,0,0,0,0",11,Kyocera Dome Osaka,,,29000,GAME19980613KISL0011
1998,1998-06-13,Reg Season,Kintetsu Buffaloes,Home,W,4,Seibu Lions,4,9,0,"1,1,0,0,0,0,0,2,x",11,Kyocera Dome Osaka,,,29000,GAME19980613KISL0011
1998,1998-06-13,Reg Season,Orix Bluewave,Away,W,6,Chiba Lotte Marines,6,9,0,"0,1,1,0,3,0,1,0,0",12,ZOZO Marine Stadium,,,14000,GAME19980613LMOB0012
1998,1998-06-13,Reg Season,Chiba Lotte Marines,Home,L,4,Orix Bluewave,4,7,0,"0,2,2,0,0,0,0,0,0",12,ZOZO Marine Stadium,,,14000,GAME19980613LMOB0012
1998,1998-06-13,Reg Season,Nippon-Ham Fighters,Away,W,4,Fukuoka Daiei Hawks,4,9,1,"0,0,3,0,0,0,1,0,0",12,Mizuho PayPay Dome Fukuoka,,,40000,GAME19980613SHNF0012
1998,1998-06-13,Reg Season,Fukuoka Daiei Hawks,Home,L,3,Nippon-Ham Fighters,3,9,0,"0,1,1,0,1,0,0,0,0",12,Mizuho PayPay Dome Fukuoka,,,40000,GAME19980613SHNF0012
1998,1998-06-13,Reg Season,Yakult Swallows,Away,L,0,Yomiuri Giants,0,7,0,"0,0,0,0,0,0,0,0,0",13,Tokyo Dome,,,55000,GAME19980613YGYS0013
1998,1998-06-13,Reg Season,Yomiuri Giants,Home,W,2,Yakult Swallows,2,6,1,"0,0,0,0,0,0,0,0,2x",13,Tokyo Dome,,,55000,GAME19980613YGYS0013
1998,1998-06-14,Reg Season,Seibu Lions,Away,L,0,Kintetsu Buffaloes,0,2,1,"0,0,0,0,0,0,0,0,0",12,Kyocera Dome Osaka,,,27000,GAME19980614KISL0012
1998,1998-06-14,Reg Season,Kintetsu Buffaloes,Home,W,5,Seibu Lions,5,7,0,"0,0,1,1,1,0,2,0,x",12,Kyocera Dome Osaka,,,27000,GAME19980614KISL0012
1998,1998-06-14,Reg Season,Nippon-Ham Fighters,Away,W,7,Fukuoka Daiei Hawks,7,8,1,"0,0,0,0,1,3,3,0,0",13,Mizuho PayPay Dome Fukuoka,,,33000,GAME19980614SHNF0013
1998,1998-06-14,Reg Season,Fukuoka Daiei Hawks,Home,L,1,Nippon-Ham Fighters,1,2,0,"1,0,0,0,0,0,0,0,0",13,Mizuho PayPay Dome Fukuoka,,,33000,GAME19980614SHNF0013
1998,1998-06-14,Reg Season,Yakult Swallows,Away,W,6,Yomiuri Giants,6,11,0,"1,0,1,0,0,0,0,4,0",14,Tokyo Dome,,,55000,GAME19980614YGYS0014
1998,1998-06-14,Reg Season,Yomiuri Giants,Home,L,2,Yakult Swallows,2,7,0,"0,0,0,0,0,0,2,0,0",14,Tokyo Dome,,,55000,GAME19980614YGYS0014
1998,1998-06-16,Reg Season,Hanshin Tigers,Away,L,0,Yokohama BayStars,0,4,0,"0,0,0,0,0,0,0,0,0",11,Kusanagi Baseball Stadium,,,30000,GAME19980616DBHT0011
1998,1998-06-16,Reg Season,Yokohama BayStars,Home,W,1,Hanshin Tigers,1,5,0,"0,0,0,0,0,0,0,1,x",11,Kusanagi Baseball Stadium,,,30000,GAME19980616DBHT0011
1998,1998-06-16,Reg Season,Chiba Lotte Marines,Away,L,8,Kintetsu Buffaloes,8,18,0,"1,5,0,0,2,0,0,0,0",9,Fujiidera,,,6000,GAME19980616KILM0009
1998,1998-06-16,Reg Season,Kintetsu Buffaloes,Home,W,12,Chiba Lotte Marines,12,14,0,"4,0,3,2,0,1,0,2,x",9,Fujiidera,,,6000,GAME19980616KILM0009
1998,1998-06-16,Reg Season,Fukuoka Daiei Hawks,Away,W,3,Orix Bluewave,3,10,1,"0,0,0,0,0,1,2,0,0",11,Kobe Athletic Park Baseball Field,,,17000,GAME19980616OBSH0011
1998,1998-06-16,Reg Season,Orix Bluewave,Home,L,1,Fukuoka Daiei Hawks,1,5,2,"0,0,0,1,0,0,0,0,0",11,Kobe Athletic Park Baseball Field,,,17000,GAME19980616OBSH0011
1998,1998-06-16,Reg Season,Nippon-Ham Fighters,Away,L,5,Seibu Lions,5,9,0,"1,0,0,1,1,0,1,0,1",10,Belluna Dome,,,18000,GAME19980616SLNF0010
1998,1998-06-16,Reg Season,Seibu Lions,Home,W,10,Nippon-Ham Fighters,10,13,0,"3,0,0,1,0,0,1,5,x",10,Belluna Dome,,,18000,GAME19980616SLNF0010
1998,1998-06-16,Reg Season,Chunichi Dragons,Away,W,6,Yomiuri Giants,6,8,0,"0,0,0,0,1,0,0,0,5",12,Tokyo Dome,,,55000,GAME19980616YGCD0012
1998,1998-06-16,Reg Season,Yomiuri Giants,Home,L,2,Chunichi Dragons,2,6,0,"0,0,0,1,0,0,1,0,0",12,Tokyo Dome,,,55000,GAME19980616YGCD0012
1998,1998-06-16,Reg Season,Hiroshima Toyo Carp,Away,L,3,Yakult Swallows,3,3,0,"0,0,0,0,0,0,3,0,0",12,Meiji Jingu Stadium,,,18000,GAME19980616YSHC0012
1998,1998-06-16,Reg Season,Yakult Swallows,Home,W,4,Hiroshima Toyo Carp,4,11,0,"0,0,0,1,1,0,1,0,1x",12,Meiji Jingu Stadium,,,18000,GAME19980616YSHC0012
1998,1998-06-17,Reg Season,Hanshin Tigers,Away,L,4,Yokohama BayStars,4,9,2,"1,0,0,0,0,0,3,0,0",12,Yokohama Stadium,,,26000,GAME19980617DBHT0012
1998,1998-06-17,Reg Season,Yokohama BayStars,Home,W,5,Hanshin Tigers,5,7,0,"0,0,1,1,0,0,3,0,x",12,Yokohama Stadium,,,26000,GAME19980617DBHT0012
1998,1998-06-17,Reg Season,Chiba Lotte Marines,Away,L,6,Kintetsu Buffaloes,6,11,2,"0,0,1,0,3,1,0,1,0",10,Fujiidera,,,6000,GAME19980617KILM0010
1998,1998-06-17,Reg Season,Kintetsu Buffaloes,Home,W,9,Chiba Lotte Marines,9,15,4,"0,0,0,2,0,3,1,3,x",10,Fujiidera,,,6000,GAME19980617KILM0010
1998,1998-06-17,Reg Season,Fukuoka Daiei Hawks,Away,L,2,Orix Bluewave,2,7,1,"1,0,1,0,0,0,0,0,0",12,Kobe Athletic Park Baseball Field,,,16000,GAME19980617OBSH0012
1998,1998-06-17,Reg Season,Orix Bluewave,Home,W,6,Fukuoka Daiei Hawks,6,9,0,"5,0,0,0,1,0,0,0,x",12,Kobe Athletic Park Baseball Field,,,16000,GAME19980617OBSH0012
1998,1998-06-17,Reg Season,Nippon-Ham Fighters,Away,L,0,Seibu Lions,0,4,1,"0,0,0,0,0,0,0,0,0",11,Belluna Dome,,,14000,GAME19980617SLNF0011
1998,1998-06-17,Reg Season,Seibu Lions,Home,W,1,Nippon-Ham Fighters,1,8,0,"0,0,0,0,0,0,1,0,x",11,Belluna Dome,,,14000,GAME19980617SLNF0011
1998,1998-06-17,Reg Season,Chunichi Dragons,Away,L,2,Yomiuri Giants,2,6,1,"0,0,1,0,0,0,1,0,0",13,Tokyo Dome,,,55000,GAME19980617YGCD0013
1998,1998-06-17,Reg Season,Yomiuri Giants,Home,W,6,Chunichi Dragons,6,10,1,"0,0,0,2,4,0,0,0,x",13,Tokyo Dome,,,55000,GAME19980617YGCD0013
1998,1998-06-17,Reg Season,Hiroshima Toyo Carp,Away,L,5,Yakult Swallows,5,11,3,"3,0,1,0,0,0,0,1,0",13,Meiji Jingu Stadium,,,16000,GAME19980617YSHC0013
1998,1998-06-17,Reg Season,Yakult Swallows,Home,W,11,Hiroshima Toyo Carp,11,12,2,"2,1,0,2,1,4,1,0,x",13,Meiji Jingu Stadium,,,16000,GAME19980617YSHC0013
1998,1998-06-18,Reg Season,Hanshin Tigers,Away,L,6,Yokohama BayStars,6,10,0,"1,0,2,0,0,1,2,0,0",13,Yokohama Stadium,,,25000,GAME19980618DBHT0013
1998,1998-06-18,Reg Season,Yokohama BayStars,Home,W,7,Hanshin Tigers,7,12,0,"0,0,3,0,0,0,0,3,1x",13,Yokohama Stadium,,,25000,GAME19980618DBHT0013
1998,1998-06-18,Reg Season,Chiba Lotte Marines,Away,L,5,Kintetsu Buffaloes,5,15,2,"1,0,0,0,0,2,2,0,0,0,0",11,Fujiidera,,,6000,GAME19980618KILM0011
1998,1998-06-18,Reg Season,Kintetsu Buffaloes,Home,W,7,Chiba Lotte Marines,7,17,1,"0,0,0,0,0,2,0,0,3,0,2x",11,Fujiidera,,,6000,GAME19980618KILM0011
1998,1998-06-18,Reg Season,Fukuoka Daiei Hawks,Away,L,4,Orix Bluewave,4,7,1,"0,0,1,0,3,0,0,0,0",13,Kobe Athletic Park Baseball Field,,,16000,GAME19980618OBSH0013
1998,1998-06-18,Reg Season,Orix Bluewave,Home,W,5,Fukuoka Daiei Hawks,5,8,0,"1,1,2,0,0,0,0,1,x",13,Kobe Athletic Park Baseball Field,,,16000,GAME19980618OBSH0013
1998,1998-06-18,Reg Season,Nippon-Ham Fighters,Away,L,3,Seibu Lions,3,8,0,"1,0,0,0,1,0,0,1,0",12,Belluna Dome,,,15000,GAME19980618SLNF0012
1998,1998-06-18,Reg Season,Seibu Lions,Home,W,5,Nippon-Ham Fighters,5,11,1,"2,0,0,1,2,0,0,0,x",12,Belluna Dome,,,15000,GAME19980618SLNF0012
1998,1998-06-18,Reg Season,Chunichi Dragons,Away,W,10,Yomiuri Giants,10,13,2,"0,2,0,4,0,0,0,3,1",14,Tokyo Dome,,,55000,GAME19980618YGCD0014
1998,1998-06-18,Reg Season,Yomiuri Giants,Home,L,8,Chunichi Dragons,8,13,0,"3,0,0,4,0,0,1,0,0",14,Tokyo Dome,,,55000,GAME19980618YGCD0014
1998,1998-06-18,Reg Season,Hiroshima Toyo Carp,Away,L,3,Yakult Swallows,3,7,0,"0,2,0,0,0,1,0,0,0",14,Meiji Jingu Stadium,,,20000,GAME19980618YSHC0014
1998,1998-06-18,Reg Season,Yakult Swallows,Home,W,5,Hiroshima Toyo Carp,5,11,1,"0,0,0,1,1,0,1,2,x",14,Meiji Jingu Stadium,,,20000,GAME19980618YSHC0014
1998,1998-06-19,Reg Season,Chiba Lotte Marines,Away,L,0,Nippon-Ham Fighters,0,7,4,"0,0,0,0,0,0,0,0,0",10,Tokyo Dome,,,15000,GAME19980619NFLM0010
1998,1998-06-19,Reg Season,Nippon-Ham Fighters,Home,W,7,Chiba Lotte Marines,7,9,1,"0,0,0,0,3,0,1,3,x",10,Tokyo Dome,,,15000,GAME19980619NFLM0010
1998,1998-06-19,Reg Season,Seibu Lions,Away,L,6,Orix Bluewave,6,11,1,"0,0,0,1,1,0,1,1,2",10,Vantelin Dome Nagoya,,,14000,GAME19980619OBSL0010
1998,1998-06-19,Reg Season,Orix Bluewave,Home,W,8,Seibu Lions,8,10,2,"0,1,0,0,2,1,4,0,x",10,Vantelin Dome Nagoya,,,14000,GAME19980619OBSL0010
1998,1998-06-20,Reg Season,Yokohama BayStars,Away,W,6,Hiroshima Toyo Carp,6,10,0,"0,0,0,0,0,2,3,1,0",12,Chiyogadai Baseball Stadium,,,12000,GAME19980620HCDB0012
1998,1998-06-20,Reg Season,Hiroshima Toyo Carp,Home,L,3,Yokohama BayStars,3,9,1,"0,0,0,2,0,0,0,1,0",12,Chiyogadai Baseball Stadium,,,12000,GAME19980620HCDB0012
1998,1998-06-20,Reg Season,Yomiuri Giants,Away,L,1,Hanshin Tigers,1,6,1,"0,0,0,0,0,0,0,0,1",11,Hanshin Koshien Stadium,,,54000,GAME19980620HTYG0011
1998,1998-06-20,Reg Season,Hanshin Tigers,Home,W,2,Yomiuri Giants,2,10,0,"0,2,0,0,0,0,0,0,x",11,Hanshin Koshien Stadium,,,54000,GAME19980620HTYG0011
1998,1998-06-20,Reg Season,Chiba Lotte Marines,Away,L,2,Nippon-Ham Fighters,2,10,1,"0,0,1,0,0,0,0,1,0",11,Tokyo Dome,,,17000,GAME19980620NFLM0011
1998,1998-06-20,Reg Season,Nippon-Ham Fighters,Home,W,3,Chiba Lotte Marines,3,6,0,"0,0,0,0,0,0,0,3,x",11,Tokyo Dome,,,17000,GAME19980620NFLM0011
1998,1998-06-20,Reg Season,Seibu Lions,Away,W,5,Orix Bluewave,5,13,0,"1,0,0,0,1,0,1,1,1",11,Vantelin Dome Nagoya,,,30000,GAME19980620OBSL0011
1998,1998-06-20,Reg Season,Orix Bluewave,Home,L,0,Seibu Lions,0,3,1,"0,0,0,0,0,0,0,0,0",11,Vantelin Dome Nagoya,,,30000,GAME19980620OBSL0011
1998,1998-06-20,Reg Season,Kintetsu Buffaloes,Away,L,4,Fukuoka Daiei Hawks,4,5,1,"0,0,1,1,2,0,0,0,0",12,Mizuho PayPay Dome Fukuoka,,,28000,GAME19980620SHKI0012
1998,1998-06-20,Reg Season,Fukuoka Daiei Hawks,Home,W,6,Kintetsu Buffaloes,6,11,2,"1,0,0,1,1,3,0,0,x",12,Mizuho PayPay Dome Fukuoka,,,28000,GAME19980620SHKI0012
1998,1998-06-21,Reg Season,Yokohama BayStars,Away,W,7,Hiroshima Toyo Carp,7,12,0,"3,3,0,1,0,0,0,0,0",13,Chiyogadai Baseball Stadium,,,18000,GAME19980621HCDB0013
1998,1998-06-21,Reg Season,Hiroshima Toyo Carp,Home,L,4,Yokohama BayStars,4,11,3,"0,0,3,0,0,1,0,0,0",13,Chiyogadai Baseball Stadium,,,18000,GAME19980621HCDB0013
1998,1998-06-21,Reg Season,Chiba Lotte Marines,Away,L,10,Nippon-Ham Fighters,10,15,0,"1,3,0,0,0,3,0,1,2",12,Tokyo Dome,,,20000,GAME19980621NFLM0012
1998,1998-06-21,Reg Season,Nippon-Ham Fighters,Home,W,11,Chiba Lotte Marines,11,10,1,"0,1,6,0,1,0,0,1,2x",12,Tokyo Dome,,,20000,GAME19980621NFLM0012
1998,1998-06-21,Reg Season,Seibu Lions,Away,L,0,Orix Bluewave,0,4,1,"0,0,0,0,0,0,0,0,0",12,Vantelin Dome Nagoya,,,18000,GAME19980621OBSL0012
1998,1998-06-21,Reg Season,Orix Bluewave,Home,W,6,Seibu Lions,6,9,1,"0,1,1,0,0,1,3,0,x",12,Vantelin Dome Nagoya,,,18000,GAME19980621OBSL0012
1998,1998-06-21,Reg Season,Kintetsu Buffaloes,Away,W,6,Fukuoka Daiei Hawks,6,14,0,"2,2,0,1,0,0,0,0,1",13,Mizuho PayPay Dome Fukuoka,,,30000,GAME19980621SHKI0013
1998,1998-06-21,Reg Season,Fukuoka Daiei Hawks,Home,L,2,Kintetsu Buffaloes,2,8,1,"0,2,0,0,0,0,0,0,0",13,Mizuho PayPay Dome Fukuoka,,,30000,GAME19980621SHKI0013
1998,1998-06-21,Reg Season,Chunichi Dragons,Away,W,3,Yakult Swallows,3,10,2,"1,1,0,0,0,0,0,0,1",11,Maruyama Track and Field Stadium,,,25000,GAME19980621YSCD0011
1998,1998-06-21,Reg Season,Yakult Swallows,Home,L,1,Chunichi Dragons,1,6,1,"0,0,0,0,0,0,1,0,0",11,Maruyama Track and Field Stadium,,,25000,GAME19980621YSCD0011
1998,1998-06-23,Reg Season,Hanshin Tigers,Away,W,7,Chunichi Dragons,7,14,1,"0,0,2,0,0,0,2,0,3",11,Vantelin Dome Nagoya,,,38500,GAME19980623CDHT0011
1998,1998-06-23,Reg Season,Chunichi Dragons,Home,L,5,Hanshin Tigers,5,12,0,"0,2,0,0,3,0,0,0,0",11,Vantelin Dome Nagoya,,,38500,GAME19980623CDHT0011
1998,1998-06-23,Reg Season,Yomiuri Giants,Away,W,9,Hiroshima Toyo Carp,9,14,1,"4,0,0,0,1,1,2,1,0",10,Hiroshima citizens,,,16000,GAME19980623HCYG0010
1998,1998-06-23,Reg Season,Hiroshima Toyo Carp,Home,L,4,Yomiuri Giants,4,10,1,"0,0,1,0,0,0,1,1,1",10,Hiroshima citizens,,,16000,GAME19980623HCYG0010
1998,1998-06-23,Reg Season,Orix Bluewave,Away,L,2,Kintetsu Buffaloes,2,6,0,"0,0,0,0,0,2,0,0,0",9,Kyocera Dome Osaka,,,21000,GAME19980623KIOB0009
1998,1998-06-23,Reg Season,Kintetsu Buffaloes,Home,W,3,Orix Bluewave,3,10,0,"0,0,0,2,1,0,0,0,x",9,Kyocera Dome Osaka,,,21000,GAME19980623KIOB0009
1998,1998-06-23,Reg Season,Fukuoka Daiei Hawks,Away,L,6,Nippon-Ham Fighters,6,11,2,"1,4,0,0,1,0,0,0,0",14,Tokyo Dome,,,17000,GAME19980623NFSH0014
1998,1998-06-23,Reg Season,Nippon-Ham Fighters,Home,W,7,Fukuoka Daiei Hawks,7,11,1,"0,0,4,0,1,1,0,0,1x",14,Tokyo Dome,,,17000,GAME19980623NFSH0014
1998,1998-06-23,Reg Season,Chiba Lotte Marines,Away,L,0,Seibu Lions,0,4,0,"0,0,0,0,0,0,0,0,0",12,Alpen Stadium,,,8000,GAME19980623SLLM0012
1998,1998-06-23,Reg Season,Seibu Lions,Home,W,4,Chiba Lotte Marines,4,8,0,"1,1,1,0,1,0,0,0,x",12,Alpen Stadium,,,8000,GAME19980623SLLM0012
1998,1998-06-24,Reg Season,Hanshin Tigers,Away,W,2,Chunichi Dragons,2,8,1,"0,1,1,0,0,0,0,0,0",12,Vantelin Dome Nagoya,,,39000,GAME19980624CDHT0012
1998,1998-06-24,Reg Season,Chunichi Dragons,Home,L,0,Hanshin Tigers,0,8,0,"0,0,0,0,0,0,0,0,0",12,Vantelin Dome Nagoya,,,39000,GAME19980624CDHT0012
1998,1998-06-24,Reg Season,Yakult Swallows,Away,L,2,Yokohama BayStars,2,8,1,"0,0,0,0,2,0,0,0,0",8,Yokohama Stadium,,,23000,GAME19980624DBYS0008
1998,1998-06-24,Reg Season,Yokohama BayStars,Home,W,7,Yakult Swallows,7,9,0,"0,1,0,3,2,0,1,0,x",8,Yokohama Stadium,,,23000,GAME19980624DBYS0008
1998,1998-06-24,Reg Season,Yomiuri Giants,Away,W,7,Hiroshima Toyo Carp,7,15,2,"2,0,0,0,2,0,3,0,0",11,Hiroshima citizens,,,14000,GAME19980624HCYG0011
1998,1998-06-24,Reg Season,Hiroshima Toyo Carp,Home,L,3,Yomiuri Giants,3,9,0,"0,0,0,1,0,2,0,0,0",11,Hiroshima citizens,,,14000,GAME19980624HCYG0011
1998,1998-06-24,Reg Season,Orix Bluewave,Away,W,7,Kintetsu Buffaloes,7,13,1,"1,0,0,0,0,1,0,3,2",10,Kyocera Dome Osaka,,,21000,GAME19980624KIOB0010
1998,1998-06-24,Reg Season,Kintetsu Buffaloes,Home,L,2,Orix Bluewave,2,8,0,"0,0,1,0,0,0,1,0,0",10,Kyocera Dome Osaka,,,21000,GAME19980624KIOB0010
1998,1998-06-24,Reg Season,Fukuoka Daiei Hawks,Away,L,3,Nippon-Ham Fighters,3,8,0,"0,0,2,0,0,0,1,0,0",15,Tokyo Dome,,,20000,GAME19980624NFSH0015
1998,1998-06-24,Reg Season,Nippon-Ham Fighters,Home,W,9,Fukuoka Daiei Hawks,9,8,1,"3,0,0,0,1,0,5,0,x",15,Tokyo Dome,,,20000,GAME19980624NFSH0015
1998,1998-06-24,Reg Season,Chiba Lotte Marines,Away,L,5,Seibu Lions,5,14,0,"0,0,0,0,0,0,3,2,0,0,0",13,Alpen Stadium,,,7500,GAME19980624SLLM0013
1998,1998-06-24,Reg Season,Seibu Lions,Home,W,6,Chiba Lotte Marines,6,13,0,"0,0,0,0,0,5,0,0,0,0,1x",13,Alpen Stadium,,,7500,GAME19980624SLLM0013
1998,1998-06-25,Reg Season,Hanshin Tigers,Away,L,0,Chunichi Dragons,0,5,0,"0,0,0,0,0,0,0,0,0",13,Vantelin Dome Nagoya,,,38000,GAME19980625CDHT0013
1998,1998-06-25,Reg Season,Chunichi Dragons,Home,W,1,Hanshin Tigers,1,3,1,"0,0,0,0,0,0,1,0,x",13,Vantelin Dome Nagoya,,,38000,GAME19980625CDHT0013
1998,1998-06-25,Reg Season,Yakult Swallows,Away,L,1,Yokohama BayStars,1,5,1,"0,0,0,0,0,1,0,0,0",9,Yokohama Stadium,,,21000,GAME19980625DBYS0009
1998,1998-06-25,Reg Season,Yokohama BayStars,Home,W,3,Yakult Swallows,3,10,0,"0,0,1,1,0,0,0,1,x",9,Yokohama Stadium,,,21000,GAME19980625DBYS0009
1998,1998-06-25,Reg Season,Yomiuri Giants,Away,W,4,Hiroshima Toyo Carp,4,9,0,"2,1,1,0,0,0,0,0,0",12,Hiroshima citizens,,,18000,GAME19980625HCYG0012
1998,1998-06-25,Reg Season,Hiroshima Toyo Carp,Home,L,2,Yomiuri Giants,2,6,1,"0,0,0,0,2,0,0,0,0",12,Hiroshima citizens,,,18000,GAME19980625HCYG0012
1998,1998-06-25,Reg Season,Fukuoka Daiei Hawks,Away,L,3,Nippon-Ham Fighters,3,9,1,"0,0,1,0,2,0,0,0,0",16,Tokyo Dome,,,18000,GAME19980625NFSH0016
1998,1998-06-25,Reg Season,Nippon-Ham Fighters,Home,W,6,Fukuoka Daiei Hawks,6,8,1,"4,1,1,0,0,0,0,0,x",16,Tokyo Dome,,,18000,GAME19980625NFSH0016
1998,1998-06-26,Reg Season,Hiroshima Toyo Carp,Away,W,2,Chunichi Dragons,2,8,1,"0,0,0,0,0,0,2,0,0",11,Vantelin Dome Nagoya,,,40000,GAME19980626CDHC0011
1998,1998-06-26,Reg Season,Chunichi Dragons,Home,L,1,Hiroshima Toyo Carp,1,5,1,"0,0,1,0,0,0,0,0,0",11,Vantelin Dome Nagoya,,,40000,GAME19980626CDHC0011
1998,1998-06-26,Reg Season,Yakult Swallows,Away,W,1,Hanshin Tigers,1,9,0,"0,0,0,0,0,0,1,0,0",10,Hanshin Koshien Stadium,,,23000,GAME19980626HTYS0010
1998,1998-06-26,Reg Season,Hanshin Tigers,Home,L,0,Yakult Swallows,0,2,0,"0,0,0,0,0,0,0,0,0",10,Hanshin Koshien Stadium,,,23000,GAME19980626HTYS0010
1998,1998-06-26,Reg Season,Kintetsu Buffaloes,Away,W,3,Chiba Lotte Marines,3,11,3,"0,0,0,0,0,0,1,0,0,0,2",12,ZOZO Marine Stadium,,,5000,GAME19980626LMKI0012
1998,1998-06-26,Reg Season,Chiba Lotte Marines,Home,L,1,Kintetsu Buffaloes,1,6,2,"0,0,0,0,0,0,0,0,1,0,0",12,ZOZO Marine Stadium,,,5000,GAME19980626LMKI0012
1998,1998-06-26,Reg Season,Nippon-Ham Fighters,Away,W,6,Orix Bluewave,6,12,0,"0,0,1,0,0,0,0,0,0,0,0,5",11,Kobe Athletic Park Baseball Field,,,16000,GAME19980626OBNF0011
1998,1998-06-26,Reg Season,Orix Bluewave,Home,L,1,Nippon-Ham Fighters,1,7,1,"0,0,0,0,0,0,0,1,0,0,0,0",11,Kobe Athletic Park Baseball Field,,,16000,GAME19980626OBNF0011
1998,1998-06-26,Reg Season,Seibu Lions,Away,W,13,Fukuoka Daiei Hawks,13,17,1,"3,3,0,0,2,5,0,0,0",9,Mizuho PayPay Dome Fukuoka,,,30000,GAME19980626SHSL0009
1998,1998-06-26,Reg Season,Fukuoka Daiei Hawks,Home,L,7,Seibu Lions,7,13,1,"0,0,4,0,1,0,1,0,1",9,Mizuho PayPay Dome Fukuoka,,,30000,GAME19980626SHSL0009
1998,1998-06-27,Reg Season,Hiroshima Toyo Carp,Away,L,3,Chunichi Dragons,3,6,0,"2,0,0,0,0,1,0,0,0",12,Vantelin Dome Nagoya,,,40500,GAME19980627CDHC0012
1998,1998-06-27,Reg Season,Chunichi Dragons,Home,W,5,Hiroshima Toyo Carp,5,8,0,"2,2,0,0,1,0,0,0,x",12,Vantelin Dome Nagoya,,,40500,GAME19980627CDHC0012
1998,1998-06-27,Reg Season,Yakult Swallows,Away,W,6,Hanshin Tigers,6,13,0,"1,0,0,0,5,0,0,0,0",11,Hanshin Koshien Stadium,,,35000,GAME19980627HTYS0011
1998,1998-06-27,Reg Season,Hanshin Tigers,Home,L,3,Yakult Swallows,3,10,1,"0,0,0,3,0,0,0,0,0",11,Hanshin Koshien Stadium,,,35000,GAME19980627HTYS0011
1998,1998-06-27,Reg Season,Kintetsu Buffaloes,Away,W,3,Chiba Lotte Marines,3,8,0,"0,0,0,0,0,1,0,2,0",13,ZOZO Marine Stadium,,,15000,GAME19980627LMKI0013
1998,1998-06-27,Reg Season,Chiba Lotte Marines,Home,L,1,Kintetsu Buffaloes,1,7,0,"0,0,0,1,0,0,0,0,0",13,ZOZO Marine Stadium,,,15000,GAME19980627LMKI0013
1998,1998-06-27,Reg Season,Nippon-Ham Fighters,Away,L,1,Orix Bluewave,1,4,2,"0,0,0,0,1,0,0,0,0",12,Kobe Athletic Park Baseball Field,,,25000,GAME19980627OBNF0012
1998,1998-06-27,Reg Season,Orix Bluewave,Home,W,12,Nippon-Ham Fighters,12,15,1,"2,0,0,0,0,9,1,0,x",12,Kobe Athletic Park Baseball Field,,,25000,GAME19980627OBNF0012
1998,1998-06-27,Reg Season,Seibu Lions,Away,W,9,Fukuoka Daiei Hawks,9,13,0,"0,2,1,4,1,0,0,1,0",10,Mizuho PayPay Dome Fukuoka,,,48000,GAME19980627SHSL0010
1998,1998-06-27,Reg Season,Fukuoka Daiei Hawks,Home,L,2,Seibu Lions,2,5,3,"0,0,0,0,0,1,1,0,0",10,Mizuho PayPay Dome Fukuoka,,,48000,GAME19980627SHSL0010
1998,1998-06-27,Reg Season,Yokohama BayStars,Away,W,3,Yomiuri Giants,3,6,0,"3,0,0,0,0,0,0,0,0",13,Tokyo Dome,,,55000,GAME19980627YGDB0013
1998,1998-06-27,Reg Season,Yomiuri Giants,Home,L,2,Yokohama BayStars,2,8,0,"0,0,0,0,0,1,0,1,0",13,Tokyo Dome,,,55000,GAME19980627YGDB0013
1998,1998-06-28,Reg Season,Hiroshima Toyo Carp,Away,W,8,Chunichi Dragons,8,14,0,"1,1,0,2,0,0,2,0,2",13,Vantelin Dome Nagoya,,,40500,GAME19980628CDHC0013
1998,1998-06-28,Reg Season,Chunichi Dragons,Home,L,0,Hiroshima Toyo Carp,0,6,1,"0,0,0,0,0,0,0,0,0",13,Vantelin Dome Nagoya,,,40500,GAME19980628CDHC0013
1998,1998-06-28,Reg Season,Yakult Swallows,Away,L,0,Hanshin Tigers,0,4,0,"0,0,0,0,0,0,0,0,0",12,Hanshin Koshien Stadium,,,25000,GAME19980628HTYS0012
1998,1998-06-28,Reg Season,Hanshin Tigers,Home,W,3,Yakult Swallows,3,8,0,"0,0,0,1,0,0,0,2,x",12,Hanshin Koshien Stadium,,,25000,GAME19980628HTYS0012
1998,1998-06-28,Reg Season,Kintetsu Buffaloes,Away,W,6,Chiba Lotte Marines,6,11,0,"0,0,0,4,2,0,0,0,0",14,ZOZO Marine Stadium,,,15000,GAME19980628LMKI0014
1998,1998-06-28,Reg Season,Chiba Lotte Marines,Home,L,2,Kintetsu Buffaloes,2,8,1,"0,0,0,0,0,0,0,2,0",14,ZOZO Marine Stadium,,,15000,GAME19980628LMKI0014
1998,1998-06-28,Reg Season,Nippon-Ham Fighters,Away,W,4,Orix Bluewave,4,9,0,"0,0,0,0,0,4,0,0,0",13,Kobe Athletic Park Baseball Field,,,23000,GAME19980628OBNF0013
1998,1998-06-28,Reg Season,Orix Bluewave,Home,L,0,Nippon-Ham Fighters,0,10,0,"0,0,0,0,0,0,0,0,0",13,Kobe Athletic Park Baseball Field,,,23000,GAME19980628OBNF0013
1998,1998-06-28,Reg Season,Seibu Lions,Away,W,6,Fukuoka Daiei Hawks,6,12,0,"2,0,0,1,0,0,1,2,0",11,Mizuho PayPay Dome Fukuoka,,,44000,GAME19980628SHSL0011
1998,1998-06-28,Reg Season,Fukuoka Daiei Hawks,Home,L,0,Seibu Lions,0,2,0,"0,0,0,0,0,0,0,0,0",11,Mizuho PayPay Dome Fukuoka,,,44000,GAME19980628SHSL0011
1998,1998-06-28,Reg Season,Yokohama BayStars,Away,L,5,Yomiuri Giants,5,6,0,"2,0,0,0,0,0,3,0,0",14,Tokyo Dome,,,55000,GAME19980628YGDB0014
1998,1998-06-28,Reg Season,Yomiuri Giants,Home,W,8,Yokohama BayStars,8,13,0,"0,0,0,1,0,4,0,0,3x",14,Tokyo Dome,,,55000,GAME19980628YGDB0014
1998,1998-06-30,Reg Season,Hiroshima Toyo Carp,Away,L,10,Yokohama BayStars,10,12,0,"0,0,0,2,5,0,2,1,0",14,Yokohama Stadium,,,25000,GAME19980630DBHC0014
1998,1998-06-30,Reg Season,Yokohama BayStars,Home,W,13,Hiroshima Toyo Carp,13,12,0,"0,0,2,0,0,3,8,0,x",14,Yokohama Stadium,,,25000,GAME19980630DBHC0014
1998,1998-06-30,Reg Season,Chunichi Dragons,Away,L,0,Hanshin Tigers,0,3,0,"0,0,0,0,0,0,0,0,0",14,Hanshin Koshien Stadium,,,21000,GAME19980630HTCD0014
1998,1998-06-30,Reg Season,Hanshin Tigers,Home,W,2,Chunichi Dragons,2,8,0,"0,0,0,0,0,0,2,0,x",14,Hanshin Koshien Stadium,,,21000,GAME19980630HTCD0014
1998,1998-06-30,Reg Season,Nippon-Ham Fighters,Away,W,5,Kintetsu Buffaloes,5,9,0,"1,2,0,0,0,0,2,0,0",12,Kyocera Dome Osaka,,,15000,GAME19980630KINF0012
1998,1998-06-30,Reg Season,Kintetsu Buffaloes,Home,L,0,Nippon-Ham Fighters,0,6,0,"0,0,0,0,0,0,0,0,0",12,Kyocera Dome Osaka,,,15000,GAME19980630KINF0012
1998,1998-06-30,Reg Season,Seibu Lions,Away,T,5,Chiba Lotte Marines,5,16,1,"1,0,0,2,0,0,0,2,0,0,0,0",14,Fukui Prefectural Stadium,,,12000,GAME19980630LMSL0014
1998,1998-06-30,Reg Season,Chiba Lotte Marines,Home,T,5,Seibu Lions,5,9,0,"0,0,0,0,5,0,0,0,0,0,0,0",14,Fukui Prefectural Stadium,,,12000,GAME19980630LMSL0014
1998,1998-06-30,Reg Season,Orix Bluewave,Away,L,3,Fukuoka Daiei Hawks,3,9,2,"0,0,2,0,0,1,0,0,0",14,Mizuho PayPay Dome Fukuoka,,,22000,GAME19980630SHOB0014
1998,1998-06-30,Reg Season,Fukuoka Daiei Hawks,Home,W,7,Orix Bluewave,7,9,0,"0,0,1,1,1,0,4,0,x",14,Mizuho PayPay Dome Fukuoka,,,22000,GAME19980630SHOB0014
1998,1998-06-30,Reg Season,Yomiuri Giants,Away,L,6,Yakult Swallows,6,5,0,"4,0,0,0,0,0,2,0,0",15,Meiji Jingu Stadium,,,42000,GAME19980630YSYG0015
1998,1998-06-30,Reg Season,Yakult Swallows,Home,W,8,Yomiuri Giants,8,12,1,"0,0,0,4,0,2,2,0,x",15,Meiji Jingu Stadium,,,42000,GAME19980630YSYG0015
1998,1998-07-01,Reg Season,Hiroshima Toyo Carp,Away,W,11,Yokohama BayStars,11,12,0,"0,0,3,0,0,2,4,1,1",15,Yokohama Stadium,,,26000,GAME19980701DBHC0015
1998,1998-07-01,Reg Season,Yokohama BayStars,Home,L,0,Hiroshima Toyo Carp,0,7,0,"0,0,0,0,0,0,0,0,0",15,Yokohama Stadium,,,26000,GAME19980701DBHC0015
1998,1998-07-01,Reg Season,Chunichi Dragons,Away,W,4,Hanshin Tigers,4,12,0,"0,0,0,0,0,2,0,0,0,0,0,2",15,Hanshin Koshien Stadium,,,20000,GAME19980701HTCD0015
1998,1998-07-01,Reg Season,Hanshin Tigers,Home,L,2,Chunichi Dragons,2,9,1,"2,0,0,0,0,0,0,0,0,0,0,0",15,Hanshin Koshien Stadium,,,20000,GAME19980701HTCD0015
1998,1998-07-01,Reg Season,Nippon-Ham Fighters,Away,W,3,Kintetsu Buffaloes,3,6,0,"0,1,0,0,0,0,0,2,0",13,Kyocera Dome Osaka,,,14000,GAME19980701KINF0013
1998,1998-07-01,Reg Season,Kintetsu Buffaloes,Home,L,0,Nippon-Ham Fighters,0,2,1,"0,0,0,0,0,0,0,0,0",13,Kyocera Dome Osaka,,,14000,GAME19980701KINF0013
1998,1998-07-01,Reg Season,Seibu Lions,Away,W,7,Chiba Lotte Marines,7,9,3,"0,3,1,0,1,0,1,0,1",15,Ishikawa Prefectural Baseball Stadium,,,15000,GAME19980701LMSL0015
1998,1998-07-01,Reg Season,Chiba Lotte Marines,Home,L,4,Seibu Lions,4,8,1,"1,0,0,0,2,0,0,0,1",15,Ishikawa Prefectural Baseball Stadium,,,15000,GAME19980701LMSL0015
1998,1998-07-01,Reg Season,Orix Bluewave,Away,L,2,Fukuoka Daiei Hawks,2,9,1,"0,1,0,0,0,0,0,1,0",15,Mizuho PayPay Dome Fukuoka,,,24000,GAME19980701SHOB0015
1998,1998-07-01,Reg Season,Fukuoka Daiei Hawks,Home,W,6,Orix Bluewave,6,8,0,"0,1,1,0,0,0,1,3,x",15,Mizuho PayPay Dome Fukuoka,,,24000,GAME19980701SHOB0015
1998,1998-07-01,Reg Season,Yomiuri Giants,Away,L,2,Yakult Swallows,2,5,1,"0,0,0,0,1,0,0,1,0",16,Meiji Jingu Stadium,,,44000,GAME19980701YSYG0016
1998,1998-07-01,Reg Season,Yakult Swallows,Home,W,7,Yomiuri Giants,7,11,0,"1,0,0,0,2,4,0,0,x",16,Meiji Jingu Stadium,,,44000,GAME19980701YSYG0016
1998,1998-07-02,Reg Season,Hiroshima Toyo Carp,Away,W,6,Yokohama BayStars,6,10,1,"0,0,0,0,0,2,1,3,0",16,Yokohama Stadium,,,24000,GAME19980702DBHC0016
1998,1998-07-02,Reg Season,Yokohama BayStars,Home,L,5,Hiroshima Toyo Carp,5,7,2,"0,1,1,1,0,0,0,2,0",16,Yokohama Stadium,,,24000,GAME19980702DBHC0016
1998,1998-07-02,Reg Season,Chunichi Dragons,Away,W,2,Hanshin Tigers,2,5,1,"0,0,0,0,2,0,0,0,0",16,Hanshin Koshien Stadium,,,20000,GAME19980702HTCD0016
1998,1998-07-02,Reg Season,Hanshin Tigers,Home,L,1,Chunichi Dragons,1,8,2,"0,1,0,0,0,0,0,0,0",16,Hanshin Koshien Stadium,,,20000,GAME19980702HTCD0016
1998,1998-07-02,Reg Season,Nippon-Ham Fighters,Away,W,10,Kintetsu Buffaloes,10,16,0,"0,1,2,2,3,1,0,1,0",14,Kyocera Dome Osaka,,,15000,GAME19980702KINF0014
1998,1998-07-02,Reg Season,Kintetsu Buffaloes,Home,L,5,Nippon-Ham Fighters,5,10,1,"0,0,0,0,2,0,1,1,1",14,Kyocera Dome Osaka,,,15000,GAME19980702KINF0014
1998,1998-07-02,Reg Season,Yomiuri Giants,Away,W,7,Yakult Swallows,7,9,1,"2,5,0,0,0,0,0,0,0",17,Meiji Jingu Stadium,,,46000,GAME19980702YSYG0017
1998,1998-07-02,Reg Season,Yakult Swallows,Home,L,2,Yomiuri Giants,2,8,0,"0,1,0,0,0,0,1,0,0",17,Meiji Jingu Stadium,,,46000,GAME19980702YSYG0017
1998,1998-07-03,Reg Season,Hanshin Tigers,Away,W,4,Hiroshima Toyo Carp,4,7,0,"1,0,0,0,1,0,0,0,2",11,Kurashiki Sports Park Muscat Stadium,,,20000,GAME19980703HCHT0011
1998,1998-07-03,Reg Season,Hiroshima Toyo Carp,Home,L,1,Hanshin Tigers,1,5,3,"0,0,0,0,0,0,0,0,1",11,Kurashiki Sports Park Muscat Stadium,,,20000,GAME19980703HCHT0011
1998,1998-07-03,Reg Season,Fukuoka Daiei Hawks,Away,W,4,Chiba Lotte Marines,4,10,0,"0,1,0,0,3,0,0,0,0",10,ZOZO Marine Stadium,,,12000,GAME19980703LMSH0010
1998,1998-07-03,Reg Season,Chiba Lotte Marines,Home,L,3,Fukuoka Daiei Hawks,3,9,1,"0,0,0,0,0,2,1,0,0",10,ZOZO Marine Stadium,,,12000,GAME19980703LMSH0010
1998,1998-07-03,Reg Season,Seibu Lions,Away,L,2,Nippon-Ham Fighters,2,6,1,"0,0,0,0,0,0,1,1,0",13,Tokyo Dome,,,21000,GAME19980703NFSL0013
1998,1998-07-03,Reg Season,Nippon-Ham Fighters,Home,W,5,Seibu Lions,5,5,0,"3,1,0,1,0,0,0,0,x",13,Tokyo Dome,,,21000,GAME19980703NFSL0013
1998,1998-07-03,Reg Season,Kintetsu Buffaloes,Away,L,2,Orix Bluewave,2,12,1,"0,0,0,1,1,0,0,0,0",11,Kobe Athletic Park Baseball Field,,,14000,GAME19980703OBKI0011
1998,1998-07-03,Reg Season,Orix Bluewave,Home,W,7,Kintetsu Buffaloes,7,8,0,"0,3,1,0,1,0,2,0,x",11,Kobe Athletic Park Baseball Field,,,14000,GAME19980703OBKI0011
1998,1998-07-04,Reg Season,Yomiuri Giants,Away,L,0,Chunichi Dragons,0,5,0,"0,0,0,0,0,0,0,0,0",15,Vantelin Dome Nagoya,,,40500,GAME19980704CDYG0015
1998,1998-07-04,Reg Season,Chunichi Dragons,Home,W,2,Yomiuri Giants,2,4,0,"0,0,0,0,2,0,0,0,x",15,Vantelin Dome Nagoya,,,40500,GAME19980704CDYG0015
1998,1998-07-04,Reg Season,Hanshin Tigers,Away,L,3,Hiroshima Toyo Carp,3,9,0,"1,0,0,0,0,1,1,0,0",12,Hiroshima citizens,,,20000,GAME19980704HCHT0012
1998,1998-07-04,Reg Season,Hiroshima Toyo Carp,Home,W,5,Hanshin Tigers,5,11,0,"1,0,0,0,0,2,0,2,x",12,Hiroshima citizens,,,20000,GAME19980704HCHT0012
1998,1998-07-04,Reg Season,Fukuoka Daiei Hawks,Away,W,10,Chiba Lotte Marines,10,13,0,"0,2,0,0,0,0,4,0,0,0,4",11,ZOZO Marine Stadium,,,23000,GAME19980704LMSH0011
1998,1998-07-04,Reg Season,Chiba Lotte Marines,Home,L,7,Fukuoka Daiei Hawks,7,8,2,"0,2,2,0,0,0,0,0,2,0,1",11,ZOZO Marine Stadium,,,23000,GAME19980704LMSH0011
1998,1998-07-04,Reg Season,Seibu Lions,Away,W,4,Nippon-Ham Fighters,4,7,1,"1,1,0,0,0,0,0,0,1,1",14,Tokyo Dome,,,33000,GAME19980704NFSL0014
1998,1998-07-04,Reg Season,Nippon-Ham Fighters,Home,L,3,Seibu Lions,3,8,0,"0,2,0,1,0,0,0,0,0,0",14,Tokyo Dome,,,33000,GAME19980704NFSL0014
1998,1998-07-04,Reg Season,Kintetsu Buffaloes,Away,L,3,Orix Bluewave,3,5,1,"0,0,0,0,0,1,0,1,1",12,Kobe Athletic Park Baseball Field,,,20000,GAME19980704OBKI0012
1998,1998-07-04,Reg Season,Orix Bluewave,Home,W,5,Kintetsu Buffaloes,5,7,0,"0,0,0,1,1,3,0,0,x",12,Kobe Athletic Park Baseball Field,,,20000,GAME19980704OBKI0012
1998,1998-07-04,Reg Season,Yokohama BayStars,Away,W,9,Yakult Swallows,9,17,0,"1,0,0,1,0,5,1,0,1",10,Heiwa Lease Baseball Stadium,,,30000,GAME19980704YSDB0010
1998,1998-07-04,Reg Season,Yakult Swallows,Home,L,0,Yokohama BayStars,0,7,0,"0,0,0,0,0,0,0,0,0",10,Heiwa Lease Baseball Stadium,,,30000,GAME19980704YSDB0010
1998,1998-07-05,Reg Season,Yomiuri Giants,Away,W,2,Chunichi Dragons,2,9,0,"0,0,0,0,2,0,0,0,0",16,Vantelin Dome Nagoya,,,40500,GAME19980705CDYG0016
1998,1998-07-05,Reg Season,Chunichi Dragons,Home,L,1,Yomiuri Giants,1,8,0,"0,0,0,0,1,0,0,0,0",16,Vantelin Dome Nagoya,,,40500,GAME19980705CDYG0016
1998,1998-07-05,Reg Season,Hanshin Tigers,Away,L,2,Hiroshima Toyo Carp,2,6,1,"0,0,0,0,0,2,0,0,0",13,Hiroshima citizens,,,12000,GAME19980705HCHT0013
1998,1998-07-05,Reg Season,Hiroshima Toyo Carp,Home,W,6,Hanshin Tigers,6,11,0,"3,1,0,0,2,0,0,0,x",13,Hiroshima citizens,,,12000,GAME19980705HCHT0013
1998,1998-07-05,Reg Season,Fukuoka Daiei Hawks,Away,W,10,Chiba Lotte Marines,10,21,1,"1,1,1,0,3,1,3,0,0",12,ZOZO Marine Stadium,,,21000,GAME19980705LMSH0012
1998,1998-07-05,Reg Season,Chiba Lotte Marines,Home,L,3,Fukuoka Daiei Hawks,3,7,1,"1,0,0,0,2,0,0,0,0",12,ZOZO Marine Stadium,,,21000,GAME19980705LMSH0012
1998,1998-07-05,Reg Season,Seibu Lions,Away,L,2,Nippon-Ham Fighters,2,11,2,"0,0,0,1,0,0,0,1,0",15,Tokyo Dome,,,33000,GAME19980705NFSL0015
1998,1998-07-05,Reg Season,Nippon-Ham Fighters,Home,W,5,Seibu Lions,5,8,0,"0,0,0,0,1,1,1,2,x",15,Tokyo Dome,,,33000,GAME19980705NFSL0015
1998,1998-07-05,Reg Season,Kintetsu Buffaloes,Away,W,16,Orix Bluewave,16,15,0,"2,0,0,9,0,0,5,0,0",13,Kobe Athletic Park Baseball Field,,,22000,GAME19980705OBKI0013
1998,1998-07-05,Reg Season,Orix Bluewave,Home,L,3,Kintetsu Buffaloes,3,9,0,"3,0,0,0,0,0,0,0,0",13,Kobe Athletic Park Baseball Field,,,22000,GAME19980705OBKI0013
1998,1998-07-05,Reg Season,Yokohama BayStars,Away,W,11,Yakult Swallows,11,11,0,"0,0,0,0,0,9,0,2,0",11,Lib Work Fujisakidai Stadium,,,18000,GAME19980705YSDB0011
1998,1998-07-05,Reg Season,Yakult Swallows,Home,L,5,Yokohama BayStars,5,11,0,"1,0,0,0,0,0,0,2,2",11,Lib Work Fujisakidai Stadium,,,18000,GAME19980705YSDB0011
1998,1998-07-07,Reg Season,Yakult Swallows,Away,L,2,Chunichi Dragons,2,4,1,"0,2,0,0,0,0,0,0,0",12,Vantelin Dome Nagoya,,,36500,GAME19980707CDYS0012
1998,1998-07-07,Reg Season,Chunichi Dragons,Home,W,7,Yakult Swallows,7,8,1,"0,0,1,0,0,2,0,4,x",12,Vantelin Dome Nagoya,,,36500,GAME19980707CDYS0012
1998,1998-07-07,Reg Season,Yokohama BayStars,Away,L,1,Hanshin Tigers,1,11,0,"0,0,0,1,0,0,0,0,0",14,Kyocera Dome Osaka,,,28000,GAME19980707HTDB0014
1998,1998-07-07,Reg Season,Hanshin Tigers,Home,W,2,Yokohama BayStars,2,7,0,"0,0,0,0,0,0,0,0,2x",14,Kyocera Dome Osaka,,,28000,GAME19980707HTDB0014
1998,1998-07-07,Reg Season,Kintetsu Buffaloes,Away,L,4,Nippon-Ham Fighters,4,8,2,"0,2,1,0,1,0,0,0,0",15,Tokyo Dome,,,11000,GAME19980707NFKI0015
1998,1998-07-07,Reg Season,Nippon-Ham Fighters,Home,W,5,Kintetsu Buffaloes,5,4,0,"0,1,0,1,0,0,2,1,x",15,Tokyo Dome,,,11000,GAME19980707NFKI0015
1998,1998-07-07,Reg Season,Chiba Lotte Marines,Away,L,3,Orix Bluewave,3,15,2,"0,0,2,0,0,1,0,0,0,0,0,0",13,Kobe Athletic Park Baseball Field,,,20000,GAME19980707OBLM0013
1998,1998-07-07,Reg Season,Orix Bluewave,Home,W,7,Chiba Lotte Marines,7,7,0,"0,0,0,1,0,0,0,0,2,0,0,4x",13,Kobe Athletic Park Baseball Field,,,20000,GAME19980707OBLM0013
1998,1998-07-07,Reg Season,Fukuoka Daiei Hawks,Away,W,11,Seibu Lions,11,13,0,"0,0,0,2,0,7,1,0,1",12,Maebashi Municipal Baseball Stadium,,,13000,GAME19980707SLSH0012
1998,1998-07-07,Reg Season,Seibu Lions,Home,L,0,Fukuoka Daiei Hawks,0,9,2,"0,0,0,0,0,0,0,0,0",12,Maebashi Municipal Baseball Stadium,,,13000,GAME19980707SLSH0012
1998,1998-07-07,Reg Season,Hiroshima Toyo Carp,Away,W,10,Yomiuri Giants,10,11,1,"2,1,4,0,0,0,0,0,3",13,Maruyama Track and Field Stadium,,,25000,GAME19980707YGHC0013
1998,1998-07-07,Reg Season,Yomiuri Giants,Home,L,5,Hiroshima Toyo Carp,5,9,2,"0,1,2,0,1,0,0,1,0",13,Maruyama Track and Field Stadium,,,25000,GAME19980707YGHC0013
1998,1998-07-08,Reg Season,Yakult Swallows,Away,L,1,Chunichi Dragons,1,6,2,"0,0,0,1,0,0,0,0,0",13,Vantelin Dome Nagoya,,,36500,GAME19980708CDYS0013
1998,1998-07-08,Reg Season,Chunichi Dragons,Home,W,2,Yakult Swallows,2,7,0,"1,0,1,0,0,0,0,0,x",13,Vantelin Dome Nagoya,,,36500,GAME19980708CDYS0013
1998,1998-07-08,Reg Season,Yokohama BayStars,Away,W,1,Hanshin Tigers,1,12,0,"0,0,1,0,0,0,0,0,0",15,Kyocera Dome Osaka,,,28000,GAME19980708HTDB0015
1998,1998-07-08,Reg Season,Hanshin Tigers,Home,L,0,Yokohama BayStars,0,6,0,"0,0,0,0,0,0,0,0,0",15,Kyocera Dome Osaka,,,28000,GAME19980708HTDB0015
1998,1998-07-08,Reg Season,Kintetsu Buffaloes,Away,L,1,Nippon-Ham Fighters,1,5,2,"0,0,0,1,0,0,0,0,0",16,Tokyo Dome,,,12000,GAME19980708NFKI0016
1998,1998-07-08,Reg Season,Nippon-Ham Fighters,Home,W,3,Kintetsu Buffaloes,3,9,0,"0,0,2,1,0,0,0,0,x",16,Tokyo Dome,,,12000,GAME19980708NFKI0016
1998,1998-07-08,Reg Season,Chiba Lotte Marines,Away,L,4,Orix Bluewave,4,7,1,"0,0,2,0,0,0,2,0,0",14,Kobe Athletic Park Baseball Field,,,16000,GAME19980708OBLM0014
1998,1998-07-08,Reg Season,Orix Bluewave,Home,W,6,Chiba Lotte Marines,6,7,1,"1,2,1,0,2,0,0,0,x",14,Kobe Athletic Park Baseball Field,,,16000,GAME19980708OBLM0014
1998,1998-07-08,Reg Season,Fukuoka Daiei Hawks,Away,W,11,Seibu Lions,11,10,0,"4,1,0,0,2,0,0,2,2",13,Belluna Dome,,,21000,GAME19980708SLSH0013
1998,1998-07-08,Reg Season,Seibu Lions,Home,L,4,Fukuoka Daiei Hawks,4,9,2,"2,0,0,0,1,0,0,0,1",13,Belluna Dome,,,21000,GAME19980708SLSH0013
1998,1998-07-09,Reg Season,Yakult Swallows,Away,W,8,Chunichi Dragons,8,16,1,"4,0,1,2,0,0,0,0,1",14,Vantelin Dome Nagoya,,,37000,GAME19980709CDYS0014
1998,1998-07-09,Reg Season,Chunichi Dragons,Home,L,1,Yakult Swallows,1,7,0,"0,0,0,0,0,1,0,0,0",14,Vantelin Dome Nagoya,,,37000,GAME19980709CDYS0014
1998,1998-07-09,Reg Season,Yokohama BayStars,Away,W,11,Hanshin Tigers,11,15,0,"2,0,0,6,1,0,0,0,2",16,Kyocera Dome Osaka,,,29000,GAME19980709HTDB0016
1998,1998-07-09,Reg Season,Hanshin Tigers,Home,L,3,Yokohama BayStars,3,6,0,"1,0,0,2,0,0,0,0,0",16,Kyocera Dome Osaka,,,29000,GAME19980709HTDB0016
1998,1998-07-09,Reg Season,Kintetsu Buffaloes,Away,W,9,Nippon-Ham Fighters,9,11,0,"0,0,1,3,1,0,0,1,3",17,Tokyo Dome,,,12000,GAME19980709NFKI0017
1998,1998-07-09,Reg Season,Nippon-Ham Fighters,Home,L,2,Kintetsu Buffaloes,2,6,0,"0,0,0,0,0,0,0,0,2",17,Tokyo Dome,,,12000,GAME19980709NFKI0017
1998,1998-07-09,Reg Season,Chiba Lotte Marines,Away,W,9,Orix Bluewave,9,18,1,"3,2,0,0,4,0,0,0,0",15,Kobe Athletic Park Baseball Field,,,20000,GAME19980709OBLM0015
1998,1998-07-09,Reg Season,Orix Bluewave,Home,L,6,Chiba Lotte Marines,6,14,2,"0,0,0,1,0,5,0,0,0",15,Kobe Athletic Park Baseball Field,,,20000,GAME19980709OBLM0015
1998,1998-07-09,Reg Season,Fukuoka Daiei Hawks,Away,L,1,Seibu Lions,1,4,0,"0,0,0,0,1,0,0,0x",14,Belluna Dome,,,18000,GAME19980709SLSH0014
1998,1998-07-09,Reg Season,Seibu Lions,Home,W,5,Fukuoka Daiei Hawks,5,6,0,"3,0,1,1,0,0,0",14,Belluna Dome,,,18000,GAME19980709SLSH0014
1998,1998-07-10,Reg Season,Yakult Swallows,Away,L,5,Hiroshima Toyo Carp,5,10,0,"2,1,0,0,2,0,0,0,0",15,Hiroshima citizens,,,14000,GAME19980710HCYS0015
1998,1998-07-10,Reg Season,Hiroshima Toyo Carp,Home,W,8,Yakult Swallows,8,12,4,"1,0,2,2,2,0,1,0,x",15,Hiroshima citizens,,,14000,GAME19980710HCYS0015
1998,1998-07-10,Reg Season,Fukuoka Daiei Hawks,Away,L,2,Kintetsu Buffaloes,2,9,0,"0,0,0,1,0,0,0,1,0",14,Kyocera Dome Osaka,,,17000,GAME19980710KISH0014
1998,1998-07-10,Reg Season,Kintetsu Buffaloes,Home,W,11,Fukuoka Daiei Hawks,11,14,0,"0,0,0,7,0,0,1,3,x",14,Kyocera Dome Osaka,,,17000,GAME19980710KISH0014
1998,1998-07-10,Reg Season,Nippon-Ham Fighters,Away,L,7,Chiba Lotte Marines,7,10,0,"4,0,0,0,1,2,0,0,0,0",13,ZOZO Marine Stadium,,,9000,GAME19980710LMNF0013
1998,1998-07-10,Reg Season,Chiba Lotte Marines,Home,W,8,Nippon-Ham Fighters,8,12,0,"0,0,1,2,3,0,0,1,0,1x",13,ZOZO Marine Stadium,,,9000,GAME19980710LMNF0013
1998,1998-07-10,Reg Season,Hanshin Tigers,Away,L,2,Yomiuri Giants,2,3,0,"0,0,1,1,0,0,0,0,0",12,Tokyo Dome,,,55000,GAME19980710YGHT0012
1998,1998-07-10,Reg Season,Yomiuri Giants,Home,W,5,Hanshin Tigers,5,10,0,"1,1,0,0,1,0,0,2,x",12,Tokyo Dome,,,55000,GAME19980710YGHT0012
1998,1998-07-11,Reg Season,Chunichi Dragons,Away,L,5,Yokohama BayStars,5,11,2,"0,0,2,2,0,1,0,0,0",11,Windhill Higashi Hokkaido Stadium,,,24000,GAME19980711DBCD0011
1998,1998-07-11,Reg Season,Yokohama BayStars,Home,W,6,Chunichi Dragons,6,11,0,"2,0,1,0,3,0,0,0,x",11,Windhill Higashi Hokkaido Stadium,,,24000,GAME19980711DBCD0011
1998,1998-07-11,Reg Season,Yakult Swallows,Away,W,4,Hiroshima Toyo Carp,4,7,0,"0,3,0,0,0,0,1,0,0",16,Hiroshima citizens,,,21000,GAME19980711HCYS0016
1998,1998-07-11,Reg Season,Hiroshima Toyo Carp,Home,L,3,Yakult Swallows,3,8,2,"0,0,0,2,0,1,0,0,0",16,Hiroshima citizens,,,21000,GAME19980711HCYS0016
1998,1998-07-11,Reg Season,Fukuoka Daiei Hawks,Away,L,0,Kintetsu Buffaloes,0,5,1,"0,0,0,0,0,0,0,0,0",15,Kyocera Dome Osaka,,,25000,GAME19980711KISH0015
1998,1998-07-11,Reg Season,Kintetsu Buffaloes,Home,W,7,Fukuoka Daiei Hawks,7,11,1,"2,2,0,0,0,0,3,0,x",15,Kyocera Dome Osaka,,,25000,GAME19980711KISH0015
1998,1998-07-11,Reg Season,Nippon-Ham Fighters,Away,L,5,Chiba Lotte Marines,5,11,0,"0,0,0,2,1,0,1,0,1,0",14,ZOZO Marine Stadium,,,18000,GAME19980711LMNF0014
1998,1998-07-11,Reg Season,Chiba Lotte Marines,Home,W,6,Nippon-Ham Fighters,6,10,1,"0,0,0,0,0,2,0,0,3,1x",14,ZOZO Marine Stadium,,,18000,GAME19980711LMNF0014
1998,1998-07-11,Reg Season,Hanshin Tigers,Away,L,5,Yomiuri Giants,5,8,0,"0,0,0,0,0,2,0,0,3",13,Tokyo Dome,,,55000,GAME19980711YGHT0013
1998,1998-07-11,Reg Season,Yomiuri Giants,Home,W,7,Hanshin Tigers,7,8,1,"1,4,0,1,1,0,0,0,x",13,Tokyo Dome,,,55000,GAME19980711YGHT0013
1998,1998-07-12,Reg Season,Chunichi Dragons,Away,T,9,Yokohama BayStars,9,15,2,"0,5,0,0,0,0,1,0,3,0,0,0",12,Obihiro no Mori Baseball Stadium,,,27000,GAME19980712DBCD0012
1998,1998-07-12,Reg Season,Yokohama BayStars,Home,T,9,Chunichi Dragons,9,15,0,"2,0,0,1,0,0,0,0,6,0,0,0",12,Obihiro no Mori Baseball Stadium,,,27000,GAME19980712DBCD0012
1998,1998-07-12,Reg Season,Yakult Swallows,Away,W,5,Hiroshima Toyo Carp,5,11,0,"0,0,0,0,0,2,1,0,2",17,Hiroshima citizens,,,12000,GAME19980712HCYS0017
1998,1998-07-12,Reg Season,Hiroshima Toyo Carp,Home,L,3,Yakult Swallows,3,9,2,"0,0,0,1,1,0,1,0,0",17,Hiroshima citizens,,,12000,GAME19980712HCYS0017
1998,1998-07-12,Reg Season,Fukuoka Daiei Hawks,Away,W,13,Kintetsu Buffaloes,13,14,0,"4,0,4,1,0,0,4,0,0",16,Kyocera Dome Osaka,,,21000,GAME19980712KISH0016
1998,1998-07-12,Reg Season,Kintetsu Buffaloes,Home,L,0,Fukuoka Daiei Hawks,0,6,0,"0,0,0,0,0,0,0,0,0",16,Kyocera Dome Osaka,,,21000,GAME19980712KISH0016
1998,1998-07-12,Reg Season,Nippon-Ham Fighters,Away,W,4,Chiba Lotte Marines,4,7,0,"2,0,2,0,0,0,0,0,0",15,ZOZO Marine Stadium,,,14000,GAME19980712LMNF0015
1998,1998-07-12,Reg Season,Chiba Lotte Marines,Home,L,2,Nippon-Ham Fighters,2,6,0,"0,0,0,1,0,1,0,0,0",15,ZOZO Marine Stadium,,,14000,GAME19980712LMNF0015
1998,1998-07-12,Reg Season,Orix Bluewave,Away,W,5,Seibu Lions,5,9,1,"3,0,0,0,1,0,1,0,0",13,Maruyama Track and Field Stadium,,,24000,GAME19980712SLOB0013
1998,1998-07-12,Reg Season,Seibu Lions,Home,L,3,Orix Bluewave,3,4,0,"0,2,0,1,0,0,0,0,0",13,Maruyama Track and Field Stadium,,,24000,GAME19980712SLOB0013
1998,1998-07-12,Reg Season,Hanshin Tigers,Away,W,6,Yomiuri Giants,6,7,1,"3,0,0,1,0,0,0,2,0",14,Tokyo Dome,,,55000,GAME19980712YGHT0014
1998,1998-07-12,Reg Season,Yomiuri Giants,Home,L,4,Hanshin Tigers,4,7,2,"0,0,0,4,0,0,0,0,0",14,Tokyo Dome,,,55000,GAME19980712YGHT0014
1998,1998-07-14,Reg Season,Yomiuri Giants,Away,L,7,Yokohama BayStars,7,9,1,"0,0,0,0,5,0,0,0,2",15,Yokohama Stadium,,,30000,GAME19980714DBYG0015
1998,1998-07-14,Reg Season,Yokohama BayStars,Home,W,8,Yomiuri Giants,8,14,1,"4,2,0,0,0,0,1,0,1x",15,Yokohama Stadium,,,30000,GAME19980714DBYG0015
1998,1998-07-14,Reg Season,Chunichi Dragons,Away,L,1,Hiroshima Toyo Carp,1,4,0,"1,0,0,0,0,0,0,0,0",14,Hiroshima citizens,,,11000,GAME19980714HCCD0014
1998,1998-07-14,Reg Season,Hiroshima Toyo Carp,Home,W,3,Chunichi Dragons,3,9,1,"0,0,3,0,0,0,0,0,x",14,Hiroshima citizens,,,11000,GAME19980714HCCD0014
1998,1998-07-14,Reg Season,Orix Bluewave,Away,L,5,Nippon-Ham Fighters,5,6,0,"0,0,1,0,0,0,3,0,1",14,Tokyo Dome,,,18000,GAME19980714NFOB0014
1998,1998-07-14,Reg Season,Nippon-Ham Fighters,Home,W,10,Orix Bluewave,10,9,3,"4,0,0,4,0,0,2,0,x",14,Tokyo Dome,,,18000,GAME19980714NFOB0014
1998,1998-07-14,Reg Season,Chiba Lotte Marines,Away,W,8,Fukuoka Daiei Hawks,8,13,1,"0,0,3,1,0,0,0,2,2",13,Mizuho PayPay Dome Fukuoka,,,22000,GAME19980714SHLM0013
1998,1998-07-14,Reg Season,Fukuoka Daiei Hawks,Home,L,1,Chiba Lotte Marines,1,6,0,"0,0,0,0,0,1,0,0,0",13,Mizuho PayPay Dome Fukuoka,,,22000,GAME19980714SHLM0013
1998,1998-07-14,Reg Season,Kintetsu Buffaloes,Away,L,7,Seibu Lions,7,8,1,"0,1,1,1,1,3,0,0,0",13,Belluna Dome,,,14000,GAME19980714SLKI0013
1998,1998-07-14,Reg Season,Seibu Lions,Home,W,8,Kintetsu Buffaloes,8,10,1,"1,1,1,0,1,3,0,1,x",13,Belluna Dome,,,14000,GAME19980714SLKI0013
1998,1998-07-14,Reg Season,Hanshin Tigers,Away,L,3,Yakult Swallows,3,13,1,"0,0,0,0,1,0,0,0,2",13,Meiji Jingu Stadium,,,26000,GAME19980714YSHT0013
1998,1998-07-14,Reg Season,Yakult Swallows,Home,W,10,Hanshin Tigers,10,12,1,"0,3,1,2,1,0,3,0,x",13,Meiji Jingu Stadium,,,26000,GAME19980714YSHT0013
1998,1998-07-15,Reg Season,Yomiuri Giants,Away,L,12,Yokohama BayStars,12,20,0,"4,0,3,0,0,0,2,3,0",16,Yokohama Stadium,,,30000,GAME19980715DBYG0016
1998,1998-07-15,Reg Season,Yokohama BayStars,Home,W,13,Yomiuri Giants,13,20,1,"0,0,1,5,0,0,3,3,1x",16,Yokohama Stadium,,,30000,GAME19980715DBYG0016
1998,1998-07-15,Reg Season,Chunichi Dragons,Away,L,3,Hiroshima Toyo Carp,3,10,0,"0,0,0,0,0,0,1,2,0",15,Hiroshima citizens,,,8000,GAME19980715HCCD0015
1998,1998-07-15,Reg Season,Hiroshima Toyo Carp,Home,W,5,Chunichi Dragons,5,11,1,"0,2,0,3,0,0,0,0,x",15,Hiroshima citizens,,,8000,GAME19980715HCCD0015
1998,1998-07-15,Reg Season,Orix Bluewave,Away,T,4,Nippon-Ham Fighters,4,7,0,"1,0,0,0,0,0,1,2,0,0,0,0",15,Tokyo Dome,,,20000,GAME19980715NFOB0015
1998,1998-07-15,Reg Season,Nippon-Ham Fighters,Home,T,4,Orix Bluewave,4,11,0,"0,0,0,0,0,4,0,0,0,0,0,0",15,Tokyo Dome,,,20000,GAME19980715NFOB0015
1998,1998-07-15,Reg Season,Chiba Lotte Marines,Away,L,2,Fukuoka Daiei Hawks,2,9,0,"0,0,0,0,0,1,0,0,1",14,Mizuho PayPay Dome Fukuoka,,,22000,GAME19980715SHLM0014
1998,1998-07-15,Reg Season,Fukuoka Daiei Hawks,Home,W,5,Chiba Lotte Marines,5,13,0,"0,0,0,1,1,0,0,3,x",14,Mizuho PayPay Dome Fukuoka,,,22000,GAME19980715SHLM0014
1998,1998-07-15,Reg Season,Kintetsu Buffaloes,Away,L,3,Seibu Lions,3,5,0,"0,0,0,0,0,0,2,0,1",14,Belluna Dome,,,13000,GAME19980715SLKI0014
1998,1998-07-15,Reg Season,Seibu Lions,Home,W,6,Kintetsu Buffaloes,6,10,0,"0,0,0,1,5,0,0,0,x",14,Belluna Dome,,,13000,GAME19980715SLKI0014
1998,1998-07-15,Reg Season,Hanshin Tigers,Away,L,1,Yakult Swallows,1,1,0,"0,0,1,0,0,0,0,0,0",14,Meiji Jingu Stadium,,,24000,GAME19980715YSHT0014
1998,1998-07-15,Reg Season,Yakult Swallows,Home,W,5,Hanshin Tigers,5,10,0,"0,0,0,0,0,4,0,1,x",14,Meiji Jingu Stadium,,,24000,GAME19980715YSHT0014
1998,1998-07-16,Reg Season,Chunichi Dragons,Away,W,6,Hiroshima Toyo Carp,6,10,0,"0,0,3,1,0,1,0,0,1",16,Hiroshima citizens,,,10000,GAME19980716HCCD0016
1998,1998-07-16,Reg Season,Hiroshima Toyo Carp,Home,L,1,Chunichi Dragons,1,8,1,"0,0,0,0,0,1,0,0,0",16,Hiroshima citizens,,,10000,GAME19980716HCCD0016
1998,1998-07-16,Reg Season,Orix Bluewave,Away,W,7,Nippon-Ham Fighters,7,16,0,"0,0,1,0,0,0,0,4,0,0,2",16,Tokyo Dome,,,22000,GAME19980716NFOB0016
1998,1998-07-16,Reg Season,Nippon-Ham Fighters,Home,L,5,Orix Bluewave,5,17,1,"1,0,0,1,3,0,0,0,0,0,0",16,Tokyo Dome,,,22000,GAME19980716NFOB0016
1998,1998-07-16,Reg Season,Chiba Lotte Marines,Away,W,3,Fukuoka Daiei Hawks,3,6,0,"0,0,0,1,0,0,0,0,2",15,Mizuho PayPay Dome Fukuoka,,,22000,GAME19980716SHLM0015
1998,1998-07-16,Reg Season,Fukuoka Daiei Hawks,Home,L,2,Chiba Lotte Marines,2,12,0,"0,0,0,0,0,0,2,0,0",15,Mizuho PayPay Dome Fukuoka,,,22000,GAME19980716SHLM0015
1998,1998-07-18,Reg Season,Hiroshima Toyo Carp,Away,L,2,Yokohama BayStars,2,11,0,"0,1,0,0,1,0,0,0,0",17,Yokohama Stadium,,,30000,GAME19980718DBHC0017
1998,1998-07-18,Reg Season,Yokohama BayStars,Home,W,10,Hiroshima Toyo Carp,10,15,0,"0,0,0,0,4,1,3,2,x",17,Yokohama Stadium,,,30000,GAME19980718DBHC0017
1998,1998-07-18,Reg Season,Chunichi Dragons,Away,W,7,Hanshin Tigers,7,10,1,"4,0,0,0,0,1,0,0,2",17,Hanshin Koshien Stadium,,,38000,GAME19980718HTCD0017
1998,1998-07-18,Reg Season,Hanshin Tigers,Home,L,0,Chunichi Dragons,0,5,1,"0,0,0,0,0,0,0,0,0",17,Hanshin Koshien Stadium,,,38000,GAME19980718HTCD0017
1998,1998-07-18,Reg Season,Nippon-Ham Fighters,Away,W,7,Kintetsu Buffaloes,7,13,0,"0,2,3,0,0,1,0,1,0",18,Kyocera Dome Osaka,,,16000,GAME19980718KINF0018
1998,1998-07-18,Reg Season,Kintetsu Buffaloes,Home,L,1,Nippon-Ham Fighters,1,6,1,"0,0,0,0,0,0,1,0,0",18,Kyocera Dome Osaka,,,16000,GAME19980718KINF0018
1998,1998-07-18,Reg Season,Seibu Lions,Away,L,1,Chiba Lotte Marines,1,9,0,"1,0,0,0,0,0,0,0,0",16,ZOZO Marine Stadium,,,21000,GAME19980718LMSL0016
1998,1998-07-18,Reg Season,Chiba Lotte Marines,Home,W,7,Seibu Lions,7,13,1,"0,0,1,0,0,1,5,0,x",16,ZOZO Marine Stadium,,,21000,GAME19980718LMSL0016
1998,1998-07-18,Reg Season,Orix Bluewave,Away,L,3,Fukuoka Daiei Hawks,3,9,2,"1,0,0,0,0,0,0,2,0",16,Mizuho PayPay Dome Fukuoka,,,43000,GAME19980718SHOB0016
1998,1998-07-18,Reg Season,Fukuoka Daiei Hawks,Home,W,5,Orix Bluewave,5,8,0,"1,0,4,0,0,0,0,0,x",16,Mizuho PayPay Dome Fukuoka,,,43000,GAME19980718SHOB0016
1998,1998-07-18,Reg Season,Yakult Swallows,Away,L,3,Yomiuri Giants,3,7,0,"1,1,0,0,0,1,0,0,0,0",18,Tokyo Dome,,,55000,GAME19980718YGYS0018
1998,1998-07-18,Reg Season,Yomiuri Giants,Home,W,4,Yakult Swallows,4,10,0,"0,0,3,0,0,0,0,0,0,1x",18,Tokyo Dome,,,55000,GAME19980718YGYS0018
1998,1998-07-19,Reg Season,Hiroshima Toyo Carp,Away,L,3,Yokohama BayStars,3,9,1,"0,0,0,0,2,0,1,0,0",18,Yokohama Stadium,,,30000,GAME19980719DBHC0018
1998,1998-07-19,Reg Season,Yokohama BayStars,Home,W,6,Hiroshima Toyo Carp,6,9,0,"0,0,3,0,0,1,2,0,x",18,Yokohama Stadium,,,30000,GAME19980719DBHC0018
1998,1998-07-19,Reg Season,Chunichi Dragons,Away,W,3,Hanshin Tigers,3,8,1,"1,0,0,0,0,0,1,0,0,0,1",18,Hanshin Koshien Stadium,,,35000,GAME19980719HTCD0018
1998,1998-07-19,Reg Season,Hanshin Tigers,Home,L,2,Chunichi Dragons,2,9,2,"1,0,0,0,0,0,0,0,1,0,0",18,Hanshin Koshien Stadium,,,35000,GAME19980719HTCD0018
1998,1998-07-19,Reg Season,Nippon-Ham Fighters,Away,W,9,Kintetsu Buffaloes,9,20,0,"0,1,2,0,0,3,0,2,1",19,Kyocera Dome Osaka,,,21000,GAME19980719KINF0019
1998,1998-07-19,Reg Season,Kintetsu Buffaloes,Home,L,3,Nippon-Ham Fighters,3,9,0,"0,0,0,0,0,0,2,1,0",19,Kyocera Dome Osaka,,,21000,GAME19980719KINF0019
1998,1998-07-19,Reg Season,Seibu Lions,Away,W,4,Chiba Lotte Marines,4,8,1,"0,1,2,1,0,0,0,0,0",17,ZOZO Marine Stadium,,,25000,GAME19980719LMSL0017
1998,1998-07-19,Reg Season,Chiba Lotte Marines,Home,L,1,Seibu Lions,1,8,0,"0,1,0,0,0,0,0,0,0",17,ZOZO Marine Stadium,,,25000,GAME19980719LMSL0017
1998,1998-07-19,Reg Season,Orix Bluewave,Away,L,7,Fukuoka Daiei Hawks,7,15,2,"2,0,0,0,2,0,0,0,3",17,Mizuho PayPay Dome Fukuoka,,,48000,GAME19980719SHOB0017
1998,1998-07-19,Reg Season,Fukuoka Daiei Hawks,Home,W,12,Orix Bluewave,12,10,2,"0,2,0,0,0,6,0,4,x",17,Mizuho PayPay Dome Fukuoka,,,48000,GAME19980719SHOB0017
1998,1998-07-19,Reg Season,Yakult Swallows,Away,W,2,Yomiuri Giants,2,10,0,"0,0,0,0,0,0,0,0,0,0,0,2",19,Tokyo Dome,,,55000,GAME19980719YGYS0019
1998,1998-07-19,Reg Season,Yomiuri Giants,Home,L,0,Yakult Swallows,0,4,2,"0,0,0,0,0,0,0,0,0,0,0,0",19,Tokyo Dome,,,55000,GAME19980719YGYS0019
1998,1998-07-20,Reg Season,Hiroshima Toyo Carp,Away,L,0,Yokohama BayStars,0,6,0,"0,0,0,0,0,0,0,0,0",19,Yokohama Stadium,,,28000,GAME19980720DBHC0019
1998,1998-07-20,Reg Season,Yokohama BayStars,Home,W,12,Hiroshima Toyo Carp,12,13,0,"0,0,1,0,9,2,0,0,x",19,Yokohama Stadium,,,28000,GAME19980720DBHC0019
1998,1998-07-20,Reg Season,Chunichi Dragons,Away,W,3,Hanshin Tigers,3,7,0,"0,1,0,0,0,0,0,2,0",19,Hanshin Koshien Stadium,,,25000,GAME19980720HTCD0019
1998,1998-07-20,Reg Season,Hanshin Tigers,Home,L,2,Chunichi Dragons,2,8,0,"0,1,0,0,1,0,0,0,0",19,Hanshin Koshien Stadium,,,25000,GAME19980720HTCD0019
1998,1998-07-20,Reg Season,Nippon-Ham Fighters,Away,W,10,Kintetsu Buffaloes,10,14,1,"4,3,1,1,0,0,1,0,0",20,Kyocera Dome Osaka,,,18000,GAME19980720KINF0020
1998,1998-07-20,Reg Season,Kintetsu Buffaloes,Home,L,6,Nippon-Ham Fighters,6,13,0,"0,0,0,1,0,2,3,0,0",20,Kyocera Dome Osaka,,,18000,GAME19980720KINF0020
1998,1998-07-20,Reg Season,Seibu Lions,Away,W,6,Chiba Lotte Marines,6,9,0,"0,0,0,0,0,0,4,0,2",18,ZOZO Marine Stadium,,,15000,GAME19980720LMSL0018
1998,1998-07-20,Reg Season,Chiba Lotte Marines,Home,L,1,Seibu Lions,1,2,1,"0,0,1,0,0,0,0,0,0",18,ZOZO Marine Stadium,,,15000,GAME19980720LMSL0018
1998,1998-07-20,Reg Season,Orix Bluewave,Away,L,1,Fukuoka Daiei Hawks,1,3,1,"1,0,0,0,0,0,0,0,0",18,Mizuho PayPay Dome Fukuoka,,,46000,GAME19980720SHOB0018
1998,1998-07-20,Reg Season,Fukuoka Daiei Hawks,Home,W,6,Orix Bluewave,6,9,2,"0,2,2,0,0,2,0,0,x",18,Mizuho PayPay Dome Fukuoka,,,46000,GAME19980720SHOB0018
1998,1998-07-20,Reg Season,Yakult Swallows,Away,W,6,Yomiuri Giants,6,10,0,"0,1,0,4,0,0,0,1,0",20,Tokyo Dome,,,55000,GAME19980720YGYS0020
1998,1998-07-20,Reg Season,Yomiuri Giants,Home,L,2,Yakult Swallows,2,10,1,"0,0,0,0,1,0,1,0,0",20,Tokyo Dome,,,55000,GAME19980720YGYS0020
1998,1998-07-25,Reg Season,Yomiuri Giants,Away,W,4,Chunichi Dragons,4,10,0,"0,0,1,0,0,0,3,0,0",17,Vantelin Dome Nagoya,,,40500,GAME19980725CDYG0017
1998,1998-07-25,Reg Season,Chunichi Dragons,Home,L,3,Yomiuri Giants,3,10,0,"0,0,1,0,0,0,1,1,0",17,Vantelin Dome Nagoya,,,40500,GAME19980725CDYG0017
1998,1998-07-25,Reg Season,Yokohama BayStars,Away,W,8,Hanshin Tigers,8,16,1,"4,0,0,0,2,0,2,0,0",17,Hanshin Koshien Stadium,,,33000,GAME19980725HTDB0017
1998,1998-07-25,Reg Season,Hanshin Tigers,Home,L,1,Yokohama BayStars,1,10,0,"0,1,0,0,0,0,0,0,0",17,Hanshin Koshien Stadium,,,33000,GAME19980725HTDB0017
1998,1998-07-25,Reg Season,Fukuoka Daiei Hawks,Away,L,3,Kintetsu Buffaloes,3,8,0,"1,0,1,0,0,0,0,1,0",17,Kyocera Dome Osaka,,,18000,GAME19980725KISH0017
1998,1998-07-25,Reg Season,Kintetsu Buffaloes,Home,W,6,Fukuoka Daiei Hawks,6,8,0,"1,0,3,2,0,0,0,0,x",17,Kyocera Dome Osaka,,,18000,GAME19980725KISH0017
1998,1998-07-25,Reg Season,Chiba Lotte Marines,Away,L,1,Orix Bluewave,1,7,0,"0,0,0,1,0,0,0,0,0",16,Kobe Athletic Park Baseball Field,,,22000,GAME19980725OBLM0016
1998,1998-07-25,Reg Season,Orix Bluewave,Home,W,6,Chiba Lotte Marines,6,14,0,"2,0,1,1,0,2,0,0,x",16,Kobe Athletic Park Baseball Field,,,22000,GAME19980725OBLM0016
1998,1998-07-26,Reg Season,Yomiuri Giants,Away,L,0,Chunichi Dragons,0,6,1,"0,0,0,0,0,0,0,0,0",18,Vantelin Dome Nagoya,,,40500,GAME19980726CDYG0018
1998,1998-07-26,Reg Season,Chunichi Dragons,Home,W,2,Yomiuri Giants,2,6,0,"1,0,0,0,1,0,0,0,x",18,Vantelin Dome Nagoya,,,40500,GAME19980726CDYG0018
1998,1998-07-26,Reg Season,Yokohama BayStars,Away,W,16,Hanshin Tigers,16,21,0,"1,0,1,3,0,2,0,6,3",18,Hanshin Koshien Stadium,,,23000,GAME19980726HTDB0018
1998,1998-07-26,Reg Season,Hanshin Tigers,Home,L,4,Yokohama BayStars,4,7,1,"0,0,0,3,1,0,0,0,0",18,Hanshin Koshien Stadium,,,23000,GAME19980726HTDB0018
1998,1998-07-26,Reg Season,Fukuoka Daiei Hawks,Away,L,0,Kintetsu Buffaloes,0,4,1,"0,0,0,0,0,0,0,0,0",18,Kyocera Dome Osaka,,,25000,GAME19980726KISH0018
1998,1998-07-26,Reg Season,Kintetsu Buffaloes,Home,W,11,Fukuoka Daiei Hawks,11,10,0,"0,3,0,0,4,4,0,0,x",18,Kyocera Dome Osaka,,,25000,GAME19980726KISH0018
1998,1998-07-26,Reg Season,Chiba Lotte Marines,Away,W,3,Orix Bluewave,3,8,0,"2,0,0,1,0,0,0,0,0",17,Kobe Athletic Park Baseball Field,,,20000,GAME19980726OBLM0017
1998,1998-07-26,Reg Season,Orix Bluewave,Home,L,2,Chiba Lotte Marines,2,4,0,"0,0,0,2,0,0,0,0,0",17,Kobe Athletic Park Baseball Field,,,20000,GAME19980726OBLM0017
1998,1998-07-26,Reg Season,Nippon-Ham Fighters,Away,W,5,Seibu Lions,5,9,2,"2,0,0,0,0,0,0,3,0",16,Belluna Dome,,,28000,GAME19980726SLNF0016
1998,1998-07-26,Reg Season,Seibu Lions,Home,L,4,Nippon-Ham Fighters,4,6,1,"0,0,1,0,3,0,0,0,0",16,Belluna Dome,,,28000,GAME19980726SLNF0016
1998,1998-07-26,Reg Season,Hiroshima Toyo Carp,Away,L,1,Yakult Swallows,1,5,0,"0,0,0,0,0,1,0,0,0",18,Meiji Jingu Stadium,,,24000,GAME19980726YSHC0018
1998,1998-07-26,Reg Season,Yakult Swallows,Home,W,2,Hiroshima Toyo Carp,2,6,0,"0,2,0,0,0,0,0,0,x",18,Meiji Jingu Stadium,,,24000,GAME19980726YSHC0018
1998,1998-07-27,Reg Season,Yomiuri Giants,Away,L,1,Chunichi Dragons,1,5,0,"0,0,0,0,0,0,0,0,1",19,Vantelin Dome Nagoya,,,40500,GAME19980727CDYG0019
1998,1998-07-27,Reg Season,Chunichi Dragons,Home,W,6,Yomiuri Giants,6,9,0,"0,1,0,1,0,0,4,0,x",19,Vantelin Dome Nagoya,,,40500,GAME19980727CDYG0019
1998,1998-07-27,Reg Season,Fukuoka Daiei Hawks,Away,L,3,Kintetsu Buffaloes,3,10,0,"0,1,0,0,0,1,0,0,1",19,Kyocera Dome Osaka,,,16000,GAME19980727KISH0019
1998,1998-07-27,Reg Season,Kintetsu Buffaloes,Home,W,4,Fukuoka Daiei Hawks,4,10,1,"1,0,0,1,0,0,0,1,1x",19,Kyocera Dome Osaka,,,16000,GAME19980727KISH0019
1998,1998-07-27,Reg Season,Chiba Lotte Marines,Away,W,9,Orix Bluewave,9,13,0,"0,0,1,4,1,1,2,0,0",18,Kobe Athletic Park Baseball Field,,,16000,GAME19980727OBLM0018
1998,1998-07-27,Reg Season,Orix Bluewave,Home,L,0,Chiba Lotte Marines,0,3,2,"0,0,0,0,0,0,0,0,0",18,Kobe Athletic Park Baseball Field,,,16000,GAME19980727OBLM0018
1998,1998-07-27,Reg Season,Nippon-Ham Fighters,Away,W,3,Seibu Lions,3,9,0,"0,0,0,0,2,0,0,0,1",17,Belluna Dome,,,27000,GAME19980727SLNF0017
1998,1998-07-27,Reg Season,Seibu Lions,Home,L,2,Nippon-Ham Fighters,2,8,0,"0,1,1,0,0,0,0,0,0",17,Belluna Dome,,,27000,GAME19980727SLNF0017
1998,1998-07-27,Reg Season,Hiroshima Toyo Carp,Away,L,0,Yakult Swallows,0,5,0,"0,0,0,0,0,0,0,0,0",19,Meiji Jingu Stadium,,,18000,GAME19980727YSHC0019
1998,1998-07-27,Reg Season,Yakult Swallows,Home,W,4,Hiroshima Toyo Carp,4,11,0,"0,1,0,2,1,0,0,0,x",19,Meiji Jingu Stadium,,,18000,GAME19980727YSHC0019
1998,1998-07-28,Reg Season,Yokohama BayStars,Away,L,2,Chunichi Dragons,2,8,0,"0,0,0,0,1,0,1,0,0",13,Vantelin Dome Nagoya,,,40500,GAME19980728CDDB0013
1998,1998-07-28,Reg Season,Chunichi Dragons,Home,W,3,Yokohama BayStars,3,10,0,"0,0,2,0,0,0,1,0,x",13,Vantelin Dome Nagoya,,,40500,GAME19980728CDDB0013
1998,1998-07-28,Reg Season,Hiroshima Toyo Carp,Away,L,0,Hanshin Tigers,0,7,0,"0,0,0,0,0,0,0,0,0",14,Hanshin Koshien Stadium,,,20000,GAME19980728HTHC0014
1998,1998-07-28,Reg Season,Hanshin Tigers,Home,W,2,Hiroshima Toyo Carp,2,7,1,"0,0,0,0,1,0,1,0,x",14,Hanshin Koshien Stadium,,,20000,GAME19980728HTHC0014
1998,1998-07-28,Reg Season,Nippon-Ham Fighters,Away,L,7,Orix Bluewave,7,9,0,"0,0,4,0,0,3,0,0,0",17,Kobe Athletic Park Baseball Field,,,23000,GAME19980728OBNF0017
1998,1998-07-28,Reg Season,Orix Bluewave,Home,W,10,Nippon-Ham Fighters,10,13,1,"0,0,6,0,0,0,0,4,x",17,Kobe Athletic Park Baseball Field,,,23000,GAME19980728OBNF0017
1998,1998-07-28,Reg Season,Chiba Lotte Marines,Away,W,3,Fukuoka Daiei Hawks,3,13,0,"0,0,0,0,0,3,0,0,0",16,Kitakyushu Municipal Baseball Stadium,,,13000,GAME19980728SHLM0016
1998,1998-07-28,Reg Season,Fukuoka Daiei Hawks,Home,L,1,Chiba Lotte Marines,1,6,0,"0,1,0,0,0,0,0,0,0",16,Kitakyushu Municipal Baseball Stadium,,,13000,GAME19980728SHLM0016
1998,1998-07-28,Reg Season,Kintetsu Buffaloes,Away,W,4,Seibu Lions,4,8,0,"0,1,0,0,0,0,1,0,2",15,Belluna Dome,,,17000,GAME19980728SLKI0015
1998,1998-07-28,Reg Season,Seibu Lions,Home,L,0,Kintetsu Buffaloes,0,4,1,"0,0,0,0,0,0,0,0,0",15,Belluna Dome,,,17000,GAME19980728SLKI0015
1998,1998-07-28,Reg Season,Yomiuri Giants,Away,L,6,Yakult Swallows,6,10,2,"1,0,0,1,0,0,0,4,0",21,Meiji Jingu Stadium,,,46000,GAME19980728YSYG0021
1998,1998-07-28,Reg Season,Yakult Swallows,Home,W,7,Yomiuri Giants,7,11,1,"3,0,0,0,1,3,0,0,x",21,Meiji Jingu Stadium,,,46000,GAME19980728YSYG0021
1998,1998-07-29,Reg Season,Yokohama BayStars,Away,L,3,Chunichi Dragons,3,9,1,"1,0,1,0,1,0,0,0,0",14,Vantelin Dome Nagoya,,,40500,GAME19980729CDDB0014
1998,1998-07-29,Reg Season,Chunichi Dragons,Home,W,4,Yokohama BayStars,4,7,1,"0,0,0,0,4,0,0,0,x",14,Vantelin Dome Nagoya,,,40500,GAME19980729CDDB0014
1998,1998-07-29,Reg Season,Hiroshima Toyo Carp,Away,L,2,Hanshin Tigers,2,10,1,"0,0,0,0,0,0,0,1,1,0",15,Hanshin Koshien Stadium,,,23000,GAME19980729HTHC0015
1998,1998-07-29,Reg Season,Hanshin Tigers,Home,W,3,Hiroshima Toyo Carp,3,11,1,"1,0,0,0,0,1,0,0,0,1x",15,Hanshin Koshien Stadium,,,23000,GAME19980729HTHC0015
1998,1998-07-29,Reg Season,Nippon-Ham Fighters,Away,L,4,Orix Bluewave,4,7,1,"3,1,0,0,0,0,0,0,0",18,Kobe Athletic Park Baseball Field,,,23000,GAME19980729OBNF0018
1998,1998-07-29,Reg Season,Orix Bluewave,Home,W,5,Nippon-Ham Fighters,5,7,0,"1,0,0,0,0,1,0,1,2x",18,Kobe Athletic Park Baseball Field,,,23000,GAME19980729OBNF0018
1998,1998-07-29,Reg Season,Chiba Lotte Marines,Away,W,8,Fukuoka Daiei Hawks,8,9,0,"0,1,3,2,0,0,0,0,2",17,Mizuho PayPay Dome Fukuoka,,,22000,GAME19980729SHLM0017
1998,1998-07-29,Reg Season,Fukuoka Daiei Hawks,Home,L,3,Chiba Lotte Marines,3,10,0,"0,0,2,0,0,1,0,0,0",17,Mizuho PayPay Dome Fukuoka,,,22000,GAME19980729SHLM0017
1998,1998-07-29,Reg Season,Kintetsu Buffaloes,Away,W,3,Seibu Lions,3,9,0,"0,0,0,0,3,0,0,0,0",16,Belluna Dome,,,19000,GAME19980729SLKI0016
1998,1998-07-29,Reg Season,Seibu Lions,Home,L,1,Kintetsu Buffaloes,1,4,0,"0,0,0,0,0,0,0,1,0",16,Belluna Dome,,,19000,GAME19980729SLKI0016
1998,1998-07-29,Reg Season,Yomiuri Giants,Away,W,4,Yakult Swallows,4,8,0,"0,0,0,0,0,0,0,0,0,4",22,Meiji Jingu Stadium,,,46000,GAME19980729YSYG0022
1998,1998-07-29,Reg Season,Yakult Swallows,Home,L,0,Yomiuri Giants,0,3,0,"0,0,0,0,0,0,0,0,0,0",22,Meiji Jingu Stadium,,,46000,GAME19980729YSYG0022
1998,1998-07-30,Reg Season,Hiroshima Toyo Carp,Away,L,1,Hanshin Tigers,1,5,0,"0,0,0,0,0,1,0,0,0",16,Hanshin Koshien Stadium,,,22000,GAME19980730HTHC0016
1998,1998-07-30,Reg Season,Hanshin Tigers,Home,W,7,Hiroshima Toyo Carp,7,10,0,"0,1,0,0,1,5,0,0,x",16,Hanshin Koshien Stadium,,,22000,GAME19980730HTHC0016
1998,1998-07-30,Reg Season,Nippon-Ham Fighters,Away,L,6,Orix Bluewave,6,10,2,"0,2,1,0,0,0,0,0,3",19,Kobe Athletic Park Baseball Field,,,19000,GAME19980730OBNF0019
1998,1998-07-30,Reg Season,Orix Bluewave,Home,W,7,Nippon-Ham Fighters,7,8,0,"0,0,2,0,0,0,3,0,2x",19,Kobe Athletic Park Baseball Field,,,19000,GAME19980730OBNF0019
1998,1998-07-30,Reg Season,Chiba Lotte Marines,Away,L,2,Fukuoka Daiei Hawks,2,10,0,"0,0,0,0,0,0,0,2,0",18,Mizuho PayPay Dome Fukuoka,,,20000,GAME19980730SHLM0018
1998,1998-07-30,Reg Season,Fukuoka Daiei Hawks,Home,W,3,Chiba Lotte Marines,3,6,1,"0,0,1,0,0,0,2,0,x",18,Mizuho PayPay Dome Fukuoka,,,20000,GAME19980730SHLM0018
1998,1998-07-31,Reg Season,Chunichi Dragons,Away,L,6,Hiroshima Toyo Carp,6,11,0,"0,0,5,0,0,0,0,1,0",17,Hiroshima citizens,,,14000,GAME19980731HCCD0017
1998,1998-07-31,Reg Season,Hiroshima Toyo Carp,Home,W,8,Chunichi Dragons,8,13,0,"5,3,0,0,0,0,0,0,x",17,Hiroshima citizens,,,14000,GAME19980731HCCD0017
1998,1998-07-31,Reg Season,Yomiuri Giants,Away,L,1,Hanshin Tigers,1,7,1,"0,0,0,0,0,0,0,1,0",15,Hanshin Koshien Stadium,,,52000,GAME19980731HTYG0015
1998,1998-07-31,Reg Season,Hanshin Tigers,Home,W,6,Yomiuri Giants,6,12,2,"1,0,1,0,3,1,0,0,x",15,Hanshin Koshien Stadium,,,52000,GAME19980731HTYG0015
1998,1998-07-31,Reg Season,Orix Bluewave,Away,W,7,Kintetsu Buffaloes,7,17,0,"0,3,0,0,0,3,0,0,1",14,Kyocera Dome Osaka,,,20000,GAME19980731KIOB0014
1998,1998-07-31,Reg Season,Kintetsu Buffaloes,Home,L,3,Orix Bluewave,3,9,1,"0,0,0,0,0,3,0,0,0",14,Kyocera Dome Osaka,,,20000,GAME19980731KIOB0014
1998,1998-07-31,Reg Season,Seibu Lions,Away,W,3,Fukuoka Daiei Hawks,3,7,0,"0,0,0,2,0,1,0,0,0",15,Mizuho PayPay Dome Fukuoka,,,36000,GAME19980731SHSL0015
1998,1998-07-31,Reg Season,Fukuoka Daiei Hawks,Home,L,1,Seibu Lions,1,5,0,"0,0,0,0,0,0,0,1,0",15,Mizuho PayPay Dome Fukuoka,,,36000,GAME19980731SHSL0015
1998,1998-08-01,Reg Season,Yakult Swallows,Away,L,2,Yokohama BayStars,2,7,1,"2,0,0,0,0,0,0,0,0",12,Rakuten Seimei Park Miyagi,,,28000,GAME19980801DBYS0012
1998,1998-08-01,Reg Season,Yokohama BayStars,Home,W,9,Yakult Swallows,9,12,0,"0,3,0,0,1,1,1,3,x",12,Rakuten Seimei Park Miyagi,,,28000,GAME19980801DBYS0012
1998,1998-08-01,Reg Season,Chunichi Dragons,Away,W,5,Hiroshima Toyo Carp,5,7,0,"3,0,1,0,0,0,0,0,1",18,Hiroshima citizens,,,20000,GAME19980801HCCD0018
1998,1998-08-01,Reg Season,Hiroshima Toyo Carp,Home,L,2,Chunichi Dragons,2,7,2,"0,0,0,0,0,0,0,0,2",18,Hiroshima citizens,,,20000,GAME19980801HCCD0018
1998,1998-08-01,Reg Season,Yomiuri Giants,Away,W,3,Hanshin Tigers,3,7,1,"0,0,0,0,2,0,1,0,0",16,Hanshin Koshien Stadium,,,55000,GAME19980801HTYG0016
1998,1998-08-01,Reg Season,Hanshin Tigers,Home,L,1,Yomiuri Giants,1,4,0,"0,0,0,1,0,0,0,0,0",16,Hanshin Koshien Stadium,,,55000,GAME19980801HTYG0016
1998,1998-08-01,Reg Season,Orix Bluewave,Away,L,4,Kintetsu Buffaloes,4,7,1,"0,0,0,1,0,2,1,0,0",15,Kyocera Dome Osaka,,,32000,GAME19980801KIOB0015
1998,1998-08-01,Reg Season,Kintetsu Buffaloes,Home,W,5,Orix Bluewave,5,7,0,"0,0,0,0,1,0,1,3,x",15,Kyocera Dome Osaka,,,32000,GAME19980801KIOB0015
1998,1998-08-01,Reg Season,Chiba Lotte Marines,Away,W,3,Nippon-Ham Fighters,3,6,0,"2,1,0,0,0,0,0,0,0",16,Maruyama Track and Field Stadium,,,12000,GAME19980801NFLM0016
1998,1998-08-01,Reg Season,Nippon-Ham Fighters,Home,L,2,Chiba Lotte Marines,2,9,0,"0,1,0,1,0,0,0,0,0",16,Maruyama Track and Field Stadium,,,12000,GAME19980801NFLM0016
1998,1998-08-01,Reg Season,Seibu Lions,Away,T,5,Fukuoka Daiei Hawks,5,11,0,"1,0,2,0,1,0,0,0,0,0,1,0",16,Mizuho PayPay Dome Fukuoka,,,45000,GAME19980801SHSL0016
1998,1998-08-01,Reg Season,Fukuoka Daiei Hawks,Home,T,5,Seibu Lions,5,11,1,"0,0,0,0,1,0,0,3,0,0,1,0",16,Mizuho PayPay Dome Fukuoka,,,45000,GAME19980801SHSL0016
1998,1998-08-02,Reg Season,Chunichi Dragons,Away,W,6,Hiroshima Toyo Carp,6,10,1,"0,0,0,2,0,2,0,1,1",19,Hiroshima citizens,,,12000,GAME19980802HCCD0019
1998,1998-08-02,Reg Season,Hiroshima Toyo Carp,Home,L,4,Chunichi Dragons,4,8,1,"0,1,1,1,0,0,0,1,0",19,Hiroshima citizens,,,12000,GAME19980802HCCD0019
1998,1998-08-02,Reg Season,Yomiuri Giants,Away,L,3,Hanshin Tigers,3,6,1,"2,0,0,0,0,0,0,1,0",17,Hanshin Koshien Stadium,,,54000,GAME19980802HTYG0017
1998,1998-08-02,Reg Season,Hanshin Tigers,Home,W,6,Yomiuri Giants,6,8,0,"0,0,0,0,1,1,0,4,x",17,Hanshin Koshien Stadium,,,54000,GAME19980802HTYG0017
1998,1998-08-02,Reg Season,Orix Bluewave,Away,W,8,Kintetsu Buffaloes,8,14,1,"1,0,1,2,0,0,3,1,0",16,Kyocera Dome Osaka,,,32000,GAME19980802KIOB0016
1998,1998-08-02,Reg Season,Kintetsu Buffaloes,Home,L,4,Orix Bluewave,4,10,1,"0,0,1,2,1,0,0,0,0",16,Kyocera Dome Osaka,,,32000,GAME19980802KIOB0016
1998,1998-08-02,Reg Season,Chiba Lotte Marines,Away,L,4,Nippon-Ham Fighters,4,11,1,"0,0,0,0,0,0,3,0,1",17,Maruyama Track and Field Stadium,,,18000,GAME19980802NFLM0017
1998,1998-08-02,Reg Season,Nippon-Ham Fighters,Home,W,8,Chiba Lotte Marines,8,10,0,"4,0,3,0,0,1,0,0,x",17,Maruyama Track and Field Stadium,,,18000,GAME19980802NFLM0017
1998,1998-08-02,Reg Season,Seibu Lions,Away,W,4,Fukuoka Daiei Hawks,4,9,0,"4,0,0,0,0,0,0,0,0",17,Mizuho PayPay Dome Fukuoka,,,45000,GAME19980802SHSL0017
1998,1998-08-02,Reg Season,Fukuoka Daiei Hawks,Home,L,0,Seibu Lions,0,6,1,"0,0,0,0,0,0,0,0,0",17,Mizuho PayPay Dome Fukuoka,,,45000,GAME19980802SHSL0017
1998,1998-08-04,Reg Season,Yakult Swallows,Away,L,0,Chunichi Dragons,0,4,0,"0,0,0,0,0,0,0,0,0",15,Vantelin Dome Nagoya,,,40000,GAME19980804CDYS0015
1998,1998-08-04,Reg Season,Chunichi Dragons,Home,W,5,Yakult Swallows,5,7,0,"0,1,0,1,0,0,3,0,x",15,Vantelin Dome Nagoya,,,40000,GAME19980804CDYS0015
1998,1998-08-04,Reg Season,Hanshin Tigers,Away,L,1,Yokohama BayStars,1,5,1,"1,0,0,0,0,0,0,0,0",19,Yokohama Stadium,,,26000,GAME19980804DBHT0019
1998,1998-08-04,Reg Season,Yokohama BayStars,Home,W,2,Hanshin Tigers,2,5,0,"0,1,0,0,1,0,0,0,x",19,Yokohama Stadium,,,26000,GAME19980804DBHT0019
1998,1998-08-04,Reg Season,Seibu Lions,Away,L,2,Kintetsu Buffaloes,2,4,0,"0,0,0,0,0,0,0,2,0",17,Kyocera Dome Osaka,,,15000,GAME19980804KISL0017
1998,1998-08-04,Reg Season,Kintetsu Buffaloes,Home,W,11,Seibu Lions,11,17,0,"1,4,1,0,0,4,0,1,x",17,Kyocera Dome Osaka,,,15000,GAME19980804KISL0017
1998,1998-08-04,Reg Season,Orix Bluewave,Away,L,7,Chiba Lotte Marines,7,13,0,"0,0,4,0,0,1,1,0,1",19,ZOZO Marine Stadium,,,15000,GAME19980804LMOB0019
1998,1998-08-04,Reg Season,Chiba Lotte Marines,Home,W,11,Orix Bluewave,11,14,1,"0,1,2,3,0,0,4,1,x",19,ZOZO Marine Stadium,,,15000,GAME19980804LMOB0019
1998,1998-08-04,Reg Season,Nippon-Ham Fighters,Away,L,5,Fukuoka Daiei Hawks,5,7,2,"0,1,0,0,0,0,1,3,0",17,Mizuho PayPay Dome Fukuoka,,,22000,GAME19980804SHNF0017
1998,1998-08-04,Reg Season,Fukuoka Daiei Hawks,Home,W,6,Nippon-Ham Fighters,6,11,1,"0,1,2,0,0,0,3,0,x",17,Mizuho PayPay Dome Fukuoka,,,22000,GAME19980804SHNF0017
1998,1998-08-04,Reg Season,Hiroshima Toyo Carp,Away,L,5,Yomiuri Giants,5,8,0,"0,0,0,2,0,2,1,0,0",14,Tokyo Dome,,,55000,GAME19980804YGHC0014
1998,1998-08-04,Reg Season,Yomiuri Giants,Home,W,6,Hiroshima Toyo Carp,6,9,0,"3,0,0,0,0,0,0,3,x",14,Tokyo Dome,,,55000,GAME19980804YGHC0014
1998,1998-08-05,Reg Season,Yakult Swallows,Away,L,1,Chunichi Dragons,1,10,0,"0,0,0,0,0,0,0,0,1,0,0,0",16,Vantelin Dome Nagoya,,,38000,GAME19980805CDYS0016
1998,1998-08-05,Reg Season,Chunichi Dragons,Home,W,2,Yakult Swallows,2,9,0,"1,0,0,0,0,0,0,0,0,0,0,1x",16,Vantelin Dome Nagoya,,,38000,GAME19980805CDYS0016
1998,1998-08-05,Reg Season,Hanshin Tigers,Away,L,2,Yokohama BayStars,2,6,0,"0,0,0,0,0,0,1,0,1",20,Yokohama Stadium,,,28000,GAME19980805DBHT0020
1998,1998-08-05,Reg Season,Yokohama BayStars,Home,W,4,Hanshin Tigers,4,8,0,"0,1,0,1,0,0,0,2,x",20,Yokohama Stadium,,,28000,GAME19980805DBHT0020
1998,1998-08-05,Reg Season,Seibu Lions,Away,L,2,Kintetsu Buffaloes,2,10,0,"0,0,0,0,0,1,1,0,0,0,0,0",18,Kyocera Dome Osaka,,,15000,GAME19980805KISL0018
1998,1998-08-05,Reg Season,Kintetsu Buffaloes,Home,W,3,Seibu Lions,3,10,0,"0,0,0,0,1,0,0,1,0,0,0,1x",18,Kyocera Dome Osaka,,,15000,GAME19980805KISL0018
1998,1998-08-05,Reg Season,Orix Bluewave,Away,L,1,Chiba Lotte Marines,1,4,0,"0,0,0,0,1",20,ZOZO Marine Stadium,,,16000,GAME19980805LMOB0020
1998,1998-08-05,Reg Season,Chiba Lotte Marines,Home,W,2,Orix Bluewave,2,7,1,"1,0,1,0,0x",20,ZOZO Marine Stadium,,,16000,GAME19980805LMOB0020
1998,1998-08-05,Reg Season,Nippon-Ham Fighters,Away,W,3,Fukuoka Daiei Hawks,3,10,2,"0,0,0,0,0,2,0,1,0",18,Mizuho PayPay Dome Fukuoka,,,23000,GAME19980805SHNF0018
1998,1998-08-05,Reg Season,Fukuoka Daiei Hawks,Home,L,1,Nippon-Ham Fighters,1,6,1,"1,0,0,0,0,0,0,0,0",18,Mizuho PayPay Dome Fukuoka,,,23000,GAME19980805SHNF0018
1998,1998-10-18,JS,Seibu Lions,Away,L,4,Yokohama BayStars,4,9,3,"0,0,0,0,0,2,2,0,0",1,Yokohama Stadium,,,29025,GAME19981018DBSL0001
1998,1998-10-18,JS,Yokohama BayStars,Home,W,9,Seibu Lions,9,14,0,"1,0,3,3,0,1,0,1,x",1,Yokohama Stadium,,,29025,GAME19981018DBSL0001
1998,1998-10-19,JS,Seibu Lions,Away,L,0,Yokohama BayStars,0,3,0,"0,0,0,0,0,0,0,0,0",2,Yokohama Stadium,,,29076,GAME19981019DBSL0002
1998,1998-10-19,JS,Yokohama BayStars,Home,W,4,Seibu Lions,4,9,1,"1,0,0,0,2,0,1,0,x",2,Yokohama Stadium,,,29076,GAME19981019DBSL0002
1998,1998-10-22,JS,Yokohama BayStars,Away,L,2,Seibu Lions,2,8,1,"0,0,0,1,0,0,1,0,0",3,Belluna Dome,,,31599,GAME19981022SLDB0003
1998,1998-10-22,JS,Seibu Lions,Home,W,7,Yokohama BayStars,7,8,0,"0,2,2,0,3,0,0,0,x",3,Belluna Dome,,,31599,GAME19981022SLDB0003
1998,1998-10-23,JS,Yokohama BayStars,Away,L,2,Seibu Lions,2,4,0,"0,0,0,2,0,0,0,0,0",4,Belluna Dome,,,31685,GAME19981023SLDB0004
1998,1998-10-23,JS,Seibu Lions,Home,W,4,Yokohama BayStars,4,7,0,"0,2,0,0,0,2,0,0,x",4,Belluna Dome,,,31685,GAME19981023SLDB0004
1998,1998-10-24,JS,Yokohama BayStars,Away,W,17,Seibu Lions,17,20,0,"1,1,2,3,0,0,0,3,7",5,Belluna Dome,,,31756,GAME19981024SLDB0005
1998,1998-10-24,JS,Seibu Lions,Home,L,5,Yokohama BayStars,5,11,0,"0,0,1,1,0,0,0,3,0",5,Belluna Dome,,,31756,GAME19981024SLDB0005
1998,1998-10-26,JS,Seibu Lions,Away,L,1,Yokohama BayStars,1,7,0,"0,0,0,0,0,0,0,0,1",6,Yokohama Stadium,,,29289,GAME19981026DBSL0006
1998,1998-10-26,JS,Yokohama BayStars,Home,W,2,Seibu Lions,2,3,0,"0,0,0,0,0,0,0,2,x",6,Yokohama Stadium,,,29289,GAME19981026DBSL0006
1998,1998-08-05,Reg Season,Hiroshima Toyo Carp,Away,W,9,Yomiuri Giants,9,15,0,"1,0,3,2,0,0,0,1,0,0,0,0,2",15,Tokyo Dome,,,55000,GAME19980805YGHC0015
1998,1998-08-05,Reg Season,Yomiuri Giants,Home,L,7,Hiroshima Toyo Carp,7,10,0,"0,0,0,0,1,0,1,0,5,0,0,0,0",15,Tokyo Dome,,,55000,GAME19980805YGHC0015
1998,1998-08-06,Reg Season,Yakult Swallows,Away,W,4,Chunichi Dragons,4,10,0,"0,0,0,0,2,0,0,0,0,0,2",17,Vantelin Dome Nagoya,,,38500,GAME19980806CDYS0017
1998,1998-08-06,Reg Season,Chunichi Dragons,Home,L,2,Yakult Swallows,2,5,1,"0,0,0,0,0,0,2,0,0,0,0",17,Vantelin Dome Nagoya,,,38500,GAME19980806CDYS0017
1998,1998-08-06,Reg Season,Hanshin Tigers,Away,L,9,Yokohama BayStars,9,18,1,"2,0,1,1,0,4,0,1,0,0,0,0,0,0",21,Yokohama Stadium,,,27000,GAME19980806DBHT0021
1998,1998-08-06,Reg Season,Yokohama BayStars,Home,W,12,Hanshin Tigers,12,15,2,"1,0,0,2,5,0,1,0,0,0,0,0,0,3x",21,Yokohama Stadium,,,27000,GAME19980806DBHT0021
1998,1998-08-06,Reg Season,Seibu Lions,Away,W,6,Kintetsu Buffaloes,6,9,0,"0,2,3,1,0,0,0,0,0",19,Kyocera Dome Osaka,,,15000,GAME19980806KISL0019
1998,1998-08-06,Reg Season,Kintetsu Buffaloes,Home,L,2,Seibu Lions,2,7,0,"1,0,0,1,0,0,0,0,0",19,Kyocera Dome Osaka,,,15000,GAME19980806KISL0019
1998,1998-08-06,Reg Season,Nippon-Ham Fighters,Away,W,11,Fukuoka Daiei Hawks,11,11,0,"4,5,0,2,0,0,0,0,0",19,Kitakyushu Municipal Baseball Stadium,,,13000,GAME19980806SHNF0019
1998,1998-08-06,Reg Season,Fukuoka Daiei Hawks,Home,L,0,Nippon-Ham Fighters,0,7,1,"0,0,0,0,0,0,0,0,0",19,Kitakyushu Municipal Baseball Stadium,,,13000,GAME19980806SHNF0019
1998,1998-08-06,Reg Season,Hiroshima Toyo Carp,Away,W,5,Yomiuri Giants,5,7,0,"0,0,0,0,0,2,1,0,2",16,Tokyo Dome,,,55000,GAME19980806YGHC0016
1998,1998-08-06,Reg Season,Yomiuri Giants,Home,L,1,Hiroshima Toyo Carp,1,5,0,"0,0,0,0,0,0,1,0,0",16,Tokyo Dome,,,55000,GAME19980806YGHC0016
1998,1998-08-07,Reg Season,Yokohama BayStars,Away,W,8,Hiroshima Toyo Carp,8,14,0,"0,2,0,0,0,3,0,3,0",20,Hiroshima citizens,,,17000,GAME19980807HCDB0020
1998,1998-08-07,Reg Season,Hiroshima Toyo Carp,Home,L,5,Yokohama BayStars,5,12,0,"0,2,0,0,0,0,0,3,0",20,Hiroshima citizens,,,17000,GAME19980807HCDB0020
1998,1998-08-07,Reg Season,Kintetsu Buffaloes,Away,W,7,Chiba Lotte Marines,7,9,0,"0,0,3,0,3,0,0,1,0",15,ZOZO Marine Stadium,,,11000,GAME19980807LMKI0015
1998,1998-08-07,Reg Season,Chiba Lotte Marines,Home,L,4,Kintetsu Buffaloes,4,8,1,"0,0,0,0,3,0,0,0,1",15,ZOZO Marine Stadium,,,11000,GAME19980807LMKI0015
1998,1998-08-07,Reg Season,Fukuoka Daiei Hawks,Away,W,3,Orix Bluewave,3,13,0,"0,2,0,0,1,0,0,0,0",19,Kobe Athletic Park Baseball Field,,,19000,GAME19980807OBSH0019
1998,1998-08-07,Reg Season,Orix Bluewave,Home,L,2,Fukuoka Daiei Hawks,2,14,0,"0,0,0,0,0,1,0,0,1",19,Kobe Athletic Park Baseball Field,,,19000,GAME19980807OBSH0019
1998,1998-08-07,Reg Season,Chunichi Dragons,Away,L,3,Yomiuri Giants,3,10,0,"0,0,0,1,0,1,0,0,1",20,Tokyo Dome,,,55000,GAME19980807YGCD0020
1998,1998-08-07,Reg Season,Yomiuri Giants,Home,W,7,Chunichi Dragons,7,11,1,"1,0,2,1,0,0,3,0,x",20,Tokyo Dome,,,55000,GAME19980807YGCD0020
1998,1998-08-07,Reg Season,Hanshin Tigers,Away,L,0,Yakult Swallows,0,3,2,"0,0,0,0,0,0,0,0,0",15,Meiji Jingu Stadium,,,22000,GAME19980807YSHT0015
1998,1998-08-07,Reg Season,Yakult Swallows,Home,W,1,Hanshin Tigers,1,5,1,"0,0,0,0,0,0,0,1,x",15,Meiji Jingu Stadium,,,22000,GAME19980807YSHT0015
1998,1998-08-08,Reg Season,Yokohama BayStars,Away,L,5,Hiroshima Toyo Carp,5,10,0,"0,0,2,2,1,0,0,0,0",21,Hiroshima citizens,,,21000,GAME19980808HCDB0021
1998,1998-08-08,Reg Season,Hiroshima Toyo Carp,Home,W,9,Yokohama BayStars,9,12,0,"0,0,0,1,3,2,0,3,x",21,Hiroshima citizens,,,21000,GAME19980808HCDB0021
1998,1998-08-08,Reg Season,Kintetsu Buffaloes,Away,L,1,Chiba Lotte Marines,1,7,1,"1,0,0,0,0,0,0,0,0",16,ZOZO Marine Stadium,,,19000,GAME19980808LMKI0016
1998,1998-08-08,Reg Season,Chiba Lotte Marines,Home,W,4,Kintetsu Buffaloes,4,9,0,"3,1,0,0,0,0,0,0,x",16,ZOZO Marine Stadium,,,19000,GAME19980808LMKI0016
1998,1998-08-08,Reg Season,Fukuoka Daiei Hawks,Away,L,4,Orix Bluewave,4,12,1,"1,1,0,0,2,0,0,0,0",20,Kobe Athletic Park Baseball Field,,,22000,GAME19980808OBSH0020
1998,1998-08-08,Reg Season,Orix Bluewave,Home,W,6,Fukuoka Daiei Hawks,6,10,1,"0,0,0,0,1,1,0,4,x",20,Kobe Athletic Park Baseball Field,,,22000,GAME19980808OBSH0020
1998,1998-08-08,Reg Season,Chunichi Dragons,Away,W,3,Yomiuri Giants,3,12,0,"1,0,0,0,1,0,0,1,0",21,Tokyo Dome,,,55000,GAME19980808YGCD0021
1998,1998-08-08,Reg Season,Yomiuri Giants,Home,L,1,Chunichi Dragons,1,6,0,"0,1,0,0,0,0,0,0,0",21,Tokyo Dome,,,55000,GAME19980808YGCD0021
1998,1998-08-08,Reg Season,Hanshin Tigers,Away,L,3,Yakult Swallows,3,10,1,"0,0,0,0,3,0,0,0,0,0,0,0,0",16,Meiji Jingu Stadium,,,34000,GAME19980808YSHT0016
1998,1998-08-08,Reg Season,Yakult Swallows,Home,W,4,Hanshin Tigers,4,13,2,"1,1,0,0,0,0,1,0,0,0,0,0,1x",16,Meiji Jingu Stadium,,,34000,GAME19980808YSHT0016
1998,1998-08-09,Reg Season,Yokohama BayStars,Away,W,14,Hiroshima Toyo Carp,14,19,1,"1,1,2,2,0,0,0,0,0,0,0,0,0,0,8",22,Fukuyama citizen (former),,,15000,GAME19980809HCDB0022
1998,1998-08-09,Reg Season,Hiroshima Toyo Carp,Home,L,6,Yokohama BayStars,6,13,2,"0,2,2,0,1,0,0,1,0,0,0,0,0,0,0",22,Fukuyama citizen (former),,,15000,GAME19980809HCDB0022
1998,1998-08-09,Reg Season,Kintetsu Buffaloes,Away,W,5,Chiba Lotte Marines,5,7,1,"2,1,0,0,0,1,0,0,1",17,ZOZO Marine Stadium,,,17000,GAME19980809LMKI0017
1998,1998-08-09,Reg Season,Chiba Lotte Marines,Home,L,3,Kintetsu Buffaloes,3,5,1,"0,0,0,0,1,0,0,1,1",17,ZOZO Marine Stadium,,,17000,GAME19980809LMKI0017
1998,1998-08-09,Reg Season,Seibu Lions,Away,W,1,Nippon-Ham Fighters,1,7,0,"0,0,0,1,0,0,0,0,0",18,Iwaki Green Stadium,,,12000,GAME19980809NFSL0018
1998,1998-08-09,Reg Season,Nippon-Ham Fighters,Home,L,0,Seibu Lions,0,4,0,"0,0,0,0,0,0,0,0,0",18,Iwaki Green Stadium,,,12000,GAME19980809NFSL0018
1998,1998-08-09,Reg Season,Fukuoka Daiei Hawks,Away,L,8,Orix Bluewave,8,8,1,"0,1,0,0,0,4,0,3,0",21,Kobe Athletic Park Baseball Field,,,23000,GAME19980809OBSH0021
1998,1998-08-09,Reg Season,Orix Bluewave,Home,W,10,Fukuoka Daiei Hawks,10,9,1,"0,0,0,0,9,0,1,0,x",21,Kobe Athletic Park Baseball Field,,,23000,GAME19980809OBSH0021
1998,1998-08-09,Reg Season,Chunichi Dragons,Away,L,1,Yomiuri Giants,1,4,0,"0,0,0,1,0,0,0,0,0",22,Tokyo Dome,,,55000,GAME19980809YGCD0022
1998,1998-08-09,Reg Season,Yomiuri Giants,Home,W,3,Chunichi Dragons,3,5,0,"0,1,0,1,0,0,1,0,x",22,Tokyo Dome,,,55000,GAME19980809YGCD0022
1998,1998-08-09,Reg Season,Hanshin Tigers,Away,L,2,Yakult Swallows,2,6,1,"0,1,0,0,0,0,1,0,0",17,Meiji Jingu Stadium,,,22000,GAME19980809YSHT0017
1998,1998-08-09,Reg Season,Yakult Swallows,Home,W,3,Hanshin Tigers,3,7,2,"0,0,0,0,0,0,2,0,1x",17,Meiji Jingu Stadium,,,22000,GAME19980809YSHT0017
1998,1998-08-11,Reg Season,Hanshin Tigers,Away,L,1,Chunichi Dragons,1,8,0,"0,1,0,0,0,0,0,0,0",20,Vantelin Dome Nagoya,,,40500,GAME19980811CDHT0020
1998,1998-08-11,Reg Season,Chunichi Dragons,Home,W,2,Hanshin Tigers,2,5,1,"0,1,0,0,0,0,1,0,x",20,Vantelin Dome Nagoya,,,40500,GAME19980811CDHT0020
1998,1998-08-11,Reg Season,Yomiuri Giants,Away,L,1,Yokohama BayStars,1,6,0,"0,0,0,0,0,0,1,0,0",17,Yokohama Stadium,,,30000,GAME19980811DBYG0017
1998,1998-08-11,Reg Season,Yokohama BayStars,Home,W,4,Yomiuri Giants,4,10,1,"1,0,1,0,0,2,0,0,x",17,Yokohama Stadium,,,30000,GAME19980811DBYG0017
1998,1998-08-11,Reg Season,Yakult Swallows,Away,L,1,Hiroshima Toyo Carp,1,7,0,"0,0,0,1,0,0,0,0,0",20,Hiroshima citizens,,,14000,GAME19980811HCYS0020
1998,1998-08-11,Reg Season,Hiroshima Toyo Carp,Home,W,5,Yakult Swallows,5,10,0,"0,0,0,0,0,2,3,0,x",20,Hiroshima citizens,,,14000,GAME19980811HCYS0020
1998,1998-08-11,Reg Season,Orix Bluewave,Away,T,4,Nippon-Ham Fighters,4,7,0,"1,1,2,0,0,0,0,0,0,0,0,0",20,Tokyo Dome,,,35000,GAME19980811NFOB0020
1998,1998-08-11,Reg Season,Nippon-Ham Fighters,Home,T,4,Orix Bluewave,4,11,2,"0,0,4,0,0,0,0,0,0,0,0,0",20,Tokyo Dome,,,35000,GAME19980811NFOB0020
1998,1998-08-11,Reg Season,Kintetsu Buffaloes,Away,W,5,Fukuoka Daiei Hawks,5,12,1,"1,1,0,1,0,0,0,2,0",20,Mizuho PayPay Dome Fukuoka,,,26000,GAME19980811SHKI0020
1998,1998-08-11,Reg Season,Fukuoka Daiei Hawks,Home,L,1,Kintetsu Buffaloes,1,7,0,"1,0,0,0,0,0,0,0,0",20,Mizuho PayPay Dome Fukuoka,,,26000,GAME19980811SHKI0020
1998,1998-08-11,Reg Season,Chiba Lotte Marines,Away,W,9,Seibu Lions,9,15,1,"0,0,0,0,5,2,2,0,0",19,Belluna Dome,,,18000,GAME19980811SLLM0019
1998,1998-08-11,Reg Season,Seibu Lions,Home,L,5,Chiba Lotte Marines,5,14,0,"3,1,0,0,0,1,0,0,0",19,Belluna Dome,,,18000,GAME19980811SLLM0019
1998,1998-08-12,Reg Season,Hanshin Tigers,Away,L,0,Chunichi Dragons,0,3,0,"0,0,0,0,0,0,0,0,0",21,Vantelin Dome Nagoya,,,40500,GAME19980812CDHT0021
1998,1998-08-12,Reg Season,Chunichi Dragons,Home,W,6,Hanshin Tigers,6,9,0,"0,0,0,0,4,0,1,1,x",21,Vantelin Dome Nagoya,,,40500,GAME19980812CDHT0021
1998,1998-08-12,Reg Season,Yomiuri Giants,Away,L,0,Yokohama BayStars,0,6,1,"0,0,0,0,0,0,0,0,0",18,Yokohama Stadium,,,30000,GAME19980812DBYG0018
1998,1998-08-12,Reg Season,Yokohama BayStars,Home,W,1,Yomiuri Giants,1,5,0,"0,0,0,0,1,0,0,0,x",18,Yokohama Stadium,,,30000,GAME19980812DBYG0018
1998,1998-08-12,Reg Season,Yakult Swallows,Away,W,2,Hiroshima Toyo Carp,2,11,0,"0,0,0,1,0,0,0,0,1",21,Hiroshima citizens,,,15000,GAME19980812HCYS0021
1998,1998-08-12,Reg Season,Hiroshima Toyo Carp,Home,L,1,Yakult Swallows,1,7,0,"0,0,0,0,0,0,0,1,0",21,Hiroshima citizens,,,15000,GAME19980812HCYS0021
1998,1998-08-12,Reg Season,Orix Bluewave,Away,W,6,Nippon-Ham Fighters,6,9,0,"0,1,4,1,0,0,0,0,0",21,Tokyo Dome,,,36000,GAME19980812NFOB0021
1998,1998-08-12,Reg Season,Nippon-Ham Fighters,Home,L,0,Orix Bluewave,0,2,0,"0,0,0,0,0,0,0,0,0",21,Tokyo Dome,,,36000,GAME19980812NFOB0021
1998,1998-08-12,Reg Season,Kintetsu Buffaloes,Away,L,4,Fukuoka Daiei Hawks,4,7,0,"0,0,0,3,1,0,0,0,0",21,Mizuho PayPay Dome Fukuoka,,,24000,GAME19980812SHKI0021
1998,1998-08-12,Reg Season,Fukuoka Daiei Hawks,Home,W,15,Kintetsu Buffaloes,15,14,1,"4,1,0,0,0,2,5,3,x",21,Mizuho PayPay Dome Fukuoka,,,24000,GAME19980812SHKI0021
1998,1998-08-12,Reg Season,Chiba Lotte Marines,Away,L,4,Seibu Lions,4,9,2,"2,0,0,0,0,0,1,1,0",20,Belluna Dome,,,18000,GAME19980812SLLM0020
1998,1998-08-12,Reg Season,Seibu Lions,Home,W,5,Chiba Lotte Marines,5,9,0,"2,0,0,1,1,0,0,0,1x",20,Belluna Dome,,,18000,GAME19980812SLLM0020
1998,1998-08-13,Reg Season,Hanshin Tigers,Away,L,0,Chunichi Dragons,0,3,0,"0,0,0,0,0,0,0,0,0",22,Vantelin Dome Nagoya,,,40500,GAME19980813CDHT0022
1998,1998-08-13,Reg Season,Chunichi Dragons,Home,W,9,Hanshin Tigers,9,12,0,"2,0,0,0,0,7,0,0,x",22,Vantelin Dome Nagoya,,,40500,GAME19980813CDHT0022
1998,1998-08-13,Reg Season,Yomiuri Giants,Away,W,6,Yokohama BayStars,6,13,0,"1,2,1,1,0,1,0,0,0",19,Yokohama Stadium,,,30000,GAME19980813DBYG0019
1998,1998-08-13,Reg Season,Yokohama BayStars,Home,L,4,Yomiuri Giants,4,8,0,"0,0,2,0,1,0,0,1,0",19,Yokohama Stadium,,,30000,GAME19980813DBYG0019
1998,1998-08-13,Reg Season,Orix Bluewave,Away,W,3,Nippon-Ham Fighters,3,8,0,"0,1,0,0,0,0,1,1,0",22,Tokyo Dome,,,41000,GAME19980813NFOB0022
1998,1998-08-13,Reg Season,Nippon-Ham Fighters,Home,L,1,Orix Bluewave,1,5,0,"1,0,0,0,0,0,0,0,0",22,Tokyo Dome,,,41000,GAME19980813NFOB0022
1998,1998-08-13,Reg Season,Kintetsu Buffaloes,Away,L,2,Fukuoka Daiei Hawks,2,7,0,"1,0,0,1,0,0,0,0,0",22,Mizuho PayPay Dome Fukuoka,,,30000,GAME19980813SHKI0022
1998,1998-08-13,Reg Season,Fukuoka Daiei Hawks,Home,W,3,Kintetsu Buffaloes,3,10,1,"1,0,0,0,0,0,0,2,x",22,Mizuho PayPay Dome Fukuoka,,,30000,GAME19980813SHKI0022
1998,1998-08-13,Reg Season,Chiba Lotte Marines,Away,W,1,Seibu Lions,1,7,0,"0,0,1,0,0,0,0,0,0",21,Belluna Dome,,,19000,GAME19980813SLLM0021
1998,1998-08-13,Reg Season,Seibu Lions,Home,L,0,Chiba Lotte Marines,0,5,0,"0,0,0,0,0,0,0,0,0",21,Belluna Dome,,,19000,GAME19980813SLLM0021
1998,1998-08-14,Reg Season,Hiroshima Toyo Carp,Away,L,5,Chunichi Dragons,5,9,1,"0,0,1,0,0,4,0,0,0",20,Vantelin Dome Nagoya,,,40500,GAME19980814CDHC0020
1998,1998-08-14,Reg Season,Chunichi Dragons,Home,W,6,Hiroshima Toyo Carp,6,14,1,"0,0,1,0,0,1,2,0,2x",20,Vantelin Dome Nagoya,,,40500,GAME19980814CDHC0020
1998,1998-08-14,Reg Season,Chiba Lotte Marines,Away,W,11,Kintetsu Buffaloes,11,17,0,"1,2,1,1,0,0,2,0,1,1,2",18,Kyocera Dome Osaka,,,21000,GAME19980814KILM0018
1998,1998-08-14,Reg Season,Kintetsu Buffaloes,Home,L,9,Chiba Lotte Marines,9,13,0,"3,0,3,0,0,0,0,2,0,1,0",18,Kyocera Dome Osaka,,,21000,GAME19980814KILM0018
1998,1998-08-14,Reg Season,Orix Bluewave,Away,L,2,Seibu Lions,2,7,0,"0,0,0,0,1,0,0,0,1",14,Belluna Dome,,,30000,GAME19980814SLOB0014
1998,1998-08-14,Reg Season,Seibu Lions,Home,W,6,Orix Bluewave,6,11,0,"0,0,2,0,3,0,1,0,x",14,Belluna Dome,,,30000,GAME19980814SLOB0014
1998,1998-08-14,Reg Season,Hanshin Tigers,Away,L,3,Yomiuri Giants,3,7,0,"0,2,0,0,0,0,1,0,0",18,Tokyo Dome,,,55000,GAME19980814YGHT0018
1998,1998-08-14,Reg Season,Yomiuri Giants,Home,W,9,Hanshin Tigers,9,17,1,"0,0,4,3,0,2,0,0,x",18,Tokyo Dome,,,55000,GAME19980814YGHT0018
1998,1998-08-14,Reg Season,Yokohama BayStars,Away,L,1,Yakult Swallows,1,7,0,"1,0,0,0,0,0,0,0,0",13,Meiji Jingu Stadium,,,46000,GAME19980814YSDB0013
1998,1998-08-14,Reg Season,Yakult Swallows,Home,W,5,Yokohama BayStars,5,8,0,"0,0,0,4,1,0,0,0,x",13,Meiji Jingu Stadium,,,46000,GAME19980814YSDB0013
1998,1998-08-15,Reg Season,Hiroshima Toyo Carp,Away,W,4,Chunichi Dragons,4,9,0,"0,4,0,0,0,0,0,0,0",21,Vantelin Dome Nagoya,,,40500,GAME19980815CDHC0021
1998,1998-08-15,Reg Season,Chunichi Dragons,Home,L,2,Hiroshima Toyo Carp,2,5,0,"1,0,0,0,0,1,0,0,0",21,Vantelin Dome Nagoya,,,40500,GAME19980815CDHC0021
1998,1998-08-15,Reg Season,Chiba Lotte Marines,Away,W,2,Kintetsu Buffaloes,2,7,0,"0,0,1,0,1,0,0,0,0",19,Kyocera Dome Osaka,,,22000,GAME19980815KILM0019
1998,1998-08-15,Reg Season,Kintetsu Buffaloes,Home,L,1,Chiba Lotte Marines,1,6,0,"0,1,0,0,0,0,0,0,0",19,Kyocera Dome Osaka,,,22000,GAME19980815KILM0019
1998,1998-08-15,Reg Season,Fukuoka Daiei Hawks,Away,W,8,Nippon-Ham Fighters,8,11,0,"4,0,0,0,0,0,3,1,0",20,Kagawa prefectural management,,,19000,GAME19980815NFSH0020
1998,1998-08-15,Reg Season,Nippon-Ham Fighters,Home,L,2,Fukuoka Daiei Hawks,2,6,1,"0,1,0,0,0,0,1,0,0",20,Kagawa prefectural management,,,19000,GAME19980815NFSH0020
1998,1998-08-15,Reg Season,Hanshin Tigers,Away,L,4,Yomiuri Giants,4,6,1,"0,0,0,2,2,0,0,0,0",19,Tokyo Dome,,,55000,GAME19980815YGHT0019
1998,1998-08-15,Reg Season,Yomiuri Giants,Home,W,5,Hanshin Tigers,5,9,0,"2,0,1,1,0,0,0,0,1x",19,Tokyo Dome,,,55000,GAME19980815YGHT0019
1998,1998-08-15,Reg Season,Yokohama BayStars,Away,L,2,Yakult Swallows,2,2,0,"2,0,0,0,0,0,0,0,0",14,Meiji Jingu Stadium,,,44000,GAME19980815YSDB0014
1998,1998-08-15,Reg Season,Yakult Swallows,Home,W,3,Yokohama BayStars,3,7,1,"3,0,0,0,0,0,0,0,x",14,Meiji Jingu Stadium,,,44000,GAME19980815YSDB0014
1998,1998-08-16,Reg Season,Hiroshima Toyo Carp,Away,W,3,Chunichi Dragons,3,8,0,"0,0,0,0,0,1,1,1,0",22,Vantelin Dome Nagoya,,,40500,GAME19980816CDHC0022
1998,1998-08-16,Reg Season,Chunichi Dragons,Home,L,1,Hiroshima Toyo Carp,1,6,0,"0,0,1,0,0,0,0,0,0",22,Vantelin Dome Nagoya,,,40500,GAME19980816CDHC0022
1998,1998-08-16,Reg Season,Chiba Lotte Marines,Away,L,7,Kintetsu Buffaloes,7,10,0,"2,0,0,1,0,0,0,0,4",20,Kyocera Dome Osaka,,,20000,GAME19980816KILM0020
1998,1998-08-16,Reg Season,Kintetsu Buffaloes,Home,W,10,Chiba Lotte Marines,10,10,1,"0,0,0,1,1,2,6,0,x",20,Kyocera Dome Osaka,,,20000,GAME19980816KILM0020
1998,1998-08-16,Reg Season,Fukuoka Daiei Hawks,Away,W,2,Nippon-Ham Fighters,2,7,3,"0,1,0,0,0,1,0,0,0",21,Kurashiki Sports Park Muscat Stadium,,,11000,GAME19980816NFSH0021
1998,1998-08-16,Reg Season,Nippon-Ham Fighters,Home,L,0,Fukuoka Daiei Hawks,0,3,1,"0,0,0,0,0,0,0,0,0",21,Kurashiki Sports Park Muscat Stadium,,,11000,GAME19980816NFSH0021
1998,1998-08-16,Reg Season,Orix Bluewave,Away,W,7,Seibu Lions,7,13,2,"0,1,0,1,4,0,0,0,1",15,Belluna Dome,,,32000,GAME19980816SLOB0015
1998,1998-08-16,Reg Season,Seibu Lions,Home,L,2,Orix Bluewave,2,11,1,"1,1,0,0,0,0,0,0,0",15,Belluna Dome,,,32000,GAME19980816SLOB0015
1998,1998-08-16,Reg Season,Hanshin Tigers,Away,L,2,Yomiuri Giants,2,8,2,"1,1,0,0,0,0,0,0,0",20,Tokyo Dome,,,55000,GAME19980816YGHT0020
1998,1998-08-16,Reg Season,Yomiuri Giants,Home,W,10,Hanshin Tigers,10,14,0,"0,3,2,0,1,0,0,4,x",20,Tokyo Dome,,,55000,GAME19980816YGHT0020
1998,1998-08-16,Reg Season,Yokohama BayStars,Away,W,4,Yakult Swallows,4,10,0,"1,0,0,1,0,0,0,0,2",15,Meiji Jingu Stadium,,,36000,GAME19980816YSDB0015
1998,1998-08-16,Reg Season,Yakult Swallows,Home,L,2,Yokohama BayStars,2,8,0,"0,0,0,0,1,0,1,0,0",15,Meiji Jingu Stadium,,,36000,GAME19980816YSDB0015
1998,1998-08-18,Reg Season,Hanshin Tigers,Away,W,3,Hiroshima Toyo Carp,3,6,0,"0,0,0,2,0,0,0,0,0,1",17,Kurashiki Sports Park Muscat Stadium,,,22000,GAME19980818HCHT0017
1998,1998-08-18,Reg Season,Hiroshima Toyo Carp,Home,L,2,Hanshin Tigers,2,5,2,"0,0,0,0,0,2,0,0,0,0",17,Kurashiki Sports Park Muscat Stadium,,,22000,GAME19980818HCHT0017
1998,1998-08-18,Reg Season,Nippon-Ham Fighters,Away,L,0,Chiba Lotte Marines,0,3,0,"0,0,0,0,0,0,0,0,0",18,Rakuten Seimei Park Miyagi,,,13000,GAME19980818LMNF0018
1998,1998-08-18,Reg Season,Chiba Lotte Marines,Home,W,5,Nippon-Ham Fighters,5,9,0,"0,0,0,0,0,2,0,3,x",18,Rakuten Seimei Park Miyagi,,,13000,GAME19980818LMNF0018
1998,1998-08-18,Reg Season,Kintetsu Buffaloes,Away,W,12,Orix Bluewave,12,16,0,"7,0,3,0,2,0,0,0,0",17,Vantelin Dome Nagoya,,,16000,GAME19980818OBKI0017
1998,1998-08-18,Reg Season,Orix Bluewave,Home,L,0,Kintetsu Buffaloes,0,5,1,"0,0,0,0,0,0,0,0,0",17,Vantelin Dome Nagoya,,,16000,GAME19980818OBKI0017
1998,1998-08-18,Reg Season,Fukuoka Daiei Hawks,Away,L,1,Seibu Lions,1,4,1,"0,0,0,0,1,0,0,0,0",18,Belluna Dome,,,18000,GAME19980818SLSH0018
1998,1998-08-18,Reg Season,Seibu Lions,Home,W,8,Fukuoka Daiei Hawks,8,11,0,"1,0,0,0,5,0,0,2,x",18,Belluna Dome,,,18000,GAME19980818SLSH0018
1998,1998-08-18,Reg Season,Yokohama BayStars,Away,L,2,Yomiuri Giants,2,6,0,"0,0,0,0,0,2,0,0,0",20,Tokyo Dome,,,55000,GAME19980818YGDB0020
1998,1998-08-18,Reg Season,Yomiuri Giants,Home,W,5,Yokohama BayStars,5,12,0,"0,0,2,1,0,0,1,1,x",20,Tokyo Dome,,,55000,GAME19980818YGDB0020
1998,1998-08-18,Reg Season,Chunichi Dragons,Away,L,5,Yakult Swallows,5,7,0,"2,1,2,0,0,0,0,0,0,0",18,Meiji Jingu Stadium,,,22000,GAME19980818YSCD0018
1998,1998-08-18,Reg Season,Yakult Swallows,Home,W,7,Chunichi Dragons,7,11,0,"0,0,0,0,0,1,4,0,0,2x",18,Meiji Jingu Stadium,,,22000,GAME19980818YSCD0018
1998,1998-08-19,Reg Season,Hanshin Tigers,Away,W,8,Hiroshima Toyo Carp,8,16,1,"1,0,0,0,0,1,0,0,1,5",18,Hiroshima citizens,,,16000,GAME19980819HCHT0018
1998,1998-08-19,Reg Season,Hiroshima Toyo Carp,Home,L,6,Hanshin Tigers,6,13,0,"0,1,0,0,0,2,0,0,0,3",18,Hiroshima citizens,,,16000,GAME19980819HCHT0018
1998,1998-08-19,Reg Season,Kintetsu Buffaloes,Away,W,2,Orix Bluewave,2,4,0,"0,0,0,0,0,0,0,0,2",18,Vantelin Dome Nagoya,,,13000,GAME19980819OBKI0018
1998,1998-08-19,Reg Season,Orix Bluewave,Home,L,1,Kintetsu Buffaloes,1,4,0,"0,0,0,0,0,0,1,0,0",18,Vantelin Dome Nagoya,,,13000,GAME19980819OBKI0018
1998,1998-08-19,Reg Season,Fukuoka Daiei Hawks,Away,L,2,Seibu Lions,2,7,0,"0,0,0,0,0,0,0,2,0",19,Belluna Dome,,,20000,GAME19980819SLSH0019
1998,1998-08-19,Reg Season,Seibu Lions,Home,W,4,Fukuoka Daiei Hawks,4,5,0,"0,1,1,0,0,0,0,2,x",19,Belluna Dome,,,20000,GAME19980819SLSH0019
1998,1998-08-19,Reg Season,Yokohama BayStars,Away,W,5,Yomiuri Giants,5,9,0,"1,0,0,3,0,0,0,1,0",21,Tokyo Dome,,,55000,GAME19980819YGDB0021
1998,1998-08-19,Reg Season,Yomiuri Giants,Home,L,0,Yokohama BayStars,0,4,1,"0,0,0,0,0,0,0,0,0",21,Tokyo Dome,,,55000,GAME19980819YGDB0021
1998,1998-08-19,Reg Season,Chunichi Dragons,Away,W,5,Yakult Swallows,5,12,0,"0,0,1,0,0,0,4,0,0",19,Meiji Jingu Stadium,,,22000,GAME19980819YSCD0019
1998,1998-08-19,Reg Season,Yakult Swallows,Home,L,3,Chunichi Dragons,3,6,0,"0,0,0,0,0,3,0,0,0",19,Meiji Jingu Stadium,,,22000,GAME19980819YSCD0019
1998,1998-08-20,Reg Season,Hanshin Tigers,Away,W,4,Hiroshima Toyo Carp,4,10,0,"1,3,0,0,0,0,0,0,0",19,Hiroshima citizens,,,15000,GAME19980820HCHT0019
1998,1998-08-20,Reg Season,Hiroshima Toyo Carp,Home,L,3,Hanshin Tigers,3,11,0,"0,0,0,0,2,0,1,0,0",19,Hiroshima citizens,,,15000,GAME19980820HCHT0019
1998,1998-08-20,Reg Season,Kintetsu Buffaloes,Away,W,8,Orix Bluewave,8,13,0,"0,2,1,0,1,0,4,0,0",19,Vantelin Dome Nagoya,,,15000,GAME19980820OBKI0019
1998,1998-08-20,Reg Season,Orix Bluewave,Home,L,5,Kintetsu Buffaloes,5,9,0,"1,0,3,0,0,0,0,1,0",19,Vantelin Dome Nagoya,,,15000,GAME19980820OBKI0019
1998,1998-08-20,Reg Season,Fukuoka Daiei Hawks,Away,W,5,Seibu Lions,5,15,0,"0,0,0,0,1,0,0,1,3",20,Belluna Dome,,,23000,GAME19980820SLSH0020
1998,1998-08-20,Reg Season,Seibu Lions,Home,L,2,Fukuoka Daiei Hawks,2,10,0,"0,0,0,1,0,1,0,0,0",20,Belluna Dome,,,23000,GAME19980820SLSH0020
1998,1998-08-20,Reg Season,Yokohama BayStars,Away,L,4,Yomiuri Giants,4,7,0,"0,0,2,0,1,0,0,0,1",22,Tokyo Dome,,,55000,GAME19980820YGDB0022
1998,1998-08-20,Reg Season,Yomiuri Giants,Home,W,6,Yokohama BayStars,6,8,1,"0,3,0,0,0,1,0,2,x",22,Tokyo Dome,,,55000,GAME19980820YGDB0022
1998,1998-08-20,Reg Season,Chunichi Dragons,Away,W,8,Yakult Swallows,8,10,0,"0,1,0,2,4,0,1,0,0",20,Meiji Jingu Stadium,,,22000,GAME19980820YSCD0020
1998,1998-08-20,Reg Season,Yakult Swallows,Home,L,2,Chunichi Dragons,2,9,3,"0,0,0,2,0,0,0,0,0",20,Meiji Jingu Stadium,,,22000,GAME19980820YSCD0020
1998,1998-08-21,Reg Season,Chunichi Dragons,Away,L,4,Yokohama BayStars,4,8,1,"0,0,2,0,0,0,0,0,2,0,0",15,Yokohama Stadium,,,30000,GAME19980821DBCD0015
1998,1998-08-21,Reg Season,Yokohama BayStars,Home,W,5,Chunichi Dragons,5,15,1,"2,0,0,1,0,0,1,0,0,0,1x",15,Yokohama Stadium,,,30000,GAME19980821DBCD0015
1998,1998-08-21,Reg Season,Yomiuri Giants,Away,L,4,Hiroshima Toyo Carp,4,11,1,"3,0,1,0,0,0,0,0,0",17,Hiroshima citizens,,,25000,GAME19980821HCYG0017
1998,1998-08-21,Reg Season,Hiroshima Toyo Carp,Home,W,8,Yomiuri Giants,8,8,1,"0,0,0,0,0,0,5,3,x",17,Hiroshima citizens,,,25000,GAME19980821HCYG0017
1998,1998-08-21,Reg Season,Yakult Swallows,Away,L,4,Hanshin Tigers,4,8,0,"2,1,1,0,0,0,0,0,0",18,Kyocera Dome Osaka,,,30000,GAME19980821HTYS0018
1998,1998-08-21,Reg Season,Hanshin Tigers,Home,W,5,Yakult Swallows,5,14,0,"1,1,0,0,0,0,3,0,x",18,Kyocera Dome Osaka,,,30000,GAME19980821HTYS0018
1998,1998-08-21,Reg Season,Fukuoka Daiei Hawks,Away,W,9,Chiba Lotte Marines,9,12,1,"0,0,0,0,9,0,0,0,0",19,ZOZO Marine Stadium,,,16000,GAME19980821LMSH0019
1998,1998-08-21,Reg Season,Chiba Lotte Marines,Home,L,2,Fukuoka Daiei Hawks,2,6,3,"0,0,0,0,0,0,1,0,1",19,ZOZO Marine Stadium,,,16000,GAME19980821LMSH0019
1998,1998-08-21,Reg Season,Kintetsu Buffaloes,Away,W,8,Nippon-Ham Fighters,8,6,0,"0,0,0,1,1,2,0,0,4",21,Tokyo Dome,,,25000,GAME19980821NFKI0021
1998,1998-08-21,Reg Season,Nippon-Ham Fighters,Home,L,3,Kintetsu Buffaloes,3,9,1,"0,0,0,0,0,0,2,1,0",21,Tokyo Dome,,,25000,GAME19980821NFKI0021
1998,1998-08-21,Reg Season,Seibu Lions,Away,L,2,Orix Bluewave,2,9,3,"0,0,0,1,0,0,0,0,1",16,Kobe Athletic Park Baseball Field,,,32000,GAME19980821OBSL0016
1998,1998-08-21,Reg Season,Orix Bluewave,Home,W,4,Seibu Lions,4,8,1,"0,1,0,0,0,0,1,2,x",16,Kobe Athletic Park Baseball Field,,,32000,GAME19980821OBSL0016
1998,1998-08-22,Reg Season,Chunichi Dragons,Away,W,4,Yokohama BayStars,4,10,0,"3,0,1,0,0,0,0,0,0",16,Yokohama Stadium,,,30000,GAME19980822DBCD0016
1998,1998-08-22,Reg Season,Yokohama BayStars,Home,L,3,Chunichi Dragons,3,6,0,"0,1,0,0,2,0,0,0,0",16,Yokohama Stadium,,,30000,GAME19980822DBCD0016
1998,1998-08-22,Reg Season,Yomiuri Giants,Away,L,4,Hiroshima Toyo Carp,4,8,0,"2,0,1,0,0,0,0,0,1,0",18,Hiroshima citizens,,,32000,GAME19980822HCYG0018
1998,1998-08-22,Reg Season,Hiroshima Toyo Carp,Home,W,6,Yomiuri Giants,6,9,1,"0,1,2,0,0,0,0,0,1,2x",18,Hiroshima citizens,,,32000,GAME19980822HCYG0018
1998,1998-08-22,Reg Season,Yakult Swallows,Away,W,3,Hanshin Tigers,3,5,0,"0,0,0,0,0,0,0,0,3",19,Kyocera Dome Osaka,,,47000,GAME19980822HTYS0019
1998,1998-08-22,Reg Season,Hanshin Tigers,Home,L,2,Yakult Swallows,2,6,0,"1,0,0,1,0,0,0,0,0",19,Kyocera Dome Osaka,,,47000,GAME19980822HTYS0019
1998,1998-08-22,Reg Season,Fukuoka Daiei Hawks,Away,W,5,Chiba Lotte Marines,5,10,0,"0,0,2,0,0,0,0,2,1",20,ZOZO Marine Stadium,,,25000,GAME19980822LMSH0020
1998,1998-08-22,Reg Season,Chiba Lotte Marines,Home,L,1,Fukuoka Daiei Hawks,1,5,1,"0,0,0,0,0,0,0,1,0",20,ZOZO Marine Stadium,,,25000,GAME19980822LMSH0020
1998,1998-08-22,Reg Season,Kintetsu Buffaloes,Away,W,5,Nippon-Ham Fighters,5,10,1,"0,0,3,0,0,1,1,0,0",22,Tokyo Dome,,,48000,GAME19980822NFKI0022
1998,1998-08-22,Reg Season,Nippon-Ham Fighters,Home,L,3,Kintetsu Buffaloes,3,3,1,"0,0,1,0,1,0,1,0,0",22,Tokyo Dome,,,48000,GAME19980822NFKI0022
1998,1998-08-22,Reg Season,Seibu Lions,Away,W,2,Orix Bluewave,2,5,0,"1,1,0,0,0,0,0,0,0",17,Kobe Athletic Park Baseball Field,,,28000,GAME19980822OBSL0017
1998,1998-08-22,Reg Season,Orix Bluewave,Home,L,0,Seibu Lions,0,5,2,"0,0,0,0,0,0,0,0,0",17,Kobe Athletic Park Baseball Field,,,28000,GAME19980822OBSL0017
1998,1998-08-23,Reg Season,Chunichi Dragons,Away,W,4,Yokohama BayStars,4,6,1,"0,0,0,0,0,0,4,0,0",17,Yokohama Stadium,,,30000,GAME19980823DBCD0017
1998,1998-08-23,Reg Season,Yokohama BayStars,Home,L,1,Chunichi Dragons,1,10,0,"0,0,0,0,0,1,0,0,0",17,Yokohama Stadium,,,30000,GAME19980823DBCD0017
1998,1998-08-23,Reg Season,Yomiuri Giants,Away,W,11,Hiroshima Toyo Carp,11,12,2,"0,2,0,0,8,0,1,0,0",19,Hiroshima citizens,,,29000,GAME19980823HCYG0019
1998,1998-08-23,Reg Season,Hiroshima Toyo Carp,Home,L,8,Yomiuri Giants,8,12,1,"0,0,0,5,0,3,0,0,0",19,Hiroshima citizens,,,29000,GAME19980823HCYG0019
1998,1998-08-23,Reg Season,Yakult Swallows,Away,L,1,Hanshin Tigers,1,11,0,"0,0,0,0,1,0,0,0,0,0,0",20,Kyocera Dome Osaka,,,32000,GAME19980823HTYS0020
1998,1998-08-23,Reg Season,Hanshin Tigers,Home,W,2,Yakult Swallows,2,5,1,"0,0,0,0,0,1,0,0,0,0,1x",20,Kyocera Dome Osaka,,,32000,GAME19980823HTYS0020
1998,1998-08-23,Reg Season,Fukuoka Daiei Hawks,Away,W,3,Chiba Lotte Marines,3,10,0,"0,0,0,0,1,0,1,0,1",21,ZOZO Marine Stadium,,,22000,GAME19980823LMSH0021
1998,1998-08-23,Reg Season,Chiba Lotte Marines,Home,L,1,Fukuoka Daiei Hawks,1,6,1,"0,0,0,0,1,0,0,0,0",21,ZOZO Marine Stadium,,,22000,GAME19980823LMSH0021
1998,1998-08-23,Reg Season,Kintetsu Buffaloes,Away,W,3,Nippon-Ham Fighters,3,10,0,"0,0,0,0,1,1,0,0,1",23,Tokyo Dome,,,40000,GAME19980823NFKI0023
1998,1998-08-23,Reg Season,Nippon-Ham Fighters,Home,L,2,Kintetsu Buffaloes,2,5,0,"2,0,0,0,0,0,0,0,0",23,Tokyo Dome,,,40000,GAME19980823NFKI0023
1998,1998-08-23,Reg Season,Seibu Lions,Away,L,0,Orix Bluewave,0,8,0,"0,0,0,0,0,0,0,0,0",18,Kobe Athletic Park Baseball Field,,,27000,GAME19980823OBSL0018
1998,1998-08-23,Reg Season,Orix Bluewave,Home,W,4,Seibu Lions,4,12,0,"0,0,0,1,1,0,0,2,x",18,Kobe Athletic Park Baseball Field,,,27000,GAME19980823OBSL0018
1998,1998-08-25,Reg Season,Yomiuri Giants,Away,L,2,Chunichi Dragons,2,6,1,"0,0,1,0,0,0,1,0,0",23,Vantelin Dome Nagoya,,,40500,GAME19980825CDYG0023
1998,1998-08-25,Reg Season,Chunichi Dragons,Home,W,3,Yomiuri Giants,3,7,0,"0,2,0,0,0,0,0,1,x",23,Vantelin Dome Nagoya,,,40500,GAME19980825CDYG0023
1998,1998-08-25,Reg Season,Yokohama BayStars,Away,W,14,Hanshin Tigers,14,18,0,"1,1,0,0,0,2,0,8,2",22,Hanshin Koshien Stadium,,,27000,GAME19980825HTDB0022
1998,1998-08-25,Reg Season,Hanshin Tigers,Home,L,1,Yokohama BayStars,1,8,3,"1,0,0,0,0,0,0,0,0",22,Hanshin Koshien Stadium,,,27000,GAME19980825HTDB0022
1998,1998-08-25,Reg Season,Seibu Lions,Away,W,12,Kintetsu Buffaloes,12,14,0,"5,0,0,0,0,0,1,0,0,0,6",20,Kyocera Dome Osaka,,,21000,GAME19980825KISL0020
1998,1998-08-25,Reg Season,Kintetsu Buffaloes,Home,L,6,Seibu Lions,6,15,1,"0,0,0,2,2,0,1,1,0,0,0",20,Kyocera Dome Osaka,,,21000,GAME19980825KISL0020
1998,1998-08-25,Reg Season,Chiba Lotte Marines,Away,L,0,Nippon-Ham Fighters,0,5,0,"0,0,0,0,0,0,0,0,0",19,Tokyo Dome,,,18000,GAME19980825NFLM0019
1998,1998-08-25,Reg Season,Nippon-Ham Fighters,Home,W,1,Chiba Lotte Marines,1,5,0,"0,0,0,0,0,0,0,1,x",19,Tokyo Dome,,,18000,GAME19980825NFLM0019
1998,1998-08-25,Reg Season,Orix Bluewave,Away,W,5,Fukuoka Daiei Hawks,5,11,0,"1,0,0,0,0,0,0,0,4",22,Mizuho PayPay Dome Fukuoka,,,34000,GAME19980825SHOB0022
1998,1998-08-25,Reg Season,Fukuoka Daiei Hawks,Home,L,2,Orix Bluewave,2,8,2,"0,0,0,0,0,0,1,1,0",22,Mizuho PayPay Dome Fukuoka,,,34000,GAME19980825SHOB0022
1998,1998-08-25,Reg Season,Hiroshima Toyo Carp,Away,L,1,Yakult Swallows,1,6,2,"0,0,0,0,0,1,0,0,0",22,Meiji Jingu Stadium,,,20000,GAME19980825YSHC0022
1998,1998-08-25,Reg Season,Yakult Swallows,Home,W,3,Hiroshima Toyo Carp,3,6,3,"0,0,0,0,0,0,0,3,x",22,Meiji Jingu Stadium,,,20000,GAME19980825YSHC0022
1998,1998-08-26,Reg Season,Yomiuri Giants,Away,W,3,Chunichi Dragons,3,6,0,"0,0,0,0,0,3,0,0,0",24,Vantelin Dome Nagoya,,,40500,GAME19980826CDYG0024
1998,1998-08-26,Reg Season,Chunichi Dragons,Home,L,1,Yomiuri Giants,1,5,1,"1,0,0,0,0,0,0,0,0",24,Vantelin Dome Nagoya,,,40500,GAME19980826CDYG0024
1998,1998-08-26,Reg Season,Yokohama BayStars,Away,L,2,Hanshin Tigers,2,7,1,"0,0,0,1,0,1,0,0,0",23,Hanshin Koshien Stadium,,,26000,GAME19980826HTDB0023
1998,1998-08-26,Reg Season,Hanshin Tigers,Home,W,6,Yokohama BayStars,6,11,0,"1,0,0,0,5,0,0,0,x",23,Hanshin Koshien Stadium,,,26000,GAME19980826HTDB0023
1998,1998-08-26,Reg Season,Seibu Lions,Away,W,6,Kintetsu Buffaloes,6,9,1,"0,0,0,0,0,1,0,4,1",21,Kyocera Dome Osaka,,,21000,GAME19980826KISL0021
1998,1998-08-26,Reg Season,Kintetsu Buffaloes,Home,L,4,Seibu Lions,4,9,0,"0,2,0,2,0,0,0,0,0",21,Kyocera Dome Osaka,,,21000,GAME19980826KISL0021
1998,1998-08-26,Reg Season,Chiba Lotte Marines,Away,L,5,Nippon-Ham Fighters,5,6,2,"0,0,2,0,0,0,0,0,3",20,Tokyo Dome,,,19000,GAME19980826NFLM0020
1998,1998-08-26,Reg Season,Nippon-Ham Fighters,Home,W,6,Chiba Lotte Marines,6,10,0,"0,1,0,0,1,0,2,1,1x",20,Tokyo Dome,,,19000,GAME19980826NFLM0020
1998,1998-08-26,Reg Season,Orix Bluewave,Away,W,7,Fukuoka Daiei Hawks,7,10,1,"3,0,2,0,0,0,0,2,0",23,Mizuho PayPay Dome Fukuoka,,,32000,GAME19980826SHOB0023
1998,1998-08-26,Reg Season,Fukuoka Daiei Hawks,Home,L,5,Orix Bluewave,5,12,0,"1,0,0,0,1,1,2,0,0",23,Mizuho PayPay Dome Fukuoka,,,32000,GAME19980826SHOB0023
1998,1998-08-26,Reg Season,Hiroshima Toyo Carp,Away,L,1,Yakult Swallows,1,6,1,"0,0,0,1,0,0,0,0,0",23,Meiji Jingu Stadium,,,20000,GAME19980826YSHC0023
1998,1998-08-26,Reg Season,Yakult Swallows,Home,W,5,Hiroshima Toyo Carp,5,5,0,"3,0,0,0,0,0,2,0,x",23,Meiji Jingu Stadium,,,20000,GAME19980826YSHC0023
1998,1998-08-27,Reg Season,Yomiuri Giants,Away,L,0,Chunichi Dragons,0,8,0,"0,0,0,0,0,0,0,0,0",25,Vantelin Dome Nagoya,,,40500,GAME19980827CDYG0025
1998,1998-08-27,Reg Season,Chunichi Dragons,Home,W,4,Yomiuri Giants,4,6,0,"0,0,1,0,0,2,1,0,x",25,Vantelin Dome Nagoya,,,40500,GAME19980827CDYG0025
1998,1998-08-27,Reg Season,Yokohama BayStars,Away,L,4,Hanshin Tigers,4,10,0,"0,0,0,1,1,0,0,0,2",24,Hanshin Koshien Stadium,,,25000,GAME19980827HTDB0024
1998,1998-08-27,Reg Season,Hanshin Tigers,Home,W,7,Yokohama BayStars,7,11,0,"4,0,0,3,0,0,0,0,x",24,Hanshin Koshien Stadium,,,25000,GAME19980827HTDB0024
1998,1998-08-27,Reg Season,Seibu Lions,Away,W,8,Kintetsu Buffaloes,8,13,0,"0,2,0,0,0,0,5,1,0",22,Kyocera Dome Osaka,,,20000,GAME19980827KISL0022
1998,1998-08-27,Reg Season,Kintetsu Buffaloes,Home,L,1,Seibu Lions,1,6,2,"0,0,0,0,0,0,0,0,1",22,Kyocera Dome Osaka,,,20000,GAME19980827KISL0022
1998,1998-08-27,Reg Season,Chiba Lotte Marines,Away,L,2,Nippon-Ham Fighters,2,8,1,"0,0,0,0,2,0,0,0,0",21,Tokyo Dome,,,19000,GAME19980827NFLM0021
1998,1998-08-27,Reg Season,Nippon-Ham Fighters,Home,W,6,Chiba Lotte Marines,6,9,0,"0,6,0,0,0,0,0,0,x",21,Tokyo Dome,,,19000,GAME19980827NFLM0021
1998,1998-08-27,Reg Season,Orix Bluewave,Away,L,3,Fukuoka Daiei Hawks,3,7,2,"0,0,0,0,0,0,0,2,1",24,Mizuho PayPay Dome Fukuoka,,,32000,GAME19980827SHOB0024
1998,1998-08-27,Reg Season,Fukuoka Daiei Hawks,Home,W,4,Orix Bluewave,4,9,3,"0,0,0,0,1,2,1,0,x",24,Mizuho PayPay Dome Fukuoka,,,32000,GAME19980827SHOB0024
1998,1998-08-27,Reg Season,Hiroshima Toyo Carp,Away,L,3,Yakult Swallows,3,5,1,"0,0,0,0,0,3,0,0,0",24,Meiji Jingu Stadium,,,12000,GAME19980827YSHC0024
1998,1998-08-27,Reg Season,Yakult Swallows,Home,W,6,Hiroshima Toyo Carp,6,7,0,"0,0,0,1,0,4,0,1,x",24,Meiji Jingu Stadium,,,12000,GAME19980827YSHC0024
1998,1998-08-28,Reg Season,Hiroshima Toyo Carp,Away,L,7,Yokohama BayStars,7,15,0,"0,0,0,2,2,0,2,0,1",23,Yokohama Stadium,,,27000,GAME19980828DBHC0023
1998,1998-08-28,Reg Season,Yokohama BayStars,Home,W,13,Hiroshima Toyo Carp,13,16,1,"3,0,4,0,0,0,1,5,x",23,Yokohama Stadium,,,27000,GAME19980828DBHC0023
1998,1998-08-28,Reg Season,Kintetsu Buffaloes,Away,L,4,Orix Bluewave,4,9,1,"0,0,0,3,0,1,0,0,0",20,Kurashiki Sports Park Muscat Stadium,,,18000,GAME19980828OBKI0020
1998,1998-08-28,Reg Season,Orix Bluewave,Home,W,6,Kintetsu Buffaloes,6,10,2,"0,1,0,3,0,0,2,0,x",20,Kurashiki Sports Park Muscat Stadium,,,18000,GAME19980828OBKI0020
1998,1998-08-28,Reg Season,Nippon-Ham Fighters,Away,L,3,Fukuoka Daiei Hawks,3,6,2,"0,0,0,0,1,0,0,2,0",22,Mizuho PayPay Dome Fukuoka,,,30000,GAME19980828SHNF0022
1998,1998-08-28,Reg Season,Fukuoka Daiei Hawks,Home,W,4,Nippon-Ham Fighters,4,7,0,"2,0,0,0,0,0,2,0,x",22,Mizuho PayPay Dome Fukuoka,,,30000,GAME19980828SHNF0022
1998,1998-08-28,Reg Season,Hanshin Tigers,Away,L,1,Yomiuri Giants,1,6,1,"0,0,0,0,0,0,1,0,0",21,Tokyo Dome,,,55000,GAME19980828YGHT0021
1998,1998-08-28,Reg Season,Yomiuri Giants,Home,W,10,Hanshin Tigers,10,12,0,"0,0,0,3,1,6,0,0,x",21,Tokyo Dome,,,55000,GAME19980828YGHT0021
1998,1998-08-29,Reg Season,Yakult Swallows,Away,W,10,Chunichi Dragons,10,10,0,"0,0,5,0,0,0,0,1,4",21,Vantelin Dome Nagoya,,,40500,GAME19980829CDYS0021
1998,1998-08-29,Reg Season,Chunichi Dragons,Home,L,6,Yakult Swallows,6,13,1,"0,2,0,0,0,2,2,0,0",21,Vantelin Dome Nagoya,,,40500,GAME19980829CDYS0021
1998,1998-08-29,Reg Season,Hiroshima Toyo Carp,Away,W,7,Yokohama BayStars,7,12,0,"0,2,2,0,3,0,0,0,0",24,Yokohama Stadium,,,28000,GAME19980829DBHC0024
1998,1998-08-29,Reg Season,Yokohama BayStars,Home,L,0,Hiroshima Toyo Carp,0,5,0,"0,0,0,0,0,0,0,0,0",24,Yokohama Stadium,,,28000,GAME19980829DBHC0024
1998,1998-08-29,Reg Season,Kintetsu Buffaloes,Away,L,1,Orix Bluewave,1,4,1,"0,0,0,0,0,0,1,0,0",21,Kobe Athletic Park Baseball Field,,,34000,GAME19980829OBKI0021
1998,1998-08-29,Reg Season,Orix Bluewave,Home,W,4,Kintetsu Buffaloes,4,6,0,"0,0,2,0,0,2,0,0,x",21,Kobe Athletic Park Baseball Field,,,34000,GAME19980829OBKI0021
1998,1998-08-29,Reg Season,Nippon-Ham Fighters,Away,L,0,Fukuoka Daiei Hawks,0,4,0,"0,0,0,0,0,0,0,0,0",23,Mizuho PayPay Dome Fukuoka,,,45000,GAME19980829SHNF0023
1998,1998-08-29,Reg Season,Fukuoka Daiei Hawks,Home,W,3,Nippon-Ham Fighters,3,7,0,"1,0,0,0,0,0,1,1,x",23,Mizuho PayPay Dome Fukuoka,,,45000,GAME19980829SHNF0023
1998,1998-08-29,Reg Season,Hanshin Tigers,Away,L,3,Yomiuri Giants,3,9,1,"0,0,0,0,0,3,0,0,0",22,Tokyo Dome,,,55000,GAME19980829YGHT0022
1998,1998-08-29,Reg Season,Yomiuri Giants,Home,W,4,Hanshin Tigers,4,9,1,"0,0,0,2,1,0,1,0,x",22,Tokyo Dome,,,55000,GAME19980829YGHT0022
1998,1998-08-30,Reg Season,Yakult Swallows,Away,W,5,Chunichi Dragons,5,10,0,"2,0,0,0,0,1,0,0,0,0,0,2",22,Vantelin Dome Nagoya,,,40500,GAME19980830CDYS0022
1998,1998-08-30,Reg Season,Chunichi Dragons,Home,L,3,Yakult Swallows,3,8,2,"3,0,0,0,0,0,0,0,0,0,0,0",22,Vantelin Dome Nagoya,,,40500,GAME19980830CDYS0022
1998,1998-08-30,Reg Season,Kintetsu Buffaloes,Away,L,5,Orix Bluewave,5,7,0,"0,1,3,0,0,0,0,1,0",22,Kobe Athletic Park Baseball Field,,,25000,GAME19980830OBKI0022
1998,1998-08-30,Reg Season,Orix Bluewave,Home,W,7,Kintetsu Buffaloes,7,13,2,"0,1,0,1,0,0,1,0,4x",22,Kobe Athletic Park Baseball Field,,,25000,GAME19980830OBKI0022
1998,1998-08-30,Reg Season,Nippon-Ham Fighters,Away,L,5,Fukuoka Daiei Hawks,5,10,1,"2,0,0,0,2,0,1,0,0",24,Mizuho PayPay Dome Fukuoka,,,34000,GAME19980830SHNF0024
1998,1998-08-30,Reg Season,Fukuoka Daiei Hawks,Home,W,8,Nippon-Ham Fighters,8,6,0,"0,0,0,7,0,0,0,1,x",24,Mizuho PayPay Dome Fukuoka,,,34000,GAME19980830SHNF0024
1998,1998-08-30,Reg Season,Hanshin Tigers,Away,W,5,Yomiuri Giants,5,15,1,"0,1,0,0,0,2,0,1,1",23,Tokyo Dome,,,55000,GAME19980830YGHT0023
1998,1998-08-30,Reg Season,Yomiuri Giants,Home,L,2,Hanshin Tigers,2,7,0,"1,0,0,0,0,0,1,0,0",23,Tokyo Dome,,,55000,GAME19980830YGHT0023
1998,1998-08-31,Reg Season,Kintetsu Buffaloes,Away,W,12,Orix Bluewave,12,18,0,"2,4,0,0,0,0,2,2,2",23,Kobe Athletic Park Baseball Field,,,19000,GAME19980831OBKI0023
1998,1998-08-31,Reg Season,Orix Bluewave,Home,L,5,Kintetsu Buffaloes,5,9,1,"0,0,0,1,1,0,0,3,0",23,Kobe Athletic Park Baseball Field,,,19000,GAME19980831OBKI0023
1998,1998-09-01,Reg Season,Yomiuri Giants,Away,W,10,Yokohama BayStars,10,14,0,"0,0,0,2,0,3,1,4,0",23,Yokohama Stadium,,,30000,GAME19980901DBYG0023
1998,1998-09-01,Reg Season,Yokohama BayStars,Home,L,5,Yomiuri Giants,5,13,0,"0,2,0,0,1,0,0,0,2",23,Yokohama Stadium,,,30000,GAME19980901DBYG0023
1998,1998-09-01,Reg Season,Chunichi Dragons,Away,L,3,Hiroshima Toyo Carp,3,5,0,"2,0,0,0,0,0,1,0,0",23,Hiroshima citizens,,,9000,GAME19980901HCCD0023
1998,1998-09-01,Reg Season,Hiroshima Toyo Carp,Home,W,5,Chunichi Dragons,5,7,0,"0,0,0,0,0,0,2,3,x",23,Hiroshima citizens,,,9000,GAME19980901HCCD0023
1998,1998-09-01,Reg Season,Yakult Swallows,Away,W,4,Hanshin Tigers,4,9,0,"0,1,3,0,0,0,0,0,0",21,Hanshin Koshien Stadium,,,20000,GAME19980901HTYS0021
1998,1998-09-01,Reg Season,Hanshin Tigers,Home,L,3,Yakult Swallows,3,8,1,"1,0,0,0,0,1,1,0,0",21,Hanshin Koshien Stadium,,,20000,GAME19980901HTYS0021
1998,1998-09-01,Reg Season,Fukuoka Daiei Hawks,Away,W,7,Kintetsu Buffaloes,7,11,0,"1,0,0,0,0,0,5,1,0",23,Kyocera Dome Osaka,,,15000,GAME19980901KISH0023
1998,1998-09-01,Reg Season,Kintetsu Buffaloes,Home,L,1,Fukuoka Daiei Hawks,1,3,2,"0,0,0,1,0,0,0,0,0",23,Kyocera Dome Osaka,,,15000,GAME19980901KISH0023
1998,1998-09-01,Reg Season,Orix Bluewave,Away,L,2,Chiba Lotte Marines,2,9,0,"0,0,0,0,0,0,2,0,0",21,ZOZO Marine Stadium,,,12000,GAME19980901LMOB0021
1998,1998-09-01,Reg Season,Chiba Lotte Marines,Home,W,3,Orix Bluewave,3,7,0,"0,0,0,3,0,0,0,0,x",21,ZOZO Marine Stadium,,,12000,GAME19980901LMOB0021
1998,1998-09-01,Reg Season,Seibu Lions,Away,W,9,Nippon-Ham Fighters,9,13,1,"1,1,0,2,0,1,0,3,1",19,Tokyo Dome,,,23000,GAME19980901NFSL0019
1998,1998-09-01,Reg Season,Nippon-Ham Fighters,Home,L,4,Seibu Lions,4,12,0,"1,2,0,0,0,0,0,0,1",19,Tokyo Dome,,,23000,GAME19980901NFSL0019
1998,1998-09-02,Reg Season,Yomiuri Giants,Away,L,0,Yokohama BayStars,0,4,3,"0,0,0,0,0,0,0,0,0",24,Yokohama Stadium,,,30000,GAME19980902DBYG0024
1998,1998-09-02,Reg Season,Yokohama BayStars,Home,W,1,Yomiuri Giants,1,6,0,"0,0,0,1,0,0,0,0,x",24,Yokohama Stadium,,,30000,GAME19980902DBYG0024
1998,1998-09-02,Reg Season,Chunichi Dragons,Away,W,3,Hiroshima Toyo Carp,3,11,0,"0,0,0,0,1,0,1,1,0",24,Hiroshima citizens,,,10000,GAME19980902HCCD0024
1998,1998-09-02,Reg Season,Hiroshima Toyo Carp,Home,L,1,Chunichi Dragons,1,10,0,"0,0,0,0,0,0,0,0,1",24,Hiroshima citizens,,,10000,GAME19980902HCCD0024
1998,1998-09-02,Reg Season,Yakult Swallows,Away,W,4,Hanshin Tigers,4,11,1,"1,0,0,0,0,1,0,0,2",22,Hanshin Koshien Stadium,,,20000,GAME19980902HTYS0022
1998,1998-09-02,Reg Season,Hanshin Tigers,Home,L,1,Yakult Swallows,1,6,0,"0,0,0,1,0,0,0,0,0",22,Hanshin Koshien Stadium,,,20000,GAME19980902HTYS0022
1998,1998-09-02,Reg Season,Fukuoka Daiei Hawks,Away,L,1,Kintetsu Buffaloes,1,6,0,"0,0,0,0,0,1,0,0,0",24,Kyocera Dome Osaka,,,17000,GAME19980902KISH0024
1998,1998-09-02,Reg Season,Kintetsu Buffaloes,Home,W,4,Fukuoka Daiei Hawks,4,10,0,"0,0,0,2,0,0,1,1,x",24,Kyocera Dome Osaka,,,17000,GAME19980902KISH0024
1998,1998-09-02,Reg Season,Orix Bluewave,Away,L,5,Chiba Lotte Marines,5,6,0,"0,1,4,0,0,0,0,0,0",22,ZOZO Marine Stadium,,,6000,GAME19980902LMOB0022
1998,1998-09-02,Reg Season,Chiba Lotte Marines,Home,W,7,Orix Bluewave,7,9,0,"3,0,2,1,0,0,1,0,x",22,ZOZO Marine Stadium,,,6000,GAME19980902LMOB0022
1998,1998-09-02,Reg Season,Seibu Lions,Away,W,2,Nippon-Ham Fighters,2,10,1,"0,0,0,0,1,0,0,0,1",20,Tokyo Dome,,,24000,GAME19980902NFSL0020
1998,1998-09-02,Reg Season,Nippon-Ham Fighters,Home,L,0,Seibu Lions,0,3,0,"0,0,0,0,0,0,0,0,0",20,Tokyo Dome,,,24000,GAME19980902NFSL0020
1998,1998-09-03,Reg Season,Yakult Swallows,Away,L,2,Hanshin Tigers,2,9,0,"0,0,0,1,0,0,1,0,0",23,Hanshin Koshien Stadium,,,20000,GAME19980903HTYS0023
1998,1998-09-03,Reg Season,Hanshin Tigers,Home,W,7,Yakult Swallows,7,11,1,"0,5,0,2,0,0,0,0,x",23,Hanshin Koshien Stadium,,,20000,GAME19980903HTYS0023
1998,1998-09-03,Reg Season,Orix Bluewave,Away,W,10,Chiba Lotte Marines,10,12,0,"0,1,1,3,1,2,0,0,2",23,ZOZO Marine Stadium,,,6000,GAME19980903LMOB0023
1998,1998-09-03,Reg Season,Chiba Lotte Marines,Home,L,2,Orix Bluewave,2,5,2,"0,0,0,0,2,0,0,0,0",23,ZOZO Marine Stadium,,,6000,GAME19980903LMOB0023
1998,1998-09-03,Reg Season,Seibu Lions,Away,L,4,Nippon-Ham Fighters,4,6,0,"0,0,0,0,0,0,0,4,0",21,Tokyo Dome,,,18000,GAME19980903NFSL0021
1998,1998-09-03,Reg Season,Nippon-Ham Fighters,Home,W,6,Seibu Lions,6,10,1,"1,1,0,0,0,0,4,0,x",21,Tokyo Dome,,,18000,GAME19980903NFSL0021
1998,1998-09-04,Reg Season,Yokohama BayStars,Away,W,5,Chunichi Dragons,5,11,0,"0,0,0,1,0,0,0,0,0,4",18,Vantelin Dome Nagoya,,,40500,GAME19980904CDDB0018
1998,1998-09-04,Reg Season,Chunichi Dragons,Home,L,2,Yokohama BayStars,2,9,1,"0,0,0,0,0,1,0,0,0,1",18,Vantelin Dome Nagoya,,,40500,GAME19980904CDDB0018
1998,1998-09-04,Reg Season,Hanshin Tigers,Away,W,7,Hiroshima Toyo Carp,7,12,0,"0,1,1,0,2,0,0,0,3",20,Fukui Prefectural Stadium,,,20000,GAME19980904HCHT0020
1998,1998-09-04,Reg Season,Hiroshima Toyo Carp,Home,L,0,Hanshin Tigers,0,7,0,"0,0,0,0,0,0,0,0,0",20,Fukui Prefectural Stadium,,,20000,GAME19980904HCHT0020
1998,1998-09-04,Reg Season,Kintetsu Buffaloes,Away,L,1,Chiba Lotte Marines,1,8,0,"0,0,1,0,0,0,0,0,0",21,ZOZO Marine Stadium,,,5000,GAME19980904LMKI0021
1998,1998-09-04,Reg Season,Chiba Lotte Marines,Home,W,5,Kintetsu Buffaloes,5,10,0,"0,3,0,0,0,0,0,2,x",21,ZOZO Marine Stadium,,,5000,GAME19980904LMKI0021
1998,1998-09-04,Reg Season,Orix Bluewave,Away,W,6,Nippon-Ham Fighters,6,13,1,"0,0,2,0,2,2,0,0,0",23,Tokyo Dome,,,24000,GAME19980904NFOB0023
1998,1998-09-04,Reg Season,Nippon-Ham Fighters,Home,L,2,Orix Bluewave,2,8,1,"0,0,0,0,0,1,1,0,0",23,Tokyo Dome,,,24000,GAME19980904NFOB0023
1998,1998-09-04,Reg Season,Seibu Lions,Away,W,7,Fukuoka Daiei Hawks,7,12,0,"2,0,0,3,0,1,0,0,1",21,Kitakyushu Municipal Baseball Stadium,,,21000,GAME19980904SHSL0021
1998,1998-09-04,Reg Season,Fukuoka Daiei Hawks,Home,L,1,Seibu Lions,1,5,0,"0,0,0,0,0,0,1,0,0",21,Kitakyushu Municipal Baseball Stadium,,,21000,GAME19980904SHSL0021
1998,1998-09-04,Reg Season,Yomiuri Giants,Away,W,2,Yakult Swallows,2,3,0,"2,0,0,0,0,0,0,0,0",23,Meiji Jingu Stadium,,,34000,GAME19980904YSYG0023
1998,1998-09-04,Reg Season,Yakult Swallows,Home,L,1,Yomiuri Giants,1,7,0,"1,0,0,0,0,0,0,0,0",23,Meiji Jingu Stadium,,,34000,GAME19980904YSYG0023
1998,1998-09-05,Reg Season,Yokohama BayStars,Away,W,3,Chunichi Dragons,3,6,0,"1,0,0,0,0,0,1,1,0",19,Vantelin Dome Nagoya,,,40000,GAME19980905CDDB0019
1998,1998-09-05,Reg Season,Chunichi Dragons,Home,L,2,Yokohama BayStars,2,8,2,"0,1,0,1,0,0,0,0,0",19,Vantelin Dome Nagoya,,,40000,GAME19980905CDDB0019
1998,1998-09-05,Reg Season,Hanshin Tigers,Away,L,3,Hiroshima Toyo Carp,3,6,0,"1,0,0,0,0,0,2,0,0",21,Alpen Stadium,,,25000,GAME19980905HCHT0021
1998,1998-09-05,Reg Season,Hiroshima Toyo Carp,Home,W,4,Hanshin Tigers,4,9,1,"0,0,0,0,1,1,1,0,1x",21,Alpen Stadium,,,25000,GAME19980905HCHT0021
1998,1998-09-05,Reg Season,Kintetsu Buffaloes,Away,L,6,Chiba Lotte Marines,6,11,2,"0,1,0,0,0,0,0,5,0",22,ZOZO Marine Stadium,,,12000,GAME19980905LMKI0022
1998,1998-09-05,Reg Season,Chiba Lotte Marines,Home,W,9,Kintetsu Buffaloes,9,11,3,"4,0,1,0,0,0,4,0,x",22,ZOZO Marine Stadium,,,12000,GAME19980905LMKI0022
1998,1998-09-05,Reg Season,Orix Bluewave,Away,W,6,Nippon-Ham Fighters,6,7,0,"1,3,0,1,1,0,0,0,0",24,Tokyo Dome,,,30000,GAME19980905NFOB0024
1998,1998-09-05,Reg Season,Nippon-Ham Fighters,Home,L,0,Orix Bluewave,0,5,2,"0,0,0,0,0,0,0,0,0",24,Tokyo Dome,,,30000,GAME19980905NFOB0024
1998,1998-09-05,Reg Season,Seibu Lions,Away,L,2,Fukuoka Daiei Hawks,2,6,0,"0,0,0,0,0,0,0,0,2",22,Mizuho PayPay Dome Fukuoka,,,42000,GAME19980905SHSL0022
1998,1998-09-05,Reg Season,Fukuoka Daiei Hawks,Home,W,9,Seibu Lions,9,17,0,"1,0,6,0,0,0,2,0,x",22,Mizuho PayPay Dome Fukuoka,,,42000,GAME19980905SHSL0022
1998,1998-09-05,Reg Season,Yomiuri Giants,Away,W,5,Yakult Swallows,5,9,1,"1,0,1,0,0,0,0,3,0",24,Meiji Jingu Stadium,,,46000,GAME19980905YSYG0024
1998,1998-09-05,Reg Season,Yakult Swallows,Home,L,3,Yomiuri Giants,3,6,0,"0,0,0,0,0,0,1,0,2",24,Meiji Jingu Stadium,,,46000,GAME19980905YSYG0024
1998,1998-09-06,Reg Season,Yokohama BayStars,Away,W,2,Chunichi Dragons,2,10,0,"1,0,1,0,0,0,0,0,0",20,Vantelin Dome Nagoya,,,40500,GAME19980906CDDB0020
1998,1998-09-06,Reg Season,Chunichi Dragons,Home,L,0,Yokohama BayStars,0,4,0,"0,0,0,0,0,0,0,0,0",20,Vantelin Dome Nagoya,,,40500,GAME19980906CDDB0020
1998,1998-09-06,Reg Season,Hanshin Tigers,Away,L,0,Hiroshima Toyo Carp,0,6,0,"0,0,0,0,0,0,0,0,0",22,Alpen Stadium,,,19000,GAME19980906HCHT0022
1998,1998-09-06,Reg Season,Hiroshima Toyo Carp,Home,W,2,Hanshin Tigers,2,6,0,"0,1,0,1,0,0,0,0,x",22,Alpen Stadium,,,19000,GAME19980906HCHT0022
1998,1998-09-06,Reg Season,Kintetsu Buffaloes,Away,T,2,Chiba Lotte Marines,2,11,1,"0,0,0,1,0,1,0,0,0,0,0,0",23,ZOZO Marine Stadium,,,16000,GAME19980906LMKI0023
1998,1998-09-06,Reg Season,Chiba Lotte Marines,Home,T,2,Kintetsu Buffaloes,2,9,0,"0,0,1,0,0,0,0,1,0,0,0,0",23,ZOZO Marine Stadium,,,16000,GAME19980906LMKI0023
1998,1998-09-06,Reg Season,Orix Bluewave,Away,L,5,Nippon-Ham Fighters,5,6,1,"0,0,0,1,0,0,0,4,0",25,Tokyo Dome,,,40000,GAME19980906NFOB0025
1998,1998-09-06,Reg Season,Nippon-Ham Fighters,Home,W,7,Orix Bluewave,7,10,0,"0,0,6,0,0,0,1,0,x",25,Tokyo Dome,,,40000,GAME19980906NFOB0025
1998,1998-09-06,Reg Season,Seibu Lions,Away,W,6,Fukuoka Daiei Hawks,6,11,0,"2,0,0,0,1,0,0,2,1",23,Mizuho PayPay Dome Fukuoka,,,44000,GAME19980906SHSL0023
1998,1998-09-06,Reg Season,Fukuoka Daiei Hawks,Home,L,0,Seibu Lions,0,3,3,"0,0,0,0,0,0,0,0,0",23,Mizuho PayPay Dome Fukuoka,,,44000,GAME19980906SHSL0023
1998,1998-09-06,Reg Season,Yomiuri Giants,Away,W,8,Yakult Swallows,8,15,1,"0,1,2,3,0,0,0,0,2",25,Meiji Jingu Stadium,,,46000,GAME19980906YSYG0025
1998,1998-09-06,Reg Season,Yakult Swallows,Home,L,2,Yomiuri Giants,2,7,1,"0,0,0,0,1,0,0,1,0",25,Meiji Jingu Stadium,,,46000,GAME19980906YSYG0025
1998,1998-09-08,Reg Season,Hanshin Tigers,Away,L,3,Chunichi Dragons,3,8,0,"0,0,1,0,0,0,1,0,1",23,Vantelin Dome Nagoya,,,38000,GAME19980908CDHT0023
1998,1998-09-08,Reg Season,Chunichi Dragons,Home,W,5,Hanshin Tigers,5,10,0,"2,0,2,0,0,0,1,0,x",23,Vantelin Dome Nagoya,,,38000,GAME19980908CDHT0023
1998,1998-09-08,Reg Season,Yakult Swallows,Away,L,3,Yokohama BayStars,3,8,0,"0,0,0,0,0,0,3,0,0",16,Thirty Four Sagamihara Stadium,,,28000,GAME19980908DBYS0016
1998,1998-09-08,Reg Season,Yokohama BayStars,Home,W,5,Yakult Swallows,5,8,3,"1,0,3,0,0,1,0,0,x",16,Thirty Four Sagamihara Stadium,,,28000,GAME19980908DBYS0016
1998,1998-09-08,Reg Season,Nippon-Ham Fighters,Away,L,3,Kintetsu Buffaloes,3,6,1,"0,0,0,1,1,0,0,0,1",24,Kyocera Dome Osaka,,,20000,GAME19980908KINF0024
1998,1998-09-08,Reg Season,Kintetsu Buffaloes,Home,W,5,Nippon-Ham Fighters,5,12,0,"0,0,4,0,0,0,0,1,x",24,Kyocera Dome Osaka,,,20000,GAME19980908KINF0024
1998,1998-09-08,Reg Season,Fukuoka Daiei Hawks,Away,L,0,Chiba Lotte Marines,0,5,1,"0,0,0,0,0,0,0,0,0",22,ZOZO Marine Stadium,,,8000,GAME19980908LMSH0022
1998,1998-09-08,Reg Season,Chiba Lotte Marines,Home,W,11,Fukuoka Daiei Hawks,11,11,0,"0,1,0,5,4,0,1,0,x",22,ZOZO Marine Stadium,,,8000,GAME19980908LMSH0022
1998,1998-09-08,Reg Season,Seibu Lions,Away,T,2,Orix Bluewave,2,9,0,"0,0,0,1,0,1,0,0,0,0,0,0",19,Kobe Athletic Park Baseball Field,,,14000,GAME19980908OBSL0019
1998,1998-09-08,Reg Season,Orix Bluewave,Home,T,2,Seibu Lions,2,10,0,"0,0,1,0,1,0,0,0,0,0,0,0",19,Kobe Athletic Park Baseball Field,,,14000,GAME19980908OBSL0019
1998,1998-09-08,Reg Season,Hiroshima Toyo Carp,Away,L,1,Yomiuri Giants,1,8,0,"0,1,0,0,0,0,0,0,0",20,Tokyo Dome,,,55000,GAME19980908YGHC0020
1998,1998-09-08,Reg Season,Yomiuri Giants,Home,W,4,Hiroshima Toyo Carp,4,7,0,"1,0,0,1,0,2,0,0,x",20,Tokyo Dome,,,55000,GAME19980908YGHC0020
1998,1998-09-09,Reg Season,Hanshin Tigers,Away,W,3,Chunichi Dragons,3,8,0,"0,0,0,0,3,0,0,0,0",24,Vantelin Dome Nagoya,,,39000,GAME19980909CDHT0024
1998,1998-09-09,Reg Season,Chunichi Dragons,Home,L,2,Hanshin Tigers,2,9,0,"0,2,0,0,0,0,0,0,0",24,Vantelin Dome Nagoya,,,39000,GAME19980909CDHT0024
1998,1998-09-09,Reg Season,Yakult Swallows,Away,W,4,Yokohama BayStars,4,13,0,"0,1,0,2,1,0,0,0,0",17,Yokohama Stadium,,,28000,GAME19980909DBYS0017
1998,1998-09-09,Reg Season,Yokohama BayStars,Home,L,2,Yakult Swallows,2,5,1,"1,0,0,0,0,0,0,1,0",17,Yokohama Stadium,,,28000,GAME19980909DBYS0017
1998,1998-09-09,Reg Season,Nippon-Ham Fighters,Away,L,0,Kintetsu Buffaloes,0,3,0,"0,0,0,0,0,0,0,0,0",25,Kyocera Dome Osaka,,,20000,GAME19980909KINF0025
1998,1998-09-09,Reg Season,Kintetsu Buffaloes,Home,W,7,Nippon-Ham Fighters,7,10,0,"2,2,0,0,0,0,0,3,x",25,Kyocera Dome Osaka,,,20000,GAME19980909KINF0025
1998,1998-09-09,Reg Season,Fukuoka Daiei Hawks,Away,W,7,Chiba Lotte Marines,7,10,0,"0,0,0,3,0,0,0,2,2",23,ZOZO Marine Stadium,,,10000,GAME19980909LMSH0023
1998,1998-09-09,Reg Season,Chiba Lotte Marines,Home,L,4,Fukuoka Daiei Hawks,4,9,0,"0,0,1,3,0,0,0,0,0",23,ZOZO Marine Stadium,,,10000,GAME19980909LMSH0023
1998,1998-09-09,Reg Season,Seibu Lions,Away,L,1,Orix Bluewave,1,9,1,"0,0,0,0,1,0,0,0,0",20,Kobe Athletic Park Baseball Field,,,14000,GAME19980909OBSL0020
1998,1998-09-09,Reg Season,Orix Bluewave,Home,W,6,Seibu Lions,6,14,0,"0,0,0,0,2,3,0,1,x",20,Kobe Athletic Park Baseball Field,,,14000,GAME19980909OBSL0020
1998,1998-09-09,Reg Season,Hiroshima Toyo Carp,Away,L,5,Yomiuri Giants,5,10,1,"3,0,0,1,0,0,0,1,0",21,Tokyo Dome,,,55000,GAME19980909YGHC0021
1998,1998-09-09,Reg Season,Yomiuri Giants,Home,W,6,Hiroshima Toyo Carp,6,11,0,"2,0,2,0,1,0,1,0,x",21,Tokyo Dome,,,55000,GAME19980909YGHC0021
1998,1998-09-10,Reg Season,Yakult Swallows,Away,W,7,Yokohama BayStars,7,12,0,"0,0,0,0,0,1,4,2,0",18,Yokohama Stadium,,,26000,GAME19980910DBYS0018
1998,1998-09-10,Reg Season,Yokohama BayStars,Home,L,2,Yakult Swallows,2,5,1,"0,0,0,0,0,0,0,0,2",18,Yokohama Stadium,,,26000,GAME19980910DBYS0018
1998,1998-09-10,Reg Season,Fukuoka Daiei Hawks,Away,L,1,Chiba Lotte Marines,1,6,0,"1,0,0,0,0,0,0,0,0",24,ZOZO Marine Stadium,,,10000,GAME19980910LMSH0024
1998,1998-09-10,Reg Season,Chiba Lotte Marines,Home,W,2,Fukuoka Daiei Hawks,2,5,2,"0,0,0,0,0,2,0,0,x",24,ZOZO Marine Stadium,,,10000,GAME19980910LMSH0024
1998,1998-09-10,Reg Season,Seibu Lions,Away,L,0,Orix Bluewave,0,2,0,"0,0,0,0,0,0,0,0,0",21,Kobe Athletic Park Baseball Field,,,14000,GAME19980910OBSL0021
1998,1998-09-10,Reg Season,Orix Bluewave,Home,W,2,Seibu Lions,2,4,0,"0,1,1,0,0,0,0,0,x",21,Kobe Athletic Park Baseball Field,,,14000,GAME19980910OBSL0021
1998,1998-09-10,Reg Season,Hiroshima Toyo Carp,Away,L,6,Yomiuri Giants,6,11,0,"0,0,2,0,0,0,2,2,0",22,Tokyo Dome,,,55000,GAME19980910YGHC0022
1998,1998-09-10,Reg Season,Yomiuri Giants,Home,W,7,Hiroshima Toyo Carp,7,13,0,"1,1,0,0,3,0,1,1,x",22,Tokyo Dome,,,55000,GAME19980910YGHC0022
1998,1998-09-11,Reg Season,Yakult Swallows,Away,L,1,Hiroshima Toyo Carp,1,4,1,"0,0,0,0,0,0,0,0,1",25,Hiroshima citizens,,,9000,GAME19980911HCYS0025
1998,1998-09-11,Reg Season,Hiroshima Toyo Carp,Home,W,2,Yakult Swallows,2,5,0,"0,0,0,1,1,0,0,0,x",25,Hiroshima citizens,,,9000,GAME19980911HCYS0025
1998,1998-09-11,Reg Season,Chiba Lotte Marines,Away,W,5,Orix Bluewave,5,9,0,"4,0,0,1,0,0,0,0,0",24,Kobe Athletic Park Baseball Field,,,12000,GAME19980911OBLM0024
1998,1998-09-11,Reg Season,Orix Bluewave,Home,L,0,Chiba Lotte Marines,0,5,0,"0,0,0,0,0,0,0,0,0",24,Kobe Athletic Park Baseball Field,,,12000,GAME19980911OBLM0024
1998,1998-09-11,Reg Season,Kintetsu Buffaloes,Away,L,4,Fukuoka Daiei Hawks,4,9,1,"1,0,0,0,0,1,2,0,0",25,Mizuho PayPay Dome Fukuoka,,,20000,GAME19980911SHKI0025
1998,1998-09-11,Reg Season,Fukuoka Daiei Hawks,Home,W,5,Kintetsu Buffaloes,5,9,0,"0,0,0,3,0,2,0,0,x",25,Mizuho PayPay Dome Fukuoka,,,20000,GAME19980911SHKI0025
1998,1998-09-11,Reg Season,Nippon-Ham Fighters,Away,L,3,Seibu Lions,3,6,0,"1,0,1,0,0,0,1,0,0",22,Belluna Dome,,,28000,GAME19980911SLNF0022
1998,1998-09-11,Reg Season,Seibu Lions,Home,W,7,Nippon-Ham Fighters,7,8,0,"1,0,2,3,0,1,0,0,x",22,Belluna Dome,,,28000,GAME19980911SLNF0022
1998,1998-09-12,Reg Season,Hanshin Tigers,Away,W,3,Yokohama BayStars,3,7,1,"0,0,0,2,0,0,0,0,1",25,Yokohama Stadium,,,30000,GAME19980912DBHT0025
1998,1998-09-12,Reg Season,Yokohama BayStars,Home,L,1,Hanshin Tigers,1,7,0,"0,0,0,0,0,0,1,0,0",25,Yokohama Stadium,,,30000,GAME19980912DBHT0025
1998,1998-09-12,Reg Season,Yakult Swallows,Away,L,1,Hiroshima Toyo Carp,1,7,0,"0,1,0,0,0,0,0,0,0",26,Hiroshima citizens,,,14000,GAME19980912HCYS0026
1998,1998-09-12,Reg Season,Hiroshima Toyo Carp,Home,W,5,Yakult Swallows,5,12,0,"0,0,0,0,0,5,0,0,x",26,Hiroshima citizens,,,14000,GAME19980912HCYS0026
1998,1998-09-12,Reg Season,Chiba Lotte Marines,Away,L,0,Orix Bluewave,0,3,0,"0,0,0,0,0,0,0,0,0",25,Kobe Athletic Park Baseball Field,,,21000,GAME19980912OBLM0025
1998,1998-09-12,Reg Season,Orix Bluewave,Home,W,5,Chiba Lotte Marines,5,13,0,"0,0,0,0,3,1,1,0,x",25,Kobe Athletic Park Baseball Field,,,21000,GAME19980912OBLM0025
1998,1998-09-12,Reg Season,Kintetsu Buffaloes,Away,L,3,Fukuoka Daiei Hawks,3,3,0,"0,0,2,0,0,1,0,0,0",26,Mizuho PayPay Dome Fukuoka,,,40000,GAME19980912SHKI0026
1998,1998-09-12,Reg Season,Fukuoka Daiei Hawks,Home,W,4,Kintetsu Buffaloes,4,11,0,"0,1,1,0,0,2,0,0,x",26,Mizuho PayPay Dome Fukuoka,,,40000,GAME19980912SHKI0026
1998,1998-09-12,Reg Season,Nippon-Ham Fighters,Away,W,9,Seibu Lions,9,8,0,"0,0,0,1,1,3,0,4,0",23,Belluna Dome,,,37000,GAME19980912SLNF0023
1998,1998-09-12,Reg Season,Seibu Lions,Home,L,0,Nippon-Ham Fighters,0,5,0,"0,0,0,0,0,0,0,0,0",23,Belluna Dome,,,37000,GAME19980912SLNF0023
1998,1998-09-12,Reg Season,Chunichi Dragons,Away,W,3,Yomiuri Giants,3,8,0,"0,3,0,0,0,0,0,0,0",26,Tokyo Dome,,,55000,GAME19980912YGCD0026
1998,1998-09-12,Reg Season,Yomiuri Giants,Home,L,1,Chunichi Dragons,1,7,0,"0,0,1,0,0,0,0,0,0",26,Tokyo Dome,,,55000,GAME19980912YGCD0026
1998,1998-09-13,Reg Season,Hanshin Tigers,Away,L,0,Yokohama BayStars,0,6,0,"0,0,0,0,0,0,0,0,0",26,Yokohama Stadium,,,30000,GAME19980913DBHT0026
1998,1998-09-13,Reg Season,Yokohama BayStars,Home,W,11,Hanshin Tigers,11,16,0,"0,0,0,3,0,4,0,4,x",26,Yokohama Stadium,,,30000,GAME19980913DBHT0026
1998,1998-09-13,Reg Season,Yakult Swallows,Away,W,10,Hiroshima Toyo Carp,10,16,4,"0,2,0,0,3,0,2,0,3",27,Hiroshima citizens,,,12000,GAME19980913HCYS0027
1998,1998-09-13,Reg Season,Hiroshima Toyo Carp,Home,L,5,Yakult Swallows,5,11,2,"3,0,0,0,0,0,0,2,0",27,Hiroshima citizens,,,12000,GAME19980913HCYS0027
1998,1998-09-13,Reg Season,Chiba Lotte Marines,Away,L,3,Orix Bluewave,3,8,0,"0,0,0,0,0,2,1,0,0,0",26,Kobe Athletic Park Baseball Field,,,22000,GAME19980913OBLM0026
1998,1998-09-13,Reg Season,Orix Bluewave,Home,W,4,Chiba Lotte Marines,4,12,1,"0,0,0,0,0,2,0,1,0,1x",26,Kobe Athletic Park Baseball Field,,,22000,GAME19980913OBLM0026
1998,1998-09-13,Reg Season,Kintetsu Buffaloes,Away,L,4,Fukuoka Daiei Hawks,4,10,1,"0,1,0,0,0,0,0,3,0",27,Mizuho PayPay Dome Fukuoka,,,38000,GAME19980913SHKI0027
1998,1998-09-13,Reg Season,Fukuoka Daiei Hawks,Home,W,7,Kintetsu Buffaloes,7,10,0,"3,0,1,1,0,0,0,2,x",27,Mizuho PayPay Dome Fukuoka,,,38000,GAME19980913SHKI0027
1998,1998-09-13,Reg Season,Nippon-Ham Fighters,Away,L,1,Seibu Lions,1,7,0,"0,0,0,0,0,0,0,1,0",24,Belluna Dome,,,36000,GAME19980913SLNF0024
1998,1998-09-13,Reg Season,Seibu Lions,Home,W,2,Nippon-Ham Fighters,2,3,0,"2,0,0,0,0,0,0,0,x",24,Belluna Dome,,,36000,GAME19980913SLNF0024
1998,1998-09-13,Reg Season,Chunichi Dragons,Away,W,7,Yomiuri Giants,7,11,0,"0,1,4,2,0,0,0,0,0",27,Tokyo Dome,,,55000,GAME19980913YGCD0027
1998,1998-09-13,Reg Season,Yomiuri Giants,Home,L,4,Chunichi Dragons,4,6,0,"2,0,0,0,0,1,0,1,0",27,Tokyo Dome,,,55000,GAME19980913YGCD0027
1998,1998-09-15,Reg Season,Hiroshima Toyo Carp,Away,L,6,Hanshin Tigers,6,11,0,"0,0,0,2,1,3,0,0,0",23,Hanshin Koshien Stadium,,,30000,GAME19980915HTHC0023
1998,1998-09-15,Reg Season,Hanshin Tigers,Home,W,9,Hiroshima Toyo Carp,9,7,1,"0,7,0,0,1,0,0,1,x",23,Hanshin Koshien Stadium,,,30000,GAME19980915HTHC0023
1998,1998-09-15,Reg Season,Chiba Lotte Marines,Away,W,13,Kintetsu Buffaloes,13,17,1,"1,0,1,5,1,2,1,2,0",24,Kyocera Dome Osaka,,,21000,GAME19980915KILM0024
1998,1998-09-15,Reg Season,Kintetsu Buffaloes,Home,L,5,Chiba Lotte Marines,5,14,0,"1,0,2,0,0,0,0,2,0",24,Kyocera Dome Osaka,,,21000,GAME19980915KILM0024
1998,1998-09-15,Reg Season,Nippon-Ham Fighters,Away,L,4,Orix Bluewave,4,8,0,"0,0,1,0,0,0,0,0,3",26,Kobe Athletic Park Baseball Field,,,25000,GAME19980915OBNF0026
1998,1998-09-15,Reg Season,Orix Bluewave,Home,W,5,Nippon-Ham Fighters,5,7,0,"0,0,0,0,4,0,0,1,x",26,Kobe Athletic Park Baseball Field,,,25000,GAME19980915OBNF0026
1998,1998-09-15,Reg Season,Fukuoka Daiei Hawks,Away,W,4,Seibu Lions,4,8,1,"0,0,0,0,0,1,1,2,0",24,Belluna Dome,,,26000,GAME19980915SLSH0024
1998,1998-09-15,Reg Season,Seibu Lions,Home,L,3,Fukuoka Daiei Hawks,3,8,1,"0,0,0,1,1,1,0,0,0",24,Belluna Dome,,,26000,GAME19980915SLSH0024
1998,1998-09-15,Reg Season,Yokohama BayStars,Away,W,10,Yomiuri Giants,10,18,0,"1,0,1,0,0,0,4,0,4",25,Tokyo Dome,,,55000,GAME19980915YGDB0025
1998,1998-09-15,Reg Season,Yomiuri Giants,Home,L,2,Yokohama BayStars,2,5,1,"0,0,2,0,0,0,0,0,0",25,Tokyo Dome,,,55000,GAME19980915YGDB0025
1998,1998-09-15,Reg Season,Chunichi Dragons,Away,W,5,Yakult Swallows,5,12,1,"2,0,0,0,0,0,3,0,0",23,Meiji Jingu Stadium,,,18000,GAME19980915YSCD0023
1998,1998-09-15,Reg Season,Yakult Swallows,Home,L,2,Chunichi Dragons,2,7,1,"0,0,0,0,2,0,0,0,0x",23,Meiji Jingu Stadium,,,18000,GAME19980915YSCD0023
1998,1998-09-16,Reg Season,Hiroshima Toyo Carp,Away,W,5,Hanshin Tigers,5,9,1,"1,3,0,0,1,0,0,0,0",24,Hanshin Koshien Stadium,,,21000,GAME19980916HTHC0024
1998,1998-09-16,Reg Season,Hanshin Tigers,Home,L,4,Hiroshima Toyo Carp,4,9,2,"1,0,0,2,0,1,0,0,0",24,Hanshin Koshien Stadium,,,21000,GAME19980916HTHC0024
1998,1998-09-16,Reg Season,Chiba Lotte Marines,Away,L,3,Kintetsu Buffaloes,3,7,1,"2,0,0,0,0,0,0,1,0",25,Kyocera Dome Osaka,,,13000,GAME19980916KILM0025
1998,1998-09-16,Reg Season,Kintetsu Buffaloes,Home,W,5,Chiba Lotte Marines,5,9,1,"0,0,0,1,0,1,0,0,3x",25,Kyocera Dome Osaka,,,13000,GAME19980916KILM0025
1998,1998-09-16,Reg Season,Nippon-Ham Fighters,Away,W,10,Orix Bluewave,10,6,0,"4,0,0,0,6,0,0,0,0",27,Kobe Athletic Park Baseball Field,,,17000,GAME19980916OBNF0027
1998,1998-09-16,Reg Season,Orix Bluewave,Home,L,3,Nippon-Ham Fighters,3,6,3,"0,0,0,0,1,2,0,0,0",27,Kobe Athletic Park Baseball Field,,,17000,GAME19980916OBNF0027
1998,1998-09-16,Reg Season,Fukuoka Daiei Hawks,Away,W,6,Seibu Lions,6,10,0,"0,1,0,0,0,4,0,0,1",25,Belluna Dome,,,17000,GAME19980916SLSH0025
1998,1998-09-16,Reg Season,Seibu Lions,Home,L,4,Fukuoka Daiei Hawks,4,6,0,"0,1,2,0,0,0,0,0,1",25,Belluna Dome,,,17000,GAME19980916SLSH0025
1998,1998-09-16,Reg Season,Yokohama BayStars,Away,L,2,Yomiuri Giants,2,8,0,"1,0,0,0,0,1,0,0,0",26,Tokyo Dome,,,55000,GAME19980916YGDB0026
1998,1998-09-16,Reg Season,Yomiuri Giants,Home,W,3,Yokohama BayStars,3,11,0,"0,0,2,0,0,0,0,1,x",26,Tokyo Dome,,,55000,GAME19980916YGDB0026
1998,1998-09-16,Reg Season,Chunichi Dragons,Away,W,5,Yakult Swallows,5,10,0,"0,0,0,1,0,0,4,0,0",24,Meiji Jingu Stadium,,,22000,GAME19980916YSCD0024
1998,1998-09-16,Reg Season,Yakult Swallows,Home,L,2,Chunichi Dragons,2,7,0,"0,0,0,1,0,0,1,0,0",24,Meiji Jingu Stadium,,,22000,GAME19980916YSCD0024
1998,1998-09-17,Reg Season,Hiroshima Toyo Carp,Away,L,1,Hanshin Tigers,1,8,0,"0,0,0,1,0,0,0,0,0",25,Hanshin Koshien Stadium,,,18000,GAME19980917HTHC0025
1998,1998-09-17,Reg Season,Hanshin Tigers,Home,W,3,Hiroshima Toyo Carp,3,5,1,"2,0,0,0,0,1,0,0,x",25,Hanshin Koshien Stadium,,,18000,GAME19980917HTHC0025
1998,1998-09-17,Reg Season,Chiba Lotte Marines,Away,T,2,Kintetsu Buffaloes,2,10,0,"0,0,0,0,0,2,0,0,0,0,0,0",26,Kyocera Dome Osaka,,,14000,GAME19980917KILM0026
1998,1998-09-17,Reg Season,Kintetsu Buffaloes,Home,T,2,Chiba Lotte Marines,2,7,0,"1,0,0,0,0,0,0,1,0,0,0,0",26,Kyocera Dome Osaka,,,14000,GAME19980917KILM0026
1998,1998-09-17,Reg Season,Fukuoka Daiei Hawks,Away,L,2,Seibu Lions,2,6,1,"0,0,0,0,0,0,0,0,2",26,Belluna Dome,,,11000,GAME19980917SLSH0026
1998,1998-09-17,Reg Season,Seibu Lions,Home,W,4,Fukuoka Daiei Hawks,4,8,0,"0,2,0,1,0,0,1,0,x",26,Belluna Dome,,,11000,GAME19980917SLSH0026
1998,1998-09-17,Reg Season,Yokohama BayStars,Away,W,6,Yomiuri Giants,6,9,0,"0,0,4,0,1,0,1,0,0",27,Tokyo Dome,,,55000,GAME19980917YGDB0027
1998,1998-09-17,Reg Season,Yomiuri Giants,Home,L,1,Yokohama BayStars,1,3,0,"0,0,0,0,0,0,0,0,1",27,Tokyo Dome,,,55000,GAME19980917YGDB0027
1998,1998-09-17,Reg Season,Chunichi Dragons,Away,L,3,Yakult Swallows,3,7,0,"0,0,0,0,0,0,0,1,2,0",25,Meiji Jingu Stadium,,,22000,GAME19980917YSCD0025
1998,1998-09-17,Reg Season,Yakult Swallows,Home,W,4,Chunichi Dragons,4,7,0,"0,0,1,0,0,0,2,0,0,1x",25,Meiji Jingu Stadium,,,22000,GAME19980917YSCD0025
1998,1998-09-18,Reg Season,Yomiuri Giants,Away,L,4,Hanshin Tigers,4,7,0,"0,2,0,1,0,1,0,0,0",24,Hanshin Koshien Stadium,,,32000,GAME19980918HTYG0024
1998,1998-09-18,Reg Season,Hanshin Tigers,Home,W,6,Yomiuri Giants,6,13,3,"0,0,1,1,0,0,2,2,x",24,Hanshin Koshien Stadium,,,32000,GAME19980918HTYG0024
1998,1998-09-18,Reg Season,Orix Bluewave,Away,W,8,Kintetsu Buffaloes,8,9,0,"3,2,0,0,0,2,0,0,1",24,Kyocera Dome Osaka,,,18000,GAME19980918KIOB0024
1998,1998-09-18,Reg Season,Kintetsu Buffaloes,Home,L,2,Orix Bluewave,2,9,1,"1,0,0,0,0,0,0,0,1",24,Kyocera Dome Osaka,,,18000,GAME19980918KIOB0024
1998,1998-09-18,Reg Season,Seibu Lions,Away,W,5,Chiba Lotte Marines,5,12,0,"0,0,0,2,0,0,2,1,0",22,ZOZO Marine Stadium,,,6000,GAME19980918LMSL0022
1998,1998-09-18,Reg Season,Chiba Lotte Marines,Home,L,3,Seibu Lions,3,10,0,"0,0,0,1,0,1,0,1,0",22,ZOZO Marine Stadium,,,6000,GAME19980918LMSL0022
1998,1998-09-18,Reg Season,Fukuoka Daiei Hawks,Away,L,2,Nippon-Ham Fighters,2,8,0,"0,2,0,0,0,0,0,0,0",25,Tokyo Dome,,,26000,GAME19980918NFSH0025
1998,1998-09-18,Reg Season,Nippon-Ham Fighters,Home,W,5,Fukuoka Daiei Hawks,5,4,0,"0,0,1,2,1,0,0,1,x",25,Tokyo Dome,,,26000,GAME19980918NFSH0025
1998,1998-09-18,Reg Season,Yokohama BayStars,Away,L,2,Yakult Swallows,2,7,0,"0,0,0,0,0,0,0,1,1",19,Meiji Jingu Stadium,,,18000,GAME19980918YSDB0019
1998,1998-09-18,Reg Season,Yakult Swallows,Home,W,3,Yokohama BayStars,3,9,0,"0,0,0,0,1,0,1,0,1x",19,Meiji Jingu Stadium,,,18000,GAME19980918YSDB0019
1998,1998-09-19,Reg Season,Hiroshima Toyo Carp,Away,L,2,Chunichi Dragons,2,6,1,"0,0,0,0,1,0,0,0,1",25,Vantelin Dome Nagoya,,,40500,GAME19980919CDHC0025
1998,1998-09-19,Reg Season,Chunichi Dragons,Home,W,3,Hiroshima Toyo Carp,3,9,0,"0,0,0,0,0,1,0,2,x",25,Vantelin Dome Nagoya,,,40500,GAME19980919CDHC0025
1998,1998-09-19,Reg Season,Yomiuri Giants,Away,W,9,Hanshin Tigers,9,13,0,"0,0,0,1,2,4,0,0,2",25,Hanshin Koshien Stadium,,,53000,GAME19980919HTYG0025
1998,1998-09-19,Reg Season,Hanshin Tigers,Home,L,1,Yomiuri Giants,1,3,1,"0,0,0,0,0,0,1,0,0",25,Hanshin Koshien Stadium,,,53000,GAME19980919HTYG0025
1998,1998-09-19,Reg Season,Orix Bluewave,Away,L,0,Kintetsu Buffaloes,0,3,0,"0,0,0,0,0,0,0,0,0",25,Kyocera Dome Osaka,,,24000,GAME19980919KIOB0025
1998,1998-09-19,Reg Season,Kintetsu Buffaloes,Home,W,7,Orix Bluewave,7,12,0,"0,0,0,0,0,5,1,1,x",25,Kyocera Dome Osaka,,,24000,GAME19980919KIOB0025
1998,1998-09-19,Reg Season,Seibu Lions,Away,W,10,Chiba Lotte Marines,10,13,1,"0,0,3,0,0,2,1,0,4",23,ZOZO Marine Stadium,,,16000,GAME19980919LMSL0023
1998,1998-09-19,Reg Season,Chiba Lotte Marines,Home,L,3,Seibu Lions,3,7,1,"2,0,0,1,0,0,0,0,0",23,ZOZO Marine Stadium,,,16000,GAME19980919LMSL0023
1998,1998-09-19,Reg Season,Fukuoka Daiei Hawks,Away,W,3,Nippon-Ham Fighters,3,8,0,"0,0,0,3,0,0,0,0,0",26,Tokyo Dome,,,44000,GAME19980919NFSH0026
1998,1998-09-19,Reg Season,Nippon-Ham Fighters,Home,L,1,Fukuoka Daiei Hawks,1,5,1,"0,0,0,0,0,0,0,0,1",26,Tokyo Dome,,,44000,GAME19980919NFSH0026
1998,1998-09-19,Reg Season,Yokohama BayStars,Away,W,4,Yakult Swallows,4,6,1,"2,0,0,0,0,1,0,1,0",20,Meiji Jingu Stadium,,,44000,GAME19980919YSDB0020
1998,1998-09-19,Reg Season,Yakult Swallows,Home,L,2,Yokohama BayStars,2,7,0,"0,0,0,0,0,0,2,0,0",20,Meiji Jingu Stadium,,,44000,GAME19980919YSDB0020
1998,1998-09-20,Reg Season,Hiroshima Toyo Carp,Away,W,7,Chunichi Dragons,7,13,0,"1,1,0,1,0,0,0,4,0",26,Vantelin Dome Nagoya,,,40500,GAME19980920CDHC0026
1998,1998-09-20,Reg Season,Chunichi Dragons,Home,L,4,Hiroshima Toyo Carp,4,9,1,"0,0,0,1,0,3,0,0,0",26,Vantelin Dome Nagoya,,,40500,GAME19980920CDHC0026
1998,1998-09-20,Reg Season,Yomiuri Giants,Away,W,4,Hanshin Tigers,4,8,0,"0,0,3,0,0,0,1,0,0",26,Hanshin Koshien Stadium,,,43000,GAME19980920HTYG0026
1998,1998-09-20,Reg Season,Hanshin Tigers,Home,L,0,Yomiuri Giants,0,4,0,"0,0,0,0,0,0,0,0,0",26,Hanshin Koshien Stadium,,,43000,GAME19980920HTYG0026
1998,1998-09-20,Reg Season,Orix Bluewave,Away,W,7,Kintetsu Buffaloes,7,11,2,"1,3,0,0,0,1,2,0,0",26,Kyocera Dome Osaka,,,30000,GAME19980920KIOB0026
1998,1998-09-20,Reg Season,Kintetsu Buffaloes,Home,L,6,Orix Bluewave,6,10,0,"0,0,0,2,2,0,0,0,2",26,Kyocera Dome Osaka,,,30000,GAME19980920KIOB0026
1998,1998-09-20,Reg Season,Seibu Lions,Away,L,2,Chiba Lotte Marines,2,8,0,"0,0,1,0,0,1,0,0,0",24,ZOZO Marine Stadium,,,19000,GAME19980920LMSL0024
1998,1998-09-20,Reg Season,Chiba Lotte Marines,Home,W,4,Seibu Lions,4,7,1,"4,0,0,0,0,0,0,0,x",24,ZOZO Marine Stadium,,,19000,GAME19980920LMSL0024
1998,1998-09-20,Reg Season,Fukuoka Daiei Hawks,Away,L,2,Nippon-Ham Fighters,2,5,2,"0,1,0,0,1,0,0,0,0",27,Tokyo Dome,,,38000,GAME19980920NFSH0027
1998,1998-09-20,Reg Season,Nippon-Ham Fighters,Home,W,7,Fukuoka Daiei Hawks,7,9,2,"1,1,0,0,0,5,0,0,x",27,Tokyo Dome,,,38000,GAME19980920NFSH0027
1998,1998-09-20,Reg Season,Yokohama BayStars,Away,W,4,Yakult Swallows,4,8,1,"0,0,1,2,0,1,0,0,0",21,Meiji Jingu Stadium,,,32000,GAME19980920YSDB0021
1998,1998-09-20,Reg Season,Yakult Swallows,Home,L,2,Yokohama BayStars,2,5,1,"1,0,1,0,0,0,0,0,0",21,Meiji Jingu Stadium,,,32000,GAME19980920YSDB0021
1998,1998-09-22,Reg Season,Yomiuri Giants,Away,W,6,Hiroshima Toyo Carp,6,13,0,"0,0,1,0,0,5,0,0,0",23,Hiroshima citizens,,,13000,GAME19980922HCYG0023
1998,1998-09-22,Reg Season,Hiroshima Toyo Carp,Home,L,1,Yomiuri Giants,1,2,1,"0,0,1,0,0,0,0,0,0",23,Hiroshima citizens,,,13000,GAME19980922HCYG0023
1998,1998-09-22,Reg Season,Kintetsu Buffaloes,Away,W,7,Nippon-Ham Fighters,7,11,0,"2,0,0,0,0,1,2,0,2",26,Tokyo Dome,,,17000,GAME19980922NFKI0026
1998,1998-09-22,Reg Season,Nippon-Ham Fighters,Home,L,2,Kintetsu Buffaloes,2,6,1,"0,0,0,0,2,0,0,0,0",26,Tokyo Dome,,,17000,GAME19980922NFKI0026
1998,1998-09-22,Reg Season,Chiba Lotte Marines,Away,W,9,Fukuoka Daiei Hawks,9,10,1,"0,0,0,5,4,0,0,0,0",25,Mizuho PayPay Dome Fukuoka,,,38000,GAME19980922SHLM0025
1998,1998-09-22,Reg Season,Fukuoka Daiei Hawks,Home,L,2,Chiba Lotte Marines,2,11,0,"0,0,0,0,0,0,0,2,0",25,Mizuho PayPay Dome Fukuoka,,,38000,GAME19980922SHLM0025
1998,1998-09-23,Reg Season,Chunichi Dragons,Away,L,2,Yokohama BayStars,2,6,1,"0,1,0,0,0,1,0,0,0",21,Yokohama Stadium,,,30000,GAME19980923DBCD0021
1998,1998-09-23,Reg Season,Yokohama BayStars,Home,W,6,Chunichi Dragons,6,10,1,"3,0,3,0,0,0,0,0,x",21,Yokohama Stadium,,,30000,GAME19980923DBCD0021
1998,1998-09-23,Reg Season,Yomiuri Giants,Away,W,11,Hiroshima Toyo Carp,11,11,0,"0,3,0,0,0,1,6,0,1",24,Hiroshima citizens,,,16000,GAME19980923HCYG0024
1998,1998-09-23,Reg Season,Hiroshima Toyo Carp,Home,L,3,Yomiuri Giants,3,8,2,"0,0,0,0,0,0,0,3,0",24,Hiroshima citizens,,,16000,GAME19980923HCYG0024
1998,1998-09-23,Reg Season,Kintetsu Buffaloes,Away,W,6,Nippon-Ham Fighters,6,7,0,"0,0,0,0,1,0,0,1,4",27,Tokyo Dome,,,26000,GAME19980923NFKI0027
1998,1998-09-23,Reg Season,Nippon-Ham Fighters,Home,L,5,Kintetsu Buffaloes,5,8,1,"3,0,0,2,0,0,0,0,0",27,Tokyo Dome,,,26000,GAME19980923NFKI0027
1998,1998-09-23,Reg Season,Chiba Lotte Marines,Away,L,1,Fukuoka Daiei Hawks,1,4,0,"0,0,0,0,0,0,0,1,0",26,Mizuho PayPay Dome Fukuoka,,,48000,GAME19980923SHLM0026
1998,1998-09-23,Reg Season,Fukuoka Daiei Hawks,Home,W,3,Chiba Lotte Marines,3,8,0,"0,0,0,0,0,0,2,1,x",26,Mizuho PayPay Dome Fukuoka,,,48000,GAME19980923SHLM0026
1998,1998-09-23,Reg Season,Orix Bluewave,Away,W,7,Seibu Lions,7,12,1,"0,3,0,0,1,0,0,3,0",22,Belluna Dome,,,36000,GAME19980923SLOB0022
1998,1998-09-23,Reg Season,Seibu Lions,Home,L,1,Orix Bluewave,1,6,0,"0,0,1,0,0,0,0,0,0",22,Belluna Dome,,,36000,GAME19980923SLOB0022
1998,1998-09-23,Reg Season,Hanshin Tigers,Away,L,4,Yakult Swallows,4,10,3,"0,0,0,2,0,0,0,2,0",24,Meiji Jingu Stadium,,,18000,GAME19980923YSHT0024
1998,1998-09-23,Reg Season,Yakult Swallows,Home,W,7,Hanshin Tigers,7,10,0,"2,1,0,1,0,0,0,3,x",24,Meiji Jingu Stadium,,,18000,GAME19980923YSHT0024
1998,1998-09-24,Reg Season,Chunichi Dragons,Away,L,1,Yokohama BayStars,1,5,1,"0,0,0,0,0,0,0,1,0",22,Yokohama Stadium,,,30000,GAME19980924DBCD0022
1998,1998-09-24,Reg Season,Yokohama BayStars,Home,W,7,Chunichi Dragons,7,16,1,"1,0,0,0,0,4,2,0,x",22,Yokohama Stadium,,,30000,GAME19980924DBCD0022
1998,1998-09-24,Reg Season,Orix Bluewave,Away,L,3,Seibu Lions,3,5,1,"0,1,0,0,0,2,0,0,0",23,Belluna Dome,,,10000,GAME19980924SLOB0023
1998,1998-09-24,Reg Season,Seibu Lions,Home,W,10,Orix Bluewave,10,14,2,"0,0,0,8,0,0,2,0,x",23,Belluna Dome,,,10000,GAME19980924SLOB0023
1998,1998-09-24,Reg Season,Hanshin Tigers,Away,W,10,Yakult Swallows,10,16,0,"3,0,5,0,0,0,2,0,0",25,Meiji Jingu Stadium,,,12000,GAME19980924YSHT0025
1998,1998-09-24,Reg Season,Yakult Swallows,Home,L,0,Hanshin Tigers,0,6,2,"0,0,0,0,0,0,0,0,0",25,Meiji Jingu Stadium,,,12000,GAME19980924YSHT0025
1998,1998-09-25,Reg Season,Nippon-Ham Fighters,Away,L,0,Chiba Lotte Marines,0,6,1,"0,0,0,0,0,0,0,0,0",22,ZOZO Marine Stadium,,,10000,GAME19980925LMNF0022
1998,1998-09-25,Reg Season,Chiba Lotte Marines,Home,W,7,Nippon-Ham Fighters,7,11,0,"0,0,1,1,3,1,1,0,x",22,ZOZO Marine Stadium,,,10000,GAME19980925LMNF0022
1998,1998-09-25,Reg Season,Fukuoka Daiei Hawks,Away,L,2,Orix Bluewave,2,5,0,"0,0,0,0,0,0,2,0,0",25,Kobe Athletic Park Baseball Field,,,11000,GAME19980925OBSH0025
1998,1998-09-25,Reg Season,Orix Bluewave,Home,W,7,Fukuoka Daiei Hawks,7,7,0,"0,1,0,4,0,0,0,2,x",25,Kobe Athletic Park Baseball Field,,,11000,GAME19980925OBSH0025
1998,1998-09-25,Reg Season,Kintetsu Buffaloes,Away,L,2,Seibu Lions,2,9,0,"1,0,0,0,0,0,1,0,0",23,Belluna Dome,,,12000,GAME19980925SLKI0023
1998,1998-09-25,Reg Season,Seibu Lions,Home,W,7,Kintetsu Buffaloes,7,10,0,"2,0,1,0,0,4,0,0,x",23,Belluna Dome,,,12000,GAME19980925SLKI0023
1998,1998-09-26,Reg Season,Yokohama BayStars,Away,W,5,Hiroshima Toyo Carp,5,7,1,"0,2,0,0,1,0,2,0,0",25,Hiroshima citizens,,,12000,GAME19980926HCDB0025
1998,1998-09-26,Reg Season,Hiroshima Toyo Carp,Home,L,3,Yokohama BayStars,3,8,1,"2,0,0,0,0,1,0,0,0",25,Hiroshima citizens,,,12000,GAME19980926HCDB0025
1998,1998-09-26,Reg Season,Nippon-Ham Fighters,Away,W,8,Chiba Lotte Marines,8,15,0,"0,0,3,3,1,0,0,1,0",23,ZOZO Marine Stadium,,,11000,GAME19980926LMNF0023
1998,1998-09-26,Reg Season,Chiba Lotte Marines,Home,L,1,Nippon-Ham Fighters,1,6,0,"0,0,0,0,1,0,0,0,0",23,ZOZO Marine Stadium,,,11000,GAME19980926LMNF0023
1998,1998-09-26,Reg Season,Fukuoka Daiei Hawks,Away,L,0,Orix Bluewave,0,4,0,"0,0,0,0,0,0,0,0,0",26,Kobe Athletic Park Baseball Field,,,20000,GAME19980926OBSH0026
1998,1998-09-26,Reg Season,Orix Bluewave,Home,W,5,Fukuoka Daiei Hawks,5,12,0,"2,0,2,0,0,0,0,1,x",26,Kobe Athletic Park Baseball Field,,,20000,GAME19980926OBSH0026
1998,1998-09-26,Reg Season,Yakult Swallows,Away,L,0,Yomiuri Giants,0,3,0,"0,0,0,0,0,0,0,0,0",26,Tokyo Dome,,,55000,GAME19980926YGYS0026
1998,1998-09-26,Reg Season,Yomiuri Giants,Home,W,5,Yakult Swallows,5,11,0,"0,0,2,0,0,3,0,0,x",26,Tokyo Dome,,,55000,GAME19980926YGYS0026
1998,1998-09-27,Reg Season,Yokohama BayStars,Away,L,1,Hiroshima Toyo Carp,1,5,0,"0,0,0,0,0,1,0,0,0",26,Hiroshima citizens,,,29000,GAME19980927HCDB0026
1998,1998-09-27,Reg Season,Hiroshima Toyo Carp,Home,W,3,Yokohama BayStars,3,10,0,"1,0,0,2,0,0,0,0,x",26,Hiroshima citizens,,,29000,GAME19980927HCDB0026
1998,1998-09-27,Reg Season,Chunichi Dragons,Away,W,2,Hanshin Tigers,2,11,0,"2,0,0,0,0,0,0",25,Hanshin Koshien Stadium,,,17000,GAME19980927HTCD0025
1998,1998-09-27,Reg Season,Hanshin Tigers,Home,L,0,Chunichi Dragons,0,4,0,"0,0,0,0,0,0,x",25,Hanshin Koshien Stadium,,,17000,GAME19980927HTCD0025
1998,1998-09-27,Reg Season,Fukuoka Daiei Hawks,Away,L,1,Orix Bluewave,1,5,1,"1,0,0,0,0,0,0,0,0",27,Kobe Athletic Park Baseball Field,,,23000,GAME19980927OBSH0027
1998,1998-09-27,Reg Season,Orix Bluewave,Home,W,7,Fukuoka Daiei Hawks,7,12,0,"0,2,0,1,0,0,0,4,x",27,Kobe Athletic Park Baseball Field,,,23000,GAME19980927OBSH0027
1998,1998-09-27,Reg Season,Yakult Swallows,Away,L,2,Yomiuri Giants,2,7,0,"0,0,1,0,0,1,0,0,0",27,Tokyo Dome,,,55000,GAME19980927YGYS0027
1998,1998-09-27,Reg Season,Yomiuri Giants,Home,W,6,Yakult Swallows,6,11,0,"0,0,4,1,1,0,0,0,x",27,Tokyo Dome,,,55000,GAME19980927YGYS0027
1998,1998-09-28,Reg Season,Nippon-Ham Fighters,Away,L,1,Chiba Lotte Marines,1,6,2,"0,0,1,0,0,0,0,0,0",24,ZOZO Marine Stadium,,,5000,GAME19980928LMNF0024
1998,1998-09-28,Reg Season,Chiba Lotte Marines,Home,W,3,Nippon-Ham Fighters,3,5,0,"0,0,0,0,2,0,1,0,x",24,ZOZO Marine Stadium,,,5000,GAME19980928LMNF0024
1998,1998-09-28,Reg Season,Kintetsu Buffaloes,Away,L,3,Seibu Lions,3,5,3,"0,0,0,1,1,0,0,1,0",24,Belluna Dome,,,9000,GAME19980928SLKI0024
1998,1998-09-28,Reg Season,Seibu Lions,Home,W,4,Kintetsu Buffaloes,4,8,1,"0,2,0,1,0,0,0,0,1x",24,Belluna Dome,,,9000,GAME19980928SLKI0024
1998,1998-09-28,Reg Season,Yokohama BayStars,Away,L,2,Yakult Swallows,2,6,2,"0,0,0,0,0,0,0,1,1",22,Meiji Jingu Stadium,,,14000,GAME19980928YSDB0022
1998,1998-09-28,Reg Season,Yakult Swallows,Home,W,11,Yokohama BayStars,11,14,0,"1,0,4,0,1,0,5,0,x",22,Meiji Jingu Stadium,,,14000,GAME19980928YSDB0022
1998,1998-09-29,Reg Season,Chunichi Dragons,Away,W,1,Hiroshima Toyo Carp,1,6,0,"0,0,0,0,0,1,0,0,0",27,Hiroshima citizens,,,15000,GAME19980929HCCD0027
1998,1998-09-29,Reg Season,Hiroshima Toyo Carp,Home,L,0,Chunichi Dragons,0,4,1,"0,0,0,0,0,0,0,0,0",27,Hiroshima citizens,,,15000,GAME19980929HCCD0027
1998,1998-09-29,Reg Season,Yomiuri Giants,Away,W,4,Hanshin Tigers,4,9,0,"1,0,1,0,1,0,0,1,0",27,Hanshin Koshien Stadium,,,25000,GAME19980929HTYG0027
1998,1998-09-29,Reg Season,Hanshin Tigers,Home,L,3,Yomiuri Giants,3,7,1,"1,0,0,0,0,2,0,0,0",27,Hanshin Koshien Stadium,,,25000,GAME19980929HTYG0027
1998,1998-09-29,Reg Season,Kintetsu Buffaloes,Away,L,0,Chiba Lotte Marines,0,2,0,"0,0,0,0,0,0,0,0,0",27,ZOZO Marine Stadium,,,3000,GAME19980929LMKI0027
1998,1998-09-29,Reg Season,Chiba Lotte Marines,Home,W,3,Kintetsu Buffaloes,3,9,0,"0,1,1,1,0,0,0,0,x",27,ZOZO Marine Stadium,,,3000,GAME19980929LMKI0027
1998,1998-09-29,Reg Season,Seibu Lions,Away,L,2,Orix Bluewave,2,3,1,"0,0,0,0,0,1,1,0,0",24,Kobe Athletic Park Baseball Field,,,8000,GAME19980929OBSL0024
1998,1998-09-29,Reg Season,Orix Bluewave,Home,W,4,Seibu Lions,4,10,1,"0,0,0,0,0,0,0,4,x",24,Kobe Athletic Park Baseball Field,,,8000,GAME19980929OBSL0024
1998,1998-09-29,Reg Season,Yokohama BayStars,Away,W,5,Yakult Swallows,5,11,2,"0,1,0,0,1,0,0,0,3",23,Meiji Jingu Stadium,,,14000,GAME19980929YSDB0023
1998,1998-09-29,Reg Season,Yakult Swallows,Home,L,2,Yokohama BayStars,2,6,3,"0,0,0,0,1,0,1,0,0",23,Meiji Jingu Stadium,,,14000,GAME19980929YSDB0023
1998,1998-10-01,Reg Season,Yokohama BayStars,Away,W,6,Chunichi Dragons,6,11,1,"0,0,0,0,0,5,1,0,0",23,Vantelin Dome Nagoya,,,24000,GAME19981001CDDB0023
1998,1998-10-01,Reg Season,Chunichi Dragons,Home,L,2,Yokohama BayStars,2,6,1,"0,0,0,1,0,1,0,0,0",23,Vantelin Dome Nagoya,,,24000,GAME19981001CDDB0023
1998,1998-10-01,Reg Season,Yomiuri Giants,Away,L,6,Hiroshima Toyo Carp,6,6,2,"0,0,0,0,0,0,2,4,0",25,Hiroshima citizens,,,9000,GAME19981001HCYG0025
1998,1998-10-01,Reg Season,Hiroshima Toyo Carp,Home,W,7,Yomiuri Giants,7,10,0,"4,0,0,1,2,0,0,0,x",25,Hiroshima citizens,,,9000,GAME19981001HCYG0025
1998,1998-10-01,Reg Season,Yakult Swallows,Away,L,3,Hanshin Tigers,3,7,1,"0,0,0,0,0,3,0,0,0",26,Hanshin Koshien Stadium,,,5000,GAME19981001HTYS0026
1998,1998-10-01,Reg Season,Hanshin Tigers,Home,W,5,Yakult Swallows,5,8,0,"5,0,0,0,0,0,0,0,x",26,Hanshin Koshien Stadium,,,5000,GAME19981001HTYS0026
1998,1998-10-01,Reg Season,Chiba Lotte Marines,Away,L,2,Orix Bluewave,2,10,0,"0,2,0,0,0,0,0,0,0",27,Kobe Athletic Park Baseball Field,,,18000,GAME19981001OBLM0027
1998,1998-10-01,Reg Season,Orix Bluewave,Home,W,10,Chiba Lotte Marines,10,15,0,"5,0,0,0,4,0,0,1,x",27,Kobe Athletic Park Baseball Field,,,18000,GAME19981001OBLM0027
1998,1998-10-02,Reg Season,Yokohama BayStars,Away,W,5,Chunichi Dragons,5,7,0,"0,2,0,0,0,0,0,3,0",24,Vantelin Dome Nagoya,,,27500,GAME19981002CDDB0024
1998,1998-10-02,Reg Season,Chunichi Dragons,Home,L,2,Yokohama BayStars,2,6,0,"0,0,0,0,0,2,0,0,0",24,Vantelin Dome Nagoya,,,27500,GAME19981002CDDB0024
1998,1998-10-02,Reg Season,Yomiuri Giants,Away,L,3,Hiroshima Toyo Carp,3,11,1,"2,0,0,0,0,0,1,0,0",26,Hiroshima citizens,,,10000,GAME19981002HCYG0026
1998,1998-10-02,Reg Season,Hiroshima Toyo Carp,Home,W,6,Yomiuri Giants,6,9,2,"0,1,1,2,0,2,0,0,x",26,Hiroshima citizens,,,10000,GAME19981002HCYG0026
1998,1998-10-02,Reg Season,Nippon-Ham Fighters,Away,L,3,Seibu Lions,3,5,0,"0,0,0,0,0,0,3,0,0",25,Belluna Dome,,,10000,GAME19981002SLNF0025
1998,1998-10-02,Reg Season,Seibu Lions,Home,W,6,Nippon-Ham Fighters,6,10,0,"2,1,0,0,3,0,0,0,x",25,Belluna Dome,,,10000,GAME19981002SLNF0025
1998,1998-10-02,Reg Season,Nippon-Ham Fighters,Away,L,1,Seibu Lions,1,5,0,"0,0,0,0,0,0,0,0,1",26,Belluna Dome,,,20000,GAME19981002SLNF0026
1998,1998-10-02,Reg Season,Seibu Lions,Home,W,3,Nippon-Ham Fighters,3,8,0,"0,0,1,0,1,0,1,0,x",26,Belluna Dome,,,20000,GAME19981002SLNF0026
1998,1998-10-03,Reg Season,Hanshin Tigers,Away,L,1,Chunichi Dragons,1,4,1,"0,0,0,0,0,1,0,0,0",26,Vantelin Dome Nagoya,,,26000,GAME19981003CDHT0026
1998,1998-10-03,Reg Season,Chunichi Dragons,Home,W,2,Hanshin Tigers,2,4,0,"0,0,0,0,2,0,0,0,x",26,Vantelin Dome Nagoya,,,26000,GAME19981003CDHT0026
1998,1998-10-03,Reg Season,Yakult Swallows,Away,W,2,Yokohama BayStars,2,7,0,"1,0,0,0,1,0,0,0,0",24,Yokohama Stadium,,,30000,GAME19981003DBYS0024
1998,1998-10-03,Reg Season,Yokohama BayStars,Home,L,1,Yakult Swallows,1,3,0,"0,0,1,0,0,0,0,0,0",24,Yokohama Stadium,,,30000,GAME19981003DBYS0024
1998,1998-10-03,Reg Season,Fukuoka Daiei Hawks,Away,L,1,Chiba Lotte Marines,1,4,1,"0,1,0,0,0,0,0,0,0",27,ZOZO Marine Stadium,,,15000,GAME19981003LMSH0027
1998,1998-10-03,Reg Season,Chiba Lotte Marines,Home,W,7,Fukuoka Daiei Hawks,7,9,0,"1,0,1,0,0,3,0,2,x",27,ZOZO Marine Stadium,,,15000,GAME19981003LMSH0027
1998,1998-10-03,Reg Season,Kintetsu Buffaloes,Away,L,4,Orix Bluewave,4,7,0,"0,0,0,3,0,0,1,0,0",27,Kobe Athletic Park Baseball Field,,,25000,GAME19981003OBKI0027
1998,1998-10-03,Reg Season,Orix Bluewave,Home,W,6,Kintetsu Buffaloes,6,10,3,"2,0,1,0,0,0,3,0,x",27,Kobe Athletic Park Baseball Field,,,25000,GAME19981003OBKI0027
1998,1998-10-03,Reg Season,Nippon-Ham Fighters,Away,T,1,Seibu Lions,1,5,1,"0,0,0,0,0,1,0,0,0,0,0,0",27,Belluna Dome,,,26000,GAME19981003SLNF0027
1998,1998-10-03,Reg Season,Seibu Lions,Home,T,1,Nippon-Ham Fighters,1,7,0,"0,0,1,0,0,0,0,0,0,0,0,0",27,Belluna Dome,,,26000,GAME19981003SLNF0027
1998,1998-10-03,Reg Season,Hiroshima Toyo Carp,Away,L,4,Yomiuri Giants,4,9,0,"1,0,0,0,0,3,0,0,0",27,Tokyo Dome,,,55000,GAME19981003YGHC0027
1998,1998-10-03,Reg Season,Yomiuri Giants,Home,W,7,Hiroshima Toyo Carp,7,10,1,"3,3,0,0,0,0,0,1,x",27,Tokyo Dome,,,55000,GAME19981003YGHC0027
1998,1998-10-04,Reg Season,Yakult Swallows,Away,W,8,Yokohama BayStars,8,10,1,"4,2,0,0,1,0,0,1,0",25,Yokohama Stadium,,,30000,GAME19981004DBYS0025
1998,1998-10-04,Reg Season,Yokohama BayStars,Home,L,4,Yakult Swallows,4,9,0,"0,0,0,0,0,0,3,1,0",25,Yokohama Stadium,,,30000,GAME19981004DBYS0025
1998,1998-10-04,Reg Season,Hiroshima Toyo Carp,Away,W,3,Hanshin Tigers,3,9,0,"0,0,2,0,0,1,0,0,0",26,Hanshin Koshien Stadium,,,12000,GAME19981004HTHC0026
1998,1998-10-04,Reg Season,Hanshin Tigers,Home,L,1,Hiroshima Toyo Carp,1,4,0,"0,1,0,0,0,0,0,0,0",26,Hanshin Koshien Stadium,,,12000,GAME19981004HTHC0026
1998,1998-10-04,Reg Season,Fukuoka Daiei Hawks,Away,L,0,Seibu Lions,0,10,2,"0,0,0,0,0,0,0,0,0",27,Belluna Dome,,,32000,GAME19981004SLSH0027
1998,1998-10-04,Reg Season,Seibu Lions,Home,W,5,Fukuoka Daiei Hawks,5,9,0,"2,0,0,0,0,0,1,2,x",27,Belluna Dome,,,32000,GAME19981004SLSH0027
1998,1998-10-05,Reg Season,Yakult Swallows,Away,W,4,Yokohama BayStars,4,8,0,"1,0,0,2,0,0,1,0,0",26,Yokohama Stadium,,,24000,GAME19981005DBYS0026
1998,1998-10-05,Reg Season,Yokohama BayStars,Home,L,1,Yakult Swallows,1,4,0,"0,0,0,1,0,0,0,0,0",26,Yokohama Stadium,,,24000,GAME19981005DBYS0026
1998,1998-10-05,Reg Season,Hiroshima Toyo Carp,Away,L,2,Hanshin Tigers,2,6,2,"0,0,0,0,1,0,1,0,0",27,Hanshin Koshien Stadium,,,5000,GAME19981005HTHC0027
1998,1998-10-05,Reg Season,Hanshin Tigers,Home,W,5,Hiroshima Toyo Carp,5,8,0,"0,0,1,0,4,0,0,0,x",27,Hanshin Koshien Stadium,,,5000,GAME19981005HTHC0027
1998,1998-10-06,Reg Season,Yakult Swallows,Away,L,1,Yokohama BayStars,1,9,0,"1,0,0,0,0,0,0,0,0",27,Yokohama Stadium,,,24000,GAME19981006DBYS0027
1998,1998-10-06,Reg Season,Yokohama BayStars,Home,W,4,Yakult Swallows,4,6,0,"0,0,0,4,0,0,0,0,x",27,Yokohama Stadium,,,24000,GAME19981006DBYS0027
1998,1998-10-06,Reg Season,Nippon-Ham Fighters,Away,W,3,Chiba Lotte Marines,3,8,0,"0,3,0,0,0,0,0,0,0",25,ZOZO Marine Stadium,,,3000,GAME19981006LMNF0025
1998,1998-10-06,Reg Season,Chiba Lotte Marines,Home,L,1,Nippon-Ham Fighters,1,6,0,"0,0,0,0,0,0,1,0,0",25,ZOZO Marine Stadium,,,3000,GAME19981006LMNF0025
1998,1998-10-06,Reg Season,Kintetsu Buffaloes,Away,L,3,Seibu Lions,3,7,2,"0,0,3,0,0,0,0,0,0",25,Belluna Dome,,,8000,GAME19981006SLKI0025
1998,1998-10-06,Reg Season,Seibu Lions,Home,W,7,Kintetsu Buffaloes,7,12,0,"0,3,0,2,0,0,0,2,x",25,Belluna Dome,,,8000,GAME19981006SLKI0025
1998,1998-10-07,Reg Season,Nippon-Ham Fighters,Away,L,2,Chiba Lotte Marines,2,10,0,"0,1,0,0,0,0,0,0,1",26,ZOZO Marine Stadium,,,4000,GAME19981007LMNF0026
1998,1998-10-07,Reg Season,Chiba Lotte Marines,Home,W,3,Nippon-Ham Fighters,3,8,1,"1,1,0,0,1,0,0,0,x",26,ZOZO Marine Stadium,,,4000,GAME19981007LMNF0026
1998,1998-10-07,Reg Season,Nippon-Ham Fighters,Away,L,1,Chiba Lotte Marines,1,4,0,"0,0,0,0,1,0,0,0,0",27,ZOZO Marine Stadium,,,6000,GAME19981007LMNF0027
1998,1998-10-07,Reg Season,Chiba Lotte Marines,Home,W,5,Nippon-Ham Fighters,5,14,0,"3,0,1,0,1,0,0,0,x",27,ZOZO Marine Stadium,,,6000,GAME19981007LMNF0027
1998,1998-10-07,Reg Season,Kintetsu Buffaloes,Away,W,6,Seibu Lions,6,14,1,"0,0,0,1,4,0,0,1,0",26,Belluna Dome,,,18000,GAME19981007SLKI0026
1998,1998-10-07,Reg Season,Seibu Lions,Home,L,5,Kintetsu Buffaloes,5,7,1,"2,2,0,0,0,1,0,0,0",26,Belluna Dome,,,18000,GAME19981007SLKI0026
1998,1998-10-07,Reg Season,Kintetsu Buffaloes,Away,L,2,Seibu Lions,2,6,0,"0,0,0,1,0,0,0,1,0",27,Belluna Dome,,,34000,GAME19981007SLKI0027
1998,1998-10-07,Reg Season,Seibu Lions,Home,W,5,Kintetsu Buffaloes,5,8,0,"1,0,0,0,2,0,0,2,x",27,Belluna Dome,,,34000,GAME19981007SLKI0027
1998,1998-10-07,Reg Season,Chunichi Dragons,Away,L,3,Yakult Swallows,3,3,1,"0,0,0,0,0,3,0,0,0",26,Meiji Jingu Stadium,,,5000,GAME19981007YSCD0026
1998,1998-10-07,Reg Season,Yakult Swallows,Home,W,5,Chunichi Dragons,5,8,0,"1,0,0,0,1,0,0,3,x",26,Meiji Jingu Stadium,,,5000,GAME19981007YSCD0026
1998,1998-10-08,Reg Season,Yokohama BayStars,Away,W,4,Hanshin Tigers,4,9,1,"1,0,1,0,0,0,0,2,0",27,Hanshin Koshien Stadium,,,36000,GAME19981008HTDB0027
1998,1998-10-08,Reg Season,Hanshin Tigers,Home,L,3,Yokohama BayStars,3,6,1,"2,0,0,1,0,0,0,0,0",27,Hanshin Koshien Stadium,,,36000,GAME19981008HTDB0027
1998,1998-10-08,Reg Season,Orix Bluewave,Away,W,6,Seibu Lions,6,10,2,"2,0,1,0,1,2,0,0,0",25,Belluna Dome,,,9000,GAME19981008SLOB0025
1998,1998-10-08,Reg Season,Seibu Lions,Home,L,5,Orix Bluewave,5,10,0,"3,0,0,1,1,0,0,0,0",25,Belluna Dome,,,9000,GAME19981008SLOB0025
1998,1998-10-08,Reg Season,Chunichi Dragons,Away,W,7,Yakult Swallows,7,10,0,"0,0,3,3,0,0,1,0,0",27,Meiji Jingu Stadium,,,12000,GAME19981008YSCD0027
1998,1998-10-08,Reg Season,Yakult Swallows,Home,L,1,Chunichi Dragons,1,9,0,"0,0,0,0,0,0,1,0,0",27,Meiji Jingu Stadium,,,12000,GAME19981008YSCD0027
1998,1998-10-09,Reg Season,Chunichi Dragons,Away,W,7,Yokohama BayStars,7,7,0,"0,1,0,0,5,0,0,1,0",25,Yokohama Stadium,,,30000,GAME19981009DBCD0025
1998,1998-10-09,Reg Season,Yokohama BayStars,Home,L,2,Chunichi Dragons,2,9,2,"0,2,0,0,0,0,0,0,0",25,Yokohama Stadium,,,30000,GAME19981009DBCD0025
1998,1998-10-09,Reg Season,Orix Bluewave,Away,L,1,Seibu Lions,1,9,2,"0,0,0,1,0,0,0,0,0",26,Belluna Dome,,,8000,GAME19981009SLOB0026
1998,1998-10-09,Reg Season,Seibu Lions,Home,W,3,Orix Bluewave,3,9,1,"0,2,1,0,0,0,0,0,x",26,Belluna Dome,,,8000,GAME19981009SLOB0026
1998,1998-10-09,Reg Season,Orix Bluewave,Away,L,2,Seibu Lions,2,5,2,"0,0,0,0,0,0,1,0,1",27,Belluna Dome,,,19000,GAME19981009SLOB0027
1998,1998-10-09,Reg Season,Seibu Lions,Home,W,6,Orix Bluewave,6,9,1,"0,0,0,0,0,2,4,0,x",27,Belluna Dome,,,19000,GAME19981009SLOB0027
1998,1998-10-09,Reg Season,Hanshin Tigers,Away,L,2,Yakult Swallows,2,7,0,"0,0,0,0,0,1,0,0,1",27,Meiji Jingu Stadium,,,28000,GAME19981009YSHT0027
1998,1998-10-09,Reg Season,Yakult Swallows,Home,W,5,Hanshin Tigers,5,5,1,"2,0,0,0,0,2,1,0,x",27,Meiji Jingu Stadium,,,28000,GAME19981009YSHT0027
1998,1998-10-10,Reg Season,Chunichi Dragons,Away,L,1,Yokohama BayStars,1,4,0,"1,0,0,0,0,0,0,0,0",26,Yokohama Stadium,,,29000,GAME19981010DBCD0026
1998,1998-10-10,Reg Season,Yokohama BayStars,Home,W,2,Chunichi Dragons,2,3,0,"1,0,0,1,0,0,0,0,x",26,Yokohama Stadium,,,29000,GAME19981010DBCD0026
1998,1998-10-10,Reg Season,Chunichi Dragons,Away,W,5,Yokohama BayStars,5,7,0,"1,0,0,1,3,0,0,0,0",27,Yokohama Stadium,,,30000,GAME19981010DBCD0027
1998,1998-10-10,Reg Season,Yokohama BayStars,Home,L,4,Chunichi Dragons,4,15,0,"1,0,0,0,2,0,0,0,1",27,Yokohama Stadium,,,30000,GAME19981010DBCD0027
1998,1998-10-10,Reg Season,Chiba Lotte Marines,Away,W,4,Seibu Lions,4,10,0,"0,0,0,0,4,0,0,0,0",25,Belluna Dome,,,31000,GAME19981010SLLM0025
1998,1998-10-10,Reg Season,Seibu Lions,Home,L,2,Chiba Lotte Marines,2,8,0,"0,0,0,0,2,0,0,0,0",25,Belluna Dome,,,31000,GAME19981010SLLM0025
1998,1998-10-11,Reg Season,Chunichi Dragons,Away,W,4,Yokohama BayStars,4,11,0,"0,0,1,1,1,0,0,1,0",28,Yokohama Stadium,,,29000,GAME19981011DBCD0028
1998,1998-10-11,Reg Season,Yokohama BayStars,Home,L,3,Chunichi Dragons,3,6,0,"0,0,0,0,0,1,0,2,0",28,Yokohama Stadium,,,29000,GAME19981011DBCD0028
1998,1998-10-11,Reg Season,Chiba Lotte Marines,Away,W,11,Seibu Lions,11,16,1,"0,0,5,0,5,0,1,0,0",26,Belluna Dome,,,32000,GAME19981011SLLM0026
1998,1998-10-11,Reg Season,Seibu Lions,Home,L,2,Chiba Lotte Marines,2,6,1,"0,1,0,0,0,0,1,0,0",26,Belluna Dome,,,32000,GAME19981011SLLM0026
1998,1998-10-12,Reg Season,Hiroshima Toyo Carp,Away,W,4,Yokohama BayStars,4,9,0,"0,4,0,0,0,0,0,0,0",27,Yokohama Stadium,,,27000,GAME19981012DBHC0027
1998,1998-10-12,Reg Season,Yokohama BayStars,Home,L,0,Hiroshima Toyo Carp,0,9,0,"0,0,0,0,0,0,0,0,0",27,Yokohama Stadium,,,27000,GAME19981012DBHC0027
1998,1998-10-12,Reg Season,Chunichi Dragons,Away,L,2,Hanshin Tigers,2,7,0,"0,1,0,0,1,0,0,0,0",27,Hanshin Koshien Stadium,,,5000,GAME19981012HTCD0027
1998,1998-10-12,Reg Season,Hanshin Tigers,Home,W,4,Chunichi Dragons,4,6,1,"1,0,2,1,0,0,0,0,x",27,Hanshin Koshien Stadium,,,5000,GAME19981012HTCD0027
1998,1998-10-12,Reg Season,Chiba Lotte Marines,Away,W,5,Seibu Lions,5,12,1,"3,0,0,1,0,0,0,0,1",27,Belluna Dome,,,26000,GAME19981012SLLM0027
1998,1998-10-12,Reg Season,Seibu Lions,Home,L,4,Chiba Lotte Marines,4,10,1,"0,1,0,0,0,0,3,0,0",27,Belluna Dome,,,26000,GAME19981012SLLM0027
