Season,Date,GameType,Team,HomeAway,Result,Score,Other Team,R,H,E,Box Score,Matchup,Ballpark,Game Start,Game Length,Audience,GameID
2001,2001-03-24,Reg Season,Osaka Kintetsu Buffaloes,Away,W,10,Nippon-Ham Fighters,10,13,0,"0,1,0,1,4,0,3,1,0",1,Tokyo Dome,,,38000,GAME20010324NFKI0001
2001,2001-03-24,Reg Season,Nippon-Ham Fighters,Home,L,9,Osaka Kintetsu Buffaloes,9,12,0,"5,1,0,0,0,0,1,0,2",1,Tokyo Dome,,,38000,GAME20010324NFKI0001
2001,2001-03-24,Reg Season,Orix Bluewave,Away,W,6,Fukuoka Daiei Hawks,6,9,3,"2,1,0,0,0,0,2,1,0",1,Mizuho PayPay Dome Fukuoka,,,48000,GAME20010324SHOB0001
2001,2001-03-24,Reg Season,Fukuoka Daiei Hawks,Home,L,2,Orix Bluewave,2,7,0,"1,0,0,0,1,0,0,0,0",1,Mizuho PayPay Dome Fukuoka,,,48000,GAME20010324SHOB0001
2001,2001-03-24,Reg Season,Chiba Lotte Marines,Away,W,6,Seibu Lions,6,7,0,"0,2,2,0,0,2,0,0,0",1,Belluna Dome,,,50000,GAME20010324SLLM0001
2001,2001-03-24,Reg Season,Seibu Lions,Home,L,3,Chiba Lotte Marines,3,4,1,"3,0,0,0,0,0,0,0,0",1,Belluna Dome,,,50000,GAME20010324SLLM0001
2001,2001-03-25,Reg Season,Osaka Kintetsu Buffaloes,Away,W,4,Nippon-Ham Fighters,4,7,0,"0,1,0,1,1,0,1,0,0",2,Tokyo Dome,,,22000,GAME20010325NFKI0002
2001,2001-03-25,Reg Season,Nippon-Ham Fighters,Home,L,1,Osaka Kintetsu Buffaloes,1,5,0,"0,0,0,0,0,0,0,1,0",2,Tokyo Dome,,,22000,GAME20010325NFKI0002
2001,2001-03-25,Reg Season,Orix Bluewave,Away,L,0,Fukuoka Daiei Hawks,0,8,1,"0,0,0,0,0,0,0,0,0",2,Mizuho PayPay Dome Fukuoka,,,47000,GAME20010325SHOB0002
2001,2001-03-25,Reg Season,Fukuoka Daiei Hawks,Home,W,4,Orix Bluewave,4,8,0,"0,0,0,2,2,0,0,0,x",2,Mizuho PayPay Dome Fukuoka,,,47000,GAME20010325SHOB0002
2001,2001-03-25,Reg Season,Chiba Lotte Marines,Away,W,6,Seibu Lions,6,9,2,"2,0,1,0,0,2,0,1,0",2,Belluna Dome,,,21000,GAME20010325SLLM0002
2001,2001-03-25,Reg Season,Seibu Lions,Home,L,1,Chiba Lotte Marines,1,6,1,"0,0,0,1,0,0,0,0,0",2,Belluna Dome,,,21000,GAME20010325SLLM0002
2001,2001-03-27,Reg Season,Fukuoka Daiei Hawks,Away,W,4,Osaka Kintetsu Buffaloes,4,9,0,"0,0,1,0,3,0,0,0,0",1,Kyocera Dome Osaka,,,22000,GAME20010327KISH0001
2001,2001-03-27,Reg Season,Osaka Kintetsu Buffaloes,Home,L,0,Fukuoka Daiei Hawks,0,7,1,"0,0,0,0,0,0,0,0,0",1,Kyocera Dome Osaka,,,22000,GAME20010327KISH0001
2001,2001-03-27,Reg Season,Nippon-Ham Fighters,Away,W,3,Chiba Lotte Marines,3,9,0,"0,0,0,0,0,0,2,0,1",1,ZOZO Marine Stadium,,,24000,GAME20010327LMNF0001
2001,2001-03-27,Reg Season,Chiba Lotte Marines,Home,L,2,Nippon-Ham Fighters,2,2,0,"0,0,1,1,0,0,0,0,0",1,ZOZO Marine Stadium,,,24000,GAME20010327LMNF0001
2001,2001-03-27,Reg Season,Seibu Lions,Away,W,10,Orix Bluewave,10,17,0,"0,5,2,0,0,3,0,0,0",1,Kobe Athletic Park Baseball Field,,,18000,GAME20010327OBSL0001
2001,2001-03-27,Reg Season,Orix Bluewave,Home,L,5,Seibu Lions,5,7,0,"0,0,0,0,4,0,0,0,1",1,Kobe Athletic Park Baseball Field,,,18000,GAME20010327OBSL0001
2001,2001-03-28,Reg Season,Fukuoka Daiei Hawks,Away,W,7,Osaka Kintetsu Buffaloes,7,14,0,"0,0,3,0,0,0,3,1,0",2,Kyocera Dome Osaka,,,17000,GAME20010328KISH0002
2001,2001-03-28,Reg Season,Osaka Kintetsu Buffaloes,Home,L,4,Fukuoka Daiei Hawks,4,9,0,"0,0,0,0,0,0,0,4,0",2,Kyocera Dome Osaka,,,17000,GAME20010328KISH0002
2001,2001-03-28,Reg Season,Nippon-Ham Fighters,Away,T,2,Chiba Lotte Marines,2,6,2,"0,0,0,0,0,0,1,1,0,0,0,0",2,ZOZO Marine Stadium,,,10000,GAME20010328LMNF0002
2001,2001-03-28,Reg Season,Chiba Lotte Marines,Home,T,2,Nippon-Ham Fighters,2,7,0,"0,0,0,1,1,0,0,0,0,0,0,0",2,ZOZO Marine Stadium,,,10000,GAME20010328LMNF0002
2001,2001-03-28,Reg Season,Seibu Lions,Away,L,9,Orix Bluewave,9,11,2,"2,1,0,0,1,1,0,0,1,3",2,Kobe Athletic Park Baseball Field,,,11000,GAME20010328OBSL0002
2001,2001-03-28,Reg Season,Orix Bluewave,Home,W,10,Seibu Lions,10,16,1,"2,1,2,0,0,0,1,0,0,4x",2,Kobe Athletic Park Baseball Field,,,11000,GAME20010328OBSL0002
2001,2001-03-30,Reg Season,Hiroshima Toyo Carp,Away,L,1,Chunichi Dragons,1,6,0,"1,0,0,0,0,0,0,0,0",1,Vantelin Dome Nagoya,,,40500,GAME20010330CDHC0001
2001,2001-03-30,Reg Season,Chunichi Dragons,Home,W,5,Hiroshima Toyo Carp,5,13,0,"1,0,1,0,0,0,1,2,x",1,Vantelin Dome Nagoya,,,40500,GAME20010330CDHC0001
2001,2001-03-30,Reg Season,Yakult Swallows,Away,W,6,Yokohama BayStars,6,8,1,"2,2,0,1,1,0,0,0,0",1,Yokohama Stadium,,,30000,GAME20010330DBYS0001
2001,2001-03-30,Reg Season,Yokohama BayStars,Home,L,4,Yakult Swallows,4,7,0,"0,0,0,0,0,0,0,0,4",1,Yokohama Stadium,,,30000,GAME20010330DBYS0001
2001,2001-03-30,Reg Season,Orix Bluewave,Away,L,0,Chiba Lotte Marines,0,3,0,"0,0,0,0,0,0,0,0,0",1,ZOZO Marine Stadium,,,9000,GAME20010330LMOB0001
2001,2001-03-30,Reg Season,Chiba Lotte Marines,Home,W,4,Orix Bluewave,4,6,0,"1,0,0,1,0,1,1,0,x",1,ZOZO Marine Stadium,,,9000,GAME20010330LMOB0001
2001,2001-03-30,Reg Season,Nippon-Ham Fighters,Away,L,5,Fukuoka Daiei Hawks,5,10,0,"0,0,4,0,0,0,0,1,0",1,Mizuho PayPay Dome Fukuoka,,,42000,GAME20010330SHNF0001
2001,2001-03-30,Reg Season,Fukuoka Daiei Hawks,Home,W,6,Nippon-Ham Fighters,6,8,0,"1,0,0,1,0,4,0,0,x",1,Mizuho PayPay Dome Fukuoka,,,42000,GAME20010330SHNF0001
2001,2001-03-30,Reg Season,Osaka Kintetsu Buffaloes,Away,W,2,Seibu Lions,2,4,0,"0,0,0,0,0,1,1,0,0",1,Belluna Dome,,,11000,GAME20010330SLKI0001
2001,2001-03-30,Reg Season,Seibu Lions,Home,L,1,Osaka Kintetsu Buffaloes,1,7,0,"0,0,0,0,1,0,0,0,0",1,Belluna Dome,,,11000,GAME20010330SLKI0001
2001,2001-03-30,Reg Season,Hanshin Tigers,Away,L,3,Yomiuri Giants,3,7,1,"0,0,1,2,0,0,0,0,0",1,Tokyo Dome,,,55000,GAME20010330YGHT0001
2001,2001-03-30,Reg Season,Yomiuri Giants,Home,W,17,Hanshin Tigers,17,13,2,"0,4,3,2,3,0,0,5,x",1,Tokyo Dome,,,55000,GAME20010330YGHT0001
2001,2001-03-31,Reg Season,Hiroshima Toyo Carp,Away,L,2,Chunichi Dragons,2,8,2,"0,0,0,2,0,0,0,0,0",2,Vantelin Dome Nagoya,,,40500,GAME20010331CDHC0002
2001,2001-03-31,Reg Season,Chunichi Dragons,Home,W,3,Hiroshima Toyo Carp,3,6,0,"0,0,0,1,0,0,0,1,1x",2,Vantelin Dome Nagoya,,,40500,GAME20010331CDHC0002
2001,2001-03-31,Reg Season,Nippon-Ham Fighters,Away,W,1,Fukuoka Daiei Hawks,1,8,0,"0,0,0,1,0,0,0,0,0",2,Mizuho PayPay Dome Fukuoka,,,45000,GAME20010331SHNF0002
2001,2001-03-31,Reg Season,Fukuoka Daiei Hawks,Home,L,0,Nippon-Ham Fighters,0,2,0,"0,0,0,0,0,0,0,0,0",2,Mizuho PayPay Dome Fukuoka,,,45000,GAME20010331SHNF0002
2001,2001-03-31,Reg Season,Osaka Kintetsu Buffaloes,Away,L,7,Seibu Lions,7,12,2,"4,0,0,0,1,0,2,0,0,0,0",2,Belluna Dome,,,13000,GAME20010331SLKI0002
2001,2001-03-31,Reg Season,Seibu Lions,Home,W,8,Osaka Kintetsu Buffaloes,8,12,0,"0,1,2,0,0,0,2,1,1,0,1x",2,Belluna Dome,,,13000,GAME20010331SLKI0002
2001,2001-03-31,Reg Season,Hanshin Tigers,Away,W,9,Yomiuri Giants,9,13,1,"0,0,3,1,3,2,0,0,0",2,Tokyo Dome,,,55000,GAME20010331YGHT0002
2001,2001-03-31,Reg Season,Yomiuri Giants,Home,L,7,Hanshin Tigers,7,11,0,"1,0,3,1,0,1,0,0,1",2,Tokyo Dome,,,55000,GAME20010331YGHT0002
2001,2001-04-01,Reg Season,Hiroshima Toyo Carp,Away,W,7,Chunichi Dragons,7,12,0,"1,0,1,0,1,0,4,0,0",3,Vantelin Dome Nagoya,,,38000,GAME20010401CDHC0003
2001,2001-04-01,Reg Season,Chunichi Dragons,Home,L,2,Hiroshima Toyo Carp,2,8,0,"0,0,0,0,0,1,0,1,0",3,Vantelin Dome Nagoya,,,38000,GAME20010401CDHC0003
2001,2001-04-01,Reg Season,Yakult Swallows,Away,L,0,Yokohama BayStars,0,5,1,"0,0,0,0,0,0,0,0,0",2,Yokohama Stadium,,,27000,GAME20010401DBYS0002
2001,2001-04-01,Reg Season,Yokohama BayStars,Home,W,3,Yakult Swallows,3,8,0,"0,2,0,0,1,0,0,0,x",2,Yokohama Stadium,,,27000,GAME20010401DBYS0002
2001,2001-04-01,Reg Season,Orix Bluewave,Away,W,9,Chiba Lotte Marines,9,12,1,"0,6,0,3,0,0,0,0,0",2,ZOZO Marine Stadium,,,21000,GAME20010401LMOB0002
2001,2001-04-01,Reg Season,Chiba Lotte Marines,Home,L,6,Orix Bluewave,6,9,1,"3,0,1,0,0,0,2,0,0",2,ZOZO Marine Stadium,,,21000,GAME20010401LMOB0002
2001,2001-04-01,Reg Season,Nippon-Ham Fighters,Away,W,7,Fukuoka Daiei Hawks,7,11,0,"3,0,3,0,0,0,1,0,0",3,Mizuho PayPay Dome Fukuoka,,,47000,GAME20010401SHNF0003
2001,2001-04-01,Reg Season,Fukuoka Daiei Hawks,Home,L,5,Nippon-Ham Fighters,5,10,2,"0,0,3,0,0,0,2,0,0",3,Mizuho PayPay Dome Fukuoka,,,47000,GAME20010401SHNF0003
2001,2001-04-01,Reg Season,Osaka Kintetsu Buffaloes,Away,W,8,Seibu Lions,8,11,0,"1,0,0,0,0,0,3,0,4",3,Belluna Dome,,,17000,GAME20010401SLKI0003
2001,2001-04-01,Reg Season,Seibu Lions,Home,L,1,Osaka Kintetsu Buffaloes,1,5,2,"0,0,0,0,0,0,1,0,0",3,Belluna Dome,,,17000,GAME20010401SLKI0003
2001,2001-04-01,Reg Season,Hanshin Tigers,Away,L,5,Yomiuri Giants,5,10,1,"0,2,0,0,0,0,0,3,0",3,Tokyo Dome,,,55000,GAME20010401YGHT0003
2001,2001-04-01,Reg Season,Yomiuri Giants,Home,W,6,Hanshin Tigers,6,9,1,"1,0,0,0,0,0,3,2,x",3,Tokyo Dome,,,55000,GAME20010401YGHT0003
2001,2001-04-02,Reg Season,Chiba Lotte Marines,Away,L,2,Osaka Kintetsu Buffaloes,2,6,1,"1,0,1,0,0,0,0,0,0",1,Kyocera Dome Osaka,,,12000,GAME20010402KILM0001
2001,2001-04-02,Reg Season,Osaka Kintetsu Buffaloes,Home,W,3,Chiba Lotte Marines,3,9,0,"0,1,0,0,0,0,2,0,x",1,Kyocera Dome Osaka,,,12000,GAME20010402KILM0001
2001,2001-04-02,Reg Season,Nippon-Ham Fighters,Away,W,6,Orix Bluewave,6,11,0,"0,0,4,0,2,0,0,0,0",1,Kobe Athletic Park Baseball Field,,,9000,GAME20010402OBNF0001
2001,2001-04-02,Reg Season,Orix Bluewave,Home,L,2,Nippon-Ham Fighters,2,10,2,"0,0,1,0,1,0,0,0,0",1,Kobe Athletic Park Baseball Field,,,9000,GAME20010402OBNF0001
2001,2001-04-02,Reg Season,Fukuoka Daiei Hawks,Away,L,4,Seibu Lions,4,7,0,"0,0,0,0,2,2,0,0,0",1,Belluna Dome,,,15000,GAME20010402SLSH0001
2001,2001-04-02,Reg Season,Seibu Lions,Home,W,6,Fukuoka Daiei Hawks,6,10,1,"2,2,2,0,0,0,0,0,x",1,Belluna Dome,,,15000,GAME20010402SLSH0001
2001,2001-04-03,Reg Season,Chunichi Dragons,Away,L,1,Yokohama BayStars,1,3,1,"0,0,1,0,0,0,0,0,0",1,Yokohama Stadium,,,18000,GAME20010403DBCD0001
2001,2001-04-03,Reg Season,Yokohama BayStars,Home,W,8,Chunichi Dragons,8,14,0,"1,0,2,0,2,0,0,3,x",1,Yokohama Stadium,,,18000,GAME20010403DBCD0001
2001,2001-04-03,Reg Season,Hanshin Tigers,Away,W,3,Hiroshima Toyo Carp,3,5,0,"2,1,0,0,0,0,0,0,0",1,Hiroshima citizens,,,14000,GAME20010403HCHT0001
2001,2001-04-03,Reg Season,Hiroshima Toyo Carp,Home,L,1,Hanshin Tigers,1,5,1,"0,0,0,0,0,0,0,1,0",1,Hiroshima citizens,,,14000,GAME20010403HCHT0001
2001,2001-04-03,Reg Season,Chiba Lotte Marines,Away,W,6,Osaka Kintetsu Buffaloes,6,12,1,"0,0,1,0,1,0,0,4,0",2,Kyocera Dome Osaka,,,12000,GAME20010403KILM0002
2001,2001-04-03,Reg Season,Osaka Kintetsu Buffaloes,Home,L,3,Chiba Lotte Marines,3,7,0,"0,0,0,0,0,2,0,1,0",2,Kyocera Dome Osaka,,,12000,GAME20010403KILM0002
2001,2001-04-03,Reg Season,Nippon-Ham Fighters,Away,L,3,Orix Bluewave,3,10,0,"0,0,1,0,2,0,0,0,0",2,Kobe Athletic Park Baseball Field,,,8000,GAME20010403OBNF0002
2001,2001-04-03,Reg Season,Orix Bluewave,Home,W,6,Nippon-Ham Fighters,6,8,1,"1,0,0,0,1,1,0,3,x",2,Kobe Athletic Park Baseball Field,,,8000,GAME20010403OBNF0002
2001,2001-04-03,Reg Season,Fukuoka Daiei Hawks,Away,L,3,Seibu Lions,3,9,2,"0,0,1,0,0,0,0,2,0",2,Belluna Dome,,,14000,GAME20010403SLSH0002
2001,2001-04-03,Reg Season,Seibu Lions,Home,W,10,Fukuoka Daiei Hawks,10,14,0,"0,2,0,4,1,2,0,1,x",2,Belluna Dome,,,14000,GAME20010403SLSH0002
2001,2001-04-03,Reg Season,Yomiuri Giants,Away,W,4,Yakult Swallows,4,7,0,"0,1,0,2,1,0,0,0,0",1,Meiji Jingu Stadium,,,34000,GAME20010403YSYG0001
2001,2001-04-03,Reg Season,Yakult Swallows,Home,L,3,Yomiuri Giants,3,7,0,"0,0,0,1,2,0,0,0,0",1,Meiji Jingu Stadium,,,34000,GAME20010403YSYG0001
2001,2001-04-04,Reg Season,Chunichi Dragons,Away,W,10,Yokohama BayStars,10,12,0,"0,1,0,5,0,0,3,0,1",2,Yokohama Stadium,,,16000,GAME20010404DBCD0002
2001,2001-04-04,Reg Season,Yokohama BayStars,Home,L,0,Chunichi Dragons,0,5,0,"0,0,0,0,0,0,0,0,0",2,Yokohama Stadium,,,16000,GAME20010404DBCD0002
2001,2001-04-04,Reg Season,Hanshin Tigers,Away,L,1,Hiroshima Toyo Carp,1,4,3,"0,0,0,0,0,0,0,0,1",2,Hiroshima citizens,,,10000,GAME20010404HCHT0002
2001,2001-04-04,Reg Season,Hiroshima Toyo Carp,Home,W,2,Hanshin Tigers,2,9,0,"0,1,1,0,0,0,0,0,x",2,Hiroshima citizens,,,10000,GAME20010404HCHT0002
2001,2001-04-04,Reg Season,Chiba Lotte Marines,Away,W,1,Osaka Kintetsu Buffaloes,1,4,0,"0,0,0,1,0,0,0,0,0",3,Kyocera Dome Osaka,,,12000,GAME20010404KILM0003
2001,2001-04-04,Reg Season,Osaka Kintetsu Buffaloes,Home,L,0,Chiba Lotte Marines,0,2,0,"0,0,0,0,0,0,0,0,0",3,Kyocera Dome Osaka,,,12000,GAME20010404KILM0003
2001,2001-04-04,Reg Season,Nippon-Ham Fighters,Away,L,2,Orix Bluewave,2,7,2,"0,0,1,0,0,0,0,1,0",3,Kobe Athletic Park Baseball Field,,,9000,GAME20010404OBNF0003
2001,2001-04-04,Reg Season,Orix Bluewave,Home,W,6,Nippon-Ham Fighters,6,9,0,"0,0,0,2,0,0,4,0,x",3,Kobe Athletic Park Baseball Field,,,9000,GAME20010404OBNF0003
2001,2001-04-04,Reg Season,Fukuoka Daiei Hawks,Away,L,1,Seibu Lions,1,4,0,"0,0,0,0,0,0,0,0,1",3,Belluna Dome,,,23000,GAME20010404SLSH0003
2001,2001-04-04,Reg Season,Seibu Lions,Home,W,10,Fukuoka Daiei Hawks,10,12,0,"0,2,4,0,3,0,1,0,x",3,Belluna Dome,,,23000,GAME20010404SLSH0003
2001,2001-04-04,Reg Season,Yomiuri Giants,Away,L,5,Yakult Swallows,5,7,2,"0,0,0,1,0,0,3,0,1",2,Meiji Jingu Stadium,,,32000,GAME20010404YSYG0002
2001,2001-04-04,Reg Season,Yakult Swallows,Home,W,10,Yomiuri Giants,10,13,0,"0,0,0,2,0,2,1,5,x",2,Meiji Jingu Stadium,,,32000,GAME20010404YSYG0002
2001,2001-04-05,Reg Season,Chunichi Dragons,Away,W,4,Yokohama BayStars,4,6,1,"0,0,0,0,0,0,1,3,0",3,Yokohama Stadium,,,16000,GAME20010405DBCD0003
2001,2001-04-05,Reg Season,Yokohama BayStars,Home,L,2,Chunichi Dragons,2,11,0,"0,1,0,0,0,1,0,0,0",3,Yokohama Stadium,,,16000,GAME20010405DBCD0003
2001,2001-04-05,Reg Season,Hanshin Tigers,Away,W,7,Hiroshima Toyo Carp,7,11,1,"2,0,0,0,1,3,1,0,0",3,Hiroshima citizens,,,10000,GAME20010405HCHT0003
2001,2001-04-05,Reg Season,Hiroshima Toyo Carp,Home,L,4,Hanshin Tigers,4,7,1,"1,0,0,0,0,0,0,0,3",3,Hiroshima citizens,,,10000,GAME20010405HCHT0003
2001,2001-04-05,Reg Season,Yomiuri Giants,Away,L,5,Yakult Swallows,5,9,0,"1,1,2,0,1,0,0,0,0",3,Meiji Jingu Stadium,,,36000,GAME20010405YSYG0003
2001,2001-04-05,Reg Season,Yakult Swallows,Home,W,12,Yomiuri Giants,12,18,1,"0,0,4,6,0,1,0,1,x",3,Meiji Jingu Stadium,,,36000,GAME20010405YSYG0003
2001,2001-04-06,Reg Season,Yomiuri Giants,Away,W,9,Hiroshima Toyo Carp,9,16,0,"2,0,0,1,0,1,4,0,1",1,Hiroshima citizens,,,12000,GAME20010406HCYG0001
2001,2001-04-06,Reg Season,Hiroshima Toyo Carp,Home,L,3,Yomiuri Giants,3,8,0,"0,2,1,0,0,0,0,0,0",1,Hiroshima citizens,,,12000,GAME20010406HCYG0001
2001,2001-04-06,Reg Season,Yokohama BayStars,Away,L,1,Hanshin Tigers,1,7,0,"0,0,0,0,1,0,0,0,0",1,Kyocera Dome Osaka,,,16000,GAME20010406HTDB0001
2001,2001-04-06,Reg Season,Hanshin Tigers,Home,W,7,Yokohama BayStars,7,14,0,"0,0,1,3,0,2,1,0,x",1,Kyocera Dome Osaka,,,16000,GAME20010406HTDB0001
2001,2001-04-06,Reg Season,Fukuoka Daiei Hawks,Away,W,4,Chiba Lotte Marines,4,11,0,"0,0,0,1,1,2,0,0,0",1,ZOZO Marine Stadium,,,13000,GAME20010406LMSH0001
2001,2001-04-06,Reg Season,Chiba Lotte Marines,Home,L,1,Fukuoka Daiei Hawks,1,5,1,"1,0,0,0,0,0,0,0,0",1,ZOZO Marine Stadium,,,13000,GAME20010406LMSH0001
2001,2001-04-06,Reg Season,Seibu Lions,Away,W,9,Nippon-Ham Fighters,9,13,1,"5,2,1,0,0,1,0,0,0",1,Tokyo Dome,,,13000,GAME20010406NFSL0001
2001,2001-04-06,Reg Season,Nippon-Ham Fighters,Home,L,3,Seibu Lions,3,9,1,"0,0,2,0,0,0,1,0,0",1,Tokyo Dome,,,13000,GAME20010406NFSL0001
2001,2001-04-06,Reg Season,Osaka Kintetsu Buffaloes,Away,L,4,Orix Bluewave,4,9,0,"0,0,0,0,4,0,0,0,0",1,Kobe Athletic Park Baseball Field,,,9000,GAME20010406OBKI0001
2001,2001-04-06,Reg Season,Orix Bluewave,Home,W,8,Osaka Kintetsu Buffaloes,8,13,3,"0,0,2,1,1,0,0,4,x",1,Kobe Athletic Park Baseball Field,,,9000,GAME20010406OBKI0001
2001,2001-04-06,Reg Season,Chunichi Dragons,Away,W,7,Yakult Swallows,7,8,0,"2,0,1,0,0,0,0,0,4",1,Meiji Jingu Stadium,,,16000,GAME20010406YSCD0001
2001,2001-04-06,Reg Season,Yakult Swallows,Home,L,4,Chunichi Dragons,4,5,1,"0,0,0,0,2,0,1,0,1",1,Meiji Jingu Stadium,,,16000,GAME20010406YSCD0001
2001,2001-04-07,Reg Season,Yomiuri Giants,Away,W,2,Hiroshima Toyo Carp,2,6,1,"0,0,0,0,0,2,0,0,0",2,Hiroshima citizens,,,23000,GAME20010407HCYG0002
2001,2001-04-07,Reg Season,Hiroshima Toyo Carp,Home,L,1,Yomiuri Giants,1,7,1,"0,0,1,0,0,0,0,0,0",2,Hiroshima citizens,,,23000,GAME20010407HCYG0002
2001,2001-04-07,Reg Season,Yokohama BayStars,Away,W,5,Hanshin Tigers,5,9,1,"2,0,2,1,0,0,0,0,0",2,Kyocera Dome Osaka,,,30000,GAME20010407HTDB0002
2001,2001-04-07,Reg Season,Hanshin Tigers,Home,L,2,Yokohama BayStars,2,4,0,"0,0,0,0,0,1,0,1,0",2,Kyocera Dome Osaka,,,30000,GAME20010407HTDB0002
2001,2001-04-07,Reg Season,Fukuoka Daiei Hawks,Away,L,6,Chiba Lotte Marines,6,7,1,"0,0,2,0,1,0,0,3,0",2,ZOZO Marine Stadium,,,24000,GAME20010407LMSH0002
2001,2001-04-07,Reg Season,Chiba Lotte Marines,Home,W,7,Fukuoka Daiei Hawks,7,11,0,"0,1,0,0,0,2,0,3,1x",2,ZOZO Marine Stadium,,,24000,GAME20010407LMSH0002
2001,2001-04-07,Reg Season,Seibu Lions,Away,L,3,Nippon-Ham Fighters,3,6,1,"2,0,0,0,0,1,0,0,0",2,Tokyo Dome,,,23000,GAME20010407NFSL0002
2001,2001-04-07,Reg Season,Nippon-Ham Fighters,Home,W,7,Seibu Lions,7,10,0,"0,0,1,5,1,0,0,0,x",2,Tokyo Dome,,,23000,GAME20010407NFSL0002
2001,2001-04-07,Reg Season,Osaka Kintetsu Buffaloes,Away,L,7,Orix Bluewave,7,11,1,"3,0,0,0,1,0,0,0,3",2,Kobe Athletic Park Baseball Field,,,14000,GAME20010407OBKI0002
2001,2001-04-07,Reg Season,Orix Bluewave,Home,W,9,Osaka Kintetsu Buffaloes,9,14,0,"0,4,0,0,5,0,0,0,x",2,Kobe Athletic Park Baseball Field,,,14000,GAME20010407OBKI0002
2001,2001-04-07,Reg Season,Chunichi Dragons,Away,W,3,Yakult Swallows,3,10,0,"0,0,1,1,1,0,0,0,0",2,Meiji Jingu Stadium,,,26000,GAME20010407YSCD0002
2001,2001-04-07,Reg Season,Yakult Swallows,Home,L,1,Chunichi Dragons,1,7,0,"0,1,0,0,0,0,0,0,0",2,Meiji Jingu Stadium,,,26000,GAME20010407YSCD0002
2001,2001-04-08,Reg Season,Yomiuri Giants,Away,L,3,Hiroshima Toyo Carp,3,3,1,"0,0,0,0,0,1,0,2,0",3,Hiroshima citizens,,,16000,GAME20010408HCYG0003
2001,2001-04-08,Reg Season,Hiroshima Toyo Carp,Home,W,7,Yomiuri Giants,7,11,1,"0,0,3,0,2,0,2,0,x",3,Hiroshima citizens,,,16000,GAME20010408HCYG0003
2001,2001-04-08,Reg Season,Yokohama BayStars,Away,L,2,Hanshin Tigers,2,8,0,"0,0,0,1,0,0,0,0,1",3,Hanshin Koshien Stadium,,,33000,GAME20010408HTDB0003
2001,2001-04-08,Reg Season,Hanshin Tigers,Home,W,3,Yokohama BayStars,3,6,0,"0,1,0,1,0,0,0,1,x",3,Hanshin Koshien Stadium,,,33000,GAME20010408HTDB0003
2001,2001-04-08,Reg Season,Fukuoka Daiei Hawks,Away,L,0,Chiba Lotte Marines,0,5,1,"0,0,0,0,0,0,0,0,0",3,ZOZO Marine Stadium,,,26000,GAME20010408LMSH0003
2001,2001-04-08,Reg Season,Chiba Lotte Marines,Home,W,8,Fukuoka Daiei Hawks,8,11,0,"1,5,0,1,0,0,0,1,x",3,ZOZO Marine Stadium,,,26000,GAME20010408LMSH0003
2001,2001-04-08,Reg Season,Seibu Lions,Away,W,5,Nippon-Ham Fighters,5,6,0,"0,0,0,2,0,1,2,0,0",3,Tokyo Dome,,,22000,GAME20010408NFSL0003
2001,2001-04-08,Reg Season,Nippon-Ham Fighters,Home,L,1,Seibu Lions,1,3,1,"0,0,0,0,1,0,0,0,0",3,Tokyo Dome,,,22000,GAME20010408NFSL0003
2001,2001-04-08,Reg Season,Osaka Kintetsu Buffaloes,Away,W,9,Orix Bluewave,9,12,1,"0,4,3,0,0,1,0,0,1",3,Kobe Athletic Park Baseball Field,,,14000,GAME20010408OBKI0003
2001,2001-04-08,Reg Season,Orix Bluewave,Home,L,3,Osaka Kintetsu Buffaloes,3,8,1,"2,0,1,0,0,0,0,0,0",3,Kobe Athletic Park Baseball Field,,,14000,GAME20010408OBKI0003
2001,2001-04-08,Reg Season,Chunichi Dragons,Away,L,0,Yakult Swallows,0,2,1,"0,0,0,0,0,0,0,0,0",3,Meiji Jingu Stadium,,,28000,GAME20010408YSCD0003
2001,2001-04-08,Reg Season,Yakult Swallows,Home,W,2,Chunichi Dragons,2,6,1,"0,0,0,2,0,0,0,0,x",3,Meiji Jingu Stadium,,,28000,GAME20010408YSCD0003
2001,2001-04-09,Reg Season,Chiba Lotte Marines,Away,L,2,Nippon-Ham Fighters,2,8,0,"0,0,0,0,1,0,1,0,0",3,Tokyo Dome,,,12000,GAME20010409NFLM0003
2001,2001-04-09,Reg Season,Nippon-Ham Fighters,Home,W,3,Chiba Lotte Marines,3,10,0,"2,0,0,0,0,0,1,0,x",3,Tokyo Dome,,,12000,GAME20010409NFLM0003
2001,2001-04-09,Reg Season,Osaka Kintetsu Buffaloes,Away,L,2,Fukuoka Daiei Hawks,2,7,0,"0,0,0,0,2,0,0,0,0",3,Mizuho PayPay Dome Fukuoka,,,40000,GAME20010409SHKI0003
2001,2001-04-09,Reg Season,Fukuoka Daiei Hawks,Home,W,7,Osaka Kintetsu Buffaloes,7,10,0,"1,0,1,1,2,0,2,0,x",3,Mizuho PayPay Dome Fukuoka,,,40000,GAME20010409SHKI0003
2001,2001-04-09,Reg Season,Orix Bluewave,Away,L,3,Seibu Lions,3,8,0,"0,2,0,0,0,1,0,0,0",3,Belluna Dome,,,11000,GAME20010409SLOB0003
2001,2001-04-09,Reg Season,Seibu Lions,Home,W,8,Orix Bluewave,8,9,0,"0,0,3,0,1,0,0,4,x",3,Belluna Dome,,,11000,GAME20010409SLOB0003
2001,2001-04-10,Reg Season,Yomiuri Giants,Away,T,1,Chunichi Dragons,1,11,0,"0,0,0,0,1,0,0,0,0,0,0,0",1,Vantelin Dome Nagoya,,,40500,GAME20010410CDYG0001
2001,2001-04-10,Reg Season,Chunichi Dragons,Home,T,1,Yomiuri Giants,1,9,0,"1,0,0,0,0,0,0,0,0,0,0,0",1,Vantelin Dome Nagoya,,,40500,GAME20010410CDYG0001
2001,2001-04-10,Reg Season,Hiroshima Toyo Carp,Away,W,9,Yokohama BayStars,9,13,2,"0,0,6,0,0,0,0,0,3",1,Yokohama Stadium,,,16000,GAME20010410DBHC0001
2001,2001-04-10,Reg Season,Yokohama BayStars,Home,L,2,Hiroshima Toyo Carp,2,6,1,"0,0,0,0,0,0,1,0,1",1,Yokohama Stadium,,,16000,GAME20010410DBHC0001
2001,2001-04-10,Reg Season,Yakult Swallows,Away,W,2,Hanshin Tigers,2,6,0,"0,0,0,0,0,2,0,0,0",1,Hanshin Koshien Stadium,,,20000,GAME20010410HTYS0001
2001,2001-04-10,Reg Season,Hanshin Tigers,Home,L,0,Yakult Swallows,0,7,0,"0,0,0,0,0,0,0,0,0",1,Hanshin Koshien Stadium,,,20000,GAME20010410HTYS0001
2001,2001-04-10,Reg Season,Chiba Lotte Marines,Away,W,12,Nippon-Ham Fighters,12,8,1,"0,0,1,2,5,4,0,0,0",4,Tokyo Dome,,,15000,GAME20010410NFLM0004
2001,2001-04-10,Reg Season,Nippon-Ham Fighters,Home,L,2,Chiba Lotte Marines,2,5,1,"0,0,0,0,0,2,0,0,0",4,Tokyo Dome,,,15000,GAME20010410NFLM0004
2001,2001-04-10,Reg Season,Osaka Kintetsu Buffaloes,Away,L,6,Fukuoka Daiei Hawks,6,8,1,"0,2,2,0,0,2,0,0,0",4,Mizuho PayPay Dome Fukuoka,,,41000,GAME20010410SHKI0004
2001,2001-04-10,Reg Season,Fukuoka Daiei Hawks,Home,W,13,Osaka Kintetsu Buffaloes,13,14,0,"3,4,0,1,1,1,0,3,x",4,Mizuho PayPay Dome Fukuoka,,,41000,GAME20010410SHKI0004
2001,2001-04-10,Reg Season,Orix Bluewave,Away,L,0,Seibu Lions,0,5,1,"0,0,0,0,0,0,0,0,0",4,Belluna Dome,,,16000,GAME20010410SLOB0004
2001,2001-04-10,Reg Season,Seibu Lions,Home,W,1,Orix Bluewave,1,9,0,"0,0,0,0,0,0,0,0,1x",4,Belluna Dome,,,16000,GAME20010410SLOB0004
2001,2001-04-11,Reg Season,Yomiuri Giants,Away,W,4,Chunichi Dragons,4,9,0,"3,0,0,0,0,0,0,1,0",2,Vantelin Dome Nagoya,,,40500,GAME20010411CDYG0002
2001,2001-04-11,Reg Season,Chunichi Dragons,Home,L,2,Yomiuri Giants,2,6,0,"0,0,0,0,0,2,0,0,0",2,Vantelin Dome Nagoya,,,40500,GAME20010411CDYG0002
2001,2001-04-11,Reg Season,Hiroshima Toyo Carp,Away,L,3,Yokohama BayStars,3,4,0,"0,0,0,0,0,0,3,0,0",2,Yokohama Stadium,,,17000,GAME20010411DBHC0002
2001,2001-04-11,Reg Season,Yokohama BayStars,Home,W,7,Hiroshima Toyo Carp,7,11,0,"0,3,0,1,1,1,0,1,x",2,Yokohama Stadium,,,17000,GAME20010411DBHC0002
2001,2001-04-11,Reg Season,Yakult Swallows,Away,W,4,Hanshin Tigers,4,9,0,"0,0,0,3,0,0,1,0,0",2,Hanshin Koshien Stadium,,,22000,GAME20010411HTYS0002
2001,2001-04-11,Reg Season,Hanshin Tigers,Home,L,2,Yakult Swallows,2,4,0,"1,0,0,0,0,0,1,0,0",2,Hanshin Koshien Stadium,,,22000,GAME20010411HTYS0002
2001,2001-04-11,Reg Season,Chiba Lotte Marines,Away,L,4,Nippon-Ham Fighters,4,10,2,"1,0,0,1,0,2,0,0,0",5,Tokyo Dome,,,15000,GAME20010411NFLM0005
2001,2001-04-11,Reg Season,Nippon-Ham Fighters,Home,W,5,Chiba Lotte Marines,5,7,1,"4,1,0,0,0,0,0,0,x",5,Tokyo Dome,,,15000,GAME20010411NFLM0005
2001,2001-04-11,Reg Season,Orix Bluewave,Away,W,4,Seibu Lions,4,10,1,"0,0,1,0,2,0,1,0,0",5,Belluna Dome,,,12000,GAME20010411SLOB0005
2001,2001-04-11,Reg Season,Seibu Lions,Home,L,3,Orix Bluewave,3,6,2,"0,0,0,0,0,0,3,0,0",5,Belluna Dome,,,12000,GAME20010411SLOB0005
2001,2001-04-12,Reg Season,Yomiuri Giants,Away,W,2,Chunichi Dragons,2,4,1,"0,0,0,0,1,1,0,0,0",3,Vantelin Dome Nagoya,,,40500,GAME20010412CDYG0003
2001,2001-04-12,Reg Season,Chunichi Dragons,Home,L,1,Yomiuri Giants,1,5,0,"0,0,0,1,0,0,0,0,0",3,Vantelin Dome Nagoya,,,40500,GAME20010412CDYG0003
2001,2001-04-12,Reg Season,Hiroshima Toyo Carp,Away,W,7,Yokohama BayStars,7,10,1,"1,1,0,0,0,0,0,5,0",3,Yokohama Stadium,,,16000,GAME20010412DBHC0003
2001,2001-04-12,Reg Season,Yokohama BayStars,Home,L,6,Hiroshima Toyo Carp,6,13,0,"1,0,0,0,0,1,0,2,2",3,Yokohama Stadium,,,16000,GAME20010412DBHC0003
2001,2001-04-12,Reg Season,Yakult Swallows,Away,L,3,Hanshin Tigers,3,6,1,"0,0,1,1,0,1,0,0,0",3,Hanshin Koshien Stadium,,,18000,GAME20010412HTYS0003
2001,2001-04-12,Reg Season,Hanshin Tigers,Home,W,4,Yakult Swallows,4,7,1,"2,0,0,0,0,2,0,0,x",3,Hanshin Koshien Stadium,,,18000,GAME20010412HTYS0003
2001,2001-04-13,Reg Season,Hanshin Tigers,Away,L,0,Chunichi Dragons,0,5,1,"0,0,0,0,0,0,0,0,0",1,Vantelin Dome Nagoya,,,36000,GAME20010413CDHT0001
2001,2001-04-13,Reg Season,Chunichi Dragons,Home,W,7,Hanshin Tigers,7,11,0,"0,0,0,1,4,0,0,2,x",1,Vantelin Dome Nagoya,,,36000,GAME20010413CDHT0001
2001,2001-04-13,Reg Season,Yakult Swallows,Away,W,4,Hiroshima Toyo Carp,4,9,0,"0,1,0,1,0,0,0,2,0",1,Hiroshima citizens,,,8000,GAME20010413HCYS0001
2001,2001-04-13,Reg Season,Hiroshima Toyo Carp,Home,L,1,Yakult Swallows,1,5,2,"0,0,0,0,0,1,0,0,0",1,Hiroshima citizens,,,8000,GAME20010413HCYS0001
2001,2001-04-13,Reg Season,Nippon-Ham Fighters,Away,L,2,Osaka Kintetsu Buffaloes,2,9,0,"0,0,0,0,0,0,1,0,1",3,Kyocera Dome Osaka,,,14000,GAME20010413KINF0003
2001,2001-04-13,Reg Season,Osaka Kintetsu Buffaloes,Home,W,7,Nippon-Ham Fighters,7,9,0,"3,0,3,0,0,0,1,0,x",3,Kyocera Dome Osaka,,,14000,GAME20010413KINF0003
2001,2001-04-13,Reg Season,Seibu Lions,Away,L,4,Chiba Lotte Marines,4,9,1,"2,0,0,1,0,0,0,0,1",3,ZOZO Marine Stadium,,,14000,GAME20010413LMSL0003
2001,2001-04-13,Reg Season,Chiba Lotte Marines,Home,W,10,Seibu Lions,10,9,0,"3,7,0,0,0,0,0,0,x",3,ZOZO Marine Stadium,,,14000,GAME20010413LMSL0003
2001,2001-04-13,Reg Season,Fukuoka Daiei Hawks,Away,W,18,Orix Bluewave,18,18,0,"0,0,0,0,0,6,3,0,9",3,Kobe Athletic Park Baseball Field,,,10000,GAME20010413OBSH0003
2001,2001-04-13,Reg Season,Orix Bluewave,Home,L,3,Fukuoka Daiei Hawks,3,11,3,"0,0,0,1,0,0,0,0,2",3,Kobe Athletic Park Baseball Field,,,10000,GAME20010413OBSH0003
2001,2001-04-13,Reg Season,Yokohama BayStars,Away,L,2,Yomiuri Giants,2,6,0,"0,0,0,0,0,0,0,0,2,0",1,Tokyo Dome,,,55000,GAME20010413YGDB0001
2001,2001-04-13,Reg Season,Yomiuri Giants,Home,W,3,Yokohama BayStars,3,7,0,"0,0,0,0,1,0,0,0,1,1x",1,Tokyo Dome,,,55000,GAME20010413YGDB0001
2001,2001-04-14,Reg Season,Hanshin Tigers,Away,L,0,Chunichi Dragons,0,5,0,"0,0,0,0,0,0,0,0,0",2,Vantelin Dome Nagoya,,,40500,GAME20010414CDHT0002
2001,2001-04-14,Reg Season,Chunichi Dragons,Home,W,2,Hanshin Tigers,2,6,0,"0,0,1,0,1,0,0,0,x",2,Vantelin Dome Nagoya,,,40500,GAME20010414CDHT0002
2001,2001-04-14,Reg Season,Yakult Swallows,Away,T,5,Hiroshima Toyo Carp,5,10,1,"0,2,0,3,0,0,0,0,0,0,0,0",2,Hiroshima citizens,,,12000,GAME20010414HCYS0002
2001,2001-04-14,Reg Season,Hiroshima Toyo Carp,Home,T,5,Yakult Swallows,5,10,0,"0,0,0,0,0,1,2,0,2,0,0,0",2,Hiroshima citizens,,,12000,GAME20010414HCYS0002
2001,2001-04-14,Reg Season,Nippon-Ham Fighters,Away,L,1,Osaka Kintetsu Buffaloes,1,6,0,"0,0,0,1,0,0,0,0,0",4,Kyocera Dome Osaka,,,15000,GAME20010414KINF0004
2001,2001-04-14,Reg Season,Osaka Kintetsu Buffaloes,Home,W,5,Nippon-Ham Fighters,5,7,0,"5,0,0,0,0,0,0,0,x",4,Kyocera Dome Osaka,,,15000,GAME20010414KINF0004
2001,2001-04-14,Reg Season,Seibu Lions,Away,L,3,Chiba Lotte Marines,3,7,1,"1,0,1,0,0,0,0,1,0",4,ZOZO Marine Stadium,,,27000,GAME20010414LMSL0004
2001,2001-04-14,Reg Season,Chiba Lotte Marines,Home,W,5,Seibu Lions,5,9,1,"2,2,0,0,1,0,0,0,x",4,ZOZO Marine Stadium,,,27000,GAME20010414LMSL0004
2001,2001-04-14,Reg Season,Fukuoka Daiei Hawks,Away,L,3,Orix Bluewave,3,9,1,"0,0,0,3,0,0,0,0,0",4,Kobe Athletic Park Baseball Field,,,17000,GAME20010414OBSH0004
2001,2001-04-14,Reg Season,Orix Bluewave,Home,W,9,Fukuoka Daiei Hawks,9,15,1,"0,4,1,0,1,0,2,1,x",4,Kobe Athletic Park Baseball Field,,,17000,GAME20010414OBSH0004
2001,2001-04-14,Reg Season,Yokohama BayStars,Away,L,5,Yomiuri Giants,5,13,0,"1,0,2,0,0,0,0,1,1",2,Tokyo Dome,,,55000,GAME20010414YGDB0002
2001,2001-04-14,Reg Season,Yomiuri Giants,Home,W,8,Yokohama BayStars,8,6,0,"0,0,0,3,0,1,0,1,3x",2,Tokyo Dome,,,55000,GAME20010414YGDB0002
2001,2001-04-15,Reg Season,Hanshin Tigers,Away,L,0,Chunichi Dragons,0,3,0,"0,0,0,0,0,0,0,0,0",3,Vantelin Dome Nagoya,,,37000,GAME20010415CDHT0003
2001,2001-04-15,Reg Season,Chunichi Dragons,Home,W,6,Hanshin Tigers,6,10,1,"2,0,0,0,0,4,0,0,x",3,Vantelin Dome Nagoya,,,37000,GAME20010415CDHT0003
2001,2001-04-15,Reg Season,Yakult Swallows,Away,L,6,Hiroshima Toyo Carp,6,9,3,"0,0,0,1,5,0,0,0,0",3,Hiroshima citizens,,,14000,GAME20010415HCYS0003
2001,2001-04-15,Reg Season,Hiroshima Toyo Carp,Home,W,7,Yakult Swallows,7,10,1,"1,0,1,2,0,0,2,1,x",3,Hiroshima citizens,,,14000,GAME20010415HCYS0003
2001,2001-04-15,Reg Season,Nippon-Ham Fighters,Away,L,4,Osaka Kintetsu Buffaloes,4,10,0,"3,0,0,1,0,0,0,0,0,0",5,Kyocera Dome Osaka,,,15000,GAME20010415KINF0005
2001,2001-04-15,Reg Season,Osaka Kintetsu Buffaloes,Home,W,5,Nippon-Ham Fighters,5,11,0,"0,1,0,0,2,1,0,0,0,1x",5,Kyocera Dome Osaka,,,15000,GAME20010415KINF0005
2001,2001-04-15,Reg Season,Seibu Lions,Away,L,2,Chiba Lotte Marines,2,6,0,"0,0,1,1,0,0,0,0,0",5,ZOZO Marine Stadium,,,30000,GAME20010415LMSL0005
2001,2001-04-15,Reg Season,Chiba Lotte Marines,Home,W,3,Seibu Lions,3,9,1,"1,0,0,1,0,0,0,0,1x",5,ZOZO Marine Stadium,,,30000,GAME20010415LMSL0005
2001,2001-04-15,Reg Season,Fukuoka Daiei Hawks,Away,W,11,Orix Bluewave,11,11,0,"3,4,0,0,0,0,0,4,0",5,Kobe Athletic Park Baseball Field,,,18000,GAME20010415OBSH0005
2001,2001-04-15,Reg Season,Orix Bluewave,Home,L,3,Fukuoka Daiei Hawks,3,9,1,"0,0,0,3,0,0,0,0,0",5,Kobe Athletic Park Baseball Field,,,18000,GAME20010415OBSH0005
2001,2001-04-15,Reg Season,Yokohama BayStars,Away,W,5,Yomiuri Giants,5,10,0,"0,0,0,1,0,0,4,0,0",3,Tokyo Dome,,,55000,GAME20010415YGDB0003
2001,2001-04-15,Reg Season,Yomiuri Giants,Home,L,4,Yokohama BayStars,4,7,0,"0,0,3,1,0,0,0,0,0",3,Tokyo Dome,,,55000,GAME20010415YGDB0003
2001,2001-04-16,Reg Season,Orix Bluewave,Away,L,5,Osaka Kintetsu Buffaloes,5,5,0,"0,0,0,0,2,2,1,0,0",4,Kyocera Dome Osaka,,,11000,GAME20010416KIOB0004
2001,2001-04-16,Reg Season,Osaka Kintetsu Buffaloes,Home,W,6,Orix Bluewave,6,10,2,"2,0,0,0,0,0,0,3,1x",4,Kyocera Dome Osaka,,,11000,GAME20010416KIOB0004
2001,2001-04-16,Reg Season,Chiba Lotte Marines,Away,W,2,Fukuoka Daiei Hawks,2,8,0,"0,0,0,0,0,0,0,2,0",4,Mizuho PayPay Dome Fukuoka,,,42000,GAME20010416SHLM0004
2001,2001-04-16,Reg Season,Fukuoka Daiei Hawks,Home,L,1,Chiba Lotte Marines,1,9,1,"0,0,0,0,0,1,0,0,0",4,Mizuho PayPay Dome Fukuoka,,,42000,GAME20010416SHLM0004
2001,2001-04-16,Reg Season,Nippon-Ham Fighters,Away,W,6,Seibu Lions,6,9,0,"2,0,3,0,0,0,0,1,0",4,Belluna Dome,,,21000,GAME20010416SLNF0004
2001,2001-04-16,Reg Season,Seibu Lions,Home,L,1,Nippon-Ham Fighters,1,4,1,"0,0,0,0,1,0,0,0,0",4,Belluna Dome,,,21000,GAME20010416SLNF0004
2001,2001-04-17,Reg Season,Hanshin Tigers,Away,W,4,Yokohama BayStars,4,5,1,"0,1,0,0,1,0,0,2,0",4,Heiwa Lease Baseball Stadium,,,26000,GAME20010417DBHT0004
2001,2001-04-17,Reg Season,Yokohama BayStars,Home,L,1,Hanshin Tigers,1,4,0,"1,0,0,0,0,0,0,0,0",4,Heiwa Lease Baseball Stadium,,,26000,GAME20010417DBHT0004
2001,2001-04-17,Reg Season,Chunichi Dragons,Away,L,0,Hiroshima Toyo Carp,0,4,0,"0,0,0,0,0,0,0,0,0",4,Hiroshima citizens,,,9000,GAME20010417HCCD0004
2001,2001-04-17,Reg Season,Hiroshima Toyo Carp,Home,W,1,Chunichi Dragons,1,7,0,"0,0,0,0,0,0,0,1,x",4,Hiroshima citizens,,,9000,GAME20010417HCCD0004
2001,2001-04-17,Reg Season,Orix Bluewave,Away,T,4,Osaka Kintetsu Buffaloes,4,9,0,"0,1,0,3,0,0,0,0,0,0,0,0",5,Kyocera Dome Osaka,,,12000,GAME20010417KIOB0005
2001,2001-04-17,Reg Season,Osaka Kintetsu Buffaloes,Home,T,4,Orix Bluewave,4,11,1,"0,0,0,0,1,3,0,0,0,0,0,0",5,Kyocera Dome Osaka,,,12000,GAME20010417KIOB0005
2001,2001-04-17,Reg Season,Chiba Lotte Marines,Away,L,2,Fukuoka Daiei Hawks,2,10,0,"0,0,0,0,0,0,0,0,2",5,Mizuho PayPay Dome Fukuoka,,,41000,GAME20010417SHLM0005
2001,2001-04-17,Reg Season,Fukuoka Daiei Hawks,Home,W,6,Chiba Lotte Marines,6,9,0,"0,0,0,2,3,0,0,1,x",5,Mizuho PayPay Dome Fukuoka,,,41000,GAME20010417SHLM0005
2001,2001-04-17,Reg Season,Nippon-Ham Fighters,Away,L,5,Seibu Lions,5,9,1,"1,0,2,0,0,2,0,0,0",5,Belluna Dome,,,14000,GAME20010417SLNF0005
2001,2001-04-17,Reg Season,Seibu Lions,Home,W,7,Nippon-Ham Fighters,7,12,0,"0,1,0,3,0,3,0,0,x",5,Belluna Dome,,,14000,GAME20010417SLNF0005
2001,2001-04-17,Reg Season,Yakult Swallows,Away,W,10,Yomiuri Giants,10,15,0,"2,0,2,2,0,1,2,1,0",4,Tokyo Dome,,,55000,GAME20010417YGYS0004
2001,2001-04-17,Reg Season,Yomiuri Giants,Home,L,2,Yakult Swallows,2,6,2,"0,0,0,1,0,0,0,0,1",4,Tokyo Dome,,,55000,GAME20010417YGYS0004
2001,2001-04-18,Reg Season,Hanshin Tigers,Away,W,3,Yokohama BayStars,3,10,1,"0,2,0,0,0,0,0,0,1",5,Heiwa Lease Baseball Stadium,,,26000,GAME20010418DBHT0005
2001,2001-04-18,Reg Season,Yokohama BayStars,Home,L,2,Hanshin Tigers,2,8,0,"0,0,0,0,1,1,0,0,0",5,Heiwa Lease Baseball Stadium,,,26000,GAME20010418DBHT0005
2001,2001-04-18,Reg Season,Chunichi Dragons,Away,W,3,Hiroshima Toyo Carp,3,8,0,"0,0,0,1,0,0,0,2,0",5,Hiroshima citizens,,,10000,GAME20010418HCCD0005
2001,2001-04-18,Reg Season,Hiroshima Toyo Carp,Home,L,1,Chunichi Dragons,1,4,2,"1,0,0,0,0,0,0,0,0",5,Hiroshima citizens,,,10000,GAME20010418HCCD0005
2001,2001-04-18,Reg Season,Chiba Lotte Marines,Away,L,3,Fukuoka Daiei Hawks,3,16,0,"0,1,0,0,0,0,1,0,1",6,Kitakyushu Municipal Baseball Stadium,,,23500,GAME20010418SHLM0006
2001,2001-04-18,Reg Season,Fukuoka Daiei Hawks,Home,W,10,Chiba Lotte Marines,10,14,0,"2,8,0,0,0,0,0,0,x",6,Kitakyushu Municipal Baseball Stadium,,,23500,GAME20010418SHLM0006
2001,2001-04-18,Reg Season,Yakult Swallows,Away,L,6,Yomiuri Giants,6,7,0,"3,0,2,0,0,0,1,0,0",5,Tokyo Dome,,,55000,GAME20010418YGYS0005
2001,2001-04-18,Reg Season,Yomiuri Giants,Home,W,7,Yakult Swallows,7,9,0,"4,0,1,2,0,0,0,0,x",5,Tokyo Dome,,,55000,GAME20010418YGYS0005
2001,2001-04-19,Reg Season,Chunichi Dragons,Away,L,1,Hiroshima Toyo Carp,1,9,1,"0,0,0,0,1,0,0,0,0",6,Fukuyama citizen (former),,,7000,GAME20010419HCCD0006
2001,2001-04-19,Reg Season,Hiroshima Toyo Carp,Home,W,11,Chunichi Dragons,11,14,2,"2,2,0,0,3,0,4,0,x",6,Fukuyama citizen (former),,,7000,GAME20010419HCCD0006
2001,2001-04-19,Reg Season,Yakult Swallows,Away,L,5,Yomiuri Giants,5,9,1,"1,0,3,0,1,0,0,0,0",6,Tokyo Dome,,,55000,GAME20010419YGYS0006
2001,2001-04-19,Reg Season,Yomiuri Giants,Home,W,6,Yakult Swallows,6,11,0,"0,0,0,0,3,0,0,1,2x",6,Tokyo Dome,,,55000,GAME20010419YGYS0006
2001,2001-04-20,Reg Season,Yomiuri Giants,Away,W,3,Yokohama BayStars,3,10,0,"0,0,0,0,0,1,2,0,0",4,Yokohama Stadium,,,30000,GAME20010420DBYG0004
2001,2001-04-20,Reg Season,Yokohama BayStars,Home,L,1,Yomiuri Giants,1,4,1,"0,0,0,0,0,0,0,1,0",4,Yokohama Stadium,,,30000,GAME20010420DBYG0004
2001,2001-04-20,Reg Season,Chunichi Dragons,Away,L,2,Hanshin Tigers,2,5,0,"0,0,1,0,1,0,0,0,0",4,Hanshin Koshien Stadium,,,23000,GAME20010420HTCD0004
2001,2001-04-20,Reg Season,Hanshin Tigers,Home,W,7,Chunichi Dragons,7,11,0,"0,5,0,0,2,0,0,0,x",4,Hanshin Koshien Stadium,,,23000,GAME20010420HTCD0004
2001,2001-04-20,Reg Season,Osaka Kintetsu Buffaloes,Away,W,12,Chiba Lotte Marines,12,15,1,"0,0,5,3,0,0,4,0,0",4,ZOZO Marine Stadium,,,14000,GAME20010420LMKI0004
2001,2001-04-20,Reg Season,Chiba Lotte Marines,Home,L,7,Osaka Kintetsu Buffaloes,7,11,2,"0,1,0,0,0,2,2,0,2",4,ZOZO Marine Stadium,,,14000,GAME20010420LMKI0004
2001,2001-04-20,Reg Season,Orix Bluewave,Away,L,0,Nippon-Ham Fighters,0,3,0,"0,0,0,0,0,0,0,0,0",4,Hitachinaka Baseball Stadium,,,10000,GAME20010420NFOB0004
2001,2001-04-20,Reg Season,Nippon-Ham Fighters,Home,W,2,Orix Bluewave,2,4,1,"0,0,0,0,0,1,0,1,x",4,Hitachinaka Baseball Stadium,,,10000,GAME20010420NFOB0004
2001,2001-04-20,Reg Season,Seibu Lions,Away,L,1,Fukuoka Daiei Hawks,1,10,3,"0,0,0,0,0,0,0,0,1",4,Mizuho PayPay Dome Fukuoka,,,48000,GAME20010420SHSL0004
2001,2001-04-20,Reg Season,Fukuoka Daiei Hawks,Home,W,6,Seibu Lions,6,8,0,"1,1,0,0,0,4,0,0,x",4,Mizuho PayPay Dome Fukuoka,,,48000,GAME20010420SHSL0004
2001,2001-04-21,Reg Season,Yomiuri Giants,Away,L,3,Yokohama BayStars,3,8,1,"0,0,0,1,1,1,0,0,0",5,Yokohama Stadium,,,30000,GAME20010421DBYG0005
2001,2001-04-21,Reg Season,Yokohama BayStars,Home,W,4,Yomiuri Giants,4,10,0,"1,0,1,0,0,0,1,1,x",5,Yokohama Stadium,,,30000,GAME20010421DBYG0005
2001,2001-04-21,Reg Season,Chunichi Dragons,Away,L,3,Hanshin Tigers,3,7,1,"0,0,0,0,0,2,0,1,0",5,Hanshin Koshien Stadium,,,24000,GAME20010421HTCD0005
2001,2001-04-21,Reg Season,Hanshin Tigers,Home,W,4,Chunichi Dragons,4,9,0,"0,0,0,0,1,0,1,1,1x",5,Hanshin Koshien Stadium,,,24000,GAME20010421HTCD0005
2001,2001-04-21,Reg Season,Osaka Kintetsu Buffaloes,Away,W,8,Chiba Lotte Marines,8,8,0,"0,0,5,2,0,0,1,0,0",5,ZOZO Marine Stadium,,,10000,GAME20010421LMKI0005
2001,2001-04-21,Reg Season,Chiba Lotte Marines,Home,L,5,Osaka Kintetsu Buffaloes,5,7,2,"0,2,1,0,0,2,0,0,0",5,ZOZO Marine Stadium,,,10000,GAME20010421LMKI0005
2001,2001-04-21,Reg Season,Orix Bluewave,Away,W,11,Nippon-Ham Fighters,11,13,2,"4,0,2,0,1,0,1,1,2",5,Tokyo Dome,,,24000,GAME20010421NFOB0005
2001,2001-04-21,Reg Season,Nippon-Ham Fighters,Home,L,8,Orix Bluewave,8,14,2,"0,0,0,6,1,0,0,1,0",5,Tokyo Dome,,,24000,GAME20010421NFOB0005
2001,2001-04-21,Reg Season,Seibu Lions,Away,L,2,Fukuoka Daiei Hawks,2,8,0,"1,0,0,0,0,1,0,0,0",5,Mizuho PayPay Dome Fukuoka,,,48000,GAME20010421SHSL0005
2001,2001-04-21,Reg Season,Fukuoka Daiei Hawks,Home,W,3,Seibu Lions,3,6,1,"0,0,0,0,0,2,0,1,x",5,Mizuho PayPay Dome Fukuoka,,,48000,GAME20010421SHSL0005
2001,2001-04-22,Reg Season,Yomiuri Giants,Away,W,5,Yokohama BayStars,5,6,0,"0,1,4,0,0,0,0,0,0",6,Yokohama Stadium,,,30000,GAME20010422DBYG0006
2001,2001-04-22,Reg Season,Yokohama BayStars,Home,L,1,Yomiuri Giants,1,6,0,"1,0,0,0,0,0,0,0,0",6,Yokohama Stadium,,,30000,GAME20010422DBYG0006
2001,2001-04-22,Reg Season,Chunichi Dragons,Away,W,3,Hanshin Tigers,3,10,1,"0,0,0,1,0,0,0,2,0",6,Hanshin Koshien Stadium,,,45000,GAME20010422HTCD0006
2001,2001-04-22,Reg Season,Hanshin Tigers,Home,L,1,Chunichi Dragons,1,6,3,"0,0,0,0,1,0,0,0,0",6,Hanshin Koshien Stadium,,,45000,GAME20010422HTCD0006
2001,2001-04-22,Reg Season,Osaka Kintetsu Buffaloes,Away,L,1,Chiba Lotte Marines,1,6,1,"0,1,0,0,0,0,0,0,0",6,ZOZO Marine Stadium,,,21000,GAME20010422LMKI0006
2001,2001-04-22,Reg Season,Chiba Lotte Marines,Home,W,8,Osaka Kintetsu Buffaloes,8,12,1,"2,0,0,0,0,5,1,0,x",6,ZOZO Marine Stadium,,,21000,GAME20010422LMKI0006
2001,2001-04-22,Reg Season,Orix Bluewave,Away,W,6,Nippon-Ham Fighters,6,8,0,"0,2,2,0,0,0,1,1,0",6,Tokyo Dome,,,18000,GAME20010422NFOB0006
2001,2001-04-22,Reg Season,Nippon-Ham Fighters,Home,L,1,Orix Bluewave,1,8,2,"0,1,0,0,0,0,0,0,0",6,Tokyo Dome,,,18000,GAME20010422NFOB0006
2001,2001-04-22,Reg Season,Seibu Lions,Away,W,5,Fukuoka Daiei Hawks,5,10,0,"0,0,0,0,0,2,0,0,3",6,Mizuho PayPay Dome Fukuoka,,,48000,GAME20010422SHSL0006
2001,2001-04-22,Reg Season,Fukuoka Daiei Hawks,Home,L,3,Seibu Lions,3,8,0,"0,2,0,0,0,1,0,0,0",6,Mizuho PayPay Dome Fukuoka,,,48000,GAME20010422SHSL0006
2001,2001-04-22,Reg Season,Hiroshima Toyo Carp,Away,T,3,Yakult Swallows,3,4,2,"0,0,0,0,0,1,0,0,2,0,0,0",4,Sun Marine Stadium Miyazaki,,,20000,GAME20010422YSHC0004
2001,2001-04-22,Reg Season,Yakult Swallows,Home,T,3,Hiroshima Toyo Carp,3,9,2,"0,0,0,0,1,0,0,2,0,0,0,0",4,Sun Marine Stadium Miyazaki,,,20000,GAME20010422YSHC0004
2001,2001-04-24,Reg Season,Yakult Swallows,Away,W,5,Chunichi Dragons,5,11,1,"1,0,0,0,4,0,0,0,0",4,Vantelin Dome Nagoya,,,33000,GAME20010424CDYS0004
2001,2001-04-24,Reg Season,Chunichi Dragons,Home,L,4,Yakult Swallows,4,10,0,"0,2,0,0,2,0,0,0,0",4,Vantelin Dome Nagoya,,,33000,GAME20010424CDYS0004
2001,2001-04-24,Reg Season,Yomiuri Giants,Away,L,1,Hanshin Tigers,1,5,2,"0,0,0,0,1,0,0,0,0",4,Hanshin Koshien Stadium,,,40000,GAME20010424HTYG0004
2001,2001-04-24,Reg Season,Hanshin Tigers,Home,W,6,Yomiuri Giants,6,7,1,"0,0,1,0,4,0,0,1,x",4,Hanshin Koshien Stadium,,,40000,GAME20010424HTYG0004
2001,2001-04-24,Reg Season,Fukuoka Daiei Hawks,Away,W,13,Nippon-Ham Fighters,13,18,1,"3,0,0,5,0,0,3,1,1",4,Tokyo Dome,,,20000,GAME20010424NFSH0004
2001,2001-04-24,Reg Season,Nippon-Ham Fighters,Home,L,1,Fukuoka Daiei Hawks,1,7,1,"0,0,0,0,0,1,0,0,0",4,Tokyo Dome,,,20000,GAME20010424NFSH0004
2001,2001-04-24,Reg Season,Chiba Lotte Marines,Away,L,1,Orix Bluewave,1,9,0,"1,0,0,0,0,0,0,0,0",3,Kobe Athletic Park Baseball Field,,,8000,GAME20010424OBLM0003
2001,2001-04-24,Reg Season,Orix Bluewave,Home,W,2,Chiba Lotte Marines,2,5,0,"2,0,0,0,0,0,0,0,x",3,Kobe Athletic Park Baseball Field,,,8000,GAME20010424OBLM0003
2001,2001-04-25,Reg Season,Yakult Swallows,Away,W,3,Chunichi Dragons,3,9,0,"0,0,0,0,0,2,0,1,0",5,Vantelin Dome Nagoya,,,33000,GAME20010425CDYS0005
2001,2001-04-25,Reg Season,Chunichi Dragons,Home,L,2,Yakult Swallows,2,3,0,"2,0,0,0,0,0,0,0,0",5,Vantelin Dome Nagoya,,,33000,GAME20010425CDYS0005
2001,2001-04-25,Reg Season,Yokohama BayStars,Away,L,2,Hiroshima Toyo Carp,2,7,0,"1,0,0,0,0,0,1,0,0",4,Hiroshima citizens,,,8000,GAME20010425HCDB0004
2001,2001-04-25,Reg Season,Hiroshima Toyo Carp,Home,W,5,Yokohama BayStars,5,9,0,"5,0,0,0,0,0,0,0,x",4,Hiroshima citizens,,,8000,GAME20010425HCDB0004
2001,2001-04-25,Reg Season,Yomiuri Giants,Away,W,6,Hanshin Tigers,6,9,0,"0,1,0,0,0,5,0,0,0",5,Hanshin Koshien Stadium,,,43000,GAME20010425HTYG0005
2001,2001-04-25,Reg Season,Hanshin Tigers,Home,L,5,Yomiuri Giants,5,8,0,"2,0,0,0,0,0,0,3,0",5,Hanshin Koshien Stadium,,,43000,GAME20010425HTYG0005
2001,2001-04-25,Reg Season,Seibu Lions,Away,L,3,Osaka Kintetsu Buffaloes,3,8,1,"0,1,1,0,0,1,0,0,0",4,Kyocera Dome Osaka,,,15000,GAME20010425KISL0004
2001,2001-04-25,Reg Season,Osaka Kintetsu Buffaloes,Home,W,5,Seibu Lions,5,8,1,"3,0,0,2,0,0,0,0,x",4,Kyocera Dome Osaka,,,15000,GAME20010425KISL0004
2001,2001-04-25,Reg Season,Fukuoka Daiei Hawks,Away,W,10,Nippon-Ham Fighters,10,15,0,"3,0,1,0,0,3,2,1,0",5,Tokyo Dome,,,24000,GAME20010425NFSH0005
2001,2001-04-25,Reg Season,Nippon-Ham Fighters,Home,L,7,Fukuoka Daiei Hawks,7,9,0,"3,0,0,0,1,0,0,3,0",5,Tokyo Dome,,,24000,GAME20010425NFSH0005
2001,2001-04-25,Reg Season,Chiba Lotte Marines,Away,W,3,Orix Bluewave,3,8,0,"0,0,0,1,0,0,0,0,2",4,Kobe Athletic Park Baseball Field,,,9000,GAME20010425OBLM0004
2001,2001-04-25,Reg Season,Orix Bluewave,Home,L,1,Chiba Lotte Marines,1,8,0,"0,0,0,0,1,0,0,0,0",4,Kobe Athletic Park Baseball Field,,,9000,GAME20010425OBLM0004
2001,2001-04-26,Reg Season,Yakult Swallows,Away,L,1,Chunichi Dragons,1,5,1,"1,0,0,0,0,0,0,0,0",6,Vantelin Dome Nagoya,,,33000,GAME20010426CDYS0006
2001,2001-04-26,Reg Season,Chunichi Dragons,Home,W,4,Yakult Swallows,4,10,0,"2,0,0,0,0,2,0,0,x",6,Vantelin Dome Nagoya,,,33000,GAME20010426CDYS0006
2001,2001-04-26,Reg Season,Yokohama BayStars,Away,W,9,Hiroshima Toyo Carp,9,13,1,"1,0,0,0,0,1,0,7,0",5,Hiroshima citizens,,,10000,GAME20010426HCDB0005
2001,2001-04-26,Reg Season,Hiroshima Toyo Carp,Home,L,3,Yokohama BayStars,3,6,1,"0,3,0,0,0,0,0,0,0",5,Hiroshima citizens,,,10000,GAME20010426HCDB0005
2001,2001-04-26,Reg Season,Yomiuri Giants,Away,W,5,Hanshin Tigers,5,13,0,"0,2,1,0,0,0,0,0,0,2",6,Hanshin Koshien Stadium,,,43000,GAME20010426HTYG0006
2001,2001-04-26,Reg Season,Hanshin Tigers,Home,L,4,Yomiuri Giants,4,11,0,"0,0,0,0,0,1,0,2,0,1",6,Hanshin Koshien Stadium,,,43000,GAME20010426HTYG0006
2001,2001-04-26,Reg Season,Seibu Lions,Away,L,2,Osaka Kintetsu Buffaloes,2,5,2,"1,0,0,0,0,0,0,1,0",5,Kyocera Dome Osaka,,,15000,GAME20010426KISL0005
2001,2001-04-26,Reg Season,Osaka Kintetsu Buffaloes,Home,W,3,Seibu Lions,3,10,1,"0,0,0,0,2,0,0,1,x",5,Kyocera Dome Osaka,,,15000,GAME20010426KISL0005
2001,2001-04-26,Reg Season,Fukuoka Daiei Hawks,Away,W,8,Nippon-Ham Fighters,8,8,1,"0,0,5,0,0,0,3,0,0",6,Tokyo Dome,,,19000,GAME20010426NFSH0006
2001,2001-04-26,Reg Season,Nippon-Ham Fighters,Home,L,5,Fukuoka Daiei Hawks,5,10,0,"0,0,0,2,0,2,1,0,0",6,Tokyo Dome,,,19000,GAME20010426NFSH0006
2001,2001-04-26,Reg Season,Chiba Lotte Marines,Away,T,2,Orix Bluewave,2,6,0,"0,0,0,0,0,1,0,0,1,0,0,0",5,Kobe Athletic Park Baseball Field,,,9000,GAME20010426OBLM0005
2001,2001-04-26,Reg Season,Orix Bluewave,Home,T,2,Chiba Lotte Marines,2,14,0,"0,0,0,0,1,0,0,1,0,0,0,0",5,Kobe Athletic Park Baseball Field,,,9000,GAME20010426OBLM0005
2001,2001-04-28,Reg Season,Yokohama BayStars,Away,W,5,Chunichi Dragons,5,7,0,"0,0,2,0,0,3,0,0,0",4,Hamamatsu Baseball Stadium,,,16000,GAME20010428CDDB0004
2001,2001-04-28,Reg Season,Chunichi Dragons,Home,L,3,Yokohama BayStars,3,6,0,"0,0,0,0,0,0,3,0,0",4,Hamamatsu Baseball Stadium,,,16000,GAME20010428CDDB0004
2001,2001-04-28,Reg Season,Nippon-Ham Fighters,Away,L,0,Orix Bluewave,0,5,1,"0,0,0,0,0,0,0,0,0",7,Kobe Athletic Park Baseball Field,,,13000,GAME20010428OBNF0007
2001,2001-04-28,Reg Season,Orix Bluewave,Home,W,2,Nippon-Ham Fighters,2,6,0,"0,0,0,1,0,0,1,0,x",7,Kobe Athletic Park Baseball Field,,,13000,GAME20010428OBNF0007
2001,2001-04-28,Reg Season,Osaka Kintetsu Buffaloes,Away,W,11,Fukuoka Daiei Hawks,11,18,0,"0,0,3,0,1,5,1,1,0",5,Mizuho PayPay Dome Fukuoka,,,43000,GAME20010428SHKI0005
2001,2001-04-28,Reg Season,Fukuoka Daiei Hawks,Home,L,6,Osaka Kintetsu Buffaloes,6,14,0,"3,2,0,1,0,0,0,0,0",5,Mizuho PayPay Dome Fukuoka,,,43000,GAME20010428SHKI0005
2001,2001-04-28,Reg Season,Chiba Lotte Marines,Away,L,0,Seibu Lions,0,4,2,"0,0,0,0,0,0,0,0,0",6,Belluna Dome,,,29000,GAME20010428SLLM0006
2001,2001-04-28,Reg Season,Seibu Lions,Home,W,11,Chiba Lotte Marines,11,15,0,"2,0,3,0,0,0,2,4,x",6,Belluna Dome,,,29000,GAME20010428SLLM0006
2001,2001-04-28,Reg Season,Hiroshima Toyo Carp,Away,L,4,Yomiuri Giants,4,10,2,"0,1,0,0,3,0,0,0,0",4,Tokyo Dome,,,55000,GAME20010428YGHC0004
2001,2001-04-28,Reg Season,Yomiuri Giants,Home,W,5,Hiroshima Toyo Carp,5,7,0,"0,0,0,0,1,1,2,1,x",4,Tokyo Dome,,,55000,GAME20010428YGHC0004
2001,2001-04-28,Reg Season,Hanshin Tigers,Away,L,0,Yakult Swallows,0,5,0,"0,0,0,0,0,0,0,0,0",4,Meiji Jingu Stadium,,,42000,GAME20010428YSHT0004
2001,2001-04-28,Reg Season,Yakult Swallows,Home,W,6,Hanshin Tigers,6,12,0,"0,2,2,0,1,0,0,1,x",4,Meiji Jingu Stadium,,,42000,GAME20010428YSHT0004
2001,2001-04-29,Reg Season,Yokohama BayStars,Away,L,0,Chunichi Dragons,0,5,2,"0,0,0,0,0,0,0,0,0",5,Vantelin Dome Nagoya,,,40500,GAME20010429CDDB0005
2001,2001-04-29,Reg Season,Chunichi Dragons,Home,W,5,Yokohama BayStars,5,10,0,"0,1,3,0,0,0,0,1,x",5,Vantelin Dome Nagoya,,,40500,GAME20010429CDDB0005
2001,2001-04-29,Reg Season,Nippon-Ham Fighters,Away,W,9,Orix Bluewave,9,13,0,"0,0,0,0,0,2,2,4,1",8,Kobe Athletic Park Baseball Field,,,13000,GAME20010429OBNF0008
2001,2001-04-29,Reg Season,Orix Bluewave,Home,L,6,Nippon-Ham Fighters,6,10,0,"0,0,0,1,2,1,0,2,0",8,Kobe Athletic Park Baseball Field,,,13000,GAME20010429OBNF0008
2001,2001-04-29,Reg Season,Osaka Kintetsu Buffaloes,Away,L,3,Fukuoka Daiei Hawks,3,12,0,"0,0,0,1,0,0,0,1,1,0",6,Mizuho PayPay Dome Fukuoka,,,48000,GAME20010429SHKI0006
2001,2001-04-29,Reg Season,Fukuoka Daiei Hawks,Home,W,4,Osaka Kintetsu Buffaloes,4,11,1,"1,1,1,0,0,0,0,0,0,1x",6,Mizuho PayPay Dome Fukuoka,,,48000,GAME20010429SHKI0006
2001,2001-04-29,Reg Season,Chiba Lotte Marines,Away,L,6,Seibu Lions,6,9,1,"0,0,0,3,0,2,1,0,0,0,0",7,Belluna Dome,,,37000,GAME20010429SLLM0007
2001,2001-04-29,Reg Season,Seibu Lions,Home,W,7,Chiba Lotte Marines,7,7,0,"3,0,0,0,1,0,0,0,2,0,1x",7,Belluna Dome,,,37000,GAME20010429SLLM0007
2001,2001-04-29,Reg Season,Hiroshima Toyo Carp,Away,W,7,Yomiuri Giants,7,11,2,"0,0,0,0,2,0,2,3,0",5,Tokyo Dome,,,55000,GAME20010429YGHC0005
2001,2001-04-29,Reg Season,Yomiuri Giants,Home,L,3,Hiroshima Toyo Carp,3,4,0,"0,2,0,0,0,0,0,1,0",5,Tokyo Dome,,,55000,GAME20010429YGHC0005
2001,2001-04-29,Reg Season,Hanshin Tigers,Away,L,1,Yakult Swallows,1,7,0,"0,0,1,0,0,0,0,0,0",5,Meiji Jingu Stadium,,,26000,GAME20010429YSHT0005
2001,2001-04-29,Reg Season,Yakult Swallows,Home,W,10,Hanshin Tigers,10,17,0,"0,0,1,1,0,4,0,4,x",5,Meiji Jingu Stadium,,,26000,GAME20010429YSHT0005
2001,2001-04-30,Reg Season,Yokohama BayStars,Away,W,7,Chunichi Dragons,7,9,0,"0,0,0,0,6,0,0,1,0",6,Vantelin Dome Nagoya,,,40500,GAME20010430CDDB0006
2001,2001-04-30,Reg Season,Chunichi Dragons,Home,L,0,Yokohama BayStars,0,5,0,"0,0,0,0,0,0,0,0,0",6,Vantelin Dome Nagoya,,,40500,GAME20010430CDDB0006
2001,2001-04-30,Reg Season,Nippon-Ham Fighters,Away,L,9,Orix Bluewave,9,10,3,"0,0,1,0,0,1,6,0,1,0",9,Kobe Athletic Park Baseball Field,,,13000,GAME20010430OBNF0009
2001,2001-04-30,Reg Season,Orix Bluewave,Home,W,10,Nippon-Ham Fighters,10,14,2,"3,1,2,2,0,0,1,0,0,1x",9,Kobe Athletic Park Baseball Field,,,13000,GAME20010430OBNF0009
2001,2001-04-30,Reg Season,Osaka Kintetsu Buffaloes,Away,W,12,Fukuoka Daiei Hawks,12,12,0,"0,0,2,0,10,0,0,0,0",7,Mizuho PayPay Dome Fukuoka,,,48000,GAME20010430SHKI0007
2001,2001-04-30,Reg Season,Fukuoka Daiei Hawks,Home,L,5,Osaka Kintetsu Buffaloes,5,11,1,"1,1,0,0,0,0,3,0,0",7,Mizuho PayPay Dome Fukuoka,,,48000,GAME20010430SHKI0007
2001,2001-04-30,Reg Season,Chiba Lotte Marines,Away,L,3,Seibu Lions,3,11,0,"1,0,0,0,2,0,0,0,0",8,Belluna Dome,,,31000,GAME20010430SLLM0008
2001,2001-04-30,Reg Season,Seibu Lions,Home,W,8,Chiba Lotte Marines,8,12,0,"0,0,0,1,4,0,2,1,x",8,Belluna Dome,,,31000,GAME20010430SLLM0008
2001,2001-04-30,Reg Season,Hiroshima Toyo Carp,Away,L,7,Yomiuri Giants,7,12,0,"2,0,1,0,1,0,2,0,1",6,Tokyo Dome,,,55000,GAME20010430YGHC0006
2001,2001-04-30,Reg Season,Yomiuri Giants,Home,W,8,Hiroshima Toyo Carp,8,9,1,"0,2,0,1,1,0,0,4,x",6,Tokyo Dome,,,55000,GAME20010430YGHC0006
2001,2001-04-30,Reg Season,Hanshin Tigers,Away,L,1,Yakult Swallows,1,8,1,"0,0,1,0,0,0,0,0,0",6,Meiji Jingu Stadium,,,18000,GAME20010430YSHT0006
2001,2001-04-30,Reg Season,Yakult Swallows,Home,W,3,Hanshin Tigers,3,5,0,"1,0,0,0,1,0,1,0,x",6,Meiji Jingu Stadium,,,18000,GAME20010430YSHT0006
2001,2001-05-01,Reg Season,Hiroshima Toyo Carp,Away,W,4,Hanshin Tigers,4,6,0,"3,0,0,0,0,0,0,1,0",4,Hanshin Koshien Stadium,,,25000,GAME20010501HTHC0004
2001,2001-05-01,Reg Season,Hanshin Tigers,Home,L,1,Hiroshima Toyo Carp,1,5,1,"0,0,0,0,1,0,0,0,0",4,Hanshin Koshien Stadium,,,25000,GAME20010501HTHC0004
2001,2001-05-01,Reg Season,Nippon-Ham Fighters,Away,W,1,Osaka Kintetsu Buffaloes,1,5,0,"1,0,0,0,0,0,0,0,0",6,Kyocera Dome Osaka,,,12000,GAME20010501KINF0006
2001,2001-05-01,Reg Season,Osaka Kintetsu Buffaloes,Home,L,0,Nippon-Ham Fighters,0,4,1,"0,0,0,0,0,0,0,0,0",6,Kyocera Dome Osaka,,,12000,GAME20010501KINF0006
2001,2001-05-01,Reg Season,Chiba Lotte Marines,Away,L,2,Fukuoka Daiei Hawks,2,5,2,"0,0,0,0,0,0,0,1,1",7,Mizuho PayPay Dome Fukuoka,,,42000,GAME20010501SHLM0007
2001,2001-05-01,Reg Season,Fukuoka Daiei Hawks,Home,W,6,Chiba Lotte Marines,6,10,1,"3,0,0,0,1,0,2,0,x",7,Mizuho PayPay Dome Fukuoka,,,42000,GAME20010501SHLM0007
2001,2001-05-01,Reg Season,Orix Bluewave,Away,W,8,Seibu Lions,8,12,0,"1,0,0,1,0,0,6,0,0",6,Belluna Dome,,,14000,GAME20010501SLOB0006
2001,2001-05-01,Reg Season,Seibu Lions,Home,L,6,Orix Bluewave,6,12,0,"1,0,1,1,0,0,1,1,1",6,Belluna Dome,,,14000,GAME20010501SLOB0006
2001,2001-05-01,Reg Season,Chunichi Dragons,Away,W,17,Yomiuri Giants,17,24,0,"0,0,8,2,0,1,0,0,6",4,Tokyo Dome,,,55000,GAME20010501YGCD0004
2001,2001-05-01,Reg Season,Yomiuri Giants,Home,L,0,Chunichi Dragons,0,7,0,"0,0,0,0,0,0,0,0,0",4,Tokyo Dome,,,55000,GAME20010501YGCD0004
2001,2001-05-01,Reg Season,Yokohama BayStars,Away,W,5,Yakult Swallows,5,9,1,"0,0,0,0,0,0,0,0,0,0,5",3,Meiji Jingu Stadium,,,14000,GAME20010501YSDB0003
2001,2001-05-01,Reg Season,Yakult Swallows,Home,L,0,Yokohama BayStars,0,2,0,"0,0,0,0,0,0,0,0,0,0,0",3,Meiji Jingu Stadium,,,14000,GAME20010501YSDB0003
2001,2001-05-02,Reg Season,Nippon-Ham Fighters,Away,W,10,Osaka Kintetsu Buffaloes,10,10,0,"0,0,0,7,0,3,0,0,0",7,Kyocera Dome Osaka,,,15000,GAME20010502KINF0007
2001,2001-05-02,Reg Season,Osaka Kintetsu Buffaloes,Home,L,6,Nippon-Ham Fighters,6,9,0,"2,0,0,1,0,0,0,0,3",7,Kyocera Dome Osaka,,,15000,GAME20010502KINF0007
2001,2001-05-02,Reg Season,Chiba Lotte Marines,Away,L,7,Fukuoka Daiei Hawks,7,12,0,"0,0,2,2,1,0,0,1,1,0,0",8,Mizuho PayPay Dome Fukuoka,,,48000,GAME20010502SHLM0008
2001,2001-05-02,Reg Season,Fukuoka Daiei Hawks,Home,W,8,Chiba Lotte Marines,8,12,1,"0,1,4,0,1,0,0,1,0,0,1x",8,Mizuho PayPay Dome Fukuoka,,,48000,GAME20010502SHLM0008
2001,2001-05-02,Reg Season,Orix Bluewave,Away,W,10,Seibu Lions,10,16,0,"0,0,2,0,1,0,2,0,5",7,Belluna Dome,,,23000,GAME20010502SLOB0007
2001,2001-05-02,Reg Season,Seibu Lions,Home,L,3,Orix Bluewave,3,7,0,"2,1,0,0,0,0,0,0,0",7,Belluna Dome,,,23000,GAME20010502SLOB0007
2001,2001-05-02,Reg Season,Chunichi Dragons,Away,L,1,Yomiuri Giants,1,5,1,"1,0,0,0,0,0,0,0,0",5,Tokyo Dome,,,55000,GAME20010502YGCD0005
2001,2001-05-02,Reg Season,Yomiuri Giants,Home,W,3,Chunichi Dragons,3,7,1,"1,0,0,2,0,0,0,0,x",5,Tokyo Dome,,,55000,GAME20010502YGCD0005
2001,2001-05-02,Reg Season,Yokohama BayStars,Away,L,2,Yakult Swallows,2,6,0,"0,0,0,0,1,0,1,0,0",4,Meiji Jingu Stadium,,,12000,GAME20010502YSDB0004
2001,2001-05-02,Reg Season,Yakult Swallows,Home,W,4,Yokohama BayStars,4,8,1,"0,2,1,0,1,0,0,0,x",4,Meiji Jingu Stadium,,,12000,GAME20010502YSDB0004
2001,2001-05-03,Reg Season,Hiroshima Toyo Carp,Away,W,3,Hanshin Tigers,3,5,0,"0,0,0,0,0,0,0,3,0",5,Hanshin Koshien Stadium,,,48000,GAME20010503HTHC0005
2001,2001-05-03,Reg Season,Hanshin Tigers,Home,L,1,Hiroshima Toyo Carp,1,10,0,"0,0,0,0,0,0,1,0,0",5,Hanshin Koshien Stadium,,,48000,GAME20010503HTHC0005
2001,2001-05-03,Reg Season,Nippon-Ham Fighters,Away,L,0,Osaka Kintetsu Buffaloes,0,2,0,"0,0,0,0,0,0,0,0,0",8,Kyocera Dome Osaka,,,20000,GAME20010503KINF0008
2001,2001-05-03,Reg Season,Osaka Kintetsu Buffaloes,Home,W,1,Nippon-Ham Fighters,1,3,0,"0,0,0,0,1,0,0,0,x",8,Kyocera Dome Osaka,,,20000,GAME20010503KINF0008
2001,2001-05-03,Reg Season,Chiba Lotte Marines,Away,W,10,Fukuoka Daiei Hawks,10,9,1,"0,0,0,3,0,2,0,4,1",9,Mizuho PayPay Dome Fukuoka,,,48000,GAME20010503SHLM0009
2001,2001-05-03,Reg Season,Fukuoka Daiei Hawks,Home,L,2,Chiba Lotte Marines,2,8,0,"0,0,1,0,0,0,0,0,1",9,Mizuho PayPay Dome Fukuoka,,,48000,GAME20010503SHLM0009
2001,2001-05-03,Reg Season,Orix Bluewave,Away,L,2,Seibu Lions,2,7,1,"0,0,1,0,1,0,0,0,0",8,Belluna Dome,,,32000,GAME20010503SLOB0008
2001,2001-05-03,Reg Season,Seibu Lions,Home,W,6,Orix Bluewave,6,8,1,"1,0,0,0,1,4,0,0,x",8,Belluna Dome,,,32000,GAME20010503SLOB0008
2001,2001-05-03,Reg Season,Chunichi Dragons,Away,L,1,Yomiuri Giants,1,7,0,"0,0,0,0,0,0,0,1,0",6,Tokyo Dome,,,55000,GAME20010503YGCD0006
2001,2001-05-03,Reg Season,Yomiuri Giants,Home,W,2,Chunichi Dragons,2,7,0,"0,1,0,0,1,0,0,0,x",6,Tokyo Dome,,,55000,GAME20010503YGCD0006
2001,2001-05-03,Reg Season,Yokohama BayStars,Away,W,13,Yakult Swallows,13,15,3,"3,0,0,0,2,0,8,0,0",5,Meiji Jingu Stadium,,,24000,GAME20010503YSDB0005
2001,2001-05-03,Reg Season,Yakult Swallows,Home,L,8,Yokohama BayStars,8,13,3,"0,1,3,1,0,0,2,1,0",5,Meiji Jingu Stadium,,,24000,GAME20010503YSDB0005
2001,2001-05-04,Reg Season,Yomiuri Giants,Away,W,5,Yokohama BayStars,5,5,0,"0,0,0,0,0,0,0,3,2",7,Yokohama Stadium,,,30000,GAME20010504DBYG0007
2001,2001-05-04,Reg Season,Yokohama BayStars,Home,L,1,Yomiuri Giants,1,6,2,"0,0,0,0,0,0,0,0,1",7,Yokohama Stadium,,,30000,GAME20010504DBYG0007
2001,2001-05-04,Reg Season,Yakult Swallows,Away,L,1,Hiroshima Toyo Carp,1,6,0,"0,0,1,0,0,0,0,0,0",5,Hiroshima citizens,,,28000,GAME20010504HCYS0005
2001,2001-05-04,Reg Season,Hiroshima Toyo Carp,Home,W,4,Yakult Swallows,4,8,0,"1,0,0,0,0,2,1,0,x",5,Hiroshima citizens,,,28000,GAME20010504HCYS0005
2001,2001-05-04,Reg Season,Chunichi Dragons,Away,L,3,Hanshin Tigers,3,9,0,"0,0,0,0,0,0,1,2,0,0,0",7,Hanshin Koshien Stadium,,,43000,GAME20010504HTCD0007
2001,2001-05-04,Reg Season,Hanshin Tigers,Home,W,4,Chunichi Dragons,4,10,1,"0,0,0,0,0,0,0,3,0,0,1x",7,Hanshin Koshien Stadium,,,43000,GAME20010504HTCD0007
2001,2001-05-04,Reg Season,Fukuoka Daiei Hawks,Away,W,10,Osaka Kintetsu Buffaloes,10,14,0,"1,0,0,0,0,4,4,0,0,0,1",8,Kyocera Dome Osaka,,,45000,GAME20010504KISH0008
2001,2001-05-04,Reg Season,Osaka Kintetsu Buffaloes,Home,L,9,Fukuoka Daiei Hawks,9,17,4,"5,0,0,0,2,2,0,0,0,0,0",8,Kyocera Dome Osaka,,,45000,GAME20010504KISH0008
2001,2001-05-04,Reg Season,Orix Bluewave,Away,L,0,Chiba Lotte Marines,0,3,0,"0,0,0,0,0,0,0,0,0",6,ZOZO Marine Stadium,,,35000,GAME20010504LMOB0006
2001,2001-05-04,Reg Season,Chiba Lotte Marines,Home,W,2,Orix Bluewave,2,7,0,"1,0,0,0,0,1,0,0,x",6,ZOZO Marine Stadium,,,35000,GAME20010504LMOB0006
2001,2001-05-04,Reg Season,Seibu Lions,Away,W,9,Nippon-Ham Fighters,9,16,1,"0,0,2,3,2,1,0,0,1",6,Tokyo Dome,,,36000,GAME20010504NFSL0006
2001,2001-05-04,Reg Season,Nippon-Ham Fighters,Home,L,8,Seibu Lions,8,13,0,"2,0,1,2,0,2,0,1,0",6,Tokyo Dome,,,36000,GAME20010504NFSL0006
2001,2001-05-05,Reg Season,Yomiuri Giants,Away,L,2,Yokohama BayStars,2,7,0,"0,0,0,0,1,0,0,1,0",8,Yokohama Stadium,,,30000,GAME20010505DBYG0008
2001,2001-05-05,Reg Season,Yokohama BayStars,Home,W,3,Yomiuri Giants,3,9,1,"2,0,0,0,0,0,0,1,x",8,Yokohama Stadium,,,30000,GAME20010505DBYG0008
2001,2001-05-05,Reg Season,Yakult Swallows,Away,L,0,Hiroshima Toyo Carp,0,3,0,"0,0,0,0,0,0,0,0,0",6,Hiroshima citizens,,,28000,GAME20010505HCYS0006
2001,2001-05-05,Reg Season,Hiroshima Toyo Carp,Home,W,5,Yakult Swallows,5,8,0,"0,2,3,0,0,0,0,0,x",6,Hiroshima citizens,,,28000,GAME20010505HCYS0006
2001,2001-05-05,Reg Season,Chunichi Dragons,Away,W,3,Hanshin Tigers,3,10,0,"0,1,0,0,0,0,2,0,0",8,Hanshin Koshien Stadium,,,45000,GAME20010505HTCD0008
2001,2001-05-05,Reg Season,Hanshin Tigers,Home,L,1,Chunichi Dragons,1,6,1,"0,0,0,0,1,0,0,0,0",8,Hanshin Koshien Stadium,,,45000,GAME20010505HTCD0008
2001,2001-05-05,Reg Season,Fukuoka Daiei Hawks,Away,W,4,Osaka Kintetsu Buffaloes,4,9,0,"0,1,0,0,0,0,0,0,2,1",9,Kyocera Dome Osaka,,,42000,GAME20010505KISH0009
2001,2001-05-05,Reg Season,Osaka Kintetsu Buffaloes,Home,L,3,Fukuoka Daiei Hawks,3,8,0,"0,2,0,1,0,0,0,0,0,0",9,Kyocera Dome Osaka,,,42000,GAME20010505KISH0009
2001,2001-05-05,Reg Season,Orix Bluewave,Away,W,3,Chiba Lotte Marines,3,8,2,"0,0,0,0,0,2,1,0,0",7,ZOZO Marine Stadium,,,33000,GAME20010505LMOB0007
2001,2001-05-05,Reg Season,Chiba Lotte Marines,Home,L,2,Orix Bluewave,2,5,0,"0,1,0,1,0,0,0,0,0",7,ZOZO Marine Stadium,,,33000,GAME20010505LMOB0007
2001,2001-05-05,Reg Season,Seibu Lions,Away,W,6,Nippon-Ham Fighters,6,11,0,"2,0,0,1,1,0,0,0,2",7,Tokyo Dome,,,42000,GAME20010505NFSL0007
2001,2001-05-05,Reg Season,Nippon-Ham Fighters,Home,L,2,Seibu Lions,2,6,1,"0,0,1,0,0,0,0,0,1",7,Tokyo Dome,,,42000,GAME20010505NFSL0007
2001,2001-05-06,Reg Season,Yomiuri Giants,Away,W,14,Yokohama BayStars,14,17,0,"2,5,0,1,3,0,1,2,0",9,Yokohama Stadium,,,30000,GAME20010506DBYG0009
2001,2001-05-06,Reg Season,Yokohama BayStars,Home,L,4,Yomiuri Giants,4,10,1,"0,1,0,0,1,2,0,0,0",9,Yokohama Stadium,,,30000,GAME20010506DBYG0009
2001,2001-05-06,Reg Season,Yakult Swallows,Away,W,15,Hiroshima Toyo Carp,15,17,0,"0,0,5,0,2,0,4,4,0",7,Hiroshima citizens,,,15000,GAME20010506HCYS0007
2001,2001-05-06,Reg Season,Hiroshima Toyo Carp,Home,L,11,Yakult Swallows,11,15,1,"0,1,0,3,0,1,6,0,0",7,Hiroshima citizens,,,15000,GAME20010506HCYS0007
2001,2001-05-06,Reg Season,Chunichi Dragons,Away,W,8,Hanshin Tigers,8,14,1,"0,2,0,0,0,3,0,3,0",9,Hanshin Koshien Stadium,,,30000,GAME20010506HTCD0009
2001,2001-05-06,Reg Season,Hanshin Tigers,Home,L,5,Chunichi Dragons,5,8,1,"0,0,2,3,0,0,0,0,0",9,Hanshin Koshien Stadium,,,30000,GAME20010506HTCD0009
2001,2001-05-06,Reg Season,Fukuoka Daiei Hawks,Away,W,4,Osaka Kintetsu Buffaloes,4,12,3,"0,0,0,2,0,2,0,0,0",10,Kyocera Dome Osaka,,,25000,GAME20010506KISH0010
2001,2001-05-06,Reg Season,Osaka Kintetsu Buffaloes,Home,L,3,Fukuoka Daiei Hawks,3,7,0,"0,0,0,1,1,1,0,0,0",10,Kyocera Dome Osaka,,,25000,GAME20010506KISH0010
2001,2001-05-06,Reg Season,Orix Bluewave,Away,W,9,Chiba Lotte Marines,9,13,0,"0,1,0,1,3,0,3,0,1",8,ZOZO Marine Stadium,,,25000,GAME20010506LMOB0008
2001,2001-05-06,Reg Season,Chiba Lotte Marines,Home,L,5,Orix Bluewave,5,7,0,"3,2,0,0,0,0,0,0,0",8,ZOZO Marine Stadium,,,25000,GAME20010506LMOB0008
2001,2001-05-06,Reg Season,Seibu Lions,Away,W,7,Nippon-Ham Fighters,7,7,0,"6,0,0,1,0,0,0,0,0",8,Tokyo Dome,,,21000,GAME20010506NFSL0008
2001,2001-05-06,Reg Season,Nippon-Ham Fighters,Home,L,0,Seibu Lions,0,4,1,"0,0,0,0,0,0,0,0,0",8,Tokyo Dome,,,21000,GAME20010506NFSL0008
2001,2001-05-08,Reg Season,Yakult Swallows,Away,L,2,Chunichi Dragons,2,5,0,"0,0,0,0,0,1,0,0,1",7,Vantelin Dome Nagoya,,,33000,GAME20010508CDYS0007
2001,2001-05-08,Reg Season,Chunichi Dragons,Home,W,3,Yakult Swallows,3,5,0,"0,0,0,0,2,0,1,0,x",7,Vantelin Dome Nagoya,,,33000,GAME20010508CDYS0007
2001,2001-05-08,Reg Season,Yomiuri Giants,Away,W,2,Hiroshima Toyo Carp,2,5,0,"0,0,2,0,0,0,0,0,0",7,Hiroshima citizens,,,14000,GAME20010508HCYG0007
2001,2001-05-08,Reg Season,Hiroshima Toyo Carp,Home,L,0,Yomiuri Giants,0,4,0,"0,0,0,0,0,0,0,0,0",7,Hiroshima citizens,,,14000,GAME20010508HCYG0007
2001,2001-05-08,Reg Season,Osaka Kintetsu Buffaloes,Away,W,8,Seibu Lions,8,15,2,"1,1,2,0,1,1,0,2,0",6,Belluna Dome,,,10000,GAME20010508SLKI0006
2001,2001-05-08,Reg Season,Seibu Lions,Home,L,3,Osaka Kintetsu Buffaloes,3,6,0,"0,0,0,3,0,0,0,0,0",6,Belluna Dome,,,10000,GAME20010508SLKI0006
2001,2001-05-09,Reg Season,Yakult Swallows,Away,L,0,Chunichi Dragons,0,2,0,"0,0,0,0,0,0,0,0,0",8,Vantelin Dome Nagoya,,,33000,GAME20010509CDYS0008
2001,2001-05-09,Reg Season,Chunichi Dragons,Home,W,2,Yakult Swallows,2,6,0,"0,0,0,0,0,2,0,0,x",8,Vantelin Dome Nagoya,,,33000,GAME20010509CDYS0008
2001,2001-05-09,Reg Season,Hanshin Tigers,Away,L,2,Yokohama BayStars,2,8,2,"0,0,0,2,0,0,0,0,0",6,Yokohama Stadium,,,24000,GAME20010509DBHT0006
2001,2001-05-09,Reg Season,Yokohama BayStars,Home,W,7,Hanshin Tigers,7,14,1,"0,0,3,1,0,0,0,3,x",6,Yokohama Stadium,,,24000,GAME20010509DBHT0006
2001,2001-05-09,Reg Season,Yomiuri Giants,Away,L,6,Hiroshima Toyo Carp,6,11,0,"3,3,0,0,0,0,0,0,0",8,Hiroshima citizens,,,17000,GAME20010509HCYG0008
2001,2001-05-09,Reg Season,Hiroshima Toyo Carp,Home,W,7,Yomiuri Giants,7,12,0,"0,1,2,0,0,1,0,0,3x",8,Hiroshima citizens,,,17000,GAME20010509HCYG0008
2001,2001-05-09,Reg Season,Nippon-Ham Fighters,Away,W,5,Chiba Lotte Marines,5,6,0,"2,0,2,0,0,0,0,0,1",6,ZOZO Marine Stadium,,,10000,GAME20010509LMNF0006
2001,2001-05-09,Reg Season,Chiba Lotte Marines,Home,L,0,Nippon-Ham Fighters,0,4,1,"0,0,0,0,0,0,0,0,0",6,ZOZO Marine Stadium,,,10000,GAME20010509LMNF0006
2001,2001-05-09,Reg Season,Fukuoka Daiei Hawks,Away,L,3,Orix Bluewave,3,8,0,"0,0,3,0,0,0,0,0,0",6,Alpen Stadium,,,13000,GAME20010509OBSH0006
2001,2001-05-09,Reg Season,Orix Bluewave,Home,W,5,Fukuoka Daiei Hawks,5,10,0,"1,2,0,1,1,0,0,0,x",6,Alpen Stadium,,,13000,GAME20010509OBSH0006
2001,2001-05-09,Reg Season,Osaka Kintetsu Buffaloes,Away,W,11,Seibu Lions,11,13,1,"3,0,3,0,0,1,4,0,0",7,Belluna Dome,,,15000,GAME20010509SLKI0007
2001,2001-05-09,Reg Season,Seibu Lions,Home,L,4,Osaka Kintetsu Buffaloes,4,10,0,"0,0,0,0,1,0,0,1,2",7,Belluna Dome,,,15000,GAME20010509SLKI0007
2001,2001-05-10,Reg Season,Yakult Swallows,Away,L,1,Chunichi Dragons,1,5,1,"0,0,0,0,0,1,0,0,0",9,Vantelin Dome Nagoya,,,33000,GAME20010510CDYS0009
2001,2001-05-10,Reg Season,Chunichi Dragons,Home,W,3,Yakult Swallows,3,6,0,"1,0,0,0,0,2,0,0,x",9,Vantelin Dome Nagoya,,,33000,GAME20010510CDYS0009
2001,2001-05-10,Reg Season,Hanshin Tigers,Away,W,8,Yokohama BayStars,8,13,2,"0,1,1,0,2,2,2,0,0",7,Yokohama Stadium,,,24000,GAME20010510DBHT0007
2001,2001-05-10,Reg Season,Yokohama BayStars,Home,L,4,Hanshin Tigers,4,10,1,"0,1,0,0,0,1,2,0,0",7,Yokohama Stadium,,,24000,GAME20010510DBHT0007
2001,2001-05-10,Reg Season,Yomiuri Giants,Away,L,11,Hiroshima Toyo Carp,11,18,0,"1,0,0,4,3,0,0,2,1",9,Hiroshima citizens,,,18000,GAME20010510HCYG0009
2001,2001-05-10,Reg Season,Hiroshima Toyo Carp,Home,W,12,Yomiuri Giants,12,16,2,"4,4,0,2,0,1,0,1,x",9,Hiroshima citizens,,,18000,GAME20010510HCYG0009
2001,2001-05-10,Reg Season,Osaka Kintetsu Buffaloes,Away,L,4,Seibu Lions,4,10,0,"0,0,1,0,0,2,0,1,0",8,Belluna Dome,,,18000,GAME20010510SLKI0008
2001,2001-05-10,Reg Season,Seibu Lions,Home,W,8,Osaka Kintetsu Buffaloes,8,11,1,"0,1,3,1,3,0,0,0,x",8,Belluna Dome,,,18000,GAME20010510SLKI0008
2001,2001-05-11,Reg Season,Yomiuri Giants,Away,L,1,Chunichi Dragons,1,11,1,"0,0,0,0,0,0,1,0,0",7,Vantelin Dome Nagoya,,,40500,GAME20010511CDYG0007
2001,2001-05-11,Reg Season,Chunichi Dragons,Home,W,4,Yomiuri Giants,4,9,1,"0,0,4,0,0,0,0,0,x",7,Vantelin Dome Nagoya,,,40500,GAME20010511CDYG0007
2001,2001-05-11,Reg Season,Hiroshima Toyo Carp,Away,L,1,Hanshin Tigers,1,6,0,"1,0,0,0,0,0,0,0,0",6,Hanshin Koshien Stadium,,,25000,GAME20010511HTHC0006
2001,2001-05-11,Reg Season,Hanshin Tigers,Home,W,2,Hiroshima Toyo Carp,2,7,0,"0,0,1,0,0,1,0,0,x",6,Hanshin Koshien Stadium,,,25000,GAME20010511HTHC0006
2001,2001-05-11,Reg Season,Chiba Lotte Marines,Away,W,12,Osaka Kintetsu Buffaloes,12,15,0,"0,0,0,6,2,0,1,3,0",7,Kyocera Dome Osaka,,,14000,GAME20010511KILM0007
2001,2001-05-11,Reg Season,Osaka Kintetsu Buffaloes,Home,L,2,Chiba Lotte Marines,2,6,0,"0,2,0,0,0,0,0,0,0",7,Kyocera Dome Osaka,,,14000,GAME20010511KILM0007
2001,2001-05-11,Reg Season,Orix Bluewave,Away,W,6,Nippon-Ham Fighters,6,12,0,"0,0,0,0,3,1,0,0,2",10,Tokyo Dome,,,12000,GAME20010511NFOB0010
2001,2001-05-11,Reg Season,Nippon-Ham Fighters,Home,L,3,Orix Bluewave,3,7,0,"0,0,1,2,0,0,0,0,0",10,Tokyo Dome,,,12000,GAME20010511NFOB0010
2001,2001-05-12,Reg Season,Yomiuri Giants,Away,W,3,Chunichi Dragons,3,8,0,"1,0,0,2,0,0,0,0,0",8,Vantelin Dome Nagoya,,,40500,GAME20010512CDYG0008
2001,2001-05-12,Reg Season,Chunichi Dragons,Home,L,1,Yomiuri Giants,1,8,0,"0,0,0,0,0,0,0,0,1",8,Vantelin Dome Nagoya,,,40500,GAME20010512CDYG0008
2001,2001-05-12,Reg Season,Hiroshima Toyo Carp,Away,W,9,Hanshin Tigers,9,10,2,"0,3,0,0,1,0,5,0,0",7,Hanshin Koshien Stadium,,,33000,GAME20010512HTHC0007
2001,2001-05-12,Reg Season,Hanshin Tigers,Home,L,1,Hiroshima Toyo Carp,1,4,0,"0,1,0,0,0,0,0,0,0",7,Hanshin Koshien Stadium,,,33000,GAME20010512HTHC0007
2001,2001-05-12,Reg Season,Chiba Lotte Marines,Away,L,7,Osaka Kintetsu Buffaloes,7,9,1,"4,1,0,0,0,0,1,0,1",8,Kyocera Dome Osaka,,,14000,GAME20010512KILM0008
2001,2001-05-12,Reg Season,Osaka Kintetsu Buffaloes,Home,W,11,Chiba Lotte Marines,11,15,1,"7,1,0,2,0,0,1,0,x",8,Kyocera Dome Osaka,,,14000,GAME20010512KILM0008
2001,2001-05-12,Reg Season,Orix Bluewave,Away,W,11,Nippon-Ham Fighters,11,13,0,"0,0,2,0,1,3,0,2,3",11,Tokyo Dome,,,18000,GAME20010512NFOB0011
2001,2001-05-12,Reg Season,Nippon-Ham Fighters,Home,L,4,Orix Bluewave,4,8,0,"0,1,0,3,0,0,0,0,0",11,Tokyo Dome,,,18000,GAME20010512NFOB0011
2001,2001-05-12,Reg Season,Seibu Lions,Away,L,2,Fukuoka Daiei Hawks,2,7,1,"0,0,0,0,0,0,0,0,2",7,Mizuho PayPay Dome Fukuoka,,,48000,GAME20010512SHSL0007
2001,2001-05-12,Reg Season,Fukuoka Daiei Hawks,Home,W,4,Seibu Lions,4,9,1,"0,1,0,0,0,2,1,0,x",7,Mizuho PayPay Dome Fukuoka,,,48000,GAME20010512SHSL0007
2001,2001-05-12,Reg Season,Yokohama BayStars,Away,L,3,Yakult Swallows,3,10,1,"0,2,0,1,0,0,0,0,0",6,Rakuten Seimei Park Miyagi,,,26000,GAME20010512YSDB0006
2001,2001-05-12,Reg Season,Yakult Swallows,Home,W,8,Yokohama BayStars,8,10,0,"0,0,0,2,1,1,4,0,x",6,Rakuten Seimei Park Miyagi,,,26000,GAME20010512YSDB0006
2001,2001-05-13,Reg Season,Yomiuri Giants,Away,L,2,Chunichi Dragons,2,7,0,"0,0,0,0,0,0,1,0,1",9,Vantelin Dome Nagoya,,,40500,GAME20010513CDYG0009
2001,2001-05-13,Reg Season,Chunichi Dragons,Home,W,6,Yomiuri Giants,6,8,1,"0,5,1,0,0,0,0,0,x",9,Vantelin Dome Nagoya,,,40500,GAME20010513CDYG0009
2001,2001-05-13,Reg Season,Hiroshima Toyo Carp,Away,L,3,Hanshin Tigers,3,7,0,"0,0,0,1,0,0,0,2,0",8,Hanshin Koshien Stadium,,,33000,GAME20010513HTHC0008
2001,2001-05-13,Reg Season,Hanshin Tigers,Home,W,5,Hiroshima Toyo Carp,5,9,0,"0,0,0,1,0,0,0,0,4x",8,Hanshin Koshien Stadium,,,33000,GAME20010513HTHC0008
2001,2001-05-13,Reg Season,Chiba Lotte Marines,Away,W,10,Osaka Kintetsu Buffaloes,10,13,0,"0,0,0,0,0,5,4,0,1",9,Kyocera Dome Osaka,,,15000,GAME20010513KILM0009
2001,2001-05-13,Reg Season,Osaka Kintetsu Buffaloes,Home,L,5,Chiba Lotte Marines,5,11,1,"0,0,0,0,0,1,2,1,1",9,Kyocera Dome Osaka,,,15000,GAME20010513KILM0009
2001,2001-05-13,Reg Season,Orix Bluewave,Away,T,2,Nippon-Ham Fighters,2,10,0,"0,0,0,1,1,0,0,0,0,0,0,0",12,Tokyo Dome,,,15000,GAME20010513NFOB0012
2001,2001-05-13,Reg Season,Nippon-Ham Fighters,Home,T,2,Orix Bluewave,2,5,1,"0,0,0,0,0,1,0,1,0,0,0,0",12,Tokyo Dome,,,15000,GAME20010513NFOB0012
2001,2001-05-13,Reg Season,Seibu Lions,Away,W,5,Fukuoka Daiei Hawks,5,9,0,"0,0,0,0,0,3,0,0,0,0,2",8,Mizuho PayPay Dome Fukuoka,,,48000,GAME20010513SHSL0008
2001,2001-05-13,Reg Season,Fukuoka Daiei Hawks,Home,L,3,Seibu Lions,3,8,2,"1,0,0,0,0,0,0,2,0,0,0",8,Mizuho PayPay Dome Fukuoka,,,48000,GAME20010513SHSL0008
2001,2001-05-13,Reg Season,Yokohama BayStars,Away,L,4,Yakult Swallows,4,5,3,"3,0,0,1,0,0,0,0,0",7,Iwate Prefectural Baseball Field,,,18000,GAME20010513YSDB0007
2001,2001-05-13,Reg Season,Yakult Swallows,Home,W,6,Yokohama BayStars,6,10,1,"4,0,1,0,0,0,1,0,x",7,Iwate Prefectural Baseball Field,,,18000,GAME20010513YSDB0007
2001,2001-05-14,Reg Season,Fukuoka Daiei Hawks,Away,L,3,Nippon-Ham Fighters,3,4,0,"0,0,0,0,0,0,0,3,0",7,Tokyo Dome,,,18000,GAME20010514NFSH0007
2001,2001-05-14,Reg Season,Nippon-Ham Fighters,Home,W,9,Fukuoka Daiei Hawks,9,12,0,"0,0,0,2,4,0,1,2,x",7,Tokyo Dome,,,18000,GAME20010514NFSH0007
2001,2001-05-14,Reg Season,Osaka Kintetsu Buffaloes,Away,L,1,Orix Bluewave,1,7,0,"0,0,0,1,0,0,0,0,0",6,Kobe Athletic Park Baseball Field,,,12000,GAME20010514OBKI0006
2001,2001-05-14,Reg Season,Orix Bluewave,Home,W,5,Osaka Kintetsu Buffaloes,5,10,0,"0,3,0,0,0,2,0,0,x",6,Kobe Athletic Park Baseball Field,,,12000,GAME20010514OBKI0006
2001,2001-05-15,Reg Season,Chunichi Dragons,Away,W,3,Yokohama BayStars,3,8,0,"0,0,0,0,0,0,0,0,1,2",7,Yokohama Stadium,,,16000,GAME20010515DBCD0007
2001,2001-05-15,Reg Season,Yokohama BayStars,Home,L,1,Chunichi Dragons,1,8,0,"0,1,0,0,0,0,0,0,0,0",7,Yokohama Stadium,,,16000,GAME20010515DBCD0007
2001,2001-05-15,Reg Season,Seibu Lions,Away,L,3,Chiba Lotte Marines,3,9,0,"0,0,0,0,0,2,1,0,0",9,Fukui Prefectural Stadium,,,16000,GAME20010515LMSL0009
2001,2001-05-15,Reg Season,Chiba Lotte Marines,Home,W,7,Seibu Lions,7,10,1,"0,0,0,0,3,4,0,0,x",9,Fukui Prefectural Stadium,,,16000,GAME20010515LMSL0009
2001,2001-05-15,Reg Season,Fukuoka Daiei Hawks,Away,W,8,Nippon-Ham Fighters,8,10,1,"2,0,0,1,0,4,0,1,0",8,Tokyo Dome,,,22000,GAME20010515NFSH0008
2001,2001-05-15,Reg Season,Nippon-Ham Fighters,Home,L,5,Fukuoka Daiei Hawks,5,10,0,"0,0,1,1,1,0,0,2,0",8,Tokyo Dome,,,22000,GAME20010515NFSH0008
2001,2001-05-15,Reg Season,Osaka Kintetsu Buffaloes,Away,L,3,Orix Bluewave,3,6,0,"0,0,1,0,0,1,0,1,0,0,0,0",7,Kobe Athletic Park Baseball Field,,,12000,GAME20010515OBKI0007
2001,2001-05-15,Reg Season,Orix Bluewave,Home,W,4,Osaka Kintetsu Buffaloes,4,9,0,"0,0,0,1,0,0,0,2,0,0,0,1x",7,Kobe Athletic Park Baseball Field,,,12000,GAME20010515OBKI0007
2001,2001-05-15,Reg Season,Hanshin Tigers,Away,L,8,Yomiuri Giants,8,11,1,"0,0,4,3,0,0,0,1,0",7,Mizuho PayPay Dome Fukuoka,,,48000,GAME20010515YGHT0007
2001,2001-05-15,Reg Season,Yomiuri Giants,Home,W,11,Hanshin Tigers,11,16,0,"1,4,3,0,0,3,0,0,x",7,Mizuho PayPay Dome Fukuoka,,,48000,GAME20010515YGHT0007
2001,2001-05-15,Reg Season,Hiroshima Toyo Carp,Away,L,2,Yakult Swallows,2,7,1,"0,0,1,0,0,0,0,0,1",8,Meiji Jingu Stadium,,,16000,GAME20010515YSHC0008
2001,2001-05-15,Reg Season,Yakult Swallows,Home,W,11,Hiroshima Toyo Carp,11,16,0,"0,4,3,2,0,2,0,0,x",8,Meiji Jingu Stadium,,,16000,GAME20010515YSHC0008
2001,2001-05-16,Reg Season,Seibu Lions,Away,L,5,Chiba Lotte Marines,5,12,1,"0,0,3,0,0,0,0,2,0",10,Ishikawa Prefectural Baseball Stadium,,,15000,GAME20010516LMSL0010
2001,2001-05-16,Reg Season,Chiba Lotte Marines,Home,W,7,Seibu Lions,7,10,1,"2,0,0,2,0,0,2,1,x",10,Ishikawa Prefectural Baseball Stadium,,,15000,GAME20010516LMSL0010
2001,2001-05-16,Reg Season,Osaka Kintetsu Buffaloes,Away,L,5,Orix Bluewave,5,10,1,"0,0,0,1,0,0,2,1,1",8,Kobe Athletic Park Baseball Field,,,13000,GAME20010516OBKI0008
2001,2001-05-16,Reg Season,Orix Bluewave,Home,W,11,Osaka Kintetsu Buffaloes,11,15,1,"2,0,0,4,0,3,0,2,x",8,Kobe Athletic Park Baseball Field,,,13000,GAME20010516OBKI0008
2001,2001-05-16,Reg Season,Hanshin Tigers,Away,W,5,Yomiuri Giants,5,9,1,"0,0,1,1,3,0,0,0,0",8,Mizuho PayPay Dome Fukuoka,,,48000,GAME20010516YGHT0008
2001,2001-05-16,Reg Season,Yomiuri Giants,Home,L,4,Hanshin Tigers,4,8,1,"0,0,0,0,1,3,0,0,0",8,Mizuho PayPay Dome Fukuoka,,,48000,GAME20010516YGHT0008
2001,2001-05-16,Reg Season,Hiroshima Toyo Carp,Away,L,0,Yakult Swallows,0,4,0,"0,0,0,0,0,0,0,0,0",9,Meiji Jingu Stadium,,,14000,GAME20010516YSHC0009
2001,2001-05-16,Reg Season,Yakult Swallows,Home,W,3,Hiroshima Toyo Carp,3,10,0,"1,0,0,1,0,1,0,0,x",9,Meiji Jingu Stadium,,,14000,GAME20010516YSHC0009
2001,2001-05-17,Reg Season,Chunichi Dragons,Away,L,7,Yokohama BayStars,7,14,0,"0,0,4,1,0,0,0,0,2",8,Yokohama Stadium,,,18000,GAME20010517DBCD0008
2001,2001-05-17,Reg Season,Yokohama BayStars,Home,W,8,Chunichi Dragons,8,11,1,"0,3,0,0,0,3,0,1,1x",8,Yokohama Stadium,,,18000,GAME20010517DBCD0008
2001,2001-05-17,Reg Season,Hanshin Tigers,Away,L,2,Yomiuri Giants,2,3,0,"0,0,0,2,0,0,0,0,0",9,Mizuho PayPay Dome Fukuoka,,,48000,GAME20010517YGHT0009
2001,2001-05-17,Reg Season,Yomiuri Giants,Home,W,4,Hanshin Tigers,4,6,0,"2,0,0,1,0,1,0,0,x",9,Mizuho PayPay Dome Fukuoka,,,48000,GAME20010517YGHT0009
2001,2001-05-17,Reg Season,Hiroshima Toyo Carp,Away,W,3,Yakult Swallows,3,8,1,"2,0,0,0,0,0,0,1,0",10,Meiji Jingu Stadium,,,20000,GAME20010517YSHC0010
2001,2001-05-17,Reg Season,Yakult Swallows,Home,L,2,Hiroshima Toyo Carp,2,6,1,"0,1,0,0,0,1,0,0,0",10,Meiji Jingu Stadium,,,20000,GAME20010517YSHC0010
2001,2001-05-18,Reg Season,Osaka Kintetsu Buffaloes,Away,L,2,Chiba Lotte Marines,2,4,1,"0,2,0,0,0,0,0,0,0",10,ZOZO Marine Stadium,,,13000,GAME20010518LMKI0010
2001,2001-05-18,Reg Season,Chiba Lotte Marines,Home,W,3,Osaka Kintetsu Buffaloes,3,9,2,"1,0,0,0,0,2,0,0,x",10,ZOZO Marine Stadium,,,13000,GAME20010518LMKI0010
2001,2001-05-18,Reg Season,Orix Bluewave,Away,L,1,Fukuoka Daiei Hawks,1,8,1,"0,1,0,0,0,0,0,0,0",7,Mizuho PayPay Dome Fukuoka,,,42000,GAME20010518SHOB0007
2001,2001-05-18,Reg Season,Fukuoka Daiei Hawks,Home,W,7,Orix Bluewave,7,14,0,"0,0,2,0,2,2,1,0,x",7,Mizuho PayPay Dome Fukuoka,,,42000,GAME20010518SHOB0007
2001,2001-05-18,Reg Season,Nippon-Ham Fighters,Away,L,3,Seibu Lions,3,8,0,"0,0,0,1,0,0,1,1,0",9,Maebashi Municipal Baseball Stadium,,,18000,GAME20010518SLNF0009
2001,2001-05-18,Reg Season,Seibu Lions,Home,W,5,Nippon-Ham Fighters,5,7,1,"0,2,3,0,0,0,0,0,x",9,Maebashi Municipal Baseball Stadium,,,18000,GAME20010518SLNF0009
2001,2001-05-18,Reg Season,Yokohama BayStars,Away,L,3,Yomiuri Giants,3,11,1,"0,2,0,0,0,0,1,0,0",10,Tokyo Dome,,,55000,GAME20010518YGDB0010
2001,2001-05-18,Reg Season,Yomiuri Giants,Home,W,10,Yokohama BayStars,10,16,2,"0,1,3,3,0,0,3,0,x",10,Tokyo Dome,,,55000,GAME20010518YGDB0010
2001,2001-05-18,Reg Season,Hanshin Tigers,Away,L,3,Yakult Swallows,3,13,2,"0,1,1,0,0,0,0,1,0",7,Meiji Jingu Stadium,,,22000,GAME20010518YSHT0007
2001,2001-05-18,Reg Season,Yakult Swallows,Home,W,14,Hanshin Tigers,14,16,0,"6,4,0,1,0,2,1,0,x",7,Meiji Jingu Stadium,,,22000,GAME20010518YSHT0007
2001,2001-05-19,Reg Season,Chunichi Dragons,Away,L,3,Hiroshima Toyo Carp,3,8,0,"0,1,1,0,0,0,1,0,0",7,Saga Baseball Stadium,,,10000,GAME20010519HCCD0007
2001,2001-05-19,Reg Season,Hiroshima Toyo Carp,Home,W,4,Chunichi Dragons,4,12,3,"1,3,0,0,0,0,0,0,x",7,Saga Baseball Stadium,,,10000,GAME20010519HCCD0007
2001,2001-05-19,Reg Season,Osaka Kintetsu Buffaloes,Away,W,8,Chiba Lotte Marines,8,10,2,"1,0,0,0,0,1,2,0,0,0,0,4",11,ZOZO Marine Stadium,,,20000,GAME20010519LMKI0011
2001,2001-05-19,Reg Season,Chiba Lotte Marines,Home,L,4,Osaka Kintetsu Buffaloes,4,10,1,"0,0,0,0,0,3,0,0,1,0,0,0",11,ZOZO Marine Stadium,,,20000,GAME20010519LMKI0011
2001,2001-05-19,Reg Season,Orix Bluewave,Away,W,17,Fukuoka Daiei Hawks,17,24,0,"2,0,0,1,4,2,2,6,0",8,Mizuho PayPay Dome Fukuoka,,,46000,GAME20010519SHOB0008
2001,2001-05-19,Reg Season,Fukuoka Daiei Hawks,Home,L,1,Orix Bluewave,1,5,0,"0,1,0,0,0,0,0,0,0",8,Mizuho PayPay Dome Fukuoka,,,46000,GAME20010519SHOB0008
2001,2001-05-19,Reg Season,Nippon-Ham Fighters,Away,L,1,Seibu Lions,1,5,1,"0,0,0,0,0,0,0,1,0",10,Nagano Olympic Stadium,,,12000,GAME20010519SLNF0010
2001,2001-05-19,Reg Season,Seibu Lions,Home,W,4,Nippon-Ham Fighters,4,5,0,"0,0,1,0,0,0,0,0,3x",10,Nagano Olympic Stadium,,,12000,GAME20010519SLNF0010
2001,2001-05-19,Reg Season,Yokohama BayStars,Away,L,5,Yomiuri Giants,5,7,0,"1,0,0,0,0,4,0,0,0",11,Tokyo Dome,,,55000,GAME20010519YGDB0011
2001,2001-05-19,Reg Season,Yomiuri Giants,Home,W,7,Yokohama BayStars,7,10,3,"2,2,2,0,0,1,0,0,x",11,Tokyo Dome,,,55000,GAME20010519YGDB0011
2001,2001-05-19,Reg Season,Hanshin Tigers,Away,W,5,Yakult Swallows,5,14,0,"1,2,1,1,0,0,0,0,0",8,Meiji Jingu Stadium,,,30000,GAME20010519YSHT0008
2001,2001-05-19,Reg Season,Yakult Swallows,Home,L,3,Hanshin Tigers,3,9,0,"0,0,0,0,0,1,0,0,2",8,Meiji Jingu Stadium,,,30000,GAME20010519YSHT0008
2001,2001-05-20,Reg Season,Chunichi Dragons,Away,L,1,Hiroshima Toyo Carp,1,10,0,"0,1,0,0,0,0,0,0,0",8,Saga Baseball Stadium,,,10000,GAME20010520HCCD0008
2001,2001-05-20,Reg Season,Hiroshima Toyo Carp,Home,W,4,Chunichi Dragons,4,9,0,"0,0,0,0,3,0,0,1,x",8,Saga Baseball Stadium,,,10000,GAME20010520HCCD0008
2001,2001-05-20,Reg Season,Osaka Kintetsu Buffaloes,Away,W,6,Chiba Lotte Marines,6,11,0,"0,0,0,4,0,0,2,0,0",12,ZOZO Marine Stadium,,,22000,GAME20010520LMKI0012
2001,2001-05-20,Reg Season,Chiba Lotte Marines,Home,L,3,Osaka Kintetsu Buffaloes,3,5,0,"0,0,0,0,0,0,0,0,3",12,ZOZO Marine Stadium,,,22000,GAME20010520LMKI0012
2001,2001-05-20,Reg Season,Orix Bluewave,Away,L,4,Fukuoka Daiei Hawks,4,9,1,"1,0,1,1,0,0,1,0,0",9,Mizuho PayPay Dome Fukuoka,,,47000,GAME20010520SHOB0009
2001,2001-05-20,Reg Season,Fukuoka Daiei Hawks,Home,W,9,Orix Bluewave,9,12,1,"3,4,0,0,0,1,1,0,x",9,Mizuho PayPay Dome Fukuoka,,,47000,GAME20010520SHOB0009
2001,2001-05-20,Reg Season,Nippon-Ham Fighters,Away,L,3,Seibu Lions,3,9,1,"0,0,0,0,0,0,1,0,2",11,Nagano Olympic Stadium,,,20000,GAME20010520SLNF0011
2001,2001-05-20,Reg Season,Seibu Lions,Home,W,9,Nippon-Ham Fighters,9,12,0,"0,0,2,0,5,2,0,0,x",11,Nagano Olympic Stadium,,,20000,GAME20010520SLNF0011
2001,2001-05-20,Reg Season,Yokohama BayStars,Away,L,2,Yomiuri Giants,2,5,0,"1,0,0,0,0,0,0,0,1",12,Tokyo Dome,,,55000,GAME20010520YGDB0012
2001,2001-05-20,Reg Season,Yomiuri Giants,Home,W,7,Yokohama BayStars,7,11,1,"0,0,2,1,0,4,0,0,x",12,Tokyo Dome,,,55000,GAME20010520YGDB0012
2001,2001-05-20,Reg Season,Hanshin Tigers,Away,L,2,Yakult Swallows,2,6,0,"2,0,0,0,0,0,0,0,0,0",9,Meiji Jingu Stadium,,,26000,GAME20010520YSHT0009
2001,2001-05-20,Reg Season,Yakult Swallows,Home,W,5,Hanshin Tigers,5,8,0,"1,0,0,0,0,0,0,0,1,3X",9,Meiji Jingu Stadium,,,26000,GAME20010520YSHT0009
2001,2001-05-21,Reg Season,Seibu Lions,Away,L,4,Osaka Kintetsu Buffaloes,4,7,1,"0,0,0,2,2,0,0,0,0",9,Kyocera Dome Osaka,,,20000,GAME20010521KISL0009
2001,2001-05-21,Reg Season,Osaka Kintetsu Buffaloes,Home,W,12,Seibu Lions,12,16,0,"1,0,0,2,2,0,0,7,x",9,Kyocera Dome Osaka,,,20000,GAME20010521KISL0009
2001,2001-05-21,Reg Season,Chiba Lotte Marines,Away,L,0,Orix Bluewave,0,4,0,"0,0,0,0,0,0,0,0,0",9,Kobe Athletic Park Baseball Field,,,12000,GAME20010521OBLM0009
2001,2001-05-21,Reg Season,Orix Bluewave,Home,W,2,Chiba Lotte Marines,2,9,2,"0,1,0,1,0,0,0,0,x",9,Kobe Athletic Park Baseball Field,,,12000,GAME20010521OBLM0009
2001,2001-05-22,Reg Season,Yokohama BayStars,Away,W,5,Hiroshima Toyo Carp,5,11,0,"0,0,1,0,0,0,1,0,3",6,Hiroshima citizens,,,10000,GAME20010522HCDB0006
2001,2001-05-22,Reg Season,Hiroshima Toyo Carp,Home,L,1,Yokohama BayStars,1,8,1,"0,0,0,0,0,0,1,0,0",6,Hiroshima citizens,,,10000,GAME20010522HCDB0006
2001,2001-05-22,Reg Season,Seibu Lions,Away,L,3,Osaka Kintetsu Buffaloes,3,8,1,"0,2,0,1,0,0,0,0,0",10,Kyocera Dome Osaka,,,15000,GAME20010522KISL0010
2001,2001-05-22,Reg Season,Osaka Kintetsu Buffaloes,Home,W,8,Seibu Lions,8,9,0,"0,0,0,1,2,1,4,0,x",10,Kyocera Dome Osaka,,,15000,GAME20010522KISL0010
2001,2001-05-22,Reg Season,Nippon-Ham Fighters,Away,L,3,Fukuoka Daiei Hawks,3,10,0,"2,1,0,0,0,0,0,0,0",9,Kitakyushu Municipal Baseball Stadium,,,23500,GAME20010522SHNF0009
2001,2001-05-22,Reg Season,Fukuoka Daiei Hawks,Home,W,9,Nippon-Ham Fighters,9,12,0,"3,1,1,0,2,2,0,0,x",9,Kitakyushu Municipal Baseball Stadium,,,23500,GAME20010522SHNF0009
2001,2001-05-22,Reg Season,Yakult Swallows,Away,W,8,Yomiuri Giants,8,11,0,"2,0,0,4,0,0,0,0,2",7,Tokyo Dome,,,55000,GAME20010522YGYS0007
2001,2001-05-22,Reg Season,Yomiuri Giants,Home,L,4,Yakult Swallows,4,8,0,"0,0,0,0,0,1,0,0,3",7,Tokyo Dome,,,55000,GAME20010522YGYS0007
2001,2001-05-23,Reg Season,Yokohama BayStars,Away,T,6,Hiroshima Toyo Carp,6,10,1,"0,1,3,2,0,0,0,0",7,Hiroshima citizens,,,11000,GAME20010523HCDB0007
2001,2001-05-23,Reg Season,Hiroshima Toyo Carp,Home,T,6,Yokohama BayStars,6,10,1,"0,0,4,0,0,0,0,2x",7,Hiroshima citizens,,,11000,GAME20010523HCDB0007
2001,2001-05-23,Reg Season,Nippon-Ham Fighters,Away,T,9,Fukuoka Daiei Hawks,9,18,1,"0,0,3,0,1,1,0,0,4,0,0,0",10,Mizuho PayPay Dome Fukuoka,,,45000,GAME20010523SHNF0010
2001,2001-05-23,Reg Season,Fukuoka Daiei Hawks,Home,T,9,Nippon-Ham Fighters,9,11,0,"0,0,0,4,0,3,0,0,2,0,0,0",10,Mizuho PayPay Dome Fukuoka,,,45000,GAME20010523SHNF0010
2001,2001-05-23,Reg Season,Yakult Swallows,Away,W,14,Yomiuri Giants,14,16,2,"0,0,0,4,0,1,3,2,4",8,Tokyo Dome,,,55000,GAME20010523YGYS0008
2001,2001-05-23,Reg Season,Yomiuri Giants,Home,L,8,Yakult Swallows,8,15,0,"2,0,2,0,0,0,3,1,0",8,Tokyo Dome,,,55000,GAME20010523YGYS0008
2001,2001-05-24,Reg Season,Hanshin Tigers,Away,L,0,Chunichi Dragons,0,1,0,"0,0,0,0,0,0,0,0,0",10,Ishikawa Prefectural Baseball Stadium,,,15000,GAME20010524CDHT0010
2001,2001-05-24,Reg Season,Chunichi Dragons,Home,W,2,Hanshin Tigers,2,4,0,"0,2,0,0,0,0,0,0,x",10,Ishikawa Prefectural Baseball Stadium,,,15000,GAME20010524CDHT0010
2001,2001-05-24,Reg Season,Yokohama BayStars,Away,W,1,Hiroshima Toyo Carp,1,7,1,"0,0,0,0,0,0,0,1,0",8,Matsuyama Central Park Baseball Stadium,,,15000,GAME20010524HCDB0008
2001,2001-05-24,Reg Season,Hiroshima Toyo Carp,Home,L,0,Yokohama BayStars,0,7,1,"0,0,0,0,0,0,0,0,0",8,Matsuyama Central Park Baseball Stadium,,,15000,GAME20010524HCDB0008
2001,2001-05-25,Reg Season,Yakult Swallows,Away,W,4,Yokohama BayStars,4,13,0,"0,0,0,0,2,2,0,0,0",8,Yokohama Stadium,,,16000,GAME20010525DBYS0008
2001,2001-05-25,Reg Season,Yokohama BayStars,Home,L,1,Yakult Swallows,1,8,0,"0,0,0,1,0,0,0,0,0",8,Yokohama Stadium,,,16000,GAME20010525DBYS0008
2001,2001-05-25,Reg Season,Yomiuri Giants,Away,W,12,Hanshin Tigers,12,14,1,"2,2,1,1,0,3,0,0,3",10,Hanshin Koshien Stadium,,,48000,GAME20010525HTYG0010
2001,2001-05-25,Reg Season,Hanshin Tigers,Home,L,4,Yomiuri Giants,4,7,1,"0,0,0,0,0,0,1,3,0",10,Hanshin Koshien Stadium,,,48000,GAME20010525HTYG0010
2001,2001-05-25,Reg Season,Orix Bluewave,Away,L,6,Osaka Kintetsu Buffaloes,6,10,0,"1,0,2,3,0,0,0,0,0",9,Kyocera Dome Osaka,,,13000,GAME20010525KIOB0009
2001,2001-05-25,Reg Season,Osaka Kintetsu Buffaloes,Home,W,10,Orix Bluewave,10,13,0,"3,5,0,0,1,0,1,0,x",9,Kyocera Dome Osaka,,,13000,GAME20010525KIOB0009
2001,2001-05-25,Reg Season,Chiba Lotte Marines,Away,W,4,Nippon-Ham Fighters,4,8,0,"0,0,1,0,0,0,0,3,0",7,Tokyo Dome,,,20000,GAME20010525NFLM0007
2001,2001-05-25,Reg Season,Nippon-Ham Fighters,Home,L,2,Chiba Lotte Marines,2,4,0,"0,1,1,0,0,0,0,0,0",7,Tokyo Dome,,,20000,GAME20010525NFLM0007
2001,2001-05-25,Reg Season,Fukuoka Daiei Hawks,Away,L,2,Seibu Lions,2,5,0,"1,0,0,0,0,0,0,0,1",9,Belluna Dome,,,30000,GAME20010525SLSH0009
2001,2001-05-25,Reg Season,Seibu Lions,Home,W,3,Fukuoka Daiei Hawks,3,10,0,"0,1,0,0,0,0,0,0,2x",9,Belluna Dome,,,30000,GAME20010525SLSH0009
2001,2001-05-26,Reg Season,Hiroshima Toyo Carp,Away,L,1,Chunichi Dragons,1,6,0,"0,0,0,1,0,0,0,0,0",9,Vantelin Dome Nagoya,,,40500,GAME20010526CDHC0009
2001,2001-05-26,Reg Season,Chunichi Dragons,Home,W,5,Hiroshima Toyo Carp,5,6,0,"0,2,0,3,0,0,0,0,x",9,Vantelin Dome Nagoya,,,40500,GAME20010526CDHC0009
2001,2001-05-26,Reg Season,Yakult Swallows,Away,W,5,Yokohama BayStars,5,6,0,"1,0,1,2,0,0,1,0,0",9,Yokohama Stadium,,,27000,GAME20010526DBYS0009
2001,2001-05-26,Reg Season,Yokohama BayStars,Home,L,3,Yakult Swallows,3,8,0,"0,0,0,0,0,3,0,0,0",9,Yokohama Stadium,,,27000,GAME20010526DBYS0009
2001,2001-05-26,Reg Season,Yomiuri Giants,Away,L,0,Hanshin Tigers,0,7,2,"0,0,0,0,0,0,0,0,0",11,Hanshin Koshien Stadium,,,55000,GAME20010526HTYG0011
2001,2001-05-26,Reg Season,Hanshin Tigers,Home,W,10,Yomiuri Giants,10,11,0,"0,0,0,4,1,3,0,2,x",11,Hanshin Koshien Stadium,,,55000,GAME20010526HTYG0011
2001,2001-05-26,Reg Season,Orix Bluewave,Away,T,2,Osaka Kintetsu Buffaloes,2,7,1,"0,0,0,0,1,0,0,0,0,0,0,1",10,Kyocera Dome Osaka,,,16000,GAME20010526KIOB0010
2001,2001-05-26,Reg Season,Osaka Kintetsu Buffaloes,Home,T,2,Orix Bluewave,2,9,1,"0,1,0,0,0,0,0,0,0,0,0,1",10,Kyocera Dome Osaka,,,16000,GAME20010526KIOB0010
2001,2001-05-26,Reg Season,Chiba Lotte Marines,Away,W,5,Nippon-Ham Fighters,5,11,0,"4,0,0,1,0,0,0,0,0",8,Tokyo Dome,,,26000,GAME20010526NFLM0008
2001,2001-05-26,Reg Season,Nippon-Ham Fighters,Home,L,2,Chiba Lotte Marines,2,5,1,"2,0,0,0,0,0,0,0,0",8,Tokyo Dome,,,26000,GAME20010526NFLM0008
2001,2001-05-26,Reg Season,Fukuoka Daiei Hawks,Away,W,8,Seibu Lions,8,10,0,"5,0,0,1,2,0,0,0,0",10,Belluna Dome,,,32000,GAME20010526SLSH0010
2001,2001-05-26,Reg Season,Seibu Lions,Home,L,2,Fukuoka Daiei Hawks,2,4,1,"0,0,0,2,0,0,0,0,0",10,Belluna Dome,,,32000,GAME20010526SLSH0010
2001,2001-05-27,Reg Season,Hiroshima Toyo Carp,Away,W,4,Chunichi Dragons,4,9,0,"0,0,4,0,0,0,0,0,0",10,Vantelin Dome Nagoya,,,40000,GAME20010527CDHC0010
2001,2001-05-27,Reg Season,Chunichi Dragons,Home,L,1,Hiroshima Toyo Carp,1,7,1,"0,0,0,0,1,0,0,0,0",10,Vantelin Dome Nagoya,,,40000,GAME20010527CDHC0010
2001,2001-05-27,Reg Season,Yomiuri Giants,Away,W,7,Hanshin Tigers,7,8,2,"0,0,0,1,4,0,0,0,2",12,Hanshin Koshien Stadium,,,52000,GAME20010527HTYG0012
2001,2001-05-27,Reg Season,Hanshin Tigers,Home,L,3,Yomiuri Giants,3,8,1,"1,0,0,0,0,0,1,1,0",12,Hanshin Koshien Stadium,,,52000,GAME20010527HTYG0012
2001,2001-05-27,Reg Season,Orix Bluewave,Away,L,3,Osaka Kintetsu Buffaloes,3,10,0,"0,0,1,0,0,0,0,2,0",11,Kyocera Dome Osaka,,,17000,GAME20010527KIOB0011
2001,2001-05-27,Reg Season,Osaka Kintetsu Buffaloes,Home,W,4,Orix Bluewave,4,8,0,"0,0,0,0,0,0,2,0,2x",11,Kyocera Dome Osaka,,,17000,GAME20010527KIOB0011
2001,2001-05-27,Reg Season,Chiba Lotte Marines,Away,W,5,Nippon-Ham Fighters,5,11,1,"1,1,0,1,0,0,2,0,0",9,Tokyo Dome,,,22000,GAME20010527NFLM0009
2001,2001-05-27,Reg Season,Nippon-Ham Fighters,Home,L,2,Chiba Lotte Marines,2,7,0,"0,2,0,0,0,0,0,0,0",9,Tokyo Dome,,,22000,GAME20010527NFLM0009
2001,2001-05-27,Reg Season,Fukuoka Daiei Hawks,Away,L,4,Seibu Lions,4,10,1,"0,0,0,0,1,0,2,1,0",11,Belluna Dome,,,31000,GAME20010527SLSH0011
2001,2001-05-27,Reg Season,Seibu Lions,Home,W,6,Fukuoka Daiei Hawks,6,13,0,"0,0,2,1,0,0,3,0,x",11,Belluna Dome,,,31000,GAME20010527SLSH0011
2001,2001-05-28,Reg Season,Fukuoka Daiei Hawks,Away,L,3,Chiba Lotte Marines,3,10,0,"0,2,0,0,0,0,1,0,0",10,ZOZO Marine Stadium,,,17000,GAME20010528LMSH0010
2001,2001-05-28,Reg Season,Chiba Lotte Marines,Home,W,4,Fukuoka Daiei Hawks,4,7,1,"0,2,0,2,0,0,0,0,x",10,ZOZO Marine Stadium,,,17000,GAME20010528LMSH0010
2001,2001-05-28,Reg Season,Osaka Kintetsu Buffaloes,Away,L,3,Nippon-Ham Fighters,3,9,0,"1,1,0,0,0,0,1,0,0",9,Tokyo Dome,,,12000,GAME20010528NFKI0009
2001,2001-05-28,Reg Season,Nippon-Ham Fighters,Home,W,5,Osaka Kintetsu Buffaloes,5,7,1,"0,1,0,1,1,2,0,0,x",9,Tokyo Dome,,,12000,GAME20010528NFKI0009
2001,2001-05-29,Reg Season,Yokohama BayStars,Away,W,5,Chunichi Dragons,5,11,0,"1,2,0,0,0,1,0,1,0",9,Vantelin Dome Nagoya,,,33000,GAME20010529CDDB0009
2001,2001-05-29,Reg Season,Chunichi Dragons,Home,L,3,Yokohama BayStars,3,10,1,"0,0,1,0,0,2,0,0,0",9,Vantelin Dome Nagoya,,,33000,GAME20010529CDDB0009
2001,2001-05-29,Reg Season,Hanshin Tigers,Away,L,3,Hiroshima Toyo Carp,3,7,0,"0,0,0,0,0,2,0,1,0",9,Kurashiki Sports Park Muscat Stadium,,,20000,GAME20010529HCHT0009
2001,2001-05-29,Reg Season,Hiroshima Toyo Carp,Home,W,5,Hanshin Tigers,5,9,1,"2,0,2,0,0,0,0,1,x",9,Kurashiki Sports Park Muscat Stadium,,,20000,GAME20010529HCHT0009
2001,2001-05-29,Reg Season,Fukuoka Daiei Hawks,Away,L,1,Chiba Lotte Marines,1,8,1,"0,0,0,0,0,0,1,0,0",11,ZOZO Marine Stadium,,,14000,GAME20010529LMSH0011
2001,2001-05-29,Reg Season,Chiba Lotte Marines,Home,W,2,Fukuoka Daiei Hawks,2,7,2,"0,0,0,0,1,0,0,1,x",11,ZOZO Marine Stadium,,,14000,GAME20010529LMSH0011
2001,2001-05-29,Reg Season,Osaka Kintetsu Buffaloes,Away,W,17,Nippon-Ham Fighters,17,18,2,"2,1,0,0,2,0,7,0,0,5",10,Tokyo Dome,,,11000,GAME20010529NFKI0010
2001,2001-05-29,Reg Season,Nippon-Ham Fighters,Home,L,12,Osaka Kintetsu Buffaloes,12,16,1,"0,0,6,0,1,0,4,0,1,0",10,Tokyo Dome,,,11000,GAME20010529NFKI0010
2001,2001-05-29,Reg Season,Seibu Lions,Away,L,3,Orix Bluewave,3,6,0,"0,0,0,1,0,0,1,0,1",9,Iwate Prefectural Baseball Field,,,17000,GAME20010529OBSL0009
2001,2001-05-29,Reg Season,Orix Bluewave,Home,W,4,Seibu Lions,4,7,1,"0,0,0,2,0,0,0,2,x",9,Iwate Prefectural Baseball Field,,,17000,GAME20010529OBSL0009
2001,2001-05-29,Reg Season,Yomiuri Giants,Away,W,10,Yakult Swallows,10,9,0,"2,1,0,0,0,0,0,7,0",9,Meiji Jingu Stadium,,,42000,GAME20010529YSYG0009
2001,2001-05-29,Reg Season,Yakult Swallows,Home,L,2,Yomiuri Giants,2,7,1,"1,0,0,0,0,1,0,0,0",9,Meiji Jingu Stadium,,,42000,GAME20010529YSYG0009
2001,2001-05-30,Reg Season,Yokohama BayStars,Away,L,0,Chunichi Dragons,0,6,0,"0,0,0,0,0,0,0,0,0",10,Vantelin Dome Nagoya,,,33000,GAME20010530CDDB0010
2001,2001-05-30,Reg Season,Chunichi Dragons,Home,W,6,Yokohama BayStars,6,9,1,"0,1,1,0,4,0,0,0,x",10,Vantelin Dome Nagoya,,,33000,GAME20010530CDDB0010
2001,2001-05-30,Reg Season,Fukuoka Daiei Hawks,Away,L,3,Chiba Lotte Marines,3,7,0,"2,0,0,0,1,0,0,0,0",12,ZOZO Marine Stadium,,,15000,GAME20010530LMSH0012
2001,2001-05-30,Reg Season,Chiba Lotte Marines,Home,W,4,Fukuoka Daiei Hawks,4,6,2,"3,0,0,0,0,0,0,1,x",12,ZOZO Marine Stadium,,,15000,GAME20010530LMSH0012
2001,2001-05-30,Reg Season,Osaka Kintetsu Buffaloes,Away,W,6,Nippon-Ham Fighters,6,10,0,"2,1,2,0,0,0,0,1,0",11,Tokyo Dome,,,14000,GAME20010530NFKI0011
2001,2001-05-30,Reg Season,Nippon-Ham Fighters,Home,L,3,Osaka Kintetsu Buffaloes,3,5,0,"2,0,0,0,0,0,0,0,1",11,Tokyo Dome,,,14000,GAME20010530NFKI0011
2001,2001-05-30,Reg Season,Seibu Lions,Away,W,8,Orix Bluewave,8,14,1,"0,1,2,2,1,1,0,0,1",10,Rakuten Seimei Park Miyagi,,,18000,GAME20010530OBSL0010
2001,2001-05-30,Reg Season,Orix Bluewave,Home,L,3,Seibu Lions,3,8,2,"0,0,0,0,1,0,0,2,0",10,Rakuten Seimei Park Miyagi,,,18000,GAME20010530OBSL0010
2001,2001-05-30,Reg Season,Yomiuri Giants,Away,L,0,Yakult Swallows,0,5,2,"0,0,0,0,0,0,0,0,0",10,Meiji Jingu Stadium,,,36000,GAME20010530YSYG0010
2001,2001-05-30,Reg Season,Yakult Swallows,Home,W,7,Yomiuri Giants,7,15,0,"0,3,2,0,0,0,2,0,x",10,Meiji Jingu Stadium,,,36000,GAME20010530YSYG0010
2001,2001-05-31,Reg Season,Yokohama BayStars,Away,L,3,Chunichi Dragons,3,8,0,"1,0,0,0,1,1,0,0,0",11,Vantelin Dome Nagoya,,,32500,GAME20010531CDDB0011
2001,2001-05-31,Reg Season,Chunichi Dragons,Home,W,5,Yokohama BayStars,5,14,0,"1,1,0,1,0,0,0,2,x",11,Vantelin Dome Nagoya,,,32500,GAME20010531CDDB0011
2001,2001-05-31,Reg Season,Hanshin Tigers,Away,W,5,Hiroshima Toyo Carp,5,12,1,"0,0,0,0,3,0,0,0,2",10,Hiroshima citizens,,,13000,GAME20010531HCHT0010
2001,2001-05-31,Reg Season,Hiroshima Toyo Carp,Home,L,0,Hanshin Tigers,0,2,2,"0,0,0,0,0,0,0,0,0",10,Hiroshima citizens,,,13000,GAME20010531HCHT0010
2001,2001-05-31,Reg Season,Yomiuri Giants,Away,L,4,Yakult Swallows,4,8,1,"0,0,0,0,1,2,0,1,0",11,Meiji Jingu Stadium,,,36000,GAME20010531YSYG0011
2001,2001-05-31,Reg Season,Yakult Swallows,Home,W,8,Yomiuri Giants,8,10,0,"0,0,1,0,0,2,0,1,4x",11,Meiji Jingu Stadium,,,36000,GAME20010531YSYG0011
2001,2001-06-01,Reg Season,Yokohama BayStars,Away,W,4,Hanshin Tigers,4,7,0,"0,0,0,0,0,0,0,4,0",8,Hanshin Koshien Stadium,,,26000,GAME20010601HTDB0008
2001,2001-06-01,Reg Season,Hanshin Tigers,Home,L,1,Yokohama BayStars,1,6,0,"0,0,0,0,0,0,0,0,1",8,Hanshin Koshien Stadium,,,26000,GAME20010601HTDB0008
2001,2001-06-01,Reg Season,Nippon-Ham Fighters,Away,L,4,Orix Bluewave,4,10,0,"1,0,0,0,2,0,1,0,0",13,Kobe Athletic Park Baseball Field,,,10000,GAME20010601OBNF0013
2001,2001-06-01,Reg Season,Orix Bluewave,Home,W,11,Nippon-Ham Fighters,11,10,2,"3,0,3,1,0,0,4,0,x",13,Kobe Athletic Park Baseball Field,,,10000,GAME20010601OBNF0013
2001,2001-06-01,Reg Season,Hiroshima Toyo Carp,Away,W,9,Yomiuri Giants,9,14,0,"3,0,0,4,1,0,0,1,0",10,Tokyo Dome,,,55000,GAME20010601YGHC0010
2001,2001-06-01,Reg Season,Yomiuri Giants,Home,L,3,Hiroshima Toyo Carp,3,14,2,"1,0,2,0,0,0,0,0,0",10,Tokyo Dome,,,55000,GAME20010601YGHC0010
2001,2001-06-02,Reg Season,Yokohama BayStars,Away,W,7,Hanshin Tigers,7,10,0,"0,0,1,0,1,1,0,0,4",9,Hanshin Koshien Stadium,,,26000,GAME20010602HTDB0009
2001,2001-06-02,Reg Season,Hanshin Tigers,Home,L,2,Yokohama BayStars,2,7,1,"1,0,0,0,0,0,0,0,1",9,Hanshin Koshien Stadium,,,26000,GAME20010602HTDB0009
2001,2001-06-02,Reg Season,Osaka Kintetsu Buffaloes,Away,L,3,Chiba Lotte Marines,3,9,0,"0,0,0,1,0,2,0,0,0",13,Akita Yabase,,,12000,GAME20010602LMKI0013
2001,2001-06-02,Reg Season,Chiba Lotte Marines,Home,W,15,Osaka Kintetsu Buffaloes,15,15,2,"7,5,1,0,0,0,0,2,x",13,Akita Yabase,,,12000,GAME20010602LMKI0013
2001,2001-06-02,Reg Season,Nippon-Ham Fighters,Away,W,8,Orix Bluewave,8,8,0,"0,0,3,0,1,0,0,0,4",14,Kobe Athletic Park Baseball Field,,,18000,GAME20010602OBNF0014
2001,2001-06-02,Reg Season,Orix Bluewave,Home,L,0,Nippon-Ham Fighters,0,5,1,"0,0,0,0,0,0,0,0,0",14,Kobe Athletic Park Baseball Field,,,18000,GAME20010602OBNF0014
2001,2001-06-02,Reg Season,Seibu Lions,Away,L,1,Fukuoka Daiei Hawks,1,11,0,"0,0,0,0,1,0,0,0,0",12,Mizuho PayPay Dome Fukuoka,,,48000,GAME20010602SHSL0012
2001,2001-06-02,Reg Season,Fukuoka Daiei Hawks,Home,W,9,Seibu Lions,9,15,0,"3,0,4,1,1,0,0,0,x",12,Mizuho PayPay Dome Fukuoka,,,48000,GAME20010602SHSL0012
2001,2001-06-02,Reg Season,Hiroshima Toyo Carp,Away,W,11,Yomiuri Giants,11,14,0,"0,0,1,2,3,0,0,2,0,0,3",11,Tokyo Dome,,,55000,GAME20010602YGHC0011
2001,2001-06-02,Reg Season,Yomiuri Giants,Home,L,8,Hiroshima Toyo Carp,8,11,2,"1,0,4,0,0,2,1,0,0,0,0",11,Tokyo Dome,,,55000,GAME20010602YGHC0011
2001,2001-06-02,Reg Season,Chunichi Dragons,Away,L,2,Yakult Swallows,2,4,0,"0,0,0,0,0,0,0,2,0",10,ZOZO Marine Stadium,,,20000,GAME20010602YSCD0010
2001,2001-06-02,Reg Season,Yakult Swallows,Home,W,6,Chunichi Dragons,6,11,0,"0,2,0,2,1,0,1,0,x",10,ZOZO Marine Stadium,,,20000,GAME20010602YSCD0010
2001,2001-06-03,Reg Season,Yokohama BayStars,Away,L,0,Hanshin Tigers,0,7,0,"0,0,0,0,0,0,0,0,0",10,Hanshin Koshien Stadium,,,27000,GAME20010603HTDB0010
2001,2001-06-03,Reg Season,Hanshin Tigers,Home,W,2,Yokohama BayStars,2,8,0,"0,0,0,0,0,0,0,2,x",10,Hanshin Koshien Stadium,,,27000,GAME20010603HTDB0010
2001,2001-06-03,Reg Season,Osaka Kintetsu Buffaloes,Away,W,9,Chiba Lotte Marines,9,10,0,"0,0,5,0,0,1,0,2,1",14,Akita Yabase,,,13000,GAME20010603LMKI0014
2001,2001-06-03,Reg Season,Chiba Lotte Marines,Home,L,5,Osaka Kintetsu Buffaloes,5,12,0,"0,0,0,1,1,1,1,1,0",14,Akita Yabase,,,13000,GAME20010603LMKI0014
2001,2001-06-03,Reg Season,Nippon-Ham Fighters,Away,W,1,Orix Bluewave,1,11,0,"0,0,0,0,0,1,0,0,0",15,Kobe Athletic Park Baseball Field,,,21000,GAME20010603OBNF0015
2001,2001-06-03,Reg Season,Orix Bluewave,Home,L,0,Nippon-Ham Fighters,0,4,0,"0,0,0,0,0,0,0,0,0",15,Kobe Athletic Park Baseball Field,,,21000,GAME20010603OBNF0015
2001,2001-06-03,Reg Season,Seibu Lions,Away,W,6,Fukuoka Daiei Hawks,6,14,3,"2,3,0,0,0,0,1,0,0",13,Mizuho PayPay Dome Fukuoka,,,48000,GAME20010603SHSL0013
2001,2001-06-03,Reg Season,Fukuoka Daiei Hawks,Home,L,3,Seibu Lions,3,5,2,"0,0,1,0,0,2,0,0,0",13,Mizuho PayPay Dome Fukuoka,,,48000,GAME20010603SHSL0013
2001,2001-06-03,Reg Season,Hiroshima Toyo Carp,Away,W,5,Yomiuri Giants,5,10,2,"2,0,0,0,0,0,0,3,0",12,Tokyo Dome,,,55000,GAME20010603YGHC0012
2001,2001-06-03,Reg Season,Yomiuri Giants,Home,L,4,Hiroshima Toyo Carp,4,8,0,"0,0,0,1,0,2,0,1,0",12,Tokyo Dome,,,55000,GAME20010603YGHC0012
2001,2001-06-03,Reg Season,Chunichi Dragons,Away,W,7,Yakult Swallows,7,9,1,"0,1,0,0,1,3,0,2,0",11,ZOZO Marine Stadium,,,22000,GAME20010603YSCD0011
2001,2001-06-03,Reg Season,Yakult Swallows,Home,L,1,Chunichi Dragons,1,6,1,"0,0,0,0,0,1,0,0,0",11,ZOZO Marine Stadium,,,22000,GAME20010603YSCD0011
2001,2001-06-04,Reg Season,Orix Bluewave,Away,L,0,Chiba Lotte Marines,0,6,0,"0,0,0,0,0,0,0,0,0",10,ZOZO Marine Stadium,,,10000,GAME20010604LMOB0010
2001,2001-06-04,Reg Season,Chiba Lotte Marines,Home,W,1,Orix Bluewave,1,6,1,"0,0,0,0,0,0,0,1,x",10,ZOZO Marine Stadium,,,10000,GAME20010604LMOB0010
2001,2001-06-04,Reg Season,Nippon-Ham Fighters,Away,L,3,Fukuoka Daiei Hawks,3,8,3,"0,0,0,0,0,0,3,0,0",11,Mizuho PayPay Dome Fukuoka,,,42000,GAME20010604SHNF0011
2001,2001-06-04,Reg Season,Fukuoka Daiei Hawks,Home,W,6,Nippon-Ham Fighters,6,13,0,"0,0,2,0,0,2,0,2,x",11,Mizuho PayPay Dome Fukuoka,,,42000,GAME20010604SHNF0011
2001,2001-06-05,Reg Season,Hiroshima Toyo Carp,Away,L,0,Yokohama BayStars,0,3,1,"0,0,0,0,0,0,0,0,0",9,Yokohama Stadium,,,18000,GAME20010605DBHC0009
2001,2001-06-05,Reg Season,Yokohama BayStars,Home,W,1,Hiroshima Toyo Carp,1,5,0,"0,0,0,0,0,0,0,0,1x",9,Yokohama Stadium,,,18000,GAME20010605DBHC0009
2001,2001-06-05,Reg Season,Seibu Lions,Away,L,5,Osaka Kintetsu Buffaloes,5,7,0,"0,0,1,0,0,0,0,1,3",11,Kyocera Dome Osaka,,,13000,GAME20010605KISL0011
2001,2001-06-05,Reg Season,Osaka Kintetsu Buffaloes,Home,W,6,Seibu Lions,6,12,0,"0,0,5,0,0,0,1,0,x",11,Kyocera Dome Osaka,,,13000,GAME20010605KISL0011
2001,2001-06-05,Reg Season,Orix Bluewave,Away,L,4,Chiba Lotte Marines,4,8,0,"0,4,0,0,0,0,0,0,0",11,ZOZO Marine Stadium,,,14000,GAME20010605LMOB0011
2001,2001-06-05,Reg Season,Chiba Lotte Marines,Home,W,5,Orix Bluewave,5,5,0,"4,0,0,0,0,1,0,0,x",11,ZOZO Marine Stadium,,,14000,GAME20010605LMOB0011
2001,2001-06-05,Reg Season,Nippon-Ham Fighters,Away,L,1,Fukuoka Daiei Hawks,1,9,1,"0,1,0,0,0,0,0,0,0,0,0,0",12,Mizuho PayPay Dome Fukuoka,,,41000,GAME20010605SHNF0012
2001,2001-06-05,Reg Season,Fukuoka Daiei Hawks,Home,W,2,Nippon-Ham Fighters,2,6,0,"0,0,0,1,0,0,0,0,0,0,0,1x",12,Mizuho PayPay Dome Fukuoka,,,41000,GAME20010605SHNF0012
2001,2001-06-05,Reg Season,Chunichi Dragons,Away,W,4,Yomiuri Giants,4,9,0,"0,0,2,0,0,2,0,0,0",10,Tokyo Dome,,,55000,GAME20010605YGCD0010
2001,2001-06-05,Reg Season,Yomiuri Giants,Home,L,2,Chunichi Dragons,2,9,0,"0,0,0,0,0,0,2,0,0",10,Tokyo Dome,,,55000,GAME20010605YGCD0010
2001,2001-06-06,Reg Season,Seibu Lions,Away,W,2,Osaka Kintetsu Buffaloes,2,7,0,"0,0,0,0,0,0,2,0,0",12,Kyocera Dome Osaka,,,16000,GAME20010606KISL0012
2001,2001-06-06,Reg Season,Osaka Kintetsu Buffaloes,Home,L,0,Seibu Lions,0,4,1,"0,0,0,0,0,0,0,0,0",12,Kyocera Dome Osaka,,,16000,GAME20010606KISL0012
2001,2001-06-06,Reg Season,Nippon-Ham Fighters,Away,L,2,Fukuoka Daiei Hawks,2,6,1,"0,1,0,0,0,1,0,0,0",13,Mizuho PayPay Dome Fukuoka,,,42000,GAME20010606SHNF0013
2001,2001-06-06,Reg Season,Fukuoka Daiei Hawks,Home,W,7,Nippon-Ham Fighters,7,13,0,"0,0,0,1,2,0,3,1,x",13,Mizuho PayPay Dome Fukuoka,,,42000,GAME20010606SHNF0013
2001,2001-06-06,Reg Season,Chunichi Dragons,Away,W,5,Yomiuri Giants,5,9,1,"0,0,0,1,0,2,1,0,1",11,Tokyo Dome,,,55000,GAME20010606YGCD0011
2001,2001-06-06,Reg Season,Yomiuri Giants,Home,L,3,Chunichi Dragons,3,4,0,"0,0,1,1,1,0,0,0,0",11,Tokyo Dome,,,55000,GAME20010606YGCD0011
2001,2001-06-07,Reg Season,Yakult Swallows,Away,W,4,Hanshin Tigers,4,8,1,"2,0,0,0,0,0,2,0,0",10,Hanshin Koshien Stadium,,,18000,GAME20010607HTYS0010
2001,2001-06-07,Reg Season,Hanshin Tigers,Home,L,1,Yakult Swallows,1,3,1,"0,0,0,0,0,0,1,0,0",10,Hanshin Koshien Stadium,,,18000,GAME20010607HTYS0010
2001,2001-06-07,Reg Season,Seibu Lions,Away,L,2,Osaka Kintetsu Buffaloes,2,7,2,"0,0,0,2,0,0,0,0,0",13,Kyocera Dome Osaka,,,16000,GAME20010607KISL0013
2001,2001-06-07,Reg Season,Osaka Kintetsu Buffaloes,Home,W,8,Seibu Lions,8,10,2,"0,0,0,4,2,0,2,0,x",13,Kyocera Dome Osaka,,,16000,GAME20010607KISL0013
2001,2001-06-07,Reg Season,Chunichi Dragons,Away,L,2,Yomiuri Giants,2,8,0,"0,0,0,0,0,0,0,0,2",12,Tokyo Dome,,,55000,GAME20010607YGCD0012
2001,2001-06-07,Reg Season,Yomiuri Giants,Home,W,5,Chunichi Dragons,5,8,0,"0,1,0,0,4,0,0,0,x",12,Tokyo Dome,,,55000,GAME20010607YGCD0012
2001,2001-06-08,Reg Season,Fukuoka Daiei Hawks,Away,W,9,Orix Bluewave,9,13,0,"0,0,2,1,1,3,0,1,1",10,Kobe Athletic Park Baseball Field,,,15000,GAME20010608OBSH0010
2001,2001-06-08,Reg Season,Orix Bluewave,Home,L,3,Fukuoka Daiei Hawks,3,8,2,"1,0,0,0,0,0,2,0,0",10,Kobe Athletic Park Baseball Field,,,15000,GAME20010608OBSH0010
2001,2001-06-09,Reg Season,Yokohama BayStars,Away,W,6,Chunichi Dragons,6,11,0,"2,0,0,1,0,0,0,1,2",12,Vantelin Dome Nagoya,,,40500,GAME20010609CDDB0012
2001,2001-06-09,Reg Season,Chunichi Dragons,Home,L,0,Yokohama BayStars,0,10,0,"0,0,0,0,0,0,0,0,0",12,Vantelin Dome Nagoya,,,40500,GAME20010609CDDB0012
2001,2001-06-09,Reg Season,Yakult Swallows,Away,L,0,Hiroshima Toyo Carp,0,4,0,"0,0,0,0,0,0,0,0,0",11,Iwate Prefectural Baseball Field,,,20000,GAME20010609HCYS0011
2001,2001-06-09,Reg Season,Hiroshima Toyo Carp,Home,W,4,Yakult Swallows,4,10,1,"0,0,3,0,0,0,1,0,x",11,Iwate Prefectural Baseball Field,,,20000,GAME20010609HCYS0011
2001,2001-06-09,Reg Season,Nippon-Ham Fighters,Away,L,4,Osaka Kintetsu Buffaloes,4,9,0,"0,1,1,2,0,0,0,0,0",12,Kyocera Dome Osaka,,,16000,GAME20010609KINF0012
2001,2001-06-09,Reg Season,Osaka Kintetsu Buffaloes,Home,W,5,Nippon-Ham Fighters,5,7,0,"0,0,0,2,0,1,0,1,1x",12,Kyocera Dome Osaka,,,16000,GAME20010609KINF0012
2001,2001-06-09,Reg Season,Fukuoka Daiei Hawks,Away,W,2,Orix Bluewave,2,7,0,"0,0,1,0,0,1,0,0,0",11,Kobe Athletic Park Baseball Field,,,30000,GAME20010609OBSH0011
2001,2001-06-09,Reg Season,Orix Bluewave,Home,L,0,Fukuoka Daiei Hawks,0,5,0,"0,0,0,0,0,0,0,0,0",11,Kobe Athletic Park Baseball Field,,,30000,GAME20010609OBSH0011
2001,2001-06-09,Reg Season,Chiba Lotte Marines,Away,L,0,Seibu Lions,0,4,0,"0,0,0,0,0,0,0,0,0",11,Belluna Dome,,,30000,GAME20010609SLLM0011
2001,2001-06-09,Reg Season,Seibu Lions,Home,W,3,Chiba Lotte Marines,3,7,0,"0,0,0,0,1,2,0,0,x",11,Belluna Dome,,,30000,GAME20010609SLLM0011
2001,2001-06-09,Reg Season,Hanshin Tigers,Away,L,10,Yomiuri Giants,10,12,2,"0,1,3,0,2,0,0,0,4",13,Tokyo Dome,,,55000,GAME20010609YGHT0013
2001,2001-06-09,Reg Season,Yomiuri Giants,Home,W,15,Hanshin Tigers,15,14,1,"1,0,5,3,2,1,0,3,x",13,Tokyo Dome,,,55000,GAME20010609YGHT0013
2001,2001-06-10,Reg Season,Yokohama BayStars,Away,W,1,Chunichi Dragons,1,7,1,"0,0,0,0,0,1,0,0,0",13,Vantelin Dome Nagoya,,,40500,GAME20010610CDDB0013
2001,2001-06-10,Reg Season,Chunichi Dragons,Home,L,0,Yokohama BayStars,0,3,1,"0,0,0,0,0,0,0,0,0",13,Vantelin Dome Nagoya,,,40500,GAME20010610CDDB0013
2001,2001-06-10,Reg Season,Nippon-Ham Fighters,Away,W,5,Osaka Kintetsu Buffaloes,5,10,0,"2,0,3,0,0,0,0,0,0",13,Kyocera Dome Osaka,,,16000,GAME20010610KINF0013
2001,2001-06-10,Reg Season,Osaka Kintetsu Buffaloes,Home,L,3,Nippon-Ham Fighters,3,7,0,"0,0,0,0,0,1,2,0,0",13,Kyocera Dome Osaka,,,16000,GAME20010610KINF0013
2001,2001-06-10,Reg Season,Fukuoka Daiei Hawks,Away,W,4,Orix Bluewave,4,10,0,"0,2,0,0,0,1,1,0,0",12,Kobe Athletic Park Baseball Field,,,28000,GAME20010610OBSH0012
2001,2001-06-10,Reg Season,Orix Bluewave,Home,L,1,Fukuoka Daiei Hawks,1,7,0,"0,0,0,0,0,0,1,0,0",12,Kobe Athletic Park Baseball Field,,,28000,GAME20010610OBSH0012
2001,2001-06-10,Reg Season,Chiba Lotte Marines,Away,L,0,Seibu Lions,0,5,0,"0,0,0,0,0,0,0,0,0",12,Belluna Dome,,,32000,GAME20010610SLLM0012
2001,2001-06-10,Reg Season,Seibu Lions,Home,W,5,Chiba Lotte Marines,5,8,0,"1,1,0,0,0,3,0,0,x",12,Belluna Dome,,,32000,GAME20010610SLLM0012
2001,2001-06-10,Reg Season,Hanshin Tigers,Away,L,0,Yomiuri Giants,0,3,0,"0,0,0,0,0,0,0,0,0",14,Tokyo Dome,,,55000,GAME20010610YGHT0014
2001,2001-06-10,Reg Season,Yomiuri Giants,Home,W,5,Hanshin Tigers,5,9,0,"0,3,0,0,0,0,2,0,x",14,Tokyo Dome,,,55000,GAME20010610YGHT0014
2001,2001-06-11,Reg Season,Chiba Lotte Marines,Away,W,3,Nippon-Ham Fighters,3,9,0,"0,0,0,1,0,0,0,2,0",10,Tokyo Dome,,,14000,GAME20010611NFLM0010
2001,2001-06-11,Reg Season,Nippon-Ham Fighters,Home,L,1,Chiba Lotte Marines,1,4,0,"1,0,0,0,0,0,0,0,0",10,Tokyo Dome,,,14000,GAME20010611NFLM0010
2001,2001-06-11,Reg Season,Orix Bluewave,Away,W,7,Seibu Lions,7,11,0,"0,0,2,2,0,0,1,0,2",11,Belluna Dome,,,18000,GAME20010611SLOB0011
2001,2001-06-11,Reg Season,Seibu Lions,Home,L,3,Orix Bluewave,3,4,0,"0,1,0,0,0,0,1,0,1",11,Belluna Dome,,,18000,GAME20010611SLOB0011
2001,2001-06-12,Reg Season,Yakult Swallows,Away,W,3,Yokohama BayStars,3,8,0,"0,0,1,0,1,0,1,0,0",10,Yokohama Stadium,,,18000,GAME20010612DBYS0010
2001,2001-06-12,Reg Season,Yokohama BayStars,Home,L,1,Yakult Swallows,1,7,1,"1,0,0,0,0,0,0,0,0",10,Yokohama Stadium,,,18000,GAME20010612DBYS0010
2001,2001-06-12,Reg Season,Yomiuri Giants,Away,W,10,Hiroshima Toyo Carp,10,16,1,"5,0,0,0,1,0,0,4,0",13,Hiroshima citizens,,,21000,GAME20010612HCYG0013
2001,2001-06-12,Reg Season,Hiroshima Toyo Carp,Home,L,7,Yomiuri Giants,7,12,1,"2,0,0,0,0,0,1,2,2",13,Hiroshima citizens,,,21000,GAME20010612HCYG0013
2001,2001-06-12,Reg Season,Chunichi Dragons,Away,L,2,Hanshin Tigers,2,8,0,"1,0,0,0,0,0,1,0,0",11,Kurashiki Sports Park Muscat Stadium,,,16000,GAME20010612HTCD0011
2001,2001-06-12,Reg Season,Hanshin Tigers,Home,W,3,Chunichi Dragons,3,8,1,"0,0,0,0,0,2,0,1,x",11,Kurashiki Sports Park Muscat Stadium,,,16000,GAME20010612HTCD0011
2001,2001-06-12,Reg Season,Chiba Lotte Marines,Away,L,1,Nippon-Ham Fighters,1,8,0,"1,0,0,0,0,0,0,0,0",11,Tokyo Dome,,,20000,GAME20010612NFLM0011
2001,2001-06-12,Reg Season,Nippon-Ham Fighters,Home,W,2,Chiba Lotte Marines,2,4,0,"0,0,0,2,0,0,0,0,x",11,Tokyo Dome,,,20000,GAME20010612NFLM0011
2001,2001-06-12,Reg Season,Osaka Kintetsu Buffaloes,Away,L,5,Fukuoka Daiei Hawks,5,8,0,"0,0,0,1,1,0,2,0,1",11,Mizuho PayPay Dome Fukuoka,,,43000,GAME20010612SHKI0011
2001,2001-06-12,Reg Season,Fukuoka Daiei Hawks,Home,W,9,Osaka Kintetsu Buffaloes,9,13,0,"2,0,2,1,0,3,0,1,x",11,Mizuho PayPay Dome Fukuoka,,,43000,GAME20010612SHKI0011
2001,2001-06-12,Reg Season,Orix Bluewave,Away,W,3,Seibu Lions,3,6,0,"0,0,0,0,0,0,1,1,1",12,Belluna Dome,,,21000,GAME20010612SLOB0012
2001,2001-06-12,Reg Season,Seibu Lions,Home,L,1,Orix Bluewave,1,7,0,"0,0,0,0,1,0,0,0,0",12,Belluna Dome,,,21000,GAME20010612SLOB0012
2001,2001-06-13,Reg Season,Yakult Swallows,Away,L,9,Yokohama BayStars,9,15,1,"0,1,0,0,4,1,0,3,0",11,Yokohama Stadium,,,19000,GAME20010613DBYS0011
2001,2001-06-13,Reg Season,Yokohama BayStars,Home,W,12,Yakult Swallows,12,13,0,"0,8,1,3,0,0,0,0,x",11,Yokohama Stadium,,,19000,GAME20010613DBYS0011
2001,2001-06-13,Reg Season,Yomiuri Giants,Away,T,0,Hiroshima Toyo Carp,0,4,0,"0,0,0,0,0",14,Hiroshima citizens,,,19000,GAME20010613HCYG0014
2001,2001-06-13,Reg Season,Hiroshima Toyo Carp,Home,T,0,Yomiuri Giants,0,1,0,"0,0,0,0,0",14,Hiroshima citizens,,,19000,GAME20010613HCYG0014
2001,2001-06-13,Reg Season,Chunichi Dragons,Away,L,2,Hanshin Tigers,2,8,2,"0,0,0,0,0,0,0,2,0",12,Kyocera Dome Osaka,,,24000,GAME20010613HTCD0012
2001,2001-06-13,Reg Season,Hanshin Tigers,Home,W,4,Chunichi Dragons,4,3,1,"4,0,0,0,0,0,0,0,x",12,Kyocera Dome Osaka,,,24000,GAME20010613HTCD0012
2001,2001-06-13,Reg Season,Chiba Lotte Marines,Away,L,3,Nippon-Ham Fighters,3,7,1,"0,0,1,0,0,0,1,0,1",12,Tokyo Dome,,,15000,GAME20010613NFLM0012
2001,2001-06-13,Reg Season,Nippon-Ham Fighters,Home,W,15,Chiba Lotte Marines,15,13,0,"5,2,0,0,2,6,0,0,x",12,Tokyo Dome,,,15000,GAME20010613NFLM0012
2001,2001-06-13,Reg Season,Osaka Kintetsu Buffaloes,Away,W,15,Fukuoka Daiei Hawks,15,18,1,"0,1,3,4,0,0,7,0,0",12,Mizuho PayPay Dome Fukuoka,,,43000,GAME20010613SHKI0012
2001,2001-06-13,Reg Season,Fukuoka Daiei Hawks,Home,L,8,Osaka Kintetsu Buffaloes,8,10,0,"5,1,0,2,0,0,0,0,0",12,Mizuho PayPay Dome Fukuoka,,,43000,GAME20010613SHKI0012
2001,2001-06-14,Reg Season,Chunichi Dragons,Away,L,0,Hanshin Tigers,0,9,0,"0,0,0,0,0,0,0,0,0",13,Kyocera Dome Osaka,,,20000,GAME20010614HTCD0013
2001,2001-06-14,Reg Season,Hanshin Tigers,Home,W,9,Chunichi Dragons,9,14,0,"0,0,4,0,0,3,0,2,x",13,Kyocera Dome Osaka,,,20000,GAME20010614HTCD0013
2001,2001-06-15,Reg Season,Yomiuri Giants,Away,L,1,Chunichi Dragons,1,5,0,"0,0,0,0,0,0,0,0,1",13,Vantelin Dome Nagoya,,,40500,GAME20010615CDYG0013
2001,2001-06-15,Reg Season,Chunichi Dragons,Home,W,5,Yomiuri Giants,5,10,1,"0,2,0,1,0,0,2,0,x",13,Vantelin Dome Nagoya,,,40500,GAME20010615CDYG0013
2001,2001-06-15,Reg Season,Yokohama BayStars,Away,W,6,Hanshin Tigers,6,6,1,"1,2,2,0,0,0,0,0,1",11,Hanshin Koshien Stadium,,,20000,GAME20010615HTDB0011
2001,2001-06-15,Reg Season,Hanshin Tigers,Home,L,3,Yokohama BayStars,3,6,0,"1,0,0,0,2,0,0,0,0",11,Hanshin Koshien Stadium,,,20000,GAME20010615HTDB0011
2001,2001-06-15,Reg Season,Orix Bluewave,Away,L,5,Osaka Kintetsu Buffaloes,5,11,0,"1,0,0,0,0,3,0,0,1",12,Kyocera Dome Osaka,,,18000,GAME20010615KIOB0012
2001,2001-06-15,Reg Season,Osaka Kintetsu Buffaloes,Home,W,12,Orix Bluewave,12,13,0,"4,0,2,1,0,5,0,0,x",12,Kyocera Dome Osaka,,,18000,GAME20010615KIOB0012
2001,2001-06-15,Reg Season,Hiroshima Toyo Carp,Away,L,4,Yakult Swallows,4,10,2,"0,0,0,0,0,3,0,1,0",12,Mizuho PayPay Dome Fukuoka,,,14000,GAME20010615YSHC0012
2001,2001-06-15,Reg Season,Yakult Swallows,Home,W,10,Hiroshima Toyo Carp,10,14,0,"5,0,0,1,2,1,1,0,x",12,Mizuho PayPay Dome Fukuoka,,,14000,GAME20010615YSHC0012
2001,2001-06-16,Reg Season,Yomiuri Giants,Away,W,3,Chunichi Dragons,3,9,0,"0,0,1,0,1,0,1,0,0",14,Vantelin Dome Nagoya,,,40500,GAME20010616CDYG0014
2001,2001-06-16,Reg Season,Chunichi Dragons,Home,L,1,Yomiuri Giants,1,10,0,"0,0,1,0,0,0,0,0,0",14,Vantelin Dome Nagoya,,,40500,GAME20010616CDYG0014
2001,2001-06-16,Reg Season,Yokohama BayStars,Away,L,2,Hanshin Tigers,2,9,0,"0,1,0,0,0,0,1,0,0",12,Hanshin Koshien Stadium,,,30000,GAME20010616HTDB0012
2001,2001-06-16,Reg Season,Hanshin Tigers,Home,W,4,Yokohama BayStars,4,7,0,"0,0,0,0,2,0,0,2,x",12,Hanshin Koshien Stadium,,,30000,GAME20010616HTDB0012
2001,2001-06-16,Reg Season,Orix Bluewave,Away,W,10,Osaka Kintetsu Buffaloes,10,13,0,"1,0,1,1,0,5,0,0,0,0,2",13,Kyocera Dome Osaka,,,14000,GAME20010616KIOB0013
2001,2001-06-16,Reg Season,Osaka Kintetsu Buffaloes,Home,L,8,Orix Bluewave,8,13,0,"2,0,0,2,0,0,1,1,2,0,0",13,Kyocera Dome Osaka,,,14000,GAME20010616KIOB0013
2001,2001-06-16,Reg Season,Fukuoka Daiei Hawks,Away,L,3,Chiba Lotte Marines,3,8,0,"0,1,0,0,0,0,0,2,0",13,ZOZO Marine Stadium,,,23000,GAME20010616LMSH0013
2001,2001-06-16,Reg Season,Chiba Lotte Marines,Home,W,5,Fukuoka Daiei Hawks,5,8,0,"0,0,2,1,0,0,0,2,x",13,ZOZO Marine Stadium,,,23000,GAME20010616LMSH0013
2001,2001-06-16,Reg Season,Seibu Lions,Away,L,2,Nippon-Ham Fighters,2,3,0,"2,0,0,0,0,0,0,0,0",12,Fukushima Azuma Baseball Stadium,,,12000,GAME20010616NFSL0012
2001,2001-06-16,Reg Season,Nippon-Ham Fighters,Home,W,3,Seibu Lions,3,8,0,"1,0,0,0,1,0,0,0,1x",12,Fukushima Azuma Baseball Stadium,,,12000,GAME20010616NFSL0012
2001,2001-06-16,Reg Season,Hiroshima Toyo Carp,Away,L,1,Yakult Swallows,1,6,2,"0,0,0,0,0,0,0,0,1,0,0",13,Mizuho PayPay Dome Fukuoka,,,20000,GAME20010616YSHC0013
2001,2001-06-16,Reg Season,Yakult Swallows,Home,W,2,Hiroshima Toyo Carp,2,9,1,"0,0,1,0,0,0,0,0,0,0,1x",13,Mizuho PayPay Dome Fukuoka,,,20000,GAME20010616YSHC0013
2001,2001-06-17,Reg Season,Yomiuri Giants,Away,W,6,Chunichi Dragons,6,14,0,"1,0,1,0,1,0,1,0,2",15,Vantelin Dome Nagoya,,,40500,GAME20010617CDYG0015
2001,2001-06-17,Reg Season,Chunichi Dragons,Home,L,2,Yomiuri Giants,2,10,0,"0,0,0,0,0,0,2,0,0",15,Vantelin Dome Nagoya,,,40500,GAME20010617CDYG0015
2001,2001-06-17,Reg Season,Yokohama BayStars,Away,L,2,Hanshin Tigers,2,8,2,"0,0,0,2,0,0,0,0,0",13,Hanshin Koshien Stadium,,,30000,GAME20010617HTDB0013
2001,2001-06-17,Reg Season,Hanshin Tigers,Home,W,3,Yokohama BayStars,3,6,0,"3,0,0,0,0,0,0,0,x",13,Hanshin Koshien Stadium,,,30000,GAME20010617HTDB0013
2001,2001-06-17,Reg Season,Orix Bluewave,Away,W,6,Osaka Kintetsu Buffaloes,6,8,0,"3,1,0,0,0,1,0,0,0,1",14,Kyocera Dome Osaka,,,19000,GAME20010617KIOB0014
2001,2001-06-17,Reg Season,Osaka Kintetsu Buffaloes,Home,L,5,Orix Bluewave,5,10,1,"0,1,0,0,0,0,1,2,1,0",14,Kyocera Dome Osaka,,,19000,GAME20010617KIOB0014
2001,2001-06-17,Reg Season,Fukuoka Daiei Hawks,Away,L,5,Chiba Lotte Marines,5,15,0,"0,0,2,0,0,1,0,2,0",14,ZOZO Marine Stadium,,,31000,GAME20010617LMSH0014
2001,2001-06-17,Reg Season,Chiba Lotte Marines,Home,W,7,Fukuoka Daiei Hawks,7,8,0,"0,0,0,3,2,0,0,0,2x",14,ZOZO Marine Stadium,,,31000,GAME20010617LMSH0014
2001,2001-06-17,Reg Season,Seibu Lions,Away,L,2,Nippon-Ham Fighters,2,7,2,"0,0,0,0,0,1,0,0,1",13,Iwaki Green Stadium,,,15000,GAME20010617NFSL0013
2001,2001-06-17,Reg Season,Nippon-Ham Fighters,Home,W,5,Seibu Lions,5,10,0,"0,2,1,2,0,0,0,0,x",13,Iwaki Green Stadium,,,15000,GAME20010617NFSL0013
2001,2001-06-17,Reg Season,Hiroshima Toyo Carp,Away,L,0,Yakult Swallows,0,6,0,"0,0,0,0,0,0,0,0,0",14,Mizuho PayPay Dome Fukuoka,,,20000,GAME20010617YSHC0014
2001,2001-06-17,Reg Season,Yakult Swallows,Home,W,3,Hiroshima Toyo Carp,3,4,1,"0,0,0,0,0,0,3,0,x",14,Mizuho PayPay Dome Fukuoka,,,20000,GAME20010617YSHC0014
2001,2001-06-18,Reg Season,Fukuoka Daiei Hawks,Away,W,5,Nippon-Ham Fighters,5,10,0,"0,1,0,0,2,0,0,0,0,0,2",14,Tokyo Dome,,,18000,GAME20010618NFSH0014
2001,2001-06-18,Reg Season,Nippon-Ham Fighters,Home,L,3,Fukuoka Daiei Hawks,3,11,1,"0,0,0,0,0,0,3,0,0,0,0",14,Tokyo Dome,,,18000,GAME20010618NFSH0014
2001,2001-06-18,Reg Season,Chiba Lotte Marines,Away,L,2,Orix Bluewave,2,7,1,"0,0,0,0,0,0,0,2,0",12,Kobe Athletic Park Baseball Field,,,12000,GAME20010618OBLM0012
2001,2001-06-18,Reg Season,Orix Bluewave,Home,W,11,Chiba Lotte Marines,11,14,0,"1,6,1,0,0,0,0,3,x",12,Kobe Athletic Park Baseball Field,,,12000,GAME20010618OBLM0012
2001,2001-06-18,Reg Season,Osaka Kintetsu Buffaloes,Away,W,4,Seibu Lions,4,5,0,"0,0,0,2,0,2,0,0,0",14,Belluna Dome,,,24000,GAME20010618SLKI0014
2001,2001-06-18,Reg Season,Seibu Lions,Home,L,3,Osaka Kintetsu Buffaloes,3,4,0,"2,0,0,1,0,0,0,0,0",14,Belluna Dome,,,24000,GAME20010618SLKI0014
2001,2001-06-19,Reg Season,Hiroshima Toyo Carp,Away,L,5,Yokohama BayStars,5,9,0,"2,0,0,2,0,0,0,1,0",10,Rakuten Seimei Park Miyagi,,,27000,GAME20010619DBHC0010
2001,2001-06-19,Reg Season,Yokohama BayStars,Home,W,7,Hiroshima Toyo Carp,7,9,0,"0,0,1,0,0,3,0,0,3x",10,Rakuten Seimei Park Miyagi,,,27000,GAME20010619DBHC0010
2001,2001-06-19,Reg Season,Fukuoka Daiei Hawks,Away,W,11,Nippon-Ham Fighters,11,13,0,"0,0,1,0,2,0,0,5,3",15,Tokyo Dome,,,20000,GAME20010619NFSH0015
2001,2001-06-19,Reg Season,Nippon-Ham Fighters,Home,L,6,Fukuoka Daiei Hawks,6,9,0,"0,1,2,0,0,1,2,0,0",15,Tokyo Dome,,,20000,GAME20010619NFSH0015
2001,2001-06-19,Reg Season,Osaka Kintetsu Buffaloes,Away,L,2,Seibu Lions,2,7,0,"2,0,0,0,0,0,0,0,0",15,Belluna Dome,,,15000,GAME20010619SLKI0015
2001,2001-06-19,Reg Season,Seibu Lions,Home,W,3,Osaka Kintetsu Buffaloes,3,7,1,"0,1,0,0,0,1,1,0,x",15,Belluna Dome,,,15000,GAME20010619SLKI0015
2001,2001-06-20,Reg Season,Yakult Swallows,Away,W,6,Chunichi Dragons,6,12,1,"0,0,0,0,0,0,0,0,6",12,Fukui Prefectural Stadium,,,16000,GAME20010620CDYS0012
2001,2001-06-20,Reg Season,Chunichi Dragons,Home,L,2,Yakult Swallows,2,10,1,"0,0,0,0,0,0,0,0,2",12,Fukui Prefectural Stadium,,,16000,GAME20010620CDYS0012
2001,2001-06-20,Reg Season,Hiroshima Toyo Carp,Away,L,3,Yokohama BayStars,3,6,2,"0,0,0,1,2,0,0,0,0,0",11,Yamagata Prefectural Baseball Stadium,,,24000,GAME20010620DBHC0011
2001,2001-06-20,Reg Season,Yokohama BayStars,Home,W,4,Hiroshima Toyo Carp,4,7,0,"2,0,0,0,0,0,1,0,0,1x",11,Yamagata Prefectural Baseball Stadium,,,24000,GAME20010620DBHC0011
2001,2001-06-20,Reg Season,Yomiuri Giants,Away,L,1,Hanshin Tigers,1,6,1,"1,0,0,0,0,0,0,0,0,0,0,0",15,Hanshin Koshien Stadium,,,40000,GAME20010620HTYG0015
2001,2001-06-20,Reg Season,Hanshin Tigers,Home,W,2,Yomiuri Giants,2,9,1,"1,0,0,0,0,0,0,0,0,0,0,1x",15,Hanshin Koshien Stadium,,,40000,GAME20010620HTYG0015
2001,2001-06-20,Reg Season,Chiba Lotte Marines,Away,W,6,Orix Bluewave,6,9,0,"0,1,3,0,2,0,0,0,0",13,Kobe Athletic Park Baseball Field,,,10000,GAME20010620OBLM0013
2001,2001-06-20,Reg Season,Orix Bluewave,Home,L,5,Chiba Lotte Marines,5,10,0,"0,0,2,0,3,0,0,0,0",13,Kobe Athletic Park Baseball Field,,,10000,GAME20010620OBLM0013
2001,2001-06-20,Reg Season,Osaka Kintetsu Buffaloes,Away,W,6,Seibu Lions,6,12,1,"4,0,0,0,0,1,1,0,0",16,Belluna Dome,,,21000,GAME20010620SLKI0016
2001,2001-06-20,Reg Season,Seibu Lions,Home,L,4,Osaka Kintetsu Buffaloes,4,13,0,"0,0,0,1,0,2,0,1,0",16,Belluna Dome,,,21000,GAME20010620SLKI0016
2001,2001-06-21,Reg Season,Yomiuri Giants,Away,L,0,Hanshin Tigers,0,2,0,"0,0,0,0,0,0,0,0,0",16,Hanshin Koshien Stadium,,,38000,GAME20010621HTYG0016
2001,2001-06-21,Reg Season,Hanshin Tigers,Home,W,1,Yomiuri Giants,1,4,0,"0,0,0,0,0,0,0,0,1x",16,Hanshin Koshien Stadium,,,38000,GAME20010621HTYG0016
2001,2001-06-22,Reg Season,Chunichi Dragons,Away,L,1,Hiroshima Toyo Carp,1,5,0,"0,0,0,1,0,0,0,0,0",11,Hiroshima citizens,,,12000,GAME20010622HCCD0011
2001,2001-06-22,Reg Season,Hiroshima Toyo Carp,Home,W,4,Chunichi Dragons,4,8,0,"0,0,2,1,0,1,0,0,x",11,Hiroshima citizens,,,12000,GAME20010622HCCD0011
2001,2001-06-22,Reg Season,Fukuoka Daiei Hawks,Away,L,9,Osaka Kintetsu Buffaloes,9,12,1,"0,3,0,0,0,1,2,0,3",13,Kyocera Dome Osaka,,,25000,GAME20010622KISH0013
2001,2001-06-22,Reg Season,Osaka Kintetsu Buffaloes,Home,W,18,Fukuoka Daiei Hawks,18,19,1,"0,0,4,6,5,0,3,0,x",13,Kyocera Dome Osaka,,,25000,GAME20010622KISH0013
2001,2001-06-22,Reg Season,Nippon-Ham Fighters,Away,W,3,Chiba Lotte Marines,3,9,0,"0,3,0,0,0,0,0,0,0",13,ZOZO Marine Stadium,,,10000,GAME20010622LMNF0013
2001,2001-06-22,Reg Season,Chiba Lotte Marines,Home,L,1,Nippon-Ham Fighters,1,7,0,"0,0,0,0,1,0,0,0,0",13,ZOZO Marine Stadium,,,10000,GAME20010622LMNF0013
2001,2001-06-22,Reg Season,Seibu Lions,Away,W,5,Orix Bluewave,5,8,0,"2,0,0,0,1,1,1,0,0",13,Vantelin Dome Nagoya,,,12000,GAME20010622OBSL0013
2001,2001-06-22,Reg Season,Orix Bluewave,Home,L,2,Seibu Lions,2,5,0,"0,0,0,1,0,1,0,0,0",13,Vantelin Dome Nagoya,,,12000,GAME20010622OBSL0013
2001,2001-06-22,Reg Season,Yokohama BayStars,Away,W,6,Yomiuri Giants,6,13,1,"0,0,2,0,0,0,2,1,1",13,Tokyo Dome,,,55000,GAME20010622YGDB0013
2001,2001-06-22,Reg Season,Yomiuri Giants,Home,L,2,Yokohama BayStars,2,8,0,"0,0,0,1,0,0,1,0,0",13,Tokyo Dome,,,55000,GAME20010622YGDB0013
2001,2001-06-22,Reg Season,Hanshin Tigers,Away,L,1,Yakult Swallows,1,6,1,"0,0,0,0,0,0,0,0,1",11,Meiji Jingu Stadium,,,20000,GAME20010622YSHT0011
2001,2001-06-22,Reg Season,Yakult Swallows,Home,W,9,Hanshin Tigers,9,15,0,"0,2,3,1,0,3,0,0,x",11,Meiji Jingu Stadium,,,20000,GAME20010622YSHT0011
2001,2001-06-23,Reg Season,Fukuoka Daiei Hawks,Away,L,5,Osaka Kintetsu Buffaloes,5,8,0,"1,0,0,0,0,1,1,0,2",14,Kyocera Dome Osaka,,,35000,GAME20010623KISH0014
2001,2001-06-23,Reg Season,Osaka Kintetsu Buffaloes,Home,W,6,Fukuoka Daiei Hawks,6,12,0,"2,0,0,1,0,2,1,0,x",14,Kyocera Dome Osaka,,,35000,GAME20010623KISH0014
2001,2001-06-23,Reg Season,Nippon-Ham Fighters,Away,W,3,Chiba Lotte Marines,3,4,1,"1,0,0,0,1,0,0,1,0",14,ZOZO Marine Stadium,,,20000,GAME20010623LMNF0014
2001,2001-06-23,Reg Season,Chiba Lotte Marines,Home,L,0,Nippon-Ham Fighters,0,6,0,"0,0,0,0,0,0,0,0,0",14,ZOZO Marine Stadium,,,20000,GAME20010623LMNF0014
2001,2001-06-23,Reg Season,Seibu Lions,Away,W,4,Orix Bluewave,4,10,0,"0,0,0,0,3,0,0,0,1",14,Vantelin Dome Nagoya,,,23000,GAME20010623OBSL0014
2001,2001-06-23,Reg Season,Orix Bluewave,Home,L,0,Seibu Lions,0,5,1,"0,0,0,0,0,0,0,0,0",14,Vantelin Dome Nagoya,,,23000,GAME20010623OBSL0014
2001,2001-06-23,Reg Season,Yokohama BayStars,Away,L,2,Yomiuri Giants,2,9,0,"0,0,0,0,0,0,0,0,2",14,Tokyo Dome,,,55000,GAME20010623YGDB0014
2001,2001-06-23,Reg Season,Yomiuri Giants,Home,W,7,Yokohama BayStars,7,5,2,"3,0,0,0,0,3,0,1,x",14,Tokyo Dome,,,55000,GAME20010623YGDB0014
2001,2001-06-23,Reg Season,Hanshin Tigers,Away,L,0,Yakult Swallows,0,2,0,"0,0,0,0,0,0,0,0,0",12,Meiji Jingu Stadium,,,34000,GAME20010623YSHT0012
2001,2001-06-23,Reg Season,Yakult Swallows,Home,W,3,Hanshin Tigers,3,10,0,"0,0,0,1,0,0,2,0,x",12,Meiji Jingu Stadium,,,34000,GAME20010623YSHT0012
2001,2001-06-24,Reg Season,Chunichi Dragons,Away,W,5,Hiroshima Toyo Carp,5,11,2,"0,0,0,0,0,0,2,0,3",12,Hiroshima citizens,,,16000,GAME20010624HCCD0012
2001,2001-06-24,Reg Season,Hiroshima Toyo Carp,Home,L,1,Chunichi Dragons,1,7,1,"0,0,0,0,0,1,0,0,0",12,Hiroshima citizens,,,16000,GAME20010624HCCD0012
2001,2001-06-24,Reg Season,Fukuoka Daiei Hawks,Away,L,5,Osaka Kintetsu Buffaloes,5,11,0,"1,0,1,0,0,3,0,0,0",15,Kyocera Dome Osaka,,,31000,GAME20010624KISH0015
2001,2001-06-24,Reg Season,Osaka Kintetsu Buffaloes,Home,W,6,Fukuoka Daiei Hawks,6,8,0,"2,0,4,0,0,0,0,0,x",15,Kyocera Dome Osaka,,,31000,GAME20010624KISH0015
2001,2001-06-24,Reg Season,Nippon-Ham Fighters,Away,W,5,Chiba Lotte Marines,5,14,0,"0,0,0,1,0,1,3,0,0",15,ZOZO Marine Stadium,,,24000,GAME20010624LMNF0015
2001,2001-06-24,Reg Season,Chiba Lotte Marines,Home,L,2,Nippon-Ham Fighters,2,11,1,"2,0,0,0,0,0,0,0,0",15,ZOZO Marine Stadium,,,24000,GAME20010624LMNF0015
2001,2001-06-24,Reg Season,Seibu Lions,Away,W,8,Orix Bluewave,8,12,1,"0,0,3,1,0,1,0,2,0,0,0,1",15,Vantelin Dome Nagoya,,,23000,GAME20010624OBSL0015
2001,2001-06-24,Reg Season,Orix Bluewave,Home,L,7,Seibu Lions,7,8,0,"0,6,1,0,0,0,0,0,0,0,0,0",15,Vantelin Dome Nagoya,,,23000,GAME20010624OBSL0015
2001,2001-06-24,Reg Season,Yokohama BayStars,Away,L,3,Yomiuri Giants,3,8,1,"1,1,0,1,0,0,0,0,0",15,Tokyo Dome,,,55000,GAME20010624YGDB0015
2001,2001-06-24,Reg Season,Yomiuri Giants,Home,W,4,Yokohama BayStars,4,8,0,"0,1,0,1,0,0,1,1,x",15,Tokyo Dome,,,55000,GAME20010624YGDB0015
2001,2001-06-24,Reg Season,Hanshin Tigers,Away,L,4,Yakult Swallows,4,8,0,"1,0,1,2,0,0,0,0,0",13,Meiji Jingu Stadium,,,22000,GAME20010624YSHT0013
2001,2001-06-24,Reg Season,Yakult Swallows,Home,W,5,Hanshin Tigers,5,10,0,"1,1,0,0,0,0,3,0,x",13,Meiji Jingu Stadium,,,22000,GAME20010624YSHT0013
2001,2001-06-25,Reg Season,Seibu Lions,Away,W,3,Chiba Lotte Marines,3,5,1,"0,1,0,1,0,1,0,0,0",13,ZOZO Marine Stadium,,,15000,GAME20010625LMSL0013
2001,2001-06-25,Reg Season,Chiba Lotte Marines,Home,L,2,Seibu Lions,2,5,1,"0,0,0,0,0,1,0,0,1",13,ZOZO Marine Stadium,,,15000,GAME20010625LMSL0013
2001,2001-06-25,Reg Season,Osaka Kintetsu Buffaloes,Away,W,7,Nippon-Ham Fighters,7,13,0,"0,0,1,2,2,0,1,0,1",14,Tokyo Dome,,,11000,GAME20010625NFKI0014
2001,2001-06-25,Reg Season,Nippon-Ham Fighters,Home,L,5,Osaka Kintetsu Buffaloes,5,5,0,"0,0,0,0,0,2,0,3,0",14,Tokyo Dome,,,11000,GAME20010625NFKI0014
2001,2001-06-25,Reg Season,Orix Bluewave,Away,W,11,Fukuoka Daiei Hawks,11,11,2,"0,2,2,0,1,0,1,0,5",13,Mizuho PayPay Dome Fukuoka,,,42000,GAME20010625SHOB0013
2001,2001-06-25,Reg Season,Fukuoka Daiei Hawks,Home,L,3,Orix Bluewave,3,9,1,"0,1,1,0,1,0,0,0,0",13,Mizuho PayPay Dome Fukuoka,,,42000,GAME20010625SHOB0013
2001,2001-06-26,Reg Season,Hiroshima Toyo Carp,Away,W,6,Hanshin Tigers,6,11,1,"0,0,0,5,0,0,1,0,0",11,Hanshin Koshien Stadium,,,18000,GAME20010626HTHC0011
2001,2001-06-26,Reg Season,Hanshin Tigers,Home,L,5,Hiroshima Toyo Carp,5,12,1,"0,1,3,1,0,0,0,0,0",11,Hanshin Koshien Stadium,,,18000,GAME20010626HTHC0011
2001,2001-06-26,Reg Season,Seibu Lions,Away,W,7,Chiba Lotte Marines,7,12,0,"5,1,0,0,1,0,0,0,0",14,ZOZO Marine Stadium,,,15000,GAME20010626LMSL0014
2001,2001-06-26,Reg Season,Chiba Lotte Marines,Home,L,4,Seibu Lions,4,8,1,"0,2,0,0,1,1,0,0,0",14,ZOZO Marine Stadium,,,15000,GAME20010626LMSL0014
2001,2001-06-26,Reg Season,Osaka Kintetsu Buffaloes,Away,W,2,Nippon-Ham Fighters,2,7,0,"0,0,0,0,0,1,0,1,0",15,Tokyo Dome,,,11000,GAME20010626NFKI0015
2001,2001-06-26,Reg Season,Nippon-Ham Fighters,Home,L,1,Osaka Kintetsu Buffaloes,1,6,0,"0,0,0,0,0,0,0,1,0",15,Tokyo Dome,,,11000,GAME20010626NFKI0015
2001,2001-06-26,Reg Season,Orix Bluewave,Away,W,3,Fukuoka Daiei Hawks,3,13,0,"0,2,0,0,1,0,0,0,0",14,Mizuho PayPay Dome Fukuoka,,,42000,GAME20010626SHOB0014
2001,2001-06-26,Reg Season,Fukuoka Daiei Hawks,Home,L,2,Orix Bluewave,2,6,0,"1,0,1,0,0,0,0,0,0",14,Mizuho PayPay Dome Fukuoka,,,42000,GAME20010626SHOB0014
2001,2001-06-26,Reg Season,Chunichi Dragons,Away,L,5,Yomiuri Giants,5,8,0,"1,0,0,0,2,0,2,0,0",16,Sapporo Dome,,,43000,GAME20010626YGCD0016
2001,2001-06-26,Reg Season,Yomiuri Giants,Home,W,6,Chunichi Dragons,6,12,0,"2,0,0,0,0,0,1,3,x",16,Sapporo Dome,,,43000,GAME20010626YGCD0016
2001,2001-06-26,Reg Season,Yokohama BayStars,Away,W,3,Yakult Swallows,3,10,0,"0,0,0,2,0,1,0,0,0",12,Nagano Olympic Stadium,,,22000,GAME20010626YSDB0012
2001,2001-06-26,Reg Season,Yakult Swallows,Home,L,1,Yokohama BayStars,1,4,1,"0,0,1,0,0,0,0,0,0",12,Nagano Olympic Stadium,,,22000,GAME20010626YSDB0012
2001,2001-06-27,Reg Season,Hiroshima Toyo Carp,Away,W,4,Hanshin Tigers,4,8,0,"0,0,2,0,0,0,2,0,0",12,Hanshin Koshien Stadium,,,18000,GAME20010627HTHC0012
2001,2001-06-27,Reg Season,Hanshin Tigers,Home,L,1,Hiroshima Toyo Carp,1,7,2,"0,0,0,1,0,0,0,0,0",12,Hanshin Koshien Stadium,,,18000,GAME20010627HTHC0012
2001,2001-06-27,Reg Season,Seibu Lions,Away,L,1,Chiba Lotte Marines,1,5,0,"0,0,0,0,0,0,0,0,1",15,ZOZO Marine Stadium,,,14000,GAME20010627LMSL0015
2001,2001-06-27,Reg Season,Chiba Lotte Marines,Home,W,6,Seibu Lions,6,10,1,"1,1,0,0,0,0,3,1,x",15,ZOZO Marine Stadium,,,14000,GAME20010627LMSL0015
2001,2001-06-27,Reg Season,Osaka Kintetsu Buffaloes,Away,L,7,Nippon-Ham Fighters,7,9,1,"0,0,0,0,0,0,2,3,2",16,Tokyo Dome,,,12000,GAME20010627NFKI0016
2001,2001-06-27,Reg Season,Nippon-Ham Fighters,Home,W,16,Osaka Kintetsu Buffaloes,16,19,0,"2,2,6,1,3,0,2,0,x",16,Tokyo Dome,,,12000,GAME20010627NFKI0016
2001,2001-06-27,Reg Season,Orix Bluewave,Away,W,10,Fukuoka Daiei Hawks,10,9,1,"0,0,2,0,3,5,0,0,0",15,Kitakyushu Municipal Baseball Stadium,,,23000,GAME20010627SHOB0015
2001,2001-06-27,Reg Season,Fukuoka Daiei Hawks,Home,L,2,Orix Bluewave,2,7,0,"0,0,0,0,0,0,0,0,2",15,Kitakyushu Municipal Baseball Stadium,,,23000,GAME20010627SHOB0015
2001,2001-06-27,Reg Season,Chunichi Dragons,Away,W,9,Yomiuri Giants,9,16,0,"1,0,2,0,1,1,0,0,0,0,4",17,Sapporo Dome,,,43000,GAME20010627YGCD0017
2001,2001-06-27,Reg Season,Yomiuri Giants,Home,L,5,Chunichi Dragons,5,11,1,"0,0,0,4,1,0,0,0,0,0,0",17,Sapporo Dome,,,43000,GAME20010627YGCD0017
2001,2001-06-27,Reg Season,Yokohama BayStars,Away,L,1,Yakult Swallows,1,7,3,"0,0,0,0,0,1,0,0,0",13,Meiji Jingu Stadium,,,14000,GAME20010627YSDB0013
2001,2001-06-27,Reg Season,Yakult Swallows,Home,W,3,Yokohama BayStars,3,3,0,"0,2,0,0,0,1,0,0,x",13,Meiji Jingu Stadium,,,14000,GAME20010627YSDB0013
2001,2001-06-28,Reg Season,Hiroshima Toyo Carp,Away,W,6,Hanshin Tigers,6,8,1,"0,0,0,1,2,0,2,0,1",13,Hanshin Koshien Stadium,,,13000,GAME20010628HTHC0013
2001,2001-06-28,Reg Season,Hanshin Tigers,Home,L,2,Hiroshima Toyo Carp,2,5,0,"0,0,0,0,0,0,1,0,1",13,Hanshin Koshien Stadium,,,13000,GAME20010628HTHC0013
2001,2001-06-28,Reg Season,Chunichi Dragons,Away,L,0,Yomiuri Giants,0,5,0,"0,0,0,0,0,0,0,0,0",18,Sapporo Dome,,,43000,GAME20010628YGCD0018
2001,2001-06-28,Reg Season,Yomiuri Giants,Home,W,6,Chunichi Dragons,6,12,0,"4,0,0,0,0,1,1,0,x",18,Sapporo Dome,,,43000,GAME20010628YGCD0018
2001,2001-06-28,Reg Season,Yokohama BayStars,Away,L,3,Yakult Swallows,3,6,0,"1,0,0,0,0,0,0,0,2",14,Meiji Jingu Stadium,,,14000,GAME20010628YSDB0014
2001,2001-06-28,Reg Season,Yakult Swallows,Home,W,13,Yokohama BayStars,13,16,1,"2,0,2,4,0,0,5,0,x",14,Meiji Jingu Stadium,,,14000,GAME20010628YSDB0014
2001,2001-06-29,Reg Season,Chunichi Dragons,Away,W,11,Yokohama BayStars,11,11,0,"0,2,0,5,1,0,3,0,0",14,Yokohama Stadium,,,24000,GAME20010629DBCD0014
2001,2001-06-29,Reg Season,Yokohama BayStars,Home,L,2,Chunichi Dragons,2,8,3,"0,0,0,1,0,0,1,0,0",14,Yokohama Stadium,,,24000,GAME20010629DBCD0014
2001,2001-06-29,Reg Season,Yakult Swallows,Away,L,3,Hanshin Tigers,3,9,2,"0,0,0,0,0,0,1,1,1,0",14,Hanshin Koshien Stadium,,,16000,GAME20010629HTYS0014
2001,2001-06-29,Reg Season,Hanshin Tigers,Home,W,5,Yakult Swallows,5,7,1,"0,0,0,0,1,1,0,0,1,2x",14,Hanshin Koshien Stadium,,,16000,GAME20010629HTYS0014
2001,2001-06-29,Reg Season,Chiba Lotte Marines,Away,L,0,Fukuoka Daiei Hawks,0,5,0,"0,0,0,0,0,0,0,0,0",15,Mizuho PayPay Dome Fukuoka,,,41000,GAME20010629SHLM0015
2001,2001-06-29,Reg Season,Fukuoka Daiei Hawks,Home,W,4,Chiba Lotte Marines,4,7,1,"4,0,0,0,0,0,0,0,x",15,Mizuho PayPay Dome Fukuoka,,,41000,GAME20010629SHLM0015
2001,2001-06-30,Reg Season,Chunichi Dragons,Away,L,4,Yokohama BayStars,4,6,1,"1,0,2,0,0,0,0,1,0",15,Yokohama Stadium,,,27000,GAME20010630DBCD0015
2001,2001-06-30,Reg Season,Yokohama BayStars,Home,W,7,Chunichi Dragons,7,14,0,"1,0,4,0,1,0,0,1,x",15,Yokohama Stadium,,,27000,GAME20010630DBCD0015
2001,2001-06-30,Reg Season,Yakult Swallows,Away,W,7,Hanshin Tigers,7,14,3,"0,0,4,1,0,1,0,1,0",15,Hanshin Koshien Stadium,,,31000,GAME20010630HTYS0015
2001,2001-06-30,Reg Season,Hanshin Tigers,Home,L,3,Yakult Swallows,3,8,1,"0,0,0,1,0,0,0,0,2",15,Hanshin Koshien Stadium,,,31000,GAME20010630HTYS0015
2001,2001-06-30,Reg Season,Osaka Kintetsu Buffaloes,Away,W,8,Orix Bluewave,8,13,0,"3,0,0,0,2,3,0,0,0",15,Chiyogadai Baseball Stadium,,,11000,GAME20010630OBKI0015
2001,2001-06-30,Reg Season,Orix Bluewave,Home,L,1,Osaka Kintetsu Buffaloes,1,5,0,"0,0,1,0,0,0,0,0,0",15,Chiyogadai Baseball Stadium,,,11000,GAME20010630OBKI0015
2001,2001-06-30,Reg Season,Chiba Lotte Marines,Away,W,5,Fukuoka Daiei Hawks,5,10,0,"1,0,2,0,0,0,2,0,0",16,Mizuho PayPay Dome Fukuoka,,,47000,GAME20010630SHLM0016
2001,2001-06-30,Reg Season,Fukuoka Daiei Hawks,Home,L,2,Chiba Lotte Marines,2,7,0,"0,0,0,0,0,1,0,0,1",16,Mizuho PayPay Dome Fukuoka,,,47000,GAME20010630SHLM0016
2001,2001-06-30,Reg Season,Nippon-Ham Fighters,Away,W,2,Seibu Lions,2,3,1,"0,0,1,0,0,0,0,1,0",14,Belluna Dome,,,23000,GAME20010630SLNF0014
2001,2001-06-30,Reg Season,Seibu Lions,Home,L,1,Nippon-Ham Fighters,1,5,0,"0,1,0,0,0,0,0,0,0",14,Belluna Dome,,,23000,GAME20010630SLNF0014
2001,2001-06-30,Reg Season,Hiroshima Toyo Carp,Away,L,2,Yomiuri Giants,2,6,1,"0,0,2,0,0,0,0,0,0",15,Tokyo Dome,,,55000,GAME20010630YGHC0015
2001,2001-06-30,Reg Season,Yomiuri Giants,Home,W,4,Hiroshima Toyo Carp,4,7,0,"0,1,0,0,0,0,1,2,x",15,Tokyo Dome,,,55000,GAME20010630YGHC0015
2001,2001-07-01,Reg Season,Chunichi Dragons,Away,W,7,Yokohama BayStars,7,11,0,"1,1,0,0,0,1,1,0,3",16,Yokohama Stadium,,,28000,GAME20010701DBCD0016
2001,2001-07-01,Reg Season,Yokohama BayStars,Home,L,2,Chunichi Dragons,2,10,2,"1,0,0,0,0,0,0,0,1",16,Yokohama Stadium,,,28000,GAME20010701DBCD0016
2001,2001-07-01,Reg Season,Yakult Swallows,Away,L,6,Hanshin Tigers,6,9,0,"2,0,0,0,0,0,0,2,2",16,Hanshin Koshien Stadium,,,25000,GAME20010701HTYS0016
2001,2001-07-01,Reg Season,Hanshin Tigers,Home,W,7,Yakult Swallows,7,12,1,"0,1,0,1,0,1,0,0,4x",16,Hanshin Koshien Stadium,,,25000,GAME20010701HTYS0016
2001,2001-07-01,Reg Season,Osaka Kintetsu Buffaloes,Away,L,0,Orix Bluewave,0,2,1,"0,0,0,0,0,0,0,0,0",16,Chiyogadai Baseball Stadium,,,15000,GAME20010701OBKI0016
2001,2001-07-01,Reg Season,Orix Bluewave,Home,W,3,Osaka Kintetsu Buffaloes,3,4,0,"0,0,0,0,0,3,0,0,x",16,Chiyogadai Baseball Stadium,,,15000,GAME20010701OBKI0016
2001,2001-07-01,Reg Season,Chiba Lotte Marines,Away,L,4,Fukuoka Daiei Hawks,4,10,0,"1,0,0,0,1,1,1,0,0",17,Mizuho PayPay Dome Fukuoka,,,48000,GAME20010701SHLM0017
2001,2001-07-01,Reg Season,Fukuoka Daiei Hawks,Home,W,6,Chiba Lotte Marines,6,10,0,"0,0,0,0,0,3,0,3,x",17,Mizuho PayPay Dome Fukuoka,,,48000,GAME20010701SHLM0017
2001,2001-07-01,Reg Season,Nippon-Ham Fighters,Away,L,0,Seibu Lions,0,11,0,"0,0,0,0,0,0,0,0,0",15,Belluna Dome,,,25000,GAME20010701SLNF0015
2001,2001-07-01,Reg Season,Seibu Lions,Home,W,10,Nippon-Ham Fighters,10,10,0,"0,0,0,0,1,1,3,5,x",15,Belluna Dome,,,25000,GAME20010701SLNF0015
2001,2001-07-01,Reg Season,Hiroshima Toyo Carp,Away,W,13,Yomiuri Giants,13,15,0,"2,2,0,0,0,0,0,6,3",16,Tokyo Dome,,,55000,GAME20010701YGHC0016
2001,2001-07-01,Reg Season,Yomiuri Giants,Home,L,4,Hiroshima Toyo Carp,4,9,0,"0,1,0,1,0,0,0,2,0",16,Tokyo Dome,,,55000,GAME20010701YGHC0016
2001,2001-07-02,Reg Season,Orix Bluewave,Away,W,6,Nippon-Ham Fighters,6,10,1,"0,0,1,2,1,0,0,0,2",16,Tokyo Dome,,,10000,GAME20010702NFOB0016
2001,2001-07-02,Reg Season,Nippon-Ham Fighters,Home,L,3,Orix Bluewave,3,4,0,"3,0,0,0,0,0,0,0,0",16,Tokyo Dome,,,10000,GAME20010702NFOB0016
2001,2001-07-02,Reg Season,Fukuoka Daiei Hawks,Away,L,1,Seibu Lions,1,5,0,"0,0,0,0,0,1,0,0,0",14,Belluna Dome,,,20000,GAME20010702SLSH0014
2001,2001-07-02,Reg Season,Seibu Lions,Home,W,10,Fukuoka Daiei Hawks,10,13,0,"6,0,0,0,0,1,1,2,x",14,Belluna Dome,,,20000,GAME20010702SLSH0014
2001,2001-07-03,Reg Season,Hanshin Tigers,Away,W,4,Chunichi Dragons,4,8,0,"0,0,0,1,0,0,0,1,0,2",14,Vantelin Dome Nagoya,,,35000,GAME20010703CDHT0014
2001,2001-07-03,Reg Season,Chunichi Dragons,Home,L,2,Hanshin Tigers,2,7,2,"0,0,0,0,1,0,0,1,0,0",14,Vantelin Dome Nagoya,,,35000,GAME20010703CDHT0014
2001,2001-07-03,Reg Season,Yokohama BayStars,Away,W,7,Hiroshima Toyo Carp,7,11,0,"1,0,0,4,0,0,0,0,2",12,Ishikawa Prefectural Baseball Stadium,,,15000,GAME20010703HCDB0012
2001,2001-07-03,Reg Season,Hiroshima Toyo Carp,Home,L,3,Yokohama BayStars,3,10,1,"0,0,0,0,2,0,1,0,0",12,Ishikawa Prefectural Baseball Stadium,,,15000,GAME20010703HCDB0012
2001,2001-07-03,Reg Season,Chiba Lotte Marines,Away,L,3,Osaka Kintetsu Buffaloes,3,3,1,"0,2,1,0,0,0,0,0,0",15,Kyocera Dome Osaka,,,16000,GAME20010703KILM0015
2001,2001-07-03,Reg Season,Osaka Kintetsu Buffaloes,Home,W,7,Chiba Lotte Marines,7,8,0,"0,0,0,2,0,5,0,0,x",15,Kyocera Dome Osaka,,,16000,GAME20010703KILM0015
2001,2001-07-03,Reg Season,Orix Bluewave,Away,L,9,Nippon-Ham Fighters,9,13,0,"0,1,3,3,0,1,0,0,1",17,Tokyo Dome,,,10000,GAME20010703NFOB0017
2001,2001-07-03,Reg Season,Nippon-Ham Fighters,Home,W,13,Orix Bluewave,13,15,0,"1,4,1,0,0,2,4,1,x",17,Tokyo Dome,,,10000,GAME20010703NFOB0017
2001,2001-07-03,Reg Season,Fukuoka Daiei Hawks,Away,L,1,Seibu Lions,1,4,0,"0,0,0,0,0,0,1,0,0",15,Belluna Dome,,,19000,GAME20010703SLSH0015
2001,2001-07-03,Reg Season,Seibu Lions,Home,W,4,Fukuoka Daiei Hawks,4,7,0,"0,2,1,0,1,0,0,0,x",15,Belluna Dome,,,19000,GAME20010703SLSH0015
2001,2001-07-03,Reg Season,Yomiuri Giants,Away,W,7,Yakult Swallows,7,9,1,"4,0,0,0,0,3,0,0,0",12,Meiji Jingu Stadium,,,43000,GAME20010703YSYG0012
2001,2001-07-03,Reg Season,Yakult Swallows,Home,L,4,Yomiuri Giants,4,9,0,"0,0,0,0,0,0,0,4,0",12,Meiji Jingu Stadium,,,43000,GAME20010703YSYG0012
2001,2001-07-04,Reg Season,Hanshin Tigers,Away,L,5,Chunichi Dragons,5,11,0,"0,0,0,4,0,0,0,0,1",15,Vantelin Dome Nagoya,,,36000,GAME20010704CDHT0015
2001,2001-07-04,Reg Season,Chunichi Dragons,Home,W,7,Hanshin Tigers,7,12,0,"1,1,0,0,0,3,2,0,x",15,Vantelin Dome Nagoya,,,36000,GAME20010704CDHT0015
2001,2001-07-04,Reg Season,Yokohama BayStars,Away,L,1,Hiroshima Toyo Carp,1,8,0,"0,0,0,1,0,0,0,0,0",13,Ishikawa Prefectural Baseball Stadium,,,15000,GAME20010704HCDB0013
2001,2001-07-04,Reg Season,Hiroshima Toyo Carp,Home,W,2,Yokohama BayStars,2,9,0,"0,0,2,0,0,0,0,0,x",13,Ishikawa Prefectural Baseball Stadium,,,15000,GAME20010704HCDB0013
2001,2001-07-04,Reg Season,Chiba Lotte Marines,Away,L,1,Osaka Kintetsu Buffaloes,1,6,1,"0,0,1,0,0,0,0,0,0,0",16,Kyocera Dome Osaka,,,14000,GAME20010704KILM0016
2001,2001-07-04,Reg Season,Osaka Kintetsu Buffaloes,Home,W,2,Chiba Lotte Marines,2,8,0,"1,0,0,0,0,0,0,0,0,1x",16,Kyocera Dome Osaka,,,14000,GAME20010704KILM0016
2001,2001-07-04,Reg Season,Yomiuri Giants,Away,W,7,Yakult Swallows,7,12,0,"0,1,0,2,0,0,4,0,0",13,Meiji Jingu Stadium,,,43000,GAME20010704YSYG0013
2001,2001-07-04,Reg Season,Yakult Swallows,Home,L,2,Yomiuri Giants,2,3,1,"2,0,0,0,0,0,0,0,0",13,Meiji Jingu Stadium,,,43000,GAME20010704YSYG0013
2001,2001-07-05,Reg Season,Hanshin Tigers,Away,W,6,Chunichi Dragons,6,10,2,"0,0,5,0,0,0,1,0,0",16,Vantelin Dome Nagoya,,,35000,GAME20010705CDHT0016
2001,2001-07-05,Reg Season,Chunichi Dragons,Home,L,4,Hanshin Tigers,4,6,0,"0,1,0,1,0,0,1,0,1",16,Vantelin Dome Nagoya,,,35000,GAME20010705CDHT0016
2001,2001-07-06,Reg Season,Yomiuri Giants,Away,L,3,Yokohama BayStars,3,10,1,"0,0,0,0,0,0,0,3,0",16,Yokohama Stadium,,,30000,GAME20010706DBYG0016
2001,2001-07-06,Reg Season,Yokohama BayStars,Home,W,6,Yomiuri Giants,6,9,1,"0,0,0,0,0,3,0,3,x",16,Yokohama Stadium,,,30000,GAME20010706DBYG0016
2001,2001-07-06,Reg Season,Fukuoka Daiei Hawks,Away,W,4,Osaka Kintetsu Buffaloes,4,10,2,"0,0,0,1,0,2,1,0,0",16,Kyocera Dome Osaka,,,26000,GAME20010706KISH0016
2001,2001-07-06,Reg Season,Osaka Kintetsu Buffaloes,Home,L,3,Fukuoka Daiei Hawks,3,8,0,"0,0,0,0,1,0,0,2,0",16,Kyocera Dome Osaka,,,26000,GAME20010706KISH0016
2001,2001-07-06,Reg Season,Seibu Lions,Away,L,0,Orix Bluewave,0,3,1,"0,0,0,0,0,0,0,0,0",16,Kobe Athletic Park Baseball Field,,,12000,GAME20010706OBSL0016
2001,2001-07-06,Reg Season,Orix Bluewave,Home,W,6,Seibu Lions,6,8,0,"0,0,2,0,0,0,4,0,x",16,Kobe Athletic Park Baseball Field,,,12000,GAME20010706OBSL0016
2001,2001-07-06,Reg Season,Chunichi Dragons,Away,L,6,Yakult Swallows,6,10,1,"0,0,3,0,0,3,0,0,0",13,Meiji Jingu Stadium,,,14000,GAME20010706YSCD0013
2001,2001-07-06,Reg Season,Yakult Swallows,Home,W,7,Chunichi Dragons,7,9,0,"0,0,0,3,0,0,0,4,x",13,Meiji Jingu Stadium,,,14000,GAME20010706YSCD0013
2001,2001-07-07,Reg Season,Yomiuri Giants,Away,L,1,Yokohama BayStars,1,9,1,"0,0,0,0,0,0,1,0,0",17,Yokohama Stadium,,,30000,GAME20010707DBYG0017
2001,2001-07-07,Reg Season,Yokohama BayStars,Home,W,5,Yomiuri Giants,5,8,0,"0,1,0,0,0,0,0,0,4x",17,Yokohama Stadium,,,30000,GAME20010707DBYG0017
2001,2001-07-07,Reg Season,Hanshin Tigers,Away,L,7,Hiroshima Toyo Carp,7,12,0,"1,0,0,1,1,0,3,0,1",14,Hiroshima citizens,,,24000,GAME20010707HCHT0014
2001,2001-07-07,Reg Season,Hiroshima Toyo Carp,Home,W,11,Hanshin Tigers,11,13,2,"2,0,2,0,1,0,5,1,x",14,Hiroshima citizens,,,24000,GAME20010707HCHT0014
2001,2001-07-07,Reg Season,Fukuoka Daiei Hawks,Away,W,14,Osaka Kintetsu Buffaloes,14,14,0,"0,0,3,5,2,2,0,2,0",17,Kyocera Dome Osaka,,,40000,GAME20010707KISH0017
2001,2001-07-07,Reg Season,Osaka Kintetsu Buffaloes,Home,L,2,Fukuoka Daiei Hawks,2,6,2,"0,1,1,0,0,0,0,0,0",17,Kyocera Dome Osaka,,,40000,GAME20010707KISH0017
2001,2001-07-07,Reg Season,Chiba Lotte Marines,Away,W,6,Nippon-Ham Fighters,6,10,0,"3,0,1,1,0,1,0,0,0",16,Matsuyama Central Park Baseball Stadium,,,15000,GAME20010707NFLM0016
2001,2001-07-07,Reg Season,Nippon-Ham Fighters,Home,L,4,Chiba Lotte Marines,4,11,1,"4,0,0,0,0,0,0,0,0",16,Matsuyama Central Park Baseball Stadium,,,15000,GAME20010707NFLM0016
2001,2001-07-07,Reg Season,Seibu Lions,Away,L,4,Orix Bluewave,4,9,1,"2,1,0,0,0,1,0,0,0",17,Kobe Athletic Park Baseball Field,,,18000,GAME20010707OBSL0017
2001,2001-07-07,Reg Season,Orix Bluewave,Home,W,7,Seibu Lions,7,9,1,"4,0,1,0,0,0,0,2,x",17,Kobe Athletic Park Baseball Field,,,18000,GAME20010707OBSL0017
2001,2001-07-07,Reg Season,Chunichi Dragons,Away,W,4,Yakult Swallows,4,8,0,"0,1,0,0,0,0,1,2,0",14,Meiji Jingu Stadium,,,24000,GAME20010707YSCD0014
2001,2001-07-07,Reg Season,Yakult Swallows,Home,L,3,Chunichi Dragons,3,6,2,"1,0,0,0,0,0,0,2,0",14,Meiji Jingu Stadium,,,24000,GAME20010707YSCD0014
2001,2001-07-08,Reg Season,Yomiuri Giants,Away,L,2,Yokohama BayStars,2,7,0,"0,0,0,1,0,0,0,1,0",18,Yokohama Stadium,,,30000,GAME20010708DBYG0018
2001,2001-07-08,Reg Season,Yokohama BayStars,Home,W,5,Yomiuri Giants,5,12,0,"0,3,2,0,0,0,0,0,x",18,Yokohama Stadium,,,30000,GAME20010708DBYG0018
2001,2001-07-08,Reg Season,Hanshin Tigers,Away,L,1,Hiroshima Toyo Carp,1,6,1,"0,0,0,0,0,0,0,1,0",15,Hiroshima citizens,,,12000,GAME20010708HCHT0015
2001,2001-07-08,Reg Season,Hiroshima Toyo Carp,Home,W,4,Hanshin Tigers,4,9,0,"2,0,0,0,0,0,0,2,x",15,Hiroshima citizens,,,12000,GAME20010708HCHT0015
2001,2001-07-08,Reg Season,Fukuoka Daiei Hawks,Away,W,7,Osaka Kintetsu Buffaloes,7,8,0,"0,0,3,2,2,0,0,0,0",18,Kyocera Dome Osaka,,,35000,GAME20010708KISH0018
2001,2001-07-08,Reg Season,Osaka Kintetsu Buffaloes,Home,L,0,Fukuoka Daiei Hawks,0,2,1,"0,0,0,0,0,0,0,0,0",18,Kyocera Dome Osaka,,,35000,GAME20010708KISH0018
2001,2001-07-08,Reg Season,Chiba Lotte Marines,Away,W,4,Nippon-Ham Fighters,4,8,2,"0,0,0,1,0,0,1,1,1",17,Kagawa prefectural management,,,9000,GAME20010708NFLM0017
2001,2001-07-08,Reg Season,Nippon-Ham Fighters,Home,L,2,Chiba Lotte Marines,2,6,1,"0,0,0,0,0,2,0,0,0",17,Kagawa prefectural management,,,9000,GAME20010708NFLM0017
2001,2001-07-08,Reg Season,Seibu Lions,Away,W,8,Orix Bluewave,8,13,1,"0,1,0,0,1,4,0,2,0",18,Kobe Athletic Park Baseball Field,,,15000,GAME20010708OBSL0018
2001,2001-07-08,Reg Season,Orix Bluewave,Home,L,7,Seibu Lions,7,9,3,"2,1,1,0,3,0,0,0,0",18,Kobe Athletic Park Baseball Field,,,15000,GAME20010708OBSL0018
2001,2001-07-08,Reg Season,Chunichi Dragons,Away,L,0,Yakult Swallows,0,7,0,"0,0,0,0,0,0,0,0,0",15,Meiji Jingu Stadium,,,16000,GAME20010708YSCD0015
2001,2001-07-08,Reg Season,Yakult Swallows,Home,W,6,Chunichi Dragons,6,12,1,"0,1,1,2,1,0,0,1,x",15,Meiji Jingu Stadium,,,16000,GAME20010708YSCD0015
2001,2001-07-09,Reg Season,Fukuoka Daiei Hawks,Away,L,9,Chiba Lotte Marines,9,12,0,"0,1,0,2,0,2,0,0,1,3",18,ZOZO Marine Stadium,,,18000,GAME20010709LMSH0018
2001,2001-07-09,Reg Season,Chiba Lotte Marines,Home,W,10,Fukuoka Daiei Hawks,10,18,1,"0,0,0,1,2,3,0,0,0,4x",18,ZOZO Marine Stadium,,,18000,GAME20010709LMSH0018
2001,2001-07-09,Reg Season,Nippon-Ham Fighters,Away,W,7,Orix Bluewave,7,9,1,"1,1,0,0,0,3,2,0,0",18,Kobe Athletic Park Baseball Field,,,11000,GAME20010709OBNF0018
2001,2001-07-09,Reg Season,Orix Bluewave,Home,L,2,Nippon-Ham Fighters,2,5,0,"0,0,0,0,0,1,1,0,0",18,Kobe Athletic Park Baseball Field,,,11000,GAME20010709OBNF0018
2001,2001-07-09,Reg Season,Osaka Kintetsu Buffaloes,Away,L,8,Seibu Lions,8,14,2,"0,0,0,1,0,3,0,0,4",17,Belluna Dome,,,22000,GAME20010709SLKI0017
2001,2001-07-09,Reg Season,Seibu Lions,Home,W,10,Osaka Kintetsu Buffaloes,10,12,0,"0,4,1,0,5,0,0,0,x",17,Belluna Dome,,,22000,GAME20010709SLKI0017
2001,2001-07-10,Reg Season,Hiroshima Toyo Carp,Away,T,3,Chunichi Dragons,3,7,0,"0,0,0,0,0,3,0,0,0,0,0,0",13,Vantelin Dome Nagoya,,,33000,GAME20010710CDHC0013
2001,2001-07-10,Reg Season,Chunichi Dragons,Home,T,3,Hiroshima Toyo Carp,3,8,0,"1,0,2,0,0,0,0,0,0,0,0,0",13,Vantelin Dome Nagoya,,,33000,GAME20010710CDHC0013
2001,2001-07-10,Reg Season,Hanshin Tigers,Away,L,3,Yokohama BayStars,3,8,2,"0,0,0,0,1,1,0,0,1",14,Yokohama Stadium,,,26000,GAME20010710DBHT0014
2001,2001-07-10,Reg Season,Yokohama BayStars,Home,W,6,Hanshin Tigers,6,10,0,"0,1,0,0,5,0,0,0,x",14,Yokohama Stadium,,,26000,GAME20010710DBHT0014
2001,2001-07-10,Reg Season,Fukuoka Daiei Hawks,Away,L,1,Chiba Lotte Marines,1,4,1,"0,0,0,0,0,0,0,0,1",19,ZOZO Marine Stadium,,,17000,GAME20010710LMSH0019
2001,2001-07-10,Reg Season,Chiba Lotte Marines,Home,W,6,Fukuoka Daiei Hawks,6,10,1,"0,2,0,1,0,1,1,1,x",19,ZOZO Marine Stadium,,,17000,GAME20010710LMSH0019
2001,2001-07-10,Reg Season,Nippon-Ham Fighters,Away,L,3,Orix Bluewave,3,7,2,"0,0,2,0,1,0,0,0,0",19,Kobe Athletic Park Baseball Field,,,11000,GAME20010710OBNF0019
2001,2001-07-10,Reg Season,Orix Bluewave,Home,W,5,Nippon-Ham Fighters,5,11,1,"1,1,0,0,1,0,2,0,x",19,Kobe Athletic Park Baseball Field,,,11000,GAME20010710OBNF0019
2001,2001-07-10,Reg Season,Osaka Kintetsu Buffaloes,Away,W,3,Seibu Lions,3,10,0,"2,0,0,0,1,0,0,0,0",18,Belluna Dome,,,20000,GAME20010710SLKI0018
2001,2001-07-10,Reg Season,Seibu Lions,Home,L,1,Osaka Kintetsu Buffaloes,1,4,0,"0,0,0,0,0,0,0,0,1",18,Belluna Dome,,,20000,GAME20010710SLKI0018
2001,2001-07-10,Reg Season,Yakult Swallows,Away,W,7,Yomiuri Giants,7,12,1,"2,0,0,1,0,2,0,0,2",14,Tokyo Dome,,,55000,GAME20010710YGYS0014
2001,2001-07-10,Reg Season,Yomiuri Giants,Home,L,6,Yakult Swallows,6,9,0,"2,2,0,0,0,0,0,0,2",14,Tokyo Dome,,,55000,GAME20010710YGYS0014
2001,2001-07-11,Reg Season,Hiroshima Toyo Carp,Away,L,2,Chunichi Dragons,2,8,1,"0,0,0,0,0,1,1,0,0",14,Vantelin Dome Nagoya,,,33000,GAME20010711CDHC0014
2001,2001-07-11,Reg Season,Chunichi Dragons,Home,W,4,Hiroshima Toyo Carp,4,11,0,"0,1,0,0,0,0,3,0,x",14,Vantelin Dome Nagoya,,,33000,GAME20010711CDHC0014
2001,2001-07-11,Reg Season,Hanshin Tigers,Away,W,10,Yokohama BayStars,10,13,1,"6,0,0,0,0,0,0,0,4",15,Yokohama Stadium,,,26000,GAME20010711DBHT0015
2001,2001-07-11,Reg Season,Yokohama BayStars,Home,L,6,Hanshin Tigers,6,14,0,"1,0,0,0,3,0,0,0,2",15,Yokohama Stadium,,,26000,GAME20010711DBHT0015
2001,2001-07-11,Reg Season,Fukuoka Daiei Hawks,Away,W,6,Chiba Lotte Marines,6,7,0,"1,0,0,0,0,2,3,0,0",20,ZOZO Marine Stadium,,,12000,GAME20010711LMSH0020
2001,2001-07-11,Reg Season,Chiba Lotte Marines,Home,L,4,Fukuoka Daiei Hawks,4,10,1,"0,0,0,3,1,0,0,0,0",20,ZOZO Marine Stadium,,,12000,GAME20010711LMSH0020
2001,2001-07-11,Reg Season,Nippon-Ham Fighters,Away,W,6,Orix Bluewave,6,10,0,"0,0,0,0,0,2,0,0,0,4",20,Kobe Athletic Park Baseball Field,,,11000,GAME20010711OBNF0020
2001,2001-07-11,Reg Season,Orix Bluewave,Home,L,2,Nippon-Ham Fighters,2,11,2,"0,0,0,0,0,0,0,0,2,0",20,Kobe Athletic Park Baseball Field,,,11000,GAME20010711OBNF0020
2001,2001-07-11,Reg Season,Yakult Swallows,Away,W,7,Yomiuri Giants,7,11,0,"4,2,0,0,0,1,0,0,0",15,Tokyo Dome,,,55000,GAME20010711YGYS0015
2001,2001-07-11,Reg Season,Yomiuri Giants,Home,L,1,Yakult Swallows,1,5,1,"0,1,0,0,0,0,0,0,0",15,Tokyo Dome,,,55000,GAME20010711YGYS0015
2001,2001-07-12,Reg Season,Hiroshima Toyo Carp,Away,L,3,Chunichi Dragons,3,9,0,"0,0,0,0,0,0,1,0,2,0",15,Vantelin Dome Nagoya,,,33000,GAME20010712CDHC0015
2001,2001-07-12,Reg Season,Chunichi Dragons,Home,W,4,Hiroshima Toyo Carp,4,12,1,"0,1,0,1,0,0,0,1,0,1x",15,Vantelin Dome Nagoya,,,33000,GAME20010712CDHC0015
2001,2001-07-12,Reg Season,Hanshin Tigers,Away,W,3,Yokohama BayStars,3,6,0,"0,0,0,2,0,1,0,0,0",16,Batting Palace Hiratsuka Shonan,,,26000,GAME20010712DBHT0016
2001,2001-07-12,Reg Season,Yokohama BayStars,Home,L,1,Hanshin Tigers,1,7,0,"0,0,0,1,0,0,0,0,0",16,Batting Palace Hiratsuka Shonan,,,26000,GAME20010712DBHT0016
2001,2001-07-12,Reg Season,Yakult Swallows,Away,L,1,Yomiuri Giants,1,11,0,"0,0,0,0,0,0,0,0,1",16,Tokyo Dome,,,55000,GAME20010712YGYS0016
2001,2001-07-12,Reg Season,Yomiuri Giants,Home,W,13,Yakult Swallows,13,16,0,"0,0,4,7,0,0,0,2,x",16,Tokyo Dome,,,55000,GAME20010712YGYS0016
2001,2001-07-13,Reg Season,Chunichi Dragons,Away,L,3,Hanshin Tigers,3,5,1,"0,0,0,1,0,1,1,0,0",17,Hanshin Koshien Stadium,,,22000,GAME20010713HTCD0017
2001,2001-07-13,Reg Season,Hanshin Tigers,Home,W,10,Chunichi Dragons,10,17,1,"3,1,1,0,0,1,2,2,x",17,Hanshin Koshien Stadium,,,22000,GAME20010713HTCD0017
2001,2001-07-13,Reg Season,Nippon-Ham Fighters,Away,L,1,Fukuoka Daiei Hawks,1,4,0,"0,0,0,1,0,0,0,0,0",16,Mizuho PayPay Dome Fukuoka,,,41000,GAME20010713SHNF0016
2001,2001-07-13,Reg Season,Fukuoka Daiei Hawks,Home,W,3,Nippon-Ham Fighters,3,5,0,"0,0,0,2,0,1,0,0,x",16,Mizuho PayPay Dome Fukuoka,,,41000,GAME20010713SHNF0016
2001,2001-07-13,Reg Season,Chiba Lotte Marines,Away,L,2,Seibu Lions,2,6,0,"0,1,0,0,0,0,0,1,0",16,Sapporo Dome,,,20000,GAME20010713SLLM0016
2001,2001-07-13,Reg Season,Seibu Lions,Home,W,3,Chiba Lotte Marines,3,11,0,"0,0,0,0,0,0,0,3,x",16,Sapporo Dome,,,20000,GAME20010713SLLM0016
2001,2001-07-13,Reg Season,Hiroshima Toyo Carp,Away,W,10,Yomiuri Giants,10,11,0,"0,2,1,0,0,1,0,5,1",17,Tokyo Dome,,,55000,GAME20010713YGHC0017
2001,2001-07-13,Reg Season,Yomiuri Giants,Home,L,5,Hiroshima Toyo Carp,5,8,2,"0,1,0,0,0,3,1,0,0",17,Tokyo Dome,,,55000,GAME20010713YGHC0017
2001,2001-07-14,Reg Season,Yakult Swallows,Away,T,4,Yokohama BayStars,4,11,2,"2,0,1,0,1,0,0,0,0,0,0,0",15,Windhill Higashi Hokkaido Stadium,,,25000,GAME20010714DBYS0015
2001,2001-07-14,Reg Season,Yokohama BayStars,Home,T,4,Yakult Swallows,4,11,0,"0,0,3,0,0,0,0,1,0,0,0,0",15,Windhill Higashi Hokkaido Stadium,,,25000,GAME20010714DBYS0015
2001,2001-07-14,Reg Season,Chunichi Dragons,Away,L,4,Hanshin Tigers,4,10,0,"0,0,0,0,0,0,1,1,0,2,0,0",18,Hanshin Koshien Stadium,,,36000,GAME20010714HTCD0018
2001,2001-07-14,Reg Season,Hanshin Tigers,Home,W,5,Chunichi Dragons,5,14,1,"1,0,0,0,0,0,0,0,1,2,0,1x",18,Hanshin Koshien Stadium,,,36000,GAME20010714HTCD0018
2001,2001-07-14,Reg Season,Orix Bluewave,Away,L,1,Osaka Kintetsu Buffaloes,1,6,0,"0,0,0,0,0,1,0,0,0",17,Kyocera Dome Osaka,,,22000,GAME20010714KIOB0017
2001,2001-07-14,Reg Season,Osaka Kintetsu Buffaloes,Home,W,5,Orix Bluewave,5,13,1,"1,1,0,0,0,0,3,0,x",17,Kyocera Dome Osaka,,,22000,GAME20010714KIOB0017
2001,2001-07-14,Reg Season,Nippon-Ham Fighters,Away,L,1,Fukuoka Daiei Hawks,1,9,1,"1,0,0,0,0,0,0,0,0",17,Mizuho PayPay Dome Fukuoka,,,48000,GAME20010714SHNF0017
2001,2001-07-14,Reg Season,Fukuoka Daiei Hawks,Home,W,4,Nippon-Ham Fighters,4,7,3,"0,3,0,0,0,0,0,1,x",17,Mizuho PayPay Dome Fukuoka,,,48000,GAME20010714SHNF0017
2001,2001-07-14,Reg Season,Chiba Lotte Marines,Away,W,7,Seibu Lions,7,11,0,"0,0,0,1,0,0,0,1,1,4",17,Sapporo Dome,,,26000,GAME20010714SLLM0017
2001,2001-07-14,Reg Season,Seibu Lions,Home,L,3,Chiba Lotte Marines,3,7,0,"1,0,0,2,0,0,0,0,0,0",17,Sapporo Dome,,,26000,GAME20010714SLLM0017
2001,2001-07-14,Reg Season,Hiroshima Toyo Carp,Away,L,1,Yomiuri Giants,1,8,0,"0,0,0,0,0,1,0,0,0,0,0",18,Tokyo Dome,,,55000,GAME20010714YGHC0018
2001,2001-07-14,Reg Season,Yomiuri Giants,Home,W,5,Hiroshima Toyo Carp,5,9,1,"0,0,0,0,0,0,1,0,0,0,4x",18,Tokyo Dome,,,55000,GAME20010714YGHC0018
2001,2001-07-15,Reg Season,Yakult Swallows,Away,L,0,Yokohama BayStars,0,8,1,"0,0,0,0,0,0,0,0,0",16,Obihiro no Mori Baseball Stadium,,,27000,GAME20010715DBYS0016
2001,2001-07-15,Reg Season,Yokohama BayStars,Home,W,7,Yakult Swallows,7,10,0,"1,1,1,0,1,3,0,0,x",16,Obihiro no Mori Baseball Stadium,,,27000,GAME20010715DBYS0016
2001,2001-07-15,Reg Season,Orix Bluewave,Away,L,1,Osaka Kintetsu Buffaloes,1,4,1,"0,0,0,1,0,0,0,0,0",18,Kyocera Dome Osaka,,,18000,GAME20010715KIOB0018
2001,2001-07-15,Reg Season,Osaka Kintetsu Buffaloes,Home,W,7,Orix Bluewave,7,13,1,"0,0,1,1,3,1,1,0,x",18,Kyocera Dome Osaka,,,18000,GAME20010715KIOB0018
2001,2001-07-15,Reg Season,Nippon-Ham Fighters,Away,W,6,Fukuoka Daiei Hawks,6,12,0,"1,0,0,1,0,1,1,1,1",18,Mizuho PayPay Dome Fukuoka,,,48000,GAME20010715SHNF0018
2001,2001-07-15,Reg Season,Fukuoka Daiei Hawks,Home,L,2,Nippon-Ham Fighters,2,7,0,"0,1,1,0,0,0,0,0,0",18,Mizuho PayPay Dome Fukuoka,,,48000,GAME20010715SHNF0018
2001,2001-07-15,Reg Season,Chiba Lotte Marines,Away,L,4,Seibu Lions,4,7,1,"0,2,0,0,1,0,0,1,0",18,Sapporo Dome,,,24000,GAME20010715SLLM0018
2001,2001-07-15,Reg Season,Seibu Lions,Home,W,6,Chiba Lotte Marines,6,8,0,"0,0,0,0,1,4,1,0,x",18,Sapporo Dome,,,24000,GAME20010715SLLM0018
2001,2001-07-15,Reg Season,Hiroshima Toyo Carp,Away,L,3,Yomiuri Giants,3,7,0,"0,1,0,1,0,0,1,0,0",19,Tokyo Dome,,,55000,GAME20010715YGHC0019
2001,2001-07-15,Reg Season,Yomiuri Giants,Home,W,4,Hiroshima Toyo Carp,4,5,0,"0,0,0,0,0,0,0,4,x",19,Tokyo Dome,,,55000,GAME20010715YGHC0019
2001,2001-07-16,Reg Season,Osaka Kintetsu Buffaloes,Away,L,3,Chiba Lotte Marines,3,8,0,"1,0,0,0,0,0,1,0,1",17,ZOZO Marine Stadium,,,18000,GAME20010716LMKI0017
2001,2001-07-16,Reg Season,Chiba Lotte Marines,Home,W,7,Osaka Kintetsu Buffaloes,7,12,1,"1,0,1,2,0,0,0,3,x",17,ZOZO Marine Stadium,,,18000,GAME20010716LMKI0017
2001,2001-07-16,Reg Season,Seibu Lions,Away,W,9,Nippon-Ham Fighters,9,11,0,"0,0,3,0,3,0,1,1,0,1",16,Tokyo Dome,,,16000,GAME20010716NFSL0016
2001,2001-07-16,Reg Season,Nippon-Ham Fighters,Home,L,8,Seibu Lions,8,11,0,"0,2,3,0,0,0,0,1,2,0",16,Tokyo Dome,,,16000,GAME20010716NFSL0016
2001,2001-07-16,Reg Season,Orix Bluewave,Away,L,5,Fukuoka Daiei Hawks,5,8,0,"0,0,0,0,0,5,0,0,0",16,Mizuho PayPay Dome Fukuoka,,,41000,GAME20010716SHOB0016
2001,2001-07-16,Reg Season,Fukuoka Daiei Hawks,Home,W,6,Orix Bluewave,6,10,0,"1,0,2,1,2,0,0,0,x",16,Mizuho PayPay Dome Fukuoka,,,41000,GAME20010716SHOB0016
2001,2001-07-17,Reg Season,Yomiuri Giants,Away,L,2,Hanshin Tigers,2,9,2,"0,1,1,0,0,0,0,0,0",17,Hanshin Koshien Stadium,,,43000,GAME20010717HTYG0017
2001,2001-07-17,Reg Season,Hanshin Tigers,Home,W,3,Yomiuri Giants,3,12,1,"0,0,0,0,2,0,0,0,1x",17,Hanshin Koshien Stadium,,,43000,GAME20010717HTYG0017
2001,2001-07-17,Reg Season,Osaka Kintetsu Buffaloes,Away,W,12,Chiba Lotte Marines,12,16,2,"0,0,1,0,1,0,2,0,8",18,ZOZO Marine Stadium,,,20000,GAME20010717LMKI0018
2001,2001-07-17,Reg Season,Chiba Lotte Marines,Home,L,9,Osaka Kintetsu Buffaloes,9,18,0,"2,4,0,0,0,0,1,2,0",18,ZOZO Marine Stadium,,,20000,GAME20010717LMKI0018
2001,2001-07-17,Reg Season,Seibu Lions,Away,W,3,Nippon-Ham Fighters,3,5,0,"0,0,0,0,1,0,0,0,2",17,Tokyo Dome,,,18000,GAME20010717NFSL0017
2001,2001-07-17,Reg Season,Nippon-Ham Fighters,Home,L,1,Seibu Lions,1,9,0,"1,0,0,0,0,0,0,0,0",17,Tokyo Dome,,,18000,GAME20010717NFSL0017
2001,2001-07-17,Reg Season,Orix Bluewave,Away,W,2,Fukuoka Daiei Hawks,2,6,0,"0,0,0,1,0,1,0,0,0",17,Mizuho PayPay Dome Fukuoka,,,44000,GAME20010717SHOB0017
2001,2001-07-17,Reg Season,Fukuoka Daiei Hawks,Home,L,0,Orix Bluewave,0,2,1,"0,0,0,0,0,0,0,0,0",17,Mizuho PayPay Dome Fukuoka,,,44000,GAME20010717SHOB0017
2001,2001-07-17,Reg Season,Hiroshima Toyo Carp,Away,L,2,Yakult Swallows,2,8,2,"1,0,0,0,0,0,1,0,0",15,Meiji Jingu Stadium,,,24000,GAME20010717YSHC0015
2001,2001-07-17,Reg Season,Yakult Swallows,Home,W,12,Hiroshima Toyo Carp,12,15,0,"3,0,2,1,2,0,2,2,x",15,Meiji Jingu Stadium,,,24000,GAME20010717YSHC0015
2001,2001-07-18,Reg Season,Yokohama BayStars,Away,W,5,Chunichi Dragons,5,7,0,"0,0,3,0,0,1,0,1,0",17,Vantelin Dome Nagoya,,,34000,GAME20010718CDDB0017
2001,2001-07-18,Reg Season,Chunichi Dragons,Home,L,1,Yokohama BayStars,1,6,1,"0,0,0,1,0,0,0,0,0",17,Vantelin Dome Nagoya,,,34000,GAME20010718CDDB0017
2001,2001-07-18,Reg Season,Yomiuri Giants,Away,L,3,Hanshin Tigers,3,9,1,"1,2,0,0,0,0,0,0,0",18,Hanshin Koshien Stadium,,,45000,GAME20010718HTYG0018
2001,2001-07-18,Reg Season,Hanshin Tigers,Home,W,5,Yomiuri Giants,5,10,0,"0,0,0,0,1,3,0,1,x",18,Hanshin Koshien Stadium,,,45000,GAME20010718HTYG0018
2001,2001-07-18,Reg Season,Seibu Lions,Away,W,3,Nippon-Ham Fighters,3,5,0,"0,0,1,0,0,0,0,1,0,1",18,Tokyo Dome,,,29000,GAME20010718NFSL0018
2001,2001-07-18,Reg Season,Nippon-Ham Fighters,Home,L,2,Seibu Lions,2,6,0,"0,0,0,0,0,1,1,0,0,0",18,Tokyo Dome,,,29000,GAME20010718NFSL0018
2001,2001-07-18,Reg Season,Hiroshima Toyo Carp,Away,W,2,Yakult Swallows,2,4,1,"1,0,0,0,0,0,0,0,1",16,Meiji Jingu Stadium,,,20000,GAME20010718YSHC0016
2001,2001-07-18,Reg Season,Yakult Swallows,Home,L,1,Hiroshima Toyo Carp,1,7,0,"0,0,0,0,0,0,1,0,0",16,Meiji Jingu Stadium,,,20000,GAME20010718YSHC0016
2001,2001-07-19,Reg Season,Yokohama BayStars,Away,W,6,Chunichi Dragons,6,12,0,"1,1,2,1,0,0,1,0,0",18,Vantelin Dome Nagoya,,,34500,GAME20010719CDDB0018
2001,2001-07-19,Reg Season,Chunichi Dragons,Home,L,0,Yokohama BayStars,0,5,0,"0,0,0,0,0,0,0,0,0",18,Vantelin Dome Nagoya,,,34500,GAME20010719CDDB0018
2001,2001-07-19,Reg Season,Yomiuri Giants,Away,L,6,Hanshin Tigers,6,13,1,"3,0,0,2,0,0,0,0,1,0,0",19,Hanshin Koshien Stadium,,,53000,GAME20010719HTYG0019
2001,2001-07-19,Reg Season,Hanshin Tigers,Home,W,7,Yomiuri Giants,7,17,1,"3,0,3,0,0,0,0,0,0,0,1x",19,Hanshin Koshien Stadium,,,53000,GAME20010719HTYG0019
2001,2001-07-19,Reg Season,Hiroshima Toyo Carp,Away,L,3,Yakult Swallows,3,5,1,"0,0,0,0,0,0,1,0,2",17,Meiji Jingu Stadium,,,24000,GAME20010719YSHC0017
2001,2001-07-19,Reg Season,Yakult Swallows,Home,W,5,Hiroshima Toyo Carp,5,8,0,"0,1,0,1,0,0,3,0,x",17,Meiji Jingu Stadium,,,24000,GAME20010719YSHC0017
2001,2001-07-27,Reg Season,Hiroshima Toyo Carp,Away,L,4,Chunichi Dragons,4,10,0,"2,0,0,0,0,0,0,2,0",16,Vantelin Dome Nagoya,,,37000,GAME20010727CDHC0016
2001,2001-07-27,Reg Season,Chunichi Dragons,Home,W,8,Hiroshima Toyo Carp,8,12,0,"0,0,0,3,0,1,4,0,x",16,Vantelin Dome Nagoya,,,37000,GAME20010727CDHC0016
2001,2001-07-27,Reg Season,Yokohama BayStars,Away,W,3,Hanshin Tigers,3,13,0,"0,0,0,0,0,0,0,3,0",17,Kurashiki Sports Park Muscat Stadium,,,20000,GAME20010727HTDB0017
2001,2001-07-27,Reg Season,Hanshin Tigers,Home,L,2,Yokohama BayStars,2,4,0,"0,0,0,0,0,0,0,0,2",17,Kurashiki Sports Park Muscat Stadium,,,20000,GAME20010727HTDB0017
2001,2001-07-27,Reg Season,Chiba Lotte Marines,Away,L,1,Orix Bluewave,1,7,1,"1,0,0,0,0,0,0,0,0",14,Kobe Athletic Park Baseball Field,,,14000,GAME20010727OBLM0014
2001,2001-07-27,Reg Season,Orix Bluewave,Home,W,2,Chiba Lotte Marines,2,6,0,"1,0,0,0,1,0,0,0,x",14,Kobe Athletic Park Baseball Field,,,14000,GAME20010727OBLM0014
2001,2001-07-27,Reg Season,Osaka Kintetsu Buffaloes,Away,L,3,Fukuoka Daiei Hawks,3,9,0,"0,0,0,0,1,0,0,1,1",19,Mizuho PayPay Dome Fukuoka,,,46000,GAME20010727SHKI0019
2001,2001-07-27,Reg Season,Fukuoka Daiei Hawks,Home,W,8,Osaka Kintetsu Buffaloes,8,8,0,"0,1,0,0,0,2,5,0,x",19,Mizuho PayPay Dome Fukuoka,,,46000,GAME20010727SHKI0019
2001,2001-07-27,Reg Season,Nippon-Ham Fighters,Away,L,5,Seibu Lions,5,7,0,"0,0,0,2,0,0,2,1,0,0",19,Belluna Dome,,,27000,GAME20010727SLNF0019
2001,2001-07-27,Reg Season,Seibu Lions,Home,W,6,Nippon-Ham Fighters,6,9,1,"3,1,1,0,0,0,0,0,0,1x",19,Belluna Dome,,,27000,GAME20010727SLNF0019
2001,2001-07-27,Reg Season,Yomiuri Giants,Away,W,9,Yakult Swallows,9,8,1,"1,0,5,0,0,0,3,0,0",17,Meiji Jingu Stadium,,,45000,GAME20010727YSYG0017
2001,2001-07-27,Reg Season,Yakult Swallows,Home,L,5,Yomiuri Giants,5,9,0,"0,0,5,0,0,0,0,0,0",17,Meiji Jingu Stadium,,,45000,GAME20010727YSYG0017
2001,2001-07-28,Reg Season,Hiroshima Toyo Carp,Away,L,1,Chunichi Dragons,1,7,1,"0,0,0,0,0,0,0,1,0",17,Vantelin Dome Nagoya,,,40500,GAME20010728CDHC0017
2001,2001-07-28,Reg Season,Chunichi Dragons,Home,W,2,Hiroshima Toyo Carp,2,8,0,"0,0,0,0,0,1,1,0,x",17,Vantelin Dome Nagoya,,,40500,GAME20010728CDHC0017
2001,2001-07-28,Reg Season,Yokohama BayStars,Away,W,5,Hanshin Tigers,5,11,0,"0,0,0,1,0,1,3,0,0",18,Hanshin Koshien Stadium,,,37000,GAME20010728HTDB0018
2001,2001-07-28,Reg Season,Hanshin Tigers,Home,L,4,Yokohama BayStars,4,5,0,"1,0,0,3,0,0,0,0,0",18,Hanshin Koshien Stadium,,,37000,GAME20010728HTDB0018
2001,2001-07-28,Reg Season,Chiba Lotte Marines,Away,W,2,Orix Bluewave,2,4,1,"0,1,0,0,0,0,0,1,0",15,Kobe Athletic Park Baseball Field,,,18000,GAME20010728OBLM0015
2001,2001-07-28,Reg Season,Orix Bluewave,Home,L,1,Chiba Lotte Marines,1,8,2,"0,0,0,1,0,0,0,0,0",15,Kobe Athletic Park Baseball Field,,,18000,GAME20010728OBLM0015
2001,2001-07-28,Reg Season,Osaka Kintetsu Buffaloes,Away,L,2,Fukuoka Daiei Hawks,2,7,0,"0,0,1,0,0,1,0,0,0",20,Mizuho PayPay Dome Fukuoka,,,48000,GAME20010728SHKI0020
2001,2001-07-28,Reg Season,Fukuoka Daiei Hawks,Home,W,3,Osaka Kintetsu Buffaloes,3,7,1,"0,0,0,2,0,0,0,1,x",20,Mizuho PayPay Dome Fukuoka,,,48000,GAME20010728SHKI0020
2001,2001-07-28,Reg Season,Nippon-Ham Fighters,Away,L,1,Seibu Lions,1,7,0,"1,0,0,0,0,0,0,0,0",20,Belluna Dome,,,27000,GAME20010728SLNF0020
2001,2001-07-28,Reg Season,Seibu Lions,Home,W,3,Nippon-Ham Fighters,3,7,2,"0,0,0,0,0,0,3,0,x",20,Belluna Dome,,,27000,GAME20010728SLNF0020
2001,2001-07-28,Reg Season,Yomiuri Giants,Away,L,5,Yakult Swallows,5,9,0,"0,0,0,2,0,0,1,2,0",18,Meiji Jingu Stadium,,,45000,GAME20010728YSYG0018
2001,2001-07-28,Reg Season,Yakult Swallows,Home,W,6,Yomiuri Giants,6,10,1,"0,0,0,4,2,0,0,0,x",18,Meiji Jingu Stadium,,,45000,GAME20010728YSYG0018
2001,2001-07-29,Reg Season,Hiroshima Toyo Carp,Away,L,1,Chunichi Dragons,1,8,0,"0,0,0,0,0,1,0,0,0",18,Vantelin Dome Nagoya,,,38000,GAME20010729CDHC0018
2001,2001-07-29,Reg Season,Chunichi Dragons,Home,W,2,Hiroshima Toyo Carp,2,7,0,"2,0,0,0,0,0,0,0,x",18,Vantelin Dome Nagoya,,,38000,GAME20010729CDHC0018
2001,2001-07-29,Reg Season,Yokohama BayStars,Away,W,6,Hanshin Tigers,6,10,0,"0,0,1,0,0,1,0,4,0",19,Hanshin Koshien Stadium,,,28000,GAME20010729HTDB0019
2001,2001-07-29,Reg Season,Hanshin Tigers,Home,L,1,Yokohama BayStars,1,9,0,"0,1,0,0,0,0,0,0,0",19,Hanshin Koshien Stadium,,,28000,GAME20010729HTDB0019
2001,2001-07-29,Reg Season,Chiba Lotte Marines,Away,L,2,Orix Bluewave,2,6,1,"0,1,0,0,1,0,0,0,0",16,Kobe Athletic Park Baseball Field,,,15000,GAME20010729OBLM0016
2001,2001-07-29,Reg Season,Orix Bluewave,Home,W,3,Chiba Lotte Marines,3,4,0,"0,0,0,0,0,0,3,0,x",16,Kobe Athletic Park Baseball Field,,,15000,GAME20010729OBLM0016
2001,2001-07-29,Reg Season,Osaka Kintetsu Buffaloes,Away,W,6,Fukuoka Daiei Hawks,6,9,1,"0,0,2,2,2,0,0,0,0",21,Kitakyushu Municipal Baseball Stadium,,,23000,GAME20010729SHKI0021
2001,2001-07-29,Reg Season,Fukuoka Daiei Hawks,Home,L,3,Osaka Kintetsu Buffaloes,3,13,1,"0,0,0,2,0,1,0,0,0",21,Kitakyushu Municipal Baseball Stadium,,,23000,GAME20010729SHKI0021
2001,2001-07-29,Reg Season,Nippon-Ham Fighters,Away,W,9,Seibu Lions,9,14,1,"1,0,0,2,1,1,0,0,4",21,Belluna Dome,,,23000,GAME20010729SLNF0021
2001,2001-07-29,Reg Season,Seibu Lions,Home,L,3,Nippon-Ham Fighters,3,7,0,"0,3,0,0,0,0,0,0,0",21,Belluna Dome,,,23000,GAME20010729SLNF0021
2001,2001-07-29,Reg Season,Yomiuri Giants,Away,L,2,Yakult Swallows,2,8,1,"0,0,0,1,0,1,0,0,0",19,Meiji Jingu Stadium,,,45000,GAME20010729YSYG0019
2001,2001-07-29,Reg Season,Yakult Swallows,Home,W,5,Yomiuri Giants,5,6,0,"0,1,2,1,0,0,1,0,x",19,Meiji Jingu Stadium,,,45000,GAME20010729YSYG0019
2001,2001-07-30,Reg Season,Chiba Lotte Marines,Away,L,5,Osaka Kintetsu Buffaloes,5,9,0,"0,1,3,0,1,0,0,0,0",19,Kyocera Dome Osaka,,,24000,GAME20010730KILM0019
2001,2001-07-30,Reg Season,Osaka Kintetsu Buffaloes,Home,W,6,Chiba Lotte Marines,6,6,2,"3,0,0,3,0,0,0,0,x",19,Kyocera Dome Osaka,,,24000,GAME20010730KILM0019
2001,2001-07-30,Reg Season,Fukuoka Daiei Hawks,Away,W,3,Seibu Lions,3,8,0,"0,0,0,1,0,0,0,0,1,0,1",16,Belluna Dome,,,32000,GAME20010730SLSH0016
2001,2001-07-30,Reg Season,Seibu Lions,Home,L,2,Fukuoka Daiei Hawks,2,13,1,"0,0,0,1,0,1,0,0,0,0,0",16,Belluna Dome,,,32000,GAME20010730SLSH0016
2001,2001-07-31,Reg Season,Yokohama BayStars,Away,W,11,Hiroshima Toyo Carp,11,15,0,"1,0,0,3,0,1,0,0,0,6",14,Hiroshima citizens,,,12000,GAME20010731HCDB0014
2001,2001-07-31,Reg Season,Hiroshima Toyo Carp,Home,L,5,Yokohama BayStars,5,10,1,"0,0,2,0,1,1,0,1,0,0",14,Hiroshima citizens,,,12000,GAME20010731HCDB0014
2001,2001-07-31,Reg Season,Yakult Swallows,Away,L,0,Hanshin Tigers,0,3,0,"0,0,0,0,0,0,0,0,0",17,Hanshin Koshien Stadium,,,22000,GAME20010731HTYS0017
2001,2001-07-31,Reg Season,Hanshin Tigers,Home,W,8,Yakult Swallows,8,12,0,"0,0,0,1,0,7,0,0,x",17,Hanshin Koshien Stadium,,,22000,GAME20010731HTYS0017
2001,2001-07-31,Reg Season,Chiba Lotte Marines,Away,L,3,Osaka Kintetsu Buffaloes,3,4,0,"0,0,0,0,0,1,2,0,0",20,Kyocera Dome Osaka,,,15000,GAME20010731KILM0020
2001,2001-07-31,Reg Season,Osaka Kintetsu Buffaloes,Home,W,7,Chiba Lotte Marines,7,13,1,"0,2,1,1,0,1,2,0,x",20,Kyocera Dome Osaka,,,15000,GAME20010731KILM0020
2001,2001-07-31,Reg Season,Orix Bluewave,Away,W,5,Nippon-Ham Fighters,5,10,0,"0,1,4,0,0,0,0,0,0",21,Sapporo Dome,,,18000,GAME20010731NFOB0021
2001,2001-07-31,Reg Season,Nippon-Ham Fighters,Home,L,1,Orix Bluewave,1,4,0,"0,0,0,0,0,0,0,0,1",21,Sapporo Dome,,,18000,GAME20010731NFOB0021
2001,2001-07-31,Reg Season,Fukuoka Daiei Hawks,Away,L,3,Seibu Lions,3,13,0,"0,0,1,0,0,0,0,2,0",17,Belluna Dome,,,29000,GAME20010731SLSH0017
2001,2001-07-31,Reg Season,Seibu Lions,Home,W,6,Fukuoka Daiei Hawks,6,6,0,"0,2,3,0,0,1,0,0,x",17,Belluna Dome,,,29000,GAME20010731SLSH0017
2001,2001-08-01,Reg Season,Yokohama BayStars,Away,W,12,Hiroshima Toyo Carp,12,14,0,"0,4,3,3,1,0,0,0,1",15,Hiroshima citizens,,,11000,GAME20010801HCDB0015
2001,2001-08-01,Reg Season,Hiroshima Toyo Carp,Home,L,5,Yokohama BayStars,5,10,1,"0,0,0,0,0,0,1,4,0",15,Hiroshima citizens,,,11000,GAME20010801HCDB0015
2001,2001-08-01,Reg Season,Yakult Swallows,Away,W,4,Hanshin Tigers,4,6,1,"0,0,0,2,0,2,0,0,0",18,Hanshin Koshien Stadium,,,24000,GAME20010801HTYS0018
2001,2001-08-01,Reg Season,Hanshin Tigers,Home,L,3,Yakult Swallows,3,8,0,"1,1,1,0,0,0,0,0,0",18,Hanshin Koshien Stadium,,,24000,GAME20010801HTYS0018
2001,2001-08-01,Reg Season,Chiba Lotte Marines,Away,L,1,Osaka Kintetsu Buffaloes,1,4,0,"0,0,0,0,0,1,0,0,0",21,Kyocera Dome Osaka,,,14000,GAME20010801KILM0021
2001,2001-08-01,Reg Season,Osaka Kintetsu Buffaloes,Home,W,2,Chiba Lotte Marines,2,9,0,"2,0,0,0,0,0,0,0,x",21,Kyocera Dome Osaka,,,14000,GAME20010801KILM0021
2001,2001-08-01,Reg Season,Orix Bluewave,Away,W,10,Nippon-Ham Fighters,10,14,0,"0,0,1,1,0,2,2,4,0",22,Sapporo Dome,,,19000,GAME20010801NFOB0022
2001,2001-08-01,Reg Season,Nippon-Ham Fighters,Home,L,4,Orix Bluewave,4,10,0,"0,0,2,0,2,0,0,0,0",22,Sapporo Dome,,,19000,GAME20010801NFOB0022
2001,2001-08-01,Reg Season,Fukuoka Daiei Hawks,Away,L,2,Seibu Lions,2,8,0,"0,2,0,0,0,0,0,0,0,0",18,Belluna Dome,,,30000,GAME20010801SLSH0018
2001,2001-08-01,Reg Season,Seibu Lions,Home,W,3,Fukuoka Daiei Hawks,3,8,0,"0,1,0,0,1,0,0,0,0,1x",18,Belluna Dome,,,30000,GAME20010801SLSH0018
2001,2001-08-01,Reg Season,Chunichi Dragons,Away,L,0,Yomiuri Giants,0,5,0,"0,0,0,0,0,0,0,0,0",19,Tokyo Dome,,,55000,GAME20010801YGCD0019
2001,2001-08-01,Reg Season,Yomiuri Giants,Home,W,7,Chunichi Dragons,7,10,1,"0,0,0,2,0,4,1,0,x",19,Tokyo Dome,,,55000,GAME20010801YGCD0019
2001,2001-08-02,Reg Season,Yokohama BayStars,Away,W,11,Hiroshima Toyo Carp,11,17,0,"0,1,6,0,2,1,1,0,0",16,Hiroshima citizens,,,10000,GAME20010802HCDB0016
2001,2001-08-02,Reg Season,Hiroshima Toyo Carp,Home,L,9,Yokohama BayStars,9,14,0,"2,0,0,0,2,3,0,2,0",16,Hiroshima citizens,,,10000,GAME20010802HCDB0016
2001,2001-08-02,Reg Season,Yakult Swallows,Away,W,7,Hanshin Tigers,7,16,1,"0,3,2,0,1,0,1,0,0",19,Hanshin Koshien Stadium,,,23000,GAME20010802HTYS0019
2001,2001-08-02,Reg Season,Hanshin Tigers,Home,L,3,Yakult Swallows,3,11,0,"1,0,0,1,0,1,0,0,0",19,Hanshin Koshien Stadium,,,23000,GAME20010802HTYS0019
2001,2001-08-02,Reg Season,Chunichi Dragons,Away,L,1,Yomiuri Giants,1,5,2,"0,1,0,0,0,0,0,0,0",20,Tokyo Dome,,,55000,GAME20010802YGCD0020
2001,2001-08-02,Reg Season,Yomiuri Giants,Home,W,5,Chunichi Dragons,5,11,0,"0,0,2,0,0,1,0,2,x",20,Tokyo Dome,,,55000,GAME20010802YGCD0020
2001,2001-08-03,Reg Season,Yomiuri Giants,Away,W,4,Yokohama BayStars,4,7,0,"0,1,1,0,0,2,0,0,0",19,Yokohama Stadium,,,30000,GAME20010803DBYG0019
2001,2001-08-03,Reg Season,Yokohama BayStars,Home,L,3,Yomiuri Giants,3,9,0,"0,0,0,0,0,1,0,0,2",19,Yokohama Stadium,,,30000,GAME20010803DBYG0019
2001,2001-08-03,Reg Season,Hanshin Tigers,Away,W,4,Hiroshima Toyo Carp,4,6,0,"0,2,1,0,0,0,1,0,0",16,Hiroshima citizens,,,14000,GAME20010803HCHT0016
2001,2001-08-03,Reg Season,Hiroshima Toyo Carp,Home,L,2,Hanshin Tigers,2,12,1,"0,1,0,0,1,0,0,0,0",16,Hiroshima citizens,,,14000,GAME20010803HCHT0016
2001,2001-08-03,Reg Season,Seibu Lions,Away,L,0,Chiba Lotte Marines,0,4,2,"0,0,0,0,0,0,0,0,0",19,ZOZO Marine Stadium,,,25000,GAME20010803LMSL0019
2001,2001-08-03,Reg Season,Chiba Lotte Marines,Home,W,3,Seibu Lions,3,4,0,"2,0,0,0,0,0,0,1,x",19,ZOZO Marine Stadium,,,25000,GAME20010803LMSL0019
2001,2001-08-03,Reg Season,Fukuoka Daiei Hawks,Away,W,13,Nippon-Ham Fighters,13,15,1,"6,3,1,0,1,0,2,0,0",19,Tokyo Dome,,,24000,GAME20010803NFSH0019
2001,2001-08-03,Reg Season,Nippon-Ham Fighters,Home,L,8,Fukuoka Daiei Hawks,8,12,1,"0,0,1,4,0,0,1,2,0",19,Tokyo Dome,,,24000,GAME20010803NFSH0019
2001,2001-08-03,Reg Season,Osaka Kintetsu Buffaloes,Away,L,9,Orix Bluewave,9,11,0,"0,2,0,2,0,1,1,3,0",19,Kobe Athletic Park Baseball Field,,,18000,GAME20010803OBKI0019
2001,2001-08-03,Reg Season,Orix Bluewave,Home,W,10,Osaka Kintetsu Buffaloes,10,11,3,"2,1,0,2,4,1,0,0,x",19,Kobe Athletic Park Baseball Field,,,18000,GAME20010803OBKI0019
2001,2001-08-03,Reg Season,Chunichi Dragons,Away,L,4,Yakult Swallows,4,10,0,"0,1,2,0,1,0,0,0,0",16,Meiji Jingu Stadium,,,22000,GAME20010803YSCD0016
2001,2001-08-03,Reg Season,Yakult Swallows,Home,W,6,Chunichi Dragons,6,12,1,"0,0,0,1,0,0,0,2,3x",16,Meiji Jingu Stadium,,,22000,GAME20010803YSCD0016
2001,2001-08-04,Reg Season,Yomiuri Giants,Away,L,1,Yokohama BayStars,1,4,1,"0,0,0,0,0,1,0,0,0",20,Yokohama Stadium,,,30000,GAME20010804DBYG0020
2001,2001-08-04,Reg Season,Yokohama BayStars,Home,W,7,Yomiuri Giants,7,9,0,"1,0,0,1,4,1,0,0,x",20,Yokohama Stadium,,,30000,GAME20010804DBYG0020
2001,2001-08-04,Reg Season,Hanshin Tigers,Away,L,3,Hiroshima Toyo Carp,3,10,2,"1,1,0,0,1,0,0,0,0",17,Hiroshima citizens,,,20000,GAME20010804HCHT0017
2001,2001-08-04,Reg Season,Hiroshima Toyo Carp,Home,W,6,Hanshin Tigers,6,12,0,"1,1,1,0,0,0,0,3,x",17,Hiroshima citizens,,,20000,GAME20010804HCHT0017
2001,2001-08-04,Reg Season,Seibu Lions,Away,L,3,Chiba Lotte Marines,3,11,0,"1,0,2,0,0,0,0,0,0",20,ZOZO Marine Stadium,,,30000,GAME20010804LMSL0020
2001,2001-08-04,Reg Season,Chiba Lotte Marines,Home,W,4,Seibu Lions,4,7,0,"1,2,0,0,0,0,0,0,1x",20,ZOZO Marine Stadium,,,30000,GAME20010804LMSL0020
2001,2001-08-04,Reg Season,Fukuoka Daiei Hawks,Away,L,3,Nippon-Ham Fighters,3,11,1,"0,0,0,0,3,0,0,0,0",20,Tokyo Dome,,,30000,GAME20010804NFSH0020
2001,2001-08-04,Reg Season,Nippon-Ham Fighters,Home,W,4,Fukuoka Daiei Hawks,4,9,0,"0,1,2,0,0,0,0,0,1x",20,Tokyo Dome,,,30000,GAME20010804NFSH0020
2001,2001-08-04,Reg Season,Osaka Kintetsu Buffaloes,Away,W,6,Orix Bluewave,6,6,1,"2,1,0,0,0,0,0,3,0",20,Kobe Athletic Park Baseball Field,,,35000,GAME20010804OBKI0020
2001,2001-08-04,Reg Season,Orix Bluewave,Home,L,1,Osaka Kintetsu Buffaloes,1,8,0,"0,1,0,0,0,0,0,0,0",20,Kobe Athletic Park Baseball Field,,,35000,GAME20010804OBKI0020
2001,2001-08-04,Reg Season,Chunichi Dragons,Away,L,1,Yakult Swallows,1,10,1,"0,0,0,0,0,0,0,1,0",17,Meiji Jingu Stadium,,,28000,GAME20010804YSCD0017
2001,2001-08-04,Reg Season,Yakult Swallows,Home,W,12,Chunichi Dragons,12,19,0,"1,1,2,1,1,2,0,4,x",17,Meiji Jingu Stadium,,,28000,GAME20010804YSCD0017
2001,2001-08-05,Reg Season,Yomiuri Giants,Away,L,1,Yokohama BayStars,1,4,0,"0,0,0,0,0,0,0,1,0",21,Yokohama Stadium,,,30000,GAME20010805DBYG0021
2001,2001-08-05,Reg Season,Yokohama BayStars,Home,W,6,Yomiuri Giants,6,10,0,"0,0,0,1,3,0,0,2,x",21,Yokohama Stadium,,,30000,GAME20010805DBYG0021
2001,2001-08-05,Reg Season,Hanshin Tigers,Away,L,0,Hiroshima Toyo Carp,0,2,1,"0,0,0,0,0,0,0,0,0",18,Hiroshima citizens,,,14000,GAME20010805HCHT0018
2001,2001-08-05,Reg Season,Hiroshima Toyo Carp,Home,W,7,Hanshin Tigers,7,14,0,"0,0,0,0,5,2,0,0,x",18,Hiroshima citizens,,,14000,GAME20010805HCHT0018
2001,2001-08-05,Reg Season,Seibu Lions,Away,L,1,Chiba Lotte Marines,1,6,0,"0,0,0,1,0,0,0,0,0",21,ZOZO Marine Stadium,,,28000,GAME20010805LMSL0021
2001,2001-08-05,Reg Season,Chiba Lotte Marines,Home,W,9,Seibu Lions,9,13,2,"0,5,0,0,2,1,0,1,x",21,ZOZO Marine Stadium,,,28000,GAME20010805LMSL0021
2001,2001-08-05,Reg Season,Fukuoka Daiei Hawks,Away,L,4,Nippon-Ham Fighters,4,8,0,"0,0,0,0,0,3,0,1,0",21,Tokyo Dome,,,34000,GAME20010805NFSH0021
2001,2001-08-05,Reg Season,Nippon-Ham Fighters,Home,W,7,Fukuoka Daiei Hawks,7,17,1,"0,4,0,0,0,0,3,0,x",21,Tokyo Dome,,,34000,GAME20010805NFSH0021
2001,2001-08-05,Reg Season,Osaka Kintetsu Buffaloes,Away,L,6,Orix Bluewave,6,15,2,"0,0,4,0,0,0,1,0,1",21,Kobe Athletic Park Baseball Field,,,21000,GAME20010805OBKI0021
2001,2001-08-05,Reg Season,Orix Bluewave,Home,W,8,Osaka Kintetsu Buffaloes,8,9,1,"0,0,0,3,4,1,0,0,x",21,Kobe Athletic Park Baseball Field,,,21000,GAME20010805OBKI0021
2001,2001-08-05,Reg Season,Chunichi Dragons,Away,L,1,Yakult Swallows,1,10,1,"0,0,0,0,0,0,0,1,0",18,Meiji Jingu Stadium,,,24000,GAME20010805YSCD0018
2001,2001-08-05,Reg Season,Yakult Swallows,Home,W,2,Chunichi Dragons,2,5,0,"0,0,0,0,0,0,2,0,x",18,Meiji Jingu Stadium,,,24000,GAME20010805YSCD0018
2001,2001-08-06,Reg Season,Chiba Lotte Marines,Away,L,2,Fukuoka Daiei Hawks,2,6,0,"0,0,2,0,0,0,0,0,0",21,Mizuho PayPay Dome Fukuoka,,,44000,GAME20010806SHLM0021
2001,2001-08-06,Reg Season,Fukuoka Daiei Hawks,Home,W,3,Chiba Lotte Marines,3,4,0,"0,0,3,0,0,0,0,0,x",21,Mizuho PayPay Dome Fukuoka,,,44000,GAME20010806SHLM0021
2001,2001-08-06,Reg Season,Orix Bluewave,Away,L,0,Seibu Lions,0,2,0,"0,0,0,0,0,0,0,0,0",19,Belluna Dome,,,17000,GAME20010806SLOB0019
2001,2001-08-06,Reg Season,Seibu Lions,Home,W,1,Orix Bluewave,1,4,1,"0,0,0,0,0,1,0,0,x",19,Belluna Dome,,,17000,GAME20010806SLOB0019
2001,2001-08-07,Reg Season,Chunichi Dragons,Away,W,12,Yokohama BayStars,12,17,0,"0,0,3,0,0,1,0,8,0",19,Sapporo Dome,,,30000,GAME20010807DBCD0019
2001,2001-08-07,Reg Season,Yokohama BayStars,Home,L,0,Chunichi Dragons,0,7,1,"0,0,0,0,0,0,0,0,0",19,Sapporo Dome,,,30000,GAME20010807DBCD0019
2001,2001-08-07,Reg Season,Yakult Swallows,Away,L,3,Hiroshima Toyo Carp,3,10,0,"0,1,1,0,0,0,0,0,1",18,Hiroshima citizens,,,10000,GAME20010807HCYS0018
2001,2001-08-07,Reg Season,Hiroshima Toyo Carp,Home,W,5,Yakult Swallows,5,9,1,"0,0,0,1,1,0,0,3,x",18,Hiroshima citizens,,,10000,GAME20010807HCYS0018
2001,2001-08-07,Reg Season,Nippon-Ham Fighters,Away,L,3,Osaka Kintetsu Buffaloes,3,11,2,"0,0,2,1,0,0,0,0,0",17,Kyocera Dome Osaka,,,15000,GAME20010807KINF0017
2001,2001-08-07,Reg Season,Osaka Kintetsu Buffaloes,Home,W,8,Nippon-Ham Fighters,8,9,0,"0,1,2,0,0,2,2,1,x",17,Kyocera Dome Osaka,,,15000,GAME20010807KINF0017
2001,2001-08-07,Reg Season,Chiba Lotte Marines,Away,W,10,Fukuoka Daiei Hawks,10,13,1,"2,0,0,0,0,0,0,2,6",22,Mizuho PayPay Dome Fukuoka,,,44000,GAME20010807SHLM0022
2001,2001-08-07,Reg Season,Fukuoka Daiei Hawks,Home,L,3,Chiba Lotte Marines,3,11,2,"0,0,0,0,0,3,0,0,0",22,Mizuho PayPay Dome Fukuoka,,,44000,GAME20010807SHLM0022
2001,2001-08-07,Reg Season,Orix Bluewave,Away,L,1,Seibu Lions,1,4,1,"0,0,0,1,0,0,0,0,0",20,Belluna Dome,,,16000,GAME20010807SLOB0020
2001,2001-08-07,Reg Season,Seibu Lions,Home,W,2,Orix Bluewave,2,7,0,"0,0,0,0,1,0,1,0,x",20,Belluna Dome,,,16000,GAME20010807SLOB0020
2001,2001-08-07,Reg Season,Hanshin Tigers,Away,L,6,Yomiuri Giants,6,11,1,"0,0,0,2,0,1,3,0,0",20,Tokyo Dome,,,55000,GAME20010807YGHT0020
2001,2001-08-07,Reg Season,Yomiuri Giants,Home,W,7,Hanshin Tigers,7,13,0,"1,0,0,1,1,0,2,0,2x",20,Tokyo Dome,,,55000,GAME20010807YGHT0020
2001,2001-08-08,Reg Season,Chunichi Dragons,Away,L,1,Yokohama BayStars,1,7,1,"0,0,0,0,0,0,1,0,0",20,Sapporo Dome,,,30000,GAME20010808DBCD0020
2001,2001-08-08,Reg Season,Yokohama BayStars,Home,W,4,Chunichi Dragons,4,8,0,"1,0,0,0,0,3,0,0,x",20,Sapporo Dome,,,30000,GAME20010808DBCD0020
2001,2001-08-08,Reg Season,Yakult Swallows,Away,L,8,Hiroshima Toyo Carp,8,15,2,"0,1,1,2,0,3,0,1,0",19,Hiroshima citizens,,,12000,GAME20010808HCYS0019
2001,2001-08-08,Reg Season,Hiroshima Toyo Carp,Home,W,9,Yakult Swallows,9,11,0,"4,0,2,0,0,2,0,1,x",19,Hiroshima citizens,,,12000,GAME20010808HCYS0019
2001,2001-08-08,Reg Season,Nippon-Ham Fighters,Away,W,3,Osaka Kintetsu Buffaloes,3,8,1,"0,0,2,1,0,0,0,0,0",18,Kyocera Dome Osaka,,,13000,GAME20010808KINF0018
2001,2001-08-08,Reg Season,Osaka Kintetsu Buffaloes,Home,L,2,Nippon-Ham Fighters,2,12,1,"0,0,0,0,0,0,0,2,0",18,Kyocera Dome Osaka,,,13000,GAME20010808KINF0018
2001,2001-08-08,Reg Season,Chiba Lotte Marines,Away,L,0,Fukuoka Daiei Hawks,0,9,0,"0,0,0,0,0,0,0,0,0",23,Mizuho PayPay Dome Fukuoka,,,44000,GAME20010808SHLM0023
2001,2001-08-08,Reg Season,Fukuoka Daiei Hawks,Home,W,5,Chiba Lotte Marines,5,10,0,"0,0,3,0,0,2,0,0,x",23,Mizuho PayPay Dome Fukuoka,,,44000,GAME20010808SHLM0023
2001,2001-08-08,Reg Season,Orix Bluewave,Away,W,6,Seibu Lions,6,12,0,"2,0,0,0,0,2,0,1,1",21,Belluna Dome,,,25000,GAME20010808SLOB0021
2001,2001-08-08,Reg Season,Seibu Lions,Home,L,1,Orix Bluewave,1,7,0,"0,0,0,0,0,1,0,0,0",21,Belluna Dome,,,25000,GAME20010808SLOB0021
2001,2001-08-08,Reg Season,Hanshin Tigers,Away,W,7,Yomiuri Giants,7,11,0,"2,0,2,1,0,1,0,1,0",21,Tokyo Dome,,,55000,GAME20010808YGHT0021
2001,2001-08-08,Reg Season,Yomiuri Giants,Home,L,3,Hanshin Tigers,3,7,2,"0,1,0,1,1,0,0,0,0",21,Tokyo Dome,,,55000,GAME20010808YGHT0021
2001,2001-08-09,Reg Season,Yakult Swallows,Away,W,6,Hiroshima Toyo Carp,6,10,0,"0,5,0,0,0,0,0,0,1",20,Hiroshima citizens,,,11000,GAME20010809HCYS0020
2001,2001-08-09,Reg Season,Hiroshima Toyo Carp,Home,L,0,Yakult Swallows,0,4,1,"0,0,0,0,0,0,0,0,0",20,Hiroshima citizens,,,11000,GAME20010809HCYS0020
2001,2001-08-09,Reg Season,Hanshin Tigers,Away,L,2,Yomiuri Giants,2,4,1,"0,0,0,0,0,2,0,0,0",22,Tokyo Dome,,,55000,GAME20010809YGHT0022
2001,2001-08-09,Reg Season,Yomiuri Giants,Home,W,7,Hanshin Tigers,7,9,0,"0,0,0,0,0,2,4,1,x",22,Tokyo Dome,,,55000,GAME20010809YGHT0022
2001,2001-08-10,Reg Season,Hanshin Tigers,Away,L,1,Chunichi Dragons,1,10,1,"0,0,0,1,0,0,0,0,0",19,Vantelin Dome Nagoya,,,38000,GAME20010810CDHT0019
2001,2001-08-10,Reg Season,Chunichi Dragons,Home,W,4,Hanshin Tigers,4,9,1,"0,0,0,1,2,0,0,1,x",19,Vantelin Dome Nagoya,,,38000,GAME20010810CDHT0019
2001,2001-08-10,Reg Season,Hiroshima Toyo Carp,Away,L,1,Yokohama BayStars,1,7,1,"0,0,0,0,0,0,1,0,0",17,Yokohama Stadium,,,26000,GAME20010810DBHC0017
2001,2001-08-10,Reg Season,Yokohama BayStars,Home,W,5,Hiroshima Toyo Carp,5,5,0,"1,0,0,2,2,0,0,0,x",17,Yokohama Stadium,,,26000,GAME20010810DBHC0017
2001,2001-08-10,Reg Season,Seibu Lions,Away,W,10,Osaka Kintetsu Buffaloes,10,10,1,"1,0,0,0,9,0,0,0,0",19,Kyocera Dome Osaka,,,21000,GAME20010810KISL0019
2001,2001-08-10,Reg Season,Osaka Kintetsu Buffaloes,Home,L,1,Seibu Lions,1,7,0,"1,0,0,0,0,0,0,0,0",19,Kyocera Dome Osaka,,,21000,GAME20010810KISL0019
2001,2001-08-10,Reg Season,Nippon-Ham Fighters,Away,W,3,Chiba Lotte Marines,3,7,0,"0,0,1,0,2,0,0,0,0",18,ZOZO Marine Stadium,,,17000,GAME20010810LMNF0018
2001,2001-08-10,Reg Season,Chiba Lotte Marines,Home,L,0,Nippon-Ham Fighters,0,4,2,"0,0,0,0,0,0,0,0,0",18,ZOZO Marine Stadium,,,17000,GAME20010810LMNF0018
2001,2001-08-10,Reg Season,Fukuoka Daiei Hawks,Away,W,12,Orix Bluewave,12,17,1,"0,4,0,2,0,3,3,0,0",18,Kobe Athletic Park Baseball Field,,,20000,GAME20010810OBSH0018
2001,2001-08-10,Reg Season,Orix Bluewave,Home,L,7,Fukuoka Daiei Hawks,7,11,1,"0,3,0,0,1,0,1,1,1",18,Kobe Athletic Park Baseball Field,,,20000,GAME20010810OBSH0018
2001,2001-08-10,Reg Season,Yakult Swallows,Away,L,1,Yomiuri Giants,1,7,0,"0,0,0,1,0,0,0,0,0",20,Tokyo Dome,,,55000,GAME20010810YGYS0020
2001,2001-08-10,Reg Season,Yomiuri Giants,Home,W,7,Yakult Swallows,7,12,0,"1,0,1,0,2,0,0,3,x",20,Tokyo Dome,,,55000,GAME20010810YGYS0020
2001,2001-08-11,Reg Season,Hanshin Tigers,Away,W,1,Chunichi Dragons,1,5,0,"0,0,0,0,0,0,0,0,1",20,Vantelin Dome Nagoya,,,40500,GAME20010811CDHT0020
2001,2001-08-11,Reg Season,Chunichi Dragons,Home,L,0,Hanshin Tigers,0,4,0,"0,0,0,0,0,0,0,0,0",20,Vantelin Dome Nagoya,,,40500,GAME20010811CDHT0020
2001,2001-08-11,Reg Season,Hiroshima Toyo Carp,Away,L,10,Yokohama BayStars,10,15,3,"2,5,0,3,0,0,0,0,0",18,Yokohama Stadium,,,28000,GAME20010811DBHC0018
2001,2001-08-11,Reg Season,Yokohama BayStars,Home,W,11,Hiroshima Toyo Carp,11,14,0,"0,0,2,3,0,3,0,1,2x",18,Yokohama Stadium,,,28000,GAME20010811DBHC0018
2001,2001-08-11,Reg Season,Seibu Lions,Away,W,11,Osaka Kintetsu Buffaloes,11,16,0,"3,1,0,0,0,3,0,1,3",20,Kyocera Dome Osaka,,,36000,GAME20010811KISL0020
2001,2001-08-11,Reg Season,Osaka Kintetsu Buffaloes,Home,L,8,Seibu Lions,8,11,1,"2,2,0,1,0,0,0,3,0",20,Kyocera Dome Osaka,,,36000,GAME20010811KISL0020
2001,2001-08-11,Reg Season,Fukuoka Daiei Hawks,Away,W,10,Orix Bluewave,10,8,1,"3,0,2,4,0,0,1,0,0",19,Kobe Athletic Park Baseball Field,,,27000,GAME20010811OBSH0019
2001,2001-08-11,Reg Season,Orix Bluewave,Home,L,5,Fukuoka Daiei Hawks,5,7,2,"2,0,2,0,0,0,0,1,0",19,Kobe Athletic Park Baseball Field,,,27000,GAME20010811OBSH0019
2001,2001-08-11,Reg Season,Yakult Swallows,Away,L,4,Yomiuri Giants,4,10,1,"2,0,2,0,0,0,0,0,0",21,Tokyo Dome,,,55000,GAME20010811YGYS0021
2001,2001-08-11,Reg Season,Yomiuri Giants,Home,W,5,Yakult Swallows,5,7,1,"0,3,1,1,0,0,0,0,x",21,Tokyo Dome,,,55000,GAME20010811YGYS0021
2001,2001-08-12,Reg Season,Hanshin Tigers,Away,W,1,Chunichi Dragons,1,8,0,"0,0,0,0,0,0,0,0,1",21,Vantelin Dome Nagoya,,,40500,GAME20010812CDHT0021
2001,2001-08-12,Reg Season,Chunichi Dragons,Home,L,0,Hanshin Tigers,0,2,0,"0,0,0,0,0,0,0,0,0",21,Vantelin Dome Nagoya,,,40500,GAME20010812CDHT0021
2001,2001-08-12,Reg Season,Hiroshima Toyo Carp,Away,W,8,Yokohama BayStars,8,15,0,"0,0,0,2,0,1,0,4,1",19,Yokohama Stadium,,,28000,GAME20010812DBHC0019
2001,2001-08-12,Reg Season,Yokohama BayStars,Home,L,0,Hiroshima Toyo Carp,0,7,0,"0,0,0,0,0,0,0,0,0",19,Yokohama Stadium,,,28000,GAME20010812DBHC0019
2001,2001-08-12,Reg Season,Seibu Lions,Away,L,2,Osaka Kintetsu Buffaloes,2,10,0,"0,0,0,0,0,1,0,1,0",21,Kyocera Dome Osaka,,,43000,GAME20010812KISL0021
2001,2001-08-12,Reg Season,Osaka Kintetsu Buffaloes,Home,W,3,Seibu Lions,3,8,2,"0,1,0,0,1,0,1,0,x",21,Kyocera Dome Osaka,,,43000,GAME20010812KISL0021
2001,2001-08-12,Reg Season,Nippon-Ham Fighters,Away,W,8,Chiba Lotte Marines,8,14,0,"1,2,4,0,0,0,0,1,0",19,ZOZO Marine Stadium,,,26000,GAME20010812LMNF0019
2001,2001-08-12,Reg Season,Chiba Lotte Marines,Home,L,4,Nippon-Ham Fighters,4,8,1,"0,0,1,1,2,0,0,0,0",19,ZOZO Marine Stadium,,,26000,GAME20010812LMNF0019
2001,2001-08-12,Reg Season,Fukuoka Daiei Hawks,Away,L,1,Orix Bluewave,1,5,0,"0,0,0,0,0,1,0,0,0,0",20,Kobe Athletic Park Baseball Field,,,21000,GAME20010812OBSH0020
2001,2001-08-12,Reg Season,Orix Bluewave,Home,W,2,Fukuoka Daiei Hawks,2,7,1,"0,0,0,0,0,0,0,0,1,1x",20,Kobe Athletic Park Baseball Field,,,21000,GAME20010812OBSH0020
2001,2001-08-12,Reg Season,Yakult Swallows,Away,W,7,Yomiuri Giants,7,9,0,"1,0,2,0,0,0,4,0,0",22,Tokyo Dome,,,55000,GAME20010812YGYS0022
2001,2001-08-12,Reg Season,Yomiuri Giants,Home,L,4,Yakult Swallows,4,8,0,"0,0,0,0,0,4,0,0,0",22,Tokyo Dome,,,55000,GAME20010812YGYS0022
2001,2001-08-13,Reg Season,Orix Bluewave,Away,L,1,Chiba Lotte Marines,1,6,1,"0,0,0,0,0,1,0,0,0",17,ZOZO Marine Stadium,,,25000,GAME20010813LMOB0017
2001,2001-08-13,Reg Season,Chiba Lotte Marines,Home,W,5,Orix Bluewave,5,7,1,"1,0,0,0,4,0,0,0,x",17,ZOZO Marine Stadium,,,25000,GAME20010813LMOB0017
2001,2001-08-13,Reg Season,Osaka Kintetsu Buffaloes,Away,L,3,Nippon-Ham Fighters,3,6,1,"0,0,0,0,3,0,0,0,0",19,Tokyo Dome,,,28000,GAME20010813NFKI0019
2001,2001-08-13,Reg Season,Nippon-Ham Fighters,Home,W,7,Osaka Kintetsu Buffaloes,7,7,0,"1,0,6,0,0,0,0,0,x",19,Tokyo Dome,,,28000,GAME20010813NFKI0019
2001,2001-08-13,Reg Season,Seibu Lions,Away,L,8,Fukuoka Daiei Hawks,8,15,1,"0,0,0,3,0,0,0,5,0",19,Kitakyushu Municipal Baseball Stadium,,,24000,GAME20010813SHSL0019
2001,2001-08-13,Reg Season,Fukuoka Daiei Hawks,Home,W,9,Seibu Lions,9,11,0,"0,4,0,0,3,1,1,0,x",19,Kitakyushu Municipal Baseball Stadium,,,24000,GAME20010813SHSL0019
2001,2001-08-14,Reg Season,Yomiuri Giants,Away,L,5,Chunichi Dragons,5,9,1,"0,0,0,2,3,0,0,0,0",21,Vantelin Dome Nagoya,,,40500,GAME20010814CDYG0021
2001,2001-08-14,Reg Season,Chunichi Dragons,Home,W,6,Yomiuri Giants,6,9,1,"0,0,0,0,2,1,2,1,x",21,Vantelin Dome Nagoya,,,40500,GAME20010814CDYG0021
2001,2001-08-14,Reg Season,Hiroshima Toyo Carp,Away,L,3,Hanshin Tigers,3,4,0,"0,0,2,0,0,0,0,0,1",19,Kyocera Dome Osaka,,,33000,GAME20010814HTHC0019
2001,2001-08-14,Reg Season,Hanshin Tigers,Home,W,5,Hiroshima Toyo Carp,5,13,1,"0,1,0,0,2,0,2,0,x",19,Kyocera Dome Osaka,,,33000,GAME20010814HTHC0019
2001,2001-08-14,Reg Season,Orix Bluewave,Away,L,2,Chiba Lotte Marines,2,3,1,"0,0,0,1,0,0,0,0,1",18,ZOZO Marine Stadium,,,26000,GAME20010814LMOB0018
2001,2001-08-14,Reg Season,Chiba Lotte Marines,Home,W,4,Orix Bluewave,4,13,1,"0,0,0,0,0,1,0,3,x",18,ZOZO Marine Stadium,,,26000,GAME20010814LMOB0018
2001,2001-08-14,Reg Season,Osaka Kintetsu Buffaloes,Away,L,3,Nippon-Ham Fighters,3,6,0,"0,0,0,0,1,0,0,0,2",20,Tokyo Dome,,,28000,GAME20010814NFKI0020
2001,2001-08-14,Reg Season,Nippon-Ham Fighters,Home,W,17,Osaka Kintetsu Buffaloes,17,15,0,"3,0,6,2,0,2,4,0,x",20,Tokyo Dome,,,28000,GAME20010814NFKI0020
2001,2001-08-14,Reg Season,Seibu Lions,Away,W,11,Fukuoka Daiei Hawks,11,17,0,"1,1,3,1,0,4,0,1,0",20,Mizuho PayPay Dome Fukuoka,,,48000,GAME20010814SHSL0020
2001,2001-08-14,Reg Season,Fukuoka Daiei Hawks,Home,L,7,Seibu Lions,7,12,1,"1,0,0,0,0,4,0,0,2",20,Mizuho PayPay Dome Fukuoka,,,48000,GAME20010814SHSL0020
2001,2001-08-14,Reg Season,Yokohama BayStars,Away,L,1,Yakult Swallows,1,6,0,"0,0,1,0,0,0,0,0,0",17,Meiji Jingu Stadium,,,30000,GAME20010814YSDB0017
2001,2001-08-14,Reg Season,Yakult Swallows,Home,W,3,Yokohama BayStars,3,8,0,"0,0,0,1,0,0,1,1,x",17,Meiji Jingu Stadium,,,30000,GAME20010814YSDB0017
2001,2001-08-15,Reg Season,Yomiuri Giants,Away,L,1,Chunichi Dragons,1,7,0,"0,0,0,0,0,0,0,1,0",22,Vantelin Dome Nagoya,,,40500,GAME20010815CDYG0022
2001,2001-08-15,Reg Season,Chunichi Dragons,Home,W,4,Yomiuri Giants,4,6,0,"0,0,0,0,0,0,3,1,x",22,Vantelin Dome Nagoya,,,40500,GAME20010815CDYG0022
2001,2001-08-15,Reg Season,Hiroshima Toyo Carp,Away,W,7,Hanshin Tigers,7,10,0,"1,0,2,0,2,0,2,0,0",20,Kyocera Dome Osaka,,,28000,GAME20010815HTHC0020
2001,2001-08-15,Reg Season,Hanshin Tigers,Home,L,2,Hiroshima Toyo Carp,2,7,0,"0,0,0,0,0,0,1,1,0",20,Kyocera Dome Osaka,,,28000,GAME20010815HTHC0020
2001,2001-08-15,Reg Season,Orix Bluewave,Away,W,3,Chiba Lotte Marines,3,9,0,"0,0,0,1,2,0,0,0,0",19,ZOZO Marine Stadium,,,25000,GAME20010815LMOB0019
2001,2001-08-15,Reg Season,Chiba Lotte Marines,Home,L,1,Orix Bluewave,1,7,1,"0,1,0,0,0,0,0,0,0",19,ZOZO Marine Stadium,,,25000,GAME20010815LMOB0019
2001,2001-08-15,Reg Season,Osaka Kintetsu Buffaloes,Away,L,3,Nippon-Ham Fighters,3,8,1,"1,1,0,0,0,1,0,0,0",21,Tokyo Dome,,,22000,GAME20010815NFKI0021
2001,2001-08-15,Reg Season,Nippon-Ham Fighters,Home,W,8,Osaka Kintetsu Buffaloes,8,13,0,"0,0,5,0,2,0,0,1,x",21,Tokyo Dome,,,22000,GAME20010815NFKI0021
2001,2001-08-15,Reg Season,Seibu Lions,Away,L,2,Fukuoka Daiei Hawks,2,8,3,"0,0,0,0,0,0,0,0,2,0",21,Mizuho PayPay Dome Fukuoka,,,48000,GAME20010815SHSL0021
2001,2001-08-15,Reg Season,Fukuoka Daiei Hawks,Home,W,3,Seibu Lions,3,11,1,"0,0,0,1,0,0,0,1,0,1x",21,Mizuho PayPay Dome Fukuoka,,,48000,GAME20010815SHSL0021
2001,2001-08-15,Reg Season,Yokohama BayStars,Away,L,0,Yakult Swallows,0,2,1,"0,0,0,0,0,0,0,0,0",18,Meiji Jingu Stadium,,,28000,GAME20010815YSDB0018
2001,2001-08-15,Reg Season,Yakult Swallows,Home,W,7,Yokohama BayStars,7,12,0,"2,0,0,3,0,0,0,2,x",18,Meiji Jingu Stadium,,,28000,GAME20010815YSDB0018
2001,2001-08-16,Reg Season,Yomiuri Giants,Away,L,3,Chunichi Dragons,3,8,0,"0,0,0,3,0,0,0,0,0",23,Vantelin Dome Nagoya,,,40500,GAME20010816CDYG0023
2001,2001-08-16,Reg Season,Chunichi Dragons,Home,W,9,Yomiuri Giants,9,11,0,"2,0,0,0,6,0,0,1,x",23,Vantelin Dome Nagoya,,,40500,GAME20010816CDYG0023
2001,2001-08-16,Reg Season,Hiroshima Toyo Carp,Away,W,4,Hanshin Tigers,4,6,0,"0,0,0,0,0,4,0,0,0",21,Kyocera Dome Osaka,,,26000,GAME20010816HTHC0021
2001,2001-08-16,Reg Season,Hanshin Tigers,Home,L,3,Hiroshima Toyo Carp,3,8,1,"1,0,0,0,0,0,2,0,0",21,Kyocera Dome Osaka,,,26000,GAME20010816HTHC0021
2001,2001-08-16,Reg Season,Yokohama BayStars,Away,T,0,Yakult Swallows,0,3,0,"0,0,0,0,0,0,0,0,0,0,0,0",19,Meiji Jingu Stadium,,,26000,GAME20010816YSDB0019
2001,2001-08-16,Reg Season,Yakult Swallows,Home,T,0,Yokohama BayStars,0,9,0,"0,0,0,0,0,0,0,0,0,0,0,0",19,Meiji Jingu Stadium,,,26000,GAME20010816YSDB0019
2001,2001-08-17,Reg Season,Yakult Swallows,Away,L,3,Chunichi Dragons,3,7,1,"3,0,0,0,0,0,0,0,0",19,Vantelin Dome Nagoya,,,38000,GAME20010817CDYS0019
2001,2001-08-17,Reg Season,Chunichi Dragons,Home,W,6,Yakult Swallows,6,6,0,"0,1,0,1,0,0,2,2,x",19,Vantelin Dome Nagoya,,,38000,GAME20010817CDYS0019
2001,2001-08-17,Reg Season,Hanshin Tigers,Away,W,7,Yokohama BayStars,7,9,0,"4,0,0,0,2,0,1,0,0",20,Yokohama Stadium,,,29000,GAME20010817DBHT0020
2001,2001-08-17,Reg Season,Yokohama BayStars,Home,L,0,Hanshin Tigers,0,4,1,"0,0,0,0,0,0,0,0,0",20,Yokohama Stadium,,,29000,GAME20010817DBHT0020
2001,2001-08-17,Reg Season,Yomiuri Giants,Away,W,6,Hiroshima Toyo Carp,6,11,1,"5,0,0,0,0,1,0,0,0",20,Hiroshima citizens,,,28000,GAME20010817HCYG0020
2001,2001-08-17,Reg Season,Hiroshima Toyo Carp,Home,L,3,Yomiuri Giants,3,8,0,"0,1,0,0,0,0,1,1,0",20,Hiroshima citizens,,,28000,GAME20010817HCYG0020
2001,2001-08-17,Reg Season,Orix Bluewave,Away,L,5,Nippon-Ham Fighters,5,6,0,"0,1,0,0,0,4,0,0,0",23,Tokyo Dome,,,15000,GAME20010817NFOB0023
2001,2001-08-17,Reg Season,Nippon-Ham Fighters,Home,W,6,Orix Bluewave,6,12,0,"1,0,0,0,2,0,0,2,1x",23,Tokyo Dome,,,15000,GAME20010817NFOB0023
2001,2001-08-17,Reg Season,Osaka Kintetsu Buffaloes,Away,L,6,Fukuoka Daiei Hawks,6,12,0,"0,0,0,3,0,1,1,1,0",22,Mizuho PayPay Dome Fukuoka,,,48000,GAME20010817SHKI0022
2001,2001-08-17,Reg Season,Fukuoka Daiei Hawks,Home,W,8,Osaka Kintetsu Buffaloes,8,10,0,"0,3,0,0,0,0,0,5,x",22,Mizuho PayPay Dome Fukuoka,,,48000,GAME20010817SHKI0022
2001,2001-08-17,Reg Season,Chiba Lotte Marines,Away,W,8,Seibu Lions,8,6,1,"4,4,0,0,0,0,0,0,0",22,Belluna Dome,,,31000,GAME20010817SLLM0022
2001,2001-08-17,Reg Season,Seibu Lions,Home,L,6,Chiba Lotte Marines,6,16,1,"0,1,0,0,1,2,0,0,2",22,Belluna Dome,,,31000,GAME20010817SLLM0022
2001,2001-08-18,Reg Season,Yakult Swallows,Away,L,0,Chunichi Dragons,0,6,1,"0,0,0,0,0,0,0,0,0",20,Vantelin Dome Nagoya,,,40500,GAME20010818CDYS0020
2001,2001-08-18,Reg Season,Chunichi Dragons,Home,W,4,Yakult Swallows,4,10,0,"2,0,0,0,0,0,2,0,x",20,Vantelin Dome Nagoya,,,40500,GAME20010818CDYS0020
2001,2001-08-18,Reg Season,Hanshin Tigers,Away,L,0,Yokohama BayStars,0,3,2,"0,0,0,0,0,0,0,0,0",21,Yokohama Stadium,,,29000,GAME20010818DBHT0021
2001,2001-08-18,Reg Season,Yokohama BayStars,Home,W,7,Hanshin Tigers,7,7,2,"1,0,0,6,0,0,0,0,x",21,Yokohama Stadium,,,29000,GAME20010818DBHT0021
2001,2001-08-18,Reg Season,Yomiuri Giants,Away,W,9,Hiroshima Toyo Carp,9,13,0,"1,3,1,1,0,0,2,1,0",21,Hiroshima citizens,,,32000,GAME20010818HCYG0021
2001,2001-08-18,Reg Season,Hiroshima Toyo Carp,Home,L,3,Yomiuri Giants,3,7,2,"0,0,0,0,0,0,0,2,1",21,Hiroshima citizens,,,32000,GAME20010818HCYG0021
2001,2001-08-18,Reg Season,Orix Bluewave,Away,W,5,Nippon-Ham Fighters,5,6,1,"0,0,0,0,0,2,3,0,0",24,Tokyo Dome,,,24000,GAME20010818NFOB0024
2001,2001-08-18,Reg Season,Nippon-Ham Fighters,Home,L,2,Orix Bluewave,2,5,1,"0,0,0,0,0,0,0,1,1",24,Tokyo Dome,,,24000,GAME20010818NFOB0024
2001,2001-08-18,Reg Season,Osaka Kintetsu Buffaloes,Away,L,2,Fukuoka Daiei Hawks,2,11,0,"0,0,0,0,2,0,0,0,0",23,Mizuho PayPay Dome Fukuoka,,,48000,GAME20010818SHKI0023
2001,2001-08-18,Reg Season,Fukuoka Daiei Hawks,Home,W,5,Osaka Kintetsu Buffaloes,5,11,0,"0,0,2,2,0,1,0,0,x",23,Mizuho PayPay Dome Fukuoka,,,48000,GAME20010818SHKI0023
2001,2001-08-18,Reg Season,Chiba Lotte Marines,Away,L,4,Seibu Lions,4,6,0,"2,1,0,0,1,0,0,0,0",23,Belluna Dome,,,35000,GAME20010818SLLM0023
2001,2001-08-18,Reg Season,Seibu Lions,Home,W,5,Chiba Lotte Marines,5,6,0,"0,0,1,3,0,0,0,1,x",23,Belluna Dome,,,35000,GAME20010818SLLM0023
2001,2001-08-19,Reg Season,Yakult Swallows,Away,L,0,Chunichi Dragons,0,6,0,"0,0,0,0,0,0,0,0,0",21,Vantelin Dome Nagoya,,,38000,GAME20010819CDYS0021
2001,2001-08-19,Reg Season,Chunichi Dragons,Home,W,2,Yakult Swallows,2,6,0,"0,0,0,0,1,0,0,1,x",21,Vantelin Dome Nagoya,,,38000,GAME20010819CDYS0021
2001,2001-08-19,Reg Season,Hanshin Tigers,Away,W,5,Yokohama BayStars,5,7,0,"3,0,0,0,1,1,0,0,0",22,Yokohama Stadium,,,27000,GAME20010819DBHT0022
2001,2001-08-19,Reg Season,Yokohama BayStars,Home,L,4,Hanshin Tigers,4,9,0,"0,0,3,0,0,1,0,0,0",22,Yokohama Stadium,,,27000,GAME20010819DBHT0022
2001,2001-08-19,Reg Season,Yomiuri Giants,Away,W,8,Hiroshima Toyo Carp,8,14,0,"1,0,0,2,3,0,0,0,2",22,Hiroshima citizens,,,28000,GAME20010819HCYG0022
2001,2001-08-19,Reg Season,Hiroshima Toyo Carp,Home,L,2,Yomiuri Giants,2,9,0,"0,0,0,0,0,0,0,2,0",22,Hiroshima citizens,,,28000,GAME20010819HCYG0022
2001,2001-08-19,Reg Season,Orix Bluewave,Away,L,3,Nippon-Ham Fighters,3,6,1,"0,0,0,2,1,0,0,0,0",25,Tokyo Dome,,,26000,GAME20010819NFOB0025
2001,2001-08-19,Reg Season,Nippon-Ham Fighters,Home,W,4,Orix Bluewave,4,12,0,"0,0,0,1,0,0,2,0,1x",25,Tokyo Dome,,,26000,GAME20010819NFOB0025
2001,2001-08-19,Reg Season,Osaka Kintetsu Buffaloes,Away,W,2,Fukuoka Daiei Hawks,2,4,0,"0,0,1,0,0,1,0,0,0",24,Mizuho PayPay Dome Fukuoka,,,48000,GAME20010819SHKI0024
2001,2001-08-19,Reg Season,Fukuoka Daiei Hawks,Home,L,1,Osaka Kintetsu Buffaloes,1,4,0,"0,0,1,0,0,0,0,0,0",24,Mizuho PayPay Dome Fukuoka,,,48000,GAME20010819SHKI0024
2001,2001-08-19,Reg Season,Chiba Lotte Marines,Away,L,0,Seibu Lions,0,5,1,"0,0,0,0,0,0,0,0,0",24,Belluna Dome,,,30000,GAME20010819SLLM0024
2001,2001-08-19,Reg Season,Seibu Lions,Home,W,1,Chiba Lotte Marines,1,3,0,"0,0,0,0,0,0,0,0,1x",24,Belluna Dome,,,30000,GAME20010819SLLM0024
2001,2001-08-20,Reg Season,Orix Bluewave,Away,L,1,Osaka Kintetsu Buffaloes,1,4,0,"1,0,0,0,0,0,0,0,0",22,Kyocera Dome Osaka,,,17000,GAME20010820KIOB0022
2001,2001-08-20,Reg Season,Osaka Kintetsu Buffaloes,Home,W,9,Orix Bluewave,9,12,0,"4,2,0,2,0,0,0,1,x",22,Kyocera Dome Osaka,,,17000,GAME20010820KIOB0022
2001,2001-08-20,Reg Season,Nippon-Ham Fighters,Away,L,2,Seibu Lions,2,5,0,"0,0,2,0,0,0,0,0,0",22,Belluna Dome,,,27000,GAME20010820SLNF0022
2001,2001-08-20,Reg Season,Seibu Lions,Home,W,8,Nippon-Ham Fighters,8,10,0,"0,0,3,0,2,0,3,0,x",22,Belluna Dome,,,27000,GAME20010820SLNF0022
2001,2001-08-21,Reg Season,Fukuoka Daiei Hawks,Away,L,3,Chiba Lotte Marines,3,7,1,"0,0,1,0,1,1,0,0,0",24,Rakuten Seimei Park Miyagi,,,18000,GAME20010821LMSH0024
2001,2001-08-21,Reg Season,Chiba Lotte Marines,Home,W,7,Fukuoka Daiei Hawks,7,12,1,"0,1,1,1,0,3,0,1,x",24,Rakuten Seimei Park Miyagi,,,18000,GAME20010821LMSH0024
2001,2001-08-21,Reg Season,Nippon-Ham Fighters,Away,L,1,Seibu Lions,1,4,0,"0,0,0,0,0,1,0,0,0",23,Belluna Dome,,,11000,GAME20010821SLNF0023
2001,2001-08-21,Reg Season,Seibu Lions,Home,W,3,Nippon-Ham Fighters,3,3,0,"0,1,0,0,0,0,0,2,x",23,Belluna Dome,,,11000,GAME20010821SLNF0023
2001,2001-08-21,Reg Season,Yokohama BayStars,Away,L,3,Yomiuri Giants,3,14,2,"0,1,0,1,0,0,0,0,1",22,Tokyo Dome,,,55000,GAME20010821YGDB0022
2001,2001-08-21,Reg Season,Yomiuri Giants,Home,W,13,Yokohama BayStars,13,18,0,"0,2,2,0,1,1,3,4,x",22,Tokyo Dome,,,55000,GAME20010821YGDB0022
2001,2001-08-22,Reg Season,Chunichi Dragons,Away,L,0,Hiroshima Toyo Carp,0,1,1,"0,0,0,0,0,0,0,0,0",19,Hiroshima citizens,,,10000,GAME20010822HCCD0019
2001,2001-08-22,Reg Season,Hiroshima Toyo Carp,Home,W,5,Chunichi Dragons,5,8,0,"0,2,0,1,0,2,0,0,x",19,Hiroshima citizens,,,10000,GAME20010822HCCD0019
2001,2001-08-22,Reg Season,Orix Bluewave,Away,L,6,Osaka Kintetsu Buffaloes,6,12,1,"0,0,1,1,0,0,0,1,3",23,Kyocera Dome Osaka,,,17000,GAME20010822KIOB0023
2001,2001-08-22,Reg Season,Osaka Kintetsu Buffaloes,Home,W,10,Orix Bluewave,10,13,0,"0,0,4,2,0,0,0,4,x",23,Kyocera Dome Osaka,,,17000,GAME20010822KIOB0023
2001,2001-08-23,Reg Season,Chunichi Dragons,Away,L,3,Hiroshima Toyo Carp,3,10,1,"0,0,3,0,0,0,0,0,0",20,Hiroshima citizens,,,10000,GAME20010823HCCD0020
2001,2001-08-23,Reg Season,Hiroshima Toyo Carp,Home,W,4,Chunichi Dragons,4,8,2,"0,0,0,1,3,0,0,0,x",20,Hiroshima citizens,,,10000,GAME20010823HCCD0020
2001,2001-08-23,Reg Season,Yokohama BayStars,Away,L,3,Yomiuri Giants,3,10,1,"0,0,1,0,1,1,0,0,0",23,Tokyo Dome,,,55000,GAME20010823YGDB0023
2001,2001-08-23,Reg Season,Yomiuri Giants,Home,W,4,Yokohama BayStars,4,6,0,"0,0,0,1,0,1,2,0,x",23,Tokyo Dome,,,55000,GAME20010823YGDB0023
2001,2001-08-23,Reg Season,Hanshin Tigers,Away,L,1,Yakult Swallows,1,5,0,"1,0,0,0,0,0,0,0,0",20,Meiji Jingu Stadium,,,28000,GAME20010823YSHT0020
2001,2001-08-23,Reg Season,Yakult Swallows,Home,W,3,Hanshin Tigers,3,6,0,"0,0,0,0,2,0,1,0,x",20,Meiji Jingu Stadium,,,28000,GAME20010823YSHT0020
2001,2001-08-24,Reg Season,Yakult Swallows,Away,W,6,Yokohama BayStars,6,7,0,"2,0,4,0,0,0,0,0,0",20,Yokohama Stadium,,,26000,GAME20010824DBYS0020
2001,2001-08-24,Reg Season,Yokohama BayStars,Home,L,3,Yakult Swallows,3,8,1,"0,0,0,0,0,0,0,0,3",20,Yokohama Stadium,,,26000,GAME20010824DBYS0020
2001,2001-08-24,Reg Season,Hiroshima Toyo Carp,Away,W,11,Hanshin Tigers,11,14,1,"4,0,1,2,0,1,0,3,0",22,Wakasa Stadium Kyoto,,,20000,GAME20010824HTHC0022
2001,2001-08-24,Reg Season,Hanshin Tigers,Home,L,1,Hiroshima Toyo Carp,1,6,1,"1,0,0,0,0,0,0,0,0",22,Wakasa Stadium Kyoto,,,20000,GAME20010824HTHC0022
2001,2001-08-24,Reg Season,Nippon-Ham Fighters,Away,L,8,Osaka Kintetsu Buffaloes,8,12,0,"0,0,3,0,2,1,0,0,2",22,Kyocera Dome Osaka,,,26000,GAME20010824KINF0022
2001,2001-08-24,Reg Season,Osaka Kintetsu Buffaloes,Home,W,14,Nippon-Ham Fighters,14,16,1,"2,3,0,3,0,0,1,5,x",22,Kyocera Dome Osaka,,,26000,GAME20010824KINF0022
2001,2001-08-24,Reg Season,Chiba Lotte Marines,Away,W,4,Orix Bluewave,4,7,0,"0,3,0,1,0,0,0,0,0",20,Kobe Athletic Park Baseball Field,,,18000,GAME20010824OBLM0020
2001,2001-08-24,Reg Season,Orix Bluewave,Home,L,1,Chiba Lotte Marines,1,7,0,"0,0,1,0,0,0,0,0,0",20,Kobe Athletic Park Baseball Field,,,18000,GAME20010824OBLM0020
2001,2001-08-24,Reg Season,Seibu Lions,Away,W,10,Fukuoka Daiei Hawks,10,14,1,"0,2,2,0,0,1,0,5,0",22,Mizuho PayPay Dome Fukuoka,,,48000,GAME20010824SHSL0022
2001,2001-08-24,Reg Season,Fukuoka Daiei Hawks,Home,L,4,Seibu Lions,4,6,2,"0,0,0,2,0,2,0,0,0",22,Mizuho PayPay Dome Fukuoka,,,48000,GAME20010824SHSL0022
2001,2001-08-24,Reg Season,Chunichi Dragons,Away,L,4,Yomiuri Giants,4,9,0,"0,0,0,2,0,1,1,0,0",24,Tokyo Dome,,,55000,GAME20010824YGCD0024
2001,2001-08-24,Reg Season,Yomiuri Giants,Home,W,8,Chunichi Dragons,8,15,0,"0,0,3,2,0,0,0,3,x",24,Tokyo Dome,,,55000,GAME20010824YGCD0024
2001,2001-08-25,Reg Season,Yakult Swallows,Away,W,3,Yokohama BayStars,3,10,0,"0,0,0,0,1,0,1,0,1",21,Yokohama Stadium,,,29000,GAME20010825DBYS0021
2001,2001-08-25,Reg Season,Yokohama BayStars,Home,L,0,Yakult Swallows,0,5,1,"0,0,0,0,0,0,0,0,0",21,Yokohama Stadium,,,29000,GAME20010825DBYS0021
2001,2001-08-25,Reg Season,Hiroshima Toyo Carp,Away,W,3,Hanshin Tigers,3,7,0,"0,0,0,1,1,0,1,0,0",23,Hanshin Koshien Stadium,,,38000,GAME20010825HTHC0023
2001,2001-08-25,Reg Season,Hanshin Tigers,Home,L,2,Hiroshima Toyo Carp,2,11,1,"0,0,0,1,1,0,0,0,0",23,Hanshin Koshien Stadium,,,38000,GAME20010825HTHC0023
2001,2001-08-25,Reg Season,Nippon-Ham Fighters,Away,W,8,Osaka Kintetsu Buffaloes,8,13,0,"2,1,1,0,0,0,4,0,0",23,Kyocera Dome Osaka,,,32000,GAME20010825KINF0023
2001,2001-08-25,Reg Season,Osaka Kintetsu Buffaloes,Home,L,1,Nippon-Ham Fighters,1,7,1,"0,0,0,0,0,0,0,1,0",23,Kyocera Dome Osaka,,,32000,GAME20010825KINF0023
2001,2001-08-25,Reg Season,Chiba Lotte Marines,Away,W,5,Orix Bluewave,5,9,1,"0,0,0,1,0,1,0,0,3",21,Kobe Athletic Park Baseball Field,,,24000,GAME20010825OBLM0021
2001,2001-08-25,Reg Season,Orix Bluewave,Home,L,1,Chiba Lotte Marines,1,7,0,"0,0,0,0,0,1,0,0,0",21,Kobe Athletic Park Baseball Field,,,24000,GAME20010825OBLM0021
2001,2001-08-25,Reg Season,Seibu Lions,Away,L,2,Fukuoka Daiei Hawks,2,8,0,"0,0,0,0,0,0,0,0,2",23,Mizuho PayPay Dome Fukuoka,,,48000,GAME20010825SHSL0023
2001,2001-08-25,Reg Season,Fukuoka Daiei Hawks,Home,W,3,Seibu Lions,3,6,0,"1,0,0,0,0,0,0,0,2x",23,Mizuho PayPay Dome Fukuoka,,,48000,GAME20010825SHSL0023
2001,2001-08-25,Reg Season,Chunichi Dragons,Away,W,8,Yomiuri Giants,8,15,0,"2,1,0,0,2,0,1,0,2",25,Tokyo Dome,,,55000,GAME20010825YGCD0025
2001,2001-08-25,Reg Season,Yomiuri Giants,Home,L,5,Chunichi Dragons,5,10,0,"2,0,2,0,0,1,0,0,0",25,Tokyo Dome,,,55000,GAME20010825YGCD0025
2001,2001-08-26,Reg Season,Yakult Swallows,Away,W,4,Yokohama BayStars,4,12,0,"1,0,0,0,1,0,1,1,0",22,Yokohama Stadium,,,26000,GAME20010826DBYS0022
2001,2001-08-26,Reg Season,Yokohama BayStars,Home,L,1,Yakult Swallows,1,7,0,"0,0,0,0,0,1,0,0,0",22,Yokohama Stadium,,,26000,GAME20010826DBYS0022
2001,2001-08-26,Reg Season,Hiroshima Toyo Carp,Away,T,4,Hanshin Tigers,4,10,1,"1,0,0,0,1,0,0,2,0,0,0,0",24,Hanshin Koshien Stadium,,,26000,GAME20010826HTHC0024
2001,2001-08-26,Reg Season,Hanshin Tigers,Home,T,4,Hiroshima Toyo Carp,4,8,0,"0,0,0,3,0,0,1,0,0,0,0,0",24,Hanshin Koshien Stadium,,,26000,GAME20010826HTHC0024
2001,2001-08-26,Reg Season,Nippon-Ham Fighters,Away,L,2,Osaka Kintetsu Buffaloes,2,9,0,"0,1,0,0,0,0,0,1,0",24,Kyocera Dome Osaka,,,36000,GAME20010826KINF0024
2001,2001-08-26,Reg Season,Osaka Kintetsu Buffaloes,Home,W,7,Nippon-Ham Fighters,7,7,0,"1,1,3,0,2,0,0,0,x",24,Kyocera Dome Osaka,,,36000,GAME20010826KINF0024
2001,2001-08-26,Reg Season,Chiba Lotte Marines,Away,W,3,Orix Bluewave,3,8,1,"0,1,0,0,0,0,2,0,0",22,Kobe Athletic Park Baseball Field,,,19000,GAME20010826OBLM0022
2001,2001-08-26,Reg Season,Orix Bluewave,Home,L,1,Chiba Lotte Marines,1,5,1,"0,0,0,0,0,0,1,0,0",22,Kobe Athletic Park Baseball Field,,,19000,GAME20010826OBLM0022
2001,2001-08-26,Reg Season,Seibu Lions,Away,L,1,Fukuoka Daiei Hawks,1,7,0,"0,0,0,0,0,0,0,1,0",24,Mizuho PayPay Dome Fukuoka,,,48000,GAME20010826SHSL0024
2001,2001-08-26,Reg Season,Fukuoka Daiei Hawks,Home,W,3,Seibu Lions,3,7,1,"0,0,2,1,0,0,0,0,x",24,Mizuho PayPay Dome Fukuoka,,,48000,GAME20010826SHSL0024
2001,2001-08-26,Reg Season,Chunichi Dragons,Away,W,9,Yomiuri Giants,9,13,0,"5,0,0,0,0,2,0,2,0",26,Tokyo Dome,,,55000,GAME20010826YGCD0026
2001,2001-08-26,Reg Season,Yomiuri Giants,Home,L,4,Chunichi Dragons,4,8,1,"1,0,0,2,1,0,0,0,0",26,Tokyo Dome,,,55000,GAME20010826YGCD0026
2001,2001-08-27,Reg Season,Fukuoka Daiei Hawks,Away,W,6,Nippon-Ham Fighters,6,7,0,"0,1,0,3,0,2,0,0,0",22,Tokyo Dome,,,25000,GAME20010827NFSH0022
2001,2001-08-27,Reg Season,Nippon-Ham Fighters,Home,L,5,Fukuoka Daiei Hawks,5,11,2,"2,0,0,0,0,3,0,0,0",22,Tokyo Dome,,,25000,GAME20010827NFSH0022
2001,2001-08-27,Reg Season,Seibu Lions,Away,W,7,Orix Bluewave,7,9,1,"0,2,0,0,1,4,0,0,0",22,Kobe Athletic Park Baseball Field,,,16000,GAME20010827OBSL0022
2001,2001-10-20,JS,Yakult Swallows,Away,W,7,Osaka Kintetsu Buffaloes,7,11,0,"0,1,0,0,0,3,0,1,2",1,Kyocera Dome Osaka,,,33837,GAME20011020KIYS0001
2001,2001-10-20,JS,Osaka Kintetsu Buffaloes,Home,L,0,Yakult Swallows,0,1,1,"0,0,0,0,0,0,0,0,0",1,Kyocera Dome Osaka,,,33837,GAME20011020KIYS0001
2001,2001-10-21,JS,Yakult Swallows,Away,L,6,Osaka Kintetsu Buffaloes,6,10,0,"0,1,2,1,1,1,0,0,0",2,Kyocera Dome Osaka,,,33277,GAME20011021KIYS0002
2001,2001-10-21,JS,Osaka Kintetsu Buffaloes,Home,W,9,Yakult Swallows,9,10,0,"0,0,0,1,1,4,0,3,x",2,Kyocera Dome Osaka,,,33277,GAME20011021KIYS0002
2001,2001-10-23,JS,Osaka Kintetsu Buffaloes,Away,L,2,Yakult Swallows,2,4,0,"0,0,0,0,1,0,1,0,0",3,Meiji Jingu Stadium,,,30443,GAME20011023YSKI0003
2001,2001-10-23,JS,Yakult Swallows,Home,W,9,Osaka Kintetsu Buffaloes,9,10,1,"2,0,0,0,4,3,0,0,x",3,Meiji Jingu Stadium,,,30443,GAME20011023YSKI0003
2001,2001-10-24,JS,Osaka Kintetsu Buffaloes,Away,L,1,Yakult Swallows,1,2,0,"0,0,0,1,0,0,0,0,0",4,Meiji Jingu Stadium,,,32145,GAME20011024YSKI0004
2001,2001-10-24,JS,Yakult Swallows,Home,W,2,Osaka Kintetsu Buffaloes,2,8,0,"0,0,0,0,1,0,1,0,x",4,Meiji Jingu Stadium,,,32145,GAME20011024YSKI0004
2001,2001-10-25,JS,Osaka Kintetsu Buffaloes,Away,L,2,Yakult Swallows,2,9,2,"0,0,0,0,2,0,0,0,0",5,Meiji Jingu Stadium,,,32568,GAME20011025YSKI0005
2001,2001-10-25,JS,Yakult Swallows,Home,W,4,Osaka Kintetsu Buffaloes,4,12,0,"3,0,0,1,0,0,0,0,x",5,Meiji Jingu Stadium,,,32568,GAME20011025YSKI0005
2001,2001-08-27,Reg Season,Orix Bluewave,Home,L,3,Seibu Lions,3,13,1,"0,0,1,0,0,1,0,1,0",22,Kobe Athletic Park Baseball Field,,,16000,GAME20010827OBSL0022
2001,2001-08-28,Reg Season,Yokohama BayStars,Away,L,1,Hiroshima Toyo Carp,1,5,0,"0,0,0,0,1,0,0,0,0",20,Hiroshima citizens,,,12000,GAME20010828HCDB0020
2001,2001-08-28,Reg Season,Hiroshima Toyo Carp,Home,W,2,Yokohama BayStars,2,5,1,"0,0,0,1,0,0,0,0,1x",20,Hiroshima citizens,,,12000,GAME20010828HCDB0020
2001,2001-08-28,Reg Season,Yomiuri Giants,Away,W,4,Hanshin Tigers,4,8,0,"0,0,1,0,0,0,3,0,0",23,Hanshin Koshien Stadium,,,50000,GAME20010828HTYG0023
2001,2001-08-28,Reg Season,Hanshin Tigers,Home,L,2,Yomiuri Giants,2,5,1,"0,0,0,0,0,0,0,0,2",23,Hanshin Koshien Stadium,,,50000,GAME20010828HTYG0023
2001,2001-08-28,Reg Season,Osaka Kintetsu Buffaloes,Away,W,6,Chiba Lotte Marines,6,10,1,"0,0,0,4,2,0,0,0,0",22,ZOZO Marine Stadium,,,24000,GAME20010828LMKI0022
2001,2001-08-28,Reg Season,Chiba Lotte Marines,Home,L,3,Osaka Kintetsu Buffaloes,3,9,1,"0,3,0,0,0,0,0,0,0",22,ZOZO Marine Stadium,,,24000,GAME20010828LMKI0022
2001,2001-08-28,Reg Season,Fukuoka Daiei Hawks,Away,W,4,Nippon-Ham Fighters,4,10,0,"0,0,0,3,0,1,0,0,0",23,Tokyo Dome,,,24000,GAME20010828NFSH0023
2001,2001-08-28,Reg Season,Nippon-Ham Fighters,Home,L,1,Fukuoka Daiei Hawks,1,7,1,"0,0,0,0,0,0,0,1,0",23,Tokyo Dome,,,24000,GAME20010828NFSH0023
2001,2001-08-28,Reg Season,Seibu Lions,Away,L,3,Orix Bluewave,3,10,1,"0,0,1,1,1,0,0,0,0",23,Kobe Athletic Park Baseball Field,,,23000,GAME20010828OBSL0023
2001,2001-08-28,Reg Season,Orix Bluewave,Home,W,4,Seibu Lions,4,11,2,"0,0,0,0,0,0,0,1,3x",23,Kobe Athletic Park Baseball Field,,,23000,GAME20010828OBSL0023
2001,2001-08-28,Reg Season,Chunichi Dragons,Away,T,9,Yakult Swallows,9,17,0,"0,0,1,2,5,1,0,0,0,0,0,0",22,Meiji Jingu Stadium,,,22000,GAME20010828YSCD0022
2001,2001-08-28,Reg Season,Yakult Swallows,Home,T,9,Chunichi Dragons,9,16,1,"1,0,1,1,0,0,0,4,2,0,0,0",22,Meiji Jingu Stadium,,,22000,GAME20010828YSCD0022
2001,2001-08-29,Reg Season,Yokohama BayStars,Away,W,4,Hiroshima Toyo Carp,4,8,0,"0,0,1,1,0,0,0,1,1",21,Hiroshima citizens,,,11000,GAME20010829HCDB0021
2001,2001-08-29,Reg Season,Hiroshima Toyo Carp,Home,L,2,Yokohama BayStars,2,6,1,"0,0,0,0,0,2,0,0,0",21,Hiroshima citizens,,,11000,GAME20010829HCDB0021
2001,2001-08-29,Reg Season,Yomiuri Giants,Away,L,0,Hanshin Tigers,0,5,0,"0,0,0,0,0,0,0,0,0",24,Hanshin Koshien Stadium,,,48000,GAME20010829HTYG0024
2001,2001-08-29,Reg Season,Hanshin Tigers,Home,W,1,Yomiuri Giants,1,6,1,"0,0,0,0,0,1,0,0,x",24,Hanshin Koshien Stadium,,,48000,GAME20010829HTYG0024
2001,2001-08-29,Reg Season,Osaka Kintetsu Buffaloes,Away,W,11,Chiba Lotte Marines,11,10,0,"0,6,5,0,0,0,0,0,0",23,ZOZO Marine Stadium,,,24000,GAME20010829LMKI0023
2001,2001-08-29,Reg Season,Chiba Lotte Marines,Home,L,2,Osaka Kintetsu Buffaloes,2,9,2,"1,0,0,0,0,0,0,0,1",23,ZOZO Marine Stadium,,,24000,GAME20010829LMKI0023
2001,2001-08-29,Reg Season,Fukuoka Daiei Hawks,Away,W,12,Nippon-Ham Fighters,12,13,0,"2,2,1,0,0,1,0,0,6",24,Tokyo Dome,,,28000,GAME20010829NFSH0024
2001,2001-08-29,Reg Season,Nippon-Ham Fighters,Home,L,1,Fukuoka Daiei Hawks,1,8,0,"0,0,1,0,0,0,0,0,0",24,Tokyo Dome,,,28000,GAME20010829NFSH0024
2001,2001-08-29,Reg Season,Seibu Lions,Away,L,0,Orix Bluewave,0,7,1,"0,0,0,0,0,0,0,0,0,0,0",24,Kobe Athletic Park Baseball Field,,,15000,GAME20010829OBSL0024
2001,2001-08-29,Reg Season,Orix Bluewave,Home,W,2,Seibu Lions,2,5,0,"0,0,0,0,0,0,0,0,0,0,2x",24,Kobe Athletic Park Baseball Field,,,15000,GAME20010829OBSL0024
2001,2001-08-29,Reg Season,Chunichi Dragons,Away,L,1,Yakult Swallows,1,3,0,"0,0,1,0,0,0,0,0,0",23,Meiji Jingu Stadium,,,22000,GAME20010829YSCD0023
2001,2001-08-29,Reg Season,Yakult Swallows,Home,W,10,Chunichi Dragons,10,14,1,"1,0,2,0,0,7,0,0,x",23,Meiji Jingu Stadium,,,22000,GAME20010829YSCD0023
2001,2001-08-30,Reg Season,Osaka Kintetsu Buffaloes,Away,W,7,Chiba Lotte Marines,7,12,2,"0,0,0,2,1,4,0,0,0",24,ZOZO Marine Stadium,,,21000,GAME20010830LMKI0024
2001,2001-08-30,Reg Season,Chiba Lotte Marines,Home,L,5,Osaka Kintetsu Buffaloes,5,12,2,"0,0,0,1,2,2,0,0,0",24,ZOZO Marine Stadium,,,21000,GAME20010830LMKI0024
2001,2001-08-30,Reg Season,Chunichi Dragons,Away,L,2,Yakult Swallows,2,5,1,"0,0,0,0,0,0,0,2,0",24,Meiji Jingu Stadium,,,22000,GAME20010830YSCD0024
2001,2001-08-30,Reg Season,Yakult Swallows,Home,W,4,Chunichi Dragons,4,8,0,"0,1,0,1,0,0,0,2,x",24,Meiji Jingu Stadium,,,22000,GAME20010830YSCD0024
2001,2001-08-31,Reg Season,Yokohama BayStars,Away,W,2,Chunichi Dragons,2,4,0,"0,2,0,0,0,0,0,0,0",21,Vantelin Dome Nagoya,,,34000,GAME20010831CDDB0021
2001,2001-08-31,Reg Season,Chunichi Dragons,Home,L,1,Yokohama BayStars,1,9,1,"0,0,0,0,0,1,0,0,0",21,Vantelin Dome Nagoya,,,34000,GAME20010831CDDB0021
2001,2001-08-31,Reg Season,Yomiuri Giants,Away,L,2,Hiroshima Toyo Carp,2,10,0,"0,0,0,0,2,0,0,0,0",23,Hiroshima citizens,,,19000,GAME20010831HCYG0023
2001,2001-08-31,Reg Season,Hiroshima Toyo Carp,Home,W,5,Yomiuri Giants,5,11,2,"0,0,0,1,0,2,2,0,x",23,Hiroshima citizens,,,19000,GAME20010831HCYG0023
2001,2001-08-31,Reg Season,Seibu Lions,Away,L,3,Chiba Lotte Marines,3,10,0,"0,0,1,0,0,0,0,0,2",25,ZOZO Marine Stadium,,,14000,GAME20010831LMSL0025
2001,2001-08-31,Reg Season,Chiba Lotte Marines,Home,W,4,Seibu Lions,4,8,0,"0,0,1,1,1,0,0,0,1x",25,ZOZO Marine Stadium,,,14000,GAME20010831LMSL0025
2001,2001-08-31,Reg Season,Osaka Kintetsu Buffaloes,Away,L,3,Nippon-Ham Fighters,3,6,0,"0,0,0,0,0,2,0,1,0",25,Tokyo Dome,,,17000,GAME20010831NFKI0025
2001,2001-08-31,Reg Season,Nippon-Ham Fighters,Home,W,9,Osaka Kintetsu Buffaloes,9,11,1,"0,2,0,0,0,0,4,3,x",25,Tokyo Dome,,,17000,GAME20010831NFKI0025
2001,2001-08-31,Reg Season,Orix Bluewave,Away,W,9,Fukuoka Daiei Hawks,9,13,2,"3,0,2,0,0,0,2,2,0",21,Mizuho PayPay Dome Fukuoka,,,48000,GAME20010831SHOB0021
2001,2001-08-31,Reg Season,Fukuoka Daiei Hawks,Home,L,8,Orix Bluewave,8,7,0,"0,0,6,0,0,0,1,1,0",21,Mizuho PayPay Dome Fukuoka,,,48000,GAME20010831SHOB0021
2001,2001-09-01,Reg Season,Yokohama BayStars,Away,W,4,Chunichi Dragons,4,9,0,"0,1,1,0,0,0,0,0,2",22,Vantelin Dome Nagoya,,,38500,GAME20010901CDDB0022
2001,2001-09-01,Reg Season,Chunichi Dragons,Home,L,2,Yokohama BayStars,2,11,0,"0,1,0,0,0,0,1,0,0",22,Vantelin Dome Nagoya,,,38500,GAME20010901CDDB0022
2001,2001-09-01,Reg Season,Yomiuri Giants,Away,L,5,Hiroshima Toyo Carp,5,11,0,"0,0,0,2,1,1,1,0,0",24,Hiroshima citizens,,,29000,GAME20010901HCYG0024
2001,2001-09-01,Reg Season,Hiroshima Toyo Carp,Home,W,14,Yomiuri Giants,14,18,0,"3,0,3,5,0,1,0,2,x",24,Hiroshima citizens,,,29000,GAME20010901HCYG0024
2001,2001-09-01,Reg Season,Seibu Lions,Away,W,4,Chiba Lotte Marines,4,8,1,"3,0,0,0,0,0,0,0,1",26,ZOZO Marine Stadium,,,35000,GAME20010901LMSL0026
2001,2001-09-01,Reg Season,Chiba Lotte Marines,Home,L,0,Seibu Lions,0,4,1,"0,0,0,0,0,0,0,0,0",26,ZOZO Marine Stadium,,,35000,GAME20010901LMSL0026
2001,2001-09-01,Reg Season,Osaka Kintetsu Buffaloes,Away,W,13,Nippon-Ham Fighters,13,19,0,"2,0,4,4,0,0,0,3,0",26,Tokyo Dome,,,28000,GAME20010901NFKI0026
2001,2001-09-01,Reg Season,Nippon-Ham Fighters,Home,L,3,Osaka Kintetsu Buffaloes,3,11,0,"0,0,0,1,1,0,0,1,0",26,Tokyo Dome,,,28000,GAME20010901NFKI0026
2001,2001-09-01,Reg Season,Orix Bluewave,Away,L,2,Fukuoka Daiei Hawks,2,9,2,"0,0,0,1,0,0,0,0,1",22,Mizuho PayPay Dome Fukuoka,,,48000,GAME20010901SHOB0022
2001,2001-09-01,Reg Season,Fukuoka Daiei Hawks,Home,W,4,Orix Bluewave,4,4,1,"0,1,0,0,0,3,0,0,0",22,Mizuho PayPay Dome Fukuoka,,,48000,GAME20010901SHOB0022
2001,2001-09-01,Reg Season,Hanshin Tigers,Away,L,1,Yakult Swallows,1,9,1,"0,0,0,0,0,0,0,1,0",21,Sapporo Dome,,,40000,GAME20010901YSHT0021
2001,2001-09-01,Reg Season,Yakult Swallows,Home,W,7,Hanshin Tigers,7,11,0,"0,0,0,0,3,0,1,3,x",21,Sapporo Dome,,,40000,GAME20010901YSHT0021
2001,2001-09-02,Reg Season,Yokohama BayStars,Away,L,0,Chunichi Dragons,0,5,0,"0,0,0,0,0,0,0,0,0",23,Vantelin Dome Nagoya,,,35000,GAME20010902CDDB0023
2001,2001-09-02,Reg Season,Chunichi Dragons,Home,W,1,Yokohama BayStars,1,5,0,"1,0,0,0,0,0,0,0,x",23,Vantelin Dome Nagoya,,,35000,GAME20010902CDDB0023
2001,2001-09-02,Reg Season,Yomiuri Giants,Away,L,4,Hiroshima Toyo Carp,4,11,0,"1,0,3,0,0,0,0,0,0",25,Hiroshima citizens,,,21000,GAME20010902HCYG0025
2001,2001-09-02,Reg Season,Hiroshima Toyo Carp,Home,W,10,Yomiuri Giants,10,12,0,"4,0,0,0,1,0,0,5,x",25,Hiroshima citizens,,,21000,GAME20010902HCYG0025
2001,2001-09-02,Reg Season,Seibu Lions,Away,W,4,Chiba Lotte Marines,4,7,0,"1,0,0,0,0,0,1,1,1",27,ZOZO Marine Stadium,,,25000,GAME20010902LMSL0027
2001,2001-09-02,Reg Season,Chiba Lotte Marines,Home,L,1,Seibu Lions,1,9,2,"0,0,0,0,1,0,0,0,0",27,ZOZO Marine Stadium,,,25000,GAME20010902LMSL0027
2001,2001-09-02,Reg Season,Osaka Kintetsu Buffaloes,Away,W,10,Nippon-Ham Fighters,10,15,1,"1,4,0,0,3,1,1,0,0",27,Tokyo Dome,,,28000,GAME20010902NFKI0027
2001,2001-09-02,Reg Season,Nippon-Ham Fighters,Home,L,9,Osaka Kintetsu Buffaloes,9,10,0,"0,2,5,0,0,2,0,0,0",27,Tokyo Dome,,,28000,GAME20010902NFKI0027
2001,2001-09-02,Reg Season,Orix Bluewave,Away,W,2,Fukuoka Daiei Hawks,2,6,0,"0,0,1,0,0,0,1,0,0",23,Mizuho PayPay Dome Fukuoka,,,48000,GAME20010902SHOB0023
2001,2001-09-02,Reg Season,Fukuoka Daiei Hawks,Home,L,0,Orix Bluewave,0,7,2,"0,0,0,0,0,0,0,0,0",23,Mizuho PayPay Dome Fukuoka,,,48000,GAME20010902SHOB0023
2001,2001-09-02,Reg Season,Hanshin Tigers,Away,L,2,Yakult Swallows,2,4,2,"1,0,0,0,0,0,0,0,1",22,Sapporo Dome,,,38000,GAME20010902YSHT0022
2001,2001-09-02,Reg Season,Yakult Swallows,Home,W,3,Hanshin Tigers,3,10,0,"1,2,0,0,0,0,0,0,x",22,Sapporo Dome,,,38000,GAME20010902YSHT0022
2001,2001-09-03,Reg Season,Nippon-Ham Fighters,Away,W,4,Orix Bluewave,4,7,0,"0,0,1,0,0,0,1,2,0",26,Kobe Athletic Park Baseball Field,,,8000,GAME20010903OBNF0026
2001,2001-09-03,Reg Season,Orix Bluewave,Home,L,3,Nippon-Ham Fighters,3,11,0,"0,0,1,0,0,0,0,0,2",26,Kobe Athletic Park Baseball Field,,,8000,GAME20010903OBNF0026
2001,2001-09-03,Reg Season,Chiba Lotte Marines,Away,W,8,Fukuoka Daiei Hawks,8,10,1,"3,0,1,0,0,0,2,0,2",25,Mizuho PayPay Dome Fukuoka,,,46000,GAME20010903SHLM0025
2001,2001-09-03,Reg Season,Fukuoka Daiei Hawks,Home,L,0,Chiba Lotte Marines,0,9,1,"0,0,0,0,0,0,0,0,0",25,Mizuho PayPay Dome Fukuoka,,,46000,GAME20010903SHLM0025
2001,2001-09-03,Reg Season,Osaka Kintetsu Buffaloes,Away,L,0,Seibu Lions,0,5,0,"0,0,0,0,0,0,0,0,0",22,Belluna Dome,,,21000,GAME20010903SLKI0022
2001,2001-09-03,Reg Season,Seibu Lions,Home,W,4,Osaka Kintetsu Buffaloes,4,5,0,"0,2,0,0,0,0,2,0,x",22,Belluna Dome,,,21000,GAME20010903SLKI0022
2001,2001-09-04,Reg Season,Hanshin Tigers,Away,L,0,Chunichi Dragons,0,2,1,"0,0,0,0,0,0,0,0,0",22,Vantelin Dome Nagoya,,,30500,GAME20010904CDHT0022
2001,2001-09-04,Reg Season,Chunichi Dragons,Home,W,4,Hanshin Tigers,4,7,0,"2,1,0,0,0,0,1,0,x",22,Vantelin Dome Nagoya,,,30500,GAME20010904CDHT0022
2001,2001-09-04,Reg Season,Nippon-Ham Fighters,Away,W,9,Orix Bluewave,9,17,1,"4,0,1,0,0,0,2,0,0,0,2",27,Kobe Athletic Park Baseball Field,,,9000,GAME20010904OBNF0027
2001,2001-09-04,Reg Season,Orix Bluewave,Home,L,7,Nippon-Ham Fighters,7,9,1,"0,0,7,0,0,0,0,0,0,0,0",27,Kobe Athletic Park Baseball Field,,,9000,GAME20010904OBNF0027
2001,2001-09-04,Reg Season,Chiba Lotte Marines,Away,W,6,Fukuoka Daiei Hawks,6,10,0,"0,0,2,0,1,1,2,0,0",26,Mizuho PayPay Dome Fukuoka,,,46000,GAME20010904SHLM0026
2001,2001-09-04,Reg Season,Fukuoka Daiei Hawks,Home,L,4,Chiba Lotte Marines,4,8,1,"0,3,0,0,0,0,0,1,0",26,Mizuho PayPay Dome Fukuoka,,,46000,GAME20010904SHLM0026
2001,2001-09-04,Reg Season,Osaka Kintetsu Buffaloes,Away,L,2,Seibu Lions,2,3,0,"0,0,0,0,0,0,1,0,1",23,Belluna Dome,,,20000,GAME20010904SLKI0023
2001,2001-09-04,Reg Season,Seibu Lions,Home,W,5,Osaka Kintetsu Buffaloes,5,11,1,"0,1,0,0,1,2,1,0,x",23,Belluna Dome,,,20000,GAME20010904SLKI0023
2001,2001-09-04,Reg Season,Yokohama BayStars,Away,L,1,Yomiuri Giants,1,5,0,"0,0,0,0,0,1,0,0,0",24,Kurashiki Sports Park Muscat Stadium,,,30500,GAME20010904YGDB0024
2001,2001-09-04,Reg Season,Yomiuri Giants,Home,W,3,Yokohama BayStars,3,8,1,"0,0,2,0,1,0,0,0,x",24,Kurashiki Sports Park Muscat Stadium,,,30500,GAME20010904YGDB0024
2001,2001-09-05,Reg Season,Hanshin Tigers,Away,L,1,Chunichi Dragons,1,6,1,"0,0,0,0,0,0,0,1,0,0",23,Vantelin Dome Nagoya,,,30500,GAME20010905CDHT0023
2001,2001-09-05,Reg Season,Chunichi Dragons,Home,W,2,Hanshin Tigers,2,10,1,"1,0,0,0,0,0,0,0,0,1x",23,Vantelin Dome Nagoya,,,30500,GAME20010905CDHT0023
2001,2001-09-05,Reg Season,Osaka Kintetsu Buffaloes,Away,L,1,Seibu Lions,1,5,0,"0,0,0,0,0,0,0,0,1",24,Belluna Dome,,,32000,GAME20010905SLKI0024
2001,2001-09-05,Reg Season,Seibu Lions,Home,W,8,Osaka Kintetsu Buffaloes,8,8,0,"4,0,0,0,0,2,1,1,x",24,Belluna Dome,,,32000,GAME20010905SLKI0024
2001,2001-09-05,Reg Season,Yokohama BayStars,Away,W,6,Yomiuri Giants,6,12,1,"1,0,0,0,4,0,1,0,0",25,Kyocera Dome Osaka,,,48000,GAME20010905YGDB0025
2001,2001-09-05,Reg Season,Yomiuri Giants,Home,L,0,Yokohama BayStars,0,2,1,"0,0,0,0,0,0,0,0,0",25,Kyocera Dome Osaka,,,48000,GAME20010905YGDB0025
2001,2001-09-05,Reg Season,Hiroshima Toyo Carp,Away,W,2,Yakult Swallows,2,9,2,"0,0,1,0,1,0,0,0,0",21,Meiji Jingu Stadium,,,18000,GAME20010905YSHC0021
2001,2001-09-05,Reg Season,Yakult Swallows,Home,L,1,Hiroshima Toyo Carp,1,5,1,"0,0,0,0,1,0,0,0,0",21,Meiji Jingu Stadium,,,18000,GAME20010905YSHC0021
2001,2001-09-06,Reg Season,Hiroshima Toyo Carp,Away,W,7,Yakult Swallows,7,10,1,"2,0,1,0,2,2,0,0,0",22,Meiji Jingu Stadium,,,20000,GAME20010906YSHC0022
2001,2001-09-06,Reg Season,Yakult Swallows,Home,L,4,Hiroshima Toyo Carp,4,5,0,"0,0,0,4,0,0,0,0,0",22,Meiji Jingu Stadium,,,20000,GAME20010906YSHC0022
2001,2001-09-07,Reg Season,Chunichi Dragons,Away,W,9,Yokohama BayStars,9,14,1,"0,3,1,1,0,0,0,0,4",24,Kusanagi Baseball Stadium,,,28000,GAME20010907DBCD0024
2001,2001-09-07,Reg Season,Yokohama BayStars,Home,L,3,Chunichi Dragons,3,11,0,"0,0,0,3,0,0,0,0,0",24,Kusanagi Baseball Stadium,,,28000,GAME20010907DBCD0024
2001,2001-09-07,Reg Season,Fukuoka Daiei Hawks,Away,W,8,Osaka Kintetsu Buffaloes,8,12,2,"0,0,0,3,0,1,2,0,2",25,Kyocera Dome Osaka,,,28000,GAME20010907KISH0025
2001,2001-09-07,Reg Season,Osaka Kintetsu Buffaloes,Home,L,1,Fukuoka Daiei Hawks,1,6,0,"0,0,0,0,1,0,0,0,0",25,Kyocera Dome Osaka,,,28000,GAME20010907KISH0025
2001,2001-09-07,Reg Season,Nippon-Ham Fighters,Away,L,4,Chiba Lotte Marines,4,14,0,"0,1,1,0,0,0,2,0,0",20,ZOZO Marine Stadium,,,10000,GAME20010907LMNF0020
2001,2001-09-07,Reg Season,Chiba Lotte Marines,Home,W,8,Nippon-Ham Fighters,8,10,1,"0,0,1,2,1,4,0,0,x",20,ZOZO Marine Stadium,,,10000,GAME20010907LMNF0020
2001,2001-09-07,Reg Season,Orix Bluewave,Away,L,2,Seibu Lions,2,7,1,"1,0,0,1,0,0,0,0,0",25,Belluna Dome,,,19000,GAME20010907SLOB0025
2001,2001-09-07,Reg Season,Seibu Lions,Home,W,8,Orix Bluewave,8,10,0,"0,1,0,0,0,2,3,2,x",25,Belluna Dome,,,19000,GAME20010907SLOB0025
2001,2001-09-07,Reg Season,Yakult Swallows,Away,L,2,Yomiuri Giants,2,5,1,"1,0,0,0,0,0,1,0,0",23,Tokyo Dome,,,55000,GAME20010907YGYS0023
2001,2001-09-07,Reg Season,Yomiuri Giants,Home,W,11,Yakult Swallows,11,12,0,"2,0,4,0,1,4,0,0,x",23,Tokyo Dome,,,55000,GAME20010907YGYS0023
2001,2001-09-08,Reg Season,Chunichi Dragons,Away,L,4,Yokohama BayStars,4,10,2,"1,2,0,0,1,0,0,0,0",25,Yokohama Stadium,,,24000,GAME20010908DBCD0025
2001,2001-09-08,Reg Season,Yokohama BayStars,Home,W,6,Chunichi Dragons,6,12,1,"0,0,2,1,1,0,2,0,x",25,Yokohama Stadium,,,24000,GAME20010908DBCD0025
2001,2001-09-08,Reg Season,Hanshin Tigers,Away,L,3,Hiroshima Toyo Carp,3,7,0,"0,0,0,0,0,0,1,2,0",25,Dorayaki Dramatic Park Yonago Citizens,,,16000,GAME20010908HCHT0025
2001,2001-09-08,Reg Season,Hiroshima Toyo Carp,Home,W,4,Hanshin Tigers,4,7,2,"0,0,0,0,0,2,0,0,2x",25,Dorayaki Dramatic Park Yonago Citizens,,,16000,GAME20010908HCHT0025
2001,2001-09-08,Reg Season,Fukuoka Daiei Hawks,Away,W,9,Osaka Kintetsu Buffaloes,9,16,0,"0,3,0,0,1,0,3,1,1",26,Kyocera Dome Osaka,,,48000,GAME20010908KISH0026
2001,2001-09-08,Reg Season,Osaka Kintetsu Buffaloes,Home,L,8,Fukuoka Daiei Hawks,8,15,0,"0,0,1,2,2,0,0,0,3",26,Kyocera Dome Osaka,,,48000,GAME20010908KISH0026
2001,2001-09-08,Reg Season,Nippon-Ham Fighters,Away,L,2,Chiba Lotte Marines,2,9,0,"0,0,0,0,0,0,0,1,1",21,ZOZO Marine Stadium,,,18000,GAME20010908LMNF0021
2001,2001-09-08,Reg Season,Chiba Lotte Marines,Home,W,3,Nippon-Ham Fighters,3,7,0,"2,0,0,0,0,0,1,0,x",21,ZOZO Marine Stadium,,,18000,GAME20010908LMNF0021
2001,2001-09-08,Reg Season,Orix Bluewave,Away,W,4,Seibu Lions,4,6,0,"1,0,0,2,0,0,1,0,0",26,Belluna Dome,,,30000,GAME20010908SLOB0026
2001,2001-09-08,Reg Season,Seibu Lions,Home,L,0,Orix Bluewave,0,2,0,"0,0,0,0,0,0,0,0,0",26,Belluna Dome,,,30000,GAME20010908SLOB0026
2001,2001-09-08,Reg Season,Yakult Swallows,Away,L,3,Yomiuri Giants,3,10,0,"0,0,0,1,0,0,0,0,2",24,Tokyo Dome,,,55000,GAME20010908YGYS0024
2001,2001-09-08,Reg Season,Yomiuri Giants,Home,W,5,Yakult Swallows,5,12,0,"0,1,0,0,0,1,3,0,x",24,Tokyo Dome,,,55000,GAME20010908YGYS0024
2001,2001-09-09,Reg Season,Hanshin Tigers,Away,L,2,Hiroshima Toyo Carp,2,6,1,"0,0,0,0,1,0,1,0,0",26,Dorayaki Dramatic Park Yonago Citizens,,,14000,GAME20010909HCHT0026
2001,2001-09-09,Reg Season,Hiroshima Toyo Carp,Home,W,7,Hanshin Tigers,7,7,0,"2,0,0,0,4,0,0,1,x",26,Dorayaki Dramatic Park Yonago Citizens,,,14000,GAME20010909HCHT0026
2001,2001-09-09,Reg Season,Fukuoka Daiei Hawks,Away,L,5,Osaka Kintetsu Buffaloes,5,9,0,"0,0,0,0,1,4,0,0,0",27,Kyocera Dome Osaka,,,46000,GAME20010909KISH0027
2001,2001-09-09,Reg Season,Osaka Kintetsu Buffaloes,Home,W,6,Fukuoka Daiei Hawks,6,12,2,"2,0,3,0,0,0,1,0,x",27,Kyocera Dome Osaka,,,46000,GAME20010909KISH0027
2001,2001-09-09,Reg Season,Nippon-Ham Fighters,Away,W,7,Chiba Lotte Marines,7,8,1,"0,1,1,4,1,0,0,0,0",22,ZOZO Marine Stadium,,,13000,GAME20010909LMNF0022
2001,2001-09-09,Reg Season,Chiba Lotte Marines,Home,L,5,Nippon-Ham Fighters,5,11,0,"0,2,0,0,1,0,2,0,0",22,ZOZO Marine Stadium,,,13000,GAME20010909LMNF0022
2001,2001-09-09,Reg Season,Orix Bluewave,Away,W,2,Seibu Lions,2,7,0,"0,0,0,0,2,0,0,0,0",27,Belluna Dome,,,29000,GAME20010909SLOB0027
2001,2001-09-09,Reg Season,Seibu Lions,Home,L,1,Orix Bluewave,1,2,1,"0,0,0,0,1,0,0,0,0",27,Belluna Dome,,,29000,GAME20010909SLOB0027
2001,2001-09-09,Reg Season,Yakult Swallows,Away,L,0,Yomiuri Giants,0,3,0,"0,0,0,0,0,0,0,0,0",25,Tokyo Dome,,,55000,GAME20010909YGYS0025
2001,2001-09-09,Reg Season,Yomiuri Giants,Home,W,1,Yakult Swallows,1,3,2,"0,0,0,0,0,0,1,0,x",25,Tokyo Dome,,,55000,GAME20010909YGYS0025
2001,2001-09-10,Reg Season,Chiba Lotte Marines,Away,L,3,Osaka Kintetsu Buffaloes,3,6,0,"0,0,0,0,0,0,2,0,1",25,Kyocera Dome Osaka,,,16000,GAME20010910KILM0025
2001,2001-09-10,Reg Season,Osaka Kintetsu Buffaloes,Home,W,5,Chiba Lotte Marines,5,5,0,"0,1,0,0,0,3,0,1,x",25,Kyocera Dome Osaka,,,16000,GAME20010910KILM0025
2001,2001-09-10,Reg Season,Seibu Lions,Away,W,1,Nippon-Ham Fighters,1,5,0,"1,0,0,0,0,0,0,0,0",24,Tokyo Dome,,,10000,GAME20010910NFSL0024
2001,2001-09-10,Reg Season,Nippon-Ham Fighters,Home,L,0,Seibu Lions,0,4,0,"0,0,0,0,0,0,0,0,0",24,Tokyo Dome,,,10000,GAME20010910NFSL0024
2001,2001-09-11,Reg Season,Hiroshima Toyo Carp,Away,W,1,Chunichi Dragons,1,6,0,"1,0,0,0,0,0,0,0,0",21,Vantelin Dome Nagoya,,,30500,GAME20010911CDHC0021
2001,2001-09-11,Reg Season,Chunichi Dragons,Home,L,0,Hiroshima Toyo Carp,0,5,0,"0,0,0,0,0,0,0,0,0",21,Vantelin Dome Nagoya,,,30500,GAME20010911CDHC0021
2001,2001-09-11,Reg Season,Yakult Swallows,Away,L,1,Hanshin Tigers,1,6,1,"0,1,0,0,0,0,0,0,0",23,Hanshin Koshien Stadium,,,15000,GAME20010911HTYS0023
2001,2001-09-11,Reg Season,Hanshin Tigers,Home,W,8,Yakult Swallows,8,13,0,"1,0,2,0,2,0,3,0,x",23,Hanshin Koshien Stadium,,,15000,GAME20010911HTYS0023
2001,2001-09-11,Reg Season,Chiba Lotte Marines,Away,L,2,Osaka Kintetsu Buffaloes,2,7,0,"0,1,0,0,0,0,0,1,0",26,Kyocera Dome Osaka,,,15000,GAME20010911KILM0026
2001,2001-09-11,Reg Season,Osaka Kintetsu Buffaloes,Home,W,9,Chiba Lotte Marines,9,10,0,"1,0,0,0,1,0,7,0,x",26,Kyocera Dome Osaka,,,15000,GAME20010911KILM0026
2001,2001-09-11,Reg Season,Seibu Lions,Away,W,3,Nippon-Ham Fighters,3,8,0,"0,0,2,0,0,0,0,1,0",25,Tokyo Dome,,,22000,GAME20010911NFSL0025
2001,2001-09-11,Reg Season,Nippon-Ham Fighters,Home,L,1,Seibu Lions,1,4,0,"0,1,0,0,0,0,0,0,0",25,Tokyo Dome,,,22000,GAME20010911NFSL0025
2001,2001-09-11,Reg Season,Fukuoka Daiei Hawks,Away,W,7,Orix Bluewave,7,13,3,"0,2,1,1,0,0,1,0,2",24,Kobe Athletic Park Baseball Field,,,13000,GAME20010911OBSH0024
2001,2001-09-11,Reg Season,Orix Bluewave,Home,L,5,Fukuoka Daiei Hawks,5,10,1,"0,0,1,0,1,3,0,0,0",24,Kobe Athletic Park Baseball Field,,,13000,GAME20010911OBSH0024
2001,2001-09-12,Reg Season,Hiroshima Toyo Carp,Away,L,5,Chunichi Dragons,5,10,0,"1,0,4,0,0,0,0,0,0",22,Vantelin Dome Nagoya,,,30500,GAME20010912CDHC0022
2001,2001-09-12,Reg Season,Chunichi Dragons,Home,W,8,Hiroshima Toyo Carp,8,10,0,"0,0,0,2,3,1,0,2,x",22,Vantelin Dome Nagoya,,,30500,GAME20010912CDHC0022
2001,2001-09-12,Reg Season,Yomiuri Giants,Away,W,7,Yokohama BayStars,7,14,0,"1,0,0,0,2,0,3,1,0",26,Yokohama Stadium,,,28000,GAME20010912DBYG0026
2001,2001-09-12,Reg Season,Yokohama BayStars,Home,L,4,Yomiuri Giants,4,9,1,"0,0,0,0,1,0,0,0,3",26,Yokohama Stadium,,,28000,GAME20010912DBYG0026
2001,2001-09-12,Reg Season,Yakult Swallows,Away,W,7,Hanshin Tigers,7,12,0,"2,0,0,2,0,0,0,3,0",24,Hanshin Koshien Stadium,,,16000,GAME20010912HTYS0024
2001,2001-09-12,Reg Season,Hanshin Tigers,Home,L,6,Yakult Swallows,6,11,2,"0,0,2,0,2,0,2,0,0",24,Hanshin Koshien Stadium,,,16000,GAME20010912HTYS0024
2001,2001-09-12,Reg Season,Chiba Lotte Marines,Away,L,3,Osaka Kintetsu Buffaloes,3,8,1,"0,0,0,0,0,0,0,1,2",27,Kyocera Dome Osaka,,,14000,GAME20010912KILM0027
2001,2001-09-12,Reg Season,Osaka Kintetsu Buffaloes,Home,W,8,Chiba Lotte Marines,8,8,0,"1,0,0,2,0,0,0,5,x",27,Kyocera Dome Osaka,,,14000,GAME20010912KILM0027
2001,2001-09-12,Reg Season,Seibu Lions,Away,W,5,Nippon-Ham Fighters,5,10,0,"0,1,0,1,0,3,0,0,0",26,Tokyo Dome,,,20000,GAME20010912NFSL0026
2001,2001-09-12,Reg Season,Nippon-Ham Fighters,Home,L,1,Seibu Lions,1,6,1,"0,0,1,0,0,0,0,0,0",26,Tokyo Dome,,,20000,GAME20010912NFSL0026
2001,2001-09-12,Reg Season,Fukuoka Daiei Hawks,Away,L,1,Orix Bluewave,1,7,0,"0,0,0,0,0,0,0,0,1",25,Kobe Athletic Park Baseball Field,,,13000,GAME20010912OBSH0025
2001,2001-09-12,Reg Season,Orix Bluewave,Home,W,3,Fukuoka Daiei Hawks,3,9,0,"0,0,0,0,0,2,1,0,x",25,Kobe Athletic Park Baseball Field,,,13000,GAME20010912OBSH0025
2001,2001-09-13,Reg Season,Hiroshima Toyo Carp,Away,L,3,Chunichi Dragons,3,8,1,"0,0,0,3,0,0,0,0,0",23,Vantelin Dome Nagoya,,,30500,GAME20010913CDHC0023
2001,2001-09-13,Reg Season,Chunichi Dragons,Home,W,4,Hiroshima Toyo Carp,4,7,0,"0,0,0,0,2,0,2,0,x",23,Vantelin Dome Nagoya,,,30500,GAME20010913CDHC0023
2001,2001-09-13,Reg Season,Yomiuri Giants,Away,L,5,Yokohama BayStars,5,9,0,"0,2,0,0,0,1,0,2,0",27,Yokohama Stadium,,,28000,GAME20010913DBYG0027
2001,2001-09-13,Reg Season,Yokohama BayStars,Home,W,6,Yomiuri Giants,6,12,1,"0,0,0,4,2,0,0,0,x",27,Yokohama Stadium,,,28000,GAME20010913DBYG0027
2001,2001-09-13,Reg Season,Yakult Swallows,Away,L,2,Hanshin Tigers,2,6,0,"0,0,0,1,0,0,1,0,0,0,0",25,Hanshin Koshien Stadium,,,14000,GAME20010913HTYS0025
2001,2001-09-13,Reg Season,Hanshin Tigers,Home,W,3,Yakult Swallows,3,5,0,"1,0,1,0,0,0,0,0,0,0,1x",25,Hanshin Koshien Stadium,,,14000,GAME20010913HTYS0025
2001,2001-09-13,Reg Season,Fukuoka Daiei Hawks,Away,L,3,Orix Bluewave,3,9,1,"1,1,0,0,0,0,1,0,0",26,Kobe Athletic Park Baseball Field,,,12000,GAME20010913OBSH0026
2001,2001-09-13,Reg Season,Orix Bluewave,Home,W,6,Fukuoka Daiei Hawks,6,12,0,"0,1,0,0,0,3,0,2,x",26,Kobe Athletic Park Baseball Field,,,12000,GAME20010913OBSH0026
2001,2001-09-14,Reg Season,Yakult Swallows,Away,L,1,Hiroshima Toyo Carp,1,9,0,"1,0,0,0,0,0,0,0,0",23,Hiroshima citizens,,,10000,GAME20010914HCYS0023
2001,2001-09-14,Reg Season,Hiroshima Toyo Carp,Home,W,4,Yakult Swallows,4,9,0,"0,0,0,0,0,0,1,0,3x",23,Hiroshima citizens,,,10000,GAME20010914HCYS0023
2001,2001-09-14,Reg Season,Chiba Lotte Marines,Away,L,2,Nippon-Ham Fighters,2,10,0,"0,0,0,0,0,0,1,1,0",23,Tokyo Dome,,,13000,GAME20010914NFLM0023
2001,2001-09-14,Reg Season,Nippon-Ham Fighters,Home,W,5,Chiba Lotte Marines,5,6,2,"0,0,0,2,3,0,0,0,x",23,Tokyo Dome,,,13000,GAME20010914NFLM0023
2001,2001-09-14,Reg Season,Osaka Kintetsu Buffaloes,Away,L,3,Orix Bluewave,3,9,0,"0,0,0,0,0,0,2,1,0",24,Kobe Athletic Park Baseball Field,,,14000,GAME20010914OBKI0024
2001,2001-09-14,Reg Season,Orix Bluewave,Home,W,9,Osaka Kintetsu Buffaloes,9,8,0,"6,2,0,0,1,0,0,0,x",24,Kobe Athletic Park Baseball Field,,,14000,GAME20010914OBKI0024
2001,2001-09-14,Reg Season,Fukuoka Daiei Hawks,Away,L,2,Seibu Lions,2,5,3,"0,0,0,1,0,0,1,0,0",25,Belluna Dome,,,36000,GAME20010914SLSH0025
2001,2001-09-14,Reg Season,Seibu Lions,Home,W,10,Fukuoka Daiei Hawks,10,13,1,"0,1,4,0,1,4,0,0,x",25,Belluna Dome,,,36000,GAME20010914SLSH0025
2001,2001-09-15,Reg Season,Yomiuri Giants,Away,W,9,Chunichi Dragons,9,12,1,"0,0,0,2,0,1,2,0,4",27,Vantelin Dome Nagoya,,,40500,GAME20010915CDYG0027
2001,2001-09-15,Reg Season,Chunichi Dragons,Home,L,2,Yomiuri Giants,2,6,0,"0,0,0,0,0,0,0,0,2",27,Vantelin Dome Nagoya,,,40500,GAME20010915CDYG0027
2001,2001-09-15,Reg Season,Yakult Swallows,Away,W,9,Hiroshima Toyo Carp,9,12,0,"0,3,3,2,0,1,0,0,0",24,Hiroshima citizens,,,16000,GAME20010915HCYS0024
2001,2001-09-15,Reg Season,Hiroshima Toyo Carp,Home,L,5,Yakult Swallows,5,10,2,"0,0,2,1,0,1,0,0,1",24,Hiroshima citizens,,,16000,GAME20010915HCYS0024
2001,2001-09-15,Reg Season,Yokohama BayStars,Away,L,1,Hanshin Tigers,1,4,1,"1,0,0,0,0",23,Hanshin Koshien Stadium,,,23000,GAME20010915HTDB0023
2001,2001-09-15,Reg Season,Hanshin Tigers,Home,W,3,Yokohama BayStars,3,6,0,"0,1,1,0,1x",23,Hanshin Koshien Stadium,,,23000,GAME20010915HTDB0023
2001,2001-09-15,Reg Season,Chiba Lotte Marines,Away,L,4,Nippon-Ham Fighters,4,8,0,"0,1,0,1,0,0,0,2,0",24,Tokyo Dome,,,21000,GAME20010915NFLM0024
2001,2001-09-15,Reg Season,Nippon-Ham Fighters,Home,W,6,Chiba Lotte Marines,6,12,0,"0,0,1,0,0,4,1,0,x",24,Tokyo Dome,,,21000,GAME20010915NFLM0024
2001,2001-09-15,Reg Season,Fukuoka Daiei Hawks,Away,L,8,Seibu Lions,8,10,0,"2,1,1,0,0,0,0,1,3",26,Belluna Dome,,,50000,GAME20010915SLSH0026
2001,2001-09-15,Reg Season,Seibu Lions,Home,W,11,Fukuoka Daiei Hawks,11,12,0,"5,0,2,0,2,0,0,2,x",26,Belluna Dome,,,50000,GAME20010915SLSH0026
2001,2001-09-16,Reg Season,Yomiuri Giants,Away,W,9,Chunichi Dragons,9,14,1,"0,0,0,0,3,0,5,0,1",28,Vantelin Dome Nagoya,,,40500,GAME20010916CDYG0028
2001,2001-09-16,Reg Season,Chunichi Dragons,Home,L,3,Yomiuri Giants,3,11,2,"0,1,0,2,0,0,0,0,0",28,Vantelin Dome Nagoya,,,40500,GAME20010916CDYG0028
2001,2001-09-16,Reg Season,Yakult Swallows,Away,W,2,Hiroshima Toyo Carp,2,9,0,"0,1,0,0,0,0,0,0,1",25,Hiroshima citizens,,,15000,GAME20010916HCYS0025
2001,2001-09-16,Reg Season,Hiroshima Toyo Carp,Home,L,0,Yakult Swallows,0,3,1,"0,0,0,0,0,0,0,0,0",25,Hiroshima citizens,,,15000,GAME20010916HCYS0025
2001,2001-09-16,Reg Season,Yokohama BayStars,Away,W,10,Hanshin Tigers,10,16,1,"0,1,3,3,1,0,0,2,0",24,Hanshin Koshien Stadium,,,23000,GAME20010916HTDB0024
2001,2001-09-16,Reg Season,Hanshin Tigers,Home,L,4,Yokohama BayStars,4,11,2,"1,0,0,3,0,0,0,0,0",24,Hanshin Koshien Stadium,,,23000,GAME20010916HTDB0024
2001,2001-09-16,Reg Season,Chiba Lotte Marines,Away,W,5,Nippon-Ham Fighters,5,6,1,"0,0,0,1,0,1,0,3,0",25,Tokyo Dome,,,20000,GAME20010916NFLM0025
2001,2001-09-16,Reg Season,Nippon-Ham Fighters,Home,L,2,Chiba Lotte Marines,2,3,0,"1,1,0,0,0,0,0,0,0",25,Tokyo Dome,,,20000,GAME20010916NFLM0025
2001,2001-09-16,Reg Season,Osaka Kintetsu Buffaloes,Away,W,5,Orix Bluewave,5,12,0,"1,0,2,0,1,0,0,0,1",25,Kobe Athletic Park Baseball Field,,,28000,GAME20010916OBKI0025
2001,2001-09-16,Reg Season,Orix Bluewave,Home,L,4,Osaka Kintetsu Buffaloes,4,9,0,"0,0,0,2,0,0,0,0,2",25,Kobe Athletic Park Baseball Field,,,28000,GAME20010916OBKI0025
2001,2001-09-16,Reg Season,Fukuoka Daiei Hawks,Away,W,6,Seibu Lions,6,11,0,"0,0,0,0,0,3,0,2,1",27,Belluna Dome,,,49000,GAME20010916SLSH0027
2001,2001-09-16,Reg Season,Seibu Lions,Home,L,1,Fukuoka Daiei Hawks,1,5,0,"0,0,0,0,0,0,1,0,0",27,Belluna Dome,,,49000,GAME20010916SLSH0027
2001,2001-09-17,Reg Season,Seibu Lions,Away,L,1,Osaka Kintetsu Buffaloes,1,8,0,"1,0,0,0,0,0,0,0,0",25,Kyocera Dome Osaka,,,46000,GAME20010917KISL0025
2001,2001-09-17,Reg Season,Osaka Kintetsu Buffaloes,Home,W,2,Seibu Lions,2,6,0,"1,0,0,0,1,0,0,0,x",25,Kyocera Dome Osaka,,,46000,GAME20010917KISL0025
2001,2001-09-17,Reg Season,Orix Bluewave,Away,W,8,Chiba Lotte Marines,8,13,0,"0,2,0,1,1,0,0,0,4",23,ZOZO Marine Stadium,,,11000,GAME20010917LMOB0023
2001,2001-09-17,Reg Season,Chiba Lotte Marines,Home,L,2,Orix Bluewave,2,8,0,"0,0,2,0,0,0,0,0,0",23,ZOZO Marine Stadium,,,11000,GAME20010917LMOB0023
2001,2001-09-17,Reg Season,Nippon-Ham Fighters,Away,W,6,Fukuoka Daiei Hawks,6,15,1,"0,0,3,2,0,0,0,0,1",25,Mizuho PayPay Dome Fukuoka,,,47000,GAME20010917SHNF0025
2001,2001-09-17,Reg Season,Fukuoka Daiei Hawks,Home,L,3,Nippon-Ham Fighters,3,10,0,"1,0,1,0,1,0,0,0,0",25,Mizuho PayPay Dome Fukuoka,,,47000,GAME20010917SHNF0025
2001,2001-09-18,Reg Season,Chunichi Dragons,Away,T,3,Hiroshima Toyo Carp,3,11,1,"0,0,1,0,2,0,0,0,0,0,0,0",24,Hiroshima citizens,,,8000,GAME20010918HCCD0024
2001,2001-09-18,Reg Season,Hiroshima Toyo Carp,Home,T,3,Chunichi Dragons,3,13,1,"0,0,0,0,1,2,0,0,0,0,0,0",24,Hiroshima citizens,,,8000,GAME20010918HCCD0024
2001,2001-09-18,Reg Season,Seibu Lions,Away,L,0,Osaka Kintetsu Buffaloes,0,2,0,"0,0,0,0,0,0,0,0,0",26,Kyocera Dome Osaka,,,26000,GAME20010918KISL0026
2001,2001-09-18,Reg Season,Osaka Kintetsu Buffaloes,Home,W,5,Seibu Lions,5,7,1,"0,2,2,0,1,0,0,0,x",26,Kyocera Dome Osaka,,,26000,GAME20010918KISL0026
2001,2001-09-18,Reg Season,Orix Bluewave,Away,L,1,Chiba Lotte Marines,1,6,1,"0,0,0,0,0,0,0,1,0,0",24,ZOZO Marine Stadium,,,9000,GAME20010918LMOB0024
2001,2001-09-18,Reg Season,Chiba Lotte Marines,Home,W,2,Orix Bluewave,2,7,1,"0,0,1,0,0,0,0,0,0,1x",24,ZOZO Marine Stadium,,,9000,GAME20010918LMOB0024
2001,2001-09-18,Reg Season,Nippon-Ham Fighters,Away,L,1,Fukuoka Daiei Hawks,1,9,1,"0,0,1,0,0,0,0,0,0",26,Mizuho PayPay Dome Fukuoka,,,47000,GAME20010918SHNF0026
2001,2001-09-18,Reg Season,Fukuoka Daiei Hawks,Home,W,8,Nippon-Ham Fighters,8,16,1,"0,0,1,0,4,1,0,2,x",26,Mizuho PayPay Dome Fukuoka,,,47000,GAME20010918SHNF0026
2001,2001-09-18,Reg Season,Hanshin Tigers,Away,L,4,Yomiuri Giants,4,9,0,"2,1,0,0,0,1,0,0,0",25,Tokyo Dome,,,55000,GAME20010918YGHT0025
2001,2001-09-18,Reg Season,Yomiuri Giants,Home,W,8,Hanshin Tigers,8,12,1,"0,1,0,5,1,0,0,1,x",25,Tokyo Dome,,,55000,GAME20010918YGHT0025
2001,2001-09-18,Reg Season,Yokohama BayStars,Away,L,1,Yakult Swallows,1,6,0,"0,0,0,0,0,1,0,0,0",23,Meiji Jingu Stadium,,,20000,GAME20010918YSDB0023
2001,2001-09-18,Reg Season,Yakult Swallows,Home,W,5,Yokohama BayStars,5,9,0,"0,2,0,0,2,1,0,0,x",23,Meiji Jingu Stadium,,,20000,GAME20010918YSDB0023
2001,2001-09-19,Reg Season,Chunichi Dragons,Away,L,1,Hiroshima Toyo Carp,1,2,0,"0,0,0,0,0,0,1,0,0",25,Hiroshima citizens,,,8000,GAME20010919HCCD0025
2001,2001-09-19,Reg Season,Hiroshima Toyo Carp,Home,W,4,Chunichi Dragons,4,7,0,"0,0,1,0,3,0,0,0,x",25,Hiroshima citizens,,,8000,GAME20010919HCCD0025
2001,2001-09-19,Reg Season,Seibu Lions,Away,L,5,Osaka Kintetsu Buffaloes,5,10,1,"0,2,1,0,1,0,0,1,0",27,Kyocera Dome Osaka,,,32000,GAME20010919KISL0027
2001,2001-09-19,Reg Season,Osaka Kintetsu Buffaloes,Home,W,6,Seibu Lions,6,11,1,"0,0,0,3,0,0,3,0,x",27,Kyocera Dome Osaka,,,32000,GAME20010919KISL0027
2001,2001-09-19,Reg Season,Orix Bluewave,Away,W,6,Chiba Lotte Marines,6,13,2,"0,1,0,0,1,0,1,3,0",25,ZOZO Marine Stadium,,,10000,GAME20010919LMOB0025
2001,2001-09-19,Reg Season,Chiba Lotte Marines,Home,L,5,Orix Bluewave,5,9,2,"0,1,0,1,0,2,0,1,0",25,ZOZO Marine Stadium,,,10000,GAME20010919LMOB0025
2001,2001-09-19,Reg Season,Nippon-Ham Fighters,Away,L,1,Fukuoka Daiei Hawks,1,6,1,"0,1,0,0,0,0,0,0,0",27,Mizuho PayPay Dome Fukuoka,,,47000,GAME20010919SHNF0027
2001,2001-09-19,Reg Season,Fukuoka Daiei Hawks,Home,W,7,Nippon-Ham Fighters,7,12,0,"0,2,5,0,0,0,0,0,x",27,Mizuho PayPay Dome Fukuoka,,,47000,GAME20010919SHNF0027
2001,2001-09-19,Reg Season,Hanshin Tigers,Away,L,0,Yomiuri Giants,0,5,0,"0,0,0,0,0,0,0,0,0",26,Tokyo Dome,,,55000,GAME20010919YGHT0026
2001,2001-09-19,Reg Season,Yomiuri Giants,Home,W,4,Hanshin Tigers,4,7,0,"0,0,0,0,0,2,2,0,x",26,Tokyo Dome,,,55000,GAME20010919YGHT0026
2001,2001-09-19,Reg Season,Yokohama BayStars,Away,L,0,Yakult Swallows,0,6,1,"0,0,0,0,0,0,0,0,0",24,Meiji Jingu Stadium,,,20000,GAME20010919YSDB0024
2001,2001-09-19,Reg Season,Yakult Swallows,Home,W,3,Yokohama BayStars,3,5,0,"0,0,0,0,0,0,3,0,x",24,Meiji Jingu Stadium,,,20000,GAME20010919YSDB0024
2001,2001-09-20,Reg Season,Chunichi Dragons,Away,W,10,Hiroshima Toyo Carp,10,13,0,"0,0,3,1,4,0,2,0,0",26,Hiroshima citizens,,,9000,GAME20010920HCCD0026
2001,2001-09-20,Reg Season,Hiroshima Toyo Carp,Home,L,2,Chunichi Dragons,2,10,3,"0,0,0,1,1,0,0,0,0",26,Hiroshima citizens,,,9000,GAME20010920HCCD0026
2001,2001-09-20,Reg Season,Orix Bluewave,Away,W,7,Chiba Lotte Marines,7,9,0,"2,0,1,0,2,0,2,0,0",26,ZOZO Marine Stadium,,,5000,GAME20010920LMOB0026
2001,2001-09-20,Reg Season,Chiba Lotte Marines,Home,L,5,Orix Bluewave,5,7,1,"0,0,1,3,0,0,1,0,0",26,ZOZO Marine Stadium,,,5000,GAME20010920LMOB0026
2001,2001-09-20,Reg Season,Hanshin Tigers,Away,W,2,Yomiuri Giants,2,5,0,"0,0,1,0,0,0,0,0,1",27,Tokyo Dome,,,55000,GAME20010920YGHT0027
2001,2001-09-20,Reg Season,Yomiuri Giants,Home,L,1,Hanshin Tigers,1,4,0,"0,0,1,0,0,0,0,0,0",27,Tokyo Dome,,,55000,GAME20010920YGHT0027
2001,2001-09-20,Reg Season,Yokohama BayStars,Away,W,4,Yakult Swallows,4,8,0,"0,0,0,1,3,0,0,0,0",25,Meiji Jingu Stadium,,,20000,GAME20010920YSDB0025
2001,2001-09-20,Reg Season,Yakult Swallows,Home,L,2,Yokohama BayStars,2,9,1,"0,1,0,1,0,0,0,0,0",25,Meiji Jingu Stadium,,,20000,GAME20010920YSDB0025
2001,2001-09-22,Reg Season,Hiroshima Toyo Carp,Away,L,3,Yokohama BayStars,3,8,2,"3,0,0,0,0,0,0,0,0",22,Yokohama Stadium,,,24000,GAME20010922DBHC0022
2001,2001-09-22,Reg Season,Yokohama BayStars,Home,W,5,Hiroshima Toyo Carp,5,8,0,"3,0,0,0,0,2,0,0,x",22,Yokohama Stadium,,,24000,GAME20010922DBHC0022
2001,2001-09-22,Reg Season,Chunichi Dragons,Away,W,3,Hanshin Tigers,3,8,1,"2,0,0,0,0,1,0,0,0",24,Hanshin Koshien Stadium,,,20000,GAME20010922HTCD0024
2001,2001-09-22,Reg Season,Hanshin Tigers,Home,L,1,Chunichi Dragons,1,7,0,"0,0,0,0,0,1,0,0,0",24,Hanshin Koshien Stadium,,,20000,GAME20010922HTCD0024
2001,2001-09-22,Reg Season,Yomiuri Giants,Away,W,4,Yakult Swallows,4,8,0,"0,0,2,0,0,0,0,2,0",26,Meiji Jingu Stadium,,,45000,GAME20010922YSYG0026
2001,2001-09-22,Reg Season,Yakult Swallows,Home,L,3,Yomiuri Giants,3,14,1,"0,1,1,0,1,0,0,0,0",26,Meiji Jingu Stadium,,,45000,GAME20010922YSYG0026
2001,2001-09-23,Reg Season,Hiroshima Toyo Carp,Away,L,1,Yokohama BayStars,1,9,3,"0,0,0,0,0,0,0,1,0",23,Yokohama Stadium,,,27000,GAME20010923DBHC0023
2001,2001-09-23,Reg Season,Yokohama BayStars,Home,W,10,Hiroshima Toyo Carp,10,11,0,"3,2,0,1,0,0,0,4,x",23,Yokohama Stadium,,,27000,GAME20010923DBHC0023
2001,2001-09-23,Reg Season,Chunichi Dragons,Away,L,4,Hanshin Tigers,4,14,2,"2,0,2,0,0,0,0,0,0",25,Hanshin Koshien Stadium,,,24000,GAME20010923HTCD0025
2001,2001-09-23,Reg Season,Hanshin Tigers,Home,W,11,Chunichi Dragons,11,15,0,"2,0,1,2,1,0,2,3,x",25,Hanshin Koshien Stadium,,,24000,GAME20010923HTCD0025
2001,2001-09-23,Reg Season,Nippon-Ham Fighters,Away,L,0,Osaka Kintetsu Buffaloes,0,4,0,"0,0,0,0,0,0,0,0,0",28,Kyocera Dome Osaka,,,38000,GAME20010923KINF0028
2001,2001-09-23,Reg Season,Osaka Kintetsu Buffaloes,Home,W,1,Nippon-Ham Fighters,1,4,1,"0,1,0,0,0,0,0,0,x",28,Kyocera Dome Osaka,,,38000,GAME20010923KINF0028
2001,2001-09-23,Reg Season,Orix Bluewave,Away,W,12,Fukuoka Daiei Hawks,12,13,0,"0,1,0,0,5,4,1,1,0",27,Mizuho PayPay Dome Fukuoka,,,48000,GAME20010923SHOB0027
2001,2001-09-23,Reg Season,Fukuoka Daiei Hawks,Home,L,7,Orix Bluewave,7,11,2,"0,0,3,0,0,3,1,0,0",27,Mizuho PayPay Dome Fukuoka,,,48000,GAME20010923SHOB0027
2001,2001-09-23,Reg Season,Chiba Lotte Marines,Away,L,5,Seibu Lions,5,14,0,"0,0,0,0,1,0,1,0,3",28,Belluna Dome,,,37000,GAME20010923SLLM0028
2001,2001-09-23,Reg Season,Seibu Lions,Home,W,7,Chiba Lotte Marines,7,10,0,"0,0,2,0,0,0,0,0,5x",28,Belluna Dome,,,37000,GAME20010923SLLM0028
2001,2001-09-23,Reg Season,Yomiuri Giants,Away,W,8,Yakult Swallows,8,12,0,"0,1,0,0,0,2,3,2,0",27,Meiji Jingu Stadium,,,45000,GAME20010923YSYG0027
2001,2001-09-23,Reg Season,Yakult Swallows,Home,L,4,Yomiuri Giants,4,7,0,"1,0,3,0,0,0,0,0,0",27,Meiji Jingu Stadium,,,45000,GAME20010923YSYG0027
2001,2001-09-24,Reg Season,Hiroshima Toyo Carp,Away,W,5,Yokohama BayStars,5,11,0,"0,0,0,0,0,0,3,0,0,0,2",24,Yokohama Stadium,,,26000,GAME20010924DBHC0024
2001,2001-09-24,Reg Season,Yokohama BayStars,Home,L,4,Hiroshima Toyo Carp,4,10,1,"3,0,0,0,0,0,0,0,0,0,1",24,Yokohama Stadium,,,26000,GAME20010924DBHC0024
2001,2001-09-24,Reg Season,Chunichi Dragons,Away,L,1,Hanshin Tigers,1,5,0,"0,1,0,0,0,0,0,0,0",26,Hanshin Koshien Stadium,,,20000,GAME20010924HTCD0026
2001,2001-09-24,Reg Season,Hanshin Tigers,Home,W,3,Chunichi Dragons,3,7,1,"1,0,0,0,2,0,0,0,x",26,Hanshin Koshien Stadium,,,20000,GAME20010924HTCD0026
2001,2001-09-24,Reg Season,Seibu Lions,Away,L,6,Osaka Kintetsu Buffaloes,6,11,0,"0,0,3,0,1,0,0,1,1",28,Kyocera Dome Osaka,,,48000,GAME20010924KISL0028
2001,2001-09-24,Reg Season,Osaka Kintetsu Buffaloes,Home,W,7,Seibu Lions,7,8,0,"0,0,0,2,1,1,0,0,3x",28,Kyocera Dome Osaka,,,48000,GAME20010924KISL0028
2001,2001-09-24,Reg Season,Fukuoka Daiei Hawks,Away,L,1,Chiba Lotte Marines,1,4,1,"0,0,0,0,0,0,0,0,1",27,ZOZO Marine Stadium,,,29000,GAME20010924LMSH0027
2001,2001-09-24,Reg Season,Chiba Lotte Marines,Home,W,8,Fukuoka Daiei Hawks,8,16,0,"0,3,0,0,1,1,3,0,x",27,ZOZO Marine Stadium,,,29000,GAME20010924LMSH0027
2001,2001-09-24,Reg Season,Orix Bluewave,Away,W,3,Nippon-Ham Fighters,3,8,0,"2,0,0,0,1,0,0,0,0",28,Tokyo Dome,,,14000,GAME20010924NFOB0028
2001,2001-09-24,Reg Season,Nippon-Ham Fighters,Home,L,0,Orix Bluewave,0,6,1,"0,0,0,0,0,0,0,0,0",28,Tokyo Dome,,,14000,GAME20010924NFOB0028
2001,2001-09-24,Reg Season,Yomiuri Giants,Away,W,3,Yakult Swallows,3,7,0,"0,0,0,0,0,0,0,2,1",28,Meiji Jingu Stadium,,,45000,GAME20010924YSYG0028
2001,2001-09-24,Reg Season,Yakult Swallows,Home,L,2,Yomiuri Giants,2,11,0,"0,1,0,0,1,0,0,0,0",28,Meiji Jingu Stadium,,,45000,GAME20010924YSYG0028
2001,2001-09-25,Reg Season,Yakult Swallows,Away,W,9,Chunichi Dragons,9,12,0,"1,0,0,0,0,0,5,0,3",25,Vantelin Dome Nagoya,,,28500,GAME20010925CDYS0025
2001,2001-09-25,Reg Season,Chunichi Dragons,Home,L,2,Yakult Swallows,2,5,0,"1,0,0,0,0,0,0,1,0",25,Vantelin Dome Nagoya,,,28500,GAME20010925CDYS0025
2001,2001-09-25,Reg Season,Hanshin Tigers,Away,L,0,Yokohama BayStars,0,4,1,"0,0,0,0,0,0,0,0,0",25,Yokohama Stadium,,,18000,GAME20010925DBHT0025
2001,2001-09-25,Reg Season,Yokohama BayStars,Home,W,6,Hanshin Tigers,6,11,1,"0,0,0,1,0,1,0,4,x",25,Yokohama Stadium,,,18000,GAME20010925DBHT0025
2001,2001-09-25,Reg Season,Fukuoka Daiei Hawks,Away,W,10,Chiba Lotte Marines,10,13,0,"0,0,1,0,0,4,0,0,0,5",28,ZOZO Marine Stadium,,,8000,GAME20010925LMSH0028
2001,2001-09-25,Reg Season,Chiba Lotte Marines,Home,L,8,Fukuoka Daiei Hawks,8,15,1,"0,0,3,0,1,1,0,0,0,3",28,ZOZO Marine Stadium,,,8000,GAME20010925LMSH0028
2001,2001-09-25,Reg Season,Hiroshima Toyo Carp,Away,L,1,Yomiuri Giants,1,8,1,"0,0,0,0,0,1,0,0,0",26,Tokyo Dome,,,55000,GAME20010925YGHC0026
2001,2001-09-25,Reg Season,Yomiuri Giants,Home,W,2,Hiroshima Toyo Carp,2,6,0,"0,0,0,0,0,2,0,0,x",26,Tokyo Dome,,,55000,GAME20010925YGHC0026
2001,2001-09-26,Reg Season,Yakult Swallows,Away,W,8,Chunichi Dragons,8,11,0,"1,0,0,1,0,3,0,0,3",26,Vantelin Dome Nagoya,,,28500,GAME20010926CDYS0026
2001,2001-09-26,Reg Season,Chunichi Dragons,Home,L,1,Yakult Swallows,1,5,0,"0,0,0,0,0,0,1,0,0",26,Vantelin Dome Nagoya,,,28500,GAME20010926CDYS0026
2001,2001-09-26,Reg Season,Hanshin Tigers,Away,L,1,Yokohama BayStars,1,13,1,"0,0,0,0,0,1,0,0,0",26,Yokohama Stadium,,,18000,GAME20010926DBHT0026
2001,2001-09-26,Reg Season,Yokohama BayStars,Home,W,2,Hanshin Tigers,2,4,0,"0,0,0,0,0,0,0,1,1x",26,Yokohama Stadium,,,18000,GAME20010926DBHT0026
2001,2001-09-26,Reg Season,Orix Bluewave,Away,L,5,Osaka Kintetsu Buffaloes,5,8,0,"0,0,0,3,1,0,0,0,1",26,Kyocera Dome Osaka,,,48000,GAME20010926KIOB0026
2001,2001-09-26,Reg Season,Osaka Kintetsu Buffaloes,Home,W,6,Orix Bluewave,6,11,2,"1,0,0,0,0,0,1,0,4x",26,Kyocera Dome Osaka,,,48000,GAME20010926KIOB0026
2001,2001-09-26,Reg Season,Nippon-Ham Fighters,Away,W,2,Chiba Lotte Marines,2,6,0,"0,1,0,0,0,0,0,0,1",26,ZOZO Marine Stadium,,,7000,GAME20010926LMNF0026
2001,2001-09-26,Reg Season,Chiba Lotte Marines,Home,L,1,Nippon-Ham Fighters,1,6,1,"0,1,0,0,0,0,0,0,0",26,ZOZO Marine Stadium,,,7000,GAME20010926LMNF0026
2001,2001-09-26,Reg Season,Seibu Lions,Away,L,0,Fukuoka Daiei Hawks,0,7,0,"0,0,0,0,0,0,0,0,0",28,Mizuho PayPay Dome Fukuoka,,,48000,GAME20010926SHSL0028
2001,2001-09-26,Reg Season,Fukuoka Daiei Hawks,Home,W,9,Seibu Lions,9,14,0,"4,0,0,0,2,0,3,0,x",28,Mizuho PayPay Dome Fukuoka,,,48000,GAME20010926SHSL0028
2001,2001-09-26,Reg Season,Hiroshima Toyo Carp,Away,W,8,Yomiuri Giants,8,14,0,"1,0,0,0,0,3,3,1,0",27,Tokyo Dome,,,55000,GAME20010926YGHC0027
2001,2001-09-26,Reg Season,Yomiuri Giants,Home,L,4,Hiroshima Toyo Carp,4,12,0,"0,0,1,0,0,1,0,0,2",27,Tokyo Dome,,,55000,GAME20010926YGHC0027
2001,2001-09-27,Reg Season,Yakult Swallows,Away,W,3,Chunichi Dragons,3,10,1,"1,1,0,1,0,0,0,0,0",27,Vantelin Dome Nagoya,,,29000,GAME20010927CDYS0027
2001,2001-09-27,Reg Season,Chunichi Dragons,Home,L,2,Yakult Swallows,2,10,0,"0,0,0,1,0,0,0,1,0",27,Vantelin Dome Nagoya,,,29000,GAME20010927CDYS0027
2001,2001-09-27,Reg Season,Hanshin Tigers,Away,T,3,Yokohama BayStars,3,10,1,"2,0,0,0,0,1,0,0,0,0,0,0",27,Yokohama Stadium,,,16000,GAME20010927DBHT0027
2001,2001-09-27,Reg Season,Yokohama BayStars,Home,T,3,Hanshin Tigers,3,15,1,"0,0,0,0,0,1,1,0,1,0,0,0",27,Yokohama Stadium,,,16000,GAME20010927DBHT0027
2001,2001-09-27,Reg Season,Nippon-Ham Fighters,Away,L,4,Chiba Lotte Marines,4,7,0,"1,3,0,0,0,0,0,0,0",27,ZOZO Marine Stadium,,,5000,GAME20010927LMNF0027
2001,2001-09-27,Reg Season,Chiba Lotte Marines,Home,W,9,Nippon-Ham Fighters,9,15,1,"0,0,0,1,6,0,0,2,x",27,ZOZO Marine Stadium,,,5000,GAME20010927LMNF0027
2001,2001-09-27,Reg Season,Hiroshima Toyo Carp,Away,W,11,Yomiuri Giants,11,17,1,"8,1,1,0,0,0,0,1,0",28,Tokyo Dome,,,55000,GAME20010927YGHC0028
2001,2001-09-27,Reg Season,Yomiuri Giants,Home,L,10,Hiroshima Toyo Carp,10,14,1,"2,0,1,2,1,0,2,0,2",28,Tokyo Dome,,,55000,GAME20010927YGHC0028
2001,2001-09-28,Reg Season,Yakult Swallows,Away,W,6,Chunichi Dragons,6,10,0,"1,1,0,1,3,0,0,0,0",28,Vantelin Dome Nagoya,,,8000,GAME20010928CDYS0028
2001,2001-09-28,Reg Season,Chunichi Dragons,Home,L,3,Yakult Swallows,3,11,2,"0,0,0,0,0,1,0,2,0",28,Vantelin Dome Nagoya,,,8000,GAME20010928CDYS0028
2001,2001-09-28,Reg Season,Hiroshima Toyo Carp,Away,L,0,Yokohama BayStars,0,9,0,"0,0,0,0,0,0,0,0,0",25,Yokohama Stadium,,,10000,GAME20010928DBHC0025
2001,2001-09-28,Reg Season,Yokohama BayStars,Home,W,1,Hiroshima Toyo Carp,1,1,2,"0,1,0,0,0,0,0,0,x",25,Yokohama Stadium,,,10000,GAME20010928DBHC0025
2001,2001-09-29,Reg Season,Hanshin Tigers,Away,W,4,Chunichi Dragons,4,11,0,"1,0,0,0,0,0,3,0,0",27,Vantelin Dome Nagoya,,,13000,GAME20010929CDHT0027
2001,2001-09-29,Reg Season,Chunichi Dragons,Home,L,1,Hanshin Tigers,1,7,1,"0,0,0,0,0,0,1,0,0",27,Vantelin Dome Nagoya,,,13000,GAME20010929CDHT0027
2001,2001-09-29,Reg Season,Hiroshima Toyo Carp,Away,W,6,Yokohama BayStars,6,11,1,"0,2,1,0,3,0,0,0,0",26,Yokohama Stadium,,,15000,GAME20010929DBHC0026
2001,2001-09-29,Reg Season,Yokohama BayStars,Home,L,5,Hiroshima Toyo Carp,5,9,1,"0,1,0,0,2,1,0,1,0",26,Yokohama Stadium,,,15000,GAME20010929DBHC0026
2001,2001-09-29,Reg Season,Osaka Kintetsu Buffaloes,Away,W,9,Chiba Lotte Marines,9,13,0,"0,0,0,0,4,1,1,0,3",28,ZOZO Marine Stadium,,,28000,GAME20010929LMKI0028
2001,2001-09-29,Reg Season,Chiba Lotte Marines,Home,L,7,Osaka Kintetsu Buffaloes,7,7,1,"4,0,0,0,0,0,3,0,0",28,ZOZO Marine Stadium,,,28000,GAME20010929LMKI0028
2001,2001-09-29,Reg Season,Fukuoka Daiei Hawks,Away,W,5,Nippon-Ham Fighters,5,11,0,"0,0,0,1,0,2,0,1,1",28,Tokyo Dome,,,19000,GAME20010929NFSH0028
2001,2001-09-29,Reg Season,Nippon-Ham Fighters,Home,L,4,Fukuoka Daiei Hawks,4,10,0,"0,0,0,0,2,1,0,1,0",28,Tokyo Dome,,,19000,GAME20010929NFSH0028
2001,2001-09-29,Reg Season,Seibu Lions,Away,L,2,Orix Bluewave,2,3,0,"0,0,1,1,0,0,0,0,0",28,Kobe Athletic Park Baseball Field,,,10000,GAME20010929OBSL0028
2001,2001-09-29,Reg Season,Orix Bluewave,Home,W,8,Seibu Lions,8,14,0,"1,3,0,1,3,0,0,0,x",28,Kobe Athletic Park Baseball Field,,,10000,GAME20010929OBSL0028
2001,2001-09-30,Reg Season,Hanshin Tigers,Away,L,2,Chunichi Dragons,2,5,0,"0,0,0,0,0,0,0,0,2",28,Vantelin Dome Nagoya,,,14000,GAME20010930CDHT0028
2001,2001-09-30,Reg Season,Chunichi Dragons,Home,W,3,Hanshin Tigers,3,4,0,"0,0,0,0,1,0,2,0,x",28,Vantelin Dome Nagoya,,,14000,GAME20010930CDHT0028
2001,2001-09-30,Reg Season,Chiba Lotte Marines,Away,L,6,Orix Bluewave,6,7,0,"2,0,0,0,0,0,0,4,0",27,Kobe Athletic Park Baseball Field,,,8000,GAME20010930OBLM0027
2001,2001-09-30,Reg Season,Orix Bluewave,Home,W,7,Chiba Lotte Marines,7,13,0,"0,0,0,0,3,0,0,0,4x",27,Kobe Athletic Park Baseball Field,,,8000,GAME20010930OBLM0027
2001,2001-09-30,Reg Season,Osaka Kintetsu Buffaloes,Away,L,4,Fukuoka Daiei Hawks,4,7,2,"2,0,1,1,0,0,0,0,0",28,Mizuho PayPay Dome Fukuoka,,,48000,GAME20010930SHKI0028
2001,2001-09-30,Reg Season,Fukuoka Daiei Hawks,Home,W,12,Osaka Kintetsu Buffaloes,12,15,0,"0,0,0,0,0,0,4,8,x",28,Mizuho PayPay Dome Fukuoka,,,48000,GAME20010930SHKI0028
2001,2001-09-30,Reg Season,Nippon-Ham Fighters,Away,W,6,Seibu Lions,6,9,1,"1,1,1,0,0,0,0,0,2,1",27,Belluna Dome,,,30000,GAME20010930SLNF0027
2001,2001-09-30,Reg Season,Seibu Lions,Home,L,5,Nippon-Ham Fighters,5,7,0,"0,1,0,2,0,0,0,0,2,0",27,Belluna Dome,,,30000,GAME20010930SLNF0027
2001,2001-09-30,Reg Season,Yokohama BayStars,Away,W,9,Yomiuri Giants,9,13,1,"0,2,0,1,1,1,0,4,0",28,Tokyo Dome,,,55000,GAME20010930YGDB0028
2001,2001-09-30,Reg Season,Yomiuri Giants,Home,L,4,Yokohama BayStars,4,8,0,"3,0,0,0,0,0,0,1,0",28,Tokyo Dome,,,55000,GAME20010930YGDB0028
2001,2001-10-01,Reg Season,Yakult Swallows,Away,L,1,Hiroshima Toyo Carp,1,12,0,"0,0,0,0,0,0,1,0,0",26,Hiroshima citizens,,,7000,GAME20011001HCYS0026
2001,2001-10-01,Reg Season,Hiroshima Toyo Carp,Home,W,3,Yakult Swallows,3,8,0,"0,0,1,0,0,2,0,0,x",26,Hiroshima citizens,,,7000,GAME20011001HCYS0026
2001,2001-10-01,Reg Season,Yomiuri Giants,Away,L,0,Hanshin Tigers,0,9,0,"0,0,0,0,0,0,0,0,0",28,Hanshin Koshien Stadium,,,50000,GAME20011001HTYG0028
2001,2001-10-01,Reg Season,Hanshin Tigers,Home,W,5,Yomiuri Giants,5,10,0,"0,0,1,0,4,0,0,0,x",28,Hanshin Koshien Stadium,,,50000,GAME20011001HTYG0028
2001,2001-10-01,Reg Season,Chiba Lotte Marines,Away,L,4,Orix Bluewave,4,13,4,"0,1,0,0,0,2,0,0,1",28,Kobe Athletic Park Baseball Field,,,8000,GAME20011001OBLM0028
2001,2001-10-01,Reg Season,Orix Bluewave,Home,W,13,Chiba Lotte Marines,13,13,0,"3,0,0,2,4,4,0,0,x",28,Kobe Athletic Park Baseball Field,,,8000,GAME20011001OBLM0028
2001,2001-10-01,Reg Season,Nippon-Ham Fighters,Away,W,5,Seibu Lions,5,8,0,"0,2,0,0,1,0,0,2,0",28,Belluna Dome,,,31000,GAME20011001SLNF0028
2001,2001-10-01,Reg Season,Seibu Lions,Home,L,2,Nippon-Ham Fighters,2,5,0,"0,0,0,0,0,0,1,0,1",28,Belluna Dome,,,31000,GAME20011001SLNF0028
2001,2001-10-02,Reg Season,Yokohama BayStars,Away,W,4,Chunichi Dragons,4,7,0,"0,0,0,2,2,0,0,0,0",26,Vantelin Dome Nagoya,,,30000,GAME20011002CDDB0026
2001,2001-10-02,Reg Season,Chunichi Dragons,Home,L,1,Yokohama BayStars,1,5,0,"0,0,0,0,0,0,1,0,0",26,Vantelin Dome Nagoya,,,30000,GAME20011002CDDB0026
2001,2001-10-02,Reg Season,Yakult Swallows,Away,L,1,Hanshin Tigers,1,9,1,"0,0,1,0,0,0,0,0,0,0,0,0",26,Hanshin Koshien Stadium,,,20000,GAME20011002HTYS0026
2001,2001-10-02,Reg Season,Hanshin Tigers,Home,W,2,Yakult Swallows,2,12,1,"0,0,0,0,0,0,1,0,0,0,0,1x",26,Hanshin Koshien Stadium,,,20000,GAME20011002HTYS0026
2001,2001-10-02,Reg Season,Orix Bluewave,Away,L,3,Osaka Kintetsu Buffaloes,3,8,0,"0,0,0,1,0,2,0,0,0",27,Kyocera Dome Osaka,,,34000,GAME20011002KIOB0027
2001,2001-10-02,Reg Season,Osaka Kintetsu Buffaloes,Home,W,4,Orix Bluewave,4,8,0,"4,0,0,0,0,0,0,0,x",27,Kyocera Dome Osaka,,,34000,GAME20011002KIOB0027
2001,2001-10-02,Reg Season,Nippon-Ham Fighters,Away,L,5,Chiba Lotte Marines,5,14,0,"0,0,0,0,0,2,1,0,2,0,0",28,ZOZO Marine Stadium,,,21000,GAME20011002LMNF0028
2001,2001-10-02,Reg Season,Chiba Lotte Marines,Home,W,6,Nippon-Ham Fighters,6,13,1,"1,0,2,0,0,1,0,0,1,0,1x",28,ZOZO Marine Stadium,,,21000,GAME20011002LMNF0028
2001,2001-10-03,Reg Season,Yokohama BayStars,Away,L,4,Hiroshima Toyo Carp,4,11,0,"0,2,0,0,1,0,0,1,0",27,Hiroshima citizens,,,7000,GAME20011003HCDB0027
2001,2001-10-03,Reg Season,Hiroshima Toyo Carp,Home,W,5,Yokohama BayStars,5,8,2,"0,0,3,0,0,0,2,0,x",27,Hiroshima citizens,,,7000,GAME20011003HCDB0027
2001,2001-10-03,Reg Season,Fukuoka Daiei Hawks,Away,W,7,Orix Bluewave,7,10,0,"0,0,0,0,0,3,1,3,0",28,Kobe Athletic Park Baseball Field,,,8000,GAME20011003OBSH0028
2001,2001-10-03,Reg Season,Orix Bluewave,Home,L,5,Fukuoka Daiei Hawks,5,8,0,"0,2,0,0,3,0,0,0,0",28,Kobe Athletic Park Baseball Field,,,8000,GAME20011003OBSH0028
2001,2001-10-03,Reg Season,Hanshin Tigers,Away,W,4,Yakult Swallows,4,8,0,"1,0,1,0,0,0,0,0,2",27,Meiji Jingu Stadium,,,45000,GAME20011003YSHT0027
2001,2001-10-03,Reg Season,Yakult Swallows,Home,L,0,Hanshin Tigers,0,7,0,"0,0,0,0,0,0,0,0,0",27,Meiji Jingu Stadium,,,45000,GAME20011003YSHT0027
2001,2001-10-04,Reg Season,Yokohama BayStars,Away,W,8,Hiroshima Toyo Carp,8,11,2,"4,0,0,2,0,0,2,0,0",28,Hiroshima citizens,,,7000,GAME20011004HCDB0028
2001,2001-10-04,Reg Season,Hiroshima Toyo Carp,Home,L,6,Yokohama BayStars,6,11,2,"2,2,1,1,0,0,0,0,0",28,Hiroshima citizens,,,7000,GAME20011004HCDB0028
2001,2001-10-04,Reg Season,Hanshin Tigers,Away,T,4,Yakult Swallows,4,9,0,"0,0,1,3,0,0,0,0,0,0,0,0",28,Meiji Jingu Stadium,,,43000,GAME20011004YSHT0028
2001,2001-10-04,Reg Season,Yakult Swallows,Home,T,4,Hanshin Tigers,4,11,0,"3,0,0,0,1,0,0,0,0,0,0,0",28,Meiji Jingu Stadium,,,43000,GAME20011004YSHT0028
2001,2001-10-05,Reg Season,Hanshin Tigers,Away,L,1,Yokohama BayStars,1,6,2,"0,0,0,0,0,0,0,1,0",28,Yokohama Stadium,,,12000,GAME20011005DBHT0028
2001,2001-10-05,Reg Season,Yokohama BayStars,Home,W,4,Hanshin Tigers,4,12,1,"0,0,0,0,0,0,2,2,x",28,Yokohama Stadium,,,12000,GAME20011005DBHT0028
2001,2001-10-05,Reg Season,Chunichi Dragons,Away,L,2,Hiroshima Toyo Carp,2,7,0,"0,0,0,0,0,0,0,0,2",27,Hiroshima citizens,,,7000,GAME20011005HCCD0027
2001,2001-10-05,Reg Season,Hiroshima Toyo Carp,Home,W,5,Chunichi Dragons,5,8,3,"0,0,3,2,0,0,0,0,x",27,Hiroshima citizens,,,7000,GAME20011005HCCD0027
2001,2001-10-05,Reg Season,Osaka Kintetsu Buffaloes,Away,L,1,Orix Bluewave,1,4,1,"0,0,0,0,0,0,1,0,0",28,Kobe Athletic Park Baseball Field,,,33000,GAME20011005OBKI0028
2001,2001-10-05,Reg Season,Orix Bluewave,Home,W,7,Osaka Kintetsu Buffaloes,7,11,1,"3,0,3,0,0,1,0,0,x",28,Kobe Athletic Park Baseball Field,,,33000,GAME20011005OBKI0028
2001,2001-10-06,Reg Season,Yakult Swallows,Away,W,6,Yokohama BayStars,6,10,0,"1,0,0,0,0,0,0,3,0,2",26,Yokohama Stadium,,,28000,GAME20011006DBYS0026
2001,2001-10-06,Reg Season,Yokohama BayStars,Home,L,4,Yakult Swallows,4,8,0,"1,3,0,0,0,0,0,0,0,0",26,Yokohama Stadium,,,28000,GAME20011006DBYS0026
2001,2001-10-06,Reg Season,Chunichi Dragons,Away,W,5,Hiroshima Toyo Carp,5,11,1,"0,2,0,0,0,1,0,0,0,0,2",28,Hiroshima citizens,,,8000,GAME20011006HCCD0028
2001,2001-10-06,Reg Season,Hiroshima Toyo Carp,Home,L,4,Chunichi Dragons,4,7,1,"0,0,0,1,0,2,0,0,0,0,1",28,Hiroshima citizens,,,8000,GAME20011006HCCD0028
2001,2001-10-07,Reg Season,Yakult Swallows,Away,L,2,Yokohama BayStars,2,8,0,"0,0,0,0,0,0,2,0,0",27,Yokohama Stadium,,,18000,GAME20011007DBYS0027
2001,2001-10-07,Reg Season,Yokohama BayStars,Home,W,7,Yakult Swallows,7,11,0,"3,0,3,0,0,0,1,0,x",27,Yokohama Stadium,,,18000,GAME20011007DBYS0027
2001,2001-10-07,Reg Season,Hanshin Tigers,Away,L,3,Hiroshima Toyo Carp,3,9,0,"0,1,1,0,0,0,1,0,0",27,Hiroshima citizens,,,12000,GAME20011007HCHT0027
2001,2001-10-07,Reg Season,Hiroshima Toyo Carp,Home,W,6,Hanshin Tigers,6,11,0,"3,1,0,2,0,0,0,0,x",27,Hiroshima citizens,,,12000,GAME20011007HCHT0027
2001,2001-10-08,Reg Season,Yakult Swallows,Away,L,3,Yokohama BayStars,3,6,1,"0,1,0,0,0,1,1,0,0",28,Yokohama Stadium,,,14000,GAME20011008DBYS0028
2001,2001-10-08,Reg Season,Yokohama BayStars,Home,W,4,Yakult Swallows,4,10,1,"4,0,0,0,0,0,0,0,x",28,Yokohama Stadium,,,14000,GAME20011008DBYS0028
2001,2001-10-08,Reg Season,Hanshin Tigers,Away,L,1,Hiroshima Toyo Carp,1,8,0,"0,0,0,0,0,0,0,1,0",28,Hiroshima citizens,,,16000,GAME20011008HCHT0028
2001,2001-10-08,Reg Season,Hiroshima Toyo Carp,Home,W,7,Hanshin Tigers,7,12,0,"0,0,3,2,2,0,0,0,x",28,Hiroshima citizens,,,16000,GAME20011008HCHT0028
2001,2001-10-09,Reg Season,Chunichi Dragons,Away,L,2,Yokohama BayStars,2,5,0,"0,0,0,0,0,0,0,0,2",27,Yokohama Stadium,,,10000,GAME20011009DBCD0027
2001,2001-10-09,Reg Season,Yokohama BayStars,Home,W,5,Chunichi Dragons,5,8,0,"3,0,1,1,0,0,0,0,x",27,Yokohama Stadium,,,10000,GAME20011009DBCD0027
2001,2001-10-11,Reg Season,Chunichi Dragons,Away,W,6,Yokohama BayStars,6,12,2,"0,3,0,0,0,0,0,3,0",28,Yokohama Stadium,,,20000,GAME20011011DBCD0028
2001,2001-10-11,Reg Season,Yokohama BayStars,Home,L,2,Chunichi Dragons,2,8,0,"0,0,0,0,0,1,0,0,1",28,Yokohama Stadium,,,20000,GAME20011011DBCD0028
2001,2001-10-11,Reg Season,Hiroshima Toyo Carp,Away,W,13,Yakult Swallows,13,21,0,"0,2,3,0,2,0,1,5,0",27,Meiji Jingu Stadium,,,10000,GAME20011011YSHC0027
2001,2001-10-11,Reg Season,Yakult Swallows,Home,L,5,Hiroshima Toyo Carp,5,6,1,"0,0,1,2,0,0,1,1,0",27,Meiji Jingu Stadium,,,10000,GAME20011011YSHC0027
2001,2001-10-12,Reg Season,Hiroshima Toyo Carp,Away,L,8,Yakult Swallows,8,9,1,"0,0,2,0,0,0,0,2,4",28,Meiji Jingu Stadium,,,20000,GAME20011012YSHC0028
2001,2001-10-12,Reg Season,Yakult Swallows,Home,W,10,Hiroshima Toyo Carp,10,18,0,"0,3,1,0,2,2,0,2,x",28,Meiji Jingu Stadium,,,20000,GAME20011012YSHC0028
