Season,Date,GameType,Team,HomeAway,Result,Score,Other Team,R,H,E,Box Score,Matchup,Ballpark,Game Start,Game Length,Audience,GameID
2005,2005-03-26,Reg Season,Tohoku Rakuten Golden Eagles,Away,W,3,Chiba Lotte Marines,3,8,1,"0,0,2,0,0,0,0,0,1",1,ZOZO Marine Stadium,,02:59,28353,GAME20050326LMRE0002
2005,2005-03-26,Reg Season,Chiba Lotte Marines,Home,L,1,Tohoku Rakuten Golden Eagles,1,5,0,"0,0,0,0,0,0,1,0,0",1,ZOZO Marine Stadium,,02:59,28353,GAME20050326LMRE0002
2005,2005-03-26,Reg Season,Hokkaido Nippon-Ham Fighters,Away,L,1,Fukuoka Softbank Hawks,1,7,0,"0,0,0,0,0,0,1,0,0",1,Mizuho PayPay Dome Fukuoka,,03:01,34717,GAME20050326SHNF0003
2005,2005-03-26,Reg Season,Fukuoka Softbank Hawks,Home,W,3,Hokkaido Nippon-Ham Fighters,3,4,0,"0,0,0,0,0,0,3,0,x",1,Mizuho PayPay Dome Fukuoka,,03:01,34717,GAME20050326SHNF0003
2005,2005-03-26,Reg Season,Orix Buffaloes,Away,L,2,Seibu Lions,2,6,0,"0,0,0,0,0,0,0,1,1",1,Belluna Dome,,03:34,18698,GAME20050326SLOB0001
2005,2005-03-26,Reg Season,Seibu Lions,Home,W,3,Orix Buffaloes,3,8,2,"0,0,0,0,0,0,2,0,1x",1,Belluna Dome,,03:34,18698,GAME20050326SLOB0001
2005,2005-03-27,Reg Season,Tohoku Rakuten Golden Eagles,Away,L,0,Chiba Lotte Marines,0,1,0,"0,0,0,0,0,0,0,0,0",2,ZOZO Marine Stadium,,03:35,24028,GAME20050327LMRE0005
2005,2005-03-27,Reg Season,Chiba Lotte Marines,Home,W,26,Tohoku Rakuten Golden Eagles,26,24,0,"2,11,1,0,1,4,0,7,x",2,ZOZO Marine Stadium,,03:35,24028,GAME20050327LMRE0005
2005,2005-03-27,Reg Season,Hokkaido Nippon-Ham Fighters,Away,L,5,Fukuoka Softbank Hawks,5,11,1,"0,0,1,0,0,0,0,4,0,0,0",2,Mizuho PayPay Dome Fukuoka,,05:08,32343,GAME20050327SHNF0006
2005,2005-03-27,Reg Season,Fukuoka Softbank Hawks,Home,W,6,Hokkaido Nippon-Ham Fighters,6,12,0,"0,0,2,0,1,0,0,0,2,0,1x",2,Mizuho PayPay Dome Fukuoka,,05:08,32343,GAME20050327SHNF0006
2005,2005-03-27,Reg Season,Orix Buffaloes,Away,L,7,Seibu Lions,7,9,1,"0,0,0,0,1,2,4,0,0",2,Belluna Dome,,03:34,12071,GAME20050327SLOB0004
2005,2005-03-27,Reg Season,Seibu Lions,Home,W,11,Orix Buffaloes,11,12,2,"0,0,0,0,1,9,0,1,x",2,Belluna Dome,,03:34,12071,GAME20050327SLOB0004
2005,2005-03-28,Reg Season,Seibu Lions,Away,W,1,Hokkaido Nippon-Ham Fighters,1,7,1,"0,0,0,0,0,1,0,0,0",1,Sapporo Dome,,03:04,25236,GAME20050328NFSL0007
2005,2005-03-28,Reg Season,Hokkaido Nippon-Ham Fighters,Home,L,0,Seibu Lions,0,5,0,"0,0,0,0,0,0,0,0,0",1,Sapporo Dome,,03:04,25236,GAME20050328NFSL0007
2005,2005-03-28,Reg Season,Chiba Lotte Marines,Away,L,2,Orix Buffaloes,2,5,1,"2,0,0,0,0,0,0,0,0",1,Kyocera Dome Osaka,,03:04,22317,GAME20050328OBLM0008
2005,2005-03-28,Reg Season,Orix Buffaloes,Home,W,5,Chiba Lotte Marines,5,11,1,"1,2,0,0,0,0,1,1,x",1,Kyocera Dome Osaka,,03:04,22317,GAME20050328OBLM0008
2005,2005-03-28,Reg Season,Tohoku Rakuten Golden Eagles,Away,L,1,Fukuoka Softbank Hawks,1,6,0,"0,0,0,0,1,0,0,0,0",1,Mizuho PayPay Dome Fukuoka,,03:18,26912,GAME20050328SHRE0009
2005,2005-03-28,Reg Season,Fukuoka Softbank Hawks,Home,W,6,Tohoku Rakuten Golden Eagles,6,10,1,"0,0,0,0,4,1,1,0,x",1,Mizuho PayPay Dome Fukuoka,,03:18,26912,GAME20050328SHRE0009
2005,2005-03-29,Reg Season,Seibu Lions,Away,L,7,Hokkaido Nippon-Ham Fighters,7,15,1,"0,0,0,2,0,0,2,3,0",2,Sapporo Dome,,03:47,22491,GAME20050329NFSL0010
2005,2005-03-29,Reg Season,Hokkaido Nippon-Ham Fighters,Home,W,12,Seibu Lions,12,13,1,"0,0,7,3,1,0,1,0,x",2,Sapporo Dome,,03:47,22491,GAME20050329NFSL0010
2005,2005-03-29,Reg Season,Chiba Lotte Marines,Away,W,4,Orix Buffaloes,4,7,0,"0,1,0,0,0,3,0,0,0",2,Kyocera Dome Osaka,,02:54,12935,GAME20050329OBLM0011
2005,2005-03-29,Reg Season,Orix Buffaloes,Home,L,3,Chiba Lotte Marines,3,3,0,"0,0,0,2,0,0,1,0,0",2,Kyocera Dome Osaka,,02:54,12935,GAME20050329OBLM0011
2005,2005-03-29,Reg Season,Tohoku Rakuten Golden Eagles,Away,L,2,Fukuoka Softbank Hawks,2,5,0,"1,0,0,0,1,0,0,0,0",2,Mizuho PayPay Dome Fukuoka,,02:34,26113,GAME20050329SHRE0012
2005,2005-03-29,Reg Season,Fukuoka Softbank Hawks,Home,W,6,Tohoku Rakuten Golden Eagles,6,10,0,"0,1,0,0,0,5,0,0,x",2,Mizuho PayPay Dome Fukuoka,,02:34,26113,GAME20050329SHRE0012
2005,2005-03-30,Reg Season,Seibu Lions,Away,L,3,Hokkaido Nippon-Ham Fighters,3,9,0,"0,0,0,2,1,0,0,0,0",3,Sapporo Dome,,03:03,13529,GAME20050330NFSL0013
2005,2005-03-30,Reg Season,Hokkaido Nippon-Ham Fighters,Home,W,4,Seibu Lions,4,8,1,"0,1,2,0,0,0,0,0,1x",3,Sapporo Dome,,03:03,13529,GAME20050330NFSL0013
2005,2005-03-30,Reg Season,Chiba Lotte Marines,Away,W,3,Orix Buffaloes,3,6,0,"0,0,0,0,0,0,2,1,0",3,Kyocera Dome Osaka,,02:43,10391,GAME20050330OBLM0014
2005,2005-03-30,Reg Season,Orix Buffaloes,Home,L,2,Chiba Lotte Marines,2,6,0,"0,0,1,0,0,0,0,0,1",3,Kyocera Dome Osaka,,02:43,10391,GAME20050330OBLM0014
2005,2005-03-30,Reg Season,Tohoku Rakuten Golden Eagles,Away,L,0,Fukuoka Softbank Hawks,0,4,1,"0,0,0,0,0,0,0,0,0",3,Mizuho PayPay Dome Fukuoka,,02:53,25528,GAME20050330SHRE0015
2005,2005-03-30,Reg Season,Fukuoka Softbank Hawks,Home,W,8,Tohoku Rakuten Golden Eagles,8,10,0,"0,0,0,1,0,0,7,0,x",3,Mizuho PayPay Dome Fukuoka,,02:53,25528,GAME20050330SHRE0015
2005,2005-04-01,Reg Season,Yokohama BayStars,Away,L,0,Chunichi Dragons,0,6,0,"0,0,0,0,0,0,0,0,0",1,Vantelin Dome Nagoya,,02:44,36200,GAME20050401CDDB0018
2005,2005-04-01,Reg Season,Chunichi Dragons,Home,W,4,Yokohama BayStars,4,4,0,"0,0,0,0,0,0,0,0,4x",1,Vantelin Dome Nagoya,,02:44,36200,GAME20050401CDDB0018
2005,2005-04-01,Reg Season,Yakult Swallows,Away,W,6,Hanshin Tigers,6,9,0,"1,0,0,0,0,2,0,3,0",1,Kyocera Dome Osaka,,02:40,33727,GAME20050401HTYS0019
2005,2005-04-01,Reg Season,Hanshin Tigers,Home,L,1,Yakult Swallows,1,6,1,"0,0,0,1,0,0,0,0,0",1,Kyocera Dome Osaka,,02:40,33727,GAME20050401HTYS0019
2005,2005-04-01,Reg Season,Fukuoka Softbank Hawks,Away,L,0,Chiba Lotte Marines,0,4,1,"0,0,0,0,0,0,0,0,0",1,ZOZO Marine Stadium,,02:27,13007,GAME20050401LMSH0017
2005,2005-04-01,Reg Season,Chiba Lotte Marines,Home,W,5,Fukuoka Softbank Hawks,5,8,0,"1,0,1,0,0,0,3,0,x",1,ZOZO Marine Stadium,,02:27,13007,GAME20050401LMSH0017
2005,2005-04-01,Reg Season,Orix Buffaloes,Away,W,7,Hokkaido Nippon-Ham Fighters,7,14,1,"3,2,0,0,2,0,0,0,0",1,Sapporo Dome,,03:31,10258,GAME20050401NFOB0016
2005,2005-04-01,Reg Season,Hokkaido Nippon-Ham Fighters,Home,L,5,Orix Buffaloes,5,12,1,"0,0,0,1,0,4,0,0,0",1,Sapporo Dome,,03:31,10258,GAME20050401NFOB0016
2005,2005-04-01,Reg Season,Seibu Lions,Away,L,5,Tohoku Rakuten Golden Eagles,5,7,2,"0,0,0,4,0,0,1,0,0",1,Rakuten Seimei Park Miyagi,,03:46,17236,GAME20050401RESL0020
2005,2005-04-01,Reg Season,Tohoku Rakuten Golden Eagles,Home,W,16,Seibu Lions,16,15,1,"6,0,2,1,0,6,0,1,x",1,Rakuten Seimei Park Miyagi,,03:46,17236,GAME20050401RESL0020
2005,2005-04-01,Reg Season,Hiroshima Toyo Carp,Away,W,4,Yomiuri Giants,4,9,1,"1,0,0,0,0,0,0,0,3",1,Tokyo Dome,,02:31,43684,GAME20050401YGHC0021
2005,2005-04-01,Reg Season,Yomiuri Giants,Home,L,2,Hiroshima Toyo Carp,2,5,0,"1,0,0,0,1,0,0,0,0",1,Tokyo Dome,,02:31,43684,GAME20050401YGHC0021
2005,2005-04-02,Reg Season,Yokohama BayStars,Away,L,4,Chunichi Dragons,4,7,0,"2,1,0,0,0,0,0,1,0",2,Vantelin Dome Nagoya,,03:22,34200,GAME20050402CDDB0023
2005,2005-04-02,Reg Season,Chunichi Dragons,Home,W,5,Yokohama BayStars,5,9,2,"0,0,0,0,1,1,0,1,2x",2,Vantelin Dome Nagoya,,03:22,34200,GAME20050402CDDB0023
2005,2005-04-02,Reg Season,Yakult Swallows,Away,L,1,Hanshin Tigers,1,6,0,"0,0,0,0,0,0,0,1,0",2,Kyocera Dome Osaka,,02:28,33404,GAME20050402HTYS0027
2005,2005-04-02,Reg Season,Hanshin Tigers,Home,W,9,Yakult Swallows,9,11,0,"3,0,4,2,0,0,0,0,x",2,Kyocera Dome Osaka,,02:28,33404,GAME20050402HTYS0027
2005,2005-04-02,Reg Season,Fukuoka Softbank Hawks,Away,W,5,Chiba Lotte Marines,5,8,0,"0,0,3,1,0,0,0,1,0",2,ZOZO Marine Stadium,,03:25,21332,GAME20050402LMSH0026
2005,2005-04-02,Reg Season,Chiba Lotte Marines,Home,L,4,Fukuoka Softbank Hawks,4,8,0,"0,1,0,0,0,0,3,0,0",2,ZOZO Marine Stadium,,03:25,21332,GAME20050402LMSH0026
2005,2005-04-02,Reg Season,Orix Buffaloes,Away,W,10,Hokkaido Nippon-Ham Fighters,10,20,0,"2,6,0,0,0,0,2,0,0",2,Sapporo Dome,,03:31,17035,GAME20050402NFOB0022
2005,2005-04-02,Reg Season,Hokkaido Nippon-Ham Fighters,Home,L,0,Orix Buffaloes,0,5,0,"0,0,0,0,0,0,0,0,0",2,Sapporo Dome,,03:31,17035,GAME20050402NFOB0022
2005,2005-04-02,Reg Season,Seibu Lions,Away,L,3,Tohoku Rakuten Golden Eagles,3,9,0,"0,0,0,0,0,2,1,0,0",2,Rakuten Seimei Park Miyagi,,03:38,13384,GAME20050402RESL0024
2005,2005-04-02,Reg Season,Tohoku Rakuten Golden Eagles,Home,W,5,Seibu Lions,5,7,1,"0,0,3,0,0,0,0,2,x",2,Rakuten Seimei Park Miyagi,,03:38,13384,GAME20050402RESL0024
2005,2005-04-02,Reg Season,Hiroshima Toyo Carp,Away,W,5,Yomiuri Giants,5,7,1,"3,0,1,1,0,0,0,0,0",2,Tokyo Dome,,02:57,43450,GAME20050402YGHC0025
2005,2005-04-02,Reg Season,Yomiuri Giants,Home,L,4,Hiroshima Toyo Carp,4,8,0,"0,0,0,4,0,0,0,0,0",2,Tokyo Dome,,02:57,43450,GAME20050402YGHC0025
2005,2005-04-03,Reg Season,Yokohama BayStars,Away,W,14,Chunichi Dragons,14,15,0,"0,1,0,0,7,3,2,0,1",3,Vantelin Dome Nagoya,,03:38,32800,GAME20050403CDDB0032
2005,2005-04-03,Reg Season,Chunichi Dragons,Home,L,6,Yokohama BayStars,6,15,1,"0,2,2,0,0,0,0,1,1",3,Vantelin Dome Nagoya,,03:38,32800,GAME20050403CDDB0032
2005,2005-04-03,Reg Season,Yakult Swallows,Away,L,5,Hanshin Tigers,5,6,0,"0,0,4,1,0,0,0,0,0",3,Kyocera Dome Osaka,,03:00,33471,GAME20050403HTYS0031
2005,2005-04-03,Reg Season,Hanshin Tigers,Home,W,9,Yakult Swallows,9,14,1,"1,0,0,6,0,2,0,0,x",3,Kyocera Dome Osaka,,03:00,33471,GAME20050403HTYS0031
2005,2005-04-03,Reg Season,Fukuoka Softbank Hawks,Away,L,2,Chiba Lotte Marines,2,6,2,"2,0,0,0,0,0,0,0,0",3,ZOZO Marine Stadium,,02:26,20147,GAME20050403LMSH0030
2005,2005-04-03,Reg Season,Chiba Lotte Marines,Home,W,5,Fukuoka Softbank Hawks,5,7,0,"0,0,5,0,0,0,0,0,x",3,ZOZO Marine Stadium,,02:26,20147,GAME20050403LMSH0030
2005,2005-04-03,Reg Season,Orix Buffaloes,Away,L,1,Hokkaido Nippon-Ham Fighters,1,7,2,"0,0,1,0,0,0,0,0,0",3,Sapporo Dome,,02:36,20177,GAME20050403NFOB0028
2005,2005-04-03,Reg Season,Hokkaido Nippon-Ham Fighters,Home,W,5,Orix Buffaloes,5,8,0,"0,2,2,0,0,0,0,1,x",3,Sapporo Dome,,02:36,20177,GAME20050403NFOB0028
2005,2005-04-03,Reg Season,Seibu Lions,Away,W,7,Tohoku Rakuten Golden Eagles,7,12,1,"3,0,0,0,0,0,0,1,3",3,Rakuten Seimei Park Miyagi,,03:21,14432,GAME20050403RESL0029
2005,2005-04-03,Reg Season,Tohoku Rakuten Golden Eagles,Home,L,1,Seibu Lions,1,5,0,"0,0,0,0,0,1,0,0,0",3,Rakuten Seimei Park Miyagi,,03:21,14432,GAME20050403RESL0029
2005,2005-04-03,Reg Season,Hiroshima Toyo Carp,Away,W,8,Yomiuri Giants,8,17,0,"4,0,0,1,1,0,0,2,0",3,Tokyo Dome,,03:40,43166,GAME20050403YGHC0033
2005,2005-04-03,Reg Season,Yomiuri Giants,Home,L,7,Hiroshima Toyo Carp,7,7,1,"0,0,1,2,0,4,0,0,0",3,Tokyo Dome,,03:40,43166,GAME20050403YGHC0033
2005,2005-04-04,Reg Season,Fukuoka Softbank Hawks,Away,W,4,Orix Buffaloes,4,9,0,"0,0,0,0,0,0,0,4,0",1,Kobe Athletic Park Baseball Field,,03:57,22936,GAME20050404OBSH0034
2005,2005-04-04,Reg Season,Orix Buffaloes,Home,L,1,Fukuoka Softbank Hawks,1,6,0,"0,0,0,0,0,1,0,0,0",1,Kobe Athletic Park Baseball Field,,03:57,22936,GAME20050404OBSH0034
2005,2005-04-04,Reg Season,Chiba Lotte Marines,Away,L,1,Seibu Lions,1,9,1,"0,0,0,0,0,0,0,0,1",1,Belluna Dome,,03:40,8656,GAME20050404SLLM0035
2005,2005-04-04,Reg Season,Seibu Lions,Home,W,2,Chiba Lotte Marines,2,6,1,"0,0,1,0,0,0,0,0,1x",1,Belluna Dome,,03:40,8656,GAME20050404SLLM0035
2005,2005-04-05,Reg Season,Yomiuri Giants,Away,L,3,Yokohama BayStars,3,7,0,"2,1,0,0,0,0,0,0,0,0,0,0",1,Yokohama Stadium,,04:05,17326,GAME20050405DBYG0038
2005,2005-04-05,Reg Season,Yokohama BayStars,Home,W,4,Yomiuri Giants,4,13,0,"1,0,0,0,0,0,0,2,0,0,0,1x",1,Yokohama Stadium,,04:05,17326,GAME20050405DBYG0038
2005,2005-04-05,Reg Season,Hanshin Tigers,Away,W,9,Hiroshima Toyo Carp,9,11,0,"1,5,0,0,1,0,0,2,0",1,MAZDA Zoom-Zoom Stadium Hiroshima,,03:07,17779,GAME20050405HCHT0041
2005,2005-04-05,Reg Season,Hiroshima Toyo Carp,Home,L,2,Hanshin Tigers,2,7,0,"0,0,0,1,0,1,0,0,0",1,MAZDA Zoom-Zoom Stadium Hiroshima,,03:07,17779,GAME20050405HCHT0041
2005,2005-04-05,Reg Season,Fukuoka Softbank Hawks,Away,W,3,Orix Buffaloes,3,9,0,"0,0,2,0,1,0,0,0,0",2,Kobe Athletic Park Baseball Field,,03:17,19659,GAME20050405OBSH0037
2005,2005-04-05,Reg Season,Orix Buffaloes,Home,L,1,Fukuoka Softbank Hawks,1,6,0,"0,0,0,0,0,1,0,0,0",2,Kobe Athletic Park Baseball Field,,03:17,19659,GAME20050405OBSH0037
2005,2005-04-05,Reg Season,Hokkaido Nippon-Ham Fighters,Away,W,5,Tohoku Rakuten Golden Eagles,5,9,0,"0,0,0,1,0,3,0,0,0,1",1,Fukushima Azuma Baseball Stadium,,03:53,17132,GAME20050405RENF0036
2005,2005-04-05,Reg Season,Tohoku Rakuten Golden Eagles,Home,L,4,Hokkaido Nippon-Ham Fighters,4,11,0,"0,1,1,0,0,1,0,1,0,0",1,Fukushima Azuma Baseball Stadium,,03:53,17132,GAME20050405RENF0036
2005,2005-04-05,Reg Season,Chiba Lotte Marines,Away,W,12,Seibu Lions,12,15,1,"2,2,1,1,0,2,1,1,2",2,Belluna Dome,,03:36,9308,GAME20050405SLLM0040
2005,2005-04-05,Reg Season,Seibu Lions,Home,L,4,Chiba Lotte Marines,4,7,0,"0,0,0,0,1,0,1,1,1",2,Belluna Dome,,03:36,9308,GAME20050405SLLM0040
2005,2005-04-05,Reg Season,Chunichi Dragons,Away,W,4,Yakult Swallows,4,7,1,"2,0,0,0,1,1,0,0,0",1,Meiji Jingu Stadium,,03:06,20244,GAME20050405YSCD0039
2005,2005-04-05,Reg Season,Yakult Swallows,Home,L,3,Chunichi Dragons,3,7,1,"0,0,0,0,2,1,0,0,0",1,Meiji Jingu Stadium,,03:06,20244,GAME20050405YSCD0039
2005,2005-04-06,Reg Season,Yomiuri Giants,Away,W,8,Yokohama BayStars,8,11,1,"2,0,0,1,0,0,4,0,0,0,1",2,Yokohama Stadium,,04:34,13046,GAME20050406DBYG0043
2005,2005-04-06,Reg Season,Yokohama BayStars,Home,L,7,Yomiuri Giants,7,13,1,"3,0,0,0,0,0,0,4,0,0,0",2,Yokohama Stadium,,04:34,13046,GAME20050406DBYG0043
2005,2005-04-06,Reg Season,Hanshin Tigers,Away,W,9,Hiroshima Toyo Carp,9,15,0,"1,0,1,0,3,1,0,3,0",2,MAZDA Zoom-Zoom Stadium Hiroshima,,03:44,10304,GAME20050406HCHT0045
2005,2005-04-06,Reg Season,Hiroshima Toyo Carp,Home,L,4,Hanshin Tigers,4,12,0,"0,2,0,0,0,2,0,0,0",2,MAZDA Zoom-Zoom Stadium Hiroshima,,03:44,10304,GAME20050406HCHT0045
2005,2005-04-06,Reg Season,Fukuoka Softbank Hawks,Away,L,2,Orix Buffaloes,2,9,4,"0,0,0,1,0,1,0,0,0",3,Kobe Athletic Park Baseball Field,,03:18,17679,GAME20050406OBSH0046
2005,2005-04-06,Reg Season,Orix Buffaloes,Home,W,11,Fukuoka Softbank Hawks,11,15,0,"1,1,5,2,1,0,0,1,x",3,Kobe Athletic Park Baseball Field,,03:18,17679,GAME20050406OBSH0046
2005,2005-04-06,Reg Season,Hokkaido Nippon-Ham Fighters,Away,W,10,Tohoku Rakuten Golden Eagles,10,18,0,"1,4,0,0,0,2,0,0,3",2,Iwaki Green Stadium,,03:39,18794,GAME20050406RENF0042
2005,2005-04-06,Reg Season,Tohoku Rakuten Golden Eagles,Home,L,1,Hokkaido Nippon-Ham Fighters,1,7,5,"1,0,0,0,0,0,0,0,0",2,Iwaki Green Stadium,,03:39,18794,GAME20050406RENF0042
2005,2005-04-06,Reg Season,Chiba Lotte Marines,Away,W,15,Seibu Lions,15,18,0,"0,4,2,0,1,3,4,0,1",3,Belluna Dome,,03:35,8889,GAME20050406SLLM0044
2005,2005-04-06,Reg Season,Seibu Lions,Home,L,4,Chiba Lotte Marines,4,6,3,"0,3,0,0,0,0,0,1,0",3,Belluna Dome,,03:35,8889,GAME20050406SLLM0044
2005,2005-04-06,Reg Season,Chunichi Dragons,Away,W,4,Yakult Swallows,4,7,1,"0,0,0,0,0,0,0,0,3,1",2,Meiji Jingu Stadium,,03:34,16157,GAME20050406YSCD0047
2005,2005-04-06,Reg Season,Yakult Swallows,Home,L,3,Chunichi Dragons,3,10,0,"2,0,0,0,1,0,0,0,0,0",2,Meiji Jingu Stadium,,03:34,16157,GAME20050406YSCD0047
2005,2005-04-07,Reg Season,Yomiuri Giants,Away,L,6,Yokohama BayStars,6,13,0,"0,0,1,0,0,2,0,0,3",3,Yokohama Stadium,,03:22,12578,GAME20050407DBYG0048
2005,2005-04-07,Reg Season,Yokohama BayStars,Home,W,14,Yomiuri Giants,14,17,0,"0,0,1,5,2,3,3,0,x",3,Yokohama Stadium,,03:22,12578,GAME20050407DBYG0048
2005,2005-04-07,Reg Season,Hanshin Tigers,Away,L,9,Hiroshima Toyo Carp,9,11,2,"1,1,0,0,0,3,2,0,2",3,MAZDA Zoom-Zoom Stadium Hiroshima,,03:20,9570,GAME20050407HCHT0049
2005,2005-04-07,Reg Season,Hiroshima Toyo Carp,Home,W,10,Hanshin Tigers,10,17,1,"0,1,1,1,0,3,1,0,3x",3,MAZDA Zoom-Zoom Stadium Hiroshima,,03:20,9570,GAME20050407HCHT0049
2005,2005-04-07,Reg Season,Chunichi Dragons,Away,L,2,Yakult Swallows,2,8,0,"0,1,0,0,0,0,0,0,1",3,Meiji Jingu Stadium,,03:11,15991,GAME20050407YSCD0050
2005,2005-04-07,Reg Season,Yakult Swallows,Home,W,4,Chunichi Dragons,4,9,0,"0,1,0,0,0,1,2,0,x",3,Meiji Jingu Stadium,,03:11,15991,GAME20050407YSCD0050
2005,2005-04-08,Reg Season,Yakult Swallows,Away,W,7,Hiroshima Toyo Carp,7,11,1,"0,2,2,2,0,1,0,0,0",1,MAZDA Zoom-Zoom Stadium Hiroshima,,03:43,9302,GAME20050408HCYS0053
2005,2005-04-08,Reg Season,Hiroshima Toyo Carp,Home,L,5,Yakult Swallows,5,13,0,"1,2,0,0,0,1,1,0,0",1,MAZDA Zoom-Zoom Stadium Hiroshima,,03:43,9302,GAME20050408HCYS0053
2005,2005-04-08,Reg Season,Yokohama BayStars,Away,T,2,Hanshin Tigers,2,10,1,"1,0,0,0,0,0,0,0,1,0,0,0",1,Hanshin Koshien Stadium,,03:31,47223,GAME20050408HTDB0056
2005,2005-04-08,Reg Season,Hanshin Tigers,Home,T,2,Yokohama BayStars,2,6,0,"0,1,0,1,0,0,0,0,0,0,0,0",1,Hanshin Koshien Stadium,,03:31,47223,GAME20050408HTDB0056
2005,2005-04-08,Reg Season,Hokkaido Nippon-Ham Fighters,Away,L,2,Chiba Lotte Marines,2,6,1,"0,0,0,0,0,0,1,1,0",1,ZOZO Marine Stadium,,02:59,10981,GAME20050408LMNF0051
2005,2005-04-08,Reg Season,Chiba Lotte Marines,Home,W,8,Hokkaido Nippon-Ham Fighters,8,12,0,"1,0,1,0,4,0,0,2,x",1,ZOZO Marine Stadium,,02:59,10981,GAME20050408LMNF0051
2005,2005-04-08,Reg Season,Tohoku Rakuten Golden Eagles,Away,W,8,Orix Buffaloes,8,14,0,"2,0,2,0,0,0,4,0,0",1,Kyocera Dome Osaka,,03:19,12885,GAME20050408OBRE0055
2005,2005-04-08,Reg Season,Orix Buffaloes,Home,L,2,Tohoku Rakuten Golden Eagles,2,3,1,"1,0,0,0,1,0,0,0,0",1,Kyocera Dome Osaka,,03:19,12885,GAME20050408OBRE0055
2005,2005-04-08,Reg Season,Seibu Lions,Away,W,8,Fukuoka Softbank Hawks,8,13,1,"0,3,3,0,0,2,0,0,0",1,Mizuho PayPay Dome Fukuoka,,03:23,27791,GAME20050408SHSL0052
2005,2005-04-08,Reg Season,Fukuoka Softbank Hawks,Home,L,2,Seibu Lions,2,8,0,"0,0,0,0,0,0,1,0,1",1,Mizuho PayPay Dome Fukuoka,,03:23,27791,GAME20050408SHSL0052
2005,2005-04-08,Reg Season,Chunichi Dragons,Away,L,4,Yomiuri Giants,4,11,1,"0,2,0,0,0,0,0,2,0",1,Tokyo Dome,,03:18,41903,GAME20050408YGCD0054
2005,2005-04-08,Reg Season,Yomiuri Giants,Home,W,6,Chunichi Dragons,6,10,0,"0,0,5,0,1,0,0,0,x",1,Tokyo Dome,,03:18,41903,GAME20050408YGCD0054
2005,2005-04-09,Reg Season,Yakult Swallows,Away,W,8,Hiroshima Toyo Carp,8,12,0,"0,0,3,2,0,0,3,0,0",2,MAZDA Zoom-Zoom Stadium Hiroshima,,03:12,13933,GAME20050409HCYS0058
2005,2005-04-09,Reg Season,Hiroshima Toyo Carp,Home,L,2,Yakult Swallows,2,11,3,"1,0,0,0,0,0,0,1,0",2,MAZDA Zoom-Zoom Stadium Hiroshima,,03:12,13933,GAME20050409HCYS0058
2005,2005-04-09,Reg Season,Yokohama BayStars,Away,L,1,Hanshin Tigers,1,6,1,"0,0,0,1,0,0,0,0,0",2,Hanshin Koshien Stadium,,02:46,47238,GAME20050409HTDB0060
2005,2005-04-09,Reg Season,Hanshin Tigers,Home,W,4,Yokohama BayStars,4,9,0,"0,0,0,2,2,0,0,0,x",2,Hanshin Koshien Stadium,,02:46,47238,GAME20050409HTDB0060
2005,2005-04-09,Reg Season,Hokkaido Nippon-Ham Fighters,Away,L,2,Chiba Lotte Marines,2,4,2,"0,0,0,0,0,1,0,0,1",2,ZOZO Marine Stadium,,03:03,15028,GAME20050409LMNF0057
2005,2005-04-09,Reg Season,Chiba Lotte Marines,Home,W,10,Hokkaido Nippon-Ham Fighters,10,18,0,"3,4,0,3,0,0,0,0,x",2,ZOZO Marine Stadium,,03:03,15028,GAME20050409LMNF0057
2005,2005-04-09,Reg Season,Tohoku Rakuten Golden Eagles,Away,L,1,Orix Buffaloes,1,4,1,"0,0,0,0,0,0,0,1,0",2,Kyocera Dome Osaka,,02:57,17758,GAME20050409OBRE0059
2005,2005-04-09,Reg Season,Orix Buffaloes,Home,W,6,Tohoku Rakuten Golden Eagles,6,13,1,"1,2,0,0,0,1,0,2,x",2,Kyocera Dome Osaka,,02:57,17758,GAME20050409OBRE0059
2005,2005-04-09,Reg Season,Seibu Lions,Away,W,4,Fukuoka Softbank Hawks,4,10,1,"0,1,0,1,0,1,0,0,1",2,Mizuho PayPay Dome Fukuoka,,03:15,28212,GAME20050409SHSL0061
2005,2005-04-09,Reg Season,Fukuoka Softbank Hawks,Home,L,1,Seibu Lions,1,4,1,"0,0,0,1,0,0,0,0,0",2,Mizuho PayPay Dome Fukuoka,,03:15,28212,GAME20050409SHSL0061
2005,2005-04-09,Reg Season,Chunichi Dragons,Away,L,3,Yomiuri Giants,3,7,1,"0,1,0,0,0,0,0,0,2",2,Tokyo Dome,,03:18,43207,GAME20050409YGCD0062
2005,2005-04-09,Reg Season,Yomiuri Giants,Home,W,5,Chunichi Dragons,5,8,0,"4,0,1,0,0,0,0,0,x",2,Tokyo Dome,,03:18,43207,GAME20050409YGCD0062
2005,2005-04-10,Reg Season,Yakult Swallows,Away,L,3,Hiroshima Toyo Carp,3,10,1,"0,0,1,0,0,0,1,0,1",3,MAZDA Zoom-Zoom Stadium Hiroshima,,03:23,9845,GAME20050410HCYS0067
2005,2005-04-10,Reg Season,Hiroshima Toyo Carp,Home,W,5,Yakult Swallows,5,8,1,"0,5,0,0,0,0,0,0,x",3,MAZDA Zoom-Zoom Stadium Hiroshima,,03:23,9845,GAME20050410HCYS0067
2005,2005-04-10,Reg Season,Yokohama BayStars,Away,L,1,Hanshin Tigers,1,6,0,"0,0,0,0,0,0,0,0,1",3,Hanshin Koshien Stadium,,03:07,47222,GAME20050410HTDB0068
2005,2005-04-10,Reg Season,Hanshin Tigers,Home,W,2,Yokohama BayStars,2,13,0,"0,0,0,0,0,0,0,0,2x",3,Hanshin Koshien Stadium,,03:07,47222,GAME20050410HTDB0068
2005,2005-04-10,Reg Season,Hokkaido Nippon-Ham Fighters,Away,L,1,Chiba Lotte Marines,1,2,2,"0,0,0,0,0,1,0,0,0",3,ZOZO Marine Stadium,,02:59,18326,GAME20050410LMNF0063
2005,2005-04-10,Reg Season,Chiba Lotte Marines,Home,W,5,Hokkaido Nippon-Ham Fighters,5,10,0,"0,0,0,0,0,0,4,1,x",3,ZOZO Marine Stadium,,02:59,18326,GAME20050410LMNF0063
2005,2005-04-10,Reg Season,Tohoku Rakuten Golden Eagles,Away,L,3,Orix Buffaloes,3,5,1,"1,0,0,0,0,0,0,1,1",3,Kyocera Dome Osaka,,03:15,15979,GAME20050410OBRE0064
2005,2005-04-10,Reg Season,Orix Buffaloes,Home,W,5,Tohoku Rakuten Golden Eagles,5,9,1,"2,0,0,0,0,2,1,0,x",3,Kyocera Dome Osaka,,03:15,15979,GAME20050410OBRE0064
2005,2005-04-10,Reg Season,Seibu Lions,Away,L,1,Fukuoka Softbank Hawks,1,7,0,"1,0,0,0,0,0,0,0,0",3,Mizuho PayPay Dome Fukuoka,,03:04,28931,GAME20050410SHSL0065
2005,2005-04-10,Reg Season,Fukuoka Softbank Hawks,Home,W,4,Seibu Lions,4,12,0,"0,1,3,0,0,0,0,0,x",3,Mizuho PayPay Dome Fukuoka,,03:04,28931,GAME20050410SHSL0065
2005,2005-04-10,Reg Season,Chunichi Dragons,Away,W,10,Yomiuri Giants,10,18,0,"2,0,0,0,0,3,0,5,0",3,Tokyo Dome,,03:27,42395,GAME20050410YGCD0066
2005,2005-04-10,Reg Season,Yomiuri Giants,Home,L,0,Chunichi Dragons,0,4,1,"0,0,0,0,0,0,0,0,0",3,Tokyo Dome,,03:27,42395,GAME20050410YGCD0066
2005,2005-04-11,Reg Season,Fukuoka Softbank Hawks,Away,W,4,Tohoku Rakuten Golden Eagles,4,13,0,"0,0,0,1,0,3,0,0,0",4,Rakuten Seimei Park Miyagi,,02:52,10597,GAME20050411RESH0069
2005,2005-04-11,Reg Season,Tohoku Rakuten Golden Eagles,Home,L,0,Fukuoka Softbank Hawks,0,3,0,"0,0,0,0,0,0,0,0,0",4,Rakuten Seimei Park Miyagi,,02:52,10597,GAME20050411RESH0069
2005,2005-04-11,Reg Season,Hokkaido Nippon-Ham Fighters,Away,L,2,Seibu Lions,2,10,2,"0,1,1,0,0,0,0,0,0",4,Belluna Dome,,03:17,6610,GAME20050411SLNF0070
2005,2005-04-11,Reg Season,Seibu Lions,Home,W,3,Hokkaido Nippon-Ham Fighters,3,7,0,"1,1,0,0,0,0,0,1,x",4,Belluna Dome,,03:17,6610,GAME20050411SLNF0070
2005,2005-04-12,Reg Season,Hiroshima Toyo Carp,Away,L,1,Chunichi Dragons,1,8,2,"1,0,0,0,0,0,0,0,0",1,Vantelin Dome Nagoya,,03:45,29500,GAME20050412CDHC0073
2005,2005-04-12,Reg Season,Chunichi Dragons,Home,W,3,Hiroshima Toyo Carp,3,8,0,"0,0,1,0,0,0,1,1,x",1,Vantelin Dome Nagoya,,03:45,29500,GAME20050412CDHC0073
2005,2005-04-12,Reg Season,Yomiuri Giants,Away,L,1,Hanshin Tigers,1,4,2,"0,0,0,1,0,0,0,0,0",1,Hanshin Koshien Stadium,,03:27,46923,GAME20050412HTYG0074
2005,2005-04-12,Reg Season,Hanshin Tigers,Home,W,8,Yomiuri Giants,8,12,0,"1,0,0,0,4,1,2,0,x",1,Hanshin Koshien Stadium,,03:27,46923,GAME20050412HTYG0074
2005,2005-04-12,Reg Season,Fukuoka Softbank Hawks,Away,W,7,Tohoku Rakuten Golden Eagles,7,13,0,"0,0,1,1,2,0,3,0,0",5,Rakuten Seimei Park Miyagi,,03:48,9345,GAME20050412RESH0071
2005,2005-04-12,Reg Season,Tohoku Rakuten Golden Eagles,Home,L,3,Fukuoka Softbank Hawks,3,6,2,"3,0,0,0,0,0,0,0,0",5,Rakuten Seimei Park Miyagi,,03:48,9345,GAME20050412RESH0071
2005,2005-04-12,Reg Season,Hokkaido Nippon-Ham Fighters,Away,W,15,Seibu Lions,15,18,0,"5,3,1,1,1,0,0,2,2",5,Belluna Dome,,04:17,6404,GAME20050412SLNF0072
2005,2005-04-12,Reg Season,Seibu Lions,Home,L,7,Hokkaido Nippon-Ham Fighters,7,14,1,"0,0,3,2,1,0,0,1,0",5,Belluna Dome,,04:17,6404,GAME20050412SLNF0072
2005,2005-04-13,Reg Season,Hiroshima Toyo Carp,Away,W,8,Chunichi Dragons,8,17,3,"0,0,0,0,3,1,0,1,2,1",2,Toyohashi Baseball Field,,04:09,11500,GAME20050413CDHC0077
2005,2005-04-13,Reg Season,Chunichi Dragons,Home,L,7,Hiroshima Toyo Carp,7,7,1,"0,3,0,0,0,1,0,0,3,0",2,Toyohashi Baseball Field,,04:09,11500,GAME20050413CDHC0077
2005,2005-04-13,Reg Season,Yakult Swallows,Away,L,1,Yokohama BayStars,1,5,0,"0,1,0,0,0,0,0,0,0",1,Yokohama Stadium,,02:51,3875,GAME20050413DBYS0079
2005,2005-04-13,Reg Season,Yokohama BayStars,Home,W,3,Yakult Swallows,3,11,1,"0,1,0,0,0,0,0,2,x",1,Yokohama Stadium,,02:51,3875,GAME20050413DBYS0079
2005,2005-04-13,Reg Season,Yomiuri Giants,Away,W,4,Hanshin Tigers,4,9,1,"0,0,0,0,0,3,0,0,1",2,Hanshin Koshien Stadium,,03:47,47737,GAME20050413HTYG0078
2005,2005-04-13,Reg Season,Hanshin Tigers,Home,L,2,Yomiuri Giants,2,8,0,"0,0,0,2,0,0,0,0,0",2,Hanshin Koshien Stadium,,03:47,47737,GAME20050413HTYG0078
2005,2005-04-13,Reg Season,Orix Buffaloes,Away,L,3,Chiba Lotte Marines,3,8,0,"0,0,0,0,0,0,3,0,0",4,ZOZO Marine Stadium,,03:31,8107,GAME20050413LMOB0075
2005,2005-04-13,Reg Season,Chiba Lotte Marines,Home,W,4,Orix Buffaloes,4,7,1,"0,1,0,2,0,0,0,1,x",4,ZOZO Marine Stadium,,03:31,8107,GAME20050413LMOB0075
2005,2005-04-13,Reg Season,Fukuoka Softbank Hawks,Away,L,9,Tohoku Rakuten Golden Eagles,9,12,2,"0,1,0,1,0,1,0,6,0",6,Rakuten Seimei Park Miyagi,,03:14,9204,GAME20050413RESH0076
2005,2005-04-13,Reg Season,Tohoku Rakuten Golden Eagles,Home,W,11,Fukuoka Softbank Hawks,11,13,1,"0,0,10,0,1,0,0,0,x",6,Rakuten Seimei Park Miyagi,,03:14,9204,GAME20050413RESH0076
2005,2005-04-13,Reg Season,Hokkaido Nippon-Ham Fighters,Away,W,10,Seibu Lions,10,11,0,"1,0,4,1,0,0,2,1,1",6,Belluna Dome,,03:35,8634,GAME20050413SLNF0080
2005,2005-04-13,Reg Season,Seibu Lions,Home,L,4,Hokkaido Nippon-Ham Fighters,4,8,0,"0,1,1,0,2,0,0,0,0",6,Belluna Dome,,03:35,8634,GAME20050413SLNF0080
2005,2005-04-14,Reg Season,Yakult Swallows,Away,L,2,Yokohama BayStars,2,8,0,"1,0,0,1,0,0,0,0,0",2,Yokohama Stadium,,02:43,9441,GAME20050414DBYS0082
2005,2005-04-14,Reg Season,Yokohama BayStars,Home,W,3,Yakult Swallows,3,7,0,"0,0,0,1,0,0,2,0,x",2,Yokohama Stadium,,02:43,9441,GAME20050414DBYS0082
2005,2005-04-14,Reg Season,Yomiuri Giants,Away,W,8,Hanshin Tigers,8,13,1,"1,0,0,4,2,1,0,0,0",3,Hanshin Koshien Stadium,,02:32,47934,GAME20050414HTYG0081
2005,2005-04-14,Reg Season,Hanshin Tigers,Home,L,1,Yomiuri Giants,1,6,0,"0,1,0,0,0,0,0,0,0",3,Hanshin Koshien Stadium,,02:32,47934,GAME20050414HTYG0081
2005,2005-04-15,Reg Season,Hanshin Tigers,Away,L,5,Chunichi Dragons,5,8,1,"0,0,0,0,0,0,0,0,5",1,Vantelin Dome Nagoya,,03:09,27700,GAME20050415CDHT0085
2005,2005-04-15,Reg Season,Chunichi Dragons,Home,W,6,Hanshin Tigers,6,10,0,"2,2,0,0,0,2,0,0,x",1,Vantelin Dome Nagoya,,03:09,27700,GAME20050415CDHT0085
2005,2005-04-15,Reg Season,Yokohama BayStars,Away,T,0,Hiroshima Toyo Carp,0,4,0,"0,0,0,0,0,0,0,0,0,0,0,0",1,MAZDA Zoom-Zoom Stadium Hiroshima,,03:27,7430,GAME20050415HCDB0084
2005,2005-04-15,Reg Season,Hiroshima Toyo Carp,Home,T,0,Yokohama BayStars,0,6,0,"0,0,0,0,0,0,0,0,0,0,0,0",1,MAZDA Zoom-Zoom Stadium Hiroshima,,03:27,7430,GAME20050415HCDB0084
2005,2005-04-15,Reg Season,Tohoku Rakuten Golden Eagles,Away,L,3,Hokkaido Nippon-Ham Fighters,3,7,0,"0,0,0,2,0,0,0,1,0",3,Tokyo Dome,,03:53,14587,GAME20050415NFRE0087
2005,2005-04-15,Reg Season,Hokkaido Nippon-Ham Fighters,Home,W,6,Tohoku Rakuten Golden Eagles,6,9,2,"0,0,1,0,1,0,3,1,x",3,Tokyo Dome,,03:53,14587,GAME20050415NFRE0087
2005,2005-04-15,Reg Season,Seibu Lions,Away,L,1,Orix Buffaloes,1,6,1,"0,0,1,0,0,0,0,0,0",3,Kobe Athletic Park Baseball Field,,02:38,16883,GAME20050415OBSL0088
2005,2005-04-15,Reg Season,Orix Buffaloes,Home,W,2,Seibu Lions,2,4,1,"0,0,0,0,0,2,0,0,x",3,Kobe Athletic Park Baseball Field,,02:38,16883,GAME20050415OBSL0088
2005,2005-04-15,Reg Season,Chiba Lotte Marines,Away,L,4,Fukuoka Softbank Hawks,4,9,0,"0,0,1,0,0,2,0,1,0",4,Mizuho PayPay Dome Fukuoka,,03:04,25402,GAME20050415SHLM0083
2005,2005-04-15,Reg Season,Fukuoka Softbank Hawks,Home,W,7,Chiba Lotte Marines,7,11,0,"0,0,0,2,3,1,1,0,x",4,Mizuho PayPay Dome Fukuoka,,03:04,25402,GAME20050415SHLM0083
2005,2005-04-15,Reg Season,Yomiuri Giants,Away,W,5,Yakult Swallows,5,9,1,"0,0,0,0,1,3,0,0,1",1,Meiji Jingu Stadium,,02:38,17163,GAME20050415YSYG0086
2005,2005-04-15,Reg Season,Yakult Swallows,Home,L,3,Yomiuri Giants,3,5,0,"1,0,0,1,0,1,0,0,0",1,Meiji Jingu Stadium,,02:38,17163,GAME20050415YSYG0086
2005,2005-04-16,Reg Season,Hanshin Tigers,Away,W,2,Chunichi Dragons,2,7,1,"0,0,0,0,0,1,0,0,0,1",2,Vantelin Dome Nagoya,,03:49,33500,GAME20050416CDHT0090
2005,2005-04-16,Reg Season,Chunichi Dragons,Home,L,1,Hanshin Tigers,1,8,2,"0,0,0,1,0,0,0,0,0,0",2,Vantelin Dome Nagoya,,03:49,33500,GAME20050416CDHT0090
2005,2005-04-16,Reg Season,Yokohama BayStars,Away,L,3,Hiroshima Toyo Carp,3,2,0,"0,0,0,0,0,0,0,0,3",2,MAZDA Zoom-Zoom Stadium Hiroshima,,02:30,11021,GAME20050416HCDB0093
2005,2005-04-16,Reg Season,Hiroshima Toyo Carp,Home,W,5,Yokohama BayStars,5,10,1,"0,0,0,0,1,4,0,0,x",2,MAZDA Zoom-Zoom Stadium Hiroshima,,02:30,11021,GAME20050416HCDB0093
2005,2005-04-16,Reg Season,Tohoku Rakuten Golden Eagles,Away,L,3,Hokkaido Nippon-Ham Fighters,3,12,1,"1,1,1,0,0,0,0,0,0",4,Tokyo Dome,,03:08,18396,GAME20050416NFRE0091
2005,2005-04-16,Reg Season,Hokkaido Nippon-Ham Fighters,Home,W,5,Tohoku Rakuten Golden Eagles,5,9,0,"1,0,0,1,0,1,0,2,x",4,Tokyo Dome,,03:08,18396,GAME20050416NFRE0091
2005,2005-04-16,Reg Season,Seibu Lions,Away,L,4,Orix Buffaloes,4,10,0,"0,2,0,0,0,0,0,1,1",4,Kyocera Dome Osaka,,03:33,13754,GAME20050416OBSL0092
2005,2005-04-16,Reg Season,Orix Buffaloes,Home,W,9,Seibu Lions,9,12,0,"0,0,1,4,1,3,0,0,x",4,Kyocera Dome Osaka,,03:33,13754,GAME20050416OBSL0092
2005,2005-04-16,Reg Season,Chiba Lotte Marines,Away,L,3,Fukuoka Softbank Hawks,3,8,1,"2,0,0,0,0,0,0,1,0",5,Mizuho PayPay Dome Fukuoka,,02:46,28563,GAME20050416SHLM0089
2005,2005-04-16,Reg Season,Fukuoka Softbank Hawks,Home,W,4,Chiba Lotte Marines,4,8,0,"0,1,0,3,0,0,0,0,x",5,Mizuho PayPay Dome Fukuoka,,02:46,28563,GAME20050416SHLM0089
2005,2005-04-16,Reg Season,Yomiuri Giants,Away,L,3,Yakult Swallows,3,5,0,"0,2,0,0,0,0,0,0,1",2,Meiji Jingu Stadium,,03:20,24060,GAME20050416YSYG0094
2005,2005-04-16,Reg Season,Yakult Swallows,Home,W,4,Yomiuri Giants,4,7,0,"1,1,0,0,0,0,1,0,1x",2,Meiji Jingu Stadium,,03:20,24060,GAME20050416YSYG0094
2005,2005-04-17,Reg Season,Hanshin Tigers,Away,L,1,Chunichi Dragons,1,9,0,"0,0,0,0,1,0,0,0,0",3,Vantelin Dome Nagoya,,03:31,35000,GAME20050417CDHT0099
2005,2005-04-17,Reg Season,Chunichi Dragons,Home,W,2,Hanshin Tigers,2,7,0,"0,0,0,0,0,0,0,2,x",3,Vantelin Dome Nagoya,,03:31,35000,GAME20050417CDHT0099
2005,2005-04-17,Reg Season,Yokohama BayStars,Away,W,8,Hiroshima Toyo Carp,8,12,0,"1,1,2,1,0,0,1,2,0",3,MAZDA Zoom-Zoom Stadium Hiroshima,,03:38,14406,GAME20050417HCDB0097
2005,2005-04-17,Reg Season,Hiroshima Toyo Carp,Home,L,5,Yokohama BayStars,5,8,0,"1,0,2,0,0,0,0,2,0",3,MAZDA Zoom-Zoom Stadium Hiroshima,,03:38,14406,GAME20050417HCDB0097
2005,2005-04-17,Reg Season,Tohoku Rakuten Golden Eagles,Away,L,2,Hokkaido Nippon-Ham Fighters,2,6,2,"0,0,0,0,2,0,0,0,0",5,Tokyo Dome,,03:26,20115,GAME20050417NFRE0096
2005,2005-04-17,Reg Season,Hokkaido Nippon-Ham Fighters,Home,W,7,Tohoku Rakuten Golden Eagles,7,11,1,"3,0,0,0,2,0,2,0,x",5,Tokyo Dome,,03:26,20115,GAME20050417NFRE0096
2005,2005-04-17,Reg Season,Seibu Lions,Away,L,2,Orix Buffaloes,2,10,1,"0,0,0,0,2,0,0,0,0",5,Kyocera Dome Osaka,,03:30,13102,GAME20050417OBSL0100
2005,2005-04-17,Reg Season,Orix Buffaloes,Home,W,5,Seibu Lions,5,10,0,"0,3,0,0,0,2,0,0,x",5,Kyocera Dome Osaka,,03:30,13102,GAME20050417OBSL0100
2005,2005-04-17,Reg Season,Chiba Lotte Marines,Away,W,4,Fukuoka Softbank Hawks,4,4,0,"0,0,1,1,1,0,1,0,0",6,Mizuho PayPay Dome Fukuoka,,03:00,28803,GAME20050417SHLM0095
2005,2005-04-17,Reg Season,Fukuoka Softbank Hawks,Home,L,1,Chiba Lotte Marines,1,8,0,"0,0,0,0,0,0,0,0,1",6,Mizuho PayPay Dome Fukuoka,,03:00,28803,GAME20050417SHLM0095
2005,2005-04-17,Reg Season,Yomiuri Giants,Away,W,6,Yakult Swallows,6,12,0,"2,0,3,0,0,0,0,1,0",3,Meiji Jingu Stadium,,03:17,22788,GAME20050417YSYG0098
2005,2005-04-17,Reg Season,Yakult Swallows,Home,L,5,Yomiuri Giants,5,10,0,"1,1,3,0,0,0,0,0,0",3,Meiji Jingu Stadium,,03:17,22788,GAME20050417YSYG0098
2005,2005-04-18,Reg Season,Chiba Lotte Marines,Away,L,4,Hokkaido Nippon-Ham Fighters,4,7,0,"0,0,0,0,0,0,3,0,1",4,Sapporo Dome,,03:00,12703,GAME20050418NFLM0103
2005,2005-04-18,Reg Season,Hokkaido Nippon-Ham Fighters,Home,W,10,Chiba Lotte Marines,10,10,0,"0,0,2,0,0,8,0,0,x",4,Sapporo Dome,,03:00,12703,GAME20050418NFLM0103
2005,2005-04-18,Reg Season,Orix Buffaloes,Away,L,0,Fukuoka Softbank Hawks,0,6,0,"0,0,0,0,0,0,0,0,0",4,Mizuho PayPay Dome Fukuoka,,02:39,24371,GAME20050418SHOB0101
2005,2005-04-18,Reg Season,Fukuoka Softbank Hawks,Home,W,2,Orix Buffaloes,2,7,1,"0,0,0,0,0,0,1,1,x",4,Mizuho PayPay Dome Fukuoka,,02:39,24371,GAME20050418SHOB0101
2005,2005-04-18,Reg Season,Tohoku Rakuten Golden Eagles,Away,L,3,Seibu Lions,3,7,1,"1,0,0,0,1,0,0,0,1",4,Belluna Dome,,02:52,9496,GAME20050418SLRE0102
2005,2005-04-18,Reg Season,Seibu Lions,Home,W,5,Tohoku Rakuten Golden Eagles,5,8,2,"0,1,3,0,0,0,1,0,x",4,Belluna Dome,,02:52,9496,GAME20050418SLRE0102
2005,2005-04-19,Reg Season,Chunichi Dragons,Away,W,8,Hiroshima Toyo Carp,8,10,0,"0,2,0,1,0,2,0,2,1",3,MAZDA Zoom-Zoom Stadium Hiroshima,,03:44,7887,GAME20050419HCCD0109
2005,2005-04-19,Reg Season,Hiroshima Toyo Carp,Home,L,5,Chunichi Dragons,5,9,1,"2,0,0,0,0,1,2,0,0",3,MAZDA Zoom-Zoom Stadium Hiroshima,,03:44,7887,GAME20050419HCCD0109
2005,2005-04-19,Reg Season,Chiba Lotte Marines,Away,W,4,Hokkaido Nippon-Ham Fighters,4,6,0,"0,0,1,0,0,0,0,3,0",5,Sapporo Dome,,03:13,12205,GAME20050419NFLM0108
2005,2005-04-19,Reg Season,Hokkaido Nippon-Ham Fighters,Home,L,1,Chiba Lotte Marines,1,7,0,"0,0,0,1,0,0,0,0,0",5,Sapporo Dome,,03:13,12205,GAME20050419NFLM0108
2005,2005-04-19,Reg Season,Orix Buffaloes,Away,L,0,Fukuoka Softbank Hawks,0,7,2,"0,0,0,0,0,0,0,0,0",5,Kitakyushu Municipal Baseball Stadium,,02:42,15960,GAME20050419SHOB0104
2005,2005-04-19,Reg Season,Fukuoka Softbank Hawks,Home,W,12,Orix Buffaloes,12,14,2,"0,0,7,0,3,2,0,0,x",5,Kitakyushu Municipal Baseball Stadium,,02:42,15960,GAME20050419SHOB0104
2005,2005-04-19,Reg Season,Tohoku Rakuten Golden Eagles,Away,L,1,Seibu Lions,1,8,0,"0,0,0,0,1,0,0,0,0",5,Belluna Dome,,02:54,8733,GAME20050419SLRE0105
2005,2005-04-19,Reg Season,Seibu Lions,Home,W,4,Tohoku Rakuten Golden Eagles,4,10,0,"0,1,0,0,3,0,0,0,x",5,Belluna Dome,,02:54,8733,GAME20050419SLRE0105
2005,2005-04-19,Reg Season,Hanshin Tigers,Away,W,8,Yomiuri Giants,8,11,0,"0,1,0,0,0,0,7,0,0",4,Tokyo Dome,,03:06,43025,GAME20050419YGHT0107
2005,2005-04-19,Reg Season,Yomiuri Giants,Home,L,5,Hanshin Tigers,5,6,0,"0,0,0,0,0,0,0,5,0",4,Tokyo Dome,,03:06,43025,GAME20050419YGHT0107
2005,2005-04-19,Reg Season,Yokohama BayStars,Away,W,6,Yakult Swallows,6,13,0,"1,0,0,0,2,0,1,0,0,0,0,2",3,Meiji Jingu Stadium,,04:47,13242,GAME20050419YSDB0106
2005,2005-04-19,Reg Season,Yakult Swallows,Home,L,4,Yokohama BayStars,4,11,2,"0,0,0,4,0,0,0,0,0,0,0,0",3,Meiji Jingu Stadium,,04:47,13242,GAME20050419YSDB0106
2005,2005-04-20,Reg Season,Chunichi Dragons,Away,W,3,Hiroshima Toyo Carp,3,13,0,"0,0,0,1,1,0,0,0,1",4,MAZDA Zoom-Zoom Stadium Hiroshima,,03:42,6634,GAME20050420HCCD0112
2005,2005-04-20,Reg Season,Hiroshima Toyo Carp,Home,L,2,Chunichi Dragons,2,7,2,"1,0,0,1,0,0,0,0,0",4,MAZDA Zoom-Zoom Stadium Hiroshima,,03:42,6634,GAME20050420HCCD0112
2005,2005-04-20,Reg Season,Orix Buffaloes,Away,L,3,Fukuoka Softbank Hawks,3,7,0,"0,2,0,1,0,0,0,0,0",6,Mizuho PayPay Dome Fukuoka,,03:28,24712,GAME20050420SHOB0111
2005,2005-04-20,Reg Season,Fukuoka Softbank Hawks,Home,W,8,Orix Buffaloes,8,13,0,"0,0,4,0,0,0,3,1,x",6,Mizuho PayPay Dome Fukuoka,,03:28,24712,GAME20050420SHOB0111
2005,2005-04-20,Reg Season,Hanshin Tigers,Away,L,0,Yomiuri Giants,0,7,1,"0,0,0,0,0,0,0,0,0",5,Tokyo Dome,,02:55,43299,GAME20050420YGHT0110
2005,2005-04-20,Reg Season,Yomiuri Giants,Home,W,9,Hanshin Tigers,9,13,0,"3,0,0,0,0,1,0,5,x",5,Tokyo Dome,,02:55,43299,GAME20050420YGHT0110
2005,2005-04-21,Reg Season,Chunichi Dragons,Away,L,3,Hiroshima Toyo Carp,3,6,0,"0,1,0,0,1,0,1,0,0",5,MAZDA Zoom-Zoom Stadium Hiroshima,,03:27,8114,GAME20050421HCCD0115
2005,2005-04-21,Reg Season,Hiroshima Toyo Carp,Home,W,13,Chunichi Dragons,13,17,1,"0,2,1,3,0,4,0,3,x",5,MAZDA Zoom-Zoom Stadium Hiroshima,,03:27,8114,GAME20050421HCCD0115
2005,2005-04-21,Reg Season,Hanshin Tigers,Away,W,11,Yomiuri Giants,11,14,0,"2,0,0,0,4,1,3,1,0",6,Tokyo Dome,,03:23,44703,GAME20050421YGHT0114
2005,2005-04-21,Reg Season,Yomiuri Giants,Home,L,2,Hanshin Tigers,2,7,0,"0,0,0,0,1,0,1,0,0",6,Tokyo Dome,,03:23,44703,GAME20050421YGHT0114
2005,2005-04-21,Reg Season,Yokohama BayStars,Away,L,2,Yakult Swallows,2,9,0,"0,0,0,1,0,0,1,0,0",4,Meiji Jingu Stadium,,02:46,17798,GAME20050421YSDB0113
2005,2005-04-21,Reg Season,Yakult Swallows,Home,W,3,Yokohama BayStars,3,5,0,"0,1,0,0,0,0,0,0,2x",4,Meiji Jingu Stadium,,02:46,17798,GAME20050421YSDB0113
2005,2005-04-22,Reg Season,Yomiuri Giants,Away,L,2,Chunichi Dragons,2,7,1,"0,0,1,0,0,0,0,0,1",4,Vantelin Dome Nagoya,,03:01,32400,GAME20050422CDYG0119
2005,2005-04-22,Reg Season,Chunichi Dragons,Home,W,5,Yomiuri Giants,5,9,0,"0,4,0,0,0,0,1,0,x",4,Vantelin Dome Nagoya,,03:01,32400,GAME20050422CDYG0119
2005,2005-04-22,Reg Season,Hanshin Tigers,Away,L,1,Yokohama BayStars,1,7,0,"1,0,0,0,0,0,0,0,0",4,Yokohama Stadium,,02:34,13962,GAME20050422DBHT0117
2005,2005-04-22,Reg Season,Yokohama BayStars,Home,W,3,Hanshin Tigers,3,6,0,"0,0,1,0,0,2,0,0,x",4,Yokohama Stadium,,02:34,13962,GAME20050422DBHT0117
2005,2005-04-22,Reg Season,Chiba Lotte Marines,Away,W,5,Tohoku Rakuten Golden Eagles,5,12,1,"0,0,1,0,2,1,0,0,1",3,Rakuten Seimei Park Miyagi,,02:56,8889,GAME20050422RELM0118
2005,2005-04-22,Reg Season,Tohoku Rakuten Golden Eagles,Home,L,1,Chiba Lotte Marines,1,4,1,"0,0,0,1,0,0,0,0,0",3,Rakuten Seimei Park Miyagi,,02:56,8889,GAME20050422RELM0118
2005,2005-04-22,Reg Season,Fukuoka Softbank Hawks,Away,W,2,Seibu Lions,2,6,0,"0,0,0,0,0,1,1,0,0",4,Belluna Dome,,02:41,10708,GAME20050422SLSH0116
2005,2005-04-22,Reg Season,Seibu Lions,Home,L,0,Fukuoka Softbank Hawks,0,4,1,"0,0,0,0,0,0,0,0,0",4,Belluna Dome,,02:41,10708,GAME20050422SLSH0116
2005,2005-04-23,Reg Season,Yomiuri Giants,Away,L,1,Chunichi Dragons,1,5,0,"0,0,0,0,0,0,1,0,0",5,Vantelin Dome Nagoya,,03:07,37600,GAME20050423CDYG0122
2005,2005-04-23,Reg Season,Chunichi Dragons,Home,W,6,Yomiuri Giants,6,8,0,"0,0,0,5,1,0,0,0,x",5,Vantelin Dome Nagoya,,03:07,37600,GAME20050423CDYG0122
2005,2005-04-23,Reg Season,Hanshin Tigers,Away,W,3,Yokohama BayStars,3,5,0,"0,0,0,2,0,1,0,0,0",5,Yokohama Stadium,,02:53,24903,GAME20050423DBHT0123
2005,2005-04-23,Reg Season,Yokohama BayStars,Home,L,2,Hanshin Tigers,2,7,0,"0,0,0,0,0,0,0,0,2",5,Yokohama Stadium,,02:53,24903,GAME20050423DBHT0123
2005,2005-04-23,Reg Season,Hokkaido Nippon-Ham Fighters,Away,W,8,Orix Buffaloes,8,11,0,"0,3,0,0,0,1,0,0,0,4",4,Tokyo Dome,,04:18,21684,GAME20050423OBNF0120
2005,2005-04-23,Reg Season,Orix Buffaloes,Home,L,4,Hokkaido Nippon-Ham Fighters,4,12,0,"1,0,0,0,0,2,1,0,0,0",4,Tokyo Dome,,04:18,21684,GAME20050423OBNF0120
2005,2005-04-23,Reg Season,Chiba Lotte Marines,Away,W,12,Tohoku Rakuten Golden Eagles,12,15,0,"3,7,0,1,0,0,0,0,1",4,Rakuten Seimei Park Miyagi,,03:21,14168,GAME20050423RELM0121
2005,2005-04-23,Reg Season,Tohoku Rakuten Golden Eagles,Home,L,4,Chiba Lotte Marines,4,7,2,"0,2,0,0,0,0,2,0,0",4,Rakuten Seimei Park Miyagi,,03:21,14168,GAME20050423RELM0121
2005,2005-04-23,Reg Season,Fukuoka Softbank Hawks,Away,W,6,Seibu Lions,6,10,0,"2,2,0,0,1,0,0,1,0",5,Belluna Dome,,03:57,18304,GAME20050423SLSH0124
2005,2005-04-23,Reg Season,Seibu Lions,Home,L,4,Fukuoka Softbank Hawks,4,11,2,"2,0,0,0,2,0,0,0,0",5,Belluna Dome,,03:57,18304,GAME20050423SLSH0124
2005,2005-04-23,Reg Season,Hiroshima Toyo Carp,Away,W,4,Yakult Swallows,4,9,1,"2,1,0,0,0,0,0,0,1",4,Matsuyama Central Park Baseball Stadium,,02:45,14984,GAME20050423YSHC0125
2005,2005-04-23,Reg Season,Yakult Swallows,Home,L,0,Hiroshima Toyo Carp,0,8,0,"0,0,0,0,0,0,0,0,0",4,Matsuyama Central Park Baseball Stadium,,02:45,14984,GAME20050423YSHC0125
2005,2005-04-24,Reg Season,Yomiuri Giants,Away,L,3,Chunichi Dragons,3,9,1,"0,0,0,0,3,0,0,0,0,0,0",6,Vantelin Dome Nagoya,,04:26,36900,GAME20050424CDYG0127
2005,2005-04-24,Reg Season,Chunichi Dragons,Home,W,4,Yomiuri Giants,4,11,0,"1,0,0,0,0,0,2,0,0,0,1x",6,Vantelin Dome Nagoya,,04:26,36900,GAME20050424CDYG0127
2005,2005-04-24,Reg Season,Hanshin Tigers,Away,W,8,Yokohama BayStars,8,18,0,"1,0,1,2,0,0,2,1,1",6,Yokohama Stadium,,03:35,23947,GAME20050424DBHT0131
2005,2005-04-24,Reg Season,Yokohama BayStars,Home,L,3,Hanshin Tigers,3,7,1,"0,0,0,0,0,2,1,0,0",6,Yokohama Stadium,,03:35,23947,GAME20050424DBHT0131
2005,2005-04-24,Reg Season,Hokkaido Nippon-Ham Fighters,Away,W,5,Orix Buffaloes,5,10,1,"0,1,3,0,0,1,0,0,0",5,Tokyo Dome,,02:49,26031,GAME20050424OBNF0126
2005,2005-04-24,Reg Season,Orix Buffaloes,Home,L,1,Hokkaido Nippon-Ham Fighters,1,6,0,"0,0,0,0,0,1,0,0,0",5,Tokyo Dome,,02:49,26031,GAME20050424OBNF0126
2005,2005-04-24,Reg Season,Chiba Lotte Marines,Away,W,6,Tohoku Rakuten Golden Eagles,6,11,0,"1,0,4,0,0,0,1,0,0",5,Rakuten Seimei Park Miyagi,,03:01,15710,GAME20050424RELM0130
2005,2005-04-24,Reg Season,Tohoku Rakuten Golden Eagles,Home,L,0,Chiba Lotte Marines,0,4,0,"0,0,0,0,0,0,0,0,0",5,Rakuten Seimei Park Miyagi,,03:01,15710,GAME20050424RELM0130
2005,2005-04-24,Reg Season,Fukuoka Softbank Hawks,Away,L,2,Seibu Lions,2,8,0,"1,0,1,0,0,0,0,0,0",6,Belluna Dome,,03:05,18071,GAME20050424SLSH0128
2005,2005-04-24,Reg Season,Seibu Lions,Home,W,6,Fukuoka Softbank Hawks,6,10,0,"0,0,4,0,1,0,0,1,x",6,Belluna Dome,,03:05,18071,GAME20050424SLSH0128
2005,2005-04-24,Reg Season,Hiroshima Toyo Carp,Away,L,2,Yakult Swallows,2,8,0,"1,0,0,0,0,1,0,0,0",5,Matsuyama Central Park Baseball Stadium,,03:16,17913,GAME20050424YSHC0129
2005,2005-04-24,Reg Season,Yakult Swallows,Home,W,5,Hiroshima Toyo Carp,5,12,0,"2,0,0,0,0,3,0,0,x",5,Matsuyama Central Park Baseball Stadium,,03:16,17913,GAME20050424YSHC0129
2005,2005-04-25,Reg Season,Seibu Lions,Away,L,2,Chiba Lotte Marines,2,7,2,"0,0,0,0,0,2,0,0,0",4,ZOZO Marine Stadium,,02:41,11290,GAME20050425LMSL0132
2005,2005-04-25,Reg Season,Chiba Lotte Marines,Home,W,8,Seibu Lions,8,9,1,"0,5,0,0,0,3,0,0,x",4,ZOZO Marine Stadium,,02:41,11290,GAME20050425LMSL0132
2005,2005-04-25,Reg Season,Fukuoka Softbank Hawks,Away,W,10,Hokkaido Nippon-Ham Fighters,10,15,0,"0,1,6,0,0,2,1,0,0",3,Sapporo Dome,,02:44,11833,GAME20050425NFSH0133
2005,2005-04-25,Reg Season,Hokkaido Nippon-Ham Fighters,Home,L,1,Fukuoka Softbank Hawks,1,4,1,"0,0,0,0,0,0,0,1,0",3,Sapporo Dome,,02:44,11833,GAME20050425NFSH0133
2005,2005-04-25,Reg Season,Orix Buffaloes,Away,W,7,Tohoku Rakuten Golden Eagles,7,12,1,"0,0,2,0,0,3,0,2,0",4,Rakuten Seimei Park Miyagi,,03:23,9747,GAME20050425REOB0134
2005,2005-04-25,Reg Season,Tohoku Rakuten Golden Eagles,Home,L,1,Orix Buffaloes,1,6,4,"0,0,0,0,1,0,0,0,0",4,Rakuten Seimei Park Miyagi,,03:23,9747,GAME20050425REOB0134
2005,2005-04-26,Reg Season,Hiroshima Toyo Carp,Away,W,7,Yokohama BayStars,7,9,2,"1,2,2,2,0,0,0,0,0",4,Nagasaki Baseball Stadium,,03:07,10700,GAME20050426DBHC0138
2005,2005-04-26,Reg Season,Yokohama BayStars,Home,L,4,Hiroshima Toyo Carp,4,6,2,"1,1,1,1,0,0,0,0,0",4,Nagasaki Baseball Stadium,,03:07,10700,GAME20050426DBHC0138
2005,2005-04-26,Reg Season,Chunichi Dragons,Away,W,6,Hanshin Tigers,6,9,0,"0,0,0,0,0,0,2,2,2",4,Hanshin Koshien Stadium,,03:51,42488,GAME20050426HTCD0140
2005,2005-04-26,Reg Season,Hanshin Tigers,Home,L,1,Chunichi Dragons,1,7,1,"0,0,0,0,0,0,1,0,0",4,Hanshin Koshien Stadium,,03:51,42488,GAME20050426HTCD0140
2005,2005-04-26,Reg Season,Seibu Lions,Away,L,1,Chiba Lotte Marines,1,7,0,"0,0,0,0,0,1,0,0,0",5,ZOZO Marine Stadium,,03:29,11021,GAME20050426LMSL0135
2005,2005-04-26,Reg Season,Chiba Lotte Marines,Home,W,7,Seibu Lions,7,15,0,"0,1,0,3,0,0,0,3,x",5,ZOZO Marine Stadium,,03:29,11021,GAME20050426LMSL0135
2005,2005-04-26,Reg Season,Fukuoka Softbank Hawks,Away,L,5,Hokkaido Nippon-Ham Fighters,5,9,1,"0,0,3,0,1,0,0,0,1",4,Sapporo Dome,,03:10,11485,GAME20050426NFSH0136
2005,2005-04-26,Reg Season,Hokkaido Nippon-Ham Fighters,Home,W,7,Fukuoka Softbank Hawks,7,10,0,"0,0,2,3,0,0,0,2,x",4,Sapporo Dome,,03:10,11485,GAME20050426NFSH0136
2005,2005-04-26,Reg Season,Orix Buffaloes,Away,W,6,Tohoku Rakuten Golden Eagles,6,7,1,"2,0,0,0,4,0,0,0,0",5,Yamagata Prefectural Baseball Stadium,,03:43,6053,GAME20050426REOB0139
2005,2005-04-26,Reg Season,Tohoku Rakuten Golden Eagles,Home,L,5,Orix Buffaloes,5,11,0,"4,0,1,0,0,0,0,0,0",5,Yamagata Prefectural Baseball Stadium,,03:43,6053,GAME20050426REOB0139
2005,2005-04-26,Reg Season,Yakult Swallows,Away,W,7,Yomiuri Giants,7,12,1,"0,2,0,0,2,0,1,0,2",4,Mizuho PayPay Dome Fukuoka,,03:31,25836,GAME20050426YGYS0137
2005,2005-04-26,Reg Season,Yomiuri Giants,Home,L,5,Yakult Swallows,5,9,1,"0,0,0,3,0,0,2,0,0",4,Mizuho PayPay Dome Fukuoka,,03:31,25836,GAME20050426YGYS0137
2005,2005-04-27,Reg Season,Hiroshima Toyo Carp,Away,W,5,Yokohama BayStars,5,7,1,"1,0,0,0,0,0,4,0,0",5,Saga Baseball Stadium,,03:08,6205,GAME20050427DBHC0146
2005,2005-04-27,Reg Season,Yokohama BayStars,Home,L,2,Hiroshima Toyo Carp,2,10,0,"1,0,0,0,0,0,1,0,0",5,Saga Baseball Stadium,,03:08,6205,GAME20050427DBHC0146
2005,2005-04-27,Reg Season,Chunichi Dragons,Away,L,3,Hanshin Tigers,3,8,1,"0,1,1,0,0,0,1,0,0",5,Hanshin Koshien Stadium,,03:28,43216,GAME20050427HTCD0144
2005,2005-04-27,Reg Season,Hanshin Tigers,Home,W,6,Chunichi Dragons,6,13,0,"0,0,0,3,2,0,1,0,x",5,Hanshin Koshien Stadium,,03:28,43216,GAME20050427HTCD0144
2005,2005-04-27,Reg Season,Seibu Lions,Away,L,1,Chiba Lotte Marines,1,5,3,"0,0,0,1,0,0,0,0,0",6,ZOZO Marine Stadium,,03:32,13496,GAME20050427LMSL0141
2005,2005-04-27,Reg Season,Chiba Lotte Marines,Home,W,7,Seibu Lions,7,14,0,"0,0,1,0,0,5,0,1,x",6,ZOZO Marine Stadium,,03:32,13496,GAME20050427LMSL0141
2005,2005-04-27,Reg Season,Fukuoka Softbank Hawks,Away,W,8,Hokkaido Nippon-Ham Fighters,8,11,0,"3,0,0,4,1,0,0,0,0",5,Sapporo Dome,,02:56,12417,GAME20050427NFSH0145
2005,2005-04-27,Reg Season,Hokkaido Nippon-Ham Fighters,Home,L,1,Fukuoka Softbank Hawks,1,2,1,"0,0,0,0,0,1,0,0,0",5,Sapporo Dome,,02:56,12417,GAME20050427NFSH0145
2005,2005-04-27,Reg Season,Orix Buffaloes,Away,W,8,Tohoku Rakuten Golden Eagles,8,14,3,"1,0,0,3,0,2,1,1,0",6,Yamagata Prefectural Baseball Stadium,,04:18,6362,GAME20050427REOB0143
2005,2005-04-27,Reg Season,Tohoku Rakuten Golden Eagles,Home,L,4,Orix Buffaloes,4,12,2,"3,0,0,0,0,0,1,0,0",6,Yamagata Prefectural Baseball Stadium,,04:18,6362,GAME20050427REOB0143
2005,2005-04-27,Reg Season,Yakult Swallows,Away,W,3,Yomiuri Giants,3,8,4,"0,0,0,2,0,0,1,0,0",5,Mizuho PayPay Dome Fukuoka,,03:30,25696,GAME20050427YGYS0142
2005,2005-04-27,Reg Season,Yomiuri Giants,Home,L,2,Yakult Swallows,2,4,0,"0,0,1,0,1,0,0,0,0",5,Mizuho PayPay Dome Fukuoka,,03:30,25696,GAME20050427YGYS0142
2005,2005-04-28,Reg Season,Chunichi Dragons,Away,W,9,Hanshin Tigers,9,12,0,"0,0,0,0,1,0,4,4,0",6,Hanshin Koshien Stadium,,04:40,47113,GAME20050428HTCD0147
2005,2005-04-28,Reg Season,Hanshin Tigers,Home,L,8,Chunichi Dragons,8,14,2,"0,0,3,3,1,1,0,0,0",6,Hanshin Koshien Stadium,,04:40,47113,GAME20050428HTCD0147
2005,2005-04-29,Reg Season,Chunichi Dragons,Away,W,9,Yokohama BayStars,9,9,1,"4,0,2,0,0,1,2,0,0",4,Yokohama Stadium,,02:46,18470,GAME20050429DBCD0150
2005,2005-04-29,Reg Season,Yokohama BayStars,Home,L,4,Chunichi Dragons,4,9,0,"0,0,0,0,0,0,0,2,2",4,Yokohama Stadium,,02:46,18470,GAME20050429DBCD0150
2005,2005-04-29,Reg Season,Yomiuri Giants,Away,W,12,Hiroshima Toyo Carp,12,15,1,"1,0,0,1,3,0,0,4,3",4,MAZDA Zoom-Zoom Stadium Hiroshima,,03:21,26263,GAME20050429HCYG0153
2005,2005-04-29,Reg Season,Hiroshima Toyo Carp,Home,L,4,Yomiuri Giants,4,8,0,"0,1,0,1,1,0,0,1,0",4,MAZDA Zoom-Zoom Stadium Hiroshima,,03:21,26263,GAME20050429HCYG0153
2005,2005-04-29,Reg Season,Orix Buffaloes,Away,W,6,Hokkaido Nippon-Ham Fighters,6,11,1,"1,5,0,0,0,0,0,0,0",6,Sapporo Dome,,03:13,19573,GAME20050429NFOB0149
2005,2005-04-29,Reg Season,Hokkaido Nippon-Ham Fighters,Home,L,2,Orix Buffaloes,2,7,1,"0,1,0,0,0,0,0,0,1",6,Sapporo Dome,,03:13,19573,GAME20050429NFOB0149
2005,2005-04-29,Reg Season,Seibu Lions,Away,L,4,Tohoku Rakuten Golden Eagles,4,9,2,"1,0,0,1,2,0,0,0,0",6,Rakuten Seimei Park Miyagi,,03:15,15841,GAME20050429RESL0152
2005,2005-04-29,Reg Season,Tohoku Rakuten Golden Eagles,Home,W,6,Seibu Lions,6,6,0,"0,2,3,1,0,0,0,0,x",6,Rakuten Seimei Park Miyagi,,03:15,15841,GAME20050429RESL0152
2005,2005-04-29,Reg Season,Chiba Lotte Marines,Away,W,6,Fukuoka Softbank Hawks,6,11,0,"0,0,1,0,0,2,2,1,0",7,Mizuho PayPay Dome Fukuoka,,02:59,32700,GAME20050429SHLM0148
2005,2005-04-29,Reg Season,Fukuoka Softbank Hawks,Home,L,5,Chiba Lotte Marines,5,8,0,"0,1,0,0,0,0,1,0,3",7,Mizuho PayPay Dome Fukuoka,,02:59,32700,GAME20050429SHLM0148
2005,2005-04-29,Reg Season,Hanshin Tigers,Away,L,1,Yakult Swallows,1,5,1,"0,1,0,0,0,0,0,0,0",4,Meiji Jingu Stadium,,02:57,33050,GAME20050429YSHT0151
2005,2005-04-29,Reg Season,Yakult Swallows,Home,W,2,Hanshin Tigers,2,8,0,"0,0,0,1,0,1,0,0,x",4,Meiji Jingu Stadium,,02:57,33050,GAME20050429YSHT0151
2005,2005-04-30,Reg Season,Chunichi Dragons,Away,L,4,Yokohama BayStars,4,6,0,"3,0,0,0,0,0,1,0,0",5,Yokohama Stadium,,03:15,18101,GAME20050430DBCD0155
2005,2005-04-30,Reg Season,Yokohama BayStars,Home,W,8,Chunichi Dragons,8,13,0,"0,0,0,0,0,0,4,4,x",5,Yokohama Stadium,,03:15,18101,GAME20050430DBCD0155
2005,2005-04-30,Reg Season,Yomiuri Giants,Away,L,5,Hiroshima Toyo Carp,5,16,0,"0,0,0,0,0,0,3,0,2,0",5,MAZDA Zoom-Zoom Stadium Hiroshima,,04:31,24807,GAME20050430HCYG0157
2005,2005-04-30,Reg Season,Hiroshima Toyo Carp,Home,W,6,Yomiuri Giants,6,11,1,"2,0,0,0,0,0,0,1,2,1x",5,MAZDA Zoom-Zoom Stadium Hiroshima,,04:31,24807,GAME20050430HCYG0157
2005,2005-04-30,Reg Season,Orix Buffaloes,Away,L,1,Hokkaido Nippon-Ham Fighters,1,12,1,"0,0,0,0,1,0,0,0,0",7,Sapporo Dome,,03:06,18873,GAME20050430NFOB0158
2005,2005-04-30,Reg Season,Hokkaido Nippon-Ham Fighters,Home,W,11,Orix Buffaloes,11,15,2,"6,0,1,2,2,0,0,0,x",7,Sapporo Dome,,03:06,18873,GAME20050430NFOB0158
2005,2005-04-30,Reg Season,Seibu Lions,Away,W,4,Tohoku Rakuten Golden Eagles,4,6,0,"0,1,0,0,0,0,0,0,0,0,3",7,Rakuten Seimei Park Miyagi,,03:59,16557,GAME20050430RESL0156
2005,2005-04-30,Reg Season,Tohoku Rakuten Golden Eagles,Home,L,1,Seibu Lions,1,9,0,"1,0,0,0,0,0,0,0,0,0,0",7,Rakuten Seimei Park Miyagi,,03:59,16557,GAME20050430RESL0156
2005,2005-04-30,Reg Season,Chiba Lotte Marines,Away,W,2,Fukuoka Softbank Hawks,2,10,0,"0,0,0,0,1,1,0,0,0",8,Mizuho PayPay Dome Fukuoka,,03:22,32368,GAME20050430SHLM0154
2005,2005-04-30,Reg Season,Fukuoka Softbank Hawks,Home,L,1,Chiba Lotte Marines,1,8,1,"0,0,0,0,0,0,0,1,0",8,Mizuho PayPay Dome Fukuoka,,03:22,32368,GAME20050430SHLM0154
2005,2005-04-30,Reg Season,Hanshin Tigers,Away,L,2,Yakult Swallows,2,6,1,"0,0,0,0,2,0,0,0,0",5,Meiji Jingu Stadium,,03:30,32609,GAME20050430YSHT0159
2005,2005-04-30,Reg Season,Yakult Swallows,Home,W,5,Hanshin Tigers,5,9,0,"0,0,0,0,3,1,1,0,x",5,Meiji Jingu Stadium,,03:30,32609,GAME20050430YSHT0159
2005,2005-05-01,Reg Season,Chunichi Dragons,Away,W,15,Yokohama BayStars,15,18,0,"2,0,2,0,6,5,0,0,0",6,Yokohama Stadium,,04:12,19542,GAME20050501DBCD0161
2005,2005-05-01,Reg Season,Yokohama BayStars,Home,L,9,Chunichi Dragons,9,18,1,"0,0,1,0,1,0,3,4,0",6,Yokohama Stadium,,04:12,19542,GAME20050501DBCD0161
2005,2005-05-01,Reg Season,Yomiuri Giants,Away,W,7,Hiroshima Toyo Carp,7,10,0,"2,2,1,2,0",6,MAZDA Zoom-Zoom Stadium Hiroshima,,01:55,19550,GAME20050501HCYG0165
2005,2005-05-01,Reg Season,Hiroshima Toyo Carp,Home,L,4,Yomiuri Giants,4,6,0,"0,1,0,0,3",6,MAZDA Zoom-Zoom Stadium Hiroshima,,01:55,19550,GAME20050501HCYG0165
2005,2005-05-01,Reg Season,Orix Buffaloes,Away,L,1,Hokkaido Nippon-Ham Fighters,1,11,0,"1,0,0,0,0,0,0,0,0",8,Sapporo Dome,,03:09,22353,GAME20050501NFOB0162
2005,2005-05-01,Reg Season,Hokkaido Nippon-Ham Fighters,Home,W,5,Orix Buffaloes,5,9,0,"1,3,0,1,0,0,0,0,x",8,Sapporo Dome,,03:09,22353,GAME20050501NFOB0162
2005,2005-05-01,Reg Season,Seibu Lions,Away,W,3,Tohoku Rakuten Golden Eagles,3,9,1,"1,1,0,0,0,0,0,1,0",8,Rakuten Seimei Park Miyagi,,03:32,16772,GAME20050501RESL0164
2005,2005-05-01,Reg Season,Tohoku Rakuten Golden Eagles,Home,L,2,Seibu Lions,2,6,1,"0,0,1,0,0,0,1,0,0",8,Rakuten Seimei Park Miyagi,,03:32,16772,GAME20050501RESL0164
2005,2005-05-01,Reg Season,Chiba Lotte Marines,Away,W,15,Fukuoka Softbank Hawks,15,17,0,"0,2,3,0,0,4,2,1,3",9,Mizuho PayPay Dome Fukuoka,,03:48,35097,GAME20050501SHLM0163
2005,2005-05-01,Reg Season,Fukuoka Softbank Hawks,Home,L,3,Chiba Lotte Marines,3,12,1,"0,2,0,0,0,1,0,0,0",9,Mizuho PayPay Dome Fukuoka,,03:48,35097,GAME20050501SHLM0163
2005,2005-05-01,Reg Season,Hanshin Tigers,Away,L,1,Yakult Swallows,1,10,0,"0,0,0,0,0,0,1,0,0",6,Meiji Jingu Stadium,,03:13,26333,GAME20050501YSHT0160
2005,2005-05-01,Reg Season,Yakult Swallows,Home,W,5,Hanshin Tigers,5,8,1,"1,0,4,0,0,0,0,0,x",6,Meiji Jingu Stadium,,03:13,26333,GAME20050501YSHT0160
2005,2005-05-03,Reg Season,Yakult Swallows,Away,L,3,Chunichi Dragons,3,10,0,"0,1,0,0,2,0,0,0,0",4,Vantelin Dome Nagoya,,03:27,36800,GAME20050503CDYS0170
2005,2005-05-03,Reg Season,Chunichi Dragons,Home,W,9,Yakult Swallows,9,16,0,"3,3,0,0,0,2,1,0,x",4,Vantelin Dome Nagoya,,03:27,36800,GAME20050503CDYS0170
2005,2005-05-03,Reg Season,Hiroshima Toyo Carp,Away,W,3,Hanshin Tigers,3,9,1,"2,0,0,1,0,0,0,0,0",4,Hanshin Koshien Stadium,,03:22,47273,GAME20050503HTHC0169
2005,2005-05-03,Reg Season,Hanshin Tigers,Home,L,2,Hiroshima Toyo Carp,2,6,3,"2,0,0,0,0,0,0,0,0",4,Hanshin Koshien Stadium,,03:22,47273,GAME20050503HTHC0169
2005,2005-05-03,Reg Season,Tohoku Rakuten Golden Eagles,Away,L,3,Chiba Lotte Marines,3,8,0,"0,0,1,0,0,0,2,0,0",6,ZOZO Marine Stadium,,03:09,28472,GAME20050503LMRE0168
2005,2005-05-03,Reg Season,Chiba Lotte Marines,Home,W,4,Tohoku Rakuten Golden Eagles,4,8,1,"1,0,0,0,3,0,0,0,x",6,ZOZO Marine Stadium,,03:09,28472,GAME20050503LMRE0168
2005,2005-05-03,Reg Season,Fukuoka Softbank Hawks,Away,W,8,Orix Buffaloes,8,8,0,"1,0,0,0,0,3,1,3,0",7,Kyocera Dome Osaka,,02:49,33887,GAME20050503OBSH0171
2005,2005-05-03,Reg Season,Orix Buffaloes,Home,L,3,Fukuoka Softbank Hawks,3,6,0,"0,1,0,0,2,0,0,0,0",7,Kyocera Dome Osaka,,02:49,33887,GAME20050503OBSH0171
2005,2005-05-03,Reg Season,Hokkaido Nippon-Ham Fighters,Away,W,14,Seibu Lions,14,14,1,"1,3,0,0,8,0,1,1,0",7,Belluna Dome,,03:28,27590,GAME20050503SLNF0167
2005,2005-05-03,Reg Season,Seibu Lions,Home,L,7,Hokkaido Nippon-Ham Fighters,7,14,1,"1,1,0,0,2,1,0,1,1",7,Belluna Dome,,03:28,27590,GAME20050503SLNF0167
2005,2005-05-03,Reg Season,Yokohama BayStars,Away,W,5,Yomiuri Giants,5,10,0,"0,0,1,0,1,0,0,0,3",4,Tokyo Dome,,03:06,45727,GAME20050503YGDB0166
2005,2005-05-03,Reg Season,Yomiuri Giants,Home,L,4,Yokohama BayStars,4,8,0,"0,0,1,0,0,2,0,0,1",4,Tokyo Dome,,03:06,45727,GAME20050503YGDB0166
2005,2005-05-04,Reg Season,Yakult Swallows,Away,L,1,Chunichi Dragons,1,7,0,"1,0,0,0,0,0,0,0,0",5,Vantelin Dome Nagoya,,03:04,37900,GAME20050504CDYS0174
2005,2005-05-04,Reg Season,Chunichi Dragons,Home,W,12,Yakult Swallows,12,13,0,"2,4,2,4,0,0,0,0,x",5,Vantelin Dome Nagoya,,03:04,37900,GAME20050504CDYS0174
2005,2005-05-04,Reg Season,Hiroshima Toyo Carp,Away,L,1,Hanshin Tigers,1,7,3,"0,0,0,0,1,0,0,0,0",5,Hanshin Koshien Stadium,,03:00,47261,GAME20050504HTHC0177
2005,2005-05-04,Reg Season,Hanshin Tigers,Home,W,6,Hiroshima Toyo Carp,6,12,0,"4,2,0,0,0,0,0,0,x",5,Hanshin Koshien Stadium,,03:00,47261,GAME20050504HTHC0177
2005,2005-05-04,Reg Season,Tohoku Rakuten Golden Eagles,Away,L,0,Chiba Lotte Marines,0,9,2,"0,0,0,0,0,0,0,0,0",7,ZOZO Marine Stadium,,03:50,28874,GAME20050504LMRE0173
2005,2005-05-04,Reg Season,Chiba Lotte Marines,Home,W,10,Tohoku Rakuten Golden Eagles,10,16,1,"1,0,0,0,0,0,5,4,x",7,ZOZO Marine Stadium,,03:50,28874,GAME20050504LMRE0173
2005,2005-05-04,Reg Season,Fukuoka Softbank Hawks,Away,W,4,Orix Buffaloes,4,7,0,"0,0,0,0,1,2,0,0,0,1",8,Kyocera Dome Osaka,,03:38,27141,GAME20050504OBSH0175
2005,2005-05-04,Reg Season,Orix Buffaloes,Home,L,3,Fukuoka Softbank Hawks,3,7,0,"1,0,0,0,0,1,0,0,1,0",8,Kyocera Dome Osaka,,03:38,27141,GAME20050504OBSH0175
2005,2005-05-04,Reg Season,Hokkaido Nippon-Ham Fighters,Away,L,3,Seibu Lions,3,6,2,"0,0,0,1,0,1,0,0,1",8,Belluna Dome,,02:59,25155,GAME20050504SLNF0176
2005,2005-05-04,Reg Season,Seibu Lions,Home,W,12,Hokkaido Nippon-Ham Fighters,12,14,0,"9,0,1,0,0,0,1,1,x",8,Belluna Dome,,02:59,25155,GAME20050504SLNF0176
2005,2005-05-04,Reg Season,Yokohama BayStars,Away,W,9,Yomiuri Giants,9,16,0,"2,0,2,4,0,0,0,0,1",5,Tokyo Dome,,02:50,45535,GAME20050504YGDB0172
2005,2005-05-04,Reg Season,Yomiuri Giants,Home,L,3,Yokohama BayStars,3,5,1,"0,0,0,1,2,0,0,0,0",5,Tokyo Dome,,02:50,45535,GAME20050504YGDB0172
2005,2005-05-05,Reg Season,Yakult Swallows,Away,L,0,Chunichi Dragons,0,4,0,"0,0,0,0,0,0,0,0,0",6,Vantelin Dome Nagoya,,03:00,33000,GAME20050505CDYS0179
2005,2005-05-05,Reg Season,Chunichi Dragons,Home,W,1,Yakult Swallows,1,4,0,"0,0,0,0,0,0,1,0,x",6,Vantelin Dome Nagoya,,03:00,33000,GAME20050505CDYS0179
2005,2005-05-05,Reg Season,Hiroshima Toyo Carp,Away,L,3,Hanshin Tigers,3,5,1,"0,1,0,0,0,0,0,2,0",6,Hanshin Koshien Stadium,,03:15,47259,GAME20050505HTHC0181
2005,2005-05-05,Reg Season,Hanshin Tigers,Home,W,9,Hiroshima Toyo Carp,9,10,0,"1,1,1,0,1,0,0,5,x",6,Hanshin Koshien Stadium,,03:15,47259,GAME20050505HTHC0181
2005,2005-05-05,Reg Season,Tohoku Rakuten Golden Eagles,Away,W,7,Chiba Lotte Marines,7,10,1,"2,0,0,0,2,3,0,0,0",8,ZOZO Marine Stadium,,02:59,28184,GAME20050505LMRE0182
2005,2005-05-05,Reg Season,Chiba Lotte Marines,Home,L,1,Tohoku Rakuten Golden Eagles,1,4,1,"1,0,0,0,0,0,0,0,0",8,ZOZO Marine Stadium,,02:59,28184,GAME20050505LMRE0182
2005,2005-05-05,Reg Season,Fukuoka Softbank Hawks,Away,W,6,Orix Buffaloes,6,13,0,"1,3,0,0,2,0,0,0,0",9,Kyocera Dome Osaka,,03:03,27060,GAME20050505OBSH0183
2005,2005-05-05,Reg Season,Orix Buffaloes,Home,L,0,Fukuoka Softbank Hawks,0,10,1,"0,0,0,0,0,0,0,0,0",9,Kyocera Dome Osaka,,03:03,27060,GAME20050505OBSH0183
2005,2005-05-05,Reg Season,Hokkaido Nippon-Ham Fighters,Away,L,1,Seibu Lions,1,8,1,"1,0,0,0,0,0,0,0,0",9,Belluna Dome,,02:56,27194,GAME20050505SLNF0180
2005,2005-05-05,Reg Season,Seibu Lions,Home,W,10,Hokkaido Nippon-Ham Fighters,10,12,0,"5,0,0,1,2,0,0,2,x",9,Belluna Dome,,02:56,27194,GAME20050505SLNF0180
2005,2005-05-05,Reg Season,Yokohama BayStars,Away,W,3,Yomiuri Giants,3,13,0,"0,0,0,0,0,3,0,0,0",6,Tokyo Dome,,02:54,44399,GAME20050505YGDB0178
2005,2005-05-05,Reg Season,Yomiuri Giants,Home,L,2,Yokohama BayStars,2,6,0,"0,0,1,1,0,0,0,0,0",6,Tokyo Dome,,02:54,44399,GAME20050505YGDB0178
2005,2005-05-06,Reg Season,Chiba Lotte Marines,Away,L,1,Yokohama BayStars,1,3,0,"0,0,0,0,0,0,1,0,0",1,Yokohama Stadium,,02:35,7000,GAME20050506DBLM0184
2005,2005-05-06,Reg Season,Yokohama BayStars,Home,W,2,Chiba Lotte Marines,2,5,1,"0,0,0,0,0,0,0,0,2x",1,Yokohama Stadium,,02:35,7000,GAME20050506DBLM0184
2005,2005-05-06,Reg Season,Seibu Lions,Away,W,13,Hiroshima Toyo Carp,13,15,0,"0,2,7,0,0,0,4,0,0",1,MAZDA Zoom-Zoom Stadium Hiroshima,,02:59,8455,GAME20050506HCSL0188
2005,2005-05-06,Reg Season,Hiroshima Toyo Carp,Home,L,4,Seibu Lions,4,9,1,"0,1,0,0,0,1,2,0,0",1,MAZDA Zoom-Zoom Stadium Hiroshima,,02:59,8455,GAME20050506HCSL0188
2005,2005-05-06,Reg Season,Hanshin Tigers,Away,W,10,Hokkaido Nippon-Ham Fighters,10,13,0,"0,0,0,0,0,0,0,6,4",1,Sapporo Dome,,03:55,22877,GAME20050506NFHT0185
2005,2005-05-06,Reg Season,Hokkaido Nippon-Ham Fighters,Home,L,2,Hanshin Tigers,2,8,0,"0,0,0,0,0,1,1,0,0",1,Sapporo Dome,,03:55,22877,GAME20050506NFHT0185
2005,2005-05-06,Reg Season,Chunichi Dragons,Away,L,0,Orix Buffaloes,0,7,1,"0,0,0,0,0,0,0,0,0",1,Kobe Athletic Park Baseball Field,,02:49,13225,GAME20050506OBCD0187
2005,2005-05-06,Reg Season,Orix Buffaloes,Home,W,6,Chunichi Dragons,6,10,0,"0,0,1,0,1,2,2,0,x",1,Kobe Athletic Park Baseball Field,,02:49,13225,GAME20050506OBCD0187
2005,2005-05-06,Reg Season,Yomiuri Giants,Away,W,8,Tohoku Rakuten Golden Eagles,8,13,1,"1,0,1,2,0,0,1,0,3",1,Rakuten Seimei Park Miyagi,,03:38,18613,GAME20050506REYG0186
2005,2005-05-06,Reg Season,Tohoku Rakuten Golden Eagles,Home,L,6,Yomiuri Giants,6,10,0,"0,1,0,1,0,0,0,0,4",1,Rakuten Seimei Park Miyagi,,03:38,18613,GAME20050506REYG0186
2005,2005-05-07,Reg Season,Chiba Lotte Marines,Away,W,3,Yokohama BayStars,3,9,1,"2,0,0,0,0,0,0,1,0",2,Yokohama Stadium,,03:17,16969,GAME20050507DBLM0193
2005,2005-05-07,Reg Season,Yokohama BayStars,Home,L,2,Chiba Lotte Marines,2,3,1,"2,0,0,0,0,0,0,0,0",2,Yokohama Stadium,,03:17,16969,GAME20050507DBLM0193
2005,2005-05-07,Reg Season,Seibu Lions,Away,W,3,Hiroshima Toyo Carp,3,8,1,"0,0,0,0,0,0,0,2,1",2,MAZDA Zoom-Zoom Stadium Hiroshima,,03:40,14639,GAME20050507HCSL0192
2005,2005-05-07,Reg Season,Hiroshima Toyo Carp,Home,L,0,Seibu Lions,0,8,0,"0,0,0,0,0,0,0,0,0",2,MAZDA Zoom-Zoom Stadium Hiroshima,,03:40,14639,GAME20050507HCSL0192
2005,2005-05-07,Reg Season,Hanshin Tigers,Away,L,1,Hokkaido Nippon-Ham Fighters,1,7,1,"0,0,0,0,0,0,1,0,0,0,0,0",2,Sapporo Dome,,05:10,29456,GAME20050507NFHT0190
2005,2005-05-07,Reg Season,Hokkaido Nippon-Ham Fighters,Home,W,2,Hanshin Tigers,2,8,1,"0,0,0,0,0,0,0,1,0,0,0,1x",2,Sapporo Dome,,05:10,29456,GAME20050507NFHT0190
2005,2005-05-07,Reg Season,Chunichi Dragons,Away,L,3,Orix Buffaloes,3,10,0,"0,0,3,0,0,0,0,0,0",2,Kobe Athletic Park Baseball Field,,03:06,30218,GAME20050507OBCD0191
2005,2005-05-07,Reg Season,Orix Buffaloes,Home,W,6,Chunichi Dragons,6,11,1,"0,0,0,0,1,3,1,1,x",2,Kobe Athletic Park Baseball Field,,03:06,30218,GAME20050507OBCD0191
2005,2005-05-07,Reg Season,Yomiuri Giants,Away,W,12,Tohoku Rakuten Golden Eagles,12,12,0,"0,5,1,0,0,0,1,1,4",2,Rakuten Seimei Park Miyagi,,03:12,19280,GAME20050507REYG0194
2005,2005-05-07,Reg Season,Tohoku Rakuten Golden Eagles,Home,L,6,Yomiuri Giants,6,10,0,"2,2,0,0,0,0,0,0,2",2,Rakuten Seimei Park Miyagi,,03:12,19280,GAME20050507REYG0194
2005,2005-05-07,Reg Season,Fukuoka Softbank Hawks,Away,W,4,Yakult Swallows,4,7,0,"0,0,0,1,1,0,2,0,0",1,Meiji Jingu Stadium,,03:21,26244,GAME20050507YSSH0189
2005,2005-05-07,Reg Season,Yakult Swallows,Home,L,2,Fukuoka Softbank Hawks,2,6,0,"0,0,0,1,1,0,0,0,0",1,Meiji Jingu Stadium,,03:21,26244,GAME20050507YSSH0189
2005,2005-05-08,Reg Season,Chiba Lotte Marines,Away,W,18,Yokohama BayStars,18,19,0,"4,0,3,6,3,0,2,0,0",3,Yokohama Stadium,,03:04,22528,GAME20050508DBLM0197
2005,2005-05-08,Reg Season,Yokohama BayStars,Home,L,0,Chiba Lotte Marines,0,7,0,"0,0,0,0,0,0,0,0,0",3,Yokohama Stadium,,03:04,22528,GAME20050508DBLM0197
2005,2005-05-08,Reg Season,Seibu Lions,Away,L,5,Hiroshima Toyo Carp,5,7,0,"2,0,0,0,0,0,3,0,0",3,MAZDA Zoom-Zoom Stadium Hiroshima,,04:02,15664,GAME20050508HCSL0200
2005,2005-05-08,Reg Season,Hiroshima Toyo Carp,Home,W,10,Seibu Lions,10,17,0,"3,3,1,2,1,0,0,0,x",3,MAZDA Zoom-Zoom Stadium Hiroshima,,04:02,15664,GAME20050508HCSL0200
2005,2005-05-08,Reg Season,Hanshin Tigers,Away,W,4,Hokkaido Nippon-Ham Fighters,4,10,0,"0,0,0,0,0,2,0,2,0",3,Sapporo Dome,,02:57,30152,GAME20050508NFHT0199
2005,2005-05-08,Reg Season,Hokkaido Nippon-Ham Fighters,Home,L,1,Hanshin Tigers,1,7,1,"0,0,0,0,0,0,0,0,1",3,Sapporo Dome,,02:57,30152,GAME20050508NFHT0199
2005,2005-05-08,Reg Season,Chunichi Dragons,Away,W,8,Orix Buffaloes,8,13,0,"1,0,0,3,1,0,0,2,1",3,Kobe Athletic Park Baseball Field,,03:47,24263,GAME20050508OBCD0196
2005,2005-05-08,Reg Season,Orix Buffaloes,Home,L,6,Chunichi Dragons,6,9,1,"0,1,2,0,3,0,0,0,0",3,Kobe Athletic Park Baseball Field,,03:47,24263,GAME20050508OBCD0196
2005,2005-05-08,Reg Season,Yomiuri Giants,Away,L,1,Tohoku Rakuten Golden Eagles,1,8,1,"0,0,1,0,0,0,0,0,0",3,Rakuten Seimei Park Miyagi,,02:44,19449,GAME20050508REYG0198
2005,2005-05-08,Reg Season,Tohoku Rakuten Golden Eagles,Home,W,4,Yomiuri Giants,4,10,0,"1,2,0,0,1,0,0,0,x",3,Rakuten Seimei Park Miyagi,,02:44,19449,GAME20050508REYG0198
2005,2005-05-08,Reg Season,Fukuoka Softbank Hawks,Away,W,12,Yakult Swallows,12,15,0,"0,2,3,0,0,4,0,1,2",2,Meiji Jingu Stadium,,03:20,17990,GAME20050508YSSH0195
2005,2005-05-08,Reg Season,Yakult Swallows,Home,L,1,Fukuoka Softbank Hawks,1,8,0,"1,0,0,0,0,0,0,0,0",2,Meiji Jingu Stadium,,03:20,17990,GAME20050508YSSH0195
2005,2005-05-09,Reg Season,Fukuoka Softbank Hawks,Away,L,2,Yakult Swallows,2,5,0,"0,0,0,2,0,0,0,0,0,0,0",3,Meiji Jingu Stadium,,03:41,13045,GAME20050509YSSH0201
2005,2005-05-09,Reg Season,Yakult Swallows,Home,W,3,Fukuoka Softbank Hawks,3,10,1,"0,0,0,0,1,1,0,0,0,0,1x",3,Meiji Jingu Stadium,,03:41,13045,GAME20050509YSSH0201
2005,2005-05-10,Reg Season,Hanshin Tigers,Away,L,0,Chiba Lotte Marines,0,8,2,"0,0,0,0,0,0,0,0,0",1,ZOZO Marine Stadium,,03:05,18723,GAME20050510LMHT0207
2005,2005-05-10,Reg Season,Chiba Lotte Marines,Home,W,3,Hanshin Tigers,3,8,0,"1,0,1,1,0,0,0,0,x",1,ZOZO Marine Stadium,,03:05,18723,GAME20050510LMHT0207
2005,2005-05-10,Reg Season,Yokohama BayStars,Away,W,9,Tohoku Rakuten Golden Eagles,9,14,0,"0,0,0,1,0,7,1,0,0",1,Rakuten Seimei Park Miyagi,,03:11,9864,GAME20050510REDB0204
2005,2005-05-10,Reg Season,Tohoku Rakuten Golden Eagles,Home,L,2,Yokohama BayStars,2,7,0,"0,0,1,0,1,0,0,0,0",1,Rakuten Seimei Park Miyagi,,03:11,9864,GAME20050510REDB0204
2005,2005-05-10,Reg Season,Hiroshima Toyo Carp,Away,W,2,Fukuoka Softbank Hawks,2,6,0,"0,0,0,0,1,0,1,0,0",1,Mizuho PayPay Dome Fukuoka,,02:20,30937,GAME20050510SHHC0206
2005,2005-05-10,Reg Season,Fukuoka Softbank Hawks,Home,L,1,Hiroshima Toyo Carp,1,4,0,"0,0,0,0,0,1,0,0,0",1,Mizuho PayPay Dome Fukuoka,,02:20,30937,GAME20050510SHHC0206
2005,2005-05-10,Reg Season,Chunichi Dragons,Away,L,1,Seibu Lions,1,4,0,"1,0,0,0,0,0,0,0,0",1,Belluna Dome,,03:01,11561,GAME20050510SLCD0203
2005,2005-05-10,Reg Season,Seibu Lions,Home,W,2,Chunichi Dragons,2,6,1,"0,0,0,0,1,0,0,0,1x",1,Belluna Dome,,03:01,11561,GAME20050510SLCD0203
2005,2005-05-10,Reg Season,Orix Buffaloes,Away,L,1,Yomiuri Giants,1,4,0,"0,0,0,1,0,0,0,0,0",1,Tokyo Dome,,02:07,36045,GAME20050510YGOB0205
2005,2005-05-10,Reg Season,Yomiuri Giants,Home,W,2,Orix Buffaloes,2,3,0,"0,0,1,0,0,0,0,1,x",1,Tokyo Dome,,02:07,36045,GAME20050510YGOB0205
2005,2005-05-10,Reg Season,Hokkaido Nippon-Ham Fighters,Away,L,2,Yakult Swallows,2,8,1,"0,0,0,2,0,0,0,0,0",1,Meiji Jingu Stadium,,02:28,12495,GAME20050510YSNF0202
2005,2005-05-10,Reg Season,Yakult Swallows,Home,W,4,Hokkaido Nippon-Ham Fighters,4,7,0,"0,0,0,2,0,2,0,0,x",1,Meiji Jingu Stadium,,02:28,12495,GAME20050510YSNF0202
2005,2005-05-11,Reg Season,Hanshin Tigers,Away,L,1,Chiba Lotte Marines,1,9,2,"0,0,0,0,0,0,0,1,0",2,ZOZO Marine Stadium,,02:52,20014,GAME20050511LMHT0211
2005,2005-05-11,Reg Season,Chiba Lotte Marines,Home,W,4,Hanshin Tigers,4,6,0,"0,1,1,0,0,1,1,0,x",2,ZOZO Marine Stadium,,02:52,20014,GAME20050511LMHT0211
2005,2005-05-11,Reg Season,Yokohama BayStars,Away,W,5,Tohoku Rakuten Golden Eagles,5,9,2,"1,0,0,0,0,4,0,0,0",2,Rakuten Seimei Park Miyagi,,03:11,9739,GAME20050511REDB0209
2005,2005-05-11,Reg Season,Tohoku Rakuten Golden Eagles,Home,L,3,Yokohama BayStars,3,8,0,"0,0,2,0,0,0,1,0,0",2,Rakuten Seimei Park Miyagi,,03:11,9739,GAME20050511REDB0209
2005,2005-05-11,Reg Season,Hiroshima Toyo Carp,Away,L,0,Fukuoka Softbank Hawks,0,5,2,"0,0,0,0,0,0,0,0,0",2,Mizuho PayPay Dome Fukuoka,,02:55,29622,GAME20050511SHHC0210
2005,2005-05-11,Reg Season,Fukuoka Softbank Hawks,Home,W,6,Hiroshima Toyo Carp,6,12,0,"0,0,0,2,0,3,1,0,x",2,Mizuho PayPay Dome Fukuoka,,02:55,29622,GAME20050511SHHC0210
2005,2005-05-11,Reg Season,Chunichi Dragons,Away,L,0,Seibu Lions,0,6,1,"0,0,0,0,0,0,0,0,0",2,Belluna Dome,,03:07,12571,GAME20050511SLCD0212
2005,2005-05-11,Reg Season,Seibu Lions,Home,W,4,Chunichi Dragons,4,10,0,"0,0,1,0,0,1,0,2,x",2,Belluna Dome,,03:07,12571,GAME20050511SLCD0212
2005,2005-05-11,Reg Season,Orix Buffaloes,Away,T,4,Yomiuri Giants,4,12,0,"0,0,0,0,0,0,1,1,0,0,2,0",2,Tokyo Dome,,04:24,37041,GAME20050511YGOB0213
2005,2005-05-11,Reg Season,Yomiuri Giants,Home,T,4,Orix Buffaloes,4,12,1,"0,0,0,0,0,0,1,0,1,0,2,0",2,Tokyo Dome,,04:24,37041,GAME20050511YGOB0213
2005,2005-05-11,Reg Season,Hokkaido Nippon-Ham Fighters,Away,L,7,Yakult Swallows,7,9,1,"0,0,0,0,0,0,0,7,0",2,Meiji Jingu Stadium,,03:35,13349,GAME20050511YSNF0208
2005,2005-05-11,Reg Season,Yakult Swallows,Home,W,8,Hokkaido Nippon-Ham Fighters,8,11,0,"1,0,0,1,4,0,1,0,1x",2,Meiji Jingu Stadium,,03:35,13349,GAME20050511YSNF0208
2005,2005-05-12,Reg Season,Hanshin Tigers,Away,W,3,Chiba Lotte Marines,3,10,0,"2,0,0,0,0,0,0,0,1",3,ZOZO Marine Stadium,,03:02,19483,GAME20050512LMHT0218
2005,2005-05-12,Reg Season,Chiba Lotte Marines,Home,L,0,Hanshin Tigers,0,8,1,"0,0,0,0,0,0,0,0,0",3,ZOZO Marine Stadium,,03:02,19483,GAME20050512LMHT0218
2005,2005-05-12,Reg Season,Hiroshima Toyo Carp,Away,T,1,Fukuoka Softbank Hawks,1,9,0,"0,0,0,0,0,1,0,0,0,0,0,0",3,Mizuho PayPay Dome Fukuoka,,03:32,27558,GAME20050512SHHC0215
2005,2005-05-12,Reg Season,Fukuoka Softbank Hawks,Home,T,1,Hiroshima Toyo Carp,1,7,1,"0,0,0,0,0,0,1,0,0,0,0,0",3,Mizuho PayPay Dome Fukuoka,,03:32,27558,GAME20050512SHHC0215
2005,2005-05-12,Reg Season,Chunichi Dragons,Away,L,3,Seibu Lions,3,7,0,"0,1,0,1,0,0,1,0,0",3,Belluna Dome,,03:53,11027,GAME20050512SLCD0216
2005,2005-05-12,Reg Season,Seibu Lions,Home,W,4,Chunichi Dragons,4,9,1,"0,3,0,1,0,0,0,0,x",3,Belluna Dome,,03:53,11027,GAME20050512SLCD0216
2005,2005-05-12,Reg Season,Orix Buffaloes,Away,L,3,Yomiuri Giants,3,9,0,"0,1,0,1,0,0,1,0,0",3,Tokyo Dome,,03:17,36069,GAME20050512YGOB0217
2005,2005-05-12,Reg Season,Yomiuri Giants,Home,W,6,Orix Buffaloes,6,13,2,"1,1,0,0,1,3,0,0,x",3,Tokyo Dome,,03:17,36069,GAME20050512YGOB0217
2005,2005-05-12,Reg Season,Hokkaido Nippon-Ham Fighters,Away,L,0,Yakult Swallows,0,4,0,"0,0,0,0,0,0,0,0,0",3,Meiji Jingu Stadium,,02:47,12191,GAME20050512YSNF0214
2005,2005-05-12,Reg Season,Yakult Swallows,Home,W,3,Hokkaido Nippon-Ham Fighters,3,5,0,"0,0,0,2,0,1,0,0,x",3,Meiji Jingu Stadium,,02:47,12191,GAME20050512YSNF0214
2005,2005-05-13,Reg Season,Fukuoka Softbank Hawks,Away,W,5,Chunichi Dragons,5,12,1,"0,0,0,0,0,0,1,3,1",1,Vantelin Dome Nagoya,,03:27,28400,GAME20050513CDSH0221
2005,2005-05-13,Reg Season,Chunichi Dragons,Home,L,2,Fukuoka Softbank Hawks,2,8,0,"0,0,0,0,0,2,0,0,0",1,Vantelin Dome Nagoya,,03:27,28400,GAME20050513CDSH0221
2005,2005-05-13,Reg Season,Tohoku Rakuten Golden Eagles,Away,L,1,Hanshin Tigers,1,7,1,"0,1,0,0,0,0,0,0,0",1,Hanshin Koshien Stadium,,03:38,47252,GAME20050513HTRE0219
2005,2005-05-13,Reg Season,Hanshin Tigers,Home,W,9,Tohoku Rakuten Golden Eagles,9,11,0,"1,0,1,0,0,3,0,4,x",1,Hanshin Koshien Stadium,,03:38,47252,GAME20050513HTRE0219
2005,2005-05-13,Reg Season,Yakult Swallows,Away,W,1,Chiba Lotte Marines,1,7,0,"0,0,0,0,0,1,0,0,0",1,ZOZO Marine Stadium,,03:03,11829,GAME20050513LMYS0222
2005,2005-05-13,Reg Season,Chiba Lotte Marines,Home,L,0,Yakult Swallows,0,6,3,"0,0,0,0,0,0,0,0,0",1,ZOZO Marine Stadium,,03:03,11829,GAME20050513LMYS0222
2005,2005-05-13,Reg Season,Yokohama BayStars,Away,W,13,Hokkaido Nippon-Ham Fighters,13,19,0,"0,3,0,1,1,0,5,0,3",1,Sapporo Dome,,03:26,14174,GAME20050513NFDB0223
2005,2005-05-13,Reg Season,Hokkaido Nippon-Ham Fighters,Home,L,1,Yokohama BayStars,1,7,1,"0,0,0,0,0,1,0,0,0",1,Sapporo Dome,,03:26,14174,GAME20050513NFDB0223
2005,2005-05-13,Reg Season,Hiroshima Toyo Carp,Away,L,2,Orix Buffaloes,2,7,2,"0,0,1,1,0,0,0,0,0,0",1,Kobe Athletic Park Baseball Field,,02:58,29009,GAME20050513OBHC0220
2005,2005-05-13,Reg Season,Orix Buffaloes,Home,W,3,Hiroshima Toyo Carp,3,5,1,"2,0,0,0,0,0,0,0,0,1x",1,Kobe Athletic Park Baseball Field,,02:58,29009,GAME20050513OBHC0220
2005,2005-05-13,Reg Season,Yomiuri Giants,Away,L,1,Seibu Lions,1,1,1,"0,0,0,0,0,0,0,0,1",1,Belluna Dome,,02:21,20449,GAME20050513SLYG0224
2005,2005-05-13,Reg Season,Seibu Lions,Home,W,6,Yomiuri Giants,6,9,0,"2,0,4,0,0,0,0,0,x",1,Belluna Dome,,02:21,20449,GAME20050513SLYG0224
2005,2005-05-14,Reg Season,Fukuoka Softbank Hawks,Away,L,2,Chunichi Dragons,2,6,1,"1,0,1,0,0,0,0,0,0",2,Vantelin Dome Nagoya,,03:32,37800,GAME20050514CDSH0226
2005,2005-05-14,Reg Season,Chunichi Dragons,Home,W,3,Fukuoka Softbank Hawks,3,8,0,"0,0,0,0,0,0,1,1,1x",2,Vantelin Dome Nagoya,,03:32,37800,GAME20050514CDSH0226
2005,2005-05-14,Reg Season,Tohoku Rakuten Golden Eagles,Away,L,1,Hanshin Tigers,1,4,2,"1,0,0,0,0,0,0,0,0",2,Hanshin Koshien Stadium,,03:15,47267,GAME20050514HTRE0225
2005,2005-05-14,Reg Season,Hanshin Tigers,Home,W,5,Tohoku Rakuten Golden Eagles,5,9,0,"0,0,2,1,0,0,2,0,x",2,Hanshin Koshien Stadium,,03:15,47267,GAME20050514HTRE0225
2005,2005-05-14,Reg Season,Yakult Swallows,Away,W,11,Chiba Lotte Marines,11,15,1,"0,0,2,0,1,6,2,0,0",2,ZOZO Marine Stadium,,03:02,20307,GAME20050514LMYS0230
2005,2005-05-14,Reg Season,Chiba Lotte Marines,Home,L,3,Yakult Swallows,3,8,1,"0,1,0,0,1,1,0,0,0",2,ZOZO Marine Stadium,,03:02,20307,GAME20050514LMYS0230
2005,2005-05-14,Reg Season,Yokohama BayStars,Away,L,0,Hokkaido Nippon-Ham Fighters,0,2,0,"0,0,0,0,0,0,0,0,0",2,Sapporo Dome,,02:20,15638,GAME20050514NFDB0227
2005,2005-05-14,Reg Season,Hokkaido Nippon-Ham Fighters,Home,W,1,Yokohama BayStars,1,5,0,"0,0,0,0,0,1,0,0,x",2,Sapporo Dome,,02:20,15638,GAME20050514NFDB0227
2005,2005-05-14,Reg Season,Hiroshima Toyo Carp,Away,L,4,Orix Buffaloes,4,13,2,"0,0,0,0,0,0,1,3,0",2,Kobe Athletic Park Baseball Field,,03:20,24423,GAME20050514OBHC0229
2005,2005-05-14,Reg Season,Orix Buffaloes,Home,W,5,Hiroshima Toyo Carp,5,9,1,"0,0,0,0,0,4,0,1,x",2,Kobe Athletic Park Baseball Field,,03:20,24423,GAME20050514OBHC0229
2005,2005-05-14,Reg Season,Yomiuri Giants,Away,W,9,Seibu Lions,9,9,0,"3,2,0,0,0,0,0,0,0,0,4",2,Belluna Dome,,04:47,35234,GAME20050514SLYG0228
2005,2005-05-14,Reg Season,Seibu Lions,Home,L,5,Yomiuri Giants,5,7,1,"0,1,0,4,0,0,0,0,0,0,0",2,Belluna Dome,,04:47,35234,GAME20050514SLYG0228
2005,2005-05-15,Reg Season,Fukuoka Softbank Hawks,Away,W,4,Chunichi Dragons,4,10,2,"2,0,1,0,0,0,0,0,1",3,Vantelin Dome Nagoya,,03:35,35800,GAME20050515CDSH0235
2005,2005-05-15,Reg Season,Chunichi Dragons,Home,L,2,Fukuoka Softbank Hawks,2,10,1,"0,1,1,0,0,0,0,0,0",3,Vantelin Dome Nagoya,,03:35,35800,GAME20050515CDSH0235
2005,2005-05-15,Reg Season,Tohoku Rakuten Golden Eagles,Away,L,4,Hanshin Tigers,4,7,1,"0,0,0,2,1,0,0,0,1",3,Hanshin Koshien Stadium,,03:17,47254,GAME20050515HTRE0231
2005,2005-05-15,Reg Season,Hanshin Tigers,Home,W,7,Tohoku Rakuten Golden Eagles,7,13,0,"1,0,0,0,0,6,0,0,x",3,Hanshin Koshien Stadium,,03:17,47254,GAME20050515HTRE0231
2005,2005-05-15,Reg Season,Yakult Swallows,Away,W,1,Chiba Lotte Marines,1,6,0,"0,0,0,0,0,1,0,0,0",3,ZOZO Marine Stadium,,02:41,22351,GAME20050515LMYS0234
2005,2005-05-15,Reg Season,Chiba Lotte Marines,Home,L,0,Yakult Swallows,0,6,2,"0,0,0,0,0,0,0,0,0",3,ZOZO Marine Stadium,,02:41,22351,GAME20050515LMYS0234
2005,2005-05-15,Reg Season,Yokohama BayStars,Away,L,3,Hokkaido Nippon-Ham Fighters,3,6,0,"0,0,0,3,0,0,0,0,0",3,Sapporo Dome,,02:42,20012,GAME20050515NFDB0232
2005,2005-05-15,Reg Season,Hokkaido Nippon-Ham Fighters,Home,W,5,Yokohama BayStars,5,8,1,"2,0,2,0,0,0,0,1,x",3,Sapporo Dome,,02:42,20012,GAME20050515NFDB0232
2005,2005-05-15,Reg Season,Hiroshima Toyo Carp,Away,W,16,Orix Buffaloes,16,22,0,"6,1,1,2,5,0,0,0,1",3,Kobe Athletic Park Baseball Field,,04:34,24554,GAME20050515OBHC0233
2005,2005-05-15,Reg Season,Orix Buffaloes,Home,L,14,Hiroshima Toyo Carp,14,20,0,"2,0,4,0,8,0,0,0,0",3,Kobe Athletic Park Baseball Field,,04:34,24554,GAME20050515OBHC0233
2005,2005-05-15,Reg Season,Yomiuri Giants,Away,W,10,Seibu Lions,10,15,0,"0,0,1,0,0,2,0,3,4",3,Belluna Dome,,03:49,28221,GAME20050515SLYG0236
2005,2005-05-15,Reg Season,Seibu Lions,Home,L,5,Yomiuri Giants,5,10,1,"0,2,0,1,0,0,2,0,0",3,Belluna Dome,,03:49,28221,GAME20050515SLYG0236
2005,2005-05-17,Reg Season,Chiba Lotte Marines,Away,W,6,Hiroshima Toyo Carp,6,10,1,"0,0,0,1,0,0,1,2,2",1,Fukuyama-shi Takegahana athletic park ballpark,,03:52,7061,GAME20050517HCLM0237
2005,2005-05-17,Reg Season,Hiroshima Toyo Carp,Home,L,3,Chiba Lotte Marines,3,8,0,"0,0,0,0,1,0,2,0,0",1,Fukuyama-shi Takegahana athletic park ballpark,,03:52,7061,GAME20050517HCLM0237
2005,2005-05-17,Reg Season,Seibu Lions,Away,W,3,Hanshin Tigers,3,12,0,"0,1,0,0,0,2,0,0,0",1,Wakasa Stadium Kyoto,,03:11,15930,GAME20050517HTSL0239
2005,2005-05-17,Reg Season,Hanshin Tigers,Home,L,2,Seibu Lions,2,9,0,"0,0,0,0,0,0,0,0,2",1,Wakasa Stadium Kyoto,,03:11,15930,GAME20050517HTSL0239
2005,2005-05-17,Reg Season,Chunichi Dragons,Away,L,0,Hokkaido Nippon-Ham Fighters,0,2,0,"0,0,0,0,0,0,0,0,0",1,Sapporo Dome,,02:56,13512,GAME20050517NFCD0241
2005,2005-05-17,Reg Season,Hokkaido Nippon-Ham Fighters,Home,W,2,Chunichi Dragons,2,8,1,"0,0,1,0,0,0,1,0,x",1,Sapporo Dome,,02:56,13512,GAME20050517NFCD0241
2005,2005-05-17,Reg Season,Yokohama BayStars,Away,W,4,Orix Buffaloes,4,8,0,"0,0,0,0,0,3,0,1,0",1,Kyocera Dome Osaka,,02:45,11404,GAME20050517OBDB0242
2005,2005-05-17,Reg Season,Orix Buffaloes,Home,L,1,Yokohama BayStars,1,4,0,"0,0,0,0,0,0,0,0,1",1,Kyocera Dome Osaka,,02:45,11404,GAME20050517OBDB0242
2005,2005-05-17,Reg Season,Yakult Swallows,Away,L,4,Tohoku Rakuten Golden Eagles,4,9,1,"0,0,1,1,0,2,0,0,0",1,Rakuten Seimei Park Miyagi,,03:47,11163,GAME20050517REYS0240
2005,2005-05-17,Reg Season,Tohoku Rakuten Golden Eagles,Home,W,5,Yakult Swallows,5,10,0,"0,2,0,0,2,0,0,1,x",1,Rakuten Seimei Park Miyagi,,03:47,11163,GAME20050517REYS0240
2005,2005-05-17,Reg Season,Yomiuri Giants,Away,L,2,Fukuoka Softbank Hawks,2,7,0,"0,0,0,1,1,0,0,0,0",1,Mizuho PayPay Dome Fukuoka,,02:53,34055,GAME20050517SHYG0238
2005,2005-05-17,Reg Season,Fukuoka Softbank Hawks,Home,W,3,Yomiuri Giants,3,9,0,"0,0,0,0,0,3,0,0,x",1,Mizuho PayPay Dome Fukuoka,,02:53,34055,GAME20050517SHYG0238
2005,2005-05-18,Reg Season,Chiba Lotte Marines,Away,W,9,Hiroshima Toyo Carp,9,16,0,"0,0,1,2,3,2,1,0,0",2,MAZDA Zoom-Zoom Stadium Hiroshima,,03:43,7831,GAME20050518HCLM0243
2005,2005-05-18,Reg Season,Hiroshima Toyo Carp,Home,L,5,Chiba Lotte Marines,5,9,1,"0,0,0,0,0,1,1,3,0",2,MAZDA Zoom-Zoom Stadium Hiroshima,,03:43,7831,GAME20050518HCLM0243
2005,2005-05-18,Reg Season,Seibu Lions,Away,L,2,Hanshin Tigers,2,7,0,"0,0,0,0,0,0,0,2,0",2,Hanshin Koshien Stadium,,03:23,44030,GAME20050518HTSL0244
2005,2005-05-18,Reg Season,Hanshin Tigers,Home,W,3,Seibu Lions,3,7,0,"0,2,0,0,1,0,0,0,x",2,Hanshin Koshien Stadium,,03:23,44030,GAME20050518HTSL0244
2005,2005-05-18,Reg Season,Chunichi Dragons,Away,W,11,Hokkaido Nippon-Ham Fighters,11,18,0,"0,2,0,2,0,0,0,1,6",2,Sapporo Dome,,03:54,13187,GAME20050518NFCD0245
2005,2005-05-18,Reg Season,Hokkaido Nippon-Ham Fighters,Home,L,4,Chunichi Dragons,4,9,0,"0,0,1,2,0,0,0,1,0",2,Sapporo Dome,,03:54,13187,GAME20050518NFCD0245
2005,2005-05-18,Reg Season,Yokohama BayStars,Away,L,3,Orix Buffaloes,3,6,0,"0,0,0,1,2,0,0,0,0",2,Kyocera Dome Osaka,,03:19,11943,GAME20050518OBDB0246
2005,2005-05-18,Reg Season,Orix Buffaloes,Home,W,4,Yokohama BayStars,4,7,0,"1,0,0,0,1,2,0,0,x",2,Kyocera Dome Osaka,,03:19,11943,GAME20050518OBDB0246
2005,2005-05-18,Reg Season,Yakult Swallows,Away,W,3,Tohoku Rakuten Golden Eagles,3,9,0,"0,0,0,0,0,0,3,0,0",2,Rakuten Seimei Park Miyagi,,03:12,10589,GAME20050518REYS0248
2005,2005-05-18,Reg Season,Tohoku Rakuten Golden Eagles,Home,L,2,Yakult Swallows,2,6,0,"0,0,0,0,0,0,0,2,0",2,Rakuten Seimei Park Miyagi,,03:12,10589,GAME20050518REYS0248
2005,2005-05-18,Reg Season,Yomiuri Giants,Away,L,1,Fukuoka Softbank Hawks,1,5,4,"1,0,0,0,0,0,0,0,0",2,Mizuho PayPay Dome Fukuoka,,02:44,33997,GAME20050518SHYG0247
2005,2005-05-18,Reg Season,Fukuoka Softbank Hawks,Home,W,7,Yomiuri Giants,7,13,1,"1,0,0,1,0,3,2,0,x",2,Mizuho PayPay Dome Fukuoka,,02:44,33997,GAME20050518SHYG0247
2005,2005-05-19,Reg Season,Chiba Lotte Marines,Away,W,9,Hiroshima Toyo Carp,9,14,0,"2,0,0,0,0,2,3,0,2",3,MAZDA Zoom-Zoom Stadium Hiroshima,,03:02,10240,GAME20050519HCLM0249
2005,2005-05-19,Reg Season,Hiroshima Toyo Carp,Home,L,1,Chiba Lotte Marines,1,4,1,"0,0,0,0,0,0,1,0,0",3,MAZDA Zoom-Zoom Stadium Hiroshima,,03:02,10240,GAME20050519HCLM0249
2005,2005-05-19,Reg Season,Seibu Lions,Away,L,3,Hanshin Tigers,3,6,0,"2,0,0,0,0,0,0,0,1",3,Hanshin Koshien Stadium,,03:16,40913,GAME20050519HTSL0253
2005,2005-05-19,Reg Season,Hanshin Tigers,Home,W,5,Seibu Lions,5,7,2,"1,0,0,3,1,0,0,0,x",3,Hanshin Koshien Stadium,,03:16,40913,GAME20050519HTSL0253
2005,2005-05-19,Reg Season,Chunichi Dragons,Away,L,4,Hokkaido Nippon-Ham Fighters,4,11,0,"0,0,0,0,1,0,0,0,3",3,Sapporo Dome,,03:38,13365,GAME20050519NFCD0250
2005,2005-05-19,Reg Season,Hokkaido Nippon-Ham Fighters,Home,W,9,Chunichi Dragons,9,12,0,"0,1,0,4,1,0,0,3,x",3,Sapporo Dome,,03:38,13365,GAME20050519NFCD0250
2005,2005-05-19,Reg Season,Yokohama BayStars,Away,L,1,Orix Buffaloes,1,8,0,"0,0,0,0,0,0,0,0,1",3,Kyocera Dome Osaka,,02:27,11422,GAME20050519OBDB0254
2005,2005-05-19,Reg Season,Orix Buffaloes,Home,W,6,Yokohama BayStars,6,9,0,"1,0,0,1,0,0,4,0,x",3,Kyocera Dome Osaka,,02:27,11422,GAME20050519OBDB0254
2005,2005-05-19,Reg Season,Yakult Swallows,Away,W,9,Tohoku Rakuten Golden Eagles,9,13,1,"4,0,0,0,0,1,4,0,0",3,Rakuten Seimei Park Miyagi,,03:03,13218,GAME20050519REYS0252
2005,2005-05-19,Reg Season,Tohoku Rakuten Golden Eagles,Home,L,0,Yakult Swallows,0,2,0,"0,0,0,0,0,0,0,0,0",3,Rakuten Seimei Park Miyagi,,03:03,13218,GAME20050519REYS0252
2005,2005-05-19,Reg Season,Yomiuri Giants,Away,W,5,Fukuoka Softbank Hawks,5,9,0,"0,0,0,0,2,0,0,0,3",3,Mizuho PayPay Dome Fukuoka,,03:11,33618,GAME20050519SHYG0251
2005,2005-05-19,Reg Season,Fukuoka Softbank Hawks,Home,L,4,Yomiuri Giants,4,6,0,"0,0,0,2,0,0,0,0,2",3,Mizuho PayPay Dome Fukuoka,,03:11,33618,GAME20050519SHYG0251
2005,2005-05-20,Reg Season,Seibu Lions,Away,W,3,Yokohama BayStars,3,12,0,"1,0,0,0,0,2,0,0,0",1,Yokohama Stadium,,03:02,10407,GAME20050520DBSL0259
2005,2005-05-20,Reg Season,Yokohama BayStars,Home,L,2,Seibu Lions,2,5,2,"0,1,1,0,0,0,0,0,0",1,Yokohama Stadium,,03:02,10407,GAME20050520DBSL0259
2005,2005-05-20,Reg Season,Tohoku Rakuten Golden Eagles,Away,L,4,Hiroshima Toyo Carp,4,9,1,"1,0,3,0,0,0,0,0,0",1,MAZDA Zoom-Zoom Stadium Hiroshima,,03:38,14877,GAME20050520HCRE0260
2005,2005-05-20,Reg Season,Hiroshima Toyo Carp,Home,W,6,Tohoku Rakuten Golden Eagles,6,10,0,"0,0,0,2,2,0,0,2,x",1,MAZDA Zoom-Zoom Stadium Hiroshima,,03:38,14877,GAME20050520HCRE0260
2005,2005-05-20,Reg Season,Chunichi Dragons,Away,W,7,Chiba Lotte Marines,7,12,0,"0,1,2,1,0,1,2,0,0",1,ZOZO Marine Stadium,,02:36,14571,GAME20050520LMCD0258
2005,2005-05-20,Reg Season,Chiba Lotte Marines,Home,L,1,Chunichi Dragons,1,1,0,"0,0,0,0,0,0,0,1,0",1,ZOZO Marine Stadium,,02:36,14571,GAME20050520LMCD0258
2005,2005-05-20,Reg Season,Hanshin Tigers,Away,L,7,Fukuoka Softbank Hawks,7,11,0,"0,0,0,0,0,1,3,0,3",1,Mizuho PayPay Dome Fukuoka,,03:16,32643,GAME20050520SHHT0256
2005,2005-05-20,Reg Season,Fukuoka Softbank Hawks,Home,W,16,Hanshin Tigers,16,15,2,"2,0,2,2,0,8,0,2,x",1,Mizuho PayPay Dome Fukuoka,,03:16,32643,GAME20050520SHHT0256
2005,2005-05-20,Reg Season,Hokkaido Nippon-Ham Fighters,Away,L,2,Yomiuri Giants,2,8,0,"0,0,0,0,0,0,0,0,2,0",1,Tokyo Dome,,03:33,43237,GAME20050520YGNF0257
2005,2005-05-20,Reg Season,Yomiuri Giants,Home,W,3,Hokkaido Nippon-Ham Fighters,3,8,0,"0,0,1,0,0,1,0,0,0,1x",1,Tokyo Dome,,03:33,43237,GAME20050520YGNF0257
2005,2005-05-20,Reg Season,Orix Buffaloes,Away,L,1,Yakult Swallows,1,8,2,"0,0,0,0,1,0,0,0,0",1,Meiji Jingu Stadium,,03:10,11447,GAME20050520YSOB0255
2005,2005-05-20,Reg Season,Yakult Swallows,Home,W,3,Orix Buffaloes,3,7,0,"0,0,1,0,1,1,0,0,x",1,Meiji Jingu Stadium,,03:10,11447,GAME20050520YSOB0255
2005,2005-05-21,Reg Season,Seibu Lions,Away,L,2,Yokohama BayStars,2,5,1,"2,0,0,0,0,0,0,0,0",2,Yokohama Stadium,,02:50,15859,GAME20050521DBSL0263
2005,2005-05-21,Reg Season,Yokohama BayStars,Home,W,7,Seibu Lions,7,9,0,"0,0,6,0,0,0,0,1,x",2,Yokohama Stadium,,02:50,15859,GAME20050521DBSL0263
2005,2005-05-21,Reg Season,Tohoku Rakuten Golden Eagles,Away,L,3,Hiroshima Toyo Carp,3,8,0,"0,0,0,3,0,0,0,0,0",2,MAZDA Zoom-Zoom Stadium Hiroshima,,03:05,22513,GAME20050521HCRE0264
2005,2005-05-21,Reg Season,Hiroshima Toyo Carp,Home,W,8,Tohoku Rakuten Golden Eagles,8,9,1,"2,0,0,0,5,1,0,0,x",2,MAZDA Zoom-Zoom Stadium Hiroshima,,03:05,22513,GAME20050521HCRE0264
2005,2005-05-21,Reg Season,Chunichi Dragons,Away,L,3,Chiba Lotte Marines,3,7,1,"0,0,2,0,1,0,0,0,0",2,ZOZO Marine Stadium,,03:22,25123,GAME20050521LMCD0266
2005,2005-05-21,Reg Season,Chiba Lotte Marines,Home,W,4,Chunichi Dragons,4,7,2,"0,1,0,0,0,0,2,0,1x",2,ZOZO Marine Stadium,,03:22,25123,GAME20050521LMCD0266
2005,2005-05-21,Reg Season,Hanshin Tigers,Away,W,9,Fukuoka Softbank Hawks,9,16,0,"2,0,2,0,0,2,0,3,0",2,Mizuho PayPay Dome Fukuoka,,03:44,34964,GAME20050521SHHT0265
2005,2005-05-21,Reg Season,Fukuoka Softbank Hawks,Home,L,2,Hanshin Tigers,2,11,2,"0,0,0,0,2,0,0,0,0",2,Mizuho PayPay Dome Fukuoka,,03:44,34964,GAME20050521SHHT0265
2005,2005-05-21,Reg Season,Hokkaido Nippon-Ham Fighters,Away,L,9,Yomiuri Giants,9,12,0,"4,0,0,0,3,0,1,1,0",2,Tokyo Dome,,03:51,45042,GAME20050521YGNF0262
2005,2005-05-21,Reg Season,Yomiuri Giants,Home,W,10,Hokkaido Nippon-Ham Fighters,10,16,0,"3,0,1,3,0,2,1,0,x",2,Tokyo Dome,,03:51,45042,GAME20050521YGNF0262
2005,2005-05-21,Reg Season,Orix Buffaloes,Away,W,9,Yakult Swallows,9,11,2,"2,2,1,0,0,0,0,0,0,0,4",2,Meiji Jingu Stadium,,04:38,16064,GAME20050521YSOB0261
2005,2005-05-21,Reg Season,Yakult Swallows,Home,L,5,Orix Buffaloes,5,14,0,"0,0,0,1,2,2,0,0,0,0,0",2,Meiji Jingu Stadium,,04:38,16064,GAME20050521YSOB0261
2005,2005-05-22,Reg Season,Seibu Lions,Away,L,10,Yokohama BayStars,10,12,0,"0,3,0,0,1,0,0,4,2",3,Yokohama Stadium,,04:00,15285,GAME20050522DBSL0268
2005,2005-05-22,Reg Season,Yokohama BayStars,Home,W,12,Seibu Lions,12,15,2,"1,1,0,5,1,0,4,0,x",3,Yokohama Stadium,,04:00,15285,GAME20050522DBSL0268
2005,2005-05-22,Reg Season,Tohoku Rakuten Golden Eagles,Away,L,2,Hiroshima Toyo Carp,2,5,2,"0,0,0,0,0,2,0,0,0",3,MAZDA Zoom-Zoom Stadium Hiroshima,,03:09,17788,GAME20050522HCRE0272
2005,2005-05-22,Reg Season,Hiroshima Toyo Carp,Home,W,10,Tohoku Rakuten Golden Eagles,10,13,0,"2,0,0,2,0,3,3,0,x",3,MAZDA Zoom-Zoom Stadium Hiroshima,,03:09,17788,GAME20050522HCRE0272
2005,2005-05-22,Reg Season,Chunichi Dragons,Away,L,4,Chiba Lotte Marines,4,6,1,"0,0,0,0,1,2,0,0,1",3,ZOZO Marine Stadium,,03:25,27780,GAME20050522LMCD0270
2005,2005-05-22,Reg Season,Chiba Lotte Marines,Home,W,11,Chunichi Dragons,11,17,0,"4,0,3,1,0,0,0,3,x",3,ZOZO Marine Stadium,,03:25,27780,GAME20050522LMCD0270
2005,2005-05-22,Reg Season,Hanshin Tigers,Away,W,8,Fukuoka Softbank Hawks,8,12,1,"1,0,3,0,1,0,0,2,1",3,Mizuho PayPay Dome Fukuoka,,03:54,35114,GAME20050522SHHT0269
2005,2005-05-22,Reg Season,Fukuoka Softbank Hawks,Home,L,4,Hanshin Tigers,4,10,0,"0,2,2,0,0,0,0,0,0",3,Mizuho PayPay Dome Fukuoka,,03:54,35114,GAME20050522SHHT0269
2005,2005-05-22,Reg Season,Hokkaido Nippon-Ham Fighters,Away,L,0,Yomiuri Giants,0,6,0,"0,0,0,0,0,0,0,0,0",3,Tokyo Dome,,02:57,43713,GAME20050522YGNF0271
2005,2005-05-22,Reg Season,Yomiuri Giants,Home,W,4,Hokkaido Nippon-Ham Fighters,4,9,0,"0,0,1,0,0,0,3,0,x",3,Tokyo Dome,,02:57,43713,GAME20050522YGNF0271
2005,2005-05-22,Reg Season,Orix Buffaloes,Away,W,5,Yakult Swallows,5,11,1,"0,0,0,0,1,0,2,1,1",3,Meiji Jingu Stadium,,03:25,10986,GAME20050522YSOB0267
2005,2005-05-22,Reg Season,Yakult Swallows,Home,L,3,Orix Buffaloes,3,10,2,"0,0,0,2,0,0,0,1,0",3,Meiji Jingu Stadium,,03:25,10986,GAME20050522YSOB0267
2005,2005-05-24,Reg Season,Tohoku Rakuten Golden Eagles,Away,W,3,Chunichi Dragons,3,10,2,"0,1,0,0,0,2,0,0,0",1,Vantelin Dome Nagoya,,03:07,30800,GAME20050524CDRE0276
2005,2005-05-24,Reg Season,Chunichi Dragons,Home,L,2,Tohoku Rakuten Golden Eagles,2,9,1,"0,0,0,1,0,0,0,0,1",1,Vantelin Dome Nagoya,,03:07,30800,GAME20050524CDRE0276
2005,2005-05-24,Reg Season,Fukuoka Softbank Hawks,Away,W,6,Yokohama BayStars,6,11,0,"1,0,0,1,1,1,0,2,0",1,Yokohama Stadium,,02:58,11620,GAME20050524DBSH0273
2005,2005-05-24,Reg Season,Yokohama BayStars,Home,L,1,Fukuoka Softbank Hawks,1,8,1,"0,0,0,0,0,0,1,0,0",1,Yokohama Stadium,,02:58,11620,GAME20050524DBSH0273
2005,2005-05-24,Reg Season,Hokkaido Nippon-Ham Fighters,Away,L,2,Hiroshima Toyo Carp,2,3,0,"0,0,2,0,0,0,0,0,0",1,MAZDA Zoom-Zoom Stadium Hiroshima,,02:30,14182,GAME20050524HCNF0274
2005,2005-05-24,Reg Season,Hiroshima Toyo Carp,Home,W,6,Hokkaido Nippon-Ham Fighters,6,9,1,"1,0,1,0,3,1,0,0,x",1,MAZDA Zoom-Zoom Stadium Hiroshima,,02:30,14182,GAME20050524HCNF0274
2005,2005-05-24,Reg Season,Orix Buffaloes,Away,W,4,Hanshin Tigers,4,5,1,"3,0,0,0,0,0,0,0,1",1,Kurashiki Sports Park Muscat Stadium,,03:17,17853,GAME20050524HTOB0277
2005,2005-05-24,Reg Season,Hanshin Tigers,Home,L,2,Orix Buffaloes,2,4,0,"1,0,0,0,0,0,1,0,0",1,Kurashiki Sports Park Muscat Stadium,,03:17,17853,GAME20050524HTOB0277
2005,2005-05-24,Reg Season,Chiba Lotte Marines,Away,W,11,Yomiuri Giants,11,14,0,"1,1,0,0,0,0,1,2,6",1,Nagano Olympic Stadium,,03:08,26893,GAME20050524YGLM0275
2005,2005-05-24,Reg Season,Yomiuri Giants,Home,L,0,Chiba Lotte Marines,0,11,1,"0,0,0,0,0,0,0,0,0",1,Nagano Olympic Stadium,,03:08,26893,GAME20050524YGLM0275
2005,2005-05-25,Reg Season,Tohoku Rakuten Golden Eagles,Away,W,6,Chunichi Dragons,6,10,0,"0,3,0,1,1,0,0,1,0",2,Vantelin Dome Nagoya,,03:35,31500,GAME20050525CDRE0280
2005,2005-05-25,Reg Season,Chunichi Dragons,Home,L,2,Tohoku Rakuten Golden Eagles,2,12,0,"1,0,0,0,1,0,0,0,0",2,Vantelin Dome Nagoya,,03:35,31500,GAME20050525CDRE0280
2005,2005-05-25,Reg Season,Fukuoka Softbank Hawks,Away,W,6,Yokohama BayStars,6,9,2,"2,0,1,1,1,0,1,0,0",2,Yokohama Stadium,,03:15,12753,GAME20050525DBSH0282
2005,2005-05-25,Reg Season,Yokohama BayStars,Home,L,5,Fukuoka Softbank Hawks,5,10,0,"0,0,0,3,0,1,1,0,0",2,Yokohama Stadium,,03:15,12753,GAME20050525DBSH0282
2005,2005-05-25,Reg Season,Hokkaido Nippon-Ham Fighters,Away,W,8,Hiroshima Toyo Carp,8,10,0,"3,2,0,2,0,0,0,1,0",2,MAZDA Zoom-Zoom Stadium Hiroshima,,03:43,17604,GAME20050525HCNF0279
2005,2005-05-25,Reg Season,Hiroshima Toyo Carp,Home,L,5,Hokkaido Nippon-Ham Fighters,5,8,0,"0,0,2,0,1,0,2,0,0",2,MAZDA Zoom-Zoom Stadium Hiroshima,,03:43,17604,GAME20050525HCNF0279
2005,2005-05-25,Reg Season,Orix Buffaloes,Away,T,6,Hanshin Tigers,6,13,2,"5,0,0,0,0,0,0,0,1,0,0,0",2,Hanshin Koshien Stadium,,05:01,37451,GAME20050525HTOB0281
2005,2005-05-25,Reg Season,Hanshin Tigers,Home,T,6,Orix Buffaloes,6,9,0,"1,0,1,0,0,4,0,0,0,0,0,0",2,Hanshin Koshien Stadium,,05:01,37451,GAME20050525HTOB0281
2005,2005-05-25,Reg Season,Chiba Lotte Marines,Away,W,5,Yomiuri Giants,5,12,2,"0,0,2,2,1,0,0,0,0",2,Tokyo Dome,,03:12,44460,GAME20050525YGLM0283
2005,2005-05-25,Reg Season,Yomiuri Giants,Home,L,3,Chiba Lotte Marines,3,10,1,"0,1,1,0,0,1,0,0,0",2,Tokyo Dome,,03:12,44460,GAME20050525YGLM0283
2005,2005-05-25,Reg Season,Seibu Lions,Away,W,4,Yakult Swallows,4,8,0,"1,0,0,0,0,2,0,1,0",1,Meiji Jingu Stadium,,02:54,14399,GAME20050525YSSL0278
2005,2005-05-25,Reg Season,Yakult Swallows,Home,L,1,Seibu Lions,1,3,1,"0,0,1,0,0,0,0,0,0",1,Meiji Jingu Stadium,,02:54,14399,GAME20050525YSSL0278
2005,2005-05-26,Reg Season,Tohoku Rakuten Golden Eagles,Away,W,15,Chunichi Dragons,15,19,0,"0,2,0,0,1,9,2,1,0",3,Vantelin Dome Nagoya,,03:41,26100,GAME20050526CDRE0285
2005,2005-05-26,Reg Season,Chunichi Dragons,Home,L,3,Tohoku Rakuten Golden Eagles,3,6,0,"0,0,2,0,0,1,0,0,0",3,Vantelin Dome Nagoya,,03:41,26100,GAME20050526CDRE0285
2005,2005-05-26,Reg Season,Fukuoka Softbank Hawks,Away,L,4,Yokohama BayStars,4,11,0,"0,1,0,0,0,1,0,2,0",3,Yokohama Stadium,,03:01,12253,GAME20050526DBSH0286
2005,2005-05-26,Reg Season,Yokohama BayStars,Home,W,5,Fukuoka Softbank Hawks,5,9,0,"1,1,3,0,0,0,0,0,x",3,Yokohama Stadium,,03:01,12253,GAME20050526DBSH0286
2005,2005-05-26,Reg Season,Hokkaido Nippon-Ham Fighters,Away,W,5,Hiroshima Toyo Carp,5,7,0,"0,0,0,2,0,3,0,0,0",3,MAZDA Zoom-Zoom Stadium Hiroshima,,03:29,17123,GAME20050526HCNF0288
2005,2005-05-26,Reg Season,Hiroshima Toyo Carp,Home,L,3,Hokkaido Nippon-Ham Fighters,3,9,3,"0,0,0,0,0,1,0,2,0",3,MAZDA Zoom-Zoom Stadium Hiroshima,,03:29,17123,GAME20050526HCNF0288
2005,2005-05-26,Reg Season,Orix Buffaloes,Away,L,0,Hanshin Tigers,0,3,0,"0,0,0,0,0,0,0,0,0",3,Hanshin Koshien Stadium,,02:42,36252,GAME20050526HTOB0289
2005,2005-05-26,Reg Season,Hanshin Tigers,Home,W,10,Orix Buffaloes,10,11,0,"2,0,3,3,0,2,0,0,x",3,Hanshin Koshien Stadium,,02:42,36252,GAME20050526HTOB0289
2005,2005-05-26,Reg Season,Chiba Lotte Marines,Away,W,10,Yomiuri Giants,10,14,0,"0,0,2,5,2,1,0,0,0",3,Tokyo Dome,,03:24,43007,GAME20050526YGLM0287
2005,2005-05-26,Reg Season,Yomiuri Giants,Home,L,9,Chiba Lotte Marines,9,9,0,"0,0,2,0,2,3,0,0,2",3,Tokyo Dome,,03:24,43007,GAME20050526YGLM0287
2005,2005-05-26,Reg Season,Seibu Lions,Away,L,2,Yakult Swallows,2,6,0,"0,0,0,0,0,0,0,0,2",2,Meiji Jingu Stadium,,03:19,13175,GAME20050526YSSL0284
2005,2005-05-26,Reg Season,Yakult Swallows,Home,W,7,Seibu Lions,7,13,0,"5,0,2,0,0,0,0,0,x",2,Meiji Jingu Stadium,,03:19,13175,GAME20050526YSSL0284
2005,2005-05-27,Reg Season,Yokohama BayStars,Away,L,2,Chiba Lotte Marines,2,9,1,"0,0,0,0,0,2,0,0,0",4,ZOZO Marine Stadium,,03:05,12470,GAME20050527LMDB0290
2005,2005-05-27,Reg Season,Chiba Lotte Marines,Home,W,8,Yokohama BayStars,8,8,0,"0,1,3,3,0,0,1,0,x",4,ZOZO Marine Stadium,,03:05,12470,GAME20050527LMDB0290
2005,2005-05-27,Reg Season,Yakult Swallows,Away,L,1,Hokkaido Nippon-Ham Fighters,1,4,0,"0,0,1,0,0,0,0,0,0",4,Sapporo Dome,,02:50,15441,GAME20050527NFYS0294
2005,2005-05-27,Reg Season,Hokkaido Nippon-Ham Fighters,Home,W,6,Yakult Swallows,6,7,1,"3,2,0,0,0,0,0,1,x",4,Sapporo Dome,,02:50,15441,GAME20050527NFYS0294
2005,2005-05-27,Reg Season,Yomiuri Giants,Away,L,6,Orix Buffaloes,6,11,0,"0,0,0,1,0,0,5,0,0",4,Kyocera Dome Osaka,,03:27,23821,GAME20050527OBYG0293
2005,2005-05-27,Reg Season,Orix Buffaloes,Home,W,8,Yomiuri Giants,8,12,2,"0,0,2,6,0,0,0,0,x",4,Kyocera Dome Osaka,,03:27,23821,GAME20050527OBYG0293
2005,2005-05-27,Reg Season,Chunichi Dragons,Away,W,8,Fukuoka Softbank Hawks,8,15,0,"0,2,0,0,1,0,0,5,0",4,Mizuho PayPay Dome Fukuoka,,03:13,27536,GAME20050527SHCD0292
2005,2005-05-27,Reg Season,Fukuoka Softbank Hawks,Home,L,5,Chunichi Dragons,5,10,0,"0,0,0,0,1,4,0,0,0",4,Mizuho PayPay Dome Fukuoka,,03:13,27536,GAME20050527SHCD0292
2005,2005-05-27,Reg Season,Hiroshima Toyo Carp,Away,W,4,Seibu Lions,4,9,1,"1,0,0,0,1,1,0,0,1",4,Belluna Dome,,02:55,12084,GAME20050527SLHC0291
2005,2005-05-27,Reg Season,Seibu Lions,Home,L,0,Hiroshima Toyo Carp,0,4,1,"0,0,0,0,0,0,0,0,0",4,Belluna Dome,,02:55,12084,GAME20050527SLHC0291
2005,2005-05-28,Reg Season,Yokohama BayStars,Away,W,6,Chiba Lotte Marines,6,9,0,"0,0,0,0,1,0,0,1,4",5,ZOZO Marine Stadium,,03:07,23379,GAME20050528LMDB0299
2005,2005-05-28,Reg Season,Chiba Lotte Marines,Home,L,3,Yokohama BayStars,3,4,1,"0,1,0,0,0,0,0,1,1",5,ZOZO Marine Stadium,,03:07,23379,GAME20050528LMDB0299
2005,2005-05-28,Reg Season,Yakult Swallows,Away,W,13,Hokkaido Nippon-Ham Fighters,13,19,2,"1,1,3,3,0,0,3,2,0",5,Maruyama Track and Field Stadium,,03:35,22526,GAME20050528NFYS0298
2005,2005-05-28,Reg Season,Hokkaido Nippon-Ham Fighters,Home,L,5,Yakult Swallows,5,13,1,"0,0,3,1,0,0,1,0,0",5,Maruyama Track and Field Stadium,,03:35,22526,GAME20050528NFYS0298
2005,2005-05-28,Reg Season,Yomiuri Giants,Away,L,0,Orix Buffaloes,0,5,1,"0,0,0,0,0,0,0,0,0",5,Kobe Athletic Park Baseball Field,,02:49,31681,GAME20050528OBYG0297
2005,2005-05-28,Reg Season,Orix Buffaloes,Home,W,5,Yomiuri Giants,5,10,0,"0,0,0,1,3,0,0,1,x",5,Kobe Athletic Park Baseball Field,,02:49,31681,GAME20050528OBYG0297
2005,2005-05-28,Reg Season,Hanshin Tigers,Away,L,1,Tohoku Rakuten Golden Eagles,1,4,0,"0,0,0,0,0,0,1,0,0",4,Rakuten Seimei Park Miyagi,,03:05,18830,GAME20050528REHT0295
2005,2005-05-28,Reg Season,Tohoku Rakuten Golden Eagles,Home,W,2,Hanshin Tigers,2,7,0,"1,1,0,0,0,0,0,0,x",4,Rakuten Seimei Park Miyagi,,03:05,18830,GAME20050528REHT0295
2005,2005-05-28,Reg Season,Chunichi Dragons,Away,L,2,Fukuoka Softbank Hawks,2,5,1,"0,0,0,0,0,0,1,0,1",5,Mizuho PayPay Dome Fukuoka,,03:02,32732,GAME20050528SHCD0300
2005,2005-05-28,Reg Season,Fukuoka Softbank Hawks,Home,W,12,Chunichi Dragons,12,18,1,"0,1,2,1,0,5,0,3,x",5,Mizuho PayPay Dome Fukuoka,,03:02,32732,GAME20050528SHCD0300
2005,2005-05-28,Reg Season,Hiroshima Toyo Carp,Away,L,3,Seibu Lions,3,11,1,"0,0,1,0,1,0,0,0,1,0",5,Belluna Dome,,04:07,20082,GAME20050528SLHC0296
2005,2005-05-28,Reg Season,Seibu Lions,Home,W,4,Hiroshima Toyo Carp,4,13,0,"2,0,0,0,1,0,0,0,0,1x",5,Belluna Dome,,04:07,20082,GAME20050528SLHC0296
2005,2005-05-29,Reg Season,Yokohama BayStars,Away,L,3,Chiba Lotte Marines,3,6,0,"0,0,0,3,0,0,0,0,0",6,ZOZO Marine Stadium,,02:49,27079,GAME20050529LMDB0303
2005,2005-05-29,Reg Season,Chiba Lotte Marines,Home,W,6,Yokohama BayStars,6,7,3,"4,1,1,0,0,0,0,0,x",6,ZOZO Marine Stadium,,02:49,27079,GAME20050529LMDB0303
2005,2005-05-29,Reg Season,Yakult Swallows,Away,W,7,Hokkaido Nippon-Ham Fighters,7,9,0,"0,2,3,2,0,0,0,0,0",6,Sapporo Dome,,03:08,23675,GAME20050529NFYS0306
2005,2005-05-29,Reg Season,Hokkaido Nippon-Ham Fighters,Home,L,5,Yakult Swallows,5,7,0,"0,0,0,0,2,3,0,0,0",6,Sapporo Dome,,03:08,23675,GAME20050529NFYS0306
2005,2005-05-29,Reg Season,Yomiuri Giants,Away,T,3,Orix Buffaloes,3,10,1,"3,0,0,0,0,0,0,0,0,0,0,0",6,Kobe Athletic Park Baseball Field,,04:19,24921,GAME20050529OBYG0302
2005,2005-05-29,Reg Season,Orix Buffaloes,Home,T,3,Yomiuri Giants,3,13,1,"1,1,0,0,0,0,1,0,0,0,0,0",6,Kobe Athletic Park Baseball Field,,04:19,24921,GAME20050529OBYG0302
2005,2005-05-29,Reg Season,Hanshin Tigers,Away,W,9,Tohoku Rakuten Golden Eagles,9,14,0,"3,0,0,2,0,0,2,2,0",5,Rakuten Seimei Park Miyagi,,04:10,19175,GAME20050529REHT0301
2005,2005-05-29,Reg Season,Tohoku Rakuten Golden Eagles,Home,L,6,Hanshin Tigers,6,15,0,"0,0,0,1,1,0,0,3,1",5,Rakuten Seimei Park Miyagi,,04:10,19175,GAME20050529REHT0301
2005,2005-05-29,Reg Season,Chunichi Dragons,Away,W,4,Fukuoka Softbank Hawks,4,10,0,"1,0,0,0,0,1,1,0,0,1",6,Mizuho PayPay Dome Fukuoka,,03:53,32277,GAME20050529SHCD0304
2005,2005-05-29,Reg Season,Fukuoka Softbank Hawks,Home,L,3,Chunichi Dragons,3,6,2,"3,0,0,0,0,0,0,0,0,0",6,Mizuho PayPay Dome Fukuoka,,03:53,32277,GAME20050529SHCD0304
2005,2005-05-29,Reg Season,Hiroshima Toyo Carp,Away,L,1,Seibu Lions,1,4,2,"0,0,0,0,0,0,0,1,0,0",6,Belluna Dome,,04:04,22342,GAME20050529SLHC0305
2005,2005-05-29,Reg Season,Seibu Lions,Home,W,2,Hiroshima Toyo Carp,2,10,1,"0,0,1,0,0,0,0,0,0,1x",6,Belluna Dome,,04:04,22342,GAME20050529SLHC0305
2005,2005-05-30,Reg Season,Hanshin Tigers,Away,W,4,Tohoku Rakuten Golden Eagles,4,8,0,"0,0,1,1,0,0,0,2,0",6,Rakuten Seimei Park Miyagi,,03:12,16230,GAME20050530REHT0307
2005,2005-05-30,Reg Season,Tohoku Rakuten Golden Eagles,Home,L,0,Hanshin Tigers,0,5,1,"0,0,0,0,0,0,0,0,0",6,Rakuten Seimei Park Miyagi,,03:12,16230,GAME20050530REHT0307
2005,2005-05-31,Reg Season,Seibu Lions,Away,L,1,Chunichi Dragons,1,7,0,"0,0,0,0,0,0,0,1,0",4,Vantelin Dome Nagoya,,03:40,28200,GAME20050531CDSL0313
2005,2005-05-31,Reg Season,Chunichi Dragons,Home,W,2,Seibu Lions,2,6,0,"0,0,0,0,2,0,0,0,x",4,Vantelin Dome Nagoya,,03:40,28200,GAME20050531CDSL0313
2005,2005-05-31,Reg Season,Tohoku Rakuten Golden Eagles,Away,L,2,Yokohama BayStars,2,6,0,"0,2,0,0,0,0,0,0,0",3,Yokohama Stadium,,03:15,9864,GAME20050531DBRE0311
2005,2005-05-31,Reg Season,Yokohama BayStars,Home,W,6,Tohoku Rakuten Golden Eagles,6,12,0,"0,0,1,2,0,0,1,2,x",3,Yokohama Stadium,,03:15,9864,GAME20050531DBRE0311
2005,2005-05-31,Reg Season,Fukuoka Softbank Hawks,Away,W,2,Hanshin Tigers,2,6,0,"0,0,0,0,0,0,2,0,0",4,Hanshin Koshien Stadium,,02:32,43644,GAME20050531HTSH0309
2005,2005-05-31,Reg Season,Hanshin Tigers,Home,L,0,Fukuoka Softbank Hawks,0,2,2,"0,0,0,0,0,0,0,0,0",4,Hanshin Koshien Stadium,,02:32,43644,GAME20050531HTSH0309
2005,2005-05-31,Reg Season,Hiroshima Toyo Carp,Away,W,4,Chiba Lotte Marines,4,12,1,"1,0,0,0,0,0,0,3,0",4,ZOZO Marine Stadium,,03:22,13478,GAME20050531LMHC0312
2005,2005-05-31,Reg Season,Chiba Lotte Marines,Home,L,1,Hiroshima Toyo Carp,1,7,0,"1,0,0,0,0,0,0,0,0",4,ZOZO Marine Stadium,,03:22,13478,GAME20050531LMHC0312
2005,2005-05-31,Reg Season,Yomiuri Giants,Away,T,4,Hokkaido Nippon-Ham Fighters,4,13,0,"0,0,2,1,0,1,0,0,0,0,0,0",4,Sapporo Dome,,04:57,27363,GAME20050531NFYG0308
2005,2005-05-31,Reg Season,Hokkaido Nippon-Ham Fighters,Home,T,4,Yomiuri Giants,4,8,1,"2,0,0,1,0,1,0,0,0,0,0,0",4,Sapporo Dome,,04:57,27363,GAME20050531NFYG0308
2005,2005-05-31,Reg Season,Yakult Swallows,Away,W,3,Orix Buffaloes,3,10,0,"0,1,1,1,0,0,0,0,0",4,Kyocera Dome Osaka,,03:04,15540,GAME20050531OBYS0310
2005,2005-05-31,Reg Season,Orix Buffaloes,Home,L,2,Yakult Swallows,2,5,0,"1,0,0,0,0,0,1,0,0",4,Kyocera Dome Osaka,,03:04,15540,GAME20050531OBYS0310
2005,2005-06-01,Reg Season,Seibu Lions,Away,W,3,Chunichi Dragons,3,8,0,"1,0,0,0,0,0,0,2,0",5,Vantelin Dome Nagoya,,03:12,26100,GAME20050601CDSL0315
2005,2005-06-01,Reg Season,Chunichi Dragons,Home,L,0,Seibu Lions,0,5,0,"0,0,0,0,0,0,0,0,0",5,Vantelin Dome Nagoya,,03:12,26100,GAME20050601CDSL0315
2005,2005-06-01,Reg Season,Tohoku Rakuten Golden Eagles,Away,L,3,Yokohama BayStars,3,8,0,"2,0,0,0,0,1,0,0,0",4,Yokohama Stadium,,02:54,13233,GAME20050601DBRE0314
2005,2005-06-01,Reg Season,Yokohama BayStars,Home,W,9,Tohoku Rakuten Golden Eagles,9,10,2,"5,0,0,1,1,0,0,2,x",4,Yokohama Stadium,,02:54,13233,GAME20050601DBRE0314
2005,2005-06-01,Reg Season,Fukuoka Softbank Hawks,Away,W,12,Hanshin Tigers,12,17,1,"1,1,2,0,4,0,3,1,0",5,Hanshin Koshien Stadium,,03:23,45269,GAME20050601HTSH0319
2005,2005-06-01,Reg Season,Hanshin Tigers,Home,L,5,Fukuoka Softbank Hawks,5,11,2,"0,0,0,0,0,2,0,3,0",5,Hanshin Koshien Stadium,,03:23,45269,GAME20050601HTSH0319
2005,2005-06-01,Reg Season,Hiroshima Toyo Carp,Away,L,2,Chiba Lotte Marines,2,8,2,"0,0,0,0,1,0,0,0,1",5,ZOZO Marine Stadium,,02:59,17129,GAME20050601LMHC0318
2005,2005-06-01,Reg Season,Chiba Lotte Marines,Home,W,7,Hiroshima Toyo Carp,7,14,0,"0,1,4,0,0,2,0,0,x",5,ZOZO Marine Stadium,,02:59,17129,GAME20050601LMHC0318
2005,2005-06-01,Reg Season,Yomiuri Giants,Away,T,5,Hokkaido Nippon-Ham Fighters,5,8,0,"0,0,0,0,3,0,1,1,0,0,0,0",5,Sapporo Dome,,04:47,35156,GAME20050601NFYG0316
2005,2005-06-01,Reg Season,Hokkaido Nippon-Ham Fighters,Home,T,5,Yomiuri Giants,5,11,1,"0,1,1,0,2,0,0,0,1,0,0,0",5,Sapporo Dome,,04:47,35156,GAME20050601NFYG0316
2005,2005-06-01,Reg Season,Yakult Swallows,Away,W,9,Orix Buffaloes,9,15,0,"1,2,0,0,0,0,4,2,0",5,Kyocera Dome Osaka,,02:55,12252,GAME20050601OBYS0317
2005,2005-06-01,Reg Season,Orix Buffaloes,Home,L,1,Yakult Swallows,1,6,0,"0,0,1,0,0,0,0,0,0",5,Kyocera Dome Osaka,,02:55,12252,GAME20050601OBYS0317
2005,2005-06-02,Reg Season,Seibu Lions,Away,L,2,Chunichi Dragons,2,12,1,"0,0,0,2,0,0,0,0,0",6,Vantelin Dome Nagoya,,03:46,26200,GAME20050602CDSL0320
2005,2005-06-02,Reg Season,Chunichi Dragons,Home,W,3,Seibu Lions,3,10,0,"0,2,1,0,0,0,0,0,x",6,Vantelin Dome Nagoya,,03:46,26200,GAME20050602CDSL0320
2005,2005-06-02,Reg Season,Fukuoka Softbank Hawks,Away,W,9,Hanshin Tigers,9,11,0,"0,3,2,2,0,0,0,2,0",6,Hanshin Koshien Stadium,,03:54,42976,GAME20050602HTSH0323
2005,2005-06-02,Reg Season,Hanshin Tigers,Home,L,7,Fukuoka Softbank Hawks,7,13,0,"0,1,0,0,3,1,0,0,2",6,Hanshin Koshien Stadium,,03:54,42976,GAME20050602HTSH0323
2005,2005-06-02,Reg Season,Hiroshima Toyo Carp,Away,L,1,Chiba Lotte Marines,1,8,1,"0,0,0,0,0,1,0,0,0",6,ZOZO Marine Stadium,,03:01,9761,GAME20050602LMHC0322
2005,2005-06-02,Reg Season,Chiba Lotte Marines,Home,W,6,Hiroshima Toyo Carp,6,9,1,"0,0,0,4,0,1,1,0,x",6,ZOZO Marine Stadium,,03:01,9761,GAME20050602LMHC0322
2005,2005-06-02,Reg Season,Yomiuri Giants,Away,W,6,Hokkaido Nippon-Ham Fighters,6,9,0,"0,3,0,1,0,2,0,0,0",6,Sapporo Dome,,03:45,32252,GAME20050602NFYG0321
2005,2005-06-02,Reg Season,Hokkaido Nippon-Ham Fighters,Home,L,5,Yomiuri Giants,5,9,1,"0,0,2,3,0,0,0,0,0",6,Sapporo Dome,,03:45,32252,GAME20050602NFYG0321
2005,2005-06-02,Reg Season,Yakult Swallows,Away,W,4,Orix Buffaloes,4,11,0,"1,0,0,2,0,0,1,0,0",6,Kyocera Dome Osaka,,03:00,11424,GAME20050602OBYS0324
2005,2005-06-02,Reg Season,Orix Buffaloes,Home,L,1,Yakult Swallows,1,4,1,"0,0,0,0,0,1,0,0,0",6,Kyocera Dome Osaka,,03:00,11424,GAME20050602OBYS0324
2005,2005-06-03,Reg Season,Hokkaido Nippon-Ham Fighters,Away,L,7,Chunichi Dragons,7,12,2,"0,0,4,0,0,0,0,0,3",4,Vantelin Dome Nagoya,,03:45,32300,GAME20050603CDNF0327
2005,2005-06-03,Reg Season,Chunichi Dragons,Home,W,8,Hokkaido Nippon-Ham Fighters,8,12,0,"2,0,2,0,4,0,0,0,x",4,Vantelin Dome Nagoya,,03:45,32300,GAME20050603CDNF0327
2005,2005-06-03,Reg Season,Orix Buffaloes,Away,W,4,Hiroshima Toyo Carp,4,11,0,"1,0,1,0,2,0,0,0,0",4,Shimanami Baseball Field,,03:35,6258,GAME20050603HCOB0330
2005,2005-06-03,Reg Season,Hiroshima Toyo Carp,Home,L,3,Orix Buffaloes,3,10,2,"0,0,0,0,3,0,0,0,0",4,Shimanami Baseball Field,,03:35,6258,GAME20050603HCOB0330
2005,2005-06-03,Reg Season,Chiba Lotte Marines,Away,L,7,Hanshin Tigers,7,14,1,"0,0,1,0,3,0,2,1,0",4,Hanshin Koshien Stadium,,03:17,45392,GAME20050603HTLM0326
2005,2005-06-03,Reg Season,Hanshin Tigers,Home,W,10,Chiba Lotte Marines,10,12,0,"5,0,1,0,0,0,4,0,x",4,Hanshin Koshien Stadium,,03:17,45392,GAME20050603HTLM0326
2005,2005-06-03,Reg Season,Yokohama BayStars,Away,L,5,Seibu Lions,5,10,1,"0,0,0,0,0,1,0,0,4",4,Belluna Dome,,03:03,10152,GAME20050603SLDB0328
2005,2005-06-03,Reg Season,Seibu Lions,Home,W,6,Yokohama BayStars,6,8,0,"0,1,1,3,0,0,1,0,x",4,Belluna Dome,,03:03,10152,GAME20050603SLDB0328
2005,2005-06-03,Reg Season,Fukuoka Softbank Hawks,Away,L,2,Yomiuri Giants,2,6,0,"0,0,0,0,1,0,0,1,0",4,Tokyo Dome,,02:34,44278,GAME20050603YGSH0325
2005,2005-06-03,Reg Season,Yomiuri Giants,Home,W,3,Fukuoka Softbank Hawks,3,8,0,"1,0,0,1,1,0,0,0,x",4,Tokyo Dome,,02:34,44278,GAME20050603YGSH0325
2005,2005-06-03,Reg Season,Tohoku Rakuten Golden Eagles,Away,W,10,Yakult Swallows,10,14,0,"3,0,0,0,2,3,0,0,0,2",4,Meiji Jingu Stadium,,04:32,14045,GAME20050603YSRE0329
2005,2005-06-03,Reg Season,Yakult Swallows,Home,L,8,Tohoku Rakuten Golden Eagles,8,14,3,"0,0,4,0,3,1,0,0,0,0",4,Meiji Jingu Stadium,,04:32,14045,GAME20050603YSRE0329
2005,2005-06-04,Reg Season,Hokkaido Nippon-Ham Fighters,Away,L,0,Chunichi Dragons,0,8,0,"0,0,0,0,0,0,0,0,0",5,Vantelin Dome Nagoya,,03:30,37000,GAME20050604CDNF0332
2005,2005-06-04,Reg Season,Chunichi Dragons,Home,W,7,Hokkaido Nippon-Ham Fighters,7,9,0,"1,0,0,0,0,4,0,2,x",5,Vantelin Dome Nagoya,,03:30,37000,GAME20050604CDNF0332
2005,2005-06-04,Reg Season,Orix Buffaloes,Away,W,3,Hiroshima Toyo Carp,3,6,0,"0,1,0,0,0,2,0,0,0",5,MAZDA Zoom-Zoom Stadium Hiroshima,,04:03,12658,GAME20050604HCOB0334
2005,2005-06-04,Reg Season,Hiroshima Toyo Carp,Home,L,1,Orix Buffaloes,1,11,0,"0,0,0,0,0,0,0,1,0",5,MAZDA Zoom-Zoom Stadium Hiroshima,,04:03,12658,GAME20050604HCOB0334
2005,2005-06-04,Reg Season,Chiba Lotte Marines,Away,W,4,Hanshin Tigers,4,7,1,"2,0,1,1,0,0,0,0,0",5,Hanshin Koshien Stadium,,03:33,47279,GAME20050604HTLM0335
2005,2005-06-04,Reg Season,Hanshin Tigers,Home,L,3,Chiba Lotte Marines,3,4,1,"2,0,1,0,0,0,0,0,0",5,Hanshin Koshien Stadium,,03:33,47279,GAME20050604HTLM0335
2005,2005-06-04,Reg Season,Yokohama BayStars,Away,W,4,Seibu Lions,4,6,1,"0,0,1,0,0,2,1,0,0",5,Belluna Dome,,02:58,17066,GAME20050604SLDB0336
2005,2005-06-04,Reg Season,Seibu Lions,Home,L,2,Yokohama BayStars,2,4,1,"0,0,0,0,0,0,0,0,2",5,Belluna Dome,,02:58,17066,GAME20050604SLDB0336
2005,2005-06-04,Reg Season,Fukuoka Softbank Hawks,Away,W,5,Yomiuri Giants,5,11,0,"0,0,1,1,3,0,0,0,0",5,Tokyo Dome,,03:18,44929,GAME20050604YGSH0331
2005,2005-06-04,Reg Season,Yomiuri Giants,Home,L,2,Fukuoka Softbank Hawks,2,2,1,"0,0,0,0,0,2,0,0,0",5,Tokyo Dome,,03:18,44929,GAME20050604YGSH0331
2005,2005-06-04,Reg Season,Tohoku Rakuten Golden Eagles,Away,W,3,Yakult Swallows,3,7,0,"0,0,0,0,0,1,0,2,0",5,Meiji Jingu Stadium,,02:43,21992,GAME20050604YSRE0333
2005,2005-06-04,Reg Season,Yakult Swallows,Home,L,1,Tohoku Rakuten Golden Eagles,1,7,0,"0,0,0,0,0,0,0,0,1",5,Meiji Jingu Stadium,,02:43,21992,GAME20050604YSRE0333
2005,2005-06-05,Reg Season,Hokkaido Nippon-Ham Fighters,Away,L,6,Chunichi Dragons,6,13,0,"3,0,3,0,0,0,0,0,0",6,Vantelin Dome Nagoya,,03:59,36800,GAME20050605CDNF0341
2005,2005-06-05,Reg Season,Chunichi Dragons,Home,W,7,Hokkaido Nippon-Ham Fighters,7,8,0,"0,0,0,0,7,0,0,0,x",6,Vantelin Dome Nagoya,,03:59,36800,GAME20050605CDNF0341
2005,2005-06-05,Reg Season,Orix Buffaloes,Away,W,7,Hiroshima Toyo Carp,7,6,0,"0,0,0,0,4,0,0,1,2",6,MAZDA Zoom-Zoom Stadium Hiroshima,,03:16,11067,GAME20050605HCOB0342
2005,2005-06-05,Reg Season,Hiroshima Toyo Carp,Home,L,4,Orix Buffaloes,4,8,0,"0,0,0,0,0,2,2,0,0",6,MAZDA Zoom-Zoom Stadium Hiroshima,,03:16,11067,GAME20050605HCOB0342
2005,2005-06-05,Reg Season,Chiba Lotte Marines,Away,T,1,Hanshin Tigers,1,6,0,"0,0,1,0,0,0,0,0,0,0,0,0",6,Hanshin Koshien Stadium,,03:46,47266,GAME20050605HTLM0339
2005,2005-06-05,Reg Season,Hanshin Tigers,Home,T,1,Chiba Lotte Marines,1,4,0,"0,0,0,0,0,0,0,1,0,0,0,0",6,Hanshin Koshien Stadium,,03:46,47266,GAME20050605HTLM0339
2005,2005-06-05,Reg Season,Yokohama BayStars,Away,W,4,Seibu Lions,4,9,1,"0,0,0,1,0,0,0,0,3",6,Belluna Dome,,03:52,21158,GAME20050605SLDB0340
2005,2005-06-05,Reg Season,Seibu Lions,Home,L,1,Yokohama BayStars,1,7,3,"0,0,1,0,0,0,0,0,0",6,Belluna Dome,,03:52,21158,GAME20050605SLDB0340
2005,2005-06-05,Reg Season,Fukuoka Softbank Hawks,Away,W,4,Yomiuri Giants,4,8,0,"1,1,0,0,0,0,0,0,2",6,Tokyo Dome,,03:01,43931,GAME20050605YGSH0337
2005,2005-06-05,Reg Season,Yomiuri Giants,Home,L,1,Fukuoka Softbank Hawks,1,8,1,"0,0,1,0,0,0,0,0,0",6,Tokyo Dome,,03:01,43931,GAME20050605YGSH0337
2005,2005-06-05,Reg Season,Tohoku Rakuten Golden Eagles,Away,L,2,Yakult Swallows,2,4,2,"0,0,0,0,0,0,0,1,1",6,Meiji Jingu Stadium,,02:58,20107,GAME20050605YSRE0338
2005,2005-06-05,Reg Season,Yakult Swallows,Home,W,3,Tohoku Rakuten Golden Eagles,3,12,0,"0,1,0,0,1,0,1,0,x",6,Meiji Jingu Stadium,,02:58,20107,GAME20050605YSRE0338
2005,2005-06-07,Reg Season,Hokkaido Nippon-Ham Fighters,Away,L,0,Yokohama BayStars,0,3,2,"0,0,0,0,0,0,0,0,0",4,Yokohama Stadium,,02:39,13057,GAME20050607DBNF0343
2005,2005-06-07,Reg Season,Yokohama BayStars,Home,W,2,Hokkaido Nippon-Ham Fighters,2,9,0,"1,0,0,0,0,0,1,0,x",4,Yokohama Stadium,,02:39,13057,GAME20050607DBNF0343
2005,2005-06-07,Reg Season,Fukuoka Softbank Hawks,Away,L,2,Hiroshima Toyo Carp,2,10,1,"0,0,1,0,0,0,0,0,1",4,Kurashiki Sports Park Muscat Stadium,,02:58,12787,GAME20050607HCSH0347
2005,2005-06-07,Reg Season,Hiroshima Toyo Carp,Home,W,5,Fukuoka Softbank Hawks,5,9,1,"0,0,0,0,4,1,0,0,x",4,Kurashiki Sports Park Muscat Stadium,,02:58,12787,GAME20050607HCSH0347
2005,2005-06-07,Reg Season,Yomiuri Giants,Away,L,1,Chiba Lotte Marines,1,7,1,"0,0,0,0,1,0,0,0,0",4,ZOZO Marine Stadium,,02:52,24015,GAME20050607LMYG0346
2005,2005-06-07,Reg Season,Chiba Lotte Marines,Home,W,2,Yomiuri Giants,2,7,0,"1,0,0,1,0,0,0,0,x",4,ZOZO Marine Stadium,,02:52,24015,GAME20050607LMYG0346
2005,2005-06-07,Reg Season,Hanshin Tigers,Away,W,4,Orix Buffaloes,4,8,1,"1,0,0,0,1,2,0,0,0",4,Kobe Athletic Park Baseball Field,,03:17,30387,GAME20050607OBHT0348
2005,2005-06-07,Reg Season,Orix Buffaloes,Home,L,2,Hanshin Tigers,2,3,1,"0,0,1,0,0,1,0,0,0",4,Kobe Athletic Park Baseball Field,,03:17,30387,GAME20050607OBHT0348
2005,2005-06-07,Reg Season,Chunichi Dragons,Away,W,9,Tohoku Rakuten Golden Eagles,9,12,0,"0,0,3,0,0,0,1,4,1",4,Rakuten Seimei Park Miyagi,,03:27,11904,GAME20050607RECD0345
2005,2005-06-07,Reg Season,Tohoku Rakuten Golden Eagles,Home,L,1,Chunichi Dragons,1,6,1,"0,0,1,0,0,0,0,0,0",4,Rakuten Seimei Park Miyagi,,03:27,11904,GAME20050607RECD0345
2005,2005-06-07,Reg Season,Yakult Swallows,Away,W,7,Seibu Lions,7,13,1,"1,0,1,0,0,3,1,1,0",3,Belluna Dome,,03:28,12852,GAME20050607SLYS0344
2005,2005-06-07,Reg Season,Seibu Lions,Home,L,3,Yakult Swallows,3,10,0,"0,0,0,1,0,0,1,1,0",3,Belluna Dome,,03:28,12852,GAME20050607SLYS0344
2005,2005-06-08,Reg Season,Hokkaido Nippon-Ham Fighters,Away,L,1,Yokohama BayStars,1,6,1,"0,0,0,0,0,0,0,1,0",5,Yokohama Stadium,,02:58,8803,GAME20050608DBNF0349
2005,2005-06-08,Reg Season,Yokohama BayStars,Home,W,7,Hokkaido Nippon-Ham Fighters,7,11,0,"0,2,3,0,0,0,0,2,x",5,Yokohama Stadium,,02:58,8803,GAME20050608DBNF0349
2005,2005-06-08,Reg Season,Fukuoka Softbank Hawks,Away,W,6,Hiroshima Toyo Carp,6,8,0,"0,3,0,0,0,0,0,0,3",5,MAZDA Zoom-Zoom Stadium Hiroshima,,03:18,15115,GAME20050608HCSH0351
2005,2005-06-08,Reg Season,Hiroshima Toyo Carp,Home,L,3,Fukuoka Softbank Hawks,3,8,0,"0,0,0,0,1,0,2,0,0",5,MAZDA Zoom-Zoom Stadium Hiroshima,,03:18,15115,GAME20050608HCSH0351
2005,2005-06-08,Reg Season,Yomiuri Giants,Away,W,7,Chiba Lotte Marines,7,14,2,"3,0,0,0,0,0,2,0,2",5,ZOZO Marine Stadium,,03:31,20021,GAME20050608LMYG0354
2005,2005-06-08,Reg Season,Chiba Lotte Marines,Home,L,4,Yomiuri Giants,4,9,1,"0,0,0,0,1,3,0,0,0",5,ZOZO Marine Stadium,,03:31,20021,GAME20050608LMYG0354
2005,2005-06-08,Reg Season,Hanshin Tigers,Away,W,8,Orix Buffaloes,8,14,3,"0,0,1,0,1,0,2,0,4",5,Kyocera Dome Osaka,,03:45,24294,GAME20050608OBHT0352
2005,2005-06-08,Reg Season,Orix Buffaloes,Home,L,4,Hanshin Tigers,4,9,2,"0,0,0,0,0,0,1,3,0",5,Kyocera Dome Osaka,,03:45,24294,GAME20050608OBHT0352
2005,2005-06-08,Reg Season,Chunichi Dragons,Away,L,3,Tohoku Rakuten Golden Eagles,3,7,0,"0,0,0,0,0,2,0,1,0",5,Rakuten Seimei Park Miyagi,,03:12,10322,GAME20050608RECD0350
2005,2005-06-08,Reg Season,Tohoku Rakuten Golden Eagles,Home,W,4,Chunichi Dragons,4,11,0,"0,1,0,0,0,0,2,0,1x",5,Rakuten Seimei Park Miyagi,,03:12,10322,GAME20050608RECD0350
2005,2005-06-08,Reg Season,Yakult Swallows,Away,L,2,Seibu Lions,2,10,1,"0,0,0,0,0,0,0,0,2",4,Belluna Dome,,02:58,10315,GAME20050608SLYS0353
2005,2005-06-08,Reg Season,Seibu Lions,Home,W,3,Yakult Swallows,3,6,0,"0,0,0,0,1,0,1,1,x",4,Belluna Dome,,02:58,10315,GAME20050608SLYS0353
2005,2005-06-09,Reg Season,Hokkaido Nippon-Ham Fighters,Away,L,3,Yokohama BayStars,3,4,1,"0,0,0,2,0,0,0,1,0",6,Yokohama Stadium,,03:13,10485,GAME20050609DBNF0355
2005,2005-06-09,Reg Season,Yokohama BayStars,Home,W,7,Hokkaido Nippon-Ham Fighters,7,10,0,"2,4,0,1,0,0,0,0,x",6,Yokohama Stadium,,03:13,10485,GAME20050609DBNF0355
2005,2005-06-09,Reg Season,Fukuoka Softbank Hawks,Away,W,7,Hiroshima Toyo Carp,7,10,0,"0,0,0,0,3,0,1,0,3",6,MAZDA Zoom-Zoom Stadium Hiroshima,,02:58,16099,GAME20050609HCSH0356
2005,2005-06-09,Reg Season,Hiroshima Toyo Carp,Home,L,4,Fukuoka Softbank Hawks,4,9,2,"0,0,0,0,0,0,1,0,3",6,MAZDA Zoom-Zoom Stadium Hiroshima,,02:58,16099,GAME20050609HCSH0356
2005,2005-06-09,Reg Season,Yomiuri Giants,Away,L,2,Chiba Lotte Marines,2,8,2,"0,0,1,0,0,0,0,0,1",6,ZOZO Marine Stadium,,03:10,25142,GAME20050609LMYG0358
2005,2005-06-09,Reg Season,Chiba Lotte Marines,Home,W,10,Yomiuri Giants,10,11,0,"0,2,2,0,5,1,0,0,x",6,ZOZO Marine Stadium,,03:10,25142,GAME20050609LMYG0358
2005,2005-06-09,Reg Season,Hanshin Tigers,Away,W,4,Orix Buffaloes,4,6,1,"1,0,0,2,0,0,0,0,1",6,Kyocera Dome Osaka,,02:57,27512,GAME20050609OBHT0360
2005,2005-06-09,Reg Season,Orix Buffaloes,Home,L,0,Hanshin Tigers,0,6,1,"0,0,0,0,0,0,0,0,0",6,Kyocera Dome Osaka,,02:57,27512,GAME20050609OBHT0360
2005,2005-06-09,Reg Season,Chunichi Dragons,Away,W,6,Tohoku Rakuten Golden Eagles,6,10,0,"0,3,0,1,2,0,0,0,0",6,Rakuten Seimei Park Miyagi,,02:58,12184,GAME20050609RECD0359
2005,2005-06-09,Reg Season,Tohoku Rakuten Golden Eagles,Home,L,0,Chunichi Dragons,0,3,1,"0,0,0,0,0,0,0,0,0",6,Rakuten Seimei Park Miyagi,,02:58,12184,GAME20050609RECD0359
2005,2005-06-09,Reg Season,Yakult Swallows,Away,L,1,Seibu Lions,1,12,0,"0,0,0,0,0,0,0,1,0",5,Belluna Dome,,02:54,12150,GAME20050609SLYS0357
2005,2005-06-09,Reg Season,Seibu Lions,Home,W,4,Yakult Swallows,4,7,1,"2,1,0,0,1,0,0,0,x",5,Belluna Dome,,02:54,12150,GAME20050609SLYS0357
2005,2005-06-10,Reg Season,Chiba Lotte Marines,Away,W,6,Chunichi Dragons,6,10,0,"0,0,2,0,0,0,1,2,1",4,Vantelin Dome Nagoya,,02:21,29500,GAME20050610CDLM0363
2005,2005-06-10,Reg Season,Chunichi Dragons,Home,L,2,Chiba Lotte Marines,2,5,1,"0,0,0,0,0,0,0,2,0",4,Vantelin Dome Nagoya,,02:21,29500,GAME20050610CDLM0363
2005,2005-06-10,Reg Season,Orix Buffaloes,Away,W,5,Yokohama BayStars,5,12,1,"1,0,0,2,0,0,0,0,2",4,Yokohama Stadium,,03:05,2260,GAME20050610DBOB0365
2005,2005-06-10,Reg Season,Yokohama BayStars,Home,L,1,Orix Buffaloes,1,5,0,"0,0,0,0,1,0,0,0,0",4,Yokohama Stadium,,03:05,2260,GAME20050610DBOB0365
2005,2005-06-10,Reg Season,Hokkaido Nippon-Ham Fighters,Away,L,4,Hanshin Tigers,4,11,0,"2,0,0,0,0,1,1,0,0,0",4,Hanshin Koshien Stadium,,03:40,47273,GAME20050610HTNF0362
2005,2005-06-10,Reg Season,Hanshin Tigers,Home,W,5,Hokkaido Nippon-Ham Fighters,5,9,0,"3,0,0,0,1,0,0,0,0,1x",4,Hanshin Koshien Stadium,,03:40,47273,GAME20050610HTNF0362
2005,2005-06-10,Reg Season,Hiroshima Toyo Carp,Away,W,5,Tohoku Rakuten Golden Eagles,5,12,1,"0,0,2,0,0,0,3,0,0",4,Rakuten Seimei Park Miyagi,,03:47,10480,GAME20050610REHC0366
2005,2005-06-10,Reg Season,Tohoku Rakuten Golden Eagles,Home,L,3,Hiroshima Toyo Carp,3,9,1,"0,0,0,1,2,0,0,0,0",4,Rakuten Seimei Park Miyagi,,03:47,10480,GAME20050610REHC0366
2005,2005-06-10,Reg Season,Yakult Swallows,Away,L,0,Fukuoka Softbank Hawks,0,6,0,"0,0,0,0,0,0,0,0,0",4,Mizuho PayPay Dome Fukuoka,,03:09,30104,GAME20050610SHYS0364
2005,2005-06-10,Reg Season,Fukuoka Softbank Hawks,Home,W,2,Yakult Swallows,2,4,0,"0,0,0,2,0,0,0,0,x",4,Mizuho PayPay Dome Fukuoka,,03:09,30104,GAME20050610SHYS0364
2005,2005-06-10,Reg Season,Seibu Lions,Away,L,3,Yomiuri Giants,3,11,0,"0,0,1,0,0,0,2,0,0",4,Tokyo Dome,,02:56,42695,GAME20050610YGSL0361
2005,2005-06-10,Reg Season,Yomiuri Giants,Home,W,5,Seibu Lions,5,8,0,"0,0,0,2,0,3,0,0,x",4,Tokyo Dome,,02:56,42695,GAME20050610YGSL0361
2005,2005-06-11,Reg Season,Chiba Lotte Marines,Away,W,11,Chunichi Dragons,11,12,0,"0,0,0,1,6,1,3,0,0",5,Vantelin Dome Nagoya,,03:52,34400,GAME20050611CDLM0368
2005,2005-06-11,Reg Season,Chunichi Dragons,Home,L,5,Chiba Lotte Marines,5,12,1,"0,0,0,4,1,0,0,0,0",5,Vantelin Dome Nagoya,,03:52,34400,GAME20050611CDLM0368
2005,2005-06-11,Reg Season,Orix Buffaloes,Away,W,10,Yokohama BayStars,10,15,0,"5,1,1,0,0,0,0,0,3",5,Yokohama Stadium,,03:45,10629,GAME20050611DBOB0369
2005,2005-06-11,Reg Season,Yokohama BayStars,Home,L,7,Orix Buffaloes,7,13,1,"0,1,0,3,2,0,0,0,1",5,Yokohama Stadium,,03:45,10629,GAME20050611DBOB0369
2005,2005-06-11,Reg Season,Hokkaido Nippon-Ham Fighters,Away,L,6,Hanshin Tigers,6,8,0,"0,1,2,2,0,1,0,0,0",5,Hanshin Koshien Stadium,,03:38,47287,GAME20050611HTNF0371
2005,2005-06-11,Reg Season,Hanshin Tigers,Home,W,11,Hokkaido Nippon-Ham Fighters,11,13,0,"0,0,0,1,0,5,5,0,x",5,Hanshin Koshien Stadium,,03:38,47287,GAME20050611HTNF0371
2005,2005-06-11,Reg Season,Hiroshima Toyo Carp,Away,L,3,Tohoku Rakuten Golden Eagles,3,10,1,"0,0,2,0,0,1,0,0,0",5,Rakuten Seimei Park Miyagi,,03:01,16903,GAME20050611REHC0370
2005,2005-06-11,Reg Season,Tohoku Rakuten Golden Eagles,Home,W,6,Hiroshima Toyo Carp,6,11,0,"0,0,0,0,2,0,4,0,x",5,Rakuten Seimei Park Miyagi,,03:01,16903,GAME20050611REHC0370
2005,2005-06-11,Reg Season,Yakult Swallows,Away,L,3,Fukuoka Softbank Hawks,3,9,0,"0,0,0,0,1,1,0,0,1",5,Mizuho PayPay Dome Fukuoka,,02:54,34183,GAME20050611SHYS0372
2005,2005-06-11,Reg Season,Fukuoka Softbank Hawks,Home,W,7,Yakult Swallows,7,12,0,"1,0,4,0,2,0,0,0,x",5,Mizuho PayPay Dome Fukuoka,,02:54,34183,GAME20050611SHYS0372
2005,2005-06-11,Reg Season,Seibu Lions,Away,W,12,Yomiuri Giants,12,16,0,"0,0,5,1,0,5,0,1,0",5,Tokyo Dome,,03:43,44667,GAME20050611YGSL0367
2005,2005-06-11,Reg Season,Yomiuri Giants,Home,L,5,Seibu Lions,5,8,0,"0,0,3,0,0,2,0,0,0",5,Tokyo Dome,,03:43,44667,GAME20050611YGSL0367
2005,2005-06-12,Reg Season,Chiba Lotte Marines,Away,W,10,Chunichi Dragons,10,17,0,"3,1,3,0,1,2,0,0,0",6,Vantelin Dome Nagoya,,03:01,32800,GAME20050612CDLM0377
2005,2005-06-12,Reg Season,Chunichi Dragons,Home,L,4,Chiba Lotte Marines,4,6,0,"0,0,0,0,1,2,0,0,1",6,Vantelin Dome Nagoya,,03:01,32800,GAME20050612CDLM0377
2005,2005-06-12,Reg Season,Orix Buffaloes,Away,L,7,Yokohama BayStars,7,8,1,"0,0,0,0,0,2,4,0,1",6,Yokohama Stadium,,03:22,14503,GAME20050612DBOB0374
2005,2005-06-12,Reg Season,Yokohama BayStars,Home,W,8,Orix Buffaloes,8,14,1,"3,0,0,0,0,5,0,0,x",6,Yokohama Stadium,,03:22,14503,GAME20050612DBOB0374
2005,2005-06-12,Reg Season,Hokkaido Nippon-Ham Fighters,Away,W,10,Hanshin Tigers,10,16,0,"3,4,0,0,1,0,2,0,0",6,Hanshin Koshien Stadium,,03:06,47279,GAME20050612HTNF0375
2005,2005-06-12,Reg Season,Hanshin Tigers,Home,L,3,Hokkaido Nippon-Ham Fighters,3,7,0,"0,0,0,0,0,3,0,0,0",6,Hanshin Koshien Stadium,,03:06,47279,GAME20050612HTNF0375
2005,2005-06-12,Reg Season,Hiroshima Toyo Carp,Away,L,3,Tohoku Rakuten Golden Eagles,3,9,0,"0,0,1,0,2,0,0,0,0",6,Rakuten Seimei Park Miyagi,,03:11,17827,GAME20050612REHC0378
2005,2005-06-12,Reg Season,Tohoku Rakuten Golden Eagles,Home,W,4,Hiroshima Toyo Carp,4,8,1,"3,0,0,0,0,1,0,0,x",6,Rakuten Seimei Park Miyagi,,03:11,17827,GAME20050612REHC0378
2005,2005-06-12,Reg Season,Yakult Swallows,Away,W,5,Fukuoka Softbank Hawks,5,14,0,"0,1,1,3,0,0,0,0,0",6,Mizuho PayPay Dome Fukuoka,,03:03,33279,GAME20050612SHYS0376
2005,2005-06-12,Reg Season,Fukuoka Softbank Hawks,Home,L,1,Yakult Swallows,1,8,1,"0,0,0,0,0,0,0,1,0",6,Mizuho PayPay Dome Fukuoka,,03:03,33279,GAME20050612SHYS0376
2005,2005-06-12,Reg Season,Seibu Lions,Away,L,3,Yomiuri Giants,3,9,0,"3,0,0,0,0,0,0,0,0",6,Tokyo Dome,,03:04,44021,GAME20050612YGSL0373
2005,2005-06-12,Reg Season,Yomiuri Giants,Home,W,19,Seibu Lions,19,21,0,"0,8,0,1,0,5,0,5,x",6,Tokyo Dome,,03:04,44021,GAME20050612YGSL0373
2005,2005-06-14,Reg Season,Orix Buffaloes,Away,W,4,Chunichi Dragons,4,12,2,"0,1,0,0,1,0,0,2,0",4,Vantelin Dome Nagoya,,03:12,30200,GAME20050614CDOB0381
2005,2005-06-14,Reg Season,Chunichi Dragons,Home,L,1,Orix Buffaloes,1,3,1,"0,0,1,0,0,0,0,0,0",4,Vantelin Dome Nagoya,,03:12,30200,GAME20050614CDOB0381
2005,2005-06-14,Reg Season,Hiroshima Toyo Carp,Away,L,0,Hokkaido Nippon-Ham Fighters,0,4,0,"0,0,0,0,0,0,0,0,0",4,Sapporo Dome,,02:37,15302,GAME20050614NFHC0380
2005,2005-06-14,Reg Season,Hokkaido Nippon-Ham Fighters,Home,W,3,Hiroshima Toyo Carp,3,8,1,"0,0,1,1,0,1,0,0,x",4,Sapporo Dome,,02:37,15302,GAME20050614NFHC0380
2005,2005-06-14,Reg Season,Yokohama BayStars,Away,L,2,Fukuoka Softbank Hawks,2,5,2,"0,1,1,0,0,0,0,0,0",4,Mizuho PayPay Dome Fukuoka,,03:10,27452,GAME20050614SHDB0384
2005,2005-06-14,Reg Season,Fukuoka Softbank Hawks,Home,W,6,Yokohama BayStars,6,9,0,"1,0,0,0,2,0,1,2,x",4,Mizuho PayPay Dome Fukuoka,,03:10,27452,GAME20050614SHDB0384
2005,2005-06-14,Reg Season,Hanshin Tigers,Away,W,4,Seibu Lions,4,10,0,"0,0,1,0,0,2,0,0,1",4,Belluna Dome,,03:20,29154,GAME20050614SLHT0382
2005,2005-06-14,Reg Season,Seibu Lions,Home,L,0,Hanshin Tigers,0,7,0,"0,0,0,0,0,0,0,0,0",4,Belluna Dome,,03:20,29154,GAME20050614SLHT0382
2005,2005-06-14,Reg Season,Tohoku Rakuten Golden Eagles,Away,L,3,Yomiuri Giants,3,8,2,"0,0,0,0,0,0,3,0,0",4,Tokyo Dome,,02:55,41438,GAME20050614YGRE0379
2005,2005-06-14,Reg Season,Yomiuri Giants,Home,W,9,Tohoku Rakuten Golden Eagles,9,9,0,"5,0,0,3,0,0,0,1,x",4,Tokyo Dome,,02:55,41438,GAME20050614YGRE0379
2005,2005-06-14,Reg Season,Chiba Lotte Marines,Away,W,8,Yakult Swallows,8,13,0,"0,2,0,2,4,0,0,0,0",4,Meiji Jingu Stadium,,02:57,20007,GAME20050614YSLM0383
2005,2005-06-14,Reg Season,Yakult Swallows,Home,L,2,Chiba Lotte Marines,2,10,1,"0,0,0,0,0,0,1,0,1",4,Meiji Jingu Stadium,,02:57,20007,GAME20050614YSLM0383
2005,2005-06-15,Reg Season,Orix Buffaloes,Away,L,0,Chunichi Dragons,0,5,0,"0,0,0,0,0,0,0,0,0",5,Vantelin Dome Nagoya,,02:31,24700,GAME20050615CDOB0386
2005,2005-06-15,Reg Season,Chunichi Dragons,Home,W,2,Orix Buffaloes,2,8,0,"0,0,0,0,0,0,0,2,x",5,Vantelin Dome Nagoya,,02:31,24700,GAME20050615CDOB0386
2005,2005-06-15,Reg Season,Hiroshima Toyo Carp,Away,L,2,Hokkaido Nippon-Ham Fighters,2,9,2,"0,0,0,0,0,0,0,0,2",5,Sapporo Dome,,03:06,24375,GAME20050615NFHC0389
2005,2005-06-15,Reg Season,Hokkaido Nippon-Ham Fighters,Home,W,8,Hiroshima Toyo Carp,8,11,1,"0,3,3,0,1,0,1,0,x",5,Sapporo Dome,,03:06,24375,GAME20050615NFHC0389
2005,2005-06-15,Reg Season,Yokohama BayStars,Away,L,2,Fukuoka Softbank Hawks,2,6,0,"0,2,0,0,0,0,0,0,0",5,Mizuho PayPay Dome Fukuoka,,02:44,28579,GAME20050615SHDB0388
2005,2005-06-15,Reg Season,Fukuoka Softbank Hawks,Home,W,6,Yokohama BayStars,6,10,0,"1,2,0,0,0,1,2,0,x",5,Mizuho PayPay Dome Fukuoka,,02:44,28579,GAME20050615SHDB0388
2005,2005-06-15,Reg Season,Hanshin Tigers,Away,W,10,Seibu Lions,10,13,0,"0,2,0,2,1,0,2,3,0",5,Belluna Dome,,03:42,27245,GAME20050615SLHT0390
2005,2005-06-15,Reg Season,Seibu Lions,Home,L,3,Hanshin Tigers,3,7,2,"1,2,0,0,0,0,0,0,0",5,Belluna Dome,,03:42,27245,GAME20050615SLHT0390
2005,2005-06-15,Reg Season,Tohoku Rakuten Golden Eagles,Away,L,0,Yomiuri Giants,0,4,0,"0,0,0,0,0,0,0,0,0",5,Tokyo Dome,,02:45,41614,GAME20050615YGRE0385
2005,2005-06-15,Reg Season,Yomiuri Giants,Home,W,4,Tohoku Rakuten Golden Eagles,4,8,0,"0,0,0,0,1,1,1,1,x",5,Tokyo Dome,,02:45,41614,GAME20050615YGRE0385
2005,2005-06-15,Reg Season,Chiba Lotte Marines,Away,L,1,Yakult Swallows,1,7,0,"1,0,0,0,0,0,0,0,0",5,Meiji Jingu Stadium,,02:40,11009,GAME20050615YSLM0387
2005,2005-06-15,Reg Season,Yakult Swallows,Home,W,4,Chiba Lotte Marines,4,12,0,"1,0,2,0,0,0,1,0,x",5,Meiji Jingu Stadium,,02:40,11009,GAME20050615YSLM0387
2005,2005-06-16,Reg Season,Orix Buffaloes,Away,L,2,Chunichi Dragons,2,8,0,"0,0,2,0,0,0,0,0,0",6,Vantelin Dome Nagoya,,03:24,25400,GAME20050616CDOB0392
2005,2005-06-16,Reg Season,Chunichi Dragons,Home,W,4,Orix Buffaloes,4,7,0,"0,0,0,0,0,4,0,0,x",6,Vantelin Dome Nagoya,,03:24,25400,GAME20050616CDOB0392
2005,2005-06-16,Reg Season,Hiroshima Toyo Carp,Away,L,0,Hokkaido Nippon-Ham Fighters,0,3,0,"0,0,0,0,0,0,0,0,0",6,Sapporo Dome,,02:53,13225,GAME20050616NFHC0393
2005,2005-06-16,Reg Season,Hokkaido Nippon-Ham Fighters,Home,W,3,Hiroshima Toyo Carp,3,5,0,"0,0,0,0,0,3,0,0,x",6,Sapporo Dome,,02:53,13225,GAME20050616NFHC0393
2005,2005-06-16,Reg Season,Yokohama BayStars,Away,L,0,Fukuoka Softbank Hawks,0,6,0,"0,0,0,0,0,0,0,0,0",6,Mizuho PayPay Dome Fukuoka,,02:50,29943,GAME20050616SHDB0395
2005,2005-06-16,Reg Season,Fukuoka Softbank Hawks,Home,W,2,Yokohama BayStars,2,9,0,"0,0,0,0,0,1,1,0,x",6,Mizuho PayPay Dome Fukuoka,,02:50,29943,GAME20050616SHDB0395
2005,2005-06-16,Reg Season,Hanshin Tigers,Away,L,2,Seibu Lions,2,8,2,"0,0,0,1,0,1,0,0,0",6,Belluna Dome,,03:10,28224,GAME20050616SLHT0394
2005,2005-06-16,Reg Season,Seibu Lions,Home,W,8,Hanshin Tigers,8,11,2,"1,0,0,2,0,2,3,0,x",6,Belluna Dome,,03:10,28224,GAME20050616SLHT0394
2005,2005-06-16,Reg Season,Tohoku Rakuten Golden Eagles,Away,L,0,Yomiuri Giants,0,2,0,"0,0,0,0,0,0,0,0,0",6,Tokyo Dome,,03:09,42720,GAME20050616YGRE0391
2005,2005-06-16,Reg Season,Yomiuri Giants,Home,W,4,Tohoku Rakuten Golden Eagles,4,12,0,"0,2,0,0,0,0,0,2,x",6,Tokyo Dome,,03:09,42720,GAME20050616YGRE0391
2005,2005-06-17,Reg Season,Tohoku Rakuten Golden Eagles,Away,L,3,Yokohama BayStars,3,6,0,"0,0,2,0,0,0,0,0,1",5,Yokohama Stadium,,02:51,5949,GAME20050617DBRE0396
2005,2005-06-17,Reg Season,Yokohama BayStars,Home,W,4,Tohoku Rakuten Golden Eagles,4,11,0,"0,1,3,0,0,0,0,0,x",5,Yokohama Stadium,,02:51,5949,GAME20050617DBRE0396
2005,2005-06-17,Reg Season,Chiba Lotte Marines,Away,W,5,Yakult Swallows,5,11,0,"0,0,2,0,1,0,0,0,2",6,Meiji Jingu Stadium,,03:04,14810,GAME20050617YSLM0397
2005,2005-06-17,Reg Season,Yakult Swallows,Home,L,1,Chiba Lotte Marines,1,8,0,"0,1,0,0,0,0,0,0,0",6,Meiji Jingu Stadium,,03:04,14810,GAME20050617YSLM0397
2005,2005-06-18,Reg Season,Yokohama BayStars,Away,W,6,Tohoku Rakuten Golden Eagles,6,9,0,"0,1,0,4,0,0,1,0,0",6,Rakuten Seimei Park Miyagi,,03:55,12759,GAME20050618REDB0398
2005,2005-06-18,Reg Season,Tohoku Rakuten Golden Eagles,Home,L,4,Yokohama BayStars,4,8,1,"4,0,0,0,0,0,0,0,0",6,Rakuten Seimei Park Miyagi,,03:55,12759,GAME20050618REDB0398
2005,2005-06-18,Reg Season,Seibu Lions,Away,W,11,Yakult Swallows,11,17,0,"2,0,2,0,0,0,3,3,1",6,Meiji Jingu Stadium,,03:02,12943,GAME20050618YSSL0399
2005,2005-06-18,Reg Season,Yakult Swallows,Home,L,1,Seibu Lions,1,4,1,"0,1,0,0,0,0,0,0,0",6,Meiji Jingu Stadium,,03:02,12943,GAME20050618YSSL0399
2005,2005-06-21,Reg Season,Yomiuri Giants,Away,L,4,Yokohama BayStars,4,9,0,"0,3,0,0,1,0,0,0,0",7,Kusanagi Baseball Stadium,,03:46,14494,GAME20050621DBYG0403
2005,2005-06-21,Reg Season,Yokohama BayStars,Home,W,11,Yomiuri Giants,11,11,1,"4,0,0,0,2,0,0,5,x",7,Kusanagi Baseball Stadium,,03:46,14494,GAME20050621DBYG0403
2005,2005-06-21,Reg Season,Yakult Swallows,Away,W,11,Hiroshima Toyo Carp,11,18,0,"1,0,0,3,2,0,4,0,1",6,MAZDA Zoom-Zoom Stadium Hiroshima,,03:14,8013,GAME20050621HCYS0400
2005,2005-06-21,Reg Season,Hiroshima Toyo Carp,Home,L,2,Yakult Swallows,2,5,1,"0,0,0,0,0,1,1,0,0",6,MAZDA Zoom-Zoom Stadium Hiroshima,,03:14,8013,GAME20050621HCYS0400
2005,2005-06-21,Reg Season,Chunichi Dragons,Away,L,3,Hanshin Tigers,3,6,1,"0,1,1,0,0,0,0,0,1",7,Kyocera Dome Osaka,,03:31,23952,GAME20050621HTCD0402
2005,2005-06-21,Reg Season,Hanshin Tigers,Home,W,4,Chunichi Dragons,4,11,0,"0,0,0,1,3,0,0,0,x",7,Kyocera Dome Osaka,,03:31,23952,GAME20050621HTCD0402
2005,2005-06-21,Reg Season,Hokkaido Nippon-Ham Fighters,Away,W,3,Chiba Lotte Marines,3,10,0,"0,0,1,1,0,0,1,0,0",6,ZOZO Marine Stadium,,03:16,15632,GAME20050621LMNF0401
2005,2005-06-21,Reg Season,Chiba Lotte Marines,Home,L,1,Hokkaido Nippon-Ham Fighters,1,10,0,"0,0,0,0,1,0,0,0,0",6,ZOZO Marine Stadium,,03:16,15632,GAME20050621LMNF0401
2005,2005-06-21,Reg Season,Fukuoka Softbank Hawks,Away,W,10,Tohoku Rakuten Golden Eagles,10,15,1,"2,0,0,0,4,2,2,0,0",7,Rakuten Seimei Park Miyagi,,03:14,11168,GAME20050621RESH0405
2005,2005-06-21,Reg Season,Tohoku Rakuten Golden Eagles,Home,L,4,Fukuoka Softbank Hawks,4,7,2,"4,0,0,0,0,0,0,0,0",7,Rakuten Seimei Park Miyagi,,03:14,11168,GAME20050621RESH0405
2005,2005-06-21,Reg Season,Orix Buffaloes,Away,L,5,Seibu Lions,5,17,4,"0,0,0,2,1,1,1,0,0",6,Belluna Dome,,04:04,8315,GAME20050621SLOB0404
2005,2005-06-21,Reg Season,Seibu Lions,Home,W,10,Orix Buffaloes,10,13,0,"2,1,0,2,1,0,4,0,x",6,Belluna Dome,,04:04,8315,GAME20050621SLOB0404
2005,2005-06-22,Reg Season,Yomiuri Giants,Away,L,0,Yokohama BayStars,0,8,2,"0,0,0,0,0,0,0,0,0",8,Yokohama Stadium,,02:52,15957,GAME20050622DBYG0411
2005,2005-06-22,Reg Season,Yokohama BayStars,Home,W,8,Yomiuri Giants,8,11,0,"1,0,4,0,0,2,0,1,x",8,Yokohama Stadium,,02:52,15957,GAME20050622DBYG0411
2005,2005-06-22,Reg Season,Yakult Swallows,Away,L,2,Hiroshima Toyo Carp,2,7,0,"0,0,0,0,0,0,1,1,0",7,MAZDA Zoom-Zoom Stadium Hiroshima,,03:16,7077,GAME20050622HCYS0406
2005,2005-06-22,Reg Season,Hiroshima Toyo Carp,Home,W,10,Yakult Swallows,10,17,0,"0,0,4,1,2,0,0,3,x",7,MAZDA Zoom-Zoom Stadium Hiroshima,,03:16,7077,GAME20050622HCYS0406
2005,2005-06-22,Reg Season,Chunichi Dragons,Away,L,2,Hanshin Tigers,2,11,0,"0,1,1,0,0,0,0,0,0,0,0,0",8,Kyocera Dome Osaka,,04:55,28140,GAME20050622HTCD0407
2005,2005-06-22,Reg Season,Hanshin Tigers,Home,W,4,Chunichi Dragons,4,10,0,"0,0,0,1,1,0,0,0,0,0,0,2x",8,Kyocera Dome Osaka,,04:55,28140,GAME20050622HTCD0407
2005,2005-06-22,Reg Season,Hokkaido Nippon-Ham Fighters,Away,W,9,Chiba Lotte Marines,9,13,0,"1,1,2,1,0,1,0,0,3",7,ZOZO Marine Stadium,,03:55,13042,GAME20050622LMNF0410
2005,2005-06-22,Reg Season,Chiba Lotte Marines,Home,L,5,Hokkaido Nippon-Ham Fighters,5,11,0,"2,0,1,0,0,0,2,0,0",7,ZOZO Marine Stadium,,03:55,13042,GAME20050622LMNF0410
2005,2005-06-22,Reg Season,Fukuoka Softbank Hawks,Away,W,5,Tohoku Rakuten Golden Eagles,5,15,0,"0,0,0,0,4,0,1,0,0",8,Rakuten Seimei Park Miyagi,,03:47,10911,GAME20050622RESH0409
2005,2005-06-22,Reg Season,Tohoku Rakuten Golden Eagles,Home,L,4,Fukuoka Softbank Hawks,4,9,0,"0,0,0,1,0,1,1,1,0",8,Rakuten Seimei Park Miyagi,,03:47,10911,GAME20050622RESH0409
2005,2005-06-22,Reg Season,Orix Buffaloes,Away,L,6,Seibu Lions,6,15,0,"1,0,0,1,0,4,0,0,0",7,Belluna Dome,,03:38,8319,GAME20050622SLOB0408
2005,2005-06-22,Reg Season,Seibu Lions,Home,W,9,Orix Buffaloes,9,12,1,"6,0,3,0,0,0,0,0,x",7,Belluna Dome,,03:38,8319,GAME20050622SLOB0408
2005,2005-06-23,Reg Season,Yomiuri Giants,Away,W,14,Yokohama BayStars,14,19,1,"0,2,2,6,1,0,0,3,0",9,Yokohama Stadium,,03:30,15789,GAME20050623DBYG0414
2005,2005-06-23,Reg Season,Yokohama BayStars,Home,L,2,Yomiuri Giants,2,8,2,"0,0,1,1,0,0,0,0,0",9,Yokohama Stadium,,03:30,15789,GAME20050623DBYG0414
2005,2005-06-23,Reg Season,Yakult Swallows,Away,L,2,Hiroshima Toyo Carp,2,5,2,"1,0,0,0,0,0,0,0,1",8,MAZDA Zoom-Zoom Stadium Hiroshima,,03:10,17376,GAME20050623HCYS0412
2005,2005-06-23,Reg Season,Hiroshima Toyo Carp,Home,W,5,Yakult Swallows,5,8,1,"0,1,2,2,0,0,0,0,x",8,MAZDA Zoom-Zoom Stadium Hiroshima,,03:10,17376,GAME20050623HCYS0412
2005,2005-06-23,Reg Season,Chunichi Dragons,Away,W,9,Hanshin Tigers,9,10,0,"0,0,0,0,0,6,0,0,3",9,Kyocera Dome Osaka,,04:07,27036,GAME20050623HTCD0413
2005,2005-06-23,Reg Season,Hanshin Tigers,Home,L,3,Chunichi Dragons,3,10,1,"1,1,0,0,0,0,0,0,1",9,Kyocera Dome Osaka,,04:07,27036,GAME20050623HTCD0413
2005,2005-06-23,Reg Season,Orix Buffaloes,Away,W,6,Seibu Lions,6,7,0,"0,0,0,4,0,0,2,0,0",8,Belluna Dome,,03:42,8279,GAME20050623SLOB0415
2005,2005-06-23,Reg Season,Seibu Lions,Home,L,5,Orix Buffaloes,5,11,0,"0,2,1,1,0,1,0,0,0",8,Belluna Dome,,03:42,8279,GAME20050623SLOB0415
2005,2005-06-24,Reg Season,Chunichi Dragons,Away,W,12,Hiroshima Toyo Carp,12,13,0,"0,3,0,2,3,0,0,0,4",6,MAZDA Zoom-Zoom Stadium Hiroshima,,03:29,9078,GAME20050624HCCD0418
2005,2005-06-24,Reg Season,Hiroshima Toyo Carp,Home,L,4,Chunichi Dragons,4,13,0,"1,1,0,0,0,0,2,0,0",6,MAZDA Zoom-Zoom Stadium Hiroshima,,03:29,9078,GAME20050624HCCD0418
2005,2005-06-24,Reg Season,Yomiuri Giants,Away,L,3,Hanshin Tigers,3,10,1,"0,0,0,3,0,0,0,0,0,0,0",7,Hanshin Koshien Stadium,,03:36,48523,GAME20050624HTYG0417
2005,2005-06-24,Reg Season,Hanshin Tigers,Home,W,4,Yomiuri Giants,4,7,0,"3,0,0,0,0,0,0,0,0,0,1x",7,Hanshin Koshien Stadium,,03:36,48523,GAME20050624HTYG0417
2005,2005-06-24,Reg Season,Hokkaido Nippon-Ham Fighters,Away,L,4,Fukuoka Softbank Hawks,4,7,1,"1,1,0,0,0,0,1,1,0",6,Mizuho PayPay Dome Fukuoka,,03:30,31615,GAME20050624SHNF0416
2005,2005-06-24,Reg Season,Fukuoka Softbank Hawks,Home,W,5,Hokkaido Nippon-Ham Fighters,5,9,0,"0,0,0,0,2,3,0,0,x",6,Mizuho PayPay Dome Fukuoka,,03:30,31615,GAME20050624SHNF0416
2005,2005-06-25,Reg Season,Chunichi Dragons,Away,L,12,Hiroshima Toyo Carp,12,14,1,"1,0,4,0,0,0,0,3,4",7,MAZDA Zoom-Zoom Stadium Hiroshima,,03:57,12381,GAME20050625HCCD0424
2005,2005-06-25,Reg Season,Hiroshima Toyo Carp,Home,W,16,Chunichi Dragons,16,16,1,"3,0,0,0,6,0,4,3,x",7,MAZDA Zoom-Zoom Stadium Hiroshima,,03:57,12381,GAME20050625HCCD0424
2005,2005-06-25,Reg Season,Yomiuri Giants,Away,W,8,Hanshin Tigers,8,13,1,"0,2,0,2,0,1,0,0,3",8,Hanshin Koshien Stadium,,03:47,48548,GAME20050625HTYG0422
2005,2005-06-25,Reg Season,Hanshin Tigers,Home,L,6,Yomiuri Giants,6,11,0,"2,0,1,2,0,0,0,0,1",8,Hanshin Koshien Stadium,,03:47,48548,GAME20050625HTYG0422
2005,2005-06-25,Reg Season,Chiba Lotte Marines,Away,L,2,Orix Buffaloes,2,7,0,"0,0,0,0,0,1,1,0,0",5,Kobe Athletic Park Baseball Field,,02:55,22411,GAME20050625OBLM0419
2005,2005-06-25,Reg Season,Orix Buffaloes,Home,W,9,Chiba Lotte Marines,9,15,1,"0,1,4,1,0,0,2,1,x",5,Kobe Athletic Park Baseball Field,,02:55,22411,GAME20050625OBLM0419
2005,2005-06-25,Reg Season,Hokkaido Nippon-Ham Fighters,Away,L,5,Fukuoka Softbank Hawks,5,9,0,"0,1,0,0,0,4,0,0,0,0,0",7,Mizuho PayPay Dome Fukuoka,,04:47,33204,GAME20050625SHNF0423
2005,2005-06-25,Reg Season,Fukuoka Softbank Hawks,Home,W,6,Hokkaido Nippon-Ham Fighters,6,11,0,"0,1,0,0,3,0,0,1,0,0,1x",7,Mizuho PayPay Dome Fukuoka,,04:47,33204,GAME20050625SHNF0423
2005,2005-06-25,Reg Season,Tohoku Rakuten Golden Eagles,Away,W,11,Seibu Lions,11,18,1,"2,0,0,1,0,0,1,0,3,0,4",9,Nagano Olympic Stadium,,04:34,12312,GAME20050625SLRE0420
2005,2005-06-25,Reg Season,Seibu Lions,Home,L,7,Tohoku Rakuten Golden Eagles,7,9,0,"0,1,0,1,0,0,4,0,1,0,0",9,Nagano Olympic Stadium,,04:34,12312,GAME20050625SLRE0420
2005,2005-06-25,Reg Season,Yokohama BayStars,Away,L,2,Yakult Swallows,2,11,2,"0,0,0,0,2,0,0,0,0",5,Komachi Stadium,,03:22,18695,GAME20050625YSDB0421
2005,2005-06-25,Reg Season,Yakult Swallows,Home,W,5,Yokohama BayStars,5,9,1,"1,3,0,0,0,0,1,0,x",5,Komachi Stadium,,03:22,18695,GAME20050625YSDB0421
2005,2005-06-26,Reg Season,Chunichi Dragons,Away,L,5,Hiroshima Toyo Carp,5,11,0,"0,1,1,0,0,0,2,0,1",8,MAZDA Zoom-Zoom Stadium Hiroshima,,03:21,11193,GAME20050626HCCD0428
2005,2005-06-26,Reg Season,Hiroshima Toyo Carp,Home,W,8,Chunichi Dragons,8,12,1,"0,0,3,5,0,0,0,0,x",8,MAZDA Zoom-Zoom Stadium Hiroshima,,03:21,11193,GAME20050626HCCD0428
2005,2005-06-26,Reg Season,Yomiuri Giants,Away,L,2,Hanshin Tigers,2,9,1,"0,0,1,0,0,1,0,0,0",9,Hanshin Koshien Stadium,,03:25,48533,GAME20050626HTYG0430
2005,2005-06-26,Reg Season,Hanshin Tigers,Home,W,8,Yomiuri Giants,8,14,1,"0,1,0,5,1,1,0,0,x",9,Hanshin Koshien Stadium,,03:25,48533,GAME20050626HTYG0430
2005,2005-06-26,Reg Season,Chiba Lotte Marines,Away,W,5,Orix Buffaloes,5,11,0,"0,0,0,2,0,0,0,2,1",6,Kobe Athletic Park Baseball Field,,02:49,20807,GAME20050626OBLM0425
2005,2005-06-26,Reg Season,Orix Buffaloes,Home,L,0,Chiba Lotte Marines,0,8,0,"0,0,0,0,0,0,0,0,0",6,Kobe Athletic Park Baseball Field,,02:49,20807,GAME20050626OBLM0425
2005,2005-06-26,Reg Season,Hokkaido Nippon-Ham Fighters,Away,L,1,Fukuoka Softbank Hawks,1,6,0,"0,0,0,1,0,0,0,0,0",8,Mizuho PayPay Dome Fukuoka,,02:44,33638,GAME20050626SHNF0427
2005,2005-06-26,Reg Season,Fukuoka Softbank Hawks,Home,W,5,Hokkaido Nippon-Ham Fighters,5,10,0,"0,0,1,1,0,0,2,1,x",8,Mizuho PayPay Dome Fukuoka,,02:44,33638,GAME20050626SHNF0427
2005,2005-06-26,Reg Season,Tohoku Rakuten Golden Eagles,Away,W,16,Seibu Lions,16,19,0,"0,1,5,0,2,0,0,1,0,7",10,Nagano Olympic Stadium,,05:29,12548,GAME20050626SLRE0429
2005,2005-06-26,Reg Season,Seibu Lions,Home,L,9,Tohoku Rakuten Golden Eagles,9,14,1,"4,0,0,3,0,1,0,1,0,0",10,Nagano Olympic Stadium,,05:29,12548,GAME20050626SLRE0429
2005,2005-06-26,Reg Season,Yokohama BayStars,Away,L,1,Yakult Swallows,1,7,1,"1,0,0,0,0,0,0,0,0",6,Komachi Stadium,,02:59,15906,GAME20050626YSDB0426
2005,2005-06-26,Reg Season,Yakult Swallows,Home,W,3,Yokohama BayStars,3,6,0,"0,0,0,0,0,0,3,0,x",6,Komachi Stadium,,02:59,15906,GAME20050626YSDB0426
2005,2005-06-27,Reg Season,Seibu Lions,Away,L,2,Hokkaido Nippon-Ham Fighters,2,5,2,"1,0,0,0,1,0,0,0,0",10,Sapporo Dome,,03:01,30986,GAME20050627NFSL0431
2005,2005-06-27,Reg Season,Hokkaido Nippon-Ham Fighters,Home,W,4,Seibu Lions,4,5,0,"0,2,0,0,0,0,2,0,x",10,Sapporo Dome,,03:01,30986,GAME20050627NFSL0431
2005,2005-06-27,Reg Season,Tohoku Rakuten Golden Eagles,Away,L,0,Orix Buffaloes,0,4,0,"0,0,0,0,0,0,0,0,0",7,Kyocera Dome Osaka,,02:36,20864,GAME20050627OBRE0432
2005,2005-06-27,Reg Season,Orix Buffaloes,Home,W,4,Tohoku Rakuten Golden Eagles,4,9,0,"0,1,2,0,0,0,1,0,x",7,Kyocera Dome Osaka,,02:36,20864,GAME20050627OBRE0432
2005,2005-06-28,Reg Season,Hanshin Tigers,Away,W,14,Hiroshima Toyo Carp,14,16,0,"0,0,0,1,0,4,1,8,0",7,Minatoyama Baseball Field,,04:06,14469,GAME20050628HCHT0437
2005,2005-06-28,Reg Season,Hiroshima Toyo Carp,Home,L,4,Hanshin Tigers,4,13,0,"0,1,0,0,0,2,1,0,0",7,Minatoyama Baseball Field,,04:06,14469,GAME20050628HCHT0437
2005,2005-06-28,Reg Season,Fukuoka Softbank Hawks,Away,W,6,Chiba Lotte Marines,6,13,0,"0,1,0,1,0,3,0,0,1",10,ZOZO Marine Stadium,,03:10,25012,GAME20050628LMSH0433
2005,2005-06-28,Reg Season,Chiba Lotte Marines,Home,L,2,Fukuoka Softbank Hawks,2,7,0,"0,0,1,1,0,0,0,0,0",10,ZOZO Marine Stadium,,03:10,25012,GAME20050628LMSH0433
2005,2005-06-28,Reg Season,Seibu Lions,Away,L,5,Hokkaido Nippon-Ham Fighters,5,11,1,"2,1,0,1,0,0,1,0,0",11,Sapporo Dome,,03:35,12888,GAME20050628NFSL0434
2005,2005-06-28,Reg Season,Hokkaido Nippon-Ham Fighters,Home,W,15,Seibu Lions,15,18,0,"0,0,5,1,1,3,3,2,x",11,Sapporo Dome,,03:35,12888,GAME20050628NFSL0434
2005,2005-06-28,Reg Season,Tohoku Rakuten Golden Eagles,Away,L,2,Orix Buffaloes,2,9,0,"1,0,0,0,0,1,0,0,0",8,Kyocera Dome Osaka,,03:45,12522,GAME20050628OBRE0436
2005,2005-06-28,Reg Season,Orix Buffaloes,Home,W,3,Tohoku Rakuten Golden Eagles,3,10,0,"2,0,0,0,0,1,0,0,x",8,Kyocera Dome Osaka,,03:45,12522,GAME20050628OBRE0436
2005,2005-06-28,Reg Season,Yakult Swallows,Away,L,6,Yomiuri Giants,6,14,0,"0,1,3,0,0,1,0,0,1",6,Tokyo Dome,,03:09,37647,GAME20050628YGYS0435
2005,2005-06-28,Reg Season,Yomiuri Giants,Home,W,7,Yakult Swallows,7,12,0,"0,0,4,1,2,0,0,0,x",6,Tokyo Dome,,03:09,37647,GAME20050628YGYS0435
2005,2005-06-29,Reg Season,Yokohama BayStars,Away,L,4,Chunichi Dragons,4,12,1,"1,2,0,0,0,0,1,0,0",7,Alpen Stadium,,03:31,10400,GAME20050629CDDB0438
2005,2005-06-29,Reg Season,Chunichi Dragons,Home,W,5,Yokohama BayStars,5,6,1,"3,0,0,0,0,0,0,2,x",7,Alpen Stadium,,03:31,10400,GAME20050629CDDB0438
2005,2005-06-29,Reg Season,Hanshin Tigers,Away,W,7,Hiroshima Toyo Carp,7,14,0,"0,0,0,0,1,0,3,0,3",8,Minatoyama Baseball Field,,03:15,13133,GAME20050629HCHT0441
2005,2005-06-29,Reg Season,Hiroshima Toyo Carp,Home,L,3,Hanshin Tigers,3,9,2,"0,1,2,0,0,0,0,0,0",8,Minatoyama Baseball Field,,03:15,13133,GAME20050629HCHT0441
2005,2005-06-29,Reg Season,Fukuoka Softbank Hawks,Away,W,5,Chiba Lotte Marines,5,10,1,"1,0,0,2,1,1,0,0,0",11,ZOZO Marine Stadium,,03:28,23838,GAME20050629LMSH0442
2005,2005-06-29,Reg Season,Chiba Lotte Marines,Home,L,3,Fukuoka Softbank Hawks,3,9,0,"1,1,0,1,0,0,0,0,0",11,ZOZO Marine Stadium,,03:28,23838,GAME20050629LMSH0442
2005,2005-06-29,Reg Season,Seibu Lions,Away,L,0,Hokkaido Nippon-Ham Fighters,0,5,1,"0,0,0,0,0,0,0,0,0",12,Sapporo Dome,,03:28,13027,GAME20050629NFSL0439
2005,2005-06-29,Reg Season,Hokkaido Nippon-Ham Fighters,Home,W,4,Seibu Lions,4,4,0,"0,2,0,0,0,2,0,0,x",12,Sapporo Dome,,03:28,13027,GAME20050629NFSL0439
2005,2005-06-29,Reg Season,Tohoku Rakuten Golden Eagles,Away,W,6,Orix Buffaloes,6,8,0,"0,0,0,1,5,0,0,0,0",9,Kyocera Dome Osaka,,04:06,13271,GAME20050629OBRE0440
2005,2005-06-29,Reg Season,Orix Buffaloes,Home,L,5,Tohoku Rakuten Golden Eagles,5,12,1,"0,4,0,0,0,0,0,1,0",9,Kyocera Dome Osaka,,04:06,13271,GAME20050629OBRE0440
2005,2005-06-29,Reg Season,Yakult Swallows,Away,W,11,Yomiuri Giants,11,21,0,"0,0,2,2,1,0,0,3,3",7,Tokyo Dome,,03:33,38255,GAME20050629YGYS0443
2005,2005-06-29,Reg Season,Yomiuri Giants,Home,L,1,Yakult Swallows,1,5,0,"0,0,0,0,0,0,0,0,1",7,Tokyo Dome,,03:33,38255,GAME20050629YGYS0443
2005,2005-06-30,Reg Season,Yakult Swallows,Away,L,0,Yomiuri Giants,0,2,0,"0,0,0,0,0,0,0,0,0",8,Tokyo Dome,,02:43,37641,GAME20050630YGYS0444
2005,2005-06-30,Reg Season,Yomiuri Giants,Home,W,1,Yakult Swallows,1,11,1,"0,0,0,1,0,0,0,0,x",8,Tokyo Dome,,02:43,37641,GAME20050630YGYS0444
2005,2005-07-01,Reg Season,Hanshin Tigers,Away,L,4,Yokohama BayStars,4,7,1,"0,0,0,0,3,1,0,0,0",7,Yokohama Stadium,,03:17,16109,GAME20050701DBHT0448
2005,2005-07-01,Reg Season,Yokohama BayStars,Home,W,5,Hanshin Tigers,5,11,1,"1,2,0,0,0,2,0,0,x",7,Yokohama Stadium,,03:17,16109,GAME20050701DBHT0448
2005,2005-07-01,Reg Season,Seibu Lions,Away,L,1,Chiba Lotte Marines,1,5,0,"0,0,0,0,1,0,0,0,0",7,ZOZO Marine Stadium,,03:01,14295,GAME20050701LMSL0447
2005,2005-07-01,Reg Season,Chiba Lotte Marines,Home,W,6,Seibu Lions,6,8,0,"0,2,0,0,1,0,0,3,x",7,ZOZO Marine Stadium,,03:01,14295,GAME20050701LMSL0447
2005,2005-07-01,Reg Season,Hiroshima Toyo Carp,Away,L,0,Yomiuri Giants,0,8,0,"0,0,0,0,0,0,0,0,0",7,Tokyo Dome,,02:23,37847,GAME20050701YGHC0445
2005,2005-07-01,Reg Season,Yomiuri Giants,Home,W,3,Hiroshima Toyo Carp,3,5,0,"1,0,0,0,0,2,0,0,x",7,Tokyo Dome,,02:23,37847,GAME20050701YGHC0445
2005,2005-07-01,Reg Season,Chunichi Dragons,Away,W,8,Yakult Swallows,8,14,0,"0,0,0,0,4,0,0,4,0",7,Meiji Jingu Stadium,,04:07,13371,GAME20050701YSCD0446
2005,2005-07-01,Reg Season,Yakult Swallows,Home,L,4,Chunichi Dragons,4,12,0,"3,0,0,1,0,0,0,0,0",7,Meiji Jingu Stadium,,04:07,13371,GAME20050701YSCD0446
2005,2005-07-02,Reg Season,Hanshin Tigers,Away,W,5,Yokohama BayStars,5,11,0,"0,0,0,0,3,0,1,0,0,0,1",8,Yokohama Stadium,,04:36,25212,GAME20050702DBHT0452
2005,2005-07-02,Reg Season,Yokohama BayStars,Home,L,4,Hanshin Tigers,4,13,0,"0,2,0,0,0,2,0,0,0,0,0",8,Yokohama Stadium,,04:36,25212,GAME20050702DBHT0452
2005,2005-07-02,Reg Season,Seibu Lions,Away,W,3,Chiba Lotte Marines,3,9,0,"1,0,0,0,2,0,0,0,0",8,ZOZO Marine Stadium,,03:13,26093,GAME20050702LMSL0451
2005,2005-07-02,Reg Season,Chiba Lotte Marines,Home,L,1,Seibu Lions,1,5,0,"0,0,0,0,0,0,0,1,0",8,ZOZO Marine Stadium,,03:13,26093,GAME20050702LMSL0451
2005,2005-07-02,Reg Season,Hokkaido Nippon-Ham Fighters,Away,L,6,Tohoku Rakuten Golden Eagles,6,13,2,"0,0,0,0,2,2,2,0,0",6,Rakuten Seimei Park Miyagi,,04:20,19083,GAME20050702RENF0449
2005,2005-07-02,Reg Season,Tohoku Rakuten Golden Eagles,Home,W,7,Hokkaido Nippon-Ham Fighters,7,14,1,"0,0,1,0,2,0,0,0,4x",6,Rakuten Seimei Park Miyagi,,04:20,19083,GAME20050702RENF0449
2005,2005-07-02,Reg Season,Orix Buffaloes,Away,L,1,Fukuoka Softbank Hawks,1,4,1,"1,0,0,0,0,0,0,0,0",10,Mizuho PayPay Dome Fukuoka,,02:45,30995,GAME20050702SHOB0453
2005,2005-07-02,Reg Season,Fukuoka Softbank Hawks,Home,W,3,Orix Buffaloes,3,7,1,"0,1,0,0,0,0,0,2,x",10,Mizuho PayPay Dome Fukuoka,,02:45,30995,GAME20050702SHOB0453
2005,2005-07-02,Reg Season,Hiroshima Toyo Carp,Away,L,1,Yomiuri Giants,1,9,1,"1,0,0,0,0,0,0,0,0",8,Tokyo Dome,,03:06,43763,GAME20050702YGHC0450
2005,2005-07-02,Reg Season,Yomiuri Giants,Home,W,6,Hiroshima Toyo Carp,6,11,0,"0,1,0,0,1,0,4,0,x",8,Tokyo Dome,,03:06,43763,GAME20050702YGHC0450
2005,2005-07-02,Reg Season,Chunichi Dragons,Away,L,4,Yakult Swallows,4,12,1,"1,0,0,0,0,2,0,1,0",8,Meiji Jingu Stadium,,03:23,18021,GAME20050702YSCD0454
2005,2005-07-02,Reg Season,Yakult Swallows,Home,W,9,Chunichi Dragons,9,15,0,"3,2,0,2,0,2,0,0,x",8,Meiji Jingu Stadium,,03:23,18021,GAME20050702YSCD0454
2005,2005-07-03,Reg Season,Hanshin Tigers,Away,W,6,Yokohama BayStars,6,11,0,"0,2,1,0,0,0,1,0,2",9,Yokohama Stadium,,02:50,26480,GAME20050703DBHT0460
2005,2005-07-03,Reg Season,Yokohama BayStars,Home,L,3,Hanshin Tigers,3,5,1,"0,1,0,0,0,0,0,0,2",9,Yokohama Stadium,,02:50,26480,GAME20050703DBHT0460
2005,2005-07-03,Reg Season,Seibu Lions,Away,W,5,Chiba Lotte Marines,5,15,0,"2,0,2,0,0,0,1,0,0",9,ZOZO Marine Stadium,,03:12,27841,GAME20050703LMSL0456
2005,2005-07-03,Reg Season,Chiba Lotte Marines,Home,L,2,Seibu Lions,2,11,0,"1,0,0,1,0,0,0,0,0",9,ZOZO Marine Stadium,,03:12,27841,GAME20050703LMSL0456
2005,2005-07-03,Reg Season,Hokkaido Nippon-Ham Fighters,Away,L,5,Tohoku Rakuten Golden Eagles,5,8,1,"4,1,0,0,0,0,0,0,0",7,Rakuten Seimei Park Miyagi,,03:39,19847,GAME20050703RENF0455
2005,2005-07-03,Reg Season,Tohoku Rakuten Golden Eagles,Home,W,6,Hokkaido Nippon-Ham Fighters,6,11,2,"1,1,3,0,0,0,0,1,x",7,Rakuten Seimei Park Miyagi,,03:39,19847,GAME20050703RENF0455
2005,2005-07-03,Reg Season,Orix Buffaloes,Away,L,3,Fukuoka Softbank Hawks,3,8,0,"0,0,0,0,3,0,0,0,0",11,Mizuho PayPay Dome Fukuoka,,02:59,31568,GAME20050703SHOB0457
2005,2005-07-03,Reg Season,Fukuoka Softbank Hawks,Home,W,6,Orix Buffaloes,6,9,0,"0,0,0,3,3,0,0,0,x",11,Mizuho PayPay Dome Fukuoka,,02:59,31568,GAME20050703SHOB0457
2005,2005-07-03,Reg Season,Hiroshima Toyo Carp,Away,W,4,Yomiuri Giants,4,7,0,"0,2,1,0,1,0,0,0,0",9,Tokyo Dome,,02:47,43288,GAME20050703YGHC0459
2005,2005-07-03,Reg Season,Yomiuri Giants,Home,L,1,Hiroshima Toyo Carp,1,5,0,"0,0,0,1,0,0,0,0,0",9,Tokyo Dome,,02:47,43288,GAME20050703YGHC0459
2005,2005-07-03,Reg Season,Chunichi Dragons,Away,L,2,Yakult Swallows,2,7,0,"1,0,0,0,0,0,1,0,0",9,Meiji Jingu Stadium,,02:42,16781,GAME20050703YSCD0458
2005,2005-07-03,Reg Season,Yakult Swallows,Home,W,5,Chunichi Dragons,5,9,0,"0,0,3,0,0,2,0,0,x",9,Meiji Jingu Stadium,,02:42,16781,GAME20050703YSCD0458
2005,2005-07-04,Reg Season,Chiba Lotte Marines,Away,W,6,Hokkaido Nippon-Ham Fighters,6,11,0,"0,2,0,0,0,0,0,0,0,4",8,Tokyo Dome,,03:59,15906,GAME20050704NFLM0462
2005,2005-07-04,Reg Season,Hokkaido Nippon-Ham Fighters,Home,L,2,Chiba Lotte Marines,2,10,2,"1,0,0,0,0,1,0,0,0,0",8,Tokyo Dome,,03:59,15906,GAME20050704NFLM0462
2005,2005-07-04,Reg Season,Seibu Lions,Away,W,10,Orix Buffaloes,10,13,0,"5,3,0,0,0,1,0,0,1",9,Kyocera Dome Osaka,,03:39,16840,GAME20050704OBSL0461
2005,2005-07-04,Reg Season,Orix Buffaloes,Home,L,7,Seibu Lions,7,10,1,"0,0,0,2,3,0,1,1,0",9,Kyocera Dome Osaka,,03:39,16840,GAME20050704OBSL0461
2005,2005-07-04,Reg Season,Tohoku Rakuten Golden Eagles,Away,L,7,Fukuoka Softbank Hawks,7,6,1,"0,0,0,0,0,0,0,3,4",9,Mizuho PayPay Dome Fukuoka,,03:47,25329,GAME20050704SHRE0463
2005,2005-07-04,Reg Season,Fukuoka Softbank Hawks,Home,W,8,Tohoku Rakuten Golden Eagles,8,12,2,"3,1,0,0,0,3,0,0,1x",9,Mizuho PayPay Dome Fukuoka,,03:47,25329,GAME20050704SHRE0463
2005,2005-07-05,Reg Season,Yomiuri Giants,Away,W,2,Chunichi Dragons,2,10,0,"0,1,0,0,0,1,0,0,0",7,Vantelin Dome Nagoya,,03:23,33500,GAME20050705CDYG0466
2005,2005-07-05,Reg Season,Chunichi Dragons,Home,L,1,Yomiuri Giants,1,8,0,"0,1,0,0,0,0,0,0,0",7,Vantelin Dome Nagoya,,03:23,33500,GAME20050705CDYG0466
2005,2005-07-05,Reg Season,Yakult Swallows,Away,L,1,Hanshin Tigers,1,6,0,"0,0,0,0,0,0,1,0,0",7,Hanshin Koshien Stadium,,03:07,40540,GAME20050705HTYS0468
2005,2005-07-05,Reg Season,Hanshin Tigers,Home,W,4,Yakult Swallows,4,13,0,"0,0,0,4,0,0,0,0,x",7,Hanshin Koshien Stadium,,03:07,40540,GAME20050705HTYS0468
2005,2005-07-05,Reg Season,Chiba Lotte Marines,Away,L,1,Hokkaido Nippon-Ham Fighters,1,5,0,"0,0,0,0,1,0,0,0,0",9,Tokyo Dome,,03:12,13299,GAME20050705NFLM0464
2005,2005-07-05,Reg Season,Hokkaido Nippon-Ham Fighters,Home,W,8,Chiba Lotte Marines,8,11,0,"2,0,0,0,3,0,0,3,x",9,Tokyo Dome,,03:12,13299,GAME20050705NFLM0464
2005,2005-07-05,Reg Season,Seibu Lions,Away,L,4,Orix Buffaloes,4,8,0,"0,0,0,0,0,2,2,0,0",10,Kyocera Dome Osaka,,03:05,20185,GAME20050705OBSL0467
2005,2005-07-05,Reg Season,Orix Buffaloes,Home,W,5,Seibu Lions,5,12,1,"3,0,1,0,0,0,0,1,x",10,Kyocera Dome Osaka,,03:05,20185,GAME20050705OBSL0467
2005,2005-07-05,Reg Season,Tohoku Rakuten Golden Eagles,Away,L,1,Fukuoka Softbank Hawks,1,7,0,"0,0,0,1,0,0,0,0,0",10,Mizuho PayPay Dome Fukuoka,,03:37,26416,GAME20050705SHRE0465
2005,2005-07-05,Reg Season,Fukuoka Softbank Hawks,Home,W,9,Tohoku Rakuten Golden Eagles,9,18,0,"0,2,0,0,0,2,3,2,x",10,Mizuho PayPay Dome Fukuoka,,03:37,26416,GAME20050705SHRE0465
2005,2005-07-06,Reg Season,Yomiuri Giants,Away,L,1,Chunichi Dragons,1,4,0,"0,0,0,0,0,1,0,0,0",8,Vantelin Dome Nagoya,,02:53,33900,GAME20050706CDYG0474
2005,2005-07-06,Reg Season,Chunichi Dragons,Home,W,2,Yomiuri Giants,2,8,0,"1,0,0,0,1,0,0,0,x",8,Vantelin Dome Nagoya,,02:53,33900,GAME20050706CDYG0474
2005,2005-07-06,Reg Season,Yokohama BayStars,Away,L,4,Hiroshima Toyo Carp,4,9,0,"0,0,2,0,1,0,1,0,0",6,MAZDA Zoom-Zoom Stadium Hiroshima,,03:18,7697,GAME20050706HCDB0469
2005,2005-07-06,Reg Season,Hiroshima Toyo Carp,Home,W,5,Yokohama BayStars,5,10,0,"0,0,0,0,0,3,0,1,1x",6,MAZDA Zoom-Zoom Stadium Hiroshima,,03:18,7697,GAME20050706HCDB0469
2005,2005-07-06,Reg Season,Yakult Swallows,Away,L,1,Hanshin Tigers,1,8,0,"0,0,1,0,0,0,0,0,0",8,Hanshin Koshien Stadium,,03:02,43249,GAME20050706HTYS0472
2005,2005-07-06,Reg Season,Hanshin Tigers,Home,W,2,Yakult Swallows,2,11,0,"0,0,0,1,0,1,0,0,x",8,Hanshin Koshien Stadium,,03:02,43249,GAME20050706HTYS0472
2005,2005-07-06,Reg Season,Chiba Lotte Marines,Away,W,6,Hokkaido Nippon-Ham Fighters,6,10,1,"0,0,0,0,0,1,0,0,2,3",10,Tokyo Dome,,03:34,14807,GAME20050706NFLM0473
2005,2005-07-06,Reg Season,Hokkaido Nippon-Ham Fighters,Home,L,3,Chiba Lotte Marines,3,8,1,"3,0,0,0,0,0,0,0,0,0",10,Tokyo Dome,,03:34,14807,GAME20050706NFLM0473
2005,2005-07-06,Reg Season,Seibu Lions,Away,L,4,Orix Buffaloes,4,11,0,"2,0,0,0,0,0,2,0,0",11,Kyocera Dome Osaka,,04:08,11834,GAME20050706OBSL0471
2005,2005-07-06,Reg Season,Orix Buffaloes,Home,W,5,Seibu Lions,5,12,0,"0,1,0,0,1,3,0,0,x",11,Kyocera Dome Osaka,,04:08,11834,GAME20050706OBSL0471
2005,2005-07-06,Reg Season,Tohoku Rakuten Golden Eagles,Away,L,3,Fukuoka Softbank Hawks,3,7,1,"0,0,0,0,1,1,0,0,1",11,Mizuho PayPay Dome Fukuoka,,03:27,28116,GAME20050706SHRE0470
2005,2005-07-06,Reg Season,Fukuoka Softbank Hawks,Home,W,14,Tohoku Rakuten Golden Eagles,14,17,0,"4,1,8,0,0,0,1,0,x",11,Mizuho PayPay Dome Fukuoka,,03:27,28116,GAME20050706SHRE0470
2005,2005-07-07,Reg Season,Yokohama BayStars,Away,L,4,Hiroshima Toyo Carp,4,9,0,"0,1,0,0,0,2,0,1,0",7,MAZDA Zoom-Zoom Stadium Hiroshima,,02:53,8020,GAME20050707HCDB0475
2005,2005-07-07,Reg Season,Hiroshima Toyo Carp,Home,W,6,Yokohama BayStars,6,8,2,"0,1,3,1,1,0,0,0,x",7,MAZDA Zoom-Zoom Stadium Hiroshima,,02:53,8020,GAME20050707HCDB0475
2005,2005-07-07,Reg Season,Yakult Swallows,Away,L,2,Hanshin Tigers,2,9,0,"0,0,0,2,0,0,0,0,0",9,Hanshin Koshien Stadium,,03:04,42627,GAME20050707HTYS0476
2005,2005-07-07,Reg Season,Hanshin Tigers,Home,W,4,Yakult Swallows,4,4,0,"0,0,0,4,0,0,0,0,x",9,Hanshin Koshien Stadium,,03:04,42627,GAME20050707HTYS0476
2005,2005-07-08,Reg Season,Hanshin Tigers,Away,W,3,Chunichi Dragons,3,7,0,"0,0,0,2,0,0,0,0,1",10,Vantelin Dome Nagoya,,03:18,35000,GAME20050708CDHT0479
2005,2005-07-08,Reg Season,Chunichi Dragons,Home,L,0,Hanshin Tigers,0,4,0,"0,0,0,0,0,0,0,0,0",10,Vantelin Dome Nagoya,,03:18,35000,GAME20050708CDHT0479
2005,2005-07-08,Reg Season,Yomiuri Giants,Away,W,6,Hiroshima Toyo Carp,6,11,0,"0,2,1,0,2,0,0,0,1",10,MAZDA Zoom-Zoom Stadium Hiroshima,,03:24,15951,GAME20050708HCYG0478
2005,2005-07-08,Reg Season,Hiroshima Toyo Carp,Home,L,2,Yomiuri Giants,2,7,1,"0,0,0,0,0,2,0,0,0",10,MAZDA Zoom-Zoom Stadium Hiroshima,,03:24,15951,GAME20050708HCYG0478
2005,2005-07-08,Reg Season,Hokkaido Nippon-Ham Fighters,Away,W,10,Orix Buffaloes,10,14,1,"4,0,3,0,0,0,0,3,0",9,Kobe Athletic Park Baseball Field,,03:23,14080,GAME20050708OBNF0477
2005,2005-07-08,Reg Season,Orix Buffaloes,Home,L,7,Hokkaido Nippon-Ham Fighters,7,13,0,"0,0,0,0,0,2,2,0,3",9,Kobe Athletic Park Baseball Field,,03:23,14080,GAME20050708OBNF0477
2005,2005-07-09,Reg Season,Hanshin Tigers,Away,L,2,Chunichi Dragons,2,7,0,"0,1,1,0,0,0,0,0,0",11,Vantelin Dome Nagoya,,02:56,38300,GAME20050709CDHT0482
2005,2005-07-09,Reg Season,Chunichi Dragons,Home,W,3,Hanshin Tigers,3,7,0,"1,1,0,0,0,0,0,0,1x",11,Vantelin Dome Nagoya,,02:56,38300,GAME20050709CDHT0482
2005,2005-07-09,Reg Season,Yomiuri Giants,Away,L,8,Hiroshima Toyo Carp,8,11,0,"0,2,2,0,0,0,2,0,2",11,MAZDA Zoom-Zoom Stadium Hiroshima,,03:29,22462,GAME20050709HCYG0483
2005,2005-07-09,Reg Season,Hiroshima Toyo Carp,Home,W,9,Yomiuri Giants,9,14,2,"0,0,0,4,0,2,0,1,2x",11,MAZDA Zoom-Zoom Stadium Hiroshima,,03:29,22462,GAME20050709HCYG0483
2005,2005-07-09,Reg Season,Chiba Lotte Marines,Away,L,2,Tohoku Rakuten Golden Eagles,2,6,0,"1,0,0,0,0,0,0,1,0",9,Rakuten Seimei Park Miyagi,,02:29,16452,GAME20050709RELM0481
2005,2005-07-09,Reg Season,Tohoku Rakuten Golden Eagles,Home,W,5,Chiba Lotte Marines,5,10,0,"0,0,0,0,0,0,4,1,x",9,Rakuten Seimei Park Miyagi,,02:29,16452,GAME20050709RELM0481
2005,2005-07-09,Reg Season,Fukuoka Softbank Hawks,Away,L,0,Seibu Lions,0,5,0,"0,0,0,0,0,0,0,0,0",7,Belluna Dome,,03:04,25113,GAME20050709SLSH0480
2005,2005-07-09,Reg Season,Seibu Lions,Home,W,4,Fukuoka Softbank Hawks,4,10,0,"0,0,0,0,2,0,2,0,x",7,Belluna Dome,,03:04,25113,GAME20050709SLSH0480
2005,2005-07-10,Reg Season,Hanshin Tigers,Away,W,2,Chunichi Dragons,2,7,0,"0,1,0,0,0,0,1,0,0",12,Vantelin Dome Nagoya,,03:01,38300,GAME20050710CDHT0486
2005,2005-07-10,Reg Season,Chunichi Dragons,Home,L,0,Hanshin Tigers,0,3,0,"0,0,0,0,0,0,0,0,0",12,Vantelin Dome Nagoya,,03:01,38300,GAME20050710CDHT0486
2005,2005-07-10,Reg Season,Yakult Swallows,Away,L,2,Yokohama BayStars,2,6,0,"0,0,0,0,0,0,2,0,0",7,Heiwa Lease Baseball Stadium,,02:49,12138,GAME20050710DBYS0484
2005,2005-07-10,Reg Season,Yokohama BayStars,Home,W,4,Yakult Swallows,4,9,1,"0,0,1,2,0,0,1,0,x",7,Heiwa Lease Baseball Stadium,,02:49,12138,GAME20050710DBYS0484
2005,2005-07-10,Reg Season,Chiba Lotte Marines,Away,T,4,Tohoku Rakuten Golden Eagles,4,12,0,"2,0,0,0,1,0,0,0,0,0,1,0",10,Rakuten Seimei Park Miyagi,,05:15,14873,GAME20050710RELM0487
2005,2005-07-10,Reg Season,Tohoku Rakuten Golden Eagles,Home,T,4,Chiba Lotte Marines,4,16,1,"0,0,0,1,1,0,0,1,0,0,1,0",10,Rakuten Seimei Park Miyagi,,05:15,14873,GAME20050710RELM0487
2005,2005-07-10,Reg Season,Fukuoka Softbank Hawks,Away,L,4,Seibu Lions,4,10,0,"0,0,1,0,0,0,0,0,3",8,Belluna Dome,,03:02,17031,GAME20050710SLSH0485
2005,2005-07-10,Reg Season,Seibu Lions,Home,W,10,Fukuoka Softbank Hawks,10,13,0,"3,1,2,0,4,0,0,0,x",8,Belluna Dome,,03:02,17031,GAME20050710SLSH0485
2005,2005-07-11,Reg Season,Chiba Lotte Marines,Away,L,6,Seibu Lions,6,10,1,"0,0,1,0,0,0,2,0,3",10,Belluna Dome,,03:40,12752,GAME20050711SLLM0488
2005,2005-07-11,Reg Season,Seibu Lions,Home,W,7,Chiba Lotte Marines,7,10,0,"0,1,0,0,1,3,2,0,x",10,Belluna Dome,,03:40,12752,GAME20050711SLLM0488
2005,2005-07-12,Reg Season,Hiroshima Toyo Carp,Away,L,0,Yokohama BayStars,0,4,2,"0,0,0,0,0,0,0,0,0",8,Yokohama Stadium,,02:46,9218,GAME20050712DBHC0489
2005,2005-07-12,Reg Season,Yokohama BayStars,Home,W,3,Hiroshima Toyo Carp,3,8,0,"1,0,0,1,1,0,0,0,x",8,Yokohama Stadium,,02:46,9218,GAME20050712DBHC0489
2005,2005-07-12,Reg Season,Fukuoka Softbank Hawks,Away,W,8,Hokkaido Nippon-Ham Fighters,8,11,0,"1,4,0,0,0,0,1,1,0,1",9,Tokyo Dome,,04:02,16491,GAME20050712NFSH0491
2005,2005-07-12,Reg Season,Hokkaido Nippon-Ham Fighters,Home,L,7,Fukuoka Softbank Hawks,7,11,1,"0,0,0,0,0,0,2,3,2,0",9,Tokyo Dome,,04:02,16491,GAME20050712NFSH0491
2005,2005-07-12,Reg Season,Orix Buffaloes,Away,L,3,Tohoku Rakuten Golden Eagles,3,7,0,"0,0,0,0,2,1,0,0,0",10,Iwate Prefectural Baseball Field,,03:18,7794,GAME20050712REOB0494
2005,2005-07-12,Reg Season,Tohoku Rakuten Golden Eagles,Home,W,5,Orix Buffaloes,5,12,0,"0,1,3,0,0,0,0,1,x",10,Iwate Prefectural Baseball Field,,03:18,7794,GAME20050712REOB0494
2005,2005-07-12,Reg Season,Chiba Lotte Marines,Away,W,10,Seibu Lions,10,11,0,"2,0,0,2,0,1,1,0,4",11,Belluna Dome,,04:18,13044,GAME20050712SLLM0493
2005,2005-07-12,Reg Season,Seibu Lions,Home,L,9,Chiba Lotte Marines,9,12,0,"0,3,2,0,1,0,3,0,0",11,Belluna Dome,,04:18,13044,GAME20050712SLLM0493
2005,2005-07-12,Reg Season,Chunichi Dragons,Away,W,11,Yomiuri Giants,11,16,0,"1,1,0,0,3,1,2,3,0",9,Sapporo Dome,,03:21,32287,GAME20050712YGCD0492
2005,2005-07-12,Reg Season,Yomiuri Giants,Home,L,2,Chunichi Dragons,2,5,0,"0,0,0,0,0,2,0,0,0",9,Sapporo Dome,,03:21,32287,GAME20050712YGCD0492
2005,2005-07-12,Reg Season,Hanshin Tigers,Away,W,7,Yakult Swallows,7,12,0,"3,0,0,0,0,0,3,1,0",10,ZOZO Marine Stadium,,04:03,12722,GAME20050712YSHT0490
2005,2005-07-12,Reg Season,Yakult Swallows,Home,L,5,Hanshin Tigers,5,16,0,"3,0,0,0,0,1,1,0,0",10,ZOZO Marine Stadium,,04:03,12722,GAME20050712YSHT0490
2005,2005-07-13,Reg Season,Hiroshima Toyo Carp,Away,L,0,Yokohama BayStars,0,2,1,"0,0,0,0,0,0,0,0,0",9,Yokohama Stadium,,02:19,8918,GAME20050713DBHC0495
2005,2005-07-13,Reg Season,Yokohama BayStars,Home,W,2,Hiroshima Toyo Carp,2,6,1,"0,0,0,0,0,0,0,2,x",9,Yokohama Stadium,,02:19,8918,GAME20050713DBHC0495
2005,2005-07-13,Reg Season,Fukuoka Softbank Hawks,Away,W,7,Hokkaido Nippon-Ham Fighters,7,14,1,"1,0,0,1,0,0,3,2,0",10,Tokyo Dome,,03:32,15984,GAME20050713NFSH0496
2005,2005-07-13,Reg Season,Hokkaido Nippon-Ham Fighters,Home,L,3,Fukuoka Softbank Hawks,3,6,1,"2,0,0,0,0,0,1,0,0",10,Tokyo Dome,,03:32,15984,GAME20050713NFSH0496
2005,2005-07-13,Reg Season,Orix Buffaloes,Away,W,6,Tohoku Rakuten Golden Eagles,6,15,0,"0,0,1,0,0,3,2,0,0",11,Rakuten Seimei Park Miyagi,,03:05,11924,GAME20050713REOB0498
2005,2005-07-13,Reg Season,Tohoku Rakuten Golden Eagles,Home,L,0,Orix Buffaloes,0,3,1,"0,0,0,0,0,0,0,0,0",11,Rakuten Seimei Park Miyagi,,03:05,11924,GAME20050713REOB0498
2005,2005-07-13,Reg Season,Chunichi Dragons,Away,W,12,Yomiuri Giants,12,14,0,"0,0,3,0,2,0,2,5,0",10,Sapporo Dome,,03:37,30885,GAME20050713YGCD0499
2005,2005-07-13,Reg Season,Yomiuri Giants,Home,L,2,Chunichi Dragons,2,8,0,"1,0,0,0,0,0,0,1,0",10,Sapporo Dome,,03:37,30885,GAME20050713YGCD0499
2005,2005-07-13,Reg Season,Hanshin Tigers,Away,L,0,Yakult Swallows,0,6,0,"0,0,0,0,0,0,0,0,0",11,ZOZO Marine Stadium,,02:43,12376,GAME20050713YSHT0497
2005,2005-07-13,Reg Season,Yakult Swallows,Home,W,1,Hanshin Tigers,1,7,0,"0,0,0,0,1,0,0,0,x",11,ZOZO Marine Stadium,,02:43,12376,GAME20050713YSHT0497
2005,2005-07-14,Reg Season,Hiroshima Toyo Carp,Away,L,5,Yokohama BayStars,5,13,0,"1,1,0,0,2,0,0,1,0,0,0",10,Yokohama Stadium,,04:24,8586,GAME20050714DBHC0500
2005,2005-07-14,Reg Season,Yokohama BayStars,Home,W,6,Hiroshima Toyo Carp,6,8,1,"3,0,1,0,1,0,0,0,0,0,1x",10,Yokohama Stadium,,04:24,8586,GAME20050714DBHC0500
2005,2005-07-15,Reg Season,Hiroshima Toyo Carp,Away,L,5,Hanshin Tigers,5,10,0,"0,1,0,0,2,0,2,0,0",9,Hanshin Koshien Stadium,,03:57,47283,GAME20050715HTHC0503
2005,2005-07-15,Reg Season,Hanshin Tigers,Home,W,14,Hiroshima Toyo Carp,14,17,0,"4,2,0,0,5,2,1,0,x",9,Hanshin Koshien Stadium,,03:57,47283,GAME20050715HTHC0503
2005,2005-07-15,Reg Season,Orix Buffaloes,Away,W,1,Chiba Lotte Marines,1,3,0,"0,0,0,0,0,1,0,0,0",7,ZOZO Marine Stadium,,02:50,9376,GAME20050715LMOB0501
2005,2005-07-15,Reg Season,Chiba Lotte Marines,Home,L,0,Orix Buffaloes,0,4,1,"0,0,0,0,0,0,0,0,0",7,ZOZO Marine Stadium,,02:50,9376,GAME20050715LMOB0501
2005,2005-07-15,Reg Season,Tohoku Rakuten Golden Eagles,Away,W,8,Hokkaido Nippon-Ham Fighters,8,17,0,"2,1,0,0,5,0,0,0,0",8,Sapporo Dome,,03:27,16861,GAME20050715NFRE0505
2005,2005-07-15,Reg Season,Hokkaido Nippon-Ham Fighters,Home,L,4,Tohoku Rakuten Golden Eagles,4,8,0,"0,1,1,1,1,0,0,0,0",8,Sapporo Dome,,03:27,16861,GAME20050715NFRE0505
2005,2005-07-15,Reg Season,Seibu Lions,Away,L,3,Fukuoka Softbank Hawks,3,6,1,"0,0,0,2,0,0,0,1,0",9,Mizuho PayPay Dome Fukuoka,,02:51,31987,GAME20050715SHSL0502
2005,2005-07-15,Reg Season,Fukuoka Softbank Hawks,Home,W,4,Seibu Lions,4,9,0,"0,1,0,2,0,0,0,0,1x",9,Mizuho PayPay Dome Fukuoka,,02:51,31987,GAME20050715SHSL0502
2005,2005-07-15,Reg Season,Yokohama BayStars,Away,W,4,Yomiuri Giants,4,8,0,"1,1,1,1,0,0,0,0,0",10,Tokyo Dome,,03:11,40301,GAME20050715YGDB0504
2005,2005-07-15,Reg Season,Yomiuri Giants,Home,L,3,Yokohama BayStars,3,7,0,"1,0,0,0,0,2,0,0,0",10,Tokyo Dome,,03:11,40301,GAME20050715YGDB0504
2005,2005-07-16,Reg Season,Yakult Swallows,Away,L,1,Chunichi Dragons,1,6,0,"0,0,0,0,0,0,0,1,0",10,Fukui Prefectural Stadium,,02:59,10600,GAME20050716CDYS0511
2005,2005-07-16,Reg Season,Chunichi Dragons,Home,W,5,Yakult Swallows,5,10,1,"0,2,0,1,0,1,1,0,x",10,Fukui Prefectural Stadium,,02:59,10600,GAME20050716CDYS0511
2005,2005-07-16,Reg Season,Hiroshima Toyo Carp,Away,L,2,Hanshin Tigers,2,7,3,"0,0,0,0,0,1,0,0,1",10,Hanshin Koshien Stadium,,03:06,47296,GAME20050716HTHC0509
2005,2005-07-16,Reg Season,Hanshin Tigers,Home,W,5,Hiroshima Toyo Carp,5,8,0,"0,2,0,0,3,0,0,0,x",10,Hanshin Koshien Stadium,,03:06,47296,GAME20050716HTHC0509
2005,2005-07-16,Reg Season,Orix Buffaloes,Away,W,2,Chiba Lotte Marines,2,6,0,"0,0,0,0,0,0,1,0,1",8,ZOZO Marine Stadium,,03:06,25184,GAME20050716LMOB0507
2005,2005-07-16,Reg Season,Chiba Lotte Marines,Home,L,1,Orix Buffaloes,1,6,0,"0,0,0,0,1,0,0,0,0",8,ZOZO Marine Stadium,,03:06,25184,GAME20050716LMOB0507
2005,2005-07-16,Reg Season,Tohoku Rakuten Golden Eagles,Away,W,4,Hokkaido Nippon-Ham Fighters,4,11,0,"0,0,0,0,0,0,1,3,0",9,Sapporo Dome,,03:42,20829,GAME20050716NFRE0510
2005,2005-07-16,Reg Season,Hokkaido Nippon-Ham Fighters,Home,L,2,Tohoku Rakuten Golden Eagles,2,7,1,"0,0,0,0,0,0,0,0,2",9,Sapporo Dome,,03:42,20829,GAME20050716NFRE0510
2005,2005-07-16,Reg Season,Seibu Lions,Away,W,3,Fukuoka Softbank Hawks,3,6,0,"0,2,0,1,0,0,0,0,0",10,Mizuho PayPay Dome Fukuoka,,03:45,34190,GAME20050716SHSL0506
2005,2005-07-16,Reg Season,Fukuoka Softbank Hawks,Home,L,2,Seibu Lions,2,11,0,"2,0,0,0,0,0,0,0,0",10,Mizuho PayPay Dome Fukuoka,,03:45,34190,GAME20050716SHSL0506
2005,2005-07-16,Reg Season,Yokohama BayStars,Away,L,0,Yomiuri Giants,0,3,0,"0,0,0,0,0,0,0,0,0",11,Tokyo Dome,,02:55,43540,GAME20050716YGDB0508
2005,2005-07-16,Reg Season,Yomiuri Giants,Home,W,2,Yokohama BayStars,2,8,0,"0,0,0,0,0,1,0,1,x",11,Tokyo Dome,,02:55,43540,GAME20050716YGDB0508
2005,2005-07-17,Reg Season,Yakult Swallows,Away,L,2,Chunichi Dragons,2,9,0,"0,1,0,0,1,0,0,0,0",11,Gifu Prefectural Baseball Stadium,,03:16,17400,GAME20050717CDYS0515
2005,2005-07-17,Reg Season,Chunichi Dragons,Home,W,4,Yakult Swallows,4,11,3,"0,1,1,0,0,2,0,0,x",11,Gifu Prefectural Baseball Stadium,,03:16,17400,GAME20050717CDYS0515
2005,2005-07-17,Reg Season,Hiroshima Toyo Carp,Away,W,1,Hanshin Tigers,1,4,0,"0,0,0,0,0,0,0,0,0,1",11,Hanshin Koshien Stadium,,02:33,47291,GAME20050717HTHC0517
2005,2005-07-17,Reg Season,Hanshin Tigers,Home,L,0,Hiroshima Toyo Carp,0,5,0,"0,0,0,0,0,0,0,0,0,0",11,Hanshin Koshien Stadium,,02:33,47291,GAME20050717HTHC0517
2005,2005-07-17,Reg Season,Orix Buffaloes,Away,W,3,Chiba Lotte Marines,3,9,0,"0,0,1,0,1,0,1,0,0",9,ZOZO Marine Stadium,,02:59,21114,GAME20050717LMOB0516
2005,2005-07-17,Reg Season,Chiba Lotte Marines,Home,L,1,Orix Buffaloes,1,6,0,"0,0,0,0,1,0,0,0,0",9,ZOZO Marine Stadium,,02:59,21114,GAME20050717LMOB0516
2005,2005-07-17,Reg Season,Tohoku Rakuten Golden Eagles,Away,L,0,Hokkaido Nippon-Ham Fighters,0,1,1,"0,0,0,0,0,0,0,0,0,0,0",10,Sapporo Dome,,03:58,27285,GAME20050717NFRE0514
2005,2005-07-17,Reg Season,Hokkaido Nippon-Ham Fighters,Home,W,1,Tohoku Rakuten Golden Eagles,1,6,0,"0,0,0,0,0,0,0,0,0,0,1x",10,Sapporo Dome,,03:58,27285,GAME20050717NFRE0514
2005,2005-07-17,Reg Season,Seibu Lions,Away,W,4,Fukuoka Softbank Hawks,4,6,0,"0,0,0,0,1,0,0,0,3",11,Mizuho PayPay Dome Fukuoka,,03:42,34883,GAME20050717SHSL0512
2005,2005-07-17,Reg Season,Fukuoka Softbank Hawks,Home,L,3,Seibu Lions,3,6,1,"0,0,0,0,2,1,0,0,0",11,Mizuho PayPay Dome Fukuoka,,03:42,34883,GAME20050717SHSL0512
2005,2005-07-17,Reg Season,Yokohama BayStars,Away,W,7,Yomiuri Giants,7,8,1,"0,0,4,0,1,0,0,2,0",12,Tokyo Dome,,03:26,44049,GAME20050717YGDB0513
2005,2005-07-17,Reg Season,Yomiuri Giants,Home,L,4,Yokohama BayStars,4,10,0,"0,2,0,0,0,0,0,1,1",12,Tokyo Dome,,03:26,44049,GAME20050717YGDB0513
2005,2005-07-18,Reg Season,Hiroshima Toyo Carp,Away,L,5,Chunichi Dragons,5,11,0,"0,0,0,3,0,0,0,1,1",9,Vantelin Dome Nagoya,,03:49,30000,GAME20050718CDHC0523
2005,2005-07-18,Reg Season,Chunichi Dragons,Home,W,6,Hiroshima Toyo Carp,6,11,0,"0,0,0,2,2,0,1,1,x",9,Vantelin Dome Nagoya,,03:49,30000,GAME20050718CDHC0523
2005,2005-07-18,Reg Season,Yokohama BayStars,Away,L,0,Hanshin Tigers,0,7,0,"0,0,0,0,0,0,0,0,0",10,Hanshin Koshien Stadium,,02:59,47275,GAME20050718HTDB0521
2005,2005-07-18,Reg Season,Hanshin Tigers,Home,W,3,Yokohama BayStars,3,6,0,"0,0,0,0,1,0,0,2,x",10,Hanshin Koshien Stadium,,02:59,47275,GAME20050718HTDB0521
2005,2005-07-18,Reg Season,Chiba Lotte Marines,Away,W,4,Hokkaido Nippon-Ham Fighters,4,10,1,"0,1,0,0,1,0,0,0,0,0,2",11,Sapporo Dome,,04:10,22541,GAME20050718NFLM0519
2005,2005-07-18,Reg Season,Hokkaido Nippon-Ham Fighters,Home,L,3,Chiba Lotte Marines,3,9,0,"0,0,0,1,0,0,0,0,1,0,1",11,Sapporo Dome,,04:10,22541,GAME20050718NFLM0519
2005,2005-07-18,Reg Season,Tohoku Rakuten Golden Eagles,Away,W,7,Fukuoka Softbank Hawks,7,17,0,"0,1,2,2,1,0,0,1,0",12,Mizuho PayPay Dome Fukuoka,,03:37,35073,GAME20050718SHRE0518
2005,2005-07-18,Reg Season,Fukuoka Softbank Hawks,Home,L,5,Tohoku Rakuten Golden Eagles,5,7,0,"0,1,0,1,1,0,0,2,0",12,Mizuho PayPay Dome Fukuoka,,03:37,35073,GAME20050718SHRE0518
2005,2005-07-18,Reg Season,Orix Buffaloes,Away,L,0,Seibu Lions,0,6,0,"0,0,0,0,0,0,0,0,0",12,Belluna Dome,,02:31,13483,GAME20050718SLOB0520
2005,2005-07-18,Reg Season,Seibu Lions,Home,W,7,Orix Buffaloes,7,10,0,"0,1,3,0,2,1,0,0,x",12,Belluna Dome,,02:31,13483,GAME20050718SLOB0520
2005,2005-07-18,Reg Season,Yomiuri Giants,Away,W,6,Yakult Swallows,6,10,0,"2,1,1,0,1,0,1,0,0",9,Meiji Jingu Stadium,,02:29,22466,GAME20050718YSYG0522
2005,2005-07-18,Reg Season,Yakult Swallows,Home,L,1,Yomiuri Giants,1,5,1,"0,0,0,0,0,0,0,1,0",9,Meiji Jingu Stadium,,02:29,22466,GAME20050718YSYG0522
2005,2005-07-19,Reg Season,Hiroshima Toyo Carp,Away,L,1,Chunichi Dragons,1,4,1,"0,0,0,1,0,0,0,0,0",10,Vantelin Dome Nagoya,,02:26,24200,GAME20050719CDHC0527
2005,2005-07-19,Reg Season,Chunichi Dragons,Home,W,2,Hiroshima Toyo Carp,2,4,0,"0,0,0,0,0,1,0,1,x",10,Vantelin Dome Nagoya,,02:26,24200,GAME20050719CDHC0527
2005,2005-07-19,Reg Season,Yokohama BayStars,Away,T,1,Hanshin Tigers,1,6,0,"0,0,0,0,0,1,0,0,0,0,0,0",11,Hanshin Koshien Stadium,,03:59,45474,GAME20050719HTDB0529
2005,2005-07-19,Reg Season,Hanshin Tigers,Home,T,1,Yokohama BayStars,1,7,2,"0,0,0,0,0,0,1,0,0,0,0,0",11,Hanshin Koshien Stadium,,03:59,45474,GAME20050719HTDB0529
2005,2005-07-19,Reg Season,Chiba Lotte Marines,Away,W,4,Hokkaido Nippon-Ham Fighters,4,12,0,"1,0,0,0,0,0,0,1,0,2",12,Sapporo Dome,,03:48,15478,GAME20050719NFLM0528
2005,2005-07-19,Reg Season,Hokkaido Nippon-Ham Fighters,Home,L,2,Chiba Lotte Marines,2,7,0,"0,0,0,0,0,1,0,0,1,0",12,Sapporo Dome,,03:48,15478,GAME20050719NFLM0528
2005,2005-07-19,Reg Season,Tohoku Rakuten Golden Eagles,Away,L,4,Fukuoka Softbank Hawks,4,10,0,"0,0,2,0,0,0,2,0,0",13,Mizuho PayPay Dome Fukuoka,,03:04,29787,GAME20050719SHRE0524
2005,2005-07-19,Reg Season,Fukuoka Softbank Hawks,Home,W,7,Tohoku Rakuten Golden Eagles,7,11,0,"4,0,0,0,0,1,1,1,x",13,Mizuho PayPay Dome Fukuoka,,03:04,29787,GAME20050719SHRE0524
2005,2005-07-19,Reg Season,Orix Buffaloes,Away,W,3,Seibu Lions,3,8,0,"0,0,0,0,0,2,0,0,1",13,Belluna Dome,,03:14,9046,GAME20050719SLOB0525
2005,2005-07-19,Reg Season,Seibu Lions,Home,L,0,Orix Buffaloes,0,5,0,"0,0,0,0,0,0,0,0,0",13,Belluna Dome,,03:14,9046,GAME20050719SLOB0525
2005,2005-07-19,Reg Season,Yomiuri Giants,Away,L,3,Yakult Swallows,3,6,0,"1,0,0,0,0,0,0,0,2",10,Meiji Jingu Stadium,,02:54,17604,GAME20050719YSYG0526
2005,2005-07-19,Reg Season,Yakult Swallows,Home,W,4,Yomiuri Giants,4,9,1,"0,2,0,0,0,0,0,2,x",10,Meiji Jingu Stadium,,02:54,17604,GAME20050719YSYG0526
2005,2005-07-20,Reg Season,Hiroshima Toyo Carp,Away,L,0,Chunichi Dragons,0,9,2,"0,0,0,0,0,0,0,0,0",11,Vantelin Dome Nagoya,,03:12,24900,GAME20050720CDHC0534
2005,2005-07-20,Reg Season,Chunichi Dragons,Home,W,4,Hiroshima Toyo Carp,4,6,0,"0,0,0,1,3,0,0,0,x",11,Vantelin Dome Nagoya,,03:12,24900,GAME20050720CDHC0534
2005,2005-07-20,Reg Season,Yokohama BayStars,Away,W,1,Hanshin Tigers,1,6,0,"0,0,0,0,0,0,0,0,0,0,1",12,Hanshin Koshien Stadium,,03:27,47271,GAME20050720HTDB0533
2005,2005-07-20,Reg Season,Hanshin Tigers,Home,L,0,Yokohama BayStars,0,4,0,"0,0,0,0,0,0,0,0,0,0,0",12,Hanshin Koshien Stadium,,03:27,47271,GAME20050720HTDB0533
2005,2005-07-20,Reg Season,Chiba Lotte Marines,Away,W,15,Hokkaido Nippon-Ham Fighters,15,15,0,"0,0,3,0,0,3,4,1,4",13,Sapporo Dome,,03:58,12820,GAME20050720NFLM0532
2005,2005-07-20,Reg Season,Hokkaido Nippon-Ham Fighters,Home,L,4,Chiba Lotte Marines,4,8,1,"0,0,0,0,0,4,0,0,0",13,Sapporo Dome,,03:58,12820,GAME20050720NFLM0532
2005,2005-07-20,Reg Season,Orix Buffaloes,Away,W,3,Seibu Lions,3,4,0,"0,0,3,0,0,0,0,0,0",14,Belluna Dome,,02:45,10885,GAME20050720SLOB0530
2005,2005-07-20,Reg Season,Seibu Lions,Home,L,0,Orix Buffaloes,0,6,1,"0,0,0,0,0,0,0,0,0",14,Belluna Dome,,02:45,10885,GAME20050720SLOB0530
2005,2005-07-20,Reg Season,Yomiuri Giants,Away,W,12,Yakult Swallows,12,15,1,"0,0,1,1,0,5,1,0,4",11,Meiji Jingu Stadium,,04:00,20575,GAME20050720YSYG0531
2005,2005-07-20,Reg Season,Yakult Swallows,Home,L,8,Yomiuri Giants,8,12,0,"0,1,1,0,1,1,0,4,0",11,Meiji Jingu Stadium,,04:00,20575,GAME20050720YSYG0531
2005,2005-07-25,Reg Season,Hokkaido Nippon-Ham Fighters,Away,W,6,Tohoku Rakuten Golden Eagles,6,12,0,"4,0,0,0,0,0,0,2,0",11,Rakuten Seimei Park Miyagi,,03:34,14965,GAME20050725RENF0535
2005,2005-07-25,Reg Season,Tohoku Rakuten Golden Eagles,Home,L,2,Hokkaido Nippon-Ham Fighters,2,7,0,"2,0,0,0,0,0,0,0,0",11,Rakuten Seimei Park Miyagi,,03:34,14965,GAME20050725RENF0535
2005,2005-07-26,Reg Season,Chunichi Dragons,Away,W,10,Yokohama BayStars,10,12,0,"0,0,0,5,2,0,0,1,2",8,Yamagata Prefectural Baseball Stadium,,03:41,7179,GAME20050726DBCD0539
2005,2005-07-26,Reg Season,Yokohama BayStars,Home,L,8,Chunichi Dragons,8,9,0,"0,4,0,0,1,0,3,0,0",8,Yamagata Prefectural Baseball Stadium,,03:41,7179,GAME20050726DBCD0539
2005,2005-07-26,Reg Season,Seibu Lions,Away,L,2,Chiba Lotte Marines,2,8,0,"0,1,0,0,0,0,0,0,1",12,Ishikawa Prefectural Baseball Stadium,,03:00,14744,GAME20050726LMSL0537
2005,2005-07-26,Reg Season,Chiba Lotte Marines,Home,W,3,Seibu Lions,3,8,1,"0,0,0,0,3,0,0,0,x",12,Ishikawa Prefectural Baseball Stadium,,03:00,14744,GAME20050726LMSL0537
2005,2005-07-26,Reg Season,Fukuoka Softbank Hawks,Away,W,5,Orix Buffaloes,5,12,0,"0,0,0,0,0,2,3,0,0",12,Kyocera Dome Osaka,,03:17,21710,GAME20050726OBSH0536
2005,2005-07-26,Reg Season,Orix Buffaloes,Home,L,3,Fukuoka Softbank Hawks,3,13,1,"0,0,1,0,0,0,0,0,2",12,Kyocera Dome Osaka,,03:17,21710,GAME20050726OBSH0536
2005,2005-07-26,Reg Season,Hanshin Tigers,Away,W,9,Yomiuri Giants,9,12,0,"2,0,0,2,0,1,0,3,1",10,Tokyo Dome,,02:50,42825,GAME20050726YGHT0538
2005,2005-07-26,Reg Season,Yomiuri Giants,Home,L,3,Hanshin Tigers,3,6,0,"0,0,1,0,1,0,1,0,0",10,Tokyo Dome,,02:50,42825,GAME20050726YGHT0538
2005,2005-07-27,Reg Season,Chunichi Dragons,Away,T,2,Yokohama BayStars,2,12,1,"0,2,0,0,0,0,0,0,0,0,0,0",9,Yamagata Prefectural Baseball Stadium,,04:53,7537,GAME20050727DBCD0543
2005,2005-07-27,Reg Season,Yokohama BayStars,Home,T,2,Chunichi Dragons,2,10,0,"1,0,1,0,0,0,0,0,0,0,0,0",9,Yamagata Prefectural Baseball Stadium,,04:53,7537,GAME20050727DBCD0543
2005,2005-07-27,Reg Season,Seibu Lions,Away,W,5,Chiba Lotte Marines,5,7,0,"0,2,0,2,0,0,1,0,0",13,Alpen Stadium,,03:16,14443,GAME20050727LMSL0545
2005,2005-07-27,Reg Season,Chiba Lotte Marines,Home,L,1,Seibu Lions,1,6,0,"0,0,0,0,0,0,0,1,0",13,Alpen Stadium,,03:16,14443,GAME20050727LMSL0545
2005,2005-07-27,Reg Season,Fukuoka Softbank Hawks,Away,L,0,Orix Buffaloes,0,4,1,"0,0,0,0,0,0,0,0,0",13,Kyocera Dome Osaka,,02:47,26978,GAME20050727OBSH0541
2005,2005-07-27,Reg Season,Orix Buffaloes,Home,W,2,Fukuoka Softbank Hawks,2,3,1,"0,0,0,0,0,2,0,0,x",13,Kyocera Dome Osaka,,02:47,26978,GAME20050727OBSH0541
2005,2005-07-27,Reg Season,Hokkaido Nippon-Ham Fighters,Away,L,3,Tohoku Rakuten Golden Eagles,3,11,0,"0,0,2,0,0,0,0,0,1",12,Rakuten Seimei Park Miyagi,,03:16,17030,GAME20050727RENF0540
2005,2005-07-27,Reg Season,Tohoku Rakuten Golden Eagles,Home,W,8,Hokkaido Nippon-Ham Fighters,8,13,1,"2,1,0,4,0,0,1,0,x",12,Rakuten Seimei Park Miyagi,,03:16,17030,GAME20050727RENF0540
2005,2005-07-27,Reg Season,Hanshin Tigers,Away,L,2,Yomiuri Giants,2,6,0,"2,0,0,0,0,0,0,0,0",11,Tokyo Dome,,02:49,44389,GAME20050727YGHT0542
2005,2005-07-27,Reg Season,Yomiuri Giants,Home,W,5,Hanshin Tigers,5,10,0,"1,0,3,0,0,0,0,1,x",11,Tokyo Dome,,02:49,44389,GAME20050727YGHT0542
2005,2005-07-27,Reg Season,Hiroshima Toyo Carp,Away,W,5,Yakult Swallows,5,8,1,"0,0,0,0,0,0,1,0,4",9,Meiji Jingu Stadium,,02:56,15529,GAME20050727YSHC0544
2005,2005-07-27,Reg Season,Yakult Swallows,Home,L,4,Hiroshima Toyo Carp,4,5,0,"0,1,0,0,0,3,0,0,0",9,Meiji Jingu Stadium,,02:56,15529,GAME20050727YSHC0544
2005,2005-07-28,Reg Season,Hokkaido Nippon-Ham Fighters,Away,W,12,Tohoku Rakuten Golden Eagles,12,21,0,"0,1,0,0,1,0,8,2,0",13,Rakuten Seimei Park Miyagi,,03:36,16602,GAME20050728RENF0548
2005,2005-07-28,Reg Season,Tohoku Rakuten Golden Eagles,Home,L,2,Hokkaido Nippon-Ham Fighters,2,10,0,"0,0,1,0,1,0,0,0,0",13,Rakuten Seimei Park Miyagi,,03:36,16602,GAME20050728RENF0548
2005,2005-07-28,Reg Season,Hanshin Tigers,Away,W,9,Yomiuri Giants,9,11,1,"0,9,0,0,0,0,0,0,0",12,Tokyo Dome,,02:47,44317,GAME20050728YGHT0546
2005,2005-07-28,Reg Season,Yomiuri Giants,Home,L,1,Hanshin Tigers,1,4,0,"0,0,1,0,0,0,0,0,0",12,Tokyo Dome,,02:47,44317,GAME20050728YGHT0546
2005,2005-07-28,Reg Season,Hiroshima Toyo Carp,Away,L,2,Yakult Swallows,2,12,0,"0,0,0,0,0,0,0,0,2",10,Meiji Jingu Stadium,,03:08,15356,GAME20050728YSHC0547
2005,2005-07-28,Reg Season,Yakult Swallows,Home,W,6,Hiroshima Toyo Carp,6,14,0,"0,0,0,0,2,2,1,1,x",10,Meiji Jingu Stadium,,03:08,15356,GAME20050728YSHC0547
2005,2005-07-29,Reg Season,Yokohama BayStars,Away,L,6,Hiroshima Toyo Carp,6,10,1,"0,0,0,0,0,4,0,0,2",11,MAZDA Zoom-Zoom Stadium Hiroshima,,03:20,8733,GAME20050729HCDB0551
2005,2005-07-29,Reg Season,Hiroshima Toyo Carp,Home,W,8,Yokohama BayStars,8,16,0,"0,1,1,5,0,0,1,0,x",11,MAZDA Zoom-Zoom Stadium Hiroshima,,03:20,8733,GAME20050729HCDB0551
2005,2005-07-29,Reg Season,Yakult Swallows,Away,L,0,Hanshin Tigers,0,5,0,"0,0,0,0,0,0,0,0,0",12,Hanshin Koshien Stadium,,03:17,47294,GAME20050729HTYS0550
2005,2005-07-29,Reg Season,Hanshin Tigers,Home,W,5,Yakult Swallows,5,6,1,"1,0,0,0,0,0,4,0,x",12,Hanshin Koshien Stadium,,03:17,47294,GAME20050729HTYS0550
2005,2005-07-29,Reg Season,Tohoku Rakuten Golden Eagles,Away,L,2,Seibu Lions,2,7,1,"0,0,0,0,0,0,0,2,0",11,Belluna Dome,,02:43,14522,GAME20050729SLRE0549
2005,2005-07-29,Reg Season,Seibu Lions,Home,W,3,Tohoku Rakuten Golden Eagles,3,5,0,"0,2,0,1,0,0,0,0,x",11,Belluna Dome,,02:43,14522,GAME20050729SLRE0549
2005,2005-07-29,Reg Season,Chunichi Dragons,Away,W,4,Yomiuri Giants,4,9,0,"0,0,0,0,0,2,1,1,0",11,Tokyo Dome,,03:17,42942,GAME20050729YGCD0552
2005,2005-07-29,Reg Season,Yomiuri Giants,Home,L,0,Chunichi Dragons,0,2,0,"0,0,0,0,0,0,0,0,0",11,Tokyo Dome,,03:17,42942,GAME20050729YGCD0552
2005,2005-07-30,Reg Season,Yokohama BayStars,Away,T,6,Hiroshima Toyo Carp,6,14,2,"1,1,0,2,0,0,0,0,2,0,0,0",12,MAZDA Zoom-Zoom Stadium Hiroshima,,05:14,16152,GAME20050730HCDB0555
2005,2005-07-30,Reg Season,Hiroshima Toyo Carp,Home,T,6,Yokohama BayStars,6,15,1,"0,0,0,3,1,1,0,0,1,0,0,0",12,MAZDA Zoom-Zoom Stadium Hiroshima,,05:14,16152,GAME20050730HCDB0555
2005,2005-07-30,Reg Season,Yakult Swallows,Away,W,13,Hanshin Tigers,13,22,0,"2,0,0,3,0,1,0,3,4",13,Hanshin Koshien Stadium,,03:12,47306,GAME20050730HTYS0558
2005,2005-07-30,Reg Season,Hanshin Tigers,Home,L,0,Yakult Swallows,0,4,2,"0,0,0,0,0,0,0,0,0",13,Hanshin Koshien Stadium,,03:12,47306,GAME20050730HTYS0558
2005,2005-07-30,Reg Season,Orix Buffaloes,Away,W,3,Hokkaido Nippon-Ham Fighters,3,8,1,"0,0,0,0,3,0,0,0,0",10,Kushiroshi Fujimi Baseball Field,,03:03,18312,GAME20050730NFOB0554
2005,2005-07-30,Reg Season,Hokkaido Nippon-Ham Fighters,Home,L,1,Orix Buffaloes,1,8,0,"0,0,0,0,1,0,0,0,0",10,Kushiroshi Fujimi Baseball Field,,03:03,18312,GAME20050730NFOB0554
2005,2005-07-30,Reg Season,Chiba Lotte Marines,Away,L,0,Fukuoka Softbank Hawks,0,6,0,"0,0,0,0,0,0,0,0,0",12,Mizuho PayPay Dome Fukuoka,,03:05,34603,GAME20050730SHLM0557
2005,2005-07-30,Reg Season,Fukuoka Softbank Hawks,Home,W,6,Chiba Lotte Marines,6,15,0,"1,0,0,1,1,3,0,0,x",12,Mizuho PayPay Dome Fukuoka,,03:05,34603,GAME20050730SHLM0557
2005,2005-07-30,Reg Season,Tohoku Rakuten Golden Eagles,Away,W,6,Seibu Lions,6,17,1,"0,0,1,0,0,0,0,1,0,0,4",12,Belluna Dome,,04:26,17450,GAME20050730SLRE0553
2005,2005-07-30,Reg Season,Seibu Lions,Home,L,3,Tohoku Rakuten Golden Eagles,3,9,0,"0,0,2,0,0,0,0,0,0,0,1",12,Belluna Dome,,04:26,17450,GAME20050730SLRE0553
2005,2005-07-30,Reg Season,Chunichi Dragons,Away,W,10,Yomiuri Giants,10,13,0,"0,2,0,5,0,0,2,0,1",12,Tokyo Dome,,03:33,43775,GAME20050730YGCD0556
2005,2005-07-30,Reg Season,Yomiuri Giants,Home,L,7,Chunichi Dragons,7,12,1,"1,0,0,0,0,1,2,0,3",12,Tokyo Dome,,03:33,43775,GAME20050730YGCD0556
2005,2005-07-31,Reg Season,Yokohama BayStars,Away,L,3,Hiroshima Toyo Carp,3,10,1,"0,0,0,0,1,1,0,0,1",13,MAZDA Zoom-Zoom Stadium Hiroshima,,02:58,10097,GAME20050731HCDB0560
2005,2005-07-31,Reg Season,Hiroshima Toyo Carp,Home,W,6,Yokohama BayStars,6,11,0,"1,0,2,0,1,1,0,1,x",13,MAZDA Zoom-Zoom Stadium Hiroshima,,02:58,10097,GAME20050731HCDB0560
2005,2005-07-31,Reg Season,Yakult Swallows,Away,W,2,Hanshin Tigers,2,8,0,"0,0,0,0,0,0,1,0,1",14,Hanshin Koshien Stadium,,02:57,47298,GAME20050731HTYS0562
2005,2005-07-31,Reg Season,Hanshin Tigers,Home,L,1,Yakult Swallows,1,3,0,"0,0,0,0,1,0,0,0,0",14,Hanshin Koshien Stadium,,02:57,47298,GAME20050731HTYS0562
2005,2005-07-31,Reg Season,Orix Buffaloes,Away,W,8,Hokkaido Nippon-Ham Fighters,8,14,1,"0,0,4,0,0,0,4,0,0",11,Obihiro no Mori Baseball Stadium,,03:26,21963,GAME20050731NFOB0563
2005,2005-07-31,Reg Season,Hokkaido Nippon-Ham Fighters,Home,L,7,Orix Buffaloes,7,13,1,"1,1,0,1,0,0,0,0,4",11,Obihiro no Mori Baseball Stadium,,03:26,21963,GAME20050731NFOB0563
2005,2005-07-31,Reg Season,Chiba Lotte Marines,Away,W,12,Fukuoka Softbank Hawks,12,13,0,"6,0,5,0,0,0,0,1,0",13,Mizuho PayPay Dome Fukuoka,,03:19,34750,GAME20050731SHLM0561
2005,2005-07-31,Reg Season,Fukuoka Softbank Hawks,Home,L,2,Chiba Lotte Marines,2,9,0,"0,0,0,1,0,0,1,0,0",13,Mizuho PayPay Dome Fukuoka,,03:19,34750,GAME20050731SHLM0561
2005,2005-07-31,Reg Season,Tohoku Rakuten Golden Eagles,Away,W,4,Seibu Lions,4,9,0,"1,0,0,1,0,2,0,0,0",13,Belluna Dome,,03:30,16703,GAME20050731SLRE0559
2005,2005-07-31,Reg Season,Seibu Lions,Home,L,0,Tohoku Rakuten Golden Eagles,0,5,0,"0,0,0,0,0,0,0,0,0",13,Belluna Dome,,03:30,16703,GAME20050731SLRE0559
2005,2005-07-31,Reg Season,Chunichi Dragons,Away,W,4,Yomiuri Giants,4,6,0,"0,0,0,0,3,1,0,0,0",13,Tokyo Dome,,03:15,43378,GAME20050731YGCD0564
2005,2005-07-31,Reg Season,Yomiuri Giants,Home,L,1,Chunichi Dragons,1,4,1,"0,0,0,0,0,0,1,0,0",13,Tokyo Dome,,03:15,43378,GAME20050731YGCD0564
2005,2005-10-08,CS Stage 1,Seibu Lions,Away,L,1,Chiba Lotte Marines,1,8,1,"1,0,0,0,0,0,0,0,0",1,ZOZO Marine Stadium,,03:33,28979,GAME20051008LMSL0001
2005,2005-10-08,CS Stage 1,Chiba Lotte Marines,Home,W,2,Seibu Lions,2,8,0,"0,0,0,0,1,0,0,1,x",1,ZOZO Marine Stadium,,03:33,28979,GAME20051008LMSL0001
2005,2005-10-09,CS Stage 1,Seibu Lions,Away,L,1,Chiba Lotte Marines,1,4,0,"0,0,0,0,0,0,0,1,0",2,ZOZO Marine Stadium,,02:52,28996,GAME20051009LMSL0001
2005,2005-10-09,CS Stage 1,Chiba Lotte Marines,Home,W,3,Seibu Lions,3,9,0,"1,0,0,0,0,2,0,0,x",2,ZOZO Marine Stadium,,02:52,28996,GAME20051009LMSL0001
2005,2005-10-12,CS Stage 2,Chiba Lotte Marines,Away,W,4,Fukuoka Softbank Hawks,4,11,0,"0,0,0,1,0,0,1,2,0",1,Mizuho PayPay Dome Fukuoka,,03:28,31848,GAME20051012SHLM0001
2005,2005-10-12,CS Stage 2,Fukuoka Softbank Hawks,Home,L,2,Chiba Lotte Marines,2,7,0,"0,1,0,0,0,0,1,0,0",1,Mizuho PayPay Dome Fukuoka,,03:28,31848,GAME20051012SHLM0001
2005,2005-10-13,CS Stage 2,Chiba Lotte Marines,Away,W,3,Fukuoka Softbank Hawks,3,6,0,"0,0,0,0,0,3,0,0,0",2,Mizuho PayPay Dome Fukuoka,,02:54,31696,GAME20051013SHLM0001
2005,2005-10-13,CS Stage 2,Fukuoka Softbank Hawks,Home,L,2,Chiba Lotte Marines,2,4,0,"0,0,0,0,1,1,0,0,0",2,Mizuho PayPay Dome Fukuoka,,02:54,31696,GAME20051013SHLM0001
2005,2005-10-15,CS Stage 2,Chiba Lotte Marines,Away,L,4,Fukuoka Softbank Hawks,4,9,1,"0,0,2,0,0,0,0,2,0,0",3,Mizuho PayPay Dome Fukuoka,,03:48,34757,GAME20051015SHLM0001
2005,2005-10-15,CS Stage 2,Fukuoka Softbank Hawks,Home,W,5,Chiba Lotte Marines,5,15,0,"0,0,0,0,0,0,0,0,4,1x",3,Mizuho PayPay Dome Fukuoka,,03:48,34757,GAME20051015SHLM0001
2005,2005-10-16,CS Stage 2,Chiba Lotte Marines,Away,L,2,Fukuoka Softbank Hawks,2,5,0,"1,0,0,1,0,0,0,0,0",4,Mizuho PayPay Dome Fukuoka,,03:06,34772,GAME20051016SHLM0001
2005,2005-10-16,CS Stage 2,Fukuoka Softbank Hawks,Home,W,3,Chiba Lotte Marines,3,5,0,"0,1,0,2,0,0,0,0,x",4,Mizuho PayPay Dome Fukuoka,,03:06,34772,GAME20051016SHLM0001
2005,2005-10-17,CS Stage 2,Chiba Lotte Marines,Away,W,3,Fukuoka Softbank Hawks,3,12,1,"0,0,0,0,0,1,0,2,0",5,Mizuho PayPay Dome Fukuoka,,03:46,35071,GAME20051017SHLM0001
2005,2005-10-17,CS Stage 2,Fukuoka Softbank Hawks,Home,L,2,Chiba Lotte Marines,2,5,0,"0,1,1,0,0,0,0,0,0",5,Mizuho PayPay Dome Fukuoka,,03:46,35071,GAME20051017SHLM0001
2005,2005-10-22,JS,Hanshin Tigers,Away,L,1,Chiba Lotte Marines,1,5,0,"0,0,0,0,1,0,0",1,ZOZO Marine Stadium,,02:14,28333,GAME20051022LMHT0001
2005,2005-10-22,JS,Chiba Lotte Marines,Home,W,10,Hanshin Tigers,10,15,0,"1,0,0,0,3,1,5X",1,ZOZO Marine Stadium,,02:14,28333,GAME20051022LMHT0001
2005,2005-10-23,JS,Hanshin Tigers,Away,L,0,Chiba Lotte Marines,0,4,1,"0,0,0,0,0,0,0,0,0",2,ZOZO Marine Stadium,,02:32,28354,GAME20051023LMHT0001
2005,2005-10-23,JS,Chiba Lotte Marines,Home,W,10,Hanshin Tigers,10,12,0,"1,1,0,0,0,5,0,3,x",2,ZOZO Marine Stadium,,02:32,28354,GAME20051023LMHT0001
2005,2005-10-25,JS,Chiba Lotte Marines,Away,W,10,Hanshin Tigers,10,10,0,"0,1,0,2,0,0,7,0,0",3,Hanshin Koshien Stadium,,03:20,47753,GAME20051025HTLM0001
2005,2005-10-25,JS,Hanshin Tigers,Home,L,1,Chiba Lotte Marines,1,6,1,"0,1,0,0,0,0,0,0,0",3,Hanshin Koshien Stadium,,03:20,47753,GAME20051025HTLM0001
2005,2005-10-26,JS,Chiba Lotte Marines,Away,W,3,Hanshin Tigers,3,7,1,"0,2,0,1,0,0,0,0,0",4,Hanshin Koshien Stadium,,03:21,47810,GAME20051026HTLM0001
2005,2005-10-26,JS,Hanshin Tigers,Home,L,2,Chiba Lotte Marines,2,7,0,"0,0,0,0,0,2,0,0,0",4,Hanshin Koshien Stadium,,03:21,47810,GAME20051026HTLM0001
2005,2005-08-01,Reg Season,Hokkaido Nippon-Ham Fighters,Away,W,4,Fukuoka Softbank Hawks,4,13,0,"2,0,1,0,0,0,1,0,0",11,Mizuho PayPay Dome Fukuoka,,03:01,29890,GAME20050801SHNF0565
2005,2005-08-01,Reg Season,Fukuoka Softbank Hawks,Home,L,0,Hokkaido Nippon-Ham Fighters,0,4,0,"0,0,0,0,0,0,0,0,0",11,Mizuho PayPay Dome Fukuoka,,03:01,29890,GAME20050801SHNF0565
2005,2005-08-02,Reg Season,Yakult Swallows,Away,W,5,Chunichi Dragons,5,11,0,"2,0,1,0,0,0,2,0,0",12,Vantelin Dome Nagoya,,03:30,34800,GAME20050802CDYS0566
2005,2005-08-02,Reg Season,Chunichi Dragons,Home,L,2,Yakult Swallows,2,8,0,"0,0,1,0,0,0,1,0,0",12,Vantelin Dome Nagoya,,03:30,34800,GAME20050802CDYS0566
2005,2005-08-02,Reg Season,Hanshin Tigers,Away,L,2,Yokohama BayStars,2,7,0,"0,0,0,0,0,2,0,0,0",13,Yokohama Stadium,,03:22,18916,GAME20050802DBHT0569
2005,2005-08-02,Reg Season,Yokohama BayStars,Home,W,3,Hanshin Tigers,3,9,0,"0,0,0,3,0,0,0,0,x",13,Yokohama Stadium,,03:22,18916,GAME20050802DBHT0569
2005,2005-08-02,Reg Season,Yomiuri Giants,Away,L,12,Hiroshima Toyo Carp,12,20,2,"2,0,0,0,5,1,1,0,2,0,1",12,MAZDA Zoom-Zoom Stadium Hiroshima,,05:04,15829,GAME20050802HCYG0571
2005,2005-08-02,Reg Season,Hiroshima Toyo Carp,Home,W,13,Yomiuri Giants,13,15,1,"3,1,4,0,1,0,0,2,0,0,2x",12,MAZDA Zoom-Zoom Stadium Hiroshima,,05:04,15829,GAME20050802HCYG0571
2005,2005-08-02,Reg Season,Tohoku Rakuten Golden Eagles,Away,L,1,Chiba Lotte Marines,1,6,1,"0,1,0,0,0,0,0,0,0",11,ZOZO Marine Stadium,,03:05,15427,GAME20050802LMRE0567
2005,2005-08-02,Reg Season,Chiba Lotte Marines,Home,W,15,Tohoku Rakuten Golden Eagles,15,19,0,"0,8,0,0,0,4,3,0,x",11,ZOZO Marine Stadium,,03:05,15427,GAME20050802LMRE0567
2005,2005-08-02,Reg Season,Seibu Lions,Away,L,1,Orix Buffaloes,1,6,1,"0,0,0,0,0,0,0,0,1",15,Kobe Athletic Park Baseball Field,,03:07,14571,GAME20050802OBSL0570
2005,2005-08-02,Reg Season,Orix Buffaloes,Home,W,2,Seibu Lions,2,6,0,"2,0,0,0,0,0,0,0,x",15,Kobe Athletic Park Baseball Field,,03:07,14571,GAME20050802OBSL0570
2005,2005-08-02,Reg Season,Hokkaido Nippon-Ham Fighters,Away,L,3,Fukuoka Softbank Hawks,3,6,0,"2,0,0,0,0,1,0,0,0",12,Mizuho PayPay Dome Fukuoka,,03:06,30388,GAME20050802SHNF0568
2005,2005-08-02,Reg Season,Fukuoka Softbank Hawks,Home,W,4,Hokkaido Nippon-Ham Fighters,4,7,0,"0,0,0,0,0,4,0,0,x",12,Mizuho PayPay Dome Fukuoka,,03:06,30388,GAME20050802SHNF0568
2005,2005-08-03,Reg Season,Yakult Swallows,Away,W,4,Chunichi Dragons,4,11,0,"2,0,0,0,0,0,2,0,0",13,Vantelin Dome Nagoya,,02:57,33900,GAME20050803CDYS0572
2005,2005-08-03,Reg Season,Chunichi Dragons,Home,L,2,Yakult Swallows,2,4,2,"0,0,0,0,0,0,2,0,0",13,Vantelin Dome Nagoya,,02:57,33900,GAME20050803CDYS0572
2005,2005-08-03,Reg Season,Hanshin Tigers,Away,L,3,Yokohama BayStars,3,11,0,"0,0,0,0,0,0,0,1,2",14,Yokohama Stadium,,03:01,19580,GAME20050803DBHT0577
2005,2005-08-03,Reg Season,Yokohama BayStars,Home,W,6,Hanshin Tigers,6,8,2,"2,0,1,0,0,0,3,0,x",14,Yokohama Stadium,,03:01,19580,GAME20050803DBHT0577
2005,2005-08-03,Reg Season,Yomiuri Giants,Away,W,8,Hiroshima Toyo Carp,8,10,0,"0,3,2,3,0,0,0,0,0",13,MAZDA Zoom-Zoom Stadium Hiroshima,,03:39,19324,GAME20050803HCYG0575
2005,2005-08-03,Reg Season,Hiroshima Toyo Carp,Home,L,7,Yomiuri Giants,7,12,2,"0,2,0,0,2,0,2,0,1",13,MAZDA Zoom-Zoom Stadium Hiroshima,,03:39,19324,GAME20050803HCYG0575
2005,2005-08-03,Reg Season,Tohoku Rakuten Golden Eagles,Away,L,6,Chiba Lotte Marines,6,8,2,"2,2,0,0,0,0,0,0,2",12,ZOZO Marine Stadium,,03:45,17478,GAME20050803LMRE0576
2005,2005-08-03,Reg Season,Chiba Lotte Marines,Home,W,14,Tohoku Rakuten Golden Eagles,14,16,0,"3,0,0,5,0,5,1,0,x",12,ZOZO Marine Stadium,,03:45,17478,GAME20050803LMRE0576
2005,2005-08-03,Reg Season,Seibu Lions,Away,W,6,Orix Buffaloes,6,12,0,"2,0,1,0,2,0,0,0,1",16,Kobe Athletic Park Baseball Field,,03:49,25900,GAME20050803OBSL0574
2005,2005-08-03,Reg Season,Orix Buffaloes,Home,L,4,Seibu Lions,4,8,0,"0,1,1,0,0,0,0,0,2",16,Kobe Athletic Park Baseball Field,,03:49,25900,GAME20050803OBSL0574
2005,2005-08-03,Reg Season,Hokkaido Nippon-Ham Fighters,Away,L,1,Fukuoka Softbank Hawks,1,4,1,"0,1,0,0,0,0,0,0,0",13,Mizuho PayPay Dome Fukuoka,,02:34,32702,GAME20050803SHNF0573
2005,2005-08-03,Reg Season,Fukuoka Softbank Hawks,Home,W,5,Hokkaido Nippon-Ham Fighters,5,9,1,"2,0,2,0,0,0,1,0,x",13,Mizuho PayPay Dome Fukuoka,,02:34,32702,GAME20050803SHNF0573
2005,2005-08-04,Reg Season,Yakult Swallows,Away,L,4,Chunichi Dragons,4,9,0,"2,0,0,2,0,0,0,0,0",14,Hamamatsu Baseball Stadium,,03:35,11800,GAME20050804CDYS0578
2005,2005-08-04,Reg Season,Chunichi Dragons,Home,W,5,Yakult Swallows,5,10,1,"1,0,0,2,1,0,1,0,x",14,Hamamatsu Baseball Stadium,,03:35,11800,GAME20050804CDYS0578
2005,2005-08-04,Reg Season,Hanshin Tigers,Away,W,6,Yokohama BayStars,6,12,0,"0,0,0,0,1,0,0,5,0",15,Yokohama Stadium,,03:10,19757,GAME20050804DBHT0580
2005,2005-08-04,Reg Season,Yokohama BayStars,Home,L,2,Hanshin Tigers,2,9,0,"0,0,0,0,2,0,0,0,0",15,Yokohama Stadium,,03:10,19757,GAME20050804DBHT0580
2005,2005-08-04,Reg Season,Yomiuri Giants,Away,L,2,Hiroshima Toyo Carp,2,6,1,"0,0,1,1,0,0,0,0,0",14,MAZDA Zoom-Zoom Stadium Hiroshima,,02:33,17657,GAME20050804HCYG0581
2005,2005-08-04,Reg Season,Hiroshima Toyo Carp,Home,W,4,Yomiuri Giants,4,7,0,"0,0,0,0,1,3,0,0,x",14,MAZDA Zoom-Zoom Stadium Hiroshima,,02:33,17657,GAME20050804HCYG0581
2005,2005-08-04,Reg Season,Tohoku Rakuten Golden Eagles,Away,L,3,Chiba Lotte Marines,3,7,2,"0,0,0,1,0,1,0,0,1",13,ZOZO Marine Stadium,,02:59,14350,GAME20050804LMRE0579
2005,2005-08-04,Reg Season,Chiba Lotte Marines,Home,W,8,Tohoku Rakuten Golden Eagles,8,8,1,"0,0,0,0,4,1,0,3,x",13,ZOZO Marine Stadium,,02:59,14350,GAME20050804LMRE0579
2005,2005-08-05,Reg Season,Chunichi Dragons,Away,W,9,Yokohama BayStars,9,10,0,"1,0,0,0,0,3,0,0,5",10,Yokohama Stadium,,03:48,12561,GAME20050805DBCD0582
2005,2005-08-05,Reg Season,Yokohama BayStars,Home,L,7,Chunichi Dragons,7,13,0,"0,2,2,0,0,1,0,0,2",10,Yokohama Stadium,,03:48,12561,GAME20050805DBCD0582
2005,2005-08-05,Reg Season,Orix Buffaloes,Away,L,2,Chiba Lotte Marines,2,8,1,"0,2,0,0,0,0,0,0,0",10,ZOZO Marine Stadium,,03:26,17016,GAME20050805LMOB0585
2005,2005-08-05,Reg Season,Chiba Lotte Marines,Home,W,3,Orix Buffaloes,3,7,0,"0,0,2,0,1,0,0,0,x",10,ZOZO Marine Stadium,,03:26,17016,GAME20050805LMOB0585
2005,2005-08-05,Reg Season,Fukuoka Softbank Hawks,Away,W,8,Tohoku Rakuten Golden Eagles,8,13,1,"0,0,0,1,2,0,2,2,1",14,Rakuten Seimei Park Miyagi,,03:39,14585,GAME20050805RESH0584
2005,2005-08-05,Reg Season,Tohoku Rakuten Golden Eagles,Home,L,5,Fukuoka Softbank Hawks,5,9,0,"0,0,0,3,1,0,0,1,0",14,Rakuten Seimei Park Miyagi,,03:39,14585,GAME20050805RESH0584
2005,2005-08-05,Reg Season,Yomiuri Giants,Away,L,0,Yakult Swallows,0,3,1,"0,0,0,0,0,0,0,0,0",12,Meiji Jingu Stadium,,03:18,24182,GAME20050805YSYG0583
2005,2005-08-05,Reg Season,Yakult Swallows,Home,W,4,Yomiuri Giants,4,14,0,"1,1,0,0,0,0,0,2,x",12,Meiji Jingu Stadium,,03:18,24182,GAME20050805YSYG0583
2005,2005-08-06,Reg Season,Chunichi Dragons,Away,W,8,Yokohama BayStars,8,13,1,"0,0,0,3,0,0,0,2,3",11,Yokohama Stadium,,03:25,19355,GAME20050806DBCD0587
2005,2005-08-06,Reg Season,Yokohama BayStars,Home,L,5,Chunichi Dragons,5,12,1,"0,0,3,0,0,0,2,0,0",11,Yokohama Stadium,,03:25,19355,GAME20050806DBCD0587
2005,2005-08-06,Reg Season,Hiroshima Toyo Carp,Away,L,2,Hanshin Tigers,2,4,0,"0,0,0,0,1,0,0,1,0",12,Matsuyama Central Park Baseball Stadium,,03:09,20073,GAME20050806HTHC0588
2005,2005-08-06,Reg Season,Hanshin Tigers,Home,W,13,Hiroshima Toyo Carp,13,19,0,"3,2,0,2,2,0,3,1,x",12,Matsuyama Central Park Baseball Stadium,,03:09,20073,GAME20050806HTHC0588
2005,2005-08-06,Reg Season,Orix Buffaloes,Away,W,4,Chiba Lotte Marines,4,10,0,"0,2,0,0,0,0,0,2,0",11,ZOZO Marine Stadium,,02:39,21097,GAME20050806LMOB0590
2005,2005-08-06,Reg Season,Chiba Lotte Marines,Home,L,0,Orix Buffaloes,0,3,0,"0,0,0,0,0,0,0,0,0",11,ZOZO Marine Stadium,,02:39,21097,GAME20050806LMOB0590
2005,2005-08-06,Reg Season,Seibu Lions,Away,W,3,Hokkaido Nippon-Ham Fighters,3,11,0,"0,0,0,3,0,0,0,0,0",13,Sapporo Dome,,03:14,31272,GAME20050806NFSL0589
2005,2005-08-06,Reg Season,Hokkaido Nippon-Ham Fighters,Home,L,0,Seibu Lions,0,10,0,"0,0,0,0,0,0,0,0,0",13,Sapporo Dome,,03:14,31272,GAME20050806NFSL0589
2005,2005-08-06,Reg Season,Fukuoka Softbank Hawks,Away,W,10,Tohoku Rakuten Golden Eagles,10,14,0,"0,2,0,0,2,4,0,1,1",15,Rakuten Seimei Park Miyagi,,03:56,15954,GAME20050806RESH0586
2005,2005-08-06,Reg Season,Tohoku Rakuten Golden Eagles,Home,L,8,Fukuoka Softbank Hawks,8,14,2,"3,1,0,0,0,0,1,3,0",15,Rakuten Seimei Park Miyagi,,03:56,15954,GAME20050806RESH0586
2005,2005-08-06,Reg Season,Yomiuri Giants,Away,L,8,Yakult Swallows,8,13,1,"0,0,0,2,0,1,4,1,0",13,Meiji Jingu Stadium,,03:18,29075,GAME20050806YSYG0591
2005,2005-08-06,Reg Season,Yakult Swallows,Home,W,13,Yomiuri Giants,13,19,0,"5,2,1,0,1,4,0,0,x",13,Meiji Jingu Stadium,,03:18,29075,GAME20050806YSYG0591
2005,2005-08-07,Reg Season,Chunichi Dragons,Away,W,7,Yokohama BayStars,7,18,0,"0,1,1,0,0,0,3,0,1,0,1",12,Yokohama Stadium,,04:35,14545,GAME20050807DBCD0596
2005,2005-08-07,Reg Season,Yokohama BayStars,Home,L,6,Chunichi Dragons,6,16,0,"1,0,1,0,0,1,0,0,3,0,0",12,Yokohama Stadium,,04:35,14545,GAME20050807DBCD0596
2005,2005-08-07,Reg Season,Hiroshima Toyo Carp,Away,W,4,Hanshin Tigers,4,9,1,"0,0,0,2,0,0,1,0,1",13,Matsuyama Central Park Baseball Stadium,,02:47,16706,GAME20050807HTHC0593
2005,2005-08-07,Reg Season,Hanshin Tigers,Home,L,1,Hiroshima Toyo Carp,1,7,1,"0,0,1,0,0,0,0,0,0",13,Matsuyama Central Park Baseball Stadium,,02:47,16706,GAME20050807HTHC0593
2005,2005-08-07,Reg Season,Orix Buffaloes,Away,W,5,Chiba Lotte Marines,5,10,0,"0,2,2,0,0,0,0,1,0",12,ZOZO Marine Stadium,,03:02,21176,GAME20050807LMOB0594
2005,2005-08-07,Reg Season,Chiba Lotte Marines,Home,L,1,Orix Buffaloes,1,5,1,"0,0,1,0,0,0,0,0,0",12,ZOZO Marine Stadium,,03:02,21176,GAME20050807LMOB0594
2005,2005-08-07,Reg Season,Seibu Lions,Away,L,8,Hokkaido Nippon-Ham Fighters,8,14,1,"0,3,0,5,0,0,0,0,0",14,Sapporo Dome,,04:23,28495,GAME20050807NFSL0597
2005,2005-08-07,Reg Season,Hokkaido Nippon-Ham Fighters,Home,W,9,Seibu Lions,9,14,1,"0,4,0,0,0,1,3,0,1x",14,Sapporo Dome,,04:23,28495,GAME20050807NFSL0597
2005,2005-08-07,Reg Season,Fukuoka Softbank Hawks,Away,L,3,Tohoku Rakuten Golden Eagles,3,7,3,"1,0,1,0,0,0,0,0,1",16,Rakuten Seimei Park Miyagi,,03:10,16215,GAME20050807RESH0592
2005,2005-08-07,Reg Season,Tohoku Rakuten Golden Eagles,Home,W,5,Fukuoka Softbank Hawks,5,5,0,"0,1,1,0,3,0,0,0,x",16,Rakuten Seimei Park Miyagi,,03:10,16215,GAME20050807RESH0592
2005,2005-08-07,Reg Season,Yomiuri Giants,Away,L,1,Yakult Swallows,1,6,0,"0,0,0,1,0,0,0,0,0",14,Meiji Jingu Stadium,,03:26,25582,GAME20050807YSYG0595
2005,2005-08-07,Reg Season,Yakult Swallows,Home,W,4,Yomiuri Giants,4,9,1,"0,2,0,0,0,2,0,0,x",14,Meiji Jingu Stadium,,03:26,25582,GAME20050807YSYG0595
2005,2005-08-08,Reg Season,Hokkaido Nippon-Ham Fighters,Away,L,3,Chiba Lotte Marines,3,10,2,"0,0,0,0,0,0,1,0,2",14,ZOZO Marine Stadium,,02:36,19268,GAME20050808LMNF0598
2005,2005-08-08,Reg Season,Chiba Lotte Marines,Home,W,4,Hokkaido Nippon-Ham Fighters,4,5,0,"0,2,0,0,0,0,1,1,x",14,ZOZO Marine Stadium,,02:36,19268,GAME20050808LMNF0598
2005,2005-08-09,Reg Season,Hanshin Tigers,Away,L,7,Chunichi Dragons,7,15,5,"2,1,2,0,2,0,0,0,0",13,Vantelin Dome Nagoya,,03:57,38100,GAME20050809CDHT0603
2005,2005-08-09,Reg Season,Chunichi Dragons,Home,W,11,Hanshin Tigers,11,12,2,"0,0,1,0,9,0,0,1,x",13,Vantelin Dome Nagoya,,03:57,38100,GAME20050809CDHT0603
2005,2005-08-09,Reg Season,Hokkaido Nippon-Ham Fighters,Away,W,6,Chiba Lotte Marines,6,11,2,"0,0,0,0,0,0,2,0,2,0,0,2",15,ZOZO Marine Stadium,,04:46,22070,GAME20050809LMNF0599
2005,2005-08-09,Reg Season,Chiba Lotte Marines,Home,L,4,Hokkaido Nippon-Ham Fighters,4,15,1,"0,0,0,1,0,3,0,0,0,0,0,0",15,ZOZO Marine Stadium,,04:46,22070,GAME20050809LMNF0599
2005,2005-08-09,Reg Season,Tohoku Rakuten Golden Eagles,Away,L,3,Orix Buffaloes,3,8,0,"0,1,1,0,0,0,0,1,0",12,Kobe Athletic Park Baseball Field,,02:57,12503,GAME20050809OBRE0600
2005,2005-08-09,Reg Season,Orix Buffaloes,Home,W,7,Tohoku Rakuten Golden Eagles,7,10,1,"1,0,6,0,0,0,0,0,x",12,Kobe Athletic Park Baseball Field,,02:57,12503,GAME20050809OBRE0600
2005,2005-08-09,Reg Season,Fukuoka Softbank Hawks,Away,W,9,Seibu Lions,9,12,1,"6,0,0,0,0,3,0,0,0",12,Belluna Dome,,03:46,18157,GAME20050809SLSH0601
2005,2005-08-09,Reg Season,Seibu Lions,Home,L,3,Fukuoka Softbank Hawks,3,8,1,"0,0,0,0,0,3,0,0,0",12,Belluna Dome,,03:46,18157,GAME20050809SLSH0601
2005,2005-08-09,Reg Season,Yokohama BayStars,Away,L,0,Yomiuri Giants,0,1,0,"0,0,0,0,0,0,0,0,0",13,Rakuten Seimei Park Miyagi,,03:05,18597,GAME20050809YGDB0602
2005,2005-08-09,Reg Season,Yomiuri Giants,Home,W,1,Yokohama BayStars,1,10,0,"0,0,0,0,0,1,0,0,x",13,Rakuten Seimei Park Miyagi,,03:05,18597,GAME20050809YGDB0602
2005,2005-08-09,Reg Season,Hiroshima Toyo Carp,Away,L,3,Yakult Swallows,3,10,2,"0,1,0,0,0,1,1,0,0",11,Meiji Jingu Stadium,,03:16,14444,GAME20050809YSHC0604
2005,2005-08-09,Reg Season,Yakult Swallows,Home,W,5,Hiroshima Toyo Carp,5,8,0,"0,2,0,0,0,3,0,0,x",11,Meiji Jingu Stadium,,03:16,14444,GAME20050809YSHC0604
2005,2005-08-10,Reg Season,Hanshin Tigers,Away,W,5,Chunichi Dragons,5,12,0,"3,0,1,0,0,0,1,0,0",14,Vantelin Dome Nagoya,,03:35,38100,GAME20050810CDHT0607
2005,2005-08-10,Reg Season,Chunichi Dragons,Home,L,3,Hanshin Tigers,3,10,0,"0,1,1,0,0,0,0,1,0",14,Vantelin Dome Nagoya,,03:35,38100,GAME20050810CDHT0607
2005,2005-08-10,Reg Season,Hokkaido Nippon-Ham Fighters,Away,W,7,Chiba Lotte Marines,7,14,0,"0,0,0,3,4,0,0,0,0",16,ZOZO Marine Stadium,,03:31,23228,GAME20050810LMNF0605
2005,2005-08-10,Reg Season,Chiba Lotte Marines,Home,L,1,Hokkaido Nippon-Ham Fighters,1,10,1,"0,0,0,1,0,0,0,0,0",16,ZOZO Marine Stadium,,03:31,23228,GAME20050810LMNF0605
2005,2005-08-10,Reg Season,Tohoku Rakuten Golden Eagles,Away,L,2,Orix Buffaloes,2,5,0,"0,0,2,0,0,0,0,0,0",13,Kobe Athletic Park Baseball Field,,03:14,20001,GAME20050810OBRE0609
2005,2005-08-10,Reg Season,Orix Buffaloes,Home,W,10,Tohoku Rakuten Golden Eagles,10,16,1,"0,1,1,1,0,2,3,2,x",13,Kobe Athletic Park Baseball Field,,03:14,20001,GAME20050810OBRE0609
2005,2005-08-10,Reg Season,Fukuoka Softbank Hawks,Away,W,7,Seibu Lions,7,10,0,"1,2,0,1,0,0,2,1,0",13,Belluna Dome,,04:16,20434,GAME20050810SLSH0606
2005,2005-08-10,Reg Season,Seibu Lions,Home,L,5,Fukuoka Softbank Hawks,5,11,1,"0,0,0,0,1,4,0,0,0",13,Belluna Dome,,04:16,20434,GAME20050810SLSH0606
2005,2005-08-10,Reg Season,Yokohama BayStars,Away,W,4,Yomiuri Giants,4,12,0,"1,0,2,0,0,0,0,1,0",14,Tokyo Dome,,02:45,42267,GAME20050810YGDB0610
2005,2005-08-10,Reg Season,Yomiuri Giants,Home,L,3,Yokohama BayStars,3,5,0,"0,0,0,1,0,0,2,0,0",14,Tokyo Dome,,02:45,42267,GAME20050810YGDB0610
2005,2005-08-10,Reg Season,Hiroshima Toyo Carp,Away,W,10,Yakult Swallows,10,12,0,"4,4,0,0,0,0,0,0,2",12,Meiji Jingu Stadium,,02:49,14288,GAME20050810YSHC0608
2005,2005-08-10,Reg Season,Yakult Swallows,Home,L,0,Hiroshima Toyo Carp,0,5,0,"0,0,0,0,0,0,0,0,0",12,Meiji Jingu Stadium,,02:49,14288,GAME20050810YSHC0608
2005,2005-08-11,Reg Season,Hanshin Tigers,Away,W,8,Chunichi Dragons,8,17,0,"0,0,0,1,4,0,1,2,0",15,Vantelin Dome Nagoya,,03:14,38200,GAME20050811CDHT0612
2005,2005-08-11,Reg Season,Chunichi Dragons,Home,L,4,Hanshin Tigers,4,10,0,"0,2,0,1,0,0,0,1,0",15,Vantelin Dome Nagoya,,03:14,38200,GAME20050811CDHT0612
2005,2005-08-11,Reg Season,Tohoku Rakuten Golden Eagles,Away,L,0,Orix Buffaloes,0,4,0,"0,0,0,0,0,0,0,0,0",14,Kobe Athletic Park Baseball Field,,03:05,12448,GAME20050811OBRE0611
2005,2005-08-11,Reg Season,Orix Buffaloes,Home,W,13,Tohoku Rakuten Golden Eagles,13,16,0,"0,2,5,2,0,0,2,2,x",14,Kobe Athletic Park Baseball Field,,03:05,12448,GAME20050811OBRE0611
2005,2005-08-11,Reg Season,Yokohama BayStars,Away,W,5,Yomiuri Giants,5,9,0,"1,0,0,2,0,0,2,0,0",15,Tokyo Dome,,03:09,42522,GAME20050811YGDB0613
2005,2005-08-11,Reg Season,Yomiuri Giants,Home,L,3,Yokohama BayStars,3,8,1,"0,0,0,0,0,2,0,1,0",15,Tokyo Dome,,03:09,42522,GAME20050811YGDB0613
2005,2005-08-11,Reg Season,Hiroshima Toyo Carp,Away,L,1,Yakult Swallows,1,5,0,"0,0,0,1,0,0,0,0,0",13,Meiji Jingu Stadium,,02:47,14783,GAME20050811YSHC0614
2005,2005-08-11,Reg Season,Yakult Swallows,Home,W,3,Hiroshima Toyo Carp,3,11,0,"1,0,0,0,2,0,0,0,x",13,Meiji Jingu Stadium,,02:47,14783,GAME20050811YSHC0614
2005,2005-08-12,Reg Season,Yakult Swallows,Away,W,6,Yokohama BayStars,6,13,0,"0,3,1,0,2,0,0,0,0",8,Yokohama Stadium,,03:28,10638,GAME20050812DBYS0618
2005,2005-08-12,Reg Season,Yokohama BayStars,Home,L,3,Yakult Swallows,3,11,2,"0,0,0,0,1,0,0,0,2",8,Yokohama Stadium,,03:28,10638,GAME20050812DBYS0618
2005,2005-08-12,Reg Season,Chunichi Dragons,Away,W,7,Hiroshima Toyo Carp,7,9,1,"0,0,2,1,0,0,3,1,0",12,MAZDA Zoom-Zoom Stadium Hiroshima,,03:33,14749,GAME20050812HCCD0620
2005,2005-08-12,Reg Season,Hiroshima Toyo Carp,Home,L,5,Chunichi Dragons,5,10,0,"0,3,1,0,0,1,0,0,0",12,MAZDA Zoom-Zoom Stadium Hiroshima,,03:33,14749,GAME20050812HCCD0620
2005,2005-08-12,Reg Season,Fukuoka Softbank Hawks,Away,W,5,Hokkaido Nippon-Ham Fighters,5,6,1,"0,1,3,0,1,0,0,0,0",14,Sapporo Dome,,04:07,28242,GAME20050812NFSH0616
2005,2005-08-12,Reg Season,Hokkaido Nippon-Ham Fighters,Home,L,2,Fukuoka Softbank Hawks,2,9,0,"0,1,0,0,1,0,0,0,0",14,Sapporo Dome,,04:07,28242,GAME20050812NFSH0616
2005,2005-08-12,Reg Season,Chiba Lotte Marines,Away,W,11,Orix Buffaloes,11,16,0,"6,1,0,0,2,2,0,0,0",13,Kobe Athletic Park Baseball Field,,03:03,15055,GAME20050812OBLM0619
2005,2005-08-12,Reg Season,Orix Buffaloes,Home,L,3,Chiba Lotte Marines,3,8,0,"0,2,0,0,1,0,0,0,0",13,Kobe Athletic Park Baseball Field,,03:03,15055,GAME20050812OBLM0619
2005,2005-08-12,Reg Season,Seibu Lions,Away,W,8,Tohoku Rakuten Golden Eagles,8,15,1,"2,0,2,2,0,1,1,0,0",14,Rakuten Seimei Park Miyagi,,03:08,14745,GAME20050812RESL0615
2005,2005-08-12,Reg Season,Tohoku Rakuten Golden Eagles,Home,L,2,Seibu Lions,2,4,1,"2,0,0,0,0,0,0,0,0",14,Rakuten Seimei Park Miyagi,,03:08,14745,GAME20050812RESL0615
2005,2005-08-12,Reg Season,Hanshin Tigers,Away,L,4,Yomiuri Giants,4,11,0,"2,0,0,0,0,0,0,2,0,0",13,Tokyo Dome,,03:51,45021,GAME20050812YGHT0617
2005,2005-08-12,Reg Season,Yomiuri Giants,Home,W,5,Hanshin Tigers,5,10,0,"0,0,0,2,0,1,1,0,0,1x",13,Tokyo Dome,,03:51,45021,GAME20050812YGHT0617
2005,2005-08-13,Reg Season,Yakult Swallows,Away,L,3,Yokohama BayStars,3,11,0,"0,0,0,0,0,0,0,1,2",9,Yokohama Stadium,,03:10,17221,GAME20050813DBYS0626
2005,2005-08-13,Reg Season,Yokohama BayStars,Home,W,4,Yakult Swallows,4,7,1,"0,0,1,0,0,1,0,0,2x",9,Yokohama Stadium,,03:10,17221,GAME20050813DBYS0626
2005,2005-08-13,Reg Season,Chunichi Dragons,Away,L,1,Hiroshima Toyo Carp,1,6,1,"0,0,0,0,0,0,0,1,0",13,MAZDA Zoom-Zoom Stadium Hiroshima,,03:07,16401,GAME20050813HCCD0624
2005,2005-08-13,Reg Season,Hiroshima Toyo Carp,Home,W,2,Chunichi Dragons,2,8,0,"0,0,0,0,0,1,0,0,1x",13,MAZDA Zoom-Zoom Stadium Hiroshima,,03:07,16401,GAME20050813HCCD0624
2005,2005-08-13,Reg Season,Fukuoka Softbank Hawks,Away,L,0,Hokkaido Nippon-Ham Fighters,0,4,0,"0,0,0,0,0,0,0,0,0",15,Sapporo Dome,,03:00,25031,GAME20050813NFSH0625
2005,2005-08-13,Reg Season,Hokkaido Nippon-Ham Fighters,Home,W,2,Fukuoka Softbank Hawks,2,4,1,"0,0,0,1,0,0,0,1,x",15,Sapporo Dome,,03:00,25031,GAME20050813NFSH0625
2005,2005-08-13,Reg Season,Chiba Lotte Marines,Away,W,13,Orix Buffaloes,13,15,0,"3,2,0,2,6,0,0,0,0",14,Kobe Athletic Park Baseball Field,,03:36,26099,GAME20050813OBLM0623
2005,2005-08-13,Reg Season,Orix Buffaloes,Home,L,8,Chiba Lotte Marines,8,14,1,"2,0,1,1,2,2,0,0,0",14,Kobe Athletic Park Baseball Field,,03:36,26099,GAME20050813OBLM0623
2005,2005-08-13,Reg Season,Seibu Lions,Away,W,11,Tohoku Rakuten Golden Eagles,11,17,0,"5,2,0,2,0,0,0,1,1",15,Rakuten Seimei Park Miyagi,,03:13,14051,GAME20050813RESL0621
2005,2005-08-13,Reg Season,Tohoku Rakuten Golden Eagles,Home,L,4,Seibu Lions,4,11,0,"2,0,1,0,0,0,0,0,1",15,Rakuten Seimei Park Miyagi,,03:13,14051,GAME20050813RESL0621
2005,2005-08-13,Reg Season,Hanshin Tigers,Away,L,3,Yomiuri Giants,3,11,1,"0,1,0,0,2,0,0,0,0,0,0,0",14,Tokyo Dome,,04:13,45360,GAME20050813YGHT0622
2005,2005-08-13,Reg Season,Yomiuri Giants,Home,W,4,Hanshin Tigers,4,13,0,"2,0,1,0,0,0,0,0,0,0,0,1x",14,Tokyo Dome,,04:13,45360,GAME20050813YGHT0622
2005,2005-08-14,Reg Season,Yakult Swallows,Away,L,1,Yokohama BayStars,1,6,0,"0,0,0,0,0,0,0,0,1",10,Yokohama Stadium,,02:53,17745,GAME20050814DBYS0630
2005,2005-08-14,Reg Season,Yokohama BayStars,Home,W,3,Yakult Swallows,3,8,0,"0,1,0,0,0,0,0,2,x",10,Yokohama Stadium,,02:53,17745,GAME20050814DBYS0630
2005,2005-08-14,Reg Season,Chunichi Dragons,Away,W,12,Hiroshima Toyo Carp,12,13,1,"2,0,0,0,3,1,0,0,6",14,MAZDA Zoom-Zoom Stadium Hiroshima,,04:03,14861,GAME20050814HCCD0632
2005,2005-08-14,Reg Season,Hiroshima Toyo Carp,Home,L,7,Chunichi Dragons,7,14,2,"1,1,0,0,0,0,3,0,2",14,MAZDA Zoom-Zoom Stadium Hiroshima,,04:03,14861,GAME20050814HCCD0632
2005,2005-08-14,Reg Season,Fukuoka Softbank Hawks,Away,W,5,Hokkaido Nippon-Ham Fighters,5,7,0,"1,0,0,2,0,0,0,0,2",16,Sapporo Dome,,02:50,25458,GAME20050814NFSH0629
2005,2005-08-14,Reg Season,Hokkaido Nippon-Ham Fighters,Home,L,1,Fukuoka Softbank Hawks,1,7,0,"0,0,0,0,0,0,1,0,0",16,Sapporo Dome,,02:50,25458,GAME20050814NFSH0629
2005,2005-08-14,Reg Season,Chiba Lotte Marines,Away,W,5,Orix Buffaloes,5,13,0,"1,0,0,2,0,0,0,1,1",15,Kobe Athletic Park Baseball Field,,03:32,20936,GAME20050814OBLM0628
2005,2005-08-14,Reg Season,Orix Buffaloes,Home,L,4,Chiba Lotte Marines,4,8,1,"1,0,2,0,0,1,0,0,0",15,Kobe Athletic Park Baseball Field,,03:32,20936,GAME20050814OBLM0628
2005,2005-08-14,Reg Season,Seibu Lions,Away,W,4,Tohoku Rakuten Golden Eagles,4,8,0,"0,0,0,0,0,1,0,0,3",16,Rakuten Seimei Park Miyagi,,02:55,16802,GAME20050814RESL0627
2005,2005-08-14,Reg Season,Tohoku Rakuten Golden Eagles,Home,L,0,Seibu Lions,0,3,1,"0,0,0,0,0,0,0,0,0",16,Rakuten Seimei Park Miyagi,,02:55,16802,GAME20050814RESL0627
2005,2005-08-14,Reg Season,Hanshin Tigers,Away,W,7,Yomiuri Giants,7,11,1,"5,0,0,0,0,1,0,1,0",15,Tokyo Dome,,03:33,46129,GAME20050814YGHT0631
2005,2005-08-14,Reg Season,Yomiuri Giants,Home,L,3,Hanshin Tigers,3,7,0,"0,0,0,2,0,0,1,0,0",15,Tokyo Dome,,03:33,46129,GAME20050814YGHT0631
2005,2005-08-16,Reg Season,Yomiuri Giants,Away,W,4,Chunichi Dragons,4,9,1,"0,0,0,1,1,0,0,2,0",14,Vantelin Dome Nagoya,,03:10,38300,GAME20050816CDYG0635
2005,2005-08-16,Reg Season,Chunichi Dragons,Home,L,1,Yomiuri Giants,1,6,0,"0,0,1,0,0,0,0,0,0",14,Vantelin Dome Nagoya,,03:10,38300,GAME20050816CDYG0635
2005,2005-08-16,Reg Season,Yakult Swallows,Away,L,3,Hiroshima Toyo Carp,3,9,1,"0,0,1,0,0,2,0,0,0",14,MAZDA Zoom-Zoom Stadium Hiroshima,,03:00,13678,GAME20050816HCYS0636
2005,2005-08-16,Reg Season,Hiroshima Toyo Carp,Home,W,6,Yakult Swallows,6,10,2,"2,0,1,0,0,3,0,0,x",14,MAZDA Zoom-Zoom Stadium Hiroshima,,03:00,13678,GAME20050816HCYS0636
2005,2005-08-16,Reg Season,Yokohama BayStars,Away,T,1,Hanshin Tigers,1,8,0,"0,0,0,1,0,0,0,0,0,0,0,0",16,Kyocera Dome Osaka,,04:27,34196,GAME20050816HTDB0638
2005,2005-08-16,Reg Season,Hanshin Tigers,Home,T,1,Yokohama BayStars,1,10,1,"0,0,0,1,0,0,0,0,0,0,0,0",16,Kyocera Dome Osaka,,04:27,34196,GAME20050816HTDB0638
2005,2005-08-16,Reg Season,Tohoku Rakuten Golden Eagles,Away,L,2,Hokkaido Nippon-Ham Fighters,2,9,0,"2,0,0,0,0,0,0,0,0",14,Tokyo Dome,,03:50,19111,GAME20050816NFRE0634
2005,2005-08-16,Reg Season,Hokkaido Nippon-Ham Fighters,Home,W,6,Tohoku Rakuten Golden Eagles,6,10,0,"3,0,0,0,1,0,1,1,x",14,Tokyo Dome,,03:50,19111,GAME20050816NFRE0634
2005,2005-08-16,Reg Season,Orix Buffaloes,Away,L,2,Fukuoka Softbank Hawks,2,5,1,"0,0,0,0,0,2,0,0,0",14,Mizuho PayPay Dome Fukuoka,,02:55,34232,GAME20050816SHOB0637
2005,2005-08-16,Reg Season,Fukuoka Softbank Hawks,Home,W,7,Orix Buffaloes,7,12,1,"2,0,1,2,2,0,0,0,x",14,Mizuho PayPay Dome Fukuoka,,02:55,34232,GAME20050816SHOB0637
2005,2005-08-16,Reg Season,Chiba Lotte Marines,Away,W,8,Seibu Lions,8,13,0,"1,0,1,3,0,0,1,0,2",14,Belluna Dome,,03:13,21913,GAME20050816SLLM0633
2005,2005-08-16,Reg Season,Seibu Lions,Home,L,4,Chiba Lotte Marines,4,10,1,"0,0,1,0,0,0,0,2,1",14,Belluna Dome,,03:13,21913,GAME20050816SLLM0633
2005,2005-08-17,Reg Season,Yomiuri Giants,Away,L,1,Chunichi Dragons,1,7,0,"0,0,0,1,0,0,0,0,0",15,Vantelin Dome Nagoya,,02:48,37200,GAME20050817CDYG0640
2005,2005-08-17,Reg Season,Chunichi Dragons,Home,W,5,Yomiuri Giants,5,8,0,"0,2,3,0,0,0,0,0,x",15,Vantelin Dome Nagoya,,02:48,37200,GAME20050817CDYG0640
2005,2005-08-17,Reg Season,Yakult Swallows,Away,W,15,Hiroshima Toyo Carp,15,17,2,"0,3,4,0,0,0,0,6,2",15,MAZDA Zoom-Zoom Stadium Hiroshima,,03:37,11319,GAME20050817HCYS0644
2005,2005-08-17,Reg Season,Hiroshima Toyo Carp,Home,L,8,Yakult Swallows,8,14,1,"1,0,1,2,0,0,2,0,2",15,MAZDA Zoom-Zoom Stadium Hiroshima,,03:37,11319,GAME20050817HCYS0644
2005,2005-08-17,Reg Season,Yokohama BayStars,Away,L,0,Hanshin Tigers,0,4,0,"0,0,0,0,0,0,0,0,0",17,Kyocera Dome Osaka,,02:43,34197,GAME20050817HTDB0642
2005,2005-08-17,Reg Season,Hanshin Tigers,Home,W,3,Yokohama BayStars,3,10,0,"2,0,0,0,0,0,0,1,x",17,Kyocera Dome Osaka,,02:43,34197,GAME20050817HTDB0642
2005,2005-08-17,Reg Season,Tohoku Rakuten Golden Eagles,Away,L,1,Hokkaido Nippon-Ham Fighters,1,4,0,"0,0,0,0,0,0,0,0,1",15,Tokyo Dome,,02:55,16049,GAME20050817NFRE0643
2005,2005-08-17,Reg Season,Hokkaido Nippon-Ham Fighters,Home,W,4,Tohoku Rakuten Golden Eagles,4,6,0,"0,2,0,0,0,0,1,1,x",15,Tokyo Dome,,02:55,16049,GAME20050817NFRE0643
2005,2005-08-17,Reg Season,Orix Buffaloes,Away,T,3,Fukuoka Softbank Hawks,3,12,0,"1,0,0,0,0,0,0,2,0,0,0,0",15,Mizuho PayPay Dome Fukuoka,,04:43,33314,GAME20050817SHOB0641
2005,2005-08-17,Reg Season,Fukuoka Softbank Hawks,Home,T,3,Orix Buffaloes,3,7,1,"0,0,0,0,1,2,0,0,0,0,0,0",15,Mizuho PayPay Dome Fukuoka,,04:43,33314,GAME20050817SHOB0641
2005,2005-08-17,Reg Season,Chiba Lotte Marines,Away,W,9,Seibu Lions,9,12,1,"0,0,0,1,2,0,4,1,1",15,Belluna Dome,,03:09,17893,GAME20050817SLLM0639
2005,2005-08-17,Reg Season,Seibu Lions,Home,L,1,Chiba Lotte Marines,1,4,0,"0,0,0,0,0,0,0,0,1",15,Belluna Dome,,03:09,17893,GAME20050817SLLM0639
2005,2005-08-18,Reg Season,Yomiuri Giants,Away,W,5,Chunichi Dragons,5,10,0,"2,0,0,0,2,0,1,0,0",16,Vantelin Dome Nagoya,,03:59,36600,GAME20050818CDYG0646
2005,2005-08-18,Reg Season,Chunichi Dragons,Home,L,4,Yomiuri Giants,4,7,1,"0,0,3,0,0,0,0,0,1",16,Vantelin Dome Nagoya,,03:59,36600,GAME20050818CDYG0646
2005,2005-08-18,Reg Season,Yakult Swallows,Away,W,8,Hiroshima Toyo Carp,8,15,1,"2,0,0,4,0,0,0,0,2",16,MAZDA Zoom-Zoom Stadium Hiroshima,,03:42,10534,GAME20050818HCYS0648
2005,2005-08-18,Reg Season,Hiroshima Toyo Carp,Home,L,6,Yakult Swallows,6,13,0,"0,0,1,0,0,2,1,2,0",16,MAZDA Zoom-Zoom Stadium Hiroshima,,03:42,10534,GAME20050818HCYS0648
2005,2005-08-18,Reg Season,Yokohama BayStars,Away,L,5,Hanshin Tigers,5,14,2,"0,2,2,0,0,0,0,1,0,0",18,Kyocera Dome Osaka,,04:02,34439,GAME20050818HTDB0649
2005,2005-08-18,Reg Season,Hanshin Tigers,Home,W,6,Yokohama BayStars,6,9,0,"3,0,0,0,0,0,2,0,0,1x",18,Kyocera Dome Osaka,,04:02,34439,GAME20050818HTDB0649
2005,2005-08-18,Reg Season,Orix Buffaloes,Away,W,8,Fukuoka Softbank Hawks,8,9,1,"0,0,0,0,0,4,3,1,0",16,Mizuho PayPay Dome Fukuoka,,02:53,32042,GAME20050818SHOB0645
2005,2005-08-18,Reg Season,Fukuoka Softbank Hawks,Home,L,1,Orix Buffaloes,1,3,0,"0,0,0,0,0,0,1,0,0",16,Mizuho PayPay Dome Fukuoka,,02:53,32042,GAME20050818SHOB0645
2005,2005-08-18,Reg Season,Chiba Lotte Marines,Away,L,4,Seibu Lions,4,8,0,"0,0,0,0,1,0,3,0,0,0,0,0",16,Belluna Dome,,04:24,15289,GAME20050818SLLM0647
2005,2005-08-18,Reg Season,Seibu Lions,Home,W,5,Chiba Lotte Marines,5,7,1,"0,1,0,0,0,1,2,0,0,0,0,1x",16,Belluna Dome,,04:24,15289,GAME20050818SLLM0647
2005,2005-08-19,Reg Season,Yokohama BayStars,Away,W,1,Chunichi Dragons,1,7,1,"0,0,0,0,0,0,0,0,1",13,Vantelin Dome Nagoya,,02:42,28900,GAME20050819CDDB0651
2005,2005-08-19,Reg Season,Chunichi Dragons,Home,L,0,Yokohama BayStars,0,5,0,"0,0,0,0,0,0,0,0,0",13,Vantelin Dome Nagoya,,02:42,28900,GAME20050819CDDB0651
2005,2005-08-19,Reg Season,Hokkaido Nippon-Ham Fighters,Away,W,5,Orix Buffaloes,5,10,0,"0,0,0,0,1,2,0,2,0",12,Kobe Athletic Park Baseball Field,,03:49,25292,GAME20050819OBNF0653
2005,2005-08-19,Reg Season,Orix Buffaloes,Home,L,3,Hokkaido Nippon-Ham Fighters,3,9,1,"0,0,1,0,1,0,0,1,0",12,Kobe Athletic Park Baseball Field,,03:49,25292,GAME20050819OBNF0653
2005,2005-08-19,Reg Season,Hiroshima Toyo Carp,Away,L,1,Yomiuri Giants,1,5,0,"0,1,0,0,0,0,0,0,0",15,Tokyo Dome,,03:05,42467,GAME20050819YGHC0650
2005,2005-08-19,Reg Season,Yomiuri Giants,Home,W,2,Hiroshima Toyo Carp,2,7,0,"0,0,2,0,0,0,0,0,x",15,Tokyo Dome,,03:05,42467,GAME20050819YGHC0650
2005,2005-08-19,Reg Season,Hanshin Tigers,Away,L,2,Yakult Swallows,2,8,1,"0,1,0,0,0,0,1,0,0",15,Meiji Jingu Stadium,,03:09,30854,GAME20050819YSHT0652
2005,2005-08-19,Reg Season,Yakult Swallows,Home,W,12,Hanshin Tigers,12,16,0,"2,5,1,0,2,0,2,0,x",15,Meiji Jingu Stadium,,03:09,30854,GAME20050819YSHT0652
2005,2005-08-20,Reg Season,Yokohama BayStars,Away,W,11,Chunichi Dragons,11,12,0,"1,0,0,1,0,8,0,0,1",14,Vantelin Dome Nagoya,,03:07,35400,GAME20050820CDDB0659
2005,2005-08-20,Reg Season,Chunichi Dragons,Home,L,5,Yokohama BayStars,5,13,0,"2,0,0,2,0,0,0,0,1",14,Vantelin Dome Nagoya,,03:07,35400,GAME20050820CDDB0659
2005,2005-08-20,Reg Season,Hokkaido Nippon-Ham Fighters,Away,L,1,Orix Buffaloes,1,7,1,"1,0,0,0,0,0,0,0,0",13,Kyocera Dome Osaka,,03:53,30411,GAME20050820OBNF0658
2005,2005-08-20,Reg Season,Orix Buffaloes,Home,W,2,Hokkaido Nippon-Ham Fighters,2,7,0,"0,0,0,0,0,1,0,0,1x",13,Kyocera Dome Osaka,,03:53,30411,GAME20050820OBNF0658
2005,2005-08-20,Reg Season,Chiba Lotte Marines,Away,W,4,Tohoku Rakuten Golden Eagles,4,9,1,"0,0,0,2,0,0,2,0,0",14,Rakuten Seimei Park Miyagi,,03:07,16724,GAME20050820RELM0657
2005,2005-08-20,Reg Season,Tohoku Rakuten Golden Eagles,Home,L,2,Chiba Lotte Marines,2,7,0,"0,0,0,0,0,2,0,0,0",14,Rakuten Seimei Park Miyagi,,03:07,16724,GAME20050820RELM0657
2005,2005-08-20,Reg Season,Seibu Lions,Away,L,1,Fukuoka Softbank Hawks,1,6,0,"0,0,0,0,0,0,0,0,1",14,Mizuho PayPay Dome Fukuoka,,02:54,34406,GAME20050820SHSL0654
2005,2005-08-20,Reg Season,Fukuoka Softbank Hawks,Home,W,2,Seibu Lions,2,8,0,"0,0,0,0,0,1,0,1,x",14,Mizuho PayPay Dome Fukuoka,,02:54,34406,GAME20050820SHSL0654
2005,2005-08-20,Reg Season,Hiroshima Toyo Carp,Away,W,1,Yomiuri Giants,1,6,0,"0,0,0,0,1,0,0,0,0",16,Tokyo Dome,,03:02,42803,GAME20050820YGHC0655
2005,2005-08-20,Reg Season,Yomiuri Giants,Home,L,0,Hiroshima Toyo Carp,0,6,0,"0,0,0,0,0,0,0,0,0",16,Tokyo Dome,,03:02,42803,GAME20050820YGHC0655
2005,2005-08-20,Reg Season,Hanshin Tigers,Away,W,9,Yakult Swallows,9,13,4,"0,0,0,1,6,0,1,1,0",16,Meiji Jingu Stadium,,03:17,34162,GAME20050820YSHT0656
2005,2005-08-20,Reg Season,Yakult Swallows,Home,L,3,Hanshin Tigers,3,8,2,"0,1,0,0,1,0,0,0,1",16,Meiji Jingu Stadium,,03:17,34162,GAME20050820YSHT0656
2005,2005-08-21,Reg Season,Yokohama BayStars,Away,L,2,Chunichi Dragons,2,8,0,"0,0,0,0,0,0,0,1,1",15,Vantelin Dome Nagoya,,03:03,30300,GAME20050821CDDB0663
2005,2005-08-21,Reg Season,Chunichi Dragons,Home,W,7,Yokohama BayStars,7,11,0,"1,3,3,0,0,0,0,0,x",15,Vantelin Dome Nagoya,,03:03,30300,GAME20050821CDDB0663
2005,2005-08-21,Reg Season,Hokkaido Nippon-Ham Fighters,Away,W,10,Orix Buffaloes,10,14,0,"0,2,3,0,0,0,5,0,0",14,Kyocera Dome Osaka,,03:26,28718,GAME20050821OBNF0662
2005,2005-08-21,Reg Season,Orix Buffaloes,Home,L,3,Hokkaido Nippon-Ham Fighters,3,7,1,"0,0,3,0,0,0,0,0,0",14,Kyocera Dome Osaka,,03:26,28718,GAME20050821OBNF0662
2005,2005-08-21,Reg Season,Chiba Lotte Marines,Away,W,10,Tohoku Rakuten Golden Eagles,10,17,0,"1,5,0,2,1,1,0,0,0",15,Rakuten Seimei Park Miyagi,,03:51,16316,GAME20050821RELM0665
2005,2005-08-21,Reg Season,Tohoku Rakuten Golden Eagles,Home,L,6,Chiba Lotte Marines,6,14,0,"2,0,1,0,0,0,1,2,0",15,Rakuten Seimei Park Miyagi,,03:51,16316,GAME20050821RELM0665
2005,2005-08-21,Reg Season,Seibu Lions,Away,L,5,Fukuoka Softbank Hawks,5,11,0,"0,0,0,0,0,3,2,0,0",15,Mizuho PayPay Dome Fukuoka,,03:47,35123,GAME20050821SHSL0660
2005,2005-08-21,Reg Season,Fukuoka Softbank Hawks,Home,W,6,Seibu Lions,6,11,0,"0,2,3,0,1,0,0,0,x",15,Mizuho PayPay Dome Fukuoka,,03:47,35123,GAME20050821SHSL0660
2005,2005-08-21,Reg Season,Hiroshima Toyo Carp,Away,W,2,Yomiuri Giants,2,6,0,"0,1,0,0,0,1,0,0,0",17,Tokyo Dome,,02:48,42460,GAME20050821YGHC0664
2005,2005-08-21,Reg Season,Yomiuri Giants,Home,L,1,Hiroshima Toyo Carp,1,6,0,"0,0,0,0,0,1,0,0,0",17,Tokyo Dome,,02:48,42460,GAME20050821YGHC0664
2005,2005-08-21,Reg Season,Hanshin Tigers,Away,W,3,Yakult Swallows,3,8,0,"0,0,1,0,0,2,0,0,0",17,Meiji Jingu Stadium,,03:09,30966,GAME20050821YSHT0661
2005,2005-08-21,Reg Season,Yakult Swallows,Home,L,1,Hanshin Tigers,1,6,1,"0,0,0,0,0,0,0,1,0",17,Meiji Jingu Stadium,,03:09,30966,GAME20050821YSHT0661
2005,2005-08-23,Reg Season,Yomiuri Giants,Away,L,1,Yokohama BayStars,1,7,1,"1,0,0,0,0,0,0x",16,Yokohama Stadium,,02:02,16383,GAME20050823DBYG0666
2005,2005-08-23,Reg Season,Yokohama BayStars,Home,W,3,Yomiuri Giants,3,6,0,"0,3,0,0,0,0",16,Yokohama Stadium,,02:02,16383,GAME20050823DBYG0666
2005,2005-08-23,Reg Season,Hanshin Tigers,Away,W,7,Hiroshima Toyo Carp,7,12,0,"0,1,1,0,3,0,0,2,0",14,MAZDA Zoom-Zoom Stadium Hiroshima,,03:18,19607,GAME20050823HCHT0670
2005,2005-08-23,Reg Season,Hiroshima Toyo Carp,Home,L,1,Hanshin Tigers,1,5,1,"1,0,0,0,0,0,0,0,0",14,MAZDA Zoom-Zoom Stadium Hiroshima,,03:18,19607,GAME20050823HCHT0670
2005,2005-08-23,Reg Season,Orix Buffaloes,Away,W,6,Tohoku Rakuten Golden Eagles,6,9,1,"0,0,0,0,3,1,2,0,0",15,Rakuten Seimei Park Miyagi,,03:39,13115,GAME20050823REOB0669
2005,2005-08-23,Reg Season,Tohoku Rakuten Golden Eagles,Home,L,5,Orix Buffaloes,5,15,1,"0,0,0,1,0,1,2,0,1",15,Rakuten Seimei Park Miyagi,,03:39,13115,GAME20050823REOB0669
2005,2005-08-23,Reg Season,Hokkaido Nippon-Ham Fighters,Away,W,19,Seibu Lions,19,17,0,"3,4,4,0,0,0,5,2,1",15,Belluna Dome,,04:10,14048,GAME20050823SLNF0667
2005,2005-08-23,Reg Season,Seibu Lions,Home,L,3,Hokkaido Nippon-Ham Fighters,3,12,3,"1,0,0,0,1,0,1,0,0",15,Belluna Dome,,04:10,14048,GAME20050823SLNF0667
2005,2005-08-23,Reg Season,Chunichi Dragons,Away,W,3,Yakult Swallows,3,7,1,"0,0,0,0,0,0,3,0,0",15,Iwaki Green Stadium,,03:07,12857,GAME20050823YSCD0668
2005,2005-08-23,Reg Season,Yakult Swallows,Home,L,1,Chunichi Dragons,1,7,1,"0,0,0,0,0,0,1,0,0",15,Iwaki Green Stadium,,03:07,12857,GAME20050823YSCD0668
2005,2005-08-24,Reg Season,Yomiuri Giants,Away,W,7,Yokohama BayStars,7,8,0,"0,0,0,3,0,1,0,2,1",17,Yokohama Stadium,,02:31,15145,GAME20050824DBYG0675
2005,2005-08-24,Reg Season,Yokohama BayStars,Home,L,0,Yomiuri Giants,0,7,0,"0,0,0,0,0,0,0,0,0",17,Yokohama Stadium,,02:31,15145,GAME20050824DBYG0675
2005,2005-08-24,Reg Season,Hanshin Tigers,Away,L,1,Hiroshima Toyo Carp,1,2,1,"0,0,0,0,1,0,0,0,0",15,MAZDA Zoom-Zoom Stadium Hiroshima,,02:39,21947,GAME20050824HCHT0674
2005,2005-08-24,Reg Season,Hiroshima Toyo Carp,Home,W,8,Hanshin Tigers,8,10,0,"0,2,0,0,0,4,2,0,x",15,MAZDA Zoom-Zoom Stadium Hiroshima,,02:39,21947,GAME20050824HCHT0674
2005,2005-08-24,Reg Season,Fukuoka Softbank Hawks,Away,W,2,Chiba Lotte Marines,2,5,1,"0,0,1,0,0,0,1,0,0",14,ZOZO Marine Stadium,,02:49,27099,GAME20050824LMSH0671
2005,2005-08-24,Reg Season,Chiba Lotte Marines,Home,L,1,Fukuoka Softbank Hawks,1,4,0,"1,0,0,0,0,0,0,0,0",14,ZOZO Marine Stadium,,02:49,27099,GAME20050824LMSH0671
2005,2005-08-24,Reg Season,Orix Buffaloes,Away,L,1,Tohoku Rakuten Golden Eagles,1,6,2,"0,0,0,0,0,1,0,0,0",16,Rakuten Seimei Park Miyagi,,03:17,14235,GAME20050824REOB0673
2005,2005-08-24,Reg Season,Tohoku Rakuten Golden Eagles,Home,W,4,Orix Buffaloes,4,8,0,"0,0,2,0,0,0,2,0,x",16,Rakuten Seimei Park Miyagi,,03:17,14235,GAME20050824REOB0673
2005,2005-08-24,Reg Season,Hokkaido Nippon-Ham Fighters,Away,L,1,Seibu Lions,1,7,0,"0,0,0,0,0,0,0,1,0",16,Belluna Dome,,03:01,15853,GAME20050824SLNF0672
2005,2005-08-24,Reg Season,Seibu Lions,Home,W,8,Hokkaido Nippon-Ham Fighters,8,14,0,"2,1,1,1,1,0,1,1,x",16,Belluna Dome,,03:01,15853,GAME20050824SLNF0672
2005,2005-08-24,Reg Season,Chunichi Dragons,Away,W,3,Yakult Swallows,3,11,1,"0,0,1,0,0,0,0,2,0",16,Hitachinaka Baseball Stadium,,03:30,11032,GAME20050824YSCD0676
2005,2005-08-24,Reg Season,Yakult Swallows,Home,L,1,Chunichi Dragons,1,8,0,"0,0,0,0,0,0,0,1,0",16,Hitachinaka Baseball Stadium,,03:30,11032,GAME20050824YSCD0676
2005,2005-08-25,Reg Season,Hanshin Tigers,Away,L,5,Hiroshima Toyo Carp,5,5,0,"0,0,0,0,0,4,1,0,0",16,MAZDA Zoom-Zoom Stadium Hiroshima,,03:11,19719,GAME20050825HCHT0677
2005,2005-08-25,Reg Season,Hiroshima Toyo Carp,Home,W,7,Hanshin Tigers,7,12,0,"2,0,1,3,0,1,0,0,x",16,MAZDA Zoom-Zoom Stadium Hiroshima,,03:11,19719,GAME20050825HCHT0677
2005,2005-08-26,Reg Season,Hiroshima Toyo Carp,Away,L,6,Chunichi Dragons,6,12,1,"0,3,0,0,0,0,0,2,1",15,Vantelin Dome Nagoya,,03:28,25700,GAME20050826CDHC0681
2005,2005-08-26,Reg Season,Chunichi Dragons,Home,W,8,Hiroshima Toyo Carp,8,14,0,"0,0,0,0,0,4,4,0,x",15,Vantelin Dome Nagoya,,03:28,25700,GAME20050826CDHC0681
2005,2005-08-26,Reg Season,Yomiuri Giants,Away,W,4,Hanshin Tigers,4,8,0,"0,1,0,1,2,0,0,0,0",16,Hanshin Koshien Stadium,,03:04,48544,GAME20050826HTYG0682
2005,2005-08-26,Reg Season,Hanshin Tigers,Home,L,0,Yomiuri Giants,0,3,0,"0,0,0,0,0,0,0,0,0",16,Hanshin Koshien Stadium,,03:04,48544,GAME20050826HTYG0682
2005,2005-08-26,Reg Season,Orix Buffaloes,Away,L,0,Chiba Lotte Marines,0,7,0,"0,0,0,0,0,0,0,0,0",16,ZOZO Marine Stadium,,02:27,13892,GAME20050826LMOB0678
2005,2005-08-26,Reg Season,Chiba Lotte Marines,Home,W,4,Orix Buffaloes,4,7,1,"0,1,0,3,0,0,0,0,x",16,ZOZO Marine Stadium,,02:27,13892,GAME20050826LMOB0678
2005,2005-08-26,Reg Season,Tohoku Rakuten Golden Eagles,Away,L,3,Seibu Lions,3,11,2,"0,0,0,0,0,2,0,0,1",17,Belluna Dome,,03:23,13453,GAME20050826SLRE0679
2005,2005-08-26,Reg Season,Seibu Lions,Home,W,6,Tohoku Rakuten Golden Eagles,6,6,0,"0,0,0,5,1,0,0,0,x",17,Belluna Dome,,03:23,13453,GAME20050826SLRE0679
2005,2005-08-26,Reg Season,Yokohama BayStars,Away,L,7,Yakult Swallows,7,15,1,"1,0,0,1,2,0,0,3,0",11,Meiji Jingu Stadium,,03:27,15849,GAME20050826YSDB0680
2005,2005-08-26,Reg Season,Yakult Swallows,Home,W,8,Yokohama BayStars,8,9,0,"0,0,3,1,2,0,1,0,1x",11,Meiji Jingu Stadium,,03:27,15849,GAME20050826YSDB0680
2005,2005-08-27,Reg Season,Hiroshima Toyo Carp,Away,L,5,Chunichi Dragons,5,10,0,"0,2,0,0,0,0,0,1,2",16,Vantelin Dome Nagoya,,03:46,34300,GAME20050827CDHC0685
2005,2005-08-27,Reg Season,Chunichi Dragons,Home,W,7,Hiroshima Toyo Carp,7,8,1,"0,0,0,0,0,6,0,1,x",16,Vantelin Dome Nagoya,,03:46,34300,GAME20050827CDHC0685
2005,2005-08-27,Reg Season,Yomiuri Giants,Away,L,2,Hanshin Tigers,2,10,0,"1,0,0,0,0,1,0,0,0",17,Hanshin Koshien Stadium,,02:54,48551,GAME20050827HTYG0686
2005,2005-08-27,Reg Season,Hanshin Tigers,Home,W,5,Yomiuri Giants,5,8,0,"3,0,1,0,0,0,1,0,x",17,Hanshin Koshien Stadium,,02:54,48551,GAME20050827HTYG0686
2005,2005-08-27,Reg Season,Orix Buffaloes,Away,L,2,Chiba Lotte Marines,2,11,1,"0,1,0,0,0,0,0,0,1",17,ZOZO Marine Stadium,,03:02,26913,GAME20050827LMOB0683
2005,2005-08-27,Reg Season,Chiba Lotte Marines,Home,W,6,Orix Buffaloes,6,10,0,"0,3,0,0,0,0,3,0,x",17,ZOZO Marine Stadium,,03:02,26913,GAME20050827LMOB0683
2005,2005-08-27,Reg Season,Fukuoka Softbank Hawks,Away,L,4,Hokkaido Nippon-Ham Fighters,4,10,0,"1,0,0,0,0,3,0,0,0,0",17,Sapporo Dome,,03:57,24227,GAME20050827NFSH0684
2005,2005-08-27,Reg Season,Hokkaido Nippon-Ham Fighters,Home,W,5,Fukuoka Softbank Hawks,5,13,0,"1,0,0,0,0,0,0,3,0,1x",17,Sapporo Dome,,03:57,24227,GAME20050827NFSH0684
2005,2005-08-27,Reg Season,Tohoku Rakuten Golden Eagles,Away,L,0,Seibu Lions,0,1,0,"0,0,0,0,0,0,0,0,0,0",18,Belluna Dome,,03:47,19808,GAME20050827SLRE0687
2005,2005-08-27,Reg Season,Seibu Lions,Home,W,1,Tohoku Rakuten Golden Eagles,1,7,0,"0,0,0,0,0,0,0,0,0,1x",18,Belluna Dome,,03:47,19808,GAME20050827SLRE0687
2005,2005-08-27,Reg Season,Yokohama BayStars,Away,L,2,Yakult Swallows,2,4,0,"2,0,0,0,0,0,0,0,0",12,Meiji Jingu Stadium,,03:00,18473,GAME20050827YSDB0688
2005,2005-08-27,Reg Season,Yakult Swallows,Home,W,3,Yokohama BayStars,3,10,0,"0,0,0,0,0,0,1,1,1x",12,Meiji Jingu Stadium,,03:00,18473,GAME20050827YSDB0688
2005,2005-08-28,Reg Season,Hiroshima Toyo Carp,Away,L,1,Chunichi Dragons,1,6,0,"0,0,0,1,0,0,0,0,0",17,Vantelin Dome Nagoya,,02:49,30100,GAME20050828CDHC0690
2005,2005-08-28,Reg Season,Chunichi Dragons,Home,W,3,Hiroshima Toyo Carp,3,6,0,"0,0,0,3,0,0,0,0,x",17,Vantelin Dome Nagoya,,02:49,30100,GAME20050828CDHC0690
2005,2005-08-28,Reg Season,Yomiuri Giants,Away,L,2,Hanshin Tigers,2,12,1,"1,0,0,0,0,1,0,0,0",18,Hanshin Koshien Stadium,,03:00,48540,GAME20050828HTYG0694
2005,2005-08-28,Reg Season,Hanshin Tigers,Home,W,6,Yomiuri Giants,6,11,1,"2,0,0,1,0,2,1,0,x",18,Hanshin Koshien Stadium,,03:00,48540,GAME20050828HTYG0694
2005,2005-08-28,Reg Season,Orix Buffaloes,Away,L,0,Chiba Lotte Marines,0,9,0,"0,0,0,0,0,0,0,0,0",18,ZOZO Marine Stadium,,03:00,28918,GAME20050828LMOB0689
2005,2005-08-28,Reg Season,Chiba Lotte Marines,Home,W,4,Orix Buffaloes,4,9,0,"1,0,0,1,0,0,2,0,x",18,ZOZO Marine Stadium,,03:00,28918,GAME20050828LMOB0689
2005,2005-08-28,Reg Season,Fukuoka Softbank Hawks,Away,L,6,Hokkaido Nippon-Ham Fighters,6,11,1,"0,1,0,0,0,4,1,0,0",18,Sapporo Dome,,03:56,23669,GAME20050828NFSH0693
2005,2005-08-28,Reg Season,Hokkaido Nippon-Ham Fighters,Home,W,10,Fukuoka Softbank Hawks,10,10,0,"2,1,3,0,4,0,0,0,x",18,Sapporo Dome,,03:56,23669,GAME20050828NFSH0693
2005,2005-08-28,Reg Season,Tohoku Rakuten Golden Eagles,Away,L,2,Seibu Lions,2,11,0,"0,1,0,0,0,1,0,0,0",19,Belluna Dome,,03:07,14163,GAME20050828SLRE0691
2005,2005-08-28,Reg Season,Seibu Lions,Home,W,8,Tohoku Rakuten Golden Eagles,8,12,0,"5,0,0,0,0,0,3,0,x",19,Belluna Dome,,03:07,14163,GAME20050828SLRE0691
2005,2005-08-28,Reg Season,Yokohama BayStars,Away,L,2,Yakult Swallows,2,7,1,"0,0,0,1,0,0,0,1,0",13,Meiji Jingu Stadium,,02:38,14126,GAME20050828YSDB0692
2005,2005-08-28,Reg Season,Yakult Swallows,Home,W,3,Yokohama BayStars,3,6,0,"0,2,0,0,0,0,0,1,x",13,Meiji Jingu Stadium,,02:38,14126,GAME20050828YSDB0692
2005,2005-08-29,Reg Season,Hokkaido Nippon-Ham Fighters,Away,W,2,Tohoku Rakuten Golden Eagles,2,10,0,"0,1,0,0,1,0,0,0,0",16,Rakuten Seimei Park Miyagi,,03:27,10686,GAME20050829RENF0695
2005,2005-08-29,Reg Season,Tohoku Rakuten Golden Eagles,Home,L,1,Hokkaido Nippon-Ham Fighters,1,9,0,"0,0,0,0,0,0,1,0,0",16,Rakuten Seimei Park Miyagi,,03:27,10686,GAME20050829RENF0695
2005,2005-08-30,Reg Season,Hiroshima Toyo Carp,Away,W,4,Yokohama BayStars,4,8,0,"3,0,0,0,0,0,1,0,0",14,Batting Palace Hiratsuka Shonan,,02:38,5641,GAME20050830DBHC0697
2005,2005-08-30,Reg Season,Yokohama BayStars,Home,L,2,Hiroshima Toyo Carp,2,8,0,"0,0,0,1,0,0,0,1,0",14,Batting Palace Hiratsuka Shonan,,02:38,5641,GAME20050830DBHC0697
2005,2005-08-30,Reg Season,Hokkaido Nippon-Ham Fighters,Away,W,4,Tohoku Rakuten Golden Eagles,4,12,0,"0,0,3,0,0,0,0,1,0",17,Rakuten Seimei Park Miyagi,,03:21,13446,GAME20050830RENF0699
2005,2005-08-30,Reg Season,Tohoku Rakuten Golden Eagles,Home,L,1,Hokkaido Nippon-Ham Fighters,1,11,0,"0,0,1,0,0,0,0,0,0",17,Rakuten Seimei Park Miyagi,,03:21,13446,GAME20050830RENF0699
2005,2005-08-30,Reg Season,Chiba Lotte Marines,Away,L,7,Fukuoka Softbank Hawks,7,13,0,"0,0,0,0,0,1,0,6,0",15,Mizuho PayPay Dome Fukuoka,,03:17,34201,GAME20050830SHLM0696
2005,2005-08-30,Reg Season,Fukuoka Softbank Hawks,Home,W,8,Chiba Lotte Marines,8,16,0,"0,1,0,0,0,3,2,1,1x",15,Mizuho PayPay Dome Fukuoka,,03:17,34201,GAME20050830SHLM0696
2005,2005-08-30,Reg Season,Yakult Swallows,Away,W,3,Yomiuri Giants,3,7,0,"3,0,0,0,0,0,0,0,0",15,Kyocera Dome Osaka,,03:08,34039,GAME20050830YGYS0698
2005,2005-08-30,Reg Season,Yomiuri Giants,Home,L,2,Yakult Swallows,2,9,0,"0,0,0,0,2,0,0,0,0",15,Kyocera Dome Osaka,,03:08,34039,GAME20050830YGYS0698
2005,2005-08-31,Reg Season,Hiroshima Toyo Carp,Away,L,4,Yokohama BayStars,4,12,1,"0,0,0,2,2,0,0,0,0",15,Yokohama Stadium,,03:04,9878,GAME20050831DBHC0705
2005,2005-08-31,Reg Season,Yokohama BayStars,Home,W,11,Hiroshima Toyo Carp,11,11,0,"5,3,2,1,0,0,0,0,x",15,Yokohama Stadium,,03:04,9878,GAME20050831DBHC0705
2005,2005-08-31,Reg Season,Chunichi Dragons,Away,W,7,Hanshin Tigers,7,10,0,"0,0,5,2,0,0,0,0,0",16,Hanshin Koshien Stadium,,03:39,47285,GAME20050831HTCD0704
2005,2005-08-31,Reg Season,Hanshin Tigers,Home,L,5,Chunichi Dragons,5,10,1,"0,3,0,0,1,1,0,0,0",16,Hanshin Koshien Stadium,,03:39,47285,GAME20050831HTCD0704
2005,2005-08-31,Reg Season,Seibu Lions,Away,W,8,Orix Buffaloes,8,12,0,"0,1,0,0,0,0,3,0,4",17,Kobe Athletic Park Baseball Field,,03:30,17439,GAME20050831OBSL0700
2005,2005-08-31,Reg Season,Orix Buffaloes,Home,L,1,Seibu Lions,1,7,0,"1,0,0,0,0,0,0,0,0",17,Kobe Athletic Park Baseball Field,,03:30,17439,GAME20050831OBSL0700
2005,2005-08-31,Reg Season,Hokkaido Nippon-Ham Fighters,Away,L,1,Tohoku Rakuten Golden Eagles,1,7,1,"0,0,0,0,0,0,0,0,1",18,Rakuten Seimei Park Miyagi,,03:26,13248,GAME20050831RENF0703
2005,2005-08-31,Reg Season,Tohoku Rakuten Golden Eagles,Home,W,6,Hokkaido Nippon-Ham Fighters,6,15,0,"0,2,0,0,1,3,0,0,x",18,Rakuten Seimei Park Miyagi,,03:26,13248,GAME20050831RENF0703
2005,2005-08-31,Reg Season,Chiba Lotte Marines,Away,L,3,Fukuoka Softbank Hawks,3,8,0,"0,1,0,0,1,0,0,1,0",16,Mizuho PayPay Dome Fukuoka,,03:45,33685,GAME20050831SHLM0701
2005,2005-08-31,Reg Season,Fukuoka Softbank Hawks,Home,W,6,Chiba Lotte Marines,6,10,0,"0,0,0,0,3,2,0,1,x",16,Mizuho PayPay Dome Fukuoka,,03:45,33685,GAME20050831SHLM0701
2005,2005-08-31,Reg Season,Yakult Swallows,Away,L,7,Yomiuri Giants,7,12,0,"4,0,0,1,1,0,0,0,1",16,Kyocera Dome Osaka,,03:52,33020,GAME20050831YGYS0702
2005,2005-08-31,Reg Season,Yomiuri Giants,Home,W,8,Yakult Swallows,8,15,0,"0,0,0,0,5,1,0,2,x",16,Kyocera Dome Osaka,,03:52,33020,GAME20050831YGYS0702
2005,2005-09-01,Reg Season,Hiroshima Toyo Carp,Away,W,7,Yokohama BayStars,7,14,1,"0,0,3,0,0,0,0,0,4",16,Yokohama Stadium,,02:56,9527,GAME20050901DBHC0707
2005,2005-09-01,Reg Season,Yokohama BayStars,Home,L,1,Hiroshima Toyo Carp,1,5,0,"0,0,0,1,0,0,0,0,0",16,Yokohama Stadium,,02:56,9527,GAME20050901DBHC0707
2005,2005-09-01,Reg Season,Chunichi Dragons,Away,L,1,Hanshin Tigers,1,4,0,"1,0,0,0,0,0,0,0,0",17,Hanshin Koshien Stadium,,03:46,47293,GAME20050901HTCD0709
2005,2005-09-01,Reg Season,Hanshin Tigers,Home,W,8,Chunichi Dragons,8,14,0,"0,0,3,0,3,0,2,0,x",17,Hanshin Koshien Stadium,,03:46,47293,GAME20050901HTCD0709
2005,2005-09-01,Reg Season,Seibu Lions,Away,L,1,Orix Buffaloes,1,6,0,"0,0,0,0,0,0,0,0,1",18,Kobe Athletic Park Baseball Field,,03:08,9635,GAME20050901OBSL0708
2005,2005-09-01,Reg Season,Orix Buffaloes,Home,W,2,Seibu Lions,2,5,1,"0,0,0,1,1,0,0,0,x",18,Kobe Athletic Park Baseball Field,,03:08,9635,GAME20050901OBSL0708
2005,2005-09-01,Reg Season,Yakult Swallows,Away,L,2,Yomiuri Giants,2,7,0,"0,0,0,0,0,0,0,1,1",17,Matsuyama Central Park Baseball Stadium,,02:59,23171,GAME20050901YGYS0706
2005,2005-09-01,Reg Season,Yomiuri Giants,Home,W,3,Yakult Swallows,3,12,0,"1,0,0,0,0,1,1,0,x",17,Matsuyama Central Park Baseball Stadium,,02:59,23171,GAME20050901YGYS0706
2005,2005-09-02,Reg Season,Yakult Swallows,Away,W,6,Chunichi Dragons,6,12,0,"0,0,6,0,0,0,0,0,0",17,Vantelin Dome Nagoya,,03:13,23200,GAME20050902CDYS0710
2005,2005-09-02,Reg Season,Chunichi Dragons,Home,L,3,Yakult Swallows,3,8,0,"1,0,0,0,0,0,2,0,0",17,Vantelin Dome Nagoya,,03:13,23200,GAME20050902CDYS0710
2005,2005-09-02,Reg Season,Yomiuri Giants,Away,L,4,Hiroshima Toyo Carp,4,9,2,"0,0,0,0,0,3,0,0,1",18,MAZDA Zoom-Zoom Stadium Hiroshima,,03:06,19858,GAME20050902HCYG0711
2005,2005-09-02,Reg Season,Hiroshima Toyo Carp,Home,W,6,Yomiuri Giants,6,10,0,"2,0,0,0,4,0,0,0,x",18,MAZDA Zoom-Zoom Stadium Hiroshima,,03:06,19858,GAME20050902HCYG0711
2005,2005-09-02,Reg Season,Orix Buffaloes,Away,L,3,Tohoku Rakuten Golden Eagles,3,8,1,"0,0,0,0,0,1,1,1,0",17,Rakuten Seimei Park Miyagi,,03:31,14246,GAME20050902REOB0712
2005,2005-09-02,Reg Season,Tohoku Rakuten Golden Eagles,Home,W,18,Orix Buffaloes,18,19,0,"0,0,6,2,0,10,0,0,x",17,Rakuten Seimei Park Miyagi,,03:31,14246,GAME20050902REOB0712
2005,2005-09-03,Reg Season,Yakult Swallows,Away,L,1,Chunichi Dragons,1,7,0,"0,0,0,1,0,0,0,0,0",18,Vantelin Dome Nagoya,,02:56,34900,GAME20050903CDYS0715
2005,2005-09-03,Reg Season,Chunichi Dragons,Home,W,10,Yakult Swallows,10,15,0,"0,5,0,0,4,0,1,0,x",18,Vantelin Dome Nagoya,,02:56,34900,GAME20050903CDYS0715
2005,2005-09-03,Reg Season,Hanshin Tigers,Away,W,4,Yokohama BayStars,4,5,0,"0,0,3,0,0,1,0,0,0",19,Sapporo Dome,,02:59,19167,GAME20050903DBHT0718
2005,2005-09-03,Reg Season,Yokohama BayStars,Home,L,3,Hanshin Tigers,3,12,1,"1,0,0,0,0,0,0,0,2",19,Sapporo Dome,,02:59,19167,GAME20050903DBHT0718
2005,2005-09-03,Reg Season,Yomiuri Giants,Away,W,12,Hiroshima Toyo Carp,12,18,2,"0,0,1,4,0,0,7,0,0",19,MAZDA Zoom-Zoom Stadium Hiroshima,,04:14,20297,GAME20050903HCYG0716
2005,2005-09-03,Reg Season,Hiroshima Toyo Carp,Home,L,9,Yomiuri Giants,9,17,1,"0,0,0,1,3,1,3,1,0",19,MAZDA Zoom-Zoom Stadium Hiroshima,,04:14,20297,GAME20050903HCYG0716
2005,2005-09-03,Reg Season,Hokkaido Nippon-Ham Fighters,Away,L,0,Chiba Lotte Marines,0,4,0,"0,0,0,0,0,0,0,0,0",17,ZOZO Marine Stadium,,02:58,24098,GAME20050903LMNF0717
2005,2005-09-03,Reg Season,Chiba Lotte Marines,Home,W,2,Hokkaido Nippon-Ham Fighters,2,11,0,"0,0,0,1,0,0,0,1,x",17,ZOZO Marine Stadium,,02:58,24098,GAME20050903LMNF0717
2005,2005-09-03,Reg Season,Orix Buffaloes,Away,L,2,Tohoku Rakuten Golden Eagles,2,10,1,"0,0,0,0,0,0,0,1,1",18,Rakuten Seimei Park Miyagi,,03:42,12925,GAME20050903REOB0714
2005,2005-09-03,Reg Season,Tohoku Rakuten Golden Eagles,Home,W,9,Orix Buffaloes,9,12,0,"0,3,0,0,2,4,0,0,x",18,Rakuten Seimei Park Miyagi,,03:42,12925,GAME20050903REOB0714
2005,2005-09-03,Reg Season,Seibu Lions,Away,W,4,Fukuoka Softbank Hawks,4,8,0,"0,2,0,1,0,0,0,1,0",16,Mizuho PayPay Dome Fukuoka,,03:06,34132,GAME20050903SHSL0713
2005,2005-09-03,Reg Season,Fukuoka Softbank Hawks,Home,L,0,Seibu Lions,0,7,1,"0,0,0,0,0,0,0,0,0",16,Mizuho PayPay Dome Fukuoka,,03:06,34132,GAME20050903SHSL0713
2005,2005-09-04,Reg Season,Yakult Swallows,Away,W,5,Chunichi Dragons,5,7,0,"0,0,3,0,0,0,0,0,2",19,Vantelin Dome Nagoya,,03:01,34300,GAME20050904CDYS0720
2005,2005-09-04,Reg Season,Chunichi Dragons,Home,L,4,Yakult Swallows,4,5,0,"0,1,0,0,0,0,0,0,3",19,Vantelin Dome Nagoya,,03:01,34300,GAME20050904CDYS0720
2005,2005-09-04,Reg Season,Hanshin Tigers,Away,W,2,Yokohama BayStars,2,4,0,"0,0,0,1,0,0,0,0,0,1",20,Sapporo Dome,,03:19,18078,GAME20050904DBHT0722
2005,2005-09-04,Reg Season,Yokohama BayStars,Home,L,1,Hanshin Tigers,1,4,2,"0,0,0,0,1,0,0,0,0,0",20,Sapporo Dome,,03:19,18078,GAME20050904DBHT0722
2005,2005-09-04,Reg Season,Yomiuri Giants,Away,W,13,Hiroshima Toyo Carp,13,17,1,"1,0,2,4,1,2,0,3",20,MAZDA Zoom-Zoom Stadium Hiroshima,,03:02,15543,GAME20050904HCYG0724
2005,2005-09-04,Reg Season,Hiroshima Toyo Carp,Home,L,2,Yomiuri Giants,2,4,2,"0,0,1,0,0,0,1,0x",20,MAZDA Zoom-Zoom Stadium Hiroshima,,03:02,15543,GAME20050904HCYG0724
2005,2005-09-04,Reg Season,Hokkaido Nippon-Ham Fighters,Away,W,6,Chiba Lotte Marines,6,11,0,"0,0,0,4,1,0,1,0,0",18,ZOZO Marine Stadium,,03:01,19794,GAME20050904LMNF0721
2005,2005-09-04,Reg Season,Chiba Lotte Marines,Home,L,2,Hokkaido Nippon-Ham Fighters,2,13,0,"1,0,0,0,0,0,0,0,1",18,ZOZO Marine Stadium,,03:01,19794,GAME20050904LMNF0721
2005,2005-09-04,Reg Season,Orix Buffaloes,Away,W,2,Tohoku Rakuten Golden Eagles,2,8,0,"0,0,0,0,0,0,0,1,1",19,Rakuten Seimei Park Miyagi,,02:59,10470,GAME20050904REOB0723
2005,2005-09-04,Reg Season,Tohoku Rakuten Golden Eagles,Home,L,1,Orix Buffaloes,1,4,0,"0,0,0,0,0,0,0,1,0",19,Rakuten Seimei Park Miyagi,,02:59,10470,GAME20050904REOB0723
2005,2005-09-04,Reg Season,Seibu Lions,Away,L,0,Fukuoka Softbank Hawks,0,4,0,"0,0,0,0,0,0,0,0,0",17,Mizuho PayPay Dome Fukuoka,,02:46,34441,GAME20050904SHSL0719
2005,2005-09-04,Reg Season,Fukuoka Softbank Hawks,Home,W,2,Seibu Lions,2,6,0,"0,0,0,0,1,0,1,0,x",17,Mizuho PayPay Dome Fukuoka,,02:46,34441,GAME20050904SHSL0719
2005,2005-09-06,Reg Season,Hanshin Tigers,Away,L,2,Chunichi Dragons,2,7,0,"0,0,0,0,0,0,0,0,2",18,Vantelin Dome Nagoya,,03:01,38200,GAME20050906CDHT0728
2005,2005-09-06,Reg Season,Chunichi Dragons,Home,W,5,Hanshin Tigers,5,11,1,"1,0,1,1,0,2,0,0,x",18,Vantelin Dome Nagoya,,03:01,38200,GAME20050906CDHT0728
2005,2005-09-06,Reg Season,Tohoku Rakuten Golden Eagles,Away,W,2,Chiba Lotte Marines,2,7,0,"0,0,0,0,0,0,0,2,0",16,ZOZO Marine Stadium,,03:26,9218,GAME20050906LMRE0726
2005,2005-09-06,Reg Season,Chiba Lotte Marines,Home,L,0,Tohoku Rakuten Golden Eagles,0,4,0,"0,0,0,0,0,0,0,0,0",16,ZOZO Marine Stadium,,03:26,9218,GAME20050906LMRE0726
2005,2005-09-06,Reg Season,Fukuoka Softbank Hawks,Away,L,1,Orix Buffaloes,1,10,0,"0,0,0,0,0,0,1,0,0,0,0",17,Kyocera Dome Osaka,,04:03,16046,GAME20050906OBSH0725
2005,2005-09-06,Reg Season,Orix Buffaloes,Home,W,2,Fukuoka Softbank Hawks,2,8,1,"0,0,0,1,0,0,0,0,0,0,1x",17,Kyocera Dome Osaka,,04:03,16046,GAME20050906OBSH0725
2005,2005-09-06,Reg Season,Hokkaido Nippon-Ham Fighters,Away,L,4,Seibu Lions,4,6,1,"0,2,2,0,0,0,0,0,0",17,Belluna Dome,,03:16,8774,GAME20050906SLNF0727
2005,2005-09-06,Reg Season,Seibu Lions,Home,W,5,Hokkaido Nippon-Ham Fighters,5,6,0,"0,0,0,1,0,2,2,0,x",17,Belluna Dome,,03:16,8774,GAME20050906SLNF0727
2005,2005-09-07,Reg Season,Hanshin Tigers,Away,W,4,Chunichi Dragons,4,10,1,"0,0,0,1,0,0,0,1,1,0,1",19,Vantelin Dome Nagoya,,05:01,38200,GAME20050907CDHT0733
2005,2005-09-07,Reg Season,Chunichi Dragons,Home,L,3,Hanshin Tigers,3,8,0,"0,0,0,0,0,0,1,0,2,0,0",19,Vantelin Dome Nagoya,,05:01,38200,GAME20050907CDHT0733
2005,2005-09-07,Reg Season,Yokohama BayStars,Away,L,2,Hiroshima Toyo Carp,2,4,1,"2,0,0,0,0,0,0,0,0",17,MAZDA Zoom-Zoom Stadium Hiroshima,,03:02,8000,GAME20050907HCDB0731
2005,2005-09-07,Reg Season,Hiroshima Toyo Carp,Home,W,6,Yokohama BayStars,6,13,0,"0,0,0,0,0,0,5,1,x",17,MAZDA Zoom-Zoom Stadium Hiroshima,,03:02,8000,GAME20050907HCDB0731
2005,2005-09-07,Reg Season,Tohoku Rakuten Golden Eagles,Away,L,5,Chiba Lotte Marines,5,11,0,"1,0,0,1,3,0,0,0,0",17,ZOZO Marine Stadium,,03:21,11813,GAME20050907LMRE0730
2005,2005-09-07,Reg Season,Chiba Lotte Marines,Home,W,6,Tohoku Rakuten Golden Eagles,6,7,3,"0,0,5,0,0,1,0,0,x",17,ZOZO Marine Stadium,,03:21,11813,GAME20050907LMRE0730
2005,2005-09-07,Reg Season,Fukuoka Softbank Hawks,Away,L,6,Orix Buffaloes,6,10,1,"1,3,1,0,0,0,0,1,0",18,Kyocera Dome Osaka,,03:49,19144,GAME20050907OBSH0729
2005,2005-09-07,Reg Season,Orix Buffaloes,Home,W,13,Fukuoka Softbank Hawks,13,15,0,"0,0,0,0,5,4,0,4,x",18,Kyocera Dome Osaka,,03:49,19144,GAME20050907OBSH0729
2005,2005-09-07,Reg Season,Hokkaido Nippon-Ham Fighters,Away,L,1,Seibu Lions,1,6,2,"0,0,0,0,0,0,0,1,0",18,Belluna Dome,,03:17,10701,GAME20050907SLNF0734
2005,2005-09-07,Reg Season,Seibu Lions,Home,W,10,Hokkaido Nippon-Ham Fighters,10,15,0,"0,0,0,4,3,3,0,0,x",18,Belluna Dome,,03:17,10701,GAME20050907SLNF0734
2005,2005-09-07,Reg Season,Yomiuri Giants,Away,L,3,Yakult Swallows,3,7,0,"0,0,1,0,2,0,0,0,0",18,Meiji Jingu Stadium,,02:56,13321,GAME20050907YSYG0732
2005,2005-09-07,Reg Season,Yakult Swallows,Home,W,14,Yomiuri Giants,14,20,0,"1,2,0,2,2,1,3,3,x",18,Meiji Jingu Stadium,,02:56,13321,GAME20050907YSYG0732
2005,2005-09-08,Reg Season,Yokohama BayStars,Away,W,5,Hiroshima Toyo Carp,5,14,0,"1,0,3,0,0,0,0,1,0",18,MAZDA Zoom-Zoom Stadium Hiroshima,,02:30,8477,GAME20050908HCDB0736
2005,2005-09-08,Reg Season,Hiroshima Toyo Carp,Home,L,1,Yokohama BayStars,1,4,0,"0,0,0,1,0,0,0,0,0",18,MAZDA Zoom-Zoom Stadium Hiroshima,,02:30,8477,GAME20050908HCDB0736
2005,2005-09-08,Reg Season,Yomiuri Giants,Away,W,8,Yakult Swallows,8,9,0,"3,0,3,0,2,0,0,0,0",19,Meiji Jingu Stadium,,03:12,17128,GAME20050908YSYG0735
2005,2005-09-08,Reg Season,Yakult Swallows,Home,L,4,Yomiuri Giants,4,10,0,"2,0,1,0,0,0,0,1,0",19,Meiji Jingu Stadium,,03:12,17128,GAME20050908YSYG0735
2005,2005-09-09,Reg Season,Yakult Swallows,Away,L,5,Yokohama BayStars,5,12,0,"0,2,2,0,0,0,0,0,1",14,Yokohama Stadium,,03:18,8578,GAME20050909DBYS0739
2005,2005-09-09,Reg Season,Yokohama BayStars,Home,W,6,Yakult Swallows,6,8,1,"0,0,0,0,0,6,0,0,x",14,Yokohama Stadium,,03:18,8578,GAME20050909DBYS0739
2005,2005-09-09,Reg Season,Hiroshima Toyo Carp,Away,L,1,Hanshin Tigers,1,5,0,"0,0,0,1,0,0,0,0,0",17,Hanshin Koshien Stadium,,02:38,47292,GAME20050909HTHC0737
2005,2005-09-09,Reg Season,Hanshin Tigers,Home,W,3,Hiroshima Toyo Carp,3,7,1,"0,0,0,1,0,1,0,1,x",17,Hanshin Koshien Stadium,,02:38,47292,GAME20050909HTHC0737
2005,2005-09-09,Reg Season,Chunichi Dragons,Away,L,0,Yomiuri Giants,0,5,0,"0,0,0,0,0,0,0,0,0",17,Tokyo Dome,,03:40,40077,GAME20050909YGCD0738
2005,2005-09-09,Reg Season,Yomiuri Giants,Home,W,3,Chunichi Dragons,3,7,0,"1,1,0,0,1,0,0,0,x",17,Tokyo Dome,,03:40,40077,GAME20050909YGCD0738
2005,2005-09-10,Reg Season,Yakult Swallows,Away,W,6,Yokohama BayStars,6,12,0,"0,0,1,0,0,5,0,0,0",15,Yokohama Stadium,,02:31,9989,GAME20050910DBYS0743
2005,2005-09-10,Reg Season,Yokohama BayStars,Home,L,2,Yakult Swallows,2,7,2,"0,0,0,1,0,0,0,0,1",15,Yokohama Stadium,,02:31,9989,GAME20050910DBYS0743
2005,2005-09-10,Reg Season,Hiroshima Toyo Carp,Away,L,2,Hanshin Tigers,2,7,5,"0,1,0,1,0,0,0,0,0",18,Hanshin Koshien Stadium,,03:28,47301,GAME20050910HTHC0745
2005,2005-09-10,Reg Season,Hanshin Tigers,Home,W,21,Hiroshima Toyo Carp,21,17,0,"0,3,4,4,0,2,8,0,x",18,Hanshin Koshien Stadium,,03:28,47301,GAME20050910HTHC0745
2005,2005-09-10,Reg Season,Orix Buffaloes,Away,L,1,Hokkaido Nippon-Ham Fighters,1,5,0,"0,0,1,0,0,0,0,0,0",15,Sapporo Dome,,03:29,18231,GAME20050910NFOB0741
2005,2005-09-10,Reg Season,Hokkaido Nippon-Ham Fighters,Home,W,2,Orix Buffaloes,2,7,0,"0,2,0,0,0,0,0,0,x",15,Sapporo Dome,,03:29,18231,GAME20050910NFOB0741
2005,2005-09-10,Reg Season,Fukuoka Softbank Hawks,Away,W,6,Tohoku Rakuten Golden Eagles,6,11,0,"3,0,1,0,0,2,0,0,0",17,Rakuten Seimei Park Miyagi,,03:13,18047,GAME20050910RESH0744
2005,2005-09-10,Reg Season,Tohoku Rakuten Golden Eagles,Home,L,3,Fukuoka Softbank Hawks,3,9,0,"0,1,1,0,0,0,1,0,0",17,Rakuten Seimei Park Miyagi,,03:13,18047,GAME20050910RESH0744
2005,2005-09-10,Reg Season,Chiba Lotte Marines,Away,W,8,Seibu Lions,8,14,1,"0,0,3,0,1,0,3,1,0",17,Belluna Dome,,03:44,19877,GAME20050910SLLM0740
2005,2005-09-10,Reg Season,Seibu Lions,Home,L,4,Chiba Lotte Marines,4,9,0,"1,0,2,1,0,0,0,0,0",17,Belluna Dome,,03:44,19877,GAME20050910SLLM0740
2005,2005-09-10,Reg Season,Chunichi Dragons,Away,L,5,Yomiuri Giants,5,10,1,"0,1,0,0,2,1,1,0,0",18,Tokyo Dome,,03:27,43841,GAME20050910YGCD0742
2005,2005-09-10,Reg Season,Yomiuri Giants,Home,W,8,Chunichi Dragons,8,10,2,"2,0,3,0,0,0,3,0,x",18,Tokyo Dome,,03:27,43841,GAME20050910YGCD0742
2005,2005-09-11,Reg Season,Yakult Swallows,Away,L,4,Yokohama BayStars,4,12,0,"0,3,0,0,0,0,0,1,0",16,Yokohama Stadium,,03:15,10015,GAME20050911DBYS0751
2005,2005-09-11,Reg Season,Yokohama BayStars,Home,W,5,Yakult Swallows,5,7,0,"0,0,0,0,0,0,5,0,x",16,Yokohama Stadium,,03:15,10015,GAME20050911DBYS0751
2005,2005-09-11,Reg Season,Hiroshima Toyo Carp,Away,L,0,Hanshin Tigers,0,8,1,"0,0,0,0,0,0,0,0,0",19,Hanshin Koshien Stadium,,03:07,47294,GAME20050911HTHC0749
2005,2005-09-11,Reg Season,Hanshin Tigers,Home,W,10,Hiroshima Toyo Carp,10,16,1,"5,3,0,2,0,0,0,0,x",19,Hanshin Koshien Stadium,,03:07,47294,GAME20050911HTHC0749
2005,2005-09-11,Reg Season,Orix Buffaloes,Away,W,5,Hokkaido Nippon-Ham Fighters,5,8,0,"0,0,3,0,0,2,0,0,0",16,Sapporo Dome,,03:37,23881,GAME20050911NFOB0750
2005,2005-09-11,Reg Season,Hokkaido Nippon-Ham Fighters,Home,L,2,Orix Buffaloes,2,11,0,"2,0,0,0,0,0,0,0,0",16,Sapporo Dome,,03:37,23881,GAME20050911NFOB0750
2005,2005-09-11,Reg Season,Fukuoka Softbank Hawks,Away,W,7,Tohoku Rakuten Golden Eagles,7,11,0,"4,0,0,0,0,0,3,0,0",18,Rakuten Seimei Park Miyagi,,03:39,17489,GAME20050911RESH0748
2005,2005-09-11,Reg Season,Tohoku Rakuten Golden Eagles,Home,L,4,Fukuoka Softbank Hawks,4,11,0,"3,0,0,0,0,1,0,0,0",18,Rakuten Seimei Park Miyagi,,03:39,17489,GAME20050911RESH0748
2005,2005-09-11,Reg Season,Chiba Lotte Marines,Away,L,4,Seibu Lions,4,6,0,"2,1,1,0,0,0,0,0,0",18,Belluna Dome,,03:08,21138,GAME20050911SLLM0746
2005,2005-09-11,Reg Season,Seibu Lions,Home,W,6,Chiba Lotte Marines,6,6,2,"0,4,2,0,0,0,0,0,x",18,Belluna Dome,,03:08,21138,GAME20050911SLLM0746
2005,2005-09-11,Reg Season,Chunichi Dragons,Away,L,1,Yomiuri Giants,1,4,1,"0,0,1,0,0,0,0,0,0",19,Tokyo Dome,,02:32,40366,GAME20050911YGCD0747
2005,2005-09-11,Reg Season,Yomiuri Giants,Home,W,2,Chunichi Dragons,2,9,0,"0,0,0,0,1,0,0,1,x",19,Tokyo Dome,,02:32,40366,GAME20050911YGCD0747
2005,2005-09-13,Reg Season,Yokohama BayStars,Away,L,2,Chunichi Dragons,2,9,0,"0,0,2,0,0,0,0,0,0",16,Vantelin Dome Nagoya,,02:50,27400,GAME20050913CDDB0757
2005,2005-09-13,Reg Season,Chunichi Dragons,Home,W,5,Yokohama BayStars,5,9,1,"0,1,0,1,0,0,0,3,x",16,Vantelin Dome Nagoya,,02:50,27400,GAME20050913CDDB0757
2005,2005-09-13,Reg Season,Chiba Lotte Marines,Away,W,3,Orix Buffaloes,3,8,0,"0,0,0,1,0,0,1,0,0,0,1",19,Kobe Athletic Park Baseball Field,,04:15,17303,GAME20050913OBLM0753
2005,2005-09-13,Reg Season,Orix Buffaloes,Home,L,2,Chiba Lotte Marines,2,11,0,"0,0,1,1,0,0,0,0,0,0,0",19,Kobe Athletic Park Baseball Field,,04:15,17303,GAME20050913OBLM0753
2005,2005-09-13,Reg Season,Seibu Lions,Away,W,10,Tohoku Rakuten Golden Eagles,10,18,0,"4,1,0,1,1,0,3,0,0",20,Rakuten Seimei Park Miyagi,,03:30,19944,GAME20050913RESL0754
2005,2005-09-13,Reg Season,Tohoku Rakuten Golden Eagles,Home,L,1,Seibu Lions,1,2,1,"0,0,0,0,0,0,0,1,0",20,Rakuten Seimei Park Miyagi,,03:30,19944,GAME20050913RESL0754
2005,2005-09-13,Reg Season,Hokkaido Nippon-Ham Fighters,Away,L,2,Fukuoka Softbank Hawks,2,8,0,"0,1,0,0,1,0,0,0,0,0",19,Mizuho PayPay Dome Fukuoka,,03:44,30449,GAME20050913SHNF0752
2005,2005-09-13,Reg Season,Fukuoka Softbank Hawks,Home,W,3,Hokkaido Nippon-Ham Fighters,3,9,0,"0,0,0,2,0,0,0,0,0,1x",19,Mizuho PayPay Dome Fukuoka,,03:44,30449,GAME20050913SHNF0752
2005,2005-09-13,Reg Season,Hanshin Tigers,Away,W,16,Yomiuri Giants,16,18,1,"2,5,0,2,4,0,0,0,3",19,Nagasaki Baseball Stadium,,03:06,20848,GAME20050913YGHT0756
2005,2005-09-13,Reg Season,Yomiuri Giants,Home,L,1,Hanshin Tigers,1,9,0,"1,0,0,0,0,0,0,0,0",19,Nagasaki Baseball Stadium,,03:06,20848,GAME20050913YGHT0756
2005,2005-09-13,Reg Season,Hiroshima Toyo Carp,Away,W,5,Yakult Swallows,5,8,1,"0,0,0,3,2,0,0,0,0",17,Meiji Jingu Stadium,,02:56,12860,GAME20050913YSHC0755
2005,2005-09-13,Reg Season,Yakult Swallows,Home,L,1,Hiroshima Toyo Carp,1,6,1,"0,0,0,0,0,0,0,0,1",17,Meiji Jingu Stadium,,02:56,12860,GAME20050913YSHC0755
2005,2005-09-14,Reg Season,Yokohama BayStars,Away,W,5,Chunichi Dragons,5,9,0,"0,4,0,0,0,0,0,1,0",17,Vantelin Dome Nagoya,,02:35,27700,GAME20050914CDDB0761
2005,2005-09-14,Reg Season,Chunichi Dragons,Home,L,2,Yokohama BayStars,2,6,0,"0,0,0,1,0,0,0,1,0",17,Vantelin Dome Nagoya,,02:35,27700,GAME20050914CDDB0761
2005,2005-09-14,Reg Season,Chiba Lotte Marines,Away,W,6,Orix Buffaloes,6,7,0,"3,2,0,0,0,1,0,0,0",20,Kobe Athletic Park Baseball Field,,03:23,17314,GAME20050914OBLM0760
2005,2005-09-14,Reg Season,Orix Buffaloes,Home,L,4,Chiba Lotte Marines,4,7,1,"0,0,1,0,0,3,0,0,0",20,Kobe Athletic Park Baseball Field,,03:23,17314,GAME20050914OBLM0760
2005,2005-09-14,Reg Season,Hokkaido Nippon-Ham Fighters,Away,L,0,Fukuoka Softbank Hawks,0,3,0,"0,0,0,0,0,0,0,0,0",20,Mizuho PayPay Dome Fukuoka,,03:02,30963,GAME20050914SHNF0758
2005,2005-09-14,Reg Season,Fukuoka Softbank Hawks,Home,W,1,Hokkaido Nippon-Ham Fighters,1,7,0,"0,1,0,0,0,0,0,0,x",20,Mizuho PayPay Dome Fukuoka,,03:02,30963,GAME20050914SHNF0758
2005,2005-09-14,Reg Season,Hiroshima Toyo Carp,Away,L,2,Yakult Swallows,2,11,0,"1,0,0,0,0,0,0,0,1",18,Meiji Jingu Stadium,,03:07,13018,GAME20050914YSHC0759
2005,2005-09-14,Reg Season,Yakult Swallows,Home,W,8,Hiroshima Toyo Carp,8,16,0,"2,0,0,2,0,2,0,2,x",18,Meiji Jingu Stadium,,03:07,13018,GAME20050914YSHC0759
2005,2005-09-15,Reg Season,Yokohama BayStars,Away,W,6,Chunichi Dragons,6,11,0,"0,0,0,0,0,1,2,0,3",18,Vantelin Dome Nagoya,,03:47,25800,GAME20050915CDDB0763
2005,2005-09-15,Reg Season,Chunichi Dragons,Home,L,3,Yokohama BayStars,3,8,1,"2,0,0,0,0,0,1,0,0",18,Vantelin Dome Nagoya,,03:47,25800,GAME20050915CDDB0763
2005,2005-09-15,Reg Season,Hanshin Tigers,Away,W,7,Yomiuri Giants,7,11,0,"5,0,0,1,0,0,1,0,0",20,Tokyo Dome,,03:09,44903,GAME20050915YGHT0762
2005,2005-09-15,Reg Season,Yomiuri Giants,Home,L,1,Hanshin Tigers,1,6,0,"0,0,0,0,1,0,0,0,0",20,Tokyo Dome,,03:09,44903,GAME20050915YGHT0762
2005,2005-09-15,Reg Season,Hiroshima Toyo Carp,Away,L,0,Yakult Swallows,0,7,0,"0,0,0,0,0,0,0,0,0",19,Meiji Jingu Stadium,,02:22,12520,GAME20050915YSHC0764
2005,2005-09-15,Reg Season,Yakult Swallows,Home,W,1,Hiroshima Toyo Carp,1,4,0,"0,0,0,0,1,0,0,0,x",19,Meiji Jingu Stadium,,02:22,12520,GAME20050915YSHC0764
2005,2005-09-16,Reg Season,Yomiuri Giants,Away,L,3,Yokohama BayStars,3,6,1,"0,0,2,0,0,0,0,0,1",18,Yokohama Stadium,,02:39,7489,GAME20050916DBYG0765
2005,2005-09-16,Reg Season,Yokohama BayStars,Home,W,7,Yomiuri Giants,7,14,0,"3,0,3,0,1,0,0,0,x",18,Yokohama Stadium,,02:39,7489,GAME20050916DBYG0765
2005,2005-09-17,Reg Season,Yomiuri Giants,Away,L,5,Yokohama BayStars,5,13,0,"0,2,0,0,0,1,2,0,0",19,Yokohama Stadium,,03:23,16641,GAME20050917DBYG0769
2005,2005-09-17,Reg Season,Yokohama BayStars,Home,W,11,Yomiuri Giants,11,14,1,"2,5,0,0,1,2,0,1,x",19,Yokohama Stadium,,03:23,16641,GAME20050917DBYG0769
2005,2005-09-17,Reg Season,Chunichi Dragons,Away,L,2,Hiroshima Toyo Carp,2,7,0,"0,1,0,0,0,0,1,0,0",18,MAZDA Zoom-Zoom Stadium Hiroshima,,03:02,11279,GAME20050917HCCD0771
2005,2005-09-17,Reg Season,Hiroshima Toyo Carp,Home,W,4,Chunichi Dragons,4,8,0,"0,0,0,0,0,4,0,0,x",18,MAZDA Zoom-Zoom Stadium Hiroshima,,03:02,11279,GAME20050917HCCD0771
2005,2005-09-17,Reg Season,Yakult Swallows,Away,W,7,Hanshin Tigers,7,12,0,"0,0,0,0,2,2,0,0,3",18,Hanshin Koshien Stadium,,03:04,47306,GAME20050917HTYS0768
2005,2005-09-17,Reg Season,Hanshin Tigers,Home,L,2,Yakult Swallows,2,7,2,"0,0,0,0,0,0,0,2,0",18,Hanshin Koshien Stadium,,03:04,47306,GAME20050917HTYS0768
2005,2005-09-17,Reg Season,Seibu Lions,Away,L,0,Chiba Lotte Marines,0,5,0,"0,0,0,0,0,0,0,0,0",19,ZOZO Marine Stadium,,02:40,18832,GAME20050917LMSL0770
2005,2005-09-17,Reg Season,Chiba Lotte Marines,Home,W,6,Seibu Lions,6,9,0,"3,1,0,1,1,0,0,0,x",19,ZOZO Marine Stadium,,02:40,18832,GAME20050917LMSL0770
2005,2005-09-17,Reg Season,Tohoku Rakuten Golden Eagles,Away,L,2,Hokkaido Nippon-Ham Fighters,2,12,0,"0,0,1,0,1,0,0,0,0",19,Sapporo Dome,,03:02,19826,GAME20050917NFRE0767
2005,2005-09-17,Reg Season,Hokkaido Nippon-Ham Fighters,Home,W,6,Tohoku Rakuten Golden Eagles,6,8,0,"0,0,3,1,0,0,0,2,x",19,Sapporo Dome,,03:02,19826,GAME20050917NFRE0767
2005,2005-09-17,Reg Season,Orix Buffaloes,Away,W,4,Fukuoka Softbank Hawks,4,7,0,"2,0,0,0,0,0,0,0,0,2",19,Mizuho PayPay Dome Fukuoka,,04:01,34758,GAME20050917SHOB0766
2005,2005-09-17,Reg Season,Fukuoka Softbank Hawks,Home,L,3,Orix Buffaloes,3,9,0,"0,0,2,0,0,0,0,0,0,1",19,Mizuho PayPay Dome Fukuoka,,04:01,34758,GAME20050917SHOB0766
2005,2005-09-18,Reg Season,Yomiuri Giants,Away,L,3,Yokohama BayStars,3,11,0,"2,0,0,1,0,0,0,0,0",20,Yokohama Stadium,,03:04,21220,GAME20050918DBYG0777
2005,2005-09-18,Reg Season,Yokohama BayStars,Home,W,4,Yomiuri Giants,4,8,1,"0,0,0,0,1,2,0,0,1x",20,Yokohama Stadium,,03:04,21220,GAME20050918DBYG0777
2005,2005-09-18,Reg Season,Chunichi Dragons,Away,L,8,Hiroshima Toyo Carp,8,10,2,"0,1,1,4,0,0,0,1,1",19,MAZDA Zoom-Zoom Stadium Hiroshima,,03:42,13296,GAME20050918HCCD0775
2005,2005-09-18,Reg Season,Hiroshima Toyo Carp,Home,W,10,Chunichi Dragons,10,11,2,"0,0,4,0,1,0,5,0,x",19,MAZDA Zoom-Zoom Stadium Hiroshima,,03:42,13296,GAME20050918HCCD0775
2005,2005-09-18,Reg Season,Yakult Swallows,Away,L,5,Hanshin Tigers,5,13,1,"2,0,0,0,0,0,1,0,2",19,Hanshin Koshien Stadium,,03:46,47302,GAME20050918HTYS0773
2005,2005-09-18,Reg Season,Hanshin Tigers,Home,W,11,Yakult Swallows,11,17,0,"0,1,3,6,1,0,0,0,x",19,Hanshin Koshien Stadium,,03:46,47302,GAME20050918HTYS0773
2005,2005-09-18,Reg Season,Seibu Lions,Away,W,8,Chiba Lotte Marines,8,14,0,"1,0,1,0,0,1,0,1,4",20,ZOZO Marine Stadium,,03:10,23584,GAME20050918LMSL0774
2005,2005-09-18,Reg Season,Chiba Lotte Marines,Home,L,3,Seibu Lions,3,4,0,"0,0,0,0,0,0,0,0,3",20,ZOZO Marine Stadium,,03:10,23584,GAME20050918LMSL0774
2005,2005-09-18,Reg Season,Tohoku Rakuten Golden Eagles,Away,L,0,Hokkaido Nippon-Ham Fighters,0,2,0,"0,0,0,0,0,0,0,0,0",20,Sapporo Dome,,02:59,29128,GAME20050918NFRE0776
2005,2005-09-18,Reg Season,Hokkaido Nippon-Ham Fighters,Home,W,12,Tohoku Rakuten Golden Eagles,12,15,0,"2,4,6,0,0,0,0,0,x",20,Sapporo Dome,,02:59,29128,GAME20050918NFRE0776
2005,2005-09-18,Reg Season,Orix Buffaloes,Away,L,0,Fukuoka Softbank Hawks,0,3,1,"0,0,0,0,0,0,0,0,0",20,Mizuho PayPay Dome Fukuoka,,02:50,35081,GAME20050918SHOB0772
2005,2005-09-18,Reg Season,Fukuoka Softbank Hawks,Home,W,1,Orix Buffaloes,1,5,0,"0,0,0,0,0,0,1,0,x",20,Mizuho PayPay Dome Fukuoka,,02:50,35081,GAME20050918SHOB0772
2005,2005-09-19,Reg Season,Hiroshima Toyo Carp,Away,L,9,Yokohama BayStars,9,14,0,"0,1,3,0,0,0,3,2,0",19,Yokohama Stadium,,03:27,14050,GAME20050919DBHC0782
2005,2005-09-19,Reg Season,Yokohama BayStars,Home,W,15,Hiroshima Toyo Carp,15,15,0,"3,7,0,0,0,5,0,0,x",19,Yokohama Stadium,,03:27,14050,GAME20050919DBHC0782
2005,2005-09-19,Reg Season,Chunichi Dragons,Away,W,12,Hanshin Tigers,12,20,1,"1,6,0,0,1,0,0,4,0",20,Hanshin Koshien Stadium,,03:52,47315,GAME20050919HTCD0783
2005,2005-09-19,Reg Season,Hanshin Tigers,Home,L,2,Chunichi Dragons,2,5,0,"0,0,0,0,2,0,0,0,0",20,Hanshin Koshien Stadium,,03:52,47315,GAME20050919HTCD0783
2005,2005-09-19,Reg Season,Fukuoka Softbank Hawks,Away,L,5,Chiba Lotte Marines,5,10,0,"0,1,4,0,0,0,0,0,0",17,ZOZO Marine Stadium,,03:48,28950,GAME20050919LMSH0779
2005,2005-09-19,Reg Season,Chiba Lotte Marines,Home,W,9,Fukuoka Softbank Hawks,9,14,0,"0,0,0,4,1,3,0,1,x",17,ZOZO Marine Stadium,,03:48,28950,GAME20050919LMSH0779
2005,2005-09-19,Reg Season,Seibu Lions,Away,W,3,Hokkaido Nippon-Ham Fighters,3,6,0,"0,1,1,0,0,1,0,0,0",19,Sapporo Dome,,02:47,30024,GAME20050919NFSL0780
2005,2005-09-19,Reg Season,Hokkaido Nippon-Ham Fighters,Home,L,0,Seibu Lions,0,3,0,"0,0,0,0,0,0,0,0,0",19,Sapporo Dome,,02:47,30024,GAME20050919NFSL0780
2005,2005-09-19,Reg Season,Tohoku Rakuten Golden Eagles,Away,L,4,Orix Buffaloes,4,12,0,"0,0,0,1,0,1,1,0,1",20,Kobe Athletic Park Baseball Field,,03:59,28935,GAME20050919OBRE0778
2005,2005-09-19,Reg Season,Orix Buffaloes,Home,W,5,Tohoku Rakuten Golden Eagles,5,10,3,"3,0,0,0,0,0,0,0,2x",20,Kobe Athletic Park Baseball Field,,03:59,28935,GAME20050919OBRE0778
2005,2005-09-19,Reg Season,Yakult Swallows,Away,L,3,Yomiuri Giants,3,9,0,"2,0,0,0,0,0,0,1,0",20,Tokyo Dome,,02:54,37699,GAME20050919YGYS0781
2005,2005-09-19,Reg Season,Yomiuri Giants,Home,W,4,Yakult Swallows,4,7,0,"0,2,0,0,0,0,0,2,x",20,Tokyo Dome,,02:54,37699,GAME20050919YGYS0781
2005,2005-09-20,Reg Season,Hiroshima Toyo Carp,Away,L,0,Yokohama BayStars,0,7,0,"0,0,0,0,0,0,0,0,0",20,Yokohama Stadium,,02:17,5683,GAME20050920DBHC0786
2005,2005-09-20,Reg Season,Yokohama BayStars,Home,W,4,Hiroshima Toyo Carp,4,8,0,"0,0,0,2,1,0,0,1,x",20,Yokohama Stadium,,02:17,5683,GAME20050920DBHC0786
2005,2005-09-20,Reg Season,Chunichi Dragons,Away,W,5,Hanshin Tigers,5,7,0,"0,2,0,0,0,2,1,0,0",21,Hanshin Koshien Stadium,,03:33,47303,GAME20050920HTCD0787
2005,2005-09-20,Reg Season,Hanshin Tigers,Home,L,2,Chunichi Dragons,2,7,0,"0,1,1,0,0,0,0,0,0",21,Hanshin Koshien Stadium,,03:33,47303,GAME20050920HTCD0787
2005,2005-09-20,Reg Season,Fukuoka Softbank Hawks,Away,L,3,Chiba Lotte Marines,3,12,0,"0,0,0,1,0,1,0,0,1",18,ZOZO Marine Stadium,,03:09,21087,GAME20050920LMSH0784
2005,2005-09-20,Reg Season,Chiba Lotte Marines,Home,W,5,Fukuoka Softbank Hawks,5,9,0,"0,0,0,2,0,1,2,0,x",18,ZOZO Marine Stadium,,03:09,21087,GAME20050920LMSH0784
2005,2005-09-20,Reg Season,Seibu Lions,Away,W,5,Hokkaido Nippon-Ham Fighters,5,8,1,"1,0,0,0,1,2,0,0,1",20,Sapporo Dome,,03:38,19131,GAME20050920NFSL0785
2005,2005-09-20,Reg Season,Hokkaido Nippon-Ham Fighters,Home,L,3,Seibu Lions,3,8,0,"0,0,0,0,0,0,2,0,1",20,Sapporo Dome,,03:38,19131,GAME20050920NFSL0785
2005,2005-09-20,Reg Season,Yakult Swallows,Away,L,1,Yomiuri Giants,1,2,0,"0,0,1,0,0,0,0,0,0",21,Tokyo Dome,,02:57,33378,GAME20050920YGYS0788
2005,2005-09-20,Reg Season,Yomiuri Giants,Home,W,3,Yakult Swallows,3,8,1,"2,1,0,0,0,0,0,0,x",21,Tokyo Dome,,02:57,33378,GAME20050920YGYS0788
2005,2005-09-21,Reg Season,Hiroshima Toyo Carp,Away,W,3,Yokohama BayStars,3,11,0,"0,0,0,1,1,0,1,0,0",21,Yokohama Stadium,,03:06,6928,GAME20050921DBHC0792
2005,2005-09-21,Reg Season,Yokohama BayStars,Home,L,2,Hiroshima Toyo Carp,2,6,0,"0,0,0,1,1,0,0,0,0",21,Yokohama Stadium,,03:06,6928,GAME20050921DBHC0792
2005,2005-09-21,Reg Season,Chunichi Dragons,Away,L,0,Hanshin Tigers,0,7,0,"0,0,0,0,0,0,0,0,0",22,Hanshin Koshien Stadium,,02:44,47298,GAME20050921HTCD0790
2005,2005-09-21,Reg Season,Hanshin Tigers,Home,W,4,Chunichi Dragons,4,8,0,"0,1,0,2,0,0,1,0,x",22,Hanshin Koshien Stadium,,02:44,47298,GAME20050921HTCD0790
2005,2005-09-21,Reg Season,Fukuoka Softbank Hawks,Away,L,3,Chiba Lotte Marines,3,7,1,"0,1,0,0,0,1,0,1,0",19,ZOZO Marine Stadium,,03:18,16542,GAME20050921LMSH0789
2005,2005-09-21,Reg Season,Chiba Lotte Marines,Home,W,13,Fukuoka Softbank Hawks,13,14,0,"0,0,0,0,8,0,3,2,x",19,ZOZO Marine Stadium,,03:18,16542,GAME20050921LMSH0789
2005,2005-09-21,Reg Season,Yakult Swallows,Away,L,2,Yomiuri Giants,2,9,0,"0,0,0,1,1,0,0,0,0,0,0,0",22,Tokyo Dome,,04:22,34262,GAME20050921YGYS0791
2005,2005-09-21,Reg Season,Yomiuri Giants,Home,W,3,Yakult Swallows,3,10,0,"2,0,0,0,0,0,0,0,0,0,0,1x",22,Tokyo Dome,,04:22,34262,GAME20050921YGYS0791
2005,2005-09-22,Reg Season,Fukuoka Softbank Hawks,Away,W,7,Chiba Lotte Marines,7,12,0,"1,2,2,0,1,0,1,0,0",20,ZOZO Marine Stadium,,03:14,28249,GAME20050922LMSH0793
2005,2005-09-22,Reg Season,Chiba Lotte Marines,Home,L,1,Fukuoka Softbank Hawks,1,6,0,"0,1,0,0,0,0,0,0,0",20,ZOZO Marine Stadium,,03:14,28249,GAME20050922LMSH0793
2005,2005-09-22,Reg Season,Hokkaido Nippon-Ham Fighters,Away,W,1,Orix Buffaloes,1,3,0,"0,0,0,0,0,0,1,0,0",17,Kobe Athletic Park Baseball Field,,02:49,11795,GAME20050922OBNF0794
2005,2005-09-22,Reg Season,Orix Buffaloes,Home,L,0,Hokkaido Nippon-Ham Fighters,0,4,0,"0,0,0,0,0,0,0,0,0",17,Kobe Athletic Park Baseball Field,,02:49,11795,GAME20050922OBNF0794
2005,2005-09-23,Reg Season,Yomiuri Giants,Away,L,6,Chunichi Dragons,6,12,1,"0,0,0,0,0,1,0,5,0",20,Vantelin Dome Nagoya,,03:19,37900,GAME20050923CDYG0798
2005,2005-09-23,Reg Season,Chunichi Dragons,Home,W,10,Yomiuri Giants,10,14,1,"5,3,2,0,0,0,0,0,x",20,Vantelin Dome Nagoya,,03:19,37900,GAME20050923CDYG0798
2005,2005-09-23,Reg Season,Hanshin Tigers,Away,W,8,Hiroshima Toyo Carp,8,13,1,"1,1,4,0,0,0,0,0,2",20,Kurashiki Sports Park Muscat Stadium,,04:02,30059,GAME20050923HCHT0800
2005,2005-09-23,Reg Season,Hiroshima Toyo Carp,Home,L,6,Hanshin Tigers,6,11,1,"0,0,3,1,1,0,0,1,0",20,Kurashiki Sports Park Muscat Stadium,,04:02,30059,GAME20050923HCHT0800
2005,2005-09-23,Reg Season,Hokkaido Nippon-Ham Fighters,Away,W,5,Orix Buffaloes,5,10,1,"2,0,0,0,3,0,0,0,0",18,Kobe Athletic Park Baseball Field,,03:45,28885,GAME20050923OBNF0795
2005,2005-09-23,Reg Season,Orix Buffaloes,Home,L,1,Hokkaido Nippon-Ham Fighters,1,4,1,"0,0,0,0,1,0,0,0,0",18,Kobe Athletic Park Baseball Field,,03:45,28885,GAME20050923OBNF0795
2005,2005-09-23,Reg Season,Chiba Lotte Marines,Away,W,12,Tohoku Rakuten Golden Eagles,12,14,0,"1,0,0,4,0,3,0,4,0",18,Rakuten Seimei Park Miyagi,,03:17,18660,GAME20050923RELM0796
2005,2005-09-23,Reg Season,Tohoku Rakuten Golden Eagles,Home,L,3,Chiba Lotte Marines,3,9,0,"0,0,0,0,1,1,0,1,0",18,Rakuten Seimei Park Miyagi,,03:17,18660,GAME20050923RELM0796
2005,2005-09-23,Reg Season,Fukuoka Softbank Hawks,Away,W,5,Seibu Lions,5,8,3,"0,1,0,0,1,1,0,0,2",18,Belluna Dome,,03:49,25336,GAME20050923SLSH0799
2005,2005-09-23,Reg Season,Seibu Lions,Home,L,4,Fukuoka Softbank Hawks,4,8,1,"0,0,0,0,0,1,0,0,3",18,Belluna Dome,,03:49,25336,GAME20050923SLSH0799
2005,2005-09-23,Reg Season,Yokohama BayStars,Away,W,5,Yakult Swallows,5,9,0,"0,0,0,0,0,0,0,0,5",17,Meiji Jingu Stadium,,02:54,18345,GAME20050923YSDB0797
2005,2005-09-23,Reg Season,Yakult Swallows,Home,L,0,Yokohama BayStars,0,6,0,"0,0,0,0,0,0,0,0,0",17,Meiji Jingu Stadium,,02:54,18345,GAME20050923YSDB0797
2005,2005-09-24,Reg Season,Yomiuri Giants,Away,L,5,Chunichi Dragons,5,11,0,"0,0,0,0,0,0,0,3,2",21,Vantelin Dome Nagoya,,03:47,38200,GAME20050924CDYG0805
2005,2005-09-24,Reg Season,Chunichi Dragons,Home,W,11,Yomiuri Giants,11,17,1,"1,0,0,2,1,4,3,0,x",21,Vantelin Dome Nagoya,,03:47,38200,GAME20050924CDYG0805
2005,2005-09-24,Reg Season,Hanshin Tigers,Away,W,6,Hiroshima Toyo Carp,6,7,0,"0,0,0,0,2,4,0,0,0",21,MAZDA Zoom-Zoom Stadium Hiroshima,,02:50,29001,GAME20050924HCHT0804
2005,2005-09-24,Reg Season,Hiroshima Toyo Carp,Home,L,3,Hanshin Tigers,3,8,1,"0,0,0,1,0,0,0,2,0",21,MAZDA Zoom-Zoom Stadium Hiroshima,,02:50,29001,GAME20050924HCHT0804
2005,2005-09-24,Reg Season,Hokkaido Nippon-Ham Fighters,Away,W,3,Orix Buffaloes,3,3,0,"1,0,0,2,0,0,0,0,0",19,Kyocera Dome Osaka,,02:53,20218,GAME20050924OBNF0801
2005,2005-09-24,Reg Season,Orix Buffaloes,Home,L,1,Hokkaido Nippon-Ham Fighters,1,9,0,"0,1,0,0,0,0,0,0,0",19,Kyocera Dome Osaka,,02:53,20218,GAME20050924OBNF0801
2005,2005-09-24,Reg Season,Chiba Lotte Marines,Away,L,1,Tohoku Rakuten Golden Eagles,1,4,4,"0,0,0,0,0,0,0,1,0",19,Rakuten Seimei Park Miyagi,,02:56,18321,GAME20050924RELM0802
2005,2005-09-24,Reg Season,Tohoku Rakuten Golden Eagles,Home,W,8,Chiba Lotte Marines,8,14,0,"0,0,3,1,0,0,1,3,x",19,Rakuten Seimei Park Miyagi,,02:56,18321,GAME20050924RELM0802
2005,2005-09-24,Reg Season,Fukuoka Softbank Hawks,Away,L,5,Seibu Lions,5,8,0,"1,0,0,0,0,2,0,2,0",19,Belluna Dome,,03:50,22044,GAME20050924SLSH0803
2005,2005-09-24,Reg Season,Seibu Lions,Home,W,6,Fukuoka Softbank Hawks,6,10,0,"0,0,0,0,0,3,0,0,3x",19,Belluna Dome,,03:50,22044,GAME20050924SLSH0803
2005,2005-09-25,Reg Season,Yomiuri Giants,Away,L,0,Chunichi Dragons,0,3,0,"0,0,0,0,0,0,0,0,0",22,Vantelin Dome Nagoya,,02:28,35300,GAME20050925CDYG0809
2005,2005-09-25,Reg Season,Chunichi Dragons,Home,W,3,Yomiuri Giants,3,5,0,"0,0,0,0,0,2,0,1,x",22,Vantelin Dome Nagoya,,02:28,35300,GAME20050925CDYG0809
2005,2005-09-25,Reg Season,Hanshin Tigers,Away,W,6,Hiroshima Toyo Carp,6,8,1,"0,0,0,0,0,0,3,0,3",22,MAZDA Zoom-Zoom Stadium Hiroshima,,04:19,28432,GAME20050925HCHT0808
2005,2005-09-25,Reg Season,Hiroshima Toyo Carp,Home,L,4,Hanshin Tigers,4,11,1,"0,0,0,0,0,2,0,2,0",22,MAZDA Zoom-Zoom Stadium Hiroshima,,04:19,28432,GAME20050925HCHT0808
2005,2005-09-25,Reg Season,Hokkaido Nippon-Ham Fighters,Away,W,6,Orix Buffaloes,6,8,0,"1,0,0,5,0,0,0,0,0",20,Kyocera Dome Osaka,,02:58,21632,GAME20050925OBNF0810
2005,2005-09-25,Reg Season,Orix Buffaloes,Home,L,2,Hokkaido Nippon-Ham Fighters,2,4,0,"0,0,0,1,0,1,0,0,0",20,Kyocera Dome Osaka,,02:58,21632,GAME20050925OBNF0810
2005,2005-09-25,Reg Season,Chiba Lotte Marines,Away,W,11,Tohoku Rakuten Golden Eagles,11,20,0,"2,0,0,0,1,0,2,4,2",20,Rakuten Seimei Park Miyagi,,04:18,17479,GAME20050925RELM0807
2005,2005-09-25,Reg Season,Tohoku Rakuten Golden Eagles,Home,L,8,Chiba Lotte Marines,8,11,1,"0,1,1,2,1,0,0,3,0",20,Rakuten Seimei Park Miyagi,,04:18,17479,GAME20050925RELM0807
2005,2005-09-25,Reg Season,Fukuoka Softbank Hawks,Away,W,4,Seibu Lions,4,8,0,"0,0,0,2,0,1,1,0,0",20,Belluna Dome,,03:00,24393,GAME20050925SLSH0811
2005,2005-09-25,Reg Season,Seibu Lions,Home,L,2,Fukuoka Softbank Hawks,2,5,2,"0,0,0,0,0,0,0,1,1",20,Belluna Dome,,03:00,24393,GAME20050925SLSH0811
2005,2005-09-25,Reg Season,Yokohama BayStars,Away,W,4,Yakult Swallows,4,8,0,"0,0,4,0,0,0,0,0,0",18,Meiji Jingu Stadium,,02:57,12652,GAME20050925YSDB0806
2005,2005-09-25,Reg Season,Yakult Swallows,Home,L,1,Yokohama BayStars,1,7,0,"0,0,0,1,0,0,0,0,0",18,Meiji Jingu Stadium,,02:57,12652,GAME20050925YSDB0806
2005,2005-09-27,Reg Season,Chunichi Dragons,Away,W,5,Yokohama BayStars,5,9,1,"0,0,3,0,0,0,0,2,0",19,Yokohama Stadium,,03:03,7679,GAME20050927DBCD0812
2005,2005-09-27,Reg Season,Yokohama BayStars,Home,L,2,Chunichi Dragons,2,8,0,"0,0,0,0,0,1,0,0,1",19,Yokohama Stadium,,03:03,7679,GAME20050927DBCD0812
2005,2005-09-27,Reg Season,Chiba Lotte Marines,Away,T,0,Hokkaido Nippon-Ham Fighters,0,6,0,"0,0,0,0,0,0,0,0,0,0,0,0",19,Sapporo Dome,,03:43,19022,GAME20050927NFLM0815
2005,2005-09-27,Reg Season,Hokkaido Nippon-Ham Fighters,Home,T,0,Chiba Lotte Marines,0,5,0,"0,0,0,0,0,0,0,0,0,0,0,0",19,Sapporo Dome,,03:43,19022,GAME20050927NFLM0815
2005,2005-09-27,Reg Season,Tohoku Rakuten Golden Eagles,Away,L,3,Fukuoka Softbank Hawks,3,10,1,"0,0,0,0,1,1,0,1,0",19,Mizuho PayPay Dome Fukuoka,,03:08,31098,GAME20050927SHRE0814
2005,2005-09-27,Reg Season,Fukuoka Softbank Hawks,Home,W,6,Tohoku Rakuten Golden Eagles,6,7,0,"3,2,0,0,1,0,0,0,x",19,Mizuho PayPay Dome Fukuoka,,03:08,31098,GAME20050927SHRE0814
2005,2005-09-27,Reg Season,Orix Buffaloes,Away,W,5,Seibu Lions,5,10,0,"0,0,0,0,0,3,2,0,0",19,Belluna Dome,,03:10,11416,GAME20050927SLOB0813
2005,2005-09-27,Reg Season,Seibu Lions,Home,L,2,Orix Buffaloes,2,9,1,"0,0,0,1,0,1,0,0,0",19,Belluna Dome,,03:10,11416,GAME20050927SLOB0813
2005,2005-09-28,Reg Season,Chunichi Dragons,Away,L,1,Yokohama BayStars,1,3,0,"0,0,0,0,0,0,1,0,0",20,Yokohama Stadium,,02:59,8437,GAME20050928DBCD0817
2005,2005-09-28,Reg Season,Yokohama BayStars,Home,W,6,Chunichi Dragons,6,10,0,"0,0,1,0,0,5,0,0,x",20,Yokohama Stadium,,02:59,8437,GAME20050928DBCD0817
2005,2005-09-28,Reg Season,Yakult Swallows,Away,L,0,Hiroshima Toyo Carp,0,4,0,"0,0,0,0,0,0,0,0,0",20,MAZDA Zoom-Zoom Stadium Hiroshima,,02:20,9078,GAME20050928HCYS0821
2005,2005-09-28,Reg Season,Hiroshima Toyo Carp,Home,W,2,Yakult Swallows,2,5,0,"0,0,0,1,0,0,1,0,x",20,MAZDA Zoom-Zoom Stadium Hiroshima,,02:20,9078,GAME20050928HCYS0821
2005,2005-09-28,Reg Season,Yomiuri Giants,Away,L,5,Hanshin Tigers,5,9,0,"0,2,0,2,0,0,0,0,1",21,Hanshin Koshien Stadium,,03:03,48551,GAME20050928HTYG0819
2005,2005-09-28,Reg Season,Hanshin Tigers,Home,W,7,Yomiuri Giants,7,13,0,"6,0,0,1,0,0,0,0,x",21,Hanshin Koshien Stadium,,03:03,48551,GAME20050928HTYG0819
2005,2005-09-28,Reg Season,Chiba Lotte Marines,Away,L,1,Hokkaido Nippon-Ham Fighters,1,8,0,"0,1,0,0,0,0,0,0,0,0,0",20,Sapporo Dome,,03:38,30415,GAME20050928NFLM0818
2005,2005-09-28,Reg Season,Hokkaido Nippon-Ham Fighters,Home,W,3,Chiba Lotte Marines,3,8,0,"1,0,0,0,0,0,0,0,0,0,2x",20,Sapporo Dome,,03:38,30415,GAME20050928NFLM0818
2005,2005-09-28,Reg Season,Tohoku Rakuten Golden Eagles,Away,L,5,Fukuoka Softbank Hawks,5,13,0,"0,2,0,0,2,0,1,0,0",20,Mizuho PayPay Dome Fukuoka,,03:15,31802,GAME20050928SHRE0816
2005,2005-09-28,Reg Season,Fukuoka Softbank Hawks,Home,W,6,Tohoku Rakuten Golden Eagles,6,12,0,"2,0,0,1,0,3,0,0,x",20,Mizuho PayPay Dome Fukuoka,,03:15,31802,GAME20050928SHRE0816
2005,2005-09-28,Reg Season,Orix Buffaloes,Away,L,0,Seibu Lions,0,5,0,"0,0,0,0,0,0,0,0,0",20,Belluna Dome,,02:56,22248,GAME20050928SLOB0820
2005,2005-09-28,Reg Season,Seibu Lions,Home,W,7,Orix Buffaloes,7,9,0,"3,0,0,0,2,0,0,2,x",20,Belluna Dome,,02:56,22248,GAME20050928SLOB0820
2005,2005-09-29,Reg Season,Chunichi Dragons,Away,W,5,Yokohama BayStars,5,13,0,"0,0,0,0,0,3,1,0,0,1",21,Yokohama Stadium,,04:11,8895,GAME20050929DBCD0822
2005,2005-09-29,Reg Season,Yokohama BayStars,Home,L,4,Chunichi Dragons,4,9,1,"2,0,0,1,0,0,1,0,0,0",21,Yokohama Stadium,,04:11,8895,GAME20050929DBCD0822
2005,2005-09-29,Reg Season,Yakult Swallows,Away,T,3,Hiroshima Toyo Carp,3,8,0,"0,0,0,0,2,0,0,0,1,0,0,0",21,MAZDA Zoom-Zoom Stadium Hiroshima,,03:51,10759,GAME20050929HCYS0824
2005,2005-09-29,Reg Season,Hiroshima Toyo Carp,Home,T,3,Yakult Swallows,3,10,0,"0,0,0,0,1,2,0,0,0,0,0,0",21,MAZDA Zoom-Zoom Stadium Hiroshima,,03:51,10759,GAME20050929HCYS0824
2005,2005-09-29,Reg Season,Yomiuri Giants,Away,L,1,Hanshin Tigers,1,7,3,"0,0,0,0,0,0,0,0,1",22,Hanshin Koshien Stadium,,02:49,48576,GAME20050929HTYG0823
2005,2005-09-29,Reg Season,Hanshin Tigers,Home,W,5,Yomiuri Giants,5,9,0,"1,2,0,0,0,0,2,0,x",22,Hanshin Koshien Stadium,,02:49,48576,GAME20050929HTYG0823
2005,2005-09-30,Reg Season,Hiroshima Toyo Carp,Away,L,2,Chunichi Dragons,2,5,0,"0,0,0,0,0,1,1,0,0",20,Vantelin Dome Nagoya,,02:59,28800,GAME20050930CDHC0826
2005,2005-09-30,Reg Season,Chunichi Dragons,Home,W,3,Hiroshima Toyo Carp,3,4,0,"0,0,0,2,0,1,0,0,x",20,Vantelin Dome Nagoya,,02:59,28800,GAME20050930CDHC0826
2005,2005-09-30,Reg Season,Hanshin Tigers,Away,L,4,Yakult Swallows,4,8,1,"0,1,0,0,3,0,0,0,0",20,Meiji Jingu Stadium,,02:56,30406,GAME20050930YSHT0825
2005,2005-09-30,Reg Season,Yakult Swallows,Home,W,8,Hanshin Tigers,8,14,0,"0,1,0,0,0,2,5,0,x",20,Meiji Jingu Stadium,,02:56,30406,GAME20050930YSHT0825
2005,2005-10-01,Reg Season,Hiroshima Toyo Carp,Away,L,3,Chunichi Dragons,3,12,0,"0,2,0,0,0,0,0,1,0",21,Vantelin Dome Nagoya,,03:09,32500,GAME20051001CDHC0829
2005,2005-10-01,Reg Season,Chunichi Dragons,Home,W,6,Hiroshima Toyo Carp,6,10,0,"0,1,0,0,0,2,3,0,x",21,Vantelin Dome Nagoya,,03:09,32500,GAME20051001CDHC0829
2005,2005-10-01,Reg Season,Yokohama BayStars,Away,W,9,Yomiuri Giants,9,13,0,"0,0,0,3,0,1,2,0,3",21,Tokyo Dome,,03:24,40765,GAME20051001YGDB0827
2005,2005-10-01,Reg Season,Yomiuri Giants,Home,L,3,Yokohama BayStars,3,6,1,"0,0,0,0,0,3,0,0,0",21,Tokyo Dome,,03:24,40765,GAME20051001YGDB0827
2005,2005-10-01,Reg Season,Hanshin Tigers,Away,W,10,Yakult Swallows,10,17,0,"2,0,0,0,3,2,0,0,3",21,Meiji Jingu Stadium,,03:28,32099,GAME20051001YSHT0828
2005,2005-10-01,Reg Season,Yakult Swallows,Home,L,5,Hanshin Tigers,5,14,2,"0,0,0,0,0,5,0,0,0",21,Meiji Jingu Stadium,,03:28,32099,GAME20051001YSHT0828
2005,2005-10-02,Reg Season,Hiroshima Toyo Carp,Away,W,4,Chunichi Dragons,4,6,1,"0,0,0,3,0,0,0,0,1",22,Vantelin Dome Nagoya,,03:03,35600,GAME20051002CDHC0832
2005,2005-10-02,Reg Season,Chunichi Dragons,Home,L,2,Hiroshima Toyo Carp,2,7,1,"1,0,1,0,0,0,0,0,0",22,Vantelin Dome Nagoya,,03:03,35600,GAME20051002CDHC0832
2005,2005-10-02,Reg Season,Yokohama BayStars,Away,L,0,Yomiuri Giants,0,5,0,"0,0,0,0,0,0,0,0,0",22,Tokyo Dome,,02:10,37587,GAME20051002YGDB0830
2005,2005-10-02,Reg Season,Yomiuri Giants,Home,W,1,Yokohama BayStars,1,5,0,"0,0,0,0,0,1,0,0,x",22,Tokyo Dome,,02:10,37587,GAME20051002YGDB0830
2005,2005-10-02,Reg Season,Hanshin Tigers,Away,W,7,Yakult Swallows,7,11,0,"0,0,2,2,0,3,0,0,0",22,Meiji Jingu Stadium,,02:53,31321,GAME20051002YSHT0831
2005,2005-10-02,Reg Season,Yakult Swallows,Home,L,0,Hanshin Tigers,0,5,1,"0,0,0,0,0,0,0,0,0",22,Meiji Jingu Stadium,,02:53,31321,GAME20051002YSHT0831
2005,2005-10-04,Reg Season,Yokohama BayStars,Away,W,6,Hanshin Tigers,6,10,0,"0,0,0,0,1,2,1,1,1",21,Hanshin Koshien Stadium,,03:05,47286,GAME20051004HTDB0835
2005,2005-10-04,Reg Season,Hanshin Tigers,Home,L,4,Yokohama BayStars,4,6,0,"0,0,0,2,0,0,1,0,1",21,Hanshin Koshien Stadium,,03:05,47286,GAME20051004HTDB0835
2005,2005-10-04,Reg Season,Hiroshima Toyo Carp,Away,L,2,Yomiuri Giants,2,8,0,"0,0,0,0,1,0,1,0,0",21,Tokyo Dome,,02:54,34737,GAME20051004YGHC0833
2005,2005-10-04,Reg Season,Yomiuri Giants,Home,W,3,Hiroshima Toyo Carp,3,5,0,"2,0,0,0,0,1,0,0,x",21,Tokyo Dome,,02:54,34737,GAME20051004YGHC0833
2005,2005-10-04,Reg Season,Chunichi Dragons,Away,L,1,Yakult Swallows,1,6,1,"0,0,0,0,0,0,1,0,0",20,Meiji Jingu Stadium,,02:45,10236,GAME20051004YSCD0834
2005,2005-10-04,Reg Season,Yakult Swallows,Home,W,2,Chunichi Dragons,2,6,0,"0,1,0,0,1,0,0,0,x",20,Meiji Jingu Stadium,,02:45,10236,GAME20051004YSCD0834
2005,2005-10-05,Reg Season,Yokohama BayStars,Away,L,2,Hanshin Tigers,2,10,0,"0,0,0,2,0,0,0,0,0,0",22,Hanshin Koshien Stadium,,03:17,47284,GAME20051005HTDB0838
2005,2005-10-05,Reg Season,Hanshin Tigers,Home,W,3,Yokohama BayStars,3,9,0,"0,0,0,1,0,1,0,0,0,1x",22,Hanshin Koshien Stadium,,03:17,47284,GAME20051005HTDB0838
2005,2005-10-05,Reg Season,Hiroshima Toyo Carp,Away,W,4,Yomiuri Giants,4,12,1,"4,0,0,0,0,0,0,0,0",22,Tokyo Dome,,02:57,42820,GAME20051005YGHC0836
2005,2005-10-05,Reg Season,Yomiuri Giants,Home,L,1,Hiroshima Toyo Carp,1,5,0,"1,0,0,0,0,0,0,0,0",22,Tokyo Dome,,02:57,42820,GAME20051005YGHC0836
2005,2005-10-05,Reg Season,Chunichi Dragons,Away,L,4,Yakult Swallows,4,8,0,"0,2,0,0,0,0,0,1,1",21,Meiji Jingu Stadium,,03:05,8723,GAME20051005YSCD0837
2005,2005-10-05,Reg Season,Yakult Swallows,Home,W,6,Chunichi Dragons,6,12,3,"1,0,0,0,0,1,0,4,x",21,Meiji Jingu Stadium,,03:05,8723,GAME20051005YSCD0837
2005,2005-10-06,Reg Season,Chunichi Dragons,Away,L,0,Yakult Swallows,0,4,2,"0,0,0,0,0,0,0,0,0",22,Meiji Jingu Stadium,,02:33,12329,GAME20051006YSCD0839
2005,2005-10-06,Reg Season,Yakult Swallows,Home,W,5,Chunichi Dragons,5,7,0,"3,0,1,0,1,0,0,0,x",22,Meiji Jingu Stadium,,02:33,12329,GAME20051006YSCD0839
2005,2005-10-07,Reg Season,Yokohama BayStars,Away,W,6,Chunichi Dragons,6,10,0,"0,0,2,0,0,0,2,1,1",22,Vantelin Dome Nagoya,,02:59,29200,GAME20051007CDDB0840
2005,2005-10-07,Reg Season,Chunichi Dragons,Home,L,1,Yokohama BayStars,1,8,1,"0,0,0,1,0,0,0,0,0",22,Vantelin Dome Nagoya,,02:59,29200,GAME20051007CDDB0840
2005,2005-10-07,Reg Season,Hiroshima Toyo Carp,Away,W,13,Yakult Swallows,13,14,1,"0,2,0,0,0,2,0,3,6",22,Meiji Jingu Stadium,,03:10,13322,GAME20051007YSHC0841
2005,2005-10-07,Reg Season,Yakult Swallows,Home,L,4,Hiroshima Toyo Carp,4,8,0,"0,0,1,1,0,2,0,0,0",22,Meiji Jingu Stadium,,03:10,13322,GAME20051007YSHC0841
2005,2005-10-08,Reg Season,Yakult Swallows,Away,L,1,Yokohama BayStars,1,8,1,"0,0,0,0,1,0,0,0,0",19,Yokohama Stadium,,02:52,24578,GAME20051008DBYS0844
2005,2005-10-08,Reg Season,Yokohama BayStars,Home,W,8,Yakult Swallows,8,11,0,"0,3,0,1,1,3,0,0,x",19,Yokohama Stadium,,02:52,24578,GAME20051008DBYS0844
2005,2005-10-09,Reg Season,Yakult Swallows,Away,T,3,Yokohama BayStars,3,8,1,"0,0,0,0,0,0,3,0,0,0,0,0",20,Yokohama Stadium,,04:03,8515,GAME20051009DBYS0845
2005,2005-10-09,Reg Season,Yokohama BayStars,Home,T,3,Yakult Swallows,3,10,0,"0,3,0,0,0,0,0,0,0,0,0,0",20,Yokohama Stadium,,04:03,8515,GAME20051009DBYS0845
2005,2005-10-11,Reg Season,Yokohama BayStars,Away,L,0,Yakult Swallows,0,6,0,"0,0,0,0,0,0,0,0,0",21,Meiji Jingu Stadium,,02:31,12710,GAME20051011YSDB0842
2005,2005-10-11,Reg Season,Yakult Swallows,Home,W,5,Yokohama BayStars,5,11,0,"0,0,3,0,0,2,0,0,x",21,Meiji Jingu Stadium,,02:31,12710,GAME20051011YSDB0842
2005,2005-10-12,Reg Season,Yokohama BayStars,Away,W,4,Hiroshima Toyo Carp,4,10,0,"1,1,0,0,1,0,0,1,0",22,MAZDA Zoom-Zoom Stadium Hiroshima,,02:42,29777,GAME20051012HCDB0846
2005,2005-10-12,Reg Season,Hiroshima Toyo Carp,Home,L,2,Yokohama BayStars,2,5,0,"0,1,1,0,0,0,0,0,0",22,MAZDA Zoom-Zoom Stadium Hiroshima,,02:42,29777,GAME20051012HCDB0846
2005,2005-10-14,Reg Season,Yokohama BayStars,Away,L,2,Yakult Swallows,2,6,1,"1,0,0,0,0,1,0,0,0",22,Meiji Jingu Stadium,,02:42,18036,GAME20051014YSDB0843
2005,2005-10-14,Reg Season,Yakult Swallows,Home,W,5,Yokohama BayStars,5,10,0,"1,1,2,0,0,1,0,0,x",22,Meiji Jingu Stadium,,02:42,18036,GAME20051014YSDB0843
