Season,Date,GameType,Team,HomeAway,Result,Score,Other Team,R,H,E,Box Score,Matchup,Ballpark,Game Start,Game Length,Audience,GameID
2008,2008-03-20,Reg Season,Chiba Lotte Marines,Away,L,0,Hokkaido Nippon-Ham Fighters,0,4,1,"0,0,0,0,0,0,0,0,0",1,Sapporo Dome,,02:23,42126,GAME20080320NFLM0001
2008,2008-03-20,Reg Season,Hokkaido Nippon-Ham Fighters,Home,W,1,Chiba Lotte Marines,1,4,0,"0,0,0,0,0,1,0,0,x",1,Sapporo Dome,,02:23,42126,GAME20080320NFLM0001
2008,2008-03-20,Reg Season,Tohoku Rakuten Golden Eagles,Away,L,3,Fukuoka Softbank Hawks,3,9,0,"1,0,0,2,0,0,0,0,0",1,Mizuho PayPay Dome Fukuoka,,02:54,35722,GAME20080320SHRE0003
2008,2008-03-20,Reg Season,Fukuoka Softbank Hawks,Home,W,4,Tohoku Rakuten Golden Eagles,4,8,1,"0,0,0,0,0,1,0,0,3x",1,Mizuho PayPay Dome Fukuoka,,02:54,35722,GAME20080320SHRE0003
2008,2008-03-20,Reg Season,Orix Buffaloes,Away,W,2,Saitama Seibu Lions,2,3,0,"0,0,1,0,0,0,0,1,0",1,Belluna Dome,,02:55,27137,GAME20080320SLOB0002
2008,2008-03-20,Reg Season,Saitama Seibu Lions,Home,L,1,Orix Buffaloes,1,8,2,"0,0,0,1,0,0,0,0,0",1,Belluna Dome,,02:55,27137,GAME20080320SLOB0002
2008,2008-03-22,Reg Season,Chiba Lotte Marines,Away,W,3,Hokkaido Nippon-Ham Fighters,3,9,0,"0,0,0,1,1,0,1,0,0",2,Sapporo Dome,,02:59,31028,GAME20080322NFLM0004
2008,2008-03-22,Reg Season,Hokkaido Nippon-Ham Fighters,Home,L,2,Chiba Lotte Marines,2,6,1,"0,1,0,0,0,1,0,0,0",2,Sapporo Dome,,02:59,31028,GAME20080322NFLM0004
2008,2008-03-22,Reg Season,Tohoku Rakuten Golden Eagles,Away,L,4,Fukuoka Softbank Hawks,4,7,0,"2,1,1,0,0,0,0,0,0,0,0",2,Mizuho PayPay Dome Fukuoka,,04:20,31014,GAME20080322SHRE0006
2008,2008-03-22,Reg Season,Fukuoka Softbank Hawks,Home,W,5,Tohoku Rakuten Golden Eagles,5,14,0,"1,0,0,0,1,0,0,1,1,0,1x",2,Mizuho PayPay Dome Fukuoka,,04:20,31014,GAME20080322SHRE0006
2008,2008-03-22,Reg Season,Orix Buffaloes,Away,L,0,Saitama Seibu Lions,0,4,0,"0,0,0,0,0,0,0,0,0",2,Belluna Dome,,02:28,12288,GAME20080322SLOB0005
2008,2008-03-22,Reg Season,Saitama Seibu Lions,Home,W,6,Orix Buffaloes,6,9,0,"1,1,0,0,1,1,0,2,x",2,Belluna Dome,,02:28,12288,GAME20080322SLOB0005
2008,2008-03-23,Reg Season,Chiba Lotte Marines,Away,W,4,Hokkaido Nippon-Ham Fighters,4,8,0,"2,0,0,2,0,0,0,0,0",3,Sapporo Dome,,03:05,32215,GAME20080323NFLM0007
2008,2008-03-23,Reg Season,Hokkaido Nippon-Ham Fighters,Home,L,1,Chiba Lotte Marines,1,7,1,"0,0,0,0,0,0,1,0,0",3,Sapporo Dome,,03:05,32215,GAME20080323NFLM0007
2008,2008-03-23,Reg Season,Tohoku Rakuten Golden Eagles,Away,L,0,Fukuoka Softbank Hawks,0,8,1,"0,0,0,0,0,0,0,0,0",3,Mizuho PayPay Dome Fukuoka,,03:25,31660,GAME20080323SHRE0009
2008,2008-03-23,Reg Season,Fukuoka Softbank Hawks,Home,W,4,Tohoku Rakuten Golden Eagles,4,8,0,"0,0,0,0,0,0,0,4,x",3,Mizuho PayPay Dome Fukuoka,,03:25,31660,GAME20080323SHRE0009
2008,2008-03-23,Reg Season,Orix Buffaloes,Away,W,2,Saitama Seibu Lions,2,4,2,"0,0,0,0,2,0,0,0,0",3,Belluna Dome,,02:46,12632,GAME20080323SLOB0008
2008,2008-03-23,Reg Season,Saitama Seibu Lions,Home,L,1,Orix Buffaloes,1,6,0,"0,1,0,0,0,0,0,0,0",3,Belluna Dome,,02:46,12632,GAME20080323SLOB0008
2008,2008-03-24,Reg Season,Chiba Lotte Marines,Away,L,5,Fukuoka Softbank Hawks,5,11,1,"0,0,0,1,3,0,0,0,0,1,0,0",1,Mizuho PayPay Dome Fukuoka,,04:48,25828,GAME20080324SHLM0010
2008,2008-03-24,Reg Season,Fukuoka Softbank Hawks,Home,W,6,Chiba Lotte Marines,6,12,0,"0,1,2,1,0,0,0,0,0,1,0,1x",1,Mizuho PayPay Dome Fukuoka,,04:48,25828,GAME20080324SHLM0010
2008,2008-03-25,Reg Season,Saitama Seibu Lions,Away,L,1,Hokkaido Nippon-Ham Fighters,1,5,1,"0,1,0,0,0,0,0,0,0",1,Sapporo Dome,,02:47,16410,GAME20080325NFSL0013
2008,2008-03-25,Reg Season,Hokkaido Nippon-Ham Fighters,Home,W,9,Saitama Seibu Lions,9,14,0,"4,0,0,3,1,0,1,0,x",1,Sapporo Dome,,02:47,16410,GAME20080325NFSL0013
2008,2008-03-25,Reg Season,Tohoku Rakuten Golden Eagles,Away,L,4,Orix Buffaloes,4,8,0,"1,0,2,1,0,0,0,0,0",1,Kyocera Dome Osaka,,03:06,34911,GAME20080325OBRE0011
2008,2008-03-25,Reg Season,Orix Buffaloes,Home,W,5,Tohoku Rakuten Golden Eagles,5,8,1,"0,2,0,0,3,0,0,0,x",1,Kyocera Dome Osaka,,03:06,34911,GAME20080325OBRE0011
2008,2008-03-25,Reg Season,Chiba Lotte Marines,Away,L,1,Fukuoka Softbank Hawks,1,3,1,"0,0,1,0,0,0,0,0,0",2,Mizuho PayPay Dome Fukuoka,,02:39,26230,GAME20080325SHLM0012
2008,2008-03-25,Reg Season,Fukuoka Softbank Hawks,Home,W,2,Chiba Lotte Marines,2,10,0,"0,0,0,0,0,0,2,0,x",2,Mizuho PayPay Dome Fukuoka,,02:39,26230,GAME20080325SHLM0012
2008,2008-03-26,Reg Season,Saitama Seibu Lions,Away,W,8,Hokkaido Nippon-Ham Fighters,8,9,0,"0,0,1,2,3,1,1,0,0",2,Sapporo Dome,,02:46,19206,GAME20080326NFSL0016
2008,2008-03-26,Reg Season,Hokkaido Nippon-Ham Fighters,Home,L,0,Saitama Seibu Lions,0,7,1,"0,0,0,0,0,0,0,0,0",2,Sapporo Dome,,02:46,19206,GAME20080326NFSL0016
2008,2008-03-26,Reg Season,Tohoku Rakuten Golden Eagles,Away,W,11,Orix Buffaloes,11,15,0,"1,5,0,0,3,0,0,1,1",2,Kyocera Dome Osaka,,03:05,11052,GAME20080326OBRE0014
2008,2008-03-26,Reg Season,Orix Buffaloes,Home,L,0,Tohoku Rakuten Golden Eagles,0,4,0,"0,0,0,0,0,0,0,0,0",2,Kyocera Dome Osaka,,03:05,11052,GAME20080326OBRE0014
2008,2008-03-26,Reg Season,Chiba Lotte Marines,Away,W,5,Fukuoka Softbank Hawks,5,12,0,"1,0,3,0,1,0,0,0,0",3,Mizuho PayPay Dome Fukuoka,,03:35,27746,GAME20080326SHLM0015
2008,2008-03-26,Reg Season,Fukuoka Softbank Hawks,Home,L,4,Chiba Lotte Marines,4,9,0,"0,0,0,0,1,3,0,0,0",3,Mizuho PayPay Dome Fukuoka,,03:35,27746,GAME20080326SHLM0015
2008,2008-03-27,Reg Season,Saitama Seibu Lions,Away,L,0,Hokkaido Nippon-Ham Fighters,0,6,0,"0,0,0,0,0,0,0,0,0,0",3,Sapporo Dome,,02:59,25011,GAME20080327NFSL0018
2008,2008-03-27,Reg Season,Hokkaido Nippon-Ham Fighters,Home,W,1,Saitama Seibu Lions,1,4,0,"0,0,0,0,0,0,0,0,0,1x",3,Sapporo Dome,,02:59,25011,GAME20080327NFSL0018
2008,2008-03-27,Reg Season,Tohoku Rakuten Golden Eagles,Away,W,2,Orix Buffaloes,2,8,0,"1,0,0,0,0,0,1,0,0",3,Kobe Athletic Park Baseball Field,,02:32,23547,GAME20080327OBRE0017
2008,2008-03-27,Reg Season,Orix Buffaloes,Home,L,0,Tohoku Rakuten Golden Eagles,0,2,0,"0,0,0,0,0,0,0,0,0",3,Kobe Athletic Park Baseball Field,,02:32,23547,GAME20080327OBRE0017
2008,2008-03-28,Reg Season,Hiroshima Toyo Carp,Away,T,2,Chunichi Dragons,2,12,0,"0,0,1,0,0,0,0,0,1,0,0,0",1,Vantelin Dome Nagoya,,04:10,38255,GAME20080328CDHC0021
2008,2008-03-28,Reg Season,Chunichi Dragons,Home,T,2,Hiroshima Toyo Carp,2,8,0,"0,0,1,0,0,0,0,0,1,0,0,0",1,Vantelin Dome Nagoya,,04:10,38255,GAME20080328CDHC0021
2008,2008-03-28,Reg Season,Yokohama BayStars,Away,L,2,Hanshin Tigers,2,9,0,"0,1,0,1,0,0,0,0,0",1,Kyocera Dome Osaka,,03:02,33759,GAME20080328HTDB0023
2008,2008-03-28,Reg Season,Hanshin Tigers,Home,W,4,Yokohama BayStars,4,5,0,"0,0,0,3,1,0,0,0,x",1,Kyocera Dome Osaka,,03:02,33759,GAME20080328HTDB0023
2008,2008-03-28,Reg Season,Orix Buffaloes,Away,L,6,Chiba Lotte Marines,6,9,0,"0,0,2,0,0,1,0,3,0",1,ZOZO Marine Stadium,,03:20,27867,GAME20080328LMOB0020
2008,2008-03-28,Reg Season,Chiba Lotte Marines,Home,W,9,Orix Buffaloes,9,14,0,"0,3,2,1,1,0,2,0,x",1,ZOZO Marine Stadium,,03:20,27867,GAME20080328LMOB0020
2008,2008-03-28,Reg Season,Fukuoka Softbank Hawks,Away,W,3,Saitama Seibu Lions,3,8,0,"0,1,1,0,0,0,1,0,0",1,Belluna Dome,,02:59,9184,GAME20080328SLSH0019
2008,2008-03-28,Reg Season,Saitama Seibu Lions,Home,L,2,Fukuoka Softbank Hawks,2,7,0,"0,1,0,0,0,1,0,0,0",1,Belluna Dome,,02:59,9184,GAME20080328SLSH0019
2008,2008-03-28,Reg Season,Yomiuri Giants,Away,L,2,Tokyo Yakult Swallows,2,6,1,"0,1,0,0,0,0,1,0,0",1,Meiji Jingu Stadium,,02:42,27045,GAME20080328YSYG0022
2008,2008-03-28,Reg Season,Tokyo Yakult Swallows,Home,W,6,Yomiuri Giants,6,10,0,"0,4,0,1,1,0,0,0,x",1,Meiji Jingu Stadium,,02:42,27045,GAME20080328YSYG0022
2008,2008-03-29,Reg Season,Hiroshima Toyo Carp,Away,L,3,Chunichi Dragons,3,9,0,"0,0,0,0,1,2,0,0,0",2,Vantelin Dome Nagoya,,03:09,38170,GAME20080329CDHC0029
2008,2008-03-29,Reg Season,Chunichi Dragons,Home,W,5,Hiroshima Toyo Carp,5,12,1,"0,0,3,1,0,0,1,0,x",2,Vantelin Dome Nagoya,,03:09,38170,GAME20080329CDHC0029
2008,2008-03-29,Reg Season,Yokohama BayStars,Away,L,3,Hanshin Tigers,3,11,0,"0,1,0,0,0,0,1,1,0",2,Kyocera Dome Osaka,,03:00,33915,GAME20080329HTDB0027
2008,2008-03-29,Reg Season,Hanshin Tigers,Home,W,4,Yokohama BayStars,4,10,0,"2,0,0,0,0,1,1,0,x",2,Kyocera Dome Osaka,,03:00,33915,GAME20080329HTDB0027
2008,2008-03-29,Reg Season,Orix Buffaloes,Away,L,1,Chiba Lotte Marines,1,7,0,"0,0,0,0,0,0,1,0,0",2,ZOZO Marine Stadium,,02:54,20148,GAME20080329LMOB0024
2008,2008-03-29,Reg Season,Chiba Lotte Marines,Home,W,3,Orix Buffaloes,3,5,0,"0,0,0,0,0,0,0,3,x",2,ZOZO Marine Stadium,,02:54,20148,GAME20080329LMOB0024
2008,2008-03-29,Reg Season,Hokkaido Nippon-Ham Fighters,Away,L,2,Tohoku Rakuten Golden Eagles,2,4,2,"2,0,0,0,0,0,0,0,0",1,Rakuten Seimei Park Miyagi,,03:03,20189,GAME20080329RENF0028
2008,2008-03-29,Reg Season,Tohoku Rakuten Golden Eagles,Home,W,7,Hokkaido Nippon-Ham Fighters,7,10,0,"1,0,0,1,0,0,0,5,x",1,Rakuten Seimei Park Miyagi,,03:03,20189,GAME20080329RENF0028
2008,2008-03-29,Reg Season,Fukuoka Softbank Hawks,Away,L,4,Saitama Seibu Lions,4,12,2,"1,1,0,0,0,0,0,0,2",2,Belluna Dome,,03:20,16044,GAME20080329SLSH0025
2008,2008-03-29,Reg Season,Saitama Seibu Lions,Home,W,10,Fukuoka Softbank Hawks,10,13,1,"2,3,0,1,3,1,0,0,x",2,Belluna Dome,,03:20,16044,GAME20080329SLSH0025
2008,2008-03-29,Reg Season,Yomiuri Giants,Away,L,3,Tokyo Yakult Swallows,3,8,2,"3,0,0,0,0,0,0,0,0",2,Meiji Jingu Stadium,,03:47,24427,GAME20080329YSYG0026
2008,2008-03-29,Reg Season,Tokyo Yakult Swallows,Home,W,6,Yomiuri Giants,6,14,0,"0,1,0,1,1,0,3,0,x",2,Meiji Jingu Stadium,,03:47,24427,GAME20080329YSYG0026
2008,2008-03-30,Reg Season,Hiroshima Toyo Carp,Away,L,0,Chunichi Dragons,0,6,1,"0,0,0,0,0,0,0,0,0",3,Vantelin Dome Nagoya,,02:43,36830,GAME20080330CDHC0033
2008,2008-03-30,Reg Season,Chunichi Dragons,Home,W,4,Hiroshima Toyo Carp,4,8,0,"1,0,0,1,0,2,0,0,x",3,Vantelin Dome Nagoya,,02:43,36830,GAME20080330CDHC0033
2008,2008-03-30,Reg Season,Yokohama BayStars,Away,L,0,Hanshin Tigers,0,7,0,"0,0,0,0,0,0,0,0,0",3,Kyocera Dome Osaka,,02:40,33945,GAME20080330HTDB0035
2008,2008-03-30,Reg Season,Hanshin Tigers,Home,W,7,Yokohama BayStars,7,11,1,"2,0,1,2,0,2,0,0,x",3,Kyocera Dome Osaka,,02:40,33945,GAME20080330HTDB0035
2008,2008-03-30,Reg Season,Orix Buffaloes,Away,W,4,Chiba Lotte Marines,4,9,0,"0,1,0,0,0,0,0,3,0",3,ZOZO Marine Stadium,,02:54,18235,GAME20080330LMOB0030
2008,2008-03-30,Reg Season,Chiba Lotte Marines,Home,L,1,Orix Buffaloes,1,10,0,"0,0,0,0,0,0,1,0,0",3,ZOZO Marine Stadium,,02:54,18235,GAME20080330LMOB0030
2008,2008-03-30,Reg Season,Hokkaido Nippon-Ham Fighters,Away,L,1,Tohoku Rakuten Golden Eagles,1,8,1,"0,0,0,1,0,0,0,0,0",2,Rakuten Seimei Park Miyagi,,03:17,19518,GAME20080330RENF0032
2008,2008-03-30,Reg Season,Tohoku Rakuten Golden Eagles,Home,W,3,Hokkaido Nippon-Ham Fighters,3,10,0,"0,0,0,0,3,0,0,0,x",2,Rakuten Seimei Park Miyagi,,03:17,19518,GAME20080330RENF0032
2008,2008-03-30,Reg Season,Fukuoka Softbank Hawks,Away,L,1,Saitama Seibu Lions,1,4,0,"0,0,0,0,0,1,0,0,0",3,Belluna Dome,,02:45,18059,GAME20080330SLSH0034
2008,2008-03-30,Reg Season,Saitama Seibu Lions,Home,W,5,Fukuoka Softbank Hawks,5,6,1,"0,0,0,5,0,0,0,0,x",3,Belluna Dome,,02:45,18059,GAME20080330SLSH0034
2008,2008-03-30,Reg Season,Yomiuri Giants,Away,L,2,Tokyo Yakult Swallows,2,11,0,"0,0,1,0,1,0,0,0,0",3,Meiji Jingu Stadium,,03:30,22099,GAME20080330YSYG0031
2008,2008-03-30,Reg Season,Tokyo Yakult Swallows,Home,W,10,Yomiuri Giants,10,11,0,"2,0,0,0,0,3,5,0,x",3,Meiji Jingu Stadium,,03:30,22099,GAME20080330YSYG0031
2008,2008-04-01,Reg Season,Tokyo Yakult Swallows,Away,L,6,Yokohama BayStars,6,9,1,"1,1,0,2,0,0,2,0,0",1,Yokohama Stadium,,03:45,19301,GAME20080401DBYS0041
2008,2008-04-01,Reg Season,Yokohama BayStars,Home,W,9,Tokyo Yakult Swallows,9,14,0,"0,0,0,0,4,1,0,4,x",1,Yokohama Stadium,,03:45,19301,GAME20080401DBYS0041
2008,2008-04-01,Reg Season,Hanshin Tigers,Away,W,5,Hiroshima Toyo Carp,5,11,0,"3,0,0,0,2,0,0,0,0",1,MAZDA Zoom-Zoom Stadium Hiroshima,,03:21,22790,GAME20080401HCHT0039
2008,2008-04-01,Reg Season,Hiroshima Toyo Carp,Home,L,3,Hanshin Tigers,3,8,0,"1,0,0,0,1,0,0,1,0",1,MAZDA Zoom-Zoom Stadium Hiroshima,,03:21,22790,GAME20080401HCHT0039
2008,2008-04-01,Reg Season,Saitama Seibu Lions,Away,L,6,Orix Buffaloes,6,8,0,"5,0,0,0,0,0,0,0,1",4,Kobe Athletic Park Baseball Field,,02:58,10751,GAME20080401OBSL0038
2008,2008-04-01,Reg Season,Orix Buffaloes,Home,W,10,Saitama Seibu Lions,10,12,0,"0,1,1,0,4,0,0,4,x",4,Kobe Athletic Park Baseball Field,,02:58,10751,GAME20080401OBSL0038
2008,2008-04-01,Reg Season,Chiba Lotte Marines,Away,L,4,Tohoku Rakuten Golden Eagles,4,9,1,"0,0,1,0,0,3,0,0,0",1,Rakuten Seimei Park Miyagi,,03:12,10927,GAME20080401RELM0037
2008,2008-04-01,Reg Season,Tohoku Rakuten Golden Eagles,Home,W,7,Chiba Lotte Marines,7,12,1,"0,0,0,1,3,0,3,0,x",1,Rakuten Seimei Park Miyagi,,03:12,10927,GAME20080401RELM0037
2008,2008-04-01,Reg Season,Hokkaido Nippon-Ham Fighters,Away,W,6,Fukuoka Softbank Hawks,6,11,0,"0,0,0,0,0,0,1,3,2",1,Mizuho PayPay Dome Fukuoka,,02:53,29204,GAME20080401SHNF0036
2008,2008-04-01,Reg Season,Fukuoka Softbank Hawks,Home,L,0,Hokkaido Nippon-Ham Fighters,0,3,0,"0,0,0,0,0,0,0,0,0",1,Mizuho PayPay Dome Fukuoka,,02:53,29204,GAME20080401SHNF0036
2008,2008-04-01,Reg Season,Chunichi Dragons,Away,W,4,Yomiuri Giants,4,9,0,"0,0,0,1,0,2,0,0,1",1,Tokyo Dome,,02:46,42357,GAME20080401YGCD0040
2008,2008-04-01,Reg Season,Yomiuri Giants,Home,L,3,Chunichi Dragons,3,8,1,"2,1,0,0,0,0,0,0,0",1,Tokyo Dome,,02:46,42357,GAME20080401YGCD0040
2008,2008-04-02,Reg Season,Tokyo Yakult Swallows,Away,W,8,Yokohama BayStars,8,11,0,"4,0,2,1,0,1,0,0,0",2,Yokohama Stadium,,03:22,16348,GAME20080402DBYS0045
2008,2008-04-02,Reg Season,Yokohama BayStars,Home,L,4,Tokyo Yakult Swallows,4,7,0,"0,0,3,0,0,0,1,0,0",2,Yokohama Stadium,,03:22,16348,GAME20080402DBYS0045
2008,2008-04-02,Reg Season,Hanshin Tigers,Away,W,4,Hiroshima Toyo Carp,4,11,0,"0,2,0,1,0,1,0,0,0",2,MAZDA Zoom-Zoom Stadium Hiroshima,,02:49,14912,GAME20080402HCHT0047
2008,2008-04-02,Reg Season,Hiroshima Toyo Carp,Home,L,2,Hanshin Tigers,2,9,0,"1,0,0,0,0,0,1,0,0",2,MAZDA Zoom-Zoom Stadium Hiroshima,,02:49,14912,GAME20080402HCHT0047
2008,2008-04-02,Reg Season,Saitama Seibu Lions,Away,W,5,Orix Buffaloes,5,10,0,"1,1,1,1,0,1,0,0,0",5,Kyocera Dome Osaka,,02:45,8616,GAME20080402OBSL0043
2008,2008-04-02,Reg Season,Orix Buffaloes,Home,L,1,Saitama Seibu Lions,1,7,1,"1,0,0,0,0,0,0,0,0",5,Kyocera Dome Osaka,,02:45,8616,GAME20080402OBSL0043
2008,2008-04-02,Reg Season,Chiba Lotte Marines,Away,L,3,Tohoku Rakuten Golden Eagles,3,10,1,"0,1,0,0,0,0,0,0,2",2,Rakuten Seimei Park Miyagi,,03:03,14285,GAME20080402RELM0046
2008,2008-04-02,Reg Season,Tohoku Rakuten Golden Eagles,Home,W,6,Chiba Lotte Marines,6,10,0,"4,0,0,0,0,2,0,0,x",2,Rakuten Seimei Park Miyagi,,03:03,14285,GAME20080402RELM0046
2008,2008-04-02,Reg Season,Hokkaido Nippon-Ham Fighters,Away,L,0,Fukuoka Softbank Hawks,0,2,0,"0,0,0,0,0,0,0,0,0",2,Kitakyushu Municipal Baseball Stadium,,02:51,17721,GAME20080402SHNF0042
2008,2008-04-02,Reg Season,Fukuoka Softbank Hawks,Home,W,9,Hokkaido Nippon-Ham Fighters,9,15,0,"3,0,2,4,0,0,0,0,x",2,Kitakyushu Municipal Baseball Stadium,,02:51,17721,GAME20080402SHNF0042
2008,2008-04-02,Reg Season,Chunichi Dragons,Away,W,3,Yomiuri Giants,3,6,0,"0,0,0,0,1,1,0,0,1",2,Tokyo Dome,,02:49,40628,GAME20080402YGCD0044
2008,2008-04-02,Reg Season,Yomiuri Giants,Home,L,0,Chunichi Dragons,0,2,1,"0,0,0,0,0,0,0,0,0",2,Tokyo Dome,,02:49,40628,GAME20080402YGCD0044
2008,2008-04-03,Reg Season,Tokyo Yakult Swallows,Away,W,6,Yokohama BayStars,6,9,1,"0,0,0,0,1,0,2,2,1",3,Yokohama Stadium,,03:03,15859,GAME20080403DBYS0053
2008,2008-04-03,Reg Season,Yokohama BayStars,Home,L,3,Tokyo Yakult Swallows,3,12,1,"0,0,0,1,0,0,0,2,0",3,Yokohama Stadium,,03:03,15859,GAME20080403DBYS0053
2008,2008-04-03,Reg Season,Hanshin Tigers,Away,L,2,Hiroshima Toyo Carp,2,6,0,"1,0,1,0,0,0,0,0,0",3,MAZDA Zoom-Zoom Stadium Hiroshima,,02:48,13968,GAME20080403HCHT0051
2008,2008-04-03,Reg Season,Hiroshima Toyo Carp,Home,W,4,Hanshin Tigers,4,9,2,"0,0,1,0,3,0,0,0,x",3,MAZDA Zoom-Zoom Stadium Hiroshima,,02:48,13968,GAME20080403HCHT0051
2008,2008-04-03,Reg Season,Saitama Seibu Lions,Away,W,4,Orix Buffaloes,4,9,0,"0,0,0,0,2,0,0,2,0",6,Kyocera Dome Osaka,,03:12,9163,GAME20080403OBSL0052
2008,2008-04-03,Reg Season,Orix Buffaloes,Home,L,3,Saitama Seibu Lions,3,8,0,"0,0,0,0,0,0,3,0,0",6,Kyocera Dome Osaka,,03:12,9163,GAME20080403OBSL0052
2008,2008-04-03,Reg Season,Chiba Lotte Marines,Away,L,1,Tohoku Rakuten Golden Eagles,1,5,3,"0,0,0,0,0,0,0,0,1",3,Rakuten Seimei Park Miyagi,,02:39,15018,GAME20080403RELM0050
2008,2008-04-03,Reg Season,Tohoku Rakuten Golden Eagles,Home,W,9,Chiba Lotte Marines,9,10,0,"0,0,5,0,3,1,0,0,x",3,Rakuten Seimei Park Miyagi,,02:39,15018,GAME20080403RELM0050
2008,2008-04-03,Reg Season,Hokkaido Nippon-Ham Fighters,Away,W,6,Fukuoka Softbank Hawks,6,8,0,"0,0,3,0,0,1,0,0,2",3,Mizuho PayPay Dome Fukuoka,,03:51,32144,GAME20080403SHNF0048
2008,2008-04-03,Reg Season,Fukuoka Softbank Hawks,Home,L,2,Hokkaido Nippon-Ham Fighters,2,7,1,"0,0,0,0,0,0,2,0,0",3,Mizuho PayPay Dome Fukuoka,,03:51,32144,GAME20080403SHNF0048
2008,2008-04-03,Reg Season,Chunichi Dragons,Away,L,5,Yomiuri Giants,5,8,0,"0,1,1,0,3,0,0,0,0",3,Tokyo Dome,,03:17,40198,GAME20080403YGCD0049
2008,2008-04-03,Reg Season,Yomiuri Giants,Home,W,6,Chunichi Dragons,6,10,0,"0,0,0,1,0,0,5,0,x",3,Tokyo Dome,,03:17,40198,GAME20080403YGCD0049
2008,2008-04-04,Reg Season,Tokyo Yakult Swallows,Away,W,6,Chunichi Dragons,6,6,0,"0,1,3,0,0,0,0,0,2",1,Vantelin Dome Nagoya,,03:02,31676,GAME20080404CDYS0057
2008,2008-04-04,Reg Season,Chunichi Dragons,Home,L,1,Tokyo Yakult Swallows,1,3,3,"0,0,0,1,0,0,0,0,0",1,Vantelin Dome Nagoya,,03:02,31676,GAME20080404CDYS0057
2008,2008-04-04,Reg Season,Yokohama BayStars,Away,W,2,Hiroshima Toyo Carp,2,7,0,"0,0,0,0,0,0,0,2,0",1,MAZDA Zoom-Zoom Stadium Hiroshima,,02:59,10571,GAME20080404HCDB0059
2008,2008-04-04,Reg Season,Hiroshima Toyo Carp,Home,L,1,Yokohama BayStars,1,9,3,"0,0,0,0,0,0,0,1,0",1,MAZDA Zoom-Zoom Stadium Hiroshima,,02:59,10571,GAME20080404HCDB0059
2008,2008-04-04,Reg Season,Fukuoka Softbank Hawks,Away,L,3,Chiba Lotte Marines,3,7,1,"1,0,0,0,0,2,0,0,0",4,ZOZO Marine Stadium,,03:29,18233,GAME20080404LMSH0056
2008,2008-04-04,Reg Season,Chiba Lotte Marines,Home,W,6,Fukuoka Softbank Hawks,6,11,1,"0,1,0,0,0,0,0,5,x",4,ZOZO Marine Stadium,,03:29,18233,GAME20080404LMSH0056
2008,2008-04-04,Reg Season,Hokkaido Nippon-Ham Fighters,Away,W,3,Orix Buffaloes,3,6,0,"0,3,0,0,0,0,0,0,0",1,Kyocera Dome Osaka,,03:08,11738,GAME20080404OBNF0054
2008,2008-04-04,Reg Season,Orix Buffaloes,Home,L,2,Hokkaido Nippon-Ham Fighters,2,8,0,"1,0,0,0,0,0,1,0,0",1,Kyocera Dome Osaka,,03:08,11738,GAME20080404OBNF0054
2008,2008-04-04,Reg Season,Tohoku Rakuten Golden Eagles,Away,L,2,Saitama Seibu Lions,2,13,1,"1,0,0,0,0,1,0,0,0",1,Maebashi Municipal Baseball Stadium,,03:11,17599,GAME20080404SLRE0055
2008,2008-04-04,Reg Season,Saitama Seibu Lions,Home,W,4,Tohoku Rakuten Golden Eagles,4,6,1,"0,1,1,2,0,0,0,0,x",1,Maebashi Municipal Baseball Stadium,,03:11,17599,GAME20080404SLRE0055
2008,2008-04-04,Reg Season,Hanshin Tigers,Away,W,6,Yomiuri Giants,6,11,0,"0,1,0,2,0,2,0,1,0",1,Tokyo Dome,,02:56,42412,GAME20080404YGHT0058
2008,2008-04-04,Reg Season,Yomiuri Giants,Home,L,1,Hanshin Tigers,1,4,0,"1,0,0,0,0,0,0,0,0",1,Tokyo Dome,,02:56,42412,GAME20080404YGHT0058
2008,2008-04-05,Reg Season,Tokyo Yakult Swallows,Away,L,3,Chunichi Dragons,3,7,0,"2,0,0,0,0,0,0,1,0",2,Vantelin Dome Nagoya,,02:57,35949,GAME20080405CDYS0065
2008,2008-04-05,Reg Season,Chunichi Dragons,Home,W,6,Tokyo Yakult Swallows,6,11,0,"0,2,1,2,1,0,0,0,x",2,Vantelin Dome Nagoya,,02:57,35949,GAME20080405CDYS0065
2008,2008-04-05,Reg Season,Yokohama BayStars,Away,L,3,Hiroshima Toyo Carp,3,9,0,"0,1,1,0,1,0,0,0,0,0",2,MAZDA Zoom-Zoom Stadium Hiroshima,,03:51,15387,GAME20080405HCDB0063
2008,2008-04-05,Reg Season,Hiroshima Toyo Carp,Home,W,4,Yokohama BayStars,4,15,1,"1,0,0,0,0,0,0,0,2,1x",2,MAZDA Zoom-Zoom Stadium Hiroshima,,03:51,15387,GAME20080405HCDB0063
2008,2008-04-05,Reg Season,Fukuoka Softbank Hawks,Away,W,3,Chiba Lotte Marines,3,7,0,"1,0,0,0,2,0,0,0,0",5,ZOZO Marine Stadium,,02:52,26376,GAME20080405LMSH0061
2008,2008-04-05,Reg Season,Chiba Lotte Marines,Home,L,0,Fukuoka Softbank Hawks,0,4,1,"0,0,0,0,0,0,0,0,0",5,ZOZO Marine Stadium,,02:52,26376,GAME20080405LMSH0061
2008,2008-04-05,Reg Season,Hokkaido Nippon-Ham Fighters,Away,L,2,Orix Buffaloes,2,6,1,"0,1,0,0,0,0,0,0,1",2,Kyocera Dome Osaka,,02:38,18129,GAME20080405OBNF0060
2008,2008-04-05,Reg Season,Orix Buffaloes,Home,W,7,Hokkaido Nippon-Ham Fighters,7,8,0,"0,1,0,0,0,3,0,3,x",2,Kyocera Dome Osaka,,02:38,18129,GAME20080405OBNF0060
2008,2008-04-05,Reg Season,Tohoku Rakuten Golden Eagles,Away,L,2,Saitama Seibu Lions,2,8,2,"0,0,1,0,0,0,0,1,0",2,Belluna Dome,,03:13,23902,GAME20080405SLRE0064
2008,2008-04-05,Reg Season,Saitama Seibu Lions,Home,W,4,Tohoku Rakuten Golden Eagles,4,8,0,"0,0,1,1,0,2,0,0,x",2,Belluna Dome,,03:13,23902,GAME20080405SLRE0064
2008,2008-04-05,Reg Season,Hanshin Tigers,Away,W,3,Yomiuri Giants,3,4,0,"0,0,0,0,1,2,0,0,0",2,Tokyo Dome,,02:34,44470,GAME20080405YGHT0062
2008,2008-04-05,Reg Season,Yomiuri Giants,Home,L,1,Hanshin Tigers,1,4,0,"0,0,0,0,0,0,0,1,0",2,Tokyo Dome,,02:34,44470,GAME20080405YGHT0062
2008,2008-04-06,Reg Season,Tokyo Yakult Swallows,Away,L,0,Chunichi Dragons,0,4,0,"0,0,0,0,0,0,0,0,0",3,Vantelin Dome Nagoya,,02:56,35604,GAME20080406CDYS0069
2008,2008-04-06,Reg Season,Chunichi Dragons,Home,W,6,Tokyo Yakult Swallows,6,12,0,"1,1,1,1,1,1,0,0,x",3,Vantelin Dome Nagoya,,02:56,35604,GAME20080406CDYS0069
2008,2008-04-06,Reg Season,Yokohama BayStars,Away,L,3,Hiroshima Toyo Carp,3,7,2,"0,0,0,0,2,0,1,0,0",3,MAZDA Zoom-Zoom Stadium Hiroshima,,03:00,14849,GAME20080406HCDB0071
2008,2008-04-06,Reg Season,Hiroshima Toyo Carp,Home,W,17,Yokohama BayStars,17,18,0,"0,3,0,3,3,4,1,3,x",3,MAZDA Zoom-Zoom Stadium Hiroshima,,03:00,14849,GAME20080406HCDB0071
2008,2008-04-06,Reg Season,Fukuoka Softbank Hawks,Away,L,4,Chiba Lotte Marines,4,12,0,"0,0,0,2,0,0,2,0,0",6,ZOZO Marine Stadium,,03:18,28542,GAME20080406LMSH0070
2008,2008-04-06,Reg Season,Chiba Lotte Marines,Home,W,5,Fukuoka Softbank Hawks,5,9,0,"0,0,0,0,0,0,3,0,2x",6,ZOZO Marine Stadium,,03:18,28542,GAME20080406LMSH0070
2008,2008-04-06,Reg Season,Hokkaido Nippon-Ham Fighters,Away,W,3,Orix Buffaloes,3,11,0,"0,0,0,0,1,1,0,0,1",3,Kobe Athletic Park Baseball Field,,03:00,14111,GAME20080406OBNF0066
2008,2008-04-06,Reg Season,Orix Buffaloes,Home,L,2,Hokkaido Nippon-Ham Fighters,2,7,2,"0,1,0,0,0,0,0,0,1",3,Kobe Athletic Park Baseball Field,,03:00,14111,GAME20080406OBNF0066
2008,2008-04-06,Reg Season,Tohoku Rakuten Golden Eagles,Away,L,3,Saitama Seibu Lions,3,5,0,"0,0,0,0,0,0,0,0,3",3,Belluna Dome,,02:50,18213,GAME20080406SLRE0068
2008,2008-04-06,Reg Season,Saitama Seibu Lions,Home,W,4,Tohoku Rakuten Golden Eagles,4,8,0,"1,0,2,0,1,0,0,0,x",3,Belluna Dome,,02:50,18213,GAME20080406SLRE0068
2008,2008-04-06,Reg Season,Hanshin Tigers,Away,L,1,Yomiuri Giants,1,7,0,"0,0,0,0,0,0,0,1,0",3,Tokyo Dome,,02:42,44132,GAME20080406YGHT0067
2008,2008-04-06,Reg Season,Yomiuri Giants,Home,W,9,Hanshin Tigers,9,15,0,"0,0,2,0,6,0,0,1,x",3,Tokyo Dome,,02:42,44132,GAME20080406YGHT0067
2008,2008-04-08,Reg Season,Yomiuri Giants,Away,T,3,Yokohama BayStars,3,8,0,"0,0,0,0,3,0,0,0,0,0,0,0",1,Yokohama Stadium,,04:00,8429,GAME20080408DBYG0076
2008,2008-04-08,Reg Season,Yokohama BayStars,Home,T,3,Yomiuri Giants,3,9,0,"1,0,0,0,1,0,1,0,0,0,0,0",1,Yokohama Stadium,,04:00,8429,GAME20080408DBYG0076
2008,2008-04-08,Reg Season,Chunichi Dragons,Away,L,2,Hanshin Tigers,2,7,1,"0,0,0,0,1,0,0,0,1",1,Hanshin Koshien Stadium,,03:23,43496,GAME20080408HTCD0075
2008,2008-04-08,Reg Season,Hanshin Tigers,Home,W,3,Chunichi Dragons,3,5,1,"0,0,0,0,0,0,3,0,x",1,Hanshin Koshien Stadium,,03:23,43496,GAME20080408HTCD0075
2008,2008-04-08,Reg Season,Tohoku Rakuten Golden Eagles,Away,L,7,Hokkaido Nippon-Ham Fighters,7,11,1,"0,7,0,0,0,0,0,0,0",3,Sapporo Dome,,03:15,20257,GAME20080408NFRE0073
2008,2008-04-08,Reg Season,Hokkaido Nippon-Ham Fighters,Home,W,8,Tohoku Rakuten Golden Eagles,8,10,0,"0,0,5,2,0,1,0,0,x",3,Sapporo Dome,,03:15,20257,GAME20080408NFRE0073
2008,2008-04-08,Reg Season,Orix Buffaloes,Away,W,8,Fukuoka Softbank Hawks,8,14,0,"0,1,2,0,0,0,0,5,0",1,Lib Work Fujisakidai Stadium,,03:22,13141,GAME20080408SHOB0072
2008,2008-04-08,Reg Season,Fukuoka Softbank Hawks,Home,L,3,Orix Buffaloes,3,8,2,"0,2,0,1,0,0,0,0,0",1,Lib Work Fujisakidai Stadium,,03:22,13141,GAME20080408SHOB0072
2008,2008-04-08,Reg Season,Chiba Lotte Marines,Away,L,3,Saitama Seibu Lions,3,5,0,"2,0,0,0,1,0,0,0,0",1,Belluna Dome,,03:08,8818,GAME20080408SLLM0074
2008,2008-04-08,Reg Season,Saitama Seibu Lions,Home,W,4,Chiba Lotte Marines,4,8,1,"0,0,1,0,0,0,1,0,2x",1,Belluna Dome,,03:08,8818,GAME20080408SLLM0074
2008,2008-04-09,Reg Season,Yomiuri Giants,Away,W,4,Yokohama BayStars,4,4,1,"0,0,0,0,0,2,2,0,0",2,Yokohama Stadium,,02:50,18016,GAME20080409DBYG0080
2008,2008-04-09,Reg Season,Yokohama BayStars,Home,L,1,Yomiuri Giants,1,7,2,"0,0,0,0,0,0,0,1,0",2,Yokohama Stadium,,02:50,18016,GAME20080409DBYG0080
2008,2008-04-09,Reg Season,Chunichi Dragons,Away,L,0,Hanshin Tigers,0,2,0,"0,0,0,0,0,0,0,0,0",2,Hanshin Koshien Stadium,,02:45,38560,GAME20080409HTCD0079
2008,2008-04-09,Reg Season,Hanshin Tigers,Home,W,2,Chunichi Dragons,2,5,0,"1,0,1,0,0,0,0,0,x",2,Hanshin Koshien Stadium,,02:45,38560,GAME20080409HTCD0079
2008,2008-04-09,Reg Season,Tohoku Rakuten Golden Eagles,Away,L,2,Hokkaido Nippon-Ham Fighters,2,7,0,"0,0,1,1,0,0,0,0,0",4,Sapporo Dome,,02:53,19044,GAME20080409NFRE0078
2008,2008-04-09,Reg Season,Hokkaido Nippon-Ham Fighters,Home,W,4,Tohoku Rakuten Golden Eagles,4,7,1,"2,0,0,0,0,1,1,0,x",4,Sapporo Dome,,02:53,19044,GAME20080409NFRE0078
2008,2008-04-09,Reg Season,Orix Buffaloes,Away,W,4,Fukuoka Softbank Hawks,4,3,1,"0,1,0,3,0,0,0,0,0",2,Mizuho PayPay Dome Fukuoka,,03:18,23978,GAME20080409SHOB0077
2008,2008-04-09,Reg Season,Fukuoka Softbank Hawks,Home,L,1,Orix Buffaloes,1,4,0,"0,0,1,0,0,0,0,0,0",2,Mizuho PayPay Dome Fukuoka,,03:18,23978,GAME20080409SHOB0077
2008,2008-04-09,Reg Season,Chiba Lotte Marines,Away,W,10,Saitama Seibu Lions,10,13,1,"4,0,0,1,3,0,0,0,2",2,Belluna Dome,,02:49,10541,GAME20080409SLLM0082
2008,2008-04-09,Reg Season,Saitama Seibu Lions,Home,L,1,Chiba Lotte Marines,1,4,1,"0,0,0,0,0,1,0,0,0",2,Belluna Dome,,02:49,10541,GAME20080409SLLM0082
2008,2008-04-09,Reg Season,Hiroshima Toyo Carp,Away,W,1,Tokyo Yakult Swallows,1,9,1,"0,0,0,0,1,0,0,0,0",1,Meiji Jingu Stadium,,02:58,14637,GAME20080409YSHC0081
2008,2008-04-09,Reg Season,Tokyo Yakult Swallows,Home,L,0,Hiroshima Toyo Carp,0,5,0,"0,0,0,0,0,0,0,0,0",1,Meiji Jingu Stadium,,02:58,14637,GAME20080409YSHC0081
2008,2008-04-10,Reg Season,Tohoku Rakuten Golden Eagles,Away,L,0,Hokkaido Nippon-Ham Fighters,0,3,0,"0,0,0,0,0,0,0,0,0",5,Sapporo Dome,,02:08,25197,GAME20080410NFRE0084
2008,2008-04-10,Reg Season,Hokkaido Nippon-Ham Fighters,Home,W,1,Tohoku Rakuten Golden Eagles,1,3,0,"0,0,0,0,0,0,1,0,x",5,Sapporo Dome,,02:08,25197,GAME20080410NFRE0084
2008,2008-04-10,Reg Season,Orix Buffaloes,Away,L,1,Fukuoka Softbank Hawks,1,9,0,"0,0,0,1,0,0,0,0,0",3,Mizuho PayPay Dome Fukuoka,,02:58,23194,GAME20080410SHOB0083
2008,2008-04-10,Reg Season,Fukuoka Softbank Hawks,Home,W,5,Orix Buffaloes,5,12,0,"0,0,1,0,2,0,0,2,x",3,Mizuho PayPay Dome Fukuoka,,02:58,23194,GAME20080410SHOB0083
2008,2008-04-10,Reg Season,Chiba Lotte Marines,Away,L,5,Saitama Seibu Lions,5,8,0,"0,0,2,0,0,0,0,0,3",3,Belluna Dome,,03:13,7702,GAME20080410SLLM0085
2008,2008-04-10,Reg Season,Saitama Seibu Lions,Home,W,15,Chiba Lotte Marines,15,17,0,"5,2,0,6,0,0,2,0,x",3,Belluna Dome,,03:13,7702,GAME20080410SLLM0085
2008,2008-04-11,Reg Season,Hanshin Tigers,Away,L,1,Yokohama BayStars,1,5,0,"0,1,0,0,0,0,0,0,0",4,Yokohama Stadium,,02:40,18044,GAME20080411DBHT0087
2008,2008-04-11,Reg Season,Yokohama BayStars,Home,W,2,Hanshin Tigers,2,7,0,"0,0,1,0,0,1,0,0,x",4,Yokohama Stadium,,02:40,18044,GAME20080411DBHT0087
2008,2008-04-11,Reg Season,Chunichi Dragons,Away,W,7,Hiroshima Toyo Carp,7,7,0,"4,0,0,0,3,0,0,0,0",4,MAZDA Zoom-Zoom Stadium Hiroshima,,03:15,10119,GAME20080411HCCD0086
2008,2008-04-11,Reg Season,Hiroshima Toyo Carp,Home,L,3,Chunichi Dragons,3,12,0,"0,0,0,3,0,0,0,0,0",4,MAZDA Zoom-Zoom Stadium Hiroshima,,03:15,10119,GAME20080411HCCD0086
2008,2008-04-11,Reg Season,Hokkaido Nippon-Ham Fighters,Away,W,3,Chiba Lotte Marines,3,7,1,"0,0,0,2,0,1,0,0,0",4,ZOZO Marine Stadium,,03:31,15161,GAME20080411LMNF0089
2008,2008-04-11,Reg Season,Chiba Lotte Marines,Home,L,2,Hokkaido Nippon-Ham Fighters,2,8,2,"0,1,0,1,0,0,0,0,0",4,ZOZO Marine Stadium,,03:31,15161,GAME20080411LMNF0089
2008,2008-04-11,Reg Season,Orix Buffaloes,Away,L,4,Tohoku Rakuten Golden Eagles,4,11,0,"1,0,0,0,0,0,1,1,1,0",4,Rakuten Seimei Park Miyagi,,03:28,10626,GAME20080411REOB0088
2008,2008-04-11,Reg Season,Tohoku Rakuten Golden Eagles,Home,W,5,Orix Buffaloes,5,9,1,"3,0,1,0,0,0,0,0,0,1x",4,Rakuten Seimei Park Miyagi,,03:28,10626,GAME20080411REOB0088
2008,2008-04-11,Reg Season,Saitama Seibu Lions,Away,W,8,Fukuoka Softbank Hawks,8,10,0,"1,0,1,4,0,0,2,0,0",4,Mizuho PayPay Dome Fukuoka,,03:40,28721,GAME20080411SHSL0091
2008,2008-04-11,Reg Season,Fukuoka Softbank Hawks,Home,L,3,Saitama Seibu Lions,3,15,1,"1,2,0,0,0,0,0,0,0",4,Mizuho PayPay Dome Fukuoka,,03:40,28721,GAME20080411SHSL0091
2008,2008-04-11,Reg Season,Tokyo Yakult Swallows,Away,L,1,Yomiuri Giants,1,8,0,"0,0,1,0,0,0,0,0,0",4,Tokyo Dome,,02:30,39071,GAME20080411YGYS0090
2008,2008-04-11,Reg Season,Yomiuri Giants,Home,W,2,Tokyo Yakult Swallows,2,6,0,"2,0,0,0,0,0,0,0,x",4,Tokyo Dome,,02:30,39071,GAME20080411YGYS0090
2008,2008-04-12,Reg Season,Hanshin Tigers,Away,W,6,Yokohama BayStars,6,12,1,"1,0,0,2,0,0,2,0,1",5,Yokohama Stadium,,03:43,29866,GAME20080412DBHT0096
2008,2008-04-12,Reg Season,Yokohama BayStars,Home,L,3,Hanshin Tigers,3,13,0,"0,1,2,0,0,0,0,0,0",5,Yokohama Stadium,,03:43,29866,GAME20080412DBHT0096
2008,2008-04-12,Reg Season,Chunichi Dragons,Away,L,1,Hiroshima Toyo Carp,1,6,0,"0,1,0,0,0,0,0,0,0",5,MAZDA Zoom-Zoom Stadium Hiroshima,,02:36,13897,GAME20080412HCCD0092
2008,2008-04-12,Reg Season,Hiroshima Toyo Carp,Home,W,3,Chunichi Dragons,3,9,0,"0,0,0,3,0,0,0,0,x",5,MAZDA Zoom-Zoom Stadium Hiroshima,,02:36,13897,GAME20080412HCCD0092
2008,2008-04-12,Reg Season,Hokkaido Nippon-Ham Fighters,Away,L,1,Chiba Lotte Marines,1,2,1,"0,0,0,0,0,0,0,0,1",5,ZOZO Marine Stadium,,02:56,27513,GAME20080412LMNF0097
2008,2008-04-12,Reg Season,Chiba Lotte Marines,Home,W,2,Hokkaido Nippon-Ham Fighters,2,6,1,"0,0,0,0,0,1,0,0,1x",5,ZOZO Marine Stadium,,02:56,27513,GAME20080412LMNF0097
2008,2008-04-12,Reg Season,Orix Buffaloes,Away,L,0,Tohoku Rakuten Golden Eagles,0,3,0,"0,0,0,0,0,0,0,0,0",5,Rakuten Seimei Park Miyagi,,02:40,15456,GAME20080412REOB0093
2008,2008-04-12,Reg Season,Tohoku Rakuten Golden Eagles,Home,W,3,Orix Buffaloes,3,6,1,"0,2,1,0,0,0,0,0,x",5,Rakuten Seimei Park Miyagi,,02:40,15456,GAME20080412REOB0093
2008,2008-04-12,Reg Season,Saitama Seibu Lions,Away,L,5,Fukuoka Softbank Hawks,5,9,3,"3,0,0,0,0,2,0,0,0",5,Mizuho PayPay Dome Fukuoka,,03:26,29692,GAME20080412SHSL0095
2008,2008-04-12,Reg Season,Fukuoka Softbank Hawks,Home,W,8,Saitama Seibu Lions,8,8,1,"0,0,2,0,2,1,3,0,x",5,Mizuho PayPay Dome Fukuoka,,03:26,29692,GAME20080412SHSL0095
2008,2008-04-12,Reg Season,Tokyo Yakult Swallows,Away,W,8,Yomiuri Giants,8,14,1,"0,1,0,0,0,1,4,0,2",5,Tokyo Dome,,03:45,42085,GAME20080412YGYS0094
2008,2008-04-12,Reg Season,Yomiuri Giants,Home,L,4,Tokyo Yakult Swallows,4,8,0,"0,0,0,1,3,0,0,0,0",5,Tokyo Dome,,03:45,42085,GAME20080412YGYS0094
2008,2008-04-13,Reg Season,Hanshin Tigers,Away,W,3,Yokohama BayStars,3,10,0,"0,0,0,0,0,0,0,3,0",6,Yokohama Stadium,,03:00,18864,GAME20080413DBHT0100
2008,2008-04-13,Reg Season,Yokohama BayStars,Home,L,1,Hanshin Tigers,1,7,1,"0,0,0,0,0,1,0,0,0",6,Yokohama Stadium,,03:00,18864,GAME20080413DBHT0100
2008,2008-04-13,Reg Season,Chunichi Dragons,Away,W,7,Hiroshima Toyo Carp,7,17,0,"2,0,1,0,2,2,0,0,0",6,MAZDA Zoom-Zoom Stadium Hiroshima,,02:52,10600,GAME20080413HCCD0098
2008,2008-04-13,Reg Season,Hiroshima Toyo Carp,Home,L,0,Chunichi Dragons,0,11,0,"0,0,0,0,0,0,0,0,0",6,MAZDA Zoom-Zoom Stadium Hiroshima,,02:52,10600,GAME20080413HCCD0098
2008,2008-04-13,Reg Season,Hokkaido Nippon-Ham Fighters,Away,L,1,Chiba Lotte Marines,1,6,0,"1,0,0,0,0,0,0,0,0,0",6,ZOZO Marine Stadium,,02:55,16282,GAME20080413LMNF0101
2008,2008-04-13,Reg Season,Chiba Lotte Marines,Home,W,2,Hokkaido Nippon-Ham Fighters,2,8,0,"0,0,0,0,0,0,1,0,0,1x",6,ZOZO Marine Stadium,,02:55,16282,GAME20080413LMNF0101
2008,2008-04-13,Reg Season,Orix Buffaloes,Away,L,6,Tohoku Rakuten Golden Eagles,6,9,1,"1,1,0,2,0,0,0,0,2",6,Rakuten Seimei Park Miyagi,,03:26,12879,GAME20080413REOB0102
2008,2008-04-13,Reg Season,Tohoku Rakuten Golden Eagles,Home,W,12,Orix Buffaloes,12,14,1,"4,2,0,3,3,0,0,0,x",6,Rakuten Seimei Park Miyagi,,03:26,12879,GAME20080413REOB0102
2008,2008-04-13,Reg Season,Saitama Seibu Lions,Away,L,4,Fukuoka Softbank Hawks,4,9,0,"0,0,0,3,0,0,1,0,0",6,Mizuho PayPay Dome Fukuoka,,03:29,29545,GAME20080413SHSL0103
2008,2008-04-13,Reg Season,Fukuoka Softbank Hawks,Home,W,5,Saitama Seibu Lions,5,10,1,"1,0,0,0,2,1,0,0,1x",6,Mizuho PayPay Dome Fukuoka,,03:29,29545,GAME20080413SHSL0103
2008,2008-04-13,Reg Season,Tokyo Yakult Swallows,Away,L,4,Yomiuri Giants,4,10,0,"0,1,0,1,0,0,1,1,0",6,Tokyo Dome,,02:49,40316,GAME20080413YGYS0099
2008,2008-04-13,Reg Season,Yomiuri Giants,Home,W,6,Tokyo Yakult Swallows,6,7,0,"3,0,2,0,0,0,1,0,x",6,Tokyo Dome,,02:49,40316,GAME20080413YGYS0099
2008,2008-04-15,Reg Season,Yomiuri Giants,Away,L,3,Chunichi Dragons,3,6,0,"0,1,1,0,1,0,0,0,0",4,Vantelin Dome Nagoya,,03:23,33169,GAME20080415CDYG0105
2008,2008-04-15,Reg Season,Chunichi Dragons,Home,W,6,Yomiuri Giants,6,10,0,"0,0,0,4,2,0,0,0,x",4,Vantelin Dome Nagoya,,03:23,33169,GAME20080415CDYG0105
2008,2008-04-15,Reg Season,Hiroshima Toyo Carp,Away,L,0,Hanshin Tigers,0,4,1,"0,0,0,0,0,0,0,0,0",4,Hanshin Koshien Stadium,,02:43,37954,GAME20080415HTHC0104
2008,2008-04-15,Reg Season,Hanshin Tigers,Home,W,5,Hiroshima Toyo Carp,5,10,1,"1,0,0,0,0,0,0,4,x",4,Hanshin Koshien Stadium,,02:43,37954,GAME20080415HTHC0104
2008,2008-04-15,Reg Season,Tohoku Rakuten Golden Eagles,Away,L,6,Chiba Lotte Marines,6,10,0,"1,0,0,1,0,0,0,2,2",4,ZOZO Marine Stadium,,03:28,17336,GAME20080415LMRE0109
2008,2008-04-15,Reg Season,Chiba Lotte Marines,Home,W,7,Tohoku Rakuten Golden Eagles,7,10,0,"0,0,0,3,0,2,0,2,x",4,ZOZO Marine Stadium,,03:28,17336,GAME20080415LMRE0109
2008,2008-04-15,Reg Season,Fukuoka Softbank Hawks,Away,W,7,Orix Buffaloes,7,15,0,"0,0,0,0,0,2,1,4,0",4,Kyocera Dome Osaka,,03:19,12841,GAME20080415OBSH0107
2008,2008-04-15,Reg Season,Orix Buffaloes,Home,L,3,Fukuoka Softbank Hawks,3,8,0,"0,2,0,0,0,0,0,1,0",4,Kyocera Dome Osaka,,03:19,12841,GAME20080415OBSH0107
2008,2008-04-15,Reg Season,Hokkaido Nippon-Ham Fighters,Away,T,3,Saitama Seibu Lions,3,9,1,"1,1,0,0,0,1,0,0,0,0,0,0",4,Belluna Dome,,03:52,8397,GAME20080415SLNF0106
2008,2008-04-15,Reg Season,Saitama Seibu Lions,Home,T,3,Hokkaido Nippon-Ham Fighters,3,6,0,"0,0,0,0,2,0,0,1,0,0,0,0",4,Belluna Dome,,03:52,8397,GAME20080415SLNF0106
2008,2008-04-15,Reg Season,Yokohama BayStars,Away,L,1,Tokyo Yakult Swallows,1,7,0,"0,0,0,1,0,0,0,0,0",4,Meiji Jingu Stadium,,02:59,12568,GAME20080415YSDB0108
2008,2008-04-15,Reg Season,Tokyo Yakult Swallows,Home,W,2,Yokohama BayStars,2,9,0,"0,0,1,0,0,1,0,0,x",4,Meiji Jingu Stadium,,02:59,12568,GAME20080415YSDB0108
2008,2008-04-16,Reg Season,Yomiuri Giants,Away,L,1,Chunichi Dragons,1,7,0,"1,0,0,0,0,0,0,0,0",5,Vantelin Dome Nagoya,,02:47,33598,GAME20080416CDYG0114
2008,2008-04-16,Reg Season,Chunichi Dragons,Home,W,6,Yomiuri Giants,6,9,0,"3,0,0,0,0,3,0,0,x",5,Vantelin Dome Nagoya,,02:47,33598,GAME20080416CDYG0114
2008,2008-04-16,Reg Season,Hiroshima Toyo Carp,Away,L,1,Hanshin Tigers,1,8,0,"1,0,0,0,0,0,0,0,0",5,Hanshin Koshien Stadium,,02:27,35938,GAME20080416HTHC0110
2008,2008-04-16,Reg Season,Hanshin Tigers,Home,W,5,Hiroshima Toyo Carp,5,12,0,"1,0,1,0,0,3,0,0,x",5,Hanshin Koshien Stadium,,02:27,35938,GAME20080416HTHC0110
2008,2008-04-16,Reg Season,Tohoku Rakuten Golden Eagles,Away,L,1,Chiba Lotte Marines,1,5,1,"0,1,0,0,0,0,0,0,0",5,ZOZO Marine Stadium,,02:43,16853,GAME20080416LMRE0113
2008,2008-04-16,Reg Season,Chiba Lotte Marines,Home,W,2,Tohoku Rakuten Golden Eagles,2,6,2,"1,0,0,0,1,0,0,0,x",5,ZOZO Marine Stadium,,02:43,16853,GAME20080416LMRE0113
2008,2008-04-16,Reg Season,Fukuoka Softbank Hawks,Away,L,1,Orix Buffaloes,1,7,1,"0,0,0,0,0,0,0,0,1",5,Kyocera Dome Osaka,,02:41,10703,GAME20080416OBSH0115
2008,2008-04-16,Reg Season,Orix Buffaloes,Home,W,2,Fukuoka Softbank Hawks,2,3,0,"1,0,0,0,1,0,0,0,x",5,Kyocera Dome Osaka,,02:41,10703,GAME20080416OBSH0115
2008,2008-04-16,Reg Season,Hokkaido Nippon-Ham Fighters,Away,L,2,Saitama Seibu Lions,2,9,0,"1,0,0,0,0,1,0,0,0",5,Belluna Dome,,03:15,11263,GAME20080416SLNF0111
2008,2008-04-16,Reg Season,Saitama Seibu Lions,Home,W,4,Hokkaido Nippon-Ham Fighters,4,10,2,"0,0,0,1,2,1,0,0,x",5,Belluna Dome,,03:15,11263,GAME20080416SLNF0111
2008,2008-04-16,Reg Season,Yokohama BayStars,Away,W,16,Tokyo Yakult Swallows,16,22,0,"2,0,1,0,9,0,3,0,1",5,Meiji Jingu Stadium,,03:26,12593,GAME20080416YSDB0112
2008,2008-04-16,Reg Season,Tokyo Yakult Swallows,Home,L,4,Yokohama BayStars,4,8,1,"0,0,0,0,3,1,0,0,0",5,Meiji Jingu Stadium,,03:26,12593,GAME20080416YSDB0112
2008,2008-04-17,Reg Season,Yomiuri Giants,Away,W,1,Chunichi Dragons,1,6,0,"0,0,0,1,0,0,0,0,0",6,Vantelin Dome Nagoya,,02:41,32537,GAME20080417CDYG0117
2008,2008-04-17,Reg Season,Chunichi Dragons,Home,L,0,Yomiuri Giants,0,8,0,"0,0,0,0,0,0,0,0,0",6,Vantelin Dome Nagoya,,02:41,32537,GAME20080417CDYG0117
2008,2008-04-17,Reg Season,Tohoku Rakuten Golden Eagles,Away,W,11,Chiba Lotte Marines,11,11,2,"0,3,0,0,0,1,0,3,4",6,ZOZO Marine Stadium,,03:06,9211,GAME20080417LMRE0116
2008,2008-04-17,Reg Season,Chiba Lotte Marines,Home,L,2,Tohoku Rakuten Golden Eagles,2,6,1,"0,0,0,2,0,0,0,0,0",6,ZOZO Marine Stadium,,03:06,9211,GAME20080417LMRE0116
2008,2008-04-18,Reg Season,Yomiuri Giants,Away,W,5,Hiroshima Toyo Carp,5,14,0,"0,0,0,3,0,0,2,0,0",1,MAZDA Zoom-Zoom Stadium Hiroshima,,02:44,11025,GAME20080418HCYG0118
2008,2008-04-18,Reg Season,Hiroshima Toyo Carp,Home,L,1,Yomiuri Giants,1,7,1,"0,0,0,1,0,0,0,0,0",1,MAZDA Zoom-Zoom Stadium Hiroshima,,02:44,11025,GAME20080418HCYG0118
2008,2008-04-18,Reg Season,Fukuoka Softbank Hawks,Away,L,1,Hokkaido Nippon-Ham Fighters,1,3,1,"1,0,0,0,0,0,0,0,0",4,Sapporo Dome,,02:18,18107,GAME20080418NFSH0120
2008,2008-04-18,Reg Season,Hokkaido Nippon-Ham Fighters,Home,W,3,Fukuoka Softbank Hawks,3,6,1,"0,0,1,0,0,0,1,1,x",4,Sapporo Dome,,02:18,18107,GAME20080418NFSH0120
2008,2008-04-18,Reg Season,Hanshin Tigers,Away,W,6,Tokyo Yakult Swallows,6,10,0,"1,0,0,0,3,0,0,1,1",1,Meiji Jingu Stadium,,03:25,14890,GAME20080418YSHT0119
2008,2008-04-18,Reg Season,Tokyo Yakult Swallows,Home,L,2,Hanshin Tigers,2,9,3,"0,0,0,1,0,0,0,0,1",1,Meiji Jingu Stadium,,03:25,14890,GAME20080418YSHT0119
2008,2008-04-19,Reg Season,Chunichi Dragons,Away,W,10,Yokohama BayStars,10,14,1,"1,0,2,2,0,2,2,0,1",1,Yokohama Stadium,,03:25,15760,GAME20080419DBCD0122
2008,2008-04-19,Reg Season,Yokohama BayStars,Home,L,5,Chunichi Dragons,5,14,1,"1,0,0,1,0,0,1,2,0",1,Yokohama Stadium,,03:25,15760,GAME20080419DBCD0122
2008,2008-04-19,Reg Season,Yomiuri Giants,Away,L,0,Hiroshima Toyo Carp,0,5,2,"0,0,0,0,0,0,0,0,0",2,MAZDA Zoom-Zoom Stadium Hiroshima,,02:06,20203,GAME20080419HCYG0125
2008,2008-04-19,Reg Season,Hiroshima Toyo Carp,Home,W,1,Yomiuri Giants,1,3,0,"0,0,0,0,1,0,0,0,x",2,MAZDA Zoom-Zoom Stadium Hiroshima,,02:06,20203,GAME20080419HCYG0125
2008,2008-04-19,Reg Season,Fukuoka Softbank Hawks,Away,L,2,Hokkaido Nippon-Ham Fighters,2,10,0,"0,0,0,0,0,1,0,1,0",5,Sapporo Dome,,03:16,27041,GAME20080419NFSH0124
2008,2008-04-19,Reg Season,Hokkaido Nippon-Ham Fighters,Home,W,4,Fukuoka Softbank Hawks,4,7,0,"0,2,1,0,0,1,0,0,x",5,Sapporo Dome,,03:16,27041,GAME20080419NFSH0124
2008,2008-04-19,Reg Season,Chiba Lotte Marines,Away,L,3,Orix Buffaloes,3,8,3,"0,2,0,0,0,0,1,0,0",4,Tokyo Dome,,02:55,24867,GAME20080419OBLM0121
2008,2008-04-19,Reg Season,Orix Buffaloes,Home,W,9,Chiba Lotte Marines,9,13,2,"1,0,1,0,6,0,1,0,x",4,Tokyo Dome,,02:55,24867,GAME20080419OBLM0121
2008,2008-04-19,Reg Season,Hanshin Tigers,Away,L,1,Tokyo Yakult Swallows,1,3,0,"0,0,1,0,0,0,0,0,0",2,Meiji Jingu Stadium,,03:04,27273,GAME20080419YSHT0123
2008,2008-04-19,Reg Season,Tokyo Yakult Swallows,Home,W,4,Hanshin Tigers,4,10,0,"3,0,0,1,0,0,0,0,x",2,Meiji Jingu Stadium,,03:04,27273,GAME20080419YSHT0123
2008,2008-04-20,Reg Season,Chunichi Dragons,Away,W,3,Yokohama BayStars,3,6,0,"0,1,0,0,0,1,1,0,0",2,Yokohama Stadium,,03:10,17964,GAME20080420DBCD0127
2008,2008-04-20,Reg Season,Yokohama BayStars,Home,L,1,Chunichi Dragons,1,10,1,"0,0,0,0,1,0,0,0,0",2,Yokohama Stadium,,03:10,17964,GAME20080420DBCD0127
2008,2008-04-20,Reg Season,Yomiuri Giants,Away,L,4,Hiroshima Toyo Carp,4,5,0,"2,0,0,0,0,0,0,2,0",3,MAZDA Zoom-Zoom Stadium Hiroshima,,02:38,14307,GAME20080420HCYG0129
2008,2008-04-20,Reg Season,Hiroshima Toyo Carp,Home,W,5,Yomiuri Giants,5,9,1,"0,1,0,0,3,1,0,0,x",3,MAZDA Zoom-Zoom Stadium Hiroshima,,02:38,14307,GAME20080420HCYG0129
2008,2008-04-20,Reg Season,Fukuoka Softbank Hawks,Away,W,4,Hokkaido Nippon-Ham Fighters,4,10,0,"1,0,0,1,1,0,0,0,1",6,Sapporo Dome,,03:03,30536,GAME20080420NFSH0128
2008,2008-04-20,Reg Season,Hokkaido Nippon-Ham Fighters,Home,L,2,Fukuoka Softbank Hawks,2,6,0,"0,0,0,0,0,0,0,2,0",6,Sapporo Dome,,03:03,30536,GAME20080420NFSH0128
2008,2008-04-20,Reg Season,Chiba Lotte Marines,Away,W,6,Orix Buffaloes,6,11,0,"0,0,0,0,1,5,0,0,0",5,Tokyo Dome,,02:47,23147,GAME20080420OBLM0130
2008,2008-04-20,Reg Season,Orix Buffaloes,Home,L,0,Chiba Lotte Marines,0,4,0,"0,0,0,0,0,0,0,0,0",5,Tokyo Dome,,02:47,23147,GAME20080420OBLM0130
2008,2008-04-20,Reg Season,Saitama Seibu Lions,Away,W,4,Tohoku Rakuten Golden Eagles,4,8,0,"2,1,0,0,0,0,0,0,0,1",4,Rakuten Seimei Park Miyagi,,03:34,19601,GAME20080420RESL0126
2008,2008-04-20,Reg Season,Tohoku Rakuten Golden Eagles,Home,L,3,Saitama Seibu Lions,3,5,1,"2,0,0,0,0,0,0,1,0,0",4,Rakuten Seimei Park Miyagi,,03:34,19601,GAME20080420RESL0126
2008,2008-04-20,Reg Season,Hanshin Tigers,Away,W,4,Tokyo Yakult Swallows,4,10,0,"2,0,0,0,0,0,2,0,0",3,Meiji Jingu Stadium,,03:22,23051,GAME20080420YSHT0131
2008,2008-04-20,Reg Season,Tokyo Yakult Swallows,Home,L,2,Hanshin Tigers,2,5,0,"1,0,0,0,0,0,1,0,0",3,Meiji Jingu Stadium,,03:22,23051,GAME20080420YSHT0131
2008,2008-04-22,Reg Season,Hanshin Tigers,Away,L,0,Chunichi Dragons,0,5,1,"0,0,0,0,0,0,0,0,0",3,Vantelin Dome Nagoya,,02:32,34013,GAME20080422CDHT0136
2008,2008-04-22,Reg Season,Chunichi Dragons,Home,W,8,Hanshin Tigers,8,12,0,"0,4,1,0,0,1,2,0,x",3,Vantelin Dome Nagoya,,02:32,34013,GAME20080422CDHT0136
2008,2008-04-22,Reg Season,Tokyo Yakult Swallows,Away,W,8,Hiroshima Toyo Carp,8,11,0,"2,0,0,0,0,3,0,0,3",2,MAZDA Zoom-Zoom Stadium Hiroshima,,02:33,10474,GAME20080422HCYS0137
2008,2008-04-22,Reg Season,Hiroshima Toyo Carp,Home,L,1,Tokyo Yakult Swallows,1,4,0,"0,0,0,0,0,0,1,0,0",2,MAZDA Zoom-Zoom Stadium Hiroshima,,02:33,10474,GAME20080422HCYS0137
2008,2008-04-22,Reg Season,Saitama Seibu Lions,Away,L,1,Chiba Lotte Marines,1,13,2,"0,0,1,0,0,0,0,0,0",4,ZOZO Marine Stadium,,03:28,16856,GAME20080422LMSL0134
2008,2008-04-22,Reg Season,Chiba Lotte Marines,Home,W,8,Saitama Seibu Lions,8,12,0,"1,0,0,0,1,1,4,1,x",4,ZOZO Marine Stadium,,03:28,16856,GAME20080422LMSL0134
2008,2008-04-22,Reg Season,Orix Buffaloes,Away,L,2,Hokkaido Nippon-Ham Fighters,2,8,1,"0,0,0,0,0,1,1,0,0",4,Sapporo Dome,,03:23,14253,GAME20080422NFOB0133
2008,2008-04-22,Reg Season,Hokkaido Nippon-Ham Fighters,Home,W,4,Orix Buffaloes,4,11,0,"1,0,0,0,1,0,2,0,x",4,Sapporo Dome,,03:23,14253,GAME20080422NFOB0133
2008,2008-04-22,Reg Season,Fukuoka Softbank Hawks,Away,L,3,Tohoku Rakuten Golden Eagles,3,9,2,"0,0,0,2,0,0,0,1,0",4,Rakuten Seimei Park Miyagi,,03:28,11799,GAME20080422RESH0132
2008,2008-04-22,Reg Season,Tohoku Rakuten Golden Eagles,Home,W,4,Fukuoka Softbank Hawks,4,10,0,"0,2,1,0,0,0,1,0,x",4,Rakuten Seimei Park Miyagi,,03:28,11799,GAME20080422RESH0132
2008,2008-04-22,Reg Season,Yokohama BayStars,Away,L,1,Yomiuri Giants,1,5,2,"0,0,0,0,1,0,0,0,0",3,Ube Municipal Baseball Stadium,,03:12,18564,GAME20080422YGDB0135
2008,2008-04-22,Reg Season,Yomiuri Giants,Home,W,6,Yokohama BayStars,6,13,0,"0,0,3,0,1,0,0,2,x",3,Ube Municipal Baseball Stadium,,03:12,18564,GAME20080422YGDB0135
2008,2008-04-23,Reg Season,Hanshin Tigers,Away,W,3,Chunichi Dragons,3,7,0,"0,0,0,1,0,1,0,1,0",4,Vantelin Dome Nagoya,,03:26,34598,GAME20080423CDHT0140
2008,2008-04-23,Reg Season,Chunichi Dragons,Home,L,2,Hanshin Tigers,2,6,0,"1,0,0,0,0,0,0,1,0",4,Vantelin Dome Nagoya,,03:26,34598,GAME20080423CDHT0140
2008,2008-04-23,Reg Season,Saitama Seibu Lions,Away,L,1,Chiba Lotte Marines,1,6,0,"1,0,0,0,0,0,0,0,0",5,ZOZO Marine Stadium,,02:46,16059,GAME20080423LMSL0139
2008,2008-04-23,Reg Season,Chiba Lotte Marines,Home,W,2,Saitama Seibu Lions,2,8,0,"0,0,0,2,0,0,0,0,x",5,ZOZO Marine Stadium,,02:46,16059,GAME20080423LMSL0139
2008,2008-04-23,Reg Season,Orix Buffaloes,Away,W,5,Hokkaido Nippon-Ham Fighters,5,12,1,"2,0,2,0,0,0,0,0,1",5,Sapporo Dome,,02:46,14358,GAME20080423NFOB0141
2008,2008-04-23,Reg Season,Hokkaido Nippon-Ham Fighters,Home,L,0,Orix Buffaloes,0,5,1,"0,0,0,0,0,0,0,0,0",5,Sapporo Dome,,02:46,14358,GAME20080423NFOB0141
2008,2008-04-23,Reg Season,Fukuoka Softbank Hawks,Away,L,0,Tohoku Rakuten Golden Eagles,0,7,1,"0,0,0,0,0,0,0,0,0",5,Rakuten Seimei Park Miyagi,,03:08,12353,GAME20080423RESH0138
2008,2008-04-23,Reg Season,Tohoku Rakuten Golden Eagles,Home,W,4,Fukuoka Softbank Hawks,4,7,0,"3,0,0,0,0,1,0,0,x",5,Rakuten Seimei Park Miyagi,,03:08,12353,GAME20080423RESH0138
2008,2008-04-23,Reg Season,Yokohama BayStars,Away,L,2,Yomiuri Giants,2,6,0,"0,0,0,0,0,2,0,0,0",4,Tokyo Dome,,02:43,37542,GAME20080423YGDB0142
2008,2008-04-23,Reg Season,Yomiuri Giants,Home,W,6,Yokohama BayStars,6,9,0,"0,0,0,0,0,1,4,1,x",4,Tokyo Dome,,02:43,37542,GAME20080423YGDB0142
2008,2008-04-24,Reg Season,Hanshin Tigers,Away,T,2,Chunichi Dragons,2,12,0,"1,0,0,1,0,0,0,0,0,0,0,0",5,Vantelin Dome Nagoya,,05:01,34349,GAME20080424CDHT0146
2008,2008-04-24,Reg Season,Chunichi Dragons,Home,T,2,Hanshin Tigers,2,9,1,"0,0,0,0,0,2,0,0,0,0,0,0",5,Vantelin Dome Nagoya,,05:01,34349,GAME20080424CDHT0146
2008,2008-04-24,Reg Season,Tokyo Yakult Swallows,Away,L,3,Hiroshima Toyo Carp,3,6,3,"0,0,0,1,0,2,0,0,0",3,MAZDA Zoom-Zoom Stadium Hiroshima,,02:57,10442,GAME20080424HCYS0143
2008,2008-04-24,Reg Season,Hiroshima Toyo Carp,Home,W,5,Tokyo Yakult Swallows,5,9,0,"2,0,2,0,1,0,0,0,x",3,MAZDA Zoom-Zoom Stadium Hiroshima,,02:57,10442,GAME20080424HCYS0143
2008,2008-04-24,Reg Season,Orix Buffaloes,Away,L,2,Hokkaido Nippon-Ham Fighters,2,8,0,"0,1,0,0,0,0,0,1,0,0",6,Sapporo Dome,,02:56,15644,GAME20080424NFOB0144
2008,2008-04-24,Reg Season,Hokkaido Nippon-Ham Fighters,Home,W,3,Orix Buffaloes,3,8,1,"0,0,0,0,0,0,1,0,1,1x",6,Sapporo Dome,,02:56,15644,GAME20080424NFOB0144
2008,2008-04-24,Reg Season,Yokohama BayStars,Away,L,2,Yomiuri Giants,2,8,0,"0,0,0,1,0,0,1,0,0",5,Tokyo Dome,,03:11,37559,GAME20080424YGDB0145
2008,2008-04-24,Reg Season,Yomiuri Giants,Home,W,6,Yokohama BayStars,6,13,2,"3,0,0,0,0,1,0,2,x",5,Tokyo Dome,,03:11,37559,GAME20080424YGDB0145
2008,2008-04-25,Reg Season,Hiroshima Toyo Carp,Away,L,2,Yokohama BayStars,2,6,0,"0,1,1,0,0,0,0,0,0",4,Yokohama Stadium,,02:47,12362,GAME20080425DBHC0150
2008,2008-04-25,Reg Season,Yokohama BayStars,Home,W,3,Hiroshima Toyo Carp,3,7,0,"0,1,0,0,0,0,2,0,x",4,Yokohama Stadium,,02:47,12362,GAME20080425DBHC0150
2008,2008-04-25,Reg Season,Yomiuri Giants,Away,W,3,Hanshin Tigers,3,10,0,"0,0,1,0,0,2,0,0,0",4,Hanshin Koshien Stadium,,03:19,43509,GAME20080425HTYG0148
2008,2008-04-25,Reg Season,Hanshin Tigers,Home,L,1,Yomiuri Giants,1,3,2,"0,0,0,1,0,0,0,0,0",4,Hanshin Koshien Stadium,,03:19,43509,GAME20080425HTYG0148
2008,2008-04-25,Reg Season,Hokkaido Nippon-Ham Fighters,Away,L,1,Tohoku Rakuten Golden Eagles,1,4,0,"0,0,0,1,0,0,0,0,0",6,Rakuten Seimei Park Miyagi,,03:06,13213,GAME20080425RENF0152
2008,2008-04-25,Reg Season,Tohoku Rakuten Golden Eagles,Home,W,6,Hokkaido Nippon-Ham Fighters,6,10,0,"1,0,1,0,2,0,0,2,x",6,Rakuten Seimei Park Miyagi,,03:06,13213,GAME20080425RENF0152
2008,2008-04-25,Reg Season,Chiba Lotte Marines,Away,W,5,Fukuoka Softbank Hawks,5,6,0,"1,0,2,0,0,0,0,2,0",7,Mizuho PayPay Dome Fukuoka,,02:33,35107,GAME20080425SHLM0147
2008,2008-04-25,Reg Season,Fukuoka Softbank Hawks,Home,L,0,Chiba Lotte Marines,0,4,1,"0,0,0,0,0,0,0,0,0",7,Mizuho PayPay Dome Fukuoka,,02:33,35107,GAME20080425SHLM0147
2008,2008-04-25,Reg Season,Orix Buffaloes,Away,L,5,Saitama Seibu Lions,5,13,1,"0,0,1,1,2,0,1,0,0,0,0",7,Belluna Dome,,04:30,7417,GAME20080425SLOB0151
2008,2008-04-25,Reg Season,Saitama Seibu Lions,Home,W,9,Orix Buffaloes,9,10,1,"3,0,0,1,0,0,0,1,0,0,4x",7,Belluna Dome,,04:30,7417,GAME20080425SLOB0151
2008,2008-04-25,Reg Season,Chunichi Dragons,Away,L,1,Tokyo Yakult Swallows,1,4,0,"0,0,0,1,0,0,0,0,0",4,Meiji Jingu Stadium,,03:07,14086,GAME20080425YSCD0149
2008,2008-04-25,Reg Season,Tokyo Yakult Swallows,Home,W,2,Chunichi Dragons,2,8,0,"0,0,0,0,0,0,0,2,x",4,Meiji Jingu Stadium,,03:07,14086,GAME20080425YSCD0149
2008,2008-04-26,Reg Season,Hiroshima Toyo Carp,Away,W,2,Yokohama BayStars,2,8,1,"0,0,0,0,0,0,1,1,0",5,Yokohama Stadium,,03:10,14444,GAME20080426DBHC0158
2008,2008-04-26,Reg Season,Yokohama BayStars,Home,L,1,Hiroshima Toyo Carp,1,6,2,"0,0,0,0,0,0,0,1,0",5,Yokohama Stadium,,03:10,14444,GAME20080426DBHC0158
2008,2008-04-26,Reg Season,Yomiuri Giants,Away,L,2,Hanshin Tigers,2,6,0,"1,0,0,0,1,0,0,0,0",5,Hanshin Koshien Stadium,,02:30,43514,GAME20080426HTYG0157
2008,2008-04-26,Reg Season,Hanshin Tigers,Home,W,6,Yomiuri Giants,6,11,1,"0,0,3,0,2,0,0,1,x",5,Hanshin Koshien Stadium,,02:30,43514,GAME20080426HTYG0157
2008,2008-04-26,Reg Season,Hokkaido Nippon-Ham Fighters,Away,L,0,Tohoku Rakuten Golden Eagles,0,2,0,"0,0,0,0,0,0,0,0,0",7,Rakuten Seimei Park Miyagi,,02:31,16826,GAME20080426RENF0156
2008,2008-04-26,Reg Season,Tohoku Rakuten Golden Eagles,Home,W,4,Hokkaido Nippon-Ham Fighters,4,8,0,"0,0,0,0,4,0,0,0,x",7,Rakuten Seimei Park Miyagi,,02:31,16826,GAME20080426RENF0156
2008,2008-04-26,Reg Season,Chiba Lotte Marines,Away,W,6,Fukuoka Softbank Hawks,6,11,0,"0,0,0,1,1,0,3,0,1",8,Mizuho PayPay Dome Fukuoka,,03:12,32776,GAME20080426SHLM0153
2008,2008-04-26,Reg Season,Fukuoka Softbank Hawks,Home,L,1,Chiba Lotte Marines,1,5,0,"0,0,0,0,0,0,0,0,1",8,Mizuho PayPay Dome Fukuoka,,03:12,32776,GAME20080426SHLM0153
2008,2008-04-26,Reg Season,Orix Buffaloes,Away,L,8,Saitama Seibu Lions,8,15,1,"0,1,0,1,0,0,1,5,0",8,Belluna Dome,,03:43,20130,GAME20080426SLOB0155
2008,2008-04-26,Reg Season,Saitama Seibu Lions,Home,W,10,Orix Buffaloes,10,12,0,"0,1,0,0,1,2,3,3,x",8,Belluna Dome,,03:43,20130,GAME20080426SLOB0155
2008,2008-04-26,Reg Season,Chunichi Dragons,Away,W,1,Tokyo Yakult Swallows,1,7,0,"0,0,0,1,0,0,0,0,0",5,Meiji Jingu Stadium,,03:36,17497,GAME20080426YSCD0154
2008,2008-04-26,Reg Season,Tokyo Yakult Swallows,Home,L,0,Chunichi Dragons,0,7,0,"0,0,0,0,0,0,0,0,0",5,Meiji Jingu Stadium,,03:36,17497,GAME20080426YSCD0154
2008,2008-04-27,Reg Season,Hiroshima Toyo Carp,Away,L,1,Yokohama BayStars,1,7,0,"1,0,0,0,0,0,0,0,0",6,Yokohama Stadium,,02:21,19850,GAME20080427DBHC0162
2008,2008-04-27,Reg Season,Yokohama BayStars,Home,W,3,Hiroshima Toyo Carp,3,10,0,"0,0,0,0,0,2,0,1,x",6,Yokohama Stadium,,02:21,19850,GAME20080427DBHC0162
2008,2008-04-27,Reg Season,Yomiuri Giants,Away,L,3,Hanshin Tigers,3,8,1,"0,0,0,0,0,2,1,0,0",6,Hanshin Koshien Stadium,,03:32,43509,GAME20080427HTYG0161
2008,2008-04-27,Reg Season,Hanshin Tigers,Home,W,4,Yomiuri Giants,4,6,0,"0,0,0,0,1,0,0,1,2x",6,Hanshin Koshien Stadium,,03:32,43509,GAME20080427HTYG0161
2008,2008-04-27,Reg Season,Hokkaido Nippon-Ham Fighters,Away,L,0,Tohoku Rakuten Golden Eagles,0,6,0,"0,0,0,0,0,0,0,0,0",8,Rakuten Seimei Park Miyagi,,02:34,20634,GAME20080427RENF0164
2008,2008-04-27,Reg Season,Tohoku Rakuten Golden Eagles,Home,W,5,Hokkaido Nippon-Ham Fighters,5,9,0,"0,0,0,2,0,2,1,0,x",8,Rakuten Seimei Park Miyagi,,02:34,20634,GAME20080427RENF0164
2008,2008-04-27,Reg Season,Chiba Lotte Marines,Away,L,3,Fukuoka Softbank Hawks,3,7,0,"0,0,0,1,0,1,1,0,0",9,Mizuho PayPay Dome Fukuoka,,02:43,33000,GAME20080427SHLM0159
2008,2008-04-27,Reg Season,Fukuoka Softbank Hawks,Home,W,5,Chiba Lotte Marines,5,9,0,"2,0,3,0,0,0,0,0,x",9,Mizuho PayPay Dome Fukuoka,,02:43,33000,GAME20080427SHLM0159
2008,2008-04-27,Reg Season,Orix Buffaloes,Away,L,3,Saitama Seibu Lions,3,9,0,"0,0,0,0,0,2,0,0,1",9,Belluna Dome,,02:56,16472,GAME20080427SLOB0160
2008,2008-04-27,Reg Season,Saitama Seibu Lions,Home,W,10,Orix Buffaloes,10,12,0,"1,2,0,3,3,0,0,1,x",9,Belluna Dome,,02:56,16472,GAME20080427SLOB0160
2008,2008-04-27,Reg Season,Chunichi Dragons,Away,W,4,Tokyo Yakult Swallows,4,13,0,"0,2,0,0,0,1,0,0,1",6,Meiji Jingu Stadium,,02:59,18988,GAME20080427YSCD0163
2008,2008-04-27,Reg Season,Tokyo Yakult Swallows,Home,L,2,Chunichi Dragons,2,3,1,"0,0,0,1,0,0,1,0,0",6,Meiji Jingu Stadium,,02:59,18988,GAME20080427YSCD0163
2008,2008-04-29,Reg Season,Yokohama BayStars,Away,L,1,Chunichi Dragons,1,6,0,"0,0,0,0,0,1,0,0,0",3,Gifu Prefectural Baseball Stadium,,02:47,15982,GAME20080429CDDB0170
2008,2008-04-29,Reg Season,Chunichi Dragons,Home,W,4,Yokohama BayStars,4,7,1,"0,4,0,0,0,0,0,0,x",3,Gifu Prefectural Baseball Stadium,,02:47,15982,GAME20080429CDDB0170
2008,2008-04-29,Reg Season,Tokyo Yakult Swallows,Away,W,4,Hanshin Tigers,4,6,1,"1,0,2,1,0,0,0,0,0",4,Hanshin Koshien Stadium,,02:31,43504,GAME20080429HTYS0166
2008,2008-04-29,Reg Season,Hanshin Tigers,Home,L,1,Tokyo Yakult Swallows,1,6,1,"0,0,0,0,0,0,1,0,0",4,Hanshin Koshien Stadium,,02:31,43504,GAME20080429HTYS0166
2008,2008-04-29,Reg Season,Hokkaido Nippon-Ham Fighters,Away,W,3,Chiba Lotte Marines,3,7,0,"0,0,1,0,0,0,1,0,1",7,ZOZO Marine Stadium,,03:42,30021,GAME20080429LMNF0169
2008,2008-04-29,Reg Season,Chiba Lotte Marines,Home,L,2,Hokkaido Nippon-Ham Fighters,2,8,1,"0,0,0,0,0,0,0,2,0",7,ZOZO Marine Stadium,,03:42,30021,GAME20080429LMNF0169
2008,2008-04-29,Reg Season,Tohoku Rakuten Golden Eagles,Away,L,1,Orix Buffaloes,1,7,0,"0,0,1,0,0,0,0,0,0",7,Kyocera Dome Osaka,,02:57,18571,GAME20080429OBRE0165
2008,2008-04-29,Reg Season,Orix Buffaloes,Home,W,2,Tohoku Rakuten Golden Eagles,2,6,0,"0,0,1,0,0,0,0,1,x",7,Kyocera Dome Osaka,,02:57,18571,GAME20080429OBRE0165
2008,2008-04-29,Reg Season,Fukuoka Softbank Hawks,Away,W,10,Saitama Seibu Lions,10,17,1,"0,0,3,3,1,0,0,0,0,0,0,3",7,Belluna Dome,,05:19,26619,GAME20080429SLSH0168
2008,2008-04-29,Reg Season,Saitama Seibu Lions,Home,L,7,Fukuoka Softbank Hawks,7,14,1,"0,1,1,0,0,5,0,0,0,0,0,0",7,Belluna Dome,,05:19,26619,GAME20080429SLSH0168
2008,2008-04-29,Reg Season,Hiroshima Toyo Carp,Away,L,2,Yomiuri Giants,2,5,0,"1,0,0,0,0,0,1,0,0",4,Tokyo Dome,,02:36,40663,GAME20080429YGHC0167
2008,2008-04-29,Reg Season,Yomiuri Giants,Home,W,3,Hiroshima Toyo Carp,3,6,1,"0,1,0,1,0,0,1,0,x",4,Tokyo Dome,,02:36,40663,GAME20080429YGHC0167
2008,2008-04-30,Reg Season,Yokohama BayStars,Away,W,4,Chunichi Dragons,4,12,1,"2,0,0,0,0,0,1,1,0",4,Vantelin Dome Nagoya,,03:21,30366,GAME20080430CDDB0174
2008,2008-04-30,Reg Season,Chunichi Dragons,Home,L,2,Yokohama BayStars,2,5,0,"0,0,0,0,0,2,0,0,0",4,Vantelin Dome Nagoya,,03:21,30366,GAME20080430CDDB0174
2008,2008-04-30,Reg Season,Tokyo Yakult Swallows,Away,L,5,Hanshin Tigers,5,12,0,"0,0,2,2,0,0,0,1,0",5,Hanshin Koshien Stadium,,03:35,43093,GAME20080430HTYS0175
2008,2008-04-30,Reg Season,Hanshin Tigers,Home,W,6,Tokyo Yakult Swallows,6,12,0,"1,0,2,0,0,2,0,0,1x",5,Hanshin Koshien Stadium,,03:35,43093,GAME20080430HTYS0175
2008,2008-04-30,Reg Season,Hokkaido Nippon-Ham Fighters,Away,W,6,Chiba Lotte Marines,6,11,1,"3,0,1,0,1,0,0,0,1",8,ZOZO Marine Stadium,,02:57,17516,GAME20080430LMNF0173
2008,2008-04-30,Reg Season,Chiba Lotte Marines,Home,L,3,Hokkaido Nippon-Ham Fighters,3,11,0,"0,1,0,0,2,0,0,0,0",8,ZOZO Marine Stadium,,02:57,17516,GAME20080430LMNF0173
2008,2008-04-30,Reg Season,Tohoku Rakuten Golden Eagles,Away,W,5,Orix Buffaloes,5,13,0,"0,0,0,1,1,1,0,1,0,1",8,Kyocera Dome Osaka,,03:28,13146,GAME20080430OBRE0171
2008,2008-04-30,Reg Season,Orix Buffaloes,Home,L,4,Tohoku Rakuten Golden Eagles,4,8,0,"0,0,1,0,1,0,0,0,2,0",8,Kyocera Dome Osaka,,03:28,13146,GAME20080430OBRE0171
2008,2008-04-30,Reg Season,Fukuoka Softbank Hawks,Away,L,2,Saitama Seibu Lions,2,4,0,"0,1,0,0,0,0,0,1,0",8,Belluna Dome,,02:56,12497,GAME20080430SLSH0176
2008,2008-04-30,Reg Season,Saitama Seibu Lions,Home,W,6,Fukuoka Softbank Hawks,6,7,0,"0,0,0,2,0,0,2,2,x",8,Belluna Dome,,02:56,12497,GAME20080430SLSH0176
2008,2008-04-30,Reg Season,Hiroshima Toyo Carp,Away,W,4,Yomiuri Giants,4,15,0,"1,1,0,0,0,0,0,1,1",5,Tokyo Dome,,03:21,36083,GAME20080430YGHC0172
2008,2008-04-30,Reg Season,Yomiuri Giants,Home,L,3,Hiroshima Toyo Carp,3,7,0,"0,0,1,0,0,0,2,0,0",5,Tokyo Dome,,03:21,36083,GAME20080430YGHC0172
2008,2008-05-01,Reg Season,Yokohama BayStars,Away,L,1,Chunichi Dragons,1,6,1,"0,0,0,0,0,0,0,1,0",5,Vantelin Dome Nagoya,,03:20,31847,GAME20080501CDDB0178
2008,2008-05-01,Reg Season,Chunichi Dragons,Home,W,2,Yokohama BayStars,2,9,0,"0,0,0,0,0,2,0,0,x",5,Vantelin Dome Nagoya,,03:20,31847,GAME20080501CDDB0178
2008,2008-05-01,Reg Season,Tokyo Yakult Swallows,Away,W,2,Hanshin Tigers,2,3,0,"0,0,0,0,0,2,0,0,0",6,Hanshin Koshien Stadium,,03:06,41369,GAME20080501HTYS0182
2008,2008-05-01,Reg Season,Hanshin Tigers,Home,L,0,Tokyo Yakult Swallows,0,1,1,"0,0,0,0,0,0,0,0,0",6,Hanshin Koshien Stadium,,03:06,41369,GAME20080501HTYS0182
2008,2008-05-01,Reg Season,Hokkaido Nippon-Ham Fighters,Away,W,6,Chiba Lotte Marines,6,8,0,"2,0,0,0,0,1,3,0,0",9,ZOZO Marine Stadium,,02:52,17143,GAME20080501LMNF0181
2008,2008-05-01,Reg Season,Chiba Lotte Marines,Home,L,1,Hokkaido Nippon-Ham Fighters,1,5,0,"0,0,0,0,0,0,0,0,1",9,ZOZO Marine Stadium,,02:52,17143,GAME20080501LMNF0181
2008,2008-05-01,Reg Season,Tohoku Rakuten Golden Eagles,Away,L,1,Orix Buffaloes,1,8,0,"0,0,0,0,0,0,1,0,0",9,Kobe Athletic Park Baseball Field,,03:09,14003,GAME20080501OBRE0180
2008,2008-05-01,Reg Season,Orix Buffaloes,Home,W,6,Tohoku Rakuten Golden Eagles,6,7,1,"0,0,0,2,4,0,0,0,x",9,Kobe Athletic Park Baseball Field,,03:09,14003,GAME20080501OBRE0180
2008,2008-05-01,Reg Season,Fukuoka Softbank Hawks,Away,L,4,Saitama Seibu Lions,4,9,1,"2,0,0,0,1,0,0,0,1",9,Belluna Dome,,03:14,14659,GAME20080501SLSH0179
2008,2008-05-01,Reg Season,Saitama Seibu Lions,Home,W,5,Fukuoka Softbank Hawks,5,12,1,"0,0,1,0,1,0,1,0,2x",9,Belluna Dome,,03:14,14659,GAME20080501SLSH0179
2008,2008-05-01,Reg Season,Hiroshima Toyo Carp,Away,W,6,Yomiuri Giants,6,16,0,"1,0,0,3,0,0,0,0,2",6,Tokyo Dome,,02:26,36300,GAME20080501YGHC0177
2008,2008-05-01,Reg Season,Yomiuri Giants,Home,L,0,Hiroshima Toyo Carp,0,6,1,"0,0,0,0,0,0,0,0,0",6,Tokyo Dome,,02:26,36300,GAME20080501YGHC0177
2008,2008-05-02,Reg Season,Saitama Seibu Lions,Away,W,5,Chiba Lotte Marines,5,8,0,"0,0,0,2,0,0,1,2,0",6,ZOZO Marine Stadium,,02:30,9659,GAME20080502LMSL0184
2008,2008-05-02,Reg Season,Chiba Lotte Marines,Home,L,0,Saitama Seibu Lions,0,2,0,"0,0,0,0,0,0,0,0,0",6,ZOZO Marine Stadium,,02:30,9659,GAME20080502LMSL0184
2008,2008-05-02,Reg Season,Tohoku Rakuten Golden Eagles,Away,L,1,Hokkaido Nippon-Ham Fighters,1,6,0,"0,0,0,0,0,0,0,0,1",9,Sapporo Dome,,02:33,41124,GAME20080502NFRE0183
2008,2008-05-02,Reg Season,Hokkaido Nippon-Ham Fighters,Home,W,5,Tohoku Rakuten Golden Eagles,5,9,1,"2,0,0,0,3,0,0,0,x",9,Sapporo Dome,,02:33,41124,GAME20080502NFRE0183
2008,2008-05-02,Reg Season,Orix Buffaloes,Away,L,0,Fukuoka Softbank Hawks,0,5,2,"0,0,0,0,0,0,0,0,0",6,Mizuho PayPay Dome Fukuoka,,02:46,30676,GAME20080502SHOB0185
2008,2008-05-02,Reg Season,Fukuoka Softbank Hawks,Home,W,13,Orix Buffaloes,13,17,0,"2,0,0,1,4,5,0,1,x",6,Mizuho PayPay Dome Fukuoka,,02:46,30676,GAME20080502SHOB0185
2008,2008-05-03,Reg Season,Hanshin Tigers,Away,W,9,Chunichi Dragons,9,16,0,"2,0,1,3,0,0,0,0,3",6,Vantelin Dome Nagoya,,03:27,38237,GAME20080503CDHT0188
2008,2008-05-03,Reg Season,Chunichi Dragons,Home,L,1,Hanshin Tigers,1,6,1,"0,0,0,1,0,0,0,0,0",6,Vantelin Dome Nagoya,,03:27,38237,GAME20080503CDHT0188
2008,2008-05-03,Reg Season,Yokohama BayStars,Away,L,3,Hiroshima Toyo Carp,3,9,0,"0,0,0,0,0,0,1,2,0",7,MAZDA Zoom-Zoom Stadium Hiroshima,,02:51,26780,GAME20080503HCDB0189
2008,2008-05-03,Reg Season,Hiroshima Toyo Carp,Home,W,4,Yokohama BayStars,4,8,1,"0,0,0,0,3,0,1,0,x",7,MAZDA Zoom-Zoom Stadium Hiroshima,,02:51,26780,GAME20080503HCDB0189
2008,2008-05-03,Reg Season,Saitama Seibu Lions,Away,L,1,Chiba Lotte Marines,1,3,1,"0,0,0,0,0,1,0,0,0",7,ZOZO Marine Stadium,,02:24,30014,GAME20080503LMSL0190
2008,2008-05-03,Reg Season,Chiba Lotte Marines,Home,W,10,Saitama Seibu Lions,10,13,0,"5,0,0,0,0,0,5,0,x",7,ZOZO Marine Stadium,,02:24,30014,GAME20080503LMSL0190
2008,2008-05-03,Reg Season,Tohoku Rakuten Golden Eagles,Away,L,5,Hokkaido Nippon-Ham Fighters,5,8,0,"1,0,3,0,0,0,0,1,0",10,Sapporo Dome,,04:00,40083,GAME20080503NFRE0186
2008,2008-05-03,Reg Season,Hokkaido Nippon-Ham Fighters,Home,W,12,Tohoku Rakuten Golden Eagles,12,15,3,"1,0,3,3,3,0,1,1,x",10,Sapporo Dome,,04:00,40083,GAME20080503NFRE0186
2008,2008-05-03,Reg Season,Orix Buffaloes,Away,L,4,Fukuoka Softbank Hawks,4,6,0,"1,0,0,0,0,1,2,0,0",7,Mizuho PayPay Dome Fukuoka,,03:07,31252,GAME20080503SHOB0187
2008,2008-05-03,Reg Season,Fukuoka Softbank Hawks,Home,W,6,Orix Buffaloes,6,14,0,"2,3,0,0,1,0,0,0,x",7,Mizuho PayPay Dome Fukuoka,,03:07,31252,GAME20080503SHOB0187
2008,2008-05-03,Reg Season,Yomiuri Giants,Away,W,5,Tokyo Yakult Swallows,5,5,1,"0,0,0,0,0,0,0,0,5",7,Meiji Jingu Stadium,,03:08,30082,GAME20080503YSYG0191
2008,2008-05-03,Reg Season,Tokyo Yakult Swallows,Home,L,0,Yomiuri Giants,0,5,0,"0,0,0,0,0,0,0,0,0",7,Meiji Jingu Stadium,,03:08,30082,GAME20080503YSYG0191
2008,2008-05-04,Reg Season,Hanshin Tigers,Away,L,2,Chunichi Dragons,2,7,0,"0,0,0,1,0,0,1,0,0,0",7,Vantelin Dome Nagoya,,03:16,38185,GAME20080504CDHT0193
2008,2008-05-04,Reg Season,Chunichi Dragons,Home,W,3,Hanshin Tigers,3,10,0,"0,0,0,0,0,0,0,2,0,1x",7,Vantelin Dome Nagoya,,03:16,38185,GAME20080504CDHT0193
2008,2008-05-04,Reg Season,Yokohama BayStars,Away,L,6,Hiroshima Toyo Carp,6,15,0,"0,3,0,1,0,0,1,1,0",8,MAZDA Zoom-Zoom Stadium Hiroshima,,03:10,27600,GAME20080504HCDB0197
2008,2008-05-04,Reg Season,Hiroshima Toyo Carp,Home,W,8,Yokohama BayStars,8,10,0,"0,0,2,0,0,0,0,6,x",8,MAZDA Zoom-Zoom Stadium Hiroshima,,03:10,27600,GAME20080504HCDB0197
2008,2008-05-04,Reg Season,Saitama Seibu Lions,Away,W,4,Chiba Lotte Marines,4,11,0,"0,0,0,2,1,1,0,0,0",8,ZOZO Marine Stadium,,02:50,30023,GAME20080504LMSL0194
2008,2008-05-04,Reg Season,Chiba Lotte Marines,Home,L,0,Saitama Seibu Lions,0,3,1,"0,0,0,0,0,0,0,0,0",8,ZOZO Marine Stadium,,02:50,30023,GAME20080504LMSL0194
2008,2008-05-04,Reg Season,Tohoku Rakuten Golden Eagles,Away,W,7,Hokkaido Nippon-Ham Fighters,7,12,0,"0,0,1,2,0,0,0,4,0",11,Sapporo Dome,,03:27,42126,GAME20080504NFRE0192
2008,2008-05-04,Reg Season,Hokkaido Nippon-Ham Fighters,Home,L,1,Tohoku Rakuten Golden Eagles,1,6,0,"0,0,0,0,0,0,0,0,1",11,Sapporo Dome,,03:27,42126,GAME20080504NFRE0192
2008,2008-05-04,Reg Season,Orix Buffaloes,Away,L,3,Fukuoka Softbank Hawks,3,7,1,"1,1,1,0,0,0,0,0,0",8,Mizuho PayPay Dome Fukuoka,,02:56,33113,GAME20080504SHOB0196
2008,2008-05-04,Reg Season,Fukuoka Softbank Hawks,Home,W,7,Orix Buffaloes,7,12,0,"0,0,0,1,4,0,2,0,x",8,Mizuho PayPay Dome Fukuoka,,02:56,33113,GAME20080504SHOB0196
2008,2008-05-04,Reg Season,Yomiuri Giants,Away,W,7,Tokyo Yakult Swallows,7,12,1,"0,3,0,0,1,1,1,0,1",8,Meiji Jingu Stadium,,03:24,32254,GAME20080504YSYG0195
2008,2008-05-04,Reg Season,Tokyo Yakult Swallows,Home,L,2,Yomiuri Giants,2,9,1,"0,2,0,0,0,0,0,0,0",8,Meiji Jingu Stadium,,03:24,32254,GAME20080504YSYG0195
2008,2008-05-05,Reg Season,Hanshin Tigers,Away,W,10,Chunichi Dragons,10,13,0,"7,0,2,0,0,0,1,0,0",8,Vantelin Dome Nagoya,,03:18,38219,GAME20080505CDHT0202
2008,2008-05-05,Reg Season,Chunichi Dragons,Home,L,4,Hanshin Tigers,4,8,0,"2,0,0,0,0,0,2,0,0",8,Vantelin Dome Nagoya,,03:18,38219,GAME20080505CDHT0202
2008,2008-05-05,Reg Season,Yokohama BayStars,Away,W,6,Hiroshima Toyo Carp,6,11,0,"5,0,1,0,0,0,0,0,0",9,MAZDA Zoom-Zoom Stadium Hiroshima,,03:31,26516,GAME20080505HCDB0201
2008,2008-05-05,Reg Season,Hiroshima Toyo Carp,Home,L,5,Yokohama BayStars,5,10,0,"2,0,0,0,0,0,3,0,0",9,MAZDA Zoom-Zoom Stadium Hiroshima,,03:31,26516,GAME20080505HCDB0201
2008,2008-05-05,Reg Season,Chiba Lotte Marines,Away,L,3,Orix Buffaloes,3,7,0,"0,0,2,0,0,1,0,0,0",6,Kobe Athletic Park Baseball Field,,02:50,18238,GAME20080505OBLM0200
2008,2008-05-05,Reg Season,Orix Buffaloes,Home,W,6,Chiba Lotte Marines,6,9,0,"0,0,0,1,0,0,0,5,x",6,Kobe Athletic Park Baseball Field,,02:50,18238,GAME20080505OBLM0200
2008,2008-05-05,Reg Season,Fukuoka Softbank Hawks,Away,W,7,Tohoku Rakuten Golden Eagles,7,14,2,"1,1,1,0,0,0,0,0,2,0,2",6,Rakuten Seimei Park Miyagi,,04:51,20572,GAME20080505RESH0198
2008,2008-05-05,Reg Season,Tohoku Rakuten Golden Eagles,Home,L,5,Fukuoka Softbank Hawks,5,10,2,"2,0,2,0,0,0,0,0,1,0,0",6,Rakuten Seimei Park Miyagi,,04:51,20572,GAME20080505RESH0198
2008,2008-05-05,Reg Season,Hokkaido Nippon-Ham Fighters,Away,L,6,Saitama Seibu Lions,6,10,0,"3,0,0,0,3,0,0,0,0",6,Belluna Dome,,03:17,34783,GAME20080505SLNF0199
2008,2008-05-05,Reg Season,Saitama Seibu Lions,Home,W,8,Hokkaido Nippon-Ham Fighters,8,8,2,"0,0,0,0,4,1,0,3,x",6,Belluna Dome,,03:17,34783,GAME20080505SLNF0199
2008,2008-05-05,Reg Season,Yomiuri Giants,Away,W,6,Tokyo Yakult Swallows,6,9,1,"0,0,0,1,5,0,0,0,0",9,Meiji Jingu Stadium,,02:53,27091,GAME20080505YSYG0203
2008,2008-05-05,Reg Season,Tokyo Yakult Swallows,Home,L,4,Yomiuri Giants,4,9,0,"0,2,0,0,1,0,0,0,1",9,Meiji Jingu Stadium,,02:53,27091,GAME20080505YSYG0203
2008,2008-05-06,Reg Season,Hiroshima Toyo Carp,Away,T,1,Chunichi Dragons,1,10,0,"1,0,0,0,0,0,0,0,0,0,0,0",7,Vantelin Dome Nagoya,,04:35,37668,GAME20080506CDHC0209
2008,2008-05-06,Reg Season,Chunichi Dragons,Home,T,1,Hiroshima Toyo Carp,1,11,0,"1,0,0,0,0,0,0,0,0,0,0,0",7,Vantelin Dome Nagoya,,04:35,37668,GAME20080506CDHC0209
2008,2008-05-06,Reg Season,Tokyo Yakult Swallows,Away,L,1,Yokohama BayStars,1,4,1,"0,0,0,0,1,0,0,0,0",6,Yokohama Stadium,,02:49,22724,GAME20080506DBYS0206
2008,2008-05-06,Reg Season,Yokohama BayStars,Home,W,2,Tokyo Yakult Swallows,2,7,0,"0,0,0,0,0,0,0,2,x",6,Yokohama Stadium,,02:49,22724,GAME20080506DBYS0206
2008,2008-05-06,Reg Season,Chiba Lotte Marines,Away,L,1,Orix Buffaloes,1,5,0,"0,0,1,0,0,0,0,0,0",7,Kyocera Dome Osaka,,02:50,20230,GAME20080506OBLM0205
2008,2008-05-06,Reg Season,Orix Buffaloes,Home,W,3,Chiba Lotte Marines,3,7,0,"0,0,0,2,0,0,1,0,x",7,Kyocera Dome Osaka,,02:50,20230,GAME20080506OBLM0205
2008,2008-05-06,Reg Season,Fukuoka Softbank Hawks,Away,W,8,Tohoku Rakuten Golden Eagles,8,13,0,"0,0,4,0,0,2,0,0,2",7,Rakuten Seimei Park Miyagi,,03:30,20885,GAME20080506RESH0204
2008,2008-05-06,Reg Season,Tohoku Rakuten Golden Eagles,Home,L,4,Fukuoka Softbank Hawks,4,7,1,"3,0,0,0,0,1,0,0,0",7,Rakuten Seimei Park Miyagi,,03:30,20885,GAME20080506RESH0204
2008,2008-05-06,Reg Season,Hokkaido Nippon-Ham Fighters,Away,L,1,Saitama Seibu Lions,1,4,2,"0,0,0,1,0,0,0,0,0",7,Belluna Dome,,02:53,27340,GAME20080506SLNF0208
2008,2008-05-06,Reg Season,Saitama Seibu Lions,Home,W,3,Hokkaido Nippon-Ham Fighters,3,7,0,"1,0,0,0,0,0,0,0,2x",7,Belluna Dome,,02:53,27340,GAME20080506SLNF0208
2008,2008-05-06,Reg Season,Hanshin Tigers,Away,W,8,Yomiuri Giants,8,13,0,"0,1,0,5,0,0,2,0,0",7,Tokyo Dome,,02:56,45663,GAME20080506YGHT0207
2008,2008-05-06,Reg Season,Yomiuri Giants,Home,L,4,Hanshin Tigers,4,12,1,"0,0,1,3,0,0,0,0,0",7,Tokyo Dome,,02:56,45663,GAME20080506YGHT0207
2008,2008-05-07,Reg Season,Hiroshima Toyo Carp,Away,L,3,Chunichi Dragons,3,7,1,"0,0,0,0,0,0,2,0,1",8,Vantelin Dome Nagoya,,03:26,27658,GAME20080507CDHC0213
2008,2008-05-07,Reg Season,Chunichi Dragons,Home,W,10,Hiroshima Toyo Carp,10,12,0,"0,0,3,0,0,2,0,5,x",8,Vantelin Dome Nagoya,,03:26,27658,GAME20080507CDHC0213
2008,2008-05-07,Reg Season,Tokyo Yakult Swallows,Away,W,2,Yokohama BayStars,2,9,0,"0,0,0,0,0,0,2,0,0",7,Yokohama Stadium,,03:29,8571,GAME20080507DBYS0211
2008,2008-05-07,Reg Season,Yokohama BayStars,Home,L,1,Tokyo Yakult Swallows,1,5,0,"0,0,0,1,0,0,0,0,0",7,Yokohama Stadium,,03:29,8571,GAME20080507DBYS0211
2008,2008-05-07,Reg Season,Chiba Lotte Marines,Away,L,6,Orix Buffaloes,6,10,1,"0,0,1,3,0,2,0,0,0,0",8,Kyocera Dome Osaka,,03:37,11706,GAME20080507OBLM0214
2008,2008-05-07,Reg Season,Orix Buffaloes,Home,W,7,Chiba Lotte Marines,7,13,0,"1,0,0,0,0,1,3,1,0,1x",8,Kyocera Dome Osaka,,03:37,11706,GAME20080507OBLM0214
2008,2008-05-07,Reg Season,Fukuoka Softbank Hawks,Away,L,7,Tohoku Rakuten Golden Eagles,7,10,2,"3,1,3,0,0,0,0,0,0",8,Rakuten Seimei Park Miyagi,,03:05,10667,GAME20080507RESH0210
2008,2008-05-07,Reg Season,Tohoku Rakuten Golden Eagles,Home,W,9,Fukuoka Softbank Hawks,9,13,0,"1,1,0,1,0,6,0,0,x",8,Rakuten Seimei Park Miyagi,,03:05,10667,GAME20080507RESH0210
2008,2008-05-07,Reg Season,Hokkaido Nippon-Ham Fighters,Away,L,3,Saitama Seibu Lions,3,10,1,"1,1,0,0,1,0,0,0,0",8,Belluna Dome,,03:00,15574,GAME20080507SLNF0212
2008,2008-05-07,Reg Season,Saitama Seibu Lions,Home,W,4,Hokkaido Nippon-Ham Fighters,4,8,1,"0,1,0,0,1,0,1,0,1x",8,Belluna Dome,,03:00,15574,GAME20080507SLNF0212
2008,2008-05-07,Reg Season,Hanshin Tigers,Away,W,5,Yomiuri Giants,5,11,0,"0,3,0,0,0,1,0,1,0",8,Tokyo Dome,,03:34,40573,GAME20080507YGHT0215
2008,2008-05-07,Reg Season,Yomiuri Giants,Home,L,4,Hanshin Tigers,4,11,0,"2,0,0,0,0,0,2,0,0",8,Tokyo Dome,,03:34,40573,GAME20080507YGHT0215
2008,2008-05-08,Reg Season,Hiroshima Toyo Carp,Away,L,0,Chunichi Dragons,0,5,1,"0,0,0,0,0,0,0,0,0",9,Vantelin Dome Nagoya,,02:51,30865,GAME20080508CDHC0217
2008,2008-05-08,Reg Season,Chunichi Dragons,Home,W,7,Hiroshima Toyo Carp,7,12,0,"4,0,0,0,0,2,1,0,x",9,Vantelin Dome Nagoya,,02:51,30865,GAME20080508CDHC0217
2008,2008-05-08,Reg Season,Tokyo Yakult Swallows,Away,W,5,Yokohama BayStars,5,5,0,"0,0,0,2,0,0,3,0,0",8,Yokohama Stadium,,03:20,8240,GAME20080508DBYS0216
2008,2008-05-08,Reg Season,Yokohama BayStars,Home,L,3,Tokyo Yakult Swallows,3,8,0,"0,0,0,1,1,0,0,0,1",8,Yokohama Stadium,,03:20,8240,GAME20080508DBYS0216
2008,2008-05-08,Reg Season,Hanshin Tigers,Away,L,5,Yomiuri Giants,5,11,0,"0,0,1,0,4,0,0,0,0",9,Tokyo Dome,,03:23,41594,GAME20080508YGHT0218
2008,2008-05-08,Reg Season,Yomiuri Giants,Home,W,6,Hanshin Tigers,6,12,0,"0,0,2,0,0,2,0,2,x",9,Tokyo Dome,,03:23,41594,GAME20080508YGHT0218
2008,2008-05-09,Reg Season,Yokohama BayStars,Away,W,6,Hanshin Tigers,6,11,1,"0,0,3,0,0,1,0,0,2",7,Hanshin Koshien Stadium,,03:10,42803,GAME20080509HTDB0221
2008,2008-05-09,Reg Season,Hanshin Tigers,Home,L,2,Yokohama BayStars,2,4,0,"0,0,0,0,0,1,0,1,0",7,Hanshin Koshien Stadium,,03:10,42803,GAME20080509HTDB0221
2008,2008-05-09,Reg Season,Tohoku Rakuten Golden Eagles,Away,W,11,Chiba Lotte Marines,11,17,0,"2,0,0,4,2,2,0,0,1",7,ZOZO Marine Stadium,,03:21,16849,GAME20080509LMRE0219
2008,2008-05-09,Reg Season,Chiba Lotte Marines,Home,L,4,Tohoku Rakuten Golden Eagles,4,11,1,"0,0,0,0,0,3,0,0,1",7,ZOZO Marine Stadium,,03:21,16849,GAME20080509LMRE0219
2008,2008-05-09,Reg Season,Saitama Seibu Lions,Away,W,3,Orix Buffaloes,3,8,2,"0,0,0,1,0,1,0,1,0",10,Kyocera Dome Osaka,,03:08,14670,GAME20080509OBSL0220
2008,2008-05-09,Reg Season,Orix Buffaloes,Home,L,2,Saitama Seibu Lions,2,4,2,"0,0,0,0,0,0,0,2,0",10,Kyocera Dome Osaka,,03:08,14670,GAME20080509OBSL0220
2008,2008-05-09,Reg Season,Chunichi Dragons,Away,W,7,Yomiuri Giants,7,15,0,"0,0,0,2,4,0,0,1,0",7,Tokyo Dome,,03:35,39538,GAME20080509YGCD0222
2008,2008-05-09,Reg Season,Yomiuri Giants,Home,L,4,Chunichi Dragons,4,8,0,"0,2,0,1,0,1,0,0,0",7,Tokyo Dome,,03:35,39538,GAME20080509YGCD0222
2008,2008-05-09,Reg Season,Hiroshima Toyo Carp,Away,L,0,Tokyo Yakult Swallows,0,3,0,"0,0,0,0,0,0,0,0,0",4,Meiji Jingu Stadium,,02:40,14477,GAME20080509YSHC0223
2008,2008-05-09,Reg Season,Tokyo Yakult Swallows,Home,W,1,Hiroshima Toyo Carp,1,5,0,"0,0,0,1,0,0,0,0,x",4,Meiji Jingu Stadium,,02:40,14477,GAME20080509YSHC0223
2008,2008-05-10,Reg Season,Fukuoka Softbank Hawks,Away,W,1,Hokkaido Nippon-Ham Fighters,1,7,1,"1,0,0,0,0,0,0,0,0",7,Chiyogadai Baseball Stadium,,02:52,16822,GAME20080510NFSH0224
2008,2008-05-10,Reg Season,Hokkaido Nippon-Ham Fighters,Home,L,0,Fukuoka Softbank Hawks,0,4,2,"0,0,0,0,0,0,0,0,0",7,Chiyogadai Baseball Stadium,,02:52,16822,GAME20080510NFSH0224
2008,2008-05-10,Reg Season,Chunichi Dragons,Away,L,4,Yomiuri Giants,4,8,0,"0,0,0,0,1,2,0,1,0",8,Tokyo Dome,,03:31,43894,GAME20080510YGCD0225
2008,2008-05-10,Reg Season,Yomiuri Giants,Home,W,5,Chunichi Dragons,5,13,0,"1,1,0,2,0,0,0,1,x",8,Tokyo Dome,,03:31,43894,GAME20080510YGCD0225
2008,2008-05-11,Reg Season,Yokohama BayStars,Away,L,1,Hanshin Tigers,1,8,0,"0,0,0,0,1,0,0,0,0",8,Hanshin Koshien Stadium,,02:56,43512,GAME20080511HTDB0227
2008,2008-05-11,Reg Season,Hanshin Tigers,Home,W,3,Yokohama BayStars,3,10,1,"1,0,2,0,0,0,0,0,x",8,Hanshin Koshien Stadium,,02:56,43512,GAME20080511HTDB0227
2008,2008-05-11,Reg Season,Tohoku Rakuten Golden Eagles,Away,L,1,Chiba Lotte Marines,1,6,1,"0,0,0,0,0,0,0,0,1",8,ZOZO Marine Stadium,,02:41,24892,GAME20080511LMRE0230
2008,2008-05-11,Reg Season,Chiba Lotte Marines,Home,W,6,Tohoku Rakuten Golden Eagles,6,14,0,"1,0,0,3,1,0,1,0,x",8,ZOZO Marine Stadium,,02:41,24892,GAME20080511LMRE0230
2008,2008-05-11,Reg Season,Fukuoka Softbank Hawks,Away,L,3,Hokkaido Nippon-Ham Fighters,3,8,1,"0,0,0,2,1,0,0,0,0",8,Chiyogadai Baseball Stadium,,02:45,17919,GAME20080511NFSH0228
2008,2008-05-11,Reg Season,Hokkaido Nippon-Ham Fighters,Home,W,4,Fukuoka Softbank Hawks,4,6,1,"0,3,0,0,0,0,1,0,x",8,Chiyogadai Baseball Stadium,,02:45,17919,GAME20080511NFSH0228
2008,2008-05-11,Reg Season,Saitama Seibu Lions,Away,W,9,Orix Buffaloes,9,14,0,"2,0,1,0,2,0,4,0,0",11,Kobe Athletic Park Baseball Field,,02:53,12678,GAME20080511OBSL0226
2008,2008-05-11,Reg Season,Orix Buffaloes,Home,L,0,Saitama Seibu Lions,0,5,1,"0,0,0,0,0,0,0,0,0",11,Kobe Athletic Park Baseball Field,,02:53,12678,GAME20080511OBSL0226
2008,2008-05-11,Reg Season,Chunichi Dragons,Away,L,3,Yomiuri Giants,3,4,2,"0,0,3,0,0,0,0,0,0",9,Tokyo Dome,,03:06,39632,GAME20080511YGCD0229
2008,2008-05-11,Reg Season,Yomiuri Giants,Home,W,9,Chunichi Dragons,9,12,0,"1,0,0,1,1,3,3,0,x",9,Tokyo Dome,,03:06,39632,GAME20080511YGCD0229
2008,2008-05-11,Reg Season,Hiroshima Toyo Carp,Away,W,2,Tokyo Yakult Swallows,2,8,0,"0,1,0,1,0,0,0,0,0",5,Meiji Jingu Stadium,,03:10,13909,GAME20080511YSHC0231
2008,2008-05-11,Reg Season,Tokyo Yakult Swallows,Home,L,1,Hiroshima Toyo Carp,1,6,0,"0,0,0,0,1,0,0,0,0",5,Meiji Jingu Stadium,,03:10,13909,GAME20080511YSHC0231
2008,2008-05-13,Reg Season,Yomiuri Giants,Away,L,3,Yokohama BayStars,3,7,1,"1,0,0,2,0,0,0,0,0,0",6,Nagano Olympic Stadium,,02:54,22548,GAME20080513DBYG0235
2008,2008-05-13,Reg Season,Yokohama BayStars,Home,W,4,Yomiuri Giants,4,8,0,"0,0,0,0,0,0,2,0,1,1x",6,Nagano Olympic Stadium,,02:54,22548,GAME20080513DBYG0235
2008,2008-05-13,Reg Season,Hanshin Tigers,Away,L,3,Hiroshima Toyo Carp,3,7,1,"0,0,0,0,0,0,0,1,2",6,Alpen Stadium,,02:47,16392,GAME20080513HCHT0236
2008,2008-05-13,Reg Season,Hiroshima Toyo Carp,Home,W,9,Hanshin Tigers,9,16,0,"0,2,0,0,3,0,0,4,x",6,Alpen Stadium,,02:47,16392,GAME20080513HCHT0236
2008,2008-05-13,Reg Season,Chiba Lotte Marines,Away,W,8,Hokkaido Nippon-Ham Fighters,8,10,1,"0,1,0,5,0,2,0,0,0",10,Tokyo Dome,,02:52,19828,GAME20080513NFLM0233
2008,2008-05-13,Reg Season,Hokkaido Nippon-Ham Fighters,Home,L,2,Chiba Lotte Marines,2,5,1,"0,0,0,0,1,0,1,0,0",10,Tokyo Dome,,02:52,19828,GAME20080513NFLM0233
2008,2008-05-13,Reg Season,Orix Buffaloes,Away,W,8,Tohoku Rakuten Golden Eagles,8,9,0,"0,0,0,0,0,0,5,1,2",10,Fukushima Azuma Baseball Stadium,,03:33,7041,GAME20080513REOB0234
2008,2008-05-13,Reg Season,Tohoku Rakuten Golden Eagles,Home,L,2,Orix Buffaloes,2,9,3,"1,0,0,0,0,0,0,1,0",10,Fukushima Azuma Baseball Stadium,,03:33,7041,GAME20080513REOB0234
2008,2008-05-13,Reg Season,Saitama Seibu Lions,Away,L,2,Fukuoka Softbank Hawks,2,10,1,"0,0,1,1,0,0,0,0,0",10,Sun Marine Stadium Miyazaki,,03:09,20606,GAME20080513SHSL0232
2008,2008-05-13,Reg Season,Fukuoka Softbank Hawks,Home,W,4,Saitama Seibu Lions,4,10,1,"0,0,0,0,2,1,0,1,x",10,Sun Marine Stadium Miyazaki,,03:09,20606,GAME20080513SHSL0232
2008,2008-05-13,Reg Season,Chunichi Dragons,Away,L,1,Tokyo Yakult Swallows,1,11,2,"0,0,0,1,0,0,0,0,0",7,Meiji Jingu Stadium,,03:17,10815,GAME20080513YSCD0237
2008,2008-05-13,Reg Season,Tokyo Yakult Swallows,Home,W,4,Chunichi Dragons,4,5,0,"0,0,0,3,0,0,0,1,x",7,Meiji Jingu Stadium,,03:17,10815,GAME20080513YSCD0237
2008,2008-05-14,Reg Season,Yomiuri Giants,Away,L,2,Yokohama BayStars,2,11,1,"0,1,0,0,0,0,0,0,1",7,Yokohama Stadium,,03:10,16377,GAME20080514DBYG0242
2008,2008-05-14,Reg Season,Yokohama BayStars,Home,W,5,Yomiuri Giants,5,9,0,"0,5,0,0,0,0,0,0,x",7,Yokohama Stadium,,03:10,16377,GAME20080514DBYG0242
2008,2008-05-14,Reg Season,Hanshin Tigers,Away,W,4,Hiroshima Toyo Carp,4,7,2,"0,0,0,0,0,1,3,0,0",7,Ishikawa Prefectural Baseball Stadium,,03:20,13615,GAME20080514HCHT0240
2008,2008-05-14,Reg Season,Hiroshima Toyo Carp,Home,L,2,Hanshin Tigers,2,9,1,"0,1,0,0,0,0,1,0,0",7,Ishikawa Prefectural Baseball Stadium,,03:20,13615,GAME20080514HCHT0240
2008,2008-05-14,Reg Season,Chiba Lotte Marines,Away,L,3,Hokkaido Nippon-Ham Fighters,3,6,2,"0,0,0,0,0,1,0,0,0,0,2",11,Tokyo Dome,,03:54,22265,GAME20080514NFLM0239
2008,2008-05-14,Reg Season,Hokkaido Nippon-Ham Fighters,Home,W,4,Chiba Lotte Marines,4,10,0,"0,1,0,0,0,0,0,0,0,0,3x",11,Tokyo Dome,,03:54,22265,GAME20080514NFLM0239
2008,2008-05-14,Reg Season,Saitama Seibu Lions,Away,W,11,Fukuoka Softbank Hawks,11,12,0,"0,0,1,3,3,2,2,0,0",11,Mizuho PayPay Dome Fukuoka,,02:56,33629,GAME20080514SHSL0238
2008,2008-05-14,Reg Season,Fukuoka Softbank Hawks,Home,L,4,Saitama Seibu Lions,4,9,0,"0,0,0,1,0,0,3,0,0",11,Mizuho PayPay Dome Fukuoka,,02:56,33629,GAME20080514SHSL0238
2008,2008-05-14,Reg Season,Chunichi Dragons,Away,W,4,Tokyo Yakult Swallows,4,7,0,"0,0,0,1,0,1,1,0,1",8,Meiji Jingu Stadium,,03:29,11180,GAME20080514YSCD0241
2008,2008-05-14,Reg Season,Tokyo Yakult Swallows,Home,L,1,Chunichi Dragons,1,9,0,"0,0,0,0,0,1,0,0,0",8,Meiji Jingu Stadium,,03:29,11180,GAME20080514YSCD0241
2008,2008-05-15,Reg Season,Yomiuri Giants,Away,W,3,Yokohama BayStars,3,6,0,"1,0,0,0,0,0,0,2,0",8,Yokohama Stadium,,03:22,17343,GAME20080515DBYG0246
2008,2008-05-15,Reg Season,Yokohama BayStars,Home,L,2,Yomiuri Giants,2,8,1,"0,0,1,0,0,1,0,0,0",8,Yokohama Stadium,,03:22,17343,GAME20080515DBYG0246
2008,2008-05-15,Reg Season,Hanshin Tigers,Away,W,5,Hiroshima Toyo Carp,5,8,0,"0,0,0,0,0,0,3,1,1",8,Fukui Prefectural Stadium,,03:12,14223,GAME20080515HCHT0248
2008,2008-05-15,Reg Season,Hiroshima Toyo Carp,Home,L,2,Hanshin Tigers,2,5,1,"1,0,0,0,0,1,0,0,0",8,Fukui Prefectural Stadium,,03:12,14223,GAME20080515HCHT0248
2008,2008-05-15,Reg Season,Chiba Lotte Marines,Away,L,5,Hokkaido Nippon-Ham Fighters,5,9,0,"0,1,0,0,1,2,0,1,0",12,Tokyo Dome,,03:26,17368,GAME20080515NFLM0244
2008,2008-05-15,Reg Season,Hokkaido Nippon-Ham Fighters,Home,W,6,Chiba Lotte Marines,6,11,0,"0,1,0,0,2,0,0,2,1x",12,Tokyo Dome,,03:26,17368,GAME20080515NFLM0244
2008,2008-05-15,Reg Season,Orix Buffaloes,Away,W,2,Tohoku Rakuten Golden Eagles,2,7,0,"0,0,0,0,2,0,0,0,0",11,Rakuten Seimei Park Miyagi,,03:02,11581,GAME20080515REOB0243
2008,2008-05-15,Reg Season,Tohoku Rakuten Golden Eagles,Home,L,1,Orix Buffaloes,1,5,1,"0,0,0,1,0,0,0,0,0",11,Rakuten Seimei Park Miyagi,,03:02,11581,GAME20080515REOB0243
2008,2008-05-15,Reg Season,Saitama Seibu Lions,Away,W,10,Fukuoka Softbank Hawks,10,11,1,"0,0,3,0,0,1,5,1,0",12,Mizuho PayPay Dome Fukuoka,,02:48,31793,GAME20080515SHSL0247
2008,2008-05-15,Reg Season,Fukuoka Softbank Hawks,Home,L,3,Saitama Seibu Lions,3,4,1,"0,1,0,2,0,0,0,0,0",12,Mizuho PayPay Dome Fukuoka,,02:48,31793,GAME20080515SHSL0247
2008,2008-05-15,Reg Season,Chunichi Dragons,Away,L,4,Tokyo Yakult Swallows,4,6,2,"0,1,0,0,0,3,0,0,0",9,Meiji Jingu Stadium,,03:03,14243,GAME20080515YSCD0245
2008,2008-05-15,Reg Season,Tokyo Yakult Swallows,Home,W,8,Chunichi Dragons,8,12,0,"5,0,0,1,0,0,0,2,x",9,Meiji Jingu Stadium,,03:03,14243,GAME20080515YSCD0245
2008,2008-05-16,Reg Season,Yokohama BayStars,Away,L,2,Chunichi Dragons,2,9,0,"0,0,0,0,0,0,2,0,0",6,Vantelin Dome Nagoya,,03:13,30814,GAME20080516CDDB0254
2008,2008-05-16,Reg Season,Chunichi Dragons,Home,W,7,Yokohama BayStars,7,12,0,"0,0,0,0,1,1,1,4,x",6,Vantelin Dome Nagoya,,03:13,30814,GAME20080516CDDB0254
2008,2008-05-16,Reg Season,Tokyo Yakult Swallows,Away,L,5,Hanshin Tigers,5,11,0,"0,0,0,0,0,0,0,2,3",7,Hanshin Koshien Stadium,,03:35,43145,GAME20080516HTYS0252
2008,2008-05-16,Reg Season,Hanshin Tigers,Home,W,8,Tokyo Yakult Swallows,8,15,0,"1,0,2,4,0,1,0,0,x",7,Hanshin Koshien Stadium,,03:35,43145,GAME20080516HTYS0252
2008,2008-05-16,Reg Season,Orix Buffaloes,Away,W,10,Chiba Lotte Marines,10,14,1,"2,6,0,0,0,2,0,0,0",9,ZOZO Marine Stadium,,03:05,17415,GAME20080516LMOB0249
2008,2008-05-16,Reg Season,Chiba Lotte Marines,Home,L,3,Orix Buffaloes,3,10,0,"1,0,0,1,0,0,0,0,1",9,ZOZO Marine Stadium,,03:05,17415,GAME20080516LMOB0249
2008,2008-05-16,Reg Season,Saitama Seibu Lions,Away,L,2,Tohoku Rakuten Golden Eagles,2,9,1,"0,1,0,0,0,0,1,0,0",5,Rakuten Seimei Park Miyagi,,03:23,12057,GAME20080516RESL0253
2008,2008-05-16,Reg Season,Tohoku Rakuten Golden Eagles,Home,W,8,Saitama Seibu Lions,8,14,0,"1,5,0,0,0,1,0,1,x",5,Rakuten Seimei Park Miyagi,,03:23,12057,GAME20080516RESL0253
2008,2008-05-16,Reg Season,Hokkaido Nippon-Ham Fighters,Away,W,10,Fukuoka Softbank Hawks,10,16,0,"4,0,0,0,1,1,0,3,1",9,Mizuho PayPay Dome Fukuoka,,03:43,30948,GAME20080516SHNF0251
2008,2008-05-16,Reg Season,Fukuoka Softbank Hawks,Home,L,3,Hokkaido Nippon-Ham Fighters,3,8,0,"0,0,0,0,0,2,0,1,0",9,Mizuho PayPay Dome Fukuoka,,03:43,30948,GAME20080516SHNF0251
2008,2008-05-16,Reg Season,Hiroshima Toyo Carp,Away,W,7,Yomiuri Giants,7,12,1,"0,0,3,2,0,1,0,0,1",7,Tokyo Dome,,02:46,38172,GAME20080516YGHC0250
2008,2008-05-16,Reg Season,Yomiuri Giants,Home,L,1,Hiroshima Toyo Carp,1,8,0,"0,0,0,0,0,0,0,1,0",7,Tokyo Dome,,02:46,38172,GAME20080516YGHC0250
2008,2008-05-17,Reg Season,Yokohama BayStars,Away,W,10,Chunichi Dragons,10,15,0,"1,0,0,0,0,2,0,2,5",7,Vantelin Dome Nagoya,,04:01,37415,GAME20080517CDDB0258
2008,2008-05-17,Reg Season,Chunichi Dragons,Home,L,7,Yokohama BayStars,7,16,0,"0,0,1,0,2,3,0,1,0",7,Vantelin Dome Nagoya,,04:01,37415,GAME20080517CDDB0258
2008,2008-05-17,Reg Season,Tokyo Yakult Swallows,Away,L,0,Hanshin Tigers,0,6,1,"0,0,0,0,0,0,0,0,0",8,Hanshin Koshien Stadium,,02:28,43519,GAME20080517HTYS0260
2008,2008-05-17,Reg Season,Hanshin Tigers,Home,W,3,Tokyo Yakult Swallows,3,8,0,"2,0,0,0,0,1,0,0,x",8,Hanshin Koshien Stadium,,02:28,43519,GAME20080517HTYS0260
2008,2008-05-17,Reg Season,Orix Buffaloes,Away,L,7,Chiba Lotte Marines,7,13,2,"2,4,1,0,0,0,0,0,0",10,ZOZO Marine Stadium,,03:33,25853,GAME20080517LMOB0255
2008,2008-05-17,Reg Season,Chiba Lotte Marines,Home,W,12,Orix Buffaloes,12,15,0,"0,7,2,0,0,2,0,1,x",10,ZOZO Marine Stadium,,03:33,25853,GAME20080517LMOB0255
2008,2008-05-17,Reg Season,Saitama Seibu Lions,Away,L,2,Tohoku Rakuten Golden Eagles,2,8,3,"0,0,0,0,0,0,0,1,1,0,0,0",6,Rakuten Seimei Park Miyagi,,04:23,14265,GAME20080517RESL0257
2008,2008-05-17,Reg Season,Tohoku Rakuten Golden Eagles,Home,W,3,Saitama Seibu Lions,3,8,1,"1,0,0,0,0,0,0,0,1,0,0,1x",6,Rakuten Seimei Park Miyagi,,04:23,14265,GAME20080517RESL0257
2008,2008-05-17,Reg Season,Hokkaido Nippon-Ham Fighters,Away,L,2,Fukuoka Softbank Hawks,2,8,1,"0,0,0,0,2,0,0,0,0",10,Mizuho PayPay Dome Fukuoka,,03:12,30218,GAME20080517SHNF0256
2008,2008-05-17,Reg Season,Fukuoka Softbank Hawks,Home,W,3,Hokkaido Nippon-Ham Fighters,3,9,2,"0,0,0,0,0,0,1,1,1x",10,Mizuho PayPay Dome Fukuoka,,03:12,30218,GAME20080517SHNF0256
2008,2008-05-17,Reg Season,Hiroshima Toyo Carp,Away,W,8,Yomiuri Giants,8,13,0,"0,0,1,0,1,2,0,0,1,3",8,Tokyo Dome,,03:57,41994,GAME20080517YGHC0259
2008,2008-05-17,Reg Season,Yomiuri Giants,Home,L,5,Hiroshima Toyo Carp,5,9,2,"0,0,0,2,0,2,1,0,0,0",8,Tokyo Dome,,03:57,41994,GAME20080517YGHC0259
2008,2008-05-18,Reg Season,Yokohama BayStars,Away,L,5,Chunichi Dragons,5,9,0,"0,1,1,0,0,0,0,3,0",8,Vantelin Dome Nagoya,,03:22,35955,GAME20080518CDDB0266
2008,2008-05-18,Reg Season,Chunichi Dragons,Home,W,6,Yokohama BayStars,6,11,1,"0,0,0,0,0,0,5,0,1x",8,Vantelin Dome Nagoya,,03:22,35955,GAME20080518CDDB0266
2008,2008-05-18,Reg Season,Tokyo Yakult Swallows,Away,W,3,Hanshin Tigers,3,10,0,"1,0,1,0,0,0,0,0,1",9,Hanshin Koshien Stadium,,03:16,43517,GAME20080518HTYS0264
2008,2008-05-18,Reg Season,Hanshin Tigers,Home,L,2,Tokyo Yakult Swallows,2,11,0,"0,0,0,0,0,2,0,0,0",9,Hanshin Koshien Stadium,,03:16,43517,GAME20080518HTYS0264
2008,2008-05-18,Reg Season,Orix Buffaloes,Away,W,11,Chiba Lotte Marines,11,15,0,"0,0,1,0,0,0,5,4,1",11,ZOZO Marine Stadium,,03:12,24622,GAME20080518LMOB0261
2008,2008-05-18,Reg Season,Chiba Lotte Marines,Home,L,3,Orix Buffaloes,3,12,0,"1,0,0,0,0,0,1,0,1",11,ZOZO Marine Stadium,,03:12,24622,GAME20080518LMOB0261
2008,2008-05-18,Reg Season,Saitama Seibu Lions,Away,W,7,Tohoku Rakuten Golden Eagles,7,13,0,"0,0,0,7,0,0,0,0,0",7,Rakuten Seimei Park Miyagi,,03:03,20253,GAME20080518RESL0262
2008,2008-05-18,Reg Season,Tohoku Rakuten Golden Eagles,Home,L,3,Saitama Seibu Lions,3,5,0,"2,0,1,0,0,0,0,0,0",7,Rakuten Seimei Park Miyagi,,03:03,20253,GAME20080518RESL0262
2008,2008-05-18,Reg Season,Hokkaido Nippon-Ham Fighters,Away,W,4,Fukuoka Softbank Hawks,4,8,0,"0,0,2,0,2,0,0,0,0",11,Mizuho PayPay Dome Fukuoka,,03:28,32494,GAME20080518SHNF0265
2008,2008-05-18,Reg Season,Fukuoka Softbank Hawks,Home,L,3,Hokkaido Nippon-Ham Fighters,3,8,0,"0,2,0,0,0,1,0,0,0",11,Mizuho PayPay Dome Fukuoka,,03:28,32494,GAME20080518SHNF0265
2008,2008-05-18,Reg Season,Hiroshima Toyo Carp,Away,L,3,Yomiuri Giants,3,10,3,"0,1,1,0,1,0,0,0,0",9,Tokyo Dome,,02:54,39453,GAME20080518YGHC0263
2008,2008-05-18,Reg Season,Yomiuri Giants,Home,W,6,Hiroshima Toyo Carp,6,10,0,"4,0,0,0,0,0,0,2,x",9,Tokyo Dome,,02:54,39453,GAME20080518YGHC0263
2008,2008-05-20,Reg Season,Yomiuri Giants,Away,W,12,Chiba Lotte Marines,12,23,0,"0,2,0,1,3,0,2,4,0",1,ZOZO Marine Stadium,,04:13,25815,GAME20080520LMYG0271
2008,2008-05-20,Reg Season,Chiba Lotte Marines,Home,L,11,Yomiuri Giants,11,14,0,"0,2,6,0,0,0,2,0,1",1,ZOZO Marine Stadium,,04:13,25815,GAME20080520LMYG0271
2008,2008-05-20,Reg Season,Yokohama BayStars,Away,L,3,Hokkaido Nippon-Ham Fighters,3,5,1,"0,0,0,0,0,0,1,2,0",1,Sapporo Dome,,03:17,16957,GAME20080520NFDB0268
2008,2008-05-20,Reg Season,Hokkaido Nippon-Ham Fighters,Home,W,6,Yokohama BayStars,6,9,2,"0,2,0,2,0,0,1,1,x",1,Sapporo Dome,,03:17,16957,GAME20080520NFDB0268
2008,2008-05-20,Reg Season,Hanshin Tigers,Away,L,3,Orix Buffaloes,3,9,1,"1,0,0,0,2,0,0,0,0",1,Kyocera Dome Osaka,,03:17,30497,GAME20080520OBHT0269
2008,2008-05-20,Reg Season,Orix Buffaloes,Home,W,4,Hanshin Tigers,4,10,0,"0,0,0,0,0,0,4,0,x",1,Kyocera Dome Osaka,,03:17,30497,GAME20080520OBHT0269
2008,2008-05-20,Reg Season,Chunichi Dragons,Away,L,1,Tohoku Rakuten Golden Eagles,1,5,1,"0,0,0,0,0,1,0,0,0",1,Rakuten Seimei Park Miyagi,,03:05,12964,GAME20080520RECD0270
2008,2008-05-20,Reg Season,Tohoku Rakuten Golden Eagles,Home,W,6,Chunichi Dragons,6,11,0,"0,1,0,0,0,0,0,5,x",1,Rakuten Seimei Park Miyagi,,03:05,12964,GAME20080520RECD0270
2008,2008-05-20,Reg Season,Hiroshima Toyo Carp,Away,L,3,Fukuoka Softbank Hawks,3,7,1,"0,1,0,0,2,0,0,0,0",1,Mizuho PayPay Dome Fukuoka,,02:42,29232,GAME20080520SHHC0267
2008,2008-05-20,Reg Season,Fukuoka Softbank Hawks,Home,W,4,Hiroshima Toyo Carp,4,10,0,"0,0,0,3,1,0,0,0,x",1,Mizuho PayPay Dome Fukuoka,,02:42,29232,GAME20080520SHHC0267
2008,2008-05-21,Reg Season,Yomiuri Giants,Away,W,8,Chiba Lotte Marines,8,9,0,"1,0,4,0,2,0,0,0,1",2,ZOZO Marine Stadium,,03:49,26778,GAME20080521LMYG0277
2008,2008-05-21,Reg Season,Chiba Lotte Marines,Home,L,5,Yomiuri Giants,5,10,2,"0,0,0,0,3,0,2,0,0",2,ZOZO Marine Stadium,,03:49,26778,GAME20080521LMYG0277
2008,2008-05-21,Reg Season,Yokohama BayStars,Away,L,3,Hokkaido Nippon-Ham Fighters,3,10,1,"0,0,1,0,0,1,0,1,0",2,Sapporo Dome,,02:55,20271,GAME20080521NFDB0273
2008,2008-05-21,Reg Season,Hokkaido Nippon-Ham Fighters,Home,W,4,Yokohama BayStars,4,8,0,"0,0,2,0,0,0,0,2,x",2,Sapporo Dome,,02:55,20271,GAME20080521NFDB0273
2008,2008-05-21,Reg Season,Hanshin Tigers,Away,W,7,Orix Buffaloes,7,13,0,"1,0,0,0,0,0,5,1,0",2,Kobe Athletic Park Baseball Field,,03:16,25013,GAME20080521OBHT0276
2008,2008-05-21,Reg Season,Orix Buffaloes,Home,L,3,Hanshin Tigers,3,5,0,"0,0,0,1,0,2,0,0,0",2,Kobe Athletic Park Baseball Field,,03:16,25013,GAME20080521OBHT0276
2008,2008-05-21,Reg Season,Chunichi Dragons,Away,W,3,Tohoku Rakuten Golden Eagles,3,6,1,"0,0,0,2,0,1,0,0,0",2,Rakuten Seimei Park Miyagi,,03:28,15372,GAME20080521RECD0274
2008,2008-05-21,Reg Season,Tohoku Rakuten Golden Eagles,Home,L,1,Chunichi Dragons,1,4,1,"0,0,0,0,1,0,0,0,0",2,Rakuten Seimei Park Miyagi,,03:28,15372,GAME20080521RECD0274
2008,2008-05-21,Reg Season,Hiroshima Toyo Carp,Away,L,4,Fukuoka Softbank Hawks,4,15,0,"2,0,0,0,0,0,1,0,1",2,Mizuho PayPay Dome Fukuoka,,03:29,31014,GAME20080521SHHC0272
2008,2008-05-21,Reg Season,Fukuoka Softbank Hawks,Home,W,9,Hiroshima Toyo Carp,9,13,1,"2,0,0,1,0,0,2,4,x",2,Mizuho PayPay Dome Fukuoka,,03:29,31014,GAME20080521SHHC0272
2008,2008-05-21,Reg Season,Tokyo Yakult Swallows,Away,W,5,Saitama Seibu Lions,5,10,1,"2,0,0,1,1,1,0,0,0",1,Belluna Dome,,03:19,15683,GAME20080521SLYS0275
2008,2008-05-21,Reg Season,Saitama Seibu Lions,Home,L,4,Tokyo Yakult Swallows,4,6,0,"0,1,0,0,3,0,0,0,0",1,Belluna Dome,,03:19,15683,GAME20080521SLYS0275
2008,2008-05-22,Reg Season,Tokyo Yakult Swallows,Away,L,2,Saitama Seibu Lions,2,10,0,"1,0,0,0,1,0,0,0,0",2,Belluna Dome,,02:57,14236,GAME20080522SLYS0278
2008,2008-05-22,Reg Season,Saitama Seibu Lions,Home,W,7,Tokyo Yakult Swallows,7,10,0,"0,0,2,3,0,0,2,0,x",2,Belluna Dome,,02:57,14236,GAME20080522SLYS0278
2008,2008-05-23,Reg Season,Tokyo Yakult Swallows,Away,W,2,Chiba Lotte Marines,2,4,1,"0,0,0,0,0,0,0,0,0,0,0,2",1,ZOZO Marine Stadium,,03:44,17548,GAME20080523LMYS0281
2008,2008-05-23,Reg Season,Chiba Lotte Marines,Home,L,0,Tokyo Yakult Swallows,0,3,2,"0,0,0,0,0,0,0,0,0,0,0,0",1,ZOZO Marine Stadium,,03:44,17548,GAME20080523LMYS0281
2008,2008-05-23,Reg Season,Chunichi Dragons,Away,L,0,Hokkaido Nippon-Ham Fighters,0,4,1,"0,0,0,0,0,0,0,0,0",1,Sapporo Dome,,02:35,23966,GAME20080523NFCD0282
2008,2008-05-23,Reg Season,Hokkaido Nippon-Ham Fighters,Home,W,1,Chunichi Dragons,1,3,1,"0,1,0,0,0,0,0,0,x",1,Sapporo Dome,,02:35,23966,GAME20080523NFCD0282
2008,2008-05-23,Reg Season,Hiroshima Toyo Carp,Away,W,6,Orix Buffaloes,6,9,0,"0,1,3,0,0,0,2,0,0",1,Kyocera Dome Osaka,,02:55,14645,GAME20080523OBHC0280
2008,2008-05-23,Reg Season,Orix Buffaloes,Home,L,3,Hiroshima Toyo Carp,3,6,0,"0,1,0,0,0,0,0,0,2",1,Kyocera Dome Osaka,,02:55,14645,GAME20080523OBHC0280
2008,2008-05-23,Reg Season,Yokohama BayStars,Away,L,5,Tohoku Rakuten Golden Eagles,5,11,1,"0,0,0,1,0,0,0,4,0",1,Rakuten Seimei Park Miyagi,,03:20,14091,GAME20080523REDB0283
2008,2008-05-23,Reg Season,Tohoku Rakuten Golden Eagles,Home,W,7,Yokohama BayStars,7,13,1,"0,3,0,0,1,0,2,1,x",1,Rakuten Seimei Park Miyagi,,03:20,14091,GAME20080523REDB0283
2008,2008-05-23,Reg Season,Hanshin Tigers,Away,L,2,Fukuoka Softbank Hawks,2,6,0,"2,0,0,0,0,0,0,0,0",1,Mizuho PayPay Dome Fukuoka,,03:06,34671,GAME20080523SHHT0279
2008,2008-05-23,Reg Season,Fukuoka Softbank Hawks,Home,W,7,Hanshin Tigers,7,12,0,"0,1,0,0,0,5,1,0,x",1,Mizuho PayPay Dome Fukuoka,,03:06,34671,GAME20080523SHHT0279
2008,2008-05-23,Reg Season,Yomiuri Giants,Away,L,1,Saitama Seibu Lions,1,4,1,"1,0,0,0,0,0,0,0,0",1,Belluna Dome,,02:54,24137,GAME20080523SLYG0284
2008,2008-05-23,Reg Season,Saitama Seibu Lions,Home,W,10,Yomiuri Giants,10,15,0,"4,2,1,0,0,0,0,3,x",1,Belluna Dome,,02:54,24137,GAME20080523SLYG0284
2008,2008-05-24,Reg Season,Tokyo Yakult Swallows,Away,L,3,Chiba Lotte Marines,3,8,0,"0,0,0,0,3,0,0,0,0",2,ZOZO Marine Stadium,,02:57,21791,GAME20080524LMYS0286
2008,2008-05-24,Reg Season,Chiba Lotte Marines,Home,W,4,Tokyo Yakult Swallows,4,8,0,"1,1,0,1,0,0,0,0,1x",2,ZOZO Marine Stadium,,02:57,21791,GAME20080524LMYS0286
2008,2008-05-24,Reg Season,Chunichi Dragons,Away,L,1,Hokkaido Nippon-Ham Fighters,1,5,0,"0,0,0,1,0,0,0,0,0",2,Sapporo Dome,,03:04,30983,GAME20080524NFCD0290
2008,2008-05-24,Reg Season,Hokkaido Nippon-Ham Fighters,Home,W,11,Chunichi Dragons,11,20,0,"3,0,0,3,0,2,3,0,x",2,Sapporo Dome,,03:04,30983,GAME20080524NFCD0290
2008,2008-05-24,Reg Season,Hiroshima Toyo Carp,Away,W,4,Orix Buffaloes,4,6,0,"1,0,0,0,0,2,0,1,0",2,Kyocera Dome Osaka,,02:41,22295,GAME20080524OBHC0289
2008,2008-05-24,Reg Season,Orix Buffaloes,Home,L,3,Hiroshima Toyo Carp,3,7,0,"0,0,0,0,0,0,2,0,1",2,Kyocera Dome Osaka,,02:41,22295,GAME20080524OBHC0289
2008,2008-05-24,Reg Season,Yokohama BayStars,Away,L,1,Tohoku Rakuten Golden Eagles,1,5,1,"0,0,0,0,0,0,1,0,0",2,Rakuten Seimei Park Miyagi,,03:35,17435,GAME20080524REDB0287
2008,2008-05-24,Reg Season,Tohoku Rakuten Golden Eagles,Home,W,2,Yokohama BayStars,2,7,1,"0,0,1,1,0,0,0,0,x",2,Rakuten Seimei Park Miyagi,,03:35,17435,GAME20080524REDB0287
2008,2008-05-24,Reg Season,Hanshin Tigers,Away,W,5,Fukuoka Softbank Hawks,5,11,0,"0,0,0,1,0,0,0,0,4",2,Mizuho PayPay Dome Fukuoka,,03:21,35062,GAME20080524SHHT0285
2008,2008-05-24,Reg Season,Fukuoka Softbank Hawks,Home,L,2,Hanshin Tigers,2,5,1,"0,0,1,0,0,1,0,0,0",2,Mizuho PayPay Dome Fukuoka,,03:21,35062,GAME20080524SHHT0285
2008,2008-05-24,Reg Season,Yomiuri Giants,Away,L,2,Saitama Seibu Lions,2,9,0,"1,0,0,0,0,1,0,0,0",2,Belluna Dome,,02:45,34432,GAME20080524SLYG0288
2008,2008-05-24,Reg Season,Saitama Seibu Lions,Home,W,4,Yomiuri Giants,4,8,2,"1,0,0,2,1,0,0,0,x",2,Belluna Dome,,02:45,34432,GAME20080524SLYG0288
2008,2008-05-25,Reg Season,Fukuoka Softbank Hawks,Away,L,4,Chunichi Dragons,4,10,0,"0,0,2,0,0,0,1,1,0",1,Vantelin Dome Nagoya,,03:45,37940,GAME20080525CDSH0295
2008,2008-05-25,Reg Season,Chunichi Dragons,Home,W,5,Fukuoka Softbank Hawks,5,13,0,"1,0,0,1,2,0,0,1,x",1,Vantelin Dome Nagoya,,03:45,37940,GAME20080525CDSH0295
2008,2008-05-25,Reg Season,Orix Buffaloes,Away,W,10,Yokohama BayStars,10,18,0,"0,1,0,0,0,0,6,3,0",1,Yokohama Stadium,,03:22,15650,GAME20080525DBOB0296
2008,2008-05-25,Reg Season,Yokohama BayStars,Home,L,3,Orix Buffaloes,3,9,0,"0,1,1,0,0,0,1,0,0",1,Yokohama Stadium,,03:22,15650,GAME20080525DBOB0296
2008,2008-05-25,Reg Season,Chiba Lotte Marines,Away,L,6,Hiroshima Toyo Carp,6,11,0,"0,0,5,0,1,0,0,0,0",1,MAZDA Zoom-Zoom Stadium Hiroshima,,03:14,20767,GAME20080525HCLM0291
2008,2008-05-25,Reg Season,Hiroshima Toyo Carp,Home,W,7,Chiba Lotte Marines,7,8,0,"0,0,0,5,0,0,0,2,x",1,MAZDA Zoom-Zoom Stadium Hiroshima,,03:14,20767,GAME20080525HCLM0291
2008,2008-05-25,Reg Season,Saitama Seibu Lions,Away,L,1,Hanshin Tigers,1,6,0,"0,0,0,0,0,1,0,0,0",1,Hanshin Koshien Stadium,,03:13,43516,GAME20080525HTSL0293
2008,2008-05-25,Reg Season,Hanshin Tigers,Home,W,5,Saitama Seibu Lions,5,10,1,"0,0,0,0,0,0,5,0,x",1,Hanshin Koshien Stadium,,03:13,43516,GAME20080525HTSL0293
2008,2008-05-25,Reg Season,Hokkaido Nippon-Ham Fighters,Away,L,4,Yomiuri Giants,4,5,1,"0,2,0,2,0,0,0,0,0",1,Tokyo Dome,,02:55,43813,GAME20080525YGNF0294
2008,2008-05-25,Reg Season,Yomiuri Giants,Home,W,6,Hokkaido Nippon-Ham Fighters,6,9,0,"2,1,0,1,0,1,0,1,x",1,Tokyo Dome,,02:55,43813,GAME20080525YGNF0294
2008,2008-05-25,Reg Season,Tohoku Rakuten Golden Eagles,Away,W,10,Tokyo Yakult Swallows,10,13,0,"2,0,0,0,0,2,2,1,3",1,Meiji Jingu Stadium,,03:27,22491,GAME20080525YSRE0292
2008,2008-05-25,Reg Season,Tokyo Yakult Swallows,Home,L,2,Tohoku Rakuten Golden Eagles,2,6,1,"0,0,2,0,0,0,0,0,0",1,Meiji Jingu Stadium,,03:27,22491,GAME20080525YSRE0292
2008,2008-05-26,Reg Season,Fukuoka Softbank Hawks,Away,L,0,Chunichi Dragons,0,4,0,"0,0,0,0,0,0,0,0,0",2,Vantelin Dome Nagoya,,02:28,31524,GAME20080526CDSH0299
2008,2008-05-26,Reg Season,Chunichi Dragons,Home,W,1,Fukuoka Softbank Hawks,1,4,0,"0,0,0,0,0,1,0,0,x",2,Vantelin Dome Nagoya,,02:28,31524,GAME20080526CDSH0299
2008,2008-05-26,Reg Season,Orix Buffaloes,Away,L,5,Yokohama BayStars,5,10,2,"4,0,0,1,0,0,0,0,0",2,Yokohama Stadium,,02:54,17248,GAME20080526DBOB0300
2008,2008-05-26,Reg Season,Yokohama BayStars,Home,W,9,Orix Buffaloes,9,10,0,"0,0,2,0,4,1,0,2,x",2,Yokohama Stadium,,02:54,17248,GAME20080526DBOB0300
2008,2008-05-26,Reg Season,Chiba Lotte Marines,Away,L,4,Hiroshima Toyo Carp,4,12,1,"0,1,2,1,0,0,0,0,0",2,MAZDA Zoom-Zoom Stadium Hiroshima,,03:23,18131,GAME20080526HCLM0297
2008,2008-05-26,Reg Season,Hiroshima Toyo Carp,Home,W,8,Chiba Lotte Marines,8,13,0,"2,0,0,0,4,2,0,0,x",2,MAZDA Zoom-Zoom Stadium Hiroshima,,03:23,18131,GAME20080526HCLM0297
2008,2008-05-26,Reg Season,Saitama Seibu Lions,Away,L,1,Hanshin Tigers,1,8,0,"0,0,0,0,0,1,0,0,0,0,0",2,Hanshin Koshien Stadium,,03:43,41970,GAME20080526HTSL0298
2008,2008-05-26,Reg Season,Hanshin Tigers,Home,W,2,Saitama Seibu Lions,2,13,0,"0,0,0,0,1,0,0,0,0,0,1x",2,Hanshin Koshien Stadium,,03:43,41970,GAME20080526HTSL0298
2008,2008-05-26,Reg Season,Hokkaido Nippon-Ham Fighters,Away,L,3,Yomiuri Giants,3,9,0,"0,0,0,1,0,1,0,1,0",2,Tokyo Dome,,03:35,39278,GAME20080526YGNF0302
2008,2008-05-26,Reg Season,Yomiuri Giants,Home,W,4,Hokkaido Nippon-Ham Fighters,4,14,0,"2,0,0,1,1,0,0,0,x",2,Tokyo Dome,,03:35,39278,GAME20080526YGNF0302
2008,2008-05-26,Reg Season,Tohoku Rakuten Golden Eagles,Away,W,5,Tokyo Yakult Swallows,5,11,0,"0,5,0,0,0,0,0,0,0",2,Meiji Jingu Stadium,,03:51,16483,GAME20080526YSRE0301
2008,2008-05-26,Reg Season,Tokyo Yakult Swallows,Home,L,4,Tohoku Rakuten Golden Eagles,4,13,1,"0,0,0,0,1,0,2,0,1",2,Meiji Jingu Stadium,,03:51,16483,GAME20080526YSRE0301
2008,2008-05-28,Reg Season,Orix Buffaloes,Away,W,4,Chunichi Dragons,4,9,0,"0,0,2,0,1,1,0,0,0",1,Vantelin Dome Nagoya,,02:59,31594,GAME20080528CDOB0304
2008,2008-05-28,Reg Season,Chunichi Dragons,Home,L,2,Orix Buffaloes,2,4,0,"0,0,0,0,2,0,0,0,0",1,Vantelin Dome Nagoya,,02:59,31594,GAME20080528CDOB0304
2008,2008-05-28,Reg Season,Fukuoka Softbank Hawks,Away,W,6,Yokohama BayStars,6,7,1,"1,0,1,4,0,0,0",1,Oita Sports Park Baseball Field,,02:11,13226,GAME20080528DBSH0308
2008,2008-05-28,Reg Season,Yokohama BayStars,Home,L,2,Fukuoka Softbank Hawks,2,7,1,"0,0,0,1,0,1,0",1,Oita Sports Park Baseball Field,,02:11,13226,GAME20080528DBSH0308
2008,2008-05-28,Reg Season,Saitama Seibu Lions,Away,W,5,Hiroshima Toyo Carp,5,7,1,"0,0,1,0,1,3,0,0,0",1,Fukuyama-shi Takegahana athletic park ballpark,,03:06,7041,GAME20080528HCSL0303
2008,2008-05-28,Reg Season,Hiroshima Toyo Carp,Home,L,3,Saitama Seibu Lions,3,10,0,"0,1,0,0,0,0,0,2,0",1,Fukuyama-shi Takegahana athletic park ballpark,,03:06,7041,GAME20080528HCSL0303
2008,2008-05-28,Reg Season,Chiba Lotte Marines,Away,W,5,Hanshin Tigers,5,15,0,"0,0,0,2,2,1,0,0,0",1,Hanshin Koshien Stadium,,03:34,43510,GAME20080528HTLM0307
2008,2008-05-28,Reg Season,Hanshin Tigers,Home,L,4,Chiba Lotte Marines,4,9,1,"1,1,2,0,0,0,0,0,0",1,Hanshin Koshien Stadium,,03:34,43510,GAME20080528HTLM0307
2008,2008-05-28,Reg Season,Tohoku Rakuten Golden Eagles,Away,L,1,Yomiuri Giants,1,4,0,"0,1,0,0,0,0,0,0,0",1,Tokyo Dome,,02:44,43132,GAME20080528YGRE0306
2008,2008-05-28,Reg Season,Yomiuri Giants,Home,W,6,Tohoku Rakuten Golden Eagles,6,11,1,"0,2,3,0,0,1,0,0,x",1,Tokyo Dome,,02:44,43132,GAME20080528YGRE0306
2008,2008-05-28,Reg Season,Hokkaido Nippon-Ham Fighters,Away,W,7,Tokyo Yakult Swallows,7,11,0,"3,0,0,0,4,0,0,0,0",1,Meiji Jingu Stadium,,03:10,18050,GAME20080528YSNF0305
2008,2008-05-28,Reg Season,Tokyo Yakult Swallows,Home,L,3,Hokkaido Nippon-Ham Fighters,3,7,0,"0,1,0,0,2,0,0,0,0",1,Meiji Jingu Stadium,,03:10,18050,GAME20080528YSNF0305
2008,2008-05-29,Reg Season,Orix Buffaloes,Away,W,5,Chunichi Dragons,5,8,2,"1,0,4,0,0,0,0,0,0",2,Vantelin Dome Nagoya,,02:51,30877,GAME20080529CDOB0313
2008,2008-05-29,Reg Season,Chunichi Dragons,Home,L,1,Orix Buffaloes,1,6,1,"0,1,0,0,0,0,0,0,0",2,Vantelin Dome Nagoya,,02:51,30877,GAME20080529CDOB0313
2008,2008-05-29,Reg Season,Fukuoka Softbank Hawks,Away,W,6,Yokohama BayStars,6,11,0,"1,2,2,0,1,0,0,0,0",2,Kitakyushu Municipal Baseball Stadium,,03:15,17186,GAME20080529DBSH0312
2008,2008-05-29,Reg Season,Yokohama BayStars,Home,L,5,Fukuoka Softbank Hawks,5,11,0,"0,0,0,0,0,0,2,2,1",2,Kitakyushu Municipal Baseball Stadium,,03:15,17186,GAME20080529DBSH0312
2008,2008-05-29,Reg Season,Saitama Seibu Lions,Away,L,1,Hiroshima Toyo Carp,1,6,1,"0,0,0,0,1,0,0,0,0",2,MAZDA Zoom-Zoom Stadium Hiroshima,,02:54,15267,GAME20080529HCSL0309
2008,2008-05-29,Reg Season,Hiroshima Toyo Carp,Home,W,3,Saitama Seibu Lions,3,9,0,"0,0,0,2,0,1,0,0,x",2,MAZDA Zoom-Zoom Stadium Hiroshima,,02:54,15267,GAME20080529HCSL0309
2008,2008-05-29,Reg Season,Chiba Lotte Marines,Away,L,4,Hanshin Tigers,4,10,2,"2,0,0,0,0,2,0,0,0",2,Hanshin Koshien Stadium,,03:15,42634,GAME20080529HTLM0311
2008,2008-05-29,Reg Season,Hanshin Tigers,Home,W,8,Chiba Lotte Marines,8,9,0,"0,0,2,0,5,1,0,0,x",2,Hanshin Koshien Stadium,,03:15,42634,GAME20080529HTLM0311
2008,2008-05-29,Reg Season,Tohoku Rakuten Golden Eagles,Away,W,4,Yomiuri Giants,4,6,1,"1,0,0,1,0,2,0,0,0",2,Tokyo Dome,,02:57,41106,GAME20080529YGRE0314
2008,2008-05-29,Reg Season,Yomiuri Giants,Home,L,2,Tohoku Rakuten Golden Eagles,2,5,1,"0,0,2,0,0,0,0,0,0",2,Tokyo Dome,,02:57,41106,GAME20080529YGRE0314
2008,2008-05-29,Reg Season,Hokkaido Nippon-Ham Fighters,Away,W,3,Tokyo Yakult Swallows,3,10,1,"0,0,0,0,0,1,1,0,1",2,Meiji Jingu Stadium,,03:11,9683,GAME20080529YSNF0310
2008,2008-05-29,Reg Season,Tokyo Yakult Swallows,Home,L,2,Hokkaido Nippon-Ham Fighters,2,5,1,"0,0,0,0,1,0,0,1,0",2,Meiji Jingu Stadium,,03:11,9683,GAME20080529YSNF0310
2008,2008-05-31,Reg Season,Yokohama BayStars,Away,L,1,Chiba Lotte Marines,1,6,1,"0,0,1,0,0,0,0,0,0",1,ZOZO Marine Stadium,,02:30,14573,GAME20080531LMDB0317
2008,2008-05-31,Reg Season,Chiba Lotte Marines,Home,W,7,Yokohama BayStars,7,12,1,"6,1,0,0,0,0,0,0,x",1,ZOZO Marine Stadium,,02:30,14573,GAME20080531LMDB0317
2008,2008-05-31,Reg Season,Hanshin Tigers,Away,L,1,Hokkaido Nippon-Ham Fighters,1,4,1,"0,0,0,0,0,0,1,0,0",1,Sapporo Dome,,02:28,42126,GAME20080531NFHT0318
2008,2008-05-31,Reg Season,Hokkaido Nippon-Ham Fighters,Home,W,2,Hanshin Tigers,2,7,0,"0,0,0,0,0,0,2,0,x",1,Sapporo Dome,,02:28,42126,GAME20080531NFHT0318
2008,2008-05-31,Reg Season,Tokyo Yakult Swallows,Away,W,9,Orix Buffaloes,9,14,0,"4,0,0,3,2,0,0,0,0",1,Kobe Athletic Park Baseball Field,,03:03,17418,GAME20080531OBYS0316
2008,2008-05-31,Reg Season,Orix Buffaloes,Home,L,3,Tokyo Yakult Swallows,3,6,1,"0,0,0,0,2,0,1,0,0",1,Kobe Athletic Park Baseball Field,,03:03,17418,GAME20080531OBYS0316
2008,2008-05-31,Reg Season,Hiroshima Toyo Carp,Away,L,3,Tohoku Rakuten Golden Eagles,3,8,1,"0,0,0,0,2,0,0,1,0",1,Rakuten Seimei Park Miyagi,,02:33,14393,GAME20080531REHC0319
2008,2008-05-31,Reg Season,Tohoku Rakuten Golden Eagles,Home,W,8,Hiroshima Toyo Carp,8,9,1,"4,0,0,2,2,0,0,0,x",1,Rakuten Seimei Park Miyagi,,02:33,14393,GAME20080531REHC0319
2008,2008-05-31,Reg Season,Yomiuri Giants,Away,L,1,Fukuoka Softbank Hawks,1,5,0,"0,0,0,0,1,0,0,0,0",1,Mizuho PayPay Dome Fukuoka,,02:47,35123,GAME20080531SHYG0315
2008,2008-05-31,Reg Season,Fukuoka Softbank Hawks,Home,W,3,Yomiuri Giants,3,6,0,"0,0,0,3,0,0,0,0,x",1,Mizuho PayPay Dome Fukuoka,,02:47,35123,GAME20080531SHYG0315
2008,2008-05-31,Reg Season,Chunichi Dragons,Away,W,4,Saitama Seibu Lions,4,7,1,"0,0,0,0,0,2,2,0,0",1,Belluna Dome,,03:37,32788,GAME20080531SLCD0320
2008,2008-05-31,Reg Season,Saitama Seibu Lions,Home,L,3,Chunichi Dragons,3,7,0,"0,1,1,1,0,0,0,0,0",1,Belluna Dome,,03:37,32788,GAME20080531SLCD0320
2008,2008-06-01,Reg Season,Yokohama BayStars,Away,W,12,Chiba Lotte Marines,12,15,0,"0,1,1,3,1,0,0,3,3",2,ZOZO Marine Stadium,,03:39,29682,GAME20080601LMDB0323
2008,2008-06-01,Reg Season,Chiba Lotte Marines,Home,L,4,Yokohama BayStars,4,11,1,"1,0,0,0,1,0,0,0,2",2,ZOZO Marine Stadium,,03:39,29682,GAME20080601LMDB0323
2008,2008-06-01,Reg Season,Hanshin Tigers,Away,W,5,Hokkaido Nippon-Ham Fighters,5,13,0,"0,2,0,1,0,0,0,0,0,2",2,Sapporo Dome,,04:14,42126,GAME20080601NFHT0321
2008,2008-06-01,Reg Season,Hokkaido Nippon-Ham Fighters,Home,L,4,Hanshin Tigers,4,7,1,"0,0,0,1,0,2,0,0,0,1",2,Sapporo Dome,,04:14,42126,GAME20080601NFHT0321
2008,2008-06-01,Reg Season,Tokyo Yakult Swallows,Away,L,3,Orix Buffaloes,3,9,2,"0,0,0,0,0,0,0,3,0",2,Kobe Athletic Park Baseball Field,,03:15,20055,GAME20080601OBYS0325
2008,2008-06-01,Reg Season,Orix Buffaloes,Home,W,9,Tokyo Yakult Swallows,9,13,0,"2,0,1,0,4,1,0,1,x",2,Kobe Athletic Park Baseball Field,,03:15,20055,GAME20080601OBYS0325
2008,2008-06-01,Reg Season,Hiroshima Toyo Carp,Away,W,2,Tohoku Rakuten Golden Eagles,2,7,1,"1,0,0,0,0,1,0,0,0",2,Rakuten Seimei Park Miyagi,,03:01,20228,GAME20080601REHC0322
2008,2008-06-01,Reg Season,Tohoku Rakuten Golden Eagles,Home,L,1,Hiroshima Toyo Carp,1,8,0,"0,0,0,0,0,0,0,1,0",2,Rakuten Seimei Park Miyagi,,03:01,20228,GAME20080601REHC0322
2008,2008-06-01,Reg Season,Yomiuri Giants,Away,L,4,Fukuoka Softbank Hawks,4,11,3,"0,0,0,0,0,0,0,2,1,0,0,1",2,Mizuho PayPay Dome Fukuoka,,04:35,34199,GAME20080601SHYG0324
2008,2008-06-01,Reg Season,Fukuoka Softbank Hawks,Home,W,5,Yomiuri Giants,5,19,0,"1,0,0,0,2,0,0,0,0,0,0,2x",2,Mizuho PayPay Dome Fukuoka,,04:35,34199,GAME20080601SHYG0324
2008,2008-06-01,Reg Season,Chunichi Dragons,Away,L,3,Saitama Seibu Lions,3,10,1,"0,0,0,0,0,1,1,1,0",2,Belluna Dome,,03:07,33157,GAME20080601SLCD0326
2008,2008-06-01,Reg Season,Saitama Seibu Lions,Home,W,10,Chunichi Dragons,10,10,2,"0,0,0,5,5,0,0,0,x",2,Belluna Dome,,03:07,33157,GAME20080601SLCD0326
2008,2008-06-03,Reg Season,Hiroshima Toyo Carp,Away,L,2,Hokkaido Nippon-Ham Fighters,2,3,1,"0,0,0,0,0,0,0,0,2",1,Sapporo Dome,,02:48,17815,GAME20080603NFHC0327
2008,2008-06-03,Reg Season,Hokkaido Nippon-Ham Fighters,Home,W,4,Hiroshima Toyo Carp,4,12,0,"0,0,0,1,1,1,1,0,x",1,Sapporo Dome,,02:48,17815,GAME20080603NFHC0327
2008,2008-06-03,Reg Season,Yomiuri Giants,Away,L,3,Orix Buffaloes,3,7,1,"1,0,0,0,0,0,0,0,2",1,Kyocera Dome Osaka,,02:41,25039,GAME20080603OBYG0329
2008,2008-06-03,Reg Season,Orix Buffaloes,Home,W,8,Yomiuri Giants,8,9,0,"1,0,0,0,0,2,0,5,x",1,Kyocera Dome Osaka,,02:41,25039,GAME20080603OBYG0329
2008,2008-06-03,Reg Season,Hanshin Tigers,Away,L,4,Tohoku Rakuten Golden Eagles,4,11,0,"1,0,1,1,0,0,1,0,0",1,Rakuten Seimei Park Miyagi,,03:34,20569,GAME20080603REHT0328
2008,2008-06-03,Reg Season,Tohoku Rakuten Golden Eagles,Home,W,11,Hanshin Tigers,11,14,1,"3,2,1,1,1,2,0,1,x",1,Rakuten Seimei Park Miyagi,,03:34,20569,GAME20080603REHT0328
2008,2008-06-03,Reg Season,Tokyo Yakult Swallows,Away,L,3,Fukuoka Softbank Hawks,3,13,0,"0,1,0,0,0,0,0,0,2",1,Mizuho PayPay Dome Fukuoka,,03:40,30607,GAME20080603SHYS0331
2008,2008-06-03,Reg Season,Fukuoka Softbank Hawks,Home,W,7,Tokyo Yakult Swallows,7,10,0,"0,0,0,2,4,1,0,0,x",1,Mizuho PayPay Dome Fukuoka,,03:40,30607,GAME20080603SHYS0331
2008,2008-06-03,Reg Season,Yokohama BayStars,Away,L,3,Saitama Seibu Lions,3,8,0,"0,0,0,1,1,1,0,0,0",1,Belluna Dome,,02:55,11477,GAME20080603SLDB0330
2008,2008-06-03,Reg Season,Saitama Seibu Lions,Home,W,7,Yokohama BayStars,7,12,0,"0,1,0,2,2,1,1,0,x",1,Belluna Dome,,02:55,11477,GAME20080603SLDB0330
2008,2008-06-04,Reg Season,Chunichi Dragons,Away,L,4,Chiba Lotte Marines,4,9,1,"0,0,2,0,0,0,2,0,0",1,ZOZO Marine Stadium,,03:13,24877,GAME20080604LMCD0332
2008,2008-06-04,Reg Season,Chiba Lotte Marines,Home,W,5,Chunichi Dragons,5,7,1,"2,1,1,0,1,0,0,0,x",1,ZOZO Marine Stadium,,03:13,24877,GAME20080604LMCD0332
2008,2008-06-04,Reg Season,Hiroshima Toyo Carp,Away,W,3,Hokkaido Nippon-Ham Fighters,3,6,0,"0,2,1,0,0,0,0,0,0",2,Sapporo Dome,,02:24,23870,GAME20080604NFHC0336
2008,2008-06-04,Reg Season,Hokkaido Nippon-Ham Fighters,Home,L,2,Hiroshima Toyo Carp,2,6,0,"0,0,0,0,0,0,2,0,0",2,Sapporo Dome,,02:24,23870,GAME20080604NFHC0336
2008,2008-06-04,Reg Season,Yomiuri Giants,Away,W,4,Orix Buffaloes,4,13,1,"3,0,0,0,0,0,1,0,0",2,Kobe Athletic Park Baseball Field,,03:23,16229,GAME20080604OBYG0337
2008,2008-06-04,Reg Season,Orix Buffaloes,Home,L,2,Yomiuri Giants,2,8,0,"1,0,0,1,0,0,0,0,0",2,Kobe Athletic Park Baseball Field,,03:23,16229,GAME20080604OBYG0337
2008,2008-06-04,Reg Season,Hanshin Tigers,Away,W,5,Tohoku Rakuten Golden Eagles,5,7,0,"0,1,1,0,3,0,0,0,0",2,Rakuten Seimei Park Miyagi,,03:19,20805,GAME20080604REHT0333
2008,2008-06-04,Reg Season,Tohoku Rakuten Golden Eagles,Home,L,2,Hanshin Tigers,2,8,0,"0,0,0,0,2,0,0,0,0",2,Rakuten Seimei Park Miyagi,,03:19,20805,GAME20080604REHT0333
2008,2008-06-04,Reg Season,Tokyo Yakult Swallows,Away,W,3,Fukuoka Softbank Hawks,3,11,0,"0,1,0,0,2,0,0,0,0",2,Mizuho PayPay Dome Fukuoka,,02:56,29491,GAME20080604SHYS0335
2008,2008-06-04,Reg Season,Fukuoka Softbank Hawks,Home,L,0,Tokyo Yakult Swallows,0,4,1,"0,0,0,0,0,0,0,0,0",2,Mizuho PayPay Dome Fukuoka,,02:56,29491,GAME20080604SHYS0335
2008,2008-06-04,Reg Season,Yokohama BayStars,Away,L,1,Saitama Seibu Lions,1,9,0,"0,0,0,0,0,0,0,1,0",2,Belluna Dome,,03:04,13416,GAME20080604SLDB0334
2008,2008-06-04,Reg Season,Saitama Seibu Lions,Home,W,2,Yokohama BayStars,2,5,0,"0,0,2,0,0,0,0,0,x",2,Belluna Dome,,03:04,13416,GAME20080604SLDB0334
2008,2008-06-05,Reg Season,Chunichi Dragons,Away,W,4,Chiba Lotte Marines,4,7,0,"0,0,4,0,0,0,0,0,0",2,ZOZO Marine Stadium,,02:54,8263,GAME20080605LMCD0338
2008,2008-06-05,Reg Season,Chiba Lotte Marines,Home,L,1,Chunichi Dragons,1,10,1,"0,0,0,0,1,0,0,0,0",2,ZOZO Marine Stadium,,02:54,8263,GAME20080605LMCD0338
2008,2008-06-06,Reg Season,Hokkaido Nippon-Ham Fighters,Away,W,7,Chunichi Dragons,7,17,0,"0,0,0,0,3,0,4,0,0",3,Vantelin Dome Nagoya,,03:19,36725,GAME20080606CDNF0339
2008,2008-06-06,Reg Season,Chunichi Dragons,Home,L,3,Hokkaido Nippon-Ham Fighters,3,4,0,"1,0,0,1,0,0,0,1,0",3,Vantelin Dome Nagoya,,03:19,36725,GAME20080606CDNF0339
2008,2008-06-06,Reg Season,Tohoku Rakuten Golden Eagles,Away,W,14,Yokohama BayStars,14,17,0,"0,0,0,0,1,7,3,0,3",3,Yokohama Stadium,,03:39,16355,GAME20080606DBRE0340
2008,2008-06-06,Reg Season,Yokohama BayStars,Home,L,5,Tohoku Rakuten Golden Eagles,5,14,0,"0,0,0,0,0,1,3,1,0",3,Yokohama Stadium,,03:39,16355,GAME20080606DBRE0340
2008,2008-06-06,Reg Season,Orix Buffaloes,Away,W,12,Hiroshima Toyo Carp,12,14,3,"3,0,0,1,0,2,0,6,0",3,Shimanami Baseball Field,,03:14,8336,GAME20080606HCOB0344
2008,2008-06-06,Reg Season,Hiroshima Toyo Carp,Home,L,2,Orix Buffaloes,2,9,2,"0,0,1,0,1,0,0,0,0",3,Shimanami Baseball Field,,03:14,8336,GAME20080606HCOB0344
2008,2008-06-06,Reg Season,Fukuoka Softbank Hawks,Away,L,2,Hanshin Tigers,2,9,1,"0,1,1,0,0,0,0,0,0",3,Hanshin Koshien Stadium,,03:20,43522,GAME20080606HTSH0341
2008,2008-06-06,Reg Season,Hanshin Tigers,Home,W,5,Fukuoka Softbank Hawks,5,9,0,"0,0,0,1,1,0,0,3,x",3,Hanshin Koshien Stadium,,03:20,43522,GAME20080606HTSH0341
2008,2008-06-06,Reg Season,Chiba Lotte Marines,Away,L,3,Yomiuri Giants,3,8,0,"0,0,3,0,0,0,0,0,0,0",3,Tokyo Dome,,03:19,43102,GAME20080606YGLM0342
2008,2008-06-06,Reg Season,Yomiuri Giants,Home,W,4,Chiba Lotte Marines,4,6,1,"0,0,0,1,1,1,0,0,0,1x",3,Tokyo Dome,,03:19,43102,GAME20080606YGLM0342
2008,2008-06-06,Reg Season,Saitama Seibu Lions,Away,L,1,Tokyo Yakult Swallows,1,4,1,"0,1,0,0,0,0,0,0,0",3,Iwaki Green Stadium,,02:36,7733,GAME20080606YSSL0343
2008,2008-06-06,Reg Season,Tokyo Yakult Swallows,Home,W,7,Saitama Seibu Lions,7,13,2,"4,0,0,0,3,0,0,0,x",3,Iwaki Green Stadium,,02:36,7733,GAME20080606YSSL0343
2008,2008-06-07,Reg Season,Hokkaido Nippon-Ham Fighters,Away,L,1,Chunichi Dragons,1,6,1,"0,0,0,1,0,0,0,0,0",4,Vantelin Dome Nagoya,,02:57,38247,GAME20080607CDNF0345
2008,2008-06-07,Reg Season,Chunichi Dragons,Home,W,4,Hokkaido Nippon-Ham Fighters,4,8,0,"0,0,0,0,0,2,0,2,x",4,Vantelin Dome Nagoya,,02:57,38247,GAME20080607CDNF0345
2008,2008-06-07,Reg Season,Tohoku Rakuten Golden Eagles,Away,W,5,Yokohama BayStars,5,10,1,"0,0,0,0,0,4,1,0,0",4,Yokohama Stadium,,03:00,22545,GAME20080607DBRE0349
2008,2008-06-07,Reg Season,Yokohama BayStars,Home,L,3,Tohoku Rakuten Golden Eagles,3,7,1,"0,0,0,0,1,0,0,1,1",4,Yokohama Stadium,,03:00,22545,GAME20080607DBRE0349
2008,2008-06-07,Reg Season,Orix Buffaloes,Away,W,11,Hiroshima Toyo Carp,11,13,2,"0,2,2,3,1,0,3,0,0",4,MAZDA Zoom-Zoom Stadium Hiroshima,,02:55,22449,GAME20080607HCOB0348
2008,2008-06-07,Reg Season,Hiroshima Toyo Carp,Home,L,3,Orix Buffaloes,3,9,1,"0,1,1,0,0,0,0,0,1",4,MAZDA Zoom-Zoom Stadium Hiroshima,,02:55,22449,GAME20080607HCOB0348
2008,2008-06-07,Reg Season,Fukuoka Softbank Hawks,Away,L,2,Hanshin Tigers,2,9,1,"0,2,0,0,0,0,0,0,0,0",4,Hanshin Koshien Stadium,,03:25,43527,GAME20080607HTSH0346
2008,2008-06-07,Reg Season,Hanshin Tigers,Home,W,3,Fukuoka Softbank Hawks,3,11,0,"0,1,0,0,0,0,1,0,0,1x",4,Hanshin Koshien Stadium,,03:25,43527,GAME20080607HTSH0346
2008,2008-06-07,Reg Season,Chiba Lotte Marines,Away,L,3,Yomiuri Giants,3,6,3,"0,0,1,1,0,1,0,0,0",4,Tokyo Dome,,02:46,44501,GAME20080607YGLM0350
2008,2008-06-07,Reg Season,Yomiuri Giants,Home,W,7,Chiba Lotte Marines,7,10,1,"0,1,4,0,0,0,1,1,x",4,Tokyo Dome,,02:46,44501,GAME20080607YGLM0350
2008,2008-06-07,Reg Season,Saitama Seibu Lions,Away,W,5,Tokyo Yakult Swallows,5,9,0,"2,1,0,0,0,2,0,0,0",4,Hitachinaka Baseball Stadium,,03:08,11232,GAME20080607YSSL0347
2008,2008-06-07,Reg Season,Tokyo Yakult Swallows,Home,L,3,Saitama Seibu Lions,3,9,0,"2,0,0,0,0,0,1,0,0",4,Hitachinaka Baseball Stadium,,03:08,11232,GAME20080607YSSL0347
2008,2008-06-08,Reg Season,Tohoku Rakuten Golden Eagles,Away,W,5,Chunichi Dragons,5,9,0,"0,0,1,0,0,0,0,0,4",3,Vantelin Dome Nagoya,,03:28,38281,GAME20080608CDRE0351
2008,2008-06-08,Reg Season,Chunichi Dragons,Home,L,2,Tohoku Rakuten Golden Eagles,2,9,2,"0,1,0,0,0,0,0,0,1",3,Vantelin Dome Nagoya,,03:28,38281,GAME20080608CDRE0351
2008,2008-06-08,Reg Season,Hokkaido Nippon-Ham Fighters,Away,W,9,Yokohama BayStars,9,12,0,"0,4,4,0,0,0,1,0,0",3,Yokohama Stadium,,03:15,17842,GAME20080608DBNF0353
2008,2008-06-08,Reg Season,Yokohama BayStars,Home,L,3,Hokkaido Nippon-Ham Fighters,3,10,1,"1,0,0,1,1,0,0,0,0",3,Yokohama Stadium,,03:15,17842,GAME20080608DBNF0353
2008,2008-06-08,Reg Season,Fukuoka Softbank Hawks,Away,W,8,Hiroshima Toyo Carp,8,11,0,"0,3,0,0,5,0,0,0,0",3,MAZDA Zoom-Zoom Stadium Hiroshima,,02:57,26461,GAME20080608HCSH0356
2008,2008-06-08,Reg Season,Hiroshima Toyo Carp,Home,L,4,Fukuoka Softbank Hawks,4,8,0,"0,0,1,2,0,0,0,0,1",3,MAZDA Zoom-Zoom Stadium Hiroshima,,02:57,26461,GAME20080608HCSH0356
2008,2008-06-08,Reg Season,Orix Buffaloes,Away,L,3,Hanshin Tigers,3,9,2,"0,0,0,0,1,2,0,0,0",3,Hanshin Koshien Stadium,,03:01,43524,GAME20080608HTOB0355
2008,2008-06-08,Reg Season,Hanshin Tigers,Home,W,4,Orix Buffaloes,4,9,0,"1,0,0,1,0,1,1,0,x",3,Hanshin Koshien Stadium,,03:01,43524,GAME20080608HTOB0355
2008,2008-06-08,Reg Season,Saitama Seibu Lions,Away,L,0,Yomiuri Giants,0,3,0,"0,0,0,0,0,0,0,0,0",3,Tokyo Dome,,02:57,43051,GAME20080608YGSL0354
2008,2008-06-08,Reg Season,Yomiuri Giants,Home,W,4,Saitama Seibu Lions,4,9,0,"0,0,0,0,0,0,0,4,x",3,Tokyo Dome,,02:57,43051,GAME20080608YGSL0354
2008,2008-06-08,Reg Season,Chiba Lotte Marines,Away,W,4,Tokyo Yakult Swallows,4,13,0,"0,0,0,0,0,0,2,1,0,1",3,Meiji Jingu Stadium,,04:02,20064,GAME20080608YSLM0352
2008,2008-06-08,Reg Season,Tokyo Yakult Swallows,Home,L,3,Chiba Lotte Marines,3,10,1,"1,0,0,0,0,0,2,0,0,0",3,Meiji Jingu Stadium,,04:02,20064,GAME20080608YSLM0352
2008,2008-06-09,Reg Season,Tohoku Rakuten Golden Eagles,Away,L,3,Chunichi Dragons,3,7,1,"0,0,0,0,0,3,0,0,0",4,Vantelin Dome Nagoya,,03:16,37577,GAME20080609CDRE0357
2008,2008-06-09,Reg Season,Chunichi Dragons,Home,W,6,Tohoku Rakuten Golden Eagles,6,12,0,"0,0,0,3,0,3,0,0,x",4,Vantelin Dome Nagoya,,03:16,37577,GAME20080609CDRE0357
2008,2008-06-09,Reg Season,Hokkaido Nippon-Ham Fighters,Away,L,3,Yokohama BayStars,3,8,1,"0,0,0,3,0,0,0,0,0",4,Yokohama Stadium,,03:19,9796,GAME20080609DBNF0358
2008,2008-06-09,Reg Season,Yokohama BayStars,Home,W,13,Hokkaido Nippon-Ham Fighters,13,17,1,"0,0,2,3,2,2,4,0,x",4,Yokohama Stadium,,03:19,9796,GAME20080609DBNF0358
2008,2008-06-09,Reg Season,Fukuoka Softbank Hawks,Away,L,1,Hiroshima Toyo Carp,1,7,1,"0,0,0,0,0,1,0,0,0",4,MAZDA Zoom-Zoom Stadium Hiroshima,,02:54,18200,GAME20080609HCSH0360
2008,2008-06-09,Reg Season,Hiroshima Toyo Carp,Home,W,6,Fukuoka Softbank Hawks,6,8,1,"2,0,1,0,0,0,0,3,x",4,MAZDA Zoom-Zoom Stadium Hiroshima,,02:54,18200,GAME20080609HCSH0360
2008,2008-06-09,Reg Season,Orix Buffaloes,Away,L,1,Hanshin Tigers,1,8,3,"0,0,0,0,0,1,0,0,0",4,Hanshin Koshien Stadium,,03:14,42759,GAME20080609HTOB0359
2008,2008-06-09,Reg Season,Hanshin Tigers,Home,W,4,Orix Buffaloes,4,9,1,"0,0,0,4,0,0,0,0,x",4,Hanshin Koshien Stadium,,03:14,42759,GAME20080609HTOB0359
2008,2008-06-09,Reg Season,Saitama Seibu Lions,Away,W,9,Yomiuri Giants,9,14,0,"1,0,3,3,0,0,0,0,2",4,Tokyo Dome,,03:07,44284,GAME20080609YGSL0362
2008,2008-06-09,Reg Season,Yomiuri Giants,Home,L,3,Saitama Seibu Lions,3,7,1,"2,0,0,1,0,0,0,0,0",4,Tokyo Dome,,03:07,44284,GAME20080609YGSL0362
2008,2008-06-09,Reg Season,Chiba Lotte Marines,Away,W,5,Tokyo Yakult Swallows,5,10,2,"1,0,0,0,2,1,1,0,0",4,Meiji Jingu Stadium,,03:05,11373,GAME20080609YSLM0361
2008,2008-06-09,Reg Season,Tokyo Yakult Swallows,Home,L,3,Chiba Lotte Marines,3,11,0,"0,2,0,0,1,0,0,0,0",4,Meiji Jingu Stadium,,03:05,11373,GAME20080609YSLM0361
2008,2008-06-11,Reg Season,Hiroshima Toyo Carp,Away,L,0,Chiba Lotte Marines,0,3,0,"0,0,0,0,0,0,0,0,0",3,ZOZO Marine Stadium,,02:18,24771,GAME20080611LMHC0363
2008,2008-06-11,Reg Season,Chiba Lotte Marines,Home,W,1,Hiroshima Toyo Carp,1,6,1,"0,0,0,0,1,0,0,0,x",3,ZOZO Marine Stadium,,02:18,24771,GAME20080611LMHC0363
2008,2008-06-11,Reg Season,Yomiuri Giants,Away,W,1,Hokkaido Nippon-Ham Fighters,1,5,2,"0,0,0,0,0,1,0,0,0",3,Sapporo Dome,,02:57,35298,GAME20080611NFYG0366
2008,2008-06-11,Reg Season,Hokkaido Nippon-Ham Fighters,Home,L,0,Yomiuri Giants,0,7,1,"0,0,0,0,0,0,0,0,0",3,Sapporo Dome,,02:57,35298,GAME20080611NFYG0366
2008,2008-06-11,Reg Season,Yokohama BayStars,Away,L,5,Orix Buffaloes,5,4,1,"0,0,0,5,0,0,0,0,0",3,Kyocera Dome Osaka,,02:52,12342,GAME20080611OBDB0364
2008,2008-06-11,Reg Season,Orix Buffaloes,Home,W,6,Yokohama BayStars,6,11,1,"0,0,0,0,0,0,3,3,x",3,Kyocera Dome Osaka,,02:52,12342,GAME20080611OBDB0364
2008,2008-06-11,Reg Season,Tokyo Yakult Swallows,Away,W,5,Tohoku Rakuten Golden Eagles,5,10,2,"0,0,0,0,0,2,1,0,0,2",3,Rakuten Seimei Park Miyagi,,03:47,17579,GAME20080611REYS0365
2008,2008-06-11,Reg Season,Tohoku Rakuten Golden Eagles,Home,L,3,Tokyo Yakult Swallows,3,7,1,"0,0,2,0,0,0,0,1,0,0",3,Rakuten Seimei Park Miyagi,,03:47,17579,GAME20080611REYS0365
2008,2008-06-11,Reg Season,Chunichi Dragons,Away,L,2,Fukuoka Softbank Hawks,2,9,0,"0,0,0,0,0,2,0,0,0",3,Mizuho PayPay Dome Fukuoka,,03:48,35318,GAME20080611SHCD0368
2008,2008-06-11,Reg Season,Fukuoka Softbank Hawks,Home,W,5,Chunichi Dragons,5,12,1,"1,0,0,3,1,0,0,0,x",3,Mizuho PayPay Dome Fukuoka,,03:48,35318,GAME20080611SHCD0368
2008,2008-06-11,Reg Season,Hanshin Tigers,Away,W,6,Saitama Seibu Lions,6,13,0,"2,1,0,0,2,0,0,1,0",3,Belluna Dome,,04:02,32383,GAME20080611SLHT0367
2008,2008-06-11,Reg Season,Saitama Seibu Lions,Home,L,4,Hanshin Tigers,4,9,0,"0,0,0,1,2,0,1,0,0",3,Belluna Dome,,04:02,32383,GAME20080611SLHT0367
2008,2008-06-12,Reg Season,Hiroshima Toyo Carp,Away,W,8,Chiba Lotte Marines,8,14,1,"0,0,1,1,1,0,3,1,1",4,ZOZO Marine Stadium,,03:38,23625,GAME20080612LMHC0369
2008,2008-06-12,Reg Season,Chiba Lotte Marines,Home,L,5,Hiroshima Toyo Carp,5,11,1,"3,0,0,0,0,2,0,0,0",4,ZOZO Marine Stadium,,03:38,23625,GAME20080612LMHC0369
2008,2008-06-12,Reg Season,Yomiuri Giants,Away,L,2,Hokkaido Nippon-Ham Fighters,2,7,1,"0,0,0,0,0,1,0,0,1",4,Sapporo Dome,,02:52,30135,GAME20080612NFYG0374
2008,2008-06-12,Reg Season,Hokkaido Nippon-Ham Fighters,Home,W,3,Yomiuri Giants,3,8,2,"1,0,0,0,1,1,0,0,x",4,Sapporo Dome,,02:52,30135,GAME20080612NFYG0374
2008,2008-06-12,Reg Season,Yokohama BayStars,Away,L,1,Orix Buffaloes,1,5,1,"0,1,0,0,0,0,0,0,0",4,Kyocera Dome Osaka,,02:26,13881,GAME20080612OBDB0373
2008,2008-06-12,Reg Season,Orix Buffaloes,Home,W,4,Yokohama BayStars,4,6,1,"1,0,0,3,0,0,0,0,x",4,Kyocera Dome Osaka,,02:26,13881,GAME20080612OBDB0373
2008,2008-06-12,Reg Season,Tokyo Yakult Swallows,Away,W,7,Tohoku Rakuten Golden Eagles,7,8,0,"0,0,3,0,0,0,4,0,0",4,Rakuten Seimei Park Miyagi,,03:12,16586,GAME20080612REYS0370
2008,2008-06-12,Reg Season,Tohoku Rakuten Golden Eagles,Home,L,3,Tokyo Yakult Swallows,3,9,1,"1,0,0,0,0,0,0,0,2",4,Rakuten Seimei Park Miyagi,,03:12,16586,GAME20080612REYS0370
2008,2008-06-12,Reg Season,Chunichi Dragons,Away,L,2,Fukuoka Softbank Hawks,2,5,2,"1,0,0,0,0,0,0,1,0",4,Mizuho PayPay Dome Fukuoka,,02:58,33997,GAME20080612SHCD0372
2008,2008-06-12,Reg Season,Fukuoka Softbank Hawks,Home,W,3,Chunichi Dragons,3,11,0,"1,2,0,0,0,0,0,0,x",4,Mizuho PayPay Dome Fukuoka,,02:58,33997,GAME20080612SHCD0372
2008,2008-06-12,Reg Season,Hanshin Tigers,Away,L,3,Saitama Seibu Lions,3,8,0,"0,0,0,0,0,1,0,0,2",4,Belluna Dome,,02:50,28456,GAME20080612SLHT0371
2008,2008-06-12,Reg Season,Saitama Seibu Lions,Home,W,6,Hanshin Tigers,6,10,0,"1,1,0,0,0,3,1,0,x",4,Belluna Dome,,02:50,28456,GAME20080612SLHT0371
2008,2008-06-14,Reg Season,Hanshin Tigers,Away,L,6,Chiba Lotte Marines,6,13,1,"2,0,0,0,0,2,1,1,0",3,ZOZO Marine Stadium,,03:08,30022,GAME20080614LMHT0375
2008,2008-06-14,Reg Season,Chiba Lotte Marines,Home,W,10,Hanshin Tigers,10,12,1,"6,1,3,0,0,0,0,0,x",3,ZOZO Marine Stadium,,03:08,30022,GAME20080614LMHT0375
2008,2008-06-14,Reg Season,Tokyo Yakult Swallows,Away,L,1,Hokkaido Nippon-Ham Fighters,1,3,0,"0,0,0,0,0,1,0,0,0,0",3,Sapporo Dome,,03:04,40058,GAME20080614NFYS0378
2008,2008-06-14,Reg Season,Hokkaido Nippon-Ham Fighters,Home,W,2,Tokyo Yakult Swallows,2,7,1,"0,0,0,0,0,0,1,0,0,1x",3,Sapporo Dome,,03:04,40058,GAME20080614NFYS0378
2008,2008-06-14,Reg Season,Chunichi Dragons,Away,L,3,Orix Buffaloes,3,8,0,"0,0,1,0,0,2,0,0,0",3,Kyocera Dome Osaka,,02:48,25228,GAME20080614OBCD0377
2008,2008-06-14,Reg Season,Orix Buffaloes,Home,W,4,Chunichi Dragons,4,8,1,"0,0,1,1,0,0,0,0,2x",3,Kyocera Dome Osaka,,02:48,25228,GAME20080614OBCD0377
2008,2008-06-14,Reg Season,Yokohama BayStars,Away,L,1,Fukuoka Softbank Hawks,1,4,1,"1,0,0,0,0,0,0,0,0",3,Mizuho PayPay Dome Fukuoka,,02:46,34098,GAME20080614SHDB0379
2008,2008-06-14,Reg Season,Fukuoka Softbank Hawks,Home,W,3,Yokohama BayStars,3,6,1,"0,0,0,0,0,3,0,0,x",3,Mizuho PayPay Dome Fukuoka,,02:46,34098,GAME20080614SHDB0379
2008,2008-06-14,Reg Season,Hiroshima Toyo Carp,Away,W,8,Saitama Seibu Lions,8,17,0,"0,1,2,3,0,0,0,0,2",3,Belluna Dome,,03:35,30374,GAME20080614SLHC0376
2008,2008-06-14,Reg Season,Saitama Seibu Lions,Home,L,1,Hiroshima Toyo Carp,1,7,1,"0,0,0,0,0,0,0,1,0",3,Belluna Dome,,03:35,30374,GAME20080614SLHC0376
2008,2008-06-15,Reg Season,Hanshin Tigers,Away,L,9,Chiba Lotte Marines,9,16,0,"0,0,0,0,0,3,0,4,2",4,ZOZO Marine Stadium,,03:39,30018,GAME20080615LMHT0380
2008,2008-06-15,Reg Season,Chiba Lotte Marines,Home,W,10,Hanshin Tigers,10,11,0,"6,1,0,0,0,2,0,0,1x",4,ZOZO Marine Stadium,,03:39,30018,GAME20080615LMHT0380
2008,2008-06-15,Reg Season,Tokyo Yakult Swallows,Away,W,3,Hokkaido Nippon-Ham Fighters,3,10,1,"0,0,1,0,2,0,0,0,0",4,Sapporo Dome,,03:11,31556,GAME20080615NFYS0382
2008,2008-06-15,Reg Season,Hokkaido Nippon-Ham Fighters,Home,L,1,Tokyo Yakult Swallows,1,7,0,"0,0,0,0,0,0,0,0,1",4,Sapporo Dome,,03:11,31556,GAME20080615NFYS0382
2008,2008-06-15,Reg Season,Chunichi Dragons,Away,W,4,Orix Buffaloes,4,8,0,"0,0,0,0,0,4,0,0,0",4,Kyocera Dome Osaka,,02:47,26132,GAME20080615OBCD0385
2008,2008-06-15,Reg Season,Orix Buffaloes,Home,L,2,Chunichi Dragons,2,9,1,"0,0,0,0,0,0,0,2,0",4,Kyocera Dome Osaka,,02:47,26132,GAME20080615OBCD0385
2008,2008-06-15,Reg Season,Yomiuri Giants,Away,L,0,Tohoku Rakuten Golden Eagles,0,7,0,"0,0,0,0,0,0,0,0,0",3,Rakuten Seimei Park Miyagi,,02:58,20449,GAME20080615REYG0384
2008,2008-06-15,Reg Season,Tohoku Rakuten Golden Eagles,Home,W,3,Yomiuri Giants,3,8,1,"0,0,3,0,0,0,0,0,x",3,Rakuten Seimei Park Miyagi,,02:58,20449,GAME20080615REYG0384
2008,2008-06-15,Reg Season,Yokohama BayStars,Away,L,1,Fukuoka Softbank Hawks,1,9,0,"1,0,0,0,0,0,0,0,0",4,Mizuho PayPay Dome Fukuoka,,02:33,34765,GAME20080615SHDB0383
2008,2008-06-15,Reg Season,Fukuoka Softbank Hawks,Home,W,6,Yokohama BayStars,6,9,0,"1,2,1,0,2,0,0,0,x",4,Mizuho PayPay Dome Fukuoka,,02:33,34765,GAME20080615SHDB0383
2008,2008-06-15,Reg Season,Hiroshima Toyo Carp,Away,W,4,Saitama Seibu Lions,4,13,0,"1,0,1,0,0,1,0,1,0",4,Belluna Dome,,02:52,28657,GAME20080615SLHC0381
2008,2008-06-15,Reg Season,Saitama Seibu Lions,Home,L,2,Hiroshima Toyo Carp,2,7,1,"0,0,1,1,0,0,0,0,0",4,Belluna Dome,,02:52,28657,GAME20080615SLHC0381
2008,2008-06-16,Reg Season,Yomiuri Giants,Away,W,3,Tohoku Rakuten Golden Eagles,3,10,0,"0,1,0,0,1,1,0,0,0",4,Rakuten Seimei Park Miyagi,,02:31,19656,GAME20080616REYG0386
2008,2008-06-16,Reg Season,Tohoku Rakuten Golden Eagles,Home,L,0,Yomiuri Giants,0,8,1,"0,0,0,0,0,0,0,0,0",4,Rakuten Seimei Park Miyagi,,02:31,19656,GAME20080616REYG0386
2008,2008-06-17,Reg Season,Saitama Seibu Lions,Away,L,4,Chunichi Dragons,4,8,0,"0,1,0,0,2,1,0,0,0",3,Ishikawa Prefectural Baseball Stadium,,03:43,10944,GAME20080617CDSL0388
2008,2008-06-17,Reg Season,Chunichi Dragons,Home,W,5,Saitama Seibu Lions,5,11,1,"1,0,0,0,1,0,2,0,1x",3,Ishikawa Prefectural Baseball Stadium,,03:43,10944,GAME20080617CDSL0388
2008,2008-06-17,Reg Season,Chiba Lotte Marines,Away,W,14,Yokohama BayStars,14,18,0,"5,0,6,0,0,0,2,1,0",3,Yokohama Stadium,,03:10,15704,GAME20080617DBLM0391
2008,2008-06-17,Reg Season,Yokohama BayStars,Home,L,1,Chiba Lotte Marines,1,8,0,"0,0,0,1,0,0,0,0,0",3,Yokohama Stadium,,03:10,15704,GAME20080617DBLM0391
2008,2008-06-17,Reg Season,Hokkaido Nippon-Ham Fighters,Away,W,8,Hiroshima Toyo Carp,8,15,1,"0,2,1,0,3,2,0,0,0",3,MAZDA Zoom-Zoom Stadium Hiroshima,,03:42,19860,GAME20080617HCNF0389
2008,2008-06-17,Reg Season,Hiroshima Toyo Carp,Home,L,7,Hokkaido Nippon-Ham Fighters,7,13,0,"2,0,0,1,0,0,0,4,0",3,MAZDA Zoom-Zoom Stadium Hiroshima,,03:42,19860,GAME20080617HCNF0389
2008,2008-06-17,Reg Season,Tohoku Rakuten Golden Eagles,Away,L,3,Hanshin Tigers,3,9,1,"0,0,0,2,0,0,0,1,0",3,Hanshin Koshien Stadium,,03:54,43522,GAME20080617HTRE0387
2008,2008-06-17,Reg Season,Hanshin Tigers,Home,W,5,Tohoku Rakuten Golden Eagles,5,10,0,"0,0,1,0,0,0,1,3,x",3,Hanshin Koshien Stadium,,03:54,43522,GAME20080617HTRE0387
2008,2008-06-17,Reg Season,Orix Buffaloes,Away,L,3,Yomiuri Giants,3,9,0,"1,0,0,1,0,0,1,0,0",3,Fukushima Azuma Baseball Stadium,,03:03,17051,GAME20080617YGOB0390
2008,2008-06-17,Reg Season,Yomiuri Giants,Home,W,4,Orix Buffaloes,4,8,0,"0,0,0,2,0,0,0,1,1x",3,Fukushima Azuma Baseball Stadium,,03:03,17051,GAME20080617YGOB0390
2008,2008-06-18,Reg Season,Saitama Seibu Lions,Away,L,2,Chunichi Dragons,2,5,0,"1,0,0,0,1,0,0,0,0",4,Alpen Stadium,,02:46,13632,GAME20080618CDSL0396
2008,2008-06-18,Reg Season,Chunichi Dragons,Home,W,3,Saitama Seibu Lions,3,8,0,"0,1,0,2,0,0,0,0,x",4,Alpen Stadium,,02:46,13632,GAME20080618CDSL0396
2008,2008-06-18,Reg Season,Chiba Lotte Marines,Away,L,1,Yokohama BayStars,1,7,0,"0,0,0,0,1,0,0,0,0",4,Yokohama Stadium,,02:35,16094,GAME20080618DBLM0393
2008,2008-06-18,Reg Season,Yokohama BayStars,Home,W,4,Chiba Lotte Marines,4,7,0,"0,1,1,0,0,0,0,2,x",4,Yokohama Stadium,,02:35,16094,GAME20080618DBLM0393
2008,2008-06-18,Reg Season,Hokkaido Nippon-Ham Fighters,Away,L,1,Hiroshima Toyo Carp,1,3,0,"0,0,0,0,0,0,0,0,1",4,MAZDA Zoom-Zoom Stadium Hiroshima,,02:33,18527,GAME20080618HCNF0392
2008,2008-06-18,Reg Season,Hiroshima Toyo Carp,Home,W,2,Hokkaido Nippon-Ham Fighters,2,7,0,"1,0,0,0,1,0,0,0,x",4,MAZDA Zoom-Zoom Stadium Hiroshima,,02:33,18527,GAME20080618HCNF0392
2008,2008-06-18,Reg Season,Tohoku Rakuten Golden Eagles,Away,L,1,Hanshin Tigers,1,5,0,"0,0,1,0,0,0,0,0,0",4,Hanshin Koshien Stadium,,03:02,43520,GAME20080618HTRE0397
2008,2008-06-18,Reg Season,Hanshin Tigers,Home,W,8,Tohoku Rakuten Golden Eagles,8,8,2,"1,2,0,0,0,0,3,2,x",4,Hanshin Koshien Stadium,,03:02,43520,GAME20080618HTRE0397
2008,2008-06-18,Reg Season,Orix Buffaloes,Away,L,1,Yomiuri Giants,1,7,0,"0,0,0,0,0,0,0,1,0",4,Tokyo Dome,,02:32,41183,GAME20080618YGOB0394
2008,2008-06-18,Reg Season,Yomiuri Giants,Home,W,2,Orix Buffaloes,2,6,1,"0,0,1,1,0,0,0,0,x",4,Tokyo Dome,,02:32,41183,GAME20080618YGOB0394
2008,2008-06-18,Reg Season,Fukuoka Softbank Hawks,Away,L,2,Tokyo Yakult Swallows,2,7,0,"0,0,0,0,0,1,0,0,1",3,Nagano Olympic Stadium,,02:30,11327,GAME20080618YSSH0395
2008,2008-06-18,Reg Season,Tokyo Yakult Swallows,Home,W,3,Fukuoka Softbank Hawks,3,9,0,"2,0,0,0,0,0,1,0,x",3,Nagano Olympic Stadium,,02:30,11327,GAME20080618YSSH0395
2008,2008-06-19,Reg Season,Fukuoka Softbank Hawks,Away,W,7,Tokyo Yakult Swallows,7,12,0,"1,0,0,1,1,0,3,1,0",4,Meiji Jingu Stadium,,03:32,21454,GAME20080619YSSH0398
2008,2008-06-19,Reg Season,Tokyo Yakult Swallows,Home,L,5,Fukuoka Softbank Hawks,5,11,1,"0,0,0,0,2,0,3,0,0",4,Meiji Jingu Stadium,,03:32,21454,GAME20080619YSSH0398
2008,2008-06-21,Reg Season,Chiba Lotte Marines,Away,L,1,Chunichi Dragons,1,10,0,"0,0,0,0,0,0,0,1,0",3,Vantelin Dome Nagoya,,03:33,38162,GAME20080621CDLM0400
2008,2008-06-21,Reg Season,Chunichi Dragons,Home,W,6,Chiba Lotte Marines,6,11,0,"2,0,1,1,0,2,0,0,x",3,Vantelin Dome Nagoya,,03:33,38162,GAME20080621CDLM0400
2008,2008-06-21,Reg Season,Saitama Seibu Lions,Away,L,4,Yokohama BayStars,4,8,1,"0,1,0,2,1,0,0,0,0,0",3,Yokohama Stadium,,02:58,14165,GAME20080621DBSL0399
2008,2008-06-21,Reg Season,Yokohama BayStars,Home,W,5,Saitama Seibu Lions,5,8,0,"1,0,0,0,0,0,0,3,0,1x",3,Yokohama Stadium,,02:58,14165,GAME20080621DBSL0399
2008,2008-06-21,Reg Season,Hokkaido Nippon-Ham Fighters,Away,W,4,Hanshin Tigers,4,8,0,"0,0,0,2,0,0,2,0,0",3,Hanshin Koshien Stadium,,02:59,43528,GAME20080621HTNF0401
2008,2008-06-21,Reg Season,Hanshin Tigers,Home,L,0,Hokkaido Nippon-Ham Fighters,0,5,0,"0,0,0,0,0,0,0,0,0",3,Hanshin Koshien Stadium,,02:59,43528,GAME20080621HTNF0401
2008,2008-06-21,Reg Season,Fukuoka Softbank Hawks,Away,L,2,Yomiuri Giants,2,10,2,"1,0,0,0,0,0,0,0,0,0,0,1",3,Tokyo Dome,,04:19,45875,GAME20080621YGSH0402
2008,2008-06-21,Reg Season,Yomiuri Giants,Home,W,3,Fukuoka Softbank Hawks,3,10,0,"0,0,0,0,0,0,0,0,1,0,0,2x",3,Tokyo Dome,,04:19,45875,GAME20080621YGSH0402
2008,2008-06-21,Reg Season,Orix Buffaloes,Away,L,2,Tokyo Yakult Swallows,2,5,1,"1,0,1,0,0,0,0,0,0",3,Meiji Jingu Stadium,,03:04,15047,GAME20080621YSOB0403
2008,2008-06-21,Reg Season,Tokyo Yakult Swallows,Home,W,4,Orix Buffaloes,4,10,1,"0,0,1,0,2,1,0,0,x",3,Meiji Jingu Stadium,,03:04,15047,GAME20080621YSOB0403
2008,2008-06-22,Reg Season,Chiba Lotte Marines,Away,L,5,Chunichi Dragons,5,10,0,"0,5,0,0,0,0,0,0,0",4,Vantelin Dome Nagoya,,02:59,36744,GAME20080622CDLM0405
2008,2008-06-22,Reg Season,Chunichi Dragons,Home,W,7,Chiba Lotte Marines,7,10,0,"3,2,0,0,0,0,2,0,x",4,Vantelin Dome Nagoya,,02:59,36744,GAME20080622CDLM0405
2008,2008-06-22,Reg Season,Tohoku Rakuten Golden Eagles,Away,W,3,Hiroshima Toyo Carp,3,10,1,"0,2,1,0,0,0,0,0,0",3,MAZDA Zoom-Zoom Stadium Hiroshima,,03:14,22798,GAME20080622HCRE0404
2008,2008-06-22,Reg Season,Hiroshima Toyo Carp,Home,L,1,Tohoku Rakuten Golden Eagles,1,6,1,"0,0,0,0,1,0,0,0,0",3,MAZDA Zoom-Zoom Stadium Hiroshima,,03:14,22798,GAME20080622HCRE0404
2008,2008-06-22,Reg Season,Hokkaido Nippon-Ham Fighters,Away,L,3,Hanshin Tigers,3,8,0,"0,0,0,1,0,0,0,2,0",4,Hanshin Koshien Stadium,,02:49,43524,GAME20080622HTNF0407
2008,2008-06-22,Reg Season,Hanshin Tigers,Home,W,5,Hokkaido Nippon-Ham Fighters,5,7,1,"0,1,0,2,1,0,0,1,x",4,Hanshin Koshien Stadium,,02:49,43524,GAME20080622HTNF0407
2008,2008-06-22,Reg Season,Fukuoka Softbank Hawks,Away,W,3,Yomiuri Giants,3,9,0,"1,0,0,0,0,1,0,0,1",4,Tokyo Dome,,03:18,45427,GAME20080622YGSH0406
2008,2008-06-22,Reg Season,Yomiuri Giants,Home,L,2,Fukuoka Softbank Hawks,2,6,2,"0,1,0,0,1,0,0,0,0",4,Tokyo Dome,,03:18,45427,GAME20080622YGSH0406
2008,2008-06-23,Reg Season,Saitama Seibu Lions,Away,L,5,Yokohama BayStars,5,14,1,"1,1,0,0,0,0,3,0,0",4,Yokohama Stadium,,03:43,8251,GAME20080623DBSL0408
2008,2008-06-23,Reg Season,Yokohama BayStars,Home,W,10,Saitama Seibu Lions,10,11,0,"4,0,3,1,0,0,1,1,x",4,Yokohama Stadium,,03:43,8251,GAME20080623DBSL0408
2008,2008-06-23,Reg Season,Tohoku Rakuten Golden Eagles,Away,L,6,Hiroshima Toyo Carp,6,12,0,"1,0,2,3,0,0,0,0,0",4,MAZDA Zoom-Zoom Stadium Hiroshima,,03:43,9675,GAME20080623HCRE0409
2008,2008-06-23,Reg Season,Hiroshima Toyo Carp,Home,W,7,Tohoku Rakuten Golden Eagles,7,15,0,"0,0,1,1,0,4,0,1,x",4,MAZDA Zoom-Zoom Stadium Hiroshima,,03:43,9675,GAME20080623HCRE0409
2008,2008-06-23,Reg Season,Orix Buffaloes,Away,L,3,Tokyo Yakult Swallows,3,8,1,"0,0,1,0,0,0,0,0,2,0",4,Meiji Jingu Stadium,,03:47,8248,GAME20080623YSOB0410
2008,2008-06-23,Reg Season,Tokyo Yakult Swallows,Home,W,4,Orix Buffaloes,4,10,0,"0,0,2,0,0,0,1,0,0,1x",4,Meiji Jingu Stadium,,03:47,8248,GAME20080623YSOB0410
2008,2008-06-27,Reg Season,Chunichi Dragons,Away,W,2,Yokohama BayStars,2,7,1,"0,0,0,0,0,0,0,1,1",9,Yokohama Stadium,,03:15,12381,GAME20080627DBCD0414
2008,2008-06-27,Reg Season,Yokohama BayStars,Home,L,1,Chunichi Dragons,1,8,1,"0,0,0,0,0,0,0,0,1",9,Yokohama Stadium,,03:15,12381,GAME20080627DBCD0414
2008,2008-06-27,Reg Season,Yomiuri Giants,Away,L,1,Hiroshima Toyo Carp,1,4,2,"0,0,0,0,0,0,1,0,0",10,MAZDA Zoom-Zoom Stadium Hiroshima,,02:39,18713,GAME20080627HCYG0415
2008,2008-06-27,Reg Season,Hiroshima Toyo Carp,Home,W,6,Yomiuri Giants,6,13,0,"0,1,3,0,1,0,0,1,x",10,MAZDA Zoom-Zoom Stadium Hiroshima,,02:39,18713,GAME20080627HCYG0415
2008,2008-06-27,Reg Season,Hokkaido Nippon-Ham Fighters,Away,W,4,Orix Buffaloes,4,8,1,"0,0,1,0,0,1,0,1,1",7,Kyocera Dome Osaka,,03:18,14654,GAME20080627OBNF0411
2008,2008-06-27,Reg Season,Orix Buffaloes,Home,L,3,Hokkaido Nippon-Ham Fighters,3,9,0,"0,0,0,2,0,0,0,0,1",7,Kyocera Dome Osaka,,03:18,14654,GAME20080627OBNF0411
2008,2008-06-27,Reg Season,Tohoku Rakuten Golden Eagles,Away,L,2,Fukuoka Softbank Hawks,2,8,0,"1,0,0,0,0,1,0,0,0",9,Kitakyushu Municipal Baseball Stadium,,03:39,17889,GAME20080627SHRE0412
2008,2008-06-27,Reg Season,Fukuoka Softbank Hawks,Home,W,3,Tohoku Rakuten Golden Eagles,3,8,1,"0,0,1,0,0,1,0,0,1x",9,Kitakyushu Municipal Baseball Stadium,,03:39,17889,GAME20080627SHRE0412
2008,2008-06-27,Reg Season,Chiba Lotte Marines,Away,L,1,Saitama Seibu Lions,1,5,0,"1,0,0,0,0,0,0,0,0",9,Omiya Park Baseball Stadium,,02:47,20289,GAME20080627SLLM0413
2008,2008-06-27,Reg Season,Saitama Seibu Lions,Home,W,4,Chiba Lotte Marines,4,12,0,"1,0,1,0,2,0,0,0,x",9,Omiya Park Baseball Stadium,,02:47,20289,GAME20080627SLLM0413
2008,2008-06-28,Reg Season,Chunichi Dragons,Away,L,1,Yokohama BayStars,1,7,0,"0,0,0,0,0,1,0,0,0",10,Yokohama Stadium,,02:59,20318,GAME20080628DBCD0419
2008,2008-06-28,Reg Season,Yokohama BayStars,Home,W,3,Chunichi Dragons,3,8,0,"2,0,1,0,0,0,0,0,x",10,Yokohama Stadium,,02:59,20318,GAME20080628DBCD0419
2008,2008-06-28,Reg Season,Yomiuri Giants,Away,T,3,Hiroshima Toyo Carp,3,10,1,"0,0,2,0,1,0,0x",11,MAZDA Zoom-Zoom Stadium Hiroshima,,02:21,22890,GAME20080628HCYG0421
2008,2008-06-28,Reg Season,Hiroshima Toyo Carp,Home,T,3,Yomiuri Giants,3,7,0,"0,0,2,0,1,0",11,MAZDA Zoom-Zoom Stadium Hiroshima,,02:21,22890,GAME20080628HCYG0421
2008,2008-06-28,Reg Season,Hokkaido Nippon-Ham Fighters,Away,L,1,Orix Buffaloes,1,6,0,"0,0,0,0,0,0,1,0,0",8,Kyocera Dome Osaka,,03:00,16809,GAME20080628OBNF0417
2008,2008-06-28,Reg Season,Orix Buffaloes,Home,W,5,Hokkaido Nippon-Ham Fighters,5,12,0,"1,0,0,0,0,3,0,1,x",8,Kyocera Dome Osaka,,03:00,16809,GAME20080628OBNF0417
2008,2008-06-28,Reg Season,Tohoku Rakuten Golden Eagles,Away,W,4,Fukuoka Softbank Hawks,4,10,1,"1,0,0,0,0,1,0,0,0,0,0,2",10,Mizuho PayPay Dome Fukuoka,,04:28,35667,GAME20080628SHRE0416
2008,2008-06-28,Reg Season,Fukuoka Softbank Hawks,Home,L,2,Tohoku Rakuten Golden Eagles,2,9,0,"0,1,1,0,0,0,0,0,0,0,0,0",10,Mizuho PayPay Dome Fukuoka,,04:28,35667,GAME20080628SHRE0416
2008,2008-06-28,Reg Season,Chiba Lotte Marines,Away,W,11,Saitama Seibu Lions,11,12,0,"0,0,2,0,4,0,2,3,0",10,Belluna Dome,,03:26,29507,GAME20080628SLLM0420
2008,2008-06-28,Reg Season,Saitama Seibu Lions,Home,L,3,Chiba Lotte Marines,3,9,0,"1,0,0,0,0,1,1,0,0",10,Belluna Dome,,03:26,29507,GAME20080628SLLM0420
2008,2008-06-28,Reg Season,Hanshin Tigers,Away,W,7,Tokyo Yakult Swallows,7,15,1,"0,2,0,1,0,0,1,0,3",10,Komachi Stadium,,03:15,21802,GAME20080628YSHT0418
2008,2008-06-28,Reg Season,Tokyo Yakult Swallows,Home,L,2,Hanshin Tigers,2,5,0,"0,0,0,1,0,0,0,0,1",10,Komachi Stadium,,03:15,21802,GAME20080628YSHT0418
2008,2008-06-29,Reg Season,Yomiuri Giants,Away,W,6,Hiroshima Toyo Carp,6,10,0,"0,1,0,0,0,0,0,0,5",12,MAZDA Zoom-Zoom Stadium Hiroshima,,03:21,18026,GAME20080629HCYG0425
2008,2008-06-29,Reg Season,Hiroshima Toyo Carp,Home,L,1,Yomiuri Giants,1,6,0,"0,0,0,0,0,1,0,0,0",12,MAZDA Zoom-Zoom Stadium Hiroshima,,03:21,18026,GAME20080629HCYG0425
2008,2008-06-29,Reg Season,Hokkaido Nippon-Ham Fighters,Away,W,9,Orix Buffaloes,9,13,0,"0,3,2,0,1,0,0,0,3",9,Kyocera Dome Osaka,,03:13,18153,GAME20080629OBNF0426
2008,2008-06-29,Reg Season,Orix Buffaloes,Home,L,4,Hokkaido Nippon-Ham Fighters,4,7,0,"0,0,0,1,0,0,0,0,3",9,Kyocera Dome Osaka,,03:13,18153,GAME20080629OBNF0426
2008,2008-06-29,Reg Season,Tohoku Rakuten Golden Eagles,Away,W,15,Fukuoka Softbank Hawks,15,20,0,"0,2,0,5,6,2,0,0,0",11,Mizuho PayPay Dome Fukuoka,,02:58,34403,GAME20080629SHRE0422
2008,2008-06-29,Reg Season,Fukuoka Softbank Hawks,Home,L,2,Tohoku Rakuten Golden Eagles,2,8,1,"0,0,0,0,0,0,0,1,1",11,Mizuho PayPay Dome Fukuoka,,02:58,34403,GAME20080629SHRE0422
2008,2008-06-29,Reg Season,Chiba Lotte Marines,Away,L,5,Saitama Seibu Lions,5,6,0,"0,1,0,2,0,1,1,0,0",11,Belluna Dome,,03:05,25666,GAME20080629SLLM0424
2008,2008-06-29,Reg Season,Saitama Seibu Lions,Home,W,9,Chiba Lotte Marines,9,14,0,"1,2,0,0,6,0,0,0,x",11,Belluna Dome,,03:05,25666,GAME20080629SLLM0424
2008,2008-06-29,Reg Season,Hanshin Tigers,Away,L,4,Tokyo Yakult Swallows,4,12,2,"0,4,0,0,0,0,0,0,0",11,Komachi Stadium,,03:36,18345,GAME20080629YSHT0423
2008,2008-06-29,Reg Season,Tokyo Yakult Swallows,Home,W,9,Hanshin Tigers,9,13,2,"3,0,0,0,0,1,1,4,x",11,Komachi Stadium,,03:36,18345,GAME20080629YSHT0423
2008,2008-07-01,Reg Season,Hiroshima Toyo Carp,Away,W,3,Yokohama BayStars,3,10,0,"0,1,0,1,0,0,1,0,0",10,Yamagata Prefectural Baseball Stadium,,02:44,9637,GAME20080701DBHC0428
2008,2008-07-01,Reg Season,Yokohama BayStars,Home,L,2,Hiroshima Toyo Carp,2,7,1,"2,0,0,0,0,0,0,0,0",10,Yamagata Prefectural Baseball Stadium,,02:44,9637,GAME20080701DBHC0428
2008,2008-07-01,Reg Season,Chunichi Dragons,Away,L,3,Hanshin Tigers,3,10,3,"0,1,0,0,2,0,0,0,0",9,Hanshin Koshien Stadium,,03:35,41449,GAME20080701HTCD0432
2008,2008-07-01,Reg Season,Hanshin Tigers,Home,W,8,Chunichi Dragons,8,10,0,"0,0,1,2,2,3,0,0,x",9,Hanshin Koshien Stadium,,03:35,41449,GAME20080701HTCD0432
2008,2008-07-01,Reg Season,Saitama Seibu Lions,Away,W,12,Hokkaido Nippon-Ham Fighters,12,13,0,"2,3,0,0,0,4,0,2,1",9,Sapporo Dome,,03:51,22125,GAME20080701NFSL0429
2008,2008-07-01,Reg Season,Hokkaido Nippon-Ham Fighters,Home,L,7,Saitama Seibu Lions,7,9,1,"0,6,0,0,0,0,0,1,0",9,Sapporo Dome,,03:51,22125,GAME20080701NFSL0429
2008,2008-07-01,Reg Season,Fukuoka Softbank Hawks,Away,L,1,Orix Buffaloes,1,7,0,"0,0,0,0,0,0,0,1,0",9,Kyocera Dome Osaka,,02:56,10253,GAME20080701OBSH0430
2008,2008-07-01,Reg Season,Orix Buffaloes,Home,W,4,Fukuoka Softbank Hawks,4,7,1,"3,0,0,0,0,1,0,0,x",9,Kyocera Dome Osaka,,02:56,10253,GAME20080701OBSH0430
2008,2008-07-01,Reg Season,Chiba Lotte Marines,Away,W,7,Tohoku Rakuten Golden Eagles,7,11,0,"1,1,3,0,2,0,0,0,0",9,Iwate Prefectural Baseball Field,,02:35,10847,GAME20080701RELM0431
2008,2008-07-01,Reg Season,Tohoku Rakuten Golden Eagles,Home,L,2,Chiba Lotte Marines,2,7,1,"0,0,0,0,0,2,0,0,0",9,Iwate Prefectural Baseball Field,,02:35,10847,GAME20080701RELM0431
2008,2008-07-01,Reg Season,Tokyo Yakult Swallows,Away,W,7,Yomiuri Giants,7,9,0,"2,1,1,0,3,0,0,0,0",10,Tokyo Dome,,03:00,37112,GAME20080701YGYS0427
2008,2008-07-01,Reg Season,Yomiuri Giants,Home,L,4,Tokyo Yakult Swallows,4,7,1,"0,1,0,3,0,0,0,0,0",10,Tokyo Dome,,03:00,37112,GAME20080701YGYS0427
2008,2008-07-02,Reg Season,Hiroshima Toyo Carp,Away,L,3,Yokohama BayStars,3,10,0,"0,0,1,2,0,0,0,0,0",11,Fukushima Azuma Baseball Stadium,,02:54,6777,GAME20080702DBHC0437
2008,2008-07-02,Reg Season,Yokohama BayStars,Home,W,4,Hiroshima Toyo Carp,4,7,1,"4,0,0,0,0,0,0,0,x",11,Fukushima Azuma Baseball Stadium,,02:54,6777,GAME20080702DBHC0437
2008,2008-07-02,Reg Season,Chunichi Dragons,Away,L,3,Hanshin Tigers,3,11,2,"0,0,2,0,0,1,0,0,0",10,Hanshin Koshien Stadium,,03:45,41953,GAME20080702HTCD0436
2008,2008-07-02,Reg Season,Hanshin Tigers,Home,W,4,Chunichi Dragons,4,12,0,"1,1,1,0,0,0,0,0,1x",10,Hanshin Koshien Stadium,,03:45,41953,GAME20080702HTCD0436
2008,2008-07-02,Reg Season,Saitama Seibu Lions,Away,W,8,Hokkaido Nippon-Ham Fighters,8,10,1,"1,4,0,0,2,1,0,0,0",10,Sapporo Dome,,03:31,17682,GAME20080702NFSL0434
2008,2008-07-02,Reg Season,Hokkaido Nippon-Ham Fighters,Home,L,6,Saitama Seibu Lions,6,10,1,"1,0,2,0,0,1,0,2,0",10,Sapporo Dome,,03:31,17682,GAME20080702NFSL0434
2008,2008-07-02,Reg Season,Fukuoka Softbank Hawks,Away,L,6,Orix Buffaloes,6,9,0,"1,0,0,0,0,0,0,4,1,0",10,Kyocera Dome Osaka,,04:00,10846,GAME20080702OBSH0438
2008,2008-07-02,Reg Season,Orix Buffaloes,Home,W,7,Fukuoka Softbank Hawks,7,10,1,"0,0,0,0,0,5,1,0,0,1x",10,Kyocera Dome Osaka,,04:00,10846,GAME20080702OBSH0438
2008,2008-07-02,Reg Season,Chiba Lotte Marines,Away,L,0,Tohoku Rakuten Golden Eagles,0,3,0,"0,0,0,0,0,0,0,0,0",10,Rakuten Seimei Park Miyagi,,02:29,14969,GAME20080702RELM0435
2008,2008-07-02,Reg Season,Tohoku Rakuten Golden Eagles,Home,W,4,Chiba Lotte Marines,4,6,1,"0,0,0,0,0,0,4,0,x",10,Rakuten Seimei Park Miyagi,,02:29,14969,GAME20080702RELM0435
2008,2008-07-02,Reg Season,Tokyo Yakult Swallows,Away,L,5,Yomiuri Giants,5,11,1,"0,0,0,0,1,1,1,2,0",11,Tokyo Dome,,03:22,37143,GAME20080702YGYS0433
2008,2008-07-02,Reg Season,Yomiuri Giants,Home,W,7,Tokyo Yakult Swallows,7,12,2,"0,0,0,2,0,0,1,4,x",11,Tokyo Dome,,03:22,37143,GAME20080702YGYS0433
2008,2008-07-03,Reg Season,Chunichi Dragons,Away,L,1,Hanshin Tigers,1,6,2,"0,0,1,0,0,0,0,0,0",11,Hanshin Koshien Stadium,,03:14,41796,GAME20080703HTCD0441
2008,2008-07-03,Reg Season,Hanshin Tigers,Home,W,4,Chunichi Dragons,4,11,1,"1,0,0,0,0,0,0,3,x",11,Hanshin Koshien Stadium,,03:14,41796,GAME20080703HTCD0441
2008,2008-07-03,Reg Season,Saitama Seibu Lions,Away,L,4,Hokkaido Nippon-Ham Fighters,4,7,4,"0,0,1,1,0,1,0,0,1",11,Sapporo Dome,,03:09,24420,GAME20080703NFSL0443
2008,2008-07-03,Reg Season,Hokkaido Nippon-Ham Fighters,Home,W,6,Saitama Seibu Lions,6,13,0,"0,0,1,0,0,5,0,0,x",11,Sapporo Dome,,03:09,24420,GAME20080703NFSL0443
2008,2008-07-03,Reg Season,Fukuoka Softbank Hawks,Away,L,5,Orix Buffaloes,5,11,1,"1,0,0,0,1,0,3,0,0",11,Kyocera Dome Osaka,,03:29,10059,GAME20080703OBSH0440
2008,2008-07-03,Reg Season,Orix Buffaloes,Home,W,6,Fukuoka Softbank Hawks,6,10,1,"0,1,1,1,2,1,0,0,x",11,Kyocera Dome Osaka,,03:29,10059,GAME20080703OBSH0440
2008,2008-07-03,Reg Season,Chiba Lotte Marines,Away,W,3,Tohoku Rakuten Golden Eagles,3,7,0,"2,0,0,0,1,0,0,0,0",11,Rakuten Seimei Park Miyagi,,03:10,10952,GAME20080703RELM0442
2008,2008-07-03,Reg Season,Tohoku Rakuten Golden Eagles,Home,L,1,Chiba Lotte Marines,1,10,1,"0,0,0,0,0,0,0,1,0",11,Rakuten Seimei Park Miyagi,,03:10,10952,GAME20080703RELM0442
2008,2008-07-03,Reg Season,Tokyo Yakult Swallows,Away,L,1,Yomiuri Giants,1,8,0,"0,0,0,0,0,0,0,0,1",12,Tokyo Dome,,02:56,37058,GAME20080703YGYS0439
2008,2008-07-03,Reg Season,Yomiuri Giants,Home,W,6,Tokyo Yakult Swallows,6,11,0,"1,0,0,0,1,2,0,2,x",12,Tokyo Dome,,02:56,37058,GAME20080703YGYS0439
2008,2008-07-04,Reg Season,Yomiuri Giants,Away,L,2,Chunichi Dragons,2,7,1,"0,0,0,0,0,0,0,0,2",10,Vantelin Dome Nagoya,,03:09,38132,GAME20080704CDYG0447
2008,2008-07-04,Reg Season,Chunichi Dragons,Home,W,4,Yomiuri Giants,4,7,0,"0,0,0,0,0,3,0,1,x",10,Vantelin Dome Nagoya,,03:09,38132,GAME20080704CDYG0447
2008,2008-07-04,Reg Season,Hanshin Tigers,Away,W,7,Yokohama BayStars,7,16,0,"0,0,0,1,1,0,0,0,5",9,Yokohama Stadium,,03:39,20402,GAME20080704DBHT0444
2008,2008-07-04,Reg Season,Yokohama BayStars,Home,L,0,Hanshin Tigers,0,4,0,"0,0,0,0,0,0,0,0,0",9,Yokohama Stadium,,03:39,20402,GAME20080704DBHT0444
2008,2008-07-04,Reg Season,Tokyo Yakult Swallows,Away,L,3,Hiroshima Toyo Carp,3,7,2,"2,1,0,0,0,0,0,0,0",6,MAZDA Zoom-Zoom Stadium Hiroshima,,03:01,15319,GAME20080704HCYS0446
2008,2008-07-04,Reg Season,Hiroshima Toyo Carp,Home,W,5,Tokyo Yakult Swallows,5,10,0,"4,0,0,1,0,0,0,0,x",6,MAZDA Zoom-Zoom Stadium Hiroshima,,03:01,15319,GAME20080704HCYS0446
2008,2008-07-04,Reg Season,Fukuoka Softbank Hawks,Away,L,1,Chiba Lotte Marines,1,6,2,"0,0,0,1,0,0,0,0,0",10,ZOZO Marine Stadium,,03:24,19873,GAME20080704LMSH0445
2008,2008-07-04,Reg Season,Chiba Lotte Marines,Home,W,10,Fukuoka Softbank Hawks,10,12,0,"2,1,0,0,0,5,0,2,x",10,ZOZO Marine Stadium,,03:24,19873,GAME20080704LMSH0445
2008,2008-07-05,Reg Season,Yomiuri Giants,Away,W,7,Chunichi Dragons,7,15,0,"4,2,1,0,0,0,0,0,0",11,Vantelin Dome Nagoya,,03:24,38332,GAME20080705CDYG0451
2008,2008-07-05,Reg Season,Chunichi Dragons,Home,L,2,Yomiuri Giants,2,11,0,"2,0,0,0,0,0,0,0,0",11,Vantelin Dome Nagoya,,03:24,38332,GAME20080705CDYG0451
2008,2008-07-05,Reg Season,Hanshin Tigers,Away,W,9,Yokohama BayStars,9,14,1,"0,2,0,3,2,0,1,1,0",10,Yokohama Stadium,,03:18,28185,GAME20080705DBHT0449
2008,2008-07-05,Reg Season,Yokohama BayStars,Home,L,4,Hanshin Tigers,4,7,1,"0,0,0,0,0,0,1,2,1",10,Yokohama Stadium,,03:18,28185,GAME20080705DBHT0449
2008,2008-07-05,Reg Season,Tokyo Yakult Swallows,Away,T,5,Hiroshima Toyo Carp,5,12,0,"0,1,0,0,4,0,0,0,0,0,0,0",7,MAZDA Zoom-Zoom Stadium Hiroshima,,04:45,16336,GAME20080705HCYS0450
2008,2008-07-05,Reg Season,Hiroshima Toyo Carp,Home,T,5,Tokyo Yakult Swallows,5,16,1,"3,1,1,0,0,0,0,0,0,0,0,0",7,MAZDA Zoom-Zoom Stadium Hiroshima,,04:45,16336,GAME20080705HCYS0450
2008,2008-07-05,Reg Season,Fukuoka Softbank Hawks,Away,L,6,Chiba Lotte Marines,6,13,0,"0,0,3,1,2,0,0,0,0",11,ZOZO Marine Stadium,,03:50,30013,GAME20080705LMSH0448
2008,2008-07-05,Reg Season,Chiba Lotte Marines,Home,W,12,Fukuoka Softbank Hawks,12,15,0,"0,0,0,1,2,5,4,0,x",11,ZOZO Marine Stadium,,03:50,30013,GAME20080705LMSH0448
2008,2008-07-05,Reg Season,Orix Buffaloes,Away,L,3,Hokkaido Nippon-Ham Fighters,3,6,1,"2,0,0,0,0,1,0,0,0",10,Kushiroshi Fujimi Baseball Field,,03:02,17892,GAME20080705NFOB0453
2008,2008-07-05,Reg Season,Hokkaido Nippon-Ham Fighters,Home,W,4,Orix Buffaloes,4,11,1,"0,1,1,0,2,0,0,0,x",10,Kushiroshi Fujimi Baseball Field,,03:02,17892,GAME20080705NFOB0453
2008,2008-07-05,Reg Season,Tohoku Rakuten Golden Eagles,Away,L,2,Saitama Seibu Lions,2,12,0,"0,0,0,0,0,0,1,1,0",8,Belluna Dome,,03:33,29719,GAME20080705SLRE0452
2008,2008-07-05,Reg Season,Saitama Seibu Lions,Home,W,3,Tohoku Rakuten Golden Eagles,3,6,0,"1,0,0,1,0,0,1,0,x",8,Belluna Dome,,03:33,29719,GAME20080705SLRE0452
2008,2008-07-06,Reg Season,Yomiuri Giants,Away,W,7,Chunichi Dragons,7,12,1,"0,0,0,0,0,1,5,0,1",12,Vantelin Dome Nagoya,,03:10,38319,GAME20080706CDYG0459
2008,2008-07-06,Reg Season,Chunichi Dragons,Home,L,3,Yomiuri Giants,3,5,0,"0,0,0,2,1,0,0,0,0",12,Vantelin Dome Nagoya,,03:10,38319,GAME20080706CDYG0459
2008,2008-07-06,Reg Season,Hanshin Tigers,Away,W,8,Yokohama BayStars,8,12,0,"0,3,0,1,0,0,0,0,4",11,Yokohama Stadium,,03:43,26836,GAME20080706DBHT0458
2008,2008-07-06,Reg Season,Yokohama BayStars,Home,L,7,Hanshin Tigers,7,12,0,"1,0,0,1,0,2,0,3,0",11,Yokohama Stadium,,03:43,26836,GAME20080706DBHT0458
2008,2008-07-06,Reg Season,Tokyo Yakult Swallows,Away,W,5,Hiroshima Toyo Carp,5,9,0,"0,0,0,1,0,1,0,3,0",8,MAZDA Zoom-Zoom Stadium Hiroshima,,03:20,15904,GAME20080706HCYS0455
2008,2008-07-06,Reg Season,Hiroshima Toyo Carp,Home,L,3,Tokyo Yakult Swallows,3,9,0,"0,0,1,0,0,0,1,1,0",8,MAZDA Zoom-Zoom Stadium Hiroshima,,03:20,15904,GAME20080706HCYS0455
2008,2008-07-06,Reg Season,Fukuoka Softbank Hawks,Away,W,7,Chiba Lotte Marines,7,12,0,"1,0,0,2,0,0,0,2,2",12,ZOZO Marine Stadium,,03:54,26227,GAME20080706LMSH0454
2008,2008-07-06,Reg Season,Chiba Lotte Marines,Home,L,6,Fukuoka Softbank Hawks,6,11,1,"0,0,1,0,4,0,0,0,1",12,ZOZO Marine Stadium,,03:54,26227,GAME20080706LMSH0454
2008,2008-07-06,Reg Season,Orix Buffaloes,Away,W,8,Hokkaido Nippon-Ham Fighters,8,12,1,"0,0,1,1,2,0,3,0,1",11,Obihiro no Mori Baseball Stadium,,03:41,21063,GAME20080706NFOB0457
2008,2008-07-06,Reg Season,Hokkaido Nippon-Ham Fighters,Home,L,5,Orix Buffaloes,5,10,0,"0,0,0,1,0,2,2,0,0",11,Obihiro no Mori Baseball Stadium,,03:41,21063,GAME20080706NFOB0457
2008,2008-07-06,Reg Season,Tohoku Rakuten Golden Eagles,Away,W,7,Saitama Seibu Lions,7,10,0,"0,2,0,0,0,2,1,2,0",9,Belluna Dome,,03:59,25654,GAME20080706SLRE0456
2008,2008-07-06,Reg Season,Saitama Seibu Lions,Home,L,5,Tohoku Rakuten Golden Eagles,5,9,0,"0,0,0,4,1,0,0,0,0",9,Belluna Dome,,03:59,25654,GAME20080706SLRE0456
2008,2008-07-08,Reg Season,Chunichi Dragons,Away,L,0,Hiroshima Toyo Carp,0,6,0,"0,0,0,0,0,0,0,0,0",10,MAZDA Zoom-Zoom Stadium Hiroshima,,02:57,11913,GAME20080708HCCD0464
2008,2008-07-08,Reg Season,Hiroshima Toyo Carp,Home,W,3,Chunichi Dragons,3,11,0,"1,0,0,0,2,0,0,0,x",10,MAZDA Zoom-Zoom Stadium Hiroshima,,02:57,11913,GAME20080708HCCD0464
2008,2008-07-08,Reg Season,Yomiuri Giants,Away,L,3,Hanshin Tigers,3,10,0,"0,0,0,0,0,1,0,0,2",10,Hanshin Koshien Stadium,,03:03,43516,GAME20080708HTYG0463
2008,2008-07-08,Reg Season,Hanshin Tigers,Home,W,5,Yomiuri Giants,5,11,1,"2,0,0,2,1,0,0,0,x",10,Hanshin Koshien Stadium,,03:03,43516,GAME20080708HTYG0463
2008,2008-07-08,Reg Season,Hokkaido Nippon-Ham Fighters,Away,L,2,Chiba Lotte Marines,2,5,0,"2,0,0,0,0,0,0,0,0",13,ZOZO Marine Stadium,,02:40,18562,GAME20080708LMNF0460
2008,2008-07-08,Reg Season,Chiba Lotte Marines,Home,W,5,Hokkaido Nippon-Ham Fighters,5,10,0,"0,2,0,0,0,3,0,0,x",13,ZOZO Marine Stadium,,02:40,18562,GAME20080708LMNF0460
2008,2008-07-08,Reg Season,Orix Buffaloes,Away,W,5,Tohoku Rakuten Golden Eagles,5,9,0,"0,0,1,0,0,0,3,1,0",12,Rakuten Seimei Park Miyagi,,03:02,10813,GAME20080708REOB0465
2008,2008-07-08,Reg Season,Tohoku Rakuten Golden Eagles,Home,L,1,Orix Buffaloes,1,4,1,"1,0,0,0,0,0,0,0,0",12,Rakuten Seimei Park Miyagi,,03:02,10813,GAME20080708REOB0465
2008,2008-07-08,Reg Season,Fukuoka Softbank Hawks,Away,W,5,Saitama Seibu Lions,5,10,1,"1,0,0,2,0,0,1,0,1",13,Belluna Dome,,03:07,13486,GAME20080708SLSH0461
2008,2008-07-08,Reg Season,Saitama Seibu Lions,Home,L,2,Fukuoka Softbank Hawks,2,6,2,"0,0,1,0,1,0,0,0,0",13,Belluna Dome,,03:07,13486,GAME20080708SLSH0461
2008,2008-07-08,Reg Season,Yokohama BayStars,Away,L,0,Tokyo Yakult Swallows,0,4,0,"0,0,0,0,0,0,0,0,0",9,Meiji Jingu Stadium,,02:44,10035,GAME20080708YSDB0462
2008,2008-07-08,Reg Season,Tokyo Yakult Swallows,Home,W,5,Yokohama BayStars,5,9,1,"1,0,1,0,1,0,1,1,x",9,Meiji Jingu Stadium,,02:44,10035,GAME20080708YSDB0462
2008,2008-07-09,Reg Season,Chunichi Dragons,Away,L,2,Hiroshima Toyo Carp,2,3,2,"0,1,0,1,0,0,0,0,0",11,MAZDA Zoom-Zoom Stadium Hiroshima,,03:16,13258,GAME20080709HCCD0470
2008,2008-07-09,Reg Season,Hiroshima Toyo Carp,Home,W,3,Chunichi Dragons,3,11,0,"0,0,0,1,0,0,0,1,1x",11,MAZDA Zoom-Zoom Stadium Hiroshima,,03:16,13258,GAME20080709HCCD0470
2008,2008-07-09,Reg Season,Hokkaido Nippon-Ham Fighters,Away,L,5,Chiba Lotte Marines,5,9,1,"0,0,0,0,0,3,2,0,0",14,ZOZO Marine Stadium,,03:15,28198,GAME20080709LMNF0466
2008,2008-07-09,Reg Season,Chiba Lotte Marines,Home,W,7,Hokkaido Nippon-Ham Fighters,7,10,1,"0,0,0,2,0,5,0,0,x",14,ZOZO Marine Stadium,,03:15,28198,GAME20080709LMNF0466
2008,2008-07-09,Reg Season,Orix Buffaloes,Away,T,2,Tohoku Rakuten Golden Eagles,2,11,1,"0,0,0,0,0,1,1,0,0,0,0,0",13,Rakuten Seimei Park Miyagi,,04:48,11953,GAME20080709REOB0469
2008,2008-07-09,Reg Season,Tohoku Rakuten Golden Eagles,Home,T,2,Orix Buffaloes,2,6,1,"0,0,0,2,0,0,0,0,0,0,0,0",13,Rakuten Seimei Park Miyagi,,04:48,11953,GAME20080709REOB0469
2008,2008-07-09,Reg Season,Fukuoka Softbank Hawks,Away,W,7,Saitama Seibu Lions,7,14,0,"2,0,1,0,1,0,1,0,2",14,Belluna Dome,,03:18,15674,GAME20080709SLSH0468
2008,2008-07-09,Reg Season,Saitama Seibu Lions,Home,L,2,Fukuoka Softbank Hawks,2,7,1,"0,1,0,1,0,0,0,0,0",14,Belluna Dome,,03:18,15674,GAME20080709SLSH0468
2008,2008-07-09,Reg Season,Yokohama BayStars,Away,W,9,Tokyo Yakult Swallows,9,12,1,"5,0,1,0,0,1,2,0,0",10,Meiji Jingu Stadium,,03:13,12054,GAME20080709YSDB0467
2008,2008-07-09,Reg Season,Tokyo Yakult Swallows,Home,L,7,Yokohama BayStars,7,9,1,"4,0,2,0,0,0,0,1,0",10,Meiji Jingu Stadium,,03:13,12054,GAME20080709YSDB0467
2008,2008-07-10,Reg Season,Chunichi Dragons,Away,W,8,Hiroshima Toyo Carp,8,16,3,"1,3,1,2,0,0,0,0,0,0,1",12,MAZDA Zoom-Zoom Stadium Hiroshima,,04:28,13393,GAME20080710HCCD0473
2008,2008-07-10,Reg Season,Hiroshima Toyo Carp,Home,L,7,Chunichi Dragons,7,14,1,"0,0,0,1,1,3,2,0,0,0,0",12,MAZDA Zoom-Zoom Stadium Hiroshima,,04:28,13393,GAME20080710HCCD0473
2008,2008-07-10,Reg Season,Yomiuri Giants,Away,W,8,Hanshin Tigers,8,12,1,"3,0,0,0,0,1,0,3,1",11,Hanshin Koshien Stadium,,03:51,43517,GAME20080710HTYG0471
2008,2008-07-10,Reg Season,Hanshin Tigers,Home,L,3,Yomiuri Giants,3,10,0,"0,0,2,0,0,0,0,1,0",11,Hanshin Koshien Stadium,,03:51,43517,GAME20080710HTYG0471
2008,2008-07-10,Reg Season,Orix Buffaloes,Away,W,7,Tohoku Rakuten Golden Eagles,7,14,0,"2,0,1,0,0,1,3,0,0",14,Rakuten Seimei Park Miyagi,,03:45,11006,GAME20080710REOB0474
2008,2008-07-10,Reg Season,Tohoku Rakuten Golden Eagles,Home,L,4,Orix Buffaloes,4,13,0,"2,0,0,0,2,0,0,0,0",14,Rakuten Seimei Park Miyagi,,03:45,11006,GAME20080710REOB0474
2008,2008-07-10,Reg Season,Yokohama BayStars,Away,W,6,Tokyo Yakult Swallows,6,8,1,"1,0,3,0,0,0,0,2,0",11,Meiji Jingu Stadium,,03:23,12246,GAME20080710YSDB0472
2008,2008-07-10,Reg Season,Tokyo Yakult Swallows,Home,L,2,Yokohama BayStars,2,4,0,"2,0,0,0,0,0,0,0,0",11,Meiji Jingu Stadium,,03:23,12246,GAME20080710YSDB0472
2008,2008-07-11,Reg Season,Tokyo Yakult Swallows,Away,W,4,Chunichi Dragons,4,12,0,"0,0,2,0,0,0,0,2,0",10,Vantelin Dome Nagoya,,03:24,34570,GAME20080711CDYS0476
2008,2008-07-11,Reg Season,Chunichi Dragons,Home,L,2,Tokyo Yakult Swallows,2,6,0,"0,0,0,0,0,0,2,0,0",10,Vantelin Dome Nagoya,,03:24,34570,GAME20080711CDYS0476
2008,2008-07-11,Reg Season,Hiroshima Toyo Carp,Away,L,1,Hanshin Tigers,1,8,1,"0,0,0,0,0,1,0,0,0,0,0",9,Hanshin Koshien Stadium,,04:14,43520,GAME20080711HTHC0477
2008,2008-07-11,Reg Season,Hanshin Tigers,Home,W,2,Hiroshima Toyo Carp,2,9,0,"0,0,0,0,0,0,0,1,0,0,1x",9,Hanshin Koshien Stadium,,04:14,43520,GAME20080711HTHC0477
2008,2008-07-11,Reg Season,Fukuoka Softbank Hawks,Away,L,2,Hokkaido Nippon-Ham Fighters,2,6,1,"0,0,0,0,0,1,1,0,0",12,Sapporo Dome,,02:31,22712,GAME20080711NFSH0478
2008,2008-07-11,Reg Season,Hokkaido Nippon-Ham Fighters,Home,W,3,Fukuoka Softbank Hawks,3,9,0,"0,0,1,0,2,0,0,0,x",12,Sapporo Dome,,02:31,22712,GAME20080711NFSH0478
2008,2008-07-11,Reg Season,Saitama Seibu Lions,Away,W,12,Orix Buffaloes,12,20,0,"0,3,2,5,1,0,0,1,0",12,Kobe Athletic Park Baseball Field,,02:50,15296,GAME20080711OBSL0479
2008,2008-07-11,Reg Season,Orix Buffaloes,Home,L,4,Saitama Seibu Lions,4,8,0,"0,0,0,0,0,0,3,1,0",12,Kobe Athletic Park Baseball Field,,02:50,15296,GAME20080711OBSL0479
2008,2008-07-11,Reg Season,Chiba Lotte Marines,Away,W,4,Tohoku Rakuten Golden Eagles,4,9,0,"0,0,0,0,0,0,0,1,3",12,Rakuten Seimei Park Miyagi,,02:58,13879,GAME20080711RELM0475
2008,2008-07-11,Reg Season,Tohoku Rakuten Golden Eagles,Home,L,0,Chiba Lotte Marines,0,7,1,"0,0,0,0,0,0,0,0,0",12,Rakuten Seimei Park Miyagi,,02:58,13879,GAME20080711RELM0475
2008,2008-07-11,Reg Season,Yokohama BayStars,Away,L,1,Yomiuri Giants,1,10,0,"0,0,0,0,0,0,0,1,0",9,Tokyo Dome,,03:01,42082,GAME20080711YGDB0480
2008,2008-07-11,Reg Season,Yomiuri Giants,Home,W,4,Yokohama BayStars,4,10,2,"0,1,0,3,0,0,0,0,x",9,Tokyo Dome,,03:01,42082,GAME20080711YGDB0480
2008,2008-07-12,Reg Season,Tokyo Yakult Swallows,Away,T,1,Chunichi Dragons,1,9,0,"0,0,1,0,0,0,0,0,0,0,0,0",11,Vantelin Dome Nagoya,,03:49,38091,GAME20080712CDYS0485
2008,2008-07-12,Reg Season,Chunichi Dragons,Home,T,1,Tokyo Yakult Swallows,1,9,0,"0,0,0,0,0,0,0,1,0,0,0,0",11,Vantelin Dome Nagoya,,03:49,38091,GAME20080712CDYS0485
2008,2008-07-12,Reg Season,Hiroshima Toyo Carp,Away,W,1,Hanshin Tigers,1,7,0,"0,0,0,0,1,0,0,0,0",10,Hanshin Koshien Stadium,,02:51,43528,GAME20080712HTHC0482
2008,2008-07-12,Reg Season,Hanshin Tigers,Home,L,0,Hiroshima Toyo Carp,0,3,0,"0,0,0,0,0,0,0,0,0",10,Hanshin Koshien Stadium,,02:51,43528,GAME20080712HTHC0482
2008,2008-07-12,Reg Season,Fukuoka Softbank Hawks,Away,L,6,Hokkaido Nippon-Ham Fighters,6,11,2,"0,0,1,1,1,1,0,2,0",13,Sapporo Dome,,03:20,31882,GAME20080712NFSH0486
2008,2008-07-12,Reg Season,Hokkaido Nippon-Ham Fighters,Home,W,9,Fukuoka Softbank Hawks,9,13,0,"3,0,4,2,0,0,0,0,x",13,Sapporo Dome,,03:20,31882,GAME20080712NFSH0486
2008,2008-07-12,Reg Season,Saitama Seibu Lions,Away,W,4,Orix Buffaloes,4,10,0,"2,0,0,0,0,0,0,0,2",13,Kobe Athletic Park Baseball Field,,03:06,13321,GAME20080712OBSL0483
2008,2008-07-12,Reg Season,Orix Buffaloes,Home,L,2,Saitama Seibu Lions,2,9,1,"0,0,0,1,0,0,1,0,0",13,Kobe Athletic Park Baseball Field,,03:06,13321,GAME20080712OBSL0483
2008,2008-07-12,Reg Season,Chiba Lotte Marines,Away,W,7,Tohoku Rakuten Golden Eagles,7,13,0,"0,5,1,0,0,0,0,0,1",13,Rakuten Seimei Park Miyagi,,03:25,20367,GAME20080712RELM0481
2008,2008-07-12,Reg Season,Tohoku Rakuten Golden Eagles,Home,L,5,Chiba Lotte Marines,5,10,2,"0,1,0,3,0,0,0,0,1",13,Rakuten Seimei Park Miyagi,,03:25,20367,GAME20080712RELM0481
2008,2008-07-12,Reg Season,Yokohama BayStars,Away,L,4,Yomiuri Giants,4,8,1,"1,0,1,0,0,1,1,0,0",10,Tokyo Dome,,03:18,44602,GAME20080712YGDB0484
2008,2008-07-12,Reg Season,Yomiuri Giants,Home,W,5,Yokohama BayStars,5,9,1,"2,0,2,0,0,0,1,0,x",10,Tokyo Dome,,03:18,44602,GAME20080712YGDB0484
2008,2008-07-13,Reg Season,Tokyo Yakult Swallows,Away,W,10,Chunichi Dragons,10,16,0,"0,8,0,0,0,0,2,0,0",12,Vantelin Dome Nagoya,,03:58,38116,GAME20080713CDYS0489
2008,2008-07-13,Reg Season,Chunichi Dragons,Home,L,4,Tokyo Yakult Swallows,4,9,0,"3,1,0,0,0,0,0,0,0",12,Vantelin Dome Nagoya,,03:58,38116,GAME20080713CDYS0489
2008,2008-07-13,Reg Season,Hiroshima Toyo Carp,Away,L,2,Hanshin Tigers,2,9,0,"0,0,1,0,0,1,0,0,0",11,Hanshin Koshien Stadium,,03:03,43521,GAME20080713HTHC0491
2008,2008-07-13,Reg Season,Hanshin Tigers,Home,W,5,Hiroshima Toyo Carp,5,9,1,"0,0,0,0,2,0,0,3,x",11,Hanshin Koshien Stadium,,03:03,43521,GAME20080713HTHC0491
2008,2008-07-13,Reg Season,Fukuoka Softbank Hawks,Away,W,10,Hokkaido Nippon-Ham Fighters,10,12,0,"0,0,0,2,0,0,0,0,8",14,Sapporo Dome,,02:49,32127,GAME20080713NFSH0490
2008,2008-07-13,Reg Season,Hokkaido Nippon-Ham Fighters,Home,L,1,Fukuoka Softbank Hawks,1,8,0,"0,0,0,0,0,0,0,0,1",14,Sapporo Dome,,02:49,32127,GAME20080713NFSH0490
2008,2008-07-13,Reg Season,Saitama Seibu Lions,Away,L,1,Orix Buffaloes,1,3,0,"0,0,0,0,0,0,0,1,0",14,Kyocera Dome Osaka,,02:42,13312,GAME20080713OBSL0488
2008,2008-07-13,Reg Season,Orix Buffaloes,Home,W,4,Saitama Seibu Lions,4,6,1,"0,0,0,0,4,0,0,0,x",14,Kyocera Dome Osaka,,02:42,13312,GAME20080713OBSL0488
2008,2008-07-13,Reg Season,Chiba Lotte Marines,Away,W,7,Tohoku Rakuten Golden Eagles,7,12,1,"0,0,0,0,0,0,4,0,3",14,Rakuten Seimei Park Miyagi,,03:19,20407,GAME20080713RELM0487
2008,2008-07-13,Reg Season,Tohoku Rakuten Golden Eagles,Home,L,2,Chiba Lotte Marines,2,7,2,"0,1,0,0,0,0,1,0,0",14,Rakuten Seimei Park Miyagi,,03:19,20407,GAME20080713RELM0487
2008,2008-07-13,Reg Season,Yokohama BayStars,Away,L,0,Yomiuri Giants,0,5,0,"0,0,0,0,0,0,0,0,0",11,Tokyo Dome,,02:46,44662,GAME20080713YGDB0492
2008,2008-07-13,Reg Season,Yomiuri Giants,Home,W,3,Yokohama BayStars,3,5,0,"2,0,0,0,0,1,0,0,x",11,Tokyo Dome,,02:46,44662,GAME20080713YGDB0492
2008,2008-07-15,Reg Season,Hiroshima Toyo Carp,Away,W,4,Yokohama BayStars,4,9,0,"1,0,0,0,2,1,0,0,0",12,Yokohama Stadium,,03:01,9991,GAME20080715DBHC0494
2008,2008-07-15,Reg Season,Yokohama BayStars,Home,L,2,Hiroshima Toyo Carp,2,10,0,"0,0,0,0,0,0,2,0,0",12,Yokohama Stadium,,03:01,9991,GAME20080715DBHC0494
2008,2008-07-15,Reg Season,Tokyo Yakult Swallows,Away,W,6,Hanshin Tigers,6,15,1,"4,2,0,0,0,0,0,0,0",12,Kurashiki Sports Park Muscat Stadium,,03:05,26112,GAME20080715HTYS0495
2008,2008-07-15,Reg Season,Hanshin Tigers,Home,L,0,Tokyo Yakult Swallows,0,6,1,"0,0,0,0,0,0,0,0,0",12,Kurashiki Sports Park Muscat Stadium,,03:05,26112,GAME20080715HTYS0495
2008,2008-07-15,Reg Season,Orix Buffaloes,Away,L,2,Chiba Lotte Marines,2,7,1,"0,0,0,0,0,0,0,2,0",12,ZOZO Marine Stadium,,03:16,15540,GAME20080715LMOB0493
2008,2008-07-15,Reg Season,Chiba Lotte Marines,Home,W,3,Orix Buffaloes,3,7,0,"1,0,1,0,0,0,0,0,1x",12,ZOZO Marine Stadium,,03:16,15540,GAME20080715LMOB0493
2008,2008-07-15,Reg Season,Tohoku Rakuten Golden Eagles,Away,T,4,Hokkaido Nippon-Ham Fighters,4,5,1,"3,0,0,1,0,0,0,0,0,0,0,0",12,Tokyo Dome,,04:17,16186,GAME20080715NFRE0498
2008,2008-07-15,Reg Season,Hokkaido Nippon-Ham Fighters,Home,T,4,Tohoku Rakuten Golden Eagles,4,10,0,"0,1,0,0,1,1,0,0,1,0,0,0",12,Tokyo Dome,,04:17,16186,GAME20080715NFRE0498
2008,2008-07-15,Reg Season,Saitama Seibu Lions,Away,L,4,Fukuoka Softbank Hawks,4,9,1,"1,0,0,0,0,3,0,0,0",15,Mizuho PayPay Dome Fukuoka,,03:07,35706,GAME20080715SHSL0497
2008,2008-07-15,Reg Season,Fukuoka Softbank Hawks,Home,W,13,Saitama Seibu Lions,13,15,0,"0,4,4,1,3,0,1,0,x",15,Mizuho PayPay Dome Fukuoka,,03:07,35706,GAME20080715SHSL0497
2008,2008-07-15,Reg Season,Chunichi Dragons,Away,W,7,Yomiuri Giants,7,15,1,"2,0,0,3,0,1,0,0,1",13,Hanasaki Sports Park Baseball Field,,03:04,17289,GAME20080715YGCD0496
2008,2008-07-15,Reg Season,Yomiuri Giants,Home,L,4,Chunichi Dragons,4,8,0,"1,0,0,3,0,0,0,0,0",13,Hanasaki Sports Park Baseball Field,,03:04,17289,GAME20080715YGCD0496
2008,2008-07-16,Reg Season,Hiroshima Toyo Carp,Away,L,0,Yokohama BayStars,0,4,1,"0,0,0,0,0,0,0,0,0",13,Yokohama Stadium,,02:24,10739,GAME20080716DBHC0503
2008,2008-07-16,Reg Season,Yokohama BayStars,Home,W,4,Hiroshima Toyo Carp,4,9,0,"0,1,2,0,1,0,0,0,x",13,Yokohama Stadium,,02:24,10739,GAME20080716DBHC0503
2008,2008-07-16,Reg Season,Tokyo Yakult Swallows,Away,L,0,Hanshin Tigers,0,8,1,"0,0,0,0,0,0,0,0,0",13,Hanshin Koshien Stadium,,03:25,42979,GAME20080716HTYS0500
2008,2008-07-16,Reg Season,Hanshin Tigers,Home,W,2,Tokyo Yakult Swallows,2,8,1,"0,0,0,1,0,0,0,1,x",13,Hanshin Koshien Stadium,,03:25,42979,GAME20080716HTYS0500
2008,2008-07-16,Reg Season,Orix Buffaloes,Away,L,8,Chiba Lotte Marines,8,12,0,"1,0,4,2,0,1,0,0,0",13,ZOZO Marine Stadium,,03:14,18063,GAME20080716LMOB0499
2008,2008-07-16,Reg Season,Chiba Lotte Marines,Home,W,9,Orix Buffaloes,9,8,2,"3,6,0,0,0,0,0,0,x",13,ZOZO Marine Stadium,,03:14,18063,GAME20080716LMOB0499
2008,2008-07-16,Reg Season,Tohoku Rakuten Golden Eagles,Away,W,5,Hokkaido Nippon-Ham Fighters,5,11,0,"0,0,2,0,0,0,1,0,2",13,Tokyo Dome,,03:53,16249,GAME20080716NFRE0502
2008,2008-07-16,Reg Season,Hokkaido Nippon-Ham Fighters,Home,L,2,Tohoku Rakuten Golden Eagles,2,7,0,"0,0,0,0,2,0,0,0,0",13,Tokyo Dome,,03:53,16249,GAME20080716NFRE0502
2008,2008-07-16,Reg Season,Saitama Seibu Lions,Away,L,5,Fukuoka Softbank Hawks,5,12,1,"0,0,0,0,0,5,0,0,0,0,0,0",16,Mizuho PayPay Dome Fukuoka,,04:57,35674,GAME20080716SHSL0501
2008,2008-07-16,Reg Season,Fukuoka Softbank Hawks,Home,W,6,Saitama Seibu Lions,6,14,0,"0,0,0,0,1,0,0,1,3,0,0,1x",16,Mizuho PayPay Dome Fukuoka,,04:57,35674,GAME20080716SHSL0501
2008,2008-07-16,Reg Season,Chunichi Dragons,Away,W,5,Yomiuri Giants,5,7,0,"0,0,0,0,0,0,0,5,0",14,Sapporo Dome,,02:58,32399,GAME20080716YGCD0504
2008,2008-07-16,Reg Season,Yomiuri Giants,Home,L,1,Chunichi Dragons,1,3,0,"0,0,0,0,0,1,0,0,0",14,Sapporo Dome,,02:58,32399,GAME20080716YGCD0504
2008,2008-07-17,Reg Season,Hiroshima Toyo Carp,Away,L,8,Yokohama BayStars,8,7,1,"0,0,0,4,0,0,3,0,1",14,Yokohama Stadium,,03:29,11104,GAME20080717DBHC0507
2008,2008-07-17,Reg Season,Yokohama BayStars,Home,W,9,Hiroshima Toyo Carp,9,14,0,"1,1,0,0,2,5,0,0,x",14,Yokohama Stadium,,03:29,11104,GAME20080717DBHC0507
2008,2008-07-17,Reg Season,Tokyo Yakult Swallows,Away,W,3,Hanshin Tigers,3,6,0,"0,0,0,0,0,0,0,0,3",14,Hanshin Koshien Stadium,,03:00,42396,GAME20080717HTYS0506
2008,2008-07-17,Reg Season,Hanshin Tigers,Home,L,0,Tokyo Yakult Swallows,0,5,1,"0,0,0,0,0,0,0,0,0",14,Hanshin Koshien Stadium,,03:00,42396,GAME20080717HTYS0506
2008,2008-07-17,Reg Season,Orix Buffaloes,Away,W,6,Chiba Lotte Marines,6,13,3,"2,0,0,0,0,3,0,1,0",14,ZOZO Marine Stadium,,03:34,19717,GAME20080717LMOB0508
2008,2008-07-17,Reg Season,Chiba Lotte Marines,Home,L,5,Orix Buffaloes,5,8,0,"0,0,0,0,1,0,0,0,4",14,ZOZO Marine Stadium,,03:34,19717,GAME20080717LMOB0508
2008,2008-07-17,Reg Season,Tohoku Rakuten Golden Eagles,Away,L,1,Hokkaido Nippon-Ham Fighters,1,4,1,"0,0,0,1,0,0,0,0,0",14,Tokyo Dome,,02:36,20773,GAME20080717NFRE0505
2008,2008-07-17,Reg Season,Hokkaido Nippon-Ham Fighters,Home,W,3,Tohoku Rakuten Golden Eagles,3,8,0,"1,0,0,0,2,0,0,0,x",14,Tokyo Dome,,02:36,20773,GAME20080717NFRE0505
2008,2008-07-18,Reg Season,Hanshin Tigers,Away,W,2,Chunichi Dragons,2,10,1,"0,0,0,0,0,0,1,0,1",12,Vantelin Dome Nagoya,,03:14,37994,GAME20080718CDHT0510
2008,2008-07-18,Reg Season,Chunichi Dragons,Home,L,1,Hanshin Tigers,1,7,0,"0,0,0,0,0,1,0,0,0",12,Vantelin Dome Nagoya,,03:14,37994,GAME20080718CDHT0510
2008,2008-07-18,Reg Season,Yomiuri Giants,Away,W,7,Yokohama BayStars,7,14,0,"1,0,3,0,3,0,0,0,0",12,Yokohama Stadium,,03:26,19986,GAME20080718DBYG0512
2008,2008-07-18,Reg Season,Yokohama BayStars,Home,L,6,Yomiuri Giants,6,12,1,"0,0,1,0,1,1,0,3,0",12,Yokohama Stadium,,03:26,19986,GAME20080718DBYG0512
2008,2008-07-18,Reg Season,Saitama Seibu Lions,Away,W,8,Chiba Lotte Marines,8,13,0,"0,6,0,0,0,0,1,0,1",12,ZOZO Marine Stadium,,03:51,17394,GAME20080718LMSL0509
2008,2008-07-18,Reg Season,Chiba Lotte Marines,Home,L,6,Saitama Seibu Lions,6,11,2,"2,0,0,0,0,2,0,2,0",12,ZOZO Marine Stadium,,03:51,17394,GAME20080718LMSL0509
2008,2008-07-18,Reg Season,Hiroshima Toyo Carp,Away,L,3,Tokyo Yakult Swallows,3,10,3,"0,0,0,1,0,2,0,0,0",9,Meiji Jingu Stadium,,03:36,14267,GAME20080718YSHC0511
2008,2008-07-18,Reg Season,Tokyo Yakult Swallows,Home,W,8,Hiroshima Toyo Carp,8,8,1,"1,0,0,0,1,0,5,1,x",9,Meiji Jingu Stadium,,03:36,14267,GAME20080718YSHC0511
2008,2008-07-19,Reg Season,Hanshin Tigers,Away,W,7,Chunichi Dragons,7,8,0,"0,0,3,0,0,2,0,2,0",13,Vantelin Dome Nagoya,,03:13,38299,GAME20080719CDHT0518
2008,2008-07-19,Reg Season,Chunichi Dragons,Home,L,2,Hanshin Tigers,2,6,0,"1,0,0,0,1,0,0,0,0",13,Vantelin Dome Nagoya,,03:13,38299,GAME20080719CDHT0518
2008,2008-07-19,Reg Season,Yomiuri Giants,Away,W,6,Yokohama BayStars,6,10,0,"1,0,1,1,0,0,0,1,2",13,Yokohama Stadium,,03:14,22954,GAME20080719DBYG0516
2008,2008-07-19,Reg Season,Yokohama BayStars,Home,L,2,Yomiuri Giants,2,7,1,"0,0,0,0,0,2,0,0,0",13,Yokohama Stadium,,03:14,22954,GAME20080719DBYG0516
2008,2008-07-19,Reg Season,Saitama Seibu Lions,Away,W,17,Chiba Lotte Marines,17,15,1,"0,4,0,0,2,0,5,2,4",13,ZOZO Marine Stadium,,03:51,25823,GAME20080719LMSL0514
2008,2008-07-19,Reg Season,Chiba Lotte Marines,Home,L,10,Saitama Seibu Lions,10,14,1,"0,2,0,3,0,1,0,1,3",13,ZOZO Marine Stadium,,03:51,25823,GAME20080719LMSL0514
2008,2008-07-19,Reg Season,Hokkaido Nippon-Ham Fighters,Away,L,2,Orix Buffaloes,2,10,1,"0,0,0,0,0,0,0,0,2",12,Kobe Athletic Park Baseball Field,,02:41,20016,GAME20080719OBNF0517
2008,2008-07-19,Reg Season,Orix Buffaloes,Home,W,6,Hokkaido Nippon-Ham Fighters,6,9,0,"0,0,0,0,2,3,0,1,x",12,Kobe Athletic Park Baseball Field,,02:41,20016,GAME20080719OBNF0517
2008,2008-07-19,Reg Season,Fukuoka Softbank Hawks,Away,W,5,Tohoku Rakuten Golden Eagles,5,6,0,"0,0,0,3,0,0,0,0,2",12,Rakuten Seimei Park Miyagi,,03:29,20442,GAME20080719RESH0513
2008,2008-07-19,Reg Season,Tohoku Rakuten Golden Eagles,Home,L,4,Fukuoka Softbank Hawks,4,8,1,"0,0,0,1,0,2,0,1,0",12,Rakuten Seimei Park Miyagi,,03:29,20442,GAME20080719RESH0513
2008,2008-07-19,Reg Season,Hiroshima Toyo Carp,Away,L,3,Tokyo Yakult Swallows,3,6,1,"0,0,0,1,0,0,0,0,2",10,Meiji Jingu Stadium,,02:40,23733,GAME20080719YSHC0515
2008,2008-07-19,Reg Season,Tokyo Yakult Swallows,Home,W,8,Hiroshima Toyo Carp,8,10,0,"0,2,0,0,0,6,0,0,x",10,Meiji Jingu Stadium,,02:40,23733,GAME20080719YSHC0515
2008,2008-07-20,Reg Season,Hanshin Tigers,Away,L,6,Chunichi Dragons,6,14,1,"0,0,0,2,0,0,0,0,4",14,Vantelin Dome Nagoya,,03:19,38330,GAME20080720CDHT0522
2008,2008-07-20,Reg Season,Chunichi Dragons,Home,W,7,Hanshin Tigers,7,8,0,"0,2,3,0,2,0,0,0,x",14,Vantelin Dome Nagoya,,03:19,38330,GAME20080720CDHT0522
2008,2008-07-20,Reg Season,Yomiuri Giants,Away,L,1,Yokohama BayStars,1,7,2,"1,0,0,0,0,0,0,0,0",14,Yokohama Stadium,,02:57,26134,GAME20080720DBYG0524
2008,2008-07-20,Reg Season,Yokohama BayStars,Home,W,4,Yomiuri Giants,4,6,0,"0,1,3,0,0,0,0,0,x",14,Yokohama Stadium,,02:57,26134,GAME20080720DBYG0524
2008,2008-07-20,Reg Season,Saitama Seibu Lions,Away,L,0,Chiba Lotte Marines,0,3,1,"0,0,0,0,0,0,0,0,0",14,ZOZO Marine Stadium,,02:37,26365,GAME20080720LMSL0523
2008,2008-07-20,Reg Season,Chiba Lotte Marines,Home,W,16,Saitama Seibu Lions,16,20,0,"0,2,2,1,4,6,1,0,x",14,ZOZO Marine Stadium,,02:37,26365,GAME20080720LMSL0523
2008,2008-07-20,Reg Season,Hokkaido Nippon-Ham Fighters,Away,L,1,Orix Buffaloes,1,6,1,"0,0,0,0,1,0,0,0,0",13,Kyocera Dome Osaka,,02:55,16068,GAME20080720OBNF0521
2008,2008-07-20,Reg Season,Orix Buffaloes,Home,W,4,Hokkaido Nippon-Ham Fighters,4,9,0,"4,0,0,0,0,0,0,0,x",13,Kyocera Dome Osaka,,02:55,16068,GAME20080720OBNF0521
2008,2008-07-20,Reg Season,Fukuoka Softbank Hawks,Away,L,1,Tohoku Rakuten Golden Eagles,1,5,1,"0,0,0,0,0,0,0,0,1",13,Rakuten Seimei Park Miyagi,,02:52,20521,GAME20080720RESH0519
2008,2008-07-20,Reg Season,Tohoku Rakuten Golden Eagles,Home,W,4,Fukuoka Softbank Hawks,4,9,1,"0,3,0,0,0,0,0,1,x",13,Rakuten Seimei Park Miyagi,,02:52,20521,GAME20080720RESH0519
2008,2008-07-20,Reg Season,Hiroshima Toyo Carp,Away,L,3,Tokyo Yakult Swallows,3,10,0,"2,0,1,0,0,0,0,0,0",11,Meiji Jingu Stadium,,03:20,27447,GAME20080720YSHC0520
2008,2008-07-20,Reg Season,Tokyo Yakult Swallows,Home,W,4,Hiroshima Toyo Carp,4,13,1,"0,0,3,0,0,0,0,1,x",11,Meiji Jingu Stadium,,03:20,27447,GAME20080720YSHC0520
2008,2008-07-21,Reg Season,Hiroshima Toyo Carp,Away,L,0,Chunichi Dragons,0,9,3,"0,0,0,0,0,0,0,0,0",13,Vantelin Dome Nagoya,,03:10,34891,GAME20080721CDHC0528
2008,2008-07-21,Reg Season,Chunichi Dragons,Home,W,8,Hiroshima Toyo Carp,8,13,0,"1,0,1,0,0,4,1,1,x",13,Vantelin Dome Nagoya,,03:10,34891,GAME20080721CDHC0528
2008,2008-07-21,Reg Season,Yomiuri Giants,Away,W,3,Hanshin Tigers,3,8,0,"0,0,1,2,0,0,0,0,0",12,Hanshin Koshien Stadium,,03:14,43526,GAME20080721HTYG0529
2008,2008-07-21,Reg Season,Hanshin Tigers,Home,L,1,Yomiuri Giants,1,7,0,"0,0,0,0,0,0,1,0,0",12,Hanshin Koshien Stadium,,03:14,43526,GAME20080721HTYG0529
2008,2008-07-21,Reg Season,Orix Buffaloes,Away,L,6,Fukuoka Softbank Hawks,6,12,2,"0,1,0,0,0,0,0,0,5",12,Mizuho PayPay Dome Fukuoka,,03:29,35549,GAME20080721SHOB0527
2008,2008-07-21,Reg Season,Fukuoka Softbank Hawks,Home,W,8,Orix Buffaloes,8,11,0,"2,1,0,0,3,1,0,1,x",12,Mizuho PayPay Dome Fukuoka,,03:29,35549,GAME20080721SHOB0527
2008,2008-07-21,Reg Season,Tohoku Rakuten Golden Eagles,Away,L,4,Saitama Seibu Lions,4,9,0,"0,0,0,3,0,0,1,0,0",10,Belluna Dome,,03:44,25431,GAME20080721SLRE0525
2008,2008-07-21,Reg Season,Saitama Seibu Lions,Home,W,6,Tohoku Rakuten Golden Eagles,6,12,0,"1,2,1,0,0,0,2,0,x",10,Belluna Dome,,03:44,25431,GAME20080721SLRE0525
2008,2008-07-21,Reg Season,Yokohama BayStars,Away,W,10,Tokyo Yakult Swallows,10,14,0,"4,0,0,0,4,1,1,0,0",12,Meiji Jingu Stadium,,03:21,18196,GAME20080721YSDB0526
2008,2008-07-21,Reg Season,Tokyo Yakult Swallows,Home,L,5,Yokohama BayStars,5,10,0,"0,0,1,1,3,0,0,0,0",12,Meiji Jingu Stadium,,03:21,18196,GAME20080721YSDB0526
2008,2008-07-22,Reg Season,Hiroshima Toyo Carp,Away,L,1,Chunichi Dragons,1,5,2,"1,0,0,0,0,0,0,0,0",14,Vantelin Dome Nagoya,,03:29,34742,GAME20080722CDHC0532
2008,2008-07-22,Reg Season,Chunichi Dragons,Home,W,7,Hiroshima Toyo Carp,7,7,0,"0,0,5,0,1,0,1,0,x",14,Vantelin Dome Nagoya,,03:29,34742,GAME20080722CDHC0532
2008,2008-07-22,Reg Season,Yomiuri Giants,Away,L,4,Hanshin Tigers,4,6,3,"3,1,0,0,0,0,0,0,0",13,Hanshin Koshien Stadium,,02:57,43522,GAME20080722HTYG0533
2008,2008-07-22,Reg Season,Hanshin Tigers,Home,W,7,Yomiuri Giants,7,11,1,"0,0,0,3,4,0,0,0,x",13,Hanshin Koshien Stadium,,02:57,43522,GAME20080722HTYG0533
2008,2008-07-22,Reg Season,Chiba Lotte Marines,Away,L,2,Hokkaido Nippon-Ham Fighters,2,9,0,"0,0,0,0,1,1,0,0,0",15,Sapporo Dome,,03:15,25845,GAME20080722NFLM0534
2008,2008-07-22,Reg Season,Hokkaido Nippon-Ham Fighters,Home,W,3,Chiba Lotte Marines,3,8,1,"0,1,0,2,0,0,0,0,x",15,Sapporo Dome,,03:15,25845,GAME20080722NFLM0534
2008,2008-07-22,Reg Season,Orix Buffaloes,Away,W,4,Fukuoka Softbank Hawks,4,12,0,"0,2,0,0,1,0,0,1,0",13,Mizuho PayPay Dome Fukuoka,,03:16,35018,GAME20080722SHOB0530
2008,2008-07-22,Reg Season,Fukuoka Softbank Hawks,Home,L,2,Orix Buffaloes,2,10,1,"0,0,0,0,0,0,2,0,0",13,Mizuho PayPay Dome Fukuoka,,03:16,35018,GAME20080722SHOB0530
2008,2008-07-22,Reg Season,Tohoku Rakuten Golden Eagles,Away,L,2,Saitama Seibu Lions,2,4,0,"0,2,0,0,0,0,0,0,0",11,Belluna Dome,,02:58,16103,GAME20080722SLRE0535
2008,2008-07-22,Reg Season,Saitama Seibu Lions,Home,W,14,Tohoku Rakuten Golden Eagles,14,16,0,"1,11,0,0,1,0,0,1,x",11,Belluna Dome,,02:58,16103,GAME20080722SLRE0535
2008,2008-07-22,Reg Season,Yokohama BayStars,Away,L,1,Tokyo Yakult Swallows,1,10,1,"0,0,0,0,0,0,1,0,0",13,Meiji Jingu Stadium,,03:20,12062,GAME20080722YSDB0531
2008,2008-07-22,Reg Season,Tokyo Yakult Swallows,Home,W,4,Yokohama BayStars,4,9,0,"0,1,0,2,0,0,0,1,x",13,Meiji Jingu Stadium,,03:20,12062,GAME20080722YSDB0531
2008,2008-07-23,Reg Season,Hiroshima Toyo Carp,Away,W,8,Chunichi Dragons,8,14,1,"0,0,1,0,5,0,1,1,0",15,Vantelin Dome Nagoya,,03:25,35781,GAME20080723CDHC0537
2008,2008-07-23,Reg Season,Chunichi Dragons,Home,L,3,Hiroshima Toyo Carp,3,5,1,"1,0,1,0,1,0,0,0,0",15,Vantelin Dome Nagoya,,03:25,35781,GAME20080723CDHC0537
2008,2008-07-23,Reg Season,Yomiuri Giants,Away,W,5,Hanshin Tigers,5,7,0,"0,0,0,0,0,4,0,1,0",14,Hanshin Koshien Stadium,,02:52,43521,GAME20080723HTYG0541
2008,2008-07-23,Reg Season,Hanshin Tigers,Home,L,0,Yomiuri Giants,0,5,0,"0,0,0,0,0,0,0,0,0",14,Hanshin Koshien Stadium,,02:52,43521,GAME20080723HTYG0541
2008,2008-07-23,Reg Season,Chiba Lotte Marines,Away,W,3,Hokkaido Nippon-Ham Fighters,3,10,0,"0,0,0,0,1,0,2,0,0",16,Sapporo Dome,,03:12,26902,GAME20080723NFLM0538
2008,2008-07-23,Reg Season,Hokkaido Nippon-Ham Fighters,Home,L,2,Chiba Lotte Marines,2,12,0,"0,0,0,0,0,1,1,0,0",16,Sapporo Dome,,03:12,26902,GAME20080723NFLM0538
2008,2008-07-23,Reg Season,Orix Buffaloes,Away,W,5,Fukuoka Softbank Hawks,5,11,2,"0,0,3,0,0,0,0,2,0",14,Mizuho PayPay Dome Fukuoka,,03:18,35079,GAME20080723SHOB0536
2008,2008-07-23,Reg Season,Fukuoka Softbank Hawks,Home,L,4,Orix Buffaloes,4,5,0,"1,0,0,0,3,0,0,0,0",14,Mizuho PayPay Dome Fukuoka,,03:18,35079,GAME20080723SHOB0536
2008,2008-07-23,Reg Season,Tohoku Rakuten Golden Eagles,Away,L,5,Saitama Seibu Lions,5,12,2,"0,2,0,0,0,1,1,1,0",12,Belluna Dome,,03:38,17028,GAME20080723SLRE0539
2008,2008-07-23,Reg Season,Saitama Seibu Lions,Home,W,14,Tohoku Rakuten Golden Eagles,14,16,1,"4,0,0,0,4,1,5,0,x",12,Belluna Dome,,03:38,17028,GAME20080723SLRE0539
2008,2008-07-23,Reg Season,Yokohama BayStars,Away,W,6,Tokyo Yakult Swallows,6,10,0,"0,2,0,1,3,0,0,0,0",14,Meiji Jingu Stadium,,03:12,14859,GAME20080723YSDB0540
2008,2008-07-23,Reg Season,Tokyo Yakult Swallows,Home,L,4,Yokohama BayStars,4,9,0,"2,2,0,0,0,0,0,0,0",14,Meiji Jingu Stadium,,03:12,14859,GAME20080723YSDB0540
2008,2008-07-24,Reg Season,Chiba Lotte Marines,Away,W,5,Hokkaido Nippon-Ham Fighters,5,11,0,"0,0,0,4,0,0,0,1,0",17,Sapporo Dome,,03:23,27825,GAME20080724NFLM0542
2008,2008-07-24,Reg Season,Hokkaido Nippon-Ham Fighters,Home,L,2,Chiba Lotte Marines,2,8,0,"0,0,0,0,0,2,0,0,0",17,Sapporo Dome,,03:23,27825,GAME20080724NFLM0542
2008,2008-07-25,Reg Season,Yokohama BayStars,Away,W,4,Hiroshima Toyo Carp,4,7,2,"1,0,2,0,1,0,0,0,0",15,MAZDA Zoom-Zoom Stadium Hiroshima,,03:16,17200,GAME20080725HCDB0545
2008,2008-07-25,Reg Season,Hiroshima Toyo Carp,Home,L,3,Yokohama BayStars,3,6,1,"0,3,0,0,0,0,0,0,0",15,MAZDA Zoom-Zoom Stadium Hiroshima,,03:16,17200,GAME20080725HCDB0545
2008,2008-07-25,Reg Season,Chunichi Dragons,Away,L,1,Hanshin Tigers,1,5,1,"0,0,0,0,0,0,0,1,0",15,Hanshin Koshien Stadium,,02:43,43525,GAME20080725HTCD0547
2008,2008-07-25,Reg Season,Hanshin Tigers,Home,W,7,Chunichi Dragons,7,10,1,"2,0,0,0,4,0,0,1,x",15,Hanshin Koshien Stadium,,02:43,43525,GAME20080725HTCD0547
2008,2008-07-25,Reg Season,Saitama Seibu Lions,Away,L,1,Hokkaido Nippon-Ham Fighters,1,5,0,"0,0,0,0,0,1,0,0,0",12,Sapporo Dome,,02:37,23323,GAME20080725NFSL0544
2008,2008-07-25,Reg Season,Hokkaido Nippon-Ham Fighters,Home,W,2,Saitama Seibu Lions,2,6,0,"0,1,0,0,0,1,0,0,x",12,Sapporo Dome,,02:37,23323,GAME20080725NFSL0544
2008,2008-07-25,Reg Season,Tohoku Rakuten Golden Eagles,Away,L,1,Orix Buffaloes,1,8,0,"0,0,0,0,1,0,0,0,0",15,Kyocera Dome Osaka,,03:27,18931,GAME20080725OBRE0548
2008,2008-07-25,Reg Season,Orix Buffaloes,Home,W,8,Tohoku Rakuten Golden Eagles,8,13,0,"2,0,1,0,0,3,2,0,x",15,Kyocera Dome Osaka,,03:27,18931,GAME20080725OBRE0548
2008,2008-07-25,Reg Season,Chiba Lotte Marines,Away,L,0,Fukuoka Softbank Hawks,0,3,3,"0,0,0,0,0,0,0,0,0",13,Mizuho PayPay Dome Fukuoka,,03:05,33950,GAME20080725SHLM0543
2008,2008-07-25,Reg Season,Fukuoka Softbank Hawks,Home,W,14,Chiba Lotte Marines,14,17,0,"0,0,0,5,0,5,4,0,x",13,Mizuho PayPay Dome Fukuoka,,03:05,33950,GAME20080725SHLM0543
2008,2008-07-25,Reg Season,Tokyo Yakult Swallows,Away,L,2,Yomiuri Giants,2,6,2,"1,0,0,1,0,0,0,0,0",13,Tokyo Dome,,02:56,44076,GAME20080725YGYS0546
2008,2008-07-25,Reg Season,Yomiuri Giants,Home,W,3,Tokyo Yakult Swallows,3,5,1,"0,0,0,0,0,0,0,1,2x",13,Tokyo Dome,,02:56,44076,GAME20080725YGYS0546
2008,2008-07-26,Reg Season,Yokohama BayStars,Away,L,2,Hiroshima Toyo Carp,2,10,1,"0,0,1,0,0,1,0,0,0",16,MAZDA Zoom-Zoom Stadium Hiroshima,,03:41,21885,GAME20080726HCDB0550
2008,2008-07-26,Reg Season,Hiroshima Toyo Carp,Home,W,4,Yokohama BayStars,4,10,1,"0,0,0,0,1,0,0,1,2x",16,MAZDA Zoom-Zoom Stadium Hiroshima,,03:41,21885,GAME20080726HCDB0550
2008,2008-07-26,Reg Season,Chunichi Dragons,Away,L,0,Hanshin Tigers,0,8,1,"0,0,0,0,0,0,0,0,0",16,Hanshin Koshien Stadium,,02:51,43528,GAME20080726HTCD0551
2008,2008-07-26,Reg Season,Hanshin Tigers,Home,W,2,Chunichi Dragons,2,4,0,"0,0,0,2,0,0,0,0,x",16,Hanshin Koshien Stadium,,02:51,43528,GAME20080726HTCD0551
2008,2008-07-26,Reg Season,Saitama Seibu Lions,Away,W,6,Hokkaido Nippon-Ham Fighters,6,12,0,"0,0,1,0,0,3,0,0,2",13,Sapporo Dome,,03:58,33538,GAME20080726NFSL0553
2008,2008-07-26,Reg Season,Hokkaido Nippon-Ham Fighters,Home,L,3,Saitama Seibu Lions,3,10,0,"0,3,0,0,0,0,0,0,0",13,Sapporo Dome,,03:58,33538,GAME20080726NFSL0553
2008,2008-07-26,Reg Season,Tohoku Rakuten Golden Eagles,Away,L,1,Orix Buffaloes,1,10,0,"0,0,0,0,0,0,0,1,0",16,Kyocera Dome Osaka,,02:48,16211,GAME20080726OBRE0552
2008,2008-07-26,Reg Season,Orix Buffaloes,Home,W,3,Tohoku Rakuten Golden Eagles,3,5,1,"0,3,0,0,0,0,0,0,x",16,Kyocera Dome Osaka,,02:48,16211,GAME20080726OBRE0552
2008,2008-07-26,Reg Season,Chiba Lotte Marines,Away,L,1,Fukuoka Softbank Hawks,1,7,0,"1,0,0,0,0,0,0,0,0",14,Mizuho PayPay Dome Fukuoka,,02:57,33929,GAME20080726SHLM0549
2008,2008-07-26,Reg Season,Fukuoka Softbank Hawks,Home,W,2,Chiba Lotte Marines,2,6,1,"0,2,0,0,0,0,0,0,x",14,Mizuho PayPay Dome Fukuoka,,02:57,33929,GAME20080726SHLM0549
2008,2008-07-26,Reg Season,Tokyo Yakult Swallows,Away,L,4,Yomiuri Giants,4,6,0,"3,0,0,0,1,0,0,0,0",14,Tokyo Dome,,03:18,45187,GAME20080726YGYS0554
2008,2008-07-26,Reg Season,Yomiuri Giants,Home,W,12,Tokyo Yakult Swallows,12,18,1,"0,0,0,0,0,3,3,6,x",14,Tokyo Dome,,03:18,45187,GAME20080726YGYS0554
2008,2008-07-27,Reg Season,Yokohama BayStars,Away,L,4,Hiroshima Toyo Carp,4,8,0,"0,0,0,1,0,0,0,3,0,0",17,MAZDA Zoom-Zoom Stadium Hiroshima,,03:45,14530,GAME20080727HCDB0559
2008,2008-07-27,Reg Season,Hiroshima Toyo Carp,Home,W,8,Yokohama BayStars,8,10,1,"0,0,0,1,0,0,0,3,0,4x",17,MAZDA Zoom-Zoom Stadium Hiroshima,,03:45,14530,GAME20080727HCDB0559
2008,2008-07-27,Reg Season,Chunichi Dragons,Away,W,6,Hanshin Tigers,6,11,1,"0,0,0,0,0,6,0,0,0",17,Hanshin Koshien Stadium,,03:38,43526,GAME20080727HTCD0556
2008,2008-07-27,Reg Season,Hanshin Tigers,Home,L,4,Chunichi Dragons,4,11,1,"0,0,0,1,0,3,0,0,0",17,Hanshin Koshien Stadium,,03:38,43526,GAME20080727HTCD0556
2008,2008-07-27,Reg Season,Saitama Seibu Lions,Away,W,3,Hokkaido Nippon-Ham Fighters,3,5,0,"0,0,0,0,0,0,2,0,0,1",14,Sapporo Dome,,04:01,36064,GAME20080727NFSL0557
2008,2008-07-27,Reg Season,Hokkaido Nippon-Ham Fighters,Home,L,2,Saitama Seibu Lions,2,10,0,"0,1,0,0,0,0,0,1,0,0",14,Sapporo Dome,,04:01,36064,GAME20080727NFSL0557
2008,2008-07-27,Reg Season,Tohoku Rakuten Golden Eagles,Away,W,3,Orix Buffaloes,3,8,1,"0,0,0,2,0,0,0,0,1",17,Kyocera Dome Osaka,,03:37,20569,GAME20080727OBRE0560
2008,2008-07-27,Reg Season,Orix Buffaloes,Home,L,2,Tohoku Rakuten Golden Eagles,2,13,1,"0,0,0,0,0,0,0,2,0",17,Kyocera Dome Osaka,,03:37,20569,GAME20080727OBRE0560
2008,2008-07-27,Reg Season,Chiba Lotte Marines,Away,L,2,Fukuoka Softbank Hawks,2,6,0,"1,0,0,0,0,0,0,1,0,0,0,0",15,Mizuho PayPay Dome Fukuoka,,03:38,33706,GAME20080727SHLM0555
2008,2008-07-27,Reg Season,Fukuoka Softbank Hawks,Home,W,3,Chiba Lotte Marines,3,11,1,"1,0,0,0,0,0,0,0,1,0,0,1x",15,Mizuho PayPay Dome Fukuoka,,03:38,33706,GAME20080727SHLM0555
2008,2008-07-27,Reg Season,Tokyo Yakult Swallows,Away,L,0,Yomiuri Giants,0,6,1,"0,0,0,0,0,0,0,0,0",15,Tokyo Dome,,02:59,45636,GAME20080727YGYS0558
2008,2008-07-27,Reg Season,Yomiuri Giants,Home,W,7,Tokyo Yakult Swallows,7,12,0,"1,1,0,0,1,2,2,0,x",15,Tokyo Dome,,02:59,45636,GAME20080727YGYS0558
2008,2008-07-28,Reg Season,Yokohama BayStars,Away,W,9,Chunichi Dragons,9,15,0,"0,0,3,0,2,0,1,2,1",11,Hamamatsu Baseball Stadium,,03:13,13367,GAME20080728CDDB0565
2008,2008-07-28,Reg Season,Chunichi Dragons,Home,L,3,Yokohama BayStars,3,10,0,"0,0,0,0,0,0,1,1,1",11,Hamamatsu Baseball Stadium,,03:13,13367,GAME20080728CDDB0565
2008,2008-07-28,Reg Season,Yomiuri Giants,Away,L,4,Hiroshima Toyo Carp,4,8,1,"0,0,0,0,0,0,2,0,2",13,MAZDA Zoom-Zoom Stadium Hiroshima,,03:13,19424,GAME20080728HCYG0563
2008,2008-07-28,Reg Season,Hiroshima Toyo Carp,Home,W,6,Yomiuri Giants,6,9,1,"0,2,1,0,0,2,1,0,x",13,MAZDA Zoom-Zoom Stadium Hiroshima,,03:13,19424,GAME20080728HCYG0563
2008,2008-07-28,Reg Season,Tohoku Rakuten Golden Eagles,Away,L,3,Chiba Lotte Marines,3,12,0,"0,1,2,0,0,0,0,0,0,0",15,ZOZO Marine Stadium,,03:51,22862,GAME20080728LMRE0564
2008,2008-07-28,Reg Season,Chiba Lotte Marines,Home,W,4,Tohoku Rakuten Golden Eagles,4,7,0,"0,0,0,3,0,0,0,0,0,1x",15,ZOZO Marine Stadium,,03:51,22862,GAME20080728LMRE0564
2008,2008-07-28,Reg Season,Hokkaido Nippon-Ham Fighters,Away,W,10,Fukuoka Softbank Hawks,10,14,0,"3,0,1,0,0,2,0,4,0",15,Mizuho PayPay Dome Fukuoka,,03:37,34222,GAME20080728SHNF0561
2008,2008-07-28,Reg Season,Fukuoka Softbank Hawks,Home,L,2,Hokkaido Nippon-Ham Fighters,2,7,1,"0,0,0,0,0,1,0,1,0",15,Mizuho PayPay Dome Fukuoka,,03:37,34222,GAME20080728SHNF0561
2008,2008-07-28,Reg Season,Orix Buffaloes,Away,W,6,Saitama Seibu Lions,6,8,0,"0,0,0,4,0,0,0,0,2",15,Belluna Dome,,03:23,14768,GAME20080728SLOB0562
2008,2008-07-28,Reg Season,Saitama Seibu Lions,Home,L,2,Orix Buffaloes,2,5,0,"1,0,0,0,0,1,0,0,0",15,Belluna Dome,,03:23,14768,GAME20080728SLOB0562
2008,2008-07-28,Reg Season,Hanshin Tigers,Away,L,3,Tokyo Yakult Swallows,3,8,1,"2,0,0,1,0,0,0,0,0",15,Meiji Jingu Stadium,,03:11,27295,GAME20080728YSHT0566
2008,2008-07-28,Reg Season,Tokyo Yakult Swallows,Home,W,4,Hanshin Tigers,4,5,0,"0,3,0,0,0,1,0,0,x",15,Meiji Jingu Stadium,,03:11,27295,GAME20080728YSHT0566
2008,2008-07-29,Reg Season,Yokohama BayStars,Away,L,4,Chunichi Dragons,4,6,0,"0,1,0,1,0,1,1,0,0",12,Toyohashi Baseball Field,,03:16,12218,GAME20080729CDDB0569
2008,2008-07-29,Reg Season,Chunichi Dragons,Home,W,5,Yokohama BayStars,5,12,1,"0,2,0,0,0,1,0,1,1x",12,Toyohashi Baseball Field,,03:16,12218,GAME20080729CDDB0569
2008,2008-07-29,Reg Season,Yomiuri Giants,Away,W,6,Hiroshima Toyo Carp,6,6,2,"3,0,1,0,0,0,0,1,1",14,MAZDA Zoom-Zoom Stadium Hiroshima,,03:05,21947,GAME20080729HCYG0568
2008,2008-07-29,Reg Season,Hiroshima Toyo Carp,Home,L,2,Yomiuri Giants,2,10,2,"0,0,2,0,0,0,0,0,0",14,MAZDA Zoom-Zoom Stadium Hiroshima,,03:05,21947,GAME20080729HCYG0568
2008,2008-07-29,Reg Season,Tohoku Rakuten Golden Eagles,Away,L,2,Chiba Lotte Marines,2,6,0,"0,0,1,0,0,0,1,0,0",16,ZOZO Marine Stadium,,03:08,23109,GAME20080729LMRE0572
2008,2008-07-29,Reg Season,Chiba Lotte Marines,Home,W,8,Tohoku Rakuten Golden Eagles,8,12,0,"1,0,0,6,0,0,1,0,x",16,ZOZO Marine Stadium,,03:08,23109,GAME20080729LMRE0572
2008,2008-07-29,Reg Season,Hokkaido Nippon-Ham Fighters,Away,W,5,Fukuoka Softbank Hawks,5,6,2,"5,0,0,0,0,0,0,0,0",16,Mizuho PayPay Dome Fukuoka,,03:28,32653,GAME20080729SHNF0567
2008,2008-07-29,Reg Season,Fukuoka Softbank Hawks,Home,L,2,Hokkaido Nippon-Ham Fighters,2,7,2,"0,2,0,0,0,0,0,0,0",16,Mizuho PayPay Dome Fukuoka,,03:28,32653,GAME20080729SHNF0567
2008,2008-07-29,Reg Season,Orix Buffaloes,Away,L,2,Saitama Seibu Lions,2,6,1,"0,0,0,0,0,2,0,0,0",16,Belluna Dome,,02:53,17016,GAME20080729SLOB0571
2008,2008-07-29,Reg Season,Saitama Seibu Lions,Home,W,4,Orix Buffaloes,4,6,1,"0,0,0,0,0,4,0,0,x",16,Belluna Dome,,02:53,17016,GAME20080729SLOB0571
2008,2008-07-29,Reg Season,Hanshin Tigers,Away,W,4,Tokyo Yakult Swallows,4,8,0,"0,0,2,1,1,0,0,0x",16,Meiji Jingu Stadium,,02:43,30042,GAME20080729YSHT0570
2008,2008-07-29,Reg Season,Tokyo Yakult Swallows,Home,L,3,Hanshin Tigers,3,8,0,"2,0,1,0,0,0,0",16,Meiji Jingu Stadium,,02:43,30042,GAME20080729YSHT0570
2008,2008-08-03,Reg Season,Yomiuri Giants,Away,W,4,Chunichi Dragons,4,9,0,"1,0,0,0,0,0,3,0,0",15,Vantelin Dome Nagoya,,03:09,38343,GAME20080803CDYG0574
2008,2008-08-03,Reg Season,Chunichi Dragons,Home,L,2,Yomiuri Giants,2,5,0,"1,0,0,0,0,0,0,0,1",15,Vantelin Dome Nagoya,,03:09,38343,GAME20080803CDYG0574
2008,2008-08-03,Reg Season,Hanshin Tigers,Away,W,19,Yokohama BayStars,19,21,1,"3,0,3,0,0,3,7,0,3",12,Yokohama Stadium,,03:51,26615,GAME20080803DBHT0573
2008,2008-08-03,Reg Season,Yokohama BayStars,Home,L,2,Hanshin Tigers,2,8,1,"1,0,0,0,0,1,0,0,0",12,Yokohama Stadium,,03:51,26615,GAME20080803DBHT0573
2008,2008-08-03,Reg Season,Tokyo Yakult Swallows,Away,W,2,Hiroshima Toyo Carp,2,8,0,"0,0,0,0,2,0,0,0,0",12,MAZDA Zoom-Zoom Stadium Hiroshima,,02:59,19031,GAME20080803HCYS0578
2008,2008-08-03,Reg Season,Hiroshima Toyo Carp,Home,L,0,Tokyo Yakult Swallows,0,3,1,"0,0,0,0,0,0,0,0,0",12,MAZDA Zoom-Zoom Stadium Hiroshima,,02:59,19031,GAME20080803HCYS0578
2008,2008-08-03,Reg Season,Fukuoka Softbank Hawks,Away,W,4,Orix Buffaloes,4,11,0,"0,1,0,1,0,0,0,0,2",15,Kyocera Dome Osaka,,03:29,30268,GAME20080803OBSH0576
2008,2008-08-03,Reg Season,Orix Buffaloes,Home,L,2,Fukuoka Softbank Hawks,2,8,0,"0,0,2,0,0,0,0,0,0",15,Kyocera Dome Osaka,,03:29,30268,GAME20080803OBSH0576
2008,2008-08-03,Reg Season,Hokkaido Nippon-Ham Fighters,Away,L,4,Tohoku Rakuten Golden Eagles,4,9,1,"1,2,0,0,0,0,0,1,0",15,Rakuten Seimei Park Miyagi,,03:06,20516,GAME20080803RENF0575
2008,2008-08-03,Reg Season,Tohoku Rakuten Golden Eagles,Home,W,11,Hokkaido Nippon-Ham Fighters,11,15,0,"0,3,0,1,2,0,2,3,x",15,Rakuten Seimei Park Miyagi,,03:06,20516,GAME20080803RENF0575
2008,2008-08-03,Reg Season,Chiba Lotte Marines,Away,W,4,Saitama Seibu Lions,4,7,0,"0,0,0,0,2,0,2,0,0",15,Nagano Olympic Stadium,,03:05,14134,GAME20080803SLLM0577
2008,2008-08-03,Reg Season,Saitama Seibu Lions,Home,L,3,Chiba Lotte Marines,3,6,0,"0,1,1,0,1,0,0,0,0",15,Nagano Olympic Stadium,,03:05,14134,GAME20080803SLLM0577
2008,2008-08-04,Reg Season,Yomiuri Giants,Away,L,1,Chunichi Dragons,1,4,0,"1,0,0,0,0,0,0,0,0",16,Vantelin Dome Nagoya,,02:56,38333,GAME20080804CDYG0583
2008,2008-08-04,Reg Season,Chunichi Dragons,Home,W,5,Yomiuri Giants,5,8,0,"0,1,1,0,3,0,0,0,x",16,Vantelin Dome Nagoya,,02:56,38333,GAME20080804CDYG0583
2008,2008-08-04,Reg Season,Hanshin Tigers,Away,L,3,Yokohama BayStars,3,5,0,"3,0,0,0,0,0,0,0,0",13,Yokohama Stadium,,02:43,22458,GAME20080804DBHT0579
2008,2008-08-04,Reg Season,Yokohama BayStars,Home,W,6,Hanshin Tigers,6,11,0,"1,1,0,0,4,0,0,0,x",13,Yokohama Stadium,,02:43,22458,GAME20080804DBHT0579
2008,2008-08-04,Reg Season,Tokyo Yakult Swallows,Away,L,11,Hiroshima Toyo Carp,11,19,1,"0,2,1,0,2,3,2,0,1",13,Kure Nikoh Baseball Stadium,,04:09,12619,GAME20080804HCYS0582
2008,2008-08-04,Reg Season,Hiroshima Toyo Carp,Home,W,12,Tokyo Yakult Swallows,12,20,1,"2,0,1,2,0,0,0,7,x",13,Kure Nikoh Baseball Stadium,,04:09,12619,GAME20080804HCYS0582
2008,2008-08-04,Reg Season,Fukuoka Softbank Hawks,Away,W,4,Orix Buffaloes,4,10,1,"1,0,1,0,0,0,0,1,1",16,Kyocera Dome Osaka,,03:04,16295,GAME20080804OBSH0584
2008,2008-08-04,Reg Season,Orix Buffaloes,Home,L,3,Fukuoka Softbank Hawks,3,5,0,"0,0,0,0,1,0,2,0,0",16,Kyocera Dome Osaka,,03:04,16295,GAME20080804OBSH0584
2008,2008-08-04,Reg Season,Hokkaido Nippon-Ham Fighters,Away,W,6,Tohoku Rakuten Golden Eagles,6,15,0,"0,0,2,0,0,2,0,1,1",16,Rakuten Seimei Park Miyagi,,03:54,18760,GAME20080804RENF0580
2008,2008-08-04,Reg Season,Tohoku Rakuten Golden Eagles,Home,L,2,Hokkaido Nippon-Ham Fighters,2,9,3,"0,0,0,0,2,0,0,0,0",16,Rakuten Seimei Park Miyagi,,03:54,18760,GAME20080804RENF0580
2008,2008-08-04,Reg Season,Chiba Lotte Marines,Away,L,2,Saitama Seibu Lions,2,3,0,"0,0,0,0,0,0,0,0,2",16,Nagano Olympic Stadium,,02:29,11355,GAME20080804SLLM0581
2008,2008-08-04,Reg Season,Saitama Seibu Lions,Home,W,16,Chiba Lotte Marines,16,16,0,"4,4,2,2,2,0,0,2,x",16,Nagano Olympic Stadium,,02:29,11355,GAME20080804SLLM0581
2008,2008-08-05,Reg Season,Hiroshima Toyo Carp,Away,W,6,Hanshin Tigers,6,16,0,"1,0,0,0,0,1,4,0,0",12,Kyocera Dome Osaka,,03:16,31753,GAME20080805HTHC0585
2008,2008-08-05,Reg Season,Hanshin Tigers,Home,L,1,Hiroshima Toyo Carp,1,5,0,"0,0,0,0,0,1,0,0,0",12,Kyocera Dome Osaka,,03:16,31753,GAME20080805HTHC0585
2008,2008-08-05,Reg Season,Fukuoka Softbank Hawks,Away,L,2,Orix Buffaloes,2,8,1,"0,2,0,0,0,0,0,0,0",17,Kobe Athletic Park Baseball Field,,03:41,10616,GAME20080805OBSH0587
2008,2008-08-05,Reg Season,Orix Buffaloes,Home,W,6,Fukuoka Softbank Hawks,6,15,0,"0,1,1,1,1,0,0,2,x",17,Kobe Athletic Park Baseball Field,,03:41,10616,GAME20080805OBSH0587
2008,2008-08-05,Reg Season,Hokkaido Nippon-Ham Fighters,Away,W,7,Tohoku Rakuten Golden Eagles,7,9,1,"0,2,3,0,1,0,1,0,0",17,Rakuten Seimei Park Miyagi,,03:41,17942,GAME20080805RENF0586
2008,2008-08-05,Reg Season,Tohoku Rakuten Golden Eagles,Home,L,2,Hokkaido Nippon-Ham Fighters,2,8,2,"0,0,0,2,0,0,0,0,0",17,Rakuten Seimei Park Miyagi,,03:41,17942,GAME20080805RENF0586
2008,2008-08-06,Reg Season,Hiroshima Toyo Carp,Away,W,5,Hanshin Tigers,5,7,1,"0,0,0,2,0,0,1,2,0",13,Kyocera Dome Osaka,,02:48,32245,GAME20080806HTHC0590
2008,2008-08-06,Reg Season,Hanshin Tigers,Home,L,2,Hiroshima Toyo Carp,2,9,0,"0,0,0,1,1,0,0,0,0",13,Kyocera Dome Osaka,,02:48,32245,GAME20080806HTHC0590
2008,2008-08-06,Reg Season,Yokohama BayStars,Away,W,11,Yomiuri Giants,11,13,0,"1,0,0,0,0,4,0,4,2",15,Ishikawa Prefectural Baseball Stadium,,03:57,12726,GAME20080806YGDB0588
2008,2008-08-06,Reg Season,Yomiuri Giants,Home,L,7,Yokohama BayStars,7,10,1,"0,4,0,1,0,0,2,0,0",15,Ishikawa Prefectural Baseball Stadium,,03:57,12726,GAME20080806YGDB0588
2008,2008-08-06,Reg Season,Chunichi Dragons,Away,T,2,Tokyo Yakult Swallows,2,8,0,"0,0,0,0,0,0,1,1,0,0,0,0",13,Matsuyama Central Park Baseball Stadium,,04:23,12521,GAME20080806YSCD0589
2008,2008-08-06,Reg Season,Tokyo Yakult Swallows,Home,T,2,Chunichi Dragons,2,12,0,"1,0,0,0,1,0,0,0,0,0,0,0",13,Matsuyama Central Park Baseball Stadium,,04:23,12521,GAME20080806YSCD0589
2008,2008-08-07,Reg Season,Hiroshima Toyo Carp,Away,W,4,Hanshin Tigers,4,5,0,"0,0,1,0,0,0,3,0,0",14,Kyocera Dome Osaka,,02:48,31661,GAME20080807HTHC0593
2008,2008-08-07,Reg Season,Hanshin Tigers,Home,L,3,Hiroshima Toyo Carp,3,6,0,"0,0,3,0,0,0,0,0,0",14,Kyocera Dome Osaka,,02:48,31661,GAME20080807HTHC0593
2008,2008-08-07,Reg Season,Yokohama BayStars,Away,L,3,Yomiuri Giants,3,7,1,"0,0,0,3,0,0,0,0,0",16,Alpen Stadium,,03:12,22153,GAME20080807YGDB0591
2008,2008-08-07,Reg Season,Yomiuri Giants,Home,W,6,Yokohama BayStars,6,13,1,"2,0,1,3,0,0,0,0,x",16,Alpen Stadium,,03:12,22153,GAME20080807YGDB0591
2008,2008-08-07,Reg Season,Chunichi Dragons,Away,W,2,Tokyo Yakult Swallows,2,6,1,"0,0,0,0,0,1,1,0,0",14,Matsuyama Central Park Baseball Stadium,,03:22,11045,GAME20080807YSCD0592
2008,2008-08-07,Reg Season,Tokyo Yakult Swallows,Home,L,1,Chunichi Dragons,1,9,0,"1,0,0,0,0,0,0,0,0",14,Matsuyama Central Park Baseball Stadium,,03:22,11045,GAME20080807YSCD0592
2008,2008-08-10,Reg Season,Chiba Lotte Marines,Away,L,0,Orix Buffaloes,0,4,1,"0,0,0,0,0,0,0,0,0",15,Kobe Athletic Park Baseball Field,,02:47,30473,GAME20080810OBLM0595
2008,2008-08-10,Reg Season,Orix Buffaloes,Home,W,6,Chiba Lotte Marines,6,11,0,"0,0,0,1,2,2,1,0,x",15,Kobe Athletic Park Baseball Field,,02:47,30473,GAME20080810OBLM0595
2008,2008-08-10,Reg Season,Tohoku Rakuten Golden Eagles,Away,W,5,Fukuoka Softbank Hawks,5,12,1,"0,0,0,3,0,0,0,2,0",14,Mizuho PayPay Dome Fukuoka,,03:57,31571,GAME20080810SHRE0596
2008,2008-08-10,Reg Season,Fukuoka Softbank Hawks,Home,L,4,Tohoku Rakuten Golden Eagles,4,9,1,"0,0,0,0,0,1,0,0,3",14,Mizuho PayPay Dome Fukuoka,,03:57,31571,GAME20080810SHRE0596
2008,2008-08-10,Reg Season,Hokkaido Nippon-Ham Fighters,Away,L,2,Saitama Seibu Lions,2,5,1,"0,0,0,0,0,0,1,0,1",15,Belluna Dome,,02:54,30024,GAME20080810SLNF0594
2008,2008-08-10,Reg Season,Saitama Seibu Lions,Home,W,11,Hokkaido Nippon-Ham Fighters,11,16,0,"0,1,1,0,5,1,2,1,x",15,Belluna Dome,,02:54,30024,GAME20080810SLNF0594
2008,2008-08-11,Reg Season,Chiba Lotte Marines,Away,W,4,Orix Buffaloes,4,6,0,"0,1,0,0,3,0,0,0,0",16,Kyocera Dome Osaka,,03:11,16733,GAME20080811OBLM0598
2008,2008-08-11,Reg Season,Orix Buffaloes,Home,L,2,Chiba Lotte Marines,2,13,0,"0,1,0,0,0,0,0,1,0",16,Kyocera Dome Osaka,,03:11,16733,GAME20080811OBLM0598
2008,2008-08-11,Reg Season,Tohoku Rakuten Golden Eagles,Away,L,2,Fukuoka Softbank Hawks,2,11,0,"0,0,0,1,1,0,0,0,0",15,Mizuho PayPay Dome Fukuoka,,03:15,34375,GAME20080811SHRE0599
2008,2008-08-11,Reg Season,Fukuoka Softbank Hawks,Home,W,6,Tohoku Rakuten Golden Eagles,6,9,1,"3,0,1,0,0,1,1,0,x",15,Mizuho PayPay Dome Fukuoka,,03:15,34375,GAME20080811SHRE0599
2008,2008-08-11,Reg Season,Hokkaido Nippon-Ham Fighters,Away,L,0,Saitama Seibu Lions,0,7,0,"0,0,0,0,0,0,0,0,0",16,Belluna Dome,,02:48,19260,GAME20080811SLNF0597
2008,2008-08-11,Reg Season,Saitama Seibu Lions,Home,W,3,Hokkaido Nippon-Ham Fighters,3,6,0,"0,3,0,0,0,0,0,0,x",16,Belluna Dome,,02:48,19260,GAME20080811SLNF0597
2008,2008-08-12,Reg Season,Tokyo Yakult Swallows,Away,W,3,Yokohama BayStars,3,8,0,"2,0,0,0,0,0,0,0,0,1",15,Thirty Four Sagamihara Stadium,,03:33,9282,GAME20080812DBYS0602
2008,2008-08-12,Reg Season,Yokohama BayStars,Home,L,2,Tokyo Yakult Swallows,2,8,0,"0,0,1,0,0,0,0,1,0,0",15,Thirty Four Sagamihara Stadium,,03:33,9282,GAME20080812DBYS0602
2008,2008-08-12,Reg Season,Chunichi Dragons,Away,W,5,Hiroshima Toyo Carp,5,7,2,"0,0,4,0,0,0,0,0,1",16,MAZDA Zoom-Zoom Stadium Hiroshima,,03:09,24898,GAME20080812HCCD0603
2008,2008-08-12,Reg Season,Hiroshima Toyo Carp,Home,L,4,Chunichi Dragons,4,6,0,"0,0,2,0,1,0,0,1,0",16,MAZDA Zoom-Zoom Stadium Hiroshima,,03:09,24898,GAME20080812HCCD0603
2008,2008-08-12,Reg Season,Chiba Lotte Marines,Away,W,8,Orix Buffaloes,8,10,1,"2,0,2,0,2,2,0,0,0",17,Kyocera Dome Osaka,,03:56,16430,GAME20080812OBLM0600
2008,2008-08-12,Reg Season,Orix Buffaloes,Home,L,5,Chiba Lotte Marines,5,9,0,"0,1,1,0,0,1,2,0,0",17,Kyocera Dome Osaka,,03:56,16430,GAME20080812OBLM0600
2008,2008-08-12,Reg Season,Hokkaido Nippon-Ham Fighters,Away,L,4,Saitama Seibu Lions,4,10,1,"0,1,0,0,1,0,2,0,0",17,Belluna Dome,,03:39,19055,GAME20080812SLNF0601
2008,2008-08-12,Reg Season,Saitama Seibu Lions,Home,W,8,Hokkaido Nippon-Ham Fighters,8,12,0,"2,0,0,0,0,0,0,6,x",17,Belluna Dome,,03:39,19055,GAME20080812SLNF0601
2008,2008-08-12,Reg Season,Hanshin Tigers,Away,L,0,Yomiuri Giants,0,7,0,"0,0,0,0,0,0,0,0,0",15,Tokyo Dome,,03:01,46038,GAME20080812YGHT0604
2008,2008-08-12,Reg Season,Yomiuri Giants,Home,W,7,Hanshin Tigers,7,8,0,"2,0,0,0,0,0,5,0,x",15,Tokyo Dome,,03:01,46038,GAME20080812YGHT0604
2008,2008-08-13,Reg Season,Tokyo Yakult Swallows,Away,L,8,Yokohama BayStars,8,11,0,"0,0,0,0,1,0,1,1,5",16,Yokohama Stadium,,03:08,15665,GAME20080813DBYS0610
2008,2008-08-13,Reg Season,Yokohama BayStars,Home,W,12,Tokyo Yakult Swallows,12,14,0,"1,3,0,0,1,4,3,0,x",16,Yokohama Stadium,,03:08,15665,GAME20080813DBYS0610
2008,2008-08-13,Reg Season,Chunichi Dragons,Away,L,5,Hiroshima Toyo Carp,5,9,1,"3,2,0,0,0,0,0,0,0",17,MAZDA Zoom-Zoom Stadium Hiroshima,,03:51,26263,GAME20080813HCCD0607
2008,2008-08-13,Reg Season,Hiroshima Toyo Carp,Home,W,11,Chunichi Dragons,11,16,0,"0,1,3,0,2,0,0,5,x",17,MAZDA Zoom-Zoom Stadium Hiroshima,,03:51,26263,GAME20080813HCCD0607
2008,2008-08-13,Reg Season,Fukuoka Softbank Hawks,Away,W,3,Chiba Lotte Marines,3,10,0,"0,0,0,0,0,1,1,1,0",16,ZOZO Marine Stadium,,02:57,27391,GAME20080813LMSH0605
2008,2008-08-13,Reg Season,Chiba Lotte Marines,Home,L,1,Fukuoka Softbank Hawks,1,4,2,"0,0,0,0,0,0,0,1,0",16,ZOZO Marine Stadium,,02:57,27391,GAME20080813LMSH0605
2008,2008-08-13,Reg Season,Orix Buffaloes,Away,W,4,Hokkaido Nippon-Ham Fighters,4,7,0,"0,2,0,0,0,0,1,0,1",14,Sapporo Dome,,02:37,24416,GAME20080813NFOB0606
2008,2008-08-13,Reg Season,Hokkaido Nippon-Ham Fighters,Home,L,2,Orix Buffaloes,2,6,0,"1,0,0,0,0,0,0,1,0",14,Sapporo Dome,,02:37,24416,GAME20080813NFOB0606
2008,2008-08-13,Reg Season,Saitama Seibu Lions,Away,L,7,Tohoku Rakuten Golden Eagles,7,11,2,"0,2,0,0,2,0,2,1,0",13,Rakuten Seimei Park Miyagi,,03:32,20405,GAME20080813RESL0609
2008,2008-08-13,Reg Season,Tohoku Rakuten Golden Eagles,Home,W,11,Saitama Seibu Lions,11,13,0,"2,0,2,4,0,0,2,1,x",13,Rakuten Seimei Park Miyagi,,03:32,20405,GAME20080813RESL0609
2008,2008-08-13,Reg Season,Hanshin Tigers,Away,W,4,Yomiuri Giants,4,4,0,"0,0,0,1,0,0,0,0,0,3",16,Tokyo Dome,,02:41,46058,GAME20080813YGHT0608
2008,2008-08-13,Reg Season,Yomiuri Giants,Home,L,2,Hanshin Tigers,2,5,1,"1,0,0,0,0,0,0,0,0,1",16,Tokyo Dome,,02:41,46058,GAME20080813YGHT0608
2008,2008-08-14,Reg Season,Tokyo Yakult Swallows,Away,W,6,Yokohama BayStars,6,6,3,"0,0,0,0,0,0,0,1,5",17,Yokohama Stadium,,03:32,16144,GAME20080814DBYS0615
2008,2008-08-14,Reg Season,Yokohama BayStars,Home,L,1,Tokyo Yakult Swallows,1,8,2,"0,0,0,0,0,0,0,1,0",17,Yokohama Stadium,,03:32,16144,GAME20080814DBYS0615
2008,2008-08-14,Reg Season,Chunichi Dragons,Away,L,0,Hiroshima Toyo Carp,0,3,2,"0,0,0,0,0,0,0,0,0",18,MAZDA Zoom-Zoom Stadium Hiroshima,,02:47,26207,GAME20080814HCCD0614
2008,2008-08-14,Reg Season,Hiroshima Toyo Carp,Home,W,4,Chunichi Dragons,4,8,0,"0,0,0,0,0,3,1,0,x",18,MAZDA Zoom-Zoom Stadium Hiroshima,,02:47,26207,GAME20080814HCCD0614
2008,2008-08-14,Reg Season,Fukuoka Softbank Hawks,Away,L,6,Chiba Lotte Marines,6,14,1,"0,0,1,0,0,3,0,0,2",17,ZOZO Marine Stadium,,03:42,28894,GAME20080814LMSH0613
2008,2008-08-14,Reg Season,Chiba Lotte Marines,Home,W,12,Fukuoka Softbank Hawks,12,10,0,"0,0,0,8,0,0,4,0,x",17,ZOZO Marine Stadium,,03:42,28894,GAME20080814LMSH0613
2008,2008-08-14,Reg Season,Orix Buffaloes,Away,W,2,Hokkaido Nippon-Ham Fighters,2,8,1,"0,0,0,0,0,0,0,0,0,0,2",15,Sapporo Dome,,04:06,22476,GAME20080814NFOB0612
2008,2008-08-14,Reg Season,Hokkaido Nippon-Ham Fighters,Home,L,0,Orix Buffaloes,0,8,1,"0,0,0,0,0,0,0,0,0,0,0",15,Sapporo Dome,,04:06,22476,GAME20080814NFOB0612
2008,2008-08-14,Reg Season,Saitama Seibu Lions,Away,W,8,Tohoku Rakuten Golden Eagles,8,13,0,"0,0,0,3,2,0,2,1,0",14,Rakuten Seimei Park Miyagi,,02:57,19227,GAME20080814RESL0611
2008,2008-08-14,Reg Season,Tohoku Rakuten Golden Eagles,Home,L,2,Saitama Seibu Lions,2,7,1,"0,0,0,2,0,0,0,0,0",14,Rakuten Seimei Park Miyagi,,02:57,19227,GAME20080814RESL0611
2008,2008-08-15,Reg Season,Tokyo Yakult Swallows,Away,W,4,Chunichi Dragons,4,7,1,"1,0,0,0,0,0,0,3,0",15,Vantelin Dome Nagoya,,03:20,37525,GAME20080815CDYS0618
2008,2008-08-15,Reg Season,Chunichi Dragons,Home,L,0,Tokyo Yakult Swallows,0,8,0,"0,0,0,0,0,0,0,0,0",15,Vantelin Dome Nagoya,,03:20,37525,GAME20080815CDYS0618
2008,2008-08-15,Reg Season,Yokohama BayStars,Away,W,11,Hanshin Tigers,11,12,0,"1,0,0,0,0,2,7,1,0",14,Kyocera Dome Osaka,,03:39,34020,GAME20080815HTDB0617
2008,2008-08-15,Reg Season,Hanshin Tigers,Home,L,4,Yokohama BayStars,4,12,2,"0,1,0,0,0,0,3,0,0",14,Kyocera Dome Osaka,,03:39,34020,GAME20080815HTDB0617
2008,2008-08-15,Reg Season,Fukuoka Softbank Hawks,Away,W,10,Chiba Lotte Marines,10,14,1,"2,0,0,0,3,0,0,5,0",18,ZOZO Marine Stadium,,04:01,29417,GAME20080815LMSH0616
2008,2008-08-15,Reg Season,Chiba Lotte Marines,Home,L,6,Fukuoka Softbank Hawks,6,13,2,"1,1,0,0,0,2,2,0,0",18,ZOZO Marine Stadium,,04:01,29417,GAME20080815LMSH0616
2008,2008-08-15,Reg Season,Orix Buffaloes,Away,W,5,Hokkaido Nippon-Ham Fighters,5,12,2,"1,0,0,0,1,1,0,0,0,2",16,Sapporo Dome,,03:41,22829,GAME20080815NFOB0620
2008,2008-08-15,Reg Season,Hokkaido Nippon-Ham Fighters,Home,L,3,Orix Buffaloes,3,8,0,"0,1,0,1,0,0,0,1,0,0",16,Sapporo Dome,,03:41,22829,GAME20080815NFOB0620
2008,2008-08-15,Reg Season,Saitama Seibu Lions,Away,L,4,Tohoku Rakuten Golden Eagles,4,11,2,"0,1,0,0,1,2,0,0,0",15,Rakuten Seimei Park Miyagi,,03:15,19981,GAME20080815RESL0621
2008,2008-08-15,Reg Season,Tohoku Rakuten Golden Eagles,Home,W,9,Saitama Seibu Lions,9,10,0,"2,0,4,3,0,0,0,0,x",15,Rakuten Seimei Park Miyagi,,03:15,19981,GAME20080815RESL0621
2008,2008-08-15,Reg Season,Hiroshima Toyo Carp,Away,W,5,Yomiuri Giants,5,10,0,"1,1,3,0,0,0,0,0,0",15,Tokyo Dome,,03:23,44793,GAME20080815YGHC0619
2008,2008-08-15,Reg Season,Yomiuri Giants,Home,L,4,Hiroshima Toyo Carp,4,11,0,"2,1,1,0,0,0,0,0,0",15,Tokyo Dome,,03:23,44793,GAME20080815YGHC0619
2008,2008-08-16,Reg Season,Tokyo Yakult Swallows,Away,W,2,Chunichi Dragons,2,6,1,"0,0,0,0,0,0,2,0,0",16,Vantelin Dome Nagoya,,03:07,38190,GAME20080816CDYS0623
2008,2008-08-16,Reg Season,Chunichi Dragons,Home,L,0,Tokyo Yakult Swallows,0,4,0,"0,0,0,0,0,0,0,0,0",16,Vantelin Dome Nagoya,,03:07,38190,GAME20080816CDYS0623
2008,2008-08-16,Reg Season,Yokohama BayStars,Away,W,4,Hanshin Tigers,4,8,0,"0,0,2,0,0,2,0,0,0",15,Kyocera Dome Osaka,,03:04,34153,GAME20080816HTDB0626
2008,2008-08-16,Reg Season,Hanshin Tigers,Home,L,0,Yokohama BayStars,0,7,0,"0,0,0,0,0,0,0,0,0",15,Kyocera Dome Osaka,,03:04,34153,GAME20080816HTDB0626
2008,2008-08-16,Reg Season,Tohoku Rakuten Golden Eagles,Away,W,2,Chiba Lotte Marines,2,4,1,"0,0,0,0,1,0,1,0,0",17,ZOZO Marine Stadium,,03:12,27315,GAME20080816LMRE0625
2008,2008-08-16,Reg Season,Chiba Lotte Marines,Home,L,0,Tohoku Rakuten Golden Eagles,0,3,1,"0,0,0,0,0,0,0,0,0",17,ZOZO Marine Stadium,,03:12,27315,GAME20080816LMRE0625
2008,2008-08-16,Reg Season,Hokkaido Nippon-Ham Fighters,Away,W,5,Fukuoka Softbank Hawks,5,10,0,"0,0,0,3,0,2,0,0,0",17,Mizuho PayPay Dome Fukuoka,,03:05,33687,GAME20080816SHNF0622
2008,2008-08-16,Reg Season,Fukuoka Softbank Hawks,Home,L,1,Hokkaido Nippon-Ham Fighters,1,7,0,"0,0,0,0,0,1,0,0,0",17,Mizuho PayPay Dome Fukuoka,,03:05,33687,GAME20080816SHNF0622
2008,2008-08-16,Reg Season,Orix Buffaloes,Away,L,7,Saitama Seibu Lions,7,10,0,"0,0,1,2,0,0,4,0,0,0",17,Belluna Dome,,03:31,27363,GAME20080816SLOB0624
2008,2008-08-16,Reg Season,Saitama Seibu Lions,Home,W,8,Orix Buffaloes,8,14,2,"2,0,0,0,2,0,0,0,3,1x",17,Belluna Dome,,03:31,27363,GAME20080816SLOB0624
2008,2008-08-16,Reg Season,Hiroshima Toyo Carp,Away,L,1,Yomiuri Giants,1,7,1,"1,0,0,0,0,0,0,0,0",16,Tokyo Dome,,02:56,44028,GAME20080816YGHC0627
2008,2008-08-16,Reg Season,Yomiuri Giants,Home,W,4,Hiroshima Toyo Carp,4,9,0,"0,1,1,1,1,0,0,0,x",16,Tokyo Dome,,02:56,44028,GAME20080816YGHC0627
2008,2008-08-17,Reg Season,Tokyo Yakult Swallows,Away,L,1,Chunichi Dragons,1,5,0,"0,0,1,0,0,0,0,0,0",17,Vantelin Dome Nagoya,,02:53,37283,GAME20080817CDYS0630
2008,2008-08-17,Reg Season,Chunichi Dragons,Home,W,5,Tokyo Yakult Swallows,5,11,0,"0,0,0,1,3,0,1,0,x",17,Vantelin Dome Nagoya,,02:53,37283,GAME20080817CDYS0630
2008,2008-08-17,Reg Season,Yokohama BayStars,Away,W,5,Hanshin Tigers,5,14,0,"0,0,1,3,0,1,0,0,0",16,Kyocera Dome Osaka,,03:06,33813,GAME20080817HTDB0632
2008,2008-08-17,Reg Season,Hanshin Tigers,Home,L,1,Yokohama BayStars,1,4,0,"0,0,0,0,0,0,0,1,0",16,Kyocera Dome Osaka,,03:06,33813,GAME20080817HTDB0632
2008,2008-08-17,Reg Season,Hokkaido Nippon-Ham Fighters,Away,L,1,Fukuoka Softbank Hawks,1,6,0,"0,0,0,0,1,0,0,0,0",18,Mizuho PayPay Dome Fukuoka,,02:51,33533,GAME20080817SHNF0628
2008,2008-08-17,Reg Season,Fukuoka Softbank Hawks,Home,W,2,Hokkaido Nippon-Ham Fighters,2,5,0,"0,0,1,0,0,1,0,0,x",18,Mizuho PayPay Dome Fukuoka,,02:51,33533,GAME20080817SHNF0628
2008,2008-08-17,Reg Season,Orix Buffaloes,Away,L,1,Saitama Seibu Lions,1,3,1,"0,0,0,0,0,0,0,0,1",18,Belluna Dome,,02:39,19027,GAME20080817SLOB0629
2008,2008-08-17,Reg Season,Saitama Seibu Lions,Home,W,4,Orix Buffaloes,4,9,0,"0,3,0,0,0,1,0,0,x",18,Belluna Dome,,02:39,19027,GAME20080817SLOB0629
2008,2008-08-17,Reg Season,Hiroshima Toyo Carp,Away,W,5,Yomiuri Giants,5,6,0,"2,0,2,0,0,0,0,1,0",17,Tokyo Dome,,03:04,42617,GAME20080817YGHC0631
2008,2008-08-17,Reg Season,Yomiuri Giants,Home,L,3,Hiroshima Toyo Carp,3,7,0,"0,0,0,3,0,0,0,0,0",17,Tokyo Dome,,03:04,42617,GAME20080817YGHC0631
2008,2008-08-18,Reg Season,Tohoku Rakuten Golden Eagles,Away,L,2,Chiba Lotte Marines,2,7,2,"0,0,0,0,0,0,0,0,2",18,ZOZO Marine Stadium,,02:59,23718,GAME20080818LMRE0633
2008,2008-08-18,Reg Season,Chiba Lotte Marines,Home,W,5,Tohoku Rakuten Golden Eagles,5,9,0,"0,3,0,0,0,0,1,1,x",18,ZOZO Marine Stadium,,02:59,23718,GAME20080818LMRE0633
2008,2008-08-18,Reg Season,Hokkaido Nippon-Ham Fighters,Away,W,7,Fukuoka Softbank Hawks,7,10,0,"0,0,2,1,0,0,0,4,0",19,Mizuho PayPay Dome Fukuoka,,03:25,30636,GAME20080818SHNF0635
2008,2008-08-18,Reg Season,Fukuoka Softbank Hawks,Home,L,0,Hokkaido Nippon-Ham Fighters,0,5,0,"0,0,0,0,0,0,0,0,0",19,Mizuho PayPay Dome Fukuoka,,03:25,30636,GAME20080818SHNF0635
2008,2008-08-18,Reg Season,Orix Buffaloes,Away,W,7,Saitama Seibu Lions,7,10,0,"0,1,0,0,1,1,0,2,2",19,Belluna Dome,,03:49,12160,GAME20080818SLOB0634
2008,2008-08-18,Reg Season,Saitama Seibu Lions,Home,L,4,Orix Buffaloes,4,13,0,"0,0,0,0,1,1,2,0,0",19,Belluna Dome,,03:49,12160,GAME20080818SLOB0634
2008,2008-08-19,Reg Season,Chunichi Dragons,Away,W,4,Yokohama BayStars,4,13,1,"1,0,0,0,2,0,1,0,0",13,Batting Palace Hiratsuka Shonan,,03:41,10453,GAME20080819DBCD0641
2008,2008-08-19,Reg Season,Yokohama BayStars,Home,L,2,Chunichi Dragons,2,8,2,"0,0,1,0,1,0,0,0,0",13,Batting Palace Hiratsuka Shonan,,03:41,10453,GAME20080819DBCD0641
2008,2008-08-19,Reg Season,Hanshin Tigers,Away,W,14,Hiroshima Toyo Carp,14,15,0,"1,5,0,0,0,7,0,1,0",15,MAZDA Zoom-Zoom Stadium Hiroshima,,04:14,26407,GAME20080819HCHT0639
2008,2008-08-19,Reg Season,Hiroshima Toyo Carp,Home,L,5,Hanshin Tigers,5,13,0,"0,0,0,3,1,0,0,0,1",15,MAZDA Zoom-Zoom Stadium Hiroshima,,04:14,26407,GAME20080819HCHT0639
2008,2008-08-19,Reg Season,Chiba Lotte Marines,Away,L,0,Hokkaido Nippon-Ham Fighters,0,5,0,"0,0,0,0,0,0,0,0,0",18,Tokyo Dome,,03:00,20061,GAME20080819NFLM0637
2008,2008-08-19,Reg Season,Hokkaido Nippon-Ham Fighters,Home,W,4,Chiba Lotte Marines,4,10,1,"1,0,0,1,1,0,1,0,x",18,Tokyo Dome,,03:00,20061,GAME20080819NFLM0637
2008,2008-10-11,CS Stage 1,Hokkaido Nippon-Ham Fighters,Away,W,4,Orix Buffaloes,4,5,1,"0,1,0,0,0,3,0,0,0",1,Kyocera Dome Osaka,,03:16,25532,GAME20081011OBNF0001
2008,2008-10-11,CS Stage 1,Orix Buffaloes,Home,L,1,Hokkaido Nippon-Ham Fighters,1,9,0,"0,0,0,0,0,0,0,1,0",1,Kyocera Dome Osaka,,03:16,25532,GAME20081011OBNF0001
2008,2008-10-12,CS Stage 1,Hokkaido Nippon-Ham Fighters,Away,W,7,Orix Buffaloes,7,13,0,"0,2,0,0,1,0,4,0,0",2,Kyocera Dome Osaka,,03:24,26703,GAME20081012OBNF0001
2008,2008-10-12,CS Stage 1,Orix Buffaloes,Home,L,2,Hokkaido Nippon-Ham Fighters,2,6,2,"0,0,0,1,0,0,0,1,0",2,Kyocera Dome Osaka,,03:24,26703,GAME20081012OBNF0001
2008,2008-10-18,CS Stage 1,Chunichi Dragons,Away,W,2,Hanshin Tigers,2,5,0,"1,0,0,0,0,1,0,0,0",1,Kyocera Dome Osaka,,02:49,33824,GAME20081018HTCD0001
2008,2008-10-18,CS Stage 1,Hanshin Tigers,Home,L,0,Chunichi Dragons,0,6,0,"0,0,0,0,0,0,0,0,0",1,Kyocera Dome Osaka,,02:49,33824,GAME20081018HTCD0001
2008,2008-10-19,CS Stage 1,Chunichi Dragons,Away,L,3,Hanshin Tigers,3,10,0,"0,1,0,0,0,1,0,1,0",2,Kyocera Dome Osaka,,03:16,33881,GAME20081019HTCD0001
2008,2008-10-19,CS Stage 1,Hanshin Tigers,Home,W,7,Chunichi Dragons,7,11,0,"4,0,0,0,0,3,0,0,x",2,Kyocera Dome Osaka,,03:16,33881,GAME20081019HTCD0001
2008,2008-10-20,CS Stage 1,Chunichi Dragons,Away,W,2,Hanshin Tigers,2,4,3,"0,0,0,0,0,0,0,0,2",3,Kyocera Dome Osaka,,02:38,33021,GAME20081020HTCD0001
2008,2008-10-20,CS Stage 1,Hanshin Tigers,Home,L,0,Chunichi Dragons,0,4,2,"0,0,0,0,0,0,0,0,0",3,Kyocera Dome Osaka,,02:38,33021,GAME20081020HTCD0001
2008,2008-10-17,CS Stage 2,Hokkaido Nippon-Ham Fighters,Away,L,3,Saitama Seibu Lions,3,10,0,"0,0,0,0,1,0,0,0,2",1,Omiya Park Baseball Stadium,,03:23,20500,GAME20081017SLNF0001
2008,2008-10-17,CS Stage 2,Saitama Seibu Lions,Home,W,10,Hokkaido Nippon-Ham Fighters,10,13,1,"1,0,5,4,0,0,0,0,x",1,Omiya Park Baseball Stadium,,03:23,20500,GAME20081017SLNF0001
2008,2008-10-18,CS Stage 2,Hokkaido Nippon-Ham Fighters,Away,W,5,Saitama Seibu Lions,5,9,0,"0,0,1,4,0,0,0,0,0",2,Belluna Dome,,02:56,30918,GAME20081018SLNF0001
2008,2008-10-18,CS Stage 2,Saitama Seibu Lions,Home,L,0,Hokkaido Nippon-Ham Fighters,0,3,0,"0,0,0,0,0,0,0,0,0",2,Belluna Dome,,02:56,30918,GAME20081018SLNF0001
2008,2008-10-19,CS Stage 2,Hokkaido Nippon-Ham Fighters,Away,W,7,Saitama Seibu Lions,7,9,2,"0,1,4,0,0,0,0,1,1",3,Belluna Dome,,03:25,33078,GAME20081019SLNF0001
2008,2008-10-19,CS Stage 2,Saitama Seibu Lions,Home,L,4,Hokkaido Nippon-Ham Fighters,4,7,1,"0,0,0,0,2,1,0,0,1",3,Belluna Dome,,03:25,33078,GAME20081019SLNF0001
2008,2008-10-21,CS Stage 2,Hokkaido Nippon-Ham Fighters,Away,L,4,Saitama Seibu Lions,4,7,0,"0,0,0,0,0,0,3,0,1",4,Belluna Dome,,03:07,18704,GAME20081021SLNF0001
2008,2008-10-21,CS Stage 2,Saitama Seibu Lions,Home,W,9,Hokkaido Nippon-Ham Fighters,9,15,1,"4,1,2,0,0,0,1,1,x",4,Belluna Dome,,03:07,18704,GAME20081021SLNF0001
2008,2008-10-22,CS Stage 2,Hokkaido Nippon-Ham Fighters,Away,L,0,Saitama Seibu Lions,0,3,0,"0,0,0,0,0,0,0,0,0",5,Belluna Dome,,02:52,21731,GAME20081022SLNF0001
2008,2008-10-22,CS Stage 2,Saitama Seibu Lions,Home,W,9,Hokkaido Nippon-Ham Fighters,9,12,0,"0,1,4,0,0,0,1,3,x",5,Belluna Dome,,02:52,21731,GAME20081022SLNF0001
2008,2008-10-22,CS Stage 2,Chunichi Dragons,Away,W,4,Yomiuri Giants,4,9,0,"2,0,0,0,1,0,0,0,1",1,Tokyo Dome,,04:05,44072,GAME20081022YGCD0001
2008,2008-10-22,CS Stage 2,Yomiuri Giants,Home,L,3,Chunichi Dragons,3,7,1,"1,0,0,1,1,0,0,0,0",1,Tokyo Dome,,04:05,44072,GAME20081022YGCD0001
2008,2008-10-23,CS Stage 2,Chunichi Dragons,Away,L,2,Yomiuri Giants,2,5,0,"1,0,1,0,0,0,0,0,0",2,Tokyo Dome,,02:45,43536,GAME20081023YGCD0001
2008,2008-10-23,CS Stage 2,Yomiuri Giants,Home,W,11,Chunichi Dragons,11,17,0,"2,4,0,2,0,0,1,2,x",2,Tokyo Dome,,02:45,43536,GAME20081023YGCD0001
2008,2008-10-24,CS Stage 2,Chunichi Dragons,Away,T,5,Yomiuri Giants,5,8,0,"0,0,0,3,0,0,0,1,1,0,0,0",3,Tokyo Dome,,04:42,45846,GAME20081024YGCD0001
2008,2008-10-24,CS Stage 2,Yomiuri Giants,Home,T,5,Chunichi Dragons,5,8,0,"0,0,1,0,0,4,0,0,0,0,0,0",3,Tokyo Dome,,04:42,45846,GAME20081024YGCD0001
2008,2008-10-25,CS Stage 2,Chunichi Dragons,Away,L,2,Yomiuri Giants,2,7,0,"0,0,0,0,0,1,0,1,0",4,Tokyo Dome,,03:27,46797,GAME20081025YGCD0001
2008,2008-10-25,CS Stage 2,Yomiuri Giants,Home,W,6,Chunichi Dragons,6,11,1,"0,0,0,2,0,0,0,4,x",4,Tokyo Dome,,03:27,46797,GAME20081025YGCD0001
2008,2008-11-01,JS,Saitama Seibu Lions,Away,W,2,Yomiuri Giants,2,6,1,"0,0,0,0,1,1,0,0,0",1,Tokyo Dome,,02:45,44757,GAME20081101YGSL0001
2008,2008-11-01,JS,Yomiuri Giants,Home,L,1,Saitama Seibu Lions,1,2,0,"0,0,0,1,0,0,0,0,0",1,Tokyo Dome,,02:45,44757,GAME20081101YGSL0001
2008,2008-11-02,JS,Saitama Seibu Lions,Away,L,2,Yomiuri Giants,2,3,0,"0,0,0,2,0,0,0,0,0",2,Tokyo Dome,,03:18,44814,GAME20081102YGSL0001
2008,2008-11-02,JS,Yomiuri Giants,Home,W,3,Saitama Seibu Lions,3,8,0,"0,1,0,0,0,1,0,0,1x",2,Tokyo Dome,,03:18,44814,GAME20081102YGSL0001
2008,2008-11-04,JS,Yomiuri Giants,Away,W,6,Saitama Seibu Lions,6,8,0,"1,3,0,0,0,1,0,1,0",3,Belluna Dome,,03:14,24495,GAME20081104SLYG0001
2008,2008-11-04,JS,Saitama Seibu Lions,Home,L,4,Yomiuri Giants,4,7,0,"0,0,0,0,0,4,0,0,0",3,Belluna Dome,,03:14,24495,GAME20081104SLYG0001
2008,2008-11-05,JS,Yomiuri Giants,Away,L,0,Saitama Seibu Lions,0,4,0,"0,0,0,0,0,0,0,0,0",4,Belluna Dome,,02:53,27930,GAME20081105SLYG0001
2008,2008-11-05,JS,Saitama Seibu Lions,Home,W,5,Yomiuri Giants,5,7,0,"1,0,0,2,0,2,0,0,x",4,Belluna Dome,,02:53,27930,GAME20081105SLYG0001
2008,2008-11-06,JS,Yomiuri Giants,Away,W,7,Saitama Seibu Lions,7,10,2,"0,1,0,0,0,0,4,0,2",5,Belluna Dome,,03:31,28763,GAME20081106SLYG0001
2008,2008-11-06,JS,Saitama Seibu Lions,Home,L,3,Yomiuri Giants,3,13,0,"1,0,1,0,0,0,0,0,1",5,Belluna Dome,,03:31,28763,GAME20081106SLYG0001
2008,2008-11-08,JS,Saitama Seibu Lions,Away,W,4,Yomiuri Giants,4,10,0,"3,0,0,0,1,0,0,0,0",6,Tokyo Dome,,03:24,44749,GAME20081108YGSL0001
2008,2008-11-08,JS,Yomiuri Giants,Home,L,1,Saitama Seibu Lions,1,10,0,"0,1,0,0,0,0,0,0,0",6,Tokyo Dome,,03:24,44749,GAME20081108YGSL0001
2008,2008-11-09,JS,Saitama Seibu Lions,Away,W,3,Yomiuri Giants,3,6,0,"0,0,0,0,1,0,0,2,0",7,Tokyo Dome,,03:20,44737,GAME20081109YGSL0001
2008,2008-11-09,JS,Yomiuri Giants,Home,L,2,Saitama Seibu Lions,2,2,0,"1,1,0,0,0,0,0,0,0",7,Tokyo Dome,,03:20,44737,GAME20081109YGSL0001
2008,2008-08-19,Reg Season,Tohoku Rakuten Golden Eagles,Away,W,12,Orix Buffaloes,12,17,0,"1,1,0,1,7,1,1,0,0",18,Kobe Athletic Park Baseball Field,,04:00,20082,GAME20080819OBRE0640
2008,2008-08-19,Reg Season,Orix Buffaloes,Home,L,5,Tohoku Rakuten Golden Eagles,5,10,0,"0,3,1,0,0,0,0,0,1",18,Kobe Athletic Park Baseball Field,,04:00,20082,GAME20080819OBRE0640
2008,2008-08-19,Reg Season,Fukuoka Softbank Hawks,Away,L,3,Saitama Seibu Lions,3,6,2,"0,0,0,0,0,0,0,0,3",17,Belluna Dome,,03:13,16161,GAME20080819SLSH0636
2008,2008-08-19,Reg Season,Saitama Seibu Lions,Home,W,12,Fukuoka Softbank Hawks,12,14,1,"0,0,0,5,1,3,3,0,x",17,Belluna Dome,,03:13,16161,GAME20080819SLSH0636
2008,2008-08-19,Reg Season,Yomiuri Giants,Away,W,7,Tokyo Yakult Swallows,7,15,1,"0,1,0,1,2,1,2,0,0",16,Meiji Jingu Stadium,,03:18,18369,GAME20080819YSYG0638
2008,2008-08-19,Reg Season,Tokyo Yakult Swallows,Home,L,4,Yomiuri Giants,4,8,0,"0,0,1,0,0,0,0,1,2",16,Meiji Jingu Stadium,,03:18,18369,GAME20080819YSYG0638
2008,2008-08-20,Reg Season,Chunichi Dragons,Away,L,4,Yokohama BayStars,4,11,2,"0,0,0,0,0,2,0,0,2",14,Yokohama Stadium,,02:58,14868,GAME20080820DBCD0645
2008,2008-08-20,Reg Season,Yokohama BayStars,Home,W,7,Chunichi Dragons,7,14,0,"0,0,0,0,7,0,0,0,x",14,Yokohama Stadium,,02:58,14868,GAME20080820DBCD0645
2008,2008-08-20,Reg Season,Hanshin Tigers,Away,W,4,Hiroshima Toyo Carp,4,8,0,"0,0,0,0,0,0,4,0,0",16,MAZDA Zoom-Zoom Stadium Hiroshima,,03:04,26293,GAME20080820HCHT0647
2008,2008-08-20,Reg Season,Hiroshima Toyo Carp,Home,L,3,Hanshin Tigers,3,6,0,"0,0,0,0,0,1,0,0,2",16,MAZDA Zoom-Zoom Stadium Hiroshima,,03:04,26293,GAME20080820HCHT0647
2008,2008-08-20,Reg Season,Chiba Lotte Marines,Away,W,6,Hokkaido Nippon-Ham Fighters,6,12,1,"1,0,3,0,0,0,0,0,2",19,Tokyo Dome,,03:06,21034,GAME20080820NFLM0646
2008,2008-08-20,Reg Season,Hokkaido Nippon-Ham Fighters,Home,L,3,Chiba Lotte Marines,3,6,1,"0,2,0,0,0,0,0,1,0",19,Tokyo Dome,,03:06,21034,GAME20080820NFLM0646
2008,2008-08-20,Reg Season,Tohoku Rakuten Golden Eagles,Away,L,4,Orix Buffaloes,4,12,1,"0,0,0,0,0,2,0,1,1",19,Kobe Athletic Park Baseball Field,,03:08,15278,GAME20080820OBRE0644
2008,2008-08-20,Reg Season,Orix Buffaloes,Home,W,5,Tohoku Rakuten Golden Eagles,5,9,0,"1,0,1,0,1,1,0,1,x",19,Kobe Athletic Park Baseball Field,,03:08,15278,GAME20080820OBRE0644
2008,2008-08-20,Reg Season,Fukuoka Softbank Hawks,Away,L,1,Saitama Seibu Lions,1,9,2,"0,0,0,0,0,1,0,0,0",18,Belluna Dome,,03:23,17513,GAME20080820SLSH0642
2008,2008-08-20,Reg Season,Saitama Seibu Lions,Home,W,7,Fukuoka Softbank Hawks,7,9,2,"0,0,1,4,0,1,1,0,x",18,Belluna Dome,,03:23,17513,GAME20080820SLSH0642
2008,2008-08-20,Reg Season,Yomiuri Giants,Away,W,5,Tokyo Yakult Swallows,5,7,0,"3,0,0,2,0,0,0,0,0",17,Meiji Jingu Stadium,,02:32,20436,GAME20080820YSYG0643
2008,2008-08-20,Reg Season,Tokyo Yakult Swallows,Home,L,0,Yomiuri Giants,0,3,1,"0,0,0,0,0,0,0,0,0",17,Meiji Jingu Stadium,,02:32,20436,GAME20080820YSYG0643
2008,2008-08-21,Reg Season,Hanshin Tigers,Away,W,7,Hiroshima Toyo Carp,7,10,2,"2,0,3,0,0,0,0,0,2",17,MAZDA Zoom-Zoom Stadium Hiroshima,,03:48,23554,GAME20080821HCHT0649
2008,2008-08-21,Reg Season,Hiroshima Toyo Carp,Home,L,4,Hanshin Tigers,4,11,1,"0,0,1,0,2,1,0,0,0",17,MAZDA Zoom-Zoom Stadium Hiroshima,,03:48,23554,GAME20080821HCHT0649
2008,2008-08-21,Reg Season,Fukuoka Softbank Hawks,Away,W,9,Saitama Seibu Lions,9,17,0,"3,1,1,1,1,0,0,2,0",19,Belluna Dome,,03:42,18195,GAME20080821SLSH0648
2008,2008-08-21,Reg Season,Saitama Seibu Lions,Home,L,5,Fukuoka Softbank Hawks,5,8,1,"2,0,1,0,0,0,2,0,0",19,Belluna Dome,,03:42,18195,GAME20080821SLSH0648
2008,2008-08-24,Reg Season,Orix Buffaloes,Away,L,4,Chiba Lotte Marines,4,8,0,"0,0,2,2,0,0,0,0,0",18,ZOZO Marine Stadium,,03:21,27624,GAME20080824LMOB0651
2008,2008-08-24,Reg Season,Chiba Lotte Marines,Home,W,9,Orix Buffaloes,9,11,3,"0,0,5,0,0,2,0,2,x",18,ZOZO Marine Stadium,,03:21,27624,GAME20080824LMOB0651
2008,2008-08-24,Reg Season,Saitama Seibu Lions,Away,L,3,Hokkaido Nippon-Ham Fighters,3,9,2,"0,0,1,0,1,0,1,0,0",18,Hanasaki Sports Park Baseball Field,,03:16,22583,GAME20080824NFSL0652
2008,2008-08-24,Reg Season,Hokkaido Nippon-Ham Fighters,Home,W,9,Saitama Seibu Lions,9,16,0,"0,6,0,1,0,1,0,1,x",18,Hanasaki Sports Park Baseball Field,,03:16,22583,GAME20080824NFSL0652
2008,2008-08-24,Reg Season,Chunichi Dragons,Away,W,9,Yomiuri Giants,9,13,1,"2,0,1,1,0,0,0,0,5",17,Tokyo Dome,,02:59,45198,GAME20080824YGCD0650
2008,2008-08-24,Reg Season,Yomiuri Giants,Home,L,1,Chunichi Dragons,1,2,1,"1,0,0,0,0,0,0,0,0",17,Tokyo Dome,,02:59,45198,GAME20080824YGCD0650
2008,2008-08-25,Reg Season,Hiroshima Toyo Carp,Away,W,3,Yokohama BayStars,3,12,0,"0,1,0,0,0,0,2,0,0",18,Yokohama Stadium,,03:03,8377,GAME20080825DBHC0654
2008,2008-08-25,Reg Season,Yokohama BayStars,Home,L,2,Hiroshima Toyo Carp,2,10,0,"0,0,1,0,0,1,0,0,0",18,Yokohama Stadium,,03:03,8377,GAME20080825DBHC0654
2008,2008-08-25,Reg Season,Orix Buffaloes,Away,W,6,Chiba Lotte Marines,6,10,0,"1,0,3,0,0,0,0,2,0",19,ZOZO Marine Stadium,,03:13,18671,GAME20080825LMOB0655
2008,2008-08-25,Reg Season,Chiba Lotte Marines,Home,L,2,Orix Buffaloes,2,9,0,"0,0,1,0,0,0,1,0,0",19,ZOZO Marine Stadium,,03:13,18671,GAME20080825LMOB0655
2008,2008-08-25,Reg Season,Saitama Seibu Lions,Away,W,4,Hokkaido Nippon-Ham Fighters,4,5,0,"0,1,0,0,1,0,0,1,1",19,Sapporo Dome,,02:48,21840,GAME20080825NFSL0656
2008,2008-08-25,Reg Season,Hokkaido Nippon-Ham Fighters,Home,L,3,Saitama Seibu Lions,3,8,1,"2,0,0,1,0,0,0,0,0",19,Sapporo Dome,,02:48,21840,GAME20080825NFSL0656
2008,2008-08-25,Reg Season,Chunichi Dragons,Away,L,5,Yomiuri Giants,5,10,0,"0,0,0,0,4,0,0,0,1",18,Tokyo Dome,,04:04,44439,GAME20080825YGCD0657
2008,2008-08-25,Reg Season,Yomiuri Giants,Home,W,6,Chunichi Dragons,6,13,1,"0,0,0,0,0,3,0,0,3x",18,Tokyo Dome,,04:04,44439,GAME20080825YGCD0657
2008,2008-08-25,Reg Season,Hanshin Tigers,Away,W,3,Tokyo Yakult Swallows,3,9,2,"0,0,0,0,0,0,2,1,0",17,Meiji Jingu Stadium,,03:33,20211,GAME20080825YSHT0653
2008,2008-08-25,Reg Season,Tokyo Yakult Swallows,Home,L,0,Hanshin Tigers,0,10,0,"0,0,0,0,0,0,0,0,0",17,Meiji Jingu Stadium,,03:33,20211,GAME20080825YSHT0653
2008,2008-08-26,Reg Season,Tokyo Yakult Swallows,Away,L,1,Hiroshima Toyo Carp,1,8,0,"0,0,0,0,1,0,0,0,0",14,MAZDA Zoom-Zoom Stadium Hiroshima,,03:00,16010,GAME20080826HCYS0659
2008,2008-08-26,Reg Season,Hiroshima Toyo Carp,Home,W,5,Tokyo Yakult Swallows,5,10,0,"0,0,0,1,0,2,1,1,x",14,MAZDA Zoom-Zoom Stadium Hiroshima,,03:00,16010,GAME20080826HCYS0659
2008,2008-08-26,Reg Season,Chunichi Dragons,Away,L,0,Hanshin Tigers,0,5,0,"0,0,0,0,0,0,0,0,0",18,Hanshin Koshien Stadium,,02:43,43523,GAME20080826HTCD0660
2008,2008-08-26,Reg Season,Hanshin Tigers,Home,W,4,Chunichi Dragons,4,8,1,"0,0,0,2,0,0,0,2,x",18,Hanshin Koshien Stadium,,02:43,43523,GAME20080826HTCD0660
2008,2008-08-26,Reg Season,Hokkaido Nippon-Ham Fighters,Away,W,3,Chiba Lotte Marines,3,9,0,"0,0,0,0,0,3,0,0,0",20,ZOZO Marine Stadium,,03:34,20764,GAME20080826LMNF0658
2008,2008-08-26,Reg Season,Chiba Lotte Marines,Home,L,2,Hokkaido Nippon-Ham Fighters,2,8,0,"0,2,0,0,0,0,0,0,0",20,ZOZO Marine Stadium,,03:34,20764,GAME20080826LMNF0658
2008,2008-08-26,Reg Season,Tohoku Rakuten Golden Eagles,Away,W,7,Saitama Seibu Lions,7,12,0,"0,0,0,1,4,0,2,0,0",16,Belluna Dome,,03:18,13491,GAME20080826SLRE0662
2008,2008-08-26,Reg Season,Saitama Seibu Lions,Home,L,2,Tohoku Rakuten Golden Eagles,2,9,3,"0,0,2,0,0,0,0,0,0",16,Belluna Dome,,03:18,13491,GAME20080826SLRE0662
2008,2008-08-26,Reg Season,Yokohama BayStars,Away,L,3,Yomiuri Giants,3,7,0,"0,0,0,2,1,0,0,0,0",17,Tokyo Dome,,02:58,40949,GAME20080826YGDB0661
2008,2008-08-26,Reg Season,Yomiuri Giants,Home,W,7,Yokohama BayStars,7,10,0,"6,0,0,0,0,1,0,0,x",17,Tokyo Dome,,02:58,40949,GAME20080826YGDB0661
2008,2008-08-27,Reg Season,Tokyo Yakult Swallows,Away,W,4,Hiroshima Toyo Carp,4,8,0,"0,1,0,0,1,0,0,2,0",15,MAZDA Zoom-Zoom Stadium Hiroshima,,03:25,14819,GAME20080827HCYS0664
2008,2008-08-27,Reg Season,Hiroshima Toyo Carp,Home,L,1,Tokyo Yakult Swallows,1,9,1,"0,0,0,0,1,0,0,0,0",15,MAZDA Zoom-Zoom Stadium Hiroshima,,03:25,14819,GAME20080827HCYS0664
2008,2008-08-27,Reg Season,Chunichi Dragons,Away,W,4,Hanshin Tigers,4,9,0,"0,0,0,0,2,0,0,2,0",19,Hanshin Koshien Stadium,,03:13,43521,GAME20080827HTCD0668
2008,2008-08-27,Reg Season,Hanshin Tigers,Home,L,1,Chunichi Dragons,1,7,0,"0,0,0,0,1,0,0,0,0",19,Hanshin Koshien Stadium,,03:13,43521,GAME20080827HTCD0668
2008,2008-08-27,Reg Season,Hokkaido Nippon-Ham Fighters,Away,W,1,Chiba Lotte Marines,1,8,0,"0,0,0,0,1,0,0,0,0",21,ZOZO Marine Stadium,,03:21,22038,GAME20080827LMNF0667
2008,2008-08-27,Reg Season,Chiba Lotte Marines,Home,L,0,Hokkaido Nippon-Ham Fighters,0,6,0,"0,0,0,0,0,0,0,0,0",21,ZOZO Marine Stadium,,03:21,22038,GAME20080827LMNF0667
2008,2008-08-27,Reg Season,Orix Buffaloes,Away,W,3,Fukuoka Softbank Hawks,3,5,0,"0,0,0,1,1,0,0,0,1",18,Mizuho PayPay Dome Fukuoka,,03:29,33689,GAME20080827SHOB0663
2008,2008-08-27,Reg Season,Fukuoka Softbank Hawks,Home,L,2,Orix Buffaloes,2,8,0,"0,0,0,0,2,0,0,0,0",18,Mizuho PayPay Dome Fukuoka,,03:29,33689,GAME20080827SHOB0663
2008,2008-08-27,Reg Season,Tohoku Rakuten Golden Eagles,Away,L,2,Saitama Seibu Lions,2,7,1,"0,0,1,0,0,1,0,0,0",17,Belluna Dome,,03:19,17760,GAME20080827SLRE0666
2008,2008-08-27,Reg Season,Saitama Seibu Lions,Home,W,7,Tohoku Rakuten Golden Eagles,7,10,1,"0,0,0,2,3,1,0,1,x",17,Belluna Dome,,03:19,17760,GAME20080827SLRE0666
2008,2008-08-27,Reg Season,Yokohama BayStars,Away,L,2,Yomiuri Giants,2,3,0,"0,2,0,0,0,0,0,0,0",18,Tokyo Dome,,02:53,40243,GAME20080827YGDB0665
2008,2008-08-27,Reg Season,Yomiuri Giants,Home,W,3,Yokohama BayStars,3,6,0,"0,0,0,1,0,1,0,1,x",18,Tokyo Dome,,02:53,40243,GAME20080827YGDB0665
2008,2008-08-28,Reg Season,Tokyo Yakult Swallows,Away,L,2,Hiroshima Toyo Carp,2,8,1,"0,1,0,1,0,0,0,0,0",16,MAZDA Zoom-Zoom Stadium Hiroshima,,03:03,13230,GAME20080828HCYS0673
2008,2008-08-28,Reg Season,Hiroshima Toyo Carp,Home,W,3,Tokyo Yakult Swallows,3,7,0,"1,0,0,1,0,1,0,0,x",16,MAZDA Zoom-Zoom Stadium Hiroshima,,03:03,13230,GAME20080828HCYS0673
2008,2008-08-28,Reg Season,Chunichi Dragons,Away,L,5,Hanshin Tigers,5,9,0,"0,0,3,0,0,1,0,0,1",20,Hanshin Koshien Stadium,,03:50,43522,GAME20080828HTCD0672
2008,2008-08-28,Reg Season,Hanshin Tigers,Home,W,6,Chunichi Dragons,6,11,1,"1,0,3,0,0,0,1,0,1x",20,Hanshin Koshien Stadium,,03:50,43522,GAME20080828HTCD0672
2008,2008-08-28,Reg Season,Hokkaido Nippon-Ham Fighters,Away,L,0,Chiba Lotte Marines,0,2,0,"0,0,0,0,0,0,0,0,0",22,ZOZO Marine Stadium,,02:24,16522,GAME20080828LMNF0671
2008,2008-08-28,Reg Season,Chiba Lotte Marines,Home,W,3,Hokkaido Nippon-Ham Fighters,3,7,0,"1,1,0,0,1,0,0,0,x",22,ZOZO Marine Stadium,,02:24,16522,GAME20080828LMNF0671
2008,2008-08-28,Reg Season,Orix Buffaloes,Away,L,2,Fukuoka Softbank Hawks,2,4,0,"0,0,0,0,1,0,0,1,0",19,Mizuho PayPay Dome Fukuoka,,02:41,32490,GAME20080828SHOB0669
2008,2008-08-28,Reg Season,Fukuoka Softbank Hawks,Home,W,3,Orix Buffaloes,3,5,0,"0,0,0,0,0,0,0,3,x",19,Mizuho PayPay Dome Fukuoka,,02:41,32490,GAME20080828SHOB0669
2008,2008-08-28,Reg Season,Tohoku Rakuten Golden Eagles,Away,L,4,Saitama Seibu Lions,4,12,1,"0,0,1,0,0,0,1,2,0",18,Belluna Dome,,03:31,16555,GAME20080828SLRE0674
2008,2008-08-28,Reg Season,Saitama Seibu Lions,Home,W,5,Tohoku Rakuten Golden Eagles,5,10,2,"1,0,1,1,1,0,1,0,x",18,Belluna Dome,,03:31,16555,GAME20080828SLRE0674
2008,2008-08-28,Reg Season,Yokohama BayStars,Away,L,1,Yomiuri Giants,1,10,0,"1,0,0,0,0,0,0,0,0",19,Tokyo Dome,,03:09,40561,GAME20080828YGDB0670
2008,2008-08-28,Reg Season,Yomiuri Giants,Home,W,7,Yokohama BayStars,7,13,0,"4,0,0,0,2,1,0,0,x",19,Tokyo Dome,,03:09,40561,GAME20080828YGDB0670
2008,2008-08-29,Reg Season,Hiroshima Toyo Carp,Away,L,3,Chunichi Dragons,3,11,2,"0,0,0,0,0,2,0,1,0",19,Vantelin Dome Nagoya,,03:19,36377,GAME20080829CDHC0679
2008,2008-08-29,Reg Season,Chunichi Dragons,Home,W,4,Hiroshima Toyo Carp,4,6,0,"0,2,0,0,0,0,1,1,x",19,Vantelin Dome Nagoya,,03:19,36377,GAME20080829CDHC0679
2008,2008-08-29,Reg Season,Tokyo Yakult Swallows,Away,L,2,Yokohama BayStars,2,9,2,"1,1,0,0,0,0,0,0,0",18,Yokohama Stadium,,03:37,9714,GAME20080829DBYS0675
2008,2008-08-29,Reg Season,Yokohama BayStars,Home,W,4,Tokyo Yakult Swallows,4,10,1,"1,0,1,0,0,1,1,0,x",18,Yokohama Stadium,,03:37,9714,GAME20080829DBYS0675
2008,2008-08-29,Reg Season,Yomiuri Giants,Away,L,5,Hanshin Tigers,5,10,0,"0,0,0,0,0,0,3,0,2",17,Hanshin Koshien Stadium,,03:07,43524,GAME20080829HTYG0677
2008,2008-08-29,Reg Season,Hanshin Tigers,Home,W,7,Yomiuri Giants,7,9,0,"3,0,1,1,1,1,0,0,x",17,Hanshin Koshien Stadium,,03:07,43524,GAME20080829HTYG0677
2008,2008-08-29,Reg Season,Hokkaido Nippon-Ham Fighters,Away,L,4,Orix Buffaloes,4,9,0,"2,0,1,0,0,0,0,1,0",17,Kobe Athletic Park Baseball Field,,03:12,20279,GAME20080829OBNF0678
2008,2008-08-29,Reg Season,Orix Buffaloes,Home,W,7,Hokkaido Nippon-Ham Fighters,7,9,0,"4,0,0,0,2,1,0,0,x",17,Kobe Athletic Park Baseball Field,,03:12,20279,GAME20080829OBNF0678
2008,2008-08-29,Reg Season,Saitama Seibu Lions,Away,T,4,Fukuoka Softbank Hawks,4,10,1,"0,0,3,0,0,0,0,0,0,0,1,0",20,Mizuho PayPay Dome Fukuoka,,05:02,32998,GAME20080829SHSL0676
2008,2008-08-29,Reg Season,Fukuoka Softbank Hawks,Home,T,4,Saitama Seibu Lions,4,10,1,"0,0,2,1,0,0,0,0,0,0,1,0",20,Mizuho PayPay Dome Fukuoka,,05:02,32998,GAME20080829SHSL0676
2008,2008-08-30,Reg Season,Hiroshima Toyo Carp,Away,W,4,Chunichi Dragons,4,10,0,"2,0,0,0,0,1,0,1,0",20,Vantelin Dome Nagoya,,03:50,38103,GAME20080830CDHC0683
2008,2008-08-30,Reg Season,Chunichi Dragons,Home,L,3,Hiroshima Toyo Carp,3,8,1,"0,0,0,0,0,2,0,1,0",20,Vantelin Dome Nagoya,,03:50,38103,GAME20080830CDHC0683
2008,2008-08-30,Reg Season,Tokyo Yakult Swallows,Away,W,9,Yokohama BayStars,9,11,1,"3,0,2,2,2,0,0",19,Yokohama Stadium,,02:46,11756,GAME20080830DBYS0684
2008,2008-08-30,Reg Season,Yokohama BayStars,Home,L,8,Tokyo Yakult Swallows,8,10,0,"2,4,2,0,0,0,0x",19,Yokohama Stadium,,02:46,11756,GAME20080830DBYS0684
2008,2008-08-30,Reg Season,Yomiuri Giants,Away,W,3,Hanshin Tigers,3,11,1,"1,0,0,0,0,2,0,0,0",18,Hanshin Koshien Stadium,,03:05,43525,GAME20080830HTYG0685
2008,2008-08-30,Reg Season,Hanshin Tigers,Home,L,2,Yomiuri Giants,2,6,0,"0,0,0,0,0,1,0,0,1",18,Hanshin Koshien Stadium,,03:05,43525,GAME20080830HTYG0685
2008,2008-08-30,Reg Season,Hokkaido Nippon-Ham Fighters,Away,L,2,Orix Buffaloes,2,7,0,"0,0,0,0,0,0,2,0,0",18,Kyocera Dome Osaka,,02:54,18169,GAME20080830OBNF0681
2008,2008-08-30,Reg Season,Orix Buffaloes,Home,W,7,Hokkaido Nippon-Ham Fighters,7,8,0,"1,0,4,0,2,0,0,0,x",18,Kyocera Dome Osaka,,02:54,18169,GAME20080830OBNF0681
2008,2008-08-30,Reg Season,Chiba Lotte Marines,Away,W,8,Tohoku Rakuten Golden Eagles,8,9,0,"0,1,0,1,0,4,0,0,0,2",19,Rakuten Seimei Park Miyagi,,04:03,19971,GAME20080830RELM0682
2008,2008-08-30,Reg Season,Tohoku Rakuten Golden Eagles,Home,L,6,Chiba Lotte Marines,6,13,1,"1,0,2,0,1,0,0,0,2,0",19,Rakuten Seimei Park Miyagi,,04:03,19971,GAME20080830RELM0682
2008,2008-08-30,Reg Season,Saitama Seibu Lions,Away,T,2,Fukuoka Softbank Hawks,2,8,1,"0,1,0,0,0,0,0,1,0,0,0,0",21,Mizuho PayPay Dome Fukuoka,,04:01,33051,GAME20080830SHSL0680
2008,2008-08-30,Reg Season,Fukuoka Softbank Hawks,Home,T,2,Saitama Seibu Lions,2,9,0,"0,0,1,0,0,1,0,0,0,0,0,0",21,Mizuho PayPay Dome Fukuoka,,04:01,33051,GAME20080830SHSL0680
2008,2008-08-31,Reg Season,Hiroshima Toyo Carp,Away,L,3,Chunichi Dragons,3,8,0,"0,0,0,0,0,0,3,0,0",21,Vantelin Dome Nagoya,,03:03,35243,GAME20080831CDHC0691
2008,2008-08-31,Reg Season,Chunichi Dragons,Home,W,7,Hiroshima Toyo Carp,7,14,0,"3,2,0,0,0,0,1,1,x",21,Vantelin Dome Nagoya,,03:03,35243,GAME20080831CDHC0691
2008,2008-08-31,Reg Season,Tokyo Yakult Swallows,Away,W,17,Yokohama BayStars,17,22,0,"3,0,1,0,6,2,1,1,3",20,Yokohama Stadium,,03:15,11979,GAME20080831DBYS0688
2008,2008-08-31,Reg Season,Yokohama BayStars,Home,L,5,Tokyo Yakult Swallows,5,8,0,"0,0,1,1,0,1,1,0,1",20,Yokohama Stadium,,03:15,11979,GAME20080831DBYS0688
2008,2008-08-31,Reg Season,Yomiuri Giants,Away,W,6,Hanshin Tigers,6,12,0,"0,0,1,0,0,0,0,4,1",19,Hanshin Koshien Stadium,,03:18,43524,GAME20080831HTYG0689
2008,2008-08-31,Reg Season,Hanshin Tigers,Home,L,1,Yomiuri Giants,1,7,0,"0,0,0,1,0,0,0,0,0",19,Hanshin Koshien Stadium,,03:18,43524,GAME20080831HTYG0689
2008,2008-08-31,Reg Season,Hokkaido Nippon-Ham Fighters,Away,L,1,Orix Buffaloes,1,6,0,"0,0,0,1,0,0,0,0,0",19,Kyocera Dome Osaka,,02:43,18033,GAME20080831OBNF0690
2008,2008-08-31,Reg Season,Orix Buffaloes,Home,W,5,Hokkaido Nippon-Ham Fighters,5,13,0,"0,0,0,0,4,1,0,0,x",19,Kyocera Dome Osaka,,02:43,18033,GAME20080831OBNF0690
2008,2008-08-31,Reg Season,Chiba Lotte Marines,Away,W,4,Tohoku Rakuten Golden Eagles,4,7,2,"0,1,0,0,0,2,0,1,0",20,Rakuten Seimei Park Miyagi,,02:58,18710,GAME20080831RELM0687
2008,2008-08-31,Reg Season,Tohoku Rakuten Golden Eagles,Home,L,2,Chiba Lotte Marines,2,8,0,"0,1,0,0,0,1,0,0,0",20,Rakuten Seimei Park Miyagi,,02:58,18710,GAME20080831RELM0687
2008,2008-08-31,Reg Season,Saitama Seibu Lions,Away,T,0,Fukuoka Softbank Hawks,0,9,0,"0,0,0,0,0,0,0,0,0,0,0,0",22,Mizuho PayPay Dome Fukuoka,,04:29,33288,GAME20080831SHSL0686
2008,2008-08-31,Reg Season,Fukuoka Softbank Hawks,Home,T,0,Saitama Seibu Lions,0,7,0,"0,0,0,0,0,0,0,0,0,0,0,0",22,Mizuho PayPay Dome Fukuoka,,04:29,33288,GAME20080831SHSL0686
2008,2008-09-02,Reg Season,Hanshin Tigers,Away,L,3,Yokohama BayStars,3,10,0,"1,0,0,2,0,0,0,0,0",17,Yokohama Stadium,,03:25,13775,GAME20080902DBHT0697
2008,2008-09-02,Reg Season,Yokohama BayStars,Home,W,5,Hanshin Tigers,5,15,0,"0,2,1,2,0,0,0,0,x",17,Yokohama Stadium,,03:25,13775,GAME20080902DBHT0697
2008,2008-09-02,Reg Season,Saitama Seibu Lions,Away,L,5,Chiba Lotte Marines,5,13,1,"0,0,1,0,1,0,0,1,2",17,ZOZO Marine Stadium,,03:35,14269,GAME20080902LMSL0695
2008,2008-09-02,Reg Season,Chiba Lotte Marines,Home,W,8,Saitama Seibu Lions,8,17,0,"1,3,0,0,0,0,4,0,x",17,ZOZO Marine Stadium,,03:35,14269,GAME20080902LMSL0695
2008,2008-09-02,Reg Season,Fukuoka Softbank Hawks,Away,L,0,Hokkaido Nippon-Ham Fighters,0,1,0,"0,0,0,0,0,0,0,0,0",20,Sapporo Dome,,02:34,20118,GAME20080902NFSH0694
2008,2008-09-02,Reg Season,Hokkaido Nippon-Ham Fighters,Home,W,2,Fukuoka Softbank Hawks,2,5,0,"0,0,0,1,0,1,0,0,x",20,Sapporo Dome,,02:34,20118,GAME20080902NFSH0694
2008,2008-09-02,Reg Season,Orix Buffaloes,Away,W,10,Tohoku Rakuten Golden Eagles,10,15,0,"1,0,0,0,0,0,4,3,2",20,Rakuten Seimei Park Miyagi,,03:27,14608,GAME20080902REOB0696
2008,2008-09-02,Reg Season,Tohoku Rakuten Golden Eagles,Home,L,3,Orix Buffaloes,3,9,1,"2,0,0,0,0,0,0,1,0",20,Rakuten Seimei Park Miyagi,,03:27,14608,GAME20080902REOB0696
2008,2008-09-02,Reg Season,Hiroshima Toyo Carp,Away,W,5,Yomiuri Giants,5,11,0,"0,2,0,0,2,0,0,0,1",18,Kyocera Dome Osaka,,03:08,30069,GAME20080902YGHC0692
2008,2008-09-02,Reg Season,Yomiuri Giants,Home,L,2,Hiroshima Toyo Carp,2,9,2,"0,0,0,0,0,1,0,0,1",18,Kyocera Dome Osaka,,03:08,30069,GAME20080902YGHC0692
2008,2008-09-02,Reg Season,Chunichi Dragons,Away,L,6,Tokyo Yakult Swallows,6,12,1,"1,0,0,1,0,0,0,1,3",18,Meiji Jingu Stadium,,03:08,12521,GAME20080902YSCD0693
2008,2008-09-02,Reg Season,Tokyo Yakult Swallows,Home,W,12,Chunichi Dragons,12,15,0,"2,0,0,2,6,0,0,2,x",18,Meiji Jingu Stadium,,03:08,12521,GAME20080902YSCD0693
2008,2008-09-03,Reg Season,Hanshin Tigers,Away,L,0,Yokohama BayStars,0,6,0,"0,0,0,0,0,0,0,0,0",18,Yokohama Stadium,,03:03,16020,GAME20080903DBHT0701
2008,2008-09-03,Reg Season,Yokohama BayStars,Home,W,8,Hanshin Tigers,8,11,0,"0,3,0,0,2,0,3,0,x",18,Yokohama Stadium,,03:03,16020,GAME20080903DBHT0701
2008,2008-09-03,Reg Season,Saitama Seibu Lions,Away,W,2,Chiba Lotte Marines,2,9,4,"0,0,0,1,0,0,0,1,0",18,ZOZO Marine Stadium,,03:18,17361,GAME20080903LMSL0703
2008,2008-09-03,Reg Season,Chiba Lotte Marines,Home,L,0,Saitama Seibu Lions,0,4,0,"0,0,0,0,0,0,0,0,0",18,ZOZO Marine Stadium,,03:18,17361,GAME20080903LMSL0703
2008,2008-09-03,Reg Season,Fukuoka Softbank Hawks,Away,W,4,Hokkaido Nippon-Ham Fighters,4,9,1,"0,0,0,0,0,1,3,0,0",21,Sapporo Dome,,03:41,17702,GAME20080903NFSH0699
2008,2008-09-03,Reg Season,Hokkaido Nippon-Ham Fighters,Home,L,3,Fukuoka Softbank Hawks,3,6,0,"1,1,0,0,0,0,0,1,0",21,Sapporo Dome,,03:41,17702,GAME20080903NFSH0699
2008,2008-09-03,Reg Season,Orix Buffaloes,Away,W,4,Tohoku Rakuten Golden Eagles,4,10,0,"0,2,1,0,0,1,0,0,0",21,Rakuten Seimei Park Miyagi,,03:29,11557,GAME20080903REOB0700
2008,2008-09-03,Reg Season,Tohoku Rakuten Golden Eagles,Home,L,2,Orix Buffaloes,2,5,0,"0,0,0,0,0,0,2,0,0",21,Rakuten Seimei Park Miyagi,,03:29,11557,GAME20080903REOB0700
2008,2008-09-03,Reg Season,Hiroshima Toyo Carp,Away,L,9,Yomiuri Giants,9,11,2,"1,0,0,0,3,0,2,0,3",19,Kyocera Dome Osaka,,03:48,30143,GAME20080903YGHC0698
2008,2008-09-03,Reg Season,Yomiuri Giants,Home,W,10,Hiroshima Toyo Carp,10,15,1,"0,1,0,3,0,2,1,3,x",19,Kyocera Dome Osaka,,03:48,30143,GAME20080903YGHC0698
2008,2008-09-03,Reg Season,Chunichi Dragons,Away,L,3,Tokyo Yakult Swallows,3,9,0,"0,0,0,1,0,2,0,0,0",19,Meiji Jingu Stadium,,03:28,14078,GAME20080903YSCD0702
2008,2008-09-03,Reg Season,Tokyo Yakult Swallows,Home,W,7,Chunichi Dragons,7,11,0,"1,0,0,0,6,0,0,0,x",19,Meiji Jingu Stadium,,03:28,14078,GAME20080903YSCD0702
2008,2008-09-04,Reg Season,Saitama Seibu Lions,Away,L,3,Chiba Lotte Marines,3,8,0,"0,0,0,0,0,2,1,0,0",19,ZOZO Marine Stadium,,03:16,16534,GAME20080904LMSL0707
2008,2008-09-04,Reg Season,Chiba Lotte Marines,Home,W,4,Saitama Seibu Lions,4,9,1,"1,1,1,0,0,0,1,0,x",19,ZOZO Marine Stadium,,03:16,16534,GAME20080904LMSL0707
2008,2008-09-04,Reg Season,Fukuoka Softbank Hawks,Away,L,3,Hokkaido Nippon-Ham Fighters,3,11,0,"0,0,0,0,1,0,2,0,0",22,Sapporo Dome,,03:41,16975,GAME20080904NFSH0706
2008,2008-09-04,Reg Season,Hokkaido Nippon-Ham Fighters,Home,W,4,Fukuoka Softbank Hawks,4,9,1,"0,0,0,1,0,0,1,1,1x",22,Sapporo Dome,,03:41,16975,GAME20080904NFSH0706
2008,2008-09-04,Reg Season,Orix Buffaloes,Away,W,6,Tohoku Rakuten Golden Eagles,6,7,0,"0,0,0,0,4,0,2,0,0",22,Rakuten Seimei Park Miyagi,,03:33,11912,GAME20080904REOB0705
2008,2008-09-04,Reg Season,Tohoku Rakuten Golden Eagles,Home,L,4,Orix Buffaloes,4,12,0,"0,0,2,0,0,0,1,0,1",22,Rakuten Seimei Park Miyagi,,03:33,11912,GAME20080904REOB0705
2008,2008-09-04,Reg Season,Hiroshima Toyo Carp,Away,L,2,Yomiuri Giants,2,8,1,"2,0,0,0,0,0,0,0,0",20,Matsuyama Central Park Baseball Stadium,,03:09,24095,GAME20080904YGHC0704
2008,2008-09-04,Reg Season,Yomiuri Giants,Home,W,6,Hiroshima Toyo Carp,6,10,0,"2,0,0,0,0,0,0,4,x",20,Matsuyama Central Park Baseball Stadium,,03:09,24095,GAME20080904YGHC0704
2008,2008-09-04,Reg Season,Chunichi Dragons,Away,L,3,Tokyo Yakult Swallows,3,4,1,"0,0,0,0,0,0,0,0,3",20,Meiji Jingu Stadium,,03:26,14047,GAME20080904YSCD0708
2008,2008-09-04,Reg Season,Tokyo Yakult Swallows,Home,W,5,Chunichi Dragons,5,11,1,"0,0,3,1,1,0,0,0,x",20,Meiji Jingu Stadium,,03:26,14047,GAME20080904YSCD0708
2008,2008-09-05,Reg Season,Yokohama BayStars,Away,L,1,Chunichi Dragons,1,10,0,"0,0,0,0,0,1,0,0,0",15,Vantelin Dome Nagoya,,02:55,30978,GAME20080905CDDB0712
2008,2008-09-05,Reg Season,Chunichi Dragons,Home,W,6,Yokohama BayStars,6,7,0,"0,2,0,4,0,0,0,0,x",15,Vantelin Dome Nagoya,,02:55,30978,GAME20080905CDDB0712
2008,2008-09-05,Reg Season,Hanshin Tigers,Away,L,3,Hiroshima Toyo Carp,3,8,1,"2,0,0,0,0,0,0,1,0",18,MAZDA Zoom-Zoom Stadium Hiroshima,,03:12,26140,GAME20080905HCHT0709
2008,2008-09-05,Reg Season,Hiroshima Toyo Carp,Home,W,6,Hanshin Tigers,6,11,0,"4,0,1,0,0,0,1,0,x",18,MAZDA Zoom-Zoom Stadium Hiroshima,,03:12,26140,GAME20080905HCHT0709
2008,2008-09-05,Reg Season,Tohoku Rakuten Golden Eagles,Away,W,5,Hokkaido Nippon-Ham Fighters,5,12,1,"0,0,0,0,0,0,0,3,0,2",18,Sapporo Dome,,04:16,22692,GAME20080905NFRE0713
2008,2008-09-05,Reg Season,Hokkaido Nippon-Ham Fighters,Home,L,3,Tohoku Rakuten Golden Eagles,3,11,0,"0,0,2,0,1,0,0,0,0,0",18,Sapporo Dome,,04:16,22692,GAME20080905NFRE0713
2008,2008-09-05,Reg Season,Saitama Seibu Lions,Away,L,3,Orix Buffaloes,3,11,1,"1,0,0,0,1,1,0,0,0",20,Kobe Athletic Park Baseball Field,,03:47,11284,GAME20080905OBSL0710
2008,2008-09-05,Reg Season,Orix Buffaloes,Home,W,8,Saitama Seibu Lions,8,15,2,"0,3,3,0,0,2,0,0,x",20,Kobe Athletic Park Baseball Field,,03:47,11284,GAME20080905OBSL0710
2008,2008-09-05,Reg Season,Yomiuri Giants,Away,W,8,Tokyo Yakult Swallows,8,11,2,"2,0,0,0,2,4,0,0,0",18,Meiji Jingu Stadium,,02:48,18856,GAME20080905YSYG0711
2008,2008-09-05,Reg Season,Tokyo Yakult Swallows,Home,L,0,Yomiuri Giants,0,5,0,"0,0,0,0,0,0,0,0,0",18,Meiji Jingu Stadium,,02:48,18856,GAME20080905YSYG0711
2008,2008-09-06,Reg Season,Yokohama BayStars,Away,L,1,Chunichi Dragons,1,5,0,"0,0,0,0,0,1,0,0,0",16,Vantelin Dome Nagoya,,02:52,36970,GAME20080906CDDB0716
2008,2008-09-06,Reg Season,Chunichi Dragons,Home,W,6,Yokohama BayStars,6,8,0,"4,0,0,1,0,1,0,0,x",16,Vantelin Dome Nagoya,,02:52,36970,GAME20080906CDDB0716
2008,2008-09-06,Reg Season,Hanshin Tigers,Away,W,5,Hiroshima Toyo Carp,5,10,3,"1,1,0,0,0,1,0,0,0,0,0,2",19,MAZDA Zoom-Zoom Stadium Hiroshima,,04:35,29343,GAME20080906HCHT0718
2008,2008-09-06,Reg Season,Hiroshima Toyo Carp,Home,L,3,Hanshin Tigers,3,9,1,"0,0,1,0,2,0,0,0,0,0,0,0",19,MAZDA Zoom-Zoom Stadium Hiroshima,,04:35,29343,GAME20080906HCHT0718
2008,2008-09-06,Reg Season,Tohoku Rakuten Golden Eagles,Away,L,1,Hokkaido Nippon-Ham Fighters,1,4,1,"0,1,0,0,0,0,0,0,0",19,Sapporo Dome,,03:15,33197,GAME20080906NFRE0717
2008,2008-09-06,Reg Season,Hokkaido Nippon-Ham Fighters,Home,W,4,Tohoku Rakuten Golden Eagles,4,6,1,"0,0,0,2,2,0,0,0,x",19,Sapporo Dome,,03:15,33197,GAME20080906NFRE0717
2008,2008-09-06,Reg Season,Saitama Seibu Lions,Away,W,7,Orix Buffaloes,7,16,0,"0,2,0,0,1,2,2,0,0",21,Kyocera Dome Osaka,,02:55,16385,GAME20080906OBSL0715
2008,2008-09-06,Reg Season,Orix Buffaloes,Home,L,1,Saitama Seibu Lions,1,6,1,"0,0,0,0,0,0,0,0,1",21,Kyocera Dome Osaka,,02:55,16385,GAME20080906OBSL0715
2008,2008-09-06,Reg Season,Chiba Lotte Marines,Away,W,5,Fukuoka Softbank Hawks,5,10,0,"0,0,0,0,1,1,1,2,0",19,Mizuho PayPay Dome Fukuoka,,03:27,31417,GAME20080906SHLM0714
2008,2008-09-06,Reg Season,Fukuoka Softbank Hawks,Home,L,4,Chiba Lotte Marines,4,12,1,"0,0,0,0,1,2,0,0,1",19,Mizuho PayPay Dome Fukuoka,,03:27,31417,GAME20080906SHLM0714
2008,2008-09-06,Reg Season,Yomiuri Giants,Away,L,4,Tokyo Yakult Swallows,4,3,1,"0,0,0,0,1,2,0,0,1",19,Meiji Jingu Stadium,,02:51,27722,GAME20080906YSYG0719
2008,2008-09-06,Reg Season,Tokyo Yakult Swallows,Home,W,7,Yomiuri Giants,7,8,0,"0,3,0,0,0,3,1,0,x",19,Meiji Jingu Stadium,,02:51,27722,GAME20080906YSYG0719
2008,2008-09-07,Reg Season,Yokohama BayStars,Away,L,4,Chunichi Dragons,4,7,0,"0,0,0,3,0,1,0,0,0",17,Vantelin Dome Nagoya,,03:19,32996,GAME20080907CDDB0721
2008,2008-09-07,Reg Season,Chunichi Dragons,Home,W,5,Yokohama BayStars,5,5,1,"0,0,1,1,1,1,0,0,1x",17,Vantelin Dome Nagoya,,03:19,32996,GAME20080907CDDB0721
2008,2008-09-07,Reg Season,Hanshin Tigers,Away,L,2,Hiroshima Toyo Carp,2,5,1,"0,0,0,0,0,1,1,0,0",20,MAZDA Zoom-Zoom Stadium Hiroshima,,03:00,29867,GAME20080907HCHT0722
2008,2008-09-07,Reg Season,Hiroshima Toyo Carp,Home,W,5,Hanshin Tigers,5,13,1,"0,0,0,0,2,3,0,0,x",20,MAZDA Zoom-Zoom Stadium Hiroshima,,03:00,29867,GAME20080907HCHT0722
2008,2008-09-07,Reg Season,Tohoku Rakuten Golden Eagles,Away,W,5,Hokkaido Nippon-Ham Fighters,5,14,0,"0,1,1,0,0,0,1,1,1",20,Sapporo Dome,,03:24,33224,GAME20080907NFRE0724
2008,2008-09-07,Reg Season,Hokkaido Nippon-Ham Fighters,Home,L,2,Tohoku Rakuten Golden Eagles,2,4,0,"0,0,0,2,0,0,0,0,0",20,Sapporo Dome,,03:24,33224,GAME20080907NFRE0724
2008,2008-09-07,Reg Season,Saitama Seibu Lions,Away,L,2,Orix Buffaloes,2,9,1,"0,0,0,0,0,0,1,1,0",22,Kyocera Dome Osaka,,03:19,18431,GAME20080907OBSL0723
2008,2008-09-07,Reg Season,Orix Buffaloes,Home,W,6,Saitama Seibu Lions,6,11,0,"0,0,1,2,0,2,1,0,x",22,Kyocera Dome Osaka,,03:19,18431,GAME20080907OBSL0723
2008,2008-09-07,Reg Season,Chiba Lotte Marines,Away,W,7,Fukuoka Softbank Hawks,7,12,3,"2,0,0,0,0,0,0,0,4,0,0,1",20,Mizuho PayPay Dome Fukuoka,,04:22,32261,GAME20080907SHLM0720
2008,2008-09-07,Reg Season,Fukuoka Softbank Hawks,Home,L,6,Chiba Lotte Marines,6,8,1,"1,0,0,0,2,0,3,0,0,0,0,0",20,Mizuho PayPay Dome Fukuoka,,04:22,32261,GAME20080907SHLM0720
2008,2008-09-09,Reg Season,Yomiuri Giants,Away,L,2,Chunichi Dragons,2,9,0,"2,0,0,0,0,0,0,0,0",19,Vantelin Dome Nagoya,,03:13,32987,GAME20080909CDYG0725
2008,2008-09-09,Reg Season,Chunichi Dragons,Home,W,3,Yomiuri Giants,3,6,1,"0,0,1,0,0,0,0,2,x",19,Vantelin Dome Nagoya,,03:13,32987,GAME20080909CDYG0725
2008,2008-09-09,Reg Season,Yokohama BayStars,Away,W,8,Hiroshima Toyo Carp,8,16,0,"0,0,0,3,0,1,4,0,0",19,MAZDA Zoom-Zoom Stadium Hiroshima,,03:12,14774,GAME20080909HCDB0730
2008,2008-09-09,Reg Season,Hiroshima Toyo Carp,Home,L,3,Yokohama BayStars,3,5,1,"1,2,0,0,0,0,0,0,0",19,MAZDA Zoom-Zoom Stadium Hiroshima,,03:12,14774,GAME20080909HCDB0730
2008,2008-09-09,Reg Season,Tokyo Yakult Swallows,Away,L,2,Hanshin Tigers,2,6,1,"0,0,0,0,2,0,0,0,0",18,Hanshin Koshien Stadium,,02:57,43266,GAME20080909HTYS0726
2008,2008-09-09,Reg Season,Hanshin Tigers,Home,W,3,Tokyo Yakult Swallows,3,8,0,"2,0,0,0,0,0,0,0,1x",18,Hanshin Koshien Stadium,,02:57,43266,GAME20080909HTYS0726
2008,2008-09-09,Reg Season,Chiba Lotte Marines,Away,L,3,Orix Buffaloes,3,6,1,"0,0,3,0,0,0,0,0,0",20,Kyocera Dome Osaka,,02:42,11235,GAME20080909OBLM0727
2008,2008-09-09,Reg Season,Orix Buffaloes,Home,W,4,Chiba Lotte Marines,4,9,0,"0,3,0,0,1,0,0,0,x",20,Kyocera Dome Osaka,,02:42,11235,GAME20080909OBLM0727
2008,2008-09-09,Reg Season,Tohoku Rakuten Golden Eagles,Away,W,3,Fukuoka Softbank Hawks,3,13,0,"0,0,0,3,0,0,0,0,0",16,Mizuho PayPay Dome Fukuoka,,03:07,30275,GAME20080909SHRE0729
2008,2008-09-09,Reg Season,Fukuoka Softbank Hawks,Home,L,1,Tohoku Rakuten Golden Eagles,1,12,0,"0,0,0,0,1,0,0,0,0",16,Mizuho PayPay Dome Fukuoka,,03:07,30275,GAME20080909SHRE0729
2008,2008-09-09,Reg Season,Hokkaido Nippon-Ham Fighters,Away,W,4,Saitama Seibu Lions,4,6,0,"0,0,0,0,4,0,0,0,0",20,Belluna Dome,,02:43,14554,GAME20080909SLNF0728
2008,2008-09-09,Reg Season,Saitama Seibu Lions,Home,L,1,Hokkaido Nippon-Ham Fighters,1,4,1,"0,1,0,0,0,0,0,0,0",20,Belluna Dome,,02:43,14554,GAME20080909SLNF0728
2008,2008-09-10,Reg Season,Yomiuri Giants,Away,L,4,Chunichi Dragons,4,9,0,"1,0,0,1,2,0,0,0,0",20,Vantelin Dome Nagoya,,03:38,33563,GAME20080910CDYG0731
2008,2008-09-10,Reg Season,Chunichi Dragons,Home,W,11,Yomiuri Giants,11,14,1,"3,0,1,0,0,2,4,1,x",20,Vantelin Dome Nagoya,,03:38,33563,GAME20080910CDYG0731
2008,2008-09-10,Reg Season,Yokohama BayStars,Away,L,3,Hiroshima Toyo Carp,3,7,1,"2,0,1,0,0,0,0,0,0",20,MAZDA Zoom-Zoom Stadium Hiroshima,,03:10,15675,GAME20080910HCDB0734
2008,2008-09-10,Reg Season,Hiroshima Toyo Carp,Home,W,4,Yokohama BayStars,4,8,0,"1,0,0,2,0,1,0,0,x",20,MAZDA Zoom-Zoom Stadium Hiroshima,,03:10,15675,GAME20080910HCDB0734
2008,2008-09-10,Reg Season,Tokyo Yakult Swallows,Away,L,3,Hanshin Tigers,3,15,0,"0,0,1,0,1,0,1,0,0",19,Hanshin Koshien Stadium,,04:01,43244,GAME20080910HTYS0735
2008,2008-09-10,Reg Season,Hanshin Tigers,Home,W,4,Tokyo Yakult Swallows,4,9,0,"3,0,0,0,0,0,0,0,1x",19,Hanshin Koshien Stadium,,04:01,43244,GAME20080910HTYS0735
2008,2008-09-10,Reg Season,Chiba Lotte Marines,Away,L,10,Orix Buffaloes,10,12,1,"0,0,2,0,5,1,2,0,0",21,Kyocera Dome Osaka,,03:58,12307,GAME20080910OBLM0732
2008,2008-09-10,Reg Season,Orix Buffaloes,Home,W,11,Chiba Lotte Marines,11,17,0,"0,1,1,2,3,0,0,1,3x",21,Kyocera Dome Osaka,,03:58,12307,GAME20080910OBLM0732
2008,2008-09-10,Reg Season,Tohoku Rakuten Golden Eagles,Away,L,1,Fukuoka Softbank Hawks,1,5,1,"0,0,0,0,0,0,0,1,0",17,Mizuho PayPay Dome Fukuoka,,03:32,28786,GAME20080910SHRE0733
2008,2008-09-10,Reg Season,Fukuoka Softbank Hawks,Home,W,2,Tohoku Rakuten Golden Eagles,2,8,0,"0,1,0,0,0,0,1,0,x",17,Mizuho PayPay Dome Fukuoka,,03:32,28786,GAME20080910SHRE0733
2008,2008-09-10,Reg Season,Hokkaido Nippon-Ham Fighters,Away,W,6,Saitama Seibu Lions,6,5,1,"3,0,3,0,0,0,0,0,0",21,Belluna Dome,,03:47,14292,GAME20080910SLNF0736
2008,2008-09-10,Reg Season,Saitama Seibu Lions,Home,L,5,Hokkaido Nippon-Ham Fighters,5,13,0,"0,0,3,1,0,0,0,0,1",21,Belluna Dome,,03:47,14292,GAME20080910SLNF0736
2008,2008-09-11,Reg Season,Yomiuri Giants,Away,W,4,Chunichi Dragons,4,10,0,"1,0,0,0,0,0,2,1,0",21,Vantelin Dome Nagoya,,03:22,33348,GAME20080911CDYG0737
2008,2008-09-11,Reg Season,Chunichi Dragons,Home,L,2,Yomiuri Giants,2,10,0,"0,0,0,0,0,1,1,0,0",21,Vantelin Dome Nagoya,,03:22,33348,GAME20080911CDYG0737
2008,2008-09-11,Reg Season,Yokohama BayStars,Away,L,3,Hiroshima Toyo Carp,3,10,1,"0,0,0,0,0,3,0,0,0",21,MAZDA Zoom-Zoom Stadium Hiroshima,,03:04,15012,GAME20080911HCDB0742
2008,2008-09-11,Reg Season,Hiroshima Toyo Carp,Home,W,4,Yokohama BayStars,4,7,0,"0,0,4,0,0,0,0,0,x",21,MAZDA Zoom-Zoom Stadium Hiroshima,,03:04,15012,GAME20080911HCDB0742
2008,2008-09-11,Reg Season,Tokyo Yakult Swallows,Away,L,4,Hanshin Tigers,4,8,0,"2,0,0,0,0,1,1,0,0",20,Hanshin Koshien Stadium,,03:42,43287,GAME20080911HTYS0739
2008,2008-09-11,Reg Season,Hanshin Tigers,Home,W,5,Tokyo Yakult Swallows,5,12,0,"2,0,0,0,0,0,0,0,3x",20,Hanshin Koshien Stadium,,03:42,43287,GAME20080911HTYS0739
2008,2008-09-11,Reg Season,Chiba Lotte Marines,Away,L,1,Orix Buffaloes,1,5,0,"1,0,0,0,0,0,0,0,0",22,Kobe Athletic Park Baseball Field,,02:23,20812,GAME20080911OBLM0741
2008,2008-09-11,Reg Season,Orix Buffaloes,Home,W,6,Chiba Lotte Marines,6,10,0,"0,1,2,0,3,0,0,0,x",22,Kobe Athletic Park Baseball Field,,02:23,20812,GAME20080911OBLM0741
2008,2008-09-11,Reg Season,Tohoku Rakuten Golden Eagles,Away,W,8,Fukuoka Softbank Hawks,8,13,1,"2,0,0,1,2,1,0,0,2",18,Mizuho PayPay Dome Fukuoka,,03:55,27622,GAME20080911SHRE0738
2008,2008-09-11,Reg Season,Fukuoka Softbank Hawks,Home,L,2,Tohoku Rakuten Golden Eagles,2,14,0,"1,0,0,0,0,0,0,0,1",18,Mizuho PayPay Dome Fukuoka,,03:55,27622,GAME20080911SHRE0738
2008,2008-09-11,Reg Season,Hokkaido Nippon-Ham Fighters,Away,L,3,Saitama Seibu Lions,3,7,0,"1,1,0,0,0,0,0,1,0",22,Belluna Dome,,03:16,14016,GAME20080911SLNF0740
2008,2008-09-11,Reg Season,Saitama Seibu Lions,Home,W,5,Hokkaido Nippon-Ham Fighters,5,9,0,"1,0,1,0,1,2,0,0,x",22,Belluna Dome,,03:16,14016,GAME20080911SLNF0740
2008,2008-09-12,Reg Season,Chunichi Dragons,Away,L,1,Yokohama BayStars,1,10,0,"0,0,0,1,0,0,0,0,0",18,Yokohama Stadium,,03:10,10474,GAME20080912DBCD0744
2008,2008-09-12,Reg Season,Yokohama BayStars,Home,W,7,Chunichi Dragons,7,12,0,"0,2,0,0,2,1,2,0,x",18,Yokohama Stadium,,03:10,10474,GAME20080912DBCD0744
2008,2008-09-12,Reg Season,Hiroshima Toyo Carp,Away,W,4,Hanshin Tigers,4,6,3,"0,4,0,0,0,0,0,0,0",21,Hanshin Koshien Stadium,,02:29,43526,GAME20080912HTHC0745
2008,2008-09-12,Reg Season,Hanshin Tigers,Home,L,0,Hiroshima Toyo Carp,0,4,1,"0,0,0,0,0,0,0,0,0",21,Hanshin Koshien Stadium,,02:29,43526,GAME20080912HTHC0745
2008,2008-09-12,Reg Season,Tokyo Yakult Swallows,Away,L,7,Yomiuri Giants,7,11,0,"5,0,0,0,0,2,0,0,0",20,Tokyo Dome,,03:47,41349,GAME20080912YGYS0743
2008,2008-09-12,Reg Season,Yomiuri Giants,Home,W,11,Tokyo Yakult Swallows,11,13,0,"3,0,1,0,2,2,3,0,x",20,Tokyo Dome,,03:47,41349,GAME20080912YGYS0743
2008,2008-09-13,Reg Season,Chunichi Dragons,Away,L,4,Yokohama BayStars,4,7,0,"0,0,3,0,1,0,0,0,0",19,Yokohama Stadium,,03:25,18586,GAME20080913DBCD0748
2008,2008-09-13,Reg Season,Yokohama BayStars,Home,W,5,Chunichi Dragons,5,8,1,"0,1,0,0,0,1,0,3,x",19,Yokohama Stadium,,03:25,18586,GAME20080913DBCD0748
2008,2008-09-13,Reg Season,Hiroshima Toyo Carp,Away,L,0,Hanshin Tigers,0,7,0,"0,0,0,0,0,0,0,0,0,0",22,Hanshin Koshien Stadium,,03:12,43530,GAME20080913HTHC0749
2008,2008-09-13,Reg Season,Hanshin Tigers,Home,W,1,Hiroshima Toyo Carp,1,8,1,"0,0,0,0,0,0,0,0,0,1x",22,Hanshin Koshien Stadium,,03:12,43530,GAME20080913HTHC0749
2008,2008-09-13,Reg Season,Fukuoka Softbank Hawks,Away,L,6,Chiba Lotte Marines,6,13,0,"1,0,1,0,0,2,0,2,0",21,ZOZO Marine Stadium,,03:58,30016,GAME20080913LMSH0750
2008,2008-09-13,Reg Season,Chiba Lotte Marines,Home,W,9,Fukuoka Softbank Hawks,9,12,1,"0,0,4,0,0,3,1,1,x",21,ZOZO Marine Stadium,,03:58,30016,GAME20080913LMSH0750
2008,2008-09-13,Reg Season,Orix Buffaloes,Away,L,4,Hokkaido Nippon-Ham Fighters,4,6,0,"0,0,0,0,0,0,0,4,0",20,Sapporo Dome,,03:32,25074,GAME20080913NFOB0747
2008,2008-09-13,Reg Season,Hokkaido Nippon-Ham Fighters,Home,W,7,Orix Buffaloes,7,10,0,"2,0,1,2,0,2,0,0,x",20,Sapporo Dome,,03:32,25074,GAME20080913NFOB0747
2008,2008-09-13,Reg Season,Saitama Seibu Lions,Away,W,12,Tohoku Rakuten Golden Eagles,12,15,0,"3,0,0,0,0,0,3,4,2",19,Rakuten Seimei Park Miyagi,,03:03,17909,GAME20080913RESL0746
2008,2008-09-13,Reg Season,Tohoku Rakuten Golden Eagles,Home,L,0,Saitama Seibu Lions,0,3,1,"0,0,0,0,0,0,0,0,0",19,Rakuten Seimei Park Miyagi,,03:03,17909,GAME20080913RESL0746
2008,2008-09-13,Reg Season,Tokyo Yakult Swallows,Away,L,8,Yomiuri Giants,8,12,0,"0,2,0,1,1,4,0,0,0",21,Tokyo Dome,,03:33,43100,GAME20080913YGYS0751
2008,2008-09-13,Reg Season,Yomiuri Giants,Home,W,9,Tokyo Yakult Swallows,9,12,0,"1,2,0,4,1,0,0,1,x",21,Tokyo Dome,,03:33,43100,GAME20080913YGYS0751
2008,2008-09-14,Reg Season,Chunichi Dragons,Away,W,8,Yokohama BayStars,8,13,1,"1,0,1,1,5,0,0,0,0",20,Yokohama Stadium,,03:43,16913,GAME20080914DBCD0753
2008,2008-09-14,Reg Season,Yokohama BayStars,Home,L,4,Chunichi Dragons,4,7,2,"2,0,0,2,0,0,0,0,0",20,Yokohama Stadium,,03:43,16913,GAME20080914DBCD0753
2008,2008-09-14,Reg Season,Hiroshima Toyo Carp,Away,W,3,Hanshin Tigers,3,9,1,"0,0,1,2,0,0,0,0,0",23,Hanshin Koshien Stadium,,03:09,43527,GAME20080914HTHC0757
2008,2008-09-14,Reg Season,Hanshin Tigers,Home,L,1,Hiroshima Toyo Carp,1,8,1,"1,0,0,0,0,0,0,0,0",23,Hanshin Koshien Stadium,,03:09,43527,GAME20080914HTHC0757
2008,2008-09-14,Reg Season,Fukuoka Softbank Hawks,Away,L,5,Chiba Lotte Marines,5,12,0,"0,0,0,0,3,2,0,0,0",22,ZOZO Marine Stadium,,03:30,28718,GAME20080914LMSH0754
2008,2008-09-14,Reg Season,Chiba Lotte Marines,Home,W,9,Fukuoka Softbank Hawks,9,14,0,"1,0,0,1,4,0,1,2,x",22,ZOZO Marine Stadium,,03:30,28718,GAME20080914LMSH0754
2008,2008-09-14,Reg Season,Orix Buffaloes,Away,L,6,Hokkaido Nippon-Ham Fighters,6,11,0,"1,0,3,0,0,0,2,0,0",21,Sapporo Dome,,03:48,30457,GAME20080914NFOB0756
2008,2008-09-14,Reg Season,Hokkaido Nippon-Ham Fighters,Home,W,9,Orix Buffaloes,9,14,0,"0,0,1,0,4,4,0,0,x",21,Sapporo Dome,,03:48,30457,GAME20080914NFOB0756
2008,2008-09-14,Reg Season,Saitama Seibu Lions,Away,L,4,Tohoku Rakuten Golden Eagles,4,9,0,"1,0,1,0,1,1,0,0,0",20,Rakuten Seimei Park Miyagi,,03:39,19956,GAME20080914RESL0752
2008,2008-09-14,Reg Season,Tohoku Rakuten Golden Eagles,Home,W,5,Saitama Seibu Lions,5,13,0,"0,3,0,0,0,0,0,2,x",20,Rakuten Seimei Park Miyagi,,03:39,19956,GAME20080914RESL0752
2008,2008-09-14,Reg Season,Tokyo Yakult Swallows,Away,L,2,Yomiuri Giants,2,6,0,"0,0,0,0,1,0,1,0,0",22,Tokyo Dome,,03:05,44304,GAME20080914YGYS0755
2008,2008-09-14,Reg Season,Yomiuri Giants,Home,W,3,Tokyo Yakult Swallows,3,5,1,"0,1,2,0,0,0,0,0,x",22,Tokyo Dome,,03:05,44304,GAME20080914YGYS0755
2008,2008-09-15,Reg Season,Hanshin Tigers,Away,W,7,Chunichi Dragons,7,12,0,"0,1,1,3,2,0,0,0,0",21,Vantelin Dome Nagoya,,03:12,38212,GAME20080915CDHT0761
2008,2008-09-15,Reg Season,Chunichi Dragons,Home,L,4,Hanshin Tigers,4,9,1,"0,0,1,0,2,1,0,0,0",21,Vantelin Dome Nagoya,,03:12,38212,GAME20080915CDHT0761
2008,2008-09-15,Reg Season,Yomiuri Giants,Away,W,6,Yokohama BayStars,6,11,2,"0,0,1,2,0,3,0,0,0",20,Yokohama Stadium,,03:15,21026,GAME20080915DBYG0762
2008,2008-09-15,Reg Season,Yokohama BayStars,Home,L,4,Yomiuri Giants,4,6,0,"0,1,0,0,0,0,0,3,0",20,Yokohama Stadium,,03:15,21026,GAME20080915DBYG0762
2008,2008-09-15,Reg Season,Fukuoka Softbank Hawks,Away,L,7,Chiba Lotte Marines,7,19,0,"1,0,0,2,0,0,2,2,0",23,ZOZO Marine Stadium,,03:54,27334,GAME20080915LMSH0759
2008,2008-09-15,Reg Season,Chiba Lotte Marines,Home,W,8,Fukuoka Softbank Hawks,8,12,0,"1,0,0,3,0,2,1,0,1x",23,ZOZO Marine Stadium,,03:54,27334,GAME20080915LMSH0759
2008,2008-09-15,Reg Season,Orix Buffaloes,Away,L,4,Hokkaido Nippon-Ham Fighters,4,7,3,"0,0,0,0,0,0,0,0,4",22,Sapporo Dome,,03:09,31473,GAME20080915NFOB0760
2008,2008-09-15,Reg Season,Hokkaido Nippon-Ham Fighters,Home,W,5,Orix Buffaloes,5,10,0,"0,1,2,0,0,0,0,0,2x",22,Sapporo Dome,,03:09,31473,GAME20080915NFOB0760
2008,2008-09-15,Reg Season,Saitama Seibu Lions,Away,W,6,Tohoku Rakuten Golden Eagles,6,12,2,"0,0,2,0,1,0,0,0,3",21,Rakuten Seimei Park Miyagi,,04:06,17188,GAME20080915RESL0758
2008,2008-09-15,Reg Season,Tohoku Rakuten Golden Eagles,Home,L,5,Saitama Seibu Lions,5,12,0,"0,0,2,2,1,0,0,0,0",21,Rakuten Seimei Park Miyagi,,04:06,17188,GAME20080915RESL0758
2008,2008-09-15,Reg Season,Hiroshima Toyo Carp,Away,W,2,Tokyo Yakult Swallows,2,11,1,"0,0,0,0,0,2,0,0,0",17,Meiji Jingu Stadium,,03:08,20483,GAME20080915YSHC0763
2008,2008-09-15,Reg Season,Tokyo Yakult Swallows,Home,L,1,Hiroshima Toyo Carp,1,5,0,"0,0,1,0,0,0,0,0,0",17,Meiji Jingu Stadium,,03:08,20483,GAME20080915YSHC0763
2008,2008-09-16,Reg Season,Hanshin Tigers,Away,L,2,Chunichi Dragons,2,10,0,"0,0,0,2,0,0,0,0,0",22,Vantelin Dome Nagoya,,03:14,34382,GAME20080916CDHT0769
2008,2008-09-16,Reg Season,Chunichi Dragons,Home,W,5,Hanshin Tigers,5,6,1,"0,0,3,0,0,0,2,0,x",22,Vantelin Dome Nagoya,,03:14,34382,GAME20080916CDHT0769
2008,2008-09-16,Reg Season,Yomiuri Giants,Away,W,14,Yokohama BayStars,14,16,1,"1,0,3,4,1,2,0,0,3",21,Yokohama Stadium,,03:03,13767,GAME20080916DBYG0766
2008,2008-09-16,Reg Season,Yokohama BayStars,Home,L,1,Yomiuri Giants,1,6,1,"0,0,0,1,0,0,0,0,0",21,Yokohama Stadium,,03:03,13767,GAME20080916DBYG0766
2008,2008-09-16,Reg Season,Fukuoka Softbank Hawks,Away,L,1,Orix Buffaloes,1,6,1,"0,0,0,0,0,0,0,1,0",20,Kyocera Dome Osaka,,03:17,14026,GAME20080916OBSH0768
2008,2008-09-16,Reg Season,Orix Buffaloes,Home,W,4,Fukuoka Softbank Hawks,4,6,1,"0,0,1,0,0,3,0,0,x",20,Kyocera Dome Osaka,,03:17,14026,GAME20080916OBSH0768
2008,2008-09-16,Reg Season,Hokkaido Nippon-Ham Fighters,Away,L,1,Tohoku Rakuten Golden Eagles,1,3,1,"0,0,0,0,0,0,0,1,0",21,Rakuten Seimei Park Miyagi,,02:56,11966,GAME20080916RENF0765
2008,2008-09-16,Reg Season,Tohoku Rakuten Golden Eagles,Home,W,6,Hokkaido Nippon-Ham Fighters,6,12,1,"0,0,0,0,0,0,2,4,x",21,Rakuten Seimei Park Miyagi,,02:56,11966,GAME20080916RENF0765
2008,2008-09-16,Reg Season,Chiba Lotte Marines,Away,L,3,Saitama Seibu Lions,3,9,0,"1,1,0,0,0,1,0,0,0",20,Belluna Dome,,03:09,14250,GAME20080916SLLM0764
2008,2008-09-16,Reg Season,Saitama Seibu Lions,Home,W,4,Chiba Lotte Marines,4,6,0,"0,1,0,3,0,0,0,0,x",20,Belluna Dome,,03:09,14250,GAME20080916SLLM0764
2008,2008-09-16,Reg Season,Hiroshima Toyo Carp,Away,W,6,Tokyo Yakult Swallows,6,12,2,"0,4,0,0,0,0,1,0,0,0,1",18,Meiji Jingu Stadium,,04:38,13728,GAME20080916YSHC0767
2008,2008-09-16,Reg Season,Tokyo Yakult Swallows,Home,L,5,Hiroshima Toyo Carp,5,9,1,"0,2,0,1,2,0,0,0,0,0,0",18,Meiji Jingu Stadium,,04:38,13728,GAME20080916YSHC0767
2008,2008-09-17,Reg Season,Hanshin Tigers,Away,W,11,Chunichi Dragons,11,12,0,"4,2,1,2,0,0,0,2,0",23,Vantelin Dome Nagoya,,03:40,35446,GAME20080917CDHT0773
2008,2008-09-17,Reg Season,Chunichi Dragons,Home,L,6,Hanshin Tigers,6,8,1,"0,0,1,3,2,0,0,0,0",23,Vantelin Dome Nagoya,,03:40,35446,GAME20080917CDHT0773
2008,2008-09-17,Reg Season,Yomiuri Giants,Away,W,6,Yokohama BayStars,6,7,0,"0,2,4,0,0,0,0,0,0",22,Yokohama Stadium,,03:13,17390,GAME20080917DBYG0771
2008,2008-09-17,Reg Season,Yokohama BayStars,Home,L,2,Yomiuri Giants,2,7,0,"0,0,0,0,0,2,0,0,0",22,Yokohama Stadium,,03:13,17390,GAME20080917DBYG0771
2008,2008-09-17,Reg Season,Fukuoka Softbank Hawks,Away,W,4,Orix Buffaloes,4,11,2,"0,0,0,0,0,0,0,0,4",21,Kobe Athletic Park Baseball Field,,03:13,14190,GAME20080917OBSH0772
2008,2008-09-17,Reg Season,Orix Buffaloes,Home,L,2,Fukuoka Softbank Hawks,2,7,0,"2,0,0,0,0,0,0,0,0",21,Kobe Athletic Park Baseball Field,,03:13,14190,GAME20080917OBSH0772
2008,2008-09-17,Reg Season,Hokkaido Nippon-Ham Fighters,Away,L,7,Tohoku Rakuten Golden Eagles,7,13,0,"1,0,1,0,1,1,0,3,0",22,Rakuten Seimei Park Miyagi,,04:07,12430,GAME20080917RENF0774
2008,2008-09-17,Reg Season,Tohoku Rakuten Golden Eagles,Home,W,15,Hokkaido Nippon-Ham Fighters,15,19,2,"4,1,0,0,3,6,1,0,x",22,Rakuten Seimei Park Miyagi,,04:07,12430,GAME20080917RENF0774
2008,2008-09-17,Reg Season,Chiba Lotte Marines,Away,L,4,Saitama Seibu Lions,4,9,1,"0,0,0,3,0,1,0,0,0,0",21,Belluna Dome,,03:48,14493,GAME20080917SLLM0770
2008,2008-09-17,Reg Season,Saitama Seibu Lions,Home,W,5,Chiba Lotte Marines,5,10,0,"0,1,0,0,0,0,3,0,0,1x",21,Belluna Dome,,03:48,14493,GAME20080917SLLM0770
2008,2008-09-17,Reg Season,Hiroshima Toyo Carp,Away,L,1,Tokyo Yakult Swallows,1,8,2,"0,0,0,1,0,0,0,0,0",19,Meiji Jingu Stadium,,02:48,18831,GAME20080917YSHC0775
2008,2008-09-17,Reg Season,Tokyo Yakult Swallows,Home,W,6,Hiroshima Toyo Carp,6,12,0,"1,0,0,0,2,1,0,2,x",19,Meiji Jingu Stadium,,02:48,18831,GAME20080917YSHC0775
2008,2008-09-18,Reg Season,Fukuoka Softbank Hawks,Away,L,1,Orix Buffaloes,1,6,2,"0,0,0,0,0,1,0,0,0",22,Kobe Athletic Park Baseball Field,,02:55,20910,GAME20080918OBSH0777
2008,2008-09-18,Reg Season,Orix Buffaloes,Home,W,7,Fukuoka Softbank Hawks,7,7,0,"1,0,2,0,0,2,2,0,x",22,Kobe Athletic Park Baseball Field,,02:55,20910,GAME20080918OBSH0777
2008,2008-09-18,Reg Season,Hokkaido Nippon-Ham Fighters,Away,L,2,Tohoku Rakuten Golden Eagles,2,7,0,"0,0,0,0,1,0,1,0,0",23,Rakuten Seimei Park Miyagi,,02:58,13697,GAME20080918RENF0778
2008,2008-09-18,Reg Season,Tohoku Rakuten Golden Eagles,Home,W,5,Hokkaido Nippon-Ham Fighters,5,10,0,"0,0,0,0,0,4,0,1,x",23,Rakuten Seimei Park Miyagi,,02:58,13697,GAME20080918RENF0778
2008,2008-09-18,Reg Season,Chiba Lotte Marines,Away,W,6,Saitama Seibu Lions,6,11,1,"0,0,2,0,1,1,0,2,0",22,Belluna Dome,,03:22,14075,GAME20080918SLLM0776
2008,2008-09-18,Reg Season,Saitama Seibu Lions,Home,L,3,Chiba Lotte Marines,3,6,1,"0,0,0,0,0,0,0,3,0",22,Belluna Dome,,03:22,14075,GAME20080918SLLM0776
2008,2008-09-19,Reg Season,Chunichi Dragons,Away,L,1,Hiroshima Toyo Carp,1,5,1,"1,0,0,0,0,0,0,0,0",22,MAZDA Zoom-Zoom Stadium Hiroshima,,03:20,23901,GAME20080919HCCD0780
2008,2008-09-19,Reg Season,Hiroshima Toyo Carp,Home,W,7,Chunichi Dragons,7,9,1,"0,0,2,2,0,1,2,0,x",22,MAZDA Zoom-Zoom Stadium Hiroshima,,03:20,23901,GAME20080919HCCD0780
2008,2008-09-19,Reg Season,Tohoku Rakuten Golden Eagles,Away,T,1,Chiba Lotte Marines,1,4,0,"0,0,0,1,0",21,ZOZO Marine Stadium,,01:51,16531,GAME20080919LMRE0779
2008,2008-09-19,Reg Season,Chiba Lotte Marines,Home,T,1,Tohoku Rakuten Golden Eagles,1,5,0,"0,0,0,0,1",21,ZOZO Marine Stadium,,01:51,16531,GAME20080919LMRE0779
2008,2008-09-19,Reg Season,Hanshin Tigers,Away,L,4,Yomiuri Giants,4,8,0,"0,0,0,0,1,2,0,1,0",20,Tokyo Dome,,03:06,45744,GAME20080919YGHT0781
2008,2008-09-19,Reg Season,Yomiuri Giants,Home,W,6,Hanshin Tigers,6,8,0,"0,1,0,2,1,0,2,0,x",20,Tokyo Dome,,03:06,45744,GAME20080919YGHT0781
2008,2008-09-19,Reg Season,Yokohama BayStars,Away,L,2,Tokyo Yakult Swallows,2,7,2,"1,0,0,1,0",21,Meiji Jingu Stadium,,02:18,7812,GAME20080919YSDB0782
2008,2008-09-19,Reg Season,Tokyo Yakult Swallows,Home,W,6,Yokohama BayStars,6,8,0,"1,0,1,4,0",21,Meiji Jingu Stadium,,02:18,7812,GAME20080919YSDB0782
2008,2008-09-20,Reg Season,Chunichi Dragons,Away,L,0,Hiroshima Toyo Carp,0,4,0,"0,0,0,0,0,0,0,0,0",23,MAZDA Zoom-Zoom Stadium Hiroshima,,03:23,29632,GAME20080920HCCD0788
2008,2008-09-20,Reg Season,Hiroshima Toyo Carp,Home,W,10,Chunichi Dragons,10,15,0,"2,0,0,0,0,4,4,0,x",23,MAZDA Zoom-Zoom Stadium Hiroshima,,03:23,29632,GAME20080920HCCD0788
2008,2008-09-20,Reg Season,Tohoku Rakuten Golden Eagles,Away,L,1,Chiba Lotte Marines,1,2,0,"0,0,0,0,0,0,1,0,0",22,ZOZO Marine Stadium,,03:11,28612,GAME20080920LMRE0784
2008,2008-09-20,Reg Season,Chiba Lotte Marines,Home,W,4,Tohoku Rakuten Golden Eagles,4,8,1,"4,0,0,0,0,0,0,0,x",22,ZOZO Marine Stadium,,03:11,28612,GAME20080920LMRE0784
2008,2008-09-20,Reg Season,Hokkaido Nippon-Ham Fighters,Away,L,1,Orix Buffaloes,1,10,0,"0,0,0,0,0,0,1,0,0",23,Kyocera Dome Osaka,,02:58,20222,GAME20080920OBNF0783
2008,2008-09-20,Reg Season,Orix Buffaloes,Home,W,6,Hokkaido Nippon-Ham Fighters,6,9,0,"0,6,0,0,0,0,0,0,x",23,Kyocera Dome Osaka,,02:58,20222,GAME20080920OBNF0783
2008,2008-09-20,Reg Season,Saitama Seibu Lions,Away,W,1,Fukuoka Softbank Hawks,1,7,0,"0,0,0,0,0,0,0,0,0,1",23,Mizuho PayPay Dome Fukuoka,,03:23,29788,GAME20080920SHSL0787
2008,2008-09-20,Reg Season,Fukuoka Softbank Hawks,Home,L,0,Saitama Seibu Lions,0,10,0,"0,0,0,0,0,0,0,0,0,0",23,Mizuho PayPay Dome Fukuoka,,03:23,29788,GAME20080920SHSL0787
2008,2008-09-20,Reg Season,Hanshin Tigers,Away,L,1,Yomiuri Giants,1,8,1,"0,1,0,0,0,0,0,0,0",21,Tokyo Dome,,02:58,46776,GAME20080920YGHT0785
2008,2008-09-20,Reg Season,Yomiuri Giants,Home,W,9,Hanshin Tigers,9,13,0,"4,3,0,2,0,0,0,0,x",21,Tokyo Dome,,02:58,46776,GAME20080920YGHT0785
2008,2008-09-20,Reg Season,Yokohama BayStars,Away,L,1,Tokyo Yakult Swallows,1,6,2,"0,0,0,0,1,0,0,0,0",22,Meiji Jingu Stadium,,03:15,15793,GAME20080920YSDB0786
2008,2008-09-20,Reg Season,Tokyo Yakult Swallows,Home,W,4,Yokohama BayStars,4,7,0,"0,2,0,0,0,0,0,2,x",22,Meiji Jingu Stadium,,03:15,15793,GAME20080920YSDB0786
2008,2008-09-21,Reg Season,Chunichi Dragons,Away,W,4,Hiroshima Toyo Carp,4,5,2,"4,0,0,0,0,0,0,0,0",24,MAZDA Zoom-Zoom Stadium Hiroshima,,03:00,29960,GAME20080921HCCD0791
2008,2008-09-21,Reg Season,Hiroshima Toyo Carp,Home,L,2,Chunichi Dragons,2,12,0,"0,0,0,1,0,0,1,0,0",24,MAZDA Zoom-Zoom Stadium Hiroshima,,03:00,29960,GAME20080921HCCD0791
2008,2008-09-21,Reg Season,Hokkaido Nippon-Ham Fighters,Away,W,10,Orix Buffaloes,10,22,0,"0,0,1,1,0,5,0,1,2",24,Kyocera Dome Osaka,,03:47,25036,GAME20080921OBNF0789
2008,2008-09-21,Reg Season,Orix Buffaloes,Home,L,5,Hokkaido Nippon-Ham Fighters,5,7,0,"0,0,5,0,0,0,0,0,0",24,Kyocera Dome Osaka,,03:47,25036,GAME20080921OBNF0789
2008,2008-09-21,Reg Season,Saitama Seibu Lions,Away,W,10,Fukuoka Softbank Hawks,10,12,2,"0,3,0,0,0,0,0,1,6",24,Mizuho PayPay Dome Fukuoka,,03:33,32108,GAME20080921SHSL0792
2008,2008-09-21,Reg Season,Fukuoka Softbank Hawks,Home,L,5,Saitama Seibu Lions,5,7,1,"0,0,0,1,0,0,1,0,3",24,Mizuho PayPay Dome Fukuoka,,03:33,32108,GAME20080921SHSL0792
2008,2008-09-21,Reg Season,Hanshin Tigers,Away,L,5,Yomiuri Giants,5,7,0,"0,1,0,1,0,0,0,1,2",22,Tokyo Dome,,03:12,46731,GAME20080921YGHT0790
2008,2008-09-21,Reg Season,Yomiuri Giants,Home,W,9,Hanshin Tigers,9,9,1,"0,0,0,0,8,1,0,0,x",22,Tokyo Dome,,03:12,46731,GAME20080921YGHT0790
2008,2008-09-22,Reg Season,Tokyo Yakult Swallows,Away,L,0,Chunichi Dragons,0,4,0,"0,0,0,0,0,0,0,0,0",21,Vantelin Dome Nagoya,,02:48,29963,GAME20080922CDYS0798
2008,2008-09-22,Reg Season,Chunichi Dragons,Home,W,7,Tokyo Yakult Swallows,7,14,0,"0,2,3,1,0,0,1,0,x",21,Vantelin Dome Nagoya,,02:48,29963,GAME20080922CDYS0798
2008,2008-09-22,Reg Season,Yomiuri Giants,Away,W,9,Hiroshima Toyo Carp,9,12,0,"2,0,2,1,0,1,3,0,0",21,MAZDA Zoom-Zoom Stadium Hiroshima,,03:07,29950,GAME20080922HCYG0795
2008,2008-09-22,Reg Season,Hiroshima Toyo Carp,Home,L,1,Yomiuri Giants,1,8,2,"0,0,0,0,1,0,0,0,0",21,MAZDA Zoom-Zoom Stadium Hiroshima,,03:07,29950,GAME20080922HCYG0795
2008,2008-09-22,Reg Season,Yokohama BayStars,Away,L,2,Hanshin Tigers,2,5,1,"0,0,0,2,0,0,0,0,0",19,Hanshin Koshien Stadium,,03:24,43526,GAME20080922HTDB0793
2008,2008-09-22,Reg Season,Hanshin Tigers,Home,W,3,Yokohama BayStars,3,10,2,"1,2,0,0,0,0,0,0,x",19,Hanshin Koshien Stadium,,03:24,43526,GAME20080922HTDB0793
2008,2008-09-22,Reg Season,Chiba Lotte Marines,Away,L,1,Orix Buffaloes,1,3,1,"1,0,0,0,0,0,0,0,0",23,Kyocera Dome Osaka,,02:21,14286,GAME20080922OBLM0794
2008,2008-09-22,Reg Season,Orix Buffaloes,Home,W,5,Chiba Lotte Marines,5,5,0,"0,0,0,4,1,0,0,0,x",23,Kyocera Dome Osaka,,02:21,14286,GAME20080922OBLM0794
2008,2008-09-22,Reg Season,Hokkaido Nippon-Ham Fighters,Away,W,9,Fukuoka Softbank Hawks,9,11,0,"2,0,3,3,0,0,0,1,0",23,Mizuho PayPay Dome Fukuoka,,03:16,30491,GAME20080922SHNF0796
2008,2008-09-22,Reg Season,Fukuoka Softbank Hawks,Home,L,0,Hokkaido Nippon-Ham Fighters,0,3,1,"0,0,0,0,0,0,0,0,0",23,Mizuho PayPay Dome Fukuoka,,03:16,30491,GAME20080922SHNF0796
2008,2008-09-22,Reg Season,Tohoku Rakuten Golden Eagles,Away,W,6,Saitama Seibu Lions,6,12,0,"0,1,0,0,0,2,2,0,1",22,Belluna Dome,,03:15,26361,GAME20080922SLRE0797
2008,2008-09-22,Reg Season,Saitama Seibu Lions,Home,L,1,Tohoku Rakuten Golden Eagles,1,6,1,"0,1,0,0,0,0,0,0,0",22,Belluna Dome,,03:15,26361,GAME20080922SLRE0797
2008,2008-09-23,Reg Season,Tokyo Yakult Swallows,Away,W,4,Chunichi Dragons,4,9,1,"0,0,0,0,2,0,0,2,0",22,Vantelin Dome Nagoya,,02:50,28868,GAME20080923CDYS0802
2008,2008-09-23,Reg Season,Chunichi Dragons,Home,L,2,Tokyo Yakult Swallows,2,6,2,"0,0,0,0,0,0,0,2,0",22,Vantelin Dome Nagoya,,02:50,28868,GAME20080923CDYS0802
2008,2008-09-23,Reg Season,Yomiuri Giants,Away,T,4,Hiroshima Toyo Carp,4,15,0,"0,0,0,0,0,0,0,4,0,0,0,0",22,MAZDA Zoom-Zoom Stadium Hiroshima,,04:38,30440,GAME20080923HCYG0800
2008,2008-09-23,Reg Season,Hiroshima Toyo Carp,Home,T,4,Yomiuri Giants,4,9,0,"0,0,2,0,0,0,0,2,0,0,0,0",22,MAZDA Zoom-Zoom Stadium Hiroshima,,04:38,30440,GAME20080923HCYG0800
2008,2008-09-23,Reg Season,Yokohama BayStars,Away,T,1,Hanshin Tigers,1,9,0,"0,0,0,0,0,1,0,0,0,0,0,0",20,Hanshin Koshien Stadium,,04:20,43527,GAME20080923HTDB0799
2008,2008-09-23,Reg Season,Hanshin Tigers,Home,T,1,Yokohama BayStars,1,3,0,"0,0,0,0,0,1,0,0,0,0,0,0",20,Hanshin Koshien Stadium,,04:20,43527,GAME20080923HTDB0799
2008,2008-09-23,Reg Season,Chiba Lotte Marines,Away,W,6,Orix Buffaloes,6,12,0,"0,2,0,0,1,2,0,0,1",24,Kyocera Dome Osaka,,03:15,24720,GAME20080923OBLM0803
2008,2008-09-23,Reg Season,Orix Buffaloes,Home,L,1,Chiba Lotte Marines,1,7,0,"0,0,0,0,0,0,0,1,0",24,Kyocera Dome Osaka,,03:15,24720,GAME20080923OBLM0803
2008,2008-09-23,Reg Season,Hokkaido Nippon-Ham Fighters,Away,W,5,Fukuoka Softbank Hawks,5,9,0,"0,0,1,3,1,0,0,0,0",24,Mizuho PayPay Dome Fukuoka,,03:15,30278,GAME20080923SHNF0804
2008,2008-09-23,Reg Season,Fukuoka Softbank Hawks,Home,L,2,Hokkaido Nippon-Ham Fighters,2,11,0,"0,0,0,0,0,0,0,0,2",24,Mizuho PayPay Dome Fukuoka,,03:15,30278,GAME20080923SHNF0804
2008,2008-09-23,Reg Season,Tohoku Rakuten Golden Eagles,Away,W,10,Saitama Seibu Lions,10,10,3,"1,0,2,0,0,0,0,2,5",23,Belluna Dome,,04:22,33229,GAME20080923SLRE0801
2008,2008-09-23,Reg Season,Saitama Seibu Lions,Home,L,7,Tohoku Rakuten Golden Eagles,7,10,1,"0,1,0,0,0,0,1,5,0",23,Belluna Dome,,04:22,33229,GAME20080923SLRE0801
2008,2008-09-24,Reg Season,Tokyo Yakult Swallows,Away,L,3,Chunichi Dragons,3,7,1,"2,0,0,0,0,0,0,1,0",23,Vantelin Dome Nagoya,,03:24,25680,GAME20080924CDYS0809
2008,2008-09-24,Reg Season,Chunichi Dragons,Home,W,9,Tokyo Yakult Swallows,9,16,0,"0,4,0,0,3,0,0,2,x",23,Vantelin Dome Nagoya,,03:24,25680,GAME20080924CDYS0809
2008,2008-09-24,Reg Season,Yomiuri Giants,Away,W,6,Hiroshima Toyo Carp,6,11,0,"2,0,0,0,0,1,3,0,0",23,MAZDA Zoom-Zoom Stadium Hiroshima,,02:58,29627,GAME20080924HCYG0808
2008,2008-09-24,Reg Season,Hiroshima Toyo Carp,Home,L,2,Yomiuri Giants,2,6,2,"0,0,0,0,0,0,2,0,0",23,MAZDA Zoom-Zoom Stadium Hiroshima,,02:58,29627,GAME20080924HCYG0808
2008,2008-09-24,Reg Season,Yokohama BayStars,Away,L,2,Hanshin Tigers,2,7,0,"1,0,0,0,0,1,0,0,0",21,Hanshin Koshien Stadium,,03:16,43522,GAME20080924HTDB0805
2008,2008-09-24,Reg Season,Hanshin Tigers,Home,W,5,Yokohama BayStars,5,10,0,"0,0,2,2,0,0,0,1,x",21,Hanshin Koshien Stadium,,03:16,43522,GAME20080924HTDB0805
2008,2008-09-24,Reg Season,Orix Buffaloes,Away,W,4,Fukuoka Softbank Hawks,4,10,1,"0,0,0,0,1,1,2,0,0",23,Mizuho PayPay Dome Fukuoka,,03:41,35526,GAME20080924SHOB0807
2008,2008-09-24,Reg Season,Fukuoka Softbank Hawks,Home,L,1,Orix Buffaloes,1,7,0,"0,0,0,0,0,0,0,0,1",23,Mizuho PayPay Dome Fukuoka,,03:41,35526,GAME20080924SHOB0807
2008,2008-09-24,Reg Season,Chiba Lotte Marines,Away,W,9,Saitama Seibu Lions,9,13,1,"0,0,0,7,0,1,0,1,0",23,Belluna Dome,,03:38,28613,GAME20080924SLLM0806
2008,2008-09-24,Reg Season,Saitama Seibu Lions,Home,L,1,Chiba Lotte Marines,1,9,0,"0,0,0,1,0,0,0,0,0",23,Belluna Dome,,03:38,28613,GAME20080924SLLM0806
2008,2008-09-25,Reg Season,Yomiuri Giants,Away,L,4,Hiroshima Toyo Carp,4,9,1,"2,0,0,0,1,1,0,0,0",24,MAZDA Zoom-Zoom Stadium Hiroshima,,03:26,29867,GAME20080925HCYG0810
2008,2008-09-25,Reg Season,Hiroshima Toyo Carp,Home,W,5,Yomiuri Giants,5,10,2,"3,0,0,1,0,0,1,0,x",24,MAZDA Zoom-Zoom Stadium Hiroshima,,03:26,29867,GAME20080925HCYG0810
2008,2008-09-25,Reg Season,Yokohama BayStars,Away,L,3,Hanshin Tigers,3,8,0,"0,0,0,0,1,2,0,0,0",22,Hanshin Koshien Stadium,,03:12,41796,GAME20080925HTDB0811
2008,2008-09-25,Reg Season,Hanshin Tigers,Home,W,5,Yokohama BayStars,5,11,0,"0,0,0,5,0,0,0,0,x",22,Hanshin Koshien Stadium,,03:12,41796,GAME20080925HTDB0811
2008,2008-09-26,Reg Season,Saitama Seibu Lions,Away,L,0,Hokkaido Nippon-Ham Fighters,0,2,1,"0,0,0,0,0,0,0,0,0",23,Sapporo Dome,,02:37,28331,GAME20080926NFSL0813
2008,2008-09-26,Reg Season,Hokkaido Nippon-Ham Fighters,Home,W,2,Saitama Seibu Lions,2,6,0,"1,0,0,1,0,0,0,0,x",23,Sapporo Dome,,02:37,28331,GAME20080926NFSL0813
2008,2008-09-26,Reg Season,Orix Buffaloes,Away,L,1,Tohoku Rakuten Golden Eagles,1,3,0,"0,0,0,0,0,0,1,0,0",23,Rakuten Seimei Park Miyagi,,02:36,14951,GAME20080926REOB0812
2008,2008-09-26,Reg Season,Tohoku Rakuten Golden Eagles,Home,W,13,Orix Buffaloes,13,13,0,"2,8,0,3,0,0,0,0,x",23,Rakuten Seimei Park Miyagi,,02:36,14951,GAME20080926REOB0812
2008,2008-09-27,Reg Season,Yokohama BayStars,Away,L,4,Chunichi Dragons,4,5,0,"4,0,0,0,0,0,0,0,0",21,Vantelin Dome Nagoya,,03:18,31541,GAME20080927CDDB0817
2008,2008-09-27,Reg Season,Chunichi Dragons,Home,W,5,Yokohama BayStars,5,8,0,"2,0,0,2,0,0,0,0,1x",21,Vantelin Dome Nagoya,,03:18,31541,GAME20080927CDDB0817
2008,2008-09-27,Reg Season,Tokyo Yakult Swallows,Away,L,0,Hiroshima Toyo Carp,0,4,0,"0,0,0,0,0,0,0,0,0",20,MAZDA Zoom-Zoom Stadium Hiroshima,,02:43,29632,GAME20080927HCYS0815
2008,2008-09-27,Reg Season,Hiroshima Toyo Carp,Home,W,5,Tokyo Yakult Swallows,5,8,1,"0,1,0,3,1,0,0,0,x",20,MAZDA Zoom-Zoom Stadium Hiroshima,,02:43,29632,GAME20080927HCYS0815
2008,2008-09-27,Reg Season,Yomiuri Giants,Away,W,6,Hanshin Tigers,6,14,0,"0,0,3,3,0,0,0,0,0",23,Hanshin Koshien Stadium,,04:06,43515,GAME20080927HTYG0816
2008,2008-09-27,Reg Season,Hanshin Tigers,Home,L,4,Yomiuri Giants,4,8,1,"0,1,1,0,0,2,0,0,0",23,Hanshin Koshien Stadium,,04:06,43515,GAME20080927HTYG0816
2008,2008-09-27,Reg Season,Fukuoka Softbank Hawks,Away,L,2,Chiba Lotte Marines,2,6,0,"0,0,0,0,0,0,0,2,0",24,ZOZO Marine Stadium,,02:50,30018,GAME20080927LMSH0814
2008,2008-09-27,Reg Season,Chiba Lotte Marines,Home,W,4,Fukuoka Softbank Hawks,4,11,0,"0,2,0,0,0,0,2,0,x",24,ZOZO Marine Stadium,,02:50,30018,GAME20080927LMSH0814
2008,2008-09-27,Reg Season,Saitama Seibu Lions,Away,L,4,Hokkaido Nippon-Ham Fighters,4,8,2,"0,0,2,0,0,0,0,2,0",24,Sapporo Dome,,03:24,35460,GAME20080927NFSL0818
2008,2008-09-27,Reg Season,Hokkaido Nippon-Ham Fighters,Home,W,5,Saitama Seibu Lions,5,6,0,"2,0,0,0,0,0,3,0,x",24,Sapporo Dome,,03:24,35460,GAME20080927NFSL0818
2008,2008-09-27,Reg Season,Orix Buffaloes,Away,L,4,Tohoku Rakuten Golden Eagles,4,8,0,"1,0,2,0,0,0,0,1,0,0,0",24,Rakuten Seimei Park Miyagi,,04:24,20309,GAME20080927REOB0819
2008,2008-09-27,Reg Season,Tohoku Rakuten Golden Eagles,Home,W,6,Orix Buffaloes,6,13,2,"1,1,0,0,0,0,0,1,1,0,2x",24,Rakuten Seimei Park Miyagi,,04:24,20309,GAME20080927REOB0819
2008,2008-09-28,Reg Season,Yomiuri Giants,Away,L,0,Chunichi Dragons,0,5,0,"0,0,0,0,0,0,0,0,0",22,Vantelin Dome Nagoya,,02:28,38086,GAME20080928CDYG0824
2008,2008-09-28,Reg Season,Chunichi Dragons,Home,W,1,Yomiuri Giants,1,6,0,"0,0,0,0,0,0,0,1,x",22,Vantelin Dome Nagoya,,02:28,38086,GAME20080928CDYG0824
2008,2008-09-28,Reg Season,Tokyo Yakult Swallows,Away,L,3,Hiroshima Toyo Carp,3,10,1,"0,0,0,0,0,0,2,0,1",21,MAZDA Zoom-Zoom Stadium Hiroshima,,02:46,30609,GAME20080928HCYS0821
2008,2008-09-28,Reg Season,Hiroshima Toyo Carp,Home,W,6,Tokyo Yakult Swallows,6,8,2,"2,0,0,1,2,1,0,0,x",21,MAZDA Zoom-Zoom Stadium Hiroshima,,02:46,30609,GAME20080928HCYS0821
2008,2008-09-28,Reg Season,Chiba Lotte Marines,Away,W,4,Hokkaido Nippon-Ham Fighters,4,15,2,"0,0,0,0,0,0,0,4,0",23,Sapporo Dome,,03:31,42126,GAME20080928NFLM0820
2008,2008-09-28,Reg Season,Hokkaido Nippon-Ham Fighters,Home,L,1,Chiba Lotte Marines,1,3,1,"0,0,0,0,1,0,0,0,0",23,Sapporo Dome,,03:31,42126,GAME20080928NFLM0820
2008,2008-09-28,Reg Season,Fukuoka Softbank Hawks,Away,W,7,Tohoku Rakuten Golden Eagles,7,9,1,"5,0,0,0,0,0,0,0,2",19,Rakuten Seimei Park Miyagi,,03:04,20019,GAME20080928RESH0822
2008,2008-09-28,Reg Season,Tohoku Rakuten Golden Eagles,Home,L,2,Fukuoka Softbank Hawks,2,4,3,"0,0,1,0,0,0,0,0,1",19,Rakuten Seimei Park Miyagi,,03:04,20019,GAME20080928RESH0822
2008,2008-09-28,Reg Season,Orix Buffaloes,Away,W,7,Saitama Seibu Lions,7,11,0,"0,0,0,1,3,3,0,0,0",23,Belluna Dome,,02:59,33229,GAME20080928SLOB0823
2008,2008-09-28,Reg Season,Saitama Seibu Lions,Home,L,2,Orix Buffaloes,2,5,1,"1,0,0,0,0,1,0,0,0",23,Belluna Dome,,02:59,33229,GAME20080928SLOB0823
2008,2008-09-29,Reg Season,Hiroshima Toyo Carp,Away,L,3,Hanshin Tigers,3,10,0,"0,0,0,0,0,2,1,0,0",24,Hanshin Koshien Stadium,,03:01,43513,GAME20080929HTHC0827
2008,2008-09-29,Reg Season,Hanshin Tigers,Home,W,5,Hiroshima Toyo Carp,5,10,0,"0,1,0,2,0,0,0,2,x",24,Hanshin Koshien Stadium,,03:01,43513,GAME20080929HTHC0827
2008,2008-09-29,Reg Season,Chiba Lotte Marines,Away,L,1,Hokkaido Nippon-Ham Fighters,1,5,0,"0,0,0,0,0,0,1,0,0",24,Sapporo Dome,,02:17,42126,GAME20080929NFLM0826
2008,2008-09-29,Reg Season,Hokkaido Nippon-Ham Fighters,Home,W,2,Chiba Lotte Marines,2,5,0,"0,0,0,0,0,1,0,1,x",24,Sapporo Dome,,02:17,42126,GAME20080929NFLM0826
2008,2008-09-29,Reg Season,Fukuoka Softbank Hawks,Away,W,4,Tohoku Rakuten Golden Eagles,4,6,0,"1,1,0,0,2,0,0,0,0",20,Rakuten Seimei Park Miyagi,,03:39,12948,GAME20080929RESH0825
2008,2008-09-29,Reg Season,Tohoku Rakuten Golden Eagles,Home,L,2,Fukuoka Softbank Hawks,2,7,3,"0,0,0,0,0,0,0,0,2",20,Rakuten Seimei Park Miyagi,,03:39,12948,GAME20080929RESH0825
2008,2008-09-29,Reg Season,Orix Buffaloes,Away,W,4,Saitama Seibu Lions,4,9,2,"2,0,0,0,0,1,0,0,0,1",24,Belluna Dome,,04:25,27611,GAME20080929SLOB0828
2008,2008-09-29,Reg Season,Saitama Seibu Lions,Home,L,3,Orix Buffaloes,3,9,0,"1,0,0,0,0,2,0,0,0,0",24,Belluna Dome,,04:25,27611,GAME20080929SLOB0828
2008,2008-09-30,Reg Season,Yomiuri Giants,Away,W,3,Yokohama BayStars,3,9,0,"0,1,0,0,2,0,0,0,0",23,Yokohama Stadium,,02:45,8923,GAME20080930DBYG0829
2008,2008-09-30,Reg Season,Yokohama BayStars,Home,L,0,Yomiuri Giants,0,3,0,"0,0,0,0,0,0,0,0,0",23,Yokohama Stadium,,02:45,8923,GAME20080930DBYG0829
2008,2008-09-30,Reg Season,Fukuoka Softbank Hawks,Away,L,5,Tohoku Rakuten Golden Eagles,5,13,1,"0,0,1,0,0,3,1,0,0",21,Rakuten Seimei Park Miyagi,,04:41,10818,GAME20080930RESH0831
2008,2008-09-30,Reg Season,Tohoku Rakuten Golden Eagles,Home,W,15,Fukuoka Softbank Hawks,15,20,1,"0,3,0,0,1,0,4,7,x",21,Rakuten Seimei Park Miyagi,,04:41,10818,GAME20080930RESH0831
2008,2008-09-30,Reg Season,Hiroshima Toyo Carp,Away,L,0,Tokyo Yakult Swallows,0,7,2,"0,0,0,0,0,0,0,0,0",22,Meiji Jingu Stadium,,02:46,10247,GAME20080930YSHC0830
2008,2008-09-30,Reg Season,Tokyo Yakult Swallows,Home,W,8,Hiroshima Toyo Carp,8,9,0,"0,0,0,0,0,5,1,2,x",22,Meiji Jingu Stadium,,02:46,10247,GAME20080930YSHC0830
2008,2008-10-01,Reg Season,Chunichi Dragons,Away,W,3,Yokohama BayStars,3,6,0,"0,0,0,0,3,0,0,0,0",22,Yokohama Stadium,,03:00,6296,GAME20081001DBCD0833
2008,2008-10-01,Reg Season,Yokohama BayStars,Home,L,1,Chunichi Dragons,1,9,1,"0,0,0,0,0,0,0,0,1",22,Yokohama Stadium,,03:00,6296,GAME20081001DBCD0833
2008,2008-10-01,Reg Season,Saitama Seibu Lions,Away,W,9,Chiba Lotte Marines,9,15,1,"0,7,0,2,0,0,0,0,0",24,ZOZO Marine Stadium,,03:26,24752,GAME20081001LMSL0834
2008,2008-10-01,Reg Season,Chiba Lotte Marines,Home,L,5,Saitama Seibu Lions,5,13,0,"0,1,0,2,2,0,0,0,0",24,ZOZO Marine Stadium,,03:26,24752,GAME20081001LMSL0834
2008,2008-10-01,Reg Season,Fukuoka Softbank Hawks,Away,L,1,Orix Buffaloes,1,5,0,"0,0,0,0,1,0,0,0,0",24,Kyocera Dome Osaka,,02:35,30175,GAME20081001OBSH0835
2008,2008-10-01,Reg Season,Orix Buffaloes,Home,W,4,Fukuoka Softbank Hawks,4,8,0,"0,0,0,2,0,2,0,0,x",24,Kyocera Dome Osaka,,02:35,30175,GAME20081001OBSH0835
2008,2008-10-01,Reg Season,Hokkaido Nippon-Ham Fighters,Away,W,17,Tohoku Rakuten Golden Eagles,17,28,0,"1,5,1,0,6,1,2,0,1",24,Rakuten Seimei Park Miyagi,,03:38,14953,GAME20081001RENF0836
2008,2008-10-01,Reg Season,Tohoku Rakuten Golden Eagles,Home,L,0,Hokkaido Nippon-Ham Fighters,0,8,0,"0,0,0,0,0,0,0,0,0",24,Rakuten Seimei Park Miyagi,,03:38,14953,GAME20081001RENF0836
2008,2008-10-01,Reg Season,Hiroshima Toyo Carp,Away,L,3,Tokyo Yakult Swallows,3,8,0,"0,1,0,0,2,0,0,0,0",23,Meiji Jingu Stadium,,03:12,13356,GAME20081001YSHC0832
2008,2008-10-01,Reg Season,Tokyo Yakult Swallows,Home,W,13,Hiroshima Toyo Carp,13,15,0,"0,0,1,9,1,2,0,0,x",23,Meiji Jingu Stadium,,03:12,13356,GAME20081001YSHC0832
2008,2008-10-02,Reg Season,Chunichi Dragons,Away,W,6,Yokohama BayStars,6,11,1,"0,0,0,0,1,0,0,2,0,3",23,Yokohama Stadium,,03:45,7765,GAME20081002DBCD0838
2008,2008-10-02,Reg Season,Yokohama BayStars,Home,L,4,Chunichi Dragons,4,11,0,"3,0,0,0,0,0,0,0,0,1",23,Yokohama Stadium,,03:45,7765,GAME20081002DBCD0838
2008,2008-10-02,Reg Season,Tohoku Rakuten Golden Eagles,Away,L,1,Chiba Lotte Marines,1,2,0,"0,0,0,0,0,0,1,0,0",23,ZOZO Marine Stadium,,02:47,13470,GAME20081002LMRE0839
2008,2008-10-02,Reg Season,Chiba Lotte Marines,Home,W,2,Tohoku Rakuten Golden Eagles,2,7,0,"0,0,2,0,0,0,0,0,x",23,ZOZO Marine Stadium,,02:47,13470,GAME20081002LMRE0839
2008,2008-10-02,Reg Season,Hiroshima Toyo Carp,Away,W,1,Tokyo Yakult Swallows,1,5,0,"0,0,0,0,0,0,0,0,1",24,Meiji Jingu Stadium,,02:42,13615,GAME20081002YSHC0837
2008,2008-10-02,Reg Season,Tokyo Yakult Swallows,Home,L,0,Hiroshima Toyo Carp,0,5,1,"0,0,0,0,0,0,0,0,0",24,Meiji Jingu Stadium,,02:42,13615,GAME20081002YSHC0837
2008,2008-10-03,Reg Season,Chunichi Dragons,Away,W,7,Yokohama BayStars,7,13,0,"0,1,1,0,4,1,0,0,0",24,Yokohama Stadium,,03:10,8130,GAME20081003DBCD0841
2008,2008-10-03,Reg Season,Yokohama BayStars,Home,L,2,Chunichi Dragons,2,11,0,"0,0,0,1,0,0,0,0,1",24,Yokohama Stadium,,03:10,8130,GAME20081003DBCD0841
2008,2008-10-03,Reg Season,Tohoku Rakuten Golden Eagles,Away,L,3,Chiba Lotte Marines,3,6,1,"0,0,0,0,3,0,0,0,0",24,ZOZO Marine Stadium,,03:04,23475,GAME20081003LMRE0842
2008,2008-10-03,Reg Season,Chiba Lotte Marines,Home,W,7,Tohoku Rakuten Golden Eagles,7,10,0,"0,0,0,0,6,1,0,0,x",24,ZOZO Marine Stadium,,03:04,23475,GAME20081003LMRE0842
2008,2008-10-03,Reg Season,Hanshin Tigers,Away,L,5,Tokyo Yakult Swallows,5,12,0,"0,0,0,1,3,1,0,0,0",21,Meiji Jingu Stadium,,03:32,22449,GAME20081003YSHT0840
2008,2008-10-03,Reg Season,Tokyo Yakult Swallows,Home,W,7,Hanshin Tigers,7,11,1,"0,0,0,0,0,0,4,3,x",21,Meiji Jingu Stadium,,03:32,22449,GAME20081003YSHT0840
2008,2008-10-04,Reg Season,Hiroshima Toyo Carp,Away,L,5,Yokohama BayStars,5,9,0,"0,0,0,1,0,2,0,2,0",22,Yokohama Stadium,,03:05,18003,GAME20081004DBHC0845
2008,2008-10-04,Reg Season,Yokohama BayStars,Home,W,14,Hiroshima Toyo Carp,14,18,0,"3,0,1,4,1,4,1,0,x",22,Yokohama Stadium,,03:05,18003,GAME20081004DBHC0845
2008,2008-10-04,Reg Season,Saitama Seibu Lions,Away,L,3,Tohoku Rakuten Golden Eagles,3,10,3,"0,0,1,0,0,1,1,0,0,0",24,Rakuten Seimei Park Miyagi,,04:07,14063,GAME20081004RESL0846
2008,2008-10-04,Reg Season,Tohoku Rakuten Golden Eagles,Home,W,4,Saitama Seibu Lions,4,10,0,"0,0,0,1,0,2,0,0,0,1x",24,Rakuten Seimei Park Miyagi,,04:07,14063,GAME20081004RESL0846
2008,2008-10-04,Reg Season,Chunichi Dragons,Away,W,4,Yomiuri Giants,4,6,0,"0,1,0,0,0,0,0,0,3",23,Tokyo Dome,,03:16,45124,GAME20081004YGCD0843
2008,2008-10-04,Reg Season,Yomiuri Giants,Home,L,3,Chunichi Dragons,3,7,0,"0,0,0,1,0,0,0,0,2",23,Tokyo Dome,,03:16,45124,GAME20081004YGCD0843
2008,2008-10-04,Reg Season,Hanshin Tigers,Away,T,2,Tokyo Yakult Swallows,2,8,1,"1,0,0,1,0,0,0,0,0,0,0,0",22,Meiji Jingu Stadium,,03:54,31591,GAME20081004YSHT0844
2008,2008-10-04,Reg Season,Tokyo Yakult Swallows,Home,T,2,Hanshin Tigers,2,7,0,"2,0,0,0,0,0,0,0,0,0,0,0",22,Meiji Jingu Stadium,,03:54,31591,GAME20081004YSHT0844
2008,2008-10-05,Reg Season,Hiroshima Toyo Carp,Away,W,7,Yokohama BayStars,7,15,0,"0,2,2,0,1,0,2,0,0",23,Yokohama Stadium,,03:19,18738,GAME20081005DBHC0848
2008,2008-10-05,Reg Season,Yokohama BayStars,Home,L,2,Hiroshima Toyo Carp,2,9,0,"0,0,0,1,0,0,0,1,0",23,Yokohama Stadium,,03:19,18738,GAME20081005DBHC0848
2008,2008-10-05,Reg Season,Fukuoka Softbank Hawks,Away,L,0,Tohoku Rakuten Golden Eagles,0,3,1,"0,0,0,0,0,0,0,0,0",22,Rakuten Seimei Park Miyagi,,02:54,14305,GAME20081005RESH0849
2008,2008-10-05,Reg Season,Tohoku Rakuten Golden Eagles,Home,W,8,Fukuoka Softbank Hawks,8,13,0,"0,0,0,1,0,2,3,2,x",22,Rakuten Seimei Park Miyagi,,02:54,14305,GAME20081005RESH0849
2008,2008-10-05,Reg Season,Chunichi Dragons,Away,L,0,Yomiuri Giants,0,7,1,"0,0,0,0,0,0,0,0,0",24,Tokyo Dome,,02:49,45139,GAME20081005YGCD0847
2008,2008-10-05,Reg Season,Yomiuri Giants,Home,W,3,Chunichi Dragons,3,6,0,"1,0,0,1,0,0,0,1,x",24,Tokyo Dome,,02:49,45139,GAME20081005YGCD0847
2008,2008-10-05,Reg Season,Hanshin Tigers,Away,W,8,Tokyo Yakult Swallows,8,7,0,"0,0,0,5,0,0,0,0,3",23,Meiji Jingu Stadium,,03:31,25601,GAME20081005YSHT0850
2008,2008-10-05,Reg Season,Tokyo Yakult Swallows,Home,L,3,Hanshin Tigers,3,5,2,"0,0,0,0,0,2,1,0,0",23,Meiji Jingu Stadium,,03:31,25601,GAME20081005YSHT0850
2008,2008-10-06,Reg Season,Hiroshima Toyo Carp,Away,L,1,Yokohama BayStars,1,8,0,"1,0,0,0,0,0,0,0,0",24,Yokohama Stadium,,02:52,8669,GAME20081006DBHC0853
2008,2008-10-06,Reg Season,Yokohama BayStars,Home,W,2,Hiroshima Toyo Carp,2,9,0,"0,1,0,0,0,0,0,1,x",24,Yokohama Stadium,,02:52,8669,GAME20081006DBHC0853
2008,2008-10-06,Reg Season,Fukuoka Softbank Hawks,Away,W,4,Tohoku Rakuten Golden Eagles,4,10,1,"0,0,0,0,2,2,0,0,0",23,Rakuten Seimei Park Miyagi,,02:57,12313,GAME20081006RESH0852
2008,2008-10-06,Reg Season,Tohoku Rakuten Golden Eagles,Home,L,1,Fukuoka Softbank Hawks,1,4,0,"0,0,0,0,0,0,1,0,0",23,Rakuten Seimei Park Miyagi,,02:57,12313,GAME20081006RESH0852
2008,2008-10-06,Reg Season,Hanshin Tigers,Away,L,1,Tokyo Yakult Swallows,1,7,1,"0,0,0,1,0,0,0,0,0",24,Meiji Jingu Stadium,,03:00,20173,GAME20081006YSHT0851
2008,2008-10-06,Reg Season,Tokyo Yakult Swallows,Home,W,3,Hanshin Tigers,3,8,2,"2,0,0,1,0,0,0,0,x",24,Meiji Jingu Stadium,,03:00,20173,GAME20081006YSHT0851
2008,2008-10-07,Reg Season,Fukuoka Softbank Hawks,Away,L,0,Tohoku Rakuten Golden Eagles,0,7,0,"0,0,0,0,0,0,0,0,0,0,0,0",24,Rakuten Seimei Park Miyagi,,04:07,20719,GAME20081007RESH0855
2008,2008-10-07,Reg Season,Tohoku Rakuten Golden Eagles,Home,W,1,Fukuoka Softbank Hawks,1,7,0,"0,0,0,0,0,0,0,0,0,0,0,1x",24,Rakuten Seimei Park Miyagi,,04:07,20719,GAME20081007RESH0855
2008,2008-10-07,Reg Season,Chunichi Dragons,Away,L,1,Tokyo Yakult Swallows,1,5,1,"0,0,0,1,0,0,0,0,0",24,Meiji Jingu Stadium,,02:59,11246,GAME20081007YSCD0854
2008,2008-10-07,Reg Season,Tokyo Yakult Swallows,Home,W,17,Chunichi Dragons,17,16,1,"1,3,1,0,0,0,5,7,x",24,Meiji Jingu Stadium,,02:59,11246,GAME20081007YSCD0854
2008,2008-10-08,Reg Season,Hanshin Tigers,Away,L,1,Yomiuri Giants,1,6,0,"0,0,0,0,0,1,0,0,0",24,Tokyo Dome,,03:17,46783,GAME20081008YGHT0857
2008,2008-10-08,Reg Season,Yomiuri Giants,Home,W,3,Hanshin Tigers,3,10,0,"0,0,2,0,0,0,1,0,x",24,Tokyo Dome,,03:17,46783,GAME20081008YGHT0857
2008,2008-10-08,Reg Season,Yokohama BayStars,Away,L,1,Tokyo Yakult Swallows,1,2,0,"0,0,0,0,0,0,0,1,0",23,Meiji Jingu Stadium,,02:12,11105,GAME20081008YSDB0856
2008,2008-10-08,Reg Season,Tokyo Yakult Swallows,Home,W,4,Yokohama BayStars,4,10,0,"1,1,1,0,0,0,1,0,x",23,Meiji Jingu Stadium,,02:12,11105,GAME20081008YSDB0856
2008,2008-10-09,Reg Season,Yokohama BayStars,Away,W,8,Yomiuri Giants,8,9,0,"3,0,3,0,2,0,0,0,0",24,Tokyo Dome,,03:37,45172,GAME20081009YGDB0858
2008,2008-10-09,Reg Season,Yomiuri Giants,Home,L,4,Yokohama BayStars,4,7,2,"0,0,0,3,0,0,1,0,0",24,Tokyo Dome,,03:37,45172,GAME20081009YGDB0858
2008,2008-10-10,Reg Season,Hanshin Tigers,Away,L,3,Yokohama BayStars,3,7,0,"0,0,2,0,1,0,0,0,0",23,Yokohama Stadium,,03:03,21528,GAME20081010DBHT0859
2008,2008-10-10,Reg Season,Yokohama BayStars,Home,W,4,Hanshin Tigers,4,6,1,"0,0,0,0,0,4,0,0,x",23,Yokohama Stadium,,03:03,21528,GAME20081010DBHT0859
2008,2008-10-10,Reg Season,Yomiuri Giants,Away,W,3,Tokyo Yakult Swallows,3,10,0,"0,0,0,1,1,1,0,0,0",23,Meiji Jingu Stadium,,02:37,26984,GAME20081010YSYG0860
2008,2008-10-10,Reg Season,Tokyo Yakult Swallows,Home,L,1,Yomiuri Giants,1,4,0,"0,0,0,1,0,0,0,0,0",23,Meiji Jingu Stadium,,02:37,26984,GAME20081010YSYG0860
2008,2008-10-11,Reg Season,Hanshin Tigers,Away,L,4,Yokohama BayStars,4,11,0,"0,0,0,1,0,0,3,0,0",24,Yokohama Stadium,,03:05,16224,GAME20081011DBHT0862
2008,2008-10-11,Reg Season,Yokohama BayStars,Home,W,5,Hanshin Tigers,5,11,0,"2,0,0,0,0,0,3,0,x",24,Yokohama Stadium,,03:05,16224,GAME20081011DBHT0862
2008,2008-10-11,Reg Season,Yomiuri Giants,Away,W,3,Tokyo Yakult Swallows,3,5,2,"0,0,0,0,0,0,3,0,0",24,Meiji Jingu Stadium,,03:09,28059,GAME20081011YSYG0861
2008,2008-10-11,Reg Season,Tokyo Yakult Swallows,Home,L,2,Yomiuri Giants,2,9,1,"0,0,0,0,0,2,0,0,0",24,Meiji Jingu Stadium,,03:09,28059,GAME20081011YSYG0861
2008,2008-10-12,Reg Season,Chunichi Dragons,Away,L,1,Hanshin Tigers,1,6,0,"0,0,0,1,0,0,0,0,0",24,Kobe Athletic Park Baseball Field,,03:05,31139,GAME20081012HTCD0864
2008,2008-10-12,Reg Season,Hanshin Tigers,Home,W,4,Chunichi Dragons,4,6,0,"0,0,0,0,0,3,0,1,x",24,Kobe Athletic Park Baseball Field,,03:05,31139,GAME20081012HTCD0864
2008,2008-10-12,Reg Season,Yokohama BayStars,Away,L,3,Tokyo Yakult Swallows,3,5,0,"0,0,0,0,0,0,3,0,0",24,Meiji Jingu Stadium,,02:43,22062,GAME20081012YSDB0863
2008,2008-10-12,Reg Season,Tokyo Yakult Swallows,Home,W,4,Yokohama BayStars,4,8,0,"0,2,0,0,1,0,0,1,x",24,Meiji Jingu Stadium,,02:43,22062,GAME20081012YSDB0863
