Season,Game Type,Team,#,Name,Position,G,PA,AB,BA,OBP,SLG,OPS,R,RBI,H,1B,2B,3B,HR,TB,SB,CS,BB,IBB,K,DP,DB,SH,SF,PlayerID
2008,Regular Season,Tohoku Rakuten Golden Eagles,44,"Nakatani, Jin",C,4,2,2,0.500,0.500,0.500,1.000,0,0,1,1,0,0,0,1,0,0,0,0,1,0,0,0,0,01003886
2008,Regular Season,Orix Buffaloes,46,"Furuki, Katsuaki",PH,21,50,45,0.222,0.300,0.311,0.611,4,4,10,7,2,1,0,14,0,1,3,0,8,2,2,0,0,01003888
2008,Climax Series - Final Stage,Saitama Seibu Lions,3,"Nakajima, Hiroyuki",SS,12,,21,0.286,,0.571,,,6,6,4,0,0,2,12,0,,0,,3,,1,,,01005113
2008,Japan Series,Saitama Seibu Lions,3,"Nakajima, Hiroyuki",SS,12,,25,0.320,,0.600,,,5,8,5,1,0,2,15,0,,2,,6,,2,,,01005113
2008,Regular Season,Saitama Seibu Lions,3,"Nakajima, Hiroyuki",SS,124,556,486,0.331,0.410,0.527,0.937,75,81,161,108,32,0,21,256,25,5,55,3,96,15,12,0,3,01005113
2008,Regular Season,Yokohama BayStars,22,"Takasaki, Kentaro",P,11,2,1,0.000,0.000,0.000,0.000,0,0,0,0,0,0,0,0,0,0,0,0,0,0,0,1,0,01005114
2008,Regular Season,Hokkaido Nippon-Ham Fighters,67,"Toyoshima, Akiyoshi",P,2,0,0,0.000,0.000,0.000,0.000,0,0,0,0,0,0,0,0,0,0,0,0,0,0,0,0,0,01005116
2008,Regular Season,Tokyo Yakult Swallows,41,"Takai, Yuhei",P,1,0,0,0.000,0.000,0.000,0.000,0,0,0,0,0,0,0,0,0,0,0,0,0,0,0,0,0,01005117
2008,Regular Season,Tohoku Rakuten Golden Eagles,8,"Isobe, Koichi",RF,46,140,124,0.234,0.300,0.250,0.550,6,12,29,27,2,0,0,31,2,3,12,0,16,2,1,0,3,01103884
2008,Climax Series - First Stage,Hanshin Tigers,25,"Arai, Takahiro",1B,3,,11,0.091,,0.091,,,0,1,1,0,0,0,1,0,,1,,2,,0,,,01103888
2008,Regular Season,Hanshin Tigers,25,"Arai, Takahiro",1B,94,410,366,0.306,0.371,0.454,0.825,54,59,112,78,22,4,8,166,2,1,35,1,83,7,5,0,4,01103888
2008,Regular Season,Hokkaido Nippon-Ham Fighters,50,"Ichikawa, Suguru",PH,3,2,2,0.000,0.000,0.000,0.000,0,0,0,0,0,0,0,0,0,0,0,0,2,0,0,0,0,01105110
2008,Regular Season,Tohoku Rakuten Golden Eagles,21,"Iwakuma, Hisashi",P,28,7,7,0.000,0.000,0.000,0.000,0,0,0,0,0,0,0,0,0,0,0,0,5,0,0,0,0,01105111
2008,Regular Season,Chunichi Dragons,25,"Arai, Ryota",PH,24,19,18,0.167,0.211,0.167,0.378,2,0,3,3,0,0,0,3,0,0,0,0,5,0,1,0,0,01105112
2008,Regular Season,Hiroshima Toyo Carp,49,"Amaya, Soichiro",LF,135,443,392,0.263,0.326,0.319,0.645,49,24,103,90,8,1,4,125,13,9,34,0,76,2,4,11,2,01105115
2008,Climax Series - Final Stage,Hokkaido Nippon-Ham Fighters,5,"Inada, Naoto",3B,4,,0,0.000,,0.000,,,0,0,0,0,0,0,0,0,,0,,0,,0,,,01105119
2008,Climax Series - First Stage,Hokkaido Nippon-Ham Fighters,5,"Inada, Naoto",3B,4,,0,0.000,,0.000,,,0,0,0,0,0,0,0,0,,0,,0,,0,,,01105119
2008,Regular Season,Hokkaido Nippon-Ham Fighters,5,"Inada, Naoto",3B,99,211,185,0.222,0.254,0.238,0.492,10,12,41,39,1,1,0,44,3,0,6,1,13,2,2,18,0,01105119
2008,Regular Season,Yomiuri Giants,37,"Fujita, Soichi",P,39,0,0,0.000,0.000,0.000,0.000,0,0,0,0,0,0,0,0,0,0,0,0,0,0,0,0,0,01203886
2008,Regular Season,Chiba Lotte Marines,65,"Minami, Ryusuke",RF,21,44,40,0.225,0.279,0.350,0.629,5,2,9,6,2,0,1,14,1,0,3,0,11,0,0,1,0,01205111
2008,Regular Season,Chiba Lotte Marines,32,"Nemoto, Shunichi",2B,110,360,314,0.296,0.369,0.430,0.799,45,29,93,63,21,6,3,135,9,6,32,0,60,1,4,10,0,01205112
2008,Regular Season,Hanshin Tigers,15,"Fujita, Taiyo",P,6,0,0,0.000,0.000,0.000,0.000,0,0,0,0,0,0,0,0,0,0,0,0,0,0,0,0,0,01205113
2008,Regular Season,Chunichi Dragons,1,"Donoue, Naomichi",3B,3,1,1,0.000,0.000,0.000,0.000,0,0,0,0,0,0,0,0,0,0,0,0,1,0,0,0,0,01205114
2008,Regular Season,Yomiuri Giants,13,"Hayashi, Masanori",P,11,0,0,0.000,0.000,0.000,0.000,0,0,0,0,0,0,0,0,0,0,0,0,0,0,0,0,0,01205115
2008,Regular Season,Tohoku Rakuten Golden Eagles,20,"Hasebe, Kohei",P,13,1,1,0.000,0.000,0.000,0.000,0,0,0,0,0,0,0,0,0,0,0,0,1,0,0,0,0,01205116
2008,Regular Season,Hiroshima Toyo Carp,20,"Nagakawa, Katsuhiro",P,56,2,2,0.000,0.000,0.000,0.000,0,0,0,0,0,0,0,0,0,0,0,0,0,0,0,0,0,01205117
2008,Regular Season,Saitama Seibu Lions,17,"Yamazaki, Satoshi",P,3,0,0,0.000,0.000,0.000,0.000,0,0,0,0,0,0,0,0,0,0,0,0,0,0,0,0,0,01205119
2008,Regular Season,Tohoku Rakuten Golden Eagles,7,"Yamasaki, Takeshi",DH,142,589,510,0.276,0.372,0.471,0.843,63,80,141,94,21,0,26,240,1,1,73,5,118,21,5,0,1,01303868
2008,Regular Season,Yomiuri Giants,27,"Kadokura, Ken",P,11,0,0,0.000,0.000,0.000,0.000,0,0,0,0,0,0,0,0,0,0,0,0,0,0,0,0,0,01303882
2008,Climax Series - First Stage,Hokkaido Nippon-Ham Fighters,9,"Oda, Tomoyuki",1B,1,,1,0.000,,0.000,,,0,0,0,0,0,0,0,0,,0,,0,,0,,,01303886
2008,Regular Season,Hokkaido Nippon-Ham Fighters,9,"Oda, Tomoyuki",1B,64,153,141,0.291,0.342,0.390,0.732,13,16,41,33,5,0,3,55,0,0,11,2,33,3,0,1,0,01303886
2008,Climax Series - Final Stage,Saitama Seibu Lions,7,"Kataoka, Yasuyuki",2B,12,,23,0.261,,0.348,,,0,6,5,0,1,0,8,3,,0,,3,,0,,,01305110
2008,Japan Series,Saitama Seibu Lions,7,"Kataoka, Yasuyuki",2B,12,,27,0.296,,0.333,,,0,8,7,1,0,0,9,5,,1,,1,,1,,,01305110
2008,Regular Season,Saitama Seibu Lions,7,"Kataoka, Yasuyuki",2B,139,634,582,0.287,0.322,0.371,0.693,85,46,167,132,25,6,4,216,50,17,24,1,57,11,7,19,2,01305110
2008,Regular Season,Hiroshima Toyo Carp,27,"Uemura, Kazuhiro",PH,8,4,4,0.500,0.500,0.500,1.000,2,0,2,2,0,0,0,2,0,0,0,0,2,0,0,0,0,01305113
2008,Regular Season,Hiroshima Toyo Carp,19,"Ueno, Hirofumi",P,42,0,0,0.000,0.000,0.000,0.000,0,0,0,0,0,0,0,0,0,0,0,0,0,0,0,0,0,01305114
2008,Regular Season,Chiba Lotte Marines,8,"Imae, Toshiaki",3B,117,450,405,0.309,0.344,0.509,0.853,57,55,125,72,37,4,12,206,3,1,19,1,48,7,6,14,6,01305115
2008,Regular Season,Yokohama BayStars,58,"Ota, Atori",P,7,1,0,0.000,0.000,0.000,0.000,0,0,0,0,0,0,0,0,0,0,0,0,0,0,0,1,0,01305116
2008,Regular Season,Hanshin Tigers,26,"Egusa, Hirotaka",P,55,0,0,0.000,0.000,0.000,0.000,0,0,0,0,0,0,0,0,0,0,0,0,0,0,0,0,0,01305117
2008,Regular Season,Orix Buffaloes,17,"Katsuki, Ryota",P,32,0,0,0.000,0.000,0.000,0.000,0,0,0,0,0,0,0,0,0,0,0,0,0,0,0,0,0,01305119
2008,Climax Series - Final Stage,Chunichi Dragons,34,"Yamamoto, Masahiro",P,1,,3,0.000,,0.000,,,0,0,0,0,0,0,0,0,,0,,2,,0,,,01403862
2008,Regular Season,Chunichi Dragons,34,"Yamamoto, Masahiro",P,23,45,36,0.056,0.128,0.083,0.211,3,1,2,1,1,0,0,3,0,0,3,0,17,0,0,6,0,01403862
2008,Regular Season,Tokyo Yakult Swallows,57,"Maruyama, Takashi",P,7,0,0,0.000,0.000,0.000,0.000,0,0,0,0,0,0,0,0,0,0,0,0,0,0,0,0,0,01405110
2008,Regular Season,Orix Buffaloes,48,"Yoshino, Makoto",P,43,0,0,0.000,0.000,0.000,0.000,0,0,0,0,0,0,0,0,0,0,0,0,0,0,0,0,0,01405111
2008,Regular Season,Hokkaido Nippon-Ham Fighters,43,"Hoshino, Yachiho",P,23,0,0,0.000,0.000,0.000,0.000,0,0,0,0,0,0,0,0,0,0,0,0,0,0,0,0,0,01405112
2008,Regular Season,Hiroshima Toyo Carp,37,"Matsuyama, Ryuhei",PH,2,2,2,0.000,0.000,0.000,0.000,0,0,0,0,0,0,0,0,0,0,0,0,1,0,0,0,0,01405116
2008,Regular Season,Tokyo Yakult Swallows,54,"Saito, Takayuki",PH,25,27,26,0.231,0.259,0.308,0.567,2,2,6,4,2,0,0,8,0,0,1,0,4,0,0,0,0,01503880
2008,Climax Series - Final Stage,Chunichi Dragons,24,"Kuramoto, Hidenori",CF,5,,2,0.500,,0.500,,,0,1,1,0,0,0,1,0,,0,,1,,0,,,01503888
2008,Climax Series - First Stage,Chunichi Dragons,24,"Kuramoto, Hidenori",CF,5,,1,0.000,,0.000,,,0,0,0,0,0,0,0,0,,0,,0,,0,,,01503888
2008,Regular Season,Chunichi Dragons,24,"Kuramoto, Hidenori",CF,77,77,70,0.214,0.236,0.314,0.550,10,7,15,11,2,1,1,22,4,0,2,0,23,3,0,5,0,01503888
2008,Regular Season,Tohoku Rakuten Golden Eagles,0,"Sato, Hiroshi",P,1,0,0,0.000,0.000,0.000,0.000,0,0,0,0,0,0,0,0,0,0,0,0,0,0,0,0,0,01505111
2008,Regular Season,Chiba Lotte Marines,1,"Ohmine, Yuta",P,7,0,0,0.000,0.000,0.000,0.000,0,0,0,0,0,0,0,0,0,0,0,0,0,0,0,0,0,01505114
2008,Regular Season,Tokyo Yakult Swallows,16,"Kato, Mikinori",P,8,5,4,0.500,0.500,0.500,1.000,0,0,2,2,0,0,0,2,0,0,0,0,0,0,0,1,0,01505116
2008,Regular Season,Saitama Seibu Lions,56,"Kurose, Haruki",SS,18,45,38,0.211,0.302,0.342,0.644,7,5,8,5,2,0,1,13,0,0,4,0,5,0,1,2,0,01505119
2008,Regular Season,Saitama Seibu Lions,23,"Ming-Chieh, Hsu",P,17,1,1,0.000,0.000,0.000,0.000,0,0,0,0,0,0,0,0,0,0,0,0,1,0,0,0,0,01605111
2008,Regular Season,Yokohama BayStars,34,"Mitsuhashi, Naoki",P,12,0,0,0.000,0.000,0.000,0.000,0,0,0,0,0,0,0,0,0,0,0,0,0,0,0,0,0,01605112
2008,Regular Season,Yomiuri Giants,64,"Matsumoto, Tetsuya",CF,3,1,1,0.000,0.000,0.000,0.000,0,0,0,0,0,0,0,0,1,0,0,0,0,0,0,0,0,01605114
2008,Regular Season,Orix Buffaloes,67,"Yokoyama, Tetsuya",C,2,1,1,0.000,0.000,0.000,0.000,0,0,0,0,0,0,0,0,0,0,0,0,0,0,0,0,0,01605117
2008,Regular Season,Chunichi Dragons,39,"Shimizu, Masaumi",C,17,21,18,0.222,0.263,0.278,0.541,1,2,4,3,1,0,0,5,0,0,1,0,6,2,0,2,0,01703884
2008,Regular Season,Tohoku Rakuten Golden Eagles,12,"Kusano, Daisuke",3B,118,365,328,0.271,0.321,0.345,0.666,36,36,89,71,15,0,3,113,2,0,20,1,33,6,6,7,4,01705112
2008,Regular Season,Hanshin Tigers,51,"Sakurai, Kodai",PH,25,44,40,0.125,0.205,0.125,0.330,2,1,5,5,0,0,0,5,0,0,4,0,13,1,0,0,0,01705115
2008,Regular Season,Yokohama BayStars,14,"Kobayashi, Futoshi",P,32,37,33,0.061,0.061,0.091,0.152,1,1,2,1,1,0,0,3,0,0,0,0,24,0,0,3,0,01705116
2008,Regular Season,Hiroshima Toyo Carp,66,"Kimura, Shogo",3B,94,55,48,0.229,0.275,0.229,0.504,15,1,11,11,0,0,0,11,6,2,2,0,13,0,1,4,0,01705117
2008,Climax Series - First Stage,Orix Buffaloes,54,"Shimamura, Ikki",2B,2,,4,0.500,,0.500,,,0,2,2,0,0,0,2,0,,1,,1,,0,,,01705119
2008,Regular Season,Orix Buffaloes,54,"Shimamura, Ikki",2B,48,153,139,0.295,0.342,0.475,0.817,19,20,41,26,10,0,5,66,1,0,10,0,34,4,1,1,2,01705119
2008,Regular Season,Tohoku Rakuten Golden Eagles,25,"Yokogawa, Fuminori",RF,55,153,140,0.229,0.285,0.336,0.621,13,15,32,25,3,0,4,47,2,1,11,0,37,2,0,2,0,01805114
2008,Regular Season,Hiroshima Toyo Carp,25,"Seabol, Scott",3B,110,431,400,0.273,0.320,0.435,0.755,25,53,109,75,18,1,15,174,0,2,26,0,74,11,3,0,2,01805116
2008,Regular Season,Saitama Seibu Lions,69,"Taninaka, Shinji",P,11,0,0,0.000,0.000,0.000,0.000,0,0,0,0,0,0,0,0,0,0,0,0,0,0,0,0,0,01903884
2008,Regular Season,Yomiuri Giants,7,"Nioka, Tomohiro",3B,31,98,86,0.279,0.351,0.349,0.700,7,7,24,20,3,0,1,30,0,2,9,0,24,0,1,1,1,01903888
2008,Regular Season,Tohoku Rakuten Golden Eagles,37,"Shima, Motohiro",C,85,223,196,0.230,0.288,0.296,0.584,20,19,45,32,13,0,0,58,4,1,16,0,40,6,0,11,0,01905114
2008,Regular Season,Chunichi Dragons,63,"Donoe, Takehiro",RF,1,3,2,0.000,0.333,0.000,0.333,1,0,0,0,0,0,0,0,0,0,1,0,1,0,0,0,0,01905119
2008,Japan Series,Saitama Seibu Lions,54,"Graman, Alex",P,2,,0,0.000,,0.000,,,0,0,0,0,0,0,0,0,,0,,0,,0,,,03105112
2008,Regular Season,Saitama Seibu Lions,54,"Graman, Alex",P,55,0,0,0.000,0.000,0.000,0.000,0,0,0,0,0,0,0,0,0,0,0,0,0,0,0,0,0,03105112
2008,Climax Series - Final Stage,Yomiuri Giants,29,"Greisinger, Seth",P,1,,1,0.000,,0.000,,,0,0,0,0,0,0,0,0,,0,,0,,0,,,03105114
2008,Regular Season,Yomiuri Giants,29,"Greisinger, Seth",P,32,69,62,0.097,0.097,0.097,0.194,0,1,6,6,0,0,0,6,0,0,0,0,33,1,0,7,0,03105114
2008,Regular Season,Hiroshima Toyo Carp,11,"Lewis, Colby",P,26,57,47,0.106,0.104,0.255,0.359,2,5,5,2,1,0,2,12,0,0,0,0,21,1,0,9,1,03105116
2008,Regular Season,Orix Buffaloes,50,"Ortiz, Ramon",P,17,6,5,0.000,0.000,0.000,0.000,0,0,0,0,0,0,0,0,0,0,0,0,3,0,0,1,0,03305116
2008,Regular Season,Tohoku Rakuten Golden Eagles,17,"Fernandez, Jose",1B,142,606,541,0.301,0.368,0.475,0.843,81,99,163,105,40,0,18,257,5,3,53,1,78,12,7,0,5,03305117
2008,Climax Series - First Stage,Orix Buffaloes,7,"Hamanaka, Osamu",RF,2,,4,0.000,,0.000,,,0,0,0,0,0,0,0,0,,0,,2,,0,,,11013884
2008,Regular Season,Orix Buffaloes,7,"Hamanaka, Osamu",RF,85,247,217,0.253,0.331,0.447,0.778,25,29,55,33,11,2,9,97,0,4,25,0,50,6,1,2,2,11013884
2008,Regular Season,Fukuoka Softbank Hawks,25,"Matoyama, Tetsuya",C,40,97,85,0.235,0.286,0.306,0.592,6,9,20,16,3,0,1,26,0,1,4,1,38,3,2,6,0,11013889
2008,Regular Season,Yokohama BayStars,15,"Takamiya, Kazuya",P,10,0,0,0.000,0.000,0.000,0.000,0,0,0,0,0,0,0,0,0,0,0,0,0,0,0,0,0,11015112
2008,Regular Season,Orix Buffaloes,37,"Tsuji, Toshiya",C,9,18,18,0.056,0.056,0.111,0.167,0,0,1,0,1,0,0,2,0,0,0,0,3,2,0,0,0,11015115
2008,Regular Season,Chiba Lotte Marines,17,"Naruse, Yoshihisa",P,22,6,4,0.250,0.250,0.750,1.000,0,0,1,0,0,1,0,3,0,0,0,0,2,0,0,2,0,11015119
2008,Regular Season,Hiroshima Toyo Carp,23,"Yokoyama, Ryuji",P,38,1,0,0.000,0.000,0.000,0.000,0,0,0,0,0,0,0,0,0,0,0,0,0,0,0,1,0,11213880
2008,Regular Season,Hiroshima Toyo Carp,53,"Hayashi, Masaki",P,18,0,0,0.000,0.000,0.000,0.000,0,0,0,0,0,0,0,0,0,0,0,0,0,0,0,0,0,11213886
2008,Regular Season,Yomiuri Giants,39,"Yoshitake, Shintaro",P,3,0,0,0.000,0.000,0.000,0.000,0,0,0,0,0,0,0,0,0,0,0,0,0,0,0,0,0,11213889
2008,Regular Season,Hanshin Tigers,34,"Hashimoto, Kentaro",P,10,0,0,0.000,0.000,0.000,0.000,0,0,0,0,0,0,0,0,0,0,0,0,0,0,0,0,0,11215110
2008,Japan Series,Saitama Seibu Lions,22,"Noda, Kosuke",C,2,,1,0.000,,0.000,,,0,0,0,0,0,0,0,0,,1,,0,,0,,,11215113
2008,Regular Season,Saitama Seibu Lions,22,"Noda, Kosuke",C,9,9,9,0.111,0.111,0.111,0.222,1,0,1,1,0,0,0,1,0,0,0,0,4,0,0,0,0,11215113
2008,Regular Season,Tohoku Rakuten Golden Eagles,18,"Tanaka, Masahiro",P,25,6,6,0.000,0.000,0.000,0.000,0,1,0,0,0,0,0,0,0,0,0,0,2,0,0,0,0,11215114
2008,Regular Season,Yokohama BayStars,53,"Nonaka, Shingo",PR,54,57,56,0.179,0.179,0.268,0.447,5,1,10,7,2,0,1,15,6,3,0,0,6,2,0,1,0,11215115
2008,Regular Season,Fukuoka Softbank Hawks,14,"Mahara, Takahiro",P,21,0,0,0.000,0.000,0.000,0.000,0,0,0,0,0,0,0,0,0,0,0,0,0,0,0,0,0,11215119
2008,Regular Season,Tohoku Rakuten Golden Eagles,13,"Ogura, Hisashi",P,8,0,0,0.000,0.000,0.000,0.000,0,0,0,0,0,0,0,0,0,0,0,0,0,0,0,0,0,11313887
2008,Climax Series - Final Stage,Yomiuri Giants,19,"Uehara, Koji",P,2,,3,0.333,,0.333,,,0,1,1,0,0,0,1,0,,0,,0,,0,,,11313888
2008,Japan Series,Yomiuri Giants,19,"Uehara, Koji",P,2,,2,0.000,,0.000,,,0,0,0,0,0,0,0,0,,0,,0,,0,,,11313888
2008,Regular Season,Yomiuri Giants,19,"Uehara, Koji",P,26,27,23,0.130,0.130,0.130,0.260,0,0,3,3,0,0,0,3,0,0,0,0,5,3,0,4,0,11313888
2008,Regular Season,Fukuoka Softbank Hawks,7,"Omura, Naoyuki",RF,79,266,245,0.302,0.337,0.363,0.700,11,22,74,63,9,0,2,89,7,1,11,0,29,8,2,8,0,11313889
2008,Regular Season,Fukuoka Softbank Hawks,8,"Egawa, Tomoaki",LF,2,3,3,0.000,0.000,0.000,0.000,0,0,0,0,0,0,0,0,0,0,0,0,3,0,0,0,0,11315110
2008,Regular Season,Saitama Seibu Lions,35,"Iwasaki, Tetsuya",P,20,0,0,0.000,0.000,0.000,0.000,0,0,0,0,0,0,0,0,0,0,0,0,0,0,0,0,0,11315114
2008,Regular Season,Tokyo Yakult Swallows,19,"Ishikawa, Masanori",P,31,64,53,0.170,0.185,0.189,0.374,2,3,9,8,1,0,0,10,0,0,1,0,15,0,0,10,0,11315115
2008,Regular Season,Chiba Lotte Marines,30,"Ito, Yoshihiro",P,51,1,1,0.000,0.000,0.000,0.000,0,0,0,0,0,0,0,0,0,0,0,0,0,0,0,0,0,11315116
2008,Regular Season,Hokkaido Nippon-Ham Fighters,36,"Nakamura, Micheal",P,46,0,0,0.000,0.000,0.000,0.000,0,0,0,0,0,0,0,0,0,0,0,0,0,0,0,0,0,11415110
2008,Regular Season,Yokohama BayStars,27,"Yamakita, Shigetoshi",P,32,0,0,0.000,0.000,0.000,0.000,0,0,0,0,0,0,0,0,0,0,0,0,0,0,0,0,0,11415111
2008,Regular Season,Saitama Seibu Lions,53,"Miura, Taka",1B,8,8,7,0.286,0.375,0.286,0.661,1,1,2,2,0,0,0,2,0,0,1,0,2,0,0,0,0,11415113
2008,Regular Season,Chunichi Dragons,40,"Nishikawa, Akira",PH,13,16,14,0.143,0.200,0.357,0.557,1,2,2,1,0,0,1,5,0,0,1,0,5,0,0,1,0,11415114
2008,Regular Season,Tokyo Yakult Swallows,37,"Fukukawa, Masakazu",C,105,287,241,0.207,0.306,0.332,0.638,22,35,50,35,7,1,7,80,1,2,34,5,59,8,1,9,2,11415115
2008,Regular Season,Orix Buffaloes,11,"Kawagoe, Hidetaka",P,51,0,0,0.000,0.000,0.000,0.000,0,0,0,0,0,0,0,0,0,0,0,0,0,0,0,0,0,11513888
2008,Regular Season,Chunichi Dragons,17,"Kawai, Yudai",P,14,15,15,0.133,0.133,0.133,0.266,0,0,2,2,0,0,0,2,0,0,0,0,5,0,0,0,0,11515110
2008,Regular Season,Hokkaido Nippon-Ham Fighters,37,"Oyama, Keiji",C,27,31,29,0.172,0.200,0.207,0.407,3,0,5,4,1,0,0,6,0,0,1,0,3,5,0,1,0,11515112
2008,Japan Series,Saitama Seibu Lions,12,"Okamoto, Shinya",P,1,,0,0.000,,0.000,,,0,0,0,0,0,0,0,0,,0,,0,,0,,,11515113
2008,Regular Season,Saitama Seibu Lions,12,"Okamoto, Shinya",P,47,0,0,0.000,0.000,0.000,0.000,0,0,0,0,0,0,0,0,0,0,0,0,0,0,0,0,0,11515113
2008,Regular Season,Saitama Seibu Lions,0,"Osaki, Yutaro",RF,5,9,9,0.111,0.111,0.222,0.333,0,0,1,0,1,0,0,2,0,0,0,0,4,0,0,0,0,11515114
2008,Regular Season,Hiroshima Toyo Carp,17,"Ohtake, Kan",P,28,51,46,0.152,0.152,0.174,0.326,0,0,7,6,1,0,0,8,0,0,0,0,15,0,0,5,0,11515115
2008,Climax Series - First Stage,Orix Buffaloes,41,"Oze, Hiroyuki",LF,2,,3,1.000,,1.000,,,0,3,3,0,0,0,3,0,,1,,0,,0,,,11515116
2008,Regular Season,Orix Buffaloes,41,"Oze, Hiroyuki",LF,58,156,130,0.262,0.342,0.346,0.688,15,19,34,25,8,0,1,45,7,3,16,0,31,1,1,7,2,11515116
2008,Regular Season,Hokkaido Nippon-Ham Fighters,23,"Ozaki, Masaya",3B,8,16,15,0.133,0.133,0.133,0.266,0,0,2,2,0,0,0,2,0,0,0,0,3,0,0,1,0,11515117
2008,Regular Season,Tokyo Yakult Swallows,17,"Kawashima, Ryo",P,20,36,27,0.148,0.148,0.148,0.296,3,1,4,4,0,0,0,4,0,0,0,0,4,0,0,9,0,11515119
2008,Climax Series - First Stage,Orix Buffaloes,3,"Muramatsu, Arihito",LF,1,,1,0.000,,0.000,,,0,0,0,0,0,0,0,0,,0,,0,,0,,,11613883
2008,Regular Season,Orix Buffaloes,3,"Muramatsu, Arihito",LF,83,263,234,0.265,0.327,0.350,0.677,28,16,62,49,7,5,1,82,4,1,20,0,32,4,2,6,1,11613883
2008,Regular Season,Saitama Seibu Lions,36,"Yamagishi, Minoru",P,4,0,0,0.000,0.000,0.000,0.000,0,0,0,0,0,0,0,0,0,0,0,0,0,0,0,0,0,11615110
2008,Regular Season,Tokyo Yakult Swallows,44,"Matsui, Kosuke",P,27,4,4,0.250,0.250,0.250,0.500,0,0,1,1,0,0,0,1,0,0,0,0,1,0,0,0,0,11615112
2008,Regular Season,Orix Buffaloes,34,"Motoyanagi, Kazuya",P,58,0,0,0.000,0.000,0.000,0.000,0,0,0,0,0,0,0,0,0,0,0,0,0,0,0,0,0,11615115
2008,Regular Season,Hokkaido Nippon-Ham Fighters,51,"Murata, Kazuya",CF,15,40,34,0.235,0.297,0.235,0.532,5,1,8,8,0,0,0,8,0,3,2,0,12,0,1,3,0,11615116
2008,Regular Season,Chunichi Dragons,45,"Morioka, Ryosuke",PH,5,5,4,0.000,0.200,0.000,0.200,0,0,0,0,0,0,0,0,0,0,1,0,0,0,0,0,0,11615117
2008,Regular Season,Tokyo Yakult Swallows,10,"Shiroishi, Noriyuki",3B,41,26,21,0.048,0.048,0.095,0.143,0,0,1,0,1,0,0,2,0,0,0,0,6,1,0,5,0,11713880
2008,Regular Season,Saitama Seibu Lions,25,"Shotsu, Eiji",P,32,0,0,0.000,0.000,0.000,0.000,0,0,0,0,0,0,0,0,0,0,0,0,0,0,0,0,0,11713886
2008,Regular Season,Hiroshima Toyo Carp,51,"Suenaga, Masafumi",PR,4,1,1,0.000,0.000,0.000,0.000,1,0,0,0,0,0,0,0,0,0,0,0,1,0,0,0,0,11715111
2008,Regular Season,Hanshin Tigers,99,"Kano, Keisuke",C,12,9,9,0.222,0.222,0.333,0.555,2,1,2,1,1,0,0,3,0,0,0,0,0,0,0,0,0,11715113
2008,Regular Season,Hokkaido Nippon-Ham Fighters,40,"Kaneko, Yohei",PH,6,9,9,0.000,0.000,0.000,0.000,0,0,0,0,0,0,0,0,0,0,0,0,5,1,0,0,0,11715114
2008,Regular Season,Tokyo Yakult Swallows,12,"Imu, Chanyon",P,54,0,0,0.000,0.000,0.000,0.000,0,0,0,0,0,0,0,0,0,0,0,0,0,0,0,0,0,11815116
2008,Regular Season,Fukuoka Softbank Hawks,21,"Wada, Tsuyoshi",P,23,6,6,0.000,0.000,0.000,0.000,0,0,0,0,0,0,0,0,0,0,0,0,5,0,0,0,0,11815117
2008,Climax Series - Final Stage,Hokkaido Nippon-Ham Fighters,3,"Tanaka, Kensuke",2B,7,,19,0.211,,0.316,,,2,4,3,0,1,0,6,1,,2,,4,,0,,,11915111
2008,Climax Series - First Stage,Hokkaido Nippon-Ham Fighters,3,"Tanaka, Kensuke",2B,7,,9,0.333,,0.444,,,0,3,2,1,0,0,4,1,,0,,1,,0,,,11915111
2008,Regular Season,Hokkaido Nippon-Ham Fighters,3,"Tanaka, Kensuke",2B,144,638,536,0.297,0.379,0.451,0.830,89,63,159,107,32,9,11,242,21,7,62,2,80,4,11,26,3,11915111
2008,Regular Season,Chunichi Dragons,50,"Sato, Ryota",P,4,5,3,0.000,0.250,0.000,0.250,1,0,0,0,0,0,0,0,0,0,1,0,1,0,0,1,0,11915112
2008,Regular Season,Hiroshima Toyo Carp,14,"Shinoda, Junpei",P,17,21,17,0.176,0.176,0.176,0.352,0,0,3,3,0,0,0,3,0,0,0,0,9,0,0,4,0,11915116
2008,Climax Series - Final Stage,Saitama Seibu Lions,6,"Goto, Taketoshi",LF,12,,19,0.316,,0.684,,,8,6,3,1,0,2,13,0,,2,,1,,0,,,11915117
2008,Japan Series,Saitama Seibu Lions,6,"Goto, Taketoshi",LF,12,,23,0.130,,0.261,,,1,3,2,0,0,1,6,0,,1,,7,,0,,,11915117
2008,Regular Season,Saitama Seibu Lions,6,"Goto, Taketoshi",LF,49,184,166,0.301,0.370,0.602,0.972,34,27,50,24,14,0,12,100,0,0,16,0,31,3,2,0,0,11915117
2008,Climax Series - Final Stage,Yomiuri Giants,23,"Wakiya, Ryota",3B,8,,5,0.400,,0.400,,,1,2,2,0,0,0,2,1,,0,,1,,0,,,13115112
2008,Japan Series,Yomiuri Giants,23,"Wakiya, Ryota",3B,8,,10,0.200,,0.400,,,2,2,1,0,1,0,4,0,,1,,1,,0,,,13115112
2008,Regular Season,Yomiuri Giants,23,"Wakiya, Ryota",3B,56,130,120,0.208,0.252,0.308,0.560,15,8,25,17,5,2,1,37,4,2,7,0,32,0,0,3,0,13115112
2008,Regular Season,Tokyo Yakult Swallows,52,"Ito, Hidenori",1B,2,0,0,0.000,0.000,0.000,0.000,0,0,0,0,0,0,0,0,0,0,0,0,0,0,0,0,0,13115114
2008,Regular Season,Yokohama BayStars,3,"Furmaniak, Jason",PH,25,54,51,0.157,0.185,0.275,0.460,3,5,8,6,0,0,2,14,0,0,2,0,16,1,0,0,1,13115116
2008,Regular Season,Fukuoka Softbank Hawks,43,"Guttormson, Rick",P,18,6,6,0.333,0.333,0.833,1.166,1,1,2,1,0,0,1,5,0,0,0,0,2,0,0,0,0,13315110
2008,Regular Season,Tohoku Rakuten Golden Eagles,49,"Ying-Chieh, Lin",P,5,0,0,0.000,0.000,0.000,0.000,0,0,0,0,0,0,0,0,0,0,0,0,0,0,0,0,0,13315112
2008,Regular Season,Fukuoka Softbank Hawks,35,"Nitkowski, Christopher",P,39,0,0,0.000,0.000,0.000,0.000,0,0,0,0,0,0,0,0,0,0,0,0,0,0,0,0,0,13315114
2008,Regular Season,Chiba Lotte Marines,43,"Abreu, Winston",P,20,0,0,0.000,0.000,0.000,0.000,0,0,0,0,0,0,0,0,0,0,0,0,0,0,0,0,0,13315116
2008,Regular Season,Hokkaido Nippon-Ham Fighters,42,"Sweeney, Brian",P,29,4,4,0.250,0.250,0.250,0.500,0,1,1,1,0,0,0,1,0,0,0,0,2,0,0,0,0,13515114
2008,Regular Season,Hiroshima Toyo Carp,90,"Brower, Jim",P,21,1,1,0.000,0.000,0.000,0.000,0,0,0,0,0,0,0,0,0,0,0,0,0,0,0,0,0,13515116
2008,Regular Season,Chiba Lotte Marines,42,"Zuleta, Julio",1B,73,263,241,0.216,0.274,0.386,0.660,21,33,52,28,15,1,8,93,1,1,16,1,72,14,4,0,2,13515117
2008,Regular Season,Yokohama BayStars,64,"White, Matt",P,15,0,0,0.000,0.000,0.000,0.000,0,0,0,0,0,0,0,0,0,0,0,0,0,0,0,0,0,13715114
2008,Climax Series - Final Stage,Chunichi Dragons,99,"Nakamura, Norihiro",3B,7,,15,0.133,,0.200,,,1,2,1,1,0,0,3,0,,1,,4,,1,,,21023885
2008,Climax Series - First Stage,Chunichi Dragons,99,"Nakamura, Norihiro",3B,7,,11,0.182,,0.182,,,0,2,2,0,0,0,2,0,,1,,3,,0,,,21023885
2008,Regular Season,Chunichi Dragons,99,"Nakamura, Norihiro",3B,140,557,493,0.274,0.340,0.460,0.800,56,72,135,91,20,0,24,227,0,1,50,4,119,11,1,10,3,21023885
2008,Regular Season,Yokohama BayStars,13,"Nasuno, Takumi",P,23,20,18,0.167,0.211,0.167,0.378,0,1,3,3,0,0,0,3,0,0,0,0,10,0,1,1,0,21025110
2008,Regular Season,Chiba Lotte Marines,52,"Heiuchi, Hisao",2B,40,66,59,0.153,0.180,0.271,0.451,8,2,9,6,1,0,2,16,0,0,2,0,18,1,0,5,0,21025111
2008,Climax Series - Final Stage,Chunichi Dragons,3,"Tatsunami, Kazuyoshi",PH,4,,2,0.000,,0.000,,,0,0,0,0,0,0,0,0,,0,,1,,0,,,21123866
2008,Climax Series - First Stage,Chunichi Dragons,3,"Tatsunami, Kazuyoshi",PH,4,,2,0.500,,0.500,,,0,1,1,0,0,0,1,0,,0,,1,,0,,,21123866
2008,Regular Season,Chunichi Dragons,3,"Tatsunami, Kazuyoshi",PH,86,86,73,0.205,0.314,0.301,0.615,2,10,15,10,4,0,1,22,0,0,11,3,11,2,1,0,1,21123866
2008,Regular Season,Tohoku Rakuten Golden Eagles,11,"Ichiba, Yasuhiro",P,12,0,0,0.000,0.000,0.000,0.000,0,0,0,0,0,0,0,0,0,0,0,0,0,0,0,0,0,21125110
2008,Japan Series,Yomiuri Giants,10,"Abe, Shinnosuke",C,5,,10,0.400,,0.800,,,2,4,2,1,0,1,8,0,,0,,1,,0,,,21125113
2008,Regular Season,Yomiuri Giants,10,"Abe, Shinnosuke",C,125,484,428,0.271,0.350,0.502,0.852,60,67,116,65,27,0,24,215,1,1,44,5,66,17,8,4,0,21125113
2008,Regular Season,Tohoku Rakuten Golden Eagles,26,"Arime, Kanehisa",P,66,0,0,0.000,0.000,0.000,0.000,0,0,0,0,0,0,0,0,0,0,0,0,0,0,0,0,0,21125115
2008,Regular Season,Hanshin Tigers,48,"Ishikawa, Shunsuke",P,7,8,7,0.000,0.000,0.000,0.000,0,0,0,0,0,0,0,0,0,0,0,0,4,0,0,1,0,21125116
2008,Regular Season,Yomiuri Giants,52,"Iwadate, Manabu",2B,17,36,31,0.258,0.343,0.355,0.698,3,5,8,5,3,0,0,11,0,0,3,0,7,1,1,1,0,21125119
2008,Climax Series - Final Stage,Chunichi Dragons,31,"Morino, Masahiko",CF,7,,16,0.250,,0.438,,,1,4,3,0,0,1,7,0,,3,,3,,0,,,21223884
2008,Climax Series - First Stage,Chunichi Dragons,31,"Morino, Masahiko",CF,7,,12,0.167,,0.667,,,2,2,0,0,0,2,8,0,,0,,3,,0,,,21223884
2008,Regular Season,Chunichi Dragons,31,"Morino, Masahiko",CF,96,412,358,0.321,0.394,0.556,0.950,63,59,115,70,25,1,19,199,1,0,46,0,60,4,0,3,5,21223884
2008,Climax Series - Final Stage,Yomiuri Giants,51,"Furuki, Shigeyuki",3B,5,,1,0.000,,0.000,,,0,0,0,0,0,0,0,0,,1,,1,,0,,,21223886
2008,Japan Series,Yomiuri Giants,51,"Furuki, Shigeyuki",3B,5,,1,0.000,,0.000,,,0,0,0,0,0,0,0,0,,0,,0,,0,,,21223886
2008,Regular Season,Yomiuri Giants,51,"Furuki, Shigeyuki",3B,83,182,159,0.214,0.270,0.321,0.591,16,16,34,23,8,0,3,51,6,5,8,1,32,3,5,8,2,21223886
2008,Regular Season,Yomiuri Giants,40,"Murata, Yoshinori",PH,4,7,4,0.000,0.200,0.000,0.200,0,0,0,0,0,0,0,0,0,0,1,1,1,0,0,2,0,21223887
2008,Regular Season,Hiroshima Toyo Carp,41,"Morikasa, Shigeru",PH,40,47,43,0.209,0.261,0.302,0.563,1,1,9,5,4,0,0,13,0,0,3,0,10,1,0,1,0,21223888
2008,Regular Season,Yokohama BayStars,23,"Fujita, Kazuya",2B,46,120,108,0.241,0.265,0.315,0.580,11,6,26,20,5,0,1,34,1,1,2,0,13,1,2,7,1,21225110
2008,Climax Series - First Stage,Hanshin Tigers,9,"Fujimoto, Atsushi",2B,2,,1,1.000,,1.000,,,0,1,1,0,0,0,1,0,,0,,0,,0,,,21225113
2008,Regular Season,Hanshin Tigers,9,"Fujimoto, Atsushi",2B,58,89,76,0.250,0.306,0.289,0.595,12,7,19,17,1,1,0,22,1,0,6,0,14,3,1,4,2,21225113
2008,Regular Season,Tohoku Rakuten Golden Eagles,30,"Nagai, Satoshi",P,28,3,2,0.000,0.000,0.000,0.000,0,0,0,0,0,0,0,0,0,0,0,0,0,0,0,1,0,21225114
2008,Regular Season,Tohoku Rakuten Golden Eagles,64,"Nakashima, Toshiya",RF,81,205,178,0.315,0.397,0.466,0.863,27,25,56,40,10,1,5,83,1,2,21,0,28,5,4,1,1,21225117
2008,Climax Series - Final Stage,Yomiuri Giants,2,"Ogasawara, Michihiro",1B,11,,15,0.200,,0.600,,,6,3,1,0,0,2,9,0,,0,,5,,1,,,21323884
2008,Japan Series,Yomiuri Giants,2,"Ogasawara, Michihiro",1B,11,,23,0.217,,0.522,,,1,5,1,2,1,1,12,0,,4,,7,,1,,,21323884
2008,Regular Season,Yomiuri Giants,2,"Ogasawara, Michihiro",1B,144,589,520,0.310,0.381,0.573,0.954,93,96,161,97,27,1,36,298,0,2,56,8,105,14,7,1,5,21323884
2008,Regular Season,Orix Buffaloes,43,"Kikuchihara, Tsuyoshi",P,55,0,0,0.000,0.000,0.000,0.000,0,0,0,0,0,0,0,0,0,0,0,0,0,0,0,0,0,21323887
2008,Japan Series,Yomiuri Giants,56,"Kato, Ken",C,5,,2,0.500,,0.500,,,0,1,1,0,0,0,1,0,,0,,1,,0,,,21323888
2008,Regular Season,Yomiuri Giants,56,"Kato, Ken",C,28,38,36,0.194,0.216,0.306,0.522,2,3,7,5,1,0,1,11,0,0,1,0,9,1,0,1,0,21323888
2008,Climax Series - Final Stage,Hokkaido Nippon-Ham Fighters,8,"Kaneko, Makoto",SS,6,,12,0.333,,0.583,,,2,4,3,0,0,1,7,0,,1,,3,,0,,,21323889
2008,Climax Series - First Stage,Hokkaido Nippon-Ham Fighters,8,"Kaneko, Makoto",SS,6,,6,0.167,,0.167,,,2,1,1,0,0,0,1,0,,1,,0,,0,,,21323889
2008,Regular Season,Hokkaido Nippon-Ham Fighters,8,"Kaneko, Makoto",SS,96,331,291,0.216,0.267,0.292,0.559,24,29,63,45,16,0,2,85,0,1,20,0,76,5,2,13,5,21323889
2008,Regular Season,Yokohama BayStars,2,"Uchikawa, Seiichi",1B,135,544,500,0.378,0.416,0.540,0.956,83,67,189,137,37,1,14,270,2,3,31,1,49,7,4,5,4,21325113
2008,Regular Season,Hokkaido Nippon-Ham Fighters,46,"Uemura, Yusuke",P,2,0,0,0.000,0.000,0.000,0.000,0,0,0,0,0,0,0,0,0,0,0,0,0,0,0,0,0,21325114
2008,Regular Season,Hokkaido Nippon-Ham Fighters,12,"Kato, Tatsuo",P,14,0,0,0.000,0.000,0.000,0.000,0,0,0,0,0,0,0,0,0,0,0,0,0,0,0,0,0,21325119
2008,Regular Season,Tokyo Yakult Swallows,51,"Yoneno, Tomohito",C,16,13,10,0.100,0.250,0.100,0.350,1,1,1,1,0,0,0,1,0,0,1,0,1,0,1,1,0,21425111
2008,Regular Season,Chiba Lotte Marines,59,"Hosoya, Kei",3B,20,50,48,0.167,0.184,0.208,0.392,4,4,8,6,2,0,0,10,0,0,1,0,15,1,0,1,0,21425112
2008,Regular Season,Fukuoka Softbank Hawks,30,"Hasegawa, Yuya",CF,71,245,221,0.235,0.295,0.357,0.652,28,24,52,34,13,1,4,79,2,0,18,1,47,1,1,4,1,21425114
2008,Regular Season,Orix Buffaloes,60,"Makita, Shogo",3B,13,31,28,0.250,0.290,0.321,0.611,2,1,7,5,2,0,0,9,0,1,0,0,4,2,2,0,1,21425115
2008,Regular Season,Hiroshima Toyo Carp,45,"Matsumoto, Takaaki",PH,3,4,3,0.000,0.000,0.000,0.000,0,0,0,0,0,0,0,0,0,0,0,0,2,0,0,1,0,21425117
2008,Regular Season,Fukuoka Softbank Hawks,16,"Shinohara, Takayuki",P,21,0,0,0.000,0.000,0.000,0.000,0,0,0,0,0,0,0,0,0,0,0,0,0,0,0,0,0,21523886
2008,Regular Season,Yokohama BayStars,26,"Saeki, Takahiro",PH,90,208,186,0.269,0.318,0.360,0.678,14,19,50,37,11,0,2,67,0,0,13,0,30,2,1,7,1,21523887
2008,Climax Series - Final Stage,Chunichi Dragons,30,"Koike, Masaaki",CF,4,,1,0.000,,0.000,,,0,0,0,0,0,0,0,0,,0,,1,,0,,,21523888
2008,Climax Series - First Stage,Chunichi Dragons,30,"Koike, Masaaki",CF,4,,3,0.000,,0.000,,,0,0,0,0,0,0,0,0,,0,,0,,0,,,21523888
2008,Regular Season,Chunichi Dragons,30,"Koike, Masaaki",CF,59,161,141,0.227,0.290,0.369,0.659,15,15,32,20,8,0,4,52,1,1,10,0,34,4,3,6,1,21523888
2008,Regular Season,Chiba Lotte Marines,0,"Ogino, Tadahiro",P,58,0,0,0.000,0.000,0.000,0.000,0,0,0,0,0,0,0,0,0,0,0,0,0,0,0,0,0,21525114
2008,Regular Season,Chiba Lotte Marines,19,"Karakawa, Yuki",P,15,1,1,0.000,0.000,0.000,0.000,0,0,0,0,0,0,0,0,0,0,0,0,0,0,0,0,0,21525116
2008,Regular Season,Orix Buffaloes,15,"Kato, Daisuke",P,63,1,1,0.000,0.000,0.000,0.000,0,0,0,0,0,0,0,0,0,0,0,0,0,0,0,0,0,21525117
2008,Climax Series - Final Stage,Yomiuri Giants,42,"Kroon, Marc",P,3,,0,0.000,,0.000,,,0,0,0,0,0,0,0,0,,0,,0,,0,,,21625110
2008,Regular Season,Yomiuri Giants,42,"Kroon, Marc",P,61,0,0,0.000,0.000,0.000,0.000,0,0,0,0,0,0,0,0,0,0,0,0,0,0,0,0,0,21625110
2008,Regular Season,Tokyo Yakult Swallows,15,"Muranaka, Kyohei",P,22,34,31,0.000,0.030,0.000,0.030,0,2,0,0,0,0,0,0,0,0,1,0,15,0,0,1,1,21625112
2008,Regular Season,Hiroshima Toyo Carp,16,"Miyazaki, Michito",P,12,13,11,0.091,0.167,0.091,0.258,1,0,1,1,0,0,0,1,0,0,1,0,5,0,0,1,0,21625114
2008,Regular Season,Chunichi Dragons,26,"Yamauchi, Soma",P,4,2,2,0.000,0.000,0.000,0.000,0,0,0,0,0,0,0,0,0,0,0,0,0,0,0,0,0,21625116
2008,Regular Season,Tokyo Yakult Swallows,62,"Yoshikawa, Masahiro",P,18,1,1,0.000,0.000,0.000,0.000,0,0,0,0,0,0,0,0,0,0,0,0,1,0,0,0,0,21625117
2008,Climax Series - Final Stage,Chunichi Dragons,21,"Chen, Wei-Yin",P,2,,1,0.000,,0.000,,,0,0,0,0,0,0,0,0,,0,,0,,0,,,21625119
2008,Climax Series - First Stage,Chunichi Dragons,21,"Chen, Wei-Yin",P,2,,1,1.000,,1.000,,,0,1,1,0,0,0,1,0,,0,,0,,0,,,21625119
2008,Regular Season,Chunichi Dragons,21,"Chen, Wei-Yin",P,39,28,25,0.040,0.040,0.080,0.120,0,0,1,0,1,0,0,2,0,0,0,0,16,0,0,3,0,21625119
2008,Climax Series - Final Stage,Yomiuri Giants,43,"Tsuruoka, Kazunari",C,11,,13,0.385,,0.692,,,2,5,3,1,0,1,9,0,,2,,2,,0,,,21723882
2008,Japan Series,Yomiuri Giants,43,"Tsuruoka, Kazunari",C,11,,14,0.071,,0.071,,,1,1,1,0,0,0,1,0,,1,,6,,0,,,21723882
2008,Regular Season,Yokohama BayStars,57,"Tsuruoka, Kazunari",C,27,61,52,0.288,0.339,0.327,0.666,4,2,15,13,2,0,0,17,1,0,4,1,7,3,0,5,0,21723882
2008,Regular Season,Yomiuri Giants,43,"Tsuruoka, Kazunari",C,31,56,48,0.167,0.259,0.333,0.592,4,6,8,4,2,0,2,16,0,0,6,0,12,2,0,2,0,21723882
2008,Regular Season,Chunichi Dragons,48,"Sawai, Michihisa",PH,7,5,4,0.000,0.200,0.000,0.200,1,0,0,0,0,0,0,0,0,0,1,0,0,0,0,0,0,21725110
2008,Climax Series - Final Stage,Yomiuri Giants,21,"Takahashi, Hisanori",P,3,,1,0.000,,0.000,,,0,0,0,0,0,0,0,0,,0,,0,,0,,,21725111
2008,Japan Series,Yomiuri Giants,21,"Takahashi, Hisanori",P,3,,2,0.000,,0.000,,,0,0,0,0,0,0,0,0,,0,,1,,0,,,21725111
2008,Regular Season,Yomiuri Giants,21,"Takahashi, Hisanori",P,23,44,35,0.143,0.167,0.200,0.367,3,2,5,3,2,0,0,7,0,0,1,0,16,0,0,8,0,21725111
2008,Regular Season,Yokohama BayStars,59,"Kurobane, Toshiki",PH,1,1,1,0.000,0.000,0.000,0.000,0,0,0,0,0,0,0,0,0,0,0,0,0,0,0,0,0,21725112
2008,Regular Season,Tokyo Yakult Swallows,38,"Kinugawa, Atsushi",C,17,46,42,0.262,0.326,0.333,0.659,1,8,11,10,0,0,1,14,0,0,3,0,12,2,1,0,0,21725114
2008,Japan Series,Yomiuri Giants,11,"Kubo, Yuya",P,1,,0,0.000,,0.000,,,0,0,0,0,0,0,0,0,,0,,0,,0,,,21725117
2008,Regular Season,Yomiuri Giants,11,"Kubo, Yuya",P,6,6,6,0.333,0.333,0.500,0.833,1,0,2,1,1,0,0,3,0,0,0,0,2,0,0,0,0,21725117
2008,Regular Season,Hanshin Tigers,0,"Shoda, Takahiro",PH,13,24,23,0.304,0.333,0.348,0.681,4,2,7,6,1,0,0,8,0,1,1,0,4,0,0,0,0,21725119
2008,Regular Season,Tohoku Rakuten Golden Eagles,3,"Yoshioka, Yuji",PH,12,17,16,0.313,0.353,0.375,0.728,0,1,5,4,1,0,0,6,0,0,1,0,7,0,0,0,0,21823881
2008,Regular Season,Tokyo Yakult Swallows,49,"Matsumoto, Yuichi",PH,80,147,134,0.254,0.303,0.306,0.609,9,15,34,27,7,0,0,41,0,0,10,0,21,4,0,2,1,21823888
2008,Regular Season,Hokkaido Nippon-Ham Fighters,24,"Yoh, Daikan",SS,44,123,111,0.144,0.193,0.216,0.409,7,4,16,13,0,1,2,24,1,0,6,0,31,3,1,4,1,21825112
2008,Regular Season,Hiroshima Toyo Carp,70,"Schultz, Mike",P,55,0,0,0.000,0.000,0.000,0.000,0,0,0,0,0,0,0,0,0,0,0,0,0,0,0,0,0,21825116
2008,Regular Season,Hiroshima Toyo Carp,2,"Higashide, Akihiro",2B,138,576,522,0.310,0.341,0.337,0.678,76,31,162,149,12,1,0,176,13,8,24,1,63,1,2,24,4,21923888
2008,Regular Season,Chiba Lotte Marines,9,"Fukura, Kazuya",1B,105,371,310,0.252,0.352,0.290,0.642,39,44,78,68,9,0,1,90,0,0,50,2,49,10,2,1,7,21923889
2008,Regular Season,Tokyo Yakult Swallows,7,"Tanaka, Hiroyasu",2B,144,604,510,0.290,0.358,0.361,0.719,61,50,148,123,19,1,5,184,4,7,45,1,72,8,11,34,4,21925110
2008,Regular Season,Hiroshima Toyo Carp,6,"Soyogi, Eishin",SS,97,318,287,0.226,0.289,0.275,0.564,23,17,65,53,11,0,1,79,8,5,23,2,50,7,3,3,2,21925112
2008,Climax Series - Final Stage,Chunichi Dragons,64,"Shimizu, Akinobu",P,4,,0,0.000,,0.000,,,0,0,0,0,0,0,0,0,,0,,0,,0,,,21925114
2008,Climax Series - First Stage,Chunichi Dragons,64,"Shimizu, Akinobu",P,4,,0,0.000,,0.000,,,0,0,0,0,0,0,0,0,,0,,0,,0,,,21925114
2008,Regular Season,Chunichi Dragons,64,"Shimizu, Akinobu",P,15,10,9,0.111,0.111,0.111,0.222,0,0,1,1,0,0,0,1,0,0,0,0,5,0,0,1,0,21925114
2008,Climax Series - First Stage,Orix Buffaloes,52,"Sakaguchi, Tomotaka",CF,2,,8,0.375,,0.375,,,0,3,3,0,0,0,3,0,,0,,2,,0,,,21925117
2008,Regular Season,Orix Buffaloes,52,"Sakaguchi, Tomotaka",CF,142,588,540,0.278,0.310,0.339,0.649,68,32,150,127,15,6,2,183,13,3,23,0,77,9,4,17,4,21925117
2008,Climax Series - First Stage,Hanshin Tigers,1,"Toritani, Takashi",SS,3,,12,0.250,,0.750,,,4,3,1,0,0,2,9,0,,0,,1,,0,,,21925119
2008,Regular Season,Hanshin Tigers,1,"Toritani, Takashi",SS,144,605,523,0.281,0.365,0.411,0.776,66,80,147,111,17,6,13,215,4,7,68,2,85,10,4,5,5,21925119
2008,Regular Season,Yomiuri Giants,49,"Gonzalez, Luis",2B,32,128,114,0.307,0.357,0.421,0.778,15,17,35,26,7,0,2,48,0,0,7,0,19,2,3,2,2,23125114
2008,Regular Season,Fukuoka Softbank Hawks,42,"Restovich, Michael",1B,48,127,112,0.223,0.315,0.330,0.645,7,17,25,19,3,0,3,37,0,0,14,2,53,1,1,0,0,23125116
2008,Regular Season,Tokyo Yakult Swallows,45,"Valdez, Wilson",SS,29,88,78,0.256,0.326,0.308,0.634,8,8,20,18,1,0,1,24,4,0,8,0,14,5,0,2,0,23325116
2008,Climax Series - Final Stage,Yomiuri Giants,93,"Tono, Shun",P,3,,0,0.000,,0.000,,,0,0,0,0,0,0,0,0,,0,,0,,0,,,31035110
2008,Japan Series,Yomiuri Giants,93,"Tono, Shun",P,3,,0,0.000,,0.000,,,0,0,0,0,0,0,0,0,,0,,0,,0,,,31035110
2008,Regular Season,Yomiuri Giants,93,"Tono, Shun",P,28,10,9,0.000,0.000,0.000,0.000,0,0,0,0,0,0,0,0,0,0,0,0,5,0,0,1,0,31035110
2008,Regular Season,Tokyo Yakult Swallows,24,"Hanada, Masato",P,23,0,0,0.000,0.000,0.000,0.000,0,0,0,0,0,0,0,0,0,0,0,0,0,0,0,0,0,31035111
2008,Regular Season,Tokyo Yakult Swallows,8,"Takeuchi, Shinichi",1B,116,182,169,0.231,0.274,0.337,0.611,20,13,39,25,11,2,1,57,2,0,7,0,37,1,3,3,0,31035112
2008,Regular Season,Tohoku Rakuten Golden Eagles,46,"Tsuchiya, Teppei",CF,124,482,422,0.270,0.345,0.403,0.748,52,56,114,74,29,6,5,170,5,5,42,3,52,6,7,9,2,31035113
2008,Climax Series - First Stage,Orix Buffaloes,36,"Shimoyama, Shinji",RF,2,,6,0.333,,0.333,,,0,2,2,0,0,0,2,0,,1,,1,,0,,,31035117
2008,Regular Season,Orix Buffaloes,36,"Shimoyama, Shinji",RF,123,416,356,0.270,0.344,0.438,0.782,64,44,96,59,24,3,10,156,3,3,40,1,73,2,2,15,3,31035117
2008,Climax Series - Final Stage,Yomiuri Giants,30,"Nishimura, Kentaro",P,6,,0,0.000,,0.000,,,0,0,0,0,0,0,0,0,,0,,0,,0,,,31035119
2008,Japan Series,Yomiuri Giants,30,"Nishimura, Kentaro",P,6,,0,0.000,,0.000,,,0,0,0,0,0,0,0,0,,0,,0,,0,,,31035119
2008,Regular Season,Yomiuri Giants,30,"Nishimura, Kentaro",P,43,3,3,0.000,0.000,0.000,0.000,0,0,0,0,0,0,0,0,0,0,0,0,1,0,0,0,0,31035119
2008,Japan Series,Saitama Seibu Lions,61,"Ishii, Kazuhisa",P,1,,0,0.000,,0.000,,,0,0,0,0,0,0,0,0,,0,,0,,0,,,31133885
2008,Regular Season,Saitama Seibu Lions,61,"Ishii, Kazuhisa",P,25,3,2,0.000,0.000,0.000,0.000,0,0,0,0,0,0,0,0,0,0,0,0,1,0,0,1,0,31133885
2008,Regular Season,Orix Buffaloes,53,"Aikawa, Ryota",LF,10,22,20,0.200,0.273,0.550,0.823,2,6,4,1,1,0,2,11,0,0,1,0,6,1,1,0,0,31133888
2008,Regular Season,Hiroshima Toyo Carp,36,"Aoki, Hayato",P,11,0,0,0.000,0.000,0.000,0.000,0,0,0,0,0,0,0,0,0,0,0,0,0,0,0,0,0,31135111
2008,Regular Season,Tohoku Rakuten Golden Eagles,36,"Asai, Hideki",P,30,10,9,0.111,0.111,0.111,0.222,1,1,1,1,0,0,0,1,0,0,0,0,6,0,0,1,0,31135115
2008,Regular Season,Chunichi Dragons,54,"Akasaka, Kazuyuki",P,1,0,0,0.000,0.000,0.000,0.000,0,0,0,0,0,0,0,0,0,0,0,0,0,0,0,0,0,31135116
2008,Regular Season,Tokyo Yakult Swallows,23,"Aoki, Norichika",CF,112,500,444,0.347,0.413,0.529,0.942,85,64,154,106,29,5,14,235,31,9,42,6,47,10,10,1,3,31135119
2008,Regular Season,Tokyo Yakult Swallows,43,"Miyade, Ryuji",PH,29,50,47,0.128,0.163,0.128,0.291,0,2,6,6,0,0,0,6,0,0,2,0,13,1,0,1,0,31233882
2008,Climax Series - Final Stage,Yomiuri Giants,0,"Kimura, Takuya",2B,11,,15,0.333,,0.333,,,1,5,5,0,0,0,5,0,,0,,3,,0,,,31233883
2008,Japan Series,Yomiuri Giants,0,"Kimura, Takuya",2B,11,,24,0.167,,0.167,,,0,4,4,0,0,0,4,0,,1,,5,,1,,,31233883
2008,Regular Season,Yomiuri Giants,0,"Kimura, Takuya",2B,124,432,372,0.293,0.347,0.406,0.753,46,31,109,81,21,0,7,151,1,3,27,1,61,3,5,26,2,31233883
2008,Regular Season,Hiroshima Toyo Carp,13,"Makino, Rui",P,6,2,2,0.000,0.000,0.000,0.000,0,0,0,0,0,0,0,0,0,0,0,0,0,0,0,0,0,31233887
2008,Regular Season,Tohoku Rakuten Golden Eagles,14,"Makino, Rui",P,1,0,0,0.000,0.000,0.000,0.000,0,0,0,0,0,0,0,0,0,0,0,0,0,0,0,0,0,31233887
2008,Regular Season,Orix Buffaloes,49,"Nakayama, Shinya",P,10,6,6,0.000,0.000,0.000,0.000,0,0,0,0,0,0,0,0,0,0,0,0,6,0,0,0,0,31235112
2008,Regular Season,Tokyo Yakult Swallows,33,"Hatakeyama, Kazuhiro",1B,121,479,416,0.279,0.364,0.406,0.770,43,58,116,83,22,2,9,169,2,1,53,2,84,11,5,1,4,31235113
2008,Regular Season,Yomiuri Giants,32,"Tsuburaya, Hidetoshi",3B,6,2,2,0.000,0.000,0.000,0.000,0,0,0,0,0,0,0,0,0,0,0,0,0,0,0,0,0,31235114
2008,Regular Season,Hokkaido Nippon-Ham Fighters,62,"Imanari, Ryota",C,9,12,11,0.455,0.500,0.545,1.045,1,1,5,4,1,0,0,6,1,1,1,0,1,0,0,0,0,31335112
2008,Regular Season,Yomiuri Giants,99,"Inzen, Tomoya",RF,36,63,62,0.290,0.302,0.323,0.625,4,4,18,16,2,0,0,20,2,1,1,0,19,1,0,0,0,31335114
2008,Regular Season,Fukuoka Softbank Hawks,41,"Iwasaki, Sho",P,1,0,0,0.000,0.000,0.000,0.000,0,0,0,0,0,0,0,0,0,0,0,0,0,0,0,0,0,31335116
2008,Regular Season,Tokyo Yakult Swallows,42,"Kida, Masao",P,19,1,1,0.000,0.000,0.000,0.000,0,0,0,0,0,0,0,0,0,0,0,0,1,0,0,0,0,31433868
2008,Climax Series - Final Stage,Chunichi Dragons,5,"Wada, Kazuhiro",LF,7,,16,0.250,,0.438,,,3,4,3,0,0,1,7,0,,3,,2,,0,,,31433884
2008,Climax Series - First Stage,Chunichi Dragons,5,"Wada, Kazuhiro",LF,7,,10,0.300,,0.400,,,0,3,2,1,0,0,4,0,,2,,2,,0,,,31433884
2008,Regular Season,Chunichi Dragons,5,"Wada, Kazuhiro",LF,136,560,520,0.302,0.345,0.475,0.820,60,74,157,103,34,4,16,247,1,2,34,0,71,16,2,0,4,31433884
2008,Climax Series - First Stage,Hanshin Tigers,24,"Hiyama, Shinjiro",PH,3,,2,0.000,,0.000,,,0,0,0,0,0,0,0,0,,1,,2,,0,,,31433885
2008,Regular Season,Hanshin Tigers,24,"Hiyama, Shinjiro",PH,94,121,110,0.300,0.355,0.409,0.764,7,19,33,23,8,2,0,45,0,0,9,1,26,2,1,0,1,31433885
2008,Regular Season,Orix Buffaloes,18,"Yamaguchi, Kazuo",P,34,0,0,0.000,0.000,0.000,0.000,0,0,0,0,0,0,0,0,0,0,0,0,0,0,0,0,0,31435111
2008,Regular Season,Yomiuri Giants,22,"Fukuda, Satoshi",P,2,0,0,0.000,0.000,0.000,0.000,0,0,0,0,0,0,0,0,0,0,0,0,0,0,0,0,0,31435112
2008,Climax Series - Final Stage,Saitama Seibu Lions,45,"Mizuta, Keisuke",PR,1,,0,0.000,,0.000,,,0,0,0,0,0,0,0,0,,0,,0,,0,,,31435113
2008,Regular Season,Saitama Seibu Lions,45,"Mizuta, Keisuke",PR,17,2,0,0.000,1.000,0.000,1.000,2,0,0,0,0,0,0,0,0,0,1,0,0,0,0,1,0,31435113
2008,Regular Season,Tokyo Yakult Swallows,30,"Nishizaki, Satoshi",P,3,0,0,0.000,0.000,0.000,0.000,0,0,0,0,0,0,0,0,0,0,0,0,0,0,0,0,0,31435114
2008,Regular Season,Chiba Lotte Marines,7,"Nishioka, Tsuyoshi",SS,116,522,473,0.300,0.357,0.463,0.820,78,49,142,97,26,6,13,219,18,11,36,1,68,3,7,4,2,31435117
2008,Regular Season,Hokkaido Nippon-Ham Fighters,63,"Watanabe, Ryuichi",PH,4,4,4,0.250,0.250,0.500,0.750,0,0,1,0,1,0,0,2,0,0,0,0,1,0,0,0,0,31435119
2008,Regular Season,Hiroshima Toyo Carp,40,"Kura, Yoshikazu",C,48,128,121,0.207,0.242,0.306,0.548,8,11,25,17,6,0,2,37,0,0,4,1,23,0,2,0,1,31533886
2008,Regular Season,Fukuoka Softbank Hawks,9,"Kokubo, Hiroki",1B,106,434,383,0.253,0.334,0.465,0.799,45,56,97,56,21,0,20,178,1,1,42,0,95,11,6,0,3,31533889
2008,Regular Season,Tokyo Yakult Swallows,28,"Kawamoto, Ryohei",C,65,176,154,0.253,0.324,0.383,0.707,18,21,39,24,12,1,2,59,0,1,12,1,50,6,5,3,2,31535110
2008,Regular Season,Hiroshima Toyo Carp,5,"Kurihara, Kenta",1B,144,616,557,0.332,0.389,0.515,0.904,69,103,185,130,31,1,23,287,5,4,42,2,68,18,12,0,4,31535111
2008,Regular Season,Tohoku Rakuten Golden Eagles,28,"Katayama, Hiroshi",P,18,2,2,0.000,0.000,0.000,0.000,0,0,0,0,0,0,0,0,0,0,0,0,1,0,0,0,0,31535112
2008,Regular Season,Tohoku Rakuten Golden Eagles,32,"Okihara, Yoshinori",SS,14,34,33,0.242,0.265,0.273,0.538,2,0,8,7,1,0,0,9,0,0,1,0,9,0,0,0,0,31535113
2008,Regular Season,Tokyo Yakult Swallows,46,"Onizaki, Yuji",SS,3,4,4,0.000,0.000,0.000,0.000,1,0,0,0,0,0,0,0,0,0,0,0,2,0,0,0,0,31535116
2008,Regular Season,Saitama Seibu Lions,34,"Osada, Shuichiro",P,1,0,0,0.000,0.000,0.000,0.000,0,0,0,0,0,0,0,0,0,0,0,0,0,0,0,0,0,31535117
2008,Regular Season,Fukuoka Softbank Hawks,23,"Kidokoro, Ryuma",CF,49,61,56,0.089,0.136,0.125,0.261,5,1,5,3,2,0,0,7,1,1,3,0,15,1,0,2,0,31535119
2008,Regular Season,Hiroshima Toyo Carp,1,"Maeda, Tomonori",PH,84,186,174,0.270,0.306,0.374,0.680,11,29,47,38,4,1,4,65,0,1,8,1,24,4,2,0,2,31633881
2008,Japan Series,Saitama Seibu Lions,16,"Wakui, Hideaki",P,2,,3,0.000,,0.000,,,0,0,0,0,0,0,0,0,,0,,0,,0,,,31635110
2008,Regular Season,Saitama Seibu Lions,16,"Wakui, Hideaki",P,25,5,5,0.000,0.000,0.000,0.000,0,0,0,0,0,0,0,0,0,0,0,0,4,0,0,0,0,31635110
2008,Regular Season,Yokohama BayStars,21,"Yoshimi, Yuji",P,42,19,16,0.250,0.250,0.313,0.563,1,2,4,3,1,0,0,5,0,0,0,0,5,0,0,3,0,31635113
2008,Climax Series - Final Stage,Chunichi Dragons,29,"Yamai, Daisuke",P,1,,0,0.000,,0.000,,,0,0,0,0,0,0,0,0,,0,,0,,0,,,31635115
2008,Regular Season,Chunichi Dragons,29,"Yamai, Daisuke",P,2,2,2,0.000,0.000,0.000,0.000,0,0,0,0,0,0,0,0,0,0,0,0,0,0,0,0,0,31635115
2008,Regular Season,Fukuoka Softbank Hawks,32,"Morimoto, Satoru",SS,54,149,133,0.241,0.271,0.301,0.572,9,8,32,24,8,0,0,40,1,0,5,0,31,0,1,9,1,31635117
2008,Regular Season,Chiba Lotte Marines,14,"Komiyama, Satoru",P,33,0,0,0.000,0.000,0.000,0.000,0,0,0,0,0,0,0,0,0,0,0,0,0,0,0,0,0,31733881
2008,Regular Season,Chiba Lotte Marines,22,"Satozaki, Tomoya",C,92,381,330,0.261,0.351,0.421,0.772,54,45,86,63,8,0,15,139,1,1,44,2,92,8,3,2,2,31733888
2008,Regular Season,Tokyo Yakult Swallows,36,"Kawabata, Shingo",SS,65,115,104,0.260,0.294,0.327,0.621,11,9,27,22,4,0,1,34,2,0,5,0,20,1,0,6,0,31735112
2008,Regular Season,Tokyo Yakult Swallows,20,"Kamada, Yuya",P,16,1,1,0.000,0.000,0.000,0.000,0,0,0,0,0,0,0,0,0,0,0,0,1,0,0,0,0,31735113
2008,Regular Season,Yomiuri Giants,28,"Kaneto, Norihito",P,8,6,6,0.000,0.000,0.000,0.000,0,0,0,0,0,0,0,0,0,0,0,0,2,0,0,0,0,31735114
2008,Regular Season,Yokohama BayStars,38,"Kuwahara, Kentaro",P,32,14,13,0.000,0.000,0.000,0.000,0,0,0,0,0,0,0,0,0,0,0,0,7,1,0,1,0,31735116
2008,Regular Season,Chiba Lotte Marines,11,"Kanda, Yoshihide",P,4,0,0,0.000,0.000,0.000,0.000,0,0,0,0,0,0,0,0,0,0,0,0,0,0,0,0,0,31735117
2008,Regular Season,Saitama Seibu Lions,46,"Sato, Takahiko",RF,105,432,388,0.302,0.368,0.546,0.914,62,62,117,65,30,1,21,212,1,3,31,2,62,11,11,0,2,31735119
2008,Regular Season,Fukuoka Softbank Hawks,56,"Yanase, Akihiro",P,30,0,0,0.000,0.000,0.000,0.000,0,0,0,0,0,0,0,0,0,0,0,0,0,0,0,0,0,31835112
2008,Regular Season,Yokohama BayStars,48,"Williams, Dave",P,7,10,10,0.000,0.000,0.000,0.000,0,0,0,0,0,0,0,0,0,0,0,0,5,0,0,0,0,31835116
2008,Climax Series - First Stage,Hanshin Tigers,54,"Williams, Jeff",P,2,,0,0.000,,0.000,,,0,0,0,0,0,0,0,0,,0,,0,,0,,,31835117
2008,Regular Season,Hanshin Tigers,54,"Williams, Jeff",P,55,0,0,0.000,0.000,0.000,0.000,0,0,0,0,0,0,0,0,0,0,0,0,0,0,0,0,0,31835117
2008,Regular Season,Yokohama BayStars,7,"Nishi, Toshihisa",2B,121,535,476,0.265,0.297,0.395,0.692,59,50,126,87,27,1,11,188,1,3,22,2,63,12,1,34,2,31933882
2008,Climax Series - Final Stage,Hokkaido Nippon-Ham Fighters,2,"Takahashi, Shinji",C,7,,18,0.111,,0.111,,,0,2,2,0,0,0,2,0,,2,,7,,0,,,31933884
2008,Climax Series - First Stage,Hokkaido Nippon-Ham Fighters,2,"Takahashi, Shinji",C,7,,8,0.125,,0.125,,,1,1,1,0,0,0,1,0,,0,,2,,1,,,31933884
2008,Regular Season,Hokkaido Nippon-Ham Fighters,2,"Takahashi, Shinji",C,108,394,357,0.286,0.333,0.415,0.748,33,58,102,74,19,0,9,148,3,2,24,2,74,13,3,7,3,31933884
2008,Climax Series - First Stage,Hanshin Tigers,50,"Takahashi, Mitsunobu",PH,2,,2,0.000,,0.000,,,0,0,0,0,0,0,0,0,,0,,0,,0,,,31933886
2008,Regular Season,Hanshin Tigers,50,"Takahashi, Mitsunobu",PH,68,115,108,0.315,0.348,0.491,0.839,9,15,34,23,7,0,4,53,0,0,6,0,16,2,0,0,1,31933886
2008,Regular Season,Fukuoka Softbank Hawks,13,"Takahashi, Hideaki",P,20,0,0,0.000,0.000,0.000,0.000,0,0,0,0,0,0,0,0,0,0,0,0,0,0,0,0,0,31935110
2008,Regular Season,Orix Buffaloes,28,"Komatsu, Satoshi",P,36,0,0,0.000,0.000,0.000,0.000,0,0,0,0,0,0,0,0,0,0,0,0,0,0,0,0,0,31935114
2008,Regular Season,Fukuoka Softbank Hawks,47,"Sugiuchi, Toshiya",P,25,7,7,0.143,0.143,0.143,0.286,0,0,1,1,0,0,0,1,0,0,0,0,3,0,0,0,0,31935115
2008,Climax Series - Final Stage,Chunichi Dragons,69,"Kobayashi, Masato",P,2,,0,0.000,,0.000,,,0,0,0,0,0,0,0,0,,0,,0,,0,,,31935117
2008,Regular Season,Chunichi Dragons,69,"Kobayashi, Masato",P,46,0,0,0.000,0.000,0.000,0.000,0,0,0,0,0,0,0,0,0,0,0,0,0,0,0,0,0,31935117
2008,Regular Season,Hanshin Tigers,12,"Watanabe, Ryo",P,66,1,1,0.000,0.000,0.000,0.000,0,0,0,0,0,0,0,0,0,0,0,0,1,0,0,0,0,33135112
2008,Regular Season,Hanshin Tigers,55,"Ford, Lewis",RF,47,144,129,0.225,0.292,0.364,0.656,11,11,29,18,7,1,3,47,0,1,11,0,27,6,2,0,2,33135116
2008,Regular Season,Chunichi Dragons,49,"Nelson, Maximo",P,6,0,0,0.000,0.000,0.000,0.000,0,0,0,0,0,0,0,0,0,0,0,0,0,0,0,0,0,33335116
2008,Regular Season,Tohoku Rakuten Golden Eagles,42,"Gwyn, Marcus",P,19,0,0,0.000,0.000,0.000,0.000,0,0,0,0,0,0,0,0,0,0,0,0,0,0,0,0,0,33535116
2008,Regular Season,Hokkaido Nippon-Ham Fighters,15,"Jones, Mitch",LF,8,27,27,0.111,0.111,0.148,0.259,2,0,3,2,1,0,0,4,0,0,0,0,10,0,0,0,0,33735114
2008,Regular Season,Tohoku Rakuten Golden Eagles,65,"Matsumoto, Akira",P,21,0,0,0.000,0.000,0.000,0.000,0,0,0,0,0,0,0,0,0,0,0,0,0,0,0,0,0,41043882
2008,Regular Season,Yokohama BayStars,29,"Niinuma, Shinji",C,14,13,12,0.083,0.083,0.083,0.166,0,0,1,1,0,0,0,1,0,0,0,0,4,0,0,1,0,41043886
2008,Japan Series,Saitama Seibu Lions,26,"Hoshino, Tomoki",P,2,,0,0.000,,0.000,,,0,0,0,0,0,0,0,0,,0,,0,,0,,,41043888
2008,Regular Season,Saitama Seibu Lions,26,"Hoshino, Tomoki",P,63,0,0,0.000,0.000,0.000,0.000,0,0,0,0,0,0,0,0,0,0,0,0,0,0,0,0,0,41043888
2008,Regular Season,Hanshin Tigers,46,"Tsuru, Naoto",P,1,0,0,0.000,0.000,0.000,0.000,0,0,0,0,0,0,0,0,0,0,0,0,0,0,0,0,0,41045112
2008,Regular Season,Fukuoka Softbank Hawks,12,"Takaya, Hiroaki",C,62,215,189,0.180,0.246,0.233,0.479,17,13,34,28,4,0,2,44,0,0,16,0,57,2,1,8,1,41045114
2008,Regular Season,Hokkaido Nippon-Ham Fighters,21,"Takeda, Hisashi",P,62,0,0,0.000,0.000,0.000,0.000,0,0,0,0,0,0,0,0,0,0,0,0,0,0,0,0,0,41045117
2008,Regular Season,Chiba Lotte Marines,3,"Omura, Saburo",RF,105,390,346,0.289,0.359,0.416,0.775,43,56,100,70,22,2,6,144,6,4,36,1,70,5,4,0,4,41143880
2008,Climax Series - Final Stage,Chunichi Dragons,6,"Ibata, Hirokazu",SS,7,,13,0.077,,0.154,,,0,1,0,1,0,0,2,0,,1,,1,,0,,,41143886
2008,Climax Series - First Stage,Chunichi Dragons,6,"Ibata, Hirokazu",SS,7,,9,0.333,,0.333,,,1,3,3,0,0,0,3,0,,1,,0,,1,,,41143886
2008,Regular Season,Chunichi Dragons,6,"Ibata, Hirokazu",SS,106,466,408,0.277,0.340,0.368,0.708,51,23,113,89,16,3,5,150,8,3,37,1,56,7,3,16,2,41143886
2008,Regular Season,Tokyo Yakult Swallows,68,"Uehara, Kojiro",P,4,0,0,0.000,0.000,0.000,0.000,0,0,0,0,0,0,0,0,0,0,0,0,0,0,0,0,0,41145110
2008,Regular Season,Orix Buffaloes,4,"Abe, Masahiro",2B,55,137,119,0.218,0.273,0.261,0.534,12,9,26,21,5,0,0,31,1,0,6,0,15,0,3,9,0,41145113
2008,Climax Series - First Stage,Hanshin Tigers,16,"Ando, Yuya",P,1,,1,0.000,,0.000,,,0,0,0,0,0,0,0,0,,0,,0,,0,,,41145115
2008,Regular Season,Hanshin Tigers,16,"Ando, Yuya",P,27,58,52,0.135,0.151,0.135,0.286,5,1,7,7,0,0,0,7,0,0,0,0,28,0,1,5,0,41145115
2008,Regular Season,Yokohama BayStars,35,"Ushida, Shigeki",P,23,1,1,0.000,0.000,0.000,0.000,0,0,0,0,0,0,0,0,0,0,0,0,1,0,0,0,0,41145119
2008,Regular Season,Fukuoka Softbank Hawks,33,"Hoshino, Junji",P,3,0,0,0.000,0.000,0.000,0.000,0,0,0,0,0,0,0,0,0,0,0,0,0,0,0,0,0,41243886
2008,Climax Series - Final Stage,Hokkaido Nippon-Ham Fighters,1,"Morimoto, Hichori",CF,7,,21,0.238,,0.238,,,2,5,5,0,0,0,5,0,,2,,1,,0,,,41243888
2008,Climax Series - First Stage,Hokkaido Nippon-Ham Fighters,1,"Morimoto, Hichori",CF,7,,7,0.000,,0.000,,,0,0,0,0,0,0,0,0,,2,,0,,0,,,41243888
2008,Regular Season,Hokkaido Nippon-Ham Fighters,1,"Morimoto, Hichori",CF,121,549,478,0.253,0.327,0.289,0.616,66,21,121,105,15,1,0,138,12,7,49,1,81,5,4,17,1,41243888
2008,Regular Season,Orix Buffaloes,40,"Miyamoto, Daisuke",P,2,0,0,0.000,0.000,0.000,0.000,0,0,0,0,0,0,0,0,0,0,0,0,0,0,0,0,0,41245111
2008,Japan Series,Saitama Seibu Lions,47,"Hoashi, Kazuyuki",P,2,,3,0.000,,0.000,,,0,0,0,0,0,0,0,0,,0,,2,,0,,,41245113
2008,Regular Season,Saitama Seibu Lions,47,"Hoashi, Kazuyuki",P,27,5,5,0.000,0.000,0.000,0.000,0,0,0,0,0,0,0,0,0,0,0,0,5,0,0,0,0,41245113
2008,Regular Season,Chiba Lotte Marines,38,"Nakago, Taiki",P,2,0,0,0.000,0.000,0.000,0.000,0,0,0,0,0,0,0,0,0,0,0,0,0,0,0,0,0,41245114
2008,Regular Season,Orix Buffaloes,5,"Kiyohara, Kazuhiro",PH,22,25,22,0.182,0.280,0.273,0.553,0,3,4,2,2,0,0,6,0,0,3,0,11,0,0,0,0,41343862
2008,Climax Series - First Stage,Hanshin Tigers,39,"Yano, Akihiro",C,3,,11,0.364,,0.455,,,0,4,3,1,0,0,5,0,,0,,2,,0,,,41343883
2008,Regular Season,Hanshin Tigers,39,"Yano, Akihiro",C,119,404,371,0.275,0.305,0.358,0.663,20,36,102,80,17,1,4,133,0,1,16,1,100,13,2,10,5,41343883
2008,Climax Series - First Stage,Hanshin Tigers,6,"Kanemoto, Tomoaki",LF,3,,10,0.100,,0.100,,,1,1,1,0,0,0,1,0,,2,,2,,0,,,41343885
2008,Regular Season,Hanshin Tigers,6,"Kanemoto, Tomoaki",LF,144,623,535,0.307,0.392,0.527,0.919,87,108,164,102,33,2,27,282,2,1,77,9,99,8,3,0,8,41343885
2008,Climax Series - Final Stage,Chunichi Dragons,11,"Kawakami, Kenshin",P,2,,2,0.000,,0.000,,,0,0,0,0,0,0,0,0,,0,,2,,0,,,41343886
2008,Climax Series - First Stage,Chunichi Dragons,11,"Kawakami, Kenshin",P,2,,3,0.000,,0.000,,,0,0,0,0,0,0,0,0,,0,,0,,0,,,41343886
2008,Regular Season,Chunichi Dragons,11,"Kawakami, Kenshin",P,20,32,29,0.103,0.103,0.241,0.344,1,1,3,1,1,0,1,7,0,0,0,0,12,0,0,3,0,41343886
2008,Regular Season,Hokkaido Nippon-Ham Fighters,28,"Kanazawa, Takehito",P,4,0,0,0.000,0.000,0.000,0.000,0,0,0,0,0,0,0,0,0,0,0,0,0,0,0,0,0,41343888
2008,Regular Season,Orix Buffaloes,19,"Kaneko, Chihiro",P,29,2,2,0.000,0.000,0.000,0.000,0,0,0,0,0,0,0,0,0,0,0,0,1,0,0,0,0,41345110
2008,Regular Season,Fukuoka Softbank Hawks,52,"Kawasaki, Munenori",SS,99,457,424,0.321,0.350,0.394,0.744,55,34,136,113,16,6,1,167,19,9,16,3,40,5,6,6,5,41345111
2008,Regular Season,Orix Buffaloes,35,"Okubo, Masanobu",P,3,0,0,0.000,0.000,0.000,0.000,0,0,0,0,0,0,0,0,0,0,0,0,0,0,0,0,0,41345113
2008,Regular Season,Fukuoka Softbank Hawks,17,"Oba, Shota",P,13,0,0,0.000,0.000,0.000,0.000,0,0,0,0,0,0,0,0,0,0,0,0,0,0,0,0,0,41345116
2008,Regular Season,Yokohama BayStars,33,"Onishi, Hiroaki",LF,105,330,289,0.270,0.347,0.381,0.728,37,26,78,54,20,0,4,110,5,2,30,1,54,5,5,4,2,41345117
2008,Regular Season,Hokkaido Nippon-Ham Fighters,59,"Kanamori, Takayuki",P,10,0,0,0.000,0.000,0.000,0.000,0,0,0,0,0,0,0,0,0,0,0,0,0,0,0,0,0,41345119
2008,Regular Season,Yokohama BayStars,8,"Aikawa, Ryoji",C,101,339,306,0.255,0.302,0.346,0.648,27,22,78,65,5,1,7,106,0,1,19,3,52,7,2,11,1,41443880
2008,Regular Season,Yokohama BayStars,18,"Miura, Daisuke",P,21,49,37,0.216,0.256,0.243,0.499,4,1,8,7,1,0,0,9,0,0,2,0,15,0,0,10,0,41443885
2008,Regular Season,Fukuoka Softbank Hawks,67,"Yoshikawa, Motohiro",LF,9,20,19,0.263,0.300,0.526,0.826,2,2,5,2,2,0,1,10,0,0,1,0,7,0,0,0,0,41443886
2008,Regular Season,Fukuoka Softbank Hawks,46,"Honda, Yuichi",2B,107,489,454,0.291,0.325,0.355,0.680,53,38,132,112,14,3,3,161,29,13,23,0,75,1,2,6,4,41445112
2008,Regular Season,Fukuoka Softbank Hawks,34,"Yamada, Akichika",P,1,0,0,0.000,0.000,0.000,0.000,0,0,0,0,0,0,0,0,0,0,0,0,0,0,0,0,0,41445113
2008,Climax Series - Final Stage,Saitama Seibu Lions,43,"Hara, Takuya",3B,1,,0,0.000,,0.000,,,0,0,0,0,0,0,0,0,,0,,0,,0,,,41445114
2008,Regular Season,Saitama Seibu Lions,43,"Hara, Takuya",3B,3,7,6,0.500,0.571,0.667,1.238,1,0,3,2,1,0,0,4,0,0,1,0,2,1,0,0,0,41445114
2008,Regular Season,Hokkaido Nippon-Ham Fighters,25,"Miyanishi, Naoki",P,50,0,0,0.000,0.000,0.000,0.000,0,0,0,0,0,0,0,0,0,0,0,0,0,0,0,0,0,41445116
2008,Regular Season,Yomiuri Giants,6,"Kosaka, Makoto",2B,13,7,7,0.000,0.000,0.000,0.000,1,0,0,0,0,0,0,0,1,0,0,0,2,0,0,0,0,41543884
2008,Regular Season,Fukuoka Softbank Hawks,31,"Sato, Makoto",P,22,0,0,0.000,0.000,0.000,0.000,0,0,0,0,0,0,0,0,0,0,0,0,0,0,0,0,0,41543889
2008,Climax Series - Final Stage,Hokkaido Nippon-Ham Fighters,53,"Kudo, Takahito",LF,5,,7,0.143,,0.143,,,0,1,1,0,0,0,1,0,,2,,0,,0,,,41545110
2008,Climax Series - First Stage,Hokkaido Nippon-Ham Fighters,53,"Kudo, Takahito",LF,5,,1,0.000,,0.000,,,0,0,0,0,0,0,0,0,,0,,0,,0,,,41545110
2008,Regular Season,Hokkaido Nippon-Ham Fighters,53,"Kudo, Takahito",LF,104,233,199,0.256,0.307,0.322,0.629,20,12,51,39,11,1,0,64,8,3,9,0,42,0,6,18,1,41545110
2008,Regular Season,Chiba Lotte Marines,18,"Shimizu, Naoyuki",P,25,7,6,0.167,0.167,0.167,0.334,1,0,1,1,0,0,0,1,0,0,0,0,4,0,0,1,0,41545111
2008,Regular Season,Chiba Lotte Marines,61,"Kakunaka, Katsuya",RF,10,23,18,0.111,0.273,0.278,0.551,2,1,2,1,0,0,1,5,0,0,4,0,4,0,0,1,0,41545114
2008,Regular Season,Orix Buffaloes,39,"Kamoshida, Takashi",P,1,0,0,0.000,0.000,0.000,0.000,0,0,0,0,0,0,0,0,0,0,0,0,0,0,0,0,0,41545115
2008,Regular Season,Yokohama BayStars,17,"Kato, Takeharu",P,14,0,0,0.000,0.000,0.000,0.000,0,0,0,0,0,0,0,0,0,0,0,0,0,0,0,0,0,41545117
2008,Regular Season,Hanshin Tigers,60,"Komiyama, Shinji",C,3,1,1,1.000,1.000,1.000,2.000,0,1,1,1,0,0,0,1,0,0,0,0,0,0,0,0,0,41545119
2008,Regular Season,Orix Buffaloes,0,"Moriyama, Makoto",SS,42,67,58,0.207,0.266,0.224,0.490,10,5,12,11,1,0,0,13,4,3,5,0,12,0,0,3,1,41645112
2008,Climax Series - First Stage,Orix Buffaloes,42,"Cabrera, Alex",1B,2,,6,0.333,,0.333,,,2,2,2,0,0,0,2,0,,0,,1,,0,,,41645113
2008,Regular Season,Orix Buffaloes,42,"Cabrera, Alex",1B,138,576,504,0.315,0.394,0.593,0.987,88,104,159,93,28,2,36,299,2,2,62,5,110,17,6,0,4,41645113
2008,Regular Season,Hokkaido Nippon-Ham Fighters,17,"Miyamoto, Ken",P,9,0,0,0.000,0.000,0.000,0.000,0,0,0,0,0,0,0,0,0,0,0,0,0,0,0,0,0,41645114
2008,Regular Season,Fukuoka Softbank Hawks,6,"Tamura, Hitoshi",CF,39,158,149,0.302,0.335,0.416,0.751,17,15,45,35,6,1,3,62,0,1,6,0,29,6,2,0,1,41743880
2008,Regular Season,Tohoku Rakuten Golden Eagles,4,"Takasu, Yosuke",2B,123,449,383,0.282,0.338,0.371,0.709,44,45,108,83,20,1,4,142,6,1,29,0,38,10,4,32,1,41743886
2008,Regular Season,Tohoku Rakuten Golden Eagles,1,"Shiokawa, Tatsuya",3B,82,52,43,0.163,0.234,0.233,0.467,18,1,7,5,1,1,0,10,5,3,4,0,11,2,0,5,0,41745110
2008,Regular Season,Fukuoka Softbank Hawks,55,"Kosai, Yusuke",1B,39,106,101,0.267,0.302,0.396,0.698,12,11,27,19,5,1,2,40,2,0,5,0,22,2,0,0,0,41745112
2008,Regular Season,Hokkaido Nippon-Ham Fighters,30,"Sakamoto, Yataro",P,31,0,0,0.000,0.000,0.000,0.000,0,0,0,0,0,0,0,0,0,0,0,0,0,0,0,0,0,41745113
2008,Regular Season,Hokkaido Nippon-Ham Fighters,55,"Sato, Yoshihiro",LF,7,13,12,0.083,0.154,0.333,0.487,1,2,1,0,0,0,1,4,0,0,1,0,4,0,0,0,0,41745115
2008,Climax Series - First Stage,Chunichi Dragons,19,"Yoshimi, Kazuki",P,1,,3,0.000,,0.000,,,0,0,0,0,0,0,0,0,,0,,1,,0,,,41845112
2008,Regular Season,Chunichi Dragons,19,"Yoshimi, Kazuki",P,35,36,33,0.000,0.000,0.000,0.000,0,1,0,0,0,0,0,0,0,0,0,0,23,0,0,3,0,41845112
2008,Regular Season,Hokkaido Nippon-Ham Fighters,34,"Yoshikawa, Mitsuo",P,7,0,0,0.000,0.000,0.000,0.000,0,0,0,0,0,0,0,0,0,0,0,0,0,0,0,0,0,41845114
2008,Regular Season,Yomiuri Giants,31,"Burnside, Adrian",P,15,21,17,0.059,0.059,0.059,0.118,0,1,1,1,0,0,0,1,0,0,0,0,7,0,0,4,0,41845116
2008,Regular Season,Tohoku Rakuten Golden Eagles,55,"Short, Rick",LF,134,525,491,0.332,0.365,0.477,0.842,62,71,163,118,31,2,12,234,4,1,25,1,51,11,3,1,5,41845117
2008,Regular Season,Chiba Lotte Marines,00,"Daita, Takenori",PR,2,0,0,0.000,0.000,0.000,0.000,1,0,0,0,0,0,0,0,0,0,0,0,0,0,0,0,0,41943886
2008,Regular Season,Hiroshima Toyo Carp,28,"Hiroike, Koji",P,10,1,1,0.000,0.000,0.000,0.000,0,0,0,0,0,0,0,0,0,0,0,0,1,0,0,0,0,41943888
2008,Regular Season,Tokyo Yakult Swallows,29,"Fukuchi, Kazuki",RF,131,532,485,0.320,0.366,0.449,0.815,74,61,155,117,22,7,9,218,42,13,29,0,90,7,8,7,3,41943889
2008,Regular Season,Hanshin Tigers,62,"Tamaki, Yutaka",P,3,0,0,0.000,0.000,0.000,0.000,0,0,0,0,0,0,0,0,0,0,0,0,0,0,0,0,0,41945110
2008,Regular Season,Tokyo Yakult Swallows,69,"Douglass, Sean",P,8,12,11,0.091,0.091,0.091,0.182,0,0,1,1,0,0,0,1,0,0,0,0,8,0,0,1,0,43145112
2008,Regular Season,Fukuoka Softbank Hawks,00,"Houlton, Dennis",P,28,0,0,0.000,0.000,0.000,0.000,0,0,0,0,0,0,0,0,0,0,0,0,0,0,0,0,0,43145116
2008,Regular Season,Fukuoka Softbank Hawks,49,"Powell, Jeremy",P,12,0,0,0.000,0.000,0.000,0.000,0,0,0,0,0,0,0,0,0,0,0,0,0,0,0,0,0,43345113
2008,Climax Series - Final Stage,Hokkaido Nippon-Ham Fighters,39,"Botts, Jason",DH,6,,12,0.333,,0.667,,,1,4,2,1,0,1,8,0,,1,,7,,0,,,43345116
2008,Climax Series - First Stage,Hokkaido Nippon-Ham Fighters,39,"Botts, Jason",DH,6,,3,0.667,,1.667,,,2,2,1,0,0,1,5,0,,1,,0,,0,,,43345116
2008,Regular Season,Hokkaido Nippon-Ham Fighters,39,"Botts, Jason",DH,55,159,142,0.254,0.327,0.423,0.750,14,16,36,22,9,0,5,60,0,0,14,0,53,2,2,0,1,43345116
2008,Regular Season,Tokyo Yakult Swallows,6,"Miyamoto, Shinya",SS,116,482,422,0.308,0.354,0.355,0.709,47,32,130,116,11,0,3,150,3,3,26,0,52,10,5,27,2,51053880
2008,Regular Season,Yokohama BayStars,30,"Doi, Yoshihiro",P,9,6,4,0.000,0.000,0.000,0.000,0,0,0,0,0,0,0,0,0,0,0,0,2,0,0,2,0,51053886
2008,Regular Season,Tohoku Rakuten Golden Eagles,31,"Fujii, Akihito",C,90,223,190,0.263,0.329,0.300,0.629,15,13,50,43,7,0,0,57,3,2,18,2,25,9,1,13,1,51053888
2008,Climax Series - First Stage,Chunichi Dragons,20,"Nakata, Kenichi",P,1,,0,0.000,,0.000,,,0,0,0,0,0,0,0,0,,0,,0,,0,,,51055110
2008,Regular Season,Chunichi Dragons,20,"Nakata, Kenichi",P,23,43,38,0.105,0.128,0.158,0.286,3,1,4,2,2,0,0,6,0,0,1,0,15,0,0,4,0,51055110
2008,Regular Season,Hanshin Tigers,18,"Sugiyama, Naohisa",P,10,15,11,0.000,0.083,0.000,0.083,0,0,0,0,0,0,0,0,0,0,1,0,7,0,0,3,0,51055117
2008,Climax Series - Final Stage,Saitama Seibu Lions,9,"Akada, Shogo",CF,9,,12,0.500,,0.917,,,3,6,3,2,0,1,11,0,,0,,1,,0,,,51153888
2008,Japan Series,Saitama Seibu Lions,9,"Akada, Shogo",CF,9,,11,0.273,,0.455,,,0,3,2,0,1,0,5,0,,0,,3,,0,,,51153888
2008,Regular Season,Saitama Seibu Lions,9,"Akada, Shogo",CF,68,180,160,0.244,0.305,0.338,0.643,29,13,39,29,7,1,2,54,2,1,14,0,37,4,1,3,2,51153888
2008,Regular Season,Hiroshima Toyo Carp,38,"Akamatsu, Masato",CF,125,390,342,0.257,0.317,0.363,0.680,62,24,88,67,13,1,7,124,12,2,23,0,67,3,7,18,0,51155110
2008,Climax Series - Final Stage,Chunichi Dragons,14,"Asakura, Kenta",P,2,,0,0.000,,0.000,,,0,0,0,0,0,0,0,0,,0,,0,,0,,,51155111
2008,Regular Season,Chunichi Dragons,14,"Asakura, Kenta",P,12,21,17,0.118,0.118,0.118,0.236,0,0,2,2,0,0,0,2,0,0,0,0,9,0,0,4,0,51155111
2008,Regular Season,Yomiuri Giants,63,"Aida, Yushi",P,3,0,0,0.000,0.000,0.000,0.000,0,0,0,0,0,0,0,0,0,0,0,0,0,0,0,0,0,51155112
2008,Regular Season,Hiroshima Toyo Carp,47,"Aoki, Takahiro",P,24,8,4,0.000,0.000,0.000,0.000,0,0,0,0,0,0,0,0,0,0,0,0,0,0,0,4,0,51155114
2008,Climax Series - First Stage,Hanshin Tigers,8,"Asai, Ryo",RF,2,,2,0.500,,0.500,,,0,1,1,0,0,0,1,0,,1,,1,,0,,,51155115
2008,Regular Season,Hanshin Tigers,8,"Asai, Ryo",RF,31,52,48,0.250,0.265,0.354,0.619,3,4,12,8,3,1,0,17,1,1,1,0,8,0,0,3,0,51155115
2008,Regular Season,Hanshin Tigers,56,"Abe, Kenta",P,32,1,1,0.000,0.000,0.000,0.000,0,0,0,0,0,0,0,0,0,0,0,0,1,0,0,0,0,51155117
2008,Regular Season,Fukuoka Softbank Hawks,36,"Akashi, Kenji",1B,29,55,49,0.224,0.245,0.306,0.551,8,4,11,8,2,1,0,15,1,0,1,0,17,0,1,2,2,51155119
2008,Climax Series - Final Stage,Yomiuri Giants,00,"Terauchi, Takayuki",2B,5,,2,0.500,,1.000,,,0,1,0,1,0,0,2,0,,0,,0,,0,,,51255114
2008,Japan Series,Yomiuri Giants,00,"Terauchi, Takayuki",2B,5,,3,0.000,,0.000,,,0,0,0,0,0,0,0,0,,0,,1,,0,,,51255114
2008,Regular Season,Yomiuri Giants,00,"Terauchi, Takayuki",2B,62,80,73,0.301,0.346,0.370,0.716,18,3,22,18,3,1,0,27,6,4,4,0,18,0,1,2,0,51255114
2008,Regular Season,Fukuoka Softbank Hawks,57,"Mise, Koji",P,44,0,0,0.000,0.000,0.000,0.000,0,0,0,0,0,0,0,0,0,0,0,0,0,0,0,0,0,51255119
2008,Climax Series - Final Stage,Chunichi Dragons,43,"Ogasawara, Takashi",P,1,,1,0.000,,0.000,,,0,0,0,0,0,0,0,0,,0,,1,,0,,,51353888
2008,Regular Season,Chunichi Dragons,43,"Ogasawara, Takashi",P,26,33,27,0.148,0.148,0.185,0.333,0,0,4,3,1,0,0,5,0,0,0,0,11,0,0,6,0,51353888
2008,Regular Season,Tohoku Rakuten Golden Eagles,35,"Ohiro, Shoji",PH,8,8,8,0.000,0.000,0.000,0.000,0,0,0,0,0,0,0,0,0,0,0,0,2,1,0,0,0,51355110
2008,Climax Series - First Stage,Hanshin Tigers,21,"Iwata, Minoru",P,1,,2,0.000,,0.000,,,0,0,0,0,0,0,0,0,,0,,1,,0,,,51355112
2008,Regular Season,Hanshin Tigers,21,"Iwata, Minoru",P,30,48,42,0.119,0.140,0.119,0.259,2,0,5,5,0,0,0,5,0,0,1,0,23,1,0,5,0,51355112
2008,Regular Season,Hanshin Tigers,41,"Uezono, Keiji",P,9,13,10,0.300,0.417,0.300,0.717,0,1,3,3,0,0,0,3,0,0,2,0,3,0,0,1,0,51355114
2008,Regular Season,Hiroshima Toyo Carp,31,"Ishihara, Yoshiyuki",C,123,457,422,0.265,0.302,0.374,0.676,36,50,112,84,19,0,9,158,6,6,22,0,80,7,1,10,2,51355115
2008,Regular Season,Saitama Seibu Lions,30,"Okamoto, Atsushi",P,14,0,0,0.000,0.000,0.000,0.000,0,0,0,0,0,0,0,0,0,0,0,0,0,0,0,0,0,51355119
2008,Regular Season,Hiroshima Toyo Carp,00,"Yamasaki, Koji",2B,8,14,13,0.154,0.154,0.154,0.308,0,0,2,2,0,0,0,2,0,0,0,0,3,1,0,1,0,51453888
2008,Regular Season,Orix Buffaloes,00,"Yamasaki, Koji",PH,2,2,1,0.000,0.000,0.000,0.000,1,0,0,0,0,0,0,0,0,0,0,0,1,0,0,1,0,51453888
2008,Regular Season,Tokyo Yakult Swallows,21,"Matsuoka, Kenichi",P,65,2,1,0.000,0.000,0.000,0.000,0,0,0,0,0,0,0,0,0,0,0,0,1,0,0,1,0,51455110
2008,Regular Season,Tohoku Rakuten Golden Eagles,38,"Yamashita, Katsumi",3B,33,86,78,0.256,0.318,0.333,0.651,13,9,20,16,3,0,1,26,0,0,6,0,19,3,1,1,0,51455111
2008,Regular Season,Chunichi Dragons,4,"Fujii, Atsushi",CF,40,39,35,0.171,0.194,0.371,0.565,10,2,6,3,1,0,2,13,2,1,1,0,9,0,0,3,0,51455112
2008,Regular Season,Saitama Seibu Lions,29,"Mitsui, Koji",P,23,0,0,0.000,0.000,0.000,0.000,0,0,0,0,0,0,0,0,0,0,0,0,0,0,0,0,0,51455113
2008,Regular Season,Chiba Lotte Marines,68,"Hayasaka, Keisuke",SS,17,25,24,0.083,0.083,0.083,0.166,2,0,2,2,0,0,0,2,0,0,0,0,9,0,0,1,0,51455117
2008,Climax Series - Final Stage,Yomiuri Giants,25,"I, Sunyopu",1B,11,,16,0.250,,0.625,,,4,4,2,0,0,2,10,0,,2,,4,,0,,,51455119
2008,Japan Series,Yomiuri Giants,25,"I, Sunyopu",1B,11,,18,0.111,,0.111,,,0,2,2,0,0,0,2,0,,4,,12,,1,,,51455119
2008,Regular Season,Yomiuri Giants,25,"I, Sunyopu",1B,45,170,153,0.248,0.324,0.431,0.755,21,27,38,26,4,0,8,66,1,0,11,0,37,3,6,0,0,51455119
2008,Regular Season,Yokohama BayStars,47,"Kudo, Kimiyasu",P,3,3,3,0.000,0.000,0.000,0.000,0,0,0,0,0,0,0,0,0,0,0,0,2,0,0,0,0,51553865
2008,Regular Season,Yokohama BayStars,16,"Kawamura, Takeo",P,9,0,0,0.000,0.000,0.000,0.000,0,0,0,0,0,0,0,0,0,0,0,0,0,0,0,0,0,51553884
2008,Regular Season,Tokyo Yakult Swallows,70,"Kawabata, Ryu",P,1,0,0,0.000,0.000,0.000,0.000,0,0,0,0,0,0,0,0,0,0,0,0,0,0,0,0,0,51553888
2008,Regular Season,Hokkaido Nippon-Ham Fighters,47,"Kikuchi, Kazumasa",P,11,0,0,0.000,0.000,0.000,0.000,0,0,0,0,0,0,0,0,0,0,0,0,0,0,0,0,0,51555110
2008,Regular Season,Fukuoka Softbank Hawks,48,"Katto, Keisuke",P,9,0,0,0.000,0.000,0.000,0.000,0,0,0,0,0,0,0,0,0,0,0,0,0,0,0,0,0,51555112
2008,Regular Season,Fukuoka Softbank Hawks,28,"Otonari, Kenji",P,22,8,8,0.375,0.375,0.750,1.125,1,2,3,2,0,0,1,6,0,0,0,0,3,0,0,0,0,51555114
2008,Japan Series,Saitama Seibu Lions,14,"Onodera, Chikara",P,1,,0,0.000,,0.000,,,0,0,0,0,0,0,0,0,,0,,0,,0,,,51555117
2008,Regular Season,Saitama Seibu Lions,14,"Onodera, Chikara",P,50,0,0,0.000,0.000,0.000,0.000,0,0,0,0,0,0,0,0,0,0,0,0,0,0,0,0,0,51555117
2008,Regular Season,Tohoku Rakuten Golden Eagles,34,"Watanabe, Koki",P,14,0,0,0.000,0.000,0.000,0.000,0,0,0,0,0,0,0,0,0,0,0,0,0,0,0,0,0,51655110
2008,Regular Season,Fukuoka Softbank Hawks,5,"Matsuda, Nobuhiro",3B,142,595,551,0.279,0.322,0.468,0.790,68,63,154,94,33,10,17,258,12,6,28,1,115,11,7,8,1,51655112
2008,Regular Season,Hiroshima Toyo Carp,18,"Maeda, Kenta",P,19,41,33,0.182,0.263,0.303,0.566,3,3,6,4,1,0,1,10,0,0,4,0,8,0,0,3,1,51655114
2008,Regular Season,Yomiuri Giants,48,"Yano, Kenji",PH,3,8,5,0.000,0.286,0.000,0.286,0,0,0,0,0,0,0,0,0,1,2,0,0,1,0,1,0,51655117
2008,Regular Season,Saitama Seibu Lions,4,"Takagi, Hiroyuki",2B,1,1,1,0.000,0.000,0.000,0.000,0,0,0,0,0,0,0,0,0,0,0,0,0,0,0,0,0,51753880
2008,Climax Series - Final Stage,Yomiuri Giants,53,"Sanematsu, Kazunari",C,1,,0,0.000,,0.000,,,0,0,0,0,0,0,0,0,,0,,0,,0,,,51753888
2008,Regular Season,Yomiuri Giants,53,"Sanematsu, Kazunari",C,7,6,5,0.200,0.200,0.200,0.400,0,0,1,1,0,0,0,1,0,0,0,0,3,0,0,1,0,51753888
2008,Regular Season,Tohoku Rakuten Golden Eagles,62,"Takanami, Fumikazu",LF,51,20,19,0.211,0.250,0.316,0.566,10,4,4,2,2,0,0,6,5,0,1,0,3,0,0,0,0,51753889
2008,Regular Season,Chunichi Dragons,0,"Kongo, Hiroki",P,12,0,0,0.000,0.000,0.000,0.000,0,0,0,0,0,0,0,0,0,0,0,0,0,0,0,0,0,51755110
2008,Regular Season,Orix Buffaloes,14,"Kishida, Mamoru",P,12,0,0,0.000,0.000,0.000,0.000,0,0,0,0,0,0,0,0,0,0,0,0,0,0,0,0,0,51755112
2008,Climax Series - Final Stage,Saitama Seibu Lions,1,"Kuriyama, Takumi",LF,12,,18,0.278,,0.389,,,4,5,4,0,1,0,7,0,,4,,3,,0,,,51755115
2008,Japan Series,Saitama Seibu Lions,1,"Kuriyama, Takumi",LF,12,,24,0.167,,0.208,,,1,4,3,1,0,0,5,0,,5,,2,,0,,,51755115
2008,Regular Season,Saitama Seibu Lions,1,"Kuriyama, Takumi",LF,138,612,527,0.317,0.376,0.450,0.826,76,72,167,122,31,3,11,237,17,8,49,0,61,8,6,22,8,51755115
2008,Regular Season,Hiroshima Toyo Carp,12,"Kokubo, Tetsuya",SS,98,316,274,0.270,0.338,0.350,0.688,22,19,74,59,11,1,3,96,1,2,25,3,49,6,4,11,2,51755116
2008,Regular Season,Tokyo Yakult Swallows,13,"Sato, Masaru",P,24,0,0,0.000,0.000,0.000,0.000,0,0,0,0,0,0,0,0,0,0,0,0,0,0,0,0,0,51755119
2008,Regular Season,Yokohama BayStars,11,"Yamaguchi, Shun",P,16,1,1,0.000,0.000,0.000,0.000,0,0,0,0,0,0,0,0,0,0,0,0,0,0,0,0,0,51855112
2008,Regular Season,Yokohama BayStars,10,"Wood, Mike",P,26,43,36,0.139,0.184,0.167,0.351,1,2,5,4,1,0,0,6,0,0,2,0,19,1,0,5,0,51855116
2008,Climax Series - Final Stage,Chunichi Dragons,44,"Woods, Tyrone",1B,7,,15,0.333,,0.933,,,4,5,2,0,0,3,14,0,,3,,7,,0,,,51855117
2008,Climax Series - First Stage,Chunichi Dragons,44,"Woods, Tyrone",1B,7,,11,0.273,,0.818,,,4,3,1,0,0,2,9,0,,1,,2,,0,,,51855117
2008,Regular Season,Chunichi Dragons,44,"Woods, Tyrone",1B,140,573,490,0.276,0.377,0.527,0.904,77,77,135,82,18,0,35,258,0,1,78,3,138,18,3,0,2,51855117
2008,Japan Series,Saitama Seibu Lions,13,"Nishiguchi, Fumiya",P,1,,0,0.000,,0.000,,,0,0,0,0,0,0,0,0,,0,,0,,0,,,51953880
2008,Regular Season,Saitama Seibu Lions,13,"Nishiguchi, Fumiya",P,22,6,4,0.250,0.400,0.250,0.650,1,0,1,1,0,0,0,1,0,0,1,0,2,0,0,1,0,51953880
2008,Climax Series - Final Stage,Yomiuri Giants,24,"Takahashi, Yoshinobu",RF,3,,9,0.111,,0.222,,,0,1,0,1,0,0,2,0,,1,,5,,0,,,51953886
2008,Regular Season,Yomiuri Giants,24,"Takahashi, Yoshinobu",RF,91,311,275,0.236,0.322,0.462,0.784,38,41,65,37,11,0,17,127,1,0,30,3,76,3,5,0,1,51953886
2008,Climax Series - Final Stage,Yomiuri Giants,61,"Sakamoto, Hayato",SS,11,,15,0.200,,0.200,,,1,3,3,0,0,0,3,0,,1,,2,,0,,,51955114
2008,Japan Series,Yomiuri Giants,61,"Sakamoto, Hayato",SS,11,,18,0.167,,0.389,,,2,3,1,1,0,1,7,0,,1,,5,,1,,,51955114
2008,Regular Season,Yomiuri Giants,61,"Sakamoto, Hayato",SS,144,567,521,0.257,0.297,0.353,0.650,59,43,134,101,24,1,8,184,10,5,28,3,98,2,2,15,1,51955114
2008,Regular Season,Fukuoka Softbank Hawks,68,"Takeoka, Kazuhiro",P,19,0,0,0.000,0.000,0.000,0.000,0,0,0,0,0,0,0,0,0,0,0,0,0,0,0,0,0,51955119
2008,Climax Series - Final Stage,Chunichi Dragons,7,"I, Byongyu",RF,7,,19,0.211,,0.368,,,1,4,3,0,0,1,7,0,,0,,6,,0,,,53155114
2008,Climax Series - First Stage,Chunichi Dragons,7,"I, Byongyu",RF,7,,8,0.250,,0.250,,,0,2,2,0,0,0,2,0,,1,,2,,1,,,53155114
2008,Regular Season,Chunichi Dragons,7,"I, Byongyu",RF,105,448,418,0.254,0.293,0.416,0.709,40,65,106,72,16,2,16,174,1,2,23,0,93,13,1,5,1,53155114
2008,Regular Season,Saitama Seibu Lions,42,"Brazell, Craig",1B,130,521,471,0.234,0.294,0.446,0.740,59,87,110,64,19,0,27,210,0,0,30,0,139,11,13,0,7,53155116
2008,Japan Series,Saitama Seibu Lions,33,"Eto, Akira",1B,2,,3,0.000,,0.000,,,0,0,0,0,0,0,0,0,,0,,1,,0,,,53253868
2008,Regular Season,Saitama Seibu Lions,33,"Eto, Akira",1B,42,111,97,0.206,0.297,0.433,0.730,9,17,20,12,1,0,7,42,0,0,13,0,21,2,0,0,1,53253868
2008,Regular Season,Fukuoka Softbank Hawks,91,"Yan, Yaoshun",P,6,0,0,0.000,0.000,0.000,0.000,0,0,0,0,0,0,0,0,0,0,0,0,0,0,0,0,0,53355112
2008,Regular Season,Hiroshima Toyo Carp,43,"Ochoa, Alex",RF,142,605,569,0.306,0.345,0.439,0.784,74,76,174,129,29,1,15,250,3,3,32,0,63,21,3,0,1,53355117
2008,Regular Season,Hokkaido Nippon-Ham Fighters,14,"Glynn, Ryan",P,26,5,5,0.000,0.000,0.000,0.000,0,0,0,0,0,0,0,0,0,0,0,0,1,0,0,0,0,53555112
2008,Regular Season,Chiba Lotte Marines,46,"U, Suyo",P,2,0,0,0.000,0.000,0.000,0.000,0,0,0,0,0,0,0,0,0,0,0,0,0,0,0,0,0,53555114
2008,Regular Season,Fukuoka Softbank Hawks,3,"Matsunaka, Nobuhiko",DH,144,632,538,0.290,0.382,0.489,0.871,79,92,156,101,28,2,25,263,3,1,77,8,91,11,8,0,8,61063884
2008,Regular Season,Hanshin Tigers,14,"Nohmi, Atsushi",P,11,0,0,0.000,0.000,0.000,0.000,0,0,0,0,0,0,0,0,0,0,0,0,0,0,0,0,0,61065110
2008,Regular Season,Yomiuri Giants,68,"Togano, Masafumi",P,13,3,3,0.000,0.000,0.000,0.000,0,0,0,0,0,0,0,0,0,0,0,0,2,0,0,0,0,61065112
2008,Regular Season,Yomiuri Giants,66,"Tanaka, Daijiro",PH,1,1,1,0.000,0.000,0.000,0.000,0,0,0,0,0,0,0,0,0,0,0,0,1,0,0,0,0,61065114
2008,Regular Season,Yokohama BayStars,61,"Takeyama, Shingo",C,33,81,74,0.230,0.269,0.270,0.539,2,5,17,14,3,0,0,20,0,0,3,1,23,1,1,3,0,61065117
2008,Regular Season,Saitama Seibu Lions,58,"Matsusaka, Kenta",CF,55,100,91,0.264,0.316,0.429,0.745,11,12,24,14,6,3,1,39,2,2,2,0,29,1,5,2,0,61065119
2008,Regular Season,Yokohama BayStars,0,"Ozeki, Tatsuya",PH,49,103,93,0.215,0.284,0.258,0.542,9,3,20,18,1,0,1,24,0,1,8,2,11,1,1,1,0,61163880
2008,Climax Series - Final Stage,Chunichi Dragons,9,"Inoe, Kazuki",PH,1,,1,0.000,,0.000,,,0,0,0,0,0,0,0,0,,0,,1,,0,,,61163881
2008,Regular Season,Chunichi Dragons,9,"Inoe, Kazuki",PH,74,154,141,0.291,0.346,0.397,0.743,11,10,41,28,12,0,1,56,0,0,12,4,18,1,0,1,0,61163881
2008,Climax Series - First Stage,Hanshin Tigers,7,"Imaoka, Makoto",3B,1,,1,0.000,,0.000,,,0,0,0,0,0,0,0,0,,0,,0,,0,,,61163884
2008,Regular Season,Hanshin Tigers,7,"Imaoka, Makoto",3B,55,186,169,0.172,0.231,0.314,0.545,15,29,29,19,3,0,7,53,0,0,13,0,38,5,1,0,3,61163884
2008,Regular Season,Chunichi Dragons,35,"Ueda, Yoshinori",RF,1,1,1,0.000,0.000,0.000,0.000,0,0,0,0,0,0,0,0,0,0,0,0,0,0,0,0,0,61163885
2008,Regular Season,Hokkaido Nippon-Ham Fighters,60,"Ito, Takeshi",P,4,0,0,0.000,0.000,0.000,0.000,0,0,0,0,0,0,0,0,0,0,0,0,0,0,0,0,0,61163888
2008,Regular Season,Chiba Lotte Marines,23,"Otsuka, Akira",LF,103,159,139,0.266,0.327,0.432,0.759,19,20,37,20,14,0,3,60,7,4,13,0,27,4,0,6,1,61163889
2008,Regular Season,Hokkaido Nippon-Ham Fighters,65,"Ugumori, Atsushi",RF,11,23,20,0.300,0.364,0.350,0.714,3,2,6,5,1,0,0,7,0,0,1,0,3,2,1,1,0,61165110
2008,Regular Season,Tokyo Yakult Swallows,9,"Iihara, Yasushi",LF,135,469,412,0.291,0.351,0.434,0.785,64,62,120,86,18,7,9,179,28,9,29,1,60,8,12,10,6,61165112
2008,Regular Season,Hokkaido Nippon-Ham Fighters,45,"Imanami, Takahiro",PH,1,1,1,0.000,0.000,0.000,0.000,0,0,0,0,0,0,0,0,0,0,0,0,0,0,0,0,0,61165114
2008,Regular Season,Tohoku Rakuten Golden Eagles,48,"Ishimine, Tadashi",C,1,3,3,0.000,0.000,0.000,0.000,0,0,0,0,0,0,0,0,0,0,0,0,1,0,0,0,0,61165116
2008,Regular Season,Orix Buffaloes,25,"Mukae, Yuichiro",LF,35,76,68,0.132,0.181,0.132,0.313,5,3,9,9,0,0,0,9,4,0,4,0,16,0,0,4,0,61265111
2008,Climax Series - Final Stage,Chunichi Dragons,8,"Hirata, Ryosuke",PH,5,,3,0.667,,1.667,,,1,2,1,0,0,1,5,0,,1,,0,,0,,,61265112
2008,Climax Series - First Stage,Chunichi Dragons,8,"Hirata, Ryosuke",PH,5,,0,0.000,,0.000,,,0,0,0,0,0,0,0,0,,0,,0,,0,,,61265112
2008,Regular Season,Chunichi Dragons,8,"Hirata, Ryosuke",PH,59,111,97,0.268,0.311,0.330,0.641,9,9,26,22,3,0,1,32,0,1,6,0,25,4,1,5,2,61265112
2008,Regular Season,Hiroshima Toyo Carp,35,"Nakahigashi, Naoki",PR,5,2,2,0.500,0.500,0.500,1.000,2,0,1,1,0,0,0,1,0,0,0,0,1,0,0,0,0,61265114
2008,Climax Series - First Stage,Hanshin Tigers,5,"Hirano, Keiichi",2B,3,,7,0.143,,0.286,,,0,1,0,1,0,0,2,0,,0,,1,,0,,,61265115
2008,Regular Season,Hanshin Tigers,5,"Hirano, Keiichi",2B,115,452,365,0.263,0.333,0.307,0.640,46,21,96,85,7,3,1,112,7,3,35,1,62,9,4,47,1,61265115
2008,Regular Season,Tohoku Rakuten Golden Eagles,23,"Hijirisawa, Ryo",CF,34,49,41,0.268,0.333,0.268,0.601,7,3,11,11,0,0,0,11,5,1,5,0,10,1,0,1,2,61265116
2008,Regular Season,Yokohama BayStars,12,"Yoshikawa, Teruaki",P,4,3,3,0.000,0.000,0.000,0.000,0,0,0,0,0,0,0,0,0,0,0,0,3,0,0,0,0,61265119
2008,Regular Season,Tokyo Yakult Swallows,32,"Ono, Kosei",PH,9,11,11,0.091,0.091,0.364,0.455,1,1,1,0,0,0,1,4,0,0,0,0,2,0,0,0,0,61363884
2008,Regular Season,Yokohama BayStars,20,"Kizuka, Atsushi",P,16,0,0,0.000,0.000,0.000,0.000,0,0,0,0,0,0,0,0,0,0,0,0,0,0,0,0,0,61365111
2008,Japan Series,Saitama Seibu Lions,15,"Onuma, Koji",P,1,,0,0.000,,0.000,,,0,0,0,0,0,0,0,0,,0,,0,,0,,,61365113
2008,Regular Season,Saitama Seibu Lions,15,"Onuma, Koji",P,52,1,1,0.000,0.000,0.000,0.000,0,0,0,0,0,0,0,0,0,0,0,0,1,0,0,0,0,61365113
2008,Regular Season,Hiroshima Toyo Carp,46,"Oshima, Takayuki",P,16,4,3,0.000,0.000,0.000,0.000,0,0,0,0,0,0,0,0,0,0,0,0,2,0,0,1,0,61365115
2008,Regular Season,Fukuoka Softbank Hawks,53,"Kaneko, Keisuke",PH,32,44,34,0.118,0.231,0.147,0.378,6,5,4,3,1,0,0,5,0,0,4,0,12,0,1,5,0,61365119
2008,Regular Season,Orix Buffaloes,45,"Mitsuhara, Atsuhiro",P,2,0,0,0.000,0.000,0.000,0.000,0,0,0,0,0,0,0,0,0,0,0,0,0,0,0,0,0,61465110
2008,Regular Season,Chiba Lotte Marines,50,"Agbayani, Benny",LF,97,323,279,0.283,0.378,0.401,0.779,35,42,79,59,12,3,5,112,3,1,42,0,51,8,1,0,1,61465119
2008,Regular Season,Hiroshima Toyo Carp,55,"Shima, Shigenobu",LF,108,345,301,0.309,0.394,0.439,0.833,35,35,93,68,18,0,7,132,0,3,40,1,44,4,3,0,1,61563880
2008,Regular Season,Chiba Lotte Marines,41,"Kobayashi, Hiroyuki",P,23,1,1,0.000,0.000,0.000,0.000,0,0,0,0,0,0,0,0,0,0,0,0,0,0,0,0,0,61563884
2008,Regular Season,Orix Buffaloes,13,"Shimizu, Akio",P,34,0,0,0.000,0.000,0.000,0.000,0,0,0,0,0,0,0,0,0,0,0,0,0,0,0,0,0,61563886
2008,Regular Season,Chiba Lotte Marines,16,"Kubo, Yasutomo",P,33,4,4,0.250,0.250,0.250,0.500,0,0,1,1,0,0,0,1,0,0,0,0,3,0,0,0,0,61565110
2008,Regular Season,Chiba Lotte Marines,12,"Kawasaki, Yusuke",P,65,0,0,0.000,0.000,0.000,0.000,0,0,0,0,0,0,0,0,0,0,0,0,0,0,0,0,0,61565112
2008,Regular Season,Hiroshima Toyo Carp,44,"Kida, Go",PH,66,100,92,0.239,0.300,0.413,0.713,11,11,22,15,2,1,4,38,0,0,6,0,22,3,2,0,0,61565115
2008,Regular Season,Chiba Lotte Marines,62,"Kanazawa, Takeshi",C,15,47,44,0.273,0.319,0.364,0.683,5,10,12,9,2,1,0,16,0,0,2,0,11,1,1,0,0,61565117
2008,Regular Season,Hanshin Tigers,35,"Saka, Katsuhiko",PR,17,10,9,0.000,0.000,0.000,0.000,3,1,0,0,0,0,0,0,0,0,0,0,2,0,0,1,0,61565119
2008,Regular Season,Hokkaido Nippon-Ham Fighters,29,"Yagi, Tomoya",P,2,0,0,0.000,0.000,0.000,0.000,0,0,0,0,0,0,0,0,0,0,0,0,0,0,0,0,0,61665112
2008,Regular Season,Fukuoka Softbank Hawks,19,"Morifuku, Masahiko",P,6,0,0,0.000,0.000,0.000,0.000,0,0,0,0,0,0,0,0,0,0,0,0,0,0,0,0,0,61665114
2008,Regular Season,Yokohama BayStars,31,"Yoshimura, Yuki",RF,142,574,530,0.260,0.313,0.525,0.838,69,91,138,70,30,4,34,278,9,5,30,1,135,9,11,2,1,61665117
2008,Climax Series - Final Stage,Yomiuri Giants,12,"Suzuki, Takahiro",CF,11,,2,0.000,,0.000,,,0,0,0,0,0,0,0,0,,0,,0,,1,,,61763884
2008,Japan Series,Yomiuri Giants,12,"Suzuki, Takahiro",CF,11,,29,0.276,,0.414,,,4,8,6,1,0,1,12,1,,1,,2,,0,,,61763884
2008,Regular Season,Yomiuri Giants,12,"Suzuki, Takahiro",CF,105,270,247,0.304,0.354,0.409,0.763,56,17,75,59,9,4,3,101,30,5,17,0,43,0,3,2,1,61763884
2008,Regular Season,Hokkaido Nippon-Ham Fighters,22,"Tateyama, Yoshinori",P,58,0,0,0.000,0.000,0.000,0.000,0,0,0,0,0,0,0,0,0,0,0,0,0,0,0,0,0,61763888
2008,Regular Season,Chunichi Dragons,23,"Suzuki, Yoshihiro",P,8,0,0,0.000,0.000,0.000,0.000,0,0,0,0,0,0,0,0,0,0,0,0,0,0,0,0,0,61765110
2008,Regular Season,Saitama Seibu Lions,44,"Takayama, Hisashi",RF,25,43,42,0.238,0.256,0.286,0.542,6,3,10,8,2,0,0,12,0,0,1,0,10,0,0,0,0,61765111
2008,Climax Series - Final Stage,Chunichi Dragons,38,"Saito, Shinsuke",P,2,,0,0.000,,0.000,,,0,0,0,0,0,0,0,0,,0,,0,,0,,,61765112
2008,Climax Series - First Stage,Chunichi Dragons,38,"Saito, Shinsuke",P,2,,0,0.000,,0.000,,,0,0,0,0,0,0,0,0,,0,,0,,0,,,61765112
2008,Regular Season,Chunichi Dragons,38,"Saito, Shinsuke",P,17,0,0,0.000,0.000,0.000,0.000,0,0,0,0,0,0,0,0,0,0,0,0,0,0,0,0,0,61765112
2008,Climax Series - Final Stage,Saitama Seibu Lions,10,"Sato, Tomoaki",CF,12,,9,0.111,,0.111,,,1,1,1,0,0,0,1,0,,2,,0,,0,,,61765113
2008,Japan Series,Saitama Seibu Lions,10,"Sato, Tomoaki",CF,12,,19,0.316,,0.316,,,0,6,6,0,0,0,6,0,,1,,2,,0,,,61765113
2008,Regular Season,Saitama Seibu Lions,10,"Sato, Tomoaki",CF,59,144,126,0.302,0.341,0.405,0.746,23,11,38,28,8,1,1,51,4,2,6,0,23,2,2,8,1,61765113
2008,Regular Season,Yokohama BayStars,57,"Sanada, Hiroki",P,27,8,7,0.143,0.143,0.143,0.286,0,2,1,1,0,0,0,1,0,0,0,0,2,0,0,1,0,61765115
2008,Regular Season,Yokohama BayStars,60,"Sato, Shoma",P,16,3,3,0.000,0.000,0.000,0.000,0,0,0,0,0,0,0,0,0,0,0,0,1,0,0,0,0,61765116
2008,Climax Series - First Stage,Hanshin Tigers,30,"Kubota, Tomoyuki",P,1,,0,0.000,,0.000,,,0,0,0,0,0,0,0,0,,0,,0,,0,,,61765117
2008,Regular Season,Hanshin Tigers,30,"Kubota, Tomoyuki",P,69,1,1,0.000,0.000,0.000,0.000,0,0,0,0,0,0,0,0,0,0,0,0,1,0,0,0,0,61765117
2008,Regular Season,Chiba Lotte Marines,67,"Shinzato, Ken",PH,5,7,6,0.167,0.286,0.167,0.453,1,0,1,1,0,0,0,1,0,0,1,0,4,0,0,0,0,61765119
2008,Regular Season,Yokohama BayStars,45,"Yoshihara, Michiomi",P,25,2,2,0.500,0.500,0.500,1.000,0,0,1,1,0,0,0,1,0,0,0,0,1,0,0,0,0,61865114
2008,Regular Season,Yokohama BayStars,6,"Bigbie, Larry",LF,72,239,216,0.255,0.318,0.421,0.739,25,29,55,35,12,0,8,91,1,0,19,0,66,7,2,0,2,61865116
2008,Regular Season,Fukuoka Softbank Hawks,58,"Tsuji, Takeshi",CF,87,136,124,0.274,0.308,0.387,0.695,17,13,34,23,8,3,0,48,8,2,5,0,23,0,1,6,0,61963886
2008,Climax Series - Final Stage,Yomiuri Giants,20,"Toyoda, Kiyoshi",P,2,,0,0.000,,0.000,,,0,0,0,0,0,0,0,0,,0,,0,,0,,,61963887
2008,Japan Series,Yomiuri Giants,20,"Toyoda, Kiyoshi",P,2,,0,0.000,,0.000,,,0,0,0,0,0,0,0,0,,0,,0,,0,,,61963887
2008,Regular Season,Yomiuri Giants,20,"Toyoda, Kiyoshi",P,50,0,0,0.000,0.000,0.000,0.000,0,0,0,0,0,0,0,0,0,0,0,0,0,0,0,0,0,61963887
2008,Regular Season,Hokkaido Nippon-Ham Fighters,11,"Darvish, Yu",P,25,8,8,0.125,0.125,0.250,0.375,0,1,1,0,1,0,0,2,0,0,0,0,3,0,0,0,0,61965110
2008,Regular Season,Tokyo Yakult Swallows,58,"Takagi, Hiromitsu",P,5,0,0,0.000,0.000,0.000,0.000,0,0,0,0,0,0,0,0,0,0,0,0,0,0,0,0,0,61965112
2008,Regular Season,Yokohama BayStars,9,"Shimokubo, Yosuke",PH,14,16,15,0.133,0.188,0.133,0.321,1,0,2,2,0,0,0,2,0,0,1,0,4,0,0,0,0,61965114
2008,Regular Season,Fukuoka Softbank Hawks,70,"Tanoe, Hidenori",C,52,152,144,0.264,0.287,0.417,0.704,19,13,38,25,8,1,4,60,0,0,4,1,32,5,1,2,1,61965115
2008,Regular Season,Chunichi Dragons,56,"Nakamura, Koji",PH,1,1,1,0.000,0.000,0.000,0.000,0,0,0,0,0,0,0,0,0,0,0,0,1,0,0,0,0,61965119
2008,Climax Series - Final Stage,Yomiuri Giants,5,"Ramirez, Alex",LF,11,,16,0.438,,1.000,,,5,7,3,1,1,2,16,0,,0,,1,,0,,,63165113
2008,Japan Series,Yomiuri Giants,5,"Ramirez, Alex",LF,11,,28,0.286,,0.643,,,3,8,2,4,0,2,18,0,,1,,3,,0,,,63165113
2008,Regular Season,Yomiuri Giants,5,"Ramirez, Alex",LF,144,600,548,0.319,0.373,0.617,0.990,84,125,175,102,28,0,45,338,1,0,39,9,90,20,10,0,3,63165113
2008,Climax Series - Final Stage,Hokkaido Nippon-Ham Fighters,10,"Sledge, Terrmel",DH,7,,19,0.158,,0.526,,,6,3,0,1,0,2,10,0,,1,,7,,0,,,63165116
2008,Climax Series - First Stage,Hokkaido Nippon-Ham Fighters,10,"Sledge, Terrmel",DH,7,,8,0.250,,0.625,,,1,2,1,0,0,1,5,0,,1,,2,,0,,,63165116
2008,Regular Season,Hokkaido Nippon-Ham Fighters,10,"Sledge, Terrmel",DH,113,446,395,0.289,0.361,0.473,0.834,41,69,114,75,21,2,16,187,0,1,44,3,88,12,3,0,4,63165116
2008,Regular Season,Orix Buffaloes,12,"Koronka, John",P,3,0,0,0.000,0.000,0.000,0.000,0,0,0,0,0,0,0,0,0,0,0,0,0,0,0,0,0,63365116
2008,Regular Season,Yokohama BayStars,5,"Ishii, Takuro",SS,98,319,279,0.262,0.327,0.308,0.635,26,18,73,64,7,0,2,86,1,1,23,0,47,2,4,12,0,65563868
2008,Climax Series - First Stage,Hanshin Tigers,22,"Fujikawa, Kyuji",P,3,,0,0.000,,0.000,,,0,0,0,0,0,0,0,0,,0,,0,,0,,,71073888
2008,Regular Season,Hanshin Tigers,22,"Fujikawa, Kyuji",P,63,1,1,0.000,0.000,0.000,0.000,0,0,0,0,0,0,0,0,0,0,0,0,1,0,0,0,0,71073888
2008,Regular Season,Fukuoka Softbank Hawks,27,"Nakanishi, Kenta",LF,59,154,136,0.250,0.325,0.397,0.722,16,14,34,20,11,0,3,54,1,0,14,0,46,0,1,3,0,71075110
2008,Regular Season,Hokkaido Nippon-Ham Fighters,38,"Takeda, Masaru",P,20,0,0,0.000,0.000,0.000,0.000,0,0,0,0,0,0,0,0,0,0,0,0,0,0,0,0,0,71075112
2008,Regular Season,Chunichi Dragons,18,"Nakazato, Atsushi",P,13,0,0,0.000,0.000,0.000,0.000,0,0,0,0,0,0,0,0,0,0,0,0,0,0,0,0,0,71075113
2008,Regular Season,Hokkaido Nippon-Ham Fighters,66,"Dāsu, Romashutasuku",P,1,0,0,0.000,0.000,0.000,0.000,0,0,0,0,0,0,0,0,0,0,0,0,0,0,0,0,0,71075114
2008,Climax Series - Final Stage,Chunichi Dragons,2,"Araki, Masahiro",2B,7,,16,0.250,,0.250,,,0,4,4,0,0,0,4,3,,0,,2,,0,,,71173882
2008,Climax Series - First Stage,Chunichi Dragons,2,"Araki, Masahiro",2B,7,,10,0.200,,0.200,,,0,2,2,0,0,0,2,0,,0,,1,,0,,,71173882
2008,Regular Season,Chunichi Dragons,2,"Araki, Masahiro",2B,130,591,538,0.243,0.292,0.301,0.593,64,28,131,110,15,2,4,162,32,7,35,0,81,8,2,15,1,71173882
2008,Climax Series - Final Stage,Hokkaido Nippon-Ham Fighters,4,"Iiyama, Yuji",SS,5,,5,0.400,,0.400,,,1,2,2,0,0,0,2,0,,0,,2,,0,,,71173886
2008,Climax Series - First Stage,Hokkaido Nippon-Ham Fighters,4,"Iiyama, Yuji",SS,5,,0,0.000,,0.000,,,0,0,0,0,0,0,0,0,,0,,0,,0,,,71173886
2008,Regular Season,Hokkaido Nippon-Ham Fighters,4,"Iiyama, Yuji",SS,74,54,49,0.163,0.212,0.204,0.416,3,2,8,6,2,0,0,10,0,0,3,0,13,0,0,2,0,71173886
2008,Regular Season,Yokohama BayStars,44,"Ishii, Yuya",P,35,6,5,0.000,0.167,0.000,0.167,0,0,0,0,0,0,0,0,0,0,1,0,4,0,0,0,0,71175110
2008,Regular Season,Chiba Lotte Marines,53,"Aihara, Katsuyuki",P,4,0,0,0.000,0.000,0.000,0.000,0,0,0,0,0,0,0,0,0,0,0,0,0,0,0,0,0,71175112
2008,Climax Series - Final Stage,Chunichi Dragons,41,"Asao, Takuya",P,2,,0,0.000,,0.000,,,0,0,0,0,0,0,0,0,,0,,0,,0,,,71175114
2008,Climax Series - First Stage,Chunichi Dragons,41,"Asao, Takuya",P,2,,0,0.000,,0.000,,,0,0,0,0,0,0,0,0,,0,,0,,0,,,71175114
2008,Regular Season,Chunichi Dragons,41,"Asao, Takuya",P,44,1,1,0.000,0.000,0.000,0.000,0,0,0,0,0,0,0,0,0,0,0,0,1,0,0,0,0,71175114
2008,Regular Season,Tokyo Yakult Swallows,48,"Hagiwara, Jun",P,25,2,2,0.000,0.000,0.000,0.000,0,0,0,0,0,0,0,0,0,0,0,0,2,0,0,0,0,71273885
2008,Regular Season,Fukuoka Softbank Hawks,26,"Matoba, Naoki",C,8,6,6,0.167,0.167,0.167,0.334,0,0,1,1,0,0,0,1,0,0,0,0,2,0,0,0,0,71275111
2008,Regular Season,Tohoku Rakuten Golden Eagles,66,"Nishimura, Wataru",2B,9,19,17,0.118,0.167,0.176,0.343,1,3,2,1,1,0,0,3,0,1,1,0,6,0,0,1,0,71275112
2008,Regular Season,Hiroshima Toyo Carp,26,"Hirose, Jun",PH,16,30,28,0.107,0.167,0.143,0.310,1,1,3,2,1,0,0,4,0,1,2,0,8,1,0,0,0,71275113
2008,Regular Season,Yokohama BayStars,28,"Hata, Yuji",P,2,1,1,0.000,0.000,0.000,0.000,0,0,0,0,0,0,0,0,0,0,0,0,1,0,0,0,0,71275115
2008,Climax Series - Final Stage,Hokkaido Nippon-Ham Fighters,64,"Tsuruoka, Shinya",C,4,,10,0.400,,0.400,,,2,4,4,0,0,0,4,0,,0,,2,,0,,,71275117
2008,Climax Series - First Stage,Hokkaido Nippon-Ham Fighters,64,"Tsuruoka, Shinya",C,4,,3,0.333,,0.333,,,1,1,1,0,0,0,1,0,,0,,0,,0,,,71275117
2008,Regular Season,Hokkaido Nippon-Ham Fighters,64,"Tsuruoka, Shinya",C,97,285,248,0.210,0.247,0.278,0.525,24,18,52,37,14,0,1,69,0,1,12,1,49,4,1,22,2,71275117
2008,Regular Season,Hanshin Tigers,13,"Kanemura, Satoru",P,8,13,10,0.000,0.000,0.000,0.000,0,0,0,0,0,0,0,0,0,0,0,0,6,0,0,3,0,71373880
2008,Regular Season,Fukuoka Softbank Hawks,11,"Ogura, Shinsuke",P,29,1,1,0.000,0.000,0.000,0.000,0,0,0,0,0,0,0,0,0,0,0,0,1,0,0,0,0,71373888
2008,Regular Season,Chiba Lotte Marines,29,"Ono, Shingo",P,15,3,2,0.000,0.000,0.000,0.000,0,0,0,0,0,0,0,0,0,0,0,0,1,0,0,1,0,71373889
2008,Regular Season,Chiba Lotte Marines,10,"Omatsu, Shoitsu",LF,134,489,447,0.262,0.316,0.499,0.815,62,91,117,61,30,2,24,223,1,1,33,2,73,6,4,1,4,71375110
2008,Climax Series - First Stage,Hanshin Tigers,33,"Katsuragi, Ikuro",RF,2,,4,0.250,,0.250,,,0,1,1,0,0,0,1,0,,0,,1,,0,,,71375111
2008,Regular Season,Hanshin Tigers,33,"Katsuragi, Ikuro",RF,112,263,238,0.261,0.312,0.349,0.661,24,29,62,46,12,3,1,83,0,1,16,0,48,1,3,2,3,71375111
2008,Regular Season,Tohoku Rakuten Golden Eagles,98,"Uchimura, Kensuke",2B,47,177,152,0.289,0.327,0.322,0.649,21,13,44,39,5,0,0,49,9,3,6,0,21,2,3,15,1,71375116
2008,Regular Season,Saitama Seibu Lions,49,"Uemoto, Tatsuyuki",PH,17,14,14,0.071,0.071,0.143,0.214,1,0,1,0,1,0,0,2,0,0,0,0,4,0,0,0,0,71375117
2008,Regular Season,Chunichi Dragons,59,"Ogawa, Masatoshi",C,13,11,11,0.182,0.182,0.182,0.364,0,0,2,2,0,0,0,2,0,0,0,0,3,0,0,0,0,71375119
2008,Regular Season,Orix Buffaloes,99,"Yoshikawa, Katsunari",P,2,0,0,0.000,0.000,0.000,0.000,0,0,0,0,0,0,0,0,0,0,0,0,0,0,0,0,0,71475111
2008,Regular Season,Fukuoka Softbank Hawks,40,"Fujioka, Yoshiaki",P,11,0,0,0.000,0.000,0.000,0.000,0,0,0,0,0,0,0,0,0,0,0,0,0,0,0,0,0,71475112
2008,Regular Season,Fukuoka Softbank Hawks,62,"Yamazaki, Katsuki",C,60,111,97,0.134,0.175,0.165,0.340,5,7,13,10,3,0,0,16,0,0,5,0,21,0,0,8,1,71475113
2008,Climax Series - Final Stage,Saitama Seibu Lions,27,"Hosokawa, Toru",C,10,,16,0.125,,0.438,,,4,2,0,0,1,1,7,0,,2,,5,,0,,,71475115
2008,Japan Series,Saitama Seibu Lions,27,"Hosokawa, Toru",C,10,,13,0.154,,0.154,,,0,2,2,0,0,0,2,0,,0,,8,,0,,,71475115
2008,Regular Season,Saitama Seibu Lions,27,"Hosokawa, Toru",C,133,446,404,0.238,0.263,0.411,0.674,42,58,96,59,20,1,16,166,0,0,12,1,129,11,3,23,3,71475115
2008,Regular Season,Yokohama BayStars,56,"Saito, Hidemitsu",1B,7,6,6,0.000,0.000,0.000,0.000,0,0,0,0,0,0,0,0,0,0,0,0,4,0,0,0,0,71573889
2008,Regular Season,Yomiuri Giants,45,"Odajima, Masakuni",PH,4,5,5,0.000,0.000,0.000,0.000,0,0,0,0,0,0,0,0,0,0,0,0,1,1,0,0,0,71575115
2008,Climax Series - Final Stage,Yomiuri Giants,50,"Kajimae, Ryuichi",RF,5,,4,0.500,,0.500,,,2,2,2,0,0,0,2,0,,0,,1,,0,,,71575116
2008,Japan Series,Yomiuri Giants,50,"Kajimae, Ryuichi",RF,5,,0,0.000,,0.000,,,0,0,0,0,0,0,0,0,,0,,0,,0,,,71575116
2008,Regular Season,Yomiuri Giants,50,"Kajimae, Ryuichi",RF,35,39,35,0.229,0.270,0.429,0.699,3,2,8,5,1,0,2,15,1,1,2,0,12,0,0,2,0,71575116
2008,Regular Season,Chiba Lotte Marines,31,"Watanabe, Shunsuke",P,26,2,2,0.000,0.000,0.000,0.000,0,0,0,0,0,0,0,0,0,0,0,0,1,0,0,0,0,71675113
2008,Regular Season,Tokyo Yakult Swallows,22,"Masubuchi, Tatsuyoshi",P,13,20,17,0.118,0.211,0.118,0.329,0,0,2,2,0,0,0,2,0,0,2,0,6,0,0,1,0,71675114
2008,Regular Season,Hiroshima Toyo Carp,22,"Takahashi, Ken",P,21,37,35,0.114,0.114,0.200,0.314,2,2,4,3,0,0,1,7,0,0,0,0,12,1,0,2,0,71773880
2008,Regular Season,Orix Buffaloes,31,"Shiozaki, Makoto",3B,92,186,153,0.222,0.314,0.294,0.608,18,6,34,26,6,1,1,45,0,0,17,0,31,0,4,11,1,71773884
2008,Regular Season,Yokohama BayStars,49,"Saito, Toshio",C,25,44,39,0.179,0.200,0.179,0.379,2,2,7,7,0,0,0,7,0,0,1,0,13,0,0,4,0,71775110
2008,Regular Season,Orix Buffaloes,33,"Takagi, Yasunari",P,10,0,0,0.000,0.000,0.000,0.000,0,0,0,0,0,0,0,0,0,0,0,0,0,0,0,0,0,71775111
2008,Regular Season,Tohoku Rakuten Golden Eagles,54,"Kitani, Hisashi",P,22,0,0,0.000,0.000,0.000,0.000,0,0,0,0,0,0,0,0,0,0,0,0,0,0,0,0,0,71775112
2008,Climax Series - First Stage,Orix Buffaloes,24,"Goto, Mitsutaka",2B,2,,8,0.000,,0.000,,,0,0,0,0,0,0,0,0,,0,,4,,0,,,71775115
2008,Regular Season,Orix Buffaloes,24,"Goto, Mitsutaka",2B,115,447,410,0.285,0.327,0.466,0.793,52,57,117,71,32,0,14,191,13,6,16,2,88,5,11,7,3,71775115
2008,Regular Season,Yomiuri Giants,41,"Kisanuki, Hiroshi",P,14,26,26,0.038,0.038,0.038,0.076,0,0,1,1,0,0,0,1,0,0,0,0,11,0,0,0,0,71775117
2008,Regular Season,Chunichi Dragons,16,"Sato, Mitsuru",P,8,15,15,0.067,0.067,0.067,0.134,0,0,1,1,0,0,0,1,0,0,0,0,3,0,0,0,0,71775119
2008,Regular Season,Tokyo Yakult Swallows,2,"Riggs, Adam",1B,30,103,94,0.202,0.272,0.330,0.602,9,11,19,13,3,0,3,31,0,1,8,0,25,3,1,0,0,71875110
2008,Climax Series - Final Stage,Yomiuri Giants,47,"Yamaguchi, Tetsuya",P,4,,0,0.000,,0.000,,,0,0,0,0,0,0,0,0,,0,,0,,0,,,71875112
2008,Japan Series,Yomiuri Giants,47,"Yamaguchi, Tetsuya",P,4,,0,0.000,,0.000,,,0,0,0,0,0,0,0,0,,0,,0,,0,,,71875112
2008,Regular Season,Yomiuri Giants,47,"Yamaguchi, Tetsuya",P,67,6,5,0.200,0.200,0.200,0.400,0,0,1,1,0,0,0,1,0,0,0,0,4,0,0,1,0,71875112
2008,Regular Season,Saitama Seibu Lions,40,"Kinney, Matt",P,17,0,0,0.000,0.000,0.000,0.000,0,0,0,0,0,0,0,0,0,0,0,0,0,0,0,0,0,71875116
2008,Regular Season,Tokyo Yakult Swallows,78,"Gonzalez, Dicky",P,8,14,13,0.385,0.429,0.462,0.891,3,2,5,4,1,0,0,6,0,0,1,0,2,0,0,0,0,71875119
2008,Regular Season,Hiroshima Toyo Carp,42,"Hasegawa, Masayuki",P,14,13,10,0.200,0.200,0.200,0.400,1,0,2,2,0,0,0,2,0,0,0,0,7,0,0,3,0,71973882
2008,Regular Season,Chunichi Dragons,33,"Hirai, Masafumi",P,37,1,1,0.000,0.000,0.000,0.000,0,0,0,0,0,0,0,0,0,0,0,0,0,0,0,0,0,71973889
2008,Regular Season,Chiba Lotte Marines,25,"Takehara, Naotaka",LF,67,139,116,0.181,0.307,0.328,0.635,19,16,21,10,8,0,3,38,1,2,20,0,24,4,1,2,0,71975110
2008,Climax Series - Final Stage,Chunichi Dragons,67,"Takahashi, Akifumi",P,3,,0,0.000,,0.000,,,0,0,0,0,0,0,0,0,,0,,0,,0,,,71975115
2008,Regular Season,Chunichi Dragons,67,"Takahashi, Akifumi",P,54,0,0,0.000,0.000,0.000,0.000,0,0,0,0,0,0,0,0,0,0,0,0,0,0,0,0,0,71975115
2008,Climax Series - Final Stage,Hokkaido Nippon-Ham Fighters,31,"Koyano, Eiichi",3B,7,,19,0.211,,0.263,,,0,4,3,1,0,0,5,0,,0,,6,,1,,,71975117
2008,Climax Series - First Stage,Hokkaido Nippon-Ham Fighters,31,"Koyano, Eiichi",3B,7,,9,0.444,,0.556,,,2,4,3,1,0,0,5,0,,0,,0,,0,,,71975117
2008,Regular Season,Hokkaido Nippon-Ham Fighters,31,"Koyano, Eiichi",3B,120,425,379,0.251,0.303,0.359,0.662,32,60,95,67,21,1,6,136,0,0,29,1,83,6,2,9,6,71975117
2008,Regular Season,Chiba Lotte Marines,39,"Tanaka, Masahiko",2B,45,73,66,0.258,0.310,0.288,0.598,8,5,17,15,2,0,0,19,2,0,5,0,13,0,0,2,0,71975119
2008,Climax Series - Final Stage,Saitama Seibu Lions,55,"Bocachica, Hiram",CF,7,,7,0.143,,0.143,,,0,1,1,0,0,0,1,0,,1,,3,,0,,,73175116
2008,Japan Series,Saitama Seibu Lions,55,"Bocachica, Hiram",CF,7,,10,0.200,,0.500,,,1,2,1,0,0,1,5,0,,1,,5,,0,,,73175116
2008,Regular Season,Saitama Seibu Lions,55,"Bocachica, Hiram",CF,78,279,239,0.251,0.344,0.556,0.900,43,47,60,27,13,0,20,133,3,3,24,0,76,2,11,3,2,73175116
2008,Regular Season,Hanshin Tigers,4,"Vogelsong, Ryan",P,14,20,17,0.176,0.263,0.353,0.616,1,1,3,2,0,0,1,6,0,0,2,0,5,1,0,1,0,73375114
2008,Climax Series - First Stage,Hanshin Tigers,52,"Baldiris, Aarom",3B,1,,2,0.000,,0.000,,,0,0,0,0,0,0,0,0,,0,,0,,0,,,73375116
2008,Regular Season,Hanshin Tigers,52,"Baldiris, Aarom",3B,77,158,132,0.227,0.331,0.364,0.695,21,16,30,18,9,0,3,48,1,1,17,3,28,6,4,4,1,73375116
2008,Regular Season,Chiba Lotte Marines,5,"Hori, Koichi",2B,41,104,93,0.204,0.260,0.237,0.497,5,6,19,16,3,0,0,22,2,1,6,0,17,3,1,4,0,73873868
2008,Regular Season,Hokkaido Nippon-Ham Fighters,33,"Miki, Hajime",PH,17,31,28,0.286,0.333,0.357,0.690,5,2,8,6,2,0,0,10,0,1,2,0,7,0,0,1,0,81083882
2008,Regular Season,Tokyo Yakult Swallows,64,"Makitani, Usami",PH,2,2,2,0.000,0.000,0.000,0.000,0,0,0,0,0,0,0,0,0,0,0,0,1,0,0,0,0,81083888
2008,Regular Season,Yomiuri Giants,33,"Nomaguchi, Takahiko",P,18,6,6,0.333,0.333,0.333,0.666,2,1,2,2,0,0,0,2,0,0,0,0,4,0,0,0,0,81085110
2008,Regular Season,Hanshin Tigers,32,"Maeda, Tadatoki",3B,1,3,3,0.000,0.000,0.000,0.000,0,0,0,0,0,0,0,0,0,0,0,0,1,0,0,0,0,81085111
2008,Regular Season,Chunichi Dragons,22,"Tanaka, Daisuke",C,17,27,23,0.174,0.269,0.174,0.443,1,0,4,4,0,0,0,4,0,0,3,1,3,1,0,1,0,81085114
2008,Climax Series - Final Stage,Saitama Seibu Lions,60,"Nakamura, Takeya",3B,12,,20,0.250,,0.300,,,1,5,4,1,0,0,6,0,,1,,4,,0,,,81085115
2008,Japan Series,Saitama Seibu Lions,60,"Nakamura, Takeya",3B,12,,24,0.125,,0.500,,,7,3,0,0,0,3,12,0,,6,,9,,0,,,81085115
2008,Regular Season,Saitama Seibu Lions,60,"Nakamura, Takeya",3B,143,590,524,0.244,0.320,0.569,0.889,90,101,128,54,24,4,46,298,2,1,53,1,162,10,7,3,3,81085115
2008,Regular Season,Tokyo Yakult Swallows,25,"Tateyama, Shohei",P,25,50,39,0.051,0.178,0.051,0.229,1,0,2,2,0,0,0,2,0,0,6,0,22,2,0,5,0,81085117
2008,Regular Season,Yokohama BayStars,36,"Iriki, Yusaku",P,3,1,1,0.000,0.000,0.000,0.000,0,0,0,0,0,0,0,0,0,0,0,0,0,0,0,0,0,81183884
2008,Climax Series - Final Stage,Chunichi Dragons,13,"Iwase, Hitoki",P,4,,0,0.000,,0.000,,,0,0,0,0,0,0,0,0,,0,,0,,0,,,81183888
2008,Climax Series - First Stage,Chunichi Dragons,13,"Iwase, Hitoki",P,4,,0,0.000,,0.000,,,0,0,0,0,0,0,0,0,,0,,0,,0,,,81183888
2008,Regular Season,Chunichi Dragons,13,"Iwase, Hitoki",P,51,0,0,0.000,0.000,0.000,0.000,0,0,0,0,0,0,0,0,0,0,0,0,0,0,0,0,0,81183888
2008,Regular Season,Hiroshima Toyo Carp,39,"Umetsu, Tomohiro",P,64,1,1,0.000,0.000,0.000,0.000,0,0,0,0,0,0,0,0,0,0,0,0,0,1,0,0,0,81185110
2008,Climax Series - Final Stage,Saitama Seibu Lions,51,"Oshima, Hiroyuki",PH,6,,8,0.375,,0.375,,,1,3,3,0,0,0,3,0,,0,,0,,0,,,81185111
2008,Japan Series,Saitama Seibu Lions,51,"Oshima, Hiroyuki",PH,6,,2,0.500,,0.500,,,0,1,1,0,0,0,1,0,,0,,0,,0,,,81185111
2008,Regular Season,Saitama Seibu Lions,51,"Oshima, Hiroyuki",PH,38,86,74,0.243,0.333,0.378,0.711,6,7,18,12,4,0,2,28,0,1,10,1,14,2,0,2,0,81185111
2008,Regular Season,Tohoku Rakuten Golden Eagles,39,"Ino, Suguru",C,23,28,23,0.087,0.125,0.087,0.212,2,2,2,2,0,0,0,2,0,0,1,0,5,2,0,4,0,81185112
2008,Regular Season,Fukuoka Softbank Hawks,51,"Arakane, Hisao",LF,55,105,94,0.255,0.311,0.362,0.673,11,9,24,16,7,0,1,34,1,0,3,0,18,1,5,2,1,81185113
2008,Regular Season,Chunichi Dragons,46,"Iwasaki, Tatsuro",2B,20,19,18,0.056,0.056,0.111,0.167,3,0,1,0,1,0,0,2,1,0,0,0,1,0,0,1,0,81185114
2008,Regular Season,Orix Buffaloes,61,"Itoh, Hikaru",C,1,0,0,0.000,0.000,0.000,0.000,0,0,0,0,0,0,0,0,0,0,0,0,0,0,0,0,0,81185116
2008,Climax Series - Final Stage,Yomiuri Giants,26,"Utsumi, Tetsuya",P,2,,1,0.000,,0.000,,,0,0,0,0,0,0,0,0,,0,,0,,0,,,81185119
2008,Japan Series,Yomiuri Giants,26,"Utsumi, Tetsuya",P,2,,2,0.000,,0.000,,,0,0,0,0,0,0,0,0,,0,,1,,0,,,81185119
2008,Regular Season,Yomiuri Giants,26,"Utsumi, Tetsuya",P,29,61,60,0.083,0.083,0.083,0.166,1,1,5,5,0,0,0,5,0,0,0,0,30,0,0,1,0,81185119
2008,Climax Series - First Stage,Hanshin Tigers,42,"Shimoyanagi, Tsuyoshi",P,1,,2,0.000,,0.000,,,0,0,0,0,0,0,0,0,,0,,2,,0,,,81283883
2008,Regular Season,Hanshin Tigers,42,"Shimoyanagi, Tsuyoshi",P,27,56,53,0.094,0.094,0.094,0.188,1,1,5,5,0,0,0,5,0,0,0,0,21,4,0,3,0,81283883
2008,Regular Season,Saitama Seibu Lions,52,"Hoshi, Hidekazu",PH,3,7,7,0.000,0.000,0.000,0.000,0,0,0,0,0,0,0,0,0,0,0,0,3,0,0,0,0,81285110
2008,Regular Season,Tohoku Rakuten Golden Eagles,99,"Nakamura, Masato",CF,49,162,144,0.292,0.346,0.396,0.742,15,12,42,32,6,3,1,57,6,3,12,0,14,0,0,6,0,81285114
2008,Regular Season,Saitama Seibu Lions,19,"Hirano, Masamitsu",P,11,0,0,0.000,0.000,0.000,0.000,0,0,0,0,0,0,0,0,0,0,0,0,0,0,0,0,0,81285116
2008,Climax Series - Final Stage,Chunichi Dragons,68,"Nagamine, Shoji",P,3,,0,0.000,,0.000,,,0,0,0,0,0,0,0,0,,0,,0,,0,,,81285117
2008,Climax Series - First Stage,Chunichi Dragons,68,"Nagamine, Shoji",P,3,,0,0.000,,0.000,,,0,0,0,0,0,0,0,0,,0,,0,,0,,,81285117
2008,Regular Season,Chunichi Dragons,68,"Nagamine, Shoji",P,33,0,0,0.000,0.000,0.000,0.000,0,0,0,0,0,0,0,0,0,0,0,0,0,0,0,0,0,81285117
2008,Regular Season,Orix Buffaloes,66,"Yoshida, Shintaro",PH,7,10,10,0.100,0.100,0.100,0.200,1,0,1,1,0,0,0,1,0,0,0,0,6,0,0,0,0,81285119
2008,Climax Series - First Stage,Orix Buffaloes,23,"Kitagawa, Hirotoshi",3B,2,,7,0.143,,0.143,,,0,1,1,0,0,0,1,0,,0,,1,,0,,,81383880
2008,Regular Season,Orix Buffaloes,23,"Kitagawa, Hirotoshi",3B,105,399,343,0.265,0.340,0.449,0.789,41,49,91,54,24,0,13,154,4,2,37,3,51,8,7,2,10,81383880
2008,Climax Series - Final Stage,Yomiuri Giants,35,"Kamei, Yoshiyuki",RF,11,,14,0.500,,0.571,,,1,7,6,1,0,0,8,1,,2,,1,,0,,,81385110
2008,Japan Series,Yomiuri Giants,35,"Kamei, Yoshiyuki",RF,11,,23,0.217,,0.348,,,2,5,2,3,0,0,8,1,,0,,5,,0,,,81385110
2008,Regular Season,Yomiuri Giants,35,"Kamei, Yoshiyuki",RF,96,298,276,0.268,0.311,0.420,0.731,41,23,74,45,21,3,5,116,7,5,14,0,43,5,3,5,0,81385110
2008,Regular Season,Tohoku Rakuten Golden Eagles,58,"Kimura, Koichiro",PH,9,10,10,0.000,0.000,0.000,0.000,0,0,0,0,0,0,0,0,0,0,0,0,0,0,0,0,0,81385111
2008,Climax Series - Final Stage,Yomiuri Giants,62,"Ochi, Daisuke",P,6,,0,0.000,,0.000,,,0,0,0,0,0,0,0,0,,0,,0,,0,,,81385112
2008,Japan Series,Yomiuri Giants,62,"Ochi, Daisuke",P,6,,0,0.000,,0.000,,,0,0,0,0,0,0,0,0,,0,,0,,0,,,81385112
2008,Regular Season,Yomiuri Giants,62,"Ochi, Daisuke",P,68,2,2,0.000,0.000,0.000,0.000,0,0,0,0,0,0,0,0,0,0,0,0,2,0,0,0,0,81385112
2008,Regular Season,Tokyo Yakult Swallows,26,"Okamoto, Hidehiro",P,1,0,0,0.000,0.000,0.000,0.000,0,0,0,0,0,0,0,0,0,0,0,0,0,0,0,0,0,81385116
2008,Regular Season,Tohoku Rakuten Golden Eagles,51,"Kawagishi, Tsuyoshi",P,54,0,0,0.000,0.000,0.000,0.000,0,0,0,0,0,0,0,0,0,0,0,0,0,0,0,0,0,81385119
2008,Regular Season,Chiba Lotte Marines,40,"Watanabe, Masato",SS,28,40,36,0.306,0.342,0.444,0.786,4,3,11,8,2,0,1,16,0,0,2,0,13,0,0,2,0,81483886
2008,Regular Season,Hiroshima Toyo Carp,30,"Mori, Choji",P,2,0,0,0.000,0.000,0.000,0.000,0,0,0,0,0,0,0,0,0,0,0,0,0,0,0,0,0,81485110
2008,Regular Season,Tohoku Rakuten Golden Eagles,68,"Masuda, Shintaro",3B,2,5,4,0.000,0.000,0.000,0.000,0,0,0,0,0,0,0,0,0,0,0,0,1,0,0,1,0,81485112
2008,Regular Season,Orix Buffaloes,20,"Yamamoto, Shogo",P,30,4,4,0.000,0.000,0.000,0.000,0,0,0,0,0,0,0,0,0,0,0,0,3,0,0,0,0,81485113
2008,Regular Season,Yokohama BayStars,25,"Murata, Shuichi",3B,132,554,489,0.323,0.397,0.665,1.062,89,114,158,85,25,2,46,325,0,1,55,2,113,10,7,0,3,81485117
2008,Regular Season,Chiba Lotte Marines,48,"Takagi, Koji",P,43,0,0,0.000,0.000,0.000,0.000,0,0,0,0,0,0,0,0,0,0,0,0,0,0,0,0,0,81583864
2008,Regular Season,Hiroshima Toyo Carp,9,"Ogata, Koichi",PH,69,88,76,0.197,0.295,0.316,0.611,5,10,15,10,3,0,2,24,2,1,11,0,10,2,0,0,1,81583866
2008,Regular Season,Tohoku Rakuten Golden Eagles,57,"Koyama, Shinichiro",P,54,0,0,0.000,0.000,0.000,0.000,0,0,0,0,0,0,0,0,0,0,0,0,0,0,0,0,0,81583884
2008,Regular Season,Tokyo Yakult Swallows,00,"Kawashima, Keizo",SS,121,417,353,0.255,0.329,0.357,0.686,52,35,90,66,16,4,4,126,20,1,32,1,60,11,9,19,4,81585112
2008,Regular Season,Fukuoka Softbank Hawks,39,"Kume, Yuki",P,40,0,0,0.000,0.000,0.000,0.000,0,0,0,0,0,0,0,0,0,0,0,0,0,0,0,0,0,81585116
2008,Regular Season,Tohoku Rakuten Golden Eagles,50,"Guzman, Domingo",P,23,5,5,0.000,0.000,0.000,0.000,0,0,0,0,0,0,0,0,0,0,0,0,3,0,0,0,0,81685115
2008,Climax Series - First Stage,Hanshin Tigers,27,"Atchison, Scott",P,2,,0,0.000,,0.000,,,0,0,0,0,0,0,0,0,,0,,0,,0,,,81685116
2008,Regular Season,Hanshin Tigers,27,"Atchison, Scott",P,43,20,19,0.105,0.105,0.105,0.210,1,1,2,2,0,0,0,2,0,0,0,0,12,0,0,1,0,81685116
2008,Climax Series - First Stage,Hanshin Tigers,31,"Wei-chu, Lin",RF,2,,4,0.500,,0.500,,,0,2,2,0,0,0,2,0,,0,,0,,0,,,81685117
2008,Regular Season,Hanshin Tigers,31,"Wei-chu, Lin",RF,66,189,177,0.249,0.291,0.339,0.630,17,13,44,34,6,2,2,60,1,0,10,0,31,4,1,0,1,81685117
2008,Climax Series - First Stage,Hanshin Tigers,3,"Sekimoto, Kentaro",3B,3,,12,0.250,,0.333,,,0,3,2,1,0,0,4,0,,0,,2,,0,,,81783884
2008,Regular Season,Hanshin Tigers,3,"Sekimoto, Kentaro",3B,136,521,430,0.298,0.364,0.421,0.785,57,52,128,93,25,2,8,181,2,1,42,0,47,10,6,38,5,81783884
2008,Regular Season,Hiroshima Toyo Carp,21,"Saito, Yuki",P,6,12,10,0.000,0.000,0.000,0.000,0,0,0,0,0,0,0,0,0,0,0,0,4,0,0,2,0,81785112
2008,Regular Season,Chiba Lotte Marines,55,"Kobe, Takumi",RF,23,50,48,0.208,0.224,0.354,0.578,5,3,10,7,1,0,2,17,1,0,1,0,16,0,0,1,0,81785114
2008,Regular Season,Tokyo Yakult Swallows,0,"Shida, Munehiro",PH,40,53,45,0.222,0.286,0.244,0.530,6,1,10,9,1,0,0,11,3,1,4,0,5,2,0,4,0,81785115
2008,Regular Season,Tokyo Yakult Swallows,11,"Satoh, Yoshinori",P,7,10,7,0.000,0.000,0.000,0.000,0,1,0,0,0,0,0,0,0,0,0,0,1,0,0,2,1,81785116
2008,Regular Season,Tohoku Rakuten Golden Eagles,2,"Watanabe, Naoto",SS,132,567,470,0.251,0.354,0.283,0.637,79,30,118,105,11,2,0,133,34,6,54,2,66,6,22,19,2,81885114
2008,Regular Season,Yokohama BayStars,42,"Hughes, Travis",P,22,0,0,0.000,0.000,0.000,0.000,0,0,0,0,0,0,0,0,0,0,0,0,0,0,0,0,0,81885116
2008,Regular Season,Fukuoka Softbank Hawks,10,"Honma, Mitsuru",PH,61,103,100,0.230,0.238,0.340,0.578,11,10,23,17,3,1,2,34,0,0,1,0,28,2,0,2,0,81983880
2008,Climax Series - First Stage,Orix Buffaloes,27,"Hidaka, Takeshi",C,2,,6,0.167,,0.167,,,0,1,1,0,0,0,1,0,,2,,1,,0,,,81983882
2008,Regular Season,Orix Buffaloes,27,"Hidaka, Takeshi",C,134,474,417,0.269,0.325,0.432,0.757,44,47,112,71,27,1,13,180,1,4,28,3,67,11,8,18,3,81983882
2008,Climax Series - Final Stage,Hokkaido Nippon-Ham Fighters,7,"Tsuboi, Tomochika",PH,4,,9,0.333,,0.333,,,1,3,3,0,0,0,3,0,,0,,2,,0,,,81983886
2008,Climax Series - First Stage,Hokkaido Nippon-Ham Fighters,7,"Tsuboi, Tomochika",PH,4,,4,1.000,,1.500,,,1,4,2,2,0,0,6,0,,0,,0,,0,,,81983886
2008,Regular Season,Hokkaido Nippon-Ham Fighters,7,"Tsuboi, Tomochika",PH,26,53,50,0.220,0.250,0.260,0.510,2,1,11,9,2,0,0,13,0,0,1,0,7,0,1,1,0,81983886
2008,Regular Season,Hanshin Tigers,28,"Fukuhara, Shinobu",P,11,13,10,0.100,0.100,0.100,0.200,0,0,1,1,0,0,0,1,0,0,0,0,3,3,0,3,0,81983888
2008,Regular Season,Tokyo Yakult Swallows,55,"Noguchi, Yoshiyuki",3B,17,34,29,0.276,0.382,0.655,1.037,8,6,8,3,1,2,2,19,1,1,5,0,5,0,0,0,0,81985111
2008,Climax Series - Final Stage,Hokkaido Nippon-Ham Fighters,58,"Takaguchi, Takayuki",3B,3,,1,0.000,,0.000,,,0,0,0,0,0,0,0,0,,0,,1,,0,,,81985112
2008,Regular Season,Hokkaido Nippon-Ham Fighters,58,"Takaguchi, Takayuki",3B,74,192,167,0.216,0.272,0.293,0.565,12,14,36,27,5,4,0,49,1,3,7,0,49,3,6,12,0,81985112
2008,Regular Season,Yokohama BayStars,50,"Shimozono, Tatsuya",LF,19,58,53,0.208,0.263,0.226,0.489,7,1,11,10,1,0,0,12,0,0,4,0,15,0,0,1,0,81985114
2008,Regular Season,Hokkaido Nippon-Ham Fighters,16,"Tadano, Kazuhito",P,20,6,5,0.200,0.200,0.200,0.400,0,0,1,1,0,0,0,1,0,0,0,0,1,0,0,1,0,81985116
2008,Climax Series - Final Stage,Chunichi Dragons,57,"Agramonte, Tomasu Hijo De La Rosa",SS,1,,1,0.000,,0.000,,,0,0,0,0,0,0,0,0,,0,,1,,0,,,83185116
2008,Regular Season,Chunichi Dragons,57,"Agramonte, Tomasu Hijo De La Rosa",SS,93,242,214,0.243,0.318,0.397,0.715,20,22,52,33,12,0,7,85,0,2,24,0,49,6,0,3,1,83185116
2008,Regular Season,Hiroshima Toyo Carp,93,"Marte, Victor",P,1,0,0,0.000,0.000,0.000,0.000,0,0,0,0,0,0,0,0,0,0,0,0,0,0,0,0,0,83385112
2008,Regular Season,Chiba Lotte Marines,49,"Sikorski, Brian",P,54,1,1,0.000,0.000,0.000,0.000,0,0,0,0,0,0,0,0,0,0,0,0,0,0,0,0,0,83385113
2008,Regular Season,Hanshin Tigers,69,"Resop, Chris",P,8,6,6,0.000,0.000,0.000,0.000,0,0,0,0,0,0,0,0,0,0,0,0,4,0,0,0,0,83385116
2008,Regular Season,Fukuoka Softbank Hawks,20,"Standridge, Jason",P,3,0,0,0.000,0.000,0.000,0.000,0,0,0,0,0,0,0,0,0,0,0,0,0,0,0,0,0,83585114
2008,Climax Series - Final Stage,Chunichi Dragons,27,"Tanishige, Motonobu",C,7,,14,0.143,,0.286,,,2,2,0,2,0,0,4,0,,2,,4,,0,,,85583868
2008,Climax Series - First Stage,Chunichi Dragons,27,"Tanishige, Motonobu",C,7,,9,0.000,,0.000,,,0,0,0,0,0,0,0,0,,1,,2,,0,,,85583868
2008,Regular Season,Chunichi Dragons,27,"Tanishige, Motonobu",C,113,384,329,0.234,0.325,0.307,0.632,27,27,77,57,18,0,2,101,0,1,39,4,45,9,6,9,1,85583868
2008,Regular Season,Chunichi Dragons,51,"Nakamura, Issei",RF,9,11,9,0.333,0.455,0.556,1.011,0,2,3,1,2,0,0,5,0,0,2,0,1,0,0,0,0,91095110
2008,Regular Season,Hokkaido Nippon-Ham Fighters,18,"Fujii, Shugo",P,19,4,4,0.500,0.500,0.500,1.000,0,1,2,2,0,0,0,2,0,0,0,0,2,0,0,0,0,91095111
2008,Regular Season,Fukuoka Softbank Hawks,0,"Nakazawa, Tadaatsu",2B,58,157,132,0.242,0.297,0.318,0.615,12,10,32,23,8,1,0,42,0,0,10,0,29,3,1,12,2,91095113
2008,Regular Season,Tokyo Yakult Swallows,14,"Takaichi, Shun",P,1,2,1,0.000,0.500,0.000,0.500,0,0,0,0,0,0,0,0,0,0,1,0,1,0,0,0,0,91095114
2008,Regular Season,Yokohama BayStars,24,"Terahara, Hayato",P,43,13,10,0.100,0.182,0.100,0.282,0,0,1,1,0,0,0,1,0,0,1,0,4,0,0,2,0,91095115
2008,Climax Series - Final Stage,Hokkaido Nippon-Ham Fighters,41,"Inaba, Atsunori",RF,3,,5,0.200,,0.200,,,0,1,1,0,0,0,1,0,,0,,1,,0,,,91193880
2008,Climax Series - First Stage,Hokkaido Nippon-Ham Fighters,41,"Inaba, Atsunori",RF,3,,4,0.000,,0.000,,,0,0,0,0,0,0,0,0,,0,,0,,0,,,91193880
2008,Regular Season,Hokkaido Nippon-Ham Fighters,41,"Inaba, Atsunori",RF,127,513,448,0.301,0.380,0.513,0.893,71,82,135,85,25,5,20,230,2,3,56,9,85,9,4,0,5,91193880
2008,Climax Series - Final Stage,Saitama Seibu Lions,5,"Ishii, Yoshihito",1B,11,,15,0.533,,0.733,,,4,8,5,3,0,0,11,0,,4,,3,,0,,,91193884
2008,Japan Series,Saitama Seibu Lions,5,"Ishii, Yoshihito",1B,11,,16,0.250,,0.250,,,2,4,4,0,0,0,4,0,,0,,5,,0,,,91193884
2008,Regular Season,Saitama Seibu Lions,5,"Ishii, Yoshihito",1B,108,335,306,0.278,0.328,0.392,0.720,31,29,85,59,21,1,4,120,0,1,25,2,53,2,0,0,4,91193884
2008,Regular Season,Tokyo Yakult Swallows,53,"Igarashi, Ryota",P,45,0,0,0.000,0.000,0.000,0.000,0,0,0,0,0,0,0,0,0,0,0,0,0,0,0,0,0,91193886
2008,Regular Season,Yokohama BayStars,52,"Ishikawa, Takehiro",SS,83,273,259,0.243,0.262,0.309,0.571,24,13,63,53,4,5,1,80,10,5,6,1,60,5,1,6,1,91195110
2008,Regular Season,Tohoku Rakuten Golden Eagles,41,"Aoyama, Kouji",P,41,0,0,0.000,0.000,0.000,0.000,0,0,0,0,0,0,0,0,0,0,0,0,0,0,0,0,0,91195112
2008,Climax Series - First Stage,Hanshin Tigers,53,"Akahoshi, Norihiro",CF,3,,11,0.273,,0.364,,,0,3,2,1,0,0,4,1,,1,,2,,0,,,91195113
2008,Regular Season,Hanshin Tigers,53,"Akahoshi, Norihiro",CF,144,646,556,0.317,0.398,0.347,0.745,94,30,176,160,15,1,0,193,41,9,73,1,87,3,4,9,3,91195113
2008,Regular Season,Fukuoka Softbank Hawks,18,"Arakaki, Nagisa",P,15,4,2,0.000,0.000,0.000,0.000,0,0,0,0,0,0,0,0,0,0,0,0,0,0,0,2,0,91195117
2008,Climax Series - Final Stage,Hokkaido Nippon-Ham Fighters,26,"Itoi, Yoshio",LF,6,,11,0.091,,0.091,,,0,1,1,0,0,0,1,0,,0,,3,,0,,,91195119
2008,Climax Series - First Stage,Hokkaido Nippon-Ham Fighters,26,"Itoi, Yoshio",LF,6,,8,0.000,,0.000,,,0,0,0,0,0,0,0,0,,1,,2,,0,,,91195119
2008,Regular Season,Hokkaido Nippon-Ham Fighters,26,"Itoi, Yoshio",LF,63,205,188,0.239,0.285,0.404,0.689,19,21,45,25,14,1,5,76,13,3,10,1,53,6,2,5,0,91195119
2008,Regular Season,Hanshin Tigers,2,"Noguchi, Toshihiro",C,55,167,141,0.191,0.281,0.248,0.529,10,9,27,21,5,0,1,35,0,1,16,0,35,4,2,7,1,91293881
2008,Regular Season,Yokohama BayStars,99,"Yokoyama, Yukiya",P,51,3,3,0.333,0.333,0.667,1.000,0,0,1,0,1,0,0,2,0,0,0,0,2,0,0,0,0,91293882
2008,Regular Season,Tokyo Yakult Swallows,31,"Manaka, Mitsuru",PH,15,14,14,0.071,0.071,0.071,0.142,0,0,1,1,0,0,0,1,0,0,0,0,3,0,0,0,0,91293887
2008,Regular Season,Fukuoka Softbank Hawks,44,"Mizuta, Akio",P,15,0,0,0.000,0.000,0.000,0.000,0,0,0,0,0,0,0,0,0,0,0,0,0,0,0,0,0,91293888
2008,Regular Season,Tokyo Yakult Swallows,4,"Watarai, Hirobumi",PH,3,3,3,0.000,0.000,0.000,0.000,0,0,0,0,0,0,0,0,0,0,0,0,1,0,0,0,0,91293889
2008,Regular Season,Tohoku Rakuten Golden Eagles,33,"Hiraishi, Yosuke",RF,6,15,13,0.231,0.333,0.308,0.641,2,1,3,2,1,0,0,4,2,1,1,0,1,0,1,0,0,91295110
2008,Regular Season,Fukuoka Softbank Hawks,64,"Nishiyama, Michitaka",P,2,0,0,0.000,0.000,0.000,0.000,0,0,0,0,0,0,0,0,0,0,0,0,0,0,0,0,0,91295112
2008,Regular Season,Chiba Lotte Marines,44,"Hayakawa, Daisuke",CF,133,416,369,0.249,0.305,0.350,0.655,53,32,92,69,14,4,5,129,18,8,18,0,60,7,13,13,3,91295115
2008,Regular Season,Chiba Lotte Marines,28,"Nemoto, Tomohisa",P,25,0,0,0.000,0.000,0.000,0.000,0,0,0,0,0,0,0,0,0,0,0,0,0,0,0,0,0,91295116
2008,Regular Season,Tohoku Rakuten Golden Eagles,61,"Kawaguchi, Kenshi",PH,63,108,94,0.202,0.306,0.277,0.583,7,9,19,15,2,1,1,26,0,0,12,0,18,3,2,0,0,91393880
2008,Climax Series - Final Stage,Chunichi Dragons,28,"Oda, Kohei",C,1,,0,0.000,,0.000,,,0,0,0,0,0,0,0,0,,0,,0,,0,,,91393886
2008,Regular Season,Chunichi Dragons,28,"Oda, Kohei",C,41,71,64,0.188,0.232,0.203,0.435,2,4,12,11,1,0,0,13,0,0,4,2,12,2,0,2,1,91393886
2008,Regular Season,Yokohama BayStars,41,"Oyamada, Yasuhiro",P,41,4,3,0.333,0.333,0.333,0.666,0,1,1,1,0,0,0,1,0,0,0,0,0,0,0,1,0,91393888
2008,Regular Season,Fukuoka Softbank Hawks,69,"Ide, Shotaro",LF,23,73,68,0.324,0.347,0.412,0.759,5,8,22,17,4,1,0,28,2,0,3,1,13,2,0,1,1,91395115
2008,Regular Season,Tokyo Yakult Swallows,65,"Oshimoto, Takehiko",P,67,2,2,0.000,0.000,0.000,0.000,0,0,0,0,0,0,0,0,0,0,0,0,1,0,0,0,0,91395119
2008,Regular Season,Tohoku Rakuten Golden Eagles,40,"Yoshizaki, Masaru",P,17,0,0,0.000,0.000,0.000,0.000,0,0,0,0,0,0,0,0,0,0,0,0,0,0,0,0,0,91495111
2008,Regular Season,Chunichi Dragons,00,"Maeda, Akihiro",C,3,1,1,0.000,0.000,0.000,0.000,0,0,0,0,0,0,0,0,0,0,0,0,0,0,0,0,0,91495115
2008,Regular Season,Orix Buffaloes,22,"Maeda, Daisuke",C,24,52,49,0.122,0.173,0.204,0.377,3,4,6,4,1,0,1,10,1,1,3,0,13,0,0,0,0,91495117
2008,Regular Season,Yomiuri Giants,9,"Shimizu, Takayuki",PH,41,51,42,0.143,0.260,0.143,0.403,3,2,6,6,0,0,0,6,0,0,7,2,10,1,0,1,1,91593882
2008,Regular Season,Yokohama BayStars,1,"Kinjo, Tatsuhiko",CF,136,532,489,0.247,0.297,0.339,0.636,44,41,121,95,16,1,9,166,0,4,32,1,64,11,3,6,2,91593888
2008,Regular Season,Hiroshima Toyo Carp,48,"Kishimoto, Hideki",P,37,0,0,0.000,0.000,0.000,0.000,0,0,0,0,0,0,0,0,0,0,0,0,0,0,0,0,0,91595110
2008,Regular Season,Tohoku Rakuten Golden Eagles,14,"Satake, Kenta",P,24,0,0,0.000,0.000,0.000,0.000,0,0,0,0,0,0,0,0,0,0,0,0,0,0,0,0,0,91595111
2008,Climax Series - First Stage,Orix Buffaloes,10,"Obiki, Keiji",SS,1,,2,0.000,,0.000,,,0,0,0,0,0,0,0,0,,0,,2,,0,,,91595114
2008,Regular Season,Orix Buffaloes,10,"Obiki, Keiji",SS,88,305,275,0.258,0.291,0.371,0.662,29,26,71,49,16,3,3,102,1,2,12,0,61,4,1,16,1,91595114
2008,Regular Season,Tokyo Yakult Swallows,39,"Kajimoto, Yusuke",3B,20,33,28,0.214,0.303,0.250,0.553,3,3,6,5,1,0,0,7,3,1,4,0,5,0,0,0,1,91595115
2008,Regular Season,Yokohama BayStars,55,"Kuremoto, Shigenori",PH,6,6,4,0.000,0.333,0.000,0.333,1,0,0,0,0,0,0,0,0,0,0,0,2,0,2,0,0,91595119
2008,Climax Series - First Stage,Orix Buffaloes,8,"Rhodes, Tuffy",DH,2,,7,0.143,,0.143,,,1,1,1,0,0,0,1,0,,1,,2,,0,,,91693882
2008,Regular Season,Orix Buffaloes,8,"Rhodes, Tuffy",DH,142,600,499,0.277,0.394,0.583,0.977,82,118,138,66,31,1,40,291,2,0,95,9,145,8,3,0,2,91693882
2008,Regular Season,Chiba Lotte Marines,45,"Matsumoto, Kodai",P,18,0,0,0.000,0.000,0.000,0.000,0,0,0,0,0,0,0,0,0,0,0,0,0,0,0,0,0,91695114
2008,Regular Season,Orix Buffaloes,30,"Larocca, Greg",3B,26,105,89,0.169,0.286,0.247,0.533,12,9,15,10,4,0,1,22,0,0,8,0,14,3,7,0,1,91695119
2008,Climax Series - Final Stage,Hokkaido Nippon-Ham Fighters,32,"Nakajima, Satoshi",C,2,,0,0.000,,0.000,,,0,0,0,0,0,0,0,0,,0,,0,,0,,,91793864
2008,Climax Series - First Stage,Hokkaido Nippon-Ham Fighters,32,"Nakajima, Satoshi",C,2,,0,0.000,,0.000,,,0,0,0,0,0,0,0,0,,0,,0,,0,,,91793864
2008,Regular Season,Hokkaido Nippon-Ham Fighters,32,"Nakajima, Satoshi",C,22,4,4,0.750,0.750,0.750,1.500,1,1,3,3,0,0,0,3,0,0,0,0,0,0,0,0,0,91793864
2008,Regular Season,Hanshin Tigers,00,"Tanaka, Shuta",PR,12,2,2,0.000,0.000,0.000,0.000,4,1,0,0,0,0,0,0,0,0,0,0,0,0,0,0,0,91793880
2008,Regular Season,Fukuoka Softbank Hawks,1,"Shibahara, Hiroshi",RF,96,369,339,0.277,0.328,0.354,0.682,30,34,94,74,17,0,3,120,2,1,22,0,55,4,4,3,1,91793884
2008,Regular Season,Orix Buffaloes,44,"Suzuki, Fumihiro",C,27,21,18,0.167,0.211,0.167,0.378,11,0,3,3,0,0,0,3,2,0,1,0,9,0,0,2,0,91793886
2008,Regular Season,Orix Buffaloes,2,"Kimoto, Kuniyuki",3B,15,34,33,0.091,0.091,0.091,0.182,1,2,3,3,0,0,0,3,0,0,0,0,10,1,0,1,0,91795113
2008,Japan Series,Saitama Seibu Lions,11,"Kishi, Takayuki",P,1,,2,0.000,,0.000,,,0,0,0,0,0,0,0,0,,0,,2,,0,,,91795114
2008,Regular Season,Saitama Seibu Lions,11,"Kishi, Takayuki",P,26,3,3,0.000,0.000,0.000,0.000,0,0,0,0,0,0,0,0,0,0,0,0,2,0,0,0,0,91795114
2008,Regular Season,Orix Buffaloes,65,"Kondoh, Kazuki",P,26,4,3,0.000,0.000,0.000,0.000,0,0,0,0,0,0,0,0,0,0,0,0,1,0,0,1,0,91795115
2008,Regular Season,Tohoku Rakuten Golden Eagles,24,"Yamazaki, Takahiro",CF,14,43,39,0.205,0.238,0.333,0.571,6,3,8,6,0,1,1,13,0,0,0,0,8,2,2,1,1,91895112
2008,Regular Season,Tohoku Rakuten Golden Eagles,5,"Seguignol, Fernando",1B,39,157,136,0.324,0.408,0.662,1.070,24,40,44,24,7,0,13,90,0,0,14,1,40,5,6,0,1,91895115
2008,Regular Season,Hiroshima Toyo Carp,34,"Kozlowski, Ben",P,26,9,7,0.000,0.000,0.000,0.000,0,0,0,0,0,0,0,0,0,0,0,0,3,1,0,2,0,91895116
2008,Regular Season,Chiba Lotte Marines,4,"Ortiz, Jose",2B,100,373,337,0.288,0.349,0.454,0.803,52,37,97,64,21,1,11,153,1,1,32,1,61,8,1,1,2,91895117
2008,Regular Season,Chiba Lotte Marines,33,"Hashimoto, Tasuku",C,93,329,280,0.311,0.404,0.536,0.940,34,55,87,47,28,1,11,150,1,0,45,3,58,4,0,2,2,91993880
2008,Climax Series - Final Stage,Yomiuri Giants,8,"Tani, Yoshitomo",CF,8,,7,0.286,,0.857,,,2,2,0,1,0,1,6,0,,2,,0,,0,,,91993884
2008,Japan Series,Yomiuri Giants,8,"Tani, Yoshitomo",CF,8,,9,0.111,,0.111,,,1,1,1,0,0,0,1,0,,0,,1,,1,,,91993884
2008,Regular Season,Yomiuri Giants,8,"Tani, Yoshitomo",CF,120,373,349,0.295,0.330,0.430,0.760,33,45,103,76,17,0,10,150,5,1,17,0,43,6,1,6,0,91993884
2008,Climax Series - Final Stage,Saitama Seibu Lions,8,"Hirao, Hiroshi",PH,6,,2,0.500,,0.500,,,0,1,1,0,0,0,1,0,,0,,0,,0,,,91993889
2008,Japan Series,Saitama Seibu Lions,8,"Hirao, Hiroshi",PH,6,,14,0.571,,1.143,,,6,8,4,2,0,2,16,0,,0,,1,,1,,,91993889
2008,Regular Season,Saitama Seibu Lions,8,"Hirao, Hiroshi",PH,55,103,93,0.258,0.293,0.366,0.659,15,9,24,18,4,0,2,34,1,1,3,0,23,2,2,4,1,91993889
2008,Regular Season,Hiroshima Toyo Carp,00,"Tanaka, Akira",PH,1,1,1,0.000,0.000,0.000,0.000,0,0,0,0,0,0,0,0,0,0,0,0,0,0,0,0,0,91995110
2008,Climax Series - Final Stage,Saitama Seibu Lions,37,"Sumitani, Ginjiro",C,4,,0,0.000,,0.000,,,0,0,0,0,0,0,0,0,,0,,0,,0,,,91995112
2008,Japan Series,Saitama Seibu Lions,37,"Sumitani, Ginjiro",C,4,,7,0.000,,0.000,,,0,0,0,0,0,0,0,0,,0,,2,,0,,,91995112
2008,Regular Season,Saitama Seibu Lions,37,"Sumitani, Ginjiro",C,46,68,64,0.125,0.149,0.188,0.337,5,5,8,4,4,0,0,12,0,1,2,0,30,0,0,1,1,91995112
2008,Climax Series - Final Stage,Hokkaido Nippon-Ham Fighters,52,"Konta, Toshimasa",RF,2,,1,0.000,,0.000,,,0,0,0,0,0,0,0,0,,0,,1,,0,,,91995117
2008,Climax Series - First Stage,Hokkaido Nippon-Ham Fighters,52,"Konta, Toshimasa",RF,2,,0,0.000,,0.000,,,0,0,0,0,0,0,0,0,,0,,0,,0,,,91995117
2008,Regular Season,Hokkaido Nippon-Ham Fighters,52,"Konta, Toshimasa",RF,89,160,140,0.236,0.287,0.300,0.587,32,6,33,27,4,1,1,42,14,4,9,0,40,0,1,10,0,91995117
2008,Regular Season,Hanshin Tigers,19,"Tsutsui, Kazuya",P,3,0,0,0.000,0.000,0.000,0.000,0,0,0,0,0,0,0,0,0,0,0,0,0,0,0,0,0,91995119
2008,Regular Season,Yokohama BayStars,51,"Suzuki, Takanori",PH,49,49,45,0.267,0.327,0.444,0.771,3,4,12,9,0,1,2,20,0,0,3,1,10,1,1,0,0,93193883
2008,Regular Season,Tokyo Yakult Swallows,5,"Guiel, Aaron",RF,79,265,225,0.200,0.306,0.396,0.702,27,35,45,23,11,0,11,89,2,1,25,3,56,6,11,0,4,93195114
2008,Regular Season,Tokyo Yakult Swallows,34,"Rios, Daniel",P,11,20,18,0.056,0.056,0.056,0.112,1,0,1,1,0,0,0,1,0,0,0,0,6,0,0,2,0,93195116
2008,Regular Season,Orix Buffaloes,91,"Junge, Eric",P,11,0,0,0.000,0.000,0.000,0.000,0,0,0,0,0,0,0,0,0,0,0,0,0,0,0,0,0,93395116
2008,Climax Series - Final Stage,Yomiuri Giants,44,"Omichi, Noriyoshi",PH,5,,3,0.000,,0.000,,,0,0,0,0,0,0,0,0,,0,,1,,0,,,93993868
2008,Japan Series,Yomiuri Giants,44,"Omichi, Noriyoshi",PH,5,,1,0.000,,0.000,,,0,0,0,0,0,0,0,0,,0,,0,,1,,,93993868
2008,Regular Season,Yomiuri Giants,44,"Omichi, Noriyoshi",PH,60,69,62,0.274,0.324,0.484,0.808,2,16,17,8,7,0,2,30,0,0,4,0,8,3,1,1,1,93993868
