Season,Date,GameType,Team,HomeAway,Result,Score,Other Team,R,H,E,Box Score,Matchup,Ballpark,Game Start,Game Length,Audience,GameID
2009,2009-04-03,Reg Season,Yokohama BayStars,Away,L,1,Chunichi Dragons,1,5,0,"0,0,1,0,0,0,0,0,0",1,Vantelin Dome Nagoya,,02:18,37678,GAME20090403CDDB0002
2009,2009-04-03,Reg Season,Chunichi Dragons,Home,W,4,Yokohama BayStars,4,6,2,"0,1,0,2,0,0,1,0,x",1,Vantelin Dome Nagoya,,02:18,37678,GAME20090403CDDB0002
2009,2009-04-03,Reg Season,Tokyo Yakult Swallows,Away,L,2,Hanshin Tigers,2,8,0,"0,0,0,0,1,0,1,0,0",1,Kyocera Dome Osaka,,02:43,33792,GAME20090403HTYS0006
2009,2009-04-03,Reg Season,Hanshin Tigers,Home,W,5,Tokyo Yakult Swallows,5,7,1,"1,3,1,0,0,0,0,0,x",1,Kyocera Dome Osaka,,02:43,33792,GAME20090403HTYS0006
2009,2009-04-03,Reg Season,Saitama Seibu Lions,Away,W,5,Chiba Lotte Marines,5,14,0,"0,0,0,0,1,3,0,1,0",1,ZOZO Marine Stadium,,03:24,30041,GAME20090403LMSL0005
2009,2009-04-03,Reg Season,Chiba Lotte Marines,Home,L,2,Saitama Seibu Lions,2,7,0,"0,0,2,0,0,0,0,0,0",1,ZOZO Marine Stadium,,03:24,30041,GAME20090403LMSL0005
2009,2009-04-03,Reg Season,Tohoku Rakuten Golden Eagles,Away,W,3,Hokkaido Nippon-Ham Fighters,3,8,0,"3,0,0,0,0,0,0,0,0",1,Sapporo Dome,,02:32,42328,GAME20090403NFRE0003
2009,2009-04-03,Reg Season,Hokkaido Nippon-Ham Fighters,Home,L,1,Tohoku Rakuten Golden Eagles,1,7,1,"0,0,1,0,0,0,0,0,0",1,Sapporo Dome,,02:32,42328,GAME20090403NFRE0003
2009,2009-04-03,Reg Season,Orix Buffaloes,Away,L,0,Fukuoka Softbank Hawks,0,3,0,"0,0,0,0,0,0,0,0,0",1,Mizuho PayPay Dome Fukuoka,,02:27,30106,GAME20090403SHOB0004
2009,2009-04-03,Reg Season,Fukuoka Softbank Hawks,Home,W,8,Orix Buffaloes,8,10,0,"1,0,3,0,3,0,1,0,x",1,Mizuho PayPay Dome Fukuoka,,02:27,30106,GAME20090403SHOB0004
2009,2009-04-03,Reg Season,Hiroshima Toyo Carp,Away,W,6,Yomiuri Giants,6,10,1,"1,0,0,5,0,0,0,0,0",1,Tokyo Dome,,02:37,44124,GAME20090403YGHC0001
2009,2009-04-03,Reg Season,Yomiuri Giants,Home,L,3,Hiroshima Toyo Carp,3,7,0,"0,0,3,0,0,0,0,0,0",1,Tokyo Dome,,02:37,44124,GAME20090403YGHC0001
2009,2009-04-04,Reg Season,Yokohama BayStars,Away,L,0,Chunichi Dragons,0,3,0,"0,0,0,0,0,0,0,0,0",2,Vantelin Dome Nagoya,,02:27,36528,GAME20090404CDDB0011
2009,2009-04-04,Reg Season,Chunichi Dragons,Home,W,6,Yokohama BayStars,6,9,0,"0,2,2,1,0,0,0,1,x",2,Vantelin Dome Nagoya,,02:27,36528,GAME20090404CDDB0011
2009,2009-04-04,Reg Season,Tokyo Yakult Swallows,Away,W,5,Hanshin Tigers,5,10,0,"1,1,1,0,2,0,0,0,0",2,Kyocera Dome Osaka,,03:33,33449,GAME20090404HTYS0010
2009,2009-04-04,Reg Season,Hanshin Tigers,Home,L,1,Tokyo Yakult Swallows,1,6,1,"0,0,1,0,0,0,0,0,0",2,Kyocera Dome Osaka,,03:33,33449,GAME20090404HTYS0010
2009,2009-04-04,Reg Season,Saitama Seibu Lions,Away,L,5,Chiba Lotte Marines,5,9,2,"3,0,0,0,1,0,0,1,0",2,ZOZO Marine Stadium,,03:40,26819,GAME20090404LMSL0009
2009,2009-04-04,Reg Season,Chiba Lotte Marines,Home,W,10,Saitama Seibu Lions,10,14,1,"0,1,1,0,4,1,0,3,x",2,ZOZO Marine Stadium,,03:40,26819,GAME20090404LMSL0009
2009,2009-04-04,Reg Season,Tohoku Rakuten Golden Eagles,Away,W,6,Hokkaido Nippon-Ham Fighters,6,7,1,"2,0,3,0,1,0,0,0,0",2,Sapporo Dome,,03:32,36316,GAME20090404NFRE0008
2009,2009-04-04,Reg Season,Hokkaido Nippon-Ham Fighters,Home,L,5,Tohoku Rakuten Golden Eagles,5,12,1,"0,0,3,1,0,1,0,0,0",2,Sapporo Dome,,03:32,36316,GAME20090404NFRE0008
2009,2009-04-04,Reg Season,Orix Buffaloes,Away,W,5,Fukuoka Softbank Hawks,5,10,0,"0,0,0,3,2,0,0,0,0",2,Mizuho PayPay Dome Fukuoka,,03:07,28827,GAME20090404SHOB0012
2009,2009-04-04,Reg Season,Fukuoka Softbank Hawks,Home,L,2,Orix Buffaloes,2,8,0,"0,0,0,0,1,0,0,0,1",2,Mizuho PayPay Dome Fukuoka,,03:07,28827,GAME20090404SHOB0012
2009,2009-04-04,Reg Season,Hiroshima Toyo Carp,Away,W,5,Yomiuri Giants,5,5,1,"0,0,0,0,0,1,0,4,0",2,Tokyo Dome,,03:02,42650,GAME20090404YGHC0007
2009,2009-04-04,Reg Season,Yomiuri Giants,Home,L,3,Hiroshima Toyo Carp,3,12,0,"0,2,0,0,0,0,0,1,0",2,Tokyo Dome,,03:02,42650,GAME20090404YGHC0007
2009,2009-04-05,Reg Season,Yokohama BayStars,Away,L,0,Chunichi Dragons,0,5,3,"0,0,0,0,0,0,0,0,0",3,Vantelin Dome Nagoya,,03:01,33496,GAME20090405CDDB0015
2009,2009-04-05,Reg Season,Chunichi Dragons,Home,W,6,Yokohama BayStars,6,6,1,"4,0,0,0,1,1,0,0,x",3,Vantelin Dome Nagoya,,03:01,33496,GAME20090405CDDB0015
2009,2009-04-05,Reg Season,Tokyo Yakult Swallows,Away,W,7,Hanshin Tigers,7,7,0,"2,2,0,0,2,0,1,0,0",3,Kyocera Dome Osaka,,03:43,33436,GAME20090405HTYS0018
2009,2009-04-05,Reg Season,Hanshin Tigers,Home,L,6,Tokyo Yakult Swallows,6,11,1,"3,0,0,0,0,0,2,1,0",3,Kyocera Dome Osaka,,03:43,33436,GAME20090405HTYS0018
2009,2009-04-05,Reg Season,Saitama Seibu Lions,Away,L,5,Chiba Lotte Marines,5,10,0,"0,0,4,0,1,0,0,0,0",3,ZOZO Marine Stadium,,03:32,24313,GAME20090405LMSL0014
2009,2009-04-05,Reg Season,Chiba Lotte Marines,Home,W,6,Saitama Seibu Lions,6,10,0,"4,0,1,0,0,0,0,0,1x",3,ZOZO Marine Stadium,,03:32,24313,GAME20090405LMSL0014
2009,2009-04-05,Reg Season,Tohoku Rakuten Golden Eagles,Away,W,9,Hokkaido Nippon-Ham Fighters,9,17,1,"3,0,1,0,1,0,0,0,1,0,3",3,Sapporo Dome,,05:01,34252,GAME20090405NFRE0017
2009,2009-04-05,Reg Season,Hokkaido Nippon-Ham Fighters,Home,L,6,Tohoku Rakuten Golden Eagles,6,16,1,"0,0,0,6,0,0,0,0,0,0,0",3,Sapporo Dome,,05:01,34252,GAME20090405NFRE0017
2009,2009-04-05,Reg Season,Orix Buffaloes,Away,L,1,Fukuoka Softbank Hawks,1,8,0,"0,0,0,0,0,1,0,0,0,0",3,Mizuho PayPay Dome Fukuoka,,03:24,29576,GAME20090405SHOB0016
2009,2009-04-05,Reg Season,Fukuoka Softbank Hawks,Home,W,2,Orix Buffaloes,2,9,0,"0,0,0,0,0,1,0,0,0,1x",3,Mizuho PayPay Dome Fukuoka,,03:24,29576,GAME20090405SHOB0016
2009,2009-04-05,Reg Season,Hiroshima Toyo Carp,Away,T,1,Yomiuri Giants,1,8,2,"0,0,0,0,0,0,0,0,1,0,0,0",3,Tokyo Dome,,04:00,42275,GAME20090405YGHC0013
2009,2009-04-05,Reg Season,Yomiuri Giants,Home,T,1,Hiroshima Toyo Carp,1,6,0,"0,0,0,0,0,1,0,0,0,0,0,0",3,Tokyo Dome,,04:00,42275,GAME20090405YGHC0013
2009,2009-04-07,Reg Season,Yomiuri Giants,Away,W,5,Yokohama BayStars,5,9,0,"0,0,0,1,4,0,0,0,0",1,Yokohama Stadium,,03:45,20168,GAME20090407DBYG0020
2009,2009-04-07,Reg Season,Yokohama BayStars,Home,L,1,Yomiuri Giants,1,8,0,"0,0,0,0,0,1,0,0,0",1,Yokohama Stadium,,03:45,20168,GAME20090407DBYG0020
2009,2009-04-07,Reg Season,Hiroshima Toyo Carp,Away,L,10,Hanshin Tigers,10,14,1,"0,0,0,1,2,0,7,0,0",1,Hanshin Koshien Stadium,,03:43,46307,GAME20090407HTHC0022
2009,2009-04-07,Reg Season,Hanshin Tigers,Home,W,11,Hiroshima Toyo Carp,11,19,0,"1,0,2,0,0,1,1,2,4x",1,Hanshin Koshien Stadium,,03:43,46307,GAME20090407HTHC0022
2009,2009-04-07,Reg Season,Chiba Lotte Marines,Away,L,1,Hokkaido Nippon-Ham Fighters,1,8,1,"0,1,0,0,0,0,0,0,0",1,Tokyo Dome,,02:40,17568,GAME20090407NFLM0021
2009,2009-04-07,Reg Season,Hokkaido Nippon-Ham Fighters,Home,W,9,Chiba Lotte Marines,9,13,0,"0,0,0,0,1,0,3,5,x",1,Tokyo Dome,,02:40,17568,GAME20090407NFLM0021
2009,2009-04-07,Reg Season,Fukuoka Softbank Hawks,Away,L,0,Tohoku Rakuten Golden Eagles,0,4,1,"0,0,0,0,0,0,0,0,0",1,Rakuten Seimei Park Miyagi,,02:45,17281,GAME20090407RESH0023
2009,2009-04-07,Reg Season,Tohoku Rakuten Golden Eagles,Home,W,6,Fukuoka Softbank Hawks,6,7,1,"0,1,3,0,0,0,2,0,x",1,Rakuten Seimei Park Miyagi,,02:45,17281,GAME20090407RESH0023
2009,2009-04-07,Reg Season,Orix Buffaloes,Away,L,3,Saitama Seibu Lions,3,6,0,"0,2,0,0,0,0,0,0,1",1,Belluna Dome,,03:16,24011,GAME20090407SLOB0024
2009,2009-04-07,Reg Season,Saitama Seibu Lions,Home,W,8,Orix Buffaloes,8,15,0,"0,1,0,2,0,3,0,2,x",1,Belluna Dome,,03:16,24011,GAME20090407SLOB0024
2009,2009-04-07,Reg Season,Chunichi Dragons,Away,W,4,Tokyo Yakult Swallows,4,6,0,"0,0,0,0,2,1,0,0,1",1,Meiji Jingu Stadium,,03:28,17538,GAME20090407YSCD0019
2009,2009-04-07,Reg Season,Tokyo Yakult Swallows,Home,L,3,Chunichi Dragons,3,11,1,"0,1,0,1,1,0,0,0,0",1,Meiji Jingu Stadium,,03:28,17538,GAME20090407YSCD0019
2009,2009-04-08,Reg Season,Yomiuri Giants,Away,W,12,Yokohama BayStars,12,13,0,"2,0,1,1,4,2,0,2,0",2,Yokohama Stadium,,03:10,16361,GAME20090408DBYG0029
2009,2009-04-08,Reg Season,Yokohama BayStars,Home,L,1,Yomiuri Giants,1,4,1,"0,0,0,0,1,0,0,0,0",2,Yokohama Stadium,,03:10,16361,GAME20090408DBYG0029
2009,2009-04-08,Reg Season,Hiroshima Toyo Carp,Away,L,2,Hanshin Tigers,2,11,0,"0,0,1,1,0,0,0,0,0",2,Hanshin Koshien Stadium,,02:57,42300,GAME20090408HTHC0030
2009,2009-04-08,Reg Season,Hanshin Tigers,Home,W,8,Hiroshima Toyo Carp,8,11,0,"3,0,3,0,1,0,1,0,x",2,Hanshin Koshien Stadium,,02:57,42300,GAME20090408HTHC0030
2009,2009-04-08,Reg Season,Chiba Lotte Marines,Away,L,7,Hokkaido Nippon-Ham Fighters,7,14,0,"0,0,1,2,2,0,2,0,0",2,Tokyo Dome,,03:20,18853,GAME20090408NFLM0026
2009,2009-04-08,Reg Season,Hokkaido Nippon-Ham Fighters,Home,W,8,Chiba Lotte Marines,8,9,0,"3,0,2,0,2,0,1,0,x",2,Tokyo Dome,,03:20,18853,GAME20090408NFLM0026
2009,2009-04-08,Reg Season,Fukuoka Softbank Hawks,Away,W,7,Tohoku Rakuten Golden Eagles,7,10,0,"3,2,0,0,0,0,0,0,2",2,Rakuten Seimei Park Miyagi,,03:04,13373,GAME20090408RESH0027
2009,2009-04-08,Reg Season,Tohoku Rakuten Golden Eagles,Home,L,0,Fukuoka Softbank Hawks,0,3,0,"0,0,0,0,0,0,0,0,0",2,Rakuten Seimei Park Miyagi,,03:04,13373,GAME20090408RESH0027
2009,2009-04-08,Reg Season,Orix Buffaloes,Away,W,10,Saitama Seibu Lions,10,18,0,"0,0,0,3,1,1,2,1,2",2,Belluna Dome,,03:05,10001,GAME20090408SLOB0028
2009,2009-04-08,Reg Season,Saitama Seibu Lions,Home,L,2,Orix Buffaloes,2,3,0,"0,0,0,1,0,0,0,1,0",2,Belluna Dome,,03:05,10001,GAME20090408SLOB0028
2009,2009-04-08,Reg Season,Chunichi Dragons,Away,L,4,Tokyo Yakult Swallows,4,9,1,"3,0,0,0,0,0,0,1,0",2,Meiji Jingu Stadium,,03:08,15089,GAME20090408YSCD0025
2009,2009-04-08,Reg Season,Tokyo Yakult Swallows,Home,W,8,Chunichi Dragons,8,13,0,"0,1,1,0,4,2,0,0,x",2,Meiji Jingu Stadium,,03:08,15089,GAME20090408YSCD0025
2009,2009-04-09,Reg Season,Yomiuri Giants,Away,W,9,Yokohama BayStars,9,18,0,"1,0,1,0,1,0,4,2,0",3,Yokohama Stadium,,03:15,16691,GAME20090409DBYG0035
2009,2009-04-09,Reg Season,Yokohama BayStars,Home,L,2,Yomiuri Giants,2,7,1,"0,1,0,0,0,0,0,0,1",3,Yokohama Stadium,,03:15,16691,GAME20090409DBYG0035
2009,2009-04-09,Reg Season,Hiroshima Toyo Carp,Away,W,4,Hanshin Tigers,4,7,0,"0,0,2,1,1,0,0,0,0",3,Hanshin Koshien Stadium,,02:55,38733,GAME20090409HTHC0034
2009,2009-04-09,Reg Season,Hanshin Tigers,Home,L,2,Hiroshima Toyo Carp,2,9,0,"0,0,1,0,0,0,0,1,0",3,Hanshin Koshien Stadium,,02:55,38733,GAME20090409HTHC0034
2009,2009-04-09,Reg Season,Fukuoka Softbank Hawks,Away,L,1,Tohoku Rakuten Golden Eagles,1,5,1,"1,0,0,0,0,0,0,0,0",3,Rakuten Seimei Park Miyagi,,03:10,12418,GAME20090409RESH0033
2009,2009-04-09,Reg Season,Tohoku Rakuten Golden Eagles,Home,W,2,Fukuoka Softbank Hawks,2,6,0,"0,1,1,0,0,0,0,0,x",3,Rakuten Seimei Park Miyagi,,03:10,12418,GAME20090409RESH0033
2009,2009-04-09,Reg Season,Orix Buffaloes,Away,L,6,Saitama Seibu Lions,6,14,0,"0,0,0,1,2,2,0,0,1",3,Belluna Dome,,02:57,9813,GAME20090409SLOB0032
2009,2009-04-09,Reg Season,Saitama Seibu Lions,Home,W,13,Orix Buffaloes,13,17,0,"4,1,6,0,0,1,1,0,x",3,Belluna Dome,,02:57,9813,GAME20090409SLOB0032
2009,2009-04-09,Reg Season,Chunichi Dragons,Away,L,7,Tokyo Yakult Swallows,7,13,0,"3,0,0,0,0,3,1,0,0",3,Meiji Jingu Stadium,,03:19,14526,GAME20090409YSCD0031
2009,2009-04-09,Reg Season,Tokyo Yakult Swallows,Home,W,10,Chunichi Dragons,10,16,0,"2,1,0,0,6,0,0,1,x",3,Meiji Jingu Stadium,,03:19,14526,GAME20090409YSCD0031
2009,2009-04-10,Reg Season,Tokyo Yakult Swallows,Away,L,1,Yokohama BayStars,1,4,0,"0,0,0,0,1,0,0,0,0",1,Yokohama Stadium,,02:46,12791,GAME20090410DBYS0039
2009,2009-04-10,Reg Season,Yokohama BayStars,Home,W,9,Tokyo Yakult Swallows,9,12,1,"0,1,0,3,3,2,0,0,x",1,Yokohama Stadium,,02:46,12791,GAME20090410DBYS0039
2009,2009-04-10,Reg Season,Chunichi Dragons,Away,W,11,Hiroshima Toyo Carp,11,17,1,"0,1,2,0,2,4,1,0,1",1,MAZDA Zoom-Zoom Stadium Hiroshima,,03:18,30618,GAME20090410HCCD0038
2009,2009-04-10,Reg Season,Hiroshima Toyo Carp,Home,L,3,Chunichi Dragons,3,9,1,"0,0,1,0,0,0,0,0,2",1,MAZDA Zoom-Zoom Stadium Hiroshima,,03:18,30618,GAME20090410HCCD0038
2009,2009-04-10,Reg Season,Chiba Lotte Marines,Away,L,8,Orix Buffaloes,8,14,1,"0,1,3,0,2,0,0,0,2",1,Kyocera Dome Osaka,,03:13,27827,GAME20090410OBLM0037
2009,2009-04-10,Reg Season,Orix Buffaloes,Home,W,10,Chiba Lotte Marines,10,13,0,"0,2,3,0,3,0,2,0,x",1,Kyocera Dome Osaka,,03:13,27827,GAME20090410OBLM0037
2009,2009-04-10,Reg Season,Saitama Seibu Lions,Away,W,6,Tohoku Rakuten Golden Eagles,6,11,1,"1,0,0,0,2,0,1,0,2",1,Rakuten Seimei Park Miyagi,,03:24,15990,GAME20090410RESL0041
2009,2009-04-10,Reg Season,Tohoku Rakuten Golden Eagles,Home,L,0,Saitama Seibu Lions,0,4,0,"0,0,0,0,0,0,0,0,0",1,Rakuten Seimei Park Miyagi,,03:24,15990,GAME20090410RESL0041
2009,2009-04-10,Reg Season,Hokkaido Nippon-Ham Fighters,Away,W,9,Fukuoka Softbank Hawks,9,14,1,"0,0,0,1,0,3,2,3,0",1,Mizuho PayPay Dome Fukuoka,,02:51,26940,GAME20090410SHNF0036
2009,2009-04-10,Reg Season,Fukuoka Softbank Hawks,Home,L,1,Hokkaido Nippon-Ham Fighters,1,3,0,"1,0,0,0,0,0,0,0,0",1,Mizuho PayPay Dome Fukuoka,,02:51,26940,GAME20090410SHNF0036
2009,2009-04-10,Reg Season,Hanshin Tigers,Away,L,5,Yomiuri Giants,5,9,2,"0,0,2,0,0,2,0,1,0",1,Tokyo Dome,,03:00,43356,GAME20090410YGHT0040
2009,2009-04-10,Reg Season,Yomiuri Giants,Home,W,6,Hanshin Tigers,6,9,0,"0,0,1,0,3,1,1,0,x",1,Tokyo Dome,,03:00,43356,GAME20090410YGHT0040
2009,2009-04-11,Reg Season,Tokyo Yakult Swallows,Away,W,3,Yokohama BayStars,3,12,1,"3,0,0,0,0,0,0,0,0",2,Yokohama Stadium,,03:23,17817,GAME20090411DBYS0047
2009,2009-04-11,Reg Season,Yokohama BayStars,Home,L,0,Tokyo Yakult Swallows,0,6,1,"0,0,0,0,0,0,0,0,0",2,Yokohama Stadium,,03:23,17817,GAME20090411DBYS0047
2009,2009-04-11,Reg Season,Chunichi Dragons,Away,L,0,Hiroshima Toyo Carp,0,5,0,"0,0,0,0,0,0,0,0,0",2,MAZDA Zoom-Zoom Stadium Hiroshima,,02:54,30268,GAME20090411HCCD0043
2009,2009-04-11,Reg Season,Hiroshima Toyo Carp,Home,W,2,Chunichi Dragons,2,3,0,"0,0,0,0,0,0,0,2,x",2,MAZDA Zoom-Zoom Stadium Hiroshima,,02:54,30268,GAME20090411HCCD0043
2009,2009-04-11,Reg Season,Chiba Lotte Marines,Away,L,2,Orix Buffaloes,2,8,0,"0,0,0,0,2,0,0,0,0",2,Kyocera Dome Osaka,,02:46,30444,GAME20090411OBLM0046
2009,2009-04-11,Reg Season,Orix Buffaloes,Home,W,5,Chiba Lotte Marines,5,6,0,"0,2,3,0,0,0,0,0,x",2,Kyocera Dome Osaka,,02:46,30444,GAME20090411OBLM0046
2009,2009-04-11,Reg Season,Saitama Seibu Lions,Away,W,5,Tohoku Rakuten Golden Eagles,5,6,1,"0,0,0,0,2,0,0,0,3",2,Rakuten Seimei Park Miyagi,,02:47,17835,GAME20090411RESL0045
2009,2009-04-11,Reg Season,Tohoku Rakuten Golden Eagles,Home,L,2,Saitama Seibu Lions,2,8,0,"0,0,0,0,1,0,1,0,0",2,Rakuten Seimei Park Miyagi,,02:47,17835,GAME20090411RESL0045
2009,2009-04-11,Reg Season,Hokkaido Nippon-Ham Fighters,Away,W,9,Fukuoka Softbank Hawks,9,13,2,"0,1,3,0,0,0,3,2,0",2,Mizuho PayPay Dome Fukuoka,,03:23,28306,GAME20090411SHNF0042
2009,2009-04-11,Reg Season,Fukuoka Softbank Hawks,Home,L,0,Hokkaido Nippon-Ham Fighters,0,7,1,"0,0,0,0,0,0,0,0,0",2,Mizuho PayPay Dome Fukuoka,,03:23,28306,GAME20090411SHNF0042
2009,2009-04-11,Reg Season,Hanshin Tigers,Away,L,1,Yomiuri Giants,1,2,0,"0,0,0,0,0,0,1,0,0",2,Tokyo Dome,,02:52,44284,GAME20090411YGHT0044
2009,2009-04-11,Reg Season,Yomiuri Giants,Home,W,4,Hanshin Tigers,4,7,0,"2,0,0,0,0,0,2,0,x",2,Tokyo Dome,,02:52,44284,GAME20090411YGHT0044
2009,2009-04-12,Reg Season,Tokyo Yakult Swallows,Away,L,3,Yokohama BayStars,3,7,0,"0,0,0,1,1,1,0,0,0",3,Yokohama Stadium,,03:13,17972,GAME20090412DBYS0051
2009,2009-04-12,Reg Season,Yokohama BayStars,Home,W,5,Tokyo Yakult Swallows,5,9,0,"0,1,2,0,1,1,0,0,x",3,Yokohama Stadium,,03:13,17972,GAME20090412DBYS0051
2009,2009-04-12,Reg Season,Chunichi Dragons,Away,L,0,Hiroshima Toyo Carp,0,4,1,"0,0,0,0,0,0,0,0,0",3,MAZDA Zoom-Zoom Stadium Hiroshima,,02:46,30139,GAME20090412HCCD0052
2009,2009-04-12,Reg Season,Hiroshima Toyo Carp,Home,W,10,Chunichi Dragons,10,12,0,"0,0,5,5,0,0,0,0,x",3,MAZDA Zoom-Zoom Stadium Hiroshima,,02:46,30139,GAME20090412HCCD0052
2009,2009-04-12,Reg Season,Chiba Lotte Marines,Away,L,1,Orix Buffaloes,1,8,0,"0,0,0,1,0,0,0,0,0",3,Kobe Athletic Park Baseball Field,,03:11,31597,GAME20090412OBLM0050
2009,2009-04-12,Reg Season,Orix Buffaloes,Home,W,4,Chiba Lotte Marines,4,7,0,"1,0,0,0,2,1,0,0,x",3,Kobe Athletic Park Baseball Field,,03:11,31597,GAME20090412OBLM0050
2009,2009-04-12,Reg Season,Saitama Seibu Lions,Away,L,1,Tohoku Rakuten Golden Eagles,1,3,1,"0,1,0,0,0,0,0,0,0",3,Rakuten Seimei Park Miyagi,,02:40,17477,GAME20090412RESL0053
2009,2009-04-12,Reg Season,Tohoku Rakuten Golden Eagles,Home,W,4,Saitama Seibu Lions,4,11,0,"0,0,0,0,0,2,2,0,x",3,Rakuten Seimei Park Miyagi,,02:40,17477,GAME20090412RESL0053
2009,2009-04-12,Reg Season,Hokkaido Nippon-Ham Fighters,Away,L,4,Fukuoka Softbank Hawks,4,10,0,"0,1,0,2,0,0,0,0,1",3,Mizuho PayPay Dome Fukuoka,,02:44,28296,GAME20090412SHNF0048
2009,2009-04-12,Reg Season,Fukuoka Softbank Hawks,Home,W,5,Hokkaido Nippon-Ham Fighters,5,12,0,"0,1,1,2,0,1,0,0,x",3,Mizuho PayPay Dome Fukuoka,,02:44,28296,GAME20090412SHNF0048
2009,2009-04-12,Reg Season,Hanshin Tigers,Away,T,6,Yomiuri Giants,6,13,1,"0,4,0,0,0,0,0,1,1,0,0,0",3,Tokyo Dome,,04:36,44246,GAME20090412YGHT0049
2009,2009-04-12,Reg Season,Yomiuri Giants,Home,T,6,Hanshin Tigers,6,14,1,"3,0,0,0,0,3,0,0,0,0,0,0",3,Tokyo Dome,,04:36,44246,GAME20090412YGHT0049
2009,2009-04-14,Reg Season,Yokohama BayStars,Away,W,4,Hiroshima Toyo Carp,4,7,3,"0,0,0,0,0,4,0,0,0",1,MAZDA Zoom-Zoom Stadium Hiroshima,,03:12,13436,GAME20090414HCDB0057
2009,2009-04-14,Reg Season,Hiroshima Toyo Carp,Home,L,1,Yokohama BayStars,1,4,3,"0,0,0,0,0,0,0,1,0",1,MAZDA Zoom-Zoom Stadium Hiroshima,,03:12,13436,GAME20090414HCDB0057
2009,2009-04-14,Reg Season,Tohoku Rakuten Golden Eagles,Away,W,2,Chiba Lotte Marines,2,10,0,"0,0,0,1,1,0,0,0,0",1,ZOZO Marine Stadium,,03:07,9247,GAME20090414LMRE0055
2009,2009-04-14,Reg Season,Chiba Lotte Marines,Home,L,1,Tohoku Rakuten Golden Eagles,1,3,0,"0,0,0,0,0,0,0,1,0",1,ZOZO Marine Stadium,,03:07,9247,GAME20090414LMRE0055
2009,2009-04-14,Reg Season,Orix Buffaloes,Away,W,8,Hokkaido Nippon-Ham Fighters,8,13,2,"1,2,0,2,2,1,0,0,0",1,Sapporo Dome,,03:24,17548,GAME20090414NFOB0056
2009,2009-04-14,Reg Season,Hokkaido Nippon-Ham Fighters,Home,L,7,Orix Buffaloes,7,10,0,"0,0,3,0,0,0,0,1,3",1,Sapporo Dome,,03:24,17548,GAME20090414NFOB0056
2009,2009-04-14,Reg Season,Saitama Seibu Lions,Away,W,5,Fukuoka Softbank Hawks,5,7,2,"0,0,0,2,2,0,0,1,0",1,Lib Work Fujisakidai Stadium,,02:53,14451,GAME20090414SHSL0054
2009,2009-04-14,Reg Season,Fukuoka Softbank Hawks,Home,L,3,Saitama Seibu Lions,3,7,4,"0,0,0,0,3,0,0,0,0",1,Lib Work Fujisakidai Stadium,,02:53,14451,GAME20090414SHSL0054
2009,2009-04-15,Reg Season,Yokohama BayStars,Away,L,2,Hiroshima Toyo Carp,2,7,1,"0,0,0,2,0,0,0,0,0",2,MAZDA Zoom-Zoom Stadium Hiroshima,,02:48,17288,GAME20090415HCDB0061
2009,2009-04-15,Reg Season,Hiroshima Toyo Carp,Home,W,3,Yokohama BayStars,3,3,2,"0,0,1,0,1,1,0,0,x",2,MAZDA Zoom-Zoom Stadium Hiroshima,,02:48,17288,GAME20090415HCDB0061
2009,2009-04-15,Reg Season,Chunichi Dragons,Away,W,9,Hanshin Tigers,9,11,0,"1,1,0,0,0,0,5,0,2",1,Hanshin Koshien Stadium,,03:27,40976,GAME20090415HTCD0058
2009,2009-04-15,Reg Season,Hanshin Tigers,Home,L,2,Chunichi Dragons,2,7,2,"0,1,1,0,0,0,0,0,0",1,Hanshin Koshien Stadium,,03:27,40976,GAME20090415HTCD0058
2009,2009-04-15,Reg Season,Tohoku Rakuten Golden Eagles,Away,L,1,Chiba Lotte Marines,1,9,1,"0,0,1,0,0,0,0,0,0",2,ZOZO Marine Stadium,,03:07,16235,GAME20090415LMRE0063
2009,2009-04-15,Reg Season,Chiba Lotte Marines,Home,W,7,Tohoku Rakuten Golden Eagles,7,11,0,"0,2,1,0,2,0,0,2,x",2,ZOZO Marine Stadium,,03:07,16235,GAME20090415LMRE0063
2009,2009-04-15,Reg Season,Orix Buffaloes,Away,L,5,Hokkaido Nippon-Ham Fighters,5,12,2,"1,0,1,0,0,2,1,0,0",2,Sapporo Dome,,03:38,17579,GAME20090415NFOB0060
2009,2009-04-15,Reg Season,Hokkaido Nippon-Ham Fighters,Home,W,11,Orix Buffaloes,11,17,1,"0,0,4,0,0,7,0,0,x",2,Sapporo Dome,,03:38,17579,GAME20090415NFOB0060
2009,2009-04-15,Reg Season,Saitama Seibu Lions,Away,T,2,Fukuoka Softbank Hawks,2,9,1,"0,0,1,0,0,0,1,0,0,0,0,0",2,Mizuho PayPay Dome Fukuoka,,04:50,26498,GAME20090415SHSL0059
2009,2009-04-15,Reg Season,Fukuoka Softbank Hawks,Home,T,2,Saitama Seibu Lions,2,6,0,"0,1,0,0,0,0,1,0,0,0,0,0",2,Mizuho PayPay Dome Fukuoka,,04:50,26498,GAME20090415SHSL0059
2009,2009-04-15,Reg Season,Yomiuri Giants,Away,W,6,Tokyo Yakult Swallows,6,10,0,"0,0,0,2,0,3,0,0,1",1,Meiji Jingu Stadium,,03:05,20072,GAME20090415YSYG0062
2009,2009-04-15,Reg Season,Tokyo Yakult Swallows,Home,L,2,Yomiuri Giants,2,11,0,"0,0,1,0,1,0,0,0,0",1,Meiji Jingu Stadium,,03:05,20072,GAME20090415YSYG0062
2009,2009-04-16,Reg Season,Yokohama BayStars,Away,W,2,Hiroshima Toyo Carp,2,9,0,"0,0,0,0,0,1,0,0,0,1",3,MAZDA Zoom-Zoom Stadium Hiroshima,,03:33,14476,GAME20090416HCDB0069
2009,2009-04-16,Reg Season,Hiroshima Toyo Carp,Home,L,1,Yokohama BayStars,1,5,1,"0,0,0,1,0,0,0,0,0,0",3,MAZDA Zoom-Zoom Stadium Hiroshima,,03:33,14476,GAME20090416HCDB0069
2009,2009-04-16,Reg Season,Chunichi Dragons,Away,L,3,Hanshin Tigers,3,4,0,"0,0,0,1,0,1,0,0,1",2,Hanshin Koshien Stadium,,02:38,40195,GAME20090416HTCD0064
2009,2009-04-16,Reg Season,Hanshin Tigers,Home,W,4,Chunichi Dragons,4,10,0,"2,0,0,0,0,0,2,0,x",2,Hanshin Koshien Stadium,,02:38,40195,GAME20090416HTCD0064
2009,2009-04-16,Reg Season,Tohoku Rakuten Golden Eagles,Away,L,7,Chiba Lotte Marines,7,14,1,"0,0,2,0,0,3,2,0,0,0",3,ZOZO Marine Stadium,,04:25,13984,GAME20090416LMRE0067
2009,2009-04-16,Reg Season,Chiba Lotte Marines,Home,W,11,Tohoku Rakuten Golden Eagles,11,15,1,"2,0,0,0,1,1,3,0,0,4x",3,ZOZO Marine Stadium,,04:25,13984,GAME20090416LMRE0067
2009,2009-04-16,Reg Season,Orix Buffaloes,Away,L,1,Hokkaido Nippon-Ham Fighters,1,6,1,"0,1,0,0,0,0,0,0,0",3,Sapporo Dome,,02:47,20702,GAME20090416NFOB0065
2009,2009-04-16,Reg Season,Hokkaido Nippon-Ham Fighters,Home,W,7,Orix Buffaloes,7,8,0,"0,4,0,2,0,1,0,0,x",3,Sapporo Dome,,02:47,20702,GAME20090416NFOB0065
2009,2009-04-16,Reg Season,Saitama Seibu Lions,Away,W,12,Fukuoka Softbank Hawks,12,11,0,"1,0,1,3,3,0,4,0,0",3,Mizuho PayPay Dome Fukuoka,,03:12,25538,GAME20090416SHSL0068
2009,2009-04-16,Reg Season,Fukuoka Softbank Hawks,Home,L,5,Saitama Seibu Lions,5,8,0,"0,0,4,0,0,1,0,0,0",3,Mizuho PayPay Dome Fukuoka,,03:12,25538,GAME20090416SHSL0068
2009,2009-04-16,Reg Season,Yomiuri Giants,Away,L,2,Tokyo Yakult Swallows,2,6,0,"1,0,0,0,0,1,0,0,0",2,Meiji Jingu Stadium,,02:54,16592,GAME20090416YSYG0066
2009,2009-04-16,Reg Season,Tokyo Yakult Swallows,Home,W,6,Yomiuri Giants,6,11,1,"0,1,0,0,3,2,0,0,x",2,Meiji Jingu Stadium,,02:54,16592,GAME20090416YSYG0066
2009,2009-04-17,Reg Season,Yomiuri Giants,Away,W,5,Chunichi Dragons,5,6,0,"0,1,0,3,0,0,0,1,0",1,Vantelin Dome Nagoya,,03:14,35669,GAME20090417CDYG0073
2009,2009-04-17,Reg Season,Chunichi Dragons,Home,L,3,Yomiuri Giants,3,7,1,"3,0,0,0,0,0,0,0,0",1,Vantelin Dome Nagoya,,03:14,35669,GAME20090417CDYG0073
2009,2009-04-17,Reg Season,Hanshin Tigers,Away,W,5,Yokohama BayStars,5,8,0,"3,1,0,0,0,0,0,0,1",1,Yokohama Stadium,,02:56,12250,GAME20090417DBHT0070
2009,2009-04-17,Reg Season,Yokohama BayStars,Home,L,1,Hanshin Tigers,1,6,1,"0,0,0,1,0,0,0,0,0",1,Yokohama Stadium,,02:56,12250,GAME20090417DBHT0070
2009,2009-04-17,Reg Season,Fukuoka Softbank Hawks,Away,L,1,Chiba Lotte Marines,1,9,0,"0,0,0,0,0,0,0,1,0,0,0",1,ZOZO Marine Stadium,,03:52,10367,GAME20090417LMSH0074
2009,2009-04-17,Reg Season,Chiba Lotte Marines,Home,W,2,Fukuoka Softbank Hawks,2,5,0,"0,1,0,0,0,0,0,0,0,0,1x",1,ZOZO Marine Stadium,,03:52,10367,GAME20090417LMSH0074
2009,2009-04-17,Reg Season,Hokkaido Nippon-Ham Fighters,Away,W,4,Saitama Seibu Lions,4,11,1,"0,2,1,1,0,0,0,0,0",1,Belluna Dome,,03:20,15181,GAME20090417SLNF0072
2009,2009-04-17,Reg Season,Saitama Seibu Lions,Home,L,2,Hokkaido Nippon-Ham Fighters,2,3,0,"0,0,1,0,0,1,0,0,0",1,Belluna Dome,,03:20,15181,GAME20090417SLNF0072
2009,2009-04-17,Reg Season,Hiroshima Toyo Carp,Away,L,1,Tokyo Yakult Swallows,1,11,0,"0,0,0,1,0,0,0,0,0",1,Meiji Jingu Stadium,,02:38,10865,GAME20090417YSHC0071
2009,2009-04-17,Reg Season,Tokyo Yakult Swallows,Home,W,6,Hiroshima Toyo Carp,6,11,0,"3,0,0,0,0,1,1,1,x",1,Meiji Jingu Stadium,,02:38,10865,GAME20090417YSHC0071
2009,2009-04-18,Reg Season,Yomiuri Giants,Away,W,3,Chunichi Dragons,3,8,0,"0,0,0,0,0,0,2,1,0",2,Vantelin Dome Nagoya,,02:56,37883,GAME20090418CDYG0077
2009,2009-04-18,Reg Season,Chunichi Dragons,Home,L,2,Yomiuri Giants,2,7,0,"0,0,0,1,0,1,0,0,0",2,Vantelin Dome Nagoya,,02:56,37883,GAME20090418CDYG0077
2009,2009-04-18,Reg Season,Hanshin Tigers,Away,W,9,Yokohama BayStars,9,15,0,"0,0,0,1,2,1,1,4,0",2,Yokohama Stadium,,04:02,25773,GAME20090418DBHT0079
2009,2009-04-18,Reg Season,Yokohama BayStars,Home,L,4,Hanshin Tigers,4,10,1,"0,0,0,0,0,0,4,0,0",2,Yokohama Stadium,,04:02,25773,GAME20090418DBHT0079
2009,2009-04-18,Reg Season,Fukuoka Softbank Hawks,Away,W,7,Chiba Lotte Marines,7,10,1,"4,0,0,0,0,0,0,0,3",2,ZOZO Marine Stadium,,03:30,23225,GAME20090418LMSH0078
2009,2009-04-18,Reg Season,Chiba Lotte Marines,Home,L,4,Fukuoka Softbank Hawks,4,6,0,"0,1,2,1,0,0,0,0,0",2,ZOZO Marine Stadium,,03:30,23225,GAME20090418LMSH0078
2009,2009-04-18,Reg Season,Tohoku Rakuten Golden Eagles,Away,W,7,Orix Buffaloes,7,10,0,"1,0,0,0,0,2,0,4,0",1,Tokyo Dome,,02:43,20598,GAME20090418OBRE0075
2009,2009-04-18,Reg Season,Orix Buffaloes,Home,L,0,Tohoku Rakuten Golden Eagles,0,4,0,"0,0,0,0,0,0,0,0,0",1,Tokyo Dome,,02:43,20598,GAME20090418OBRE0075
2009,2009-04-18,Reg Season,Hokkaido Nippon-Ham Fighters,Away,W,6,Saitama Seibu Lions,6,10,0,"0,1,1,0,0,1,0,2,1",2,Belluna Dome,,03:24,28525,GAME20090418SLNF0080
2009,2009-04-18,Reg Season,Saitama Seibu Lions,Home,L,4,Hokkaido Nippon-Ham Fighters,4,9,1,"0,0,1,1,1,1,0,0,0",2,Belluna Dome,,03:24,28525,GAME20090418SLNF0080
2009,2009-04-18,Reg Season,Hiroshima Toyo Carp,Away,L,0,Tokyo Yakult Swallows,0,3,0,"0,0,0,0,0,0,0,0,0",2,Meiji Jingu Stadium,,02:52,25455,GAME20090418YSHC0076
2009,2009-04-18,Reg Season,Tokyo Yakult Swallows,Home,W,1,Hiroshima Toyo Carp,1,5,0,"0,1,0,0,0,0,0,0,x",2,Meiji Jingu Stadium,,02:52,25455,GAME20090418YSHC0076
2009,2009-04-19,Reg Season,Yomiuri Giants,Away,W,6,Chunichi Dragons,6,10,1,"4,0,0,0,2,0,0,0,0",3,Vantelin Dome Nagoya,,03:30,37815,GAME20090419CDYG0082
2009,2009-04-19,Reg Season,Chunichi Dragons,Home,L,5,Yomiuri Giants,5,8,3,"0,1,3,1,0,0,0,0,0",3,Vantelin Dome Nagoya,,03:30,37815,GAME20090419CDYG0082
2009,2009-04-19,Reg Season,Hanshin Tigers,Away,L,2,Yokohama BayStars,2,6,3,"0,0,0,1,0,0,0,1,0",3,Yokohama Stadium,,03:20,24491,GAME20090419DBHT0083
2009,2009-04-19,Reg Season,Yokohama BayStars,Home,W,4,Hanshin Tigers,4,11,0,"0,1,0,0,1,2,0,0,x",3,Yokohama Stadium,,03:20,24491,GAME20090419DBHT0083
2009,2009-04-19,Reg Season,Fukuoka Softbank Hawks,Away,W,12,Chiba Lotte Marines,12,12,1,"0,3,0,0,4,0,0,5,0",3,ZOZO Marine Stadium,,03:22,25537,GAME20090419LMSH0086
2009,2009-04-19,Reg Season,Chiba Lotte Marines,Home,L,5,Fukuoka Softbank Hawks,5,7,0,"0,2,0,3,0,0,0,0,0",3,ZOZO Marine Stadium,,03:22,25537,GAME20090419LMSH0086
2009,2009-04-19,Reg Season,Tohoku Rakuten Golden Eagles,Away,L,0,Orix Buffaloes,0,8,2,"0,0,0,0,0,0,0,0,0",2,Tokyo Dome,,02:54,21561,GAME20090419OBRE0081
2009,2009-04-19,Reg Season,Orix Buffaloes,Home,W,15,Tohoku Rakuten Golden Eagles,15,16,0,"0,3,0,8,2,1,0,1,x",2,Tokyo Dome,,02:54,21561,GAME20090419OBRE0081
2009,2009-04-19,Reg Season,Hokkaido Nippon-Ham Fighters,Away,W,8,Saitama Seibu Lions,8,14,0,"0,3,0,0,0,1,1,0,3",3,Belluna Dome,,04:02,22315,GAME20090419SLNF0084
2009,2009-04-19,Reg Season,Saitama Seibu Lions,Home,L,6,Hokkaido Nippon-Ham Fighters,6,6,1,"3,0,0,0,3,0,0,0,0",3,Belluna Dome,,04:02,22315,GAME20090419SLNF0084
2009,2009-04-19,Reg Season,Hiroshima Toyo Carp,Away,L,2,Tokyo Yakult Swallows,2,4,0,"0,0,0,0,0,2,0,0,0",3,Meiji Jingu Stadium,,02:55,17702,GAME20090419YSHC0085
2009,2009-04-19,Reg Season,Tokyo Yakult Swallows,Home,W,8,Hiroshima Toyo Carp,8,14,0,"0,0,2,1,2,2,1,0,x",3,Meiji Jingu Stadium,,02:55,17702,GAME20090419YSHC0085
2009,2009-04-21,Reg Season,Hanshin Tigers,Away,L,1,Chunichi Dragons,1,2,0,"1,0,0,0,0,0,0,0,0",3,Vantelin Dome Nagoya,,02:54,30434,GAME20090421CDHT0088
2009,2009-04-21,Reg Season,Chunichi Dragons,Home,W,2,Hanshin Tigers,2,5,1,"0,0,2,0,0,0,0,0,x",3,Vantelin Dome Nagoya,,02:54,30434,GAME20090421CDHT0088
2009,2009-04-21,Reg Season,Fukuoka Softbank Hawks,Away,W,10,Hokkaido Nippon-Ham Fighters,10,13,1,"1,0,2,4,0,0,0,0,3",4,Tokyo Dome,,03:45,17486,GAME20090421NFSH0090
2009,2009-04-21,Reg Season,Hokkaido Nippon-Ham Fighters,Home,L,5,Fukuoka Softbank Hawks,5,13,1,"1,1,0,2,1,0,0,0,0",4,Tokyo Dome,,03:45,17486,GAME20090421NFSH0090
2009,2009-04-21,Reg Season,Saitama Seibu Lions,Away,W,7,Orix Buffaloes,7,10,1,"4,0,0,0,0,2,1,0,0",4,Kyocera Dome Osaka,,02:51,10326,GAME20090421OBSL0087
2009,2009-04-21,Reg Season,Orix Buffaloes,Home,L,1,Saitama Seibu Lions,1,6,0,"0,0,0,1,0,0,0,0,0",4,Kyocera Dome Osaka,,02:51,10326,GAME20090421OBSL0087
2009,2009-04-21,Reg Season,Tokyo Yakult Swallows,Away,L,0,Yomiuri Giants,0,3,0,"0,0,0,0,0,0,0,0,0",3,Nagasaki Baseball Stadium,,02:31,20817,GAME20090421YGYS0089
2009,2009-04-21,Reg Season,Yomiuri Giants,Home,W,4,Tokyo Yakult Swallows,4,10,0,"3,1,0,0,0,0,0,0,x",3,Nagasaki Baseball Stadium,,02:31,20817,GAME20090421YGYS0089
2009,2009-04-22,Reg Season,Hanshin Tigers,Away,L,2,Chunichi Dragons,2,6,1,"0,0,1,0,0,1,0,0,0",4,Vantelin Dome Nagoya,,03:24,31650,GAME20090422CDHT0096
2009,2009-04-22,Reg Season,Chunichi Dragons,Home,W,6,Hanshin Tigers,6,10,1,"1,0,0,0,3,2,0,0,x",4,Vantelin Dome Nagoya,,03:24,31650,GAME20090422CDHT0096
2009,2009-04-22,Reg Season,Hiroshima Toyo Carp,Away,W,5,Yokohama BayStars,5,14,4,"2,0,0,1,0,0,1,0,1",4,Yokohama Stadium,,03:19,16948,GAME20090422DBHC0091
2009,2009-04-22,Reg Season,Yokohama BayStars,Home,L,4,Hiroshima Toyo Carp,4,7,2,"0,0,1,0,2,0,1,0,0",4,Yokohama Stadium,,03:19,16948,GAME20090422DBHC0091
2009,2009-04-22,Reg Season,Fukuoka Softbank Hawks,Away,W,3,Hokkaido Nippon-Ham Fighters,3,10,0,"0,0,1,0,0,0,0,2,0",5,Tokyo Dome,,03:04,19138,GAME20090422NFSH0094
2009,2009-04-22,Reg Season,Hokkaido Nippon-Ham Fighters,Home,L,2,Fukuoka Softbank Hawks,2,7,1,"0,2,0,0,0,0,0,0,0",5,Tokyo Dome,,03:04,19138,GAME20090422NFSH0094
2009,2009-04-22,Reg Season,Saitama Seibu Lions,Away,L,3,Orix Buffaloes,3,6,0,"0,0,2,0,0,0,0,0,1",5,Kyocera Dome Osaka,,02:39,10805,GAME20090422OBSL0092
2009,2009-04-22,Reg Season,Orix Buffaloes,Home,W,6,Saitama Seibu Lions,6,7,1,"5,0,0,0,0,0,0,1,x",5,Kyocera Dome Osaka,,02:39,10805,GAME20090422OBSL0092
2009,2009-04-22,Reg Season,Chiba Lotte Marines,Away,L,0,Tohoku Rakuten Golden Eagles,0,3,0,"0,0,0,0,0,0,0,0,0",4,Rakuten Seimei Park Miyagi,,02:30,12909,GAME20090422RELM0095
2009,2009-04-22,Reg Season,Tohoku Rakuten Golden Eagles,Home,W,2,Chiba Lotte Marines,2,6,0,"0,0,0,0,0,0,2,0,x",4,Rakuten Seimei Park Miyagi,,02:30,12909,GAME20090422RELM0095
2009,2009-04-22,Reg Season,Tokyo Yakult Swallows,Away,L,2,Yomiuri Giants,2,5,1,"0,1,0,0,0,1,0,0,0",4,Saga Baseball Stadium,,02:57,15876,GAME20090422YGYS0093
2009,2009-04-22,Reg Season,Yomiuri Giants,Home,W,3,Tokyo Yakult Swallows,3,11,1,"0,0,0,0,0,1,0,2,x",4,Saga Baseball Stadium,,02:57,15876,GAME20090422YGYS0093
2009,2009-04-23,Reg Season,Hanshin Tigers,Away,W,4,Chunichi Dragons,4,9,2,"0,0,0,0,0,0,0,1,0,0,0,3",5,Vantelin Dome Nagoya,,04:35,30850,GAME20090423CDHT0100
2009,2009-04-23,Reg Season,Chunichi Dragons,Home,L,1,Hanshin Tigers,1,10,1,"0,0,0,0,1,0,0,0,0,0,0,0",5,Vantelin Dome Nagoya,,04:35,30850,GAME20090423CDHT0100
2009,2009-04-23,Reg Season,Hiroshima Toyo Carp,Away,W,2,Yokohama BayStars,2,7,0,"0,0,0,0,1,0,1,0,0",5,Yokohama Stadium,,02:43,16772,GAME20090423DBHC0097
2009,2009-04-23,Reg Season,Yokohama BayStars,Home,L,0,Hiroshima Toyo Carp,0,2,0,"0,0,0,0,0,0,0,0,0",5,Yokohama Stadium,,02:43,16772,GAME20090423DBHC0097
2009,2009-04-23,Reg Season,Fukuoka Softbank Hawks,Away,L,6,Hokkaido Nippon-Ham Fighters,6,11,1,"0,0,0,2,3,1,0,0,0",6,Tokyo Dome,,03:42,18364,GAME20090423NFSH0102
2009,2009-04-23,Reg Season,Hokkaido Nippon-Ham Fighters,Home,W,7,Fukuoka Softbank Hawks,7,8,0,"0,0,1,3,0,0,2,0,1x",6,Tokyo Dome,,03:42,18364,GAME20090423NFSH0102
2009,2009-04-23,Reg Season,Saitama Seibu Lions,Away,L,1,Orix Buffaloes,1,5,0,"0,0,0,0,0,0,1,0,0",6,Kyocera Dome Osaka,,02:41,10586,GAME20090423OBSL0101
2009,2009-04-23,Reg Season,Orix Buffaloes,Home,W,2,Saitama Seibu Lions,2,8,0,"1,0,0,0,0,0,0,0,1x",6,Kyocera Dome Osaka,,02:41,10586,GAME20090423OBSL0101
2009,2009-04-23,Reg Season,Chiba Lotte Marines,Away,W,5,Tohoku Rakuten Golden Eagles,5,16,2,"0,1,1,0,0,3,0,0,0",5,Rakuten Seimei Park Miyagi,,03:04,11444,GAME20090423RELM0099
2009,2009-04-23,Reg Season,Tohoku Rakuten Golden Eagles,Home,L,2,Chiba Lotte Marines,2,6,0,"0,2,0,0,0,0,0,0,0",5,Rakuten Seimei Park Miyagi,,03:04,11444,GAME20090423RELM0099
2009,2009-04-23,Reg Season,Tokyo Yakult Swallows,Away,L,1,Yomiuri Giants,1,6,0,"0,0,0,0,0,0,0,1,0",5,Mizuho PayPay Dome Fukuoka,,03:09,20120,GAME20090423YGYS0098
2009,2009-04-23,Reg Season,Yomiuri Giants,Home,W,2,Tokyo Yakult Swallows,2,6,0,"0,0,0,1,0,0,0,0,1x",5,Mizuho PayPay Dome Fukuoka,,03:09,20120,GAME20090423YGYS0098
2009,2009-04-24,Reg Season,Hanshin Tigers,Away,W,4,Hiroshima Toyo Carp,4,7,1,"2,1,0,0,1,0,0,0,0",4,MAZDA Zoom-Zoom Stadium Hiroshima,,02:44,24417,GAME20090424HCHT0108
2009,2009-04-24,Reg Season,Hiroshima Toyo Carp,Home,L,0,Hanshin Tigers,0,8,0,"0,0,0,0,0,0,0,0,0",4,MAZDA Zoom-Zoom Stadium Hiroshima,,02:44,24417,GAME20090424HCHT0108
2009,2009-04-24,Reg Season,Hokkaido Nippon-Ham Fighters,Away,W,11,Orix Buffaloes,11,10,0,"1,2,0,0,4,0,4,0,0",4,Kobe Athletic Park Baseball Field,,02:53,18724,GAME20090424OBNF0104
2009,2009-04-24,Reg Season,Orix Buffaloes,Home,L,0,Hokkaido Nippon-Ham Fighters,0,4,1,"0,0,0,0,0,0,0,0,0",4,Kobe Athletic Park Baseball Field,,02:53,18724,GAME20090424OBNF0104
2009,2009-04-24,Reg Season,Tohoku Rakuten Golden Eagles,Away,W,3,Fukuoka Softbank Hawks,3,6,0,"0,0,0,0,0,0,1,2,0",4,Mizuho PayPay Dome Fukuoka,,03:09,27568,GAME20090424SHRE0105
2009,2009-04-24,Reg Season,Fukuoka Softbank Hawks,Home,L,2,Tohoku Rakuten Golden Eagles,2,6,0,"1,0,0,1,0,0,0,0,0",4,Mizuho PayPay Dome Fukuoka,,03:09,27568,GAME20090424SHRE0105
2009,2009-04-24,Reg Season,Chiba Lotte Marines,Away,L,1,Saitama Seibu Lions,1,4,1,"0,0,0,0,1,0,0,0,0",4,Belluna Dome,,02:26,12618,GAME20090424SLLM0106
2009,2009-04-24,Reg Season,Saitama Seibu Lions,Home,W,3,Chiba Lotte Marines,3,6,0,"0,0,0,1,0,1,0,1,x",4,Belluna Dome,,02:26,12618,GAME20090424SLLM0106
2009,2009-04-24,Reg Season,Chunichi Dragons,Away,W,3,Yomiuri Giants,3,10,0,"0,0,0,0,0,0,0,1,0,2",4,Tokyo Dome,,03:34,42262,GAME20090424YGCD0107
2009,2009-04-24,Reg Season,Yomiuri Giants,Home,L,2,Chunichi Dragons,2,5,0,"1,0,0,0,0,0,0,0,0,1",4,Tokyo Dome,,03:34,42262,GAME20090424YGCD0107
2009,2009-04-24,Reg Season,Yokohama BayStars,Away,W,3,Tokyo Yakult Swallows,3,7,0,"1,0,0,0,0,0,0,0,2",4,Meiji Jingu Stadium,,02:52,12512,GAME20090424YSDB0103
2009,2009-04-24,Reg Season,Tokyo Yakult Swallows,Home,L,0,Yokohama BayStars,0,3,1,"0,0,0,0,0,0,0,0,0",4,Meiji Jingu Stadium,,02:52,12512,GAME20090424YSDB0103
2009,2009-04-25,Reg Season,Hanshin Tigers,Away,W,12,Hiroshima Toyo Carp,12,16,0,"4,0,1,2,0,1,4,0,0",5,MAZDA Zoom-Zoom Stadium Hiroshima,,03:23,28400,GAME20090425HCHT0111
2009,2009-04-25,Reg Season,Hiroshima Toyo Carp,Home,L,1,Hanshin Tigers,1,6,2,"0,0,0,0,0,0,0,1,0",5,MAZDA Zoom-Zoom Stadium Hiroshima,,03:23,28400,GAME20090425HCHT0111
2009,2009-04-25,Reg Season,Tohoku Rakuten Golden Eagles,Away,L,4,Fukuoka Softbank Hawks,4,17,0,"1,0,0,2,0,0,1,0,0,0,0",5,Mizuho PayPay Dome Fukuoka,,04:39,31021,GAME20090425SHRE0109
2009,2009-04-25,Reg Season,Fukuoka Softbank Hawks,Home,W,5,Tohoku Rakuten Golden Eagles,5,12,0,"0,0,0,0,0,0,0,4,0,0,1x",5,Mizuho PayPay Dome Fukuoka,,04:39,31021,GAME20090425SHRE0109
2009,2009-04-25,Reg Season,Chiba Lotte Marines,Away,W,3,Saitama Seibu Lions,3,7,1,"0,0,0,0,0,0,3,0,0",5,Belluna Dome,,03:05,23147,GAME20090425SLLM0112
2009,2009-04-25,Reg Season,Saitama Seibu Lions,Home,L,2,Chiba Lotte Marines,2,7,1,"0,0,0,0,0,0,2,0,0",5,Belluna Dome,,03:05,23147,GAME20090425SLLM0112
2009,2009-04-25,Reg Season,Chunichi Dragons,Away,L,4,Yomiuri Giants,4,10,0,"0,0,0,0,1,0,0,1,2",5,Tokyo Dome,,02:59,43707,GAME20090425YGCD0110
2009,2009-04-25,Reg Season,Yomiuri Giants,Home,W,5,Chunichi Dragons,5,9,0,"0,1,0,0,1,0,0,0,3x",5,Tokyo Dome,,02:59,43707,GAME20090425YGCD0110
2009,2009-04-26,Reg Season,Hanshin Tigers,Away,L,1,Hiroshima Toyo Carp,1,6,0,"0,0,0,0,0,1,0,0,0",6,MAZDA Zoom-Zoom Stadium Hiroshima,,02:56,30528,GAME20090426HCHT0115
2009,2009-04-26,Reg Season,Hiroshima Toyo Carp,Home,W,2,Hanshin Tigers,2,6,0,"0,0,0,0,0,0,2,0,x",6,MAZDA Zoom-Zoom Stadium Hiroshima,,02:56,30528,GAME20090426HCHT0115
2009,2009-04-26,Reg Season,Hokkaido Nippon-Ham Fighters,Away,L,3,Orix Buffaloes,3,7,0,"0,0,0,0,0,3,0,0,0",5,Kobe Athletic Park Baseball Field,,02:45,13223,GAME20090426OBNF0117
2009,2009-04-26,Reg Season,Orix Buffaloes,Home,W,11,Hokkaido Nippon-Ham Fighters,11,15,1,"0,0,0,3,4,0,0,4,x",5,Kobe Athletic Park Baseball Field,,02:45,13223,GAME20090426OBNF0117
2009,2009-04-26,Reg Season,Tohoku Rakuten Golden Eagles,Away,W,4,Fukuoka Softbank Hawks,4,8,0,"0,3,0,1,0,0,0,0,0",6,Mizuho PayPay Dome Fukuoka,,02:58,31787,GAME20090426SHRE0114
2009,2009-04-26,Reg Season,Fukuoka Softbank Hawks,Home,L,0,Tohoku Rakuten Golden Eagles,0,5,1,"0,0,0,0,0,0,0,0,0",6,Mizuho PayPay Dome Fukuoka,,02:58,31787,GAME20090426SHRE0114
2009,2009-04-26,Reg Season,Chiba Lotte Marines,Away,W,11,Saitama Seibu Lions,11,11,1,"2,0,2,0,1,1,0,5,0",6,Belluna Dome,,03:35,23647,GAME20090426SLLM0116
2009,2009-04-26,Reg Season,Saitama Seibu Lions,Home,L,5,Chiba Lotte Marines,5,10,1,"0,0,0,0,0,1,1,2,1",6,Belluna Dome,,03:35,23647,GAME20090426SLLM0116
2009,2009-04-26,Reg Season,Chunichi Dragons,Away,W,8,Yomiuri Giants,8,16,0,"3,0,1,0,0,2,0,1,1",6,Tokyo Dome,,03:27,43020,GAME20090426YGCD0118
2009,2009-04-26,Reg Season,Yomiuri Giants,Home,L,0,Chunichi Dragons,0,6,0,"0,0,0,0,0,0,0,0,0",6,Tokyo Dome,,03:27,43020,GAME20090426YGCD0118
2009,2009-04-26,Reg Season,Yokohama BayStars,Away,W,6,Tokyo Yakult Swallows,6,8,0,"3,3,0,0,0,0,0,0,0",5,Meiji Jingu Stadium,,03:06,16185,GAME20090426YSDB0113
2009,2009-04-26,Reg Season,Tokyo Yakult Swallows,Home,L,2,Yokohama BayStars,2,6,0,"0,0,1,0,0,1,0,0,0",5,Meiji Jingu Stadium,,03:06,16185,GAME20090426YSDB0113
2009,2009-04-28,Reg Season,Tokyo Yakult Swallows,Away,W,4,Chunichi Dragons,4,6,0,"0,1,0,0,1,0,0,2,0",4,Toyohashi Baseball Field,,02:43,12115,GAME20090428CDYS0122
2009,2009-04-28,Reg Season,Chunichi Dragons,Home,L,2,Tokyo Yakult Swallows,2,3,2,"0,1,0,0,0,1,0,0,0",4,Toyohashi Baseball Field,,02:43,12115,GAME20090428CDYS0122
2009,2009-04-28,Reg Season,Yomiuri Giants,Away,L,0,Hiroshima Toyo Carp,0,6,0,"0,0,0,0,0,0,0,0,0",4,MAZDA Zoom-Zoom Stadium Hiroshima,,02:50,24423,GAME20090428HCYG0120
2009,2009-04-28,Reg Season,Hiroshima Toyo Carp,Home,W,5,Yomiuri Giants,5,7,0,"0,0,0,0,0,5,0,0,x",4,MAZDA Zoom-Zoom Stadium Hiroshima,,02:50,24423,GAME20090428HCYG0120
2009,2009-04-28,Reg Season,Yokohama BayStars,Away,L,4,Hanshin Tigers,4,8,1,"0,0,0,0,0,4,0,0,0",4,Kurashiki Sports Park Muscat Stadium,,03:07,19163,GAME20090428HTDB0119
2009,2009-04-28,Reg Season,Hanshin Tigers,Home,W,8,Yokohama BayStars,8,13,1,"0,0,2,0,0,2,4,0,x",4,Kurashiki Sports Park Muscat Stadium,,03:07,19163,GAME20090428HTDB0119
2009,2009-04-28,Reg Season,Orix Buffaloes,Away,W,4,Chiba Lotte Marines,4,7,1,"1,0,0,1,0,1,0,0,0,1",4,ZOZO Marine Stadium,,04:04,13198,GAME20090428LMOB0123
2009,2009-04-28,Reg Season,Chiba Lotte Marines,Home,L,3,Orix Buffaloes,3,8,1,"2,0,1,0,0,0,0,0,0,0",4,ZOZO Marine Stadium,,04:04,13198,GAME20090428LMOB0123
2009,2009-04-28,Reg Season,Hokkaido Nippon-Ham Fighters,Away,W,4,Tohoku Rakuten Golden Eagles,4,9,0,"0,0,3,0,1,0,0,0,0",4,Rakuten Seimei Park Miyagi,,03:32,13326,GAME20090428RENF0124
2009,2009-04-28,Reg Season,Tohoku Rakuten Golden Eagles,Home,L,2,Hokkaido Nippon-Ham Fighters,2,7,2,"1,0,1,0,0,0,0,0,0",4,Rakuten Seimei Park Miyagi,,03:32,13326,GAME20090428RENF0124
2009,2009-04-28,Reg Season,Fukuoka Softbank Hawks,Away,L,4,Saitama Seibu Lions,4,8,3,"0,2,2,0,0,0,0,0,0",4,Belluna Dome,,03:10,16151,GAME20090428SLSH0121
2009,2009-04-28,Reg Season,Saitama Seibu Lions,Home,W,5,Fukuoka Softbank Hawks,5,7,2,"0,2,1,0,0,2,0,0,x",4,Belluna Dome,,03:10,16151,GAME20090428SLSH0121
2009,2009-04-29,Reg Season,Tokyo Yakult Swallows,Away,W,7,Chunichi Dragons,7,10,0,"0,0,2,0,0,2,1,1,1",5,Vantelin Dome Nagoya,,02:57,33318,GAME20090429CDYS0130
2009,2009-04-29,Reg Season,Chunichi Dragons,Home,L,1,Tokyo Yakult Swallows,1,7,2,"0,0,0,0,1,0,0,0,0",5,Vantelin Dome Nagoya,,02:57,33318,GAME20090429CDYS0130
2009,2009-04-29,Reg Season,Yomiuri Giants,Away,L,0,Hiroshima Toyo Carp,0,4,0,"0,0,0,0,0,0,0,0,0",5,MAZDA Zoom-Zoom Stadium Hiroshima,,02:54,31773,GAME20090429HCYG0129
2009,2009-04-29,Reg Season,Hiroshima Toyo Carp,Home,W,2,Yomiuri Giants,2,6,0,"0,0,0,0,1,0,1,0,x",5,MAZDA Zoom-Zoom Stadium Hiroshima,,02:54,31773,GAME20090429HCYG0129
2009,2009-04-29,Reg Season,Yokohama BayStars,Away,W,7,Hanshin Tigers,7,11,0,"0,0,6,0,0,0,0,1,0",5,Hanshin Koshien Stadium,,02:54,46431,GAME20090429HTDB0125
2009,2009-04-29,Reg Season,Hanshin Tigers,Home,L,4,Yokohama BayStars,4,8,0,"0,1,1,0,2,0,0,0,0",5,Hanshin Koshien Stadium,,02:54,46431,GAME20090429HTDB0125
2009,2009-04-29,Reg Season,Orix Buffaloes,Away,W,5,Chiba Lotte Marines,5,14,0,"0,2,0,1,0,0,2,0,0",5,ZOZO Marine Stadium,,03:03,24756,GAME20090429LMOB0127
2009,2009-04-29,Reg Season,Chiba Lotte Marines,Home,L,3,Orix Buffaloes,3,7,1,"0,0,0,0,0,0,0,0,3",5,ZOZO Marine Stadium,,03:03,24756,GAME20090429LMOB0127
2009,2009-04-29,Reg Season,Hokkaido Nippon-Ham Fighters,Away,L,1,Tohoku Rakuten Golden Eagles,1,4,0,"0,0,0,0,0,0,1,0,0",5,Rakuten Seimei Park Miyagi,,02:45,20381,GAME20090429RENF0128
2009,2009-04-29,Reg Season,Tohoku Rakuten Golden Eagles,Home,W,2,Hokkaido Nippon-Ham Fighters,2,10,1,"0,1,0,0,0,1,0,0,x",5,Rakuten Seimei Park Miyagi,,02:45,20381,GAME20090429RENF0128
2009,2009-04-29,Reg Season,Fukuoka Softbank Hawks,Away,L,2,Saitama Seibu Lions,2,5,1,"0,0,0,0,0,0,1,1,0",5,Belluna Dome,,02:56,28855,GAME20090429SLSH0126
2009,2009-04-29,Reg Season,Saitama Seibu Lions,Home,W,7,Fukuoka Softbank Hawks,7,7,1,"0,0,1,0,1,0,5,0,x",5,Belluna Dome,,02:56,28855,GAME20090429SLSH0126
2009,2009-04-30,Reg Season,Tokyo Yakult Swallows,Away,W,3,Chunichi Dragons,3,10,1,"0,0,0,0,0,1,0,0,2",6,Vantelin Dome Nagoya,,03:22,29184,GAME20090430CDYS0134
2009,2009-04-30,Reg Season,Chunichi Dragons,Home,L,0,Tokyo Yakult Swallows,0,6,1,"0,0,0,0,0,0,0,0,0",6,Vantelin Dome Nagoya,,03:22,29184,GAME20090430CDYS0134
2009,2009-04-30,Reg Season,Yomiuri Giants,Away,W,7,Hiroshima Toyo Carp,7,13,1,"3,0,0,0,1,3,0,0,0",6,MAZDA Zoom-Zoom Stadium Hiroshima,,03:19,26322,GAME20090430HCYG0133
2009,2009-04-30,Reg Season,Hiroshima Toyo Carp,Home,L,4,Yomiuri Giants,4,6,1,"0,0,3,0,0,0,1,0,0",6,MAZDA Zoom-Zoom Stadium Hiroshima,,03:19,26322,GAME20090430HCYG0133
2009,2009-04-30,Reg Season,Yokohama BayStars,Away,L,2,Hanshin Tigers,2,8,2,"0,0,0,0,2,0,0,0,0",6,Hanshin Koshien Stadium,,03:33,45758,GAME20090430HTDB0131
2009,2009-04-30,Reg Season,Hanshin Tigers,Home,W,3,Yokohama BayStars,3,9,1,"0,0,0,0,0,0,0,0,3x",6,Hanshin Koshien Stadium,,03:33,45758,GAME20090430HTDB0131
2009,2009-04-30,Reg Season,Orix Buffaloes,Away,L,2,Chiba Lotte Marines,2,7,1,"0,0,0,0,1,1,0,0,0,0,0",6,ZOZO Marine Stadium,,03:27,12212,GAME20090430LMOB0132
2009,2009-04-30,Reg Season,Chiba Lotte Marines,Home,W,5,Orix Buffaloes,5,9,2,"0,1,0,0,0,0,0,1,0,0,3x",6,ZOZO Marine Stadium,,03:27,12212,GAME20090430LMOB0132
2009,2009-04-30,Reg Season,Hokkaido Nippon-Ham Fighters,Away,L,2,Tohoku Rakuten Golden Eagles,2,7,0,"0,0,0,0,1,1,0,0,0",6,Rakuten Seimei Park Miyagi,,03:23,11239,GAME20090430RENF0136
2009,2009-04-30,Reg Season,Tohoku Rakuten Golden Eagles,Home,W,4,Hokkaido Nippon-Ham Fighters,4,10,0,"1,2,0,0,0,0,1,0,x",6,Rakuten Seimei Park Miyagi,,03:23,11239,GAME20090430RENF0136
2009,2009-04-30,Reg Season,Fukuoka Softbank Hawks,Away,W,8,Saitama Seibu Lions,8,16,0,"1,0,4,0,0,0,3,0,0",6,Belluna Dome,,03:33,15720,GAME20090430SLSH0135
2009,2009-04-30,Reg Season,Saitama Seibu Lions,Home,L,5,Fukuoka Softbank Hawks,5,9,1,"4,0,0,0,0,1,0,0,0",6,Belluna Dome,,03:33,15720,GAME20090430SLSH0135
2009,2009-05-01,Reg Season,Saitama Seibu Lions,Away,W,2,Hokkaido Nippon-Ham Fighters,2,8,0,"0,0,0,0,0,1,0,0,0,0,0,1",4,Sapporo Dome,,04:30,28007,GAME20090501NFSL0137
2009,2009-05-01,Reg Season,Hokkaido Nippon-Ham Fighters,Home,L,1,Saitama Seibu Lions,1,8,0,"0,0,0,0,0,1,0,0,0,0,0,0",4,Sapporo Dome,,04:30,28007,GAME20090501NFSL0137
2009,2009-05-01,Reg Season,Orix Buffaloes,Away,L,2,Tohoku Rakuten Golden Eagles,2,6,0,"0,1,0,0,1,0,0,0,0",3,Rakuten Seimei Park Miyagi,,02:36,12262,GAME20090501REOB0138
2009,2009-05-01,Reg Season,Tohoku Rakuten Golden Eagles,Home,W,12,Orix Buffaloes,12,15,0,"0,0,8,0,0,1,2,1,x",3,Rakuten Seimei Park Miyagi,,02:36,12262,GAME20090501REOB0138
2009,2009-05-01,Reg Season,Chiba Lotte Marines,Away,L,2,Fukuoka Softbank Hawks,2,10,1,"0,1,0,0,0,0,1,0,0",4,Mizuho PayPay Dome Fukuoka,,02:47,26830,GAME20090501SHLM0139
2009,2009-05-01,Reg Season,Fukuoka Softbank Hawks,Home,W,6,Chiba Lotte Marines,6,10,0,"2,1,0,0,3,0,0,0,x",4,Mizuho PayPay Dome Fukuoka,,02:47,26830,GAME20090501SHLM0139
2009,2009-05-02,Reg Season,Chunichi Dragons,Away,L,1,Yokohama BayStars,1,4,2,"0,0,0,0,1,0,0,0,0",4,Yokohama Stadium,,02:36,21080,GAME20090502DBCD0145
2009,2009-05-02,Reg Season,Yokohama BayStars,Home,W,6,Chunichi Dragons,6,7,1,"1,1,0,3,0,1,0,0,x",4,Yokohama Stadium,,02:36,21080,GAME20090502DBCD0145
2009,2009-05-02,Reg Season,Tokyo Yakult Swallows,Away,L,2,Hiroshima Toyo Carp,2,5,0,"0,2,0,0,0,0,0,0,0",4,MAZDA Zoom-Zoom Stadium Hiroshima,,03:01,31427,GAME20090502HCYS0143
2009,2009-05-02,Reg Season,Hiroshima Toyo Carp,Home,W,9,Tokyo Yakult Swallows,9,14,1,"1,0,1,0,0,4,1,2,x",4,MAZDA Zoom-Zoom Stadium Hiroshima,,03:01,31427,GAME20090502HCYS0143
2009,2009-05-02,Reg Season,Yomiuri Giants,Away,W,6,Hanshin Tigers,6,9,2,"0,0,0,4,1,0,0,0,1",4,Hanshin Koshien Stadium,,03:03,46425,GAME20090502HTYG0142
2009,2009-05-02,Reg Season,Hanshin Tigers,Home,L,5,Yomiuri Giants,5,10,1,"1,0,1,0,0,0,3,0,0",4,Hanshin Koshien Stadium,,03:03,46425,GAME20090502HTYG0142
2009,2009-05-02,Reg Season,Saitama Seibu Lions,Away,L,6,Hokkaido Nippon-Ham Fighters,6,8,0,"1,0,1,0,2,0,2,0,0,0,0",5,Sapporo Dome,,04:17,34711,GAME20090502NFSL0140
2009,2009-05-02,Reg Season,Hokkaido Nippon-Ham Fighters,Home,W,7,Saitama Seibu Lions,7,17,0,"1,0,0,0,5,0,0,0,0,0,1x",5,Sapporo Dome,,04:17,34711,GAME20090502NFSL0140
2009,2009-05-02,Reg Season,Orix Buffaloes,Away,L,3,Tohoku Rakuten Golden Eagles,3,12,1,"0,0,0,0,0,1,2,0,0",4,Rakuten Seimei Park Miyagi,,02:53,20246,GAME20090502REOB0144
2009,2009-05-02,Reg Season,Tohoku Rakuten Golden Eagles,Home,W,7,Orix Buffaloes,7,10,0,"5,2,0,0,0,0,0,0,x",4,Rakuten Seimei Park Miyagi,,02:53,20246,GAME20090502REOB0144
2009,2009-05-02,Reg Season,Chiba Lotte Marines,Away,W,9,Fukuoka Softbank Hawks,9,13,1,"0,1,0,0,3,0,0,5,0",5,Mizuho PayPay Dome Fukuoka,,03:28,30239,GAME20090502SHLM0141
2009,2009-05-02,Reg Season,Fukuoka Softbank Hawks,Home,L,4,Chiba Lotte Marines,4,9,1,"0,1,0,1,1,0,0,0,1",5,Mizuho PayPay Dome Fukuoka,,03:28,30239,GAME20090502SHLM0141
2009,2009-05-03,Reg Season,Chunichi Dragons,Away,W,2,Yokohama BayStars,2,9,0,"0,0,0,2,0,0,0,0,0",5,Yokohama Stadium,,03:14,23920,GAME20090503DBCD0149
2009,2009-05-03,Reg Season,Yokohama BayStars,Home,L,0,Chunichi Dragons,0,5,0,"0,0,0,0,0,0,0,0,0",5,Yokohama Stadium,,03:14,23920,GAME20090503DBCD0149
2009,2009-05-03,Reg Season,Tokyo Yakult Swallows,Away,W,3,Hiroshima Toyo Carp,3,7,1,"0,0,0,0,2,0,0,1,0",5,MAZDA Zoom-Zoom Stadium Hiroshima,,02:52,31622,GAME20090503HCYS0151
2009,2009-05-03,Reg Season,Hiroshima Toyo Carp,Home,L,2,Tokyo Yakult Swallows,2,5,0,"0,0,0,2,0,0,0,0,0",5,MAZDA Zoom-Zoom Stadium Hiroshima,,02:52,31622,GAME20090503HCYS0151
2009,2009-05-03,Reg Season,Yomiuri Giants,Away,W,4,Hanshin Tigers,4,9,1,"0,1,0,0,2,1,0,0,0",5,Hanshin Koshien Stadium,,03:07,46440,GAME20090503HTYG0147
2009,2009-05-03,Reg Season,Hanshin Tigers,Home,L,0,Yomiuri Giants,0,5,0,"0,0,0,0,0,0,0,0,0",5,Hanshin Koshien Stadium,,03:07,46440,GAME20090503HTYG0147
2009,2009-05-03,Reg Season,Saitama Seibu Lions,Away,L,5,Hokkaido Nippon-Ham Fighters,5,10,0,"0,1,3,0,1,0,0,0,0,0,0,0",6,Sapporo Dome,,04:11,40754,GAME20090503NFSL0146
2009,2009-05-03,Reg Season,Hokkaido Nippon-Ham Fighters,Home,W,6,Saitama Seibu Lions,6,11,0,"0,0,1,1,1,2,0,0,0,0,0,1x",6,Sapporo Dome,,04:11,40754,GAME20090503NFSL0146
2009,2009-05-03,Reg Season,Orix Buffaloes,Away,L,4,Tohoku Rakuten Golden Eagles,4,7,0,"0,1,0,0,0,1,0,0,2",5,Rakuten Seimei Park Miyagi,,03:19,20619,GAME20090503REOB0148
2009,2009-05-03,Reg Season,Tohoku Rakuten Golden Eagles,Home,W,8,Orix Buffaloes,8,11,0,"1,0,0,0,0,0,0,7,x",5,Rakuten Seimei Park Miyagi,,03:19,20619,GAME20090503REOB0148
2009,2009-05-03,Reg Season,Chiba Lotte Marines,Away,L,2,Fukuoka Softbank Hawks,2,4,1,"0,1,0,0,0,0,1,0,0",6,Mizuho PayPay Dome Fukuoka,,03:03,34040,GAME20090503SHLM0150
2009,2009-05-03,Reg Season,Fukuoka Softbank Hawks,Home,W,7,Chiba Lotte Marines,7,14,0,"0,1,2,2,2,0,0,0,x",6,Mizuho PayPay Dome Fukuoka,,03:03,34040,GAME20090503SHLM0150
2009,2009-05-04,Reg Season,Chunichi Dragons,Away,W,4,Yokohama BayStars,4,8,0,"0,0,0,0,0,0,1,0,0,0,3",6,Yokohama Stadium,,03:18,22529,GAME20090504DBCD0157
2009,2009-05-04,Reg Season,Yokohama BayStars,Home,L,2,Chunichi Dragons,2,5,1,"0,0,0,1,0,0,0,0,0,0,1",6,Yokohama Stadium,,03:18,22529,GAME20090504DBCD0157
2009,2009-05-04,Reg Season,Tokyo Yakult Swallows,Away,W,5,Hiroshima Toyo Carp,5,10,1,"0,1,2,0,2,0,0,0,0",6,MAZDA Zoom-Zoom Stadium Hiroshima,,03:28,31834,GAME20090504HCYS0155
2009,2009-05-04,Reg Season,Hiroshima Toyo Carp,Home,L,3,Tokyo Yakult Swallows,3,10,0,"0,1,1,1,0,0,0,0,0",6,MAZDA Zoom-Zoom Stadium Hiroshima,,03:28,31834,GAME20090504HCYS0155
2009,2009-05-04,Reg Season,Yomiuri Giants,Away,L,0,Hanshin Tigers,0,7,1,"0,0,0,0,0,0,0,0,0",6,Hanshin Koshien Stadium,,03:17,46434,GAME20090504HTYG0156
2009,2009-05-04,Reg Season,Hanshin Tigers,Home,W,6,Yomiuri Giants,6,13,0,"0,0,2,0,3,1,0,0,x",6,Hanshin Koshien Stadium,,03:17,46434,GAME20090504HTYG0156
2009,2009-05-04,Reg Season,Hokkaido Nippon-Ham Fighters,Away,W,10,Chiba Lotte Marines,10,12,0,"3,1,0,4,0,1,0,1,0",3,ZOZO Marine Stadium,,03:43,30058,GAME20090504LMNF0153
2009,2009-05-04,Reg Season,Chiba Lotte Marines,Home,L,7,Hokkaido Nippon-Ham Fighters,7,14,0,"0,3,0,0,2,0,0,2,0",3,ZOZO Marine Stadium,,03:43,30058,GAME20090504LMNF0153
2009,2009-05-04,Reg Season,Fukuoka Softbank Hawks,Away,L,5,Orix Buffaloes,5,11,1,"1,0,0,4,0,0,0,0,0",4,Kobe Athletic Park Baseball Field,,03:02,30252,GAME20090504OBSH0154
2009,2009-05-04,Reg Season,Orix Buffaloes,Home,W,8,Fukuoka Softbank Hawks,8,12,0,"0,2,0,2,3,0,0,1,x",4,Kobe Athletic Park Baseball Field,,03:02,30252,GAME20090504OBSH0154
2009,2009-05-04,Reg Season,Tohoku Rakuten Golden Eagles,Away,L,3,Saitama Seibu Lions,3,14,0,"0,0,2,1,0,0,0,0,0",4,Belluna Dome,,02:53,33911,GAME20090504SLRE0152
2009,2009-05-04,Reg Season,Saitama Seibu Lions,Home,W,8,Tohoku Rakuten Golden Eagles,8,10,0,"4,0,1,0,0,1,2,0,x",4,Belluna Dome,,02:53,33911,GAME20090504SLRE0152
2009,2009-05-05,Reg Season,Hiroshima Toyo Carp,Away,W,2,Chunichi Dragons,2,5,1,"1,1,0,0,0,0,0,0,0",4,Vantelin Dome Nagoya,,02:56,37494,GAME20090505CDHC0162
2009,2009-05-05,Reg Season,Chunichi Dragons,Home,L,0,Hiroshima Toyo Carp,0,5,2,"0,0,0,0,0,0,0,0,0",4,Vantelin Dome Nagoya,,02:56,37494,GAME20090505CDHC0162
2009,2009-05-05,Reg Season,Hokkaido Nippon-Ham Fighters,Away,W,2,Chiba Lotte Marines,2,7,0,"0,2,0,0,0",4,ZOZO Marine Stadium,,02:13,22726,GAME20090505LMNF0160
2009,2009-05-05,Reg Season,Chiba Lotte Marines,Home,L,0,Hokkaido Nippon-Ham Fighters,0,6,0,"0,0,0,0,0",4,ZOZO Marine Stadium,,02:13,22726,GAME20090505LMNF0160
2009,2009-05-05,Reg Season,Fukuoka Softbank Hawks,Away,L,1,Orix Buffaloes,1,4,0,"0,0,1,0,0,0,0,0,0",5,Kyocera Dome Osaka,,02:23,31639,GAME20090505OBSH0159
2009,2009-05-05,Reg Season,Orix Buffaloes,Home,W,2,Fukuoka Softbank Hawks,2,7,0,"1,0,0,0,1,0,0,0,x",5,Kyocera Dome Osaka,,02:23,31639,GAME20090505OBSH0159
2009,2009-05-05,Reg Season,Tohoku Rakuten Golden Eagles,Away,W,7,Saitama Seibu Lions,7,13,0,"2,0,0,0,4,0,1,0,0",5,Belluna Dome,,03:21,33908,GAME20090505SLRE0158
2009,2009-05-05,Reg Season,Saitama Seibu Lions,Home,L,3,Tohoku Rakuten Golden Eagles,3,7,0,"0,1,0,0,2,0,0,0,0",5,Belluna Dome,,03:21,33908,GAME20090505SLRE0158
2009,2009-05-05,Reg Season,Yokohama BayStars,Away,W,6,Yomiuri Giants,6,14,0,"0,0,0,1,2,1,0,2,0",4,Tokyo Dome,,03:36,45835,GAME20090505YGDB0161
2009,2009-05-05,Reg Season,Yomiuri Giants,Home,L,4,Yokohama BayStars,4,10,0,"0,0,1,1,0,0,0,2,0",4,Tokyo Dome,,03:36,45835,GAME20090505YGDB0161
2009,2009-05-06,Reg Season,Hiroshima Toyo Carp,Away,L,2,Chunichi Dragons,2,7,0,"0,0,0,0,1,1,0,0,0",5,Vantelin Dome Nagoya,,02:34,36159,GAME20090506CDHC0166
2009,2009-05-06,Reg Season,Chunichi Dragons,Home,W,4,Hiroshima Toyo Carp,4,9,0,"0,0,3,0,0,0,0,1,x",5,Vantelin Dome Nagoya,,02:34,36159,GAME20090506CDHC0166
2009,2009-05-06,Reg Season,Hokkaido Nippon-Ham Fighters,Away,L,3,Chiba Lotte Marines,3,8,0,"0,0,2,0,0,0,1,0,0",5,ZOZO Marine Stadium,,03:14,23139,GAME20090506LMNF0167
2009,2009-05-06,Reg Season,Chiba Lotte Marines,Home,W,7,Hokkaido Nippon-Ham Fighters,7,10,0,"0,0,0,0,3,2,2,0,x",5,ZOZO Marine Stadium,,03:14,23139,GAME20090506LMNF0167
2009,2009-05-06,Reg Season,Fukuoka Softbank Hawks,Away,W,5,Orix Buffaloes,5,12,0,"0,0,0,1,0,4,0,0,0",6,Kyocera Dome Osaka,,03:07,30960,GAME20090506OBSH0164
2009,2009-05-06,Reg Season,Orix Buffaloes,Home,L,1,Fukuoka Softbank Hawks,1,5,0,"1,0,0,0,0,0,0,0,0",6,Kyocera Dome Osaka,,03:07,30960,GAME20090506OBSH0164
2009,2009-05-06,Reg Season,Tohoku Rakuten Golden Eagles,Away,W,6,Saitama Seibu Lions,6,8,0,"0,1,0,0,4,1,0,0,0",6,Belluna Dome,,03:30,31440,GAME20090506SLRE0163
2009,2009-05-06,Reg Season,Saitama Seibu Lions,Home,L,3,Tohoku Rakuten Golden Eagles,3,7,2,"1,0,0,0,0,0,0,0,2",6,Belluna Dome,,03:30,31440,GAME20090506SLRE0163
2009,2009-05-06,Reg Season,Yokohama BayStars,Away,L,2,Yomiuri Giants,2,5,0,"0,0,0,1,1,0,0,0,0",5,Tokyo Dome,,02:53,43182,GAME20090506YGDB0165
2009,2009-05-06,Reg Season,Yomiuri Giants,Home,W,3,Yokohama BayStars,3,8,0,"2,0,0,0,0,0,0,0,1x",5,Tokyo Dome,,02:53,43182,GAME20090506YGDB0165
2009,2009-05-07,Reg Season,Hiroshima Toyo Carp,Away,L,3,Chunichi Dragons,3,10,0,"0,0,0,1,0,1,0,1,0",6,Vantelin Dome Nagoya,,03:02,26978,GAME20090507CDHC0169
2009,2009-05-07,Reg Season,Chunichi Dragons,Home,W,4,Hiroshima Toyo Carp,4,10,0,"0,0,0,2,0,0,0,1,1x",6,Vantelin Dome Nagoya,,03:02,26978,GAME20090507CDHC0169
2009,2009-05-07,Reg Season,Yokohama BayStars,Away,L,3,Yomiuri Giants,3,6,0,"0,0,0,1,1,0,1,0,0",6,Tokyo Dome,,02:51,40139,GAME20090507YGDB0170
2009,2009-05-07,Reg Season,Yomiuri Giants,Home,W,7,Yokohama BayStars,7,12,0,"0,0,0,0,0,0,1,6,x",6,Tokyo Dome,,02:51,40139,GAME20090507YGDB0170
2009,2009-05-07,Reg Season,Hanshin Tigers,Away,L,1,Tokyo Yakult Swallows,1,6,0,"0,1,0,0,0,0,0,0,0",4,Meiji Jingu Stadium,,02:51,15575,GAME20090507YSHT0168
2009,2009-05-07,Reg Season,Tokyo Yakult Swallows,Home,W,2,Hanshin Tigers,2,6,0,"1,0,0,0,0,1,0,0,x",4,Meiji Jingu Stadium,,02:51,15575,GAME20090507YSHT0168
2009,2009-05-08,Reg Season,Hanshin Tigers,Away,L,0,Yokohama BayStars,0,2,0,"0,0,0,0,0,0,0,0,0",7,Yokohama Stadium,,02:45,13467,GAME20090508DBHT0175
2009,2009-05-08,Reg Season,Yokohama BayStars,Home,W,2,Hanshin Tigers,2,5,0,"0,0,0,0,0,1,0,1,x",7,Yokohama Stadium,,02:45,13467,GAME20090508DBHT0175
2009,2009-05-08,Reg Season,Tohoku Rakuten Golden Eagles,Away,L,3,Chiba Lotte Marines,3,8,1,"1,0,2,0,0,0,0,0,0",6,ZOZO Marine Stadium,,02:44,13263,GAME20090508LMRE0171
2009,2009-05-08,Reg Season,Chiba Lotte Marines,Home,W,4,Tohoku Rakuten Golden Eagles,4,4,2,"2,0,1,0,1,0,0,0,x",6,ZOZO Marine Stadium,,02:44,13263,GAME20090508LMRE0171
2009,2009-05-08,Reg Season,Orix Buffaloes,Away,L,1,Hokkaido Nippon-Ham Fighters,1,8,1,"0,0,0,0,0,0,0,0,1",6,Sapporo Dome,,03:20,26638,GAME20090508NFOB0173
2009,2009-05-08,Reg Season,Hokkaido Nippon-Ham Fighters,Home,W,10,Orix Buffaloes,10,15,0,"0,0,0,0,5,5,0,0,x",6,Sapporo Dome,,03:20,26638,GAME20090508NFOB0173
2009,2009-05-08,Reg Season,Saitama Seibu Lions,Away,L,3,Fukuoka Softbank Hawks,3,5,0,"0,0,0,0,0,3,0,0,0",7,Mizuho PayPay Dome Fukuoka,,02:54,29611,GAME20090508SHSL0172
2009,2009-05-08,Reg Season,Fukuoka Softbank Hawks,Home,W,4,Saitama Seibu Lions,4,6,1,"0,0,0,1,1,0,0,0,2x",7,Mizuho PayPay Dome Fukuoka,,02:54,29611,GAME20090508SHSL0172
2009,2009-05-08,Reg Season,Chunichi Dragons,Away,L,4,Yomiuri Giants,4,10,1,"0,0,0,2,0,2,0,0,0",7,Tokyo Dome,,03:16,42927,GAME20090508YGCD0174
2009,2009-05-08,Reg Season,Yomiuri Giants,Home,W,10,Chunichi Dragons,10,15,1,"3,0,2,1,2,0,0,2,x",7,Tokyo Dome,,03:16,42927,GAME20090508YGCD0174
2009,2009-05-09,Reg Season,Hanshin Tigers,Away,L,0,Yokohama BayStars,0,4,0,"0,0,0,0,0,0,0,0,0",8,Yokohama Stadium,,03:12,23464,GAME20090509DBHT0181
2009,2009-05-09,Reg Season,Yokohama BayStars,Home,W,4,Hanshin Tigers,4,9,1,"0,0,0,0,0,0,3,1,x",8,Yokohama Stadium,,03:12,23464,GAME20090509DBHT0181
2009,2009-05-09,Reg Season,Tohoku Rakuten Golden Eagles,Away,W,6,Chiba Lotte Marines,6,10,0,"0,0,0,0,1,0,4,0,1",7,ZOZO Marine Stadium,,03:20,24668,GAME20090509LMRE0177
2009,2009-05-09,Reg Season,Chiba Lotte Marines,Home,L,2,Tohoku Rakuten Golden Eagles,2,7,2,"0,1,0,0,0,0,0,1,0",7,ZOZO Marine Stadium,,03:20,24668,GAME20090509LMRE0177
2009,2009-05-09,Reg Season,Orix Buffaloes,Away,L,2,Hokkaido Nippon-Ham Fighters,2,7,1,"0,0,0,0,0,0,0,2,0",7,Sapporo Dome,,03:43,26308,GAME20090509NFOB0180
2009,2009-05-09,Reg Season,Hokkaido Nippon-Ham Fighters,Home,W,3,Orix Buffaloes,3,7,0,"1,0,1,0,0,1,0,0,x",7,Sapporo Dome,,03:43,26308,GAME20090509NFOB0180
2009,2009-05-09,Reg Season,Saitama Seibu Lions,Away,W,9,Fukuoka Softbank Hawks,9,11,2,"0,0,5,1,0,0,3,0,0",8,Mizuho PayPay Dome Fukuoka,,03:02,30863,GAME20090509SHSL0176
2009,2009-05-09,Reg Season,Fukuoka Softbank Hawks,Home,L,1,Saitama Seibu Lions,1,7,0,"0,0,0,0,0,0,0,0,1",8,Mizuho PayPay Dome Fukuoka,,03:02,30863,GAME20090509SHSL0176
2009,2009-05-09,Reg Season,Chunichi Dragons,Away,L,1,Yomiuri Giants,1,9,0,"0,0,0,0,0,0,0,1,0",8,Tokyo Dome,,03:02,42047,GAME20090509YGCD0178
2009,2009-05-09,Reg Season,Yomiuri Giants,Home,W,3,Chunichi Dragons,3,7,0,"0,2,0,0,0,1,0,0,x",8,Tokyo Dome,,03:02,42047,GAME20090509YGCD0178
2009,2009-05-09,Reg Season,Hiroshima Toyo Carp,Away,W,4,Tokyo Yakult Swallows,4,7,0,"0,0,0,0,1,3,0,0,0",7,Matsuyama Central Park Baseball Stadium,,03:05,19119,GAME20090509YSHC0179
2009,2009-05-09,Reg Season,Tokyo Yakult Swallows,Home,L,1,Hiroshima Toyo Carp,1,8,3,"0,0,0,1,0,0,0,0,0",7,Matsuyama Central Park Baseball Stadium,,03:05,19119,GAME20090509YSHC0179
2009,2009-05-10,Reg Season,Hanshin Tigers,Away,W,12,Yokohama BayStars,12,9,0,"0,0,4,1,0,5,2,0,0",9,Yokohama Stadium,,03:04,23963,GAME20090510DBHT0185
2009,2009-05-10,Reg Season,Yokohama BayStars,Home,L,4,Hanshin Tigers,4,7,2,"0,2,0,0,0,1,0,0,1",9,Yokohama Stadium,,03:04,23963,GAME20090510DBHT0185
2009,2009-05-10,Reg Season,Tohoku Rakuten Golden Eagles,Away,L,0,Chiba Lotte Marines,0,8,0,"0,0,0,0,0,0,0,0,0",8,ZOZO Marine Stadium,,02:50,24023,GAME20090510LMRE0186
2009,2009-05-10,Reg Season,Chiba Lotte Marines,Home,W,6,Tohoku Rakuten Golden Eagles,6,8,1,"2,1,0,1,0,0,0,2,x",8,ZOZO Marine Stadium,,02:50,24023,GAME20090510LMRE0186
2009,2009-05-10,Reg Season,Orix Buffaloes,Away,L,2,Hokkaido Nippon-Ham Fighters,2,12,2,"0,0,1,0,0,0,1,0,0",8,Sapporo Dome,,03:08,28156,GAME20090510NFOB0184
2009,2009-05-10,Reg Season,Hokkaido Nippon-Ham Fighters,Home,W,7,Orix Buffaloes,7,9,1,"1,5,0,0,0,0,1,0,x",8,Sapporo Dome,,03:08,28156,GAME20090510NFOB0184
2009,2009-05-10,Reg Season,Saitama Seibu Lions,Away,L,1,Fukuoka Softbank Hawks,1,4,1,"0,0,0,0,0,0,0,1,0",9,Mizuho PayPay Dome Fukuoka,,02:55,30337,GAME20090510SHSL0182
2009,2009-05-10,Reg Season,Fukuoka Softbank Hawks,Home,W,8,Saitama Seibu Lions,8,10,0,"0,0,1,4,0,1,1,1,x",9,Mizuho PayPay Dome Fukuoka,,02:55,30337,GAME20090510SHSL0182
2009,2009-05-10,Reg Season,Chunichi Dragons,Away,L,7,Yomiuri Giants,7,16,1,"1,1,2,0,0,0,1,2,0",9,Tokyo Dome,,03:48,43185,GAME20090510YGCD0183
2009,2009-05-10,Reg Season,Yomiuri Giants,Home,W,8,Chunichi Dragons,8,11,0,"1,0,0,2,3,0,0,2,x",9,Tokyo Dome,,03:48,43185,GAME20090510YGCD0183
2009,2009-05-10,Reg Season,Hiroshima Toyo Carp,Away,L,1,Tokyo Yakult Swallows,1,6,2,"0,0,0,0,1,0,0,0,0",8,Matsuyama Central Park Baseball Stadium,,03:06,14891,GAME20090510YSHC0187
2009,2009-05-10,Reg Season,Tokyo Yakult Swallows,Home,W,4,Hiroshima Toyo Carp,4,11,0,"0,0,1,0,0,3,0,0,x",8,Matsuyama Central Park Baseball Stadium,,03:06,14891,GAME20090510YSHC0187
2009,2009-05-12,Reg Season,Tokyo Yakult Swallows,Away,L,3,Chunichi Dragons,3,6,0,"0,0,0,0,2,1,0,0,0",7,Gifu Prefectural Baseball Stadium,,02:55,9059,GAME20090512CDYS0191
2009,2009-05-12,Reg Season,Chunichi Dragons,Home,W,6,Tokyo Yakult Swallows,6,9,1,"0,2,3,0,0,0,0,1,x",7,Gifu Prefectural Baseball Stadium,,02:55,9059,GAME20090512CDYS0191
2009,2009-05-12,Reg Season,Yomiuri Giants,Away,W,5,Yokohama BayStars,5,12,0,"0,0,0,0,3,0,0,2,0",7,Yokohama Stadium,,03:11,19691,GAME20090512DBYG0192
2009,2009-05-12,Reg Season,Yokohama BayStars,Home,L,3,Yomiuri Giants,3,7,1,"0,1,0,0,0,1,0,0,1",7,Yokohama Stadium,,03:11,19691,GAME20090512DBYG0192
2009,2009-05-12,Reg Season,Hiroshima Toyo Carp,Away,L,0,Hanshin Tigers,0,2,0,"0,0,0,0,0,0,0,0,0",7,Hanshin Koshien Stadium,,02:31,41558,GAME20090512HTHC0193
2009,2009-05-12,Reg Season,Hanshin Tigers,Home,W,1,Hiroshima Toyo Carp,1,5,0,"0,0,0,0,0,0,0,0,1x",7,Hanshin Koshien Stadium,,02:31,41558,GAME20090512HTHC0193
2009,2009-05-12,Reg Season,Saitama Seibu Lions,Away,W,6,Orix Buffaloes,6,9,1,"3,0,0,0,3,0,0,0,0",7,Kobe Athletic Park Baseball Field,,03:31,10502,GAME20090512OBSL0190
2009,2009-05-12,Reg Season,Orix Buffaloes,Home,L,5,Saitama Seibu Lions,5,12,0,"0,0,0,0,1,2,0,2,0",7,Kobe Athletic Park Baseball Field,,03:31,10502,GAME20090512OBSL0190
2009,2009-05-12,Reg Season,Hokkaido Nippon-Ham Fighters,Away,W,8,Tohoku Rakuten Golden Eagles,8,12,0,"0,4,4,0,0,0,0,0,0",7,Rakuten Seimei Park Miyagi,,02:46,10231,GAME20090512RENF0189
2009,2009-05-12,Reg Season,Tohoku Rakuten Golden Eagles,Home,L,1,Hokkaido Nippon-Ham Fighters,1,8,2,"0,1,0,0,0,0,0,0,0",7,Rakuten Seimei Park Miyagi,,02:46,10231,GAME20090512RENF0189
2009,2009-05-12,Reg Season,Chiba Lotte Marines,Away,W,2,Fukuoka Softbank Hawks,2,5,1,"1,0,0,0,0,1,0,0,0",7,Mizuho PayPay Dome Fukuoka,,02:50,25231,GAME20090512SHLM0188
2009,2009-05-12,Reg Season,Fukuoka Softbank Hawks,Home,L,1,Chiba Lotte Marines,1,5,0,"0,1,0,0,0,0,0,0,0",7,Mizuho PayPay Dome Fukuoka,,02:50,25231,GAME20090512SHLM0188
2009,2009-05-13,Reg Season,Tokyo Yakult Swallows,Away,W,7,Chunichi Dragons,7,16,0,"0,3,0,0,0,2,0,2,0",8,Vantelin Dome Nagoya,,03:05,26258,GAME20090513CDYS0199
2009,2009-05-13,Reg Season,Chunichi Dragons,Home,L,1,Tokyo Yakult Swallows,1,8,1,"0,0,0,0,0,1,0,0,0",8,Vantelin Dome Nagoya,,03:05,26258,GAME20090513CDYS0199
2009,2009-05-13,Reg Season,Yomiuri Giants,Away,L,8,Yokohama BayStars,8,9,4,"0,0,0,4,1,1,0,0,2",8,Yokohama Stadium,,03:13,20412,GAME20090513DBYG0196
2009,2009-05-13,Reg Season,Yokohama BayStars,Home,W,9,Yomiuri Giants,9,8,2,"0,2,0,0,4,0,2,0,1x",8,Yokohama Stadium,,03:13,20412,GAME20090513DBYG0196
2009,2009-05-13,Reg Season,Hiroshima Toyo Carp,Away,W,2,Hanshin Tigers,2,7,0,"0,0,0,0,0,0,0,1,0,1",8,Hanshin Koshien Stadium,,03:41,43899,GAME20090513HTHC0197
2009,2009-05-13,Reg Season,Hanshin Tigers,Home,L,1,Hiroshima Toyo Carp,1,5,0,"0,0,0,0,0,1,0,0,0,0",8,Hanshin Koshien Stadium,,03:41,43899,GAME20090513HTHC0197
2009,2009-05-13,Reg Season,Saitama Seibu Lions,Away,W,8,Orix Buffaloes,8,8,1,"0,2,2,1,2,0,0,0,1",8,Kobe Athletic Park Baseball Field,,03:10,10454,GAME20090513OBSL0195
2009,2009-05-13,Reg Season,Orix Buffaloes,Home,L,3,Saitama Seibu Lions,3,9,0,"0,1,0,0,0,0,2,0,0",8,Kobe Athletic Park Baseball Field,,03:10,10454,GAME20090513OBSL0195
2009,2009-05-13,Reg Season,Hokkaido Nippon-Ham Fighters,Away,L,3,Tohoku Rakuten Golden Eagles,3,9,1,"0,0,0,1,0,2,0,0,0",8,Rakuten Seimei Park Miyagi,,02:52,13983,GAME20090513RENF0198
2009,2009-05-13,Reg Season,Tohoku Rakuten Golden Eagles,Home,W,7,Hokkaido Nippon-Ham Fighters,7,8,0,"0,0,3,2,2,0,0,0,x",8,Rakuten Seimei Park Miyagi,,02:52,13983,GAME20090513RENF0198
2009,2009-05-13,Reg Season,Chiba Lotte Marines,Away,W,7,Fukuoka Softbank Hawks,7,12,0,"0,1,3,0,0,1,1,1,0",8,Kitakyushu Municipal Baseball Stadium,,02:39,16242,GAME20090513SHLM0194
2009,2009-05-13,Reg Season,Fukuoka Softbank Hawks,Home,L,0,Chiba Lotte Marines,0,6,0,"0,0,0,0,0,0,0,0,0",8,Kitakyushu Municipal Baseball Stadium,,02:39,16242,GAME20090513SHLM0194
2009,2009-05-14,Reg Season,Tokyo Yakult Swallows,Away,W,8,Chunichi Dragons,8,8,0,"0,0,0,3,0,0,4,0,1",9,Vantelin Dome Nagoya,,03:29,25010,GAME20090514CDYS0203
2009,2009-05-14,Reg Season,Chunichi Dragons,Home,L,5,Tokyo Yakult Swallows,5,10,1,"0,4,0,0,0,0,1,0,0",9,Vantelin Dome Nagoya,,03:29,25010,GAME20090514CDYS0203
2009,2009-05-14,Reg Season,Yomiuri Giants,Away,W,9,Yokohama BayStars,9,12,1,"1,0,3,5,0,0,0,0,0",9,Yokohama Stadium,,03:25,19279,GAME20090514DBYG0201
2009,2009-05-14,Reg Season,Yokohama BayStars,Home,L,5,Yomiuri Giants,5,12,1,"2,0,0,0,3,0,0,0,0",9,Yokohama Stadium,,03:25,19279,GAME20090514DBYG0201
2009,2009-05-14,Reg Season,Hiroshima Toyo Carp,Away,L,1,Hanshin Tigers,1,9,1,"0,0,0,0,0,0,0,0,1",9,Hanshin Koshien Stadium,,02:47,40599,GAME20090514HTHC0205
2009,2009-05-14,Reg Season,Hanshin Tigers,Home,W,7,Hiroshima Toyo Carp,7,12,0,"1,1,2,0,2,0,1,0,x",9,Hanshin Koshien Stadium,,02:47,40599,GAME20090514HTHC0205
2009,2009-05-14,Reg Season,Saitama Seibu Lions,Away,W,3,Orix Buffaloes,3,8,0,"0,1,0,0,1,0,1,0,0",9,Kyocera Dome Osaka,,02:34,10229,GAME20090514OBSL0204
2009,2009-05-14,Reg Season,Orix Buffaloes,Home,L,1,Saitama Seibu Lions,1,9,1,"0,0,0,0,0,0,0,0,1",9,Kyocera Dome Osaka,,02:34,10229,GAME20090514OBSL0204
2009,2009-05-14,Reg Season,Hokkaido Nippon-Ham Fighters,Away,W,7,Tohoku Rakuten Golden Eagles,7,11,0,"2,0,0,1,0,0,4,0,0",9,Rakuten Seimei Park Miyagi,,03:09,10677,GAME20090514RENF0202
2009,2009-05-14,Reg Season,Tohoku Rakuten Golden Eagles,Home,L,0,Hokkaido Nippon-Ham Fighters,0,8,1,"0,0,0,0,0,0,0,0,0",9,Rakuten Seimei Park Miyagi,,03:09,10677,GAME20090514RENF0202
2009,2009-05-14,Reg Season,Chiba Lotte Marines,Away,L,4,Fukuoka Softbank Hawks,4,7,0,"0,0,0,2,2,0,0,0,0",9,Mizuho PayPay Dome Fukuoka,,02:46,29671,GAME20090514SHLM0200
2009,2009-05-14,Reg Season,Fukuoka Softbank Hawks,Home,W,5,Chiba Lotte Marines,5,9,0,"0,0,0,0,2,0,0,0,3x",9,Mizuho PayPay Dome Fukuoka,,02:46,29671,GAME20090514SHLM0200
2009,2009-05-15,Reg Season,Yokohama BayStars,Away,L,0,Chunichi Dragons,0,4,0,"0,0,0,0,0,0,0,0,0,0",7,Vantelin Dome Nagoya,,02:49,27711,GAME20090515CDDB0211
2009,2009-05-15,Reg Season,Chunichi Dragons,Home,W,1,Yokohama BayStars,1,7,0,"0,0,0,0,0,0,0,0,0,1x",7,Vantelin Dome Nagoya,,02:49,27711,GAME20090515CDDB0211
2009,2009-05-15,Reg Season,Yomiuri Giants,Away,W,5,Hiroshima Toyo Carp,5,8,1,"0,0,0,3,1,1,0,0,0",7,MAZDA Zoom-Zoom Stadium Hiroshima,,02:53,30164,GAME20090515HCYG0209
2009,2009-05-15,Reg Season,Hiroshima Toyo Carp,Home,L,2,Yomiuri Giants,2,8,1,"0,0,0,0,2,0,0,0,0",7,MAZDA Zoom-Zoom Stadium Hiroshima,,02:53,30164,GAME20090515HCYG0209
2009,2009-05-15,Reg Season,Saitama Seibu Lions,Away,W,18,Chiba Lotte Marines,18,17,0,"0,0,0,5,0,2,8,3,0",7,ZOZO Marine Stadium,,02:58,17567,GAME20090515LMSL0208
2009,2009-05-15,Reg Season,Chiba Lotte Marines,Home,L,0,Saitama Seibu Lions,0,4,0,"0,0,0,0,0,0,0,0,0",7,ZOZO Marine Stadium,,02:58,17567,GAME20090515LMSL0208
2009,2009-05-15,Reg Season,Hokkaido Nippon-Ham Fighters,Away,W,4,Orix Buffaloes,4,7,1,"0,0,2,1,1,0,0,0,0",9,Kyocera Dome Osaka,,03:09,11405,GAME20090515OBNF0206
2009,2009-05-15,Reg Season,Orix Buffaloes,Home,L,2,Hokkaido Nippon-Ham Fighters,2,7,1,"0,0,0,2,0,0,0,0,0",9,Kyocera Dome Osaka,,03:09,11405,GAME20090515OBNF0206
2009,2009-05-15,Reg Season,Fukuoka Softbank Hawks,Away,W,4,Tohoku Rakuten Golden Eagles,4,7,1,"1,0,0,1,0,0,0,0,0,2",7,Rakuten Seimei Park Miyagi,,03:09,11338,GAME20090515RESH0207
2009,2009-05-15,Reg Season,Tohoku Rakuten Golden Eagles,Home,L,2,Fukuoka Softbank Hawks,2,7,0,"0,0,0,1,0,0,1,0,0,0",7,Rakuten Seimei Park Miyagi,,03:09,11338,GAME20090515RESH0207
2009,2009-05-15,Reg Season,Hanshin Tigers,Away,L,1,Tokyo Yakult Swallows,1,3,0,"1,0,0,0,0,0,0,0,0",5,Meiji Jingu Stadium,,02:47,22528,GAME20090515YSHT0210
2009,2009-05-15,Reg Season,Tokyo Yakult Swallows,Home,W,2,Hanshin Tigers,2,8,0,"1,0,0,0,0,0,1,0,x",5,Meiji Jingu Stadium,,02:47,22528,GAME20090515YSHT0210
2009,2009-05-16,Reg Season,Yokohama BayStars,Away,L,1,Chunichi Dragons,1,8,2,"0,0,0,0,1,0,0,0,0,0",8,Vantelin Dome Nagoya,,03:56,32896,GAME20090516CDDB0215
2009,2009-05-16,Reg Season,Chunichi Dragons,Home,W,2,Yokohama BayStars,2,11,0,"0,0,0,0,1,0,0,0,0,1x",8,Vantelin Dome Nagoya,,03:56,32896,GAME20090516CDDB0215
2009,2009-05-16,Reg Season,Yomiuri Giants,Away,T,0,Hiroshima Toyo Carp,0,5,0,"0,0,0,0,0,0,0,0,0,0,0,0",8,MAZDA Zoom-Zoom Stadium Hiroshima,,03:35,29794,GAME20090516HCYG0217
2009,2009-05-16,Reg Season,Hiroshima Toyo Carp,Home,T,0,Yomiuri Giants,0,3,0,"0,0,0,0,0,0,0,0,0,0,0,0",8,MAZDA Zoom-Zoom Stadium Hiroshima,,03:35,29794,GAME20090516HCYG0217
2009,2009-05-16,Reg Season,Saitama Seibu Lions,Away,L,4,Chiba Lotte Marines,4,11,0,"0,0,2,0,1,1,0,0,0",8,ZOZO Marine Stadium,,03:11,20074,GAME20090516LMSL0213
2009,2009-05-16,Reg Season,Chiba Lotte Marines,Home,W,6,Saitama Seibu Lions,6,8,0,"2,1,0,0,0,0,0,3,x",8,ZOZO Marine Stadium,,03:11,20074,GAME20090516LMSL0213
2009,2009-05-16,Reg Season,Hokkaido Nippon-Ham Fighters,Away,W,7,Orix Buffaloes,7,12,1,"1,1,0,1,0,0,1,2,1",10,Kyocera Dome Osaka,,03:40,21965,GAME20090516OBNF0212
2009,2009-05-16,Reg Season,Orix Buffaloes,Home,L,3,Hokkaido Nippon-Ham Fighters,3,8,0,"1,0,0,0,0,1,0,0,1",10,Kyocera Dome Osaka,,03:40,21965,GAME20090516OBNF0212
2009,2009-05-16,Reg Season,Fukuoka Softbank Hawks,Away,L,1,Tohoku Rakuten Golden Eagles,1,7,2,"1,0,0,0,0,0,0,0,0",8,Rakuten Seimei Park Miyagi,,03:00,17768,GAME20090516RESH0216
2009,2009-05-16,Reg Season,Tohoku Rakuten Golden Eagles,Home,W,2,Fukuoka Softbank Hawks,2,9,0,"0,0,0,0,0,2,0,0,x",8,Rakuten Seimei Park Miyagi,,03:00,17768,GAME20090516RESH0216
2009,2009-05-16,Reg Season,Hanshin Tigers,Away,L,1,Tokyo Yakult Swallows,1,4,0,"0,0,1,0,0,0,0,0,0",6,Meiji Jingu Stadium,,02:37,28380,GAME20090516YSHT0214
2009,2009-05-16,Reg Season,Tokyo Yakult Swallows,Home,W,4,Hanshin Tigers,4,5,1,"0,0,0,1,0,3,0,0,x",6,Meiji Jingu Stadium,,02:37,28380,GAME20090516YSHT0214
2009,2009-05-17,Reg Season,Yokohama BayStars,Away,L,1,Chunichi Dragons,1,4,1,"0,0,0,0,0,0,0,0,1",9,Vantelin Dome Nagoya,,03:07,33935,GAME20090517CDDB0222
2009,2009-05-17,Reg Season,Chunichi Dragons,Home,W,4,Yokohama BayStars,4,7,1,"0,1,0,0,0,1,2,0,x",9,Vantelin Dome Nagoya,,03:07,33935,GAME20090517CDDB0222
2009,2009-05-17,Reg Season,Yomiuri Giants,Away,W,2,Hiroshima Toyo Carp,2,9,0,"0,0,0,1,0,0,0,0,1",9,MAZDA Zoom-Zoom Stadium Hiroshima,,02:47,29707,GAME20090517HCYG0221
2009,2009-05-17,Reg Season,Hiroshima Toyo Carp,Home,L,1,Yomiuri Giants,1,5,2,"0,0,0,0,0,0,0,1,0",9,MAZDA Zoom-Zoom Stadium Hiroshima,,02:47,29707,GAME20090517HCYG0221
2009,2009-05-17,Reg Season,Saitama Seibu Lions,Away,L,5,Chiba Lotte Marines,5,10,0,"0,0,0,0,2,0,0,3,0",9,ZOZO Marine Stadium,,03:09,14363,GAME20090517LMSL0220
2009,2009-05-17,Reg Season,Chiba Lotte Marines,Home,W,8,Saitama Seibu Lions,8,10,1,"3,0,2,0,1,0,2,0,x",9,ZOZO Marine Stadium,,03:09,14363,GAME20090517LMSL0220
2009,2009-05-17,Reg Season,Hokkaido Nippon-Ham Fighters,Away,L,0,Orix Buffaloes,0,5,0,"0,0,0,0,0,0,0,0,0",11,Kyocera Dome Osaka,,02:49,19467,GAME20090517OBNF0218
2009,2009-05-17,Reg Season,Orix Buffaloes,Home,W,6,Hokkaido Nippon-Ham Fighters,6,13,0,"0,1,0,1,0,3,1,0,x",11,Kyocera Dome Osaka,,02:49,19467,GAME20090517OBNF0218
2009,2009-05-17,Reg Season,Hanshin Tigers,Away,L,1,Tokyo Yakult Swallows,1,7,0,"0,0,0,1,0,0,0,0,0",7,Meiji Jingu Stadium,,02:54,19534,GAME20090517YSHT0219
2009,2009-05-17,Reg Season,Tokyo Yakult Swallows,Home,W,2,Hanshin Tigers,2,6,1,"1,0,0,0,0,0,1,0,x",7,Meiji Jingu Stadium,,02:54,19534,GAME20090517YSHT0219
2009,2009-05-19,Reg Season,Yokohama BayStars,Away,L,1,Chiba Lotte Marines,1,5,0,"0,0,1,0,0,0,0,0,0",1,ZOZO Marine Stadium,,02:46,16387,GAME20090519LMDB0223
2009,2009-05-19,Reg Season,Chiba Lotte Marines,Home,W,2,Yokohama BayStars,2,9,0,"0,0,1,0,0,0,0,1,x",1,ZOZO Marine Stadium,,02:46,16387,GAME20090519LMDB0223
2009,2009-05-19,Reg Season,Yomiuri Giants,Away,L,6,Hokkaido Nippon-Ham Fighters,6,10,3,"0,0,3,0,0,0,3,0,0",1,Sapporo Dome,,03:19,33050,GAME20090519NFYG0224
2009,2009-05-19,Reg Season,Hokkaido Nippon-Ham Fighters,Home,W,16,Yomiuri Giants,16,20,0,"0,0,0,4,6,1,0,5,x",1,Sapporo Dome,,03:19,33050,GAME20090519NFYG0224
2009,2009-05-19,Reg Season,Hiroshima Toyo Carp,Away,W,9,Orix Buffaloes,9,7,1,"0,0,2,0,2,0,0,0,5",1,Kyocera Dome Osaka,,02:50,9887,GAME20090519OBHC0228
2009,2009-05-19,Reg Season,Orix Buffaloes,Home,L,1,Hiroshima Toyo Carp,1,5,0,"0,0,0,0,0,0,0,1,0",1,Kyocera Dome Osaka,,02:50,9887,GAME20090519OBHC0228
2009,2009-05-19,Reg Season,Tokyo Yakult Swallows,Away,W,7,Tohoku Rakuten Golden Eagles,7,10,0,"0,0,0,3,0,0,1,0,3",1,Rakuten Seimei Park Miyagi,,03:22,12691,GAME20090519REYS0226
2009,2009-05-19,Reg Season,Tohoku Rakuten Golden Eagles,Home,L,3,Tokyo Yakult Swallows,3,9,0,"0,1,1,0,0,1,0,0,0",1,Rakuten Seimei Park Miyagi,,03:22,12691,GAME20090519REYS0226
2009,2009-05-19,Reg Season,Hanshin Tigers,Away,T,1,Fukuoka Softbank Hawks,1,11,2,"0,0,0,0,0,0,0,0,1,0,0,0",1,Mizuho PayPay Dome Fukuoka,,04:30,33182,GAME20090519SHHT0227
2009,2009-05-19,Reg Season,Fukuoka Softbank Hawks,Home,T,1,Hanshin Tigers,1,3,0,"0,0,0,0,0,1,0,0,0,0,0,0",1,Mizuho PayPay Dome Fukuoka,,04:30,33182,GAME20090519SHHT0227
2009,2009-05-19,Reg Season,Chunichi Dragons,Away,W,7,Saitama Seibu Lions,7,11,2,"0,0,0,1,0,1,0,4,1",1,Omiya Park Baseball Stadium,,03:30,18110,GAME20090519SLCD0225
2009,2009-05-19,Reg Season,Saitama Seibu Lions,Home,L,5,Chunichi Dragons,5,10,2,"0,1,1,1,0,0,1,1,0",1,Omiya Park Baseball Stadium,,03:30,18110,GAME20090519SLCD0225
2009,2009-05-20,Reg Season,Yokohama BayStars,Away,W,4,Chiba Lotte Marines,4,6,0,"0,3,1,0,0,0,0,0,0",2,ZOZO Marine Stadium,,02:46,17019,GAME20090520LMDB0229
2009,2009-05-20,Reg Season,Chiba Lotte Marines,Home,L,1,Yokohama BayStars,1,7,0,"1,0,0,0,0,0,0,0,0",2,ZOZO Marine Stadium,,02:46,17019,GAME20090520LMDB0229
2009,2009-05-20,Reg Season,Yomiuri Giants,Away,L,5,Hokkaido Nippon-Ham Fighters,5,12,0,"0,1,0,3,0,0,1,0,0",2,Sapporo Dome,,03:16,33602,GAME20090520NFYG0233
2009,2009-05-20,Reg Season,Hokkaido Nippon-Ham Fighters,Home,W,6,Yomiuri Giants,6,10,0,"0,3,0,0,1,2,0,0,x",2,Sapporo Dome,,03:16,33602,GAME20090520NFYG0233
2009,2009-05-20,Reg Season,Hiroshima Toyo Carp,Away,L,3,Orix Buffaloes,3,6,2,"0,0,2,1,0,0,0,0,0",2,Kyocera Dome Osaka,,02:38,11107,GAME20090520OBHC0232
2009,2009-05-20,Reg Season,Orix Buffaloes,Home,W,10,Hiroshima Toyo Carp,10,12,3,"0,1,3,0,2,0,0,4,x",2,Kyocera Dome Osaka,,02:38,11107,GAME20090520OBHC0232
2009,2009-05-20,Reg Season,Tokyo Yakult Swallows,Away,L,0,Tohoku Rakuten Golden Eagles,0,2,2,"0,0,0,0,0,0,0,0,0",2,Rakuten Seimei Park Miyagi,,02:50,19295,GAME20090520REYS0234
2009,2009-05-20,Reg Season,Tohoku Rakuten Golden Eagles,Home,W,2,Tokyo Yakult Swallows,2,6,1,"0,0,0,0,0,1,0,1,x",2,Rakuten Seimei Park Miyagi,,02:50,19295,GAME20090520REYS0234
2009,2009-05-20,Reg Season,Hanshin Tigers,Away,L,2,Fukuoka Softbank Hawks,2,5,2,"0,0,0,0,0,0,1,0,1,0",2,Mizuho PayPay Dome Fukuoka,,03:43,29258,GAME20090520SHHT0231
2009,2009-05-20,Reg Season,Fukuoka Softbank Hawks,Home,W,3,Hanshin Tigers,3,9,0,"0,0,1,0,0,0,1,0,0,1x",2,Mizuho PayPay Dome Fukuoka,,03:43,29258,GAME20090520SHHT0231
2009,2009-05-20,Reg Season,Chunichi Dragons,Away,L,1,Saitama Seibu Lions,1,8,1,"0,1,0,0,0,0,0,0,0,0",2,Belluna Dome,,03:26,19203,GAME20090520SLCD0230
2009,2009-05-20,Reg Season,Saitama Seibu Lions,Home,W,2,Chunichi Dragons,2,7,0,"0,0,0,1,0,0,0,0,0,1x",2,Belluna Dome,,03:26,19203,GAME20090520SLCD0230
2009,2009-05-22,Reg Season,Chunichi Dragons,Away,W,4,Chiba Lotte Marines,4,11,0,"0,0,2,0,0,0,0,1,1",1,ZOZO Marine Stadium,,03:20,14660,GAME20090522LMCD0235
2009,2009-05-22,Reg Season,Chiba Lotte Marines,Home,L,1,Chunichi Dragons,1,7,0,"0,0,0,0,0,0,1,0,0",1,ZOZO Marine Stadium,,03:20,14660,GAME20090522LMCD0235
2009,2009-05-22,Reg Season,Tokyo Yakult Swallows,Away,W,3,Hokkaido Nippon-Ham Fighters,3,9,0,"0,0,0,0,0,3,0,0,0",1,Sapporo Dome,,02:57,20932,GAME20090522NFYS0237
2009,2009-05-22,Reg Season,Hokkaido Nippon-Ham Fighters,Home,L,2,Tokyo Yakult Swallows,2,3,0,"0,0,0,2,0,0,0,0,0",1,Sapporo Dome,,02:57,20932,GAME20090522NFYS0237
2009,2009-05-22,Reg Season,Hanshin Tigers,Away,L,3,Orix Buffaloes,3,6,1,"1,0,0,0,0,0,2,0,0",1,Kyocera Dome Osaka,,03:29,23433,GAME20090522OBHT0240
2009,2009-05-22,Reg Season,Orix Buffaloes,Home,W,8,Hanshin Tigers,8,14,0,"0,2,0,0,1,1,3,1,x",1,Kyocera Dome Osaka,,03:29,23433,GAME20090522OBHT0240
2009,2009-05-22,Reg Season,Yomiuri Giants,Away,W,12,Tohoku Rakuten Golden Eagles,12,14,1,"4,0,1,1,5,0,1,0,0",1,Rakuten Seimei Park Miyagi,,03:12,20170,GAME20090522REYG0238
2009,2009-05-22,Reg Season,Tohoku Rakuten Golden Eagles,Home,L,2,Yomiuri Giants,2,5,0,"0,1,0,0,0,0,0,1,0",1,Rakuten Seimei Park Miyagi,,03:12,20170,GAME20090522REYG0238
2009,2009-05-22,Reg Season,Hiroshima Toyo Carp,Away,L,3,Fukuoka Softbank Hawks,3,8,1,"0,0,0,0,0,0,0,1,2",1,Mizuho PayPay Dome Fukuoka,,03:06,29327,GAME20090522SHHC0236
2009,2009-05-22,Reg Season,Fukuoka Softbank Hawks,Home,W,6,Hiroshima Toyo Carp,6,13,0,"2,0,3,0,0,0,1,0,x",1,Mizuho PayPay Dome Fukuoka,,03:06,29327,GAME20090522SHHC0236
2009,2009-05-22,Reg Season,Yokohama BayStars,Away,W,15,Saitama Seibu Lions,15,19,0,"2,0,0,3,0,5,0,0,5",1,Belluna Dome,,03:13,16323,GAME20090522SLDB0239
2009,2009-05-22,Reg Season,Saitama Seibu Lions,Home,L,5,Yokohama BayStars,5,9,1,"0,0,2,1,1,1,0,0,0",1,Belluna Dome,,03:13,16323,GAME20090522SLDB0239
2009,2009-05-23,Reg Season,Chunichi Dragons,Away,L,1,Chiba Lotte Marines,1,6,0,"0,0,0,1,0,0,0,0,0",2,ZOZO Marine Stadium,,03:04,28117,GAME20090523LMCD0241
2009,2009-05-23,Reg Season,Chiba Lotte Marines,Home,W,2,Chunichi Dragons,2,9,0,"0,0,0,0,0,0,0,1,1x",2,ZOZO Marine Stadium,,03:04,28117,GAME20090523LMCD0241
2009,2009-05-23,Reg Season,Tokyo Yakult Swallows,Away,L,0,Hokkaido Nippon-Ham Fighters,0,8,0,"0,0,0,0,0,0,0,0,0",2,Sapporo Dome,,02:48,31288,GAME20090523NFYS0242
2009,2009-05-23,Reg Season,Hokkaido Nippon-Ham Fighters,Home,W,3,Tokyo Yakult Swallows,3,6,0,"0,3,0,0,0,0,0,0,x",2,Sapporo Dome,,02:48,31288,GAME20090523NFYS0242
2009,2009-05-23,Reg Season,Hanshin Tigers,Away,W,7,Orix Buffaloes,7,14,1,"1,0,1,1,0,0,2,1,1",2,Kobe Athletic Park Baseball Field,,03:58,28031,GAME20090523OBHT0244
2009,2009-05-23,Reg Season,Orix Buffaloes,Home,L,3,Hanshin Tigers,3,13,2,"0,0,1,0,2,0,0,0,0",2,Kobe Athletic Park Baseball Field,,03:58,28031,GAME20090523OBHT0244
2009,2009-05-23,Reg Season,Yomiuri Giants,Away,W,7,Tohoku Rakuten Golden Eagles,7,13,1,"0,0,4,0,0,0,1,0,2",2,Rakuten Seimei Park Miyagi,,02:51,20599,GAME20090523REYG0246
2009,2009-05-23,Reg Season,Tohoku Rakuten Golden Eagles,Home,L,1,Yomiuri Giants,1,7,0,"0,0,0,0,0,0,0,0,1",2,Rakuten Seimei Park Miyagi,,02:51,20599,GAME20090523REYG0246
2009,2009-05-23,Reg Season,Hiroshima Toyo Carp,Away,L,4,Fukuoka Softbank Hawks,4,10,1,"0,0,0,1,2,0,1,0,0",2,Mizuho PayPay Dome Fukuoka,,03:18,32221,GAME20090523SHHC0245
2009,2009-05-23,Reg Season,Fukuoka Softbank Hawks,Home,W,5,Hiroshima Toyo Carp,5,9,1,"0,0,4,0,0,1,0,0,x",2,Mizuho PayPay Dome Fukuoka,,03:18,32221,GAME20090523SHHC0245
2009,2009-05-23,Reg Season,Yokohama BayStars,Away,L,6,Saitama Seibu Lions,6,8,2,"0,0,0,0,0,0,2,2,2",2,Belluna Dome,,03:07,24471,GAME20090523SLDB0243
2009,2009-05-23,Reg Season,Saitama Seibu Lions,Home,W,10,Yokohama BayStars,10,17,0,"2,3,0,0,1,1,3,0,x",2,Belluna Dome,,03:07,24471,GAME20090523SLDB0243
2009,2009-05-24,Reg Season,Hokkaido Nippon-Ham Fighters,Away,L,0,Chunichi Dragons,0,6,0,"0,0,0,0,0,0,0,0,0",1,Vantelin Dome Nagoya,,03:05,31711,GAME20090524CDNF0247
2009,2009-05-24,Reg Season,Chunichi Dragons,Home,W,1,Hokkaido Nippon-Ham Fighters,1,5,0,"0,0,0,1,0,0,0,0,x",1,Vantelin Dome Nagoya,,03:05,31711,GAME20090524CDNF0247
2009,2009-05-24,Reg Season,Tohoku Rakuten Golden Eagles,Away,W,5,Yokohama BayStars,5,11,1,"0,0,0,2,1,2,0,0,0",1,Yokohama Stadium,,03:12,18041,GAME20090524DBRE0248
2009,2009-05-24,Reg Season,Yokohama BayStars,Home,L,2,Tohoku Rakuten Golden Eagles,2,5,2,"1,0,0,0,0,1,0,0,0",1,Yokohama Stadium,,03:12,18041,GAME20090524DBRE0248
2009,2009-05-24,Reg Season,Saitama Seibu Lions,Away,L,5,Hiroshima Toyo Carp,5,12,1,"4,0,0,0,1,0,0,0,0",1,MAZDA Zoom-Zoom Stadium Hiroshima,,03:25,28309,GAME20090524HCSL0251
2009,2009-05-24,Reg Season,Hiroshima Toyo Carp,Home,W,7,Saitama Seibu Lions,7,11,1,"4,2,0,1,0,0,0,0,x",1,MAZDA Zoom-Zoom Stadium Hiroshima,,03:25,28309,GAME20090524HCSL0251
2009,2009-05-24,Reg Season,Orix Buffaloes,Away,W,8,Yomiuri Giants,8,10,0,"0,0,0,3,2,0,2,0,1",1,Tokyo Dome,,03:45,42110,GAME20090524YGOB0249
2009,2009-05-24,Reg Season,Yomiuri Giants,Home,L,6,Orix Buffaloes,6,13,2,"0,0,0,0,0,1,2,1,2",1,Tokyo Dome,,03:45,42110,GAME20090524YGOB0249
2009,2009-05-24,Reg Season,Fukuoka Softbank Hawks,Away,W,8,Tokyo Yakult Swallows,8,9,0,"0,0,3,0,2,2,0,0,1",1,Meiji Jingu Stadium,,03:01,16518,GAME20090524YSSH0250
2009,2009-05-24,Reg Season,Tokyo Yakult Swallows,Home,L,5,Fukuoka Softbank Hawks,5,12,1,"0,0,0,0,0,2,0,2,1",1,Meiji Jingu Stadium,,03:01,16518,GAME20090524YSSH0250
2009,2009-05-25,Reg Season,Hokkaido Nippon-Ham Fighters,Away,L,4,Chunichi Dragons,4,11,3,"0,0,2,0,0,0,0,0,2",2,Vantelin Dome Nagoya,,03:31,29051,GAME20090525CDNF0256
2009,2009-05-25,Reg Season,Chunichi Dragons,Home,W,10,Hokkaido Nippon-Ham Fighters,10,12,0,"0,1,0,0,1,1,7,0,x",2,Vantelin Dome Nagoya,,03:31,29051,GAME20090525CDNF0256
2009,2009-05-25,Reg Season,Tohoku Rakuten Golden Eagles,Away,L,5,Yokohama BayStars,5,8,0,"1,2,0,1,0,0,1,0,0",2,Yokohama Stadium,,03:48,18696,GAME20090525DBRE0253
2009,2009-05-25,Reg Season,Yokohama BayStars,Home,W,6,Tohoku Rakuten Golden Eagles,6,11,2,"2,0,0,2,0,0,0,0,2x",2,Yokohama Stadium,,03:48,18696,GAME20090525DBRE0253
2009,2009-05-25,Reg Season,Saitama Seibu Lions,Away,L,0,Hiroshima Toyo Carp,0,7,0,"0,0,0,0,0,0,0,0,0",2,MAZDA Zoom-Zoom Stadium Hiroshima,,02:51,24558,GAME20090525HCSL0255
2009,2009-05-25,Reg Season,Hiroshima Toyo Carp,Home,W,3,Saitama Seibu Lions,3,5,0,"0,1,2,0,0,0,0,0,x",2,MAZDA Zoom-Zoom Stadium Hiroshima,,02:51,24558,GAME20090525HCSL0255
2009,2009-05-25,Reg Season,Chiba Lotte Marines,Away,L,3,Hanshin Tigers,3,7,0,"0,0,0,0,0,2,1,0,0",1,Hanshin Koshien Stadium,,03:10,43474,GAME20090525HTLM0252
2009,2009-05-25,Reg Season,Hanshin Tigers,Home,W,4,Chiba Lotte Marines,4,10,1,"0,0,0,0,0,4,0,0,x",1,Hanshin Koshien Stadium,,03:10,43474,GAME20090525HTLM0252
2009,2009-05-25,Reg Season,Orix Buffaloes,Away,L,2,Yomiuri Giants,2,3,0,"1,0,0,1,0,0,0,0,0",2,Tokyo Dome,,02:51,40057,GAME20090525YGOB0257
2009,2009-05-25,Reg Season,Yomiuri Giants,Home,W,6,Orix Buffaloes,6,11,1,"0,1,2,0,1,1,1,0,x",2,Tokyo Dome,,02:51,40057,GAME20090525YGOB0257
2009,2009-05-25,Reg Season,Fukuoka Softbank Hawks,Away,W,3,Tokyo Yakult Swallows,3,8,0,"1,1,0,0,0,0,0,1,0",2,Meiji Jingu Stadium,,02:44,15555,GAME20090525YSSH0254
2009,2009-05-25,Reg Season,Tokyo Yakult Swallows,Home,L,2,Fukuoka Softbank Hawks,2,7,0,"0,0,0,0,0,0,1,1,0",2,Meiji Jingu Stadium,,02:44,15555,GAME20090525YSSH0254
2009,2009-05-26,Reg Season,Chiba Lotte Marines,Away,W,3,Hanshin Tigers,3,11,0,"0,1,0,0,0,0,0,1,1",2,Hanshin Koshien Stadium,,03:23,26680,GAME20090526HTLM0258
2009,2009-05-26,Reg Season,Hanshin Tigers,Home,L,2,Chiba Lotte Marines,2,9,1,"0,0,2,0,0,0,0,0,0",2,Hanshin Koshien Stadium,,03:23,26680,GAME20090526HTLM0258
2009,2009-05-27,Reg Season,Tohoku Rakuten Golden Eagles,Away,W,3,Chunichi Dragons,3,10,1,"0,1,0,1,0,0,0,1,0",1,Vantelin Dome Nagoya,,03:34,32208,GAME20090527CDRE0260
2009,2009-05-27,Reg Season,Chunichi Dragons,Home,L,2,Tohoku Rakuten Golden Eagles,2,9,1,"0,0,0,1,0,0,1,0,0",1,Vantelin Dome Nagoya,,03:34,32208,GAME20090527CDRE0260
2009,2009-05-27,Reg Season,Hokkaido Nippon-Ham Fighters,Away,L,4,Yokohama BayStars,4,10,2,"0,0,0,2,0,2,0,0,0",1,Thirty Four Sagamihara Stadium,,03:20,13062,GAME20090527DBNF0263
2009,2009-05-27,Reg Season,Yokohama BayStars,Home,W,5,Hokkaido Nippon-Ham Fighters,5,7,1,"0,3,0,0,1,0,0,1,x",1,Thirty Four Sagamihara Stadium,,03:20,13062,GAME20090527DBNF0263
2009,2009-05-27,Reg Season,Chiba Lotte Marines,Away,L,3,Hiroshima Toyo Carp,3,6,3,"2,0,0,0,0,0,0,0,1",1,MAZDA Zoom-Zoom Stadium Hiroshima,,02:29,22513,GAME20090527HCLM0261
2009,2009-05-27,Reg Season,Hiroshima Toyo Carp,Home,W,8,Chiba Lotte Marines,8,7,2,"0,0,0,4,1,0,0,3,x",1,MAZDA Zoom-Zoom Stadium Hiroshima,,02:29,22513,GAME20090527HCLM0261
2009,2009-05-27,Reg Season,Saitama Seibu Lions,Away,L,1,Hanshin Tigers,1,8,1,"0,0,0,0,1,0,0,0,0",1,Hanshin Koshien Stadium,,03:15,46160,GAME20090527HTSL0264
2009,2009-05-27,Reg Season,Hanshin Tigers,Home,W,4,Saitama Seibu Lions,4,6,0,"0,0,0,0,0,0,4,0,x",1,Hanshin Koshien Stadium,,03:15,46160,GAME20090527HTSL0264
2009,2009-05-27,Reg Season,Fukuoka Softbank Hawks,Away,W,5,Yomiuri Giants,5,13,0,"0,0,1,2,2,0,0,0,0",1,Tokyo Dome,,03:16,43050,GAME20090527YGSH0262
2009,2009-05-27,Reg Season,Yomiuri Giants,Home,L,3,Fukuoka Softbank Hawks,3,8,0,"0,0,0,0,0,0,0,2,1",1,Tokyo Dome,,03:16,43050,GAME20090527YGSH0262
2009,2009-05-27,Reg Season,Orix Buffaloes,Away,L,4,Tokyo Yakult Swallows,4,9,0,"0,0,0,0,0,4,0,0,0",1,Meiji Jingu Stadium,,03:31,12014,GAME20090527YSOB0259
2009,2009-05-27,Reg Season,Tokyo Yakult Swallows,Home,W,5,Orix Buffaloes,5,12,0,"0,0,0,1,3,1,0,0,x",1,Meiji Jingu Stadium,,03:31,12014,GAME20090527YSOB0259
2009,2009-05-28,Reg Season,Tohoku Rakuten Golden Eagles,Away,L,1,Chunichi Dragons,1,6,0,"0,0,0,0,0,0,0,0,1,0",2,Vantelin Dome Nagoya,,03:45,28262,GAME20090528CDRE0267
2009,2009-05-28,Reg Season,Chunichi Dragons,Home,W,2,Tohoku Rakuten Golden Eagles,2,7,1,"0,1,0,0,0,0,0,0,0,1x",2,Vantelin Dome Nagoya,,03:45,28262,GAME20090528CDRE0267
2009,2009-05-28,Reg Season,Chiba Lotte Marines,Away,L,3,Hiroshima Toyo Carp,3,12,2,"2,1,0,0,0,0,0,0,0",2,Kure Nikoh Baseball Stadium,,03:22,12048,GAME20090528HCLM0266
2009,2009-05-28,Reg Season,Hiroshima Toyo Carp,Home,W,4,Chiba Lotte Marines,4,9,1,"1,0,0,0,3,0,0,0,x",2,Kure Nikoh Baseball Stadium,,03:22,12048,GAME20090528HCLM0266
2009,2009-05-28,Reg Season,Saitama Seibu Lions,Away,W,6,Hanshin Tigers,6,9,0,"0,3,0,0,0,2,0,0,1",2,Hanshin Koshien Stadium,,03:33,44395,GAME20090528HTSL0268
2009,2009-05-28,Reg Season,Hanshin Tigers,Home,L,4,Saitama Seibu Lions,4,7,0,"2,0,1,0,0,1,0,0,0",2,Hanshin Koshien Stadium,,03:33,44395,GAME20090528HTSL0268
2009,2009-05-28,Reg Season,Fukuoka Softbank Hawks,Away,L,2,Yomiuri Giants,2,10,1,"0,0,0,1,0,0,1,0,0",2,Tokyo Dome,,02:47,42218,GAME20090528YGSH0269
2009,2009-05-28,Reg Season,Yomiuri Giants,Home,W,8,Fukuoka Softbank Hawks,8,9,1,"2,0,2,2,1,0,1,0,x",2,Tokyo Dome,,02:47,42218,GAME20090528YGSH0269
2009,2009-05-28,Reg Season,Orix Buffaloes,Away,L,0,Tokyo Yakult Swallows,0,8,0,"0,0,0,0,0,0,0,0,0",2,Meiji Jingu Stadium,,03:04,7348,GAME20090528YSOB0265
2009,2009-05-28,Reg Season,Tokyo Yakult Swallows,Home,W,4,Orix Buffaloes,4,7,0,"0,2,0,0,0,2,0,0,x",2,Meiji Jingu Stadium,,03:04,7348,GAME20090528YSOB0265
2009,2009-05-29,Reg Season,Hokkaido Nippon-Ham Fighters,Away,W,7,Yokohama BayStars,7,12,0,"0,1,1,0,0,0,5,0,0",2,Yokohama Stadium,,02:58,7349,GAME20090529DBNF0270
2009,2009-05-29,Reg Season,Yokohama BayStars,Home,L,1,Hokkaido Nippon-Ham Fighters,1,7,1,"0,0,0,0,0,1,0,0,0",2,Yokohama Stadium,,02:58,7349,GAME20090529DBNF0270
2009,2009-05-30,Reg Season,Tokyo Yakult Swallows,Away,L,3,Chiba Lotte Marines,3,8,0,"0,0,0,2,0,0,0,0,1",1,ZOZO Marine Stadium,,02:59,15431,GAME20090530LMYS0273
2009,2009-05-30,Reg Season,Chiba Lotte Marines,Home,W,6,Tokyo Yakult Swallows,6,6,0,"2,0,3,0,0,0,1,0,x",1,ZOZO Marine Stadium,,02:59,15431,GAME20090530LMYS0273
2009,2009-05-30,Reg Season,Hanshin Tigers,Away,L,2,Hokkaido Nippon-Ham Fighters,2,6,4,"0,0,0,0,1,0,0,1,0",1,Sapporo Dome,,03:26,42328,GAME20090530NFHT0274
2009,2009-05-30,Reg Season,Hokkaido Nippon-Ham Fighters,Home,W,8,Hanshin Tigers,8,9,1,"2,2,0,1,1,0,0,2,x",1,Sapporo Dome,,03:26,42328,GAME20090530NFHT0274
2009,2009-05-30,Reg Season,Yokohama BayStars,Away,L,4,Orix Buffaloes,4,3,0,"0,0,0,0,0,0,0,0,4",1,Kobe Athletic Park Baseball Field,,02:49,11217,GAME20090530OBDB0272
2009,2009-05-30,Reg Season,Orix Buffaloes,Home,W,6,Yokohama BayStars,6,11,2,"0,2,2,1,0,0,0,1,x",1,Kobe Athletic Park Baseball Field,,02:49,11217,GAME20090530OBDB0272
2009,2009-05-30,Reg Season,Chunichi Dragons,Away,L,5,Fukuoka Softbank Hawks,5,8,1,"0,0,0,0,5,0,0,0,0",1,Mizuho PayPay Dome Fukuoka,,03:39,30387,GAME20090530SHCD0271
2009,2009-05-30,Reg Season,Fukuoka Softbank Hawks,Home,W,9,Chunichi Dragons,9,10,0,"0,0,3,2,2,0,0,2,x",1,Mizuho PayPay Dome Fukuoka,,03:39,30387,GAME20090530SHCD0271
2009,2009-05-30,Reg Season,Yomiuri Giants,Away,T,2,Saitama Seibu Lions,2,9,0,"0,1,0,0,1,0,0,0,0,0,0,0",1,Belluna Dome,,03:58,33778,GAME20090530SLYG0275
2009,2009-05-30,Reg Season,Saitama Seibu Lions,Home,T,2,Yomiuri Giants,2,7,0,"0,0,0,1,1,0,0,0,0,0,0,0",1,Belluna Dome,,03:58,33778,GAME20090530SLYG0275
2009,2009-05-31,Reg Season,Tokyo Yakult Swallows,Away,W,7,Chiba Lotte Marines,7,11,0,"2,0,0,0,3,2,0,0,0",2,ZOZO Marine Stadium,,02:59,27310,GAME20090531LMYS0281
2009,2009-05-31,Reg Season,Chiba Lotte Marines,Home,L,1,Tokyo Yakult Swallows,1,5,1,"0,0,0,1,0,0,0,0,0",2,ZOZO Marine Stadium,,02:59,27310,GAME20090531LMYS0281
2009,2009-05-31,Reg Season,Hanshin Tigers,Away,T,4,Hokkaido Nippon-Ham Fighters,4,17,2,"2,0,0,0,1,0,0,1,0,0,0,0",2,Sapporo Dome,,05:06,42051,GAME20090531NFHT0278
2009,2009-05-31,Reg Season,Hokkaido Nippon-Ham Fighters,Home,T,4,Hanshin Tigers,4,9,0,"1,0,0,0,2,1,0,0,0,0,0,0",2,Sapporo Dome,,05:06,42051,GAME20090531NFHT0278
2009,2009-05-31,Reg Season,Yokohama BayStars,Away,L,0,Orix Buffaloes,0,6,0,"0,0,0,0,0,0,0,0,0",2,Kobe Athletic Park Baseball Field,,02:27,14857,GAME20090531OBDB0277
2009,2009-05-31,Reg Season,Orix Buffaloes,Home,W,3,Yokohama BayStars,3,7,0,"1,0,0,1,0,1,0,0,x",2,Kobe Athletic Park Baseball Field,,02:27,14857,GAME20090531OBDB0277
2009,2009-05-31,Reg Season,Hiroshima Toyo Carp,Away,W,5,Tohoku Rakuten Golden Eagles,5,8,1,"0,0,2,3,0,0,0,0,0",1,Rakuten Seimei Park Miyagi,,03:26,18015,GAME20090531REHC0280
2009,2009-05-31,Reg Season,Tohoku Rakuten Golden Eagles,Home,L,4,Hiroshima Toyo Carp,4,12,1,"0,0,0,0,0,2,1,1,0",1,Rakuten Seimei Park Miyagi,,03:26,18015,GAME20090531REHC0280
2009,2009-05-31,Reg Season,Chunichi Dragons,Away,L,4,Fukuoka Softbank Hawks,4,10,1,"0,0,0,2,1,0,1,0,0",2,Mizuho PayPay Dome Fukuoka,,03:39,33231,GAME20090531SHCD0276
2009,2009-05-31,Reg Season,Fukuoka Softbank Hawks,Home,W,5,Chunichi Dragons,5,11,0,"1,2,0,1,0,0,0,0,1x",2,Mizuho PayPay Dome Fukuoka,,03:39,33231,GAME20090531SHCD0276
2009,2009-05-31,Reg Season,Yomiuri Giants,Away,L,2,Saitama Seibu Lions,2,9,2,"0,0,0,0,0,1,1,0,0,0",2,Belluna Dome,,03:55,33173,GAME20090531SLYG0279
2009,2009-05-31,Reg Season,Saitama Seibu Lions,Home,W,3,Yomiuri Giants,3,8,0,"0,0,0,1,0,0,0,0,1,1x",2,Belluna Dome,,03:55,33173,GAME20090531SLYG0279
2009,2009-06-01,Reg Season,Hiroshima Toyo Carp,Away,W,2,Tohoku Rakuten Golden Eagles,2,7,0,"0,0,0,0,2,0,0,0,0",2,Rakuten Seimei Park Miyagi,,02:51,10402,GAME20090601REHC0282
2009,2009-06-01,Reg Season,Tohoku Rakuten Golden Eagles,Home,L,0,Hiroshima Toyo Carp,0,7,0,"0,0,0,0,0,0,0,0,0",2,Rakuten Seimei Park Miyagi,,02:51,10402,GAME20090601REHC0282
2009,2009-06-02,Reg Season,Yomiuri Giants,Away,T,0,Chiba Lotte Marines,0,4,0,"0,0,0,0,0,0,0,0,0,0,0,0",1,ZOZO Marine Stadium,,03:46,25249,GAME20090602LMYG0284
2009,2009-06-02,Reg Season,Chiba Lotte Marines,Home,T,0,Yomiuri Giants,0,6,0,"0,0,0,0,0,0,0,0,0,0,0,0",1,ZOZO Marine Stadium,,03:46,25249,GAME20090602LMYG0284
2009,2009-06-02,Reg Season,Hiroshima Toyo Carp,Away,W,2,Hokkaido Nippon-Ham Fighters,2,3,0,"0,0,0,0,2,0,0,0,0",1,Sapporo Dome,,02:36,20252,GAME20090602NFHC0286
2009,2009-06-02,Reg Season,Hokkaido Nippon-Ham Fighters,Home,L,1,Hiroshima Toyo Carp,1,5,0,"0,0,0,0,0,0,0,0,1",1,Sapporo Dome,,02:36,20252,GAME20090602NFHC0286
2009,2009-06-02,Reg Season,Chunichi Dragons,Away,W,7,Orix Buffaloes,7,11,1,"0,2,0,0,0,0,1,4,0",1,Kyocera Dome Osaka,,03:36,10170,GAME20090602OBCD0287
2009,2009-06-02,Reg Season,Orix Buffaloes,Home,L,5,Chunichi Dragons,5,11,0,"0,0,0,5,0,0,0,0,0",1,Kyocera Dome Osaka,,03:36,10170,GAME20090602OBCD0287
2009,2009-06-02,Reg Season,Hanshin Tigers,Away,L,2,Tohoku Rakuten Golden Eagles,2,8,0,"0,0,0,2,0,0,0,0,0",1,Rakuten Seimei Park Miyagi,,03:09,20128,GAME20090602REHT0283
2009,2009-06-02,Reg Season,Tohoku Rakuten Golden Eagles,Home,W,3,Hanshin Tigers,3,6,0,"1,0,0,2,0,0,0,0,x",1,Rakuten Seimei Park Miyagi,,03:09,20128,GAME20090602REHT0283
2009,2009-06-02,Reg Season,Yokohama BayStars,Away,L,3,Fukuoka Softbank Hawks,3,8,1,"0,1,0,0,0,0,2,0,0",1,Mizuho PayPay Dome Fukuoka,,03:01,30277,GAME20090602SHDB0285
2009,2009-06-02,Reg Season,Fukuoka Softbank Hawks,Home,W,7,Yokohama BayStars,7,9,0,"0,0,0,4,1,0,2,0,x",1,Mizuho PayPay Dome Fukuoka,,03:01,30277,GAME20090602SHDB0285
2009,2009-06-02,Reg Season,Tokyo Yakult Swallows,Away,L,3,Saitama Seibu Lions,3,10,0,"1,1,0,0,0,0,0,1,0",1,Belluna Dome,,02:59,16001,GAME20090602SLYS0288
2009,2009-06-02,Reg Season,Saitama Seibu Lions,Home,W,7,Tokyo Yakult Swallows,7,9,0,"0,0,3,0,4,0,0,0,x",1,Belluna Dome,,02:59,16001,GAME20090602SLYS0288
2009,2009-06-03,Reg Season,Yomiuri Giants,Away,T,1,Chiba Lotte Marines,1,9,1,"0,0,0,0,0,1,0,0,0,0,0,0",2,ZOZO Marine Stadium,,04:04,26181,GAME20090603LMYG0293
2009,2009-06-03,Reg Season,Chiba Lotte Marines,Home,T,1,Yomiuri Giants,1,7,0,"0,0,0,0,0,0,1,0,0,0,0,0",2,ZOZO Marine Stadium,,04:04,26181,GAME20090603LMYG0293
2009,2009-06-03,Reg Season,Hiroshima Toyo Carp,Away,L,2,Hokkaido Nippon-Ham Fighters,2,7,1,"0,0,1,0,0,1,0,0,0",2,Sapporo Dome,,02:57,22257,GAME20090603NFHC0294
2009,2009-06-03,Reg Season,Hokkaido Nippon-Ham Fighters,Home,W,7,Hiroshima Toyo Carp,7,9,0,"0,0,0,1,0,1,0,5,x",2,Sapporo Dome,,02:57,22257,GAME20090603NFHC0294
2009,2009-06-03,Reg Season,Chunichi Dragons,Away,W,14,Orix Buffaloes,14,19,1,"3,0,4,0,3,0,0,1,3",2,Kyocera Dome Osaka,,04:43,12701,GAME20090603OBCD0291
2009,2009-06-03,Reg Season,Orix Buffaloes,Home,L,10,Chunichi Dragons,10,16,1,"1,2,4,0,3,0,0,0,0",2,Kyocera Dome Osaka,,04:43,12701,GAME20090603OBCD0291
2009,2009-06-03,Reg Season,Hanshin Tigers,Away,W,3,Tohoku Rakuten Golden Eagles,3,5,1,"0,0,0,0,0,0,0,3,0",2,Rakuten Seimei Park Miyagi,,03:29,20685,GAME20090603REHT0289
2009,2009-06-03,Reg Season,Tohoku Rakuten Golden Eagles,Home,L,2,Hanshin Tigers,2,8,1,"0,0,1,0,0,0,0,0,1",2,Rakuten Seimei Park Miyagi,,03:29,20685,GAME20090603REHT0289
2009,2009-06-03,Reg Season,Yokohama BayStars,Away,L,0,Fukuoka Softbank Hawks,0,5,1,"0,0,0,0,0,0,0,0,0",2,Mizuho PayPay Dome Fukuoka,,02:46,30360,GAME20090603SHDB0290
2009,2009-06-03,Reg Season,Fukuoka Softbank Hawks,Home,W,3,Yokohama BayStars,3,8,0,"2,1,0,0,0,0,0,0,x",2,Mizuho PayPay Dome Fukuoka,,02:46,30360,GAME20090603SHDB0290
2009,2009-06-03,Reg Season,Tokyo Yakult Swallows,Away,L,1,Saitama Seibu Lions,1,5,2,"0,0,0,0,0,0,0,0,1",2,Belluna Dome,,02:38,16181,GAME20090603SLYS0292
2009,2009-06-03,Reg Season,Saitama Seibu Lions,Home,W,8,Tokyo Yakult Swallows,8,9,1,"0,0,1,4,1,1,0,1,x",2,Belluna Dome,,02:38,16181,GAME20090603SLYS0292
2009,2009-06-05,Reg Season,Chiba Lotte Marines,Away,L,1,Chunichi Dragons,1,9,0,"0,0,0,0,0,1,0,0,0",3,Vantelin Dome Nagoya,,03:01,31031,GAME20090605CDLM0299
2009,2009-06-05,Reg Season,Chunichi Dragons,Home,W,2,Chiba Lotte Marines,2,9,0,"0,0,0,0,0,2,0,0,x",3,Vantelin Dome Nagoya,,03:01,31031,GAME20090605CDLM0299
2009,2009-06-05,Reg Season,Fukuoka Softbank Hawks,Away,L,1,Hiroshima Toyo Carp,1,5,0,"1,0,0,0,0,0,0",3,MAZDA Zoom-Zoom Stadium Hiroshima,,02:13,28814,GAME20090605HCSH0297
2009,2009-06-05,Reg Season,Hiroshima Toyo Carp,Home,W,4,Fukuoka Softbank Hawks,4,7,0,"0,0,0,0,0,4,0x",3,MAZDA Zoom-Zoom Stadium Hiroshima,,02:13,28814,GAME20090605HCSH0297
2009,2009-06-05,Reg Season,Orix Buffaloes,Away,L,0,Hanshin Tigers,0,7,3,"0,0,0,0,0,0,0,0,0",3,Hanshin Koshien Stadium,,02:55,46383,GAME20090605HTOB0296
2009,2009-06-05,Reg Season,Hanshin Tigers,Home,W,4,Orix Buffaloes,4,7,1,"0,0,0,0,0,2,0,2,x",3,Hanshin Koshien Stadium,,02:55,46383,GAME20090605HTOB0296
2009,2009-06-05,Reg Season,Hokkaido Nippon-Ham Fighters,Away,L,2,Yomiuri Giants,2,10,0,"0,0,1,0,1,0,0,0,0",3,Tokyo Dome,,03:05,44242,GAME20090605YGNF0298
2009,2009-06-05,Reg Season,Yomiuri Giants,Home,W,5,Hokkaido Nippon-Ham Fighters,5,12,1,"4,0,0,0,0,0,1,0,x",3,Tokyo Dome,,03:05,44242,GAME20090605YGNF0298
2009,2009-06-05,Reg Season,Tohoku Rakuten Golden Eagles,Away,L,3,Tokyo Yakult Swallows,3,6,0,"0,0,0,1,0,1,0,0,1",3,Meiji Jingu Stadium,,03:08,13065,GAME20090605YSRE0295
2009,2009-06-05,Reg Season,Tokyo Yakult Swallows,Home,W,9,Tohoku Rakuten Golden Eagles,9,12,0,"0,0,2,4,2,1,0,0,x",3,Meiji Jingu Stadium,,03:08,13065,GAME20090605YSRE0295
2009,2009-06-06,Reg Season,Chiba Lotte Marines,Away,T,4,Chunichi Dragons,4,11,0,"0,0,0,0,0,0,4,0,0,0,0,0",4,Vantelin Dome Nagoya,,04:09,37505,GAME20090606CDLM0303
2009,2009-06-06,Reg Season,Chunichi Dragons,Home,T,4,Chiba Lotte Marines,4,14,0,"0,2,0,0,0,0,0,0,2,0,0,0",4,Vantelin Dome Nagoya,,04:09,37505,GAME20090606CDLM0303
2009,2009-06-06,Reg Season,Saitama Seibu Lions,Away,W,12,Yokohama BayStars,12,14,1,"4,2,1,0,0,0,0,1,4",3,Yokohama Stadium,,03:03,17070,GAME20090606DBSL0300
2009,2009-06-06,Reg Season,Yokohama BayStars,Home,L,7,Saitama Seibu Lions,7,10,0,"1,0,0,1,1,0,0,4,0",3,Yokohama Stadium,,03:03,17070,GAME20090606DBSL0300
2009,2009-06-06,Reg Season,Fukuoka Softbank Hawks,Away,W,11,Hiroshima Toyo Carp,11,14,1,"3,3,1,0,1,3,0x",4,MAZDA Zoom-Zoom Stadium Hiroshima,,01:59,31737,GAME20090606HCSH0305
2009,2009-06-06,Reg Season,Hiroshima Toyo Carp,Home,L,1,Fukuoka Softbank Hawks,1,2,0,"0,0,1,0,0,0",4,MAZDA Zoom-Zoom Stadium Hiroshima,,01:59,31737,GAME20090606HCSH0305
2009,2009-06-06,Reg Season,Orix Buffaloes,Away,L,0,Hanshin Tigers,0,5,0,"0,0,0,0,0,0,0,0,0",4,Hanshin Koshien Stadium,,02:54,46792,GAME20090606HTOB0301
2009,2009-06-06,Reg Season,Hanshin Tigers,Home,W,7,Orix Buffaloes,7,13,1,"0,0,1,3,1,2,0,0,x",4,Hanshin Koshien Stadium,,02:54,46792,GAME20090606HTOB0301
2009,2009-06-06,Reg Season,Hokkaido Nippon-Ham Fighters,Away,L,2,Yomiuri Giants,2,9,0,"0,1,0,0,0,1,0,0,0",4,Tokyo Dome,,02:48,44887,GAME20090606YGNF0302
2009,2009-06-06,Reg Season,Yomiuri Giants,Home,W,3,Hokkaido Nippon-Ham Fighters,3,6,0,"0,0,0,0,0,3,0,0,x",4,Tokyo Dome,,02:48,44887,GAME20090606YGNF0302
2009,2009-06-06,Reg Season,Tohoku Rakuten Golden Eagles,Away,L,1,Tokyo Yakult Swallows,1,5,0,"0,0,0,0,0,1,0,0,0",4,Meiji Jingu Stadium,,02:54,27587,GAME20090606YSRE0304
2009,2009-06-06,Reg Season,Tokyo Yakult Swallows,Home,W,5,Tohoku Rakuten Golden Eagles,5,10,0,"1,0,0,1,0,2,1,0,x",4,Meiji Jingu Stadium,,02:54,27587,GAME20090606YSRE0304
2009,2009-06-07,Reg Season,Saitama Seibu Lions,Away,L,2,Chunichi Dragons,2,6,2,"0,0,0,0,2,0,0,0,0",3,Vantelin Dome Nagoya,,03:19,37661,GAME20090607CDSL0311
2009,2009-06-07,Reg Season,Chunichi Dragons,Home,W,4,Saitama Seibu Lions,4,10,1,"3,1,0,0,0,0,0,0,x",3,Vantelin Dome Nagoya,,03:19,37661,GAME20090607CDSL0311
2009,2009-06-07,Reg Season,Chiba Lotte Marines,Away,W,9,Yokohama BayStars,9,9,0,"6,0,0,0,1,0,0,0,2",3,Yokohama Stadium,,03:30,23721,GAME20090607DBLM0306
2009,2009-06-07,Reg Season,Yokohama BayStars,Home,L,7,Chiba Lotte Marines,7,16,0,"1,0,0,2,1,1,0,0,2",3,Yokohama Stadium,,03:30,23721,GAME20090607DBLM0306
2009,2009-06-07,Reg Season,Orix Buffaloes,Away,L,1,Hiroshima Toyo Carp,1,5,0,"0,0,0,0,1,0,0,0,0",3,MAZDA Zoom-Zoom Stadium Hiroshima,,03:15,28747,GAME20090607HCOB0309
2009,2009-06-07,Reg Season,Hiroshima Toyo Carp,Home,W,6,Orix Buffaloes,6,12,1,"0,0,0,1,5,0,0,0,x",3,MAZDA Zoom-Zoom Stadium Hiroshima,,03:15,28747,GAME20090607HCOB0309
2009,2009-06-07,Reg Season,Fukuoka Softbank Hawks,Away,L,3,Hanshin Tigers,3,7,0,"0,2,0,0,0,1,0,0,0",3,Hanshin Koshien Stadium,,03:21,46849,GAME20090607HTSH0310
2009,2009-06-07,Reg Season,Hanshin Tigers,Home,W,4,Fukuoka Softbank Hawks,4,11,0,"2,0,0,0,0,0,0,0,2x",3,Hanshin Koshien Stadium,,03:21,46849,GAME20090607HTSH0310
2009,2009-06-07,Reg Season,Tohoku Rakuten Golden Eagles,Away,L,2,Yomiuri Giants,2,8,0,"0,0,0,0,0,0,2,0,0",3,Tokyo Dome,,03:55,45341,GAME20090607YGRE0307
2009,2009-06-07,Reg Season,Yomiuri Giants,Home,W,3,Tohoku Rakuten Golden Eagles,3,8,0,"0,0,0,2,0,0,0,1,x",3,Tokyo Dome,,03:55,45341,GAME20090607YGRE0307
2009,2009-06-07,Reg Season,Hokkaido Nippon-Ham Fighters,Away,W,3,Tokyo Yakult Swallows,3,4,0,"0,0,0,0,0,2,0,1,0",3,Meiji Jingu Stadium,,02:41,20032,GAME20090607YSNF0308
2009,2009-06-07,Reg Season,Tokyo Yakult Swallows,Home,L,0,Hokkaido Nippon-Ham Fighters,0,3,0,"0,0,0,0,0,0,0,0,0",3,Meiji Jingu Stadium,,02:41,20032,GAME20090607YSNF0308
2009,2009-06-08,Reg Season,Saitama Seibu Lions,Away,W,5,Chunichi Dragons,5,3,1,"0,0,0,0,0,4,0,0,1",4,Vantelin Dome Nagoya,,03:38,34552,GAME20090608CDSL0315
2009,2009-06-08,Reg Season,Chunichi Dragons,Home,L,3,Saitama Seibu Lions,3,7,0,"0,0,1,0,0,0,1,1,0",4,Vantelin Dome Nagoya,,03:38,34552,GAME20090608CDSL0315
2009,2009-06-08,Reg Season,Chiba Lotte Marines,Away,L,3,Yokohama BayStars,3,7,0,"0,0,0,2,1,0,0,0,0",4,Yokohama Stadium,,02:37,13086,GAME20090608DBLM0312
2009,2009-06-08,Reg Season,Yokohama BayStars,Home,W,4,Chiba Lotte Marines,4,8,0,"0,0,0,0,4,0,0,0,x",4,Yokohama Stadium,,02:37,13086,GAME20090608DBLM0312
2009,2009-06-08,Reg Season,Orix Buffaloes,Away,L,5,Hiroshima Toyo Carp,5,10,1,"1,0,0,0,2,0,0,0,2",4,Shimanami Baseball Field,,03:06,8028,GAME20090608HCOB0317
2009,2009-06-08,Reg Season,Hiroshima Toyo Carp,Home,W,6,Orix Buffaloes,6,9,0,"0,0,0,3,0,0,0,3,x",4,Shimanami Baseball Field,,03:06,8028,GAME20090608HCOB0317
2009,2009-06-08,Reg Season,Fukuoka Softbank Hawks,Away,W,8,Hanshin Tigers,8,8,0,"0,0,0,3,0,5,0,0,0",4,Hanshin Koshien Stadium,,03:00,46502,GAME20090608HTSH0314
2009,2009-06-08,Reg Season,Hanshin Tigers,Home,L,1,Fukuoka Softbank Hawks,1,4,1,"0,0,0,0,0,1,0,0,0",4,Hanshin Koshien Stadium,,03:00,46502,GAME20090608HTSH0314
2009,2009-06-08,Reg Season,Tohoku Rakuten Golden Eagles,Away,L,3,Yomiuri Giants,3,11,1,"0,1,0,0,0,0,0,2,0",4,Tokyo Dome,,03:02,45835,GAME20090608YGRE0316
2009,2009-06-08,Reg Season,Yomiuri Giants,Home,W,8,Tohoku Rakuten Golden Eagles,8,12,0,"1,0,0,2,1,2,2,0,x",4,Tokyo Dome,,03:02,45835,GAME20090608YGRE0316
2009,2009-06-08,Reg Season,Hokkaido Nippon-Ham Fighters,Away,L,3,Tokyo Yakult Swallows,3,11,1,"0,0,0,0,0,0,3,0,0",4,Meiji Jingu Stadium,,03:26,12515,GAME20090608YSNF0313
2009,2009-06-08,Reg Season,Tokyo Yakult Swallows,Home,W,4,Hokkaido Nippon-Ham Fighters,4,6,0,"0,0,0,0,0,3,0,0,1x",4,Meiji Jingu Stadium,,03:26,12515,GAME20090608YSNF0313
2009,2009-06-10,Reg Season,Hiroshima Toyo Carp,Away,W,2,Chiba Lotte Marines,2,6,0,"2,0,0,0,0,0,0,0,0",3,ZOZO Marine Stadium,,02:54,22019,GAME20090610LMHC0323
2009,2009-06-10,Reg Season,Chiba Lotte Marines,Home,L,0,Hiroshima Toyo Carp,0,8,1,"0,0,0,0,0,0,0,0,0",3,ZOZO Marine Stadium,,02:54,22019,GAME20090610LMHC0323
2009,2009-06-10,Reg Season,Yokohama BayStars,Away,L,3,Hokkaido Nippon-Ham Fighters,3,10,1,"0,0,0,0,0,2,0,0,1",3,Maruyama Track and Field Stadium,,02:56,10977,GAME20090610NFDB0320
2009,2009-06-10,Reg Season,Hokkaido Nippon-Ham Fighters,Home,W,5,Yokohama BayStars,5,4,1,"0,1,1,0,0,0,3,0,x",3,Maruyama Track and Field Stadium,,02:56,10977,GAME20090610NFDB0320
2009,2009-06-10,Reg Season,Yomiuri Giants,Away,W,5,Orix Buffaloes,5,13,0,"1,2,0,0,0,2,0,0,0",3,Kyocera Dome Osaka,,03:06,30370,GAME20090610OBYG0319
2009,2009-06-10,Reg Season,Orix Buffaloes,Home,L,1,Yomiuri Giants,1,6,1,"0,1,0,0,0,0,0,0,0",3,Kyocera Dome Osaka,,03:06,30370,GAME20090610OBYG0319
2009,2009-06-10,Reg Season,Chunichi Dragons,Away,W,15,Tohoku Rakuten Golden Eagles,15,19,0,"3,6,1,2,0,0,1,2,0",3,Rakuten Seimei Park Miyagi,,03:32,15664,GAME20090610RECD0322
2009,2009-06-10,Reg Season,Tohoku Rakuten Golden Eagles,Home,L,1,Chunichi Dragons,1,5,0,"0,0,0,0,0,0,0,1,0",3,Rakuten Seimei Park Miyagi,,03:32,15664,GAME20090610RECD0322
2009,2009-06-10,Reg Season,Tokyo Yakult Swallows,Away,L,2,Fukuoka Softbank Hawks,2,8,0,"0,0,2,0,0,0,0,0,0",3,Mizuho PayPay Dome Fukuoka,,03:05,34041,GAME20090610SHYS0321
2009,2009-06-10,Reg Season,Fukuoka Softbank Hawks,Home,W,4,Tokyo Yakult Swallows,4,7,1,"0,0,1,0,0,2,0,1,x",3,Mizuho PayPay Dome Fukuoka,,03:05,34041,GAME20090610SHYS0321
2009,2009-06-10,Reg Season,Hanshin Tigers,Away,L,3,Saitama Seibu Lions,3,5,0,"1,0,2,0,0,0,0,0,0",3,Belluna Dome,,02:40,29006,GAME20090610SLHT0318
2009,2009-06-10,Reg Season,Saitama Seibu Lions,Home,W,4,Hanshin Tigers,4,7,1,"2,0,0,0,0,1,0,0,1x",3,Belluna Dome,,02:40,29006,GAME20090610SLHT0318
2009,2009-06-11,Reg Season,Hiroshima Toyo Carp,Away,L,2,Chiba Lotte Marines,2,6,1,"0,2,0,0,0,0,0,0,0",4,ZOZO Marine Stadium,,03:12,18794,GAME20090611LMHC0327
2009,2009-06-11,Reg Season,Chiba Lotte Marines,Home,W,23,Hiroshima Toyo Carp,23,23,0,"0,2,5,0,0,15,1,0,x",4,ZOZO Marine Stadium,,03:12,18794,GAME20090611LMHC0327
2009,2009-06-11,Reg Season,Yokohama BayStars,Away,L,3,Hokkaido Nippon-Ham Fighters,3,8,3,"0,0,0,0,0,3,0,0,0",4,Sapporo Dome,,03:16,22582,GAME20090611NFDB0325
2009,2009-06-11,Reg Season,Hokkaido Nippon-Ham Fighters,Home,W,9,Yokohama BayStars,9,12,0,"1,0,7,0,0,0,1,0,x",4,Sapporo Dome,,03:16,22582,GAME20090611NFDB0325
2009,2009-06-11,Reg Season,Yomiuri Giants,Away,L,2,Orix Buffaloes,2,9,1,"1,0,0,0,0,1,0,0,0",4,Kobe Athletic Park Baseball Field,,02:29,20029,GAME20090611OBYG0328
2009,2009-06-11,Reg Season,Orix Buffaloes,Home,W,4,Yomiuri Giants,4,8,0,"1,2,0,0,1,0,0,0,x",4,Kobe Athletic Park Baseball Field,,02:29,20029,GAME20090611OBYG0328
2009,2009-06-11,Reg Season,Chunichi Dragons,Away,L,1,Tohoku Rakuten Golden Eagles,1,5,0,"0,0,0,0,0,0,0,1,0",4,Rakuten Seimei Park Miyagi,,03:02,13458,GAME20090611RECD0326
2009,2009-06-11,Reg Season,Tohoku Rakuten Golden Eagles,Home,W,3,Chunichi Dragons,3,7,0,"0,0,2,0,0,0,1,0,x",4,Rakuten Seimei Park Miyagi,,03:02,13458,GAME20090611RECD0326
2009,2009-06-11,Reg Season,Tokyo Yakult Swallows,Away,W,6,Fukuoka Softbank Hawks,6,10,1,"0,1,0,2,1,0,1,1,0",4,Mizuho PayPay Dome Fukuoka,,03:29,35251,GAME20090611SHYS0329
2009,2009-06-11,Reg Season,Fukuoka Softbank Hawks,Home,L,3,Tokyo Yakult Swallows,3,5,3,"0,0,1,0,2,0,0,0,0",4,Mizuho PayPay Dome Fukuoka,,03:29,35251,GAME20090611SHYS0329
2009,2009-06-11,Reg Season,Hanshin Tigers,Away,L,5,Saitama Seibu Lions,5,8,1,"0,1,2,0,0,2,0,0,0",4,Belluna Dome,,03:04,28371,GAME20090611SLHT0324
2009,2009-06-11,Reg Season,Saitama Seibu Lions,Home,W,6,Hanshin Tigers,6,8,0,"0,5,0,0,1,0,0,0,x",4,Belluna Dome,,03:04,28371,GAME20090611SLHT0324
2009,2009-06-13,Reg Season,Hanshin Tigers,Away,L,1,Chiba Lotte Marines,1,8,1,"0,0,0,0,0,0,1,0,0",3,ZOZO Marine Stadium,,03:21,30024,GAME20090613LMHT0335
2009,2009-06-13,Reg Season,Chiba Lotte Marines,Home,W,9,Hanshin Tigers,9,13,0,"0,0,3,3,1,0,2,0,x",3,ZOZO Marine Stadium,,03:21,30024,GAME20090613LMHT0335
2009,2009-06-13,Reg Season,Chunichi Dragons,Away,L,1,Hokkaido Nippon-Ham Fighters,1,7,0,"0,0,0,0,0,0,0,0,1",3,Sapporo Dome,,03:24,35699,GAME20090613NFCD0334
2009,2009-06-13,Reg Season,Hokkaido Nippon-Ham Fighters,Home,W,9,Chunichi Dragons,9,12,0,"1,6,1,1,0,0,0,0,x",3,Sapporo Dome,,03:24,35699,GAME20090613NFCD0334
2009,2009-06-13,Reg Season,Tokyo Yakult Swallows,Away,W,3,Orix Buffaloes,3,6,0,"0,3,0,0,0,0,0,0,0",3,Kyocera Dome Osaka,,03:00,22542,GAME20090613OBYS0332
2009,2009-06-13,Reg Season,Orix Buffaloes,Home,L,1,Tokyo Yakult Swallows,1,7,0,"1,0,0,0,0,0,0,0,0",3,Kyocera Dome Osaka,,03:00,22542,GAME20090613OBYS0332
2009,2009-06-13,Reg Season,Yokohama BayStars,Away,L,0,Tohoku Rakuten Golden Eagles,0,2,0,"0,0,0,0,0,0,0,0,0",3,Rakuten Seimei Park Miyagi,,02:38,20390,GAME20090613REDB0331
2009,2009-06-13,Reg Season,Tohoku Rakuten Golden Eagles,Home,W,4,Yokohama BayStars,4,6,0,"0,3,0,0,0,0,0,1,x",3,Rakuten Seimei Park Miyagi,,02:38,20390,GAME20090613REDB0331
2009,2009-06-13,Reg Season,Yomiuri Giants,Away,L,1,Fukuoka Softbank Hawks,1,9,1,"0,1,0,0,0,0,0,0,0",3,Mizuho PayPay Dome Fukuoka,,02:27,36153,GAME20090613SHYG0333
2009,2009-06-13,Reg Season,Fukuoka Softbank Hawks,Home,W,3,Yomiuri Giants,3,6,1,"0,0,0,1,1,0,0,1,x",3,Mizuho PayPay Dome Fukuoka,,02:27,36153,GAME20090613SHYG0333
2009,2009-06-13,Reg Season,Hiroshima Toyo Carp,Away,L,2,Saitama Seibu Lions,2,10,0,"0,1,0,0,0,0,1,0,0",3,Belluna Dome,,02:51,33747,GAME20090613SLHC0330
2009,2009-06-13,Reg Season,Saitama Seibu Lions,Home,W,4,Hiroshima Toyo Carp,4,5,0,"0,2,2,0,0,0,0,0,x",3,Belluna Dome,,02:51,33747,GAME20090613SLHC0330
2009,2009-06-14,Reg Season,Hanshin Tigers,Away,L,1,Chiba Lotte Marines,1,6,0,"0,0,0,1,0,0,0,0,0",4,ZOZO Marine Stadium,,03:01,30018,GAME20090614LMHT0339
2009,2009-06-14,Reg Season,Chiba Lotte Marines,Home,W,4,Hanshin Tigers,4,8,0,"0,0,0,0,1,0,0,3,x",4,ZOZO Marine Stadium,,03:01,30018,GAME20090614LMHT0339
2009,2009-06-14,Reg Season,Chunichi Dragons,Away,W,11,Hokkaido Nippon-Ham Fighters,11,13,1,"0,3,7,1,0,0,0,0,0",4,Sapporo Dome,,03:49,33086,GAME20090614NFCD0338
2009,2009-06-14,Reg Season,Hokkaido Nippon-Ham Fighters,Home,L,10,Chunichi Dragons,10,17,1,"4,0,0,0,0,2,2,2,0",4,Sapporo Dome,,03:49,33086,GAME20090614NFCD0338
2009,2009-06-14,Reg Season,Tokyo Yakult Swallows,Away,W,14,Orix Buffaloes,14,20,0,"2,0,0,0,10,1,1,0,0",4,Kyocera Dome Osaka,,04:08,22275,GAME20090614OBYS0337
2009,2009-06-14,Reg Season,Orix Buffaloes,Home,L,10,Tokyo Yakult Swallows,10,12,0,"1,0,1,0,1,0,5,0,2",4,Kyocera Dome Osaka,,04:08,22275,GAME20090614OBYS0337
2009,2009-06-14,Reg Season,Yokohama BayStars,Away,L,0,Tohoku Rakuten Golden Eagles,0,5,0,"0,0,0,0,0,0,0,0,0",4,Rakuten Seimei Park Miyagi,,03:02,20441,GAME20090614REDB0340
2009,2009-06-14,Reg Season,Tohoku Rakuten Golden Eagles,Home,W,9,Yokohama BayStars,9,15,0,"0,0,1,0,3,4,1,0,x",4,Rakuten Seimei Park Miyagi,,03:02,20441,GAME20090614REDB0340
2009,2009-06-14,Reg Season,Yomiuri Giants,Away,L,1,Fukuoka Softbank Hawks,1,4,0,"1,0,0,0,0,0,0,0,0",4,Mizuho PayPay Dome Fukuoka,,02:59,35629,GAME20090614SHYG0341
2009,2009-06-14,Reg Season,Fukuoka Softbank Hawks,Home,W,5,Yomiuri Giants,5,9,1,"0,0,0,0,0,0,2,3,x",4,Mizuho PayPay Dome Fukuoka,,02:59,35629,GAME20090614SHYG0341
2009,2009-06-14,Reg Season,Hiroshima Toyo Carp,Away,T,4,Saitama Seibu Lions,4,13,1,"0,0,0,1,0,0,0,2,0,1,0,0",4,Belluna Dome,,04:39,32795,GAME20090614SLHC0336
2009,2009-06-14,Reg Season,Saitama Seibu Lions,Home,T,4,Hiroshima Toyo Carp,4,11,0,"0,0,0,0,0,2,1,0,0,1,0,0",4,Belluna Dome,,04:39,32795,GAME20090614SLHC0336
2009,2009-06-16,Reg Season,Fukuoka Softbank Hawks,Away,W,4,Chunichi Dragons,4,7,0,"1,1,0,0,0,0,1,0,0,1",3,Ishikawa Prefectural Baseball Stadium,,03:13,12235,GAME20090616CDSH0342
2009,2009-06-16,Reg Season,Chunichi Dragons,Home,L,3,Fukuoka Softbank Hawks,3,5,0,"0,0,0,2,0,0,0,0,1,0",3,Ishikawa Prefectural Baseball Stadium,,03:13,12235,GAME20090616CDSH0342
2009,2009-06-16,Reg Season,Orix Buffaloes,Away,W,1,Yokohama BayStars,1,6,0,"0,0,0,1,0,0x",3,Yokohama Stadium,,01:26,7408,GAME20090616DBOB0344
2009,2009-06-16,Reg Season,Yokohama BayStars,Home,L,0,Orix Buffaloes,0,2,2,"0,0,0,0,0",3,Yokohama Stadium,,01:26,7408,GAME20090616DBOB0344
2009,2009-06-16,Reg Season,Hokkaido Nippon-Ham Fighters,Away,L,3,Hanshin Tigers,3,6,0,"2,0,0,0,1,0,0,0,0",3,Kyocera Dome Osaka,,02:47,21310,GAME20090616HTNF0345
2009,2009-06-16,Reg Season,Hanshin Tigers,Home,W,4,Hokkaido Nippon-Ham Fighters,4,5,0,"0,1,3,0,0,0,0,0,x",3,Kyocera Dome Osaka,,02:47,21310,GAME20090616HTNF0345
2009,2009-06-16,Reg Season,Saitama Seibu Lions,Away,L,6,Yomiuri Giants,6,13,0,"0,0,0,3,0,0,0,3,0",3,Ube Municipal Baseball Stadium,,03:33,18850,GAME20090616YGSL0343
2009,2009-06-16,Reg Season,Yomiuri Giants,Home,W,7,Saitama Seibu Lions,7,11,1,"0,0,1,5,0,1,0,0,x",3,Ube Municipal Baseball Stadium,,03:33,18850,GAME20090616YGSL0343
2009,2009-06-17,Reg Season,Fukuoka Softbank Hawks,Away,L,1,Chunichi Dragons,1,6,3,"0,0,0,0,0,0,0,1,0",4,Alpen Stadium,,02:47,14840,GAME20090617CDSH0349
2009,2009-06-17,Reg Season,Chunichi Dragons,Home,W,3,Fukuoka Softbank Hawks,3,7,0,"2,0,0,0,1,0,0,0,x",4,Alpen Stadium,,02:47,14840,GAME20090617CDSH0349
2009,2009-06-17,Reg Season,Orix Buffaloes,Away,W,4,Yokohama BayStars,4,13,1,"0,1,0,0,0,1,1,1,0",4,Yokohama Stadium,,03:02,12028,GAME20090617DBOB0347
2009,2009-06-17,Reg Season,Yokohama BayStars,Home,L,2,Orix Buffaloes,2,6,0,"0,0,0,0,0,2,0,0,0",4,Yokohama Stadium,,03:02,12028,GAME20090617DBOB0347
2009,2009-06-17,Reg Season,Tohoku Rakuten Golden Eagles,Away,W,5,Hiroshima Toyo Carp,5,13,0,"0,0,0,0,0,0,2,1,2",3,Miyoshi Kinsai Stadium,,03:08,12182,GAME20090617HCRE0346
2009,2009-06-17,Reg Season,Hiroshima Toyo Carp,Home,L,2,Tohoku Rakuten Golden Eagles,2,8,2,"0,0,0,1,0,0,0,1,0",3,Miyoshi Kinsai Stadium,,03:08,12182,GAME20090617HCRE0346
2009,2009-06-17,Reg Season,Hokkaido Nippon-Ham Fighters,Away,W,10,Hanshin Tigers,10,21,0,"2,0,1,0,1,2,3,0,1",4,Kyocera Dome Osaka,,04:17,23543,GAME20090617HTNF0350
2009,2009-06-17,Reg Season,Hanshin Tigers,Home,L,5,Hokkaido Nippon-Ham Fighters,5,12,0,"0,1,1,0,0,0,0,3,0",4,Kyocera Dome Osaka,,04:17,23543,GAME20090617HTNF0350
2009,2009-06-17,Reg Season,Saitama Seibu Lions,Away,L,1,Yomiuri Giants,1,8,0,"0,0,1,0,0,0,0,0,0",4,Tokyo Dome,,03:06,45174,GAME20090617YGSL0351
2009,2009-06-17,Reg Season,Yomiuri Giants,Home,W,2,Saitama Seibu Lions,2,7,0,"0,0,0,0,0,1,1,0,x",4,Tokyo Dome,,03:06,45174,GAME20090617YGSL0351
2009,2009-06-17,Reg Season,Chiba Lotte Marines,Away,L,1,Tokyo Yakult Swallows,1,9,0,"0,0,0,0,0,0,1,0,0",3,Meiji Jingu Stadium,,03:12,17168,GAME20090617YSLM0348
2009,2009-06-17,Reg Season,Tokyo Yakult Swallows,Home,W,10,Chiba Lotte Marines,10,15,0,"1,0,2,0,0,2,1,4,x",3,Meiji Jingu Stadium,,03:12,17168,GAME20090617YSLM0348
2009,2009-06-18,Reg Season,Tohoku Rakuten Golden Eagles,Away,L,2,Hiroshima Toyo Carp,2,7,0,"0,1,0,0,1,0,0,0,0,0",4,MAZDA Zoom-Zoom Stadium Hiroshima,,03:12,32206,GAME20090618HCRE0352
2009,2009-06-18,Reg Season,Hiroshima Toyo Carp,Home,W,3,Tohoku Rakuten Golden Eagles,3,9,2,"0,0,0,0,1,0,1,0,0,1x",4,MAZDA Zoom-Zoom Stadium Hiroshima,,03:12,32206,GAME20090618HCRE0352
2009,2009-06-18,Reg Season,Chiba Lotte Marines,Away,L,5,Tokyo Yakult Swallows,5,12,2,"0,0,2,0,3,0,0,0,0,0,0",4,Meiji Jingu Stadium,,04:33,15548,GAME20090618YSLM0353
2009,2009-06-18,Reg Season,Tokyo Yakult Swallows,Home,W,6,Chiba Lotte Marines,6,15,0,"1,0,1,0,3,0,0,0,0,0,1x",4,Meiji Jingu Stadium,,04:33,15548,GAME20090618YSLM0353
2009,2009-06-19,Reg Season,Saitama Seibu Lions,Away,L,5,Yokohama BayStars,5,14,0,"4,0,1,0,0,0,0,0,0",4,Yokohama Stadium,,03:39,11727,GAME20090619DBSL0354
2009,2009-06-19,Reg Season,Yokohama BayStars,Home,W,6,Saitama Seibu Lions,6,15,1,"0,0,0,0,2,1,1,2,x",4,Yokohama Stadium,,03:39,11727,GAME20090619DBSL0354
2009,2009-06-20,Reg Season,Orix Buffaloes,Away,L,0,Chunichi Dragons,0,6,0,"0,0,0,0,0,0,0,0,0",3,Vantelin Dome Nagoya,,02:51,37094,GAME20090620CDOB0357
2009,2009-06-20,Reg Season,Chunichi Dragons,Home,W,4,Orix Buffaloes,4,9,0,"0,1,0,0,0,2,0,1,x",3,Vantelin Dome Nagoya,,02:51,37094,GAME20090620CDOB0357
2009,2009-06-20,Reg Season,Fukuoka Softbank Hawks,Away,W,11,Yokohama BayStars,11,12,0,"1,3,1,0,1,1,4,0,0",3,Yokohama Stadium,,03:26,25110,GAME20090620DBSH0359
2009,2009-06-20,Reg Season,Yokohama BayStars,Home,L,7,Fukuoka Softbank Hawks,7,10,0,"3,0,0,0,0,0,3,0,1",3,Yokohama Stadium,,03:26,25110,GAME20090620DBSH0359
2009,2009-06-20,Reg Season,Hokkaido Nippon-Ham Fighters,Away,W,5,Hiroshima Toyo Carp,5,14,0,"1,0,0,0,1,0,2,0,1",3,MAZDA Zoom-Zoom Stadium Hiroshima,,03:07,30993,GAME20090620HCNF0360
2009,2009-06-20,Reg Season,Hiroshima Toyo Carp,Home,L,1,Hokkaido Nippon-Ham Fighters,1,4,0,"0,0,0,1,0,0,0,0,0",3,MAZDA Zoom-Zoom Stadium Hiroshima,,03:07,30993,GAME20090620HCNF0360
2009,2009-06-20,Reg Season,Tohoku Rakuten Golden Eagles,Away,W,5,Hanshin Tigers,5,12,0,"0,0,5,0,0,0,0,0,0",3,Hanshin Koshien Stadium,,03:20,46893,GAME20090620HTRE0355
2009,2009-06-20,Reg Season,Hanshin Tigers,Home,L,2,Tohoku Rakuten Golden Eagles,2,7,1,"0,0,0,0,0,2,0,0,0",3,Hanshin Koshien Stadium,,03:20,46893,GAME20090620HTRE0355
2009,2009-06-20,Reg Season,Chiba Lotte Marines,Away,L,2,Yomiuri Giants,2,10,0,"0,0,0,0,0,0,1,1,0",3,Tokyo Dome,,02:36,44110,GAME20090620YGLM0358
2009,2009-06-20,Reg Season,Yomiuri Giants,Home,W,5,Chiba Lotte Marines,5,9,1,"4,0,1,0,0,0,0,0,x",3,Tokyo Dome,,02:36,44110,GAME20090620YGLM0358
2009,2009-06-20,Reg Season,Saitama Seibu Lions,Away,L,4,Tokyo Yakult Swallows,4,10,0,"1,0,0,1,0,0,0,2,0,0",3,Meiji Jingu Stadium,,03:51,28565,GAME20090620YSSL0356
2009,2009-06-20,Reg Season,Tokyo Yakult Swallows,Home,W,5,Saitama Seibu Lions,5,9,0,"0,1,0,0,0,0,0,3,0,1x",3,Meiji Jingu Stadium,,03:51,28565,GAME20090620YSSL0356
2009,2009-06-21,Reg Season,Orix Buffaloes,Away,L,3,Chunichi Dragons,3,8,0,"0,0,0,0,0,0,1,2,0",4,Vantelin Dome Nagoya,,03:16,31682,GAME20090621CDOB0362
2009,2009-06-21,Reg Season,Chunichi Dragons,Home,W,8,Orix Buffaloes,8,11,1,"4,0,0,0,0,0,4,0,x",4,Vantelin Dome Nagoya,,03:16,31682,GAME20090621CDOB0362
2009,2009-06-21,Reg Season,Fukuoka Softbank Hawks,Away,W,5,Yokohama BayStars,5,7,0,"1,2,0,2,0,0,0,0,0",4,Yokohama Stadium,,02:45,12700,GAME20090621DBSH0363
2009,2009-06-21,Reg Season,Yokohama BayStars,Home,L,0,Fukuoka Softbank Hawks,0,3,2,"0,0,0,0,0,0,0,0,0",4,Yokohama Stadium,,02:45,12700,GAME20090621DBSH0363
2009,2009-06-21,Reg Season,Hokkaido Nippon-Ham Fighters,Away,L,5,Hiroshima Toyo Carp,5,12,0,"0,1,1,0,0,3,0,0,0",4,MAZDA Zoom-Zoom Stadium Hiroshima,,03:27,30486,GAME20090621HCNF0364
2009,2009-06-21,Reg Season,Hiroshima Toyo Carp,Home,W,7,Hokkaido Nippon-Ham Fighters,7,10,1,"0,0,2,3,0,2,0,0,x",4,MAZDA Zoom-Zoom Stadium Hiroshima,,03:27,30486,GAME20090621HCNF0364
2009,2009-06-21,Reg Season,Tohoku Rakuten Golden Eagles,Away,L,2,Hanshin Tigers,2,6,0,"0,0,0,0,2,0,0,0,0",4,Hanshin Koshien Stadium,,03:04,46856,GAME20090621HTRE0361
2009,2009-06-21,Reg Season,Hanshin Tigers,Home,W,4,Tohoku Rakuten Golden Eagles,4,11,2,"0,1,2,0,1,0,0,0,x",4,Hanshin Koshien Stadium,,03:04,46856,GAME20090621HTRE0361
2009,2009-06-21,Reg Season,Chiba Lotte Marines,Away,W,9,Yomiuri Giants,9,11,0,"1,0,0,0,0,1,2,3,2",4,Tokyo Dome,,03:02,44362,GAME20090621YGLM0366
2009,2009-06-21,Reg Season,Yomiuri Giants,Home,L,4,Chiba Lotte Marines,4,10,1,"1,0,0,0,0,0,0,3,0",4,Tokyo Dome,,03:02,44362,GAME20090621YGLM0366
2009,2009-06-21,Reg Season,Saitama Seibu Lions,Away,L,5,Tokyo Yakult Swallows,5,10,1,"2,0,0,2,0,0,0,0,1",4,Meiji Jingu Stadium,,03:16,15643,GAME20090621YSSL0365
2009,2009-06-21,Reg Season,Tokyo Yakult Swallows,Home,W,6,Saitama Seibu Lions,6,13,1,"0,0,2,1,1,0,0,1,1x",4,Meiji Jingu Stadium,,03:16,15643,GAME20090621YSSL0365
2009,2009-06-26,Reg Season,Chunichi Dragons,Away,W,3,Hiroshima Toyo Carp,3,6,0,"0,1,0,0,0,0,0,0,2",7,MAZDA Zoom-Zoom Stadium Hiroshima,,02:54,23337,GAME20090626HCCD0368
2009,2009-06-26,Reg Season,Hiroshima Toyo Carp,Home,L,2,Chunichi Dragons,2,9,0,"0,0,0,0,0,1,1,0,0",7,MAZDA Zoom-Zoom Stadium Hiroshima,,02:54,23337,GAME20090626HCCD0368
2009,2009-06-26,Reg Season,Yokohama BayStars,Away,L,4,Hanshin Tigers,4,10,2,"1,0,2,0,0,0,0,0,1",10,Hanshin Koshien Stadium,,03:28,46348,GAME20090626HTDB0369
2009,2009-06-26,Reg Season,Hanshin Tigers,Home,W,9,Yokohama BayStars,9,15,2,"2,1,0,2,1,2,0,1,x",10,Hanshin Koshien Stadium,,03:28,46348,GAME20090626HTDB0369
2009,2009-06-26,Reg Season,Hokkaido Nippon-Ham Fighters,Away,W,5,Chiba Lotte Marines,5,9,0,"1,0,0,0,0,0,1,3,0",6,ZOZO Marine Stadium,,03:05,28367,GAME20090626LMNF0367
2009,2009-06-26,Reg Season,Chiba Lotte Marines,Home,L,0,Hokkaido Nippon-Ham Fighters,0,2,1,"0,0,0,0,0,0,0,0,0",6,ZOZO Marine Stadium,,03:05,28367,GAME20090626LMNF0367
2009,2009-06-26,Reg Season,Tohoku Rakuten Golden Eagles,Away,L,1,Orix Buffaloes,1,4,1,"1,0,0,0,0,0,0,0,0",6,Kyocera Dome Osaka,,02:29,16358,GAME20090626OBRE0372
2009,2009-06-26,Reg Season,Orix Buffaloes,Home,W,3,Tohoku Rakuten Golden Eagles,3,6,0,"0,0,0,0,0,3,0,0,x",6,Kyocera Dome Osaka,,02:29,16358,GAME20090626OBRE0372
2009,2009-06-26,Reg Season,Fukuoka Softbank Hawks,Away,L,4,Saitama Seibu Lions,4,10,0,"0,0,0,0,0,1,0,0,3",10,Omiya Park Baseball Stadium,,02:52,17215,GAME20090626SLSH0371
2009,2009-06-26,Reg Season,Saitama Seibu Lions,Home,W,10,Fukuoka Softbank Hawks,10,10,0,"0,0,0,4,5,1,0,0,x",10,Omiya Park Baseball Stadium,,02:52,17215,GAME20090626SLSH0371
2009,2009-06-26,Reg Season,Tokyo Yakult Swallows,Away,L,2,Yomiuri Giants,2,11,1,"0,0,1,0,0,1,0,0,0",6,Tokyo Dome,,03:16,44215,GAME20090626YGYS0370
2009,2009-06-26,Reg Season,Yomiuri Giants,Home,W,7,Tokyo Yakult Swallows,7,15,0,"0,2,0,2,1,2,0,0,x",6,Tokyo Dome,,03:16,44215,GAME20090626YGYS0370
2009,2009-06-27,Reg Season,Chunichi Dragons,Away,W,5,Hiroshima Toyo Carp,5,9,0,"0,0,0,3,1,0,1,0,0",8,MAZDA Zoom-Zoom Stadium Hiroshima,,03:14,30502,GAME20090627HCCD0377
2009,2009-06-27,Reg Season,Hiroshima Toyo Carp,Home,L,3,Chunichi Dragons,3,6,0,"2,0,1,0,0,0,0,0,0",8,MAZDA Zoom-Zoom Stadium Hiroshima,,03:14,30502,GAME20090627HCCD0377
2009,2009-06-27,Reg Season,Yokohama BayStars,Away,W,5,Hanshin Tigers,5,7,0,"3,0,0,0,0,1,0,0,1",11,Hanshin Koshien Stadium,,03:10,46818,GAME20090627HTDB0374
2009,2009-06-27,Reg Season,Hanshin Tigers,Home,L,3,Yokohama BayStars,3,11,0,"0,0,0,0,0,0,0,3,0",11,Hanshin Koshien Stadium,,03:10,46818,GAME20090627HTDB0374
2009,2009-06-27,Reg Season,Hokkaido Nippon-Ham Fighters,Away,W,5,Chiba Lotte Marines,5,11,0,"0,1,0,3,1,0,0,0,0",7,ZOZO Marine Stadium,,02:56,23513,GAME20090627LMNF0373
2009,2009-06-27,Reg Season,Chiba Lotte Marines,Home,L,4,Hokkaido Nippon-Ham Fighters,4,4,0,"0,0,0,1,2,0,1,0,0",7,ZOZO Marine Stadium,,02:56,23513,GAME20090627LMNF0373
2009,2009-06-27,Reg Season,Tohoku Rakuten Golden Eagles,Away,W,11,Orix Buffaloes,11,15,0,"0,0,2,0,0,2,5,2,0",7,Kyocera Dome Osaka,,03:28,19760,GAME20090627OBRE0376
2009,2009-06-27,Reg Season,Orix Buffaloes,Home,L,5,Tohoku Rakuten Golden Eagles,5,9,2,"1,2,1,0,0,0,0,0,1",7,Kyocera Dome Osaka,,03:28,19760,GAME20090627OBRE0376
2009,2009-06-27,Reg Season,Fukuoka Softbank Hawks,Away,W,10,Saitama Seibu Lions,10,12,0,"0,2,1,0,0,1,2,0,4",11,Belluna Dome,,03:24,30200,GAME20090627SLSH0375
2009,2009-06-27,Reg Season,Saitama Seibu Lions,Home,L,3,Fukuoka Softbank Hawks,3,7,0,"0,0,0,2,0,1,0,0,0",11,Belluna Dome,,03:24,30200,GAME20090627SLSH0375
2009,2009-06-27,Reg Season,Tokyo Yakult Swallows,Away,W,6,Yomiuri Giants,6,11,0,"0,1,1,1,0,1,2,0,0",7,Tokyo Dome,,03:03,45036,GAME20090627YGYS0378
2009,2009-06-27,Reg Season,Yomiuri Giants,Home,L,1,Tokyo Yakult Swallows,1,2,1,"0,0,0,0,1,0,0,0,0",7,Tokyo Dome,,03:03,45036,GAME20090627YGYS0378
2009,2009-06-28,Reg Season,Chunichi Dragons,Away,W,2,Hiroshima Toyo Carp,2,6,1,"0,0,0,2,0,0,0,0,0",9,MAZDA Zoom-Zoom Stadium Hiroshima,,03:11,28049,GAME20090628HCCD0381
2009,2009-06-28,Reg Season,Hiroshima Toyo Carp,Home,L,1,Chunichi Dragons,1,7,1,"1,0,0,0,0,0,0,0,0",9,MAZDA Zoom-Zoom Stadium Hiroshima,,03:11,28049,GAME20090628HCCD0381
2009,2009-06-28,Reg Season,Yokohama BayStars,Away,L,2,Hanshin Tigers,2,5,0,"0,1,0,0,1,0,0,0,0",12,Hanshin Koshien Stadium,,03:19,46584,GAME20090628HTDB0383
2009,2009-06-28,Reg Season,Hanshin Tigers,Home,W,3,Yokohama BayStars,3,11,1,"0,0,0,0,0,0,0,0,3x",12,Hanshin Koshien Stadium,,03:19,46584,GAME20090628HTDB0383
2009,2009-06-28,Reg Season,Hokkaido Nippon-Ham Fighters,Away,L,2,Chiba Lotte Marines,2,3,0,"0,0,0,2,0,0,0x",8,ZOZO Marine Stadium,,02:16,18184,GAME20090628LMNF0379
2009,2009-06-28,Reg Season,Chiba Lotte Marines,Home,W,3,Hokkaido Nippon-Ham Fighters,3,7,0,"0,2,0,0,0,1",8,ZOZO Marine Stadium,,02:16,18184,GAME20090628LMNF0379
2009,2009-06-28,Reg Season,Tohoku Rakuten Golden Eagles,Away,W,4,Orix Buffaloes,4,5,1,"0,1,3,0,0,0,0,0,0",8,Kyocera Dome Osaka,,03:35,25567,GAME20090628OBRE0384
2009,2009-06-28,Reg Season,Orix Buffaloes,Home,L,3,Tohoku Rakuten Golden Eagles,3,9,1,"0,0,0,1,0,0,0,0,2",8,Kyocera Dome Osaka,,03:35,25567,GAME20090628OBRE0384
2009,2009-06-28,Reg Season,Fukuoka Softbank Hawks,Away,W,7,Saitama Seibu Lions,7,13,1,"0,0,0,2,1,0,2,0,2",12,Belluna Dome,,03:27,28238,GAME20090628SLSH0380
2009,2009-06-28,Reg Season,Saitama Seibu Lions,Home,L,5,Fukuoka Softbank Hawks,5,8,0,"2,0,0,2,0,0,0,1,0",12,Belluna Dome,,03:27,28238,GAME20090628SLSH0380
2009,2009-06-28,Reg Season,Tokyo Yakult Swallows,Away,L,1,Yomiuri Giants,1,4,0,"0,0,0,0,0,0,0,1,0",8,Tokyo Dome,,02:28,44435,GAME20090628YGYS0382
2009,2009-06-28,Reg Season,Yomiuri Giants,Home,W,7,Tokyo Yakult Swallows,7,12,0,"2,0,0,0,0,4,1,0,x",8,Tokyo Dome,,02:28,44435,GAME20090628YGYS0382
2009,2009-06-30,Reg Season,Hanshin Tigers,Away,L,4,Chunichi Dragons,4,7,0,"1,3,0,0,0,0,0,0,0",6,Vantelin Dome Nagoya,,03:18,27505,GAME20090630CDHT0386
2009,2009-06-30,Reg Season,Chunichi Dragons,Home,W,5,Hanshin Tigers,5,7,0,"0,0,0,1,0,4,0,0,x",6,Vantelin Dome Nagoya,,03:18,27505,GAME20090630CDHT0386
2009,2009-06-30,Reg Season,Tokyo Yakult Swallows,Away,L,2,Yokohama BayStars,2,6,0,"2,0,0,0,0,0,0,0,0",6,Matsumoto Baseball Stadium,,03:11,9287,GAME20090630DBYS0387
2009,2009-06-30,Reg Season,Yokohama BayStars,Home,W,3,Tokyo Yakult Swallows,3,8,0,"0,0,1,1,1,0,0,0,x",6,Matsumoto Baseball Stadium,,03:11,9287,GAME20090630DBYS0387
2009,2009-06-30,Reg Season,Tohoku Rakuten Golden Eagles,Away,L,1,Hokkaido Nippon-Ham Fighters,1,3,3,"0,1,0,0,0,0,0,0,0",10,Sapporo Dome,,03:16,23248,GAME20090630NFRE0389
2009,2009-06-30,Reg Season,Hokkaido Nippon-Ham Fighters,Home,W,3,Tohoku Rakuten Golden Eagles,3,9,0,"1,0,0,1,1,0,0,0,x",10,Sapporo Dome,,03:16,23248,GAME20090630NFRE0389
2009,2009-06-30,Reg Season,Orix Buffaloes,Away,L,2,Fukuoka Softbank Hawks,2,7,1,"0,0,0,1,0,0,0,0,1",7,Mizuho PayPay Dome Fukuoka,,03:18,31212,GAME20090630SHOB0388
2009,2009-06-30,Reg Season,Fukuoka Softbank Hawks,Home,W,13,Orix Buffaloes,13,16,0,"4,2,1,0,0,0,0,6,x",7,Mizuho PayPay Dome Fukuoka,,03:18,31212,GAME20090630SHOB0388
2009,2009-06-30,Reg Season,Chiba Lotte Marines,Away,W,8,Saitama Seibu Lions,8,11,0,"0,2,0,1,0,0,0,1,1,0,3",10,Belluna Dome,,04:20,11391,GAME20090630SLLM0385
2009,2009-06-30,Reg Season,Saitama Seibu Lions,Home,L,6,Chiba Lotte Marines,6,12,0,"0,0,0,0,0,2,0,2,1,0,1",10,Belluna Dome,,04:20,11391,GAME20090630SLLM0385
2009,2009-06-30,Reg Season,Hiroshima Toyo Carp,Away,L,3,Yomiuri Giants,3,5,1,"0,0,0,0,0,0,0,3,0",10,Gifu Prefectural Baseball Stadium,,02:51,17208,GAME20090630YGHC0390
2009,2009-06-30,Reg Season,Yomiuri Giants,Home,W,4,Hiroshima Toyo Carp,4,8,1,"0,0,0,0,0,0,4,0,x",10,Gifu Prefectural Baseball Stadium,,02:51,17208,GAME20090630YGHC0390
2009,2009-07-01,Reg Season,Hanshin Tigers,Away,L,1,Chunichi Dragons,1,9,1,"0,0,0,0,0,0,1,0,0",7,Vantelin Dome Nagoya,,02:55,27740,GAME20090701CDHT0395
2009,2009-07-01,Reg Season,Chunichi Dragons,Home,W,4,Hanshin Tigers,4,5,0,"0,0,0,0,0,4,0,0,x",7,Vantelin Dome Nagoya,,02:55,27740,GAME20090701CDHT0395
2009,2009-07-01,Reg Season,Tokyo Yakult Swallows,Away,L,5,Yokohama BayStars,5,8,1,"0,2,2,0,1,0,0,0,0",7,Midorigaoka Sports Koen Ya Baseball Field,,03:52,12520,GAME20090701DBYS0392
2009,2009-07-01,Reg Season,Yokohama BayStars,Home,W,9,Tokyo Yakult Swallows,9,17,0,"2,1,1,0,0,2,1,2,x",7,Midorigaoka Sports Koen Ya Baseball Field,,03:52,12520,GAME20090701DBYS0392
2009,2009-07-01,Reg Season,Tohoku Rakuten Golden Eagles,Away,L,5,Hokkaido Nippon-Ham Fighters,5,10,0,"0,0,0,0,0,0,1,0,4",11,Sapporo Dome,,03:11,23374,GAME20090701NFRE0393
2009,2009-07-01,Reg Season,Hokkaido Nippon-Ham Fighters,Home,W,10,Tohoku Rakuten Golden Eagles,10,13,1,"0,6,0,1,3,0,0,0,x",11,Sapporo Dome,,03:11,23374,GAME20090701NFRE0393
2009,2009-07-01,Reg Season,Chiba Lotte Marines,Away,L,6,Saitama Seibu Lions,6,13,0,"1,0,0,0,1,4,0,0,0",11,Belluna Dome,,03:24,11617,GAME20090701SLLM0394
2009,2009-07-01,Reg Season,Saitama Seibu Lions,Home,W,11,Chiba Lotte Marines,11,15,1,"1,4,0,0,0,2,2,2,x",11,Belluna Dome,,03:24,11617,GAME20090701SLLM0394
2009,2009-07-01,Reg Season,Hiroshima Toyo Carp,Away,W,2,Yomiuri Giants,2,9,1,"0,1,0,0,0,0,0,1,0",11,Tokyo Dome,,02:59,42078,GAME20090701YGHC0391
2009,2009-07-01,Reg Season,Yomiuri Giants,Home,L,1,Hiroshima Toyo Carp,1,6,0,"0,0,0,0,1,0,0,0,0",11,Tokyo Dome,,02:59,42078,GAME20090701YGHC0391
2009,2009-07-02,Reg Season,Hanshin Tigers,Away,W,4,Chunichi Dragons,4,12,0,"0,0,0,1,0,0,1,2,0",8,Vantelin Dome Nagoya,,03:29,27644,GAME20090702CDHT0397
2009,2009-07-02,Reg Season,Chunichi Dragons,Home,L,3,Hanshin Tigers,3,9,0,"1,0,0,0,2,0,0,0,0",8,Vantelin Dome Nagoya,,03:29,27644,GAME20090702CDHT0397
2009,2009-07-02,Reg Season,Tohoku Rakuten Golden Eagles,Away,L,3,Hokkaido Nippon-Ham Fighters,3,13,0,"0,1,0,0,0,0,0,2,0",12,Sapporo Dome,,03:46,25442,GAME20090702NFRE0399
2009,2009-07-02,Reg Season,Hokkaido Nippon-Ham Fighters,Home,W,6,Tohoku Rakuten Golden Eagles,6,5,0,"0,2,0,0,0,0,0,4,x",12,Sapporo Dome,,03:46,25442,GAME20090702NFRE0399
2009,2009-07-02,Reg Season,Orix Buffaloes,Away,W,6,Fukuoka Softbank Hawks,6,14,0,"0,0,2,1,0,0,2,0,0,0,1",8,Mizuho PayPay Dome Fukuoka,,04:04,30918,GAME20090702SHOB0398
2009,2009-07-02,Reg Season,Fukuoka Softbank Hawks,Home,L,5,Orix Buffaloes,5,10,1,"0,2,1,1,0,0,1,0,0,0,0",8,Mizuho PayPay Dome Fukuoka,,04:04,30918,GAME20090702SHOB0398
2009,2009-07-02,Reg Season,Chiba Lotte Marines,Away,W,9,Saitama Seibu Lions,9,16,0,"0,2,0,0,1,0,3,1,0,0,0,2",12,Belluna Dome,,05:42,11156,GAME20090702SLLM0400
2009,2009-07-02,Reg Season,Saitama Seibu Lions,Home,L,8,Chiba Lotte Marines,8,11,1,"0,0,0,0,3,1,3,0,0,0,0,1",12,Belluna Dome,,05:42,11156,GAME20090702SLLM0400
2009,2009-07-02,Reg Season,Hiroshima Toyo Carp,Away,L,1,Yomiuri Giants,1,7,0,"0,1,0,0,0,0,0,0,0",12,Tokyo Dome,,03:10,41489,GAME20090702YGHC0396
2009,2009-07-02,Reg Season,Yomiuri Giants,Home,W,4,Hiroshima Toyo Carp,4,12,0,"0,1,2,0,0,1,0,0,x",12,Tokyo Dome,,03:10,41489,GAME20090702YGHC0396
2009,2009-07-03,Reg Season,Yomiuri Giants,Away,W,4,Chunichi Dragons,4,9,0,"3,0,0,0,0,0,0,1,0",10,Vantelin Dome Nagoya,,03:09,37901,GAME20090703CDYG0402
2009,2009-07-03,Reg Season,Chunichi Dragons,Home,L,3,Yomiuri Giants,3,7,0,"0,0,0,0,1,2,0,0,0",10,Vantelin Dome Nagoya,,03:09,37901,GAME20090703CDYG0402
2009,2009-07-03,Reg Season,Hiroshima Toyo Carp,Away,W,8,Yokohama BayStars,8,12,0,"1,0,0,0,1,1,1,4,0",6,Yokohama Stadium,,03:13,10910,GAME20090703DBHC0401
2009,2009-07-03,Reg Season,Yokohama BayStars,Home,L,1,Hiroshima Toyo Carp,1,5,1,"0,0,0,0,0,0,1,0,0",6,Yokohama Stadium,,03:13,10910,GAME20090703DBHC0401
2009,2009-07-03,Reg Season,Tokyo Yakult Swallows,Away,L,2,Hanshin Tigers,2,7,1,"0,0,0,0,0,1,0,1,0",8,Hanshin Koshien Stadium,,02:48,45680,GAME20090703HTYS0403
2009,2009-07-03,Reg Season,Hanshin Tigers,Home,W,7,Tokyo Yakult Swallows,7,12,0,"0,4,0,1,1,0,1,0,x",8,Hanshin Koshien Stadium,,02:48,45680,GAME20090703HTYS0403
2009,2009-07-03,Reg Season,Orix Buffaloes,Away,W,6,Chiba Lotte Marines,6,12,0,"0,1,0,2,1,1,1,0,0",7,ZOZO Marine Stadium,,02:59,12890,GAME20090703LMOB0405
2009,2009-07-03,Reg Season,Chiba Lotte Marines,Home,L,2,Orix Buffaloes,2,11,2,"0,0,2,0,0,0,0,0,0",7,ZOZO Marine Stadium,,02:59,12890,GAME20090703LMOB0405
2009,2009-07-03,Reg Season,Saitama Seibu Lions,Away,W,11,Tohoku Rakuten Golden Eagles,11,18,0,"0,0,0,0,0,0,0,4,7",7,Rakuten Seimei Park Miyagi,,03:21,17774,GAME20090703RESL0404
2009,2009-07-03,Reg Season,Tohoku Rakuten Golden Eagles,Home,L,2,Saitama Seibu Lions,2,7,2,"0,1,0,0,1,0,0,0,0",7,Rakuten Seimei Park Miyagi,,03:21,17774,GAME20090703RESL0404
2009,2009-07-04,Reg Season,Yomiuri Giants,Away,L,2,Chunichi Dragons,2,5,0,"0,0,0,0,0,0,2,0,0",11,Vantelin Dome Nagoya,,03:03,38277,GAME20090704CDYG0407
2009,2009-07-04,Reg Season,Chunichi Dragons,Home,W,4,Yomiuri Giants,4,7,0,"0,0,0,0,0,1,3,0,x",11,Vantelin Dome Nagoya,,03:03,38277,GAME20090704CDYG0407
2009,2009-07-04,Reg Season,Hiroshima Toyo Carp,Away,L,7,Yokohama BayStars,7,11,0,"0,2,1,0,2,1,0,1,0",7,Yokohama Stadium,,03:15,16425,GAME20090704DBHC0410
2009,2009-07-04,Reg Season,Yokohama BayStars,Home,W,13,Hiroshima Toyo Carp,13,16,1,"0,0,0,0,4,5,4,0,x",7,Yokohama Stadium,,03:15,16425,GAME20090704DBHC0410
2009,2009-07-04,Reg Season,Tokyo Yakult Swallows,Away,W,6,Hanshin Tigers,6,9,1,"0,2,1,0,1,0,0,2,0",9,Hanshin Koshien Stadium,,03:26,46821,GAME20090704HTYS0411
2009,2009-07-04,Reg Season,Hanshin Tigers,Home,L,3,Tokyo Yakult Swallows,3,8,1,"1,0,0,0,0,2,0,0,0",9,Hanshin Koshien Stadium,,03:26,46821,GAME20090704HTYS0411
2009,2009-07-04,Reg Season,Orix Buffaloes,Away,W,4,Chiba Lotte Marines,4,10,0,"0,0,0,0,0,2,0,0,2",8,ZOZO Marine Stadium,,02:33,19424,GAME20090704LMOB0406
2009,2009-07-04,Reg Season,Chiba Lotte Marines,Home,L,1,Orix Buffaloes,1,4,1,"0,0,1,0,0,0,0,0,0",8,ZOZO Marine Stadium,,02:33,19424,GAME20090704LMOB0406
2009,2009-07-04,Reg Season,Fukuoka Softbank Hawks,Away,W,7,Hokkaido Nippon-Ham Fighters,7,8,1,"0,0,0,2,0,0,2,0,3",7,Chiyogadai Baseball Stadium,,02:51,18086,GAME20090704NFSH0408
2009,2009-07-04,Reg Season,Hokkaido Nippon-Ham Fighters,Home,L,3,Fukuoka Softbank Hawks,3,7,0,"0,0,1,2,0,0,0,0,0",7,Chiyogadai Baseball Stadium,,02:51,18086,GAME20090704NFSH0408
2009,2009-07-04,Reg Season,Saitama Seibu Lions,Away,W,3,Tohoku Rakuten Golden Eagles,3,9,1,"1,0,0,1,0,0,0,1,0",8,Rakuten Seimei Park Miyagi,,03:01,19638,GAME20090704RESL0409
2009,2009-07-04,Reg Season,Tohoku Rakuten Golden Eagles,Home,L,1,Saitama Seibu Lions,1,4,0,"1,0,0,0,0,0,0,0,0",8,Rakuten Seimei Park Miyagi,,03:01,19638,GAME20090704RESL0409
2009,2009-07-05,Reg Season,Yomiuri Giants,Away,L,4,Chunichi Dragons,4,10,0,"1,0,0,0,3,0,0,0,0",12,Vantelin Dome Nagoya,,03:19,38271,GAME20090705CDYG0416
2009,2009-07-05,Reg Season,Chunichi Dragons,Home,W,5,Yomiuri Giants,5,13,0,"2,0,1,2,0,0,0,0,x",12,Vantelin Dome Nagoya,,03:19,38271,GAME20090705CDYG0416
2009,2009-07-05,Reg Season,Hiroshima Toyo Carp,Away,W,6,Yokohama BayStars,6,9,1,"0,0,3,1,1,0,0,0,1",8,Yokohama Stadium,,03:23,16962,GAME20090705DBHC0414
2009,2009-07-05,Reg Season,Yokohama BayStars,Home,L,4,Hiroshima Toyo Carp,4,5,0,"0,0,0,2,1,0,1,0,0",8,Yokohama Stadium,,03:23,16962,GAME20090705DBHC0414
2009,2009-07-05,Reg Season,Tokyo Yakult Swallows,Away,L,1,Hanshin Tigers,1,7,1,"0,0,0,0,0,1,0,0,0",10,Hanshin Koshien Stadium,,02:45,46648,GAME20090705HTYS0415
2009,2009-07-05,Reg Season,Hanshin Tigers,Home,W,4,Tokyo Yakult Swallows,4,7,0,"1,0,0,3,0,0,0,0,x",10,Hanshin Koshien Stadium,,02:45,46648,GAME20090705HTYS0415
2009,2009-07-05,Reg Season,Orix Buffaloes,Away,L,1,Chiba Lotte Marines,1,8,0,"0,0,0,0,0,0,0,1,0",9,ZOZO Marine Stadium,,02:42,17907,GAME20090705LMOB0412
2009,2009-07-05,Reg Season,Chiba Lotte Marines,Home,W,4,Orix Buffaloes,4,9,0,"0,2,2,0,0,0,0,0,x",9,ZOZO Marine Stadium,,02:42,17907,GAME20090705LMOB0412
2009,2009-07-05,Reg Season,Fukuoka Softbank Hawks,Away,W,3,Hokkaido Nippon-Ham Fighters,3,10,1,"0,0,3,0,0,0,0,0,0",8,Chiyogadai Baseball Stadium,,03:28,18660,GAME20090705NFSH0413
2009,2009-07-05,Reg Season,Hokkaido Nippon-Ham Fighters,Home,L,2,Fukuoka Softbank Hawks,2,6,0,"0,0,1,0,0,1,0,0,0",8,Chiyogadai Baseball Stadium,,03:28,18660,GAME20090705NFSH0413
2009,2009-07-05,Reg Season,Saitama Seibu Lions,Away,W,7,Tohoku Rakuten Golden Eagles,7,13,0,"0,0,0,2,0,0,1,4,0",9,Rakuten Seimei Park Miyagi,,04:40,19198,GAME20090705RESL0417
2009,2009-07-05,Reg Season,Tohoku Rakuten Golden Eagles,Home,L,6,Saitama Seibu Lions,6,14,0,"2,0,0,1,0,1,2,0,0",9,Rakuten Seimei Park Miyagi,,04:40,19198,GAME20090705RESL0417
2009,2009-07-07,Reg Season,Hanshin Tigers,Away,L,1,Hiroshima Toyo Carp,1,7,5,"0,0,0,0,0,1,0,0,0",10,HARD OFF ECO Stadium Niigata,,03:18,29653,GAME20090707HCHT0423
2009,2009-07-07,Reg Season,Hiroshima Toyo Carp,Home,W,8,Hanshin Tigers,8,10,0,"0,0,0,0,2,4,0,2,x",10,HARD OFF ECO Stadium Niigata,,03:18,29653,GAME20090707HCHT0423
2009,2009-07-07,Reg Season,Fukuoka Softbank Hawks,Away,L,1,Orix Buffaloes,1,7,1,"0,0,0,1,0,0,0,0,0",9,Kyocera Dome Osaka,,03:06,10260,GAME20090707OBSH0418
2009,2009-07-07,Reg Season,Orix Buffaloes,Home,W,5,Fukuoka Softbank Hawks,5,11,0,"0,0,0,0,0,0,3,2,x",9,Kyocera Dome Osaka,,03:06,10260,GAME20090707OBSH0418
2009,2009-07-07,Reg Season,Chiba Lotte Marines,Away,W,10,Tohoku Rakuten Golden Eagles,10,11,0,"5,0,0,0,0,0,2,3,0",9,Fukushima Azuma Baseball Stadium,,02:48,8651,GAME20090707RELM0422
2009,2009-07-07,Reg Season,Tohoku Rakuten Golden Eagles,Home,L,4,Chiba Lotte Marines,4,8,1,"0,2,0,0,0,0,1,0,1",9,Fukushima Azuma Baseball Stadium,,02:48,8651,GAME20090707RELM0422
2009,2009-07-07,Reg Season,Hokkaido Nippon-Ham Fighters,Away,L,4,Saitama Seibu Lions,4,8,1,"2,1,1,0,0,0,0,0,0",7,Belluna Dome,,02:42,12525,GAME20090707SLNF0421
2009,2009-07-07,Reg Season,Saitama Seibu Lions,Home,W,6,Hokkaido Nippon-Ham Fighters,6,6,0,"2,0,0,2,2,0,0,0,x",7,Belluna Dome,,02:42,12525,GAME20090707SLNF0421
2009,2009-07-07,Reg Season,Yokohama BayStars,Away,W,5,Yomiuri Giants,5,9,0,"1,0,1,0,0,0,0,3,0",10,Tokyo Dome,,03:41,43559,GAME20090707YGDB0419
2009,2009-07-07,Reg Season,Yomiuri Giants,Home,L,4,Yokohama BayStars,4,11,0,"1,0,1,0,0,0,2,0,0",10,Tokyo Dome,,03:41,43559,GAME20090707YGDB0419
2009,2009-07-07,Reg Season,Chunichi Dragons,Away,W,12,Tokyo Yakult Swallows,12,16,0,"1,0,0,4,0,1,1,4,1",10,Meiji Jingu Stadium,,03:09,14268,GAME20090707YSCD0420
2009,2009-07-07,Reg Season,Tokyo Yakult Swallows,Home,L,1,Chunichi Dragons,1,4,0,"0,0,0,0,0,0,0,1,0",10,Meiji Jingu Stadium,,03:09,14268,GAME20090707YSCD0420
2009,2009-07-08,Reg Season,Hanshin Tigers,Away,L,1,Hiroshima Toyo Carp,1,3,0,"1,0,0,0,0,0,0,0,0",11,HARD OFF ECO Stadium Niigata,,02:16,27008,GAME20090708HCHT0427
2009,2009-07-08,Reg Season,Hiroshima Toyo Carp,Home,W,3,Hanshin Tigers,3,8,0,"2,0,1,0,0,0,0,0,x",11,HARD OFF ECO Stadium Niigata,,02:16,27008,GAME20090708HCHT0427
2009,2009-07-08,Reg Season,Fukuoka Softbank Hawks,Away,W,3,Orix Buffaloes,3,9,0,"1,2,0,0,0,0,0,0,0",10,Kyocera Dome Osaka,,02:55,10876,GAME20090708OBSH0424
2009,2009-07-08,Reg Season,Orix Buffaloes,Home,L,2,Fukuoka Softbank Hawks,2,8,0,"0,0,0,1,0,0,0,0,1",10,Kyocera Dome Osaka,,02:55,10876,GAME20090708OBSH0424
2009,2009-07-08,Reg Season,Chiba Lotte Marines,Away,W,7,Tohoku Rakuten Golden Eagles,7,7,2,"0,0,0,0,0,0,1,6,0",10,Rakuten Seimei Park Miyagi,,03:26,12460,GAME20090708RELM0426
2009,2009-07-08,Reg Season,Tohoku Rakuten Golden Eagles,Home,L,5,Chiba Lotte Marines,5,8,3,"0,0,2,0,0,0,1,2,0",10,Rakuten Seimei Park Miyagi,,03:26,12460,GAME20090708RELM0426
2009,2009-07-08,Reg Season,Hokkaido Nippon-Ham Fighters,Away,L,3,Saitama Seibu Lions,3,7,0,"0,0,0,0,1,2,0,0,0",8,Belluna Dome,,03:04,13892,GAME20090708SLNF0429
2009,2009-07-08,Reg Season,Saitama Seibu Lions,Home,W,4,Hokkaido Nippon-Ham Fighters,4,10,1,"0,1,0,1,0,0,2,0,x",8,Belluna Dome,,03:04,13892,GAME20090708SLNF0429
2009,2009-07-08,Reg Season,Yokohama BayStars,Away,L,2,Yomiuri Giants,2,6,1,"0,0,0,0,0,0,0,0,2",11,Tokyo Dome,,03:05,43291,GAME20090708YGDB0428
2009,2009-07-08,Reg Season,Yomiuri Giants,Home,W,3,Yokohama BayStars,3,10,0,"0,0,1,1,0,0,0,0,1x",11,Tokyo Dome,,03:05,43291,GAME20090708YGDB0428
2009,2009-07-08,Reg Season,Chunichi Dragons,Away,L,6,Tokyo Yakult Swallows,6,13,0,"0,2,1,0,1,2,0,0,0",11,Meiji Jingu Stadium,,03:37,13066,GAME20090708YSCD0425
2009,2009-07-08,Reg Season,Tokyo Yakult Swallows,Home,W,11,Chunichi Dragons,11,15,0,"3,1,0,0,2,3,0,2,x",11,Meiji Jingu Stadium,,03:37,13066,GAME20090708YSCD0425
2009,2009-07-09,Reg Season,Fukuoka Softbank Hawks,Away,W,15,Orix Buffaloes,15,18,0,"6,1,1,2,0,0,0,4,1",11,Kyocera Dome Osaka,,03:18,10205,GAME20090709OBSH0433
2009,2009-07-09,Reg Season,Orix Buffaloes,Home,L,2,Fukuoka Softbank Hawks,2,8,1,"1,0,0,0,0,0,1,0,0",11,Kyocera Dome Osaka,,03:18,10205,GAME20090709OBSH0433
2009,2009-07-09,Reg Season,Chiba Lotte Marines,Away,L,3,Tohoku Rakuten Golden Eagles,3,12,1,"0,0,0,0,0,0,0,0,3",11,Rakuten Seimei Park Miyagi,,03:06,10688,GAME20090709RELM0434
2009,2009-07-09,Reg Season,Tohoku Rakuten Golden Eagles,Home,W,8,Chiba Lotte Marines,8,10,0,"0,0,0,0,0,1,4,3,x",11,Rakuten Seimei Park Miyagi,,03:06,10688,GAME20090709RELM0434
2009,2009-07-09,Reg Season,Hokkaido Nippon-Ham Fighters,Away,L,2,Saitama Seibu Lions,2,9,0,"0,1,0,0,0,1,0,0,0",9,Belluna Dome,,03:26,12625,GAME20090709SLNF0431
2009,2009-07-09,Reg Season,Saitama Seibu Lions,Home,W,8,Hokkaido Nippon-Ham Fighters,8,18,0,"0,1,1,3,0,1,1,1,x",9,Belluna Dome,,03:26,12625,GAME20090709SLNF0431
2009,2009-07-09,Reg Season,Yokohama BayStars,Away,L,0,Yomiuri Giants,0,6,0,"0,0,0,0,0,0,0,0,0",12,Tokyo Dome,,03:05,43074,GAME20090709YGDB0432
2009,2009-07-09,Reg Season,Yomiuri Giants,Home,W,2,Yokohama BayStars,2,7,0,"0,0,0,1,0,0,1,0,x",12,Tokyo Dome,,03:05,43074,GAME20090709YGDB0432
2009,2009-07-09,Reg Season,Chunichi Dragons,Away,L,2,Tokyo Yakult Swallows,2,7,1,"0,0,0,1,0,1,0,0,0",12,Meiji Jingu Stadium,,03:03,14011,GAME20090709YSCD0430
2009,2009-07-09,Reg Season,Tokyo Yakult Swallows,Home,W,8,Chunichi Dragons,8,12,1,"2,0,0,0,2,4,0,0,x",12,Meiji Jingu Stadium,,03:03,14011,GAME20090709YSCD0430
2009,2009-07-10,Reg Season,Hiroshima Toyo Carp,Away,L,0,Chunichi Dragons,0,5,0,"0,0,0,0,0,0,0,0,0,0",10,Vantelin Dome Nagoya,,03:31,30131,GAME20090710CDHC0439
2009,2009-07-10,Reg Season,Chunichi Dragons,Home,W,3,Hiroshima Toyo Carp,3,9,0,"0,0,0,0,0,0,0,0,0,3X",10,Vantelin Dome Nagoya,,03:31,30131,GAME20090710CDHC0439
2009,2009-07-10,Reg Season,Yomiuri Giants,Away,W,7,Hanshin Tigers,7,14,2,"0,3,0,0,1,1,0,0,0,0,0,2",7,Hanshin Koshien Stadium,,05:09,46849,GAME20090710HTYG0438
2009,2009-07-10,Reg Season,Hanshin Tigers,Home,L,5,Yomiuri Giants,5,14,2,"0,0,0,3,0,0,2,0,0,0,0,0",7,Hanshin Koshien Stadium,,05:09,46849,GAME20090710HTYG0438
2009,2009-07-10,Reg Season,Chiba Lotte Marines,Away,L,0,Hokkaido Nippon-Ham Fighters,0,1,1,"0,0,0,0,0,0,0,0,0",9,Sapporo Dome,,02:13,25690,GAME20090710NFLM0436
2009,2009-07-10,Reg Season,Hokkaido Nippon-Ham Fighters,Home,W,4,Chiba Lotte Marines,4,7,1,"1,0,0,0,0,0,2,1,x",9,Sapporo Dome,,02:13,25690,GAME20090710NFLM0436
2009,2009-07-10,Reg Season,Tohoku Rakuten Golden Eagles,Away,L,0,Fukuoka Softbank Hawks,0,5,1,"0,0,0,0,0,0,0,0,0,0,0",9,Mizuho PayPay Dome Fukuoka,,04:26,32515,GAME20090710SHRE0435
2009,2009-07-10,Reg Season,Fukuoka Softbank Hawks,Home,W,1,Tohoku Rakuten Golden Eagles,1,14,1,"0,0,0,0,0,0,0,0,0,0,1x",9,Mizuho PayPay Dome Fukuoka,,04:26,32515,GAME20090710SHRE0435
2009,2009-07-10,Reg Season,Orix Buffaloes,Away,W,6,Saitama Seibu Lions,6,8,0,"0,0,0,3,0,0,0,2,1",10,Belluna Dome,,03:19,11178,GAME20090710SLOB0437
2009,2009-07-10,Reg Season,Saitama Seibu Lions,Home,L,3,Orix Buffaloes,3,7,0,"2,0,0,0,1,0,0,0,0",10,Belluna Dome,,03:19,11178,GAME20090710SLOB0437
2009,2009-07-10,Reg Season,Yokohama BayStars,Away,L,2,Tokyo Yakult Swallows,2,6,0,"1,0,0,0,0,0,1,0,0",8,Meiji Jingu Stadium,,03:18,14420,GAME20090710YSDB0440
2009,2009-07-10,Reg Season,Tokyo Yakult Swallows,Home,W,4,Yokohama BayStars,4,6,0,"2,0,0,0,0,0,0,0,2x",8,Meiji Jingu Stadium,,03:18,14420,GAME20090710YSDB0440
2009,2009-07-11,Reg Season,Hiroshima Toyo Carp,Away,L,1,Chunichi Dragons,1,7,0,"0,0,1,0,0,0,0,0,0",11,Vantelin Dome Nagoya,,02:40,37265,GAME20090711CDHC0443
2009,2009-07-11,Reg Season,Chunichi Dragons,Home,W,2,Hiroshima Toyo Carp,2,7,2,"0,0,0,0,1,1,0,0,x",11,Vantelin Dome Nagoya,,02:40,37265,GAME20090711CDHC0443
2009,2009-07-11,Reg Season,Yomiuri Giants,Away,T,2,Hanshin Tigers,2,14,2,"0,0,0,0,0,0,0,1,1,0,0,0",8,Hanshin Koshien Stadium,,04:35,46854,GAME20090711HTYG0446
2009,2009-07-11,Reg Season,Hanshin Tigers,Home,T,2,Yomiuri Giants,2,8,0,"0,0,0,0,2,0,0,0,0,0,0,0",8,Hanshin Koshien Stadium,,04:35,46854,GAME20090711HTYG0446
2009,2009-07-11,Reg Season,Chiba Lotte Marines,Away,L,5,Hokkaido Nippon-Ham Fighters,5,7,0,"0,0,1,3,0,1,0,0,0",10,Sapporo Dome,,03:09,37116,GAME20090711NFLM0445
2009,2009-07-11,Reg Season,Hokkaido Nippon-Ham Fighters,Home,W,6,Chiba Lotte Marines,6,10,0,"0,0,4,0,1,0,1,0,x",10,Sapporo Dome,,03:09,37116,GAME20090711NFLM0445
2009,2009-07-11,Reg Season,Tohoku Rakuten Golden Eagles,Away,W,8,Fukuoka Softbank Hawks,8,15,0,"2,0,0,0,1,3,2,0,0",10,Mizuho PayPay Dome Fukuoka,,03:10,35458,GAME20090711SHRE0441
2009,2009-07-11,Reg Season,Fukuoka Softbank Hawks,Home,L,2,Tohoku Rakuten Golden Eagles,2,8,0,"2,0,0,0,0,0,0,0,0",10,Mizuho PayPay Dome Fukuoka,,03:10,35458,GAME20090711SHRE0441
2009,2009-07-11,Reg Season,Orix Buffaloes,Away,L,4,Saitama Seibu Lions,4,10,0,"0,0,0,2,1,0,1,0,0,0,0",11,Belluna Dome,,04:30,22516,GAME20090711SLOB0442
2009,2009-07-11,Reg Season,Saitama Seibu Lions,Home,W,5,Orix Buffaloes,5,9,0,"1,1,0,0,0,0,2,0,0,0,1x",11,Belluna Dome,,04:30,22516,GAME20090711SLOB0442
2009,2009-07-11,Reg Season,Yokohama BayStars,Away,W,4,Tokyo Yakult Swallows,4,10,0,"0,0,1,0,2,0,0,1,0",9,Meiji Jingu Stadium,,03:04,21541,GAME20090711YSDB0444
2009,2009-07-11,Reg Season,Tokyo Yakult Swallows,Home,L,2,Yokohama BayStars,2,9,0,"0,0,0,0,1,0,0,1,0",9,Meiji Jingu Stadium,,03:04,21541,GAME20090711YSDB0444
2009,2009-07-12,Reg Season,Hiroshima Toyo Carp,Away,L,0,Chunichi Dragons,0,8,0,"0,0,0,0,0,0,0,0,0",12,Vantelin Dome Nagoya,,02:57,35587,GAME20090712CDHC0448
2009,2009-07-12,Reg Season,Chunichi Dragons,Home,W,4,Hiroshima Toyo Carp,4,8,0,"0,0,0,3,1,0,0,0,x",12,Vantelin Dome Nagoya,,02:57,35587,GAME20090712CDHC0448
2009,2009-07-12,Reg Season,Yomiuri Giants,Away,W,2,Hanshin Tigers,2,5,1,"0,0,0,0,0,2,0,0,0",9,Hanshin Koshien Stadium,,02:30,46851,GAME20090712HTYG0450
2009,2009-07-12,Reg Season,Hanshin Tigers,Home,L,1,Yomiuri Giants,1,7,0,"0,0,0,0,0,0,0,1,0",9,Hanshin Koshien Stadium,,02:30,46851,GAME20090712HTYG0450
2009,2009-07-12,Reg Season,Chiba Lotte Marines,Away,L,6,Hokkaido Nippon-Ham Fighters,6,14,0,"0,0,0,2,1,0,0,0,3,0,0,0",11,Sapporo Dome,,04:59,34764,GAME20090712NFLM0449
2009,2009-07-12,Reg Season,Hokkaido Nippon-Ham Fighters,Home,W,7,Chiba Lotte Marines,7,17,0,"0,0,1,4,0,0,0,1,0,0,0,1x",11,Sapporo Dome,,04:59,34764,GAME20090712NFLM0449
2009,2009-07-12,Reg Season,Tohoku Rakuten Golden Eagles,Away,L,0,Fukuoka Softbank Hawks,0,9,0,"0,0,0,0,0,0,0,0,0",11,Mizuho PayPay Dome Fukuoka,,03:19,35717,GAME20090712SHRE0447
2009,2009-07-12,Reg Season,Fukuoka Softbank Hawks,Home,W,8,Tohoku Rakuten Golden Eagles,8,11,0,"0,0,0,4,3,0,1,0,x",11,Mizuho PayPay Dome Fukuoka,,03:19,35717,GAME20090712SHRE0447
2009,2009-07-12,Reg Season,Orix Buffaloes,Away,L,2,Saitama Seibu Lions,2,8,0,"1,0,0,0,0,1,0,0,0",12,Belluna Dome,,02:54,21334,GAME20090712SLOB0451
2009,2009-07-12,Reg Season,Saitama Seibu Lions,Home,W,3,Orix Buffaloes,3,8,0,"0,1,0,1,0,1,0,0,x",12,Belluna Dome,,02:54,21334,GAME20090712SLOB0451
2009,2009-07-12,Reg Season,Yokohama BayStars,Away,W,2,Tokyo Yakult Swallows,2,4,0,"0,0,0,0,0,0,0,1,1",10,Meiji Jingu Stadium,,03:04,22341,GAME20090712YSDB0452
2009,2009-07-12,Reg Season,Tokyo Yakult Swallows,Home,L,1,Yokohama BayStars,1,8,0,"0,1,0,0,0,0,0,0,0",10,Meiji Jingu Stadium,,03:04,22341,GAME20090712YSDB0452
2009,2009-07-14,Reg Season,Yokohama BayStars,Away,W,5,Hiroshima Toyo Carp,5,9,0,"0,0,0,0,0,4,0,1,0",9,MAZDA Zoom-Zoom Stadium Hiroshima,,03:11,17463,GAME20090714HCDB0458
2009,2009-07-14,Reg Season,Hiroshima Toyo Carp,Home,L,2,Yokohama BayStars,2,8,0,"0,0,0,1,0,1,0,0,0",9,MAZDA Zoom-Zoom Stadium Hiroshima,,03:11,17463,GAME20090714HCDB0458
2009,2009-07-14,Reg Season,Chunichi Dragons,Away,L,4,Hanshin Tigers,4,8,0,"0,0,0,1,0,2,0,1,0",9,Hanshin Koshien Stadium,,03:06,42378,GAME20090714HTCD0457
2009,2009-07-14,Reg Season,Hanshin Tigers,Home,W,5,Chunichi Dragons,5,7,0,"0,0,0,3,0,0,2,0,x",9,Hanshin Koshien Stadium,,03:06,42378,GAME20090714HTCD0457
2009,2009-07-14,Reg Season,Chiba Lotte Marines,Away,L,2,Orix Buffaloes,2,10,0,"0,1,0,0,0,0,0,0,0,1",10,Kyocera Dome Osaka,,03:02,9016,GAME20090714OBLM0455
2009,2009-07-14,Reg Season,Orix Buffaloes,Home,W,3,Chiba Lotte Marines,3,10,0,"0,0,0,0,0,1,0,0,0,2x",10,Kyocera Dome Osaka,,03:02,9016,GAME20090714OBLM0455
2009,2009-07-14,Reg Season,Hokkaido Nippon-Ham Fighters,Away,L,1,Fukuoka Softbank Hawks,1,6,0,"0,0,0,0,0,1,0,0,0",9,Mizuho PayPay Dome Fukuoka,,03:14,31262,GAME20090714SHNF0453
2009,2009-07-14,Reg Season,Fukuoka Softbank Hawks,Home,W,2,Hokkaido Nippon-Ham Fighters,2,6,0,"0,0,2,0,0,0,0,0,x",9,Mizuho PayPay Dome Fukuoka,,03:14,31262,GAME20090714SHNF0453
2009,2009-07-14,Reg Season,Tohoku Rakuten Golden Eagles,Away,W,8,Saitama Seibu Lions,8,11,1,"1,0,1,0,0,0,0,4,2",10,Belluna Dome,,03:46,14790,GAME20090714SLRE0454
2009,2009-07-14,Reg Season,Saitama Seibu Lions,Home,L,6,Tohoku Rakuten Golden Eagles,6,13,1,"0,0,2,4,0,0,0,0,0",10,Belluna Dome,,03:46,14790,GAME20090714SLRE0454
2009,2009-07-14,Reg Season,Yomiuri Giants,Away,W,4,Tokyo Yakult Swallows,4,9,0,"2,0,2,0,0,0,0,0,0",9,Fukushima Azuma Baseball Stadium,,02:33,17380,GAME20090714YSYG0456
2009,2009-07-14,Reg Season,Tokyo Yakult Swallows,Home,L,0,Yomiuri Giants,0,4,0,"0,0,0,0,0,0,0,0,0",9,Fukushima Azuma Baseball Stadium,,02:33,17380,GAME20090714YSYG0456
2009,2009-07-15,Reg Season,Yokohama BayStars,Away,W,6,Hiroshima Toyo Carp,6,9,0,"2,0,0,1,0,0,3,0,0",10,MAZDA Zoom-Zoom Stadium Hiroshima,,02:47,16668,GAME20090715HCDB0462
2009,2009-07-15,Reg Season,Hiroshima Toyo Carp,Home,L,1,Yokohama BayStars,1,4,0,"0,0,0,0,0,0,0,0,1",10,MAZDA Zoom-Zoom Stadium Hiroshima,,02:47,16668,GAME20090715HCDB0462
2009,2009-07-15,Reg Season,Chunichi Dragons,Away,W,6,Hanshin Tigers,6,14,0,"0,2,0,1,0,0,1,1,1",10,Hanshin Koshien Stadium,,03:19,42604,GAME20090715HTCD0461
2009,2009-07-15,Reg Season,Hanshin Tigers,Home,L,1,Chunichi Dragons,1,6,0,"0,0,0,0,1,0,0,0,0",10,Hanshin Koshien Stadium,,03:19,42604,GAME20090715HTCD0461
2009,2009-07-15,Reg Season,Chiba Lotte Marines,Away,L,2,Orix Buffaloes,2,5,1,"1,0,0,1,0,0,0,0,0",11,Kyocera Dome Osaka,,03:00,9692,GAME20090715OBLM0460
2009,2009-07-15,Reg Season,Orix Buffaloes,Home,W,3,Chiba Lotte Marines,3,12,1,"0,1,0,0,0,0,0,2,x",11,Kyocera Dome Osaka,,03:00,9692,GAME20090715OBLM0460
2009,2009-07-15,Reg Season,Hokkaido Nippon-Ham Fighters,Away,W,9,Fukuoka Softbank Hawks,9,15,1,"0,2,1,0,1,0,0,1,4",10,Mizuho PayPay Dome Fukuoka,,03:02,33031,GAME20090715SHNF0459
2009,2009-07-15,Reg Season,Fukuoka Softbank Hawks,Home,L,1,Hokkaido Nippon-Ham Fighters,1,4,1,"0,1,0,0,0,0,0,0,0",10,Mizuho PayPay Dome Fukuoka,,03:02,33031,GAME20090715SHNF0459
2009,2009-07-15,Reg Season,Tohoku Rakuten Golden Eagles,Away,L,0,Saitama Seibu Lions,0,5,0,"0,0,0,0,0,0,0,0,0",11,Belluna Dome,,02:50,13989,GAME20090715SLRE0463
2009,2009-07-15,Reg Season,Saitama Seibu Lions,Home,W,5,Tohoku Rakuten Golden Eagles,5,11,1,"0,0,0,1,1,0,1,2,x",11,Belluna Dome,,02:50,13989,GAME20090715SLRE0463
2009,2009-07-15,Reg Season,Yomiuri Giants,Away,L,7,Tokyo Yakult Swallows,7,13,2,"0,1,0,0,4,0,0,2,0",10,Meiji Jingu Stadium,,03:41,27308,GAME20090715YSYG0464
2009,2009-07-15,Reg Season,Tokyo Yakult Swallows,Home,W,13,Yomiuri Giants,13,20,0,"2,1,3,5,1,0,0,1,x",10,Meiji Jingu Stadium,,03:41,27308,GAME20090715YSYG0464
2009,2009-07-16,Reg Season,Yokohama BayStars,Away,W,5,Hiroshima Toyo Carp,5,12,0,"0,1,0,1,0,2,0,0,0,0,1",11,MAZDA Zoom-Zoom Stadium Hiroshima,,04:15,15181,GAME20090716HCDB0466
2009,2009-07-16,Reg Season,Hiroshima Toyo Carp,Home,L,4,Yokohama BayStars,4,9,0,"0,0,0,1,0,0,2,0,1,0,0",11,MAZDA Zoom-Zoom Stadium Hiroshima,,04:15,15181,GAME20090716HCDB0466
2009,2009-07-16,Reg Season,Chunichi Dragons,Away,W,6,Hanshin Tigers,6,10,0,"1,1,2,1,0,0,1,0,0",11,Hanshin Koshien Stadium,,03:35,42450,GAME20090716HTCD0468
2009,2009-07-16,Reg Season,Hanshin Tigers,Home,L,4,Chunichi Dragons,4,9,1,"1,2,0,1,0,0,0,0,0",11,Hanshin Koshien Stadium,,03:35,42450,GAME20090716HTCD0468
2009,2009-07-16,Reg Season,Chiba Lotte Marines,Away,L,5,Orix Buffaloes,5,11,0,"0,1,0,1,1,2,0,0,0",12,Kyocera Dome Osaka,,02:59,10270,GAME20090716OBLM0467
2009,2009-07-16,Reg Season,Orix Buffaloes,Home,W,10,Chiba Lotte Marines,10,12,1,"0,4,0,0,0,2,4,0,x",12,Kyocera Dome Osaka,,02:59,10270,GAME20090716OBLM0467
2009,2009-07-16,Reg Season,Hokkaido Nippon-Ham Fighters,Away,W,3,Fukuoka Softbank Hawks,3,3,0,"0,0,0,0,0,3,0,0,0",11,Mizuho PayPay Dome Fukuoka,,03:08,33549,GAME20090716SHNF0465
2009,2009-07-16,Reg Season,Fukuoka Softbank Hawks,Home,L,2,Hokkaido Nippon-Ham Fighters,2,8,1,"0,0,0,0,1,0,0,1,0",11,Mizuho PayPay Dome Fukuoka,,03:08,33549,GAME20090716SHNF0465
2009,2009-07-16,Reg Season,Tohoku Rakuten Golden Eagles,Away,W,3,Saitama Seibu Lions,3,7,0,"2,0,0,0,0,1,0,0,0",12,Belluna Dome,,02:59,14471,GAME20090716SLRE0469
2009,2009-07-16,Reg Season,Saitama Seibu Lions,Home,L,1,Tohoku Rakuten Golden Eagles,1,5,0,"0,0,0,1,0,0,0,0,0",12,Belluna Dome,,02:59,14471,GAME20090716SLRE0469
2009,2009-07-17,Reg Season,Chunichi Dragons,Away,W,12,Yokohama BayStars,12,16,2,"2,3,0,4,0,2,0,0,1",10,Yokohama Stadium,,02:57,12195,GAME20090717DBCD0471
2009,2009-07-17,Reg Season,Yokohama BayStars,Home,L,0,Chunichi Dragons,0,3,2,"0,0,0,0,0,0,0,0,0",10,Yokohama Stadium,,02:57,12195,GAME20090717DBCD0471
2009,2009-07-17,Reg Season,Tokyo Yakult Swallows,Away,W,5,Hiroshima Toyo Carp,5,11,0,"0,1,0,2,2,0,0,0,0",9,MAZDA Zoom-Zoom Stadium Hiroshima,,02:55,21160,GAME20090717HCYS0473
2009,2009-07-17,Reg Season,Hiroshima Toyo Carp,Home,L,2,Tokyo Yakult Swallows,2,5,0,"0,0,0,2,0,0,0,0,0",9,MAZDA Zoom-Zoom Stadium Hiroshima,,02:55,21160,GAME20090717HCYS0473
2009,2009-07-17,Reg Season,Fukuoka Softbank Hawks,Away,L,3,Chiba Lotte Marines,3,8,1,"1,0,2,0,0,0,0,0,0",10,ZOZO Marine Stadium,,03:13,18373,GAME20090717LMSH0470
2009,2009-07-17,Reg Season,Chiba Lotte Marines,Home,W,7,Fukuoka Softbank Hawks,7,12,0,"0,0,3,0,0,2,1,1,x",10,ZOZO Marine Stadium,,03:13,18373,GAME20090717LMSH0470
2009,2009-07-17,Reg Season,Orix Buffaloes,Away,T,4,Tohoku Rakuten Golden Eagles,4,17,1,"0,0,0,1,1,2,0,0,0,0,0,0",9,Rakuten Seimei Park Miyagi,,04:48,16994,GAME20090717REOB0474
2009,2009-07-17,Reg Season,Tohoku Rakuten Golden Eagles,Home,T,4,Orix Buffaloes,4,9,1,"0,0,1,0,0,1,0,2,0,0,0,0",9,Rakuten Seimei Park Miyagi,,04:48,16994,GAME20090717REOB0474
2009,2009-07-17,Reg Season,Hanshin Tigers,Away,W,5,Yomiuri Giants,5,7,1,"0,0,0,0,0,0,0,0,5",10,Tokyo Dome,,03:03,44023,GAME20090717YGHT0472
2009,2009-07-17,Reg Season,Yomiuri Giants,Home,L,1,Hanshin Tigers,1,3,1,"0,1,0,0,0,0,0,0,0",10,Tokyo Dome,,03:03,44023,GAME20090717YGHT0472
2009,2009-07-18,Reg Season,Chunichi Dragons,Away,W,7,Yokohama BayStars,7,8,0,"0,1,0,0,0,0,4,1,1",11,Yokohama Stadium,,03:12,18548,GAME20090718DBCD0476
2009,2009-07-18,Reg Season,Yokohama BayStars,Home,L,0,Chunichi Dragons,0,7,1,"0,0,0,0,0,0,0,0,0",11,Yokohama Stadium,,03:12,18548,GAME20090718DBCD0476
2009,2009-07-18,Reg Season,Tokyo Yakult Swallows,Away,L,4,Hiroshima Toyo Carp,4,7,0,"0,1,0,2,0,0,0,1,0",10,MAZDA Zoom-Zoom Stadium Hiroshima,,03:12,31650,GAME20090718HCYS0477
2009,2009-07-18,Reg Season,Hiroshima Toyo Carp,Home,W,8,Tokyo Yakult Swallows,8,13,0,"0,1,0,0,0,0,2,5,x",10,MAZDA Zoom-Zoom Stadium Hiroshima,,03:12,31650,GAME20090718HCYS0477
2009,2009-07-18,Reg Season,Fukuoka Softbank Hawks,Away,W,8,Chiba Lotte Marines,8,13,0,"1,1,2,0,0,0,1,0,3",11,ZOZO Marine Stadium,,03:43,29188,GAME20090718LMSH0475
2009,2009-07-18,Reg Season,Chiba Lotte Marines,Home,L,6,Fukuoka Softbank Hawks,6,9,1,"0,0,0,0,0,0,0,5,1",11,ZOZO Marine Stadium,,03:43,29188,GAME20090718LMSH0475
2009,2009-07-18,Reg Season,Hanshin Tigers,Away,L,4,Yomiuri Giants,4,9,1,"0,0,2,0,1,0,1,0,0",11,Tokyo Dome,,03:03,45570,GAME20090718YGHT0478
2009,2009-07-18,Reg Season,Yomiuri Giants,Home,W,11,Hanshin Tigers,11,14,1,"2,0,2,0,2,0,3,2,x",11,Tokyo Dome,,03:03,45570,GAME20090718YGHT0478
2009,2009-07-19,Reg Season,Chunichi Dragons,Away,W,6,Yokohama BayStars,6,9,0,"0,0,0,2,2,0,0,2,0",12,Yokohama Stadium,,03:44,19301,GAME20090719DBCD0483
2009,2009-07-19,Reg Season,Yokohama BayStars,Home,L,3,Chunichi Dragons,3,7,1,"0,0,0,0,2,0,1,0,0",12,Yokohama Stadium,,03:44,19301,GAME20090719DBCD0483
2009,2009-07-19,Reg Season,Tokyo Yakult Swallows,Away,W,3,Hiroshima Toyo Carp,3,9,0,"0,0,2,0,0,1,0,0,0",11,MAZDA Zoom-Zoom Stadium Hiroshima,,02:45,31300,GAME20090719HCYS0481
2009,2009-07-19,Reg Season,Hiroshima Toyo Carp,Home,L,1,Tokyo Yakult Swallows,1,7,1,"1,0,0,0,0,0,0,0,0",11,MAZDA Zoom-Zoom Stadium Hiroshima,,02:45,31300,GAME20090719HCYS0481
2009,2009-07-19,Reg Season,Fukuoka Softbank Hawks,Away,L,1,Chiba Lotte Marines,1,6,0,"0,0,0,0,1,0,0,0,0",12,ZOZO Marine Stadium,,02:56,28973,GAME20090719LMSH0480
2009,2009-07-19,Reg Season,Chiba Lotte Marines,Home,W,3,Fukuoka Softbank Hawks,3,4,0,"1,2,0,0,0,0,0,0,x",12,ZOZO Marine Stadium,,02:56,28973,GAME20090719LMSH0480
2009,2009-07-19,Reg Season,Orix Buffaloes,Away,L,7,Tohoku Rakuten Golden Eagles,7,13,2,"0,1,0,3,0,0,3,0,0",10,Rakuten Seimei Park Miyagi,,04:25,19287,GAME20090719REOB0479
2009,2009-07-19,Reg Season,Tohoku Rakuten Golden Eagles,Home,W,8,Orix Buffaloes,8,16,1,"0,0,0,2,2,1,2,0,1x",10,Rakuten Seimei Park Miyagi,,04:25,19287,GAME20090719REOB0479
2009,2009-07-19,Reg Season,Hanshin Tigers,Away,W,1,Yomiuri Giants,1,10,1,"0,0,0,0,0,0,0,0,0,1",12,Tokyo Dome,,03:04,45947,GAME20090719YGHT0482
2009,2009-07-19,Reg Season,Yomiuri Giants,Home,L,0,Hanshin Tigers,0,2,0,"0,0,0,0,0,0,0,0,0,0",12,Tokyo Dome,,03:04,45947,GAME20090719YGHT0482
2009,2009-07-20,Reg Season,Hiroshima Toyo Carp,Away,L,3,Chunichi Dragons,3,11,0,"0,0,0,0,0,2,0,1,0",13,Vantelin Dome Nagoya,,03:01,33619,GAME20090720CDHC0487
2009,2009-07-20,Reg Season,Chunichi Dragons,Home,W,4,Hiroshima Toyo Carp,4,5,0,"0,0,2,0,0,0,0,2,x",13,Vantelin Dome Nagoya,,03:01,33619,GAME20090720CDHC0487
2009,2009-07-20,Reg Season,Yomiuri Giants,Away,L,1,Yokohama BayStars,1,9,1,"0,0,0,0,0,0,1,0,0",13,Yokohama Stadium,,03:09,28730,GAME20090720DBYG0486
2009,2009-07-20,Reg Season,Yokohama BayStars,Home,W,7,Yomiuri Giants,7,9,0,"2,0,1,0,2,0,1,1,x",13,Yokohama Stadium,,03:09,28730,GAME20090720DBYG0486
2009,2009-07-20,Reg Season,Tokyo Yakult Swallows,Away,W,3,Hanshin Tigers,3,6,1,"0,1,0,1,1,0,0,0,0",11,Hanshin Koshien Stadium,,03:44,46786,GAME20090720HTYS0489
2009,2009-07-20,Reg Season,Hanshin Tigers,Home,L,2,Tokyo Yakult Swallows,2,9,1,"0,0,0,0,1,0,1,0,0",11,Hanshin Koshien Stadium,,03:44,46786,GAME20090720HTYS0489
2009,2009-07-20,Reg Season,Chiba Lotte Marines,Away,L,3,Hokkaido Nippon-Ham Fighters,3,6,0,"0,0,0,0,0,0,3,0,0",12,Sapporo Dome,,02:55,22004,GAME20090720NFLM0484
2009,2009-07-20,Reg Season,Hokkaido Nippon-Ham Fighters,Home,W,4,Chiba Lotte Marines,4,9,0,"0,0,0,2,2,0,0,0,x",12,Sapporo Dome,,02:55,22004,GAME20090720NFLM0484
2009,2009-07-20,Reg Season,Tohoku Rakuten Golden Eagles,Away,W,4,Fukuoka Softbank Hawks,4,11,0,"0,1,0,1,0,1,1,0,0",12,Mizuho PayPay Dome Fukuoka,,03:13,36239,GAME20090720SHRE0485
2009,2009-07-20,Reg Season,Fukuoka Softbank Hawks,Home,L,3,Tohoku Rakuten Golden Eagles,3,9,1,"0,0,0,0,0,2,0,1,0",12,Mizuho PayPay Dome Fukuoka,,03:13,36239,GAME20090720SHRE0485
2009,2009-07-20,Reg Season,Orix Buffaloes,Away,L,1,Saitama Seibu Lions,1,7,2,"1,0,0,0,0,0,0,0,0",13,Belluna Dome,,02:43,20521,GAME20090720SLOB0488
2009,2009-07-20,Reg Season,Saitama Seibu Lions,Home,W,4,Orix Buffaloes,4,7,0,"0,1,0,0,3,0,0,0,x",13,Belluna Dome,,02:43,20521,GAME20090720SLOB0488
2009,2009-07-21,Reg Season,Hiroshima Toyo Carp,Away,L,4,Chunichi Dragons,4,6,0,"0,0,0,0,0,4,0,0,0",14,Vantelin Dome Nagoya,,03:13,29177,GAME20090721CDHC0494
2009,2009-07-21,Reg Season,Chunichi Dragons,Home,W,7,Hiroshima Toyo Carp,7,11,0,"0,0,0,0,0,6,1,0,x",14,Vantelin Dome Nagoya,,03:13,29177,GAME20090721CDHC0494
2009,2009-07-21,Reg Season,Yomiuri Giants,Away,W,4,Yokohama BayStars,4,6,1,"4,0,0,0,0,0,0x",14,Yokohama Stadium,,02:32,20625,GAME20090721DBYG0491
2009,2009-07-21,Reg Season,Yokohama BayStars,Home,L,2,Yomiuri Giants,2,8,1,"1,0,0,0,0,1",14,Yokohama Stadium,,02:32,20625,GAME20090721DBYG0491
2009,2009-07-21,Reg Season,Chiba Lotte Marines,Away,L,3,Hokkaido Nippon-Ham Fighters,3,5,0,"0,1,0,0,0,1,1,0,0",13,Sapporo Dome,,03:05,18742,GAME20090721NFLM0490
2009,2009-07-21,Reg Season,Hokkaido Nippon-Ham Fighters,Home,W,7,Chiba Lotte Marines,7,10,0,"0,0,0,3,0,0,3,1,x",13,Sapporo Dome,,03:05,18742,GAME20090721NFLM0490
2009,2009-07-21,Reg Season,Tohoku Rakuten Golden Eagles,Away,L,4,Fukuoka Softbank Hawks,4,10,0,"0,0,0,1,0,0,0,2,1",13,Mizuho PayPay Dome Fukuoka,,03:23,35731,GAME20090721SHRE0493
2009,2009-07-21,Reg Season,Fukuoka Softbank Hawks,Home,W,6,Tohoku Rakuten Golden Eagles,6,12,0,"3,0,1,0,2,0,0,0,x",13,Mizuho PayPay Dome Fukuoka,,03:23,35731,GAME20090721SHRE0493
2009,2009-07-21,Reg Season,Orix Buffaloes,Away,L,2,Saitama Seibu Lions,2,8,0,"1,1,0,0,0,0,0,0,0",14,Belluna Dome,,03:28,13759,GAME20090721SLOB0492
2009,2009-07-21,Reg Season,Saitama Seibu Lions,Home,W,4,Orix Buffaloes,4,9,0,"0,1,0,0,3,0,0,0,x",14,Belluna Dome,,03:28,13759,GAME20090721SLOB0492
2009,2009-07-22,Reg Season,Hiroshima Toyo Carp,Away,L,2,Chunichi Dragons,2,8,0,"0,0,0,2,0,0,0,0,0",15,Vantelin Dome Nagoya,,03:10,30255,GAME20090722CDHC0498
2009,2009-07-22,Reg Season,Chunichi Dragons,Home,W,3,Hiroshima Toyo Carp,3,7,0,"2,0,0,0,0,0,0,1,x",15,Vantelin Dome Nagoya,,03:10,30255,GAME20090722CDHC0498
2009,2009-07-22,Reg Season,Yomiuri Giants,Away,W,6,Yokohama BayStars,6,7,0,"1,2,0,0,0,0,1,2,0",15,Nagano Olympic Stadium,,02:31,22732,GAME20090722DBYG0496
2009,2009-07-22,Reg Season,Yokohama BayStars,Home,L,2,Yomiuri Giants,2,6,1,"0,0,1,0,0,0,0,0,1",15,Nagano Olympic Stadium,,02:31,22732,GAME20090722DBYG0496
2009,2009-07-22,Reg Season,Tokyo Yakult Swallows,Away,W,5,Hanshin Tigers,5,11,0,"1,0,2,0,1,0,1,0,0",12,Hanshin Koshien Stadium,,02:57,43560,GAME20090722HTYS0495
2009,2009-07-22,Reg Season,Hanshin Tigers,Home,L,0,Tokyo Yakult Swallows,0,11,1,"0,0,0,0,0,0,0,0,0",12,Hanshin Koshien Stadium,,02:57,43560,GAME20090722HTYS0495
2009,2009-07-22,Reg Season,Chiba Lotte Marines,Away,L,1,Hokkaido Nippon-Ham Fighters,1,2,0,"0,0,0,0,0,0,0,0,1",14,Sapporo Dome,,02:19,23547,GAME20090722NFLM0499
2009,2009-07-22,Reg Season,Hokkaido Nippon-Ham Fighters,Home,W,2,Chiba Lotte Marines,2,7,0,"0,0,0,0,1,0,0,1,x",14,Sapporo Dome,,02:19,23547,GAME20090722NFLM0499
2009,2009-07-22,Reg Season,Tohoku Rakuten Golden Eagles,Away,L,6,Fukuoka Softbank Hawks,6,9,0,"1,0,0,0,3,2,0,0,0",14,Mizuho PayPay Dome Fukuoka,,03:24,35965,GAME20090722SHRE0497
2009,2009-07-22,Reg Season,Fukuoka Softbank Hawks,Home,W,7,Tohoku Rakuten Golden Eagles,7,10,1,"3,1,1,1,0,0,1,0,x",14,Mizuho PayPay Dome Fukuoka,,03:24,35965,GAME20090722SHRE0497
2009,2009-07-22,Reg Season,Orix Buffaloes,Away,W,4,Saitama Seibu Lions,4,11,0,"1,0,0,0,0,0,1,0,0,0,2",15,Belluna Dome,,03:46,13445,GAME20090722SLOB0500
2009,2009-07-22,Reg Season,Saitama Seibu Lions,Home,L,2,Orix Buffaloes,2,7,1,"0,0,0,0,0,0,1,1,0,0,0",15,Belluna Dome,,03:46,13445,GAME20090722SLOB0500
2009,2009-07-28,Reg Season,Yokohama BayStars,Away,L,4,Hanshin Tigers,4,11,1,"3,0,0,0,0,0,1,0,0,0",13,Hanshin Koshien Stadium,,04:10,44499,GAME20090728HTDB0501
2009,2009-07-28,Reg Season,Hanshin Tigers,Home,W,5,Yokohama BayStars,5,11,1,"1,0,1,0,0,1,0,0,1,1x",13,Hanshin Koshien Stadium,,04:10,44499,GAME20090728HTDB0501
2009,2009-07-28,Reg Season,Hokkaido Nippon-Ham Fighters,Away,W,5,Chiba Lotte Marines,5,10,0,"3,0,0,0,0,0,0,1,1",15,ZOZO Marine Stadium,,03:25,24558,GAME20090728LMNF0504
2009,2009-07-28,Reg Season,Chiba Lotte Marines,Home,L,1,Hokkaido Nippon-Ham Fighters,1,4,0,"0,0,0,0,0,0,0,0,1",15,ZOZO Marine Stadium,,03:25,24558,GAME20090728LMNF0504
2009,2009-07-28,Reg Season,Saitama Seibu Lions,Away,L,1,Tohoku Rakuten Golden Eagles,1,7,1,"1,0,0,0,0,0,0,0,0",13,Iwate Prefectural Baseball Field,,02:50,14748,GAME20090728RESL0503
2009,2009-07-28,Reg Season,Tohoku Rakuten Golden Eagles,Home,W,5,Saitama Seibu Lions,5,6,0,"0,1,3,0,0,0,0,1,x",13,Iwate Prefectural Baseball Field,,02:50,14748,GAME20090728RESL0503
2009,2009-07-28,Reg Season,Orix Buffaloes,Away,W,6,Fukuoka Softbank Hawks,6,9,0,"2,0,3,0,0,0,0,1,0",12,Nagasaki Baseball Stadium,,03:07,17356,GAME20090728SHOB0502
2009,2009-07-28,Reg Season,Fukuoka Softbank Hawks,Home,L,2,Orix Buffaloes,2,9,0,"0,0,0,0,0,1,0,0,1",12,Nagasaki Baseball Stadium,,03:07,17356,GAME20090728SHOB0502
2009,2009-07-28,Reg Season,Chunichi Dragons,Away,W,5,Yomiuri Giants,5,7,1,"0,0,0,1,1,0,2,1,0",13,Tokyo Dome,,03:18,42877,GAME20090728YGCD0505
2009,2009-07-28,Reg Season,Yomiuri Giants,Home,L,3,Chunichi Dragons,3,8,0,"0,0,0,0,2,0,1,0,0",13,Tokyo Dome,,03:18,42877,GAME20090728YGCD0505
2009,2009-07-28,Reg Season,Hiroshima Toyo Carp,Away,L,2,Tokyo Yakult Swallows,2,5,3,"0,0,0,0,0,0,1,1,0",12,Meiji Jingu Stadium,,02:36,15127,GAME20090728YSHC0506
2009,2009-07-28,Reg Season,Tokyo Yakult Swallows,Home,W,6,Hiroshima Toyo Carp,6,10,0,"0,0,0,1,0,2,3,0,x",12,Meiji Jingu Stadium,,02:36,15127,GAME20090728YSHC0506
2009,2009-07-29,Reg Season,Yokohama BayStars,Away,L,0,Hanshin Tigers,0,7,0,"0,0,0,0,0,0,0,0,0",14,Hanshin Koshien Stadium,,02:55,44296,GAME20090729HTDB0507
2009,2009-07-29,Reg Season,Hanshin Tigers,Home,W,8,Yokohama BayStars,8,15,0,"2,0,3,0,0,0,3,0,x",14,Hanshin Koshien Stadium,,02:55,44296,GAME20090729HTDB0507
2009,2009-07-29,Reg Season,Hokkaido Nippon-Ham Fighters,Away,W,6,Chiba Lotte Marines,6,11,1,"3,0,0,0,0,0,0,0,3",16,ZOZO Marine Stadium,,03:44,17878,GAME20090729LMNF0511
2009,2009-07-29,Reg Season,Chiba Lotte Marines,Home,L,5,Hokkaido Nippon-Ham Fighters,5,10,0,"1,0,1,0,3,0,0,0,0",16,ZOZO Marine Stadium,,03:44,17878,GAME20090729LMNF0511
2009,2009-07-29,Reg Season,Orix Buffaloes,Away,W,5,Fukuoka Softbank Hawks,5,11,0,"0,0,0,0,5,0,0,0,0",13,Mizuho PayPay Dome Fukuoka,,03:11,32822,GAME20090729SHOB0508
2009,2009-07-29,Reg Season,Fukuoka Softbank Hawks,Home,L,4,Orix Buffaloes,4,7,0,"0,3,0,0,0,0,0,0,1",13,Mizuho PayPay Dome Fukuoka,,03:11,32822,GAME20090729SHOB0508
2009,2009-07-29,Reg Season,Chunichi Dragons,Away,L,1,Yomiuri Giants,1,4,0,"0,1,0,0,0,0,0,0,0",14,Tokyo Dome,,02:40,42880,GAME20090729YGCD0509
2009,2009-07-29,Reg Season,Yomiuri Giants,Home,W,11,Chunichi Dragons,11,10,0,"6,0,0,0,3,0,2,0,x",14,Tokyo Dome,,02:40,42880,GAME20090729YGCD0509
2009,2009-07-29,Reg Season,Hiroshima Toyo Carp,Away,W,10,Tokyo Yakult Swallows,10,14,0,"0,1,2,4,3,0,0,0,0",13,Meiji Jingu Stadium,,03:18,19032,GAME20090729YSHC0510
2009,2009-07-29,Reg Season,Tokyo Yakult Swallows,Home,L,6,Hiroshima Toyo Carp,6,10,2,"0,3,0,0,0,0,3,0,0",13,Meiji Jingu Stadium,,03:18,19032,GAME20090729YSHC0510
2009,2009-07-30,Reg Season,Yokohama BayStars,Away,L,0,Hanshin Tigers,0,2,0,"0,0,0,0,0,0,0,0,0",15,Hanshin Koshien Stadium,,02:11,44649,GAME20090730HTDB0513
2009,2009-07-30,Reg Season,Hanshin Tigers,Home,W,2,Yokohama BayStars,2,5,0,"1,0,0,0,1,0,0,0,x",15,Hanshin Koshien Stadium,,02:11,44649,GAME20090730HTDB0513
2009,2009-07-30,Reg Season,Hokkaido Nippon-Ham Fighters,Away,W,7,Chiba Lotte Marines,7,11,0,"0,0,0,0,0,0,1,6,0",17,ZOZO Marine Stadium,,03:34,15137,GAME20090730LMNF0512
2009,2009-07-30,Reg Season,Chiba Lotte Marines,Home,L,6,Hokkaido Nippon-Ham Fighters,6,10,2,"0,0,3,3,0,0,0,0,0",17,ZOZO Marine Stadium,,03:34,15137,GAME20090730LMNF0512
2009,2009-07-30,Reg Season,Orix Buffaloes,Away,L,1,Fukuoka Softbank Hawks,1,5,0,"1,0,0,0,0,0,0,0,0",14,Mizuho PayPay Dome Fukuoka,,02:59,32140,GAME20090730SHOB0515
2009,2009-07-30,Reg Season,Fukuoka Softbank Hawks,Home,W,3,Orix Buffaloes,3,6,0,"0,0,2,0,0,0,0,1,x",14,Mizuho PayPay Dome Fukuoka,,02:59,32140,GAME20090730SHOB0515
2009,2009-07-30,Reg Season,Chunichi Dragons,Away,W,5,Yomiuri Giants,5,10,0,"0,0,0,0,1,4,0,0,0",15,Tokyo Dome,,03:27,42817,GAME20090730YGCD0516
2009,2009-07-30,Reg Season,Yomiuri Giants,Home,L,3,Chunichi Dragons,3,8,1,"0,0,0,2,0,0,1,0,0",15,Tokyo Dome,,03:27,42817,GAME20090730YGCD0516
2009,2009-07-30,Reg Season,Hiroshima Toyo Carp,Away,W,8,Tokyo Yakult Swallows,8,13,0,"1,0,0,0,3,2,0,1,1",14,Meiji Jingu Stadium,,03:07,16512,GAME20090730YSHC0514
2009,2009-07-30,Reg Season,Tokyo Yakult Swallows,Home,L,3,Hiroshima Toyo Carp,3,7,1,"1,1,0,0,0,0,1,0,0",14,Meiji Jingu Stadium,,03:07,16512,GAME20090730YSHC0514
2009,2009-07-31,Reg Season,Yokohama BayStars,Away,W,7,Hiroshima Toyo Carp,7,11,1,"0,0,0,0,0,1,3,0,3",12,MAZDA Zoom-Zoom Stadium Hiroshima,,03:23,23774,GAME20090731HCDB0518
2009,2009-07-31,Reg Season,Hiroshima Toyo Carp,Home,L,6,Yokohama BayStars,6,8,3,"0,1,0,0,0,0,0,4,1",12,MAZDA Zoom-Zoom Stadium Hiroshima,,03:23,23774,GAME20090731HCDB0518
2009,2009-07-31,Reg Season,Yomiuri Giants,Away,L,2,Hanshin Tigers,2,7,0,"0,0,0,0,0,1,0,0,1",13,Hanshin Koshien Stadium,,02:43,46736,GAME20090731HTYG0522
2009,2009-07-31,Reg Season,Hanshin Tigers,Home,W,3,Yomiuri Giants,3,6,1,"0,0,0,0,0,3,0,0,x",13,Hanshin Koshien Stadium,,02:43,46736,GAME20090731HTYG0522
2009,2009-07-31,Reg Season,Tohoku Rakuten Golden Eagles,Away,L,1,Chiba Lotte Marines,1,4,0,"0,0,0,0,0,1,0,0,0",12,ZOZO Marine Stadium,,03:00,23774,GAME20090731LMRE0519
2009,2009-07-31,Reg Season,Chiba Lotte Marines,Home,W,3,Tohoku Rakuten Golden Eagles,3,7,0,"0,0,0,0,0,0,0,3,x",12,ZOZO Marine Stadium,,03:00,23774,GAME20090731LMRE0519
2009,2009-07-31,Reg Season,Fukuoka Softbank Hawks,Away,L,1,Hokkaido Nippon-Ham Fighters,1,5,1,"0,0,0,0,0,1,0,0,0",12,Sapporo Dome,,02:54,29525,GAME20090731NFSH0521
2009,2009-07-31,Reg Season,Hokkaido Nippon-Ham Fighters,Home,W,5,Fukuoka Softbank Hawks,5,10,0,"1,0,1,0,0,3,0,0,x",12,Sapporo Dome,,02:54,29525,GAME20090731NFSH0521
2009,2009-07-31,Reg Season,Saitama Seibu Lions,Away,W,4,Orix Buffaloes,4,6,0,"0,0,2,0,0,0,1,1,0",16,Kobe Athletic Park Baseball Field,,02:42,22700,GAME20090731OBSL0517
2009,2009-07-31,Reg Season,Orix Buffaloes,Home,L,2,Saitama Seibu Lions,2,7,2,"0,1,0,0,0,1,0,0,0",16,Kobe Athletic Park Baseball Field,,02:42,22700,GAME20090731OBSL0517
2009,2009-07-31,Reg Season,Chunichi Dragons,Away,L,2,Tokyo Yakult Swallows,2,7,0,"0,0,0,0,0,0,2,0,0",13,Meiji Jingu Stadium,,03:01,18996,GAME20090731YSCD0520
2009,2009-07-31,Reg Season,Tokyo Yakult Swallows,Home,W,3,Chunichi Dragons,3,7,0,"1,0,0,0,0,2,0,0,x",13,Meiji Jingu Stadium,,03:01,18996,GAME20090731YSCD0520
2009,2009-08-01,Reg Season,Yokohama BayStars,Away,L,3,Hiroshima Toyo Carp,3,7,3,"0,0,0,0,2,1,0,0,0",13,MAZDA Zoom-Zoom Stadium Hiroshima,,03:27,29462,GAME20090801HCDB0528
2009,2009-08-01,Reg Season,Hiroshima Toyo Carp,Home,W,6,Yokohama BayStars,6,7,0,"0,0,0,0,3,0,0,3,x",13,MAZDA Zoom-Zoom Stadium Hiroshima,,03:27,29462,GAME20090801HCDB0528
2009,2009-08-01,Reg Season,Yomiuri Giants,Away,W,4,Hanshin Tigers,4,8,0,"1,2,0,0,0,1,0,0,0",14,Hanshin Koshien Stadium,,03:13,46851,GAME20090801HTYG0524
2009,2009-08-01,Reg Season,Hanshin Tigers,Home,L,2,Yomiuri Giants,2,6,2,"0,0,0,0,0,0,0,2,0",14,Hanshin Koshien Stadium,,03:13,46851,GAME20090801HTYG0524
2009,2009-08-01,Reg Season,Tohoku Rakuten Golden Eagles,Away,L,4,Chiba Lotte Marines,4,7,0,"0,0,0,0,1,0,0,3,0",13,ZOZO Marine Stadium,,03:22,27733,GAME20090801LMRE0527
2009,2009-08-01,Reg Season,Chiba Lotte Marines,Home,W,5,Tohoku Rakuten Golden Eagles,5,11,2,"1,0,3,0,0,0,0,1,x",13,ZOZO Marine Stadium,,03:22,27733,GAME20090801LMRE0527
2009,2009-08-01,Reg Season,Fukuoka Softbank Hawks,Away,W,2,Hokkaido Nippon-Ham Fighters,2,6,0,"0,0,0,0,0,0,0,2,0",13,Sapporo Dome,,03:04,33543,GAME20090801NFSH0525
2009,2009-08-01,Reg Season,Hokkaido Nippon-Ham Fighters,Home,L,1,Fukuoka Softbank Hawks,1,9,0,"0,1,0,0,0,0,0,0,0",13,Sapporo Dome,,03:04,33543,GAME20090801NFSH0525
2009,2009-08-01,Reg Season,Saitama Seibu Lions,Away,W,6,Orix Buffaloes,6,11,0,"0,1,0,0,0,1,0,2,2",17,Kyocera Dome Osaka,,03:15,22634,GAME20090801OBSL0526
2009,2009-08-01,Reg Season,Orix Buffaloes,Home,L,4,Saitama Seibu Lions,4,9,1,"0,3,1,0,0,0,0,0,0",17,Kyocera Dome Osaka,,03:15,22634,GAME20090801OBSL0526
2009,2009-08-01,Reg Season,Chunichi Dragons,Away,L,2,Tokyo Yakult Swallows,2,7,1,"0,0,0,1,0,0,0,1,0",14,Meiji Jingu Stadium,,03:06,25226,GAME20090801YSCD0523
2009,2009-08-01,Reg Season,Tokyo Yakult Swallows,Home,W,4,Chunichi Dragons,4,7,1,"1,0,0,0,0,0,0,3,x",14,Meiji Jingu Stadium,,03:06,25226,GAME20090801YSCD0523
2009,2009-08-02,Reg Season,Yokohama BayStars,Away,W,9,Hiroshima Toyo Carp,9,15,0,"0,0,0,1,0,3,4,0,0,1",14,MAZDA Zoom-Zoom Stadium Hiroshima,,03:54,26076,GAME20090802HCDB0532
2009,2009-08-02,Reg Season,Hiroshima Toyo Carp,Home,L,8,Yokohama BayStars,8,16,0,"4,1,0,0,0,2,1,0,0,0",14,MAZDA Zoom-Zoom Stadium Hiroshima,,03:54,26076,GAME20090802HCDB0532
2009,2009-08-02,Reg Season,Yomiuri Giants,Away,L,4,Hanshin Tigers,4,10,3,"2,0,0,0,0,2,0,0,0",15,Hanshin Koshien Stadium,,03:12,46837,GAME20090802HTYG0533
2009,2009-08-02,Reg Season,Hanshin Tigers,Home,W,7,Yomiuri Giants,7,12,0,"3,0,1,0,0,2,1,0,x",15,Hanshin Koshien Stadium,,03:12,46837,GAME20090802HTYG0533
2009,2009-08-02,Reg Season,Tohoku Rakuten Golden Eagles,Away,L,1,Chiba Lotte Marines,1,9,2,"1,0,0,0,0,0,0,0,0,0,0",14,ZOZO Marine Stadium,,04:16,24349,GAME20090802LMRE0531
2009,2009-08-02,Reg Season,Chiba Lotte Marines,Home,W,2,Tohoku Rakuten Golden Eagles,2,9,0,"0,0,1,0,0,0,0,0,0,0,1x",14,ZOZO Marine Stadium,,04:16,24349,GAME20090802LMRE0531
2009,2009-08-02,Reg Season,Fukuoka Softbank Hawks,Away,L,1,Hokkaido Nippon-Ham Fighters,1,6,0,"0,0,0,0,0,0,1,0,0",14,Sapporo Dome,,02:51,35639,GAME20090802NFSH0530
2009,2009-08-02,Reg Season,Hokkaido Nippon-Ham Fighters,Home,W,7,Fukuoka Softbank Hawks,7,9,1,"0,0,0,2,0,3,1,1,x",14,Sapporo Dome,,02:51,35639,GAME20090802NFSH0530
2009,2009-08-02,Reg Season,Saitama Seibu Lions,Away,L,5,Orix Buffaloes,5,10,0,"0,0,1,0,1,1,0,2,0,0",18,Kyocera Dome Osaka,,03:33,27573,GAME20090802OBSL0534
2009,2009-08-02,Reg Season,Orix Buffaloes,Home,W,6,Saitama Seibu Lions,6,11,0,"0,3,2,0,0,0,0,0,0,1x",18,Kyocera Dome Osaka,,03:33,27573,GAME20090802OBSL0534
2009,2009-08-02,Reg Season,Chunichi Dragons,Away,W,6,Tokyo Yakult Swallows,6,12,1,"0,1,2,0,0,0,0,0,0,0,3",15,Meiji Jingu Stadium,,04:44,18310,GAME20090802YSCD0529
2009,2009-08-02,Reg Season,Tokyo Yakult Swallows,Home,L,5,Chunichi Dragons,5,11,0,"1,0,1,0,0,1,0,0,0,0,2",15,Meiji Jingu Stadium,,04:44,18310,GAME20090802YSCD0529
2009,2009-08-04,Reg Season,Hanshin Tigers,Away,L,0,Chunichi Dragons,0,2,0,"0,0,0,0,0,0,0,0,0",12,Vantelin Dome Nagoya,,02:49,33412,GAME20090804CDHT0540
2009,2009-08-04,Reg Season,Chunichi Dragons,Home,W,7,Hanshin Tigers,7,8,0,"0,0,0,0,3,0,0,4,x",12,Vantelin Dome Nagoya,,02:49,33412,GAME20090804CDHT0540
2009,2009-08-04,Reg Season,Tokyo Yakult Swallows,Away,W,5,Yokohama BayStars,5,12,2,"2,0,0,0,0,0,1,1,0,1",11,Yokohama Stadium,,03:39,14841,GAME20090804DBYS0537
2009,2009-08-04,Reg Season,Yokohama BayStars,Home,L,4,Tokyo Yakult Swallows,4,10,0,"0,1,0,1,0,0,1,0,1,0",11,Yokohama Stadium,,03:39,14841,GAME20090804DBYS0537
2009,2009-08-04,Reg Season,Tohoku Rakuten Golden Eagles,Away,W,5,Orix Buffaloes,5,11,1,"0,0,2,1,1,0,1,0,0",11,Kobe Athletic Park Baseball Field,,03:37,31267,GAME20090804OBRE0536
2009,2009-08-04,Reg Season,Orix Buffaloes,Home,L,2,Tohoku Rakuten Golden Eagles,2,8,1,"1,0,0,0,0,0,1,0,0",11,Kobe Athletic Park Baseball Field,,03:37,31267,GAME20090804OBRE0536
2009,2009-08-04,Reg Season,Chiba Lotte Marines,Away,L,3,Fukuoka Softbank Hawks,3,6,0,"0,0,2,0,0,0,0,0,1",13,Mizuho PayPay Dome Fukuoka,,02:59,33028,GAME20090804SHLM0538
2009,2009-08-04,Reg Season,Fukuoka Softbank Hawks,Home,W,8,Chiba Lotte Marines,8,12,0,"0,2,4,0,0,1,0,1,x",13,Mizuho PayPay Dome Fukuoka,,02:59,33028,GAME20090804SHLM0538
2009,2009-08-04,Reg Season,Hokkaido Nippon-Ham Fighters,Away,W,5,Saitama Seibu Lions,5,10,3,"0,1,1,0,0,3,0,0,0",10,Omiya Park Baseball Stadium,,03:34,20473,GAME20090804SLNF0539
2009,2009-08-04,Reg Season,Saitama Seibu Lions,Home,L,1,Hokkaido Nippon-Ham Fighters,1,6,1,"0,0,0,1,0,0,0,0,0",10,Omiya Park Baseball Stadium,,03:34,20473,GAME20090804SLNF0539
2009,2009-08-04,Reg Season,Hiroshima Toyo Carp,Away,L,4,Yomiuri Giants,4,10,3,"0,0,1,0,1,0,2,0,0,0,0",13,Hanasaki Sports Park Baseball Field,,03:23,17515,GAME20090804YGHC0535
2009,2009-08-04,Reg Season,Yomiuri Giants,Home,W,6,Hiroshima Toyo Carp,6,8,1,"0,0,0,1,1,0,0,0,2,0,2x",13,Hanasaki Sports Park Baseball Field,,03:23,17515,GAME20090804YGHC0535
2009,2009-08-05,Reg Season,Hanshin Tigers,Away,L,1,Chunichi Dragons,1,6,0,"0,0,1,0,0,0,0,0,0",13,Vantelin Dome Nagoya,,02:48,34076,GAME20090805CDHT0544
2009,2009-08-05,Reg Season,Chunichi Dragons,Home,W,3,Hanshin Tigers,3,5,1,"0,0,1,0,0,0,2,0,x",13,Vantelin Dome Nagoya,,02:48,34076,GAME20090805CDHT0544
2009,2009-08-05,Reg Season,Tokyo Yakult Swallows,Away,L,3,Yokohama BayStars,3,8,0,"0,2,0,0,0,0,0,0,1",12,Yokohama Stadium,,03:00,15644,GAME20090805DBYS0542
2009,2009-08-05,Reg Season,Yokohama BayStars,Home,W,8,Tokyo Yakult Swallows,8,11,0,"0,0,0,2,3,3,0,0,x",12,Yokohama Stadium,,03:00,15644,GAME20090805DBYS0542
2009,2009-08-05,Reg Season,Tohoku Rakuten Golden Eagles,Away,W,8,Orix Buffaloes,8,11,0,"2,0,0,1,0,0,0,3,2",12,Kyocera Dome Osaka,,02:34,11323,GAME20090805OBRE0545
2009,2009-08-05,Reg Season,Orix Buffaloes,Home,L,0,Tohoku Rakuten Golden Eagles,0,1,0,"0,0,0,0,0,0,0,0,0",12,Kyocera Dome Osaka,,02:34,11323,GAME20090805OBRE0545
2009,2009-08-05,Reg Season,Chiba Lotte Marines,Away,L,4,Fukuoka Softbank Hawks,4,9,1,"2,0,2,0,0,0,0,0,0",14,Mizuho PayPay Dome Fukuoka,,03:22,32466,GAME20090805SHLM0546
2009,2009-08-05,Reg Season,Fukuoka Softbank Hawks,Home,W,5,Chiba Lotte Marines,5,11,2,"1,0,1,0,2,0,0,1,x",14,Mizuho PayPay Dome Fukuoka,,03:22,32466,GAME20090805SHLM0546
2009,2009-08-05,Reg Season,Hokkaido Nippon-Ham Fighters,Away,L,2,Saitama Seibu Lions,2,5,1,"0,0,0,2,0,0,0,0,0",11,Belluna Dome,,03:01,18510,GAME20090805SLNF0543
2009,2009-08-05,Reg Season,Saitama Seibu Lions,Home,W,5,Hokkaido Nippon-Ham Fighters,5,6,0,"0,0,0,0,0,0,5,0,x",11,Belluna Dome,,03:01,18510,GAME20090805SLNF0543
2009,2009-08-05,Reg Season,Hiroshima Toyo Carp,Away,T,3,Yomiuri Giants,3,7,1,"1,0,0,0,0,0,1,0,0,0,0,1",14,Sapporo Dome,,03:51,33733,GAME20090805YGHC0541
2009,2009-08-05,Reg Season,Yomiuri Giants,Home,T,3,Hiroshima Toyo Carp,3,12,0,"0,0,0,1,0,0,1,0,0,0,0,1",14,Sapporo Dome,,03:51,33733,GAME20090805YGHC0541
2009,2009-08-06,Reg Season,Hanshin Tigers,Away,W,9,Chunichi Dragons,9,13,0,"5,3,0,0,0,1,0,0,0",14,Vantelin Dome Nagoya,,03:18,34264,GAME20090806CDHT0550
2009,2009-08-06,Reg Season,Chunichi Dragons,Home,L,2,Hanshin Tigers,2,11,1,"0,0,0,0,0,0,0,2,0",14,Vantelin Dome Nagoya,,03:18,34264,GAME20090806CDHT0550
2009,2009-08-06,Reg Season,Tokyo Yakult Swallows,Away,L,3,Yokohama BayStars,3,8,0,"0,0,0,0,0,1,0,2,0",13,Batting Palace Hiratsuka Shonan,,04:10,12828,GAME20090806DBYS0547
2009,2009-08-06,Reg Season,Yokohama BayStars,Home,W,4,Tokyo Yakult Swallows,4,7,0,"0,0,0,1,0,1,2,0,x",13,Batting Palace Hiratsuka Shonan,,04:10,12828,GAME20090806DBYS0547
2009,2009-08-06,Reg Season,Tohoku Rakuten Golden Eagles,Away,W,7,Orix Buffaloes,7,17,1,"0,0,0,0,0,0,4,0,0,0,0,3",13,Kyocera Dome Osaka,,04:53,10675,GAME20090806OBRE0548
2009,2009-08-06,Reg Season,Orix Buffaloes,Home,L,4,Tohoku Rakuten Golden Eagles,4,8,0,"0,0,0,0,2,1,0,0,1,0,0,0",13,Kyocera Dome Osaka,,04:53,10675,GAME20090806OBRE0548
2009,2009-08-06,Reg Season,Chiba Lotte Marines,Away,W,13,Fukuoka Softbank Hawks,13,16,0,"1,0,0,2,4,2,0,3,1",15,Mizuho PayPay Dome Fukuoka,,03:53,33580,GAME20090806SHLM0549
2009,2009-08-06,Reg Season,Fukuoka Softbank Hawks,Home,L,5,Chiba Lotte Marines,5,10,0,"0,3,0,0,0,0,0,2,0",15,Mizuho PayPay Dome Fukuoka,,03:53,33580,GAME20090806SHLM0549
2009,2009-08-06,Reg Season,Hokkaido Nippon-Ham Fighters,Away,W,7,Saitama Seibu Lions,7,15,0,"0,0,1,1,0,0,2,0,3",12,Belluna Dome,,03:22,19360,GAME20090806SLNF0551
2009,2009-08-06,Reg Season,Saitama Seibu Lions,Home,L,4,Hokkaido Nippon-Ham Fighters,4,5,0,"0,0,0,0,0,2,0,2,0",12,Belluna Dome,,03:22,19360,GAME20090806SLNF0551
2009,2009-08-07,Reg Season,Chunichi Dragons,Away,W,10,Yokohama BayStars,10,13,2,"2,1,0,0,4,1,0,0,2",13,Yokohama Stadium,,03:51,14697,GAME20090807DBCD0554
2009,2009-08-07,Reg Season,Yokohama BayStars,Home,L,3,Chunichi Dragons,3,7,0,"1,0,0,0,1,0,1,0,0",13,Yokohama Stadium,,03:51,14697,GAME20090807DBCD0554
2009,2009-08-07,Reg Season,Hanshin Tigers,Away,W,4,Hiroshima Toyo Carp,4,10,1,"0,1,0,2,0,0,0,0,1",12,MAZDA Zoom-Zoom Stadium Hiroshima,,02:31,31333,GAME20090807HCHT0555
2009,2009-08-07,Reg Season,Hiroshima Toyo Carp,Home,L,0,Hanshin Tigers,0,3,1,"0,0,0,0,0,0,0,0,0",12,MAZDA Zoom-Zoom Stadium Hiroshima,,02:31,31333,GAME20090807HCHT0555
2009,2009-08-07,Reg Season,Chiba Lotte Marines,Away,L,1,Orix Buffaloes,1,4,0,"0,0,0,0,0,1,0,0,0",13,Kyocera Dome Osaka,,03:04,22476,GAME20090807OBLM0552
2009,2009-08-07,Reg Season,Orix Buffaloes,Home,W,5,Chiba Lotte Marines,5,12,2,"1,0,2,0,0,0,1,1,x",13,Kyocera Dome Osaka,,03:04,22476,GAME20090807OBLM0552
2009,2009-08-07,Reg Season,Hokkaido Nippon-Ham Fighters,Away,L,1,Tohoku Rakuten Golden Eagles,1,10,0,"0,1,0,0,0,0,0,0,0",13,Rakuten Seimei Park Miyagi,,03:26,20226,GAME20090807RENF0553
2009,2009-08-07,Reg Season,Tohoku Rakuten Golden Eagles,Home,W,3,Hokkaido Nippon-Ham Fighters,3,5,2,"0,0,1,0,2,0,0,0,x",13,Rakuten Seimei Park Miyagi,,03:26,20226,GAME20090807RENF0553
2009,2009-08-07,Reg Season,Fukuoka Softbank Hawks,Away,W,5,Saitama Seibu Lions,5,8,1,"0,0,0,0,0,0,1,2,2",13,Belluna Dome,,03:09,17476,GAME20090807SLSH0557
2009,2009-08-07,Reg Season,Saitama Seibu Lions,Home,L,4,Fukuoka Softbank Hawks,4,10,0,"0,0,0,0,0,1,2,0,1",13,Belluna Dome,,03:09,17476,GAME20090807SLSH0557
2009,2009-08-07,Reg Season,Tokyo Yakult Swallows,Away,L,7,Yomiuri Giants,7,11,1,"1,0,0,0,0,1,0,4,1",11,Tokyo Dome,,03:40,44790,GAME20090807YGYS0556
2009,2009-08-07,Reg Season,Yomiuri Giants,Home,W,10,Tokyo Yakult Swallows,10,15,0,"4,0,0,0,0,6,0,0,x",11,Tokyo Dome,,03:40,44790,GAME20090807YGYS0556
2009,2009-08-08,Reg Season,Chunichi Dragons,Away,L,3,Yokohama BayStars,3,8,1,"0,0,0,0,1,0,0,1,1,0,0",14,Yokohama Stadium,,04:42,21364,GAME20090808DBCD0559
2009,2009-08-08,Reg Season,Yokohama BayStars,Home,W,4,Chunichi Dragons,4,10,0,"0,0,3,0,0,0,0,0,0,0,1x",14,Yokohama Stadium,,04:42,21364,GAME20090808DBCD0559
2009,2009-08-08,Reg Season,Hanshin Tigers,Away,L,0,Hiroshima Toyo Carp,0,6,0,"0,0,0,0,0,0,0,0,0",13,MAZDA Zoom-Zoom Stadium Hiroshima,,02:34,31733,GAME20090808HCHT0563
2009,2009-08-08,Reg Season,Hiroshima Toyo Carp,Home,W,8,Hanshin Tigers,8,10,0,"0,0,0,7,0,0,1,0,x",13,MAZDA Zoom-Zoom Stadium Hiroshima,,02:34,31733,GAME20090808HCHT0563
2009,2009-08-08,Reg Season,Chiba Lotte Marines,Away,W,6,Orix Buffaloes,6,12,0,"0,0,0,1,0,1,0,0,4",14,Kyocera Dome Osaka,,03:11,22510,GAME20090808OBLM0558
2009,2009-08-08,Reg Season,Orix Buffaloes,Home,L,2,Chiba Lotte Marines,2,6,0,"0,0,0,0,0,0,2,0,0",14,Kyocera Dome Osaka,,03:11,22510,GAME20090808OBLM0558
2009,2009-08-08,Reg Season,Hokkaido Nippon-Ham Fighters,Away,W,8,Tohoku Rakuten Golden Eagles,8,12,0,"1,0,0,2,5,0,0,0,0",14,Rakuten Seimei Park Miyagi,,03:54,20542,GAME20090808RENF0562
2009,2009-08-08,Reg Season,Tohoku Rakuten Golden Eagles,Home,L,6,Hokkaido Nippon-Ham Fighters,6,13,1,"2,0,0,0,0,0,3,1,0",14,Rakuten Seimei Park Miyagi,,03:54,20542,GAME20090808RENF0562
2009,2009-08-08,Reg Season,Fukuoka Softbank Hawks,Away,L,3,Saitama Seibu Lions,3,7,1,"0,0,0,0,0,1,0,1,1",14,Belluna Dome,,03:17,28911,GAME20090808SLSH0561
2009,2009-08-08,Reg Season,Saitama Seibu Lions,Home,W,12,Fukuoka Softbank Hawks,12,15,0,"4,0,0,0,3,2,1,2,x",14,Belluna Dome,,03:17,28911,GAME20090808SLSH0561
2009,2009-08-08,Reg Season,Tokyo Yakult Swallows,Away,L,1,Yomiuri Giants,1,4,0,"0,0,0,0,0,0,1,0,0,0",12,Tokyo Dome,,03:28,44076,GAME20090808YGYS0560
2009,2009-08-08,Reg Season,Yomiuri Giants,Home,W,2,Tokyo Yakult Swallows,2,8,3,"0,0,0,1,0,0,0,0,0,1x",12,Tokyo Dome,,03:28,44076,GAME20090808YGYS0560
2009,2009-08-09,Reg Season,Chunichi Dragons,Away,W,7,Yokohama BayStars,7,12,0,"1,1,0,0,4,0,0,0,1",15,Yokohama Stadium,,03:03,18233,GAME20090809DBCD0568
2009,2009-08-09,Reg Season,Yokohama BayStars,Home,L,4,Chunichi Dragons,4,9,1,"0,1,0,0,0,0,0,0,3",15,Yokohama Stadium,,03:03,18233,GAME20090809DBCD0568
2009,2009-08-09,Reg Season,Hanshin Tigers,Away,L,3,Hiroshima Toyo Carp,3,8,0,"0,0,0,0,0,1,2,0,0",14,MAZDA Zoom-Zoom Stadium Hiroshima,,03:25,31684,GAME20090809HCHT0567
2009,2009-08-09,Reg Season,Hiroshima Toyo Carp,Home,W,7,Hanshin Tigers,7,10,1,"0,0,0,3,0,2,1,1,x",14,MAZDA Zoom-Zoom Stadium Hiroshima,,03:25,31684,GAME20090809HCHT0567
2009,2009-08-09,Reg Season,Chiba Lotte Marines,Away,W,3,Orix Buffaloes,3,5,1,"1,0,0,0,0,0,0,0,2",15,Kyocera Dome Osaka,,02:50,25495,GAME20090809OBLM0564
2009,2009-08-09,Reg Season,Orix Buffaloes,Home,L,2,Chiba Lotte Marines,2,6,0,"1,1,0,0,0,0,0,0,0",15,Kyocera Dome Osaka,,02:50,25495,GAME20090809OBLM0564
2009,2009-08-09,Reg Season,Hokkaido Nippon-Ham Fighters,Away,W,4,Tohoku Rakuten Golden Eagles,4,10,0,"0,0,1,0,0,0,0,3,0",15,Rakuten Seimei Park Miyagi,,02:50,16077,GAME20090809RENF0566
2009,2009-08-09,Reg Season,Tohoku Rakuten Golden Eagles,Home,L,1,Hokkaido Nippon-Ham Fighters,1,4,1,"0,0,1,0,0,0,0,0,0",15,Rakuten Seimei Park Miyagi,,02:50,16077,GAME20090809RENF0566
2009,2009-08-09,Reg Season,Fukuoka Softbank Hawks,Away,W,4,Saitama Seibu Lions,4,7,0,"0,1,0,0,0,1,0,2,0",15,Belluna Dome,,03:16,29660,GAME20090809SLSH0569
2009,2009-08-09,Reg Season,Saitama Seibu Lions,Home,L,1,Fukuoka Softbank Hawks,1,3,0,"0,0,0,0,0,0,0,1,0",15,Belluna Dome,,03:16,29660,GAME20090809SLSH0569
2009,2009-08-09,Reg Season,Tokyo Yakult Swallows,Away,L,0,Yomiuri Giants,0,8,0,"0,0,0,0,0,0,0,0,0",13,Tokyo Dome,,02:50,45480,GAME20090809YGYS0565
2009,2009-08-09,Reg Season,Yomiuri Giants,Home,W,2,Tokyo Yakult Swallows,2,6,0,"0,0,0,0,0,0,2,0,x",13,Tokyo Dome,,02:50,45480,GAME20090809YGYS0565
2009,2009-08-11,Reg Season,Yomiuri Giants,Away,W,3,Hiroshima Toyo Carp,3,9,0,"1,0,0,1,0,1,0,0,0",15,MAZDA Zoom-Zoom Stadium Hiroshima,,03:09,31442,GAME20090811HCYG0575
2009,2009-08-11,Reg Season,Hiroshima Toyo Carp,Home,L,1,Yomiuri Giants,1,9,2,"0,0,0,0,0,0,0,0,1",15,MAZDA Zoom-Zoom Stadium Hiroshima,,03:09,31442,GAME20090811HCYG0575
2009,2009-08-11,Reg Season,Chunichi Dragons,Away,W,3,Hanshin Tigers,3,6,1,"0,0,2,1,0,0,0,0,0",15,Kyocera Dome Osaka,,02:59,30138,GAME20090811HTCD0572
2009,2009-08-11,Reg Season,Hanshin Tigers,Home,L,1,Chunichi Dragons,1,6,0,"0,0,0,0,0,0,1,0,0",15,Kyocera Dome Osaka,,02:59,30138,GAME20090811HTCD0572
2009,2009-08-11,Reg Season,Saitama Seibu Lions,Away,W,1,Chiba Lotte Marines,1,7,0,"0,0,1,0,0,0,0,0,0",13,ZOZO Marine Stadium,,02:48,20218,GAME20090811LMSL0570
2009,2009-08-11,Reg Season,Chiba Lotte Marines,Home,L,0,Saitama Seibu Lions,0,5,1,"0,0,0,0,0,0,0,0,0",13,ZOZO Marine Stadium,,02:48,20218,GAME20090811LMSL0570
2009,2009-08-11,Reg Season,Orix Buffaloes,Away,L,3,Hokkaido Nippon-Ham Fighters,3,10,1,"0,0,0,0,0,0,0,1,2,0,0,0",12,Tokyo Dome,,04:04,20013,GAME20090811NFOB0571
2009,2009-08-11,Reg Season,Hokkaido Nippon-Ham Fighters,Home,W,4,Orix Buffaloes,4,11,0,"0,0,0,0,1,1,0,0,1,0,0,1x",12,Tokyo Dome,,04:04,20013,GAME20090811NFOB0571
2009,2009-08-11,Reg Season,Fukuoka Softbank Hawks,Away,L,0,Tohoku Rakuten Golden Eagles,0,9,0,"0,0,0,0,0,0,0,0,0",15,Rakuten Seimei Park Miyagi,,03:06,17793,GAME20090811RESH0573
2009,2009-08-11,Reg Season,Tohoku Rakuten Golden Eagles,Home,W,6,Fukuoka Softbank Hawks,6,11,1,"1,0,0,0,1,2,2,0,x",15,Rakuten Seimei Park Miyagi,,03:06,17793,GAME20090811RESH0573
2009,2009-08-11,Reg Season,Yokohama BayStars,Away,L,4,Tokyo Yakult Swallows,4,12,1,"0,0,0,0,1,2,0,0,0,1,0",14,Meiji Jingu Stadium,,03:57,14186,GAME20090811YSDB0574
2009,2009-08-11,Reg Season,Tokyo Yakult Swallows,Home,W,5,Yokohama BayStars,5,11,0,"1,0,2,0,0,0,0,0,0,1,1x",14,Meiji Jingu Stadium,,03:57,14186,GAME20090811YSDB0574
2009,2009-08-12,Reg Season,Yomiuri Giants,Away,W,16,Hiroshima Toyo Carp,16,23,0,"1,0,5,0,0,1,9,0,0",16,MAZDA Zoom-Zoom Stadium Hiroshima,,03:34,31796,GAME20090812HCYG0579
2009,2009-08-12,Reg Season,Hiroshima Toyo Carp,Home,L,5,Yomiuri Giants,5,8,0,"0,4,0,0,0,1,0,0,0",16,MAZDA Zoom-Zoom Stadium Hiroshima,,03:34,31796,GAME20090812HCYG0579
2009,2009-08-12,Reg Season,Chunichi Dragons,Away,L,1,Hanshin Tigers,1,4,0,"0,0,0,0,0,0,1,0,0",16,Kyocera Dome Osaka,,02:55,28516,GAME20090812HTCD0577
2009,2009-08-12,Reg Season,Hanshin Tigers,Home,W,6,Chunichi Dragons,6,14,1,"0,0,0,2,0,0,4,0,x",16,Kyocera Dome Osaka,,02:55,28516,GAME20090812HTCD0577
2009,2009-08-12,Reg Season,Saitama Seibu Lions,Away,W,5,Chiba Lotte Marines,5,11,1,"1,0,0,0,0,1,0,0,1,0,0,2",14,ZOZO Marine Stadium,,03:49,25339,GAME20090812LMSL0576
2009,2009-08-12,Reg Season,Chiba Lotte Marines,Home,L,3,Saitama Seibu Lions,3,5,1,"1,0,0,1,0,0,0,0,1,0,0,0",14,ZOZO Marine Stadium,,03:49,25339,GAME20090812LMSL0576
2009,2009-08-12,Reg Season,Orix Buffaloes,Away,W,8,Hokkaido Nippon-Ham Fighters,8,13,1,"0,0,0,7,1,0,0,0,0",13,Tokyo Dome,,03:02,21884,GAME20090812NFOB0580
2009,2009-08-12,Reg Season,Hokkaido Nippon-Ham Fighters,Home,L,2,Orix Buffaloes,2,8,0,"1,0,0,0,0,1,0,0,0",13,Tokyo Dome,,03:02,21884,GAME20090812NFOB0580
2009,2009-08-12,Reg Season,Fukuoka Softbank Hawks,Away,L,1,Tohoku Rakuten Golden Eagles,1,4,1,"0,0,0,0,1,0,0,0,0",16,Rakuten Seimei Park Miyagi,,03:13,17517,GAME20090812RESH0581
2009,2009-08-12,Reg Season,Tohoku Rakuten Golden Eagles,Home,W,5,Fukuoka Softbank Hawks,5,7,1,"0,0,1,1,0,2,1,0,x",16,Rakuten Seimei Park Miyagi,,03:13,17517,GAME20090812RESH0581
2009,2009-08-12,Reg Season,Yokohama BayStars,Away,W,4,Tokyo Yakult Swallows,4,9,0,"0,0,0,2,0,1,0,0,0,0,0,1",15,Meiji Jingu Stadium,,04:33,17728,GAME20090812YSDB0578
2009,2009-08-12,Reg Season,Tokyo Yakult Swallows,Home,L,3,Yokohama BayStars,3,13,1,"0,0,0,0,1,0,2,0,0,0,0,0",15,Meiji Jingu Stadium,,04:33,17728,GAME20090812YSDB0578
2009,2009-08-13,Reg Season,Yomiuri Giants,Away,L,5,Hiroshima Toyo Carp,5,10,1,"0,1,4,0,0,0,0,0,0",17,MAZDA Zoom-Zoom Stadium Hiroshima,,03:13,31856,GAME20090813HCYG0587
2009,2009-08-13,Reg Season,Hiroshima Toyo Carp,Home,W,10,Yomiuri Giants,10,12,0,"0,2,1,1,0,2,4,0,x",17,MAZDA Zoom-Zoom Stadium Hiroshima,,03:13,31856,GAME20090813HCYG0587
2009,2009-08-13,Reg Season,Chunichi Dragons,Away,W,9,Hanshin Tigers,9,13,0,"0,0,0,0,0,0,6,0,3",17,Kyocera Dome Osaka,,03:25,32452,GAME20090813HTCD0586
2009,2009-08-13,Reg Season,Hanshin Tigers,Home,L,2,Chunichi Dragons,2,5,0,"2,0,0,0,0,0,0,0,0",17,Kyocera Dome Osaka,,03:25,32452,GAME20090813HTCD0586
2009,2009-08-13,Reg Season,Saitama Seibu Lions,Away,L,2,Chiba Lotte Marines,2,8,0,"1,0,0,1,0,0,0,0,0",15,ZOZO Marine Stadium,,03:07,28143,GAME20090813LMSL0582
2009,2009-08-13,Reg Season,Chiba Lotte Marines,Home,W,5,Saitama Seibu Lions,5,8,1,"3,0,0,0,2,0,0,0,x",15,ZOZO Marine Stadium,,03:07,28143,GAME20090813LMSL0582
2009,2009-08-13,Reg Season,Orix Buffaloes,Away,L,4,Hokkaido Nippon-Ham Fighters,4,7,0,"2,0,2,0,0,0,0,0,0",14,Tokyo Dome,,03:35,33823,GAME20090813NFOB0584
2009,2009-08-13,Reg Season,Hokkaido Nippon-Ham Fighters,Home,W,8,Orix Buffaloes,8,13,0,"0,0,1,0,4,1,0,2,x",14,Tokyo Dome,,03:35,33823,GAME20090813NFOB0584
2009,2009-08-13,Reg Season,Fukuoka Softbank Hawks,Away,W,15,Tohoku Rakuten Golden Eagles,15,19,1,"6,1,0,2,0,0,2,0,4",17,Rakuten Seimei Park Miyagi,,03:43,17001,GAME20090813RESH0585
2009,2009-08-13,Reg Season,Tohoku Rakuten Golden Eagles,Home,L,8,Fukuoka Softbank Hawks,8,12,2,"0,0,0,1,0,3,0,4,0",17,Rakuten Seimei Park Miyagi,,03:43,17001,GAME20090813RESH0585
2009,2009-08-13,Reg Season,Yokohama BayStars,Away,W,13,Tokyo Yakult Swallows,13,21,2,"1,4,0,0,2,3,0,0,3",16,Meiji Jingu Stadium,,03:22,18079,GAME20090813YSDB0583
2009,2009-08-13,Reg Season,Tokyo Yakult Swallows,Home,L,2,Yokohama BayStars,2,6,0,"0,0,0,0,1,0,0,1,0",16,Meiji Jingu Stadium,,03:22,18079,GAME20090813YSDB0583
2009,2009-08-14,Reg Season,Tokyo Yakult Swallows,Away,L,1,Chunichi Dragons,1,6,1,"0,1,0,0,0,0,0,0,0",16,Vantelin Dome Nagoya,,03:06,37389,GAME20090814CDYS0591
2009,2009-08-14,Reg Season,Chunichi Dragons,Home,W,12,Tokyo Yakult Swallows,12,16,0,"5,1,1,0,2,2,1,0,x",16,Vantelin Dome Nagoya,,03:06,37389,GAME20090814CDYS0591
2009,2009-08-14,Reg Season,Hiroshima Toyo Carp,Away,W,12,Yokohama BayStars,12,16,0,"3,1,1,6,0,0,0,0,1",15,Yokohama Stadium,,03:19,22514,GAME20090814DBHC0590
2009,2009-08-14,Reg Season,Yokohama BayStars,Home,L,3,Hiroshima Toyo Carp,3,9,2,"1,0,0,0,0,0,0,2,0",15,Yokohama Stadium,,03:19,22514,GAME20090814DBHC0590
2009,2009-08-14,Reg Season,Saitama Seibu Lions,Away,L,2,Hokkaido Nippon-Ham Fighters,2,5,1,"0,0,0,0,0,0,2,0,0",13,Sapporo Dome,,03:17,34095,GAME20090814NFSL0589
2009,2009-08-14,Reg Season,Hokkaido Nippon-Ham Fighters,Home,W,3,Saitama Seibu Lions,3,12,0,"0,0,1,0,0,0,1,1,x",13,Sapporo Dome,,03:17,34095,GAME20090814NFSL0589
2009,2009-08-14,Reg Season,Fukuoka Softbank Hawks,Away,L,1,Orix Buffaloes,1,5,1,"1,0,0,0,0,0,0,0,0",15,Kobe Athletic Park Baseball Field,,03:22,30040,GAME20090814OBSH0588
2009,2009-08-14,Reg Season,Orix Buffaloes,Home,W,7,Fukuoka Softbank Hawks,7,15,0,"1,1,0,0,4,1,0,0,x",15,Kobe Athletic Park Baseball Field,,03:22,30040,GAME20090814OBSH0588
2009,2009-08-14,Reg Season,Chiba Lotte Marines,Away,L,3,Tohoku Rakuten Golden Eagles,3,10,1,"2,0,0,0,0,0,0,0,1",15,Rakuten Seimei Park Miyagi,,03:04,20737,GAME20090814RELM0593
2009,2009-08-14,Reg Season,Tohoku Rakuten Golden Eagles,Home,W,4,Chiba Lotte Marines,4,12,0,"1,0,0,1,0,1,0,1,x",15,Rakuten Seimei Park Miyagi,,03:04,20737,GAME20090814RELM0593
2009,2009-08-14,Reg Season,Hanshin Tigers,Away,W,7,Yomiuri Giants,7,9,0,"3,0,0,2,0,0,2,0,0",16,Tokyo Dome,,02:44,45551,GAME20090814YGHT0592
2009,2009-08-14,Reg Season,Yomiuri Giants,Home,L,4,Hanshin Tigers,4,9,1,"0,1,0,0,0,0,2,0,1",16,Tokyo Dome,,02:44,45551,GAME20090814YGHT0592
2009,2009-08-15,Reg Season,Tokyo Yakult Swallows,Away,L,1,Chunichi Dragons,1,7,0,"0,0,0,0,0,0,0,1,0",17,Vantelin Dome Nagoya,,02:45,37630,GAME20090815CDYS0599
2009,2009-08-15,Reg Season,Chunichi Dragons,Home,W,2,Tokyo Yakult Swallows,2,4,0,"0,1,0,0,1,0,0,0,x",17,Vantelin Dome Nagoya,,02:45,37630,GAME20090815CDYS0599
2009,2009-08-15,Reg Season,Hiroshima Toyo Carp,Away,L,3,Yokohama BayStars,3,6,4,"1,0,0,0,2,0,0,0,0",16,Yokohama Stadium,,03:25,22218,GAME20090815DBHC0595
2009,2009-08-15,Reg Season,Yokohama BayStars,Home,W,6,Hiroshima Toyo Carp,6,8,2,"1,1,0,1,0,0,0,3,x",16,Yokohama Stadium,,03:25,22218,GAME20090815DBHC0595
2009,2009-08-15,Reg Season,Saitama Seibu Lions,Away,L,0,Hokkaido Nippon-Ham Fighters,0,7,0,"0,0,0,0,0,0,0,0,0",14,Sapporo Dome,,03:19,33567,GAME20090815NFSL0598
2009,2009-08-15,Reg Season,Hokkaido Nippon-Ham Fighters,Home,W,2,Saitama Seibu Lions,2,6,0,"0,0,0,0,0,0,0,2,x",14,Sapporo Dome,,03:19,33567,GAME20090815NFSL0598
2009,2009-08-15,Reg Season,Fukuoka Softbank Hawks,Away,L,0,Orix Buffaloes,0,4,0,"0,0,0,0,0,0,0,0,0",16,Kyocera Dome Osaka,,02:48,22097,GAME20090815OBSH0594
2009,2009-08-15,Reg Season,Orix Buffaloes,Home,W,6,Fukuoka Softbank Hawks,6,11,0,"0,1,0,2,0,0,1,2,x",16,Kyocera Dome Osaka,,02:48,22097,GAME20090815OBSH0594
2009,2009-08-15,Reg Season,Chiba Lotte Marines,Away,L,1,Tohoku Rakuten Golden Eagles,1,5,1,"0,0,1,0,0,0,0,0,0",16,Rakuten Seimei Park Miyagi,,02:57,19296,GAME20090815RELM0597
2009,2009-08-15,Reg Season,Tohoku Rakuten Golden Eagles,Home,W,5,Chiba Lotte Marines,5,14,1,"2,0,1,0,2,0,0,0,x",16,Rakuten Seimei Park Miyagi,,02:57,19296,GAME20090815RELM0597
2009,2009-08-15,Reg Season,Hanshin Tigers,Away,L,7,Yomiuri Giants,7,10,0,"0,0,0,0,6,0,1,0,0",17,Tokyo Dome,,03:21,45630,GAME20090815YGHT0596
2009,2009-08-15,Reg Season,Yomiuri Giants,Home,W,9,Hanshin Tigers,9,16,2,"1,5,0,2,1,0,0,0,x",17,Tokyo Dome,,03:21,45630,GAME20090815YGHT0596
2009,2009-08-16,Reg Season,Tokyo Yakult Swallows,Away,W,3,Chunichi Dragons,3,11,0,"0,0,0,0,0,1,0,0,0,2",18,Vantelin Dome Nagoya,,03:36,34048,GAME20090816CDYS0603
2009,2009-08-16,Reg Season,Chunichi Dragons,Home,L,1,Tokyo Yakult Swallows,1,6,0,"0,0,0,0,0,0,0,0,1,0",18,Vantelin Dome Nagoya,,03:36,34048,GAME20090816CDYS0603
2009,2009-08-16,Reg Season,Hiroshima Toyo Carp,Away,W,6,Yokohama BayStars,6,7,0,"0,1,0,0,0,0,4,0,1",17,Yokohama Stadium,,03:52,16330,GAME20090816DBHC0604
2009,2009-08-16,Reg Season,Yokohama BayStars,Home,L,4,Hiroshima Toyo Carp,4,11,2,"0,1,1,0,0,0,0,1,1",17,Yokohama Stadium,,03:52,16330,GAME20090816DBHC0604
2009,2009-08-16,Reg Season,Saitama Seibu Lions,Away,L,6,Hokkaido Nippon-Ham Fighters,6,10,0,"2,0,1,0,0,1,0,2,0,0",15,Sapporo Dome,,04:02,30399,GAME20090816NFSL0602
2009,2009-08-16,Reg Season,Hokkaido Nippon-Ham Fighters,Home,W,7,Saitama Seibu Lions,7,9,0,"0,0,0,0,0,3,0,0,3,1x",15,Sapporo Dome,,04:02,30399,GAME20090816NFSL0602
2009,2009-08-16,Reg Season,Fukuoka Softbank Hawks,Away,W,9,Orix Buffaloes,9,15,0,"0,0,1,0,0,6,2,0,0",17,Kyocera Dome Osaka,,03:25,21551,GAME20090816OBSH0600
2009,2009-08-16,Reg Season,Orix Buffaloes,Home,L,1,Fukuoka Softbank Hawks,1,9,0,"1,0,0,0,0,0,0,0,0",17,Kyocera Dome Osaka,,03:25,21551,GAME20090816OBSH0600
2009,2009-08-16,Reg Season,Chiba Lotte Marines,Away,L,6,Tohoku Rakuten Golden Eagles,6,9,0,"0,2,0,3,0,0,0,1,0,0,0,0",17,Rakuten Seimei Park Miyagi,,04:26,17137,GAME20090816RELM0605
2009,2009-08-16,Reg Season,Tohoku Rakuten Golden Eagles,Home,W,7,Chiba Lotte Marines,7,12,2,"0,0,0,0,0,0,0,4,2,0,0,1x",17,Rakuten Seimei Park Miyagi,,04:26,17137,GAME20090816RELM0605
2009,2009-08-16,Reg Season,Hanshin Tigers,Away,W,5,Yomiuri Giants,5,10,0,"0,0,4,0,0,0,0,1,0",18,Tokyo Dome,,03:30,44924,GAME20090816YGHT0601
2009,2009-08-16,Reg Season,Yomiuri Giants,Home,L,2,Hanshin Tigers,2,6,2,"0,1,0,1,0,0,0,0,0",18,Tokyo Dome,,03:30,44924,GAME20090816YGHT0601
2009,2009-08-18,Reg Season,Chunichi Dragons,Away,W,4,Hiroshima Toyo Carp,4,12,1,"0,1,0,1,0,0,1,0,1",16,MAZDA Zoom-Zoom Stadium Hiroshima,,03:15,24536,GAME20090818HCCD0611
2009,2009-08-18,Reg Season,Hiroshima Toyo Carp,Home,L,2,Chunichi Dragons,2,6,0,"0,0,0,0,0,0,0,0,2",16,MAZDA Zoom-Zoom Stadium Hiroshima,,03:15,24536,GAME20090818HCCD0611
2009,2009-08-18,Reg Season,Orix Buffaloes,Away,W,12,Chiba Lotte Marines,12,19,0,"4,2,0,0,0,2,0,4,0",16,ZOZO Marine Stadium,,03:00,18326,GAME20090818LMOB0609
2009,2009-08-18,Reg Season,Chiba Lotte Marines,Home,L,3,Orix Buffaloes,3,6,0,"2,0,0,0,1,0,0,0,0",16,ZOZO Marine Stadium,,03:00,18326,GAME20090818LMOB0609
2009,2009-08-18,Reg Season,Tohoku Rakuten Golden Eagles,Away,W,6,Hokkaido Nippon-Ham Fighters,6,8,0,"0,2,3,0,0,0,0,1,0",16,Hanasaki Sports Park Baseball Field,,02:47,15105,GAME20090818NFRE0607
2009,2009-08-18,Reg Season,Hokkaido Nippon-Ham Fighters,Home,L,3,Tohoku Rakuten Golden Eagles,3,10,0,"1,0,1,0,0,0,0,0,1",16,Hanasaki Sports Park Baseball Field,,02:47,15105,GAME20090818NFRE0607
2009,2009-08-18,Reg Season,Saitama Seibu Lions,Away,T,1,Fukuoka Softbank Hawks,1,6,0,"0,0,1,0,0,0,0,0,0,0,0,0",16,Mizuho PayPay Dome Fukuoka,,04:11,34955,GAME20090818SHSL0606
2009,2009-08-18,Reg Season,Fukuoka Softbank Hawks,Home,T,1,Saitama Seibu Lions,1,8,1,"0,0,0,0,0,0,1,0,0,0,0,0",16,Mizuho PayPay Dome Fukuoka,,04:11,34955,GAME20090818SHSL0606
2009,2009-08-18,Reg Season,Yokohama BayStars,Away,L,3,Yomiuri Giants,3,9,1,"0,0,0,0,1,0,1,0,1",16,Tokyo Dome,,02:54,43498,GAME20090818YGDB0610
2009,2009-08-18,Reg Season,Yomiuri Giants,Home,W,10,Yokohama BayStars,10,17,1,"5,1,0,0,0,1,0,3,x",16,Tokyo Dome,,02:54,43498,GAME20090818YGDB0610
2009,2009-08-18,Reg Season,Hanshin Tigers,Away,W,4,Tokyo Yakult Swallows,4,7,2,"0,1,0,1,0,1,0,1,0",13,Meiji Jingu Stadium,,03:18,21644,GAME20090818YSHT0608
2009,2009-08-18,Reg Season,Tokyo Yakult Swallows,Home,L,1,Hanshin Tigers,1,5,0,"0,1,0,0,0,0,0,0,0",13,Meiji Jingu Stadium,,03:18,21644,GAME20090818YSHT0608
2009,2009-08-19,Reg Season,Chunichi Dragons,Away,W,9,Hiroshima Toyo Carp,9,13,2,"0,3,0,0,0,0,0,6,0",17,MAZDA Zoom-Zoom Stadium Hiroshima,,03:56,22289,GAME20090819HCCD0615
2009,2009-08-19,Reg Season,Hiroshima Toyo Carp,Home,L,3,Chunichi Dragons,3,7,1,"0,0,0,0,0,3,0,0,0",17,MAZDA Zoom-Zoom Stadium Hiroshima,,03:56,22289,GAME20090819HCCD0615
2009,2009-08-19,Reg Season,Orix Buffaloes,Away,W,6,Chiba Lotte Marines,6,13,0,"0,0,1,0,0,0,2,0,3",17,ZOZO Marine Stadium,,03:10,16374,GAME20090819LMOB0616
2009,2009-08-19,Reg Season,Chiba Lotte Marines,Home,L,2,Orix Buffaloes,2,7,0,"0,0,0,0,0,0,2,0,0",17,ZOZO Marine Stadium,,03:10,16374,GAME20090819LMOB0616
2009,2009-08-19,Reg Season,Saitama Seibu Lions,Away,W,9,Fukuoka Softbank Hawks,9,11,0,"2,0,1,3,0,0,0,1,2",17,Mizuho PayPay Dome Fukuoka,,03:39,34353,GAME20090819SHSL0612
2009,2009-08-19,Reg Season,Fukuoka Softbank Hawks,Home,L,2,Saitama Seibu Lions,2,8,0,"1,0,0,1,0,0,0,0,0",17,Mizuho PayPay Dome Fukuoka,,03:39,34353,GAME20090819SHSL0612
2009,2009-08-19,Reg Season,Yokohama BayStars,Away,L,0,Yomiuri Giants,0,5,1,"0,0,0,0,0,0,0,0,0",17,Tokyo Dome,,02:46,42940,GAME20090819YGDB0614
2009,2009-08-19,Reg Season,Yomiuri Giants,Home,W,4,Yokohama BayStars,4,9,0,"0,0,2,2,0,0,0,0,x",17,Tokyo Dome,,02:46,42940,GAME20090819YGDB0614
2009,2009-08-19,Reg Season,Hanshin Tigers,Away,L,2,Tokyo Yakult Swallows,2,11,1,"0,1,0,1,0,0,0,0,0",14,Meiji Jingu Stadium,,03:08,22223,GAME20090819YSHT0613
2009,2009-08-19,Reg Season,Tokyo Yakult Swallows,Home,W,4,Hanshin Tigers,4,7,0,"1,0,0,0,0,0,3,0,x",14,Meiji Jingu Stadium,,03:08,22223,GAME20090819YSHT0613
2009,2009-08-20,Reg Season,Chunichi Dragons,Away,L,0,Hiroshima Toyo Carp,0,5,2,"0,0,0,0,0,0,0,0,0",18,MAZDA Zoom-Zoom Stadium Hiroshima,,03:11,22056,GAME20090820HCCD0619
2009,2009-08-20,Reg Season,Hiroshima Toyo Carp,Home,W,4,Chunichi Dragons,4,6,0,"0,0,0,0,0,2,0,2,x",18,MAZDA Zoom-Zoom Stadium Hiroshima,,03:11,22056,GAME20090820HCCD0619
2009,2009-08-20,Reg Season,Orix Buffaloes,Away,L,1,Chiba Lotte Marines,1,7,0,"0,1,0,0,0,0,0,0,0",18,ZOZO Marine Stadium,,02:54,14108,GAME20090820LMOB0620
2009,2009-08-20,Reg Season,Chiba Lotte Marines,Home,W,2,Orix Buffaloes,2,9,1,"0,0,0,2,0,0,0,0,x",18,ZOZO Marine Stadium,,02:54,14108,GAME20090820LMOB0620
2009,2009-08-20,Reg Season,Tohoku Rakuten Golden Eagles,Away,W,4,Hokkaido Nippon-Ham Fighters,4,4,0,"0,0,3,0,0,1,0,0,0",17,Sapporo Dome,,02:56,24010,GAME20090820NFRE0621
2009,2009-08-20,Reg Season,Hokkaido Nippon-Ham Fighters,Home,L,1,Tohoku Rakuten Golden Eagles,1,11,0,"0,0,0,0,1,0,0,0,0",17,Sapporo Dome,,02:56,24010,GAME20090820NFRE0621
2009,2009-08-20,Reg Season,Saitama Seibu Lions,Away,L,2,Fukuoka Softbank Hawks,2,6,0,"1,0,0,0,0,1,0,0,0",18,Mizuho PayPay Dome Fukuoka,,02:55,34656,GAME20090820SHSL0617
2009,2009-08-20,Reg Season,Fukuoka Softbank Hawks,Home,W,4,Saitama Seibu Lions,4,9,0,"0,0,0,3,0,0,1,0,x",18,Mizuho PayPay Dome Fukuoka,,02:55,34656,GAME20090820SHSL0617
2009,2009-08-20,Reg Season,Yokohama BayStars,Away,L,3,Yomiuri Giants,3,8,1,"0,1,1,0,1,0,0,0,0",18,Tokyo Dome,,02:25,43140,GAME20090820YGDB0622
2009,2009-08-20,Reg Season,Yomiuri Giants,Home,W,4,Yokohama BayStars,4,9,0,"0,0,1,1,2,0,0,0,x",18,Tokyo Dome,,02:25,43140,GAME20090820YGDB0622
2009,2009-08-20,Reg Season,Hanshin Tigers,Away,W,10,Tokyo Yakult Swallows,10,12,0,"0,3,6,0,0,0,0,0,1",15,Meiji Jingu Stadium,,03:23,20748,GAME20090820YSHT0618
2009,2009-08-20,Reg Season,Tokyo Yakult Swallows,Home,L,2,Hanshin Tigers,2,11,3,"0,0,2,0,0,0,0,0,0",15,Meiji Jingu Stadium,,03:23,20748,GAME20090820YSHT0618
2009,2009-08-21,Reg Season,Yokohama BayStars,Away,L,2,Chunichi Dragons,2,6,1,"0,1,0,0,1,0,0,0,0",16,Vantelin Dome Nagoya,,03:19,33106,GAME20090821CDDB0627
2009,2009-08-21,Reg Season,Chunichi Dragons,Home,W,8,Yokohama BayStars,8,10,0,"0,2,0,5,0,0,0,1,x",16,Vantelin Dome Nagoya,,03:19,33106,GAME20090821CDDB0627
2009,2009-08-21,Reg Season,Hiroshima Toyo Carp,Away,W,9,Hanshin Tigers,9,9,1,"0,7,0,0,0,0,2,0,0",15,Kyocera Dome Osaka,,03:12,26545,GAME20090821HTHC0624
2009,2009-08-21,Reg Season,Hanshin Tigers,Home,L,0,Hiroshima Toyo Carp,0,4,1,"0,0,0,0,0,0,0,0,0",15,Kyocera Dome Osaka,,03:12,26545,GAME20090821HTHC0624
2009,2009-08-21,Reg Season,Orix Buffaloes,Away,L,3,Tohoku Rakuten Golden Eagles,3,6,1,"1,0,0,0,0,1,1,0,0",14,Rakuten Seimei Park Miyagi,,03:37,18994,GAME20090821REOB0625
2009,2009-08-21,Reg Season,Tohoku Rakuten Golden Eagles,Home,W,5,Orix Buffaloes,5,9,1,"1,1,2,0,0,0,0,1,x",14,Rakuten Seimei Park Miyagi,,03:37,18994,GAME20090821REOB0625
2009,2009-08-21,Reg Season,Hokkaido Nippon-Ham Fighters,Away,L,2,Fukuoka Softbank Hawks,2,9,1,"2,0,0,0,0,0,0,0,0",15,Mizuho PayPay Dome Fukuoka,,03:18,34374,GAME20090821SHNF0623
2009,2009-08-21,Reg Season,Fukuoka Softbank Hawks,Home,W,6,Hokkaido Nippon-Ham Fighters,6,10,1,"0,1,0,0,0,2,0,3,x",15,Mizuho PayPay Dome Fukuoka,,03:18,34374,GAME20090821SHNF0623
2009,2009-08-21,Reg Season,Chiba Lotte Marines,Away,W,12,Saitama Seibu Lions,12,15,2,"6,0,2,0,0,1,1,1,1",16,Belluna Dome,,04:07,18061,GAME20090821SLLM0628
2009,2009-08-21,Reg Season,Saitama Seibu Lions,Home,L,7,Chiba Lotte Marines,7,16,0,"0,1,0,2,2,0,1,1,0",16,Belluna Dome,,04:07,18061,GAME20090821SLLM0628
2009,2009-08-21,Reg Season,Yomiuri Giants,Away,L,6,Tokyo Yakult Swallows,6,12,2,"0,0,0,0,0,2,0,2,2",14,Meiji Jingu Stadium,,03:14,23738,GAME20090821YSYG0626
2009,2009-08-21,Reg Season,Tokyo Yakult Swallows,Home,W,9,Yomiuri Giants,9,14,0,"1,0,1,0,0,2,4,1,x",14,Meiji Jingu Stadium,,03:14,23738,GAME20090821YSYG0626
2009,2009-08-22,Reg Season,Yokohama BayStars,Away,W,4,Chunichi Dragons,4,8,1,"3,0,0,0,0,0,0,0,0,0,1",17,Vantelin Dome Nagoya,,04:20,37430,GAME20090822CDDB0631
2009,2009-08-22,Reg Season,Chunichi Dragons,Home,L,3,Yokohama BayStars,3,11,1,"0,0,0,0,0,0,2,0,1,0,0",17,Vantelin Dome Nagoya,,04:20,37430,GAME20090822CDDB0631
2009,2009-08-22,Reg Season,Hiroshima Toyo Carp,Away,L,1,Hanshin Tigers,1,8,1,"0,0,1,0,0,0,0,0,0",16,Kyocera Dome Osaka,,02:54,33197,GAME20090822HTHC0633
2009,2009-08-22,Reg Season,Hanshin Tigers,Home,W,2,Hiroshima Toyo Carp,2,7,1,"0,0,0,0,0,0,1,0,1x",16,Kyocera Dome Osaka,,02:54,33197,GAME20090822HTHC0633
2009,2009-08-22,Reg Season,Orix Buffaloes,Away,W,10,Tohoku Rakuten Golden Eagles,10,15,0,"2,0,0,3,0,0,0,3,2",15,Rakuten Seimei Park Miyagi,,03:32,17446,GAME20090822REOB0630
2009,2009-08-22,Reg Season,Tohoku Rakuten Golden Eagles,Home,L,0,Orix Buffaloes,0,5,2,"0,0,0,0,0,0,0,0,0",15,Rakuten Seimei Park Miyagi,,03:32,17446,GAME20090822REOB0630
2009,2009-08-22,Reg Season,Hokkaido Nippon-Ham Fighters,Away,L,3,Fukuoka Softbank Hawks,3,8,1,"0,0,0,0,0,3,0,0,0",16,Mizuho PayPay Dome Fukuoka,,03:18,32511,GAME20090822SHNF0629
2009,2009-08-22,Reg Season,Fukuoka Softbank Hawks,Home,W,4,Hokkaido Nippon-Ham Fighters,4,7,1,"0,0,1,0,1,2,0,0,x",16,Mizuho PayPay Dome Fukuoka,,03:18,32511,GAME20090822SHNF0629
2009,2009-08-22,Reg Season,Chiba Lotte Marines,Away,L,0,Saitama Seibu Lions,0,4,1,"0,0,0,0,0,0,0,0,0",17,Belluna Dome,,03:05,31333,GAME20090822SLLM0632
2009,2009-08-22,Reg Season,Saitama Seibu Lions,Home,W,1,Chiba Lotte Marines,1,5,0,"0,0,0,0,0,0,0,0,1x",17,Belluna Dome,,03:05,31333,GAME20090822SLLM0632
2009,2009-08-22,Reg Season,Yomiuri Giants,Away,W,7,Tokyo Yakult Swallows,7,17,0,"0,0,1,2,3,0,0,1,0",15,Meiji Jingu Stadium,,03:26,29530,GAME20090822YSYG0634
2009,2009-08-22,Reg Season,Tokyo Yakult Swallows,Home,L,3,Yomiuri Giants,3,12,0,"1,0,0,0,0,0,0,1,1",15,Meiji Jingu Stadium,,03:26,29530,GAME20090822YSYG0634
2009,2009-08-23,Reg Season,Yokohama BayStars,Away,L,0,Chunichi Dragons,0,3,1,"0,0,0,0,0,0,0,0,0",18,Vantelin Dome Nagoya,,02:33,31466,GAME20090823CDDB0636
2009,2009-08-23,Reg Season,Chunichi Dragons,Home,W,2,Yokohama BayStars,2,6,1,"0,0,0,1,0,1,0,0,x",18,Vantelin Dome Nagoya,,02:33,31466,GAME20090823CDDB0636
2009,2009-08-23,Reg Season,Hiroshima Toyo Carp,Away,L,2,Hanshin Tigers,2,7,0,"2,0,0,0,0,0,0,0,0",17,Kyocera Dome Osaka,,02:54,32314,GAME20090823HTHC0637
2009,2009-08-23,Reg Season,Hanshin Tigers,Home,W,8,Hiroshima Toyo Carp,8,8,0,"1,0,0,0,0,0,5,2,x",17,Kyocera Dome Osaka,,02:54,32314,GAME20090823HTHC0637
2009,2009-08-23,Reg Season,Orix Buffaloes,Away,L,9,Tohoku Rakuten Golden Eagles,9,16,0,"0,4,1,1,0,0,2,0,1",16,Rakuten Seimei Park Miyagi,,04:19,16011,GAME20090823REOB0639
2009,2009-08-23,Reg Season,Tohoku Rakuten Golden Eagles,Home,W,10,Orix Buffaloes,10,15,0,"2,0,0,0,1,7,0,0,x",16,Rakuten Seimei Park Miyagi,,04:19,16011,GAME20090823REOB0639
2009,2009-08-23,Reg Season,Hokkaido Nippon-Ham Fighters,Away,L,1,Fukuoka Softbank Hawks,1,2,2,"1,0,0,0,0,0,0,0,0",17,Mizuho PayPay Dome Fukuoka,,02:50,33648,GAME20090823SHNF0635
2009,2009-08-23,Reg Season,Fukuoka Softbank Hawks,Home,W,3,Hokkaido Nippon-Ham Fighters,3,8,0,"0,0,0,0,0,3,0,0,x",17,Mizuho PayPay Dome Fukuoka,,02:50,33648,GAME20090823SHNF0635
2009,2009-08-23,Reg Season,Chiba Lotte Marines,Away,L,0,Saitama Seibu Lions,0,7,0,"0,0,0,0,0,0,0,0,0",18,Belluna Dome,,02:26,25201,GAME20090823SLLM0640
2009,2009-08-23,Reg Season,Saitama Seibu Lions,Home,W,1,Chiba Lotte Marines,1,4,0,"0,0,0,0,0,0,1,0,x",18,Belluna Dome,,02:26,25201,GAME20090823SLLM0640
2009,2009-08-23,Reg Season,Yomiuri Giants,Away,W,2,Tokyo Yakult Swallows,2,7,1,"0,0,0,0,0,0,0,0,2",16,Meiji Jingu Stadium,,03:15,24271,GAME20090823YSYG0638
2009,2009-08-23,Reg Season,Tokyo Yakult Swallows,Home,L,1,Yomiuri Giants,1,7,0,"0,0,0,1,0,0,0,0,0",16,Meiji Jingu Stadium,,03:15,24271,GAME20090823YSYG0638
2009,2009-08-25,Reg Season,Yomiuri Giants,Away,W,4,Chunichi Dragons,4,12,0,"0,0,0,1,0,1,0,0,0,2",16,Vantelin Dome Nagoya,,03:36,37979,GAME20090825CDYG0645
2009,2009-08-25,Reg Season,Chunichi Dragons,Home,L,2,Yomiuri Giants,2,5,0,"1,0,1,0,0,0,0,0,0,0",16,Vantelin Dome Nagoya,,03:36,37979,GAME20090825CDYG0645
2009,2009-08-25,Reg Season,Hanshin Tigers,Away,W,4,Yokohama BayStars,4,9,0,"1,0,0,0,0,0,0,3,0",16,Yokohama Stadium,,03:18,20591,GAME20090825DBHT0646
2009,2009-08-25,Reg Season,Yokohama BayStars,Home,L,3,Hanshin Tigers,3,6,2,"0,1,0,0,0,2,0,0,0",16,Yokohama Stadium,,03:18,20591,GAME20090825DBHT0646
2009,2009-08-25,Reg Season,Tokyo Yakult Swallows,Away,W,5,Hiroshima Toyo Carp,5,6,1,"0,2,1,1,0,1,0,0,0",15,MAZDA Zoom-Zoom Stadium Hiroshima,,03:12,21153,GAME20090825HCYS0642
2009,2009-08-25,Reg Season,Hiroshima Toyo Carp,Home,L,1,Tokyo Yakult Swallows,1,8,3,"0,0,0,1,0,0,0,0,0",15,MAZDA Zoom-Zoom Stadium Hiroshima,,03:12,21153,GAME20090825HCYS0642
2009,2009-08-25,Reg Season,Fukuoka Softbank Hawks,Away,L,5,Chiba Lotte Marines,5,10,2,"1,1,0,0,0,0,0,0,3",16,ZOZO Marine Stadium,,02:45,15246,GAME20090825LMSH0644
2009,2009-08-25,Reg Season,Chiba Lotte Marines,Home,W,10,Fukuoka Softbank Hawks,10,8,0,"2,1,0,4,3,0,0,0,x",16,ZOZO Marine Stadium,,02:45,15246,GAME20090825LMSH0644
2009,2009-08-25,Reg Season,Hokkaido Nippon-Ham Fighters,Away,L,10,Orix Buffaloes,10,17,1,"0,0,0,1,0,0,1,1,5,2",15,Kyocera Dome Osaka,,04:21,12381,GAME20090825OBNF0641
2009,2009-08-25,Reg Season,Orix Buffaloes,Home,W,11,Hokkaido Nippon-Ham Fighters,11,15,0,"0,2,1,2,0,1,0,0,2,3X",15,Kyocera Dome Osaka,,04:21,12381,GAME20090825OBNF0641
2009,2009-08-25,Reg Season,Tohoku Rakuten Golden Eagles,Away,L,2,Saitama Seibu Lions,2,4,0,"0,1,0,0,0,0,1,0,0,0,0",14,Belluna Dome,,04:05,23125,GAME20090825SLRE0643
2009,2009-08-25,Reg Season,Saitama Seibu Lions,Home,W,3,Tohoku Rakuten Golden Eagles,3,10,0,"0,0,0,1,1,0,0,0,0,0,1x",14,Belluna Dome,,04:05,23125,GAME20090825SLRE0643
2009,2009-08-26,Reg Season,Yomiuri Giants,Away,W,7,Chunichi Dragons,7,16,0,"2,0,0,0,1,1,2,1,0",17,Vantelin Dome Nagoya,,03:10,37916,GAME20090826CDYG0649
2009,2009-08-26,Reg Season,Chunichi Dragons,Home,L,4,Yomiuri Giants,4,6,2,"0,0,0,0,0,1,1,0,2",17,Vantelin Dome Nagoya,,03:10,37916,GAME20090826CDYG0649
2009,2009-08-26,Reg Season,Hanshin Tigers,Away,W,9,Yokohama BayStars,9,11,1,"0,0,0,0,9,0,0,0,0",17,Yokohama Stadium,,03:06,19935,GAME20090826DBHT0650
2009,2009-08-26,Reg Season,Yokohama BayStars,Home,L,3,Hanshin Tigers,3,10,0,"0,0,0,1,0,0,1,0,1",17,Yokohama Stadium,,03:06,19935,GAME20090826DBHT0650
2009,2009-08-26,Reg Season,Tokyo Yakult Swallows,Away,L,1,Hiroshima Toyo Carp,1,7,0,"0,0,0,0,0,0,0,0,1",16,MAZDA Zoom-Zoom Stadium Hiroshima,,02:52,22614,GAME20090826HCYS0651
2009,2009-08-26,Reg Season,Hiroshima Toyo Carp,Home,W,11,Tokyo Yakult Swallows,11,14,0,"3,3,0,3,0,2,0,0,x",16,MAZDA Zoom-Zoom Stadium Hiroshima,,02:52,22614,GAME20090826HCYS0651
2009,2009-08-26,Reg Season,Fukuoka Softbank Hawks,Away,L,1,Chiba Lotte Marines,1,5,0,"0,0,0,0,0,1,0,0,0",17,ZOZO Marine Stadium,,02:19,18388,GAME20090826LMSH0652
2009,2009-08-26,Reg Season,Chiba Lotte Marines,Home,W,2,Fukuoka Softbank Hawks,2,1,0,"0,0,0,2,0,0,0,0,x",17,ZOZO Marine Stadium,,02:19,18388,GAME20090826LMSH0652
2009,2009-08-26,Reg Season,Hokkaido Nippon-Ham Fighters,Away,W,6,Orix Buffaloes,6,9,0,"0,4,0,1,0,1,0,0,0",16,Kobe Athletic Park Baseball Field,,03:04,20360,GAME20090826OBNF0647
2009,2009-08-26,Reg Season,Orix Buffaloes,Home,L,2,Hokkaido Nippon-Ham Fighters,2,6,1,"1,0,0,0,0,0,0,0,1",16,Kobe Athletic Park Baseball Field,,03:04,20360,GAME20090826OBNF0647
2009,2009-08-26,Reg Season,Tohoku Rakuten Golden Eagles,Away,W,6,Saitama Seibu Lions,6,11,0,"0,0,1,1,0,0,0,2,2",15,Belluna Dome,,02:54,18031,GAME20090826SLRE0648
2009,2009-08-26,Reg Season,Saitama Seibu Lions,Home,L,0,Tohoku Rakuten Golden Eagles,0,2,0,"0,0,0,0,0,0,0,0,0",15,Belluna Dome,,02:54,18031,GAME20090826SLRE0648
2009,2009-08-27,Reg Season,Yomiuri Giants,Away,W,4,Chunichi Dragons,4,11,0,"0,0,2,0,2,0,0,0,0",18,Vantelin Dome Nagoya,,03:14,37878,GAME20090827CDYG0654
2009,2009-08-27,Reg Season,Chunichi Dragons,Home,L,2,Yomiuri Giants,2,6,1,"0,0,0,1,0,0,1,0,0",18,Vantelin Dome Nagoya,,03:14,37878,GAME20090827CDYG0654
2009,2009-08-27,Reg Season,Hanshin Tigers,Away,L,1,Yokohama BayStars,1,7,0,"0,0,0,0,0,0,0,1,0",18,Yokohama Stadium,,03:01,18173,GAME20090827DBHT0658
2009,2009-08-27,Reg Season,Yokohama BayStars,Home,W,4,Hanshin Tigers,4,5,0,"0,0,0,0,0,0,4,0,x",18,Yokohama Stadium,,03:01,18173,GAME20090827DBHT0658
2009,2009-08-27,Reg Season,Tokyo Yakult Swallows,Away,L,6,Hiroshima Toyo Carp,6,10,1,"4,2,0,0,0,0,0,0,0",17,MAZDA Zoom-Zoom Stadium Hiroshima,,04:00,23363,GAME20090827HCYS0655
2009,2009-08-27,Reg Season,Hiroshima Toyo Carp,Home,W,7,Tokyo Yakult Swallows,7,15,2,"0,2,2,0,0,0,3,0,x",17,MAZDA Zoom-Zoom Stadium Hiroshima,,04:00,23363,GAME20090827HCYS0655
2009,2009-08-27,Reg Season,Fukuoka Softbank Hawks,Away,T,2,Chiba Lotte Marines,2,7,0,"0,0,0,0,0,0,1,0,1,0,0,0",18,ZOZO Marine Stadium,,04:25,15831,GAME20090827LMSH0656
2009,2009-08-27,Reg Season,Chiba Lotte Marines,Home,T,2,Fukuoka Softbank Hawks,2,10,0,"0,0,0,2,0,0,0,0,0,0,0,0",18,ZOZO Marine Stadium,,04:25,15831,GAME20090827LMSH0656
2009,2009-08-27,Reg Season,Hokkaido Nippon-Ham Fighters,Away,W,3,Orix Buffaloes,3,8,1,"0,0,0,0,0,0,2,0,1",17,Kobe Athletic Park Baseball Field,,03:03,9412,GAME20090827OBNF0653
2009,2009-08-27,Reg Season,Orix Buffaloes,Home,L,1,Hokkaido Nippon-Ham Fighters,1,7,0,"0,0,0,0,1,0,0,0,0",17,Kobe Athletic Park Baseball Field,,03:03,9412,GAME20090827OBNF0653
2009,2009-08-27,Reg Season,Tohoku Rakuten Golden Eagles,Away,W,4,Saitama Seibu Lions,4,9,0,"0,1,0,0,0,0,0,3,0",16,Belluna Dome,,03:25,21777,GAME20090827SLRE0657
2009,2009-08-27,Reg Season,Saitama Seibu Lions,Home,L,0,Tohoku Rakuten Golden Eagles,0,4,0,"0,0,0,0,0,0,0,0,0",16,Belluna Dome,,03:25,21777,GAME20090827SLRE0657
2009,2009-08-28,Reg Season,Hiroshima Toyo Carp,Away,L,1,Yokohama BayStars,1,9,0,"0,0,1,0,0,0,0,0,0",18,Yokohama Stadium,,03:04,17559,GAME20090828DBHC0663
2009,2009-08-28,Reg Season,Yokohama BayStars,Home,W,4,Hiroshima Toyo Carp,4,10,2,"0,0,2,1,0,1,0,0,x",18,Yokohama Stadium,,03:04,17559,GAME20090828DBHC0663
2009,2009-08-28,Reg Season,Yomiuri Giants,Away,L,1,Hanshin Tigers,1,7,1,"0,0,0,1,0,0,0,0,0",19,Hanshin Koshien Stadium,,02:40,46817,GAME20090828HTYG0660
2009,2009-08-28,Reg Season,Hanshin Tigers,Home,W,5,Yomiuri Giants,5,7,1,"0,0,0,0,3,1,1,0,x",19,Hanshin Koshien Stadium,,02:40,46817,GAME20090828HTYG0660
2009,2009-08-28,Reg Season,Tohoku Rakuten Golden Eagles,Away,W,2,Chiba Lotte Marines,2,5,0,"0,0,0,0,0,1,0,1,0",18,ZOZO Marine Stadium,,03:37,23271,GAME20090828LMRE0664
2009,2009-08-28,Reg Season,Chiba Lotte Marines,Home,L,1,Tohoku Rakuten Golden Eagles,1,10,1,"0,0,0,0,0,0,1,0,0",18,ZOZO Marine Stadium,,03:37,23271,GAME20090828LMRE0664
2009,2009-08-28,Reg Season,Fukuoka Softbank Hawks,Away,L,1,Hokkaido Nippon-Ham Fighters,1,9,0,"1,0,0,0,0,0,0,0,0",18,Sapporo Dome,,03:18,23402,GAME20090828NFSH0661
2009,2009-08-28,Reg Season,Hokkaido Nippon-Ham Fighters,Home,W,3,Fukuoka Softbank Hawks,3,8,0,"2,0,0,0,0,0,1,0,x",18,Sapporo Dome,,03:18,23402,GAME20090828NFSH0661
2009,2009-08-28,Reg Season,Saitama Seibu Lions,Away,L,0,Orix Buffaloes,0,3,0,"0,0,0,0,0,0,0,0,0",19,Kobe Athletic Park Baseball Field,,02:16,11308,GAME20090828OBSL0659
2009,2009-08-28,Reg Season,Orix Buffaloes,Home,W,1,Saitama Seibu Lions,1,6,0,"1,0,0,0,0,0,0,0,x",19,Kobe Athletic Park Baseball Field,,02:16,11308,GAME20090828OBSL0659
2009,2009-08-28,Reg Season,Chunichi Dragons,Away,W,7,Tokyo Yakult Swallows,7,10,1,"1,0,3,2,0,0,1,0,0",19,Meiji Jingu Stadium,,03:28,19728,GAME20090828YSCD0662
2009,2009-08-28,Reg Season,Tokyo Yakult Swallows,Home,L,5,Chunichi Dragons,5,10,1,"0,0,2,0,0,0,1,1,1",19,Meiji Jingu Stadium,,03:28,19728,GAME20090828YSCD0662
2009,2009-08-29,Reg Season,Hiroshima Toyo Carp,Away,W,11,Yokohama BayStars,11,15,1,"1,0,0,0,3,6,0,1,0",19,Yokohama Stadium,,02:59,21826,GAME20090829DBHC0667
2009,2009-08-29,Reg Season,Yokohama BayStars,Home,L,3,Hiroshima Toyo Carp,3,5,0,"0,0,0,0,2,0,0,0,1",19,Yokohama Stadium,,02:59,21826,GAME20090829DBHC0667
2009,2009-08-29,Reg Season,Yomiuri Giants,Away,W,7,Hanshin Tigers,7,13,0,"1,1,3,0,0,1,0,1,0",20,Hanshin Koshien Stadium,,03:17,46850,GAME20090829HTYG0669
2009,2009-08-29,Reg Season,Hanshin Tigers,Home,L,5,Yomiuri Giants,5,11,1,"0,2,0,0,1,0,1,1,0",20,Hanshin Koshien Stadium,,03:17,46850,GAME20090829HTYG0669
2009,2009-08-29,Reg Season,Tohoku Rakuten Golden Eagles,Away,W,5,Chiba Lotte Marines,5,10,0,"0,0,2,0,2,1,0,0,0",19,ZOZO Marine Stadium,,03:21,29886,GAME20090829LMRE0668
2009,2009-08-29,Reg Season,Chiba Lotte Marines,Home,L,4,Tohoku Rakuten Golden Eagles,4,7,1,"1,0,0,3,0,0,0,0,0",19,ZOZO Marine Stadium,,03:21,29886,GAME20090829LMRE0668
2009,2009-08-29,Reg Season,Fukuoka Softbank Hawks,Away,L,3,Hokkaido Nippon-Ham Fighters,3,10,0,"0,0,0,0,2,1,0,0,0",19,Sapporo Dome,,03:34,29648,GAME20090829NFSH0666
2009,2009-08-29,Reg Season,Hokkaido Nippon-Ham Fighters,Home,W,5,Fukuoka Softbank Hawks,5,8,1,"0,0,0,3,0,0,2,0,x",19,Sapporo Dome,,03:34,29648,GAME20090829NFSH0666
2009,2009-08-29,Reg Season,Saitama Seibu Lions,Away,L,2,Orix Buffaloes,2,11,1,"0,0,1,0,1,0,0,0,0,0",20,Kyocera Dome Osaka,,03:35,23322,GAME20090829OBSL0665
2009,2009-08-29,Reg Season,Orix Buffaloes,Home,W,3,Saitama Seibu Lions,3,10,0,"1,0,0,0,0,0,0,1,0,1x",20,Kyocera Dome Osaka,,03:35,23322,GAME20090829OBSL0665
2009,2009-08-29,Reg Season,Chunichi Dragons,Away,W,5,Tokyo Yakult Swallows,5,7,0,"0,0,0,3,0,0,0,0,0,2",20,Meiji Jingu Stadium,,03:40,23532,GAME20090829YSCD0670
2009,2009-08-29,Reg Season,Tokyo Yakult Swallows,Home,L,3,Chunichi Dragons,3,7,1,"0,1,0,0,1,0,0,0,1,0",20,Meiji Jingu Stadium,,03:40,23532,GAME20090829YSCD0670
2009,2009-08-30,Reg Season,Yomiuri Giants,Away,L,1,Hanshin Tigers,1,7,0,"0,1,0,0,0,0,0,0,0",21,Hanshin Koshien Stadium,,03:06,46835,GAME20090830HTYG0672
2009,2009-08-30,Reg Season,Hanshin Tigers,Home,W,3,Yomiuri Giants,3,7,1,"1,0,0,0,1,0,0,1,x",21,Hanshin Koshien Stadium,,03:06,46835,GAME20090830HTYG0672
2009,2009-08-30,Reg Season,Fukuoka Softbank Hawks,Away,W,3,Hokkaido Nippon-Ham Fighters,3,10,1,"0,0,0,1,0,0,0,2,0",20,Sapporo Dome,,03:26,28483,GAME20090830NFSH0673
2009,2009-08-30,Reg Season,Hokkaido Nippon-Ham Fighters,Home,L,2,Fukuoka Softbank Hawks,2,8,1,"0,0,0,2,0,0,0,0,0",20,Sapporo Dome,,03:26,28483,GAME20090830NFSH0673
2009,2009-08-30,Reg Season,Saitama Seibu Lions,Away,W,6,Orix Buffaloes,6,13,1,"0,0,0,0,1,1,1,0,3",21,Kyocera Dome Osaka,,03:25,22384,GAME20090830OBSL0671
2009,2009-08-30,Reg Season,Orix Buffaloes,Home,L,2,Saitama Seibu Lions,2,6,1,"0,1,0,0,0,0,0,0,1",21,Kyocera Dome Osaka,,03:25,22384,GAME20090830OBSL0671
2009,2009-09-01,Reg Season,Hiroshima Toyo Carp,Away,W,6,Chunichi Dragons,6,9,1,"0,0,0,0,2,0,2,2,0",19,Hamamatsu Baseball Stadium,,03:18,11502,GAME20090901CDHC0675
2009,2009-09-01,Reg Season,Chunichi Dragons,Home,L,3,Hiroshima Toyo Carp,3,5,0,"0,0,1,0,0,2,0,0,0",19,Hamamatsu Baseball Stadium,,03:18,11502,GAME20090901CDHC0675
2009,2009-09-01,Reg Season,Tokyo Yakult Swallows,Away,L,1,Hanshin Tigers,1,9,0,"0,0,0,0,0,1,0,0,0",16,Hanshin Koshien Stadium,,03:21,37073,GAME20090901HTYS0679
2009,2009-09-01,Reg Season,Hanshin Tigers,Home,W,6,Tokyo Yakult Swallows,6,11,0,"1,0,0,3,0,2,0,0,x",16,Hanshin Koshien Stadium,,03:21,37073,GAME20090901HTYS0679
2009,2009-09-01,Reg Season,Hokkaido Nippon-Ham Fighters,Away,L,2,Chiba Lotte Marines,2,8,0,"0,2,0,0,0,0,0,0,0",18,ZOZO Marine Stadium,,03:05,10134,GAME20090901LMNF0678
2009,2009-09-01,Reg Season,Chiba Lotte Marines,Home,W,9,Hokkaido Nippon-Ham Fighters,9,12,1,"1,2,0,2,1,3,0,0,x",18,ZOZO Marine Stadium,,03:05,10134,GAME20090901LMNF0678
2009,2009-09-01,Reg Season,Saitama Seibu Lions,Away,L,2,Tohoku Rakuten Golden Eagles,2,7,1,"0,1,0,0,0,0,1,0,0",17,Rakuten Seimei Park Miyagi,,03:02,13817,GAME20090901RESL0676
2009,2009-09-01,Reg Season,Tohoku Rakuten Golden Eagles,Home,W,3,Saitama Seibu Lions,3,7,0,"0,0,0,1,0,0,0,0,2x",17,Rakuten Seimei Park Miyagi,,03:02,13817,GAME20090901RESL0676
2009,2009-09-01,Reg Season,Orix Buffaloes,Away,W,7,Fukuoka Softbank Hawks,7,14,1,"0,2,2,0,0,1,2,0,0",18,Mizuho PayPay Dome Fukuoka,,03:22,29759,GAME20090901SHOB0677
2009,2009-09-01,Reg Season,Fukuoka Softbank Hawks,Home,L,2,Orix Buffaloes,2,10,0,"0,0,0,0,0,0,1,0,1",18,Mizuho PayPay Dome Fukuoka,,03:22,29759,GAME20090901SHOB0677
2009,2009-09-01,Reg Season,Yokohama BayStars,Away,L,3,Yomiuri Giants,3,7,1,"0,0,0,1,0,0,0,2,0",19,Kyocera Dome Osaka,,02:34,32056,GAME20090901YGDB0674
2009,2009-09-01,Reg Season,Yomiuri Giants,Home,W,5,Yokohama BayStars,5,11,1,"3,0,0,0,0,2,0,0,x",19,Kyocera Dome Osaka,,02:34,32056,GAME20090901YGDB0674
2009,2009-09-02,Reg Season,Hiroshima Toyo Carp,Away,W,4,Chunichi Dragons,4,9,0,"0,0,2,0,0,2,0,0,0",20,Vantelin Dome Nagoya,,03:13,26575,GAME20090902CDHC0684
2009,2009-09-02,Reg Season,Chunichi Dragons,Home,L,3,Hiroshima Toyo Carp,3,9,0,"0,0,0,0,0,0,2,1,0",20,Vantelin Dome Nagoya,,03:13,26575,GAME20090902CDHC0684
2009,2009-09-02,Reg Season,Tokyo Yakult Swallows,Away,L,4,Hanshin Tigers,4,9,0,"0,0,0,1,0,3,0,0,0",17,Hanshin Koshien Stadium,,02:55,37851,GAME20090902HTYS0683
2009,2009-09-02,Reg Season,Hanshin Tigers,Home,W,9,Tokyo Yakult Swallows,9,11,0,"0,2,2,0,3,2,0,0,x",17,Hanshin Koshien Stadium,,02:55,37851,GAME20090902HTYS0683
2009,2009-09-02,Reg Season,Hokkaido Nippon-Ham Fighters,Away,W,3,Chiba Lotte Marines,3,10,1,"0,2,1,0,0,0,0,0,0",19,ZOZO Marine Stadium,,03:00,16542,GAME20090902LMNF0682
2009,2009-09-02,Reg Season,Chiba Lotte Marines,Home,L,1,Hokkaido Nippon-Ham Fighters,1,7,1,"0,0,0,0,0,0,0,1,0",19,ZOZO Marine Stadium,,03:00,16542,GAME20090902LMNF0682
2009,2009-09-02,Reg Season,Saitama Seibu Lions,Away,W,7,Tohoku Rakuten Golden Eagles,7,15,1,"0,0,0,0,0,1,3,3,0",18,Rakuten Seimei Park Miyagi,,03:23,14167,GAME20090902RESL0681
2009,2009-09-02,Reg Season,Tohoku Rakuten Golden Eagles,Home,L,3,Saitama Seibu Lions,3,5,0,"0,0,0,2,0,1,0,0,0",18,Rakuten Seimei Park Miyagi,,03:23,14167,GAME20090902RESL0681
2009,2009-09-02,Reg Season,Orix Buffaloes,Away,L,1,Fukuoka Softbank Hawks,1,6,2,"1,0,0,0,0,0,0,0,0",19,Mizuho PayPay Dome Fukuoka,,03:06,31251,GAME20090902SHOB0685
2009,2009-09-02,Reg Season,Fukuoka Softbank Hawks,Home,W,6,Orix Buffaloes,6,9,0,"2,0,0,0,0,1,3,0,x",19,Mizuho PayPay Dome Fukuoka,,03:06,31251,GAME20090902SHOB0685
2009,2009-09-02,Reg Season,Yokohama BayStars,Away,L,5,Yomiuri Giants,5,11,0,"0,3,1,0,1,0,0,0,0",20,Fukui Prefectural Stadium,,03:35,17573,GAME20090902YGDB0680
2009,2009-09-02,Reg Season,Yomiuri Giants,Home,W,6,Yokohama BayStars,6,14,1,"0,0,0,1,0,0,0,2,3x",20,Fukui Prefectural Stadium,,03:35,17573,GAME20090902YGDB0680
2009,2009-09-03,Reg Season,Hiroshima Toyo Carp,Away,W,8,Chunichi Dragons,8,15,0,"0,0,0,6,2,0,0,0,0",21,Vantelin Dome Nagoya,,02:55,26771,GAME20090903CDHC0686
2009,2009-09-03,Reg Season,Chunichi Dragons,Home,L,1,Hiroshima Toyo Carp,1,7,1,"0,0,0,0,0,0,1,0,0",21,Vantelin Dome Nagoya,,02:55,26771,GAME20090903CDHC0686
2009,2009-09-03,Reg Season,Tokyo Yakult Swallows,Away,W,4,Hanshin Tigers,4,7,0,"0,0,0,1,1,1,0,1,0",18,Hanshin Koshien Stadium,,03:11,37090,GAME20090903HTYS0688
2009,2009-09-03,Reg Season,Hanshin Tigers,Home,L,2,Tokyo Yakult Swallows,2,11,0,"0,0,0,1,0,0,0,1,0",18,Hanshin Koshien Stadium,,03:11,37090,GAME20090903HTYS0688
2009,2009-09-03,Reg Season,Hokkaido Nippon-Ham Fighters,Away,L,1,Chiba Lotte Marines,1,6,1,"0,0,0,0,1,0,0,0,0",20,ZOZO Marine Stadium,,03:00,10167,GAME20090903LMNF0689
2009,2009-09-03,Reg Season,Chiba Lotte Marines,Home,W,7,Hokkaido Nippon-Ham Fighters,7,12,0,"3,2,1,0,0,0,0,1,x",20,ZOZO Marine Stadium,,03:00,10167,GAME20090903LMNF0689
2009,2009-09-03,Reg Season,Saitama Seibu Lions,Away,W,4,Tohoku Rakuten Golden Eagles,4,8,0,"0,0,0,2,0,1,1,0,0",19,Rakuten Seimei Park Miyagi,,03:01,14375,GAME20090903RESL0690
2009,2009-09-03,Reg Season,Tohoku Rakuten Golden Eagles,Home,L,0,Saitama Seibu Lions,0,5,0,"0,0,0,0,0,0,0,0,0",19,Rakuten Seimei Park Miyagi,,03:01,14375,GAME20090903RESL0690
2009,2009-09-03,Reg Season,Orix Buffaloes,Away,L,3,Fukuoka Softbank Hawks,3,5,0,"0,2,1,0,0,0,0,0,0",20,Mizuho PayPay Dome Fukuoka,,03:31,28490,GAME20090903SHOB0687
2009,2009-09-03,Reg Season,Fukuoka Softbank Hawks,Home,W,4,Orix Buffaloes,4,8,1,"0,0,0,3,1,0,0,0,x",20,Mizuho PayPay Dome Fukuoka,,03:31,28490,GAME20090903SHOB0687
2009,2009-09-04,Reg Season,Hanshin Tigers,Away,W,2,Hiroshima Toyo Carp,2,7,0,"2,0,0,0,0,0,0,0,0",18,MAZDA Zoom-Zoom Stadium Hiroshima,,02:55,28220,GAME20090904HCHT0695
2009,2009-09-04,Reg Season,Hiroshima Toyo Carp,Home,L,0,Hanshin Tigers,0,5,1,"0,0,0,0,0,0,0,0,0",18,MAZDA Zoom-Zoom Stadium Hiroshima,,02:55,28220,GAME20090904HCHT0695
2009,2009-09-04,Reg Season,Chiba Lotte Marines,Away,L,4,Orix Buffaloes,4,11,2,"0,0,0,0,1,2,1,0,0",19,Kobe Athletic Park Baseball Field,,03:17,15458,GAME20090904OBLM0693
2009,2009-09-04,Reg Season,Orix Buffaloes,Home,W,13,Chiba Lotte Marines,13,19,0,"2,2,7,1,0,1,0,0,x",19,Kobe Athletic Park Baseball Field,,03:17,15458,GAME20090904OBLM0693
2009,2009-09-04,Reg Season,Hokkaido Nippon-Ham Fighters,Away,W,9,Tohoku Rakuten Golden Eagles,9,7,1,"0,0,2,0,0,0,6,1,0",18,Rakuten Seimei Park Miyagi,,03:53,13930,GAME20090904RENF0694
2009,2009-09-04,Reg Season,Tohoku Rakuten Golden Eagles,Home,L,2,Hokkaido Nippon-Ham Fighters,2,12,0,"0,2,0,0,0,0,0,0,0",18,Rakuten Seimei Park Miyagi,,03:53,13930,GAME20090904RENF0694
2009,2009-09-04,Reg Season,Saitama Seibu Lions,Away,L,4,Fukuoka Softbank Hawks,4,12,0,"0,2,0,0,0,0,1,1,0",19,Mizuho PayPay Dome Fukuoka,,03:32,30253,GAME20090904SHSL0692
2009,2009-09-04,Reg Season,Fukuoka Softbank Hawks,Home,W,5,Saitama Seibu Lions,5,12,0,"0,0,0,1,0,0,0,1,3x",19,Mizuho PayPay Dome Fukuoka,,03:32,30253,GAME20090904SHSL0692
2009,2009-09-04,Reg Season,Tokyo Yakult Swallows,Away,T,3,Yomiuri Giants,3,10,0,"0,1,1,0,0,0,1,0,0,0,0,0",17,Tokyo Dome,,05:27,42089,GAME20090904YGYS0691
2009,2009-09-04,Reg Season,Yomiuri Giants,Home,T,3,Tokyo Yakult Swallows,3,14,1,"0,0,0,0,0,1,0,0,2,0,0,0",17,Tokyo Dome,,05:27,42089,GAME20090904YGYS0691
2009,2009-09-05,Reg Season,Chunichi Dragons,Away,L,0,Yokohama BayStars,0,2,0,"0,0,0,0,0,0,0,0,0",19,HARD OFF ECO Stadium Niigata,,02:51,21827,GAME20090905DBCD0699
2009,2009-09-05,Reg Season,Yokohama BayStars,Home,W,2,Chunichi Dragons,2,4,1,"2,0,0,0,0,0,0,0,x",19,HARD OFF ECO Stadium Niigata,,02:51,21827,GAME20090905DBCD0699
2009,2009-09-05,Reg Season,Hanshin Tigers,Away,L,2,Hiroshima Toyo Carp,2,6,0,"0,0,0,2,0,0,0,0,0",19,MAZDA Zoom-Zoom Stadium Hiroshima,,03:04,31724,GAME20090905HCHT0698
2009,2009-09-05,Reg Season,Hiroshima Toyo Carp,Home,W,5,Hanshin Tigers,5,10,1,"0,0,0,2,2,0,0,1,x",19,MAZDA Zoom-Zoom Stadium Hiroshima,,03:04,31724,GAME20090905HCHT0698
2009,2009-09-05,Reg Season,Chiba Lotte Marines,Away,W,6,Orix Buffaloes,6,15,0,"0,1,0,1,0,0,1,0,0,3",20,Kobe Athletic Park Baseball Field,,03:59,13678,GAME20090905OBLM0697
2009,2009-09-05,Reg Season,Orix Buffaloes,Home,L,5,Chiba Lotte Marines,5,11,1,"0,0,0,0,1,0,0,1,1,2",20,Kobe Athletic Park Baseball Field,,03:59,13678,GAME20090905OBLM0697
2009,2009-09-05,Reg Season,Hokkaido Nippon-Ham Fighters,Away,W,10,Tohoku Rakuten Golden Eagles,10,12,0,"0,0,6,0,1,2,0,1,0",19,Rakuten Seimei Park Miyagi,,03:04,19781,GAME20090905RENF0701
2009,2009-09-05,Reg Season,Tohoku Rakuten Golden Eagles,Home,L,3,Hokkaido Nippon-Ham Fighters,3,8,1,"2,0,0,0,0,0,0,0,1",19,Rakuten Seimei Park Miyagi,,03:04,19781,GAME20090905RENF0701
2009,2009-09-05,Reg Season,Saitama Seibu Lions,Away,L,3,Fukuoka Softbank Hawks,3,11,2,"0,0,1,0,0,1,1,0,0",20,Mizuho PayPay Dome Fukuoka,,03:47,34334,GAME20090905SHSL0696
2009,2009-09-05,Reg Season,Fukuoka Softbank Hawks,Home,W,12,Saitama Seibu Lions,12,14,0,"0,0,6,3,0,2,1,0,x",20,Mizuho PayPay Dome Fukuoka,,03:47,34334,GAME20090905SHSL0696
2009,2009-09-05,Reg Season,Tokyo Yakult Swallows,Away,L,0,Yomiuri Giants,0,7,1,"0,0,0,0,0,0,0,0,0",18,Tokyo Dome,,02:48,43968,GAME20090905YGYS0700
2009,2009-09-05,Reg Season,Yomiuri Giants,Home,W,7,Tokyo Yakult Swallows,7,10,0,"0,1,0,0,0,3,0,3,x",18,Tokyo Dome,,02:48,43968,GAME20090905YGYS0700
2009,2009-09-06,Reg Season,Chunichi Dragons,Away,W,8,Yokohama BayStars,8,13,0,"2,1,0,0,0,0,1,1,3",20,HARD OFF ECO Stadium Niigata,,03:49,16431,GAME20090906DBCD0707
2009,2009-09-06,Reg Season,Yokohama BayStars,Home,L,4,Chunichi Dragons,4,8,1,"0,0,4,0,0,0,0,0,0",20,HARD OFF ECO Stadium Niigata,,03:49,16431,GAME20090906DBCD0707
2009,2009-09-06,Reg Season,Hanshin Tigers,Away,W,4,Hiroshima Toyo Carp,4,9,0,"0,0,0,0,0,3,1,0,0",20,MAZDA Zoom-Zoom Stadium Hiroshima,,03:29,31887,GAME20090906HCHT0703
2009,2009-09-06,Reg Season,Hiroshima Toyo Carp,Home,L,1,Hanshin Tigers,1,8,0,"0,1,0,0,0,0,0,0,0",20,MAZDA Zoom-Zoom Stadium Hiroshima,,03:29,31887,GAME20090906HCHT0703
2009,2009-09-06,Reg Season,Chiba Lotte Marines,Away,W,12,Orix Buffaloes,12,12,0,"2,0,4,0,0,5,1,0,0",21,Kobe Athletic Park Baseball Field,,03:22,16745,GAME20090906OBLM0706
2009,2009-09-06,Reg Season,Orix Buffaloes,Home,L,4,Chiba Lotte Marines,4,10,2,"1,0,0,1,0,1,0,1,0",21,Kobe Athletic Park Baseball Field,,03:22,16745,GAME20090906OBLM0706
2009,2009-09-06,Reg Season,Hokkaido Nippon-Ham Fighters,Away,L,3,Tohoku Rakuten Golden Eagles,3,6,0,"0,1,2,0,0,0,0,0,0",20,Rakuten Seimei Park Miyagi,,03:54,19533,GAME20090906RENF0705
2009,2009-09-06,Reg Season,Tohoku Rakuten Golden Eagles,Home,W,4,Hokkaido Nippon-Ham Fighters,4,10,0,"0,1,0,1,1,0,0,0,1x",20,Rakuten Seimei Park Miyagi,,03:54,19533,GAME20090906RENF0705
2009,2009-09-06,Reg Season,Saitama Seibu Lions,Away,L,1,Fukuoka Softbank Hawks,1,3,0,"0,0,0,0,1,0,0,0,0",21,Mizuho PayPay Dome Fukuoka,,02:41,34232,GAME20090906SHSL0702
2009,2009-09-06,Reg Season,Fukuoka Softbank Hawks,Home,W,5,Saitama Seibu Lions,5,7,0,"0,0,1,1,0,1,2,0,x",21,Mizuho PayPay Dome Fukuoka,,02:41,34232,GAME20090906SHSL0702
2009,2009-09-06,Reg Season,Tokyo Yakult Swallows,Away,L,2,Yomiuri Giants,2,8,1,"0,2,0,0,0,0,0,0,0",19,Tokyo Dome,,03:11,43830,GAME20090906YGYS0704
2009,2009-09-06,Reg Season,Yomiuri Giants,Home,W,4,Tokyo Yakult Swallows,4,6,0,"1,2,0,0,0,1,0,0,x",19,Tokyo Dome,,03:11,43830,GAME20090906YGYS0704
2009,2009-09-08,Reg Season,Yomiuri Giants,Away,W,6,Yokohama BayStars,6,10,1,"0,0,1,1,1,0,3,0,0",21,Yokohama Stadium,,02:33,14800,GAME20090908DBYG0711
2009,2009-09-08,Reg Season,Yokohama BayStars,Home,L,1,Yomiuri Giants,1,3,1,"0,0,1,0,0,0,0,0,0",21,Yokohama Stadium,,02:33,14800,GAME20090908DBYG0711
2009,2009-09-08,Reg Season,Chunichi Dragons,Away,W,7,Hanshin Tigers,7,14,0,"0,0,0,3,0,0,1,1,2",18,Hanshin Koshien Stadium,,03:02,39437,GAME20090908HTCD0712
2009,2009-09-08,Reg Season,Hanshin Tigers,Home,L,0,Chunichi Dragons,0,2,1,"0,0,0,0,0,0,0,0,0",18,Hanshin Koshien Stadium,,03:02,39437,GAME20090908HTCD0712
2009,2009-09-08,Reg Season,Fukuoka Softbank Hawks,Away,W,8,Chiba Lotte Marines,8,14,0,"0,0,0,1,0,2,5,0,0",19,ZOZO Marine Stadium,,03:24,9808,GAME20090908LMSH0710
2009,2009-09-08,Reg Season,Chiba Lotte Marines,Home,L,4,Fukuoka Softbank Hawks,4,8,0,"2,0,1,0,0,1,0,0,0",19,ZOZO Marine Stadium,,03:24,9808,GAME20090908LMSH0710
2009,2009-09-08,Reg Season,Tohoku Rakuten Golden Eagles,Away,W,8,Orix Buffaloes,8,12,1,"0,0,0,1,2,0,0,1,4",17,Kyocera Dome Osaka,,03:38,9760,GAME20090908OBRE0708
2009,2009-09-08,Reg Season,Orix Buffaloes,Home,L,5,Tohoku Rakuten Golden Eagles,5,12,0,"0,0,0,1,0,1,1,0,2",17,Kyocera Dome Osaka,,03:38,9760,GAME20090908OBRE0708
2009,2009-09-08,Reg Season,Hokkaido Nippon-Ham Fighters,Away,L,0,Saitama Seibu Lions,0,6,0,"0,0,0,0,0,0,0,0,0",16,Belluna Dome,,03:05,15346,GAME20090908SLNF0713
2009,2009-09-08,Reg Season,Saitama Seibu Lions,Home,W,5,Hokkaido Nippon-Ham Fighters,5,10,0,"0,0,0,0,4,0,1,0,x",16,Belluna Dome,,03:05,15346,GAME20090908SLNF0713
2009,2009-09-08,Reg Season,Hiroshima Toyo Carp,Away,W,6,Tokyo Yakult Swallows,6,11,0,"0,0,0,0,2,0,0,1,3",18,Meiji Jingu Stadium,,03:40,14495,GAME20090908YSHC0709
2009,2009-09-08,Reg Season,Tokyo Yakult Swallows,Home,L,3,Hiroshima Toyo Carp,3,10,0,"1,1,1,0,0,0,0,0,0",18,Meiji Jingu Stadium,,03:40,14495,GAME20090908YSHC0709
2009,2009-09-09,Reg Season,Yomiuri Giants,Away,L,3,Yokohama BayStars,3,12,2,"0,0,0,2,0,0,0,0,1",22,Yokohama Stadium,,03:05,21007,GAME20090909DBYG0719
2009,2009-09-09,Reg Season,Yokohama BayStars,Home,W,5,Yomiuri Giants,5,8,0,"3,0,0,0,0,0,1,1,x",22,Yokohama Stadium,,03:05,21007,GAME20090909DBYG0719
2009,2009-09-09,Reg Season,Chunichi Dragons,Away,L,0,Hanshin Tigers,0,3,0,"0,0,0,0,0,0,0,0,0",19,Hanshin Koshien Stadium,,02:37,39109,GAME20090909HTCD0716
2009,2009-09-09,Reg Season,Hanshin Tigers,Home,W,4,Chunichi Dragons,4,7,0,"4,0,0,0,0,0,0,0,x",19,Hanshin Koshien Stadium,,02:37,39109,GAME20090909HTCD0716
2009,2009-09-09,Reg Season,Fukuoka Softbank Hawks,Away,L,2,Chiba Lotte Marines,2,6,1,"0,0,0,0,0,1,1,0,0",20,ZOZO Marine Stadium,,02:47,13913,GAME20090909LMSH0715
2009,2009-09-09,Reg Season,Chiba Lotte Marines,Home,W,8,Fukuoka Softbank Hawks,8,11,1,"1,0,0,5,0,0,2,0,x",20,ZOZO Marine Stadium,,02:47,13913,GAME20090909LMSH0715
2009,2009-09-09,Reg Season,Tohoku Rakuten Golden Eagles,Away,W,5,Orix Buffaloes,5,8,0,"3,1,0,0,0,0,1,0,0",18,Kyocera Dome Osaka,,03:00,10358,GAME20090909OBRE0714
2009,2009-09-09,Reg Season,Orix Buffaloes,Home,L,2,Tohoku Rakuten Golden Eagles,2,5,1,"0,0,0,0,0,2,0,0,0",18,Kyocera Dome Osaka,,03:00,10358,GAME20090909OBRE0714
2009,2009-09-09,Reg Season,Hokkaido Nippon-Ham Fighters,Away,L,4,Saitama Seibu Lions,4,7,0,"0,0,0,2,0,2,0,0,0",17,Belluna Dome,,02:57,14018,GAME20090909SLNF0717
2009,2009-09-09,Reg Season,Saitama Seibu Lions,Home,W,7,Hokkaido Nippon-Ham Fighters,7,10,1,"1,2,3,0,0,0,0,1,x",17,Belluna Dome,,02:57,14018,GAME20090909SLNF0717
2009,2009-09-09,Reg Season,Hiroshima Toyo Carp,Away,W,9,Tokyo Yakult Swallows,9,15,0,"0,0,2,0,4,0,0,0,3",19,Meiji Jingu Stadium,,02:39,16335,GAME20090909YSHC0718
2009,2009-09-09,Reg Season,Tokyo Yakult Swallows,Home,L,0,Hiroshima Toyo Carp,0,5,0,"0,0,0,0,0,0,0,0,0",19,Meiji Jingu Stadium,,02:39,16335,GAME20090909YSHC0718
2009,2009-09-10,Reg Season,Yomiuri Giants,Away,W,14,Yokohama BayStars,14,20,0,"0,2,5,0,5,0,1,0,1",23,Yokohama Stadium,,03:29,17322,GAME20090910DBYG0723
2009,2009-09-10,Reg Season,Yokohama BayStars,Home,L,3,Yomiuri Giants,3,13,0,"0,0,0,2,1,0,0,0,0",23,Yokohama Stadium,,03:29,17322,GAME20090910DBYG0723
2009,2009-09-10,Reg Season,Chunichi Dragons,Away,W,4,Hanshin Tigers,4,11,3,"1,0,0,1,0,0,1,0,1",20,Hanshin Koshien Stadium,,03:22,38377,GAME20090910HTCD0721
2009,2009-09-10,Reg Season,Hanshin Tigers,Home,L,2,Chunichi Dragons,2,7,1,"0,1,0,0,1,0,0,0,0",20,Hanshin Koshien Stadium,,03:22,38377,GAME20090910HTCD0721
2009,2009-09-10,Reg Season,Fukuoka Softbank Hawks,Away,L,3,Chiba Lotte Marines,3,8,1,"1,2,0,0,0,0,0,0,0",21,ZOZO Marine Stadium,,03:50,14794,GAME20090910LMSH0724
2009,2009-09-10,Reg Season,Chiba Lotte Marines,Home,W,8,Fukuoka Softbank Hawks,8,13,1,"0,0,0,2,1,1,3,1,x",21,ZOZO Marine Stadium,,03:50,14794,GAME20090910LMSH0724
2009,2009-09-10,Reg Season,Tohoku Rakuten Golden Eagles,Away,W,5,Orix Buffaloes,5,9,0,"0,0,0,2,2,0,0,0,1",19,Kyocera Dome Osaka,,03:36,9867,GAME20090910OBRE0720
2009,2009-09-10,Reg Season,Orix Buffaloes,Home,L,3,Tohoku Rakuten Golden Eagles,3,6,1,"0,1,1,0,0,0,0,0,1",19,Kyocera Dome Osaka,,03:36,9867,GAME20090910OBRE0720
2009,2009-09-10,Reg Season,Hokkaido Nippon-Ham Fighters,Away,L,4,Saitama Seibu Lions,4,9,0,"0,0,0,0,2,0,2,0,0",18,Belluna Dome,,03:18,15160,GAME20090910SLNF0725
2009,2009-09-10,Reg Season,Saitama Seibu Lions,Home,W,5,Hokkaido Nippon-Ham Fighters,5,8,0,"0,0,0,2,0,0,1,2,x",18,Belluna Dome,,03:18,15160,GAME20090910SLNF0725
2009,2009-09-10,Reg Season,Hiroshima Toyo Carp,Away,W,3,Tokyo Yakult Swallows,3,8,0,"0,0,0,0,0,0,0,0,3",20,Meiji Jingu Stadium,,03:13,17419,GAME20090910YSHC0722
2009,2009-09-10,Reg Season,Tokyo Yakult Swallows,Home,L,2,Hiroshima Toyo Carp,2,5,0,"0,0,0,0,0,2,0,0,0",20,Meiji Jingu Stadium,,03:13,17419,GAME20090910YSHC0722
2009,2009-09-11,Reg Season,Tokyo Yakult Swallows,Away,L,1,Chunichi Dragons,1,5,0,"0,0,0,0,0,1,0,0,0",21,Vantelin Dome Nagoya,,03:03,28869,GAME20090911CDYS0727
2009,2009-09-11,Reg Season,Chunichi Dragons,Home,W,3,Tokyo Yakult Swallows,3,6,0,"1,0,0,0,2,0,0,0,x",21,Vantelin Dome Nagoya,,03:03,28869,GAME20090911CDYS0727
2009,2009-09-11,Reg Season,Yomiuri Giants,Away,W,13,Hiroshima Toyo Carp,13,10,2,"1,1,0,0,4,0,5,2,0",18,MAZDA Zoom-Zoom Stadium Hiroshima,,03:28,29448,GAME20090911HCYG0730
2009,2009-09-11,Reg Season,Hiroshima Toyo Carp,Home,L,5,Yomiuri Giants,5,10,1,"2,0,0,0,0,0,0,3,0",18,MAZDA Zoom-Zoom Stadium Hiroshima,,03:28,29448,GAME20090911HCYG0730
2009,2009-09-11,Reg Season,Yokohama BayStars,Away,L,1,Hanshin Tigers,1,5,0,"0,0,0,0,0,1,0,0,0",19,Hanshin Koshien Stadium,,02:33,44046,GAME20090911HTDB0731
2009,2009-09-11,Reg Season,Hanshin Tigers,Home,W,2,Yokohama BayStars,2,5,1,"0,2,0,0,0,0,0,0,x",19,Hanshin Koshien Stadium,,02:33,44046,GAME20090911HTDB0731
2009,2009-09-11,Reg Season,Chiba Lotte Marines,Away,W,3,Hokkaido Nippon-Ham Fighters,3,6,0,"0,0,0,1,1,1,0,0,0",21,Sapporo Dome,,03:12,29449,GAME20090911NFLM0729
2009,2009-09-11,Reg Season,Hokkaido Nippon-Ham Fighters,Home,L,2,Chiba Lotte Marines,2,9,0,"0,0,0,2,0,0,0,0,0",21,Sapporo Dome,,03:12,29449,GAME20090911NFLM0729
2009,2009-09-11,Reg Season,Tohoku Rakuten Golden Eagles,Away,W,7,Fukuoka Softbank Hawks,7,12,0,"0,0,1,0,0,0,0,0,6",18,Mizuho PayPay Dome Fukuoka,,03:36,32757,GAME20090911SHRE0726
2009,2009-09-11,Reg Season,Fukuoka Softbank Hawks,Home,L,4,Tohoku Rakuten Golden Eagles,4,12,1,"1,0,0,0,0,1,1,0,1",18,Mizuho PayPay Dome Fukuoka,,03:36,32757,GAME20090911SHRE0726
2009,2009-09-11,Reg Season,Orix Buffaloes,Away,L,1,Saitama Seibu Lions,1,9,0,"0,0,0,0,0,1,0,0,0",22,Belluna Dome,,02:38,11653,GAME20090911SLOB0728
2009,2009-09-11,Reg Season,Saitama Seibu Lions,Home,W,2,Orix Buffaloes,2,5,0,"0,0,0,0,0,0,0,2,x",22,Belluna Dome,,02:38,11653,GAME20090911SLOB0728
2009,2009-09-12,Reg Season,Tokyo Yakult Swallows,Away,L,2,Chunichi Dragons,2,8,0,"0,0,0,0,0,0,0,2,0",22,Vantelin Dome Nagoya,,03:18,36090,GAME20090912CDYS0734
2009,2009-09-12,Reg Season,Chunichi Dragons,Home,W,4,Tokyo Yakult Swallows,4,8,2,"0,0,1,2,0,0,0,1,x",22,Vantelin Dome Nagoya,,03:18,36090,GAME20090912CDYS0734
2009,2009-09-12,Reg Season,Yokohama BayStars,Away,W,4,Hanshin Tigers,4,7,1,"0,0,3,0,0,1,0,0,0",20,Hanshin Koshien Stadium,,03:18,46811,GAME20090912HTDB0735
2009,2009-09-12,Reg Season,Hanshin Tigers,Home,L,2,Yokohama BayStars,2,9,0,"0,0,0,1,1,0,0,0,0",20,Hanshin Koshien Stadium,,03:18,46811,GAME20090912HTDB0735
2009,2009-09-12,Reg Season,Chiba Lotte Marines,Away,W,4,Hokkaido Nippon-Ham Fighters,4,13,0,"0,0,0,1,0,1,0,2,0",22,Sapporo Dome,,02:48,38307,GAME20090912NFLM0736
2009,2009-09-12,Reg Season,Hokkaido Nippon-Ham Fighters,Home,L,2,Chiba Lotte Marines,2,6,0,"0,0,0,0,0,0,0,2,0",22,Sapporo Dome,,02:48,38307,GAME20090912NFLM0736
2009,2009-09-12,Reg Season,Tohoku Rakuten Golden Eagles,Away,W,6,Fukuoka Softbank Hawks,6,8,0,"2,0,0,0,1,0,0,3,0",19,Mizuho PayPay Dome Fukuoka,,03:52,32528,GAME20090912SHRE0732
2009,2009-09-12,Reg Season,Fukuoka Softbank Hawks,Home,L,5,Tohoku Rakuten Golden Eagles,5,11,0,"0,0,0,0,0,0,0,5,0",19,Mizuho PayPay Dome Fukuoka,,03:52,32528,GAME20090912SHRE0732
2009,2009-09-12,Reg Season,Orix Buffaloes,Away,W,3,Saitama Seibu Lions,3,4,0,"0,1,0,0,0,0,2,0,0",23,Belluna Dome,,02:53,21547,GAME20090912SLOB0733
2009,2009-09-12,Reg Season,Saitama Seibu Lions,Home,L,2,Orix Buffaloes,2,6,0,"0,0,1,1,0,0,0,0,0",23,Belluna Dome,,02:53,21547,GAME20090912SLOB0733
2009,2009-09-13,Reg Season,Tokyo Yakult Swallows,Away,L,2,Chunichi Dragons,2,9,1,"0,1,0,0,0,1,0,0,0",23,Vantelin Dome Nagoya,,02:46,35697,GAME20090913CDYS0742
2009,2009-09-13,Reg Season,Chunichi Dragons,Home,W,7,Tokyo Yakult Swallows,7,11,0,"3,0,0,0,2,1,1,0,x",23,Vantelin Dome Nagoya,,02:46,35697,GAME20090913CDYS0742
2009,2009-09-13,Reg Season,Yomiuri Giants,Away,W,4,Hiroshima Toyo Carp,4,9,0,"3,0,0,0,1,0,0,0,0",19,MAZDA Zoom-Zoom Stadium Hiroshima,,03:06,32054,GAME20090913HCYG0737
2009,2009-09-13,Reg Season,Hiroshima Toyo Carp,Home,L,2,Yomiuri Giants,2,7,0,"0,0,1,1,0,0,0,0,0",19,MAZDA Zoom-Zoom Stadium Hiroshima,,03:06,32054,GAME20090913HCYG0737
2009,2009-09-13,Reg Season,Yokohama BayStars,Away,L,1,Hanshin Tigers,1,3,0,"0,0,1,0,0,0,0,0,0",21,Hanshin Koshien Stadium,,02:47,46677,GAME20090913HTDB0739
2009,2009-09-13,Reg Season,Hanshin Tigers,Home,W,2,Yokohama BayStars,2,7,0,"0,0,0,2,0,0,0,0,x",21,Hanshin Koshien Stadium,,02:47,46677,GAME20090913HTDB0739
2009,2009-09-13,Reg Season,Chiba Lotte Marines,Away,L,1,Hokkaido Nippon-Ham Fighters,1,7,0,"0,0,0,0,0,0,0,1,0",23,Sapporo Dome,,02:25,42069,GAME20090913NFLM0740
2009,2009-09-13,Reg Season,Hokkaido Nippon-Ham Fighters,Home,W,3,Chiba Lotte Marines,3,8,1,"1,1,0,0,0,0,0,1,x",23,Sapporo Dome,,02:25,42069,GAME20090913NFLM0740
2009,2009-09-13,Reg Season,Tohoku Rakuten Golden Eagles,Away,L,1,Fukuoka Softbank Hawks,1,3,0,"1,0,0,0,0,0,0,0,0",20,Mizuho PayPay Dome Fukuoka,,02:55,32367,GAME20090913SHRE0741
2009,2009-09-13,Reg Season,Fukuoka Softbank Hawks,Home,W,2,Tohoku Rakuten Golden Eagles,2,7,0,"0,0,0,0,1,0,0,0,1x",20,Mizuho PayPay Dome Fukuoka,,02:55,32367,GAME20090913SHRE0741
2009,2009-09-13,Reg Season,Orix Buffaloes,Away,L,8,Saitama Seibu Lions,8,12,1,"0,0,3,3,0,2,0,0,0",24,Belluna Dome,,03:45,20460,GAME20090913SLOB0738
2009,2009-09-13,Reg Season,Saitama Seibu Lions,Home,W,10,Orix Buffaloes,10,13,1,"0,0,2,2,1,1,2,2,x",24,Belluna Dome,,03:45,20460,GAME20090913SLOB0738
2009,2009-09-15,Reg Season,Tokyo Yakult Swallows,Away,L,5,Yokohama BayStars,5,10,0,"1,2,0,0,2,0,0,0,0",17,Yokohama Stadium,,03:30,8438,GAME20090915DBYS0744
2009,2009-09-15,Reg Season,Yokohama BayStars,Home,W,6,Tokyo Yakult Swallows,6,11,1,"0,1,0,0,0,1,3,0,1x",17,Yokohama Stadium,,03:30,8438,GAME20090915DBYS0744
2009,2009-09-15,Reg Season,Chunichi Dragons,Away,W,5,Hiroshima Toyo Carp,5,10,1,"0,1,0,0,2,0,0,0,0,2",22,MAZDA Zoom-Zoom Stadium Hiroshima,,03:59,21230,GAME20090915HCCD0743
2009,2009-09-15,Reg Season,Hiroshima Toyo Carp,Home,L,3,Chunichi Dragons,3,6,1,"0,0,0,0,0,0,3,0,0,0",22,MAZDA Zoom-Zoom Stadium Hiroshima,,03:59,21230,GAME20090915HCCD0743
2009,2009-09-15,Reg Season,Saitama Seibu Lions,Away,W,3,Chiba Lotte Marines,3,6,2,"0,1,0,0,0,0,1,0,1",19,ZOZO Marine Stadium,,03:34,13227,GAME20090915LMSL0747
2009,2009-09-15,Reg Season,Chiba Lotte Marines,Home,L,2,Saitama Seibu Lions,2,10,0,"1,0,0,0,1,0,0,0,0",19,ZOZO Marine Stadium,,03:34,13227,GAME20090915LMSL0747
2009,2009-09-15,Reg Season,Tohoku Rakuten Golden Eagles,Away,L,2,Hokkaido Nippon-Ham Fighters,2,4,0,"1,1,0,0,0,0,0,0,0",21,Sapporo Dome,,02:54,20351,GAME20090915NFRE0748
2009,2009-09-15,Reg Season,Hokkaido Nippon-Ham Fighters,Home,W,5,Tohoku Rakuten Golden Eagles,5,9,0,"0,0,0,1,0,4,0,0,x",21,Sapporo Dome,,02:54,20351,GAME20090915NFRE0748
2009,2009-09-15,Reg Season,Fukuoka Softbank Hawks,Away,W,12,Orix Buffaloes,12,17,1,"2,0,0,1,2,0,0,0,7",21,Kyocera Dome Osaka,,03:43,13310,GAME20090915OBSH0745
2009,2009-09-15,Reg Season,Orix Buffaloes,Home,L,4,Fukuoka Softbank Hawks,4,8,2,"0,0,0,0,1,0,1,1,1",21,Kyocera Dome Osaka,,03:43,13310,GAME20090915OBSH0745
2009,2009-09-15,Reg Season,Hanshin Tigers,Away,W,5,Yomiuri Giants,5,13,0,"0,0,0,1,0,2,0,0,0,0,2",22,Tokyo Dome,,03:42,40252,GAME20090915YGHT0746
2009,2009-09-15,Reg Season,Yomiuri Giants,Home,L,3,Hanshin Tigers,3,11,1,"0,0,1,1,0,1,0,0,0,0,0",22,Tokyo Dome,,03:42,40252,GAME20090915YGHT0746
2009,2009-09-16,Reg Season,Tokyo Yakult Swallows,Away,W,6,Yokohama BayStars,6,11,1,"0,0,0,0,2,1,2,0,1",18,Yokohama Stadium,,03:21,10160,GAME20090916DBYS0753
2009,2009-09-16,Reg Season,Yokohama BayStars,Home,L,2,Tokyo Yakult Swallows,2,8,1,"2,0,0,0,0,0,0,0,0",18,Yokohama Stadium,,03:21,10160,GAME20090916DBYS0753
2009,2009-09-16,Reg Season,Chunichi Dragons,Away,L,2,Hiroshima Toyo Carp,2,8,1,"0,0,0,0,0,0,0,0,2",23,MAZDA Zoom-Zoom Stadium Hiroshima,,03:27,19262,GAME20090916HCCD0749
2009,2009-09-16,Reg Season,Hiroshima Toyo Carp,Home,W,5,Chunichi Dragons,5,8,1,"1,0,1,0,3,0,0,0,x",23,MAZDA Zoom-Zoom Stadium Hiroshima,,03:27,19262,GAME20090916HCCD0749
2009,2009-09-16,Reg Season,Saitama Seibu Lions,Away,L,2,Chiba Lotte Marines,2,8,0,"0,0,0,0,2,0,0,0,0",20,ZOZO Marine Stadium,,02:53,14404,GAME20090916LMSL0751
2009,2009-09-16,Reg Season,Chiba Lotte Marines,Home,W,3,Saitama Seibu Lions,3,6,0,"0,0,1,0,0,0,1,0,1x",20,ZOZO Marine Stadium,,02:53,14404,GAME20090916LMSL0751
2009,2009-09-16,Reg Season,Tohoku Rakuten Golden Eagles,Away,W,7,Hokkaido Nippon-Ham Fighters,7,11,0,"1,0,0,0,1,4,1,0,0",22,Sapporo Dome,,03:48,20446,GAME20090916NFRE0752
2009,2009-09-16,Reg Season,Hokkaido Nippon-Ham Fighters,Home,L,3,Tohoku Rakuten Golden Eagles,3,13,1,"1,0,0,1,0,0,1,0,0",22,Sapporo Dome,,03:48,20446,GAME20090916NFRE0752
2009,2009-09-16,Reg Season,Fukuoka Softbank Hawks,Away,L,1,Orix Buffaloes,1,5,1,"0,0,0,0,0,0,0,1,0",22,Kobe Athletic Park Baseball Field,,02:44,12064,GAME20090916OBSH0750
2009,2009-09-16,Reg Season,Orix Buffaloes,Home,W,11,Fukuoka Softbank Hawks,11,11,0,"2,0,6,1,1,1,0,0,x",22,Kobe Athletic Park Baseball Field,,02:44,12064,GAME20090916OBSH0750
2009,2009-09-16,Reg Season,Hanshin Tigers,Away,W,7,Yomiuri Giants,7,12,0,"2,0,0,0,3,1,1,0,0",23,Tokyo Dome,,03:29,41534,GAME20090916YGHT0754
2009,2009-09-16,Reg Season,Yomiuri Giants,Home,L,6,Hanshin Tigers,6,7,2,"3,0,2,0,1,0,0,0,0",23,Tokyo Dome,,03:29,41534,GAME20090916YGHT0754
2009,2009-09-17,Reg Season,Tokyo Yakult Swallows,Away,W,7,Yokohama BayStars,7,9,0,"3,0,0,1,0,0,1,0,2",19,Yokohama Stadium,,03:47,8849,GAME20090917DBYS0757
2009,2009-09-17,Reg Season,Yokohama BayStars,Home,L,3,Tokyo Yakult Swallows,3,13,2,"0,0,0,0,0,0,0,3,0",19,Yokohama Stadium,,03:47,8849,GAME20090917DBYS0757
2009,2009-09-17,Reg Season,Chunichi Dragons,Away,W,4,Hiroshima Toyo Carp,4,9,0,"0,0,0,0,4,0,0,0,0",24,MAZDA Zoom-Zoom Stadium Hiroshima,,03:25,18715,GAME20090917HCCD0755
2009,2009-09-17,Reg Season,Hiroshima Toyo Carp,Home,L,1,Chunichi Dragons,1,8,1,"1,0,0,0,0,0,0,0,0",24,MAZDA Zoom-Zoom Stadium Hiroshima,,03:25,18715,GAME20090917HCCD0755
2009,2009-09-17,Reg Season,Saitama Seibu Lions,Away,L,3,Chiba Lotte Marines,3,11,0,"0,0,0,0,2,1,0,0,0",21,ZOZO Marine Stadium,,03:22,12938,GAME20090917LMSL0756
2009,2009-09-17,Reg Season,Chiba Lotte Marines,Home,W,6,Saitama Seibu Lions,6,10,0,"0,0,2,0,0,3,0,1,x",21,ZOZO Marine Stadium,,03:22,12938,GAME20090917LMSL0756
2009,2009-10-16,CS Stage 1,Fukuoka Softbank Hawks,Away,L,4,Tohoku Rakuten Golden Eagles,4,6,2,"0,0,0,4,0,0,0,0,0",1,Rakuten Seimei Park Miyagi,,03:00,21303,GAME20091016RESH0001
2009,2009-10-16,CS Stage 1,Tohoku Rakuten Golden Eagles,Home,W,11,Fukuoka Softbank Hawks,11,12,1,"3,0,4,0,0,3,1,0,x",1,Rakuten Seimei Park Miyagi,,03:00,21303,GAME20091016RESH0001
2009,2009-10-17,CS Stage 1,Tokyo Yakult Swallows,Away,W,3,Chunichi Dragons,3,5,0,"0,0,0,0,0,0,3,0,0",1,Vantelin Dome Nagoya,,03:24,38391,GAME20091017CDYS0001
2009,2009-10-17,CS Stage 1,Chunichi Dragons,Home,L,2,Tokyo Yakult Swallows,2,8,0,"0,0,0,1,1,0,0,0,0",1,Vantelin Dome Nagoya,,03:24,38391,GAME20091017CDYS0001
2009,2009-10-17,CS Stage 1,Fukuoka Softbank Hawks,Away,L,1,Tohoku Rakuten Golden Eagles,1,7,0,"0,0,0,0,0,0,0,1,0",2,Rakuten Seimei Park Miyagi,,02:47,21388,GAME20091017RESH0001
2009,2009-10-17,CS Stage 1,Tohoku Rakuten Golden Eagles,Home,W,4,Fukuoka Softbank Hawks,4,8,1,"0,0,0,1,3,0,0,0,x",2,Rakuten Seimei Park Miyagi,,02:47,21388,GAME20091017RESH0001
2009,2009-10-18,CS Stage 1,Tokyo Yakult Swallows,Away,L,2,Chunichi Dragons,2,7,2,"0,2,0,0,0,0,0,0,0",2,Vantelin Dome Nagoya,,03:18,38171,GAME20091018CDYS0001
2009,2009-10-18,CS Stage 1,Chunichi Dragons,Home,W,3,Tokyo Yakult Swallows,3,7,1,"1,1,0,0,0,0,1,0,x",2,Vantelin Dome Nagoya,,03:18,38171,GAME20091018CDYS0001
2009,2009-10-19,CS Stage 1,Tokyo Yakult Swallows,Away,L,4,Chunichi Dragons,4,11,0,"1,0,0,0,0,0,0,2,1",3,Vantelin Dome Nagoya,,04:03,32897,GAME20091019CDYS0001
2009,2009-10-19,CS Stage 1,Chunichi Dragons,Home,W,7,Tokyo Yakult Swallows,7,16,0,"0,0,2,0,3,0,0,2,x",3,Vantelin Dome Nagoya,,04:03,32897,GAME20091019CDYS0001
2009,2009-10-21,CS Stage 2,Tohoku Rakuten Golden Eagles,Away,L,8,Hokkaido Nippon-Ham Fighters,8,12,0,"0,1,0,2,0,0,3,0,2",1,Sapporo Dome,,03:28,38235,GAME20091021NFRE0001
2009,2009-10-21,CS Stage 2,Hokkaido Nippon-Ham Fighters,Home,W,9,Tohoku Rakuten Golden Eagles,9,13,0,"1,0,0,0,0,0,0,3,5x",1,Sapporo Dome,,03:28,38235,GAME20091021NFRE0001
2009,2009-10-21,CS Stage 2,Chunichi Dragons,Away,W,7,Yomiuri Giants,7,10,0,"5,0,1,0,0,1,0,0,0",1,Tokyo Dome,,03:11,41259,GAME20091021YGCD0001
2009,2009-10-21,CS Stage 2,Yomiuri Giants,Home,L,2,Chunichi Dragons,2,5,0,"0,1,0,0,0,0,1,0,0",1,Tokyo Dome,,03:11,41259,GAME20091021YGCD0001
2009,2009-10-22,CS Stage 2,Tohoku Rakuten Golden Eagles,Away,L,1,Hokkaido Nippon-Ham Fighters,1,10,1,"0,0,0,1,0,0,0,0,0",2,Sapporo Dome,,03:19,32713,GAME20091022NFRE0001
2009,2009-10-22,CS Stage 2,Hokkaido Nippon-Ham Fighters,Home,W,3,Tohoku Rakuten Golden Eagles,3,9,0,"0,0,0,1,0,0,2,0,x",2,Sapporo Dome,,03:19,32713,GAME20091022NFRE0001
2009,2009-10-22,CS Stage 2,Chunichi Dragons,Away,L,4,Yomiuri Giants,4,8,0,"2,0,0,0,0,0,0,2,0",2,Tokyo Dome,,03:53,40452,GAME20091022YGCD0001
2009,2009-10-22,CS Stage 2,Yomiuri Giants,Home,W,6,Chunichi Dragons,6,15,0,"1,0,1,3,1,0,0,0,x",2,Tokyo Dome,,03:53,40452,GAME20091022YGCD0001
2009,2009-10-23,CS Stage 2,Tohoku Rakuten Golden Eagles,Away,W,3,Hokkaido Nippon-Ham Fighters,3,7,0,"0,0,0,3,0,0,0,0,0",3,Sapporo Dome,,02:48,42328,GAME20091023NFRE0001
2009,2009-10-23,CS Stage 2,Hokkaido Nippon-Ham Fighters,Home,L,2,Tohoku Rakuten Golden Eagles,2,6,0,"0,1,0,0,0,0,0,1,0",3,Sapporo Dome,,02:48,42328,GAME20091023NFRE0001
2009,2009-10-23,CS Stage 2,Chunichi Dragons,Away,L,4,Yomiuri Giants,4,8,1,"2,0,0,0,0,0,2,0,0",3,Tokyo Dome,,03:33,45409,GAME20091023YGCD0001
2009,2009-10-23,CS Stage 2,Yomiuri Giants,Home,W,5,Chunichi Dragons,5,10,0,"0,0,0,0,0,2,0,3,x",3,Tokyo Dome,,03:33,45409,GAME20091023YGCD0001
2009,2009-10-24,CS Stage 2,Tohoku Rakuten Golden Eagles,Away,L,4,Hokkaido Nippon-Ham Fighters,4,9,0,"0,0,0,3,0,0,0,1,0",4,Sapporo Dome,,03:43,42328,GAME20091024NFRE0001
2009,2009-10-24,CS Stage 2,Hokkaido Nippon-Ham Fighters,Home,W,9,Tohoku Rakuten Golden Eagles,9,14,0,"1,3,0,0,0,0,2,3,x",4,Sapporo Dome,,03:43,42328,GAME20091024NFRE0001
2009,2009-10-24,CS Stage 2,Chunichi Dragons,Away,L,2,Yomiuri Giants,2,6,1,"0,0,0,1,1,0,0,0,0",4,Tokyo Dome,,03:37,46535,GAME20091024YGCD0001
2009,2009-10-24,CS Stage 2,Yomiuri Giants,Home,W,8,Chunichi Dragons,8,9,1,"2,0,5,0,0,1,0,0,x",4,Tokyo Dome,,03:37,46535,GAME20091024YGCD0001
2009,2009-10-31,JS,Yomiuri Giants,Away,W,4,Hokkaido Nippon-Ham Fighters,4,8,0,"0,1,0,0,2,0,1,0,0",1,Sapporo Dome,,03:18,40650,GAME20091031NFYG0001
2009,2009-10-31,JS,Hokkaido Nippon-Ham Fighters,Home,L,3,Yomiuri Giants,3,12,0,"0,1,0,0,0,1,0,0,1",1,Sapporo Dome,,03:18,40650,GAME20091031NFYG0001
2009,2009-11-01,JS,Yomiuri Giants,Away,L,2,Hokkaido Nippon-Ham Fighters,2,8,0,"0,0,0,2,0,0,0,0,0",2,Sapporo Dome,,02:52,40718,GAME20091101NFYG0001
2009,2009-11-01,JS,Hokkaido Nippon-Ham Fighters,Home,W,4,Yomiuri Giants,4,12,0,"0,0,4,0,0,0,0,0,x",2,Sapporo Dome,,02:52,40718,GAME20091101NFYG0001
2009,2009-11-03,JS,Hokkaido Nippon-Ham Fighters,Away,L,4,Yomiuri Giants,4,4,0,"1,1,0,0,1,0,0,1,0",3,Tokyo Dome,,03:11,45150,GAME20091103YGNF0001
2009,2009-11-03,JS,Yomiuri Giants,Home,W,7,Hokkaido Nippon-Ham Fighters,7,8,3,"0,2,1,0,2,0,0,2,x",3,Tokyo Dome,,03:11,45150,GAME20091103YGNF0001
2009,2009-11-04,JS,Hokkaido Nippon-Ham Fighters,Away,W,8,Yomiuri Giants,8,11,1,"0,0,4,0,1,0,1,2,0",4,Tokyo Dome,,03:38,45133,GAME20091104YGNF0001
2009,2009-11-04,JS,Yomiuri Giants,Home,L,4,Hokkaido Nippon-Ham Fighters,4,13,0,"0,0,1,0,0,0,0,3,0",4,Tokyo Dome,,03:38,45133,GAME20091104YGNF0001
2009,2009-11-05,JS,Hokkaido Nippon-Ham Fighters,Away,L,2,Yomiuri Giants,2,4,1,"0,1,0,0,0,0,0,0,1",5,Tokyo Dome,,02:57,45160,GAME20091105YGNF0001
2009,2009-11-05,JS,Yomiuri Giants,Home,W,3,Hokkaido Nippon-Ham Fighters,3,7,2,"0,0,0,0,0,0,0,1,2x",5,Tokyo Dome,,02:57,45160,GAME20091105YGNF0001
2009,2009-11-07,JS,Yomiuri Giants,Away,W,2,Hokkaido Nippon-Ham Fighters,2,6,0,"0,1,0,0,0,1,0,0,0",6,Sapporo Dome,,03:02,40714,GAME20091107NFYG0001
2009,2009-11-07,JS,Hokkaido Nippon-Ham Fighters,Home,L,0,Yomiuri Giants,0,11,1,"0,0,0,0,0,0,0,0,0",6,Sapporo Dome,,03:02,40714,GAME20091107NFYG0001
2009,2009-09-17,Reg Season,Tohoku Rakuten Golden Eagles,Away,L,4,Hokkaido Nippon-Ham Fighters,4,12,0,"0,1,2,0,0,0,1,0,0",23,Sapporo Dome,,03:47,21636,GAME20090917NFRE0760
2009,2009-09-17,Reg Season,Hokkaido Nippon-Ham Fighters,Home,W,5,Tohoku Rakuten Golden Eagles,5,12,1,"2,1,0,0,0,1,1,0,x",23,Sapporo Dome,,03:47,21636,GAME20090917NFRE0760
2009,2009-09-17,Reg Season,Fukuoka Softbank Hawks,Away,L,2,Orix Buffaloes,2,4,1,"0,0,0,0,2,0,0,0,0,0",23,Kobe Athletic Park Baseball Field,,03:37,14583,GAME20090917OBSH0759
2009,2009-09-17,Reg Season,Orix Buffaloes,Home,W,3,Fukuoka Softbank Hawks,3,7,0,"0,0,0,0,0,0,1,0,1,1x",23,Kobe Athletic Park Baseball Field,,03:37,14583,GAME20090917OBSH0759
2009,2009-09-17,Reg Season,Hanshin Tigers,Away,L,2,Yomiuri Giants,2,6,0,"0,0,2,0,0,0,0,0,0",24,Tokyo Dome,,02:55,40921,GAME20090917YGHT0758
2009,2009-09-17,Reg Season,Yomiuri Giants,Home,W,4,Hanshin Tigers,4,8,0,"2,0,1,0,0,1,0,0,x",24,Tokyo Dome,,02:55,40921,GAME20090917YGHT0758
2009,2009-09-18,Reg Season,Yokohama BayStars,Away,W,5,Chunichi Dragons,5,10,0,"1,0,1,3,0,0,0,0,0",21,Vantelin Dome Nagoya,,03:37,27553,GAME20090918CDDB0762
2009,2009-09-18,Reg Season,Chunichi Dragons,Home,L,2,Yokohama BayStars,2,7,0,"0,1,0,0,0,0,0,1,0",21,Vantelin Dome Nagoya,,03:37,27553,GAME20090918CDDB0762
2009,2009-09-18,Reg Season,Hiroshima Toyo Carp,Away,W,5,Hanshin Tigers,5,7,0,"0,1,4,0,0,0,0,0,0",21,Hanshin Koshien Stadium,,03:22,46722,GAME20090918HTHC0761
2009,2009-09-18,Reg Season,Hanshin Tigers,Home,L,4,Hiroshima Toyo Carp,4,10,0,"0,2,0,0,0,2,0,0,0",21,Hanshin Koshien Stadium,,03:22,46722,GAME20090918HTHC0761
2009,2009-09-18,Reg Season,Hokkaido Nippon-Ham Fighters,Away,W,7,Orix Buffaloes,7,13,1,"0,2,0,0,0,0,4,0,0,0,1",18,Kyocera Dome Osaka,,03:58,13684,GAME20090918OBNF0763
2009,2009-09-18,Reg Season,Orix Buffaloes,Home,L,6,Hokkaido Nippon-Ham Fighters,6,15,1,"0,0,0,2,0,0,3,1,0,0,0",18,Kyocera Dome Osaka,,03:58,13684,GAME20090918OBNF0763
2009,2009-09-18,Reg Season,Chiba Lotte Marines,Away,L,5,Tohoku Rakuten Golden Eagles,5,10,0,"0,0,2,0,0,0,2,1,0",20,Rakuten Seimei Park Miyagi,,03:08,17715,GAME20090918RELM0764
2009,2009-09-18,Reg Season,Tohoku Rakuten Golden Eagles,Home,W,9,Chiba Lotte Marines,9,16,0,"0,2,3,1,1,2,0,0,x",20,Rakuten Seimei Park Miyagi,,03:08,17715,GAME20090918RELM0764
2009,2009-09-18,Reg Season,Fukuoka Softbank Hawks,Away,L,0,Saitama Seibu Lions,0,4,0,"0,0,0,0,0,0,0,0,0",22,Belluna Dome,,02:29,15487,GAME20090918SLSH0765
2009,2009-09-18,Reg Season,Saitama Seibu Lions,Home,W,6,Fukuoka Softbank Hawks,6,11,0,"0,0,0,5,0,0,1,0,x",22,Belluna Dome,,02:29,15487,GAME20090918SLSH0765
2009,2009-09-18,Reg Season,Yomiuri Giants,Away,W,10,Tokyo Yakult Swallows,10,14,0,"0,0,0,0,2,2,5,0,1",20,Meiji Jingu Stadium,,02:57,17232,GAME20090918YSYG0766
2009,2009-09-18,Reg Season,Tokyo Yakult Swallows,Home,L,2,Yomiuri Giants,2,7,0,"0,0,0,0,0,0,2,0,0",20,Meiji Jingu Stadium,,02:57,17232,GAME20090918YSYG0766
2009,2009-09-19,Reg Season,Yokohama BayStars,Away,L,2,Chunichi Dragons,2,7,1,"0,0,0,0,0,0,0,1,1",22,Vantelin Dome Nagoya,,02:59,32049,GAME20090919CDDB0771
2009,2009-09-19,Reg Season,Chunichi Dragons,Home,W,5,Yokohama BayStars,5,10,0,"1,0,1,2,0,0,1,0,x",22,Vantelin Dome Nagoya,,02:59,32049,GAME20090919CDDB0771
2009,2009-09-19,Reg Season,Hiroshima Toyo Carp,Away,W,4,Hanshin Tigers,4,14,0,"2,0,0,0,0,1,1,0,0",22,Hanshin Koshien Stadium,,03:28,46829,GAME20090919HTHC0767
2009,2009-09-19,Reg Season,Hanshin Tigers,Home,L,3,Hiroshima Toyo Carp,3,7,0,"0,1,2,0,0,0,0,0,0",22,Hanshin Koshien Stadium,,03:28,46829,GAME20090919HTHC0767
2009,2009-09-19,Reg Season,Hokkaido Nippon-Ham Fighters,Away,W,4,Orix Buffaloes,4,9,0,"0,0,0,0,0,1,0,0,3",19,Kyocera Dome Osaka,,03:10,18914,GAME20090919OBNF0768
2009,2009-09-19,Reg Season,Orix Buffaloes,Home,L,1,Hokkaido Nippon-Ham Fighters,1,5,0,"0,0,1,0,0,0,0,0,0",19,Kyocera Dome Osaka,,03:10,18914,GAME20090919OBNF0768
2009,2009-09-19,Reg Season,Chiba Lotte Marines,Away,L,4,Tohoku Rakuten Golden Eagles,4,8,1,"0,0,0,0,0,2,0,2,0",21,Rakuten Seimei Park Miyagi,,03:10,19905,GAME20090919RELM0772
2009,2009-09-19,Reg Season,Tohoku Rakuten Golden Eagles,Home,W,10,Chiba Lotte Marines,10,11,0,"0,0,0,0,2,8,0,0,x",21,Rakuten Seimei Park Miyagi,,03:10,19905,GAME20090919RELM0772
2009,2009-09-19,Reg Season,Fukuoka Softbank Hawks,Away,W,6,Saitama Seibu Lions,6,7,0,"0,0,0,1,1,3,1,0,0",23,Belluna Dome,,02:51,27751,GAME20090919SLSH0769
2009,2009-09-19,Reg Season,Saitama Seibu Lions,Home,L,1,Fukuoka Softbank Hawks,1,8,0,"0,0,1,0,0,0,0,0,0",23,Belluna Dome,,02:51,27751,GAME20090919SLSH0769
2009,2009-09-19,Reg Season,Yomiuri Giants,Away,W,6,Tokyo Yakult Swallows,6,11,0,"4,0,0,0,0,1,1,0,0",21,Meiji Jingu Stadium,,03:34,25180,GAME20090919YSYG0770
2009,2009-09-19,Reg Season,Tokyo Yakult Swallows,Home,L,3,Yomiuri Giants,3,10,0,"0,0,2,0,1,0,0,0,0",21,Meiji Jingu Stadium,,03:34,25180,GAME20090919YSYG0770
2009,2009-09-20,Reg Season,Yokohama BayStars,Away,W,4,Chunichi Dragons,4,8,0,"0,0,0,0,2,0,2,0,0",23,Vantelin Dome Nagoya,,03:39,36588,GAME20090920CDDB0775
2009,2009-09-20,Reg Season,Chunichi Dragons,Home,L,3,Yokohama BayStars,3,8,2,"0,3,0,0,0,0,0,0,0",23,Vantelin Dome Nagoya,,03:39,36588,GAME20090920CDDB0775
2009,2009-09-20,Reg Season,Hiroshima Toyo Carp,Away,L,2,Hanshin Tigers,2,10,1,"0,0,2,0,0,0,0,0,0",23,Hanshin Koshien Stadium,,03:02,46853,GAME20090920HTHC0773
2009,2009-09-20,Reg Season,Hanshin Tigers,Home,W,14,Hiroshima Toyo Carp,14,15,0,"0,0,5,0,6,3,0,0,x",23,Hanshin Koshien Stadium,,03:02,46853,GAME20090920HTHC0773
2009,2009-09-20,Reg Season,Hokkaido Nippon-Ham Fighters,Away,L,2,Orix Buffaloes,2,8,0,"0,0,0,1,0,0,1,0,0",20,Kyocera Dome Osaka,,03:11,24208,GAME20090920OBNF0777
2009,2009-09-20,Reg Season,Orix Buffaloes,Home,W,7,Hokkaido Nippon-Ham Fighters,7,5,0,"0,1,0,1,0,0,0,5,x",20,Kyocera Dome Osaka,,03:11,24208,GAME20090920OBNF0777
2009,2009-09-20,Reg Season,Chiba Lotte Marines,Away,L,5,Tohoku Rakuten Golden Eagles,5,7,0,"0,0,0,1,3,0,0,0,1",22,Rakuten Seimei Park Miyagi,,03:06,20428,GAME20090920RELM0776
2009,2009-09-20,Reg Season,Tohoku Rakuten Golden Eagles,Home,W,6,Chiba Lotte Marines,6,11,2,"1,0,0,0,0,0,1,4,x",22,Rakuten Seimei Park Miyagi,,03:06,20428,GAME20090920RELM0776
2009,2009-09-20,Reg Season,Fukuoka Softbank Hawks,Away,L,1,Saitama Seibu Lions,1,4,1,"0,0,1,0,0,0,0,0,0",24,Belluna Dome,,03:07,33516,GAME20090920SLSH0774
2009,2009-09-20,Reg Season,Saitama Seibu Lions,Home,W,8,Fukuoka Softbank Hawks,8,11,1,"0,1,0,0,0,2,5,0,x",24,Belluna Dome,,03:07,33516,GAME20090920SLSH0774
2009,2009-09-20,Reg Season,Yomiuri Giants,Away,W,8,Tokyo Yakult Swallows,8,14,1,"0,0,5,1,1,0,0,1,0",22,Meiji Jingu Stadium,,03:07,30086,GAME20090920YSYG0778
2009,2009-09-20,Reg Season,Tokyo Yakult Swallows,Home,L,2,Yomiuri Giants,2,4,1,"0,0,0,0,0,2,0,0,0",22,Meiji Jingu Stadium,,03:07,30086,GAME20090920YSYG0778
2009,2009-09-21,Reg Season,Hanshin Tigers,Away,L,1,Yokohama BayStars,1,10,2,"1,0,0,0,0,0,0,0,0",22,Yokohama Stadium,,02:46,27360,GAME20090921DBHT0780
2009,2009-09-21,Reg Season,Yokohama BayStars,Home,W,8,Hanshin Tigers,8,11,0,"1,0,4,2,0,0,0,1,x",22,Yokohama Stadium,,02:46,27360,GAME20090921DBHT0780
2009,2009-09-21,Reg Season,Tokyo Yakult Swallows,Away,L,5,Hiroshima Toyo Carp,5,11,1,"1,0,0,0,0,4,0,0,0",21,MAZDA Zoom-Zoom Stadium Hiroshima,,04:01,32018,GAME20090921HCYS0779
2009,2009-09-21,Reg Season,Hiroshima Toyo Carp,Home,W,6,Tokyo Yakult Swallows,6,15,2,"2,0,1,0,0,1,0,0,2x",21,MAZDA Zoom-Zoom Stadium Hiroshima,,04:01,32018,GAME20090921HCYS0779
2009,2009-09-21,Reg Season,Saitama Seibu Lions,Away,W,5,Hokkaido Nippon-Ham Fighters,5,11,0,"0,0,0,2,3,0,0,0,0",19,Sapporo Dome,,02:59,38165,GAME20090921NFSL0784
2009,2009-09-21,Reg Season,Hokkaido Nippon-Ham Fighters,Home,L,3,Saitama Seibu Lions,3,5,1,"0,0,3,0,0,0,0,0,0",19,Sapporo Dome,,02:59,38165,GAME20090921NFSL0784
2009,2009-09-21,Reg Season,Orix Buffaloes,Away,L,2,Tohoku Rakuten Golden Eagles,2,8,1,"0,2,0,0,0,0,0,0,0",20,Rakuten Seimei Park Miyagi,,03:01,20857,GAME20090921REOB0783
2009,2009-09-21,Reg Season,Tohoku Rakuten Golden Eagles,Home,W,9,Orix Buffaloes,9,11,1,"0,0,1,0,0,8,0,0,x",20,Rakuten Seimei Park Miyagi,,03:01,20857,GAME20090921REOB0783
2009,2009-09-21,Reg Season,Chiba Lotte Marines,Away,L,0,Fukuoka Softbank Hawks,0,6,1,"0,0,0,0,0,0,0,0,0",22,Mizuho PayPay Dome Fukuoka,,02:53,34356,GAME20090921SHLM0781
2009,2009-09-21,Reg Season,Fukuoka Softbank Hawks,Home,W,4,Chiba Lotte Marines,4,9,0,"1,1,0,0,0,0,2,0,x",22,Mizuho PayPay Dome Fukuoka,,02:53,34356,GAME20090921SHLM0781
2009,2009-09-21,Reg Season,Chunichi Dragons,Away,L,3,Yomiuri Giants,3,5,0,"0,1,1,0,0,0,1,0,0",19,Tokyo Dome,,02:57,45487,GAME20090921YGCD0782
2009,2009-09-21,Reg Season,Yomiuri Giants,Home,W,5,Chunichi Dragons,5,9,1,"0,2,2,1,0,0,0,0,x",19,Tokyo Dome,,02:57,45487,GAME20090921YGCD0782
2009,2009-09-22,Reg Season,Hanshin Tigers,Away,L,2,Yokohama BayStars,2,6,0,"0,0,2,0,0,0,0,0,0",23,Yokohama Stadium,,03:35,28112,GAME20090922DBHT0789
2009,2009-09-22,Reg Season,Yokohama BayStars,Home,W,7,Hanshin Tigers,7,12,0,"0,0,1,3,0,0,0,3,x",23,Yokohama Stadium,,03:35,28112,GAME20090922DBHT0789
2009,2009-09-22,Reg Season,Tokyo Yakult Swallows,Away,W,3,Hiroshima Toyo Carp,3,7,0,"0,0,0,3,0,0,0,0,0",22,MAZDA Zoom-Zoom Stadium Hiroshima,,02:26,31486,GAME20090922HCYS0785
2009,2009-09-22,Reg Season,Hiroshima Toyo Carp,Home,L,0,Tokyo Yakult Swallows,0,4,0,"0,0,0,0,0,0,0,0,0",22,MAZDA Zoom-Zoom Stadium Hiroshima,,02:26,31486,GAME20090922HCYS0785
2009,2009-09-22,Reg Season,Saitama Seibu Lions,Away,W,5,Hokkaido Nippon-Ham Fighters,5,13,0,"2,0,0,0,0,1,0,2,0",20,Sapporo Dome,,02:58,34214,GAME20090922NFSL0788
2009,2009-09-22,Reg Season,Hokkaido Nippon-Ham Fighters,Home,L,2,Saitama Seibu Lions,2,6,0,"1,0,0,0,0,0,0,0,1",20,Sapporo Dome,,02:58,34214,GAME20090922NFSL0788
2009,2009-09-22,Reg Season,Orix Buffaloes,Away,W,3,Tohoku Rakuten Golden Eagles,3,8,1,"1,0,0,0,0,2,0,0,0",21,Rakuten Seimei Park Miyagi,,03:10,20438,GAME20090922REOB0787
2009,2009-09-22,Reg Season,Tohoku Rakuten Golden Eagles,Home,L,0,Orix Buffaloes,0,6,0,"0,0,0,0,0,0,0,0,0",21,Rakuten Seimei Park Miyagi,,03:10,20438,GAME20090922REOB0787
2009,2009-09-22,Reg Season,Chiba Lotte Marines,Away,W,5,Fukuoka Softbank Hawks,5,10,0,"3,1,0,0,0,0,0,1,0",23,Mizuho PayPay Dome Fukuoka,,02:59,34336,GAME20090922SHLM0786
2009,2009-09-22,Reg Season,Fukuoka Softbank Hawks,Home,L,3,Chiba Lotte Marines,3,10,1,"0,1,1,1,0,0,0,0,0",23,Mizuho PayPay Dome Fukuoka,,02:59,34336,GAME20090922SHLM0786
2009,2009-09-22,Reg Season,Chunichi Dragons,Away,L,0,Yomiuri Giants,0,4,2,"0,0,0,0,0,0,0,0,0",20,Tokyo Dome,,02:37,45197,GAME20090922YGCD0790
2009,2009-09-22,Reg Season,Yomiuri Giants,Home,W,2,Chunichi Dragons,2,7,0,"0,0,0,0,0,2,0,0,x",20,Tokyo Dome,,02:37,45197,GAME20090922YGCD0790
2009,2009-09-23,Reg Season,Hanshin Tigers,Away,W,6,Yokohama BayStars,6,12,0,"4,2,0,0,0,0,0,0,0",24,Yokohama Stadium,,03:12,22785,GAME20090923DBHT0793
2009,2009-09-23,Reg Season,Yokohama BayStars,Home,L,3,Hanshin Tigers,3,9,0,"0,0,0,0,1,2,0,0,0",24,Yokohama Stadium,,03:12,22785,GAME20090923DBHT0793
2009,2009-09-23,Reg Season,Tokyo Yakult Swallows,Away,W,4,Hiroshima Toyo Carp,4,8,0,"0,0,0,1,0,0,0,0,3",23,MAZDA Zoom-Zoom Stadium Hiroshima,,02:40,31812,GAME20090923HCYS0791
2009,2009-09-23,Reg Season,Hiroshima Toyo Carp,Home,L,1,Tokyo Yakult Swallows,1,4,2,"0,0,0,0,0,0,0,0,1",23,MAZDA Zoom-Zoom Stadium Hiroshima,,02:40,31812,GAME20090923HCYS0791
2009,2009-09-23,Reg Season,Saitama Seibu Lions,Away,W,6,Hokkaido Nippon-Ham Fighters,6,9,0,"3,0,2,0,1,0,0,0,0",21,Sapporo Dome,,03:00,26955,GAME20090923NFSL0796
2009,2009-09-23,Reg Season,Hokkaido Nippon-Ham Fighters,Home,L,1,Saitama Seibu Lions,1,6,0,"0,0,0,0,0,0,1,0,0",21,Sapporo Dome,,03:00,26955,GAME20090923NFSL0796
2009,2009-09-23,Reg Season,Orix Buffaloes,Away,L,1,Tohoku Rakuten Golden Eagles,1,10,1,"0,0,0,0,1,0,0,0,0",22,Rakuten Seimei Park Miyagi,,03:04,19583,GAME20090923REOB0792
2009,2009-09-23,Reg Season,Tohoku Rakuten Golden Eagles,Home,W,4,Orix Buffaloes,4,12,1,"0,0,1,2,0,1,0,0,x",22,Rakuten Seimei Park Miyagi,,03:04,19583,GAME20090923REOB0792
2009,2009-09-23,Reg Season,Chiba Lotte Marines,Away,W,7,Fukuoka Softbank Hawks,7,6,1,"1,0,1,5,0,0,0,0,0",24,Mizuho PayPay Dome Fukuoka,,03:20,32325,GAME20090923SHLM0795
2009,2009-09-23,Reg Season,Fukuoka Softbank Hawks,Home,L,5,Chiba Lotte Marines,5,8,2,"1,0,1,2,0,0,0,1,0",24,Mizuho PayPay Dome Fukuoka,,03:20,32325,GAME20090923SHLM0795
2009,2009-09-23,Reg Season,Chunichi Dragons,Away,L,3,Yomiuri Giants,3,6,0,"0,0,0,0,3,0,0,0,0",21,Tokyo Dome,,02:44,46335,GAME20090923YGCD0794
2009,2009-09-23,Reg Season,Yomiuri Giants,Home,W,5,Chunichi Dragons,5,12,0,"0,1,0,3,0,0,1,0,x",21,Tokyo Dome,,02:44,46335,GAME20090923YGCD0794
2009,2009-09-25,Reg Season,Hanshin Tigers,Away,W,5,Chunichi Dragons,5,11,0,"0,0,0,1,2,1,0,0,1",21,Vantelin Dome Nagoya,,03:02,30361,GAME20090925CDHT0797
2009,2009-09-25,Reg Season,Chunichi Dragons,Home,L,2,Hanshin Tigers,2,5,0,"0,0,0,0,0,0,2,0,0",21,Vantelin Dome Nagoya,,03:02,30361,GAME20090925CDHT0797
2009,2009-09-25,Reg Season,Orix Buffaloes,Away,L,0,Chiba Lotte Marines,0,2,0,"0,0,0,0,0,0,0,0,0",22,ZOZO Marine Stadium,,02:45,19129,GAME20090925LMOB0801
2009,2009-09-25,Reg Season,Chiba Lotte Marines,Home,W,6,Orix Buffaloes,6,11,0,"0,0,0,0,1,4,1,0,x",22,ZOZO Marine Stadium,,02:45,19129,GAME20090925LMOB0801
2009,2009-09-25,Reg Season,Hokkaido Nippon-Ham Fighters,Away,T,0,Fukuoka Softbank Hawks,0,8,0,"0,0,0,0,0,0,0,0,0,0,0,0",21,Mizuho PayPay Dome Fukuoka,,04:40,31278,GAME20090925SHNF0799
2009,2009-09-25,Reg Season,Fukuoka Softbank Hawks,Home,T,0,Hokkaido Nippon-Ham Fighters,0,7,1,"0,0,0,0,0,0,0,0,0,0,0,0",21,Mizuho PayPay Dome Fukuoka,,04:40,31278,GAME20090925SHNF0799
2009,2009-09-25,Reg Season,Tohoku Rakuten Golden Eagles,Away,L,1,Saitama Seibu Lions,1,6,0,"0,0,0,0,0,0,1,0,0",20,Belluna Dome,,02:48,23261,GAME20090925SLRE0800
2009,2009-09-25,Reg Season,Saitama Seibu Lions,Home,W,7,Tohoku Rakuten Golden Eagles,7,13,0,"2,0,0,2,0,1,0,2,x",20,Belluna Dome,,02:48,23261,GAME20090925SLRE0800
2009,2009-09-25,Reg Season,Hiroshima Toyo Carp,Away,L,2,Yomiuri Giants,2,10,0,"0,0,0,1,1,0,0,0,0",20,Tokyo Dome,,02:34,42445,GAME20090925YGHC0802
2009,2009-09-25,Reg Season,Yomiuri Giants,Home,W,3,Hiroshima Toyo Carp,3,5,1,"0,0,0,0,0,1,1,1,x",20,Tokyo Dome,,02:34,42445,GAME20090925YGHC0802
2009,2009-09-25,Reg Season,Yokohama BayStars,Away,L,2,Tokyo Yakult Swallows,2,8,0,"1,0,0,1,0,0,0,0,0",20,Meiji Jingu Stadium,,02:50,11543,GAME20090925YSDB0798
2009,2009-09-25,Reg Season,Tokyo Yakult Swallows,Home,W,5,Yokohama BayStars,5,8,0,"0,0,0,2,2,1,0,0,x",20,Meiji Jingu Stadium,,02:50,11543,GAME20090925YSDB0798
2009,2009-09-26,Reg Season,Hanshin Tigers,Away,L,7,Chunichi Dragons,7,9,1,"4,0,0,3,0,0,0,0,0",22,Vantelin Dome Nagoya,,03:37,37680,GAME20090926CDHT0803
2009,2009-09-26,Reg Season,Chunichi Dragons,Home,W,10,Hanshin Tigers,10,12,1,"0,1,1,1,2,4,0,1,x",22,Vantelin Dome Nagoya,,03:37,37680,GAME20090926CDHT0803
2009,2009-09-26,Reg Season,Orix Buffaloes,Away,L,2,Chiba Lotte Marines,2,10,1,"0,0,0,0,2,0,0,0,0",23,ZOZO Marine Stadium,,02:45,25112,GAME20090926LMOB0805
2009,2009-09-26,Reg Season,Chiba Lotte Marines,Home,W,6,Orix Buffaloes,6,10,0,"1,0,1,2,0,0,0,2,x",23,ZOZO Marine Stadium,,02:45,25112,GAME20090926LMOB0805
2009,2009-09-26,Reg Season,Hokkaido Nippon-Ham Fighters,Away,W,5,Fukuoka Softbank Hawks,5,12,0,"0,0,0,0,1,0,0,1,2,0,0,1",22,Mizuho PayPay Dome Fukuoka,,04:45,32312,GAME20090926SHNF0804
2009,2009-09-26,Reg Season,Fukuoka Softbank Hawks,Home,L,4,Hokkaido Nippon-Ham Fighters,4,12,0,"1,0,0,0,0,2,0,1,0,0,0,0",22,Mizuho PayPay Dome Fukuoka,,04:45,32312,GAME20090926SHNF0804
2009,2009-09-26,Reg Season,Tohoku Rakuten Golden Eagles,Away,W,10,Saitama Seibu Lions,10,14,0,"0,0,0,0,5,1,1,0,3",21,Belluna Dome,,03:59,33731,GAME20090926SLRE0808
2009,2009-09-26,Reg Season,Saitama Seibu Lions,Home,L,6,Tohoku Rakuten Golden Eagles,6,15,1,"0,1,1,2,0,0,2,0,0",21,Belluna Dome,,03:59,33731,GAME20090926SLRE0808
2009,2009-09-26,Reg Season,Hiroshima Toyo Carp,Away,L,0,Yomiuri Giants,0,2,1,"0,0,0,0,0,0,0,0,0,0",21,Tokyo Dome,,02:49,43433,GAME20090926YGHC0806
2009,2009-09-26,Reg Season,Yomiuri Giants,Home,W,1,Hiroshima Toyo Carp,1,5,1,"0,0,0,0,0,0,0,0,0,1x",21,Tokyo Dome,,02:49,43433,GAME20090926YGHC0806
2009,2009-09-26,Reg Season,Yokohama BayStars,Away,L,4,Tokyo Yakult Swallows,4,5,2,"0,0,0,0,0,1,0,0,3",21,Meiji Jingu Stadium,,02:41,17676,GAME20090926YSDB0807
2009,2009-09-26,Reg Season,Tokyo Yakult Swallows,Home,W,5,Yokohama BayStars,5,9,0,"0,2,0,0,0,0,2,1,x",21,Meiji Jingu Stadium,,02:41,17676,GAME20090926YSDB0807
2009,2009-09-27,Reg Season,Hanshin Tigers,Away,W,8,Chunichi Dragons,8,13,0,"0,1,1,0,6,0,0,0,0",23,Vantelin Dome Nagoya,,03:16,37709,GAME20090927CDHT0809
2009,2009-09-27,Reg Season,Chunichi Dragons,Home,L,2,Hanshin Tigers,2,7,1,"0,0,0,0,0,0,0,2,0",23,Vantelin Dome Nagoya,,03:16,37709,GAME20090927CDHT0809
2009,2009-09-27,Reg Season,Orix Buffaloes,Away,T,7,Chiba Lotte Marines,7,21,0,"1,0,0,0,0,0,6,0,0,0,0,0",24,ZOZO Marine Stadium,,04:04,29227,GAME20090927LMOB0810
2009,2009-09-27,Reg Season,Chiba Lotte Marines,Home,T,7,Orix Buffaloes,7,12,0,"1,1,1,4,0,0,0,0,0,0,0,0",24,ZOZO Marine Stadium,,04:04,29227,GAME20090927LMOB0810
2009,2009-09-27,Reg Season,Hokkaido Nippon-Ham Fighters,Away,L,2,Fukuoka Softbank Hawks,2,5,1,"0,0,0,0,0,0,1,0,1",23,Mizuho PayPay Dome Fukuoka,,03:07,33300,GAME20090927SHNF0813
2009,2009-09-27,Reg Season,Fukuoka Softbank Hawks,Home,W,4,Hokkaido Nippon-Ham Fighters,4,9,1,"0,0,0,2,0,1,0,1,x",23,Mizuho PayPay Dome Fukuoka,,03:07,33300,GAME20090927SHNF0813
2009,2009-09-27,Reg Season,Tohoku Rakuten Golden Eagles,Away,W,11,Saitama Seibu Lions,11,16,0,"1,0,2,1,3,2,2,0,0",22,Belluna Dome,,03:45,33901,GAME20090927SLRE0812
2009,2009-09-27,Reg Season,Saitama Seibu Lions,Home,L,4,Tohoku Rakuten Golden Eagles,4,9,1,"0,0,0,0,1,2,1,0,0",22,Belluna Dome,,03:45,33901,GAME20090927SLRE0812
2009,2009-09-27,Reg Season,Hiroshima Toyo Carp,Away,L,1,Yomiuri Giants,1,8,0,"0,0,0,0,0,1,0,0,0",22,Tokyo Dome,,02:54,43917,GAME20090927YGHC0814
2009,2009-09-27,Reg Season,Yomiuri Giants,Home,W,4,Hiroshima Toyo Carp,4,9,0,"0,0,0,1,2,0,0,1,x",22,Tokyo Dome,,02:54,43917,GAME20090927YGHC0814
2009,2009-09-27,Reg Season,Yokohama BayStars,Away,L,1,Tokyo Yakult Swallows,1,7,1,"1,0,0,0,0,0,0,0,0",22,Meiji Jingu Stadium,,02:27,13756,GAME20090927YSDB0811
2009,2009-09-27,Reg Season,Tokyo Yakult Swallows,Home,W,3,Yokohama BayStars,3,4,0,"0,0,1,0,0,2,0,0,x",22,Meiji Jingu Stadium,,02:27,13756,GAME20090927YSDB0811
2009,2009-09-28,Reg Season,Yomiuri Giants,Away,L,1,Chunichi Dragons,1,5,1,"0,0,0,0,1,0,0,0,0",22,Vantelin Dome Nagoya,,03:23,36832,GAME20090928CDYG0816
2009,2009-09-28,Reg Season,Chunichi Dragons,Home,W,10,Yomiuri Giants,10,15,0,"2,0,2,0,2,2,1,1,x",22,Vantelin Dome Nagoya,,03:23,36832,GAME20090928CDYG0816
2009,2009-09-28,Reg Season,Yokohama BayStars,Away,L,5,Hiroshima Toyo Carp,5,6,0,"0,0,0,0,1,1,2,0,1",20,MAZDA Zoom-Zoom Stadium Hiroshima,,03:05,16863,GAME20090928HCDB0815
2009,2009-09-28,Reg Season,Hiroshima Toyo Carp,Home,W,9,Yokohama BayStars,9,12,1,"4,3,0,0,0,0,2,0,x",20,MAZDA Zoom-Zoom Stadium Hiroshima,,03:05,16863,GAME20090928HCDB0815
2009,2009-09-28,Reg Season,Hanshin Tigers,Away,L,1,Tokyo Yakult Swallows,1,5,2,"0,0,0,0,0,0,1,0,0",19,Meiji Jingu Stadium,,03:19,20590,GAME20090928YSHT0817
2009,2009-09-28,Reg Season,Tokyo Yakult Swallows,Home,W,7,Hanshin Tigers,7,9,0,"0,0,0,0,0,2,5,0,x",19,Meiji Jingu Stadium,,03:19,20590,GAME20090928YSHT0817
2009,2009-09-29,Reg Season,Yomiuri Giants,Away,L,1,Chunichi Dragons,1,7,0,"0,0,0,0,1,0,0,0,0",23,Vantelin Dome Nagoya,,02:39,35931,GAME20090929CDYG0820
2009,2009-09-29,Reg Season,Chunichi Dragons,Home,W,4,Yomiuri Giants,4,7,2,"0,3,1,0,0,0,0,0,x",23,Vantelin Dome Nagoya,,02:39,35931,GAME20090929CDYG0820
2009,2009-09-29,Reg Season,Yokohama BayStars,Away,L,1,Hiroshima Toyo Carp,1,7,1,"0,0,0,0,0,1,0,0,0",21,MAZDA Zoom-Zoom Stadium Hiroshima,,02:41,15189,GAME20090929HCDB0823
2009,2009-09-29,Reg Season,Hiroshima Toyo Carp,Home,W,2,Yokohama BayStars,2,3,0,"1,0,0,0,0,0,0,0,1x",21,MAZDA Zoom-Zoom Stadium Hiroshima,,02:41,15189,GAME20090929HCDB0823
2009,2009-09-29,Reg Season,Orix Buffaloes,Away,L,3,Hokkaido Nippon-Ham Fighters,3,11,2,"0,0,1,0,0,0,2,0,0",21,Sapporo Dome,,03:10,19576,GAME20090929NFOB0819
2009,2009-09-29,Reg Season,Hokkaido Nippon-Ham Fighters,Home,W,12,Orix Buffaloes,12,11,1,"3,0,0,5,0,4,0,0,x",21,Sapporo Dome,,03:10,19576,GAME20090929NFOB0819
2009,2009-09-29,Reg Season,Fukuoka Softbank Hawks,Away,W,7,Tohoku Rakuten Golden Eagles,7,12,2,"0,2,0,0,2,1,0,0,0,2",21,Rakuten Seimei Park Miyagi,,04:31,15721,GAME20090929RESH0822
2009,2009-09-29,Reg Season,Tohoku Rakuten Golden Eagles,Home,L,6,Fukuoka Softbank Hawks,6,11,0,"0,0,1,0,0,2,2,0,0,1",21,Rakuten Seimei Park Miyagi,,04:31,15721,GAME20090929RESH0822
2009,2009-09-29,Reg Season,Chiba Lotte Marines,Away,W,13,Saitama Seibu Lions,13,12,0,"4,1,0,2,4,0,0,2,0",22,Belluna Dome,,03:15,14063,GAME20090929SLLM0818
2009,2009-09-29,Reg Season,Saitama Seibu Lions,Home,L,3,Chiba Lotte Marines,3,5,1,"0,1,0,0,0,0,2,0,0",22,Belluna Dome,,03:15,14063,GAME20090929SLLM0818
2009,2009-09-29,Reg Season,Hanshin Tigers,Away,W,8,Tokyo Yakult Swallows,8,12,0,"1,0,1,4,0,0,1,0,1",20,Meiji Jingu Stadium,,03:34,17752,GAME20090929YSHT0821
2009,2009-09-29,Reg Season,Tokyo Yakult Swallows,Home,L,2,Hanshin Tigers,2,6,2,"0,0,2,0,0,0,0,0,0",20,Meiji Jingu Stadium,,03:34,17752,GAME20090929YSHT0821
2009,2009-09-30,Reg Season,Yomiuri Giants,Away,W,6,Chunichi Dragons,6,11,0,"2,2,0,2,0,0,0,0,0",24,Vantelin Dome Nagoya,,03:05,38280,GAME20090930CDYG0825
2009,2009-09-30,Reg Season,Chunichi Dragons,Home,L,2,Yomiuri Giants,2,7,1,"1,0,0,0,0,0,0,0,1",24,Vantelin Dome Nagoya,,03:05,38280,GAME20090930CDYG0825
2009,2009-09-30,Reg Season,Yokohama BayStars,Away,L,1,Hiroshima Toyo Carp,1,4,0,"0,0,0,0,0,0,1,0,0",22,MAZDA Zoom-Zoom Stadium Hiroshima,,02:52,17674,GAME20090930HCDB0827
2009,2009-09-30,Reg Season,Hiroshima Toyo Carp,Home,W,2,Yokohama BayStars,2,8,1,"0,2,0,0,0,0,0,0,x",22,MAZDA Zoom-Zoom Stadium Hiroshima,,02:52,17674,GAME20090930HCDB0827
2009,2009-09-30,Reg Season,Orix Buffaloes,Away,L,2,Hokkaido Nippon-Ham Fighters,2,6,1,"0,0,0,0,0,0,1,1,0",22,Sapporo Dome,,02:47,17352,GAME20090930NFOB0828
2009,2009-09-30,Reg Season,Hokkaido Nippon-Ham Fighters,Home,W,3,Orix Buffaloes,3,8,0,"0,0,1,0,1,0,1,0,x",22,Sapporo Dome,,02:47,17352,GAME20090930NFOB0828
2009,2009-09-30,Reg Season,Fukuoka Softbank Hawks,Away,L,2,Tohoku Rakuten Golden Eagles,2,5,2,"0,0,0,1,0,0,1,0,0",22,Rakuten Seimei Park Miyagi,,03:01,13674,GAME20090930RESH0826
2009,2009-09-30,Reg Season,Tohoku Rakuten Golden Eagles,Home,W,6,Fukuoka Softbank Hawks,6,9,0,"0,0,0,0,6,0,0,0,x",22,Rakuten Seimei Park Miyagi,,03:01,13674,GAME20090930RESH0826
2009,2009-09-30,Reg Season,Chiba Lotte Marines,Away,W,9,Saitama Seibu Lions,9,16,1,"0,4,0,0,0,0,1,1,3",23,Belluna Dome,,03:28,12762,GAME20090930SLLM0824
2009,2009-09-30,Reg Season,Saitama Seibu Lions,Home,L,2,Chiba Lotte Marines,2,7,1,"1,0,0,0,0,0,1,0,0",23,Belluna Dome,,03:28,12762,GAME20090930SLLM0824
2009,2009-09-30,Reg Season,Hanshin Tigers,Away,W,7,Tokyo Yakult Swallows,7,10,0,"1,0,0,0,0,0,2,0,4",21,Meiji Jingu Stadium,,03:27,17252,GAME20090930YSHT0829
2009,2009-09-30,Reg Season,Tokyo Yakult Swallows,Home,L,1,Hanshin Tigers,1,12,0,"0,0,0,0,0,0,0,0,1",21,Meiji Jingu Stadium,,03:27,17252,GAME20090930YSHT0829
2009,2009-10-01,Reg Season,Orix Buffaloes,Away,W,6,Hokkaido Nippon-Ham Fighters,6,11,0,"0,0,2,2,0,1,1,0,0",23,Sapporo Dome,,03:40,19784,GAME20091001NFOB0830
2009,2009-10-01,Reg Season,Hokkaido Nippon-Ham Fighters,Home,L,5,Orix Buffaloes,5,12,0,"0,0,3,2,0,0,0,0,0",23,Sapporo Dome,,03:40,19784,GAME20091001NFOB0830
2009,2009-10-01,Reg Season,Fukuoka Softbank Hawks,Away,L,4,Tohoku Rakuten Golden Eagles,4,8,0,"0,0,1,0,3,0,0,0,0",23,Rakuten Seimei Park Miyagi,,03:00,14619,GAME20091001RESH0831
2009,2009-10-01,Reg Season,Tohoku Rakuten Golden Eagles,Home,W,5,Fukuoka Softbank Hawks,5,9,0,"0,1,1,0,0,0,3,0,x",23,Rakuten Seimei Park Miyagi,,03:00,14619,GAME20091001RESH0831
2009,2009-10-01,Reg Season,Chiba Lotte Marines,Away,L,1,Saitama Seibu Lions,1,7,0,"1,0,0,0,0,0,0,0,0",24,Belluna Dome,,02:44,25207,GAME20091001SLLM0832
2009,2009-10-01,Reg Season,Saitama Seibu Lions,Home,W,2,Chiba Lotte Marines,2,6,0,"0,0,0,0,0,0,0,0,2x",24,Belluna Dome,,02:44,25207,GAME20091001SLLM0832
2009,2009-10-02,Reg Season,Yokohama BayStars,Away,W,1,Yomiuri Giants,1,5,0,"0,0,0,0,0,0,1,0,0",24,Tokyo Dome,,02:31,38141,GAME20091002YGDB0833
2009,2009-10-02,Reg Season,Yomiuri Giants,Home,L,0,Yokohama BayStars,0,3,0,"0,0,0,0,0,0,0,0,0",24,Tokyo Dome,,02:31,38141,GAME20091002YGDB0833
2009,2009-10-02,Reg Season,Hiroshima Toyo Carp,Away,W,5,Tokyo Yakult Swallows,5,9,1,"1,0,0,0,0,0,1,3,0",24,Meiji Jingu Stadium,,03:16,12089,GAME20091002YSHC0834
2009,2009-10-02,Reg Season,Tokyo Yakult Swallows,Home,L,2,Hiroshima Toyo Carp,2,5,2,"0,0,0,0,0,1,1,0,0",24,Meiji Jingu Stadium,,03:16,12089,GAME20091002YSHC0834
2009,2009-10-03,Reg Season,Chunichi Dragons,Away,W,6,Yokohama BayStars,6,10,0,"2,0,0,1,2,0,0,0,1",24,Yokohama Stadium,,03:02,9204,GAME20091003DBCD0838
2009,2009-10-03,Reg Season,Yokohama BayStars,Home,L,3,Chunichi Dragons,3,7,0,"1,0,0,0,0,2,0,0,0",24,Yokohama Stadium,,03:02,9204,GAME20091003DBCD0838
2009,2009-10-03,Reg Season,Tokyo Yakult Swallows,Away,W,6,Hanshin Tigers,6,12,0,"0,1,3,0,0,2,0,0,0",22,Hanshin Koshien Stadium,,03:10,46851,GAME20091003HTYS0836
2009,2009-10-03,Reg Season,Hanshin Tigers,Home,L,4,Tokyo Yakult Swallows,4,7,1,"0,2,0,2,0,0,0,0,0",22,Hanshin Koshien Stadium,,03:10,46851,GAME20091003HTYS0836
2009,2009-10-03,Reg Season,Chiba Lotte Marines,Away,L,1,Hokkaido Nippon-Ham Fighters,1,7,0,"0,0,1,0,0,0,0,0,0",24,Sapporo Dome,,02:44,34228,GAME20091003NFLM0839
2009,2009-10-03,Reg Season,Hokkaido Nippon-Ham Fighters,Home,W,11,Chiba Lotte Marines,11,16,0,"3,5,0,0,0,0,3,0,x",24,Sapporo Dome,,02:44,34228,GAME20091003NFLM0839
2009,2009-10-03,Reg Season,Saitama Seibu Lions,Away,L,5,Tohoku Rakuten Golden Eagles,5,11,1,"0,0,0,1,2,0,0,0,2",23,Rakuten Seimei Park Miyagi,,03:17,20901,GAME20091003RESL0835
2009,2009-10-03,Reg Season,Tohoku Rakuten Golden Eagles,Home,W,14,Saitama Seibu Lions,14,16,0,"4,0,0,0,4,3,0,3,x",23,Rakuten Seimei Park Miyagi,,03:17,20901,GAME20091003RESL0835
2009,2009-10-03,Reg Season,Hiroshima Toyo Carp,Away,L,4,Yomiuri Giants,4,7,1,"1,0,1,1,0,1,0,0,0",23,Tokyo Dome,,02:53,43128,GAME20091003YGHC0837
2009,2009-10-03,Reg Season,Yomiuri Giants,Home,W,6,Hiroshima Toyo Carp,6,13,1,"4,0,1,1,0,0,0,0,x",23,Tokyo Dome,,02:53,43128,GAME20091003YGHC0837
2009,2009-10-04,Reg Season,Hiroshima Toyo Carp,Away,L,3,Yokohama BayStars,3,6,2,"0,0,0,1,0,0,0,0,2",23,Yokohama Stadium,,02:52,17273,GAME20091004DBHC0842
2009,2009-10-04,Reg Season,Yokohama BayStars,Home,W,7,Hiroshima Toyo Carp,7,14,0,"3,0,0,0,0,1,3,0,x",23,Yokohama Stadium,,02:52,17273,GAME20091004DBHC0842
2009,2009-10-04,Reg Season,Chunichi Dragons,Away,L,0,Hanshin Tigers,0,4,0,"0,0,0,0,0,0,0,0,0",24,Hanshin Koshien Stadium,,02:43,46853,GAME20091004HTCD0841
2009,2009-10-04,Reg Season,Hanshin Tigers,Home,W,5,Chunichi Dragons,5,8,0,"0,0,1,0,0,0,3,1,x",24,Hanshin Koshien Stadium,,02:43,46853,GAME20091004HTCD0841
2009,2009-10-04,Reg Season,Fukuoka Softbank Hawks,Away,L,2,Hokkaido Nippon-Ham Fighters,2,7,1,"0,0,1,0,0,0,1,0,0",24,Sapporo Dome,,03:03,41698,GAME20091004NFSH0843
2009,2009-10-04,Reg Season,Hokkaido Nippon-Ham Fighters,Home,W,4,Fukuoka Softbank Hawks,4,6,0,"0,0,0,4,0,0,0,0,x",24,Sapporo Dome,,03:03,41698,GAME20091004NFSH0843
2009,2009-10-04,Reg Season,Saitama Seibu Lions,Away,W,6,Tohoku Rakuten Golden Eagles,6,10,1,"2,0,0,0,0,2,0,2,0",24,Rakuten Seimei Park Miyagi,,03:04,20480,GAME20091004RESL0840
2009,2009-10-04,Reg Season,Tohoku Rakuten Golden Eagles,Home,L,2,Saitama Seibu Lions,2,7,0,"0,0,0,1,0,0,0,1,0",24,Rakuten Seimei Park Miyagi,,03:04,20480,GAME20091004RESL0840
2009,2009-10-04,Reg Season,Yomiuri Giants,Away,W,5,Tokyo Yakult Swallows,5,8,0,"0,2,0,0,3,0,0,0,0",23,Meiji Jingu Stadium,,02:51,16431,GAME20091004YSYG0844
2009,2009-10-04,Reg Season,Tokyo Yakult Swallows,Home,L,1,Yomiuri Giants,1,4,0,"0,0,0,0,1,0,0,0,0",23,Meiji Jingu Stadium,,02:51,16431,GAME20091004YSYG0844
2009,2009-10-05,Reg Season,Hiroshima Toyo Carp,Away,W,3,Yokohama BayStars,3,7,1,"0,1,1,0,0,0,1,0,0",24,Yokohama Stadium,,02:42,5339,GAME20091005DBHC0847
2009,2009-10-05,Reg Season,Yokohama BayStars,Home,L,0,Hiroshima Toyo Carp,0,6,0,"0,0,0,0,0,0,0,0,0",24,Yokohama Stadium,,02:42,5339,GAME20091005DBHC0847
2009,2009-10-05,Reg Season,Saitama Seibu Lions,Away,W,10,Hokkaido Nippon-Ham Fighters,10,14,1,"1,0,0,2,0,2,2,0,3",22,Sapporo Dome,,03:45,41999,GAME20091005NFSL0845
2009,2009-10-05,Reg Season,Hokkaido Nippon-Ham Fighters,Home,L,5,Saitama Seibu Lions,5,9,0,"1,0,3,0,0,0,0,1,0",22,Sapporo Dome,,03:45,41999,GAME20091005NFSL0845
2009,2009-10-05,Reg Season,Tohoku Rakuten Golden Eagles,Away,W,6,Orix Buffaloes,6,11,0,"0,2,0,1,0,0,0,3,0",23,Kyocera Dome Osaka,,03:01,17286,GAME20091005OBRE0846
2009,2009-10-05,Reg Season,Orix Buffaloes,Home,L,3,Tohoku Rakuten Golden Eagles,3,14,0,"0,0,0,0,0,0,3,0,0",23,Kyocera Dome Osaka,,03:01,17286,GAME20091005OBRE0846
2009,2009-10-06,Reg Season,Tokyo Yakult Swallows,Away,W,10,Yokohama BayStars,10,11,2,"1,0,0,0,1,0,0,8,0",23,Yokohama Stadium,,03:18,7235,GAME20091006DBYS0848
2009,2009-10-06,Reg Season,Yokohama BayStars,Home,L,4,Tokyo Yakult Swallows,4,7,0,"2,0,1,1,0,0,0,0,0",23,Yokohama Stadium,,03:18,7235,GAME20091006DBYS0848
2009,2009-10-06,Reg Season,Tohoku Rakuten Golden Eagles,Away,L,2,Chiba Lotte Marines,2,6,0,"0,2,0,0,0,0,0,0,0",23,ZOZO Marine Stadium,,03:23,29392,GAME20091006LMRE0851
2009,2009-10-06,Reg Season,Chiba Lotte Marines,Home,W,5,Tohoku Rakuten Golden Eagles,5,10,0,"0,1,1,0,0,0,0,3,x",23,ZOZO Marine Stadium,,03:23,29392,GAME20091006LMRE0851
2009,2009-10-06,Reg Season,Saitama Seibu Lions,Away,L,4,Hokkaido Nippon-Ham Fighters,4,7,2,"0,0,0,0,2,0,1,0,1,0,0,0",23,Sapporo Dome,,04:14,35442,GAME20091006NFSL0850
2009,2009-10-06,Reg Season,Hokkaido Nippon-Ham Fighters,Home,W,5,Saitama Seibu Lions,5,10,1,"0,1,1,2,0,0,0,0,0,0,0,1x",23,Sapporo Dome,,04:14,35442,GAME20091006NFSL0850
2009,2009-10-06,Reg Season,Orix Buffaloes,Away,W,2,Fukuoka Softbank Hawks,2,8,0,"1,1,0,0,0,0,0,0,0",24,Mizuho PayPay Dome Fukuoka,,02:44,33310,GAME20091006SHOB0849
2009,2009-10-06,Reg Season,Fukuoka Softbank Hawks,Home,L,0,Orix Buffaloes,0,5,2,"0,0,0,0,0,0,0,0,0",24,Mizuho PayPay Dome Fukuoka,,02:44,33310,GAME20091006SHOB0849
2009,2009-10-07,Reg Season,Hanshin Tigers,Away,W,5,Hiroshima Toyo Carp,5,13,1,"0,0,0,3,0,0,0,0,2",24,MAZDA Zoom-Zoom Stadium Hiroshima,,03:04,28977,GAME20091007HCHT0853
2009,2009-10-07,Reg Season,Hiroshima Toyo Carp,Home,L,1,Hanshin Tigers,1,6,1,"0,0,0,0,0,1,0,0,0",24,MAZDA Zoom-Zoom Stadium Hiroshima,,03:04,28977,GAME20091007HCHT0853
2009,2009-10-07,Reg Season,Saitama Seibu Lions,Away,L,3,Hokkaido Nippon-Ham Fighters,3,9,1,"3,0,0,0,0,0,0,0,0",24,Sapporo Dome,,03:05,17623,GAME20091007NFSL0854
2009,2009-10-07,Reg Season,Hokkaido Nippon-Ham Fighters,Home,W,8,Saitama Seibu Lions,8,13,0,"1,0,4,3,0,0,0,0,x",24,Sapporo Dome,,03:05,17623,GAME20091007NFSL0854
2009,2009-10-07,Reg Season,Chiba Lotte Marines,Away,L,0,Tohoku Rakuten Golden Eagles,0,3,1,"0,0,0,0,0,0,0,0,0",24,Rakuten Seimei Park Miyagi,,02:18,12239,GAME20091007RELM0855
2009,2009-10-07,Reg Season,Tohoku Rakuten Golden Eagles,Home,W,9,Chiba Lotte Marines,9,11,1,"0,4,0,0,1,0,3,1,x",24,Rakuten Seimei Park Miyagi,,02:18,12239,GAME20091007RELM0855
2009,2009-10-07,Reg Season,Yokohama BayStars,Away,L,4,Tokyo Yakult Swallows,4,9,0,"0,1,2,0,0,0,0,0,1",24,Meiji Jingu Stadium,,02:47,7408,GAME20091007YSDB0852
2009,2009-10-07,Reg Season,Tokyo Yakult Swallows,Home,W,5,Yokohama BayStars,5,8,0,"0,0,0,0,2,1,0,2,x",24,Meiji Jingu Stadium,,02:47,7408,GAME20091007YSDB0852
2009,2009-10-08,Reg Season,Hokkaido Nippon-Ham Fighters,Away,L,1,Orix Buffaloes,1,3,2,"0,0,0,0,1,0,0,0,0",24,Kyocera Dome Osaka,,02:52,15297,GAME20091008OBNF0857
2009,2009-10-08,Reg Season,Orix Buffaloes,Home,W,11,Hokkaido Nippon-Ham Fighters,11,15,1,"0,0,2,3,0,4,2,0,x",24,Kyocera Dome Osaka,,02:52,15297,GAME20091008OBNF0857
2009,2009-10-08,Reg Season,Hanshin Tigers,Away,L,0,Tokyo Yakult Swallows,0,5,2,"0,0,0,0,0,0,0,0,0",23,Meiji Jingu Stadium,,02:54,22567,GAME20091008YSHT0856
2009,2009-10-08,Reg Season,Tokyo Yakult Swallows,Home,W,5,Hanshin Tigers,5,8,0,"0,0,2,0,0,2,1,0,x",23,Meiji Jingu Stadium,,02:54,22567,GAME20091008YSHT0856
2009,2009-10-09,Reg Season,Orix Buffaloes,Away,L,3,Tohoku Rakuten Golden Eagles,3,8,0,"0,3,0,0,0,0,0,0,0",24,Rakuten Seimei Park Miyagi,,02:43,19419,GAME20091009REOB0859
2009,2009-10-09,Reg Season,Tohoku Rakuten Golden Eagles,Home,W,4,Orix Buffaloes,4,7,0,"0,2,2,0,0,0,0,0,x",24,Rakuten Seimei Park Miyagi,,02:43,19419,GAME20091009REOB0859
2009,2009-10-09,Reg Season,Hanshin Tigers,Away,L,1,Tokyo Yakult Swallows,1,8,0,"0,0,0,0,0,0,1,0,0",24,Meiji Jingu Stadium,,03:09,33218,GAME20091009YSHT0858
2009,2009-10-09,Reg Season,Tokyo Yakult Swallows,Home,W,3,Hanshin Tigers,3,6,1,"1,0,0,0,0,1,1,0,x",24,Meiji Jingu Stadium,,03:09,33218,GAME20091009YSHT0858
2009,2009-10-10,Reg Season,Yomiuri Giants,Away,L,0,Hiroshima Toyo Carp,0,2,2,"0,0,0,0,0,0,0,0,0",24,MAZDA Zoom-Zoom Stadium Hiroshima,,01:52,32092,GAME20091010HCYG0860
2009,2009-10-10,Reg Season,Hiroshima Toyo Carp,Home,W,1,Yomiuri Giants,1,2,1,"1,0,0,0,0,0,0,0,x",24,MAZDA Zoom-Zoom Stadium Hiroshima,,01:52,32092,GAME20091010HCYG0860
2009,2009-10-10,Reg Season,Tohoku Rakuten Golden Eagles,Away,L,1,Hokkaido Nippon-Ham Fighters,1,5,2,"0,0,0,0,1,0,0,0,0",24,Sapporo Dome,,02:55,36257,GAME20091010NFRE0861
2009,2009-10-10,Reg Season,Hokkaido Nippon-Ham Fighters,Home,W,7,Tohoku Rakuten Golden Eagles,7,11,1,"0,1,2,0,1,0,3,0,x",24,Sapporo Dome,,02:55,36257,GAME20091010NFRE0861
2009,2009-10-11,Reg Season,Fukuoka Softbank Hawks,Away,W,5,Tohoku Rakuten Golden Eagles,5,11,0,"2,0,0,0,2,0,1,0,0",24,Rakuten Seimei Park Miyagi,,03:18,20637,GAME20091011RESH0863
2009,2009-10-11,Reg Season,Tohoku Rakuten Golden Eagles,Home,L,0,Fukuoka Softbank Hawks,0,6,0,"0,0,0,0,0,0,0,0,0",24,Rakuten Seimei Park Miyagi,,03:18,20637,GAME20091011RESH0863
2009,2009-10-11,Reg Season,Chunichi Dragons,Away,L,3,Tokyo Yakult Swallows,3,5,1,"0,0,0,0,0,3,0,0,0",24,Meiji Jingu Stadium,,03:12,22026,GAME20091011YSCD0862
2009,2009-10-11,Reg Season,Tokyo Yakult Swallows,Home,W,4,Chunichi Dragons,4,9,0,"0,0,0,0,0,1,3,0,x",24,Meiji Jingu Stadium,,03:12,22026,GAME20091011YSCD0862
2009,2009-10-12,Reg Season,Yomiuri Giants,Away,L,3,Tokyo Yakult Swallows,3,6,0,"0,1,2,0,0,0,0,0,0",24,Meiji Jingu Stadium,,02:46,18245,GAME20091012YSYG0864
2009,2009-10-12,Reg Season,Tokyo Yakult Swallows,Home,W,5,Yomiuri Giants,5,7,1,"1,0,0,1,0,0,0,3,x",24,Meiji Jingu Stadium,,02:46,18245,GAME20091012YSYG0864
