Season,Game Type,Team,#,Name,Position,G,PA,AB,BA,OBP,SLG,OPS,R,RBI,H,1B,2B,3B,HR,TB,SB,CS,BB,IBB,K,DP,DB,SH,SF,PlayerID
2011,Regular Season,Tohoku Rakuten Golden Eagles,44,"Nakatani, Jin",C,11,23,22,0.091,0.091,0.227,0.318,1,2,2,1,0,0,1,5,0,0,0,0,9,0,0,1,0,01003886
2011,Climax Series - Final Stage,Saitama Seibu Lions,3,"Nakajima, Hiroyuki",SS,3,13,13,0.154,0.154,0.154,0.308,0,0,2,2,0,0,0,2,1,0,0,0,6,0,0,0,0,01005113
2011,Climax Series - First Stage,Saitama Seibu Lions,3,"Nakajima, Hiroyuki",SS,2,10,7,0.286,0.500,0.571,1.071,4,0,2,0,2,0,0,4,0,0,3,1,1,0,0,0,0,01005113
2011,Regular Season,Saitama Seibu Lions,3,"Nakajima, Hiroyuki",SS,144,633,566,0.297,0.354,0.433,0.787,82,100,168,124,27,1,16,245,21,2,44,0,93,11,12,0,11,01005113
2011,Regular Season,Yokohama BayStars,22,"Takasaki, Kentaro",P,30,47,41,0.073,0.095,0.073,0.168,1,0,3,3,0,0,0,3,0,0,1,0,13,0,0,5,0,01005114
2011,Regular Season,Tokyo Yakult Swallows,61,"Ishii, Hirotoshi",P,1,0,0,0.000,0.000,0.000,0.000,0,0,0,0,0,0,0,0,0,0,0,0,0,0,0,0,0,01103882
2011,Regular Season,Hanshin Tigers,25,"Arai, Takahiro",3B,144,602,550,0.269,0.321,0.418,0.739,68,93,148,103,25,3,17,230,5,0,41,2,106,20,4,0,7,01103888
2011,Regular Season,Hokkaido Nippon-Ham Fighters,50,"Ichikawa, Suguru",PH,4,3,2,0.000,0.333,0.000,0.333,0,0,0,0,0,0,0,0,0,0,0,0,0,0,1,0,0,01105110
2011,Regular Season,Tohoku Rakuten Golden Eagles,21,"Iwakuma, Hisashi",P,17,0,0,0.000,0.000,0.000,0.000,0,0,0,0,0,0,0,0,0,0,0,0,0,0,0,0,0,01105111
2011,Regular Season,Hanshin Tigers,32,"Arai, Ryota",1B,43,27,26,0.192,0.222,0.192,0.414,3,3,5,5,0,0,0,5,0,0,1,0,8,1,0,0,0,01105112
2011,Regular Season,Hiroshima Toyo Carp,49,"Amaya, Soichiro",LF,100,187,167,0.210,0.283,0.299,0.582,15,12,35,25,6,3,1,50,8,2,14,1,33,2,3,3,0,01105115
2011,Regular Season,Tohoku Rakuten Golden Eagles,13,"Isaka, Ryohei",P,15,0,0,0.000,0.000,0.000,0.000,0,0,0,0,0,0,0,0,0,0,0,0,0,0,0,0,0,01105118
2011,Regular Season,Yokohama BayStars,00,"Inada, Naoto",1B,61,42,42,0.238,0.238,0.262,0.500,4,2,10,9,1,0,0,11,0,0,0,0,11,0,0,0,0,01105119
2011,Regular Season,Tokyo Yakult Swallows,24,"Araki, Takahiro",3B,3,8,8,0.125,0.125,0.125,0.250,0,0,1,1,0,0,0,1,0,0,0,0,3,1,0,0,0,01105131
2011,Regular Season,Yokohama BayStars,4,"Aranami, Sho",CF,28,92,86,0.256,0.264,0.291,0.555,11,1,22,20,1,1,0,25,6,1,1,0,23,0,0,5,0,01105133
2011,Regular Season,Fukuoka Softbank Hawks,63,"Fujita, Soichi",P,19,0,0,0.000,0.000,0.000,0.000,0,0,0,0,0,0,0,0,0,0,0,0,0,0,0,0,0,01203886
2011,Regular Season,Chiba Lotte Marines,65,"Minami, Ryusuke",LF,32,43,39,0.179,0.220,0.333,0.553,5,3,7,4,1,1,1,13,1,0,1,0,10,0,1,2,0,01205111
2011,Regular Season,Chiba Lotte Marines,32,"Nemoto, Shunichi",SS,68,167,149,0.228,0.290,0.289,0.579,11,11,34,29,3,0,2,43,0,1,12,0,38,2,1,5,0,01205112
2011,Regular Season,Saitama Seibu Lions,45,"Fujita, Taiyo",P,14,0,0,0.000,0.000,0.000,0.000,0,0,0,0,0,0,0,0,0,0,0,0,0,0,0,0,0,01205113
2011,Climax Series - Final Stage,Chunichi Dragons,1,"Donoue, Naomichi",2B,1,0,0,0.000,0.000,0.000,0.000,0,0,0,0,0,0,0,0,0,0,0,0,0,0,0,0,0,01205114
2011,Japan Series,Chunichi Dragons,1,"Donoue, Naomichi",2B,2,1,1,0.000,0.000,0.000,0.000,0,0,0,0,0,0,0,0,0,0,0,0,0,0,0,0,0,01205114
2011,Regular Season,Chunichi Dragons,1,"Donoue, Naomichi",2B,62,123,115,0.209,0.242,0.296,0.538,6,10,24,18,4,0,2,34,0,0,4,2,18,5,1,3,0,01205114
2011,Climax Series - First Stage,Hokkaido Nippon-Ham Fighters,19,"Hayashi, Masanori",P,1,0,0,0.000,0.000,0.000,0.000,0,0,0,0,0,0,0,0,0,0,0,0,0,0,0,0,0,01205115
2011,Regular Season,Hokkaido Nippon-Ham Fighters,19,"Hayashi, Masanori",P,5,0,0,0.000,0.000,0.000,0.000,0,0,0,0,0,0,0,0,0,0,0,0,0,0,0,0,0,01205115
2011,Regular Season,Tohoku Rakuten Golden Eagles,20,"Hasebe, Kohei",P,7,0,0,0.000,0.000,0.000,0.000,0,0,0,0,0,0,0,0,0,0,0,0,0,0,0,0,0,01205116
2011,Regular Season,Hiroshima Toyo Carp,20,"Nagakawa, Katsuhiro",P,19,0,0,0.000,0.000,0.000,0.000,0,0,0,0,0,0,0,0,0,0,0,0,0,0,0,0,0,01205117
2011,Regular Season,Orix Buffaloes,14,"Furukawa, Shuichi",P,12,0,0,0.000,0.000,0.000,0.000,0,0,0,0,0,0,0,0,0,0,0,0,0,0,0,0,0,01205131
2011,Regular Season,Tohoku Rakuten Golden Eagles,7,"Yamasaki, Takeshi",DH,102,402,362,0.229,0.286,0.367,0.653,26,48,83,56,15,1,11,133,0,1,28,0,89,10,4,0,8,01303868
2011,Regular Season,Saitama Seibu Lions,7,"Kataoka, Yasuyuki",2B,86,364,326,0.230,0.295,0.276,0.571,43,18,75,64,8,2,1,90,22,10,26,1,51,3,4,8,0,01305110
2011,Regular Season,Hiroshima Toyo Carp,19,"Ueno, Hirofumi",P,32,0,0,0.000,0.000,0.000,0.000,0,0,0,0,0,0,0,0,0,0,0,0,0,0,0,0,0,01305114
2011,Regular Season,Chiba Lotte Marines,8,"Imae, Toshiaki",3B,134,543,499,0.269,0.304,0.381,0.685,53,51,134,95,30,1,8,190,2,1,20,0,48,13,8,10,6,01305115
2011,Regular Season,Yokohama BayStars,58,"Ota, Atori",P,3,2,2,0.000,0.000,0.000,0.000,0,0,0,0,0,0,0,0,0,0,0,0,1,0,0,0,0,01305116
2011,Regular Season,Saitama Seibu Lions,14,"Egusa, Hirotaka",P,12,0,0,0.000,0.000,0.000,0.000,0,0,0,0,0,0,0,0,0,0,0,0,0,0,0,0,0,01305117
2011,Regular Season,Hanshin Tigers,4,"Uemoto, Hiroki",2B,67,131,108,0.250,0.331,0.398,0.729,20,13,27,17,7,0,3,43,8,3,14,0,27,0,0,7,2,01305118
2011,Regular Season,Orix Buffaloes,17,"Katsuki, Ryota",P,46,0,0,0.000,0.000,0.000,0.000,0,0,0,0,0,0,0,0,0,0,0,0,0,0,0,0,0,01305119
2011,Climax Series - Final Stage,Chunichi Dragons,8,"Ohshima, Yohei",CF,5,17,13,0.231,0.412,0.231,0.643,0,1,3,3,0,0,0,3,0,0,4,1,4,0,0,0,0,01305131
2011,Japan Series,Chunichi Dragons,8,"Ohshima, Yohei",CF,5,14,13,0.077,0.077,0.077,0.154,0,0,1,1,0,0,0,1,1,1,0,0,4,0,0,1,0,01305131
2011,Regular Season,Chunichi Dragons,8,"Ohshima, Yohei",CF,96,355,300,0.243,0.318,0.320,0.638,25,18,73,60,6,4,3,96,8,2,29,5,50,3,5,19,2,01305131
2011,Regular Season,Hanshin Tigers,13,"Enokida, Daiki",P,62,0,0,0.000,0.000,0.000,0.000,0,0,0,0,0,0,0,0,0,0,0,0,0,0,0,0,0,01305133
2011,Regular Season,Orix Buffaloes,48,"Yoshino, Makoto",P,50,0,0,0.000,0.000,0.000,0.000,0,0,0,0,0,0,0,0,0,0,0,0,0,0,0,0,0,01405111
2011,Regular Season,Hiroshima Toyo Carp,37,"Matsuyama, Ryuhei",LF,68,204,196,0.270,0.299,0.357,0.656,15,19,53,43,6,1,3,70,0,1,8,0,20,5,0,0,0,01405116
2011,Regular Season,Tokyo Yakult Swallows,66,"Fernandes, Rafael",P,1,0,0,0.000,0.000,0.000,0.000,0,0,0,0,0,0,0,0,0,0,0,0,0,0,0,0,0,01405118
2011,Climax Series - Final Stage,Chunichi Dragons,24,"Kuramoto, Hidenori",CF,3,0,0,0.000,0.000,0.000,0.000,0,0,0,0,0,0,0,0,0,0,0,0,0,0,0,0,0,01503888
2011,Japan Series,Chunichi Dragons,24,"Kuramoto, Hidenori",CF,2,0,0,0.000,0.000,0.000,0.000,0,0,0,0,0,0,0,0,0,0,0,0,0,0,0,0,0,01503888
2011,Regular Season,Chunichi Dragons,24,"Kuramoto, Hidenori",CF,56,24,20,0.100,0.182,0.100,0.282,9,1,2,2,0,0,0,2,2,0,2,0,3,0,0,2,0,01503888
2011,Regular Season,Chiba Lotte Marines,11,"Ohmine, Yuta",P,1,0,0,0.000,0.000,0.000,0.000,0,0,0,0,0,0,0,0,0,0,0,0,0,0,0,0,0,01505114
2011,Regular Season,Tokyo Yakult Swallows,16,"Kato, Mikinori",P,6,2,2,0.000,0.000,0.000,0.000,1,0,0,0,0,0,0,0,0,0,0,0,0,0,0,0,0,01505116
2011,Regular Season,Hanshin Tigers,66,"Kurose, Haruki",PH,2,2,2,0.000,0.000,0.000,0.000,0,0,0,0,0,0,0,0,0,0,0,0,0,0,0,0,0,01505119
2011,Regular Season,Yokohama BayStars,21,"Kagami, Kisho",P,1,2,1,1.000,1.000,2.000,3.000,1,0,1,0,1,0,0,2,0,0,0,0,0,0,0,1,0,01505133
2011,Climax Series - Final Stage,Saitama Seibu Lions,23,"Ming-Chieh, Hsu",P,2,0,0,0.000,0.000,0.000,0.000,0,0,0,0,0,0,0,0,0,0,0,0,0,0,0,0,0,01605111
2011,Climax Series - First Stage,Saitama Seibu Lions,23,"Ming-Chieh, Hsu",P,1,0,0,0.000,0.000,0.000,0.000,0,0,0,0,0,0,0,0,0,0,0,0,0,0,0,0,0,01605111
2011,Regular Season,Saitama Seibu Lions,23,"Ming-Chieh, Hsu",P,49,0,0,0.000,0.000,0.000,0.000,0,0,0,0,0,0,0,0,0,0,0,0,0,0,0,0,0,01605111
2011,Regular Season,Yomiuri Giants,32,"Matsumoto, Tetsuya",PH,20,19,19,0.053,0.053,0.053,0.106,2,0,1,1,0,0,0,1,0,0,0,0,4,1,0,0,0,01605114
2011,Regular Season,Orix Buffaloes,67,"Yokoyama, Tetsuya",C,5,11,8,0.000,0.200,0.000,0.200,0,0,0,0,0,0,0,0,0,0,2,0,2,0,0,1,0,01605117
2011,Regular Season,Tohoku Rakuten Golden Eagles,98,"Morita, Jobu",1B,2,3,3,0.000,0.000,0.000,0.000,0,0,0,0,0,0,0,0,0,0,0,0,1,0,0,0,0,01605118
2011,Regular Season,Chiba Lotte Marines,25,"Castillo, Jose",1B,86,356,331,0.269,0.315,0.360,0.675,31,34,89,70,13,1,5,119,0,0,18,1,45,10,5,0,2,01605131
2011,Regular Season,Tohoku Rakuten Golden Eagles,31,"Mima, Manabu",P,23,0,0,0.000,0.000,0.000,0.000,0,0,0,0,0,0,0,0,0,0,0,0,0,0,0,0,0,01605133
2011,Regular Season,Fukuoka Softbank Hawks,4,"Shimizu, Masaumi",C,3,1,1,0.000,0.000,0.000,0.000,0,0,0,0,0,0,0,0,0,0,0,0,1,0,0,0,0,01703884
2011,Regular Season,Tohoku Rakuten Golden Eagles,12,"Kusano, Daisuke",1B,92,291,252,0.246,0.337,0.302,0.639,21,14,62,52,8,0,2,76,3,1,24,3,34,5,11,3,1,01705112
2011,Regular Season,Yokohama BayStars,43,"Kita, Atsushi",RF,12,25,21,0.238,0.292,0.286,0.578,0,1,5,4,1,0,0,6,0,0,2,0,9,1,0,1,1,01705114
2011,Regular Season,Yokohama BayStars,14,"Kobayashi, Futoshi",P,17,18,16,0.125,0.125,0.125,0.250,0,0,2,2,0,0,0,2,0,0,0,0,9,0,0,2,0,01705116
2011,Regular Season,Hiroshima Toyo Carp,66,"Kimura, Shogo",SS,106,349,293,0.259,0.301,0.287,0.588,30,17,76,69,6,1,0,84,3,3,14,2,53,6,4,37,1,01705117
2011,Climax Series - First Stage,Saitama Seibu Lions,31,"Sakata, Ryo",RF,2,4,4,0.000,0.000,0.000,0.000,0,0,0,0,0,0,0,0,0,0,0,0,3,0,0,0,0,01705118
2011,Regular Season,Saitama Seibu Lions,31,"Sakata, Ryo",RF,71,214,202,0.233,0.266,0.322,0.588,20,11,47,34,10,1,2,65,0,0,8,0,42,3,2,0,2,01705118
2011,Regular Season,Yokohama BayStars,9,"Shimamura, Ikki",PH,49,59,58,0.207,0.207,0.293,0.500,5,6,12,8,3,1,0,17,0,0,0,0,21,2,0,1,0,01705119
2011,Regular Season,Yokohama BayStars,65,"Kuniyoshi, Yuki",P,8,16,14,0.000,0.000,0.000,0.000,0,0,0,0,0,0,0,0,0,0,0,0,8,0,0,2,0,01705131
2011,Regular Season,Tokyo Yakult Swallows,26,"Kyuko, Kentaro",P,52,0,0,0.000,0.000,0.000,0.000,0,0,0,0,0,0,0,0,0,0,0,0,0,0,0,0,0,01705133
2011,Regular Season,Tohoku Rakuten Golden Eagles,25,"Yokogawa, Fuminori",LF,94,216,196,0.224,0.280,0.327,0.607,24,18,44,32,8,0,4,64,1,1,13,0,41,2,3,2,2,01805114
2011,Regular Season,Orix Buffaloes,33,"Taguchi, So",RF,62,239,198,0.273,0.333,0.323,0.656,27,15,54,44,10,0,0,64,3,1,15,1,36,5,3,23,0,01903885
2011,Regular Season,Hokkaido Nippon-Ham Fighters,23,"Nioka, Tomohiro",DH,55,117,103,0.282,0.362,0.388,0.750,12,14,29,24,2,0,3,40,0,0,13,1,22,2,0,1,0,01903888
2011,Regular Season,Tohoku Rakuten Golden Eagles,37,"Shima, Motohiro",C,129,421,362,0.224,0.287,0.290,0.577,33,28,81,62,16,1,2,105,7,3,30,1,85,7,3,24,2,01905114
2011,Regular Season,Hokkaido Nippon-Ham Fighters,57,"Sekiguchi, Yuta",LF,2,3,3,0.000,0.000,0.000,0.000,0,0,0,0,0,0,0,0,0,0,0,0,0,0,0,0,0,01905116
2011,Climax Series - Final Stage,Chunichi Dragons,63,"Donoe, Takehiro",PH,1,1,1,0.000,0.000,0.000,0.000,0,0,0,0,0,0,0,0,0,0,0,0,0,0,0,0,0,01905119
2011,Japan Series,Chunichi Dragons,63,"Donoe, Takehiro",PH,1,1,1,0.000,0.000,0.000,0.000,0,0,0,0,0,0,0,0,0,0,0,0,0,0,0,0,0,01905119
2011,Regular Season,Chunichi Dragons,63,"Donoe, Takehiro",PH,64,117,108,0.287,0.342,0.426,0.768,11,15,31,19,10,1,1,46,0,0,7,1,20,4,2,0,0,01905119
2011,Regular Season,Hokkaido Nippon-Ham Fighters,18,"Saitoh, Yuki",P,19,0,0,0.000,0.000,0.000,0.000,0,0,0,0,0,0,0,0,0,0,0,0,0,0,0,0,0,01905133
2011,Climax Series - Final Stage,Saitama Seibu Lions,54,"Graman, Alex",P,1,0,0,0.000,0.000,0.000,0.000,0,0,0,0,0,0,0,0,0,0,0,0,0,0,0,0,0,03105112
2011,Climax Series - First Stage,Saitama Seibu Lions,54,"Graman, Alex",P,1,0,0,0.000,0.000,0.000,0.000,0,0,0,0,0,0,0,0,0,0,0,0,0,0,0,0,0,03105112
2011,Regular Season,Saitama Seibu Lions,54,"Graman, Alex",P,29,0,0,0.000,0.000,0.000,0.000,0,0,0,0,0,0,0,0,0,0,0,0,0,0,0,0,0,03105112
2011,Regular Season,Yomiuri Giants,29,"Greisinger, Seth",P,9,14,14,0.071,0.071,0.071,0.142,0,0,1,1,0,0,0,1,0,0,0,0,6,0,0,0,0,03105114
2011,Climax Series - Final Stage,Fukuoka Softbank Hawks,25,"Falkenborg, Brian",P,1,0,0,0.000,0.000,0.000,0.000,0,0,0,0,0,0,0,0,0,0,0,0,0,0,0,0,0,03105118
2011,Japan Series,Fukuoka Softbank Hawks,25,"Falkenborg, Brian",P,5,0,0,0.000,0.000,0.000,0.000,0,0,0,0,0,0,0,0,0,0,0,0,0,0,0,0,0,03105118
2011,Regular Season,Fukuoka Softbank Hawks,25,"Falkenborg, Brian",P,53,0,0,0.000,0.000,0.000,0.000,0,0,0,0,0,0,0,0,0,0,0,0,0,0,0,0,0,03105118
2011,Regular Season,Yomiuri Giants,42,"Torres, Carlos",P,6,9,9,0.000,0.000,0.000,0.000,0,0,0,0,0,0,0,0,0,0,0,0,9,0,0,0,0,03105133
2011,Climax Series - Final Stage,Saitama Seibu Lions,52,"Fernandez, Jose",DH,3,12,11,0.182,0.250,0.273,0.523,0,1,2,1,1,0,0,3,0,0,1,0,0,1,0,0,0,03305117
2011,Climax Series - First Stage,Saitama Seibu Lions,52,"Fernandez, Jose",DH,2,10,10,0.600,0.600,0.800,1.400,0,3,6,4,2,0,0,8,0,1,0,0,2,0,0,0,0,03305117
2011,Regular Season,Saitama Seibu Lions,52,"Fernandez, Jose",DH,142,577,529,0.259,0.308,0.395,0.703,49,81,137,99,21,0,17,209,3,3,39,4,84,19,2,0,7,03305117
2011,Regular Season,Orix Buffaloes,91,"Caraballo, Francisco",RF,4,12,11,0.091,0.167,0.091,0.258,1,0,1,1,0,0,0,1,0,0,1,0,6,0,0,0,0,03305131
2011,Regular Season,Yokohama BayStars,52,"Mann, Brandon",P,12,4,4,0.250,0.250,0.250,0.500,0,0,1,1,0,0,0,1,0,0,0,0,3,0,0,0,0,03305133
2011,Regular Season,Hiroshima Toyo Carp,99,"Soriano, Dioni",P,8,6,6,0.000,0.000,0.000,0.000,0,0,0,0,0,0,0,0,0,0,0,0,4,0,0,0,0,03505118
2011,Regular Season,Chunichi Dragons,70,"Soto, Enyelbert",P,22,22,22,0.045,0.045,0.045,0.090,0,1,1,1,0,0,0,1,0,0,0,0,15,0,0,0,0,03505133
2011,Climax Series - First Stage,Hokkaido Nippon-Ham Fighters,2,"Scales, Bobby",2B,2,5,5,0.000,0.000,0.000,0.000,0,0,0,0,0,0,0,0,0,0,0,0,2,0,0,0,0,03705133
2011,Regular Season,Hokkaido Nippon-Ham Fighters,2,"Scales, Bobby",2B,80,317,287,0.261,0.328,0.394,0.722,34,30,75,55,11,0,9,113,2,0,25,0,103,3,4,0,1,03705133
2011,Regular Season,Tokyo Yakult Swallows,0,"Hamanaka, Osamu",LF,5,14,13,0.154,0.214,0.154,0.368,1,0,2,2,0,0,0,2,0,0,1,0,4,0,0,0,0,11013884
2011,Regular Season,Orix Buffaloes,40,"Takamiya, Kazuya",P,20,0,0,0.000,0.000,0.000,0.000,0,0,0,0,0,0,0,0,0,0,0,0,0,0,0,0,0,11015112
2011,Regular Season,Orix Buffaloes,37,"Tsuji, Toshiya",C,8,16,11,0.182,0.250,0.273,0.523,0,0,2,1,1,0,0,3,0,0,1,0,4,2,0,4,0,11015115
2011,Regular Season,Yokohama BayStars,46,"Tanaka, Kenjiro",P,1,0,0,0.000,0.000,0.000,0.000,0,0,0,0,0,0,0,0,0,0,0,0,0,0,0,0,0,11015116
2011,Regular Season,Chiba Lotte Marines,17,"Naruse, Yoshihisa",P,26,9,8,0.125,0.125,0.125,0.250,0,0,1,1,0,0,0,1,0,0,0,0,5,0,0,1,0,11015119
2011,Regular Season,Tohoku Rakuten Golden Eagles,11,"Shiomi, Takahiro",P,24,4,3,0.000,0.250,0.000,0.250,0,1,0,0,0,0,0,0,0,0,1,0,2,0,0,0,0,11015133
2011,Regular Season,Hiroshima Toyo Carp,23,"Yokoyama, Ryuji",P,2,0,0,0.000,0.000,0.000,0.000,0,0,0,0,0,0,0,0,0,0,0,0,0,0,0,0,0,11213880
2011,Regular Season,Hiroshima Toyo Carp,53,"Hayashi, Masaki",P,2,0,0,0.000,0.000,0.000,0.000,0,0,0,0,0,0,0,0,0,0,0,0,0,0,0,0,0,11213886
2011,Regular Season,Tohoku Rakuten Golden Eagles,18,"Tanaka, Masahiro",P,27,7,7,0.000,0.000,0.000,0.000,0,0,0,0,0,0,0,0,0,0,0,0,3,0,0,0,0,11215114
2011,Regular Season,Orix Buffaloes,53,"Nonaka, Shingo",PR,12,3,2,0.000,0.000,0.000,0.000,2,0,0,0,0,0,0,0,2,1,0,0,2,0,0,1,0,11215115
2011,Regular Season,Fukuoka Softbank Hawks,60,"Nakamura, Akira",PR,33,52,48,0.167,0.167,0.188,0.355,6,2,8,7,1,0,0,9,4,0,0,0,11,0,0,4,0,11215116
2011,Regular Season,Hokkaido Nippon-Ham Fighters,56,"Nakashima, Takuya",PR,8,1,1,0.000,0.000,0.000,0.000,2,0,0,0,0,0,0,0,1,0,0,0,1,0,0,0,0,11215118
2011,Climax Series - Final Stage,Fukuoka Softbank Hawks,14,"Mahara, Takahiro",P,3,0,0,0.000,0.000,0.000,0.000,0,0,0,0,0,0,0,0,0,0,0,0,0,0,0,0,0,11215119
2011,Japan Series,Fukuoka Softbank Hawks,14,"Mahara, Takahiro",P,4,0,0,0.000,0.000,0.000,0.000,0,0,0,0,0,0,0,0,0,0,0,0,0,0,0,0,0,11215119
2011,Regular Season,Fukuoka Softbank Hawks,14,"Mahara, Takahiro",P,33,0,0,0.000,0.000,0.000,0.000,0,0,0,0,0,0,0,0,0,0,0,0,0,0,0,0,0,11215119
2011,Regular Season,Hiroshima Toyo Carp,69,"Tsurumoto, Yuki",P,4,0,0,0.000,0.000,0.000,0.000,0,0,0,0,0,0,0,0,0,0,0,0,0,0,0,0,0,11215133
2011,Regular Season,Tohoku Rakuten Golden Eagles,1,"Iwamura, Akinori",3B,77,197,175,0.183,0.258,0.217,0.475,9,9,32,26,6,0,0,38,0,0,17,0,41,6,1,3,1,11313884
2011,Regular Season,Fukuoka Softbank Hawks,43,"Egawa, Tomoaki",LF,11,10,9,0.111,0.200,0.444,0.644,1,1,1,0,0,0,1,4,0,0,1,0,8,0,0,0,0,11315110
2011,Regular Season,Hiroshima Toyo Carp,62,"Imai, Keisuke",P,11,6,6,0.333,0.333,0.333,0.666,1,0,2,2,0,0,0,2,0,0,0,0,4,0,0,0,0,11315112
2011,Regular Season,Saitama Seibu Lions,25,"Iwasaki, Tetsuya",P,2,0,0,0.000,0.000,0.000,0.000,0,0,0,0,0,0,0,0,0,0,0,0,0,0,0,0,0,11315114
2011,Climax Series - Final Stage,Tokyo Yakult Swallows,19,"Ishikawa, Masanori",P,1,2,2,0.000,0.000,0.000,0.000,0,0,0,0,0,0,0,0,0,0,0,0,0,0,0,0,0,11315115
2011,Climax Series - First Stage,Tokyo Yakult Swallows,19,"Ishikawa, Masanori",P,1,1,0,0.000,0.000,0.000,0.000,0,0,0,0,0,0,0,0,0,0,0,0,0,0,0,1,0,11315115
2011,Regular Season,Tokyo Yakult Swallows,19,"Ishikawa, Masanori",P,27,58,46,0.109,0.146,0.109,0.255,2,1,5,5,0,0,0,5,0,0,2,0,13,0,0,10,0,11315115
2011,Regular Season,Chiba Lotte Marines,30,"Ito, Yoshihiro",P,50,1,1,0.000,0.000,0.000,0.000,0,0,0,0,0,0,0,0,0,0,0,0,1,0,0,0,0,11315116
2011,Regular Season,Orix Buffaloes,26,"Ihara, Masaki",P,2,0,0,0.000,0.000,0.000,0.000,0,0,0,0,0,0,0,0,0,0,0,0,0,0,0,0,0,11315118
2011,Regular Season,Yomiuri Giants,36,"Nakamura, Micheal",P,7,0,0,0.000,0.000,0.000,0.000,0,0,0,0,0,0,0,0,0,0,0,0,0,0,0,0,0,11415110
2011,Regular Season,Tokyo Yakult Swallows,37,"Fukukawa, Masakazu",PH,10,13,11,0.182,0.308,0.273,0.581,1,1,2,1,1,0,0,3,0,0,2,0,2,0,0,0,0,11415115
2011,Regular Season,Hanshin Tigers,94,"Nohara, Yuya",PH,4,4,4,0.000,0.000,0.000,0.000,0,0,0,0,0,0,0,0,0,0,0,0,1,0,0,0,0,11415118
2011,Regular Season,Orix Buffaloes,68,"Fukae, Masato",RF,29,13,12,0.333,0.333,0.333,0.666,7,0,4,4,0,0,0,4,1,0,0,0,5,0,0,1,0,11415133
2011,Regular Season,Chiba Lotte Marines,46,"Kawagoe, Hidetaka",P,18,0,0,0.000,0.000,0.000,0.000,0,0,0,0,0,0,0,0,0,0,0,0,0,0,0,0,0,11513888
2011,Climax Series - Final Stage,Chunichi Dragons,17,"Kawai, Yudai",P,1,2,2,0.000,0.000,0.000,0.000,0,0,0,0,0,0,0,0,0,0,0,0,1,0,0,0,0,11515110
2011,Japan Series,Chunichi Dragons,17,"Kawai, Yudai",P,1,1,1,0.000,0.000,0.000,0.000,0,0,0,0,0,0,0,0,0,0,0,0,0,0,0,0,0,11515110
2011,Regular Season,Chunichi Dragons,17,"Kawai, Yudai",P,16,23,18,0.056,0.056,0.056,0.112,0,0,1,1,0,0,0,1,0,0,0,0,11,2,0,5,0,11515110
2011,Japan Series,Chunichi Dragons,65,"Oyama, Keiji",C,2,0,0,0.000,0.000,0.000,0.000,0,0,0,0,0,0,0,0,0,1,0,0,0,0,0,0,0,11515112
2011,Regular Season,Chunichi Dragons,65,"Oyama, Keiji",C,51,102,82,0.280,0.394,0.390,0.784,7,10,23,17,4,1,1,32,1,0,16,0,31,0,0,3,1,11515112
2011,Climax Series - Final Stage,Saitama Seibu Lions,0,"Osaki, Yutaro",RF,3,7,6,0.167,0.286,0.167,0.453,0,2,1,1,0,0,0,1,0,0,1,1,0,0,0,0,0,11515114
2011,Climax Series - First Stage,Saitama Seibu Lions,0,"Osaki, Yutaro",RF,2,5,5,0.400,0.400,0.400,0.800,0,0,2,2,0,0,0,2,0,0,0,0,1,0,0,0,0,11515114
2011,Regular Season,Saitama Seibu Lions,0,"Osaki, Yutaro",RF,36,86,72,0.306,0.375,0.361,0.736,7,5,22,18,4,0,0,26,3,0,7,0,8,2,1,6,0,11515114
2011,Regular Season,Hiroshima Toyo Carp,17,"Ohtake, Kan",P,6,9,7,0.286,0.286,0.286,0.572,0,0,2,2,0,0,0,2,0,0,0,0,2,0,0,2,0,11515115
2011,Regular Season,Chunichi Dragons,64,"Oguma, Ryosuke",P,6,0,0,0.000,0.000,0.000,0.000,0,0,0,0,0,0,0,0,0,0,0,0,0,0,0,0,0,11515118
2011,Regular Season,Tokyo Yakult Swallows,17,"Kawashima, Ryo",P,1,0,0,0.000,0.000,0.000,0.000,0,0,0,0,0,0,0,0,0,0,0,0,0,0,0,0,0,11515119
2011,Regular Season,Chunichi Dragons,22,"Ohno, Yudai",P,1,1,1,1.000,1.000,1.000,2.000,0,0,1,1,0,0,0,1,0,0,0,0,0,0,0,0,0,11515133
2011,Regular Season,Tokyo Yakult Swallows,51,"Yamagishi, Minoru",P,1,0,0,0.000,0.000,0.000,0.000,0,0,0,0,0,0,0,0,0,0,0,0,0,0,0,0,0,11615110
2011,Climax Series - Final Stage,Tokyo Yakult Swallows,44,"Matsui, Kosuke",P,2,0,0,0.000,0.000,0.000,0.000,0,0,0,0,0,0,0,0,0,0,0,0,0,0,0,0,0,11615112
2011,Climax Series - First Stage,Tokyo Yakult Swallows,44,"Matsui, Kosuke",P,1,0,0,0.000,0.000,0.000,0.000,0,0,0,0,0,0,0,0,0,0,0,0,0,0,0,0,0,11615112
2011,Regular Season,Tokyo Yakult Swallows,44,"Matsui, Kosuke",P,27,3,3,0.000,0.000,0.000,0.000,0,0,0,0,0,0,0,0,0,0,0,0,0,0,0,0,0,11615112
2011,Climax Series - Final Stage,Fukuoka Softbank Hawks,37,"Fukuda, Shuhei",RF,2,1,1,1.000,1.000,2.000,3.000,2,0,1,0,1,0,0,2,0,0,0,0,0,0,0,0,0,11615114
2011,Japan Series,Fukuoka Softbank Hawks,37,"Fukuda, Shuhei",RF,3,7,6,0.000,0.000,0.000,0.000,0,0,0,0,0,0,0,0,0,1,0,0,3,0,0,1,0,11615114
2011,Regular Season,Fukuoka Softbank Hawks,37,"Fukuda, Shuhei",RF,97,244,218,0.252,0.281,0.326,0.607,30,22,55,44,7,3,1,71,22,2,4,0,48,1,5,16,1,11615114
2011,Regular Season,Hokkaido Nippon-Ham Fighters,51,"Murata, Kazuya",LF,52,23,22,0.318,0.318,0.318,0.636,10,1,7,7,0,0,0,7,4,2,0,0,6,0,0,1,0,11615116
2011,Climax Series - Final Stage,Tokyo Yakult Swallows,68,"Morioka, Ryosuke",SS,5,13,11,0.091,0.231,0.091,0.322,1,1,1,1,0,0,0,1,0,0,2,1,2,0,0,0,0,11615117
2011,Climax Series - First Stage,Tokyo Yakult Swallows,68,"Morioka, Ryosuke",SS,3,10,9,0.444,0.444,0.556,1.000,2,1,4,3,1,0,0,5,0,0,0,0,0,0,0,1,0,11615117
2011,Regular Season,Tokyo Yakult Swallows,68,"Morioka, Ryosuke",SS,52,97,86,0.256,0.326,0.279,0.605,6,6,22,20,2,0,0,24,0,0,8,0,20,1,1,2,0,11615117
2011,Regular Season,Yokohama BayStars,36,"Hosoyamada, Takeshi",C,84,157,130,0.208,0.278,0.254,0.532,5,11,27,23,3,0,1,33,0,0,8,1,54,1,5,13,1,11615118
2011,Climax Series - Final Stage,Tokyo Yakult Swallows,20,"Yamamoto, Tetsuya",P,1,0,0,0.000,0.000,0.000,0.000,0,0,0,0,0,0,0,0,0,0,0,0,0,0,0,0,0,11615131
2011,Regular Season,Tokyo Yakult Swallows,20,"Yamamoto, Tetsuya",P,9,0,0,0.000,0.000,0.000,0.000,0,0,0,0,0,0,0,0,0,0,0,0,0,0,0,0,0,11615131
2011,Regular Season,Hanshin Tigers,99,"Kano, Keisuke",LF,10,14,12,0.167,0.231,0.250,0.481,1,3,2,1,1,0,0,3,0,1,0,0,3,0,1,1,0,11715113
2011,Regular Season,Yokohama BayStars,54,"Kosugi, Yota",P,5,2,2,0.000,0.000,0.000,0.000,0,0,0,0,0,0,0,0,0,0,0,0,2,0,0,0,0,11715118
2011,Japan Series,Fukuoka Softbank Hawks,34,"Yamada, Hiroki",P,1,2,2,0.000,0.000,0.000,0.000,0,0,0,0,0,0,0,0,0,0,0,0,2,0,0,0,0,11815114
2011,Regular Season,Fukuoka Softbank Hawks,34,"Yamada, Hiroki",P,17,5,4,0.250,0.400,0.250,0.650,1,1,1,1,0,0,0,1,0,0,1,0,3,0,0,0,0,11815114
2011,Climax Series - Final Stage,Tokyo Yakult Swallows,12,"Imu, Chanyon",P,2,0,0,0.000,0.000,0.000,0.000,0,0,0,0,0,0,0,0,0,0,0,0,0,0,0,0,0,11815116
2011,Climax Series - First Stage,Tokyo Yakult Swallows,12,"Imu, Chanyon",P,2,0,0,0.000,0.000,0.000,0.000,0,0,0,0,0,0,0,0,0,0,0,0,0,0,0,0,0,11815116
2011,Regular Season,Tokyo Yakult Swallows,12,"Imu, Chanyon",P,65,0,0,0.000,0.000,0.000,0.000,0,0,0,0,0,0,0,0,0,0,0,0,0,0,0,0,0,11815116
2011,Climax Series - Final Stage,Fukuoka Softbank Hawks,21,"Wada, Tsuyoshi",P,1,0,0,0.000,0.000,0.000,0.000,0,0,0,0,0,0,0,0,0,0,0,0,0,0,0,0,0,11815117
2011,Japan Series,Fukuoka Softbank Hawks,21,"Wada, Tsuyoshi",P,2,0,0,0.000,0.000,0.000,0.000,0,0,0,0,0,0,0,0,0,0,0,0,0,0,0,0,0,11815117
2011,Regular Season,Fukuoka Softbank Hawks,21,"Wada, Tsuyoshi",P,26,5,5,0.000,0.000,0.000,0.000,0,0,0,0,0,0,0,0,0,0,0,0,3,0,0,0,0,11815117
2011,Regular Season,Hiroshima Toyo Carp,91,"Alvarado, Giancarlo",P,19,28,24,0.125,0.125,0.125,0.250,0,0,3,3,0,0,0,3,0,0,0,0,9,3,0,4,0,11815131
2011,Climax Series - First Stage,Hokkaido Nippon-Ham Fighters,3,"Tanaka, Kensuke",2B,2,9,8,0.125,0.222,0.250,0.472,1,0,1,0,1,0,0,2,0,0,1,0,0,1,0,0,0,11915111
2011,Regular Season,Hokkaido Nippon-Ham Fighters,3,"Tanaka, Kensuke",2B,49,220,200,0.290,0.344,0.345,0.689,25,10,58,50,6,1,1,69,8,3,17,0,21,1,0,2,1,11915111
2011,Regular Season,Hanshin Tigers,29,"Kojima, Tatsuya",P,36,8,6,0.000,0.000,0.000,0.000,0,0,0,0,0,0,0,0,0,0,0,0,2,0,0,2,0,11915114
2011,Regular Season,Hiroshima Toyo Carp,14,"Shinoda, Junpei",P,18,33,24,0.167,0.259,0.167,0.426,2,0,4,4,0,0,0,4,0,0,3,0,3,2,0,6,0,11915116
2011,Regular Season,Saitama Seibu Lions,6,"Goto, Taketoshi",PH,24,37,33,0.152,0.243,0.212,0.455,0,1,5,3,2,0,0,7,0,0,4,0,13,0,0,0,0,11915117
2011,Regular Season,Chiba Lotte Marines,41,"Kobayashi, Atsushi",P,10,0,0,0.000,0.000,0.000,0.000,0,0,0,0,0,0,0,0,0,0,0,0,0,0,0,0,0,11915133
2011,Climax Series - First Stage,Yomiuri Giants,23,"Wakiya, Ryota",2B,1,0,0,0.000,0.000,0.000,0.000,0,0,0,0,0,0,0,0,0,0,0,0,0,0,0,0,0,13115112
2011,Regular Season,Yomiuri Giants,23,"Wakiya, Ryota",2B,53,167,154,0.175,0.215,0.221,0.436,12,10,27,22,3,2,0,34,7,2,6,1,24,0,2,4,1,13115112
2011,Regular Season,Chunichi Dragons,45,"Guzman, Joel",RF,73,251,238,0.181,0.219,0.298,0.517,15,15,43,29,7,0,7,71,0,0,9,0,81,7,3,0,1,13115133
2011,Climax Series - Final Stage,Tokyo Yakult Swallows,4,"Balentien, Wladimir",RF,5,18,17,0.294,0.333,0.294,0.627,1,0,5,5,0,0,0,5,0,0,1,0,6,1,0,0,0,13315133
2011,Climax Series - First Stage,Tokyo Yakult Swallows,4,"Balentien, Wladimir",RF,3,9,7,0.143,0.333,0.143,0.476,1,1,1,1,0,0,0,1,0,0,2,0,3,0,0,0,0,13315133
2011,Regular Season,Tokyo Yakult Swallows,4,"Balentien, Wladimir",RF,140,555,486,0.228,0.314,0.469,0.783,63,76,111,57,22,1,31,228,3,1,61,6,131,15,2,0,6,13315133
2011,Regular Season,Hanshin Tigers,40,"Zen, Kaiun",P,3,3,3,0.333,0.333,0.667,1.000,1,0,1,0,1,0,0,2,0,0,0,0,0,1,0,0,0,13515118
2011,Regular Season,Yomiuri Giants,33,"Ryal, Rusty",3B,33,101,96,0.198,0.238,0.240,0.478,6,4,19,15,4,0,0,23,0,1,4,0,31,2,1,0,0,13515133
2011,Regular Season,Fukuoka Softbank Hawks,93,"Brazoban, Yhency",P,15,0,0,0.000,0.000,0.000,0.000,0,0,0,0,0,0,0,0,0,0,0,0,0,0,0,0,0,13915133
2011,Regular Season,Yokohama BayStars,99,"Nakamura, Norihiro",PH,62,126,115,0.209,0.262,0.278,0.540,6,14,24,19,3,1,1,32,0,1,9,0,27,1,0,0,2,21023885
2011,Regular Season,Chiba Lotte Marines,23,"Heiuchi, Hisao",1B,35,50,45,0.178,0.213,0.222,0.435,4,2,8,6,2,0,0,10,0,0,2,0,11,0,0,3,0,21025111
2011,Regular Season,Yomiuri Giants,61,"Nakai, Daisuke",1B,2,2,2,0.000,0.000,0.000,0.000,0,0,0,0,0,0,0,0,0,0,0,0,1,0,0,0,0,21025116
2011,Regular Season,Fukuoka Softbank Hawks,35,"Doue, Hayato",PH,1,1,1,0.000,0.000,0.000,0.000,1,0,0,0,0,0,0,0,0,0,0,0,0,0,0,0,0,21025118
2011,Regular Season,Hokkaido Nippon-Ham Fighters,36,"Nakamura, Masaru",P,2,0,0,0.000,0.000,0.000,0.000,0,0,0,0,0,0,0,0,0,0,0,0,0,0,0,0,0,21025131
2011,Regular Season,Hiroshima Toyo Carp,0,"Io, Takamitsu",RF,42,95,82,0.256,0.322,0.366,0.688,7,7,21,14,6,0,1,30,0,0,5,0,11,2,3,5,0,21123888
2011,Regular Season,Tokyo Yakult Swallows,43,"Ichiba, Yasuhiro",P,5,0,0,0.000,0.000,0.000,0.000,0,0,0,0,0,0,0,0,0,0,0,0,0,0,0,0,0,21125110
2011,Climax Series - First Stage,Yomiuri Giants,10,"Abe, Shinnosuke",C,3,12,9,0.333,0.500,0.667,1.167,2,1,3,2,0,0,1,6,0,0,3,0,2,0,0,0,0,21125113
2011,Regular Season,Yomiuri Giants,10,"Abe, Shinnosuke",C,114,437,390,0.292,0.363,0.500,0.863,45,61,114,73,21,0,20,195,1,1,35,2,66,12,9,2,1,21125113
2011,Regular Season,Hokkaido Nippon-Ham Fighters,20,"Itokazu, Keisaku",P,5,0,0,0.000,0.000,0.000,0.000,0,0,0,0,0,0,0,0,0,0,0,0,0,0,0,0,0,21125114
2011,Regular Season,Tohoku Rakuten Golden Eagles,26,"Arime, Kanehisa",P,18,0,0,0.000,0.000,0.000,0.000,0,0,0,0,0,0,0,0,0,0,0,0,0,0,0,0,0,21125115
2011,Regular Season,Chunichi Dragons,18,"Itoh, Junki",P,9,14,13,0.077,0.077,0.077,0.154,0,0,1,1,0,0,0,1,0,0,0,0,11,0,0,1,0,21125118
2011,Regular Season,Hokkaido Nippon-Ham Fighters,40,"Iwadate, Manabu",PR,6,3,3,0.333,0.333,0.333,0.666,1,1,1,1,0,0,0,1,0,0,0,0,0,0,0,0,0,21125119
2011,Climax Series - Final Stage,Chunichi Dragons,30,"Morino, Masahiko",3B,5,21,21,0.190,0.190,0.381,0.571,2,3,4,2,1,0,1,8,0,0,0,0,2,0,0,0,0,21223884
2011,Japan Series,Chunichi Dragons,30,"Morino, Masahiko",3B,7,29,29,0.138,0.138,0.172,0.310,1,1,4,3,1,0,0,5,0,0,0,0,9,0,0,0,0,21223884
2011,Regular Season,Chunichi Dragons,30,"Morino, Masahiko",3B,142,595,508,0.232,0.321,0.329,0.650,46,45,118,89,19,0,10,167,0,0,64,1,89,9,5,13,5,21223884
2011,Climax Series - First Stage,Yomiuri Giants,51,"Furuki, Shigeyuki",3B,3,10,9,0.444,0.500,0.556,1.056,1,0,4,3,1,0,0,5,0,0,1,0,2,0,0,0,0,21223886
2011,Regular Season,Yomiuri Giants,51,"Furuki, Shigeyuki",3B,74,157,134,0.246,0.329,0.306,0.635,12,12,33,28,3,1,1,41,1,0,11,3,29,1,6,5,1,21223886
2011,Regular Season,Yokohama BayStars,23,"Fujita, Kazuya",2B,96,208,188,0.303,0.361,0.372,0.733,16,15,57,47,8,1,1,70,0,0,10,0,20,3,7,3,0,21225110
2011,Climax Series - Final Stage,Tokyo Yakult Swallows,10,"Fujimoto, Atsushi",PH,3,3,3,0.333,0.333,0.333,0.666,0,0,1,1,0,0,0,1,0,0,0,0,1,0,0,0,0,21225113
2011,Climax Series - First Stage,Tokyo Yakult Swallows,10,"Fujimoto, Atsushi",PH,2,1,1,1.000,1.000,1.000,2.000,0,1,1,1,0,0,0,1,0,0,0,0,0,0,0,0,0,21225113
2011,Regular Season,Tokyo Yakult Swallows,10,"Fujimoto, Atsushi",PH,23,48,44,0.205,0.271,0.364,0.635,5,6,9,5,2,1,1,16,0,1,4,0,7,0,0,0,0,21225113
2011,Regular Season,Tohoku Rakuten Golden Eagles,30,"Nagai, Satoshi",P,16,4,4,0.250,0.250,0.250,0.500,0,0,1,1,0,0,0,1,0,0,0,0,0,0,0,0,0,21225114
2011,Japan Series,Chunichi Dragons,61,"Hisamoto, Yuichi",P,1,0,0,0.000,0.000,0.000,0.000,0,0,0,0,0,0,0,0,0,0,0,0,0,0,0,0,0,21225115
2011,Regular Season,Chunichi Dragons,61,"Hisamoto, Yuichi",P,10,3,2,0.000,0.000,0.000,0.000,0,0,0,0,0,0,0,0,0,0,0,0,2,0,0,1,0,21225115
2011,Regular Season,Chiba Lotte Marines,20,"Hattori, Yasutaka",P,5,0,0,0.000,0.000,0.000,0.000,0,0,0,0,0,0,0,0,0,0,0,0,0,0,0,0,0,21225116
2011,Regular Season,Tohoku Rakuten Golden Eagles,8,"Nakashima, Toshiya",LF,43,82,72,0.194,0.227,0.319,0.546,8,6,14,9,3,0,2,23,1,0,2,0,13,0,1,7,0,21225117
2011,Regular Season,Hanshin Tigers,43,"Nishimura, Ken",P,22,1,1,0.000,0.000,0.000,0.000,0,0,0,0,0,0,0,0,0,0,0,0,0,0,0,0,0,21225118
2011,Regular Season,Yomiuri Giants,95,"Hoshino, Masumi",P,3,0,0,0.000,0.000,0.000,0.000,0,0,0,0,0,0,0,0,0,0,0,0,0,0,0,0,0,21225131
2011,Climax Series - Final Stage,Chunichi Dragons,60,"Kawahara, Junichi",P,1,0,0,0.000,0.000,0.000,0.000,0,0,0,0,0,0,0,0,0,0,0,0,0,0,0,0,0,21323880
2011,Japan Series,Chunichi Dragons,60,"Kawahara, Junichi",P,2,0,0,0.000,0.000,0.000,0.000,0,0,0,0,0,0,0,0,0,0,0,0,0,0,0,0,0,21323880
2011,Regular Season,Chunichi Dragons,60,"Kawahara, Junichi",P,30,0,0,0.000,0.000,0.000,0.000,0,0,0,0,0,0,0,0,0,0,0,0,0,0,0,0,0,21323880
2011,Climax Series - First Stage,Yomiuri Giants,2,"Ogasawara, Michihiro",1B,3,12,12,0.250,0.250,0.500,0.750,1,1,3,2,0,0,1,6,0,0,0,0,4,0,0,0,0,21323884
2011,Regular Season,Yomiuri Giants,2,"Ogasawara, Michihiro",1B,83,314,281,0.242,0.315,0.338,0.653,21,20,68,51,12,0,5,95,1,3,27,1,66,4,4,0,2,21323884
2011,Regular Season,Hiroshima Toyo Carp,36,"Kikuchihara, Tsuyoshi",P,5,0,0,0.000,0.000,0.000,0.000,0,0,0,0,0,0,0,0,0,0,0,0,0,0,0,0,0,21323887
2011,Regular Season,Yomiuri Giants,40,"Kato, Ken",C,21,39,33,0.152,0.263,0.273,0.536,1,5,5,3,1,0,1,9,0,0,5,3,10,3,0,1,0,21323888
2011,Climax Series - First Stage,Hokkaido Nippon-Ham Fighters,8,"Kaneko, Makoto",SS,2,6,6,0.167,0.167,0.167,0.334,0,0,1,1,0,0,0,1,0,0,0,0,1,0,0,0,0,21323889
2011,Regular Season,Hokkaido Nippon-Ham Fighters,8,"Kaneko, Makoto",SS,98,279,256,0.234,0.266,0.305,0.571,18,20,60,49,7,1,3,78,0,1,11,0,49,5,0,12,0,21323889
2011,Climax Series - Final Stage,Fukuoka Softbank Hawks,24,"Uchikawa, Seiichi",LF,3,13,11,0.455,0.538,0.818,1.356,0,3,5,2,2,1,0,9,0,0,2,1,0,0,0,0,0,21325113
2011,Japan Series,Fukuoka Softbank Hawks,24,"Uchikawa, Seiichi",LF,7,30,30,0.233,0.233,0.233,0.466,1,2,7,7,0,0,0,7,0,0,0,0,3,0,0,0,0,21325113
2011,Regular Season,Fukuoka Softbank Hawks,24,"Uchikawa, Seiichi",LF,114,463,429,0.338,0.371,0.485,0.856,48,74,145,109,21,3,12,208,4,0,25,1,48,3,2,0,7,21325113
2011,Regular Season,Hokkaido Nippon-Ham Fighters,35,"Enoshita, Yodai",P,1,0,0,0.000,0.000,0.000,0.000,0,0,0,0,0,0,0,0,0,0,0,0,0,0,0,0,0,21325133
2011,Regular Season,Saitama Seibu Lions,36,"Yoneno, Tomohito",PR,3,0,0,0.000,0.000,0.000,0.000,1,0,0,0,0,0,0,0,0,0,0,0,0,0,0,0,0,21425111
2011,Regular Season,Chiba Lotte Marines,59,"Hosoya, Kei",SS,22,60,58,0.121,0.136,0.276,0.412,2,5,7,3,1,1,2,16,0,0,1,0,28,2,0,1,0,21425112
2011,Climax Series - Final Stage,Fukuoka Softbank Hawks,30,"Hasegawa, Yuya",CF,3,12,11,0.545,0.583,0.636,1.219,2,2,6,5,1,0,0,7,0,0,0,0,4,0,1,0,0,21425114
2011,Japan Series,Fukuoka Softbank Hawks,30,"Hasegawa, Yuya",CF,7,27,22,0.273,0.360,0.318,0.678,2,1,6,5,1,0,0,7,0,1,3,2,6,0,0,2,0,21425114
2011,Regular Season,Fukuoka Softbank Hawks,30,"Hasegawa, Yuya",CF,125,455,392,0.293,0.379,0.388,0.767,51,34,115,87,23,1,4,152,13,1,47,3,87,2,8,6,2,21425114
2011,Regular Season,Hiroshima Toyo Carp,63,"Maru, Yoshihiro",CF,131,495,435,0.241,0.319,0.359,0.678,48,50,105,76,16,4,9,156,9,6,44,1,105,2,6,9,1,21425116
2011,Regular Season,Hiroshima Toyo Carp,45,"Matsumoto, Takaaki",PH,38,63,52,0.212,0.295,0.269,0.564,9,5,11,8,3,0,0,14,1,0,4,1,12,1,3,2,2,21425117
2011,Regular Season,Yokohama BayStars,34,"Shinohara, Takayuki",P,67,0,0,0.000,0.000,0.000,0.000,0,0,0,0,0,0,0,0,0,0,0,0,0,0,0,0,0,21523886
2011,Climax Series - Final Stage,Chunichi Dragons,7,"Saeki, Takahiro",PH,3,3,2,0.000,0.333,0.000,0.333,0,0,0,0,0,0,0,0,0,0,1,0,0,0,0,0,0,21523887
2011,Japan Series,Chunichi Dragons,7,"Saeki, Takahiro",PH,1,1,0,0.000,1.000,0.000,1.000,0,0,0,0,0,0,0,0,0,0,1,0,0,0,0,0,0,21523887
2011,Regular Season,Chunichi Dragons,7,"Saeki, Takahiro",PH,64,118,109,0.202,0.243,0.284,0.527,4,6,22,16,4,1,1,31,0,0,5,0,22,3,1,3,0,21523887
2011,Climax Series - Final Stage,Chunichi Dragons,44,"Koike, Masaaki",PH,2,1,0,0.000,0.000,0.000,0.000,0,0,0,0,0,0,0,0,0,1,0,0,0,0,0,1,0,21523888
2011,Japan Series,Chunichi Dragons,44,"Koike, Masaaki",PH,5,12,11,0.182,0.182,0.455,0.637,1,1,2,1,0,0,1,5,0,0,0,0,4,0,0,1,0,21523888
2011,Regular Season,Chunichi Dragons,44,"Koike, Masaaki",PH,73,150,127,0.268,0.345,0.465,0.810,12,21,34,20,8,1,5,59,0,0,12,2,32,6,3,8,0,21523888
2011,Regular Season,Hanshin Tigers,63,"Kato, Kosuke",P,4,0,0,0.000,0.000,0.000,0.000,0,0,0,0,0,0,0,0,0,0,0,0,0,0,0,0,0,21525113
2011,Regular Season,Fukuoka Softbank Hawks,38,"Kamiuchi, Yasushi",P,2,0,0,0.000,0.000,0.000,0.000,0,0,0,0,0,0,0,0,0,0,0,0,0,0,0,0,0,21525115
2011,Regular Season,Chiba Lotte Marines,19,"Karakawa, Yuki",P,24,5,5,0.000,0.000,0.000,0.000,0,0,0,0,0,0,0,0,0,0,0,0,5,0,0,0,0,21525116
2011,Regular Season,Fukuoka Softbank Hawks,61,"Kimu, Muyon",P,9,0,0,0.000,0.000,0.000,0.000,0,0,0,0,0,0,0,0,0,0,0,0,0,0,0,0,0,21525118
2011,Regular Season,Yokohama BayStars,16,"Kaga, Shigeru",P,29,14,13,0.154,0.154,0.154,0.308,0,0,2,2,0,0,0,2,0,0,0,0,5,0,0,1,0,21525131
2011,Climax Series - Final Stage,Tokyo Yakult Swallows,15,"Muranaka, Kyohei",P,1,2,2,0.000,0.000,0.000,0.000,0,0,0,0,0,0,0,0,0,0,0,0,2,0,0,0,0,21625112
2011,Climax Series - First Stage,Tokyo Yakult Swallows,15,"Muranaka, Kyohei",P,2,1,0,0.000,0.000,0.000,0.000,0,0,0,0,0,0,0,0,0,0,0,0,0,0,0,1,0,21625112
2011,Regular Season,Tokyo Yakult Swallows,15,"Muranaka, Kyohei",P,15,29,26,0.077,0.077,0.077,0.154,0,0,2,2,0,0,0,2,0,0,0,0,12,0,0,3,0,21625112
2011,Regular Season,Hiroshima Toyo Carp,59,"Yamamoto, Yoshihiko",PH,17,27,27,0.333,0.333,0.370,0.703,0,2,9,8,1,0,0,10,0,0,0,0,4,1,0,0,0,21625115
2011,Regular Season,Chunichi Dragons,26,"Yamauchi, Soma",P,11,20,15,0.000,0.063,0.000,0.063,0,0,0,0,0,0,0,0,0,0,1,0,6,0,0,4,0,21625116
2011,Climax Series - Final Stage,Chunichi Dragons,21,"Chen, Wei-Yin",P,1,2,2,0.000,0.000,0.000,0.000,0,0,0,0,0,0,0,0,0,0,0,0,1,0,0,0,0,21625119
2011,Japan Series,Chunichi Dragons,21,"Chen, Wei-Yin",P,2,2,2,0.000,0.000,0.000,0.000,0,0,0,0,0,0,0,0,0,0,0,0,2,0,0,0,0,21625119
2011,Regular Season,Chunichi Dragons,21,"Chen, Wei-Yin",P,25,48,44,0.023,0.044,0.023,0.067,1,0,1,1,0,0,0,1,0,0,1,0,21,2,0,3,0,21625119
2011,Regular Season,Chiba Lotte Marines,52,"Kimu, Tegyun",1B,31,119,104,0.250,0.336,0.327,0.663,7,14,26,20,5,0,1,34,0,0,12,0,23,4,2,0,1,21625131
2011,Regular Season,Yomiuri Giants,43,"Tsuruoka, Kazunari",C,34,63,55,0.218,0.283,0.236,0.519,6,1,12,11,1,0,0,13,0,0,4,1,9,0,1,3,0,21723882
2011,Regular Season,Yokohama BayStars,59,"Kurobane, Toshiki",C,45,114,97,0.175,0.259,0.237,0.496,5,5,17,13,3,0,1,23,0,0,11,2,27,3,0,6,0,21725112
2011,Climax Series - Final Stage,Saitama Seibu Lions,65,"Saito, Shogo",PR,3,1,1,0.000,0.000,0.000,0.000,0,0,0,0,0,0,0,0,1,0,0,0,1,0,0,0,0,21725116
2011,Climax Series - First Stage,Saitama Seibu Lions,65,"Saito, Shogo",PR,2,0,0,0.000,0.000,0.000,0.000,2,0,0,0,0,0,0,0,0,0,0,0,0,0,0,0,0,21725116
2011,Regular Season,Saitama Seibu Lions,65,"Saito, Shogo",PR,36,9,8,0.250,0.333,0.250,0.583,10,1,2,2,0,0,0,2,6,2,1,0,2,0,0,0,0,21725116
2011,Climax Series - First Stage,Yomiuri Giants,11,"Kubo, Yuya",P,1,1,1,0.000,0.000,0.000,0.000,0,0,0,0,0,0,0,0,0,0,0,0,1,0,0,0,0,21725117
2011,Regular Season,Yomiuri Giants,11,"Kubo, Yuya",P,67,1,1,0.000,0.000,0.000,0.000,0,0,0,0,0,0,0,0,0,0,0,0,1,0,0,0,0,21725117
2011,Regular Season,Hanshin Tigers,00,"Shibata, Kohei",CF,104,218,188,0.271,0.313,0.330,0.643,27,9,51,43,5,3,0,62,7,2,12,0,31,2,0,17,1,21725118
2011,Climax Series - Final Stage,Saitama Seibu Lions,58,"Kumashiro, Masato",RF,1,3,2,0.000,0.000,0.000,0.000,0,0,0,0,0,0,0,0,0,0,0,0,2,0,0,1,0,21725133
2011,Climax Series - First Stage,Saitama Seibu Lions,58,"Kumashiro, Masato",RF,1,0,0,0.000,0.000,0.000,0.000,0,0,0,0,0,0,0,0,0,0,0,0,0,0,0,0,0,21725133
2011,Regular Season,Saitama Seibu Lions,58,"Kumashiro, Masato",RF,81,77,64,0.250,0.315,0.266,0.581,6,8,16,15,1,0,0,17,2,0,6,0,20,0,1,4,2,21725133
2011,Regular Season,Tokyo Yakult Swallows,31,"Matsumoto, Yuichi",PH,51,63,57,0.193,0.270,0.281,0.551,2,8,11,8,2,0,1,16,0,0,6,0,8,2,0,0,0,21823888
2011,Climax Series - First Stage,Hokkaido Nippon-Ham Fighters,24,"Yoh, Daikan",RF,2,9,9,0.222,0.222,0.222,0.444,0,0,2,2,0,0,0,2,2,0,0,0,2,0,0,0,0,21825112
2011,Regular Season,Hokkaido Nippon-Ham Fighters,24,"Yoh, Daikan",RF,141,603,537,0.274,0.308,0.365,0.673,66,36,147,114,23,4,6,196,19,2,22,0,134,5,5,38,1,21825112
2011,Regular Season,Hiroshima Toyo Carp,70,"Schultz, Mike",P,19,0,0,0.000,0.000,0.000,0.000,0,0,0,0,0,0,0,0,0,0,0,0,0,0,0,0,0,21825116
2011,Regular Season,Hiroshima Toyo Carp,2,"Higashide, Akihiro",2B,137,601,543,0.278,0.324,0.320,0.644,60,27,151,131,17,3,0,174,8,6,35,0,71,7,3,18,2,21923888
2011,Regular Season,Chiba Lotte Marines,9,"Fukura, Kazuya",DH,116,405,358,0.223,0.297,0.285,0.582,22,43,80,64,13,0,3,102,0,0,37,3,72,11,3,1,6,21923889
2011,Climax Series - Final Stage,Tokyo Yakult Swallows,7,"Tanaka, Hiroyasu",2B,5,12,10,0.100,0.182,0.100,0.282,0,0,1,1,0,0,0,1,0,0,1,1,4,1,0,1,0,21925110
2011,Climax Series - First Stage,Tokyo Yakult Swallows,7,"Tanaka, Hiroyasu",2B,3,12,12,0.250,0.250,0.250,0.500,2,0,3,3,0,0,0,3,0,0,0,0,2,0,0,0,0,21925110
2011,Regular Season,Tokyo Yakult Swallows,7,"Tanaka, Hiroyasu",2B,142,619,511,0.252,0.309,0.292,0.601,57,40,129,113,13,2,1,149,2,3,40,0,63,9,3,62,3,21925110
2011,Regular Season,Hiroshima Toyo Carp,6,"Soyogi, Eishin",SS,52,232,192,0.214,0.303,0.302,0.605,34,11,41,30,7,2,2,58,8,4,23,0,34,2,2,14,1,21925112
2011,Regular Season,Chiba Lotte Marines,00,"Takahama, Takuya",SS,19,56,48,0.208,0.224,0.229,0.453,4,0,10,9,1,0,0,11,0,0,1,0,21,0,0,7,0,21925116
2011,Regular Season,Orix Buffaloes,9,"Sakaguchi, Tomotaka",CF,144,651,590,0.297,0.359,0.369,0.728,84,45,175,145,20,7,3,218,5,5,54,2,77,11,4,2,1,21925117
2011,Regular Season,Hanshin Tigers,1,"Toritani, Takashi",SS,144,590,500,0.300,0.395,0.414,0.809,71,51,150,110,28,7,5,207,16,3,78,0,72,10,4,3,5,21925119
2011,Regular Season,Tohoku Rakuten Golden Eagles,40,"Tsuchiya, Tomohiro",P,6,0,0,0.000,0.000,0.000,0.000,0,0,0,0,0,0,0,0,0,0,0,0,0,0,0,0,0,21925131
2011,Climax Series - Final Stage,Chunichi Dragons,42,"Blanco, Tony",1B,5,20,19,0.211,0.250,0.368,0.618,3,2,4,3,0,0,1,7,0,0,1,0,4,0,0,0,0,23125118
2011,Japan Series,Chunichi Dragons,42,"Blanco, Tony",1B,7,29,24,0.250,0.379,0.333,0.712,1,0,6,4,2,0,0,8,0,0,5,0,10,0,0,0,0,23125118
2011,Regular Season,Chunichi Dragons,42,"Blanco, Tony",1B,78,318,278,0.248,0.327,0.475,0.802,39,48,69,39,13,1,16,132,0,0,30,1,68,6,5,0,5,23125118
2011,Regular Season,Hiroshima Toyo Carp,43,"Tracy, Chad",3B,40,164,149,0.235,0.293,0.336,0.629,10,19,35,22,12,0,1,50,0,0,11,0,34,7,2,0,2,23125133
2011,Regular Season,Chiba Lotte Marines,44,"Penn, Hayden",P,4,0,0,0.000,0.000,0.000,0.000,0,0,0,0,0,0,0,0,0,0,0,0,0,0,0,0,0,23325131
2011,Regular Season,Hokkaido Nippon-Ham Fighters,12,"Obispo, Wirfin",P,2,0,0,0.000,0.000,0.000,0.000,0,0,0,0,0,0,0,0,0,0,0,0,0,0,0,0,0,23525114
2011,Regular Season,Yomiuri Giants,25,"Fields, Josh",3B,40,116,109,0.202,0.241,0.312,0.553,9,9,22,15,4,1,2,34,0,0,4,0,32,2,2,0,1,23725133
2011,Climax Series - First Stage,Yomiuri Giants,17,"Tono, Shun",P,2,0,0,0.000,0.000,0.000,0.000,0,0,0,0,0,0,0,0,0,0,0,0,0,0,0,0,0,31035110
2011,Regular Season,Yomiuri Giants,17,"Tono, Shun",P,32,46,43,0.070,0.070,0.140,0.210,1,1,3,2,0,0,1,6,0,0,0,0,17,1,0,3,0,31035110
2011,Climax Series - Final Stage,Tokyo Yakult Swallows,8,"Takeuchi, Shinichi",1B,1,1,1,0.000,0.000,0.000,0.000,0,0,0,0,0,0,0,0,0,0,0,0,0,0,0,0,0,31035112
2011,Climax Series - First Stage,Tokyo Yakult Swallows,8,"Takeuchi, Shinichi",1B,1,0,0,0.000,0.000,0.000,0.000,0,0,0,0,0,0,0,0,0,0,0,0,0,0,0,0,0,31035112
2011,Regular Season,Tokyo Yakult Swallows,8,"Takeuchi, Shinichi",1B,73,118,102,0.216,0.281,0.353,0.634,10,11,22,14,4,2,2,36,0,0,9,0,27,2,1,4,2,31035112
2011,Regular Season,Tohoku Rakuten Golden Eagles,46,"Tsuchiya, Teppei",RF,91,332,294,0.228,0.282,0.272,0.554,25,17,67,58,6,2,1,80,5,8,17,0,42,1,7,9,5,31035113
2011,Regular Season,Orix Buffaloes,36,"Shimoyama, Shinji",RF,14,32,27,0.333,0.379,0.444,0.823,3,0,9,6,3,0,0,12,0,0,1,0,9,3,1,3,0,31035117
2011,Regular Season,Hokkaido Nippon-Ham Fighters,48,"Tanimoto, Keisuke",P,47,0,0,0.000,0.000,0.000,0.000,0,0,0,0,0,0,0,0,0,0,0,0,0,0,0,0,0,31035118
2011,Climax Series - First Stage,Yomiuri Giants,35,"Nishimura, Kentaro",P,2,0,0,0.000,0.000,0.000,0.000,0,0,0,0,0,0,0,0,0,0,0,0,0,0,0,0,0,31035119
2011,Regular Season,Yomiuri Giants,35,"Nishimura, Kentaro",P,38,32,29,0.103,0.103,0.138,0.241,0,3,3,2,1,0,0,4,0,0,0,0,19,0,0,3,0,31035119
2011,Regular Season,Tokyo Yakult Swallows,42,"Shichijo, Yuki",P,10,17,14,0.143,0.143,0.143,0.286,0,1,2,2,0,0,0,2,0,0,0,0,6,0,0,3,0,31035133
2011,Climax Series - Final Stage,Saitama Seibu Lions,16,"Ishii, Kazuhisa",P,2,0,0,0.000,0.000,0.000,0.000,0,0,0,0,0,0,0,0,0,0,0,0,0,0,0,0,0,31133885
2011,Climax Series - First Stage,Saitama Seibu Lions,16,"Ishii, Kazuhisa",P,1,0,0,0.000,0.000,0.000,0.000,0,0,0,0,0,0,0,0,0,0,0,0,0,0,0,0,0,31133885
2011,Regular Season,Saitama Seibu Lions,16,"Ishii, Kazuhisa",P,23,0,0,0.000,0.000,0.000,0.000,0,0,0,0,0,0,0,0,0,0,0,0,0,0,0,0,0,31133885
2011,Regular Season,Hiroshima Toyo Carp,65,"Aizawa, Toshiaki",P,2,0,0,0.000,0.000,0.000,0.000,0,0,0,0,0,0,0,0,0,0,0,0,0,0,0,0,0,31135112
2011,Regular Season,Hiroshima Toyo Carp,64,"Aizawa, Tsubasa",C,19,29,28,0.179,0.207,0.214,0.421,0,1,5,4,1,0,0,6,0,0,0,0,9,3,1,0,0,31135114
2011,Climax Series - Final Stage,Tokyo Yakult Swallows,47,"Akagawa, Katsuki",P,1,1,0,0.000,0.000,0.000,0.000,0,0,0,0,0,0,0,0,0,0,0,0,0,0,0,1,0,31135118
2011,Climax Series - First Stage,Tokyo Yakult Swallows,47,"Akagawa, Katsuki",P,1,2,2,0.000,0.000,0.000,0.000,0,0,0,0,0,0,0,0,0,0,0,0,1,0,0,0,0,31135118
2011,Regular Season,Tokyo Yakult Swallows,47,"Akagawa, Katsuki",P,23,26,22,0.045,0.087,0.045,0.132,0,2,1,1,0,0,0,1,0,0,1,0,12,0,0,3,0,31135118
2011,Climax Series - Final Stage,Tokyo Yakult Swallows,1,"Aoki, Norichika",CF,5,20,19,0.316,0.350,0.368,0.718,2,2,6,5,1,0,0,7,0,0,1,0,1,0,0,0,0,31135119
2011,Climax Series - First Stage,Tokyo Yakult Swallows,1,"Aoki, Norichika",CF,3,12,12,0.250,0.250,0.333,0.583,1,0,3,2,1,0,0,4,0,0,0,0,3,0,0,0,0,31135119
2011,Regular Season,Tokyo Yakult Swallows,1,"Aoki, Norichika",CF,144,643,583,0.292,0.358,0.360,0.718,73,44,170,143,18,5,4,210,8,3,51,6,55,6,9,0,0,31135119
2011,Climax Series - Final Stage,Saitama Seibu Lions,55,"Akiyama, Shogo",RF,2,5,5,0.200,0.200,0.600,0.800,1,0,1,0,0,1,0,3,0,0,0,0,1,0,0,0,0,31135133
2011,Climax Series - First Stage,Saitama Seibu Lions,55,"Akiyama, Shogo",RF,2,9,7,0.286,0.444,0.286,0.730,2,1,2,2,0,0,0,2,0,1,2,0,1,0,0,0,0,31135133
2011,Regular Season,Saitama Seibu Lions,55,"Akiyama, Shogo",RF,110,313,284,0.232,0.285,0.317,0.602,35,21,66,50,9,6,1,90,8,5,15,0,63,1,6,8,0,31135133
2011,Regular Season,Tokyo Yakult Swallows,49,"Miyade, Ryuji",PH,28,45,40,0.300,0.378,0.325,0.703,2,3,12,11,1,0,0,13,0,0,5,0,7,0,0,0,0,31233882
2011,Regular Season,Orix Buffaloes,49,"Nakayama, Shinya",P,28,7,5,0.400,0.500,0.600,1.100,1,0,2,1,1,0,0,3,0,0,1,0,1,0,0,1,0,31235112
2011,Climax Series - Final Stage,Tokyo Yakult Swallows,33,"Hatakeyama, Kazuhiro",1B,5,18,17,0.176,0.222,0.176,0.398,0,2,3,3,0,0,0,3,0,0,1,0,3,1,0,0,0,31235113
2011,Climax Series - First Stage,Tokyo Yakult Swallows,33,"Hatakeyama, Kazuhiro",1B,3,12,10,0.100,0.250,0.100,0.350,0,0,1,1,0,0,0,1,0,0,2,0,1,0,0,0,0,31235113
2011,Regular Season,Tokyo Yakult Swallows,33,"Hatakeyama, Kazuhiro",1B,142,583,494,0.269,0.373,0.462,0.835,66,85,133,85,24,1,23,228,1,0,78,5,94,10,6,1,4,31235113
2011,Regular Season,Yomiuri Giants,52,"Tsuburaya, Hidetoshi",3B,13,20,17,0.118,0.211,0.176,0.387,1,1,2,1,1,0,0,3,0,0,1,1,5,0,1,1,0,31235114
2011,Regular Season,Hiroshima Toyo Carp,34,"Nakata, Ren",P,2,2,2,1.000,1.000,1.000,2.000,0,1,2,2,0,0,0,2,0,0,0,0,0,0,0,0,0,31235118
2011,Regular Season,Hokkaido Nippon-Ham Fighters,62,"Imanari, Ryota",PH,22,28,26,0.115,0.111,0.115,0.226,0,1,3,3,0,0,0,3,0,0,0,0,9,0,0,1,1,31335112
2011,Regular Season,Yomiuri Giants,69,"Inzen, Tomoya",LF,3,1,1,0.000,0.000,0.000,0.000,0,0,0,0,0,0,0,0,0,0,0,0,1,0,0,0,0,31335114
2011,Regular Season,Fukuoka Softbank Hawks,41,"Iwasaki, Sho",P,13,1,1,0.000,0.000,0.000,0.000,0,0,0,0,0,0,0,0,0,0,0,0,1,0,0,0,0,31335116
2011,Climax Series - Final Stage,Fukuoka Softbank Hawks,2,"Imamiya, Kenta",PR,1,0,0,0.000,0.000,0.000,0.000,0,0,0,0,0,0,0,0,0,0,0,0,0,0,0,0,0,31335131
2011,Japan Series,Fukuoka Softbank Hawks,2,"Imamiya, Kenta",PR,1,0,0,0.000,0.000,0.000,0.000,0,0,0,0,0,0,0,0,0,0,0,0,0,0,0,0,0,31335131
2011,Regular Season,Fukuoka Softbank Hawks,2,"Imamiya, Kenta",PR,18,1,1,0.000,0.000,0.000,0.000,3,0,0,0,0,0,0,0,2,0,0,0,1,0,0,0,0,31335131
2011,Regular Season,Hokkaido Nippon-Ham Fighters,16,"Inui, Masahiro",P,5,0,0,0.000,0.000,0.000,0.000,0,0,0,0,0,0,0,0,0,0,0,0,0,0,0,0,0,31335133
2011,Regular Season,Hokkaido Nippon-Ham Fighters,42,"Kida, Masao",P,3,0,0,0.000,0.000,0.000,0.000,0,0,0,0,0,0,0,0,0,0,0,0,0,0,0,0,0,31433868
2011,Climax Series - Final Stage,Chunichi Dragons,5,"Wada, Kazuhiro",LF,5,17,11,0.091,0.412,0.091,0.503,0,0,1,1,0,0,0,1,0,2,6,0,1,0,0,0,0,31433884
2011,Japan Series,Chunichi Dragons,5,"Wada, Kazuhiro",LF,7,28,23,0.217,0.357,0.435,0.792,1,3,5,3,0,1,1,10,0,0,5,0,4,1,0,0,0,31433884
2011,Regular Season,Chunichi Dragons,5,"Wada, Kazuhiro",LF,131,522,444,0.232,0.339,0.385,0.724,49,54,103,63,24,4,12,171,6,3,72,6,64,12,2,0,4,31433884
2011,Regular Season,Hanshin Tigers,24,"Hiyama, Shinjiro",PH,69,69,62,0.274,0.333,0.355,0.688,1,8,17,14,2,0,1,22,0,0,5,2,17,1,1,0,1,31433885
2011,Regular Season,Yomiuri Giants,59,"Fukuda, Satoshi",P,6,4,3,0.000,0.000,0.000,0.000,0,0,0,0,0,0,0,0,0,0,0,0,1,0,0,1,0,31435112
2011,Regular Season,Chunichi Dragons,32,"Mizuta, Keisuke",PH,14,19,15,0.133,0.235,0.133,0.368,0,0,2,2,0,0,0,2,0,0,2,0,1,0,0,2,0,31435113
2011,Regular Season,Yomiuri Giants,54,"Fujimura, Daisuke",2B,119,407,352,0.222,0.265,0.241,0.506,40,15,78,71,7,0,0,85,28,7,20,1,74,3,2,30,3,31435116
2011,Japan Series,Chunichi Dragons,9,"Nomoto, Kei",PH,4,5,3,0.333,0.600,0.333,0.933,1,0,1,1,0,0,0,1,0,0,2,1,1,1,0,0,0,31435118
2011,Regular Season,Chunichi Dragons,9,"Nomoto, Kei",PH,78,174,159,0.226,0.279,0.340,0.619,18,15,36,24,8,2,2,54,0,0,6,0,40,3,6,2,1,31435118
2011,Regular Season,Hokkaido Nippon-Ham Fighters,63,"Watanabe, Ryuichi",C,3,5,5,0.000,0.000,0.000,0.000,0,0,0,0,0,0,0,0,0,0,0,0,1,0,0,0,0,31435119
2011,Regular Season,Tokyo Yakult Swallows,57,"Matsui, Jun",PH,2,2,2,0.000,0.000,0.000,0.000,0,0,0,0,0,0,0,0,0,0,0,0,2,0,0,0,0,31435131
2011,Regular Season,Hiroshima Toyo Carp,11,"Fukui, Yuya",P,28,43,42,0.095,0.095,0.095,0.190,0,0,4,4,0,0,0,4,0,0,0,0,25,0,0,1,0,31435133
2011,Regular Season,Hiroshima Toyo Carp,40,"Kura, Yoshikazu",C,55,135,108,0.185,0.294,0.194,0.488,9,8,20,19,1,0,0,21,0,0,13,0,25,3,4,9,1,31533886
2011,Climax Series - Final Stage,Fukuoka Softbank Hawks,9,"Kokubo, Hiroki",1B,3,11,10,0.200,0.273,0.200,0.473,1,0,2,2,0,0,0,2,0,0,1,0,2,0,0,0,0,31533889
2011,Japan Series,Fukuoka Softbank Hawks,9,"Kokubo, Hiroki",1B,7,27,25,0.320,0.370,0.400,0.770,1,2,8,6,2,0,0,10,0,0,2,0,7,0,0,0,0,31533889
2011,Regular Season,Fukuoka Softbank Hawks,9,"Kokubo, Hiroki",1B,98,372,342,0.269,0.323,0.418,0.741,31,48,92,61,21,0,10,143,0,1,22,0,72,7,6,0,2,31533889
2011,Climax Series - Final Stage,Tokyo Yakult Swallows,28,"Kawamoto, Ryohei",C,3,2,2,1.000,1.000,2.000,3.000,1,0,2,0,2,0,0,4,0,0,0,0,0,0,0,0,0,31535110
2011,Climax Series - First Stage,Tokyo Yakult Swallows,28,"Kawamoto, Ryohei",C,1,1,1,1.000,1.000,1.000,2.000,0,1,1,1,0,0,0,1,0,0,0,0,0,0,0,0,0,31535110
2011,Regular Season,Tokyo Yakult Swallows,28,"Kawamoto, Ryohei",C,42,83,75,0.173,0.244,0.293,0.537,7,4,13,9,1,1,2,22,1,0,5,0,23,0,2,1,0,31535110
2011,Regular Season,Hiroshima Toyo Carp,5,"Kurihara, Kenta",1B,144,596,536,0.293,0.351,0.442,0.793,56,87,157,111,29,0,17,237,0,1,40,3,84,11,12,0,7,31535111
2011,Regular Season,Tohoku Rakuten Golden Eagles,28,"Katayama, Hiroshi",P,59,3,2,0.000,0.333,0.000,0.333,0,0,0,0,0,0,0,0,0,0,1,0,0,0,0,0,0,31535112
2011,Regular Season,Tokyo Yakult Swallows,13,"Okamoto, Naoya",P,3,0,0,0.000,0.000,0.000,0.000,0,0,0,0,0,0,0,0,0,0,0,0,0,0,0,0,0,31535115
2011,Climax Series - First Stage,Saitama Seibu Lions,56,"Onizaki, Yuji",PH,1,0,0,0.000,0.000,0.000,0.000,0,0,0,0,0,0,0,0,0,0,0,0,0,0,0,0,0,31535116
2011,Regular Season,Saitama Seibu Lions,56,"Onizaki, Yuji",PH,2,3,3,0.000,0.000,0.000,0.000,0,0,0,0,0,0,0,0,0,0,0,0,3,0,0,0,0,31535116
2011,Regular Season,Tokyo Yakult Swallows,46,"Onizaki, Yuji",PR,8,10,9,0.000,0.100,0.000,0.100,2,0,0,0,0,0,0,0,0,0,1,0,4,0,0,0,0,31535116
2011,Regular Season,Saitama Seibu Lions,34,"Osada, Shuichiro",P,17,0,0,0.000,0.000,0.000,0.000,0,0,0,0,0,0,0,0,0,0,0,0,0,0,0,0,0,31535117
2011,Climax Series - Final Stage,Fukuoka Softbank Hawks,23,"Kidokoro, Ryuma",CF,3,0,0,0.000,0.000,0.000,0.000,0,0,0,0,0,0,0,0,0,0,0,0,0,0,0,0,0,31535119
2011,Japan Series,Fukuoka Softbank Hawks,23,"Kidokoro, Ryuma",CF,4,1,1,0.000,0.000,0.000,0.000,1,0,0,0,0,0,0,0,0,0,0,0,1,0,0,0,0,31535119
2011,Regular Season,Fukuoka Softbank Hawks,23,"Kidokoro, Ryuma",CF,108,30,28,0.214,0.267,0.286,0.553,20,4,6,4,2,0,0,8,10,4,1,0,7,0,1,0,0,31535119
2011,Regular Season,Hiroshima Toyo Carp,1,"Maeda, Tomonori",PH,52,51,44,0.250,0.333,0.318,0.651,0,13,11,8,3,0,0,14,0,0,5,0,8,2,1,0,1,31633881
2011,Climax Series - Final Stage,Saitama Seibu Lions,18,"Wakui, Hideaki",P,1,0,0,0.000,0.000,0.000,0.000,0,0,0,0,0,0,0,0,0,0,0,0,0,0,0,0,0,31635110
2011,Climax Series - First Stage,Saitama Seibu Lions,18,"Wakui, Hideaki",P,1,0,0,0.000,0.000,0.000,0.000,0,0,0,0,0,0,0,0,0,0,0,0,0,0,0,0,0,31635110
2011,Regular Season,Saitama Seibu Lions,18,"Wakui, Hideaki",P,26,6,5,0.400,0.400,0.400,0.800,1,0,2,2,0,0,0,2,0,0,0,0,3,0,0,1,0,31635110
2011,Regular Season,Tohoku Rakuten Golden Eagles,47,"Matsuzaki, Shingo",P,3,0,0,0.000,0.000,0.000,0.000,0,0,0,0,0,0,0,0,0,0,0,0,0,0,0,0,0,31635112
2011,Regular Season,Chiba Lotte Marines,12,"Yoshimi, Yuji",P,25,3,3,0.000,0.000,0.000,0.000,0,0,0,0,0,0,0,0,0,0,0,0,1,0,0,0,0,31635113
2011,Japan Series,Chunichi Dragons,55,"Fukuda, Nobumasa",PH,1,1,1,0.000,0.000,0.000,0.000,0,0,0,0,0,0,0,0,0,0,0,0,0,0,0,0,0,31635114
2011,Regular Season,Chunichi Dragons,55,"Fukuda, Nobumasa",PH,12,17,17,0.235,0.235,0.588,0.823,3,2,4,2,0,0,2,10,0,0,0,0,7,1,0,0,0,31635114
2011,Climax Series - Final Stage,Chunichi Dragons,29,"Yamai, Daisuke",P,1,2,2,0.000,0.000,0.000,0.000,0,0,0,0,0,0,0,0,0,0,0,0,1,0,0,0,0,31635115
2011,Japan Series,Chunichi Dragons,29,"Yamai, Daisuke",P,2,0,0,0.000,0.000,0.000,0.000,0,0,0,0,0,0,0,0,0,0,0,0,0,0,0,0,0,31635115
2011,Regular Season,Chunichi Dragons,29,"Yamai, Daisuke",P,10,14,13,0.308,0.308,0.462,0.770,1,1,4,2,2,0,0,6,0,0,0,0,4,0,0,1,0,31635115
2011,Regular Season,Fukuoka Softbank Hawks,32,"Morimoto, Satoru",1B,15,5,5,0.200,0.200,0.200,0.400,0,0,1,1,0,0,0,1,0,0,0,0,1,0,0,0,0,31635117
2011,Regular Season,Hanshin Tigers,2,"Jojima, Kenji",C,38,144,132,0.189,0.243,0.326,0.569,7,13,25,17,3,0,5,43,0,0,8,1,16,5,2,0,2,31733880
2011,Regular Season,Chiba Lotte Marines,22,"Satozaki, Tomoya",C,109,397,338,0.222,0.306,0.296,0.602,28,25,75,61,8,1,5,100,0,1,40,0,91,7,3,12,4,31733888
2011,Regular Season,Tokyo Yakult Swallows,36,"Kawabata, Shingo",SS,117,457,399,0.268,0.333,0.363,0.696,48,46,107,80,20,3,4,145,0,0,40,2,51,5,0,15,3,31735112
2011,Regular Season,Yomiuri Giants,28,"Kaneto, Norihito",P,25,8,8,0.000,0.000,0.000,0.000,0,0,0,0,0,0,0,0,0,0,0,0,3,1,0,0,0,31735114
2011,Regular Season,Orix Buffaloes,13,"Kuwahara, Kentaro",P,10,0,0,0.000,0.000,0.000,0.000,0,0,0,0,0,0,0,0,0,0,0,0,0,0,0,0,0,31735116
2011,Regular Season,Chiba Lotte Marines,56,"Yamamoto, Tetsuya",P,11,0,0,0.000,0.000,0.000,0.000,0,0,0,0,0,0,0,0,0,0,0,0,0,0,0,0,0,31835118
2011,Regular Season,Fukuoka Softbank Hawks,44,"Yanagita, Yuki",PH,6,5,5,0.000,0.000,0.000,0.000,1,0,0,0,0,0,0,0,0,0,0,0,3,0,0,0,0,31835133
2011,Regular Season,Yomiuri Giants,31,"Takahashi, Shinji",1B,27,49,44,0.182,0.250,0.227,0.477,1,3,8,6,2,0,0,10,0,1,4,0,8,0,0,1,0,31933884
2011,Regular Season,Fukuoka Softbank Hawks,13,"Takahashi, Hideaki",P,1,0,0,0.000,0.000,0.000,0.000,0,0,0,0,0,0,0,0,0,0,0,0,0,0,0,0,0,31935110
2011,Regular Season,Orix Buffaloes,28,"Komatsu, Satoshi",P,1,0,0,0.000,0.000,0.000,0.000,0,0,0,0,0,0,0,0,0,0,0,0,0,0,0,0,0,31935114
2011,Climax Series - Final Stage,Fukuoka Softbank Hawks,47,"Sugiuchi, Toshiya",P,1,0,0,0.000,0.000,0.000,0.000,0,0,0,0,0,0,0,0,0,0,0,0,0,0,0,0,0,31935115
2011,Japan Series,Fukuoka Softbank Hawks,47,"Sugiuchi, Toshiya",P,2,0,0,0.000,0.000,0.000,0.000,0,0,0,0,0,0,0,0,0,0,0,0,0,0,0,0,0,31935115
2011,Regular Season,Fukuoka Softbank Hawks,47,"Sugiuchi, Toshiya",P,23,6,5,0.200,0.200,0.400,0.600,1,3,1,0,1,0,0,2,0,0,0,0,2,0,0,1,0,31935115
2011,Japan Series,Chunichi Dragons,69,"Kobayashi, Masato",P,3,0,0,0.000,0.000,0.000,0.000,0,0,0,0,0,0,0,0,0,0,0,0,0,0,0,0,0,31935117
2011,Regular Season,Chunichi Dragons,69,"Kobayashi, Masato",P,58,0,0,0.000,0.000,0.000,0.000,0,0,0,0,0,0,0,0,0,0,0,0,0,0,0,0,0,31935117
2011,Regular Season,Yokohama BayStars,12,"Kobayashi, Hiroshi",P,6,4,0,0.000,0.000,0.000,0.000,0,0,0,0,0,0,0,0,0,0,0,0,0,0,0,4,0,31935133
2011,Regular Season,Hanshin Tigers,12,"Watanabe, Ryo",P,57,4,4,0.250,0.250,0.250,0.500,0,1,1,1,0,0,0,1,0,0,0,0,2,0,0,0,0,33135112
2011,Regular Season,Hiroshima Toyo Carp,58,"Sarfate, Dennis",P,57,0,0,0.000,0.000,0.000,0.000,0,0,0,0,0,0,0,0,0,0,0,0,0,0,0,0,0,33135133
2011,Japan Series,Chunichi Dragons,49,"Nelson, Maximo",P,2,1,1,0.000,0.000,0.000,0.000,0,0,0,0,0,0,0,0,0,0,0,0,0,0,0,0,0,33335116
2011,Regular Season,Chunichi Dragons,49,"Nelson, Maximo",P,31,64,52,0.096,0.145,0.115,0.260,1,2,5,4,1,0,0,6,0,0,3,0,25,0,0,9,0,33335116
2011,Regular Season,Tohoku Rakuten Golden Eagles,3,"Ruiz, Randy",DH,38,135,128,0.195,0.237,0.375,0.612,11,17,25,14,5,0,6,48,0,0,7,0,44,3,0,0,0,33335131
2011,Regular Season,Orix Buffaloes,61,"Paku, Chanho",P,7,2,1,0.000,0.000,0.000,0.000,0,0,0,0,0,0,0,0,0,0,0,0,1,0,0,1,0,33335133
2011,Regular Season,Yokohama BayStars,24,"Leach, Brent",P,8,13,13,0.308,0.308,0.385,0.693,1,1,4,3,1,0,0,5,0,0,0,0,6,1,0,0,0,33535133
2011,Regular Season,Yokohama BayStars,29,"Niinuma, Shinji",C,45,70,62,0.242,0.309,0.323,0.632,8,6,15,12,2,0,1,20,0,0,5,1,18,1,1,2,0,41043886
2011,Regular Season,Saitama Seibu Lions,26,"Hoshino, Tomoki",P,37,0,0,0.000,0.000,0.000,0.000,0,0,0,0,0,0,0,0,0,0,0,0,0,0,0,0,0,41043888
2011,Regular Season,Hanshin Tigers,46,"Tsuru, Naoto",P,5,6,4,0.000,0.200,0.000,0.200,0,0,0,0,0,0,0,0,0,0,1,0,2,0,0,1,0,41045112
2011,Regular Season,Fukuoka Softbank Hawks,12,"Takaya, Hiroaki",C,12,3,3,0.667,0.667,0.667,1.334,0,0,2,2,0,0,0,2,0,0,0,0,1,0,0,0,0,41045114
2011,Climax Series - First Stage,Hokkaido Nippon-Ham Fighters,21,"Takeda, Hisashi",P,1,0,0,0.000,0.000,0.000,0.000,0,0,0,0,0,0,0,0,0,0,0,0,0,0,0,0,0,41045117
2011,Regular Season,Hokkaido Nippon-Ham Fighters,21,"Takeda, Hisashi",P,53,0,0,0.000,0.000,0.000,0.000,0,0,0,0,0,0,0,0,0,0,0,0,0,0,0,0,0,41045117
2011,Regular Season,Tohoku Rakuten Golden Eagles,56,"Nakagawa, Taishi",3B,2,2,2,0.000,0.000,0.000,0.000,1,0,0,0,0,0,0,0,0,1,0,0,1,0,0,0,0,41045118
2011,Regular Season,Tohoku Rakuten Golden Eagles,55,"Nishida, Tetsuro",SS,1,1,1,0.000,0.000,0.000,0.000,0,0,0,0,0,0,0,0,0,0,0,0,1,0,0,0,0,41045131
2011,Climax Series - First Stage,Yomiuri Giants,0,"Omura, Saburo",RF,1,1,1,1.000,1.000,4.000,5.000,1,1,1,0,0,0,1,4,0,0,0,0,0,0,0,0,0,41143880
2011,Regular Season,Chiba Lotte Marines,3,"Omura, Saburo",RF,19,78,70,0.271,0.346,0.414,0.760,5,9,19,13,4,0,2,29,0,0,6,0,13,3,2,0,0,41143880
2011,Regular Season,Yomiuri Giants,0,"Omura, Saburo",RF,48,111,103,0.243,0.291,0.320,0.611,10,9,25,19,5,0,1,33,0,2,7,0,26,2,0,1,0,41143880
2011,Climax Series - Final Stage,Chunichi Dragons,6,"Ibata, Hirokazu",2B,5,21,14,0.357,0.500,0.714,1.214,2,2,5,2,2,0,1,10,0,0,4,0,1,0,0,3,0,41143886
2011,Japan Series,Chunichi Dragons,6,"Ibata, Hirokazu",2B,7,29,25,0.120,0.214,0.120,0.334,0,1,3,3,0,0,0,3,0,1,3,0,3,0,0,1,0,41143886
2011,Regular Season,Chunichi Dragons,6,"Ibata, Hirokazu",2B,104,434,376,0.234,0.280,0.271,0.551,28,29,88,77,9,1,1,102,3,3,25,1,53,10,0,31,2,41143886
2011,Climax Series - Final Stage,Saitama Seibu Lions,9,"Abe, Masahiro",PH,3,8,8,0.125,0.125,0.250,0.375,0,0,1,0,1,0,0,2,0,0,0,0,2,1,0,0,0,41145113
2011,Climax Series - First Stage,Saitama Seibu Lions,9,"Abe, Masahiro",PH,1,1,0,0.000,1.000,0.000,1.000,0,0,0,0,0,0,0,0,0,0,1,0,0,0,0,0,0,41145113
2011,Regular Season,Saitama Seibu Lions,9,"Abe, Masahiro",PH,24,30,24,0.167,0.286,0.167,0.453,1,1,4,4,0,0,0,4,0,0,4,0,5,1,0,2,0,41145113
2011,Regular Season,Hanshin Tigers,16,"Ando, Yuya",P,1,0,0,0.000,0.000,0.000,0.000,0,0,0,0,0,0,0,0,0,0,0,0,0,0,0,0,0,41145115
2011,Regular Season,Yokohama BayStars,35,"Ushida, Shigeki",P,45,0,0,0.000,0.000,0.000,0.000,0,0,0,0,0,0,0,0,0,0,0,0,0,0,0,0,0,41145119
2011,Regular Season,Yokohama BayStars,5,"Morimoto, Hichori",CF,48,153,134,0.187,0.236,0.246,0.482,13,9,25,20,3,1,1,33,0,1,8,0,42,4,1,9,1,41243888
2011,Climax Series - Final Stage,Saitama Seibu Lions,47,"Hoashi, Kazuyuki",P,1,0,0,0.000,0.000,0.000,0.000,0,0,0,0,0,0,0,0,0,0,0,0,0,0,0,0,0,41245113
2011,Regular Season,Saitama Seibu Lions,47,"Hoashi, Kazuyuki",P,26,5,3,0.333,0.333,0.333,0.666,0,1,1,1,0,0,0,1,0,0,0,0,2,0,0,2,0,41245113
2011,Regular Season,Chiba Lotte Marines,38,"Nakago, Taiki",P,24,0,0,0.000,0.000,0.000,0.000,0,0,0,0,0,0,0,0,0,0,0,0,0,0,0,0,0,41245114
2011,Regular Season,Hanshin Tigers,6,"Kanemoto, Tomoaki",LF,122,372,348,0.218,0.269,0.359,0.628,27,31,76,52,11,1,12,125,1,1,24,4,53,5,0,0,0,41343885
2011,Climax Series - Final Stage,Fukuoka Softbank Hawks,51,"Kanazawa, Takehito",P,1,0,0,0.000,0.000,0.000,0.000,0,0,0,0,0,0,0,0,0,0,0,0,0,0,0,0,0,41343888
2011,Japan Series,Fukuoka Softbank Hawks,51,"Kanazawa, Takehito",P,3,0,0,0.000,0.000,0.000,0.000,0,0,0,0,0,0,0,0,0,0,0,0,0,0,0,0,0,41343888
2011,Regular Season,Fukuoka Softbank Hawks,51,"Kanazawa, Takehito",P,53,0,0,0.000,0.000,0.000,0.000,0,0,0,0,0,0,0,0,0,0,0,0,0,0,0,0,0,41343888
2011,Regular Season,Orix Buffaloes,19,"Kaneko, Chihiro",P,20,7,6,0.000,0.000,0.000,0.000,0,0,0,0,0,0,0,0,0,0,0,0,4,0,0,1,0,41345110
2011,Climax Series - Final Stage,Fukuoka Softbank Hawks,52,"Kawasaki, Munenori",SS,3,14,12,0.417,0.500,0.667,1.167,1,0,5,3,1,1,0,8,1,0,1,0,2,1,1,0,0,41345111
2011,Japan Series,Fukuoka Softbank Hawks,52,"Kawasaki, Munenori",SS,7,32,29,0.310,0.375,0.345,0.720,3,2,9,8,1,0,0,10,2,1,3,0,7,0,0,0,0,41345111
2011,Regular Season,Fukuoka Softbank Hawks,52,"Kawasaki, Munenori",SS,144,655,603,0.267,0.310,0.327,0.637,71,37,161,134,19,7,1,197,31,10,36,0,84,5,3,9,4,41345111
2011,Regular Season,Yokohama BayStars,27,"Ejiri, Shintaro",P,65,0,0,0.000,0.000,0.000,0.000,0,0,0,0,0,0,0,0,0,0,0,0,0,0,0,0,0,41345115
2011,Regular Season,Fukuoka Softbank Hawks,17,"Oba, Shota",P,23,0,0,0.000,0.000,0.000,0.000,0,0,0,0,0,0,0,0,0,0,0,0,0,0,0,0,0,41345116
2011,Regular Season,Yomiuri Giants,55,"Ohta, Taishi",1B,12,28,26,0.154,0.148,0.192,0.340,4,3,4,3,1,0,0,5,0,0,0,0,9,0,0,1,1,41345118
2011,Regular Season,Chiba Lotte Marines,14,"Ohtani, Tomohisa",P,34,6,4,0.250,0.400,0.500,0.900,0,0,1,0,1,0,0,2,0,0,1,0,2,0,0,1,0,41345131
2011,Climax Series - Final Stage,Tokyo Yakult Swallows,2,"Aikawa, Ryoji",C,5,19,18,0.278,0.316,0.389,0.705,0,0,5,3,2,0,0,7,0,0,1,0,5,0,0,0,0,41443880
2011,Climax Series - First Stage,Tokyo Yakult Swallows,2,"Aikawa, Ryoji",C,3,10,10,0.400,0.400,0.700,1.100,1,1,4,3,0,0,1,7,0,0,0,0,1,0,0,0,0,41443880
2011,Regular Season,Tokyo Yakult Swallows,2,"Aikawa, Ryoji",C,126,458,409,0.244,0.300,0.291,0.591,24,33,100,84,14,1,1,119,0,0,30,5,62,13,4,11,4,41443880
2011,Regular Season,Yokohama BayStars,18,"Miura, Daisuke",P,18,40,35,0.086,0.086,0.086,0.172,0,0,3,3,0,0,0,3,0,0,0,0,14,0,0,5,0,41443885
2011,Climax Series - Final Stage,Fukuoka Softbank Hawks,46,"Honda, Yuichi",2B,3,13,9,0.111,0.273,0.222,0.495,2,0,1,0,1,0,0,2,0,1,1,0,0,0,1,2,0,41445112
2011,Japan Series,Fukuoka Softbank Hawks,46,"Honda, Yuichi",2B,7,31,26,0.192,0.222,0.269,0.491,3,0,5,4,0,1,0,7,1,1,1,0,6,0,0,4,0,41445112
2011,Regular Season,Fukuoka Softbank Hawks,46,"Honda, Yuichi",2B,144,633,522,0.305,0.367,0.368,0.735,84,43,159,133,19,7,0,192,60,17,53,0,78,4,1,53,4,41445112
2011,Climax Series - Final Stage,Saitama Seibu Lions,43,"Hara, Takuya",2B,2,5,5,0.000,0.000,0.000,0.000,0,0,0,0,0,0,0,0,0,0,0,0,3,0,0,0,0,41445114
2011,Climax Series - First Stage,Saitama Seibu Lions,43,"Hara, Takuya",2B,2,8,6,0.167,0.167,0.333,0.500,1,2,1,0,1,0,0,2,0,0,0,0,1,0,0,2,0,41445114
2011,Regular Season,Saitama Seibu Lions,43,"Hara, Takuya",2B,104,348,270,0.241,0.303,0.289,0.592,40,12,65,53,11,1,0,78,0,0,22,0,43,5,3,51,2,41445114
2011,Climax Series - First Stage,Hokkaido Nippon-Ham Fighters,25,"Miyanishi, Naoki",P,1,0,0,0.000,0.000,0.000,0.000,0,0,0,0,0,0,0,0,0,0,0,0,0,0,0,0,0,41445116
2011,Regular Season,Hokkaido Nippon-Ham Fighters,25,"Miyanishi, Naoki",P,61,0,0,0.000,0.000,0.000,0.000,0,0,0,0,0,0,0,0,0,0,0,0,0,0,0,0,0,41445116
2011,Regular Season,Chunichi Dragons,59,"Yachi, Kento",P,2,0,0,0.000,0.000,0.000,0.000,0,0,0,0,0,0,0,0,0,0,0,0,0,0,0,0,0,41445131
2011,Climax Series - Final Stage,Saitama Seibu Lions,35,"Makita, Kazuhisa",P,2,0,0,0.000,0.000,0.000,0.000,0,0,0,0,0,0,0,0,0,0,0,0,0,0,0,0,0,41445133
2011,Climax Series - First Stage,Saitama Seibu Lions,35,"Makita, Kazuhisa",P,2,0,0,0.000,0.000,0.000,0.000,0,0,0,0,0,0,0,0,0,0,0,0,0,0,0,0,0,41445133
2011,Regular Season,Saitama Seibu Lions,35,"Makita, Kazuhisa",P,55,8,6,0.000,0.000,0.000,0.000,0,0,0,0,0,0,0,0,0,0,0,0,5,0,0,2,0,41445133
2011,Regular Season,Chiba Lotte Marines,3,"Kudo, Takahito",PH,53,112,100,0.200,0.252,0.250,0.502,7,5,20,16,3,1,0,25,3,1,4,0,21,0,3,5,0,41545110
2011,Regular Season,Yokohama BayStars,17,"Shimizu, Naoyuki",P,7,13,9,0.222,0.222,0.222,0.444,1,0,2,2,0,0,0,2,0,0,0,0,2,0,0,4,0,41545111
2011,Regular Season,Chiba Lotte Marines,61,"Kakunaka, Katsuya",DH,51,171,154,0.266,0.318,0.312,0.630,9,10,41,35,5,1,0,48,2,0,9,0,30,2,4,1,3,41545114
2011,Regular Season,Orix Buffaloes,39,"Kamoshida, Takashi",P,18,0,0,0.000,0.000,0.000,0.000,0,0,0,0,0,0,0,0,0,0,0,0,0,0,0,0,0,41545115
2011,Regular Season,Tohoku Rakuten Golden Eagles,59,"Kikuchi, Yasunori",P,2,0,0,0.000,0.000,0.000,0.000,0,0,0,0,0,0,0,0,0,0,0,0,0,0,0,0,0,41545116
2011,Regular Season,Chiba Lotte Marines,34,"Kimura, Yuta",P,13,0,0,0.000,0.000,0.000,0.000,0,0,0,0,0,0,0,0,0,0,0,0,0,0,0,0,0,41545118
2011,Regular Season,Hanshin Tigers,39,"Komiyama, Shinji",C,38,56,53,0.208,0.218,0.245,0.463,6,1,11,9,2,0,0,13,0,0,0,0,15,2,1,1,1,41545119
2011,Climax Series - First Stage,Hokkaido Nippon-Ham Fighters,39,"Kato, Masayoshi",2B,2,2,2,0.000,0.000,0.000,0.000,0,0,0,0,0,0,0,0,0,0,0,0,1,0,0,0,0,41545131
2011,Regular Season,Hokkaido Nippon-Ham Fighters,39,"Kato, Masayoshi",2B,21,39,38,0.263,0.282,0.289,0.571,1,2,10,9,1,0,0,11,0,0,0,0,8,1,1,0,0,41545131
2011,Regular Season,Orix Buffaloes,0,"Moriyama, Makoto",LF,82,125,113,0.186,0.227,0.195,0.422,19,4,21,20,1,0,0,22,5,2,6,0,19,1,0,6,0,41645112
2011,Climax Series - Final Stage,Fukuoka Softbank Hawks,42,"Cabrera, Alex",DH,3,13,11,0.091,0.154,0.182,0.336,1,1,1,0,1,0,0,2,0,0,1,0,5,2,0,0,1,41645113
2011,Japan Series,Fukuoka Softbank Hawks,42,"Cabrera, Alex",DH,6,6,6,0.167,0.167,0.167,0.334,0,0,1,1,0,0,0,1,0,0,0,0,3,0,0,0,0,41645113
2011,Regular Season,Fukuoka Softbank Hawks,42,"Cabrera, Alex",DH,89,340,311,0.225,0.285,0.363,0.648,25,35,70,47,13,0,10,113,0,0,25,3,94,11,2,0,2,41645113
2011,Regular Season,Fukuoka Softbank Hawks,53,"Yanagawa, Yohei",P,8,0,0,0.000,0.000,0.000,0.000,0,0,0,0,0,0,0,0,0,0,0,0,0,0,0,0,0,41645118
2011,Regular Season,Hokkaido Nippon-Ham Fighters,31,"Keppel, Bobby",P,26,9,9,0.111,0.111,0.111,0.222,0,0,1,1,0,0,0,1,0,0,0,0,3,0,0,0,0,41645131
2011,Climax Series - Final Stage,Fukuoka Softbank Hawks,6,"Tamura, Hitoshi",RF,3,13,10,0.200,0.385,0.200,0.585,1,2,2,2,0,0,0,2,0,0,3,1,0,0,0,0,0,41743880
2011,Japan Series,Fukuoka Softbank Hawks,6,"Tamura, Hitoshi",RF,7,27,27,0.370,0.370,0.519,0.889,2,4,10,8,1,0,1,14,0,0,0,0,7,0,0,0,0,41743880
2011,Regular Season,Fukuoka Softbank Hawks,6,"Tamura, Hitoshi",RF,100,356,323,0.241,0.309,0.328,0.637,28,36,78,58,16,0,4,106,1,1,29,0,66,11,3,0,1,41743880
2011,Regular Season,Tohoku Rakuten Golden Eagles,4,"Takasu, Yosuke",2B,128,472,429,0.277,0.330,0.312,0.642,28,30,119,107,10,1,1,134,5,3,29,0,39,10,5,8,1,41743886
2011,Regular Season,Tohoku Rakuten Golden Eagles,6,"Shiokawa, Tatsuya",PH,4,5,5,0.200,0.200,0.200,0.400,1,0,1,1,0,0,0,1,0,0,0,0,3,0,0,0,0,41745110
2011,Regular Season,Fukuoka Softbank Hawks,55,"Kosai, Yusuke",PH,1,1,1,0.000,0.000,0.000,0.000,0,0,0,0,0,0,0,0,0,0,0,0,0,0,0,0,0,41745112
2011,Regular Season,Saitama Seibu Lions,37,"Sakamoto, Yataro",P,16,0,0,0.000,0.000,0.000,0.000,0,0,0,0,0,0,0,0,0,0,0,0,0,0,0,0,0,41745113
2011,Regular Season,Saitama Seibu Lions,41,"Kimura, Fumikazu",P,21,0,0,0.000,0.000,0.000,0.000,0,0,0,0,0,0,0,0,0,0,0,0,0,0,0,0,0,41745114
2011,Regular Season,Hanshin Tigers,19,"Sho, Ikketsu",P,2,2,2,0.000,0.000,0.000,0.000,0,0,0,0,0,0,0,0,0,0,0,0,1,0,0,0,0,41745118
2011,Regular Season,Hiroshima Toyo Carp,32,"Shirahama, Yuta",C,7,14,13,0.077,0.077,0.077,0.154,0,1,1,1,0,0,0,1,0,0,0,0,4,0,0,1,0,41745119
2011,Climax Series - Final Stage,Chunichi Dragons,19,"Yoshimi, Kazuki",P,2,5,5,0.000,0.000,0.000,0.000,0,0,0,0,0,0,0,0,0,0,0,0,4,0,0,0,0,41845112
2011,Japan Series,Chunichi Dragons,19,"Yoshimi, Kazuki",P,2,0,0,0.000,0.000,0.000,0.000,0,0,0,0,0,0,0,0,0,0,0,0,0,0,0,0,0,41845112
2011,Regular Season,Chunichi Dragons,19,"Yoshimi, Kazuki",P,26,69,61,0.066,0.123,0.066,0.189,2,3,4,4,0,0,0,4,0,0,4,0,32,1,0,4,0,41845112
2011,Regular Season,Hokkaido Nippon-Ham Fighters,34,"Yoshikawa, Mitsuo",P,7,1,1,0.000,0.000,0.000,0.000,0,0,0,0,0,0,0,0,0,0,0,0,1,0,0,0,0,41845114
2011,Climax Series - Final Stage,Tokyo Yakult Swallows,3,"Fukuchi, Kazuki",LF,3,5,4,0.000,0.200,0.000,0.200,1,1,0,0,0,0,0,0,0,0,1,0,0,0,0,0,0,41943889
2011,Climax Series - First Stage,Tokyo Yakult Swallows,3,"Fukuchi, Kazuki",LF,2,3,3,0.333,0.333,0.333,0.666,0,1,1,1,0,0,0,1,0,0,0,0,0,0,0,0,0,41943889
2011,Regular Season,Tokyo Yakult Swallows,3,"Fukuchi, Kazuki",LF,40,65,58,0.155,0.210,0.224,0.434,13,5,9,6,2,1,0,13,10,2,2,0,13,0,2,3,0,41943889
2011,Regular Season,Hanshin Tigers,45,"Shimizu, Takashi",C,11,11,11,0.091,0.091,0.091,0.182,0,0,1,1,0,0,0,1,0,0,0,0,4,0,0,0,0,41945114
2011,Regular Season,Saitama Seibu Lions,48,"Takekuma, Shota",P,2,0,0,0.000,0.000,0.000,0.000,0,0,0,0,0,0,0,0,0,0,0,0,0,0,0,0,0,41945116
2011,Regular Season,Saitama Seibu Lions,39,"Takeno, Tatsuya",C,2,2,2,0.000,0.000,0.000,0.000,0,0,0,0,0,0,0,0,0,0,0,0,1,1,0,0,0,41945118
2011,Regular Season,Yokohama BayStars,8,"Tsutsugo, Yoshitomo",1B,40,160,145,0.241,0.306,0.476,0.782,16,22,35,17,10,0,8,69,1,0,13,0,51,4,1,0,1,41945131
2011,Japan Series,Fukuoka Softbank Hawks,54,"Houlton, Dennis",P,1,2,2,0.000,0.000,0.000,0.000,0,0,0,0,0,0,0,0,0,0,0,0,2,0,0,0,0,43145116
2011,Regular Season,Fukuoka Softbank Hawks,54,"Houlton, Dennis",P,26,5,4,0.000,0.000,0.000,0.000,0,0,0,0,0,0,0,0,0,0,0,0,4,0,0,1,0,43145116
2011,Regular Season,Yomiuri Giants,39,"Romero, Levi",P,41,0,0,0.000,0.000,0.000,0.000,0,0,0,0,0,0,0,0,0,0,0,0,0,0,0,0,0,43345118
2011,Regular Season,Orix Buffaloes,5,"Hessman, Mike",DH,48,142,130,0.192,0.261,0.377,0.638,9,14,25,13,6,0,6,49,0,0,11,0,46,2,1,0,0,43345133
2011,Regular Season,Tohoku Rakuten Golden Eagles,64,"Speier, Ryan",P,30,0,0,0.000,0.000,0.000,0.000,0,0,0,0,0,0,0,0,0,0,0,0,0,0,0,0,0,43545133
2011,Regular Season,Saitama Seibu Lions,24,"Mulhern, Ryan",DH,22,63,57,0.281,0.333,0.351,0.684,2,8,16,14,1,0,1,20,0,0,3,0,21,1,2,0,1,43745133
2011,Climax Series - Final Stage,Tokyo Yakult Swallows,6,"Miyamoto, Shinya",3B,5,19,18,0.056,0.056,0.056,0.112,0,0,1,1,0,0,0,1,0,0,0,0,0,2,0,1,0,51053880
2011,Climax Series - First Stage,Tokyo Yakult Swallows,6,"Miyamoto, Shinya",3B,3,11,10,0.100,0.091,0.100,0.191,0,1,1,1,0,0,0,1,0,0,0,0,1,0,0,0,1,51053880
2011,Regular Season,Tokyo Yakult Swallows,6,"Miyamoto, Shinya",3B,136,518,474,0.302,0.333,0.354,0.687,30,35,143,123,17,1,2,168,2,1,17,0,37,14,6,19,2,51053880
2011,Regular Season,Hanshin Tigers,50,"Fujii, Akihito",C,99,298,265,0.223,0.270,0.287,0.557,19,15,59,47,9,1,2,76,1,1,16,2,48,10,1,16,0,51053888
2011,Regular Season,Chunichi Dragons,20,"Nakata, Kenichi",P,6,8,5,0.000,0.167,0.000,0.167,0,0,0,0,0,0,0,0,0,0,1,0,2,0,0,2,0,51055110
2011,Regular Season,Chunichi Dragons,36,"Tani, Tetsuya",SS,2,6,6,0.333,0.333,0.500,0.833,0,0,2,1,1,0,0,3,0,0,0,0,3,0,0,0,0,51055116
2011,Regular Season,Tokyo Yakult Swallows,14,"Nakazawa, Masato",P,1,0,0,0.000,0.000,0.000,0.000,0,0,0,0,0,0,0,0,0,0,0,0,0,0,0,0,0,51055131
2011,Regular Season,Chiba Lotte Marines,6,"Iguchi, Tadahito",2B,140,597,509,0.265,0.362,0.375,0.737,52,73,135,100,23,3,9,191,1,1,72,4,96,11,9,0,7,51153884
2011,Regular Season,Orix Buffaloes,4,"Akada, Shogo",RF,77,246,226,0.305,0.357,0.350,0.707,17,17,69,60,8,1,0,79,0,3,18,0,52,3,0,2,0,51153888
2011,Regular Season,Hiroshima Toyo Carp,38,"Akamatsu, Masato",CF,80,217,192,0.260,0.287,0.323,0.610,25,18,50,40,9,0,1,62,19,4,4,0,29,1,4,15,2,51155110
2011,Regular Season,Chunichi Dragons,14,"Asakura, Kenta",P,2,2,1,0.000,0.000,0.000,0.000,0,0,0,0,0,0,0,0,0,0,0,0,1,0,0,1,0,51155111
2011,Regular Season,Hiroshima Toyo Carp,47,"Aoki, Takahiro",P,76,0,0,0.000,0.000,0.000,0.000,0,0,0,0,0,0,0,0,0,0,0,0,0,0,0,0,0,51155114
2011,Regular Season,Hanshin Tigers,8,"Asai, Ryo",LF,63,75,65,0.138,0.219,0.200,0.419,6,5,9,5,4,0,0,13,0,1,6,0,15,0,1,2,1,51155115
2011,Climax Series - Final Stage,Saitama Seibu Lions,32,"Asamura, Hideto",1B,3,13,13,0.077,0.077,0.077,0.154,1,1,1,1,0,0,0,1,1,0,0,0,1,0,0,0,0,51155118
2011,Climax Series - First Stage,Saitama Seibu Lions,32,"Asamura, Hideto",1B,2,10,10,0.300,0.300,0.300,0.600,1,1,3,3,0,0,0,3,2,0,0,0,1,0,0,0,0,51155118
2011,Regular Season,Saitama Seibu Lions,32,"Asamura, Hideto",1B,137,498,437,0.268,0.327,0.382,0.709,48,45,117,88,17,3,9,167,7,2,37,1,52,8,3,18,3,51155118
2011,Climax Series - Final Stage,Fukuoka Softbank Hawks,36,"Akashi, Kenji",1B,2,1,1,1.000,1.000,1.000,2.000,1,0,1,1,0,0,0,1,0,0,0,0,0,0,0,0,0,51155119
2011,Japan Series,Fukuoka Softbank Hawks,36,"Akashi, Kenji",1B,2,1,1,0.000,0.000,0.000,0.000,0,0,0,0,0,0,0,0,1,0,0,0,0,0,0,0,0,51155119
2011,Regular Season,Fukuoka Softbank Hawks,36,"Akashi, Kenji",1B,58,105,90,0.278,0.347,0.433,0.780,8,15,25,18,1,5,1,39,5,2,10,1,21,2,0,4,1,51155119
2011,Regular Season,Hanshin Tigers,27,"Akiyama, Takumi",P,2,4,3,0.333,0.500,0.333,0.833,0,1,1,1,0,0,0,1,0,0,1,0,1,0,0,0,0,51155131
2011,Regular Season,Tokyo Yakult Swallows,35,"Hashimoto, Yoshitaka",P,17,0,0,0.000,0.000,0.000,0.000,0,0,0,0,0,0,0,0,0,0,0,0,0,0,0,0,0,51255110
2011,Climax Series - First Stage,Yomiuri Giants,00,"Terauchi, Takayuki",3B,3,12,11,0.091,0.091,0.091,0.182,0,1,1,1,0,0,0,1,0,0,0,0,7,0,0,1,0,51255114
2011,Regular Season,Yomiuri Giants,00,"Terauchi, Takayuki",3B,73,128,107,0.178,0.214,0.215,0.429,13,8,19,15,4,0,0,23,6,0,4,0,26,1,1,16,0,51255114
2011,Regular Season,Tokyo Yakult Swallows,52,"Nakamura, Yuhei",C,13,6,6,0.333,0.333,0.333,0.666,1,0,2,2,0,0,0,2,0,0,0,0,0,0,0,0,0,51255118
2011,Japan Series,Chunichi Dragons,39,"Mise, Koji",P,1,0,0,0.000,0.000,0.000,0.000,0,0,0,0,0,0,0,0,0,0,0,0,0,0,0,0,0,51255119
2011,Regular Season,Chunichi Dragons,39,"Mise, Koji",P,44,0,0,0.000,0.000,0.000,0.000,0,0,0,0,0,0,0,0,0,0,0,0,0,0,0,0,0,51255119
2011,Regular Season,Hanshin Tigers,7,"Fujikawa, Shunsuke",LF,108,205,190,0.242,0.276,0.311,0.587,20,9,46,37,6,2,1,59,5,3,9,0,28,2,0,6,0,51255131
2011,Regular Season,Chunichi Dragons,43,"Ogasawara, Takashi",P,1,0,0,0.000,0.000,0.000,0.000,0,0,0,0,0,0,0,0,0,0,0,0,0,0,0,0,0,51353888
2011,Regular Season,Tohoku Rakuten Golden Eagles,35,"Ohiro, Shoji",1B,18,33,29,0.172,0.200,0.207,0.407,1,1,5,4,1,0,0,6,1,0,0,0,9,0,1,3,0,51355110
2011,Regular Season,Hanshin Tigers,21,"Iwata, Minoru",P,25,54,49,0.102,0.120,0.102,0.222,2,2,5,5,0,0,0,5,0,0,1,0,28,0,0,4,0,51355112
2011,Regular Season,Hiroshima Toyo Carp,31,"Ishihara, Yoshiyuki",C,110,342,299,0.201,0.262,0.274,0.536,15,27,60,46,10,0,4,82,2,2,22,3,49,7,4,14,3,51355115
2011,Regular Season,Chunichi Dragons,28,"Iwata, Shinji",P,5,7,6,0.000,0.000,0.000,0.000,0,0,0,0,0,0,0,0,0,0,0,0,4,0,0,1,0,51355118
2011,Climax Series - Final Stage,Saitama Seibu Lions,59,"Okamoto, Atsushi",P,1,0,0,0.000,0.000,0.000,0.000,0,0,0,0,0,0,0,0,0,0,0,0,0,0,0,0,0,51355119
2011,Climax Series - First Stage,Saitama Seibu Lions,59,"Okamoto, Atsushi",P,1,0,0,0.000,0.000,0.000,0.000,0,0,0,0,0,0,0,0,0,0,0,0,0,0,0,0,0,51355119
2011,Regular Season,Saitama Seibu Lions,59,"Okamoto, Atsushi",P,49,0,0,0.000,0.000,0.000,0.000,0,0,0,0,0,0,0,0,0,0,0,0,0,0,0,0,0,51355119
2011,Regular Season,Hiroshima Toyo Carp,16,"Imamura, Takeru",P,56,10,9,0.111,0.111,0.111,0.222,0,0,1,1,0,0,0,1,0,0,0,0,3,1,0,1,0,51355131
2011,Regular Season,Hiroshima Toyo Carp,28,"Iwami, Yuki",P,8,0,0,0.000,0.000,0.000,0.000,0,0,0,0,0,0,0,0,0,0,0,0,0,0,0,0,0,51355133
2011,Regular Season,Orix Buffaloes,2,"Yamasaki, Koji",SS,48,85,77,0.247,0.298,0.299,0.597,6,10,19,17,1,0,1,23,3,1,5,0,10,3,1,1,1,51453888
2011,Climax Series - Final Stage,Tokyo Yakult Swallows,21,"Matsuoka, Kenichi",P,4,0,0,0.000,0.000,0.000,0.000,0,0,0,0,0,0,0,0,0,0,0,0,0,0,0,0,0,51455110
2011,Climax Series - First Stage,Tokyo Yakult Swallows,21,"Matsuoka, Kenichi",P,1,0,0,0.000,0.000,0.000,0.000,0,0,0,0,0,0,0,0,0,0,0,0,0,0,0,0,0,51455110
2011,Regular Season,Tokyo Yakult Swallows,21,"Matsuoka, Kenichi",P,63,2,1,0.000,0.000,0.000,0.000,0,0,0,0,0,0,0,0,0,0,0,0,1,0,0,1,0,51455110
2011,Climax Series - Final Stage,Chunichi Dragons,4,"Fujii, Atsushi",CF,2,3,2,0.000,0.333,0.000,0.333,0,0,0,0,0,0,0,0,0,0,1,0,0,0,0,0,0,51455112
2011,Japan Series,Chunichi Dragons,4,"Fujii, Atsushi",CF,6,12,12,0.000,0.000,0.000,0.000,1,0,0,0,0,0,0,0,0,0,0,0,4,0,0,0,0,51455112
2011,Regular Season,Chunichi Dragons,4,"Fujii, Atsushi",CF,20,58,50,0.240,0.283,0.280,0.563,7,3,12,10,2,0,0,14,1,0,1,0,13,1,2,5,0,51455112
2011,Regular Season,Saitama Seibu Lions,28,"Fujiwara, Ryohei",P,5,0,0,0.000,0.000,0.000,0.000,0,0,0,0,0,0,0,0,0,0,0,0,0,0,0,0,0,51455116
2011,Regular Season,Chiba Lotte Marines,68,"Hayasaka, Keisuke",SS,22,65,58,0.224,0.262,0.259,0.521,7,3,13,12,0,1,0,15,3,0,3,0,15,2,0,4,0,51455117
2011,Climax Series - First Stage,Yomiuri Giants,65,"Hashimoto, Itaru",LF,1,1,0,0.000,0.000,0.000,0.000,0,0,0,0,0,0,0,0,0,0,0,0,0,0,0,1,0,51455118
2011,Regular Season,Yomiuri Giants,65,"Hashimoto, Itaru",LF,33,30,26,0.192,0.250,0.192,0.442,5,0,5,5,0,0,0,5,3,2,2,0,10,0,0,2,0,51455118
2011,Regular Season,Orix Buffaloes,3,"I, Sunyopu",1B,122,432,394,0.201,0.257,0.365,0.622,28,51,79,44,20,0,15,144,0,0,32,1,121,8,0,0,6,51455119
2011,Regular Season,Chunichi Dragons,47,"Matsui, Masato",PH,10,13,11,0.273,0.273,0.273,0.546,2,0,3,3,0,0,0,3,0,0,0,0,4,0,0,2,0,51455131
2011,Regular Season,Fukuoka Softbank Hawks,28,"Otonari, Kenji",P,9,0,0,0.000,0.000,0.000,0.000,0,0,0,0,0,0,0,0,0,0,0,0,0,0,0,0,0,51555114
2011,Regular Season,Tokyo Yakult Swallows,29,"Onodera, Chikara",P,6,0,0,0.000,0.000,0.000,0.000,0,0,0,0,0,0,0,0,0,0,0,0,0,0,0,0,0,51555117
2011,Regular Season,Chunichi Dragons,16,"Ogawa, Ryuya",P,1,0,0,0.000,0.000,0.000,0.000,0,0,0,0,0,0,0,0,0,0,0,0,0,0,0,0,0,51555131
2011,Regular Season,Yokohama BayStars,41,"Ohara, Shinji",P,71,0,0,0.000,0.000,0.000,0.000,0,0,0,0,0,0,0,0,0,0,0,0,0,0,0,0,0,51555133
2011,Climax Series - Final Stage,Tokyo Yakult Swallows,48,"Watanabe, Koki",P,1,0,0,0.000,0.000,0.000,0.000,0,0,0,0,0,0,0,0,0,0,0,0,0,0,0,0,0,51655110
2011,Regular Season,Tokyo Yakult Swallows,48,"Watanabe, Koki",P,13,1,1,0.000,0.000,0.000,0.000,0,0,0,0,0,0,0,0,0,0,0,0,1,0,0,0,0,51655110
2011,Climax Series - Final Stage,Fukuoka Softbank Hawks,5,"Matsuda, Nobuhiro",3B,3,13,10,0.100,0.250,0.400,0.650,1,1,1,0,0,0,1,4,0,1,2,0,3,0,0,1,0,51655112
2011,Japan Series,Fukuoka Softbank Hawks,5,"Matsuda, Nobuhiro",3B,7,28,25,0.160,0.222,0.160,0.382,2,2,4,4,0,0,0,4,3,0,1,0,5,0,1,1,0,51655112
2011,Regular Season,Fukuoka Softbank Hawks,5,"Matsuda, Nobuhiro",3B,144,582,525,0.282,0.344,0.510,0.854,77,83,148,85,31,7,25,268,27,9,41,3,128,11,10,3,3,51655112
2011,Regular Season,Hiroshima Toyo Carp,18,"Maeda, Kenta",P,32,73,61,0.082,0.109,0.098,0.207,0,3,5,4,1,0,0,6,0,0,2,0,25,0,0,9,1,51655114
2011,Climax Series - First Stage,Yomiuri Giants,48,"Yano, Kenji",PH,3,2,2,0.000,0.000,0.000,0.000,1,0,0,0,0,0,0,0,0,0,0,0,0,0,0,0,0,51655117
2011,Regular Season,Yomiuri Giants,48,"Yano, Kenji",PH,53,116,107,0.252,0.283,0.346,0.629,10,11,27,19,7,0,1,37,2,1,4,1,20,3,1,3,1,51655117
2011,Regular Season,Yokohama BayStars,6,"Matsumoto, Keijiro",CF,47,116,104,0.212,0.236,0.269,0.505,9,11,22,17,4,1,0,28,2,2,4,0,15,2,0,6,2,51655118
2011,Regular Season,Yomiuri Giants,53,"Sanematsu, Kazunari",C,20,24,22,0.273,0.273,0.545,0.818,3,3,6,4,0,0,2,12,0,0,0,0,10,0,0,2,0,51753888
2011,Regular Season,Orix Buffaloes,18,"Kishida, Mamoru",P,68,0,0,0.000,0.000,0.000,0.000,0,0,0,0,0,0,0,0,0,0,0,0,0,0,0,0,0,51755112
2011,Climax Series - Final Stage,Saitama Seibu Lions,1,"Kuriyama, Takumi",CF,3,13,12,0.167,0.167,0.167,0.334,0,0,2,2,0,0,0,2,0,0,0,0,1,0,0,1,0,51755115
2011,Climax Series - First Stage,Saitama Seibu Lions,1,"Kuriyama, Takumi",CF,2,10,10,0.300,0.300,0.300,0.600,1,0,3,3,0,0,0,3,0,0,0,0,0,1,0,0,0,51755115
2011,Regular Season,Saitama Seibu Lions,1,"Kuriyama, Takumi",CF,144,653,557,0.307,0.391,0.384,0.775,87,60,171,136,30,2,3,214,6,2,73,0,90,17,8,9,6,51755115
2011,Regular Season,Hiroshima Toyo Carp,4,"Kokubo, Tetsuya",3B,65,158,142,0.261,0.295,0.352,0.647,13,12,37,28,7,0,2,50,1,1,3,0,17,0,4,9,0,51755116
2011,Regular Season,Tokyo Yakult Swallows,13,"Sato, Masaru",P,2,0,0,0.000,0.000,0.000,0.000,0,0,0,0,0,0,0,0,0,0,0,0,0,0,0,0,0,51755119
2011,Regular Season,Saitama Seibu Lions,17,"Kikuchi, Yusei",P,10,0,0,0.000,0.000,0.000,0.000,0,0,0,0,0,0,0,0,0,0,0,0,0,0,0,0,0,51755131
2011,Regular Season,Yokohama BayStars,11,"Yamaguchi, Shun",P,59,0,0,0.000,0.000,0.000,0.000,0,0,0,0,0,0,0,0,0,0,0,0,0,0,0,0,0,51855112
2011,Regular Season,Chiba Lotte Marines,28,"Yamamoto, Kazunori",P,14,0,0,0.000,0.000,0.000,0.000,0,0,0,0,0,0,0,0,0,0,0,0,0,0,0,0,0,51855114
2011,Climax Series - First Stage,Saitama Seibu Lions,13,"Nishiguchi, Fumiya",P,1,0,0,0.000,0.000,0.000,0.000,0,0,0,0,0,0,0,0,0,0,0,0,0,0,0,0,0,51953880
2011,Regular Season,Saitama Seibu Lions,13,"Nishiguchi, Fumiya",P,23,6,5,0.000,0.000,0.000,0.000,0,0,0,0,0,0,0,0,0,0,0,0,4,0,0,1,0,51953880
2011,Climax Series - First Stage,Yomiuri Giants,24,"Takahashi, Yoshinobu",RF,3,6,6,0.333,0.333,0.500,0.833,0,4,2,1,1,0,0,3,0,0,0,0,3,0,0,0,0,51953886
2011,Regular Season,Yomiuri Giants,24,"Takahashi, Yoshinobu",RF,95,301,256,0.246,0.357,0.473,0.830,35,37,63,35,13,0,15,121,0,1,40,1,64,9,4,1,0,51953886
2011,Climax Series - First Stage,Yomiuri Giants,6,"Sakamoto, Hayato",SS,3,14,12,0.167,0.231,0.250,0.481,0,0,2,1,1,0,0,3,0,0,1,0,1,0,0,1,0,51955114
2011,Regular Season,Yomiuri Giants,6,"Sakamoto, Hayato",SS,144,624,568,0.262,0.313,0.401,0.714,69,59,149,104,27,2,16,228,8,1,37,8,91,3,6,10,3,51955114
2011,Regular Season,Hanshin Tigers,61,"Tagami, Kenichi",LF,6,17,16,0.250,0.294,0.250,0.544,2,0,4,4,0,0,0,4,1,0,1,0,5,0,0,0,0,51955131
2011,Regular Season,Yomiuri Giants,94,"Koyama, Yuki",P,3,4,3,0.000,0.000,0.000,0.000,0,0,0,0,0,0,0,0,0,0,0,0,2,0,0,1,0,51955133
2011,Regular Season,Hanshin Tigers,67,"Brazell, Craig",1B,120,456,422,0.282,0.322,0.445,0.767,33,69,119,82,21,0,16,188,0,1,21,1,71,15,7,0,6,53155116
2011,Regular Season,Hanshin Tigers,9,"Murton, Matt",RF,142,606,579,0.311,0.339,0.423,0.762,66,60,180,142,24,1,13,245,6,4,24,0,76,13,1,1,1,53155131
2011,Regular Season,Tohoku Rakuten Golden Eagles,42,"Jimenez, Kelvin",P,13,0,0,0.000,0.000,0.000,0.000,0,0,0,0,0,0,0,0,0,0,0,0,0,0,0,0,0,53355133
2011,Regular Season,Fukuoka Softbank Hawks,57,"Lerew, Anthony",P,4,0,0,0.000,0.000,0.000,0.000,0,0,0,0,0,0,0,0,0,0,0,0,0,0,0,0,0,53555133
2011,Regular Season,Yokohama BayStars,32,"Gonzalez, Luis",P,2,2,2,0.000,0.000,0.000,0.000,0,0,0,0,0,0,0,0,0,0,0,0,0,0,0,0,0,53755133
2011,Climax Series - Final Stage,Fukuoka Softbank Hawks,3,"Matsunaka, Nobuhiko",LF,2,2,2,0.500,0.500,2.000,2.500,1,4,1,0,0,0,1,4,0,0,0,0,0,0,0,0,0,61063884
2011,Japan Series,Fukuoka Softbank Hawks,3,"Matsunaka, Nobuhiko",LF,5,10,8,0.000,0.200,0.000,0.200,1,0,0,0,0,0,0,0,0,0,2,0,4,0,0,0,0,61063884
2011,Regular Season,Fukuoka Softbank Hawks,3,"Matsunaka, Nobuhiko",LF,88,304,266,0.308,0.383,0.504,0.887,26,36,82,54,16,0,12,134,0,0,29,2,38,2,5,0,3,61063884
2011,Regular Season,Hanshin Tigers,14,"Nohmi, Atsushi",P,31,61,51,0.118,0.167,0.118,0.285,4,2,6,6,0,0,0,6,0,0,3,0,25,0,0,7,0,61065110
2011,Regular Season,Yomiuri Giants,66,"Tanaka, Daijiro",PH,25,47,39,0.154,0.267,0.231,0.498,0,1,6,3,3,0,0,9,0,0,2,1,6,0,4,2,0,61065114
2011,Climax Series - First Stage,Hokkaido Nippon-Ham Fighters,6,"Nakata, Sho",LF,2,9,8,0.000,0.111,0.000,0.111,0,0,0,0,0,0,0,0,0,0,1,0,0,1,0,0,0,61065116
2011,Regular Season,Hokkaido Nippon-Ham Fighters,6,"Nakata, Sho",LF,143,572,527,0.237,0.283,0.408,0.691,49,91,125,73,32,2,18,215,4,0,31,2,133,12,6,0,8,61065116
2011,Regular Season,Yokohama BayStars,61,"Takeyama, Shingo",C,46,102,88,0.125,0.188,0.193,0.381,4,5,11,7,3,0,1,17,0,0,4,0,26,4,3,6,1,61065117
2011,Regular Season,Chiba Lotte Marines,2,"Imaoka, Makoto",DH,13,26,23,0.130,0.200,0.174,0.374,2,1,3,2,1,0,0,4,0,0,2,0,3,0,0,1,0,61163884
2011,Regular Season,Hokkaido Nippon-Ham Fighters,44,"Ugumori, Atsushi",PH,42,64,61,0.246,0.266,0.393,0.659,3,6,15,10,3,0,2,24,0,1,2,0,17,1,0,0,1,61165110
2011,Climax Series - Final Stage,Tokyo Yakult Swallows,9,"Iihara, Yasushi",LF,4,4,4,0.250,0.250,1.000,1.250,1,1,1,0,0,0,1,4,0,0,0,0,2,0,0,0,0,61165112
2011,Climax Series - First Stage,Tokyo Yakult Swallows,9,"Iihara, Yasushi",LF,1,1,1,0.000,0.000,0.000,0.000,0,0,0,0,0,0,0,0,0,0,0,0,0,0,0,0,0,61165112
2011,Regular Season,Tokyo Yakult Swallows,9,"Iihara, Yasushi",LF,64,122,103,0.126,0.229,0.165,0.394,6,8,13,9,4,0,0,17,0,0,14,1,20,7,0,4,1,61165112
2011,Climax Series - First Stage,Hokkaido Nippon-Ham Fighters,45,"Imanami, Takahiro",2B,1,1,1,0.000,0.000,0.000,0.000,0,0,0,0,0,0,0,0,0,0,0,0,0,0,0,0,0,61165114
2011,Regular Season,Hokkaido Nippon-Ham Fighters,45,"Imanami, Takahiro",2B,84,197,179,0.240,0.273,0.291,0.564,12,8,43,35,7,1,0,52,3,1,8,1,18,0,0,10,0,61165114
2011,Regular Season,Tohoku Rakuten Golden Eagles,48,"Ishimine, Tadashi",C,33,73,67,0.254,0.296,0.328,0.624,7,7,17,12,5,0,0,22,1,1,4,0,19,0,0,2,0,61165116
2011,Regular Season,Chiba Lotte Marines,21,"Uchi, Tatsuya",P,21,1,1,0.000,0.000,0.000,0.000,0,0,0,0,0,0,0,0,0,0,0,0,0,0,0,0,0,61165119
2011,Regular Season,Chiba Lotte Marines,5,"Ishimine, Shota",LF,126,492,422,0.261,0.329,0.341,0.670,52,21,110,86,16,6,2,144,32,6,30,0,77,3,13,27,0,61165133
2011,Climax Series - Final Stage,Saitama Seibu Lions,61,"Hoshi, Takanori",C,2,1,1,0.000,0.000,0.000,0.000,0,0,0,0,0,0,0,0,0,0,0,0,0,0,0,0,0,61265110
2011,Climax Series - First Stage,Saitama Seibu Lions,61,"Hoshi, Takanori",C,2,6,4,0.250,0.200,0.250,0.450,0,1,1,1,0,0,0,1,0,0,0,0,2,0,0,1,1,61265110
2011,Regular Season,Saitama Seibu Lions,61,"Hoshi, Takanori",C,40,73,66,0.242,0.286,0.303,0.589,6,2,16,13,2,1,0,20,1,0,2,0,14,3,2,3,0,61265110
2011,Regular Season,Hiroshima Toyo Carp,44,"Mukae, Yuichiro",PH,13,17,15,0.200,0.250,0.267,0.517,1,2,3,2,1,0,0,4,0,0,1,0,2,2,0,1,0,61265111
2011,Climax Series - Final Stage,Chunichi Dragons,40,"Hirata, Ryosuke",RF,5,15,11,0.273,0.429,0.364,0.793,0,3,3,2,1,0,0,4,0,0,3,0,3,0,0,1,0,61265112
2011,Japan Series,Chunichi Dragons,40,"Hirata, Ryosuke",RF,7,25,21,0.190,0.292,0.238,0.530,1,1,4,3,1,0,0,5,0,1,3,0,6,0,0,1,0,61265112
2011,Regular Season,Chunichi Dragons,40,"Hirata, Ryosuke",RF,113,376,330,0.255,0.333,0.436,0.769,39,38,84,52,15,6,11,144,1,2,38,0,72,10,1,7,0,61265112
2011,Regular Season,Tohoku Rakuten Golden Eagles,63,"Makida, Akihisa",RF,76,215,194,0.268,0.308,0.376,0.684,18,21,52,35,15,0,2,73,2,2,8,0,27,8,5,4,4,61265113
2011,Regular Season,Hiroshima Toyo Carp,00,"Nakahigashi, Naoki",PR,64,34,34,0.206,0.206,0.235,0.441,7,1,7,6,1,0,0,8,3,4,0,0,4,0,0,0,0,61265114
2011,Regular Season,Hanshin Tigers,5,"Hirano, Keiichi",2B,142,615,542,0.295,0.341,0.343,0.684,62,29,160,141,13,5,1,186,6,7,33,1,67,6,5,34,1,61265115
2011,Regular Season,Tohoku Rakuten Golden Eagles,23,"Hijirisawa, Ryo",CF,144,559,496,0.288,0.338,0.343,0.681,57,42,143,121,19,1,2,170,52,16,31,0,109,5,8,21,3,61265116
2011,Regular Season,Fukuoka Softbank Hawks,00,"Yoshikawa, Teruaki",P,40,0,0,0.000,0.000,0.000,0.000,0,0,0,0,0,0,0,0,0,0,0,0,0,0,0,0,0,61265119
2011,Regular Season,Saitama Seibu Lions,00,"Hayashizaki, Ryo",2B,2,3,3,0.000,0.000,0.000,0.000,0,0,0,0,0,0,0,0,0,0,0,0,0,0,0,0,0,61265133
2011,Regular Season,Orix Buffaloes,55,"Okada, Takahiro",LF,134,550,492,0.260,0.331,0.411,0.742,61,85,128,86,26,0,16,202,4,0,39,1,116,10,15,0,4,61365112
2011,Regular Season,Yokohama BayStars,13,"Onuma, Koji",P,14,0,0,0.000,0.000,0.000,0.000,0,0,0,0,0,0,0,0,0,0,0,0,0,0,0,0,0,61365113
2011,Regular Season,Hiroshima Toyo Carp,46,"Oshima, Takayuki",P,7,1,1,0.000,0.000,0.000,0.000,0,0,0,0,0,0,0,0,0,0,0,0,1,0,0,0,0,61365115
2011,Climax Series - First Stage,Hokkaido Nippon-Ham Fighters,28,"Ohno, Shota",C,2,6,6,0.000,0.000,0.000,0.000,0,0,0,0,0,0,0,0,0,0,0,0,0,0,0,0,0,61365118
2011,Regular Season,Hokkaido Nippon-Ham Fighters,28,"Ohno, Shota",C,102,272,242,0.227,0.292,0.318,0.610,25,17,55,40,11,1,3,77,0,1,14,0,44,4,8,8,0,61365118
2011,Regular Season,Orix Buffaloes,6,"Kaneko, Keisuke",2B,11,16,12,0.000,0.077,0.000,0.077,0,0,0,0,0,0,0,0,0,0,1,0,4,0,0,3,0,61365119
2011,Regular Season,Hokkaido Nippon-Ham Fighters,14,"Otsuka, Yutaka",P,3,0,0,0.000,0.000,0.000,0.000,0,0,0,0,0,0,0,0,0,0,0,0,0,0,0,0,0,61365131
2011,Regular Season,Chiba Lotte Marines,43,"Mitsuhara, Atsuhiro",P,3,0,0,0.000,0.000,0.000,0.000,0,0,0,0,0,0,0,0,0,0,0,0,0,0,0,0,0,61465110
2011,Regular Season,Hanshin Tigers,0,"Yamato, Maeda",3B,47,62,51,0.235,0.263,0.294,0.557,13,6,12,10,1,1,0,15,5,1,3,0,6,0,0,5,3,61465112
2011,Regular Season,Yokohama BayStars,19,"Fujie, Hitoshi",P,47,1,1,0.000,0.000,0.000,0.000,0,0,0,0,0,0,0,0,0,0,0,0,1,0,0,0,0,61465118
2011,Regular Season,Hiroshima Toyo Carp,55,"Shima, Shigenobu",LF,54,141,125,0.256,0.333,0.392,0.725,13,8,32,20,9,1,2,49,1,0,14,0,19,1,1,0,1,61563880
2011,Regular Season,Hanshin Tigers,41,"Kobayashi, Hiroyuki",P,42,0,0,0.000,0.000,0.000,0.000,0,0,0,0,0,0,0,0,0,0,0,0,0,0,0,0,0,61563884
2011,Regular Season,Orix Buffaloes,34,"Kobayashi, Masahide",P,6,0,0,0.000,0.000,0.000,0.000,0,0,0,0,0,0,0,0,0,0,0,0,0,0,0,0,0,61563888
2011,Regular Season,Hanshin Tigers,34,"Kubo, Yasutomo",P,21,32,29,0.000,0.000,0.000,0.000,1,0,0,0,0,0,0,0,0,0,0,0,14,0,0,3,0,61565110
2011,Regular Season,Hanshin Tigers,62,"Kawasaki, Yusuke",P,6,0,0,0.000,0.000,0.000,0.000,0,0,0,0,0,0,0,0,0,0,0,0,0,0,0,0,0,61565112
2011,Regular Season,Hanshin Tigers,65,"Kiyohara, Daiki",P,1,2,1,0.000,0.000,0.000,0.000,0,0,0,0,0,0,0,0,0,0,0,0,1,0,0,1,0,61565116
2011,Regular Season,Chiba Lotte Marines,62,"Kanazawa, Takeshi",PH,21,29,28,0.071,0.069,0.071,0.140,0,2,2,2,0,0,0,2,0,0,0,0,11,0,0,0,1,61565117
2011,Regular Season,Hanshin Tigers,35,"Saka, Katsuhiko",PH,3,5,5,0.000,0.000,0.000,0.000,0,0,0,0,0,0,0,0,0,0,0,0,4,0,0,0,0,61565119
2011,Regular Season,Hokkaido Nippon-Ham Fighters,29,"Yagi, Tomoya",P,3,0,0,0.000,0.000,0.000,0.000,0,0,0,0,0,0,0,0,0,0,0,0,0,0,0,0,0,61665112
2011,Climax Series - Final Stage,Fukuoka Softbank Hawks,19,"Morifuku, Masahiko",P,2,0,0,0.000,0.000,0.000,0.000,0,0,0,0,0,0,0,0,0,0,0,0,0,0,0,0,0,61665114
2011,Japan Series,Fukuoka Softbank Hawks,19,"Morifuku, Masahiko",P,5,0,0,0.000,0.000,0.000,0.000,0,0,0,0,0,0,0,0,0,0,0,0,0,0,0,0,0,61665114
2011,Regular Season,Fukuoka Softbank Hawks,19,"Morifuku, Masahiko",P,60,0,0,0.000,0.000,0.000,0.000,0,0,0,0,0,0,0,0,0,0,0,0,0,0,0,0,0,61665114
2011,Regular Season,Tokyo Yakult Swallows,63,"Yamamoto, Hitoshi",P,12,11,9,0.111,0.111,0.111,0.222,1,1,1,1,0,0,0,1,0,0,0,0,3,1,0,2,0,61665116
2011,Regular Season,Yokohama BayStars,31,"Yoshimura, Yuki",RF,81,245,220,0.200,0.272,0.314,0.586,25,11,44,30,8,1,5,69,0,1,15,0,59,3,7,2,1,61665117
2011,Regular Season,Hokkaido Nippon-Ham Fighters,33,"Yanuki, Toshiyuki",P,1,0,0,0.000,0.000,0.000,0.000,0,0,0,0,0,0,0,0,0,0,0,0,0,0,0,0,0,61665118
2011,Regular Season,Chunichi Dragons,25,"Mutoh, Yuta",P,7,0,0,0.000,0.000,0.000,0.000,0,0,0,0,0,0,0,0,0,0,0,0,0,0,0,0,0,61665133
2011,Climax Series - First Stage,Yomiuri Giants,12,"Suzuki, Takahiro",CF,1,1,1,1.000,1.000,1.000,2.000,1,0,1,1,0,0,0,1,0,0,0,0,0,0,0,0,0,61763884
2011,Regular Season,Yomiuri Giants,12,"Suzuki, Takahiro",CF,90,68,58,0.190,0.254,0.224,0.478,24,0,11,9,2,0,0,13,18,5,4,0,13,3,1,5,0,61763884
2011,Climax Series - Final Stage,Chunichi Dragons,23,"Suzuki, Yoshihiro",P,2,0,0,0.000,0.000,0.000,0.000,0,0,0,0,0,0,0,0,0,0,0,0,0,0,0,0,0,61765110
2011,Japan Series,Chunichi Dragons,23,"Suzuki, Yoshihiro",P,1,0,0,0.000,0.000,0.000,0.000,0,0,0,0,0,0,0,0,0,0,0,0,0,0,0,0,0,61765110
2011,Regular Season,Chunichi Dragons,23,"Suzuki, Yoshihiro",P,55,1,1,0.000,0.000,0.000,0.000,0,0,0,0,0,0,0,0,0,0,0,0,1,0,0,0,0,61765110
2011,Regular Season,Saitama Seibu Lions,44,"Takayama, Hisashi",LF,19,49,46,0.196,0.245,0.239,0.484,2,2,9,7,2,0,0,11,0,0,2,0,17,0,1,0,0,61765111
2011,Climax Series - Final Stage,Saitama Seibu Lions,10,"Sato, Tomoaki",LF,3,7,6,0.167,0.286,0.167,0.453,0,0,1,1,0,0,0,1,0,0,1,0,2,0,0,0,0,61765113
2011,Regular Season,Saitama Seibu Lions,10,"Sato, Tomoaki",LF,42,57,50,0.120,0.170,0.200,0.370,4,1,6,4,1,0,1,10,0,0,2,0,10,1,1,4,0,61765113
2011,Regular Season,Yokohama BayStars,30,"Sanada, Hiroki",P,53,2,2,0.000,0.000,0.000,0.000,0,0,0,0,0,0,0,0,0,0,0,0,1,0,0,0,0,61765115
2011,Regular Season,Yokohama BayStars,60,"Sato, Shoma",P,11,0,0,0.000,0.000,0.000,0.000,0,0,0,0,0,0,0,0,0,0,0,0,0,0,0,0,0,61765116
2011,Regular Season,Hanshin Tigers,30,"Kubota, Tomoyuki",P,23,0,0,0.000,0.000,0.000,0.000,0,0,0,0,0,0,0,0,0,0,0,0,0,0,0,0,0,61765117
2011,Regular Season,Yomiuri Giants,41,"Albaladejo, Jonathan",P,46,0,0,0.000,0.000,0.000,0.000,0,0,0,0,0,0,0,0,0,0,0,0,0,0,0,0,0,61865133
2011,Regular Season,Hiroshima Toyo Carp,33,"Toyoda, Kiyoshi",P,32,0,0,0.000,0.000,0.000,0.000,0,0,0,0,0,0,0,0,0,0,0,0,0,0,0,0,0,61963887
2011,Climax Series - First Stage,Hokkaido Nippon-Ham Fighters,11,"Darvish, Yu",P,1,0,0,0.000,0.000,0.000,0.000,0,0,0,0,0,0,0,0,0,0,0,0,0,0,0,0,0,61965110
2011,Regular Season,Hokkaido Nippon-Ham Fighters,11,"Darvish, Yu",P,28,7,6,0.333,0.429,0.333,0.762,0,0,2,2,0,0,0,2,0,0,1,0,0,0,0,0,0,61965110
2011,Regular Season,Fukuoka Softbank Hawks,70,"Tanoe, Hidenori",C,14,38,37,0.216,0.237,0.351,0.588,2,4,8,5,2,0,1,13,0,0,1,0,18,0,0,0,0,61965115
2011,Climax Series - First Stage,Yomiuri Giants,5,"Ramirez, Alex",LF,3,11,10,0.100,0.182,0.100,0.282,1,0,1,1,0,0,0,1,0,0,1,0,3,0,0,0,0,63165113
2011,Regular Season,Yomiuri Giants,5,"Ramirez, Alex",LF,137,515,477,0.279,0.322,0.453,0.775,39,73,133,97,12,1,23,216,2,1,30,1,72,9,3,0,5,63165113
2011,Regular Season,Yokohama BayStars,3,"Sledge, Terrmel",LF,95,373,339,0.260,0.316,0.481,0.797,45,57,88,53,15,0,20,163,0,1,26,0,90,5,4,0,4,63165116
2011,Regular Season,Yokohama BayStars,38,"Hamilton, Clayton",P,18,4,4,0.000,0.000,0.000,0.000,0,0,0,0,0,0,0,0,0,0,0,0,3,0,0,0,0,63165133
2011,Climax Series - First Stage,Hokkaido Nippon-Ham Fighters,9,"Hoffpauir, Micah",1B,2,5,5,0.400,0.400,1.000,1.400,1,1,2,1,0,0,1,5,0,0,0,0,1,0,0,0,0,63365133
2011,Regular Season,Hokkaido Nippon-Ham Fighters,9,"Hoffpauir, Micah",1B,122,373,329,0.222,0.298,0.374,0.672,29,36,73,47,14,0,12,123,0,2,38,3,99,7,0,0,6,63365133
2011,Regular Season,Chiba Lotte Marines,99,"Rosa, Carlos",P,62,0,0,0.000,0.000,0.000,0.000,0,0,0,0,0,0,0,0,0,0,0,0,0,0,0,0,0,63565133
2011,Regular Season,Hiroshima Toyo Carp,35,"Barden, Brian",3B,64,242,210,0.281,0.368,0.371,0.739,18,20,59,46,10,0,3,78,0,1,25,0,48,2,5,0,2,63765133
2011,Regular Season,Hiroshima Toyo Carp,25,"Ishii, Takuro",PH,61,106,92,0.250,0.337,0.348,0.685,11,4,23,18,2,2,1,32,0,0,12,1,13,1,0,2,0,65563868
2011,Regular Season,Hanshin Tigers,22,"Fujikawa, Kyuji",P,56,0,0,0.000,0.000,0.000,0.000,0,0,0,0,0,0,0,0,0,0,0,0,0,0,0,0,0,71073888
2011,Regular Season,Fukuoka Softbank Hawks,31,"Nakanishi, Kenta",DH,3,0,0,0.000,0.000,0.000,0.000,1,0,0,0,0,0,0,0,0,0,0,0,0,0,0,0,0,71075110
2011,Climax Series - First Stage,Hokkaido Nippon-Ham Fighters,38,"Takeda, Masaru",P,1,0,0,0.000,0.000,0.000,0.000,0,0,0,0,0,0,0,0,0,0,0,0,0,0,0,0,0,71075112
2011,Regular Season,Hokkaido Nippon-Ham Fighters,38,"Takeda, Masaru",P,25,7,6,0.000,0.000,0.000,0.000,0,0,0,0,0,0,0,0,0,0,0,0,4,0,0,1,0,71075112
2011,Regular Season,Chunichi Dragons,50,"Nakata, Ryoji",PH,26,50,46,0.239,0.286,0.261,0.547,1,2,11,10,1,0,0,12,1,0,2,0,12,3,1,1,0,71075131
2011,Regular Season,Yokohama BayStars,20,"Suda, Kota",P,17,25,18,0.222,0.222,0.222,0.444,2,0,4,4,0,0,0,4,0,0,0,0,7,0,0,7,0,71075133
2011,Climax Series - Final Stage,Chunichi Dragons,2,"Araki, Masahiro",SS,5,22,21,0.238,0.273,0.238,0.511,3,0,5,5,0,0,0,5,0,0,1,0,2,0,0,0,0,71173882
2011,Japan Series,Chunichi Dragons,2,"Araki, Masahiro",SS,7,29,28,0.286,0.276,0.357,0.633,2,2,8,6,2,0,0,10,0,0,0,0,3,0,0,0,1,71173882
2011,Regular Season,Chunichi Dragons,2,"Araki, Masahiro",SS,135,593,543,0.263,0.312,0.319,0.631,58,24,143,119,20,2,2,173,18,9,36,0,73,4,3,10,1,71173882
2011,Climax Series - First Stage,Hokkaido Nippon-Ham Fighters,4,"Iiyama, Yuji",SS,1,0,0,0.000,0.000,0.000,0.000,0,0,0,0,0,0,0,0,0,0,0,0,0,0,0,0,0,71173886
2011,Regular Season,Hokkaido Nippon-Ham Fighters,4,"Iiyama, Yuji",SS,99,194,169,0.183,0.192,0.207,0.399,9,7,31,29,0,2,0,35,3,2,2,0,35,0,0,22,1,71173886
2011,Climax Series - First Stage,Hokkaido Nippon-Ham Fighters,13,"Ishii, Yuya",P,2,0,0,0.000,0.000,0.000,0.000,0,0,0,0,0,0,0,0,0,0,0,0,0,0,0,0,0,71175110
2011,Regular Season,Hokkaido Nippon-Ham Fighters,13,"Ishii, Yuya",P,39,0,0,0.000,0.000,0.000,0.000,0,0,0,0,0,0,0,0,0,0,0,0,0,0,0,0,0,71175110
2011,Regular Season,Chiba Lotte Marines,58,"Aono, Takeshi",PH,5,3,2,0.000,0.333,0.000,0.333,0,0,0,0,0,0,0,0,0,0,1,0,1,0,0,0,0,71175113
2011,Climax Series - Final Stage,Chunichi Dragons,41,"Asao, Takuya",P,4,0,0,0.000,0.000,0.000,0.000,0,0,0,0,0,0,0,0,0,0,0,0,0,0,0,0,0,71175114
2011,Japan Series,Chunichi Dragons,41,"Asao, Takuya",P,5,0,0,0.000,0.000,0.000,0.000,0,0,0,0,0,0,0,0,0,0,0,0,0,0,0,0,0,71175114
2011,Regular Season,Chunichi Dragons,41,"Asao, Takuya",P,79,2,2,0.000,0.000,0.000,0.000,0,0,0,0,0,0,0,0,0,0,0,0,0,0,0,0,0,71175114
2011,Regular Season,Chiba Lotte Marines,60,"Abe, Kazunari",P,3,0,0,0.000,0.000,0.000,0.000,0,0,0,0,0,0,0,0,0,0,0,0,0,0,0,0,0,71175116
2011,Regular Season,Tohoku Rakuten Golden Eagles,9,"Abe, Toshihito",3B,17,24,22,0.091,0.091,0.091,0.182,1,0,2,2,0,0,0,2,0,0,0,0,8,1,0,2,0,71175133
2011,Regular Season,Chiba Lotte Marines,49,"Yabuta, Yasuhiko",P,53,1,1,0.000,0.000,0.000,0.000,0,0,0,0,0,0,0,0,0,0,0,0,0,0,0,0,0,71273882
2011,Regular Season,Chiba Lotte Marines,67,"Matoba, Naoki",C,27,74,70,0.186,0.208,0.200,0.408,2,3,13,12,1,0,0,14,0,0,1,0,24,1,1,2,0,71275111
2011,Regular Season,Tohoku Rakuten Golden Eagles,66,"Nishimura, Wataru",PR,63,26,23,0.130,0.167,0.130,0.297,15,1,3,3,0,0,0,3,3,1,1,0,4,1,0,2,0,71275112
2011,Regular Season,Hiroshima Toyo Carp,26,"Hirose, Jun",RF,73,276,218,0.271,0.382,0.317,0.699,24,27,59,53,4,0,2,69,2,0,29,3,36,11,14,9,6,71275113
2011,Climax Series - First Stage,Hokkaido Nippon-Ham Fighters,22,"Tsuruoka, Shinya",C,1,0,0,0.000,0.000,0.000,0.000,0,0,0,0,0,0,0,0,0,0,0,0,0,0,0,0,0,71275117
2011,Regular Season,Hokkaido Nippon-Ham Fighters,22,"Tsuruoka, Shinya",C,76,202,185,0.238,0.253,0.314,0.567,12,15,44,33,9,1,1,58,1,2,3,0,24,2,1,12,1,71275117
2011,Regular Season,Orix Buffaloes,63,"Nishi, Yuki",P,25,2,1,0.000,0.500,0.000,0.500,0,0,0,0,0,0,0,0,0,0,1,0,1,0,0,0,0,71275118
2011,Regular Season,Hanshin Tigers,15,"Fujihara, Masanori",P,19,1,1,0.000,0.000,0.000,0.000,0,0,0,0,0,0,0,0,0,0,0,0,1,0,0,0,0,71275131
2011,Regular Season,Chiba Lotte Marines,29,"Ono, Shingo",P,19,0,0,0.000,0.000,0.000,0.000,0,0,0,0,0,0,0,0,0,0,0,0,0,0,0,0,0,71373889
2011,Regular Season,Chiba Lotte Marines,10,"Omatsu, Shoitsu",LF,64,200,183,0.213,0.270,0.279,0.549,10,16,39,31,6,0,2,51,0,0,13,0,44,5,2,0,2,71375110
2011,Regular Season,Tohoku Rakuten Golden Eagles,67,"Akaminai, Ginji",1B,22,59,54,0.222,0.263,0.222,0.485,4,6,12,12,0,0,0,12,1,0,2,0,7,0,1,2,0,71375112
2011,Climax Series - Final Stage,Tokyo Yakult Swallows,50,"Ueda, Tsuyoshi",LF,5,12,11,0.182,0.182,0.182,0.364,0,0,2,2,0,0,0,2,0,0,0,0,3,0,0,1,0,71375114
2011,Climax Series - First Stage,Tokyo Yakult Swallows,50,"Ueda, Tsuyoshi",LF,3,9,9,0.000,0.000,0.000,0.000,1,0,0,0,0,0,0,0,0,0,0,0,1,0,0,0,0,71375114
2011,Regular Season,Tokyo Yakult Swallows,50,"Ueda, Tsuyoshi",LF,12,34,30,0.267,0.333,0.300,0.633,1,0,8,7,1,0,0,9,6,0,3,0,5,0,0,1,0,71375114
2011,Regular Season,Tohoku Rakuten Golden Eagles,0,"Uchimura, Kensuke",2B,123,390,321,0.271,0.325,0.315,0.640,37,30,87,78,5,3,1,101,31,10,23,0,53,5,3,42,1,71375116
2011,Climax Series - Final Stage,Saitama Seibu Lions,49,"Uemoto, Tatsuyuki",C,1,0,0,0.000,0.000,0.000,0.000,0,0,0,0,0,0,0,0,0,0,0,0,0,0,0,0,0,71375117
2011,Climax Series - First Stage,Saitama Seibu Lions,49,"Uemoto, Tatsuyuki",C,2,2,2,0.000,0.000,0.000,0.000,0,0,0,0,0,0,0,0,0,0,0,0,1,0,0,0,0,71375117
2011,Regular Season,Saitama Seibu Lions,49,"Uemoto, Tatsuyuki",C,44,77,69,0.145,0.203,0.203,0.406,4,7,10,8,1,0,1,14,1,0,4,0,24,0,1,3,0,71375117
2011,Regular Season,Hiroshima Toyo Carp,10,"Iwamoto, Takahiro",LF,60,193,179,0.223,0.253,0.324,0.577,12,15,40,29,7,1,3,58,0,1,8,0,43,4,0,3,3,71375118
2011,Regular Season,Fukuoka Softbank Hawks,40,"Fujioka, Yoshiaki",P,5,0,0,0.000,0.000,0.000,0.000,0,0,0,0,0,0,0,0,0,0,0,0,0,0,0,0,0,71475112
2011,Climax Series - Final Stage,Fukuoka Softbank Hawks,62,"Yamazaki, Katsuki",C,2,3,2,0.000,0.000,0.000,0.000,0,0,0,0,0,0,0,0,0,0,0,0,0,0,0,1,0,71475113
2011,Japan Series,Fukuoka Softbank Hawks,62,"Yamazaki, Katsuki",C,4,4,3,0.333,0.500,0.333,0.833,0,1,1,1,0,0,0,1,0,0,1,0,1,0,0,0,0,71475113
2011,Regular Season,Fukuoka Softbank Hawks,62,"Yamazaki, Katsuki",C,86,168,148,0.189,0.214,0.236,0.450,6,13,28,21,7,0,0,35,0,0,5,0,45,4,0,14,1,71475113
2011,Regular Season,Hanshin Tigers,37,"Nohara, Masashi",PH,2,1,1,0.000,0.000,0.000,0.000,0,0,0,0,0,0,0,0,0,0,0,0,0,0,0,0,0,71475114
2011,Climax Series - Final Stage,Fukuoka Softbank Hawks,27,"Hosokawa, Toru",C,3,6,5,0.000,0.000,0.000,0.000,0,0,0,0,0,0,0,0,0,0,0,0,3,1,0,1,0,71475115
2011,Japan Series,Fukuoka Softbank Hawks,27,"Hosokawa, Toru",C,7,18,18,0.222,0.222,0.389,0.611,1,2,4,3,0,0,1,7,0,0,0,0,6,0,0,0,0,71475115
2011,Regular Season,Fukuoka Softbank Hawks,27,"Hosokawa, Toru",C,97,264,219,0.201,0.230,0.256,0.486,16,20,44,35,7,1,1,56,1,0,7,0,55,1,2,34,2,71475115
2011,Regular Season,Tokyo Yakult Swallows,45,"Hidaka, Ryo",P,16,0,0,0.000,0.000,0.000,0.000,0,0,0,0,0,0,0,0,0,0,0,0,0,0,0,0,0,71475118
2011,Regular Season,Chunichi Dragons,56,"Matsui, Yusuke",LF,4,8,8,0.125,0.125,0.125,0.250,0,0,1,1,0,0,0,1,0,0,0,0,4,0,0,0,0,71475131
2011,Regular Season,Yokohama BayStars,45,"Fukuyama, Hiroyuki",P,19,2,1,0.000,0.000,0.000,0.000,0,0,0,0,0,0,0,0,0,0,0,0,1,0,0,1,0,71475133
2011,Regular Season,Yomiuri Giants,50,"Kajimae, Ryuichi",PH,6,9,9,0.222,0.222,0.222,0.444,1,0,2,2,0,0,0,2,0,0,0,0,3,0,0,0,0,71575116
2011,Regular Season,Chiba Lotte Marines,4,"Ogino, Takashi",SS,23,103,91,0.264,0.320,0.308,0.628,14,10,24,20,4,0,0,28,14,1,7,0,6,1,1,3,1,71575131
2011,Regular Season,Saitama Seibu Lions,38,"Matsunaga, Hironori",P,26,0,0,0.000,0.000,0.000,0.000,0,0,0,0,0,0,0,0,0,0,0,0,0,0,0,0,0,71675112
2011,Regular Season,Chiba Lotte Marines,31,"Watanabe, Shunsuke",P,24,4,4,0.000,0.000,0.000,0.000,0,0,0,0,0,0,0,0,0,0,0,0,3,0,0,0,0,71675113
2011,Climax Series - Final Stage,Tokyo Yakult Swallows,22,"Masubuchi, Tatsuyoshi",P,1,1,0,0.000,0.000,0.000,0.000,0,0,0,0,0,0,0,0,0,0,0,0,0,0,0,1,0,71675114
2011,Climax Series - First Stage,Tokyo Yakult Swallows,22,"Masubuchi, Tatsuyoshi",P,1,0,0,0.000,0.000,0.000,0.000,0,0,0,0,0,0,0,0,0,0,0,0,0,0,0,0,0,71675114
2011,Regular Season,Tokyo Yakult Swallows,22,"Masubuchi, Tatsuyoshi",P,27,46,35,0.057,0.083,0.057,0.140,1,2,2,2,0,0,0,2,0,0,1,0,15,0,0,10,0,71675114
2011,Regular Season,Hanshin Tigers,69,"Morita, Issei",PH,20,34,32,0.250,0.265,0.500,0.765,2,5,8,3,3,1,1,16,0,0,1,0,8,0,0,0,1,71675116
2011,Climax Series - First Stage,Hokkaido Nippon-Ham Fighters,10,"Wolfe, Brian",P,1,0,0,0.000,0.000,0.000,0.000,0,0,0,0,0,0,0,0,0,0,0,0,0,0,0,0,0,71675131
2011,Regular Season,Hokkaido Nippon-Ham Fighters,10,"Wolfe, Brian",P,26,7,5,0.000,0.000,0.000,0.000,0,0,0,0,0,0,0,0,0,0,0,0,4,0,0,2,0,71675131
2011,Regular Season,Orix Buffaloes,45,"Saito, Toshio",C,35,81,70,0.243,0.303,0.257,0.560,5,2,17,16,1,0,0,18,0,0,3,0,30,0,3,5,0,71775110
2011,Climax Series - First Stage,Yomiuri Giants,13,"Takagi, Yasunari",P,1,0,0,0.000,0.000,0.000,0.000,0,0,0,0,0,0,0,0,0,0,0,0,0,0,0,0,0,71775111
2011,Regular Season,Yomiuri Giants,13,"Takagi, Yasunari",P,47,0,0,0.000,0.000,0.000,0.000,0,0,0,0,0,0,0,0,0,0,0,0,0,0,0,0,0,71775111
2011,Regular Season,Orix Buffaloes,1,"Goto, Mitsutaka",2B,130,553,526,0.312,0.336,0.409,0.745,54,55,164,133,19,4,8,215,14,6,17,2,74,9,5,0,5,71775115
2011,Regular Season,Orix Buffaloes,12,"Kisanuki, Hiroshi",P,19,1,1,0.000,0.000,0.000,0.000,0,0,0,0,0,0,0,0,0,0,0,0,0,0,0,0,0,71775117
2011,Climax Series - First Stage,Yomiuri Giants,47,"Yamaguchi, Tetsuya",P,2,0,0,0.000,0.000,0.000,0.000,0,0,0,0,0,0,0,0,0,0,0,0,0,0,0,0,0,71875112
2011,Regular Season,Yomiuri Giants,47,"Yamaguchi, Tetsuya",P,60,2,2,0.000,0.000,0.000,0.000,0,0,0,0,0,0,0,0,0,0,0,0,0,0,0,0,0,71875112
2011,Climax Series - First Stage,Yomiuri Giants,49,"Gonzalez, Dicky",P,1,3,1,1.000,1.000,1.000,2.000,0,0,1,1,0,0,0,1,0,0,0,0,0,0,0,2,0,71875119
2011,Regular Season,Yomiuri Giants,49,"Gonzalez, Dicky",P,13,26,20,0.150,0.150,0.150,0.300,1,1,3,3,0,0,0,3,0,0,0,0,7,0,0,6,0,71875119
2011,Climax Series - Final Stage,Tokyo Yakult Swallows,34,"Barnette, Tony",P,2,0,0,0.000,0.000,0.000,0.000,0,0,0,0,0,0,0,0,0,0,0,0,0,0,0,0,0,71875131
2011,Regular Season,Tokyo Yakult Swallows,34,"Barnette, Tony",P,48,0,0,0.000,0.000,0.000,0.000,0,0,0,0,0,0,0,0,0,0,0,0,0,0,0,0,0,71875131
2011,Climax Series - Final Stage,Chunichi Dragons,33,"Hirai, Masafumi",P,1,0,0,0.000,0.000,0.000,0.000,0,0,0,0,0,0,0,0,0,0,0,0,0,0,0,0,0,71973889
2011,Japan Series,Chunichi Dragons,33,"Hirai, Masafumi",P,1,0,0,0.000,0.000,0.000,0.000,0,0,0,0,0,0,0,0,0,0,0,0,0,0,0,0,0,71973889
2011,Regular Season,Chunichi Dragons,33,"Hirai, Masafumi",P,33,0,0,0.000,0.000,0.000,0.000,0,0,0,0,0,0,0,0,0,0,0,0,0,0,0,0,0,71973889
2011,Regular Season,Chiba Lotte Marines,25,"Takehara, Naotaka",DH,2,4,4,0.250,0.250,0.250,0.500,0,0,1,1,0,0,0,1,0,0,0,0,0,0,0,0,0,71975110
2011,Regular Season,Orix Buffaloes,69,"Takehara, Naotaka",DH,29,85,78,0.205,0.247,0.244,0.491,3,7,16,15,0,0,1,19,0,0,5,0,16,2,0,0,2,71975110
2011,Climax Series - Final Stage,Chunichi Dragons,67,"Takahashi, Akifumi",P,2,0,0,0.000,0.000,0.000,0.000,0,0,0,0,0,0,0,0,0,0,0,0,0,0,0,0,0,71975115
2011,Regular Season,Chunichi Dragons,67,"Takahashi, Akifumi",P,2,0,0,0.000,0.000,0.000,0.000,0,0,0,0,0,0,0,0,0,0,0,0,0,0,0,0,0,71975115
2011,Regular Season,Hanshin Tigers,64,"Shiranita, Hirokazu",P,2,0,0,0.000,0.000,0.000,0.000,0,0,0,0,0,0,0,0,0,0,0,0,0,0,0,0,0,71975116
2011,Climax Series - First Stage,Hokkaido Nippon-Ham Fighters,5,"Koyano, Eiichi",3B,2,9,8,0.375,0.444,0.375,0.819,0,1,3,3,0,0,0,3,0,0,1,0,0,0,0,0,0,71975117
2011,Regular Season,Hokkaido Nippon-Ham Fighters,5,"Koyano, Eiichi",3B,129,525,473,0.237,0.291,0.317,0.608,43,47,112,85,21,1,5,150,1,1,35,1,90,17,4,6,7,71975117
2011,Regular Season,Chiba Lotte Marines,39,"Tanaka, Masahiko",C,30,72,67,0.209,0.243,0.269,0.512,5,2,14,10,4,0,0,18,0,0,3,0,16,1,0,2,0,71975119
2011,Regular Season,Chiba Lotte Marines,69,"Murphy, Bill",P,10,1,1,1.000,1.000,1.000,2.000,1,0,1,1,0,0,0,1,0,0,0,0,0,0,0,0,0,73175131
2011,Regular Season,Orix Buffaloes,52,"Baldiris, Aarom",3B,137,544,479,0.267,0.342,0.418,0.760,49,66,128,93,16,1,18,200,2,4,38,1,72,12,19,3,5,73375116
2011,Climax Series - Final Stage,Tokyo Yakult Swallows,53,"Whitesell, Josh",1B,2,4,4,0.000,0.000,0.000,0.000,0,0,0,0,0,0,0,0,0,0,0,0,0,0,0,0,0,73375131
2011,Climax Series - First Stage,Tokyo Yakult Swallows,53,"Whitesell, Josh",1B,2,3,3,0.667,0.667,1.000,1.667,0,1,2,1,1,0,0,3,0,0,0,0,1,0,0,0,0,73375131
2011,Regular Season,Tokyo Yakult Swallows,53,"Whitesell, Josh",1B,112,348,299,0.247,0.345,0.428,0.773,29,33,74,44,18,0,12,128,0,0,40,2,108,7,6,0,3,73375131
2011,Regular Season,Orix Buffaloes,42,"Figaro, Alfredo",P,24,4,4,0.250,0.250,1.000,1.250,1,1,1,0,0,0,1,4,0,0,0,0,3,0,0,0,0,73375133
2011,Regular Season,Tohoku Rakuten Golden Eagles,50,"Garcia, Luis",1B,88,316,287,0.261,0.313,0.383,0.696,27,34,75,56,11,0,8,110,1,1,22,0,79,7,2,0,5,73775133
2011,Regular Season,Tohoku Rakuten Golden Eagles,16,"Yamamura, Hiroki",P,21,0,0,0.000,0.000,0.000,0.000,0,0,0,0,0,0,0,0,0,0,0,0,0,0,0,0,0,81083880
2011,Regular Season,Yomiuri Giants,45,"Nomaguchi, Takahiko",P,12,0,0,0.000,0.000,0.000,0.000,0,0,0,0,0,0,0,0,0,0,0,0,0,0,0,0,0,81085110
2011,Regular Season,Yokohama BayStars,39,"Naito, Yuta",PH,99,198,184,0.223,0.263,0.283,0.546,18,20,41,32,8,0,1,52,0,0,11,1,58,2,0,0,3,81085112
2011,Regular Season,Chunichi Dragons,58,"Tanaka, Daisuke",C,4,8,6,0.000,0.250,0.000,0.250,0,0,0,0,0,0,0,0,0,0,2,0,2,0,0,0,0,81085114
2011,Climax Series - Final Stage,Saitama Seibu Lions,60,"Nakamura, Takeya",3B,3,13,12,0.333,0.385,0.667,1.052,3,1,4,2,1,0,1,8,0,0,0,0,3,0,1,0,0,81085115
2011,Climax Series - First Stage,Saitama Seibu Lions,60,"Nakamura, Takeya",3B,2,10,9,0.222,0.300,0.556,0.856,2,3,2,1,0,0,1,5,0,0,1,1,3,0,0,0,0,81085115
2011,Regular Season,Saitama Seibu Lions,60,"Nakamura, Takeya",3B,144,622,525,0.269,0.373,0.600,0.973,97,116,141,63,30,0,48,315,4,1,79,2,134,15,12,0,6,81085115
2011,Climax Series - Final Stage,Tokyo Yakult Swallows,25,"Tateyama, Shohei",P,2,2,1,0.000,0.000,0.000,0.000,0,0,0,0,0,0,0,0,0,0,0,0,1,0,0,1,0,81085117
2011,Climax Series - First Stage,Tokyo Yakult Swallows,25,"Tateyama, Shohei",P,1,1,1,0.000,0.000,0.000,0.000,0,0,0,0,0,0,0,0,0,0,0,0,1,0,0,0,0,81085117
2011,Regular Season,Tokyo Yakult Swallows,25,"Tateyama, Shohei",P,26,63,54,0.074,0.107,0.093,0.200,2,1,4,3,1,0,0,5,0,0,2,0,30,1,0,7,0,81085117
2011,Regular Season,Orix Buffaloes,35,"Higa, Motoki",P,23,0,0,0.000,0.000,0.000,0.000,0,0,0,0,0,0,0,0,0,0,0,0,0,0,0,0,0,81085131
2011,Climax Series - Final Stage,Chunichi Dragons,13,"Iwase, Hitoki",P,4,0,0,0.000,0.000,0.000,0.000,0,0,0,0,0,0,0,0,0,0,0,0,0,0,0,0,0,81183888
2011,Japan Series,Chunichi Dragons,13,"Iwase, Hitoki",P,4,0,0,0.000,0.000,0.000,0.000,0,0,0,0,0,0,0,0,0,0,0,0,0,0,0,0,0,81183888
2011,Regular Season,Chunichi Dragons,13,"Iwase, Hitoki",P,56,0,0,0.000,0.000,0.000,0.000,0,0,0,0,0,0,0,0,0,0,0,0,0,0,0,0,0,81183888
2011,Regular Season,Yokohama BayStars,44,"Oka, Tomokazu",P,7,11,9,0.000,0.000,0.000,0.000,0,0,0,0,0,0,0,0,0,0,0,0,6,0,0,2,0,81183889
2011,Regular Season,Hiroshima Toyo Carp,39,"Umetsu, Tomohiro",P,23,0,0,0.000,0.000,0.000,0.000,0,0,0,0,0,0,0,0,0,0,0,0,0,0,0,0,0,81185110
2011,Regular Season,Saitama Seibu Lions,51,"Oshima, Hiroyuki",RF,26,70,62,0.194,0.265,0.210,0.475,0,3,12,11,1,0,0,13,0,0,6,0,11,1,0,2,0,81185111
2011,Regular Season,Tohoku Rakuten Golden Eagles,39,"Ino, Suguru",C,2,6,6,0.167,0.167,0.167,0.334,0,0,1,1,0,0,0,1,0,0,0,0,2,0,0,0,0,81185112
2011,Regular Season,Orix Buffaloes,31,"Arakane, Hisao",LF,38,92,83,0.205,0.283,0.337,0.620,8,8,17,10,5,0,2,28,0,0,8,0,24,0,1,0,0,81185113
2011,Regular Season,Chunichi Dragons,46,"Iwasaki, Tatsuro",SS,51,91,78,0.218,0.282,0.282,0.564,9,3,17,13,3,1,0,22,0,1,7,0,13,1,0,6,0,81185114
2011,Regular Season,Orix Buffaloes,54,"Itoh, Hikaru",C,66,188,160,0.156,0.218,0.238,0.456,15,11,25,16,7,0,2,38,3,2,11,0,57,0,2,14,1,81185116
2011,Climax Series - First Stage,Yomiuri Giants,26,"Utsumi, Tetsuya",P,1,2,1,1.000,1.000,1.000,2.000,0,1,1,1,0,0,0,1,0,0,0,0,0,0,0,1,0,81185119
2011,Regular Season,Yomiuri Giants,26,"Utsumi, Tetsuya",P,29,59,56,0.125,0.140,0.125,0.265,1,1,7,7,0,0,0,7,0,0,1,0,24,0,0,2,0,81185119
2011,Regular Season,Hanshin Tigers,42,"Shimoyanagi, Tsuyoshi",P,6,8,7,0.000,0.000,0.000,0.000,0,0,0,0,0,0,0,0,0,0,0,0,5,0,0,1,0,81283883
2011,Regular Season,Saitama Seibu Lions,33,"Hoshi, Hidekazu",PH,3,4,3,0.000,0.000,0.000,0.000,0,0,0,0,0,0,0,0,0,0,0,0,2,0,0,1,0,81285110
2011,Regular Season,Orix Buffaloes,16,"Hirano, Yoshihisa",P,72,0,0,0.000,0.000,0.000,0.000,0,0,0,0,0,0,0,0,0,0,0,0,0,0,0,0,0,81285112
2011,Regular Season,Tohoku Rakuten Golden Eagles,00,"Nakamura, Masato",LF,91,283,247,0.271,0.328,0.328,0.656,20,24,67,57,7,2,1,81,0,1,19,0,35,7,4,9,4,81285114
2011,Regular Season,Saitama Seibu Lions,19,"Hirano, Masamitsu",P,23,0,0,0.000,0.000,0.000,0.000,0,0,0,0,0,0,0,0,0,0,0,0,0,0,0,0,0,81285116
2011,Climax Series - Final Stage,Saitama Seibu Lions,20,"Nogami, Ryoma",P,1,0,0,0.000,0.000,0.000,0.000,0,0,0,0,0,0,0,0,0,0,0,0,0,0,0,0,0,81285118
2011,Regular Season,Saitama Seibu Lions,20,"Nogami, Ryoma",P,4,0,0,0.000,0.000,0.000,0.000,0,0,0,0,0,0,0,0,0,0,0,0,0,0,0,0,0,81285118
2011,Regular Season,Orix Buffaloes,66,"Yoshida, Shintaro",RF,32,92,78,0.205,0.276,0.282,0.558,8,4,16,12,3,0,1,22,1,0,7,0,12,1,1,5,1,81285119
2011,Climax Series - First Stage,Hokkaido Nippon-Ham Fighters,43,"Masui, Hirotoshi",P,2,0,0,0.000,0.000,0.000,0.000,0,0,0,0,0,0,0,0,0,0,0,0,0,0,0,0,0,81285131
2011,Regular Season,Hokkaido Nippon-Ham Fighters,43,"Masui, Hirotoshi",P,56,0,0,0.000,0.000,0.000,0.000,0,0,0,0,0,0,0,0,0,0,0,0,0,0,0,0,0,81285131
2011,Regular Season,Orix Buffaloes,23,"Kitagawa, Hirotoshi",DH,51,172,159,0.258,0.298,0.346,0.644,11,17,41,29,11,0,1,55,0,0,8,0,23,4,2,1,2,81383880
2011,Regular Season,Tohoku Rakuten Golden Eagles,45,"Kawai, Takashi",P,11,5,4,0.000,0.000,0.000,0.000,0,0,0,0,0,0,0,0,0,0,0,0,2,0,0,1,0,81383888
2011,Climax Series - First Stage,Yomiuri Giants,9,"Kamei, Yoshiyuki",1B,1,1,0,0.000,1.000,0.000,1.000,0,0,0,0,0,0,0,0,0,0,1,0,0,0,0,0,0,81385110
2011,Regular Season,Yomiuri Giants,9,"Kamei, Yoshiyuki",1B,111,308,284,0.246,0.283,0.338,0.621,27,24,70,52,13,2,3,96,7,1,14,3,43,5,1,8,1,81385110
2011,Climax Series - First Stage,Yomiuri Giants,22,"Ochi, Daisuke",P,1,0,0,0.000,0.000,0.000,0.000,0,0,0,0,0,0,0,0,0,0,0,0,0,0,0,0,0,81385112
2011,Regular Season,Yomiuri Giants,22,"Ochi, Daisuke",P,42,0,0,0.000,0.000,0.000,0.000,0,0,0,0,0,0,0,0,0,0,0,0,0,0,0,0,0,81385112
2011,Regular Season,Chiba Lotte Marines,66,"Okada, Yoshifumi",CF,144,635,577,0.267,0.311,0.293,0.604,68,35,154,143,7,4,0,169,41,11,28,0,66,5,9,20,1,81385118
2011,Regular Season,Tohoku Rakuten Golden Eagles,51,"Kawagishi, Tsuyoshi",P,13,0,0,0.000,0.000,0.000,0.000,0,0,0,0,0,0,0,0,0,0,0,0,0,0,0,0,0,81385119
2011,Regular Season,Chiba Lotte Marines,40,"Watanabe, Masato",SS,54,120,105,0.171,0.237,0.248,0.485,10,10,18,13,3,1,1,26,0,0,5,0,30,0,4,6,0,81483886
2011,Regular Season,Tohoku Rakuten Golden Eagles,68,"Masuda, Shintaro",SS,14,30,26,0.115,0.143,0.154,0.297,3,4,3,2,1,0,0,4,0,0,1,0,10,0,0,2,1,81485112
2011,Regular Season,Yokohama BayStars,15,"Yamamoto, Shogo",P,21,19,16,0.125,0.176,0.125,0.301,0,0,2,2,0,0,0,2,0,0,1,0,7,0,0,2,0,81485113
2011,Climax Series - Final Stage,Tokyo Yakult Swallows,60,"Miwa, Masayoshi",PR,1,0,0,0.000,0.000,0.000,0.000,0,0,0,0,0,0,0,0,0,0,0,0,0,0,0,0,0,81485116
2011,Climax Series - First Stage,Tokyo Yakult Swallows,60,"Miwa, Masayoshi",PR,1,0,0,0.000,0.000,0.000,0.000,0,0,0,0,0,0,0,0,0,0,0,0,0,0,0,0,0,81485116
2011,Regular Season,Tokyo Yakult Swallows,60,"Miwa, Masayoshi",PR,54,16,13,0.077,0.077,0.077,0.154,15,0,1,1,0,0,0,1,5,2,0,0,2,0,0,3,0,81485116
2011,Regular Season,Yokohama BayStars,25,"Murata, Shuichi",3B,144,592,530,0.253,0.321,0.423,0.744,65,70,134,85,28,1,20,224,0,0,44,4,103,19,12,0,6,81485117
2011,Regular Season,Tohoku Rakuten Golden Eagles,15,"Fujiwara, Hiromichi",P,1,0,0,0.000,0.000,0.000,0.000,0,0,0,0,0,0,0,0,0,0,0,0,0,0,0,0,0,81485118
2011,Regular Season,Tohoku Rakuten Golden Eagles,57,"Koyama, Shinichiro",P,50,0,0,0.000,0.000,0.000,0.000,0,0,0,0,0,0,0,0,0,0,0,0,0,0,0,0,0,81583884
2011,Regular Season,Yokohama BayStars,40,"Kuwahara, Yoshiyuki",PH,1,1,1,0.000,0.000,0.000,0.000,0,0,0,0,0,0,0,0,0,0,0,0,1,0,0,0,0,81585110
2011,Regular Season,Tokyo Yakult Swallows,00,"Kawashima, Keizo",SS,40,54,46,0.261,0.340,0.261,0.601,8,3,12,12,0,0,0,12,3,0,4,0,8,0,2,1,1,81585112
2011,Regular Season,Chunichi Dragons,53,"Yanagida, Shigeo",PH,3,3,3,0.000,0.000,0.000,0.000,0,0,0,0,0,0,0,0,0,0,0,0,3,0,0,0,0,81685112
2011,Regular Season,Hanshin Tigers,31,"Wei-chu, Lin",PH,63,92,90,0.167,0.174,0.233,0.407,2,5,15,11,3,0,1,21,1,0,1,0,14,2,0,0,1,81685117
2011,Regular Season,Yokohama BayStars,0,"Yamazaki, Noriharu",2B,21,41,38,0.105,0.150,0.105,0.255,1,1,4,4,0,0,0,4,0,1,2,0,14,1,0,1,0,81685118
2011,Regular Season,Hanshin Tigers,3,"Sekimoto, Kentaro",PH,100,255,224,0.263,0.353,0.321,0.674,15,16,59,50,7,0,2,72,0,0,28,1,55,9,3,0,0,81783884
2011,Regular Season,Chiba Lotte Marines,55,"Kobe, Takumi",PH,22,45,40,0.200,0.273,0.250,0.523,3,2,8,6,2,0,0,10,0,0,4,0,11,0,0,1,0,81785114
2011,Regular Season,Tokyo Yakult Swallows,11,"Satoh, Yoshinori",P,15,32,28,0.071,0.071,0.071,0.142,1,1,2,2,0,0,0,2,0,0,0,0,13,0,0,4,0,81785116
2011,Climax Series - First Stage,Hokkaido Nippon-Ham Fighters,61,"Sugiya, Kenshi",2B,1,1,0,0.000,1.000,0.000,1.000,0,0,0,0,0,0,0,0,0,0,1,0,0,0,0,0,0,81785118
2011,Regular Season,Hokkaido Nippon-Ham Fighters,61,"Sugiya, Kenshi",2B,50,110,92,0.185,0.242,0.239,0.481,9,7,17,13,3,1,0,22,7,3,5,0,21,1,2,11,0,81785118
2011,Regular Season,Orix Buffaloes,8,"Gotoh, Shunta",RF,30,47,40,0.100,0.122,0.125,0.247,4,1,4,3,1,0,0,5,0,1,1,0,13,0,0,6,0,81785133
2011,Regular Season,Hanshin Tigers,49,"Wakatake, Ryuji",P,2,0,0,0.000,0.000,0.000,0.000,0,0,0,0,0,0,0,0,0,0,0,0,0,0,0,0,0,81885112
2011,Regular Season,Yokohama BayStars,2,"Watanabe, Naoto",2B,126,469,403,0.266,0.342,0.323,0.665,33,24,107,88,16,2,1,130,7,5,36,0,73,13,11,19,0,81885114
2011,Regular Season,Saitama Seibu Lions,42,"Brown, Dee",LF,21,65,58,0.155,0.246,0.190,0.436,3,5,9,7,2,0,0,11,0,0,5,0,16,0,2,0,0,81885131
2011,Regular Season,Chunichi Dragons,48,"Carrasco, Felix",PH,3,4,4,0.000,0.000,0.000,0.000,0,0,0,0,0,0,0,0,0,0,0,0,4,0,0,0,0,81885133
2011,Regular Season,Orix Buffaloes,27,"Hidaka, Takeshi",PH,26,50,44,0.068,0.180,0.091,0.271,1,2,3,2,1,0,0,4,0,0,5,0,12,1,1,0,0,81983882
2011,Regular Season,Orix Buffaloes,00,"Tsuboi, Tomochika",DH,3,8,8,0.250,0.250,0.375,0.625,0,1,2,1,1,0,0,3,0,0,0,0,2,0,0,0,0,81983886
2011,Regular Season,Hanshin Tigers,28,"Fukuhara, Shinobu",P,55,1,1,0.000,0.000,0.000,0.000,0,0,0,0,0,0,0,0,0,0,0,0,1,0,0,0,0,81983888
2011,Regular Season,Tohoku Rakuten Golden Eagles,32,"Matsui, Kazuo",SS,139,572,538,0.260,0.294,0.381,0.675,51,48,140,95,34,2,9,205,15,3,26,0,94,8,1,4,3,81983889
2011,Climax Series - First Stage,Tokyo Yakult Swallows,55,"Noguchi, Yoshiyuki",PR,1,1,1,0.000,0.000,0.000,0.000,0,0,0,0,0,0,0,0,0,0,0,0,1,0,0,0,0,81985111
2011,Regular Season,Tokyo Yakult Swallows,55,"Noguchi, Yoshiyuki",PR,26,15,14,0.143,0.143,0.143,0.286,3,1,2,2,0,0,0,2,2,2,0,0,3,1,0,1,0,81985111
2011,Regular Season,Chiba Lotte Marines,36,"Takaguchi, Takayuki",SS,38,24,22,0.045,0.087,0.045,0.132,2,0,1,1,0,0,0,1,0,0,1,0,6,0,0,1,0,81985112
2011,Regular Season,Yokohama BayStars,50,"Shimozono, Tatsuya",LF,85,350,298,0.265,0.365,0.346,0.711,31,25,79,64,10,1,4,103,2,2,45,0,54,5,2,5,0,81985114
2011,Regular Season,Hokkaido Nippon-Ham Fighters,65,"Tadano, Kazuhito",P,19,0,0,0.000,0.000,0.000,0.000,0,0,0,0,0,0,0,0,0,0,0,0,0,0,0,0,0,81985116
2011,Regular Season,Tohoku Rakuten Golden Eagles,22,"Tomura, Kenji",P,8,0,0,0.000,0.000,0.000,0.000,0,0,0,0,0,0,0,0,0,0,0,0,0,0,0,0,0,81985131
2011,Climax Series - First Stage,Yomiuri Giants,15,"Sawamura, Hirokazu",P,1,2,2,0.000,0.000,0.000,0.000,0,0,0,0,0,0,0,0,0,0,0,0,0,0,0,0,0,81985133
2011,Regular Season,Yomiuri Giants,15,"Sawamura, Hirokazu",P,30,61,52,0.077,0.127,0.096,0.223,2,2,4,3,1,0,0,5,0,0,3,0,34,0,0,6,0,81985133
2011,Regular Season,Tohoku Rakuten Golden Eagles,17,"Rasner, Darrell",P,34,0,0,0.000,0.000,0.000,0.000,0,0,0,0,0,0,0,0,0,0,0,0,0,0,0,0,0,83185118
2011,Regular Season,Hiroshima Toyo Carp,42,"Bullington, Bryan",P,30,69,62,0.145,0.159,0.177,0.336,1,3,9,7,2,0,0,11,0,1,1,0,25,1,0,6,0,83185133
2011,Regular Season,Saitama Seibu Lions,50,"Sikorski, Brian",P,4,0,0,0.000,0.000,0.000,0.000,0,0,0,0,0,0,0,0,0,0,0,0,0,0,0,0,0,83385113
2011,Regular Season,Orix Buffaloes,50,"Maclane, Evan",P,7,0,0,0.000,0.000,0.000,0.000,0,0,0,0,0,0,0,0,0,0,0,0,0,0,0,0,0,83385133
2011,Regular Season,Hanshin Tigers,55,"Standridge, Jason",P,25,49,42,0.095,0.156,0.095,0.251,2,0,4,4,0,0,0,4,0,0,3,0,27,0,0,4,0,83585114
2011,Regular Season,Tohoku Rakuten Golden Eagles,74,"Sanchez, Romulo",P,15,0,0,0.000,0.000,0.000,0.000,0,0,0,0,0,0,0,0,0,0,0,0,0,0,0,0,0,83585133
2011,Climax Series - Final Stage,Chunichi Dragons,27,"Tanishige, Motonobu",C,5,19,17,0.000,0.056,0.000,0.056,1,0,0,0,0,0,0,0,0,0,1,0,2,0,0,1,0,85583868
2011,Japan Series,Chunichi Dragons,27,"Tanishige, Motonobu",C,7,24,23,0.000,0.000,0.000,0.000,0,0,0,0,0,0,0,0,0,0,0,0,8,0,0,1,0,85583868
2011,Regular Season,Chunichi Dragons,27,"Tanishige, Motonobu",C,102,330,277,0.256,0.349,0.357,0.706,26,31,71,55,10,0,6,99,0,0,38,5,51,5,2,12,1,85583868
2011,Regular Season,Yomiuri Giants,99,"Fujii, Shugo",P,1,1,1,0.000,0.000,0.000,0.000,0,0,0,0,0,0,0,0,0,0,0,0,0,0,0,0,0,91095111
2011,Regular Season,Tokyo Yakult Swallows,54,"Takaichi, Shun",P,1,1,1,1.000,1.000,1.000,2.000,0,0,1,1,0,0,0,1,0,0,0,0,0,0,0,0,0,91095114
2011,Regular Season,Orix Buffaloes,20,"Terahara, Hayato",P,25,12,11,0.000,0.083,0.000,0.083,1,0,0,0,0,0,0,0,0,0,1,0,8,0,0,0,0,91095115
2011,Climax Series - First Stage,Hokkaido Nippon-Ham Fighters,41,"Inaba, Atsunori",1B,2,9,8,0.125,0.222,0.125,0.347,0,1,1,1,0,0,0,1,0,0,1,0,0,0,0,0,0,91193880
2011,Regular Season,Hokkaido Nippon-Ham Fighters,41,"Inaba, Atsunori",1B,137,518,473,0.262,0.311,0.397,0.708,49,54,124,87,22,3,12,188,4,2,27,2,71,4,8,7,3,91193880
2011,Regular Season,Saitama Seibu Lions,5,"Ishii, Yoshihito",PH,12,20,19,0.105,0.150,0.105,0.255,0,1,2,2,0,0,0,2,0,0,1,0,6,0,0,0,0,91193884
2011,Regular Season,Yokohama BayStars,7,"Ishikawa, Takehiro",SS,125,530,466,0.260,0.307,0.288,0.595,49,22,121,109,11,1,0,134,12,7,30,0,95,8,2,32,0,91195110
2011,Regular Season,Tohoku Rakuten Golden Eagles,41,"Aoyama, Kouji",P,51,0,0,0.000,0.000,0.000,0.000,0,0,0,0,0,0,0,0,0,0,0,0,0,0,0,0,0,91195112
2011,Regular Season,Hiroshima Toyo Carp,60,"Abe, Tomohiro",SS,8,20,20,0.150,0.150,0.150,0.300,3,0,3,3,0,0,0,3,0,0,0,0,6,0,0,0,0,91195116
2011,Climax Series - First Stage,Hokkaido Nippon-Ham Fighters,7,"Itoi, Yoshio",CF,2,7,6,0.500,0.571,0.500,1.071,1,0,3,3,0,0,0,3,1,0,0,0,1,0,1,0,0,91195119
2011,Regular Season,Hokkaido Nippon-Ham Fighters,7,"Itoi, Yoshio",CF,137,578,489,0.319,0.411,0.448,0.859,72,54,156,115,30,0,11,219,31,6,59,2,91,5,19,9,2,91195119
2011,Regular Season,Orix Buffaloes,43,"Anan, Toru",P,5,0,0,0.000,0.000,0.000,0.000,0,0,0,0,0,0,0,0,0,0,0,0,0,0,0,0,0,91195131
2011,Regular Season,Hanshin Tigers,58,"Araki, Fumiya",PR,2,0,0,0.000,0.000,0.000,0.000,0,0,0,0,0,0,0,0,0,0,0,0,0,0,0,0,0,91195133
2011,Regular Season,Tohoku Rakuten Golden Eagles,33,"Hiraishi, Yosuke",1B,35,16,15,0.133,0.188,0.133,0.321,3,0,2,2,0,0,0,2,1,0,1,0,6,0,0,0,0,91295110
2011,Regular Season,Yokohama BayStars,37,"Hayakawa, Daisuke",PH,1,1,1,0.000,0.000,0.000,0.000,0,0,0,0,0,0,0,0,0,0,0,0,1,0,0,0,0,91295115
2011,Regular Season,Hokkaido Nippon-Ham Fighters,32,"Nemoto, Tomohisa",P,2,0,0,0.000,0.000,0.000,0.000,0,0,0,0,0,0,0,0,0,0,0,0,0,0,0,0,0,91295116
2011,Regular Season,Orix Buffaloes,64,"Nishikawa, Masato",P,3,0,0,0.000,0.000,0.000,0.000,0,0,0,0,0,0,0,0,0,0,0,0,0,0,0,0,0,91295118
2011,Regular Season,Hiroshima Toyo Carp,22,"Nakamura, Kyohei",P,3,4,4,0.000,0.000,0.000,0.000,0,0,0,0,0,0,0,0,0,0,0,0,3,0,0,0,0,91295133
2011,Regular Season,Chunichi Dragons,52,"Oda, Kohei",C,40,69,61,0.164,0.227,0.164,0.391,0,4,10,10,0,0,0,10,0,0,5,1,15,1,0,3,0,91393886
2011,Regular Season,Hanshin Tigers,57,"Okazaki, Taichi",PR,7,4,4,0.000,0.000,0.000,0.000,0,0,0,0,0,0,0,0,0,0,0,0,2,0,0,0,0,91395110
2011,Regular Season,Yokohama BayStars,26,"Ide, Shotaro",PH,13,24,23,0.217,0.217,0.217,0.434,1,1,5,5,0,0,0,5,0,0,0,0,6,0,0,1,0,91395115
2011,Regular Season,Chiba Lotte Marines,15,"Ueno, Hiroki",P,14,0,0,0.000,0.000,0.000,0.000,0,0,0,0,0,0,0,0,0,0,0,0,0,0,0,0,0,91395118
2011,Climax Series - Final Stage,Tokyo Yakult Swallows,65,"Oshimoto, Takehiko",P,3,0,0,0.000,0.000,0.000,0.000,0,0,0,0,0,0,0,0,0,0,0,0,0,0,0,0,0,91395119
2011,Climax Series - First Stage,Tokyo Yakult Swallows,65,"Oshimoto, Takehiko",P,2,0,0,0.000,0.000,0.000,0.000,0,0,0,0,0,0,0,0,0,0,0,0,0,0,0,0,0,91395119
2011,Regular Season,Tokyo Yakult Swallows,65,"Oshimoto, Takehiko",P,65,2,2,0.000,0.000,0.000,0.000,0,0,0,0,0,0,0,0,0,0,0,0,1,0,0,0,0,91395119
2011,Regular Season,Hokkaido Nippon-Ham Fighters,55,"Unten, Jonkureiton",P,1,0,0,0.000,0.000,0.000,0.000,0,0,0,0,0,0,0,0,0,0,0,0,0,0,0,0,0,91395131
2011,Regular Season,Chiba Lotte Marines,27,"Furuya, Takuya",P,21,0,0,0.000,0.000,0.000,0.000,0,0,0,0,0,0,0,0,0,0,0,0,0,0,0,0,0,91495112
2011,Regular Season,Chunichi Dragons,38,"Maeda, Akihiro",C,11,9,8,0.000,0.111,0.000,0.111,0,0,0,0,0,0,0,0,0,0,1,0,5,0,0,0,0,91495115
2011,Regular Season,Orix Buffaloes,22,"Maeda, Daisuke",C,12,24,20,0.050,0.095,0.050,0.145,0,0,1,1,0,0,0,1,0,0,1,0,5,0,0,3,0,91495117
2011,Regular Season,Yokohama BayStars,47,"Makka, Takayuki",P,5,5,5,0.000,0.000,0.000,0.000,0,0,0,0,0,0,0,0,0,0,0,0,5,0,0,0,0,91495131
2011,Regular Season,Yokohama BayStars,1,"Kinjo, Tatsuhiko",CF,108,354,324,0.272,0.307,0.346,0.653,24,29,88,71,13,1,3,112,1,0,16,0,35,8,3,6,5,91593888
2011,Regular Season,Hiroshima Toyo Carp,48,"Kishimoto, Hideki",P,42,0,0,0.000,0.000,0.000,0.000,0,0,0,0,0,0,0,0,0,0,0,0,0,0,0,0,0,91595110
2011,Regular Season,Tohoku Rakuten Golden Eagles,14,"Satake, Kenta",P,17,0,0,0.000,0.000,0.000,0.000,0,0,0,0,0,0,0,0,0,0,0,0,0,0,0,0,0,91595111
2011,Regular Season,Orix Buffaloes,10,"Obiki, Keiji",SS,127,501,405,0.244,0.331,0.299,0.630,36,34,99,81,15,2,1,121,3,3,52,0,66,3,1,42,1,91595114
2011,Regular Season,Orix Buffaloes,58,"Kajimoto, Yusuke",2B,43,100,93,0.204,0.221,0.226,0.447,6,2,19,17,2,0,0,21,0,1,2,0,25,0,0,5,0,91595115
2011,Regular Season,Orix Buffaloes,99,"Kajimoto, Tatsuya",P,1,0,0,0.000,0.000,0.000,0.000,0,0,0,0,0,0,0,0,0,0,0,0,0,0,0,0,0,91595116
2011,Regular Season,Yomiuri Giants,60,"Ono, Junpei",P,14,14,14,0.214,0.214,0.214,0.428,0,1,3,3,0,0,0,3,0,0,0,0,6,0,0,0,0,91595131
2011,Regular Season,Hokkaido Nippon-Ham Fighters,27,"Nakajima, Satoshi",C,10,0,0,0.000,0.000,0.000,0.000,0,0,0,0,0,0,0,0,0,0,0,0,0,0,0,0,0,91793864
2011,Regular Season,Fukuoka Softbank Hawks,1,"Shibahara, Hiroshi",PH,11,13,13,0.077,0.077,0.077,0.154,0,0,1,1,0,0,0,1,0,0,0,0,5,0,0,0,0,91793884
2011,Regular Season,Orix Buffaloes,44,"Suzuki, Fumihiro",C,89,171,152,0.204,0.238,0.250,0.488,11,7,31,24,7,0,0,38,3,0,5,0,34,2,2,11,1,91793886
2011,Regular Season,Chunichi Dragons,97,"Kinoshita, Tatsuo",P,1,0,0,0.000,0.000,0.000,0.000,0,0,0,0,0,0,0,0,0,0,0,0,0,0,0,0,0,91795112
2011,Climax Series - Final Stage,Saitama Seibu Lions,11,"Kishi, Takayuki",P,1,0,0,0.000,0.000,0.000,0.000,0,0,0,0,0,0,0,0,0,0,0,0,0,0,0,0,0,91795114
2011,Regular Season,Saitama Seibu Lions,11,"Kishi, Takayuki",P,21,4,4,0.000,0.000,0.000,0.000,0,0,0,0,0,0,0,0,0,0,0,0,3,0,0,0,0,91795114
2011,Regular Season,Orix Buffaloes,11,"Kondoh, Kazuki",P,15,0,0,0.000,0.000,0.000,0.000,0,0,0,0,0,0,0,0,0,0,0,0,0,0,0,0,0,91795115
2011,Climax Series - First Stage,Hokkaido Nippon-Ham Fighters,15,"Sakakibara, Ryo",P,1,0,0,0.000,0.000,0.000,0.000,0,0,0,0,0,0,0,0,0,0,0,0,0,0,0,0,0,91795118
2011,Regular Season,Hokkaido Nippon-Ham Fighters,15,"Sakakibara, Ryo",P,60,0,0,0.000,0.000,0.000,0.000,0,0,0,0,0,0,0,0,0,0,0,0,0,0,0,0,0,91795118
2011,Regular Season,Chiba Lotte Marines,1,"Kiyota, Ikuhiro",RF,78,262,238,0.244,0.293,0.370,0.663,16,25,58,34,21,0,3,88,2,1,15,0,63,2,3,3,3,91795131
2011,Japan Series,Fukuoka Softbank Hawks,49,"Ortiz, Jose",PH,1,1,1,0.000,0.000,0.000,0.000,0,0,0,0,0,0,0,0,0,0,0,0,1,0,0,0,0,91895117
2011,Regular Season,Fukuoka Softbank Hawks,49,"Ortiz, Jose",PH,80,205,186,0.215,0.278,0.376,0.654,11,15,40,24,9,0,7,70,0,1,16,1,44,8,1,0,2,91895117
2011,Climax Series - Final Stage,Tokyo Yakult Swallows,23,"Yamada, Tetsuto",SS,3,12,11,0.182,0.250,0.273,0.523,1,1,2,1,1,0,0,3,0,0,1,0,2,0,0,0,0,91895133
2011,Climax Series - First Stage,Yomiuri Giants,8,"Tani, Yoshitomo",PH,3,8,8,0.125,0.125,0.250,0.375,1,0,1,0,1,0,0,2,0,0,0,0,1,0,0,0,0,91993884
2011,Regular Season,Yomiuri Giants,8,"Tani, Yoshitomo",PH,83,142,135,0.274,0.291,0.319,0.610,9,7,37,32,4,1,0,43,2,1,4,0,30,3,0,1,2,91993884
2011,Climax Series - First Stage,Saitama Seibu Lions,8,"Hirao, Hiroshi",PH,1,1,0,0.000,1.000,0.000,1.000,0,0,0,0,0,0,0,0,0,0,1,0,0,0,0,0,0,91993889
2011,Regular Season,Saitama Seibu Lions,8,"Hirao, Hiroshi",PH,56,86,76,0.211,0.279,0.303,0.582,3,19,16,11,4,0,1,23,0,0,7,2,19,0,1,0,2,91993889
2011,Climax Series - Final Stage,Saitama Seibu Lions,2,"Sumitani, Ginjiro",C,3,9,9,0.444,0.444,0.444,0.888,0,0,4,4,0,0,0,4,0,0,0,0,1,0,0,0,0,91995112
2011,Climax Series - First Stage,Saitama Seibu Lions,2,"Sumitani, Ginjiro",C,1,1,1,0.000,0.000,0.000,0.000,0,0,0,0,0,0,0,0,0,0,0,0,0,0,0,0,0,91995112
2011,Regular Season,Saitama Seibu Lions,2,"Sumitani, Ginjiro",C,122,365,317,0.218,0.244,0.265,0.509,20,22,69,59,7,1,2,84,4,1,11,0,79,6,1,33,3,91995112
2011,Regular Season,Hokkaido Nippon-Ham Fighters,52,"Sato, Kenji",PH,8,7,7,0.143,0.143,0.143,0.286,1,0,1,1,0,0,0,1,0,0,0,0,5,0,0,0,0,91995114
2011,Regular Season,Yomiuri Giants,44,"Konta, Toshimasa",PH,21,40,38,0.289,0.325,0.316,0.641,3,1,11,10,1,0,0,12,1,2,2,0,6,0,0,0,0,91995117
2011,Climax Series - Final Stage,Fukuoka Softbank Hawks,50,"Settsu, Tadashi",P,1,0,0,0.000,0.000,0.000,0.000,0,0,0,0,0,0,0,0,0,0,0,0,0,0,0,0,0,91995118
2011,Japan Series,Fukuoka Softbank Hawks,50,"Settsu, Tadashi",P,3,3,3,0.000,0.000,0.000,0.000,0,0,0,0,0,0,0,0,0,0,0,0,2,1,0,0,0,91995118
2011,Regular Season,Fukuoka Softbank Hawks,50,"Settsu, Tadashi",P,26,10,7,0.000,0.125,0.000,0.125,1,2,0,0,0,0,0,0,0,0,1,0,3,0,0,2,0,91995118
2011,Regular Season,Hanshin Tigers,20,"Tsutsui, Kazuya",P,12,1,1,0.000,0.000,0.000,0.000,0,0,0,0,0,0,0,0,0,0,0,0,1,0,0,0,0,91995119
2011,Climax Series - First Stage,Yomiuri Giants,7,"Chono, Hisayoshi",CF,3,12,12,0.167,0.167,0.167,0.334,0,0,2,2,0,0,0,2,2,0,0,0,4,0,0,0,0,91995131
2011,Regular Season,Yomiuri Giants,7,"Chono, Hisayoshi",CF,140,578,519,0.316,0.379,0.468,0.847,58,69,164,123,20,4,17,243,19,8,48,5,85,11,6,3,2,91995131
2011,Regular Season,Tokyo Yakult Swallows,5,"Guiel, Aaron",LF,11,34,29,0.138,0.265,0.310,0.575,3,4,4,1,2,0,1,9,0,0,3,0,11,1,2,0,0,93195114
2011,Regular Season,Hanshin Tigers,54,"Messenger, Randy",P,27,43,40,0.100,0.122,0.100,0.222,1,1,4,4,0,0,0,4,0,0,1,0,21,0,0,2,0,93195131
2011,Regular Season,Yokohama BayStars,42,"Harper, Brett",1B,103,350,320,0.278,0.331,0.416,0.747,23,39,89,63,17,0,9,133,0,0,27,1,87,15,0,0,3,93395131
