Season,Game Type,Team,#,Name,Position,G,FPCT,PO,A,E,DP,PB,PlayerID
2012,Regular Season,Yomiuri Giants,44,"Nakatani, Jin",C,3,1.000,1,0,0,0,0,01003886
2012,Regular Season,Saitama Seibu Lions,66,"Tanaka, Yasuhiro",P,5,0.500,0,1,1,0,,01005112
2012,Climax Series - First Stage,Saitama Seibu Lions,3,"Nakajima, Hiroyuki",SS,3,1.000,4,9,0,0,,01005113
2012,Regular Season,Saitama Seibu Lions,3,"Nakajima, Hiroyuki",1B,1,1.000,0,1,0,0,,01005113
2012,Regular Season,Saitama Seibu Lions,3,"Nakajima, Hiroyuki",SS,134,0.971,236,357,18,69,,01005113
2012,Regular Season,Yokohama DeNA Baystars,22,"Takasaki, Kentaro",P,24,0.976,9,31,1,2,,01005114
2012,Climax Series - First Stage,Tokyo Yakult Swallows,41,"Takai, Yuhei",OF,1,1.000,1,0,0,0,,01005117
2012,Regular Season,Tokyo Yakult Swallows,41,"Takai, Yuhei",OF,39,0.988,77,4,1,3,,01005117
2012,Regular Season,Fukuoka Softbank Hawks,21,"Senga, Koudai",P,2,1.000,0,1,0,0,,01005133
2012,Climax Series - First Stage,Fukuoka Softbank Hawks,30,"Takeda, Shota",P,1,0.500,0,1,1,0,,01005135
2012,Regular Season,Fukuoka Softbank Hawks,30,"Takeda, Shota",P,11,0.952,7,13,1,1,,01005135
2012,Regular Season,Orix Buffaloes,29,"Igawa, Kei",P,12,0.947,3,15,1,0,,01103886
2012,Regular Season,Hanshin Tigers,25,"Arai, Takahiro",1B,78,0.995,509,34,3,40,,01103888
2012,Regular Season,Hanshin Tigers,25,"Arai, Takahiro",3B,68,0.953,25,96,6,3,,01103888
2012,Regular Season,Hanshin Tigers,32,"Arai, Ryota",1B,26,1.000,62,8,0,4,,01105112
2012,Regular Season,Hanshin Tigers,32,"Arai, Ryota",3B,64,0.909,37,93,13,8,,01105112
2012,Regular Season,Hanshin Tigers,32,"Arai, Ryota",OF,25,1.000,35,1,0,0,,01105112
2012,Regular Season,Hiroshima Toyo Carp,49,"Amaya, Soichiro",OF,99,1.000,171,2,0,1,,01105115
2012,Regular Season,Tohoku Rakuten Golden Eagles,0,"Inada, Naoto",2B,1,0.917,5,6,1,1,,01105119
2012,Regular Season,Tokyo Yakult Swallows,24,"Araki, Takahiro",3B,4,1.000,0,1,0,0,,01105131
2012,Regular Season,Tokyo Yakult Swallows,24,"Araki, Takahiro",SS,2,1.000,0,2,0,0,,01105131
2012,Regular Season,Yokohama DeNA Baystars,4,"Aranami, Sho",OF,136,0.988,314,10,4,2,,01105133
2012,Regular Season,Chiba Lotte Marines,65,"Minami, Ryusuke",OF,11,1.000,24,1,0,0,,01205111
2012,Regular Season,Chiba Lotte Marines,32,"Nemoto, Shunichi",SS,133,0.967,194,361,19,70,,01205112
2012,Regular Season,Saitama Seibu Lions,45,"Fujita, Taiyo",P,3,1.000,1,0,0,0,,01205113
2012,Climax Series - Final Stage,Chunichi Dragons,1,"Donoue, Naomichi",3B,3,1.000,0,2,0,0,,01205114
2012,Climax Series - First Stage,Chunichi Dragons,1,"Donoue, Naomichi",3B,1,1.000,1,1,0,0,,01205114
2012,Regular Season,Chunichi Dragons,1,"Donoue, Naomichi",2B,17,1.000,36,50,0,11,,01205114
2012,Regular Season,Chunichi Dragons,1,"Donoue, Naomichi",3B,84,0.978,28,60,2,7,,01205114
2012,Regular Season,Chunichi Dragons,1,"Donoue, Naomichi",SS,12,1.000,10,17,0,3,,01205114
2012,Regular Season,Yokohama DeNA Baystars,24,"Hayashi, Masanori",P,32,1.000,2,11,0,3,,01205115
2012,Regular Season,Orix Buffaloes,14,"Furukawa, Shuichi",P,10,0.000,0,0,0,0,,01205131
2012,Regular Season,Chunichi Dragons,7,"Yamasaki, Takeshi",1B,46,0.993,293,9,2,29,,01303868
2012,Regular Season,Saitama Seibu Lions,7,"Kataoka, Yasuyuki",2B,52,0.985,107,163,4,29,,01305110
2012,Regular Season,Hiroshima Toyo Carp,27,"Uemura, Kazuhiro",C,1,1.000,0,1,0,0,0,01305113
2012,Regular Season,Chiba Lotte Marines,8,"Imae, Toshiaki",3B,134,0.966,106,209,11,10,,01305115
2012,Regular Season,Yokohama DeNA Baystars,58,"Ota, Atori",P,2,1.000,1,0,0,0,,01305116
2012,Regular Season,Hiroshima Toyo Carp,29,"Egusa, Hirotaka",P,26,1.000,4,6,0,0,,01305117
2012,Regular Season,Hanshin Tigers,4,"Uemoto, Hiroki",2B,52,0.982,135,135,5,27,,01305118
2012,Regular Season,Orix Buffaloes,17,"Katsuki, Ryota",P,52,1.000,2,11,0,0,,01305119
2012,Climax Series - Final Stage,Chunichi Dragons,8,"Ohshima, Yohei",OF,6,1.000,11,0,0,0,,01305131
2012,Climax Series - First Stage,Chunichi Dragons,8,"Ohshima, Yohei",OF,3,1.000,4,0,0,0,,01305131
2012,Regular Season,Chunichi Dragons,8,"Ohshima, Yohei",OF,144,0.990,291,8,3,1,,01305131
2012,Regular Season,Hanshin Tigers,13,"Enokida, Daiki",P,48,1.000,3,9,0,0,,01305133
2012,Climax Series - Final Stage,Chunichi Dragons,34,"Yamamoto, Masahiro",P,1,0.000,0,0,0,0,,01403862
2012,Climax Series - First Stage,Chunichi Dragons,34,"Yamamoto, Masahiro",P,1,1.000,0,2,0,0,,01403862
2012,Regular Season,Chunichi Dragons,34,"Yamamoto, Masahiro",P,13,1.000,0,15,0,0,,01403862
2012,Regular Season,Orix Buffaloes,48,"Yoshino, Makoto",P,40,1.000,0,6,0,0,,01405111
2012,Regular Season,Hiroshima Toyo Carp,37,"Matsuyama, Ryuhei",1B,20,1.000,141,16,0,9,,01405116
2012,Regular Season,Hiroshima Toyo Carp,37,"Matsuyama, Ryuhei",3B,1,1.000,1,2,0,0,,01405116
2012,Regular Season,Hiroshima Toyo Carp,37,"Matsuyama, Ryuhei",OF,22,1.000,25,1,0,0,,01405116
2012,Regular Season,Tokyo Yakult Swallows,66,"Fernandes, Rafael",P,9,1.000,0,2,0,0,,01405118
2012,Climax Series - Final Stage,Chunichi Dragons,24,"Kuramoto, Hidenori",OF,1,1.000,1,0,0,0,,01503888
2012,Climax Series - First Stage,Chunichi Dragons,24,"Kuramoto, Hidenori",OF,2,1.000,1,0,0,0,,01503888
2012,Regular Season,Chunichi Dragons,24,"Kuramoto, Hidenori",OF,46,1.000,16,0,0,0,,01503888
2012,Regular Season,Tohoku Rakuten Golden Eagles,58,"Karashima, Wataru",P,16,0.963,6,20,1,2,,01505118
2012,Regular Season,Hanshin Tigers,38,"Kurose, Haruki",3B,2,0.000,0,0,0,0,,01505119
2012,Regular Season,Yokohama DeNA Baystars,21,"Kagami, Kisho",P,10,0.923,2,10,1,0,,01505133
2012,Regular Season,Orix Buffaloes,00,"Ming-Chieh, Hsu",P,37,0.941,3,13,1,1,,01605111
2012,Climax Series - Final Stage,Yomiuri Giants,31,"Matsumoto, Tetsuya",OF,6,1.000,6,0,0,0,,01605114
2012,Japan Series,Yomiuri Giants,31,"Matsumoto, Tetsuya",OF,6,1.000,6,1,0,0,,01605114
2012,Regular Season,Yomiuri Giants,31,"Matsumoto, Tetsuya",OF,81,0.982,104,3,2,0,,01605114
2012,Regular Season,Orix Buffaloes,67,"Yokoyama, Tetsuya",C,15,1.000,44,5,0,0,0,01605117
2012,Regular Season,Tohoku Rakuten Golden Eagles,31,"Mima, Manabu",P,23,0.946,11,24,2,1,,01605133
2012,Regular Season,Tohoku Rakuten Golden Eagles,12,"Kusano, Daisuke",3B,9,1.000,5,13,0,2,,01705112
2012,Regular Season,Yokohama DeNA Baystars,43,"Kita, Atsushi",OF,1,0.000,0,0,0,0,,01705114
2012,Regular Season,Yokohama DeNA Baystars,14,"Kobayashi, Futoshi",P,35,1.000,7,17,0,0,,01705116
2012,Regular Season,Hiroshima Toyo Carp,66,"Kimura, Shogo",1B,9,1.000,12,0,0,2,,01705117
2012,Regular Season,Hiroshima Toyo Carp,66,"Kimura, Shogo",2B,8,0.917,2,9,1,1,,01705117
2012,Regular Season,Hiroshima Toyo Carp,66,"Kimura, Shogo",3B,21,0.944,3,14,1,2,,01705117
2012,Regular Season,Hiroshima Toyo Carp,66,"Kimura, Shogo",OF,4,1.000,1,0,0,0,,01705117
2012,Regular Season,Hiroshima Toyo Carp,66,"Kimura, Shogo",SS,16,0.952,7,13,1,2,,01705117
2012,Regular Season,Saitama Seibu Lions,31,"Sakata, Ryo",OF,16,1.000,32,1,0,1,,01705118
2012,Regular Season,Yokohama DeNA Baystars,9,"Shimamura, Ikki",1B,8,1.000,23,1,0,3,,01705119
2012,Regular Season,Yokohama DeNA Baystars,9,"Shimamura, Ikki",2B,4,1.000,5,6,0,1,,01705119
2012,Regular Season,Yokohama DeNA Baystars,9,"Shimamura, Ikki",OF,20,1.000,12,0,0,0,,01705119
2012,Regular Season,Yokohama DeNA Baystars,65,"Kuniyoshi, Yuki",P,19,0.938,6,24,2,3,,01705131
2012,Regular Season,Tokyo Yakult Swallows,26,"Kyuko, Kentaro",P,9,1.000,0,2,0,0,,01705133
2012,Regular Season,Tohoku Rakuten Golden Eagles,25,"Yokogawa, Fuminori",1B,2,1.000,10,0,0,1,,01805114
2012,Regular Season,Tohoku Rakuten Golden Eagles,25,"Yokogawa, Fuminori",OF,3,1.000,5,0,0,0,,01805114
2012,Regular Season,Tohoku Rakuten Golden Eagles,37,"Shima, Motohiro",C,88,0.997,573,44,2,4,1,01905114
2012,Climax Series - Final Stage,Chunichi Dragons,63,"Donoe, Takehiro",OF,1,1.000,1,0,0,0,,01905119
2012,Climax Series - First Stage,Chunichi Dragons,63,"Donoe, Takehiro",OF,2,1.000,2,0,0,0,,01905119
2012,Regular Season,Chunichi Dragons,63,"Donoe, Takehiro",OF,44,1.000,60,0,0,0,,01905119
2012,Japan Series,Hokkaido Nippon-Ham Fighters,18,"Saitoh, Yuki",P,1,0.000,0,0,0,0,,01905133
2012,Regular Season,Hokkaido Nippon-Ham Fighters,18,"Saitoh, Yuki",P,19,0.962,6,19,1,3,,01905133
2012,Regular Season,Chiba Lotte Marines,46,"Greisinger, Seth",P,25,0.975,13,26,1,0,,03105114
2012,Climax Series - First Stage,Fukuoka Softbank Hawks,25,"Falkenborg, Brian",P,1,0.000,0,0,0,0,,03105118
2012,Regular Season,Fukuoka Softbank Hawks,25,"Falkenborg, Brian",P,23,1.000,0,2,0,0,,03105118
2012,Climax Series - First Stage,Saitama Seibu Lions,6,"German, Esteban",3B,1,1.000,1,1,0,0,,03105135
2012,Climax Series - First Stage,Saitama Seibu Lions,6,"German, Esteban",OF,2,1.000,4,0,0,0,,03105135
2012,Regular Season,Saitama Seibu Lions,6,"German, Esteban",2B,10,1.000,15,17,0,2,,03105135
2012,Regular Season,Saitama Seibu Lions,6,"German, Esteban",3B,104,0.941,76,132,13,7,,03105135
2012,Regular Season,Saitama Seibu Lions,6,"German, Esteban",OF,28,0.981,51,0,1,0,,03105135
2012,Regular Season,Tohoku Rakuten Golden Eagles,3,"Fernandez, Jose",1B,108,0.988,956,74,12,69,,03305117
2012,Regular Season,Yokohama DeNA Baystars,52,"Mann, Brandon",P,16,1.000,0,11,0,1,,03305133
2012,Regular Season,Chunichi Dragons,44,"Diaz, Victor",1B,2,1.000,6,0,0,1,,03305135
2012,Regular Season,Chunichi Dragons,44,"Diaz, Victor",OF,4,0.750,3,0,1,0,,03305135
2012,Regular Season,Chunichi Dragons,70,"Soto, Enyelbert",P,18,0.875,1,6,1,0,,03505133
2012,Regular Season,Chiba Lotte Marines,47,"Ledezma, Wil",P,1,0.000,0,0,0,0,,03505135
2012,Regular Season,Orix Buffaloes,4,"Scales, Bobby",OF,62,0.978,87,4,2,1,,03705133
2012,Regular Season,Orix Buffaloes,40,"Takamiya, Kazuya",P,1,0.000,0,0,0,0,,11015112
2012,Regular Season,Orix Buffaloes,37,"Tsuji, Toshiya",1B,2,1.000,9,0,0,0,,11015115
2012,Regular Season,Orix Buffaloes,37,"Tsuji, Toshiya",C,1,0.000,0,0,0,0,0,11015115
2012,Regular Season,Yokohama DeNA Baystars,46,"Tanaka, Kenjiro",P,15,1.000,1,5,0,0,,11015116
2012,Regular Season,Chiba Lotte Marines,17,"Naruse, Yoshihisa",P,28,0.977,8,34,1,2,,11015119
2012,Regular Season,Tohoku Rakuten Golden Eagles,11,"Shiomi, Takahiro",P,19,1.000,7,17,0,1,,11015133
2012,Regular Season,Hiroshima Toyo Carp,23,"Yokoyama, Ryuji",P,23,1.000,2,6,0,0,,11213880
2012,Regular Season,Chiba Lotte Marines,13,"Hashimoto, Kentaro",P,13,1.000,1,2,0,0,,11215110
2012,Regular Season,Tohoku Rakuten Golden Eagles,18,"Tanaka, Masahiro",P,22,0.982,13,41,1,4,,11215114
2012,Regular Season,Orix Buffaloes,53,"Nonaka, Shingo",OF,52,1.000,65,6,0,0,,11215115
2012,Climax Series - First Stage,Fukuoka Softbank Hawks,60,"Nakamura, Akira",OF,1,0.000,0,0,0,0,,11215116
2012,Regular Season,Fukuoka Softbank Hawks,60,"Nakamura, Akira",1B,14,1.000,96,10,0,6,,11215116
2012,Regular Season,Fukuoka Softbank Hawks,60,"Nakamura, Akira",OF,15,1.000,4,1,0,0,,11215116
2012,Climax Series - Final Stage,Hokkaido Nippon-Ham Fighters,56,"Nakashima, Takuya",2B,3,1.000,1,4,0,0,,11215118
2012,Japan Series,Hokkaido Nippon-Ham Fighters,56,"Nakashima, Takuya",SS,4,1.000,1,2,0,0,,11215118
2012,Regular Season,Hokkaido Nippon-Ham Fighters,56,"Nakashima, Takuya",2B,28,1.000,19,22,0,5,,11215118
2012,Regular Season,Hokkaido Nippon-Ham Fighters,56,"Nakashima, Takuya",3B,3,1.000,0,5,0,0,,11215118
2012,Regular Season,Hokkaido Nippon-Ham Fighters,56,"Nakashima, Takuya",SS,73,0.984,41,81,2,14,,11215118
2012,Regular Season,Tokyo Yakult Swallows,67,"Hirai, Ryo",P,22,1.000,0,7,0,0,,11215131
2012,Regular Season,Tohoku Rakuten Golden Eagles,1,"Iwamura, Akinori",3B,25,0.930,11,29,3,5,,11313884
2012,Regular Season,Fukuoka Softbank Hawks,43,"Egawa, Tomoaki",1B,25,1.000,187,16,0,12,,11315110
2012,Regular Season,Fukuoka Softbank Hawks,43,"Egawa, Tomoaki",OF,34,1.000,40,0,0,0,,11315110
2012,Regular Season,Hiroshima Toyo Carp,62,"Imai, Keisuke",P,24,1.000,2,16,0,1,,11315112
2012,Climax Series - First Stage,Tokyo Yakult Swallows,19,"Ishikawa, Masanori",P,1,1.000,0,2,0,0,,11315115
2012,Regular Season,Tokyo Yakult Swallows,19,"Ishikawa, Masanori",P,27,0.974,11,27,1,2,,11315115
2012,Regular Season,Chiba Lotte Marines,30,"Ito, Yoshihiro",P,6,1.000,0,1,0,0,,11315116
2012,Regular Season,Saitama Seibu Lions,23,"Nakamura, Micheal",P,17,0.875,0,7,1,0,,11415110
2012,Regular Season,Tokyo Yakult Swallows,37,"Fukukawa, Masakazu",C,3,1.000,8,0,0,0,0,11415115
2012,Regular Season,Hanshin Tigers,94,"Nohara, Yuya",OF,2,1.000,5,0,0,0,,11415118
2012,Regular Season,Orix Buffaloes,68,"Fukae, Masato",OF,8,1.000,15,0,0,0,,11415133
2012,Climax Series - First Stage,Saitama Seibu Lions,59,"Nagae, Kyohei",SS,1,1.000,1,1,0,1,,11415135
2012,Regular Season,Saitama Seibu Lions,59,"Nagae, Kyohei",2B,10,0.966,8,20,1,3,,11415135
2012,Regular Season,Saitama Seibu Lions,59,"Nagae, Kyohei",3B,10,0.857,3,3,1,0,,11415135
2012,Regular Season,Saitama Seibu Lions,59,"Nagae, Kyohei",SS,8,0.955,7,14,1,6,,11415135
2012,Regular Season,Chunichi Dragons,17,"Kawai, Yudai",P,14,1.000,2,18,0,0,,11515110
2012,Regular Season,Tohoku Rakuten Golden Eagles,65,"Oyama, Keiji",C,22,0.987,135,12,2,3,0,11515112
2012,Climax Series - First Stage,Saitama Seibu Lions,0,"Osaki, Yutaro",OF,3,1.000,5,0,0,0,,11515114
2012,Regular Season,Saitama Seibu Lions,0,"Osaki, Yutaro",OF,80,0.985,133,2,2,1,,11515114
2012,Regular Season,Hiroshima Toyo Carp,17,"Ohtake, Kan",P,24,0.975,7,32,1,0,,11515115
2012,Regular Season,Chunichi Dragons,64,"Oguma, Ryosuke",P,1,0.000,0,0,0,0,,11515118
2012,Climax Series - Final Stage,Chunichi Dragons,22,"Ohno, Yudai",P,2,1.000,3,1,0,0,,11515133
2012,Regular Season,Chunichi Dragons,22,"Ohno, Yudai",P,9,1.000,2,5,0,1,,11515133
2012,Regular Season,Tokyo Yakult Swallows,91,"Kanabushi, Ugo",P,1,1.000,0,1,0,0,,11515135
2012,Regular Season,Tokyo Yakult Swallows,44,"Matsui, Kosuke",P,20,1.000,0,8,0,1,,11615112
2012,Regular Season,Fukuoka Softbank Hawks,37,"Fukuda, Shuhei",1B,14,0.969,30,1,1,0,,11615114
2012,Regular Season,Fukuoka Softbank Hawks,37,"Fukuda, Shuhei",2B,1,0.000,0,0,0,0,,11615114
2012,Regular Season,Fukuoka Softbank Hawks,37,"Fukuda, Shuhei",OF,40,1.000,30,0,0,0,,11615114
2012,Regular Season,Hokkaido Nippon-Ham Fighters,51,"Murata, Kazuya",OF,2,1.000,2,0,0,0,,11615116
2012,Regular Season,Tokyo Yakult Swallows,68,"Morioka, Ryosuke",2B,9,1.000,7,18,0,0,,11615117
2012,Regular Season,Tokyo Yakult Swallows,68,"Morioka, Ryosuke",3B,20,1.000,7,16,0,1,,11615117
2012,Regular Season,Tokyo Yakult Swallows,68,"Morioka, Ryosuke",SS,69,0.992,91,170,2,36,,11615117
2012,Climax Series - First Stage,Tokyo Yakult Swallows,20,"Yamamoto, Tetsuya",P,1,0.000,0,0,0,0,,11615131
2012,Regular Season,Tokyo Yakult Swallows,20,"Yamamoto, Tetsuya",P,50,1.000,3,2,0,0,,11615131
2012,Regular Season,Chiba Lotte Marines,18,"Fujioka, Takahiro",P,21,1.000,6,25,0,0,,11615135
2012,Regular Season,Hanshin Tigers,99,"Kano, Keisuke",OF,4,1.000,5,0,0,0,,11715113
2012,Regular Season,Yokohama DeNA Baystars,54,"Kosugi, Yota",P,17,1.000,3,9,0,0,,11715118
2012,Regular Season,Fukuoka Softbank Hawks,26,"Kawahara, Hiroyuki",P,2,1.000,0,1,0,0,,11715131
2012,Regular Season,Fukuoka Softbank Hawks,34,"Yamada, Hiroki",P,24,0.969,3,28,1,0,,11815114
2012,Regular Season,Tokyo Yakult Swallows,12,"Imu, Chanyon",P,9,1.000,2,0,0,0,,11815116
2012,Regular Season,Yokohama DeNA Baystars,61,"Alvarado, Giancarlo",P,8,0.917,6,5,1,1,,11815131
2012,Regular Season,Hokkaido Nippon-Ham Fighters,3,"Tanaka, Kensuke",2B,114,0.982,260,343,11,62,,11915111
2012,Regular Season,Hanshin Tigers,29,"Kojima, Tatsuya",P,4,1.000,0,2,0,0,,11915114
2012,Regular Season,Hiroshima Toyo Carp,14,"Shinoda, Junpei",P,7,1.000,2,5,0,1,,11915116
2012,Regular Season,Yokohama DeNA Baystars,55,"Goto, Taketoshi",1B,30,0.989,249,19,3,18,,11915117
2012,Regular Season,Yokohama DeNA Baystars,55,"Goto, Taketoshi",OF,4,0.889,8,0,1,0,,11915117
2012,Regular Season,Orix Buffaloes,15,"Sato, Tatsuya",P,14,1.000,0,4,0,0,,11915135
2012,Climax Series - First Stage,Tokyo Yakult Swallows,4,"Balentien, Wladimir",OF,3,1.000,7,0,0,0,,13315133
2012,Regular Season,Tokyo Yakult Swallows,4,"Balentien, Wladimir",OF,97,0.986,139,4,2,0,,13315133
2012,Climax Series - First Stage,Tokyo Yakult Swallows,85,"Milledge, Lastings",OF,3,1.000,3,0,0,0,,13315135
2012,Regular Season,Tokyo Yakult Swallows,85,"Milledge, Lastings",OF,125,0.967,222,13,8,2,,13315135
2012,Regular Season,Hanshin Tigers,40,"Zen, Kaiun",P,10,1.000,1,0,0,0,,13515118
2012,Regular Season,Hiroshima Toyo Carp,55,"Eldred, Brad",1B,63,0.991,514,30,5,43,,13515135
2012,Regular Season,Yokohama DeNA Baystars,99,"Nakamura, Norihiro",1B,79,0.993,631,35,5,42,,21023885
2012,Regular Season,Yokohama DeNA Baystars,99,"Nakamura, Norihiro",3B,50,0.959,31,86,5,11,,21023885
2012,Regular Season,Chiba Lotte Marines,23,"Heiuchi, Hisao",1B,52,1.000,71,6,0,4,,21025111
2012,Regular Season,Chiba Lotte Marines,23,"Heiuchi, Hisao",2B,2,1.000,1,0,0,0,,21025111
2012,Regular Season,Chiba Lotte Marines,23,"Heiuchi, Hisao",3B,1,1.000,0,1,0,0,,21025111
2012,Regular Season,Chiba Lotte Marines,23,"Heiuchi, Hisao",SS,2,1.000,1,3,0,1,,21025111
2012,Regular Season,Yomiuri Giants,61,"Nakai, Daisuke",1B,8,1.000,33,3,0,3,,21025116
2012,Regular Season,Yomiuri Giants,61,"Nakai, Daisuke",2B,3,1.000,8,4,0,1,,21025116
2012,Regular Season,Yomiuri Giants,61,"Nakai, Daisuke",3B,6,1.000,1,7,0,1,,21025116
2012,Japan Series,Hokkaido Nippon-Ham Fighters,36,"Nakamura, Masaru",P,1,1.000,2,2,0,0,,21025131
2012,Regular Season,Hokkaido Nippon-Ham Fighters,36,"Nakamura, Masaru",P,8,0.889,2,6,1,0,,21025131
2012,Climax Series - Final Stage,Chunichi Dragons,45,"Tajima, Shinji",P,4,1.000,0,3,0,0,,21025135
2012,Climax Series - First Stage,Chunichi Dragons,45,"Tajima, Shinji",P,2,1.000,0,1,0,0,,21025135
2012,Regular Season,Chunichi Dragons,45,"Tajima, Shinji",P,56,1.000,4,20,0,3,,21025135
2012,Climax Series - Final Stage,Yomiuri Giants,10,"Abe, Shinnosuke",C,6,1.000,35,3,0,1,1,21125113
2012,Japan Series,Yomiuri Giants,10,"Abe, Shinnosuke",C,4,1.000,26,2,0,0,0,21125113
2012,Regular Season,Yomiuri Giants,10,"Abe, Shinnosuke",1B,21,0.984,175,7,3,17,,21125113
2012,Regular Season,Yomiuri Giants,10,"Abe, Shinnosuke",C,116,0.992,788,70,7,8,1,21125113
2012,Regular Season,Hokkaido Nippon-Ham Fighters,20,"Itokazu, Keisaku",P,1,1.000,0,1,0,0,,21125114
2012,Regular Season,Tohoku Rakuten Golden Eagles,26,"Arime, Kanehisa",P,1,0.000,0,0,0,0,,21125115
2012,Climax Series - Final Stage,Chunichi Dragons,18,"Itoh, Junki",P,2,1.000,0,5,0,0,,21125118
2012,Regular Season,Chunichi Dragons,18,"Itoh, Junki",P,2,1.000,2,0,0,0,,21125118
2012,Japan Series,Hokkaido Nippon-Ham Fighters,40,"Iwadate, Manabu",2B,1,1.000,0,3,0,0,,21125119
2012,Regular Season,Hokkaido Nippon-Ham Fighters,40,"Iwadate, Manabu",1B,8,1.000,41,0,0,5,,21125119
2012,Regular Season,Hokkaido Nippon-Ham Fighters,40,"Iwadate, Manabu",3B,5,1.000,2,5,0,0,,21125119
2012,Regular Season,Hokkaido Nippon-Ham Fighters,40,"Iwadate, Manabu",SS,2,1.000,0,4,0,0,,21125119
2012,Regular Season,Yomiuri Giants,46,"Ichioka, Ryuji",P,4,1.000,0,2,0,0,,21125135
2012,Climax Series - Final Stage,Chunichi Dragons,30,"Morino, Masahiko",1B,3,1.000,5,0,0,0,,21223884
2012,Climax Series - Final Stage,Chunichi Dragons,30,"Morino, Masahiko",3B,6,1.000,0,11,0,0,,21223884
2012,Climax Series - First Stage,Chunichi Dragons,30,"Morino, Masahiko",1B,1,1.000,2,0,0,0,,21223884
2012,Climax Series - First Stage,Chunichi Dragons,30,"Morino, Masahiko",3B,3,1.000,2,7,0,0,,21223884
2012,Regular Season,Chunichi Dragons,30,"Morino, Masahiko",1B,69,1.000,277,26,0,33,,21223884
2012,Regular Season,Chunichi Dragons,30,"Morino, Masahiko",3B,106,0.981,54,151,4,9,,21223884
2012,Climax Series - Final Stage,Yomiuri Giants,51,"Furuki, Shigeyuki",1B,2,1.000,12,0,0,1,,21223886
2012,Climax Series - Final Stage,Yomiuri Giants,51,"Furuki, Shigeyuki",2B,4,1.000,6,6,0,2,,21223886
2012,Japan Series,Yomiuri Giants,51,"Furuki, Shigeyuki",2B,2,1.000,0,4,0,0,,21223886
2012,Regular Season,Yomiuri Giants,51,"Furuki, Shigeyuki",1B,28,1.000,96,6,0,6,,21223886
2012,Regular Season,Yomiuri Giants,51,"Furuki, Shigeyuki",2B,29,1.000,40,61,0,11,,21223886
2012,Regular Season,Yomiuri Giants,51,"Furuki, Shigeyuki",3B,18,0.867,4,9,2,1,,21223886
2012,Regular Season,Yomiuri Giants,51,"Furuki, Shigeyuki",SS,1,1.000,0,2,0,0,,21223886
2012,Regular Season,Tohoku Rakuten Golden Eagles,6,"Fujita, Kazuya",2B,51,0.990,76,117,2,17,,21225110
2012,Regular Season,Tohoku Rakuten Golden Eagles,6,"Fujita, Kazuya",SS,13,1.000,16,29,0,5,,21225110
2012,Regular Season,Yokohama DeNA Baystars,23,"Fujita, Kazuya",2B,8,1.000,11,8,0,1,,21225110
2012,Regular Season,Yokohama DeNA Baystars,23,"Fujita, Kazuya",3B,18,1.000,8,22,0,1,,21225110
2012,Regular Season,Yokohama DeNA Baystars,23,"Fujita, Kazuya",SS,27,1.000,28,71,0,12,,21225110
2012,Regular Season,Tokyo Yakult Swallows,10,"Fujimoto, Atsushi",1B,7,0.949,36,1,2,3,,21225113
2012,Regular Season,Tokyo Yakult Swallows,10,"Fujimoto, Atsushi",2B,1,1.000,1,0,0,0,,21225113
2012,Regular Season,Tohoku Rakuten Golden Eagles,30,"Nagai, Satoshi",P,5,1.000,1,4,0,1,,21225114
2012,Regular Season,Chunichi Dragons,61,"Hisamoto, Yuichi",P,5,0.000,0,0,0,0,,21225115
2012,Regular Season,Tohoku Rakuten Golden Eagles,8,"Nakashima, Toshiya",OF,25,1.000,28,3,0,1,,21225117
2012,Regular Season,Yomiuri Giants,60,"Hoshino, Masumi",P,6,1.000,0,2,0,0,,21225131
2012,Climax Series - Final Stage,Hokkaido Nippon-Ham Fighters,26,"Nishikawa, Haruki",2B,2,1.000,5,5,0,0,,21225133
2012,Japan Series,Hokkaido Nippon-Ham Fighters,26,"Nishikawa, Haruki",2B,2,1.000,1,2,0,0,,21225133
2012,Regular Season,Hokkaido Nippon-Ham Fighters,26,"Nishikawa, Haruki",2B,29,0.953,44,57,5,10,,21225133
2012,Regular Season,Hokkaido Nippon-Ham Fighters,26,"Nishikawa, Haruki",3B,5,0.833,1,4,1,0,,21225133
2012,Regular Season,Hokkaido Nippon-Ham Fighters,26,"Nishikawa, Haruki",SS,2,1.000,2,1,0,0,,21225133
2012,Regular Season,Hiroshima Toyo Carp,53,"Toda, Takaya",P,1,0.000,0,0,0,0,,21225135
2012,Japan Series,Yomiuri Giants,2,"Ogasawara, Michihiro",1B,1,1.000,13,0,0,0,,21323884
2012,Regular Season,Yomiuri Giants,2,"Ogasawara, Michihiro",1B,27,1.000,202,16,0,14,,21323884
2012,Regular Season,Hiroshima Toyo Carp,36,"Kikuchihara, Tsuyoshi",P,14,1.000,2,2,0,0,,21323887
2012,Japan Series,Yomiuri Giants,40,"Kato, Ken",C,1,1.000,6,2,0,1,0,21323888
2012,Regular Season,Yomiuri Giants,40,"Kato, Ken",C,13,0.980,38,11,1,0,0,21323888
2012,Climax Series - Final Stage,Hokkaido Nippon-Ham Fighters,8,"Kaneko, Makoto",SS,3,1.000,7,12,0,3,,21323889
2012,Japan Series,Hokkaido Nippon-Ham Fighters,8,"Kaneko, Makoto",SS,6,0.960,11,13,1,4,,21323889
2012,Regular Season,Hokkaido Nippon-Ham Fighters,8,"Kaneko, Makoto",SS,103,0.986,143,295,6,43,,21323889
2012,Regular Season,Hiroshima Toyo Carp,24,"Kawauchi, Takaya",P,28,0.833,2,3,1,0,,21325111
2012,Climax Series - Final Stage,Fukuoka Softbank Hawks,1,"Uchikawa, Seiichi",OF,3,0.500,1,0,1,0,,21325113
2012,Climax Series - First Stage,Fukuoka Softbank Hawks,1,"Uchikawa, Seiichi",OF,3,1.000,0,1,0,0,,21325113
2012,Regular Season,Fukuoka Softbank Hawks,1,"Uchikawa, Seiichi",OF,136,0.996,236,7,1,2,,21325113
2012,Regular Season,Hokkaido Nippon-Ham Fighters,46,"Uemura, Yusuke",P,9,1.000,0,1,0,0,,21325114
2012,Regular Season,Tohoku Rakuten Golden Eagles,27,"Okajima, Takero",C,36,0.995,197,17,1,0,3,21325135
2012,Regular Season,Saitama Seibu Lions,36,"Yoneno, Tomohito",1B,2,1.000,10,0,0,1,,21425111
2012,Regular Season,Saitama Seibu Lions,36,"Yoneno, Tomohito",OF,15,1.000,22,0,0,0,,21425111
2012,Regular Season,Chiba Lotte Marines,59,"Hosoya, Kei",1B,17,0.988,73,8,1,8,,21425112
2012,Regular Season,Chiba Lotte Marines,59,"Hosoya, Kei",3B,1,1.000,0,1,0,0,,21425112
2012,Climax Series - Final Stage,Fukuoka Softbank Hawks,24,"Hasegawa, Yuya",OF,3,1.000,3,0,0,0,,21425114
2012,Climax Series - First Stage,Fukuoka Softbank Hawks,24,"Hasegawa, Yuya",OF,3,1.000,3,0,0,0,,21425114
2012,Regular Season,Fukuoka Softbank Hawks,24,"Hasegawa, Yuya",OF,124,0.986,214,2,3,2,,21425114
2012,Regular Season,Hiroshima Toyo Carp,63,"Maru, Yoshihiro",OF,95,0.974,142,5,4,0,,21425116
2012,Regular Season,Hiroshima Toyo Carp,19,"Nomura, Yusuke",P,27,0.977,12,30,1,2,,21425135
2012,Regular Season,Yokohama DeNA Baystars,34,"Shinohara, Takayuki",P,50,1.000,1,7,0,1,,21523886
2012,Regular Season,Yokohama DeNA Baystars,8,"Koike, Masaaki",1B,32,0.988,153,17,2,13,,21523888
2012,Regular Season,Yokohama DeNA Baystars,8,"Koike, Masaaki",OF,25,1.000,28,0,0,0,,21523888
2012,Regular Season,Hanshin Tigers,63,"Kato, Kosuke",P,41,1.000,1,3,0,0,,21525113
2012,Regular Season,Chiba Lotte Marines,0,"Ogino, Tadahiro",P,5,1.000,1,1,0,0,,21525114
2012,Regular Season,Fukuoka Softbank Hawks,38,"Kamiuchi, Yasushi",P,20,1.000,1,2,0,0,,21525115
2012,Regular Season,Chiba Lotte Marines,19,"Karakawa, Yuki",P,12,1.000,4,14,0,1,,21525116
2012,Regular Season,Tohoku Rakuten Golden Eagles,54,"Kato, Daisuke",P,35,0.857,2,10,2,0,,21525117
2012,Regular Season,Fukuoka Softbank Hawks,61,"Kimu, Muyon",P,29,0.833,1,4,1,1,,21525118
2012,Regular Season,Yokohama DeNA Baystars,16,"Kaga, Shigeru",P,61,0.909,3,7,1,0,,21525131
2012,Climax Series - First Stage,Tokyo Yakult Swallows,15,"Muranaka, Kyohei",P,1,0.667,0,2,1,0,,21625112
2012,Regular Season,Tokyo Yakult Swallows,15,"Muranaka, Kyohei",P,25,1.000,5,38,0,2,,21625112
2012,Climax Series - Final Stage,Chunichi Dragons,26,"Yamauchi, Soma",P,1,1.000,0,1,0,0,,21625116
2012,Climax Series - First Stage,Chunichi Dragons,26,"Yamauchi, Soma",P,1,0.000,0,0,0,0,,21625116
2012,Regular Season,Chunichi Dragons,26,"Yamauchi, Soma",P,24,1.000,7,31,0,1,,21625116
2012,Regular Season,Tokyo Yakult Swallows,70,"Yagi, Ryosuke",P,3,1.000,2,2,0,0,,21625118
2012,Climax Series - Final Stage,Yomiuri Giants,30,"Miyaguni, Ryosuke",P,1,1.000,0,2,0,1,,21625133
2012,Japan Series,Yomiuri Giants,30,"Miyaguni, Ryosuke",P,1,0.000,0,0,0,0,,21625133
2012,Regular Season,Yomiuri Giants,30,"Miyaguni, Ryosuke",P,17,0.920,10,13,2,1,,21625133
2012,Regular Season,Yokohama DeNA Baystars,10,"Tsuruoka, Kazunari",C,101,0.996,428,46,2,4,4,21723882
2012,Regular Season,Yokohama DeNA Baystars,59,"Kurobane, Toshiki",C,58,0.983,253,30,5,4,3,21725112
2012,Regular Season,Saitama Seibu Lions,65,"Saito, Shogo",OF,24,0.952,20,0,1,0,,21725116
2012,Regular Season,Yomiuri Giants,11,"Kubo, Yuya",P,2,0.000,0,0,0,0,,21725117
2012,Regular Season,Hanshin Tigers,00,"Shibata, Kohei",OF,62,1.000,79,2,0,0,,21725118
2012,Climax Series - First Stage,Saitama Seibu Lions,58,"Kumashiro, Masato",OF,2,1.000,4,0,0,0,,21725133
2012,Regular Season,Saitama Seibu Lions,58,"Kumashiro, Masato",OF,102,0.971,99,3,3,1,,21725133
2012,Regular Season,Tokyo Yakult Swallows,31,"Matsumoto, Yuichi",1B,6,1.000,36,1,0,2,,21823888
2012,Regular Season,Tokyo Yakult Swallows,31,"Matsumoto, Yuichi",OF,1,1.000,2,0,0,0,,21823888
2012,Climax Series - Final Stage,Hokkaido Nippon-Ham Fighters,24,"Yoh, Daikan",OF,3,1.000,3,1,0,1,,21825112
2012,Japan Series,Hokkaido Nippon-Ham Fighters,24,"Yoh, Daikan",OF,6,1.000,13,0,0,0,,21825112
2012,Regular Season,Hokkaido Nippon-Ham Fighters,24,"Yoh, Daikan",OF,144,0.991,322,4,3,1,,21825112
2012,Regular Season,Hiroshima Toyo Carp,2,"Higashide, Akihiro",2B,72,0.988,139,187,4,27,,21923888
2012,Regular Season,Chiba Lotte Marines,9,"Fukura, Kazuya",1B,40,0.989,316,31,4,22,,21923889
2012,Climax Series - First Stage,Tokyo Yakult Swallows,7,"Tanaka, Hiroyasu",2B,3,1.000,4,6,0,2,,21925110
2012,Regular Season,Tokyo Yakult Swallows,7,"Tanaka, Hiroyasu",2B,139,0.995,448,409,4,99,,21925110
2012,Regular Season,Hiroshima Toyo Carp,6,"Soyogi, Eishin",SS,137,0.964,200,386,22,80,,21925112
2012,Regular Season,Chiba Lotte Marines,00,"Takahama, Takuya",3B,1,1.000,2,0,0,0,,21925116
2012,Regular Season,Orix Buffaloes,9,"Sakaguchi, Tomotaka",OF,38,0.986,70,2,1,1,,21925117
2012,Regular Season,Hanshin Tigers,1,"Toritani, Takashi",SS,144,0.983,215,468,12,77,,21925119
2012,Regular Season,Tohoku Rakuten Golden Eagles,40,"Tsuchiya, Tomohiro",P,8,1.000,0,3,0,1,,21925131
2012,Climax Series - Final Stage,Chunichi Dragons,42,"Blanco, Tony",1B,6,1.000,61,3,0,6,,23125118
2012,Climax Series - First Stage,Chunichi Dragons,42,"Blanco, Tony",1B,3,1.000,31,1,0,1,,23125118
2012,Regular Season,Chunichi Dragons,42,"Blanco, Tony",1B,87,0.994,660,33,4,51,,23125118
2012,Regular Season,Chiba Lotte Marines,44,"Penn, Hayden",P,4,1.000,0,5,0,0,,23325131
2012,Regular Season,Fukuoka Softbank Hawks,31,"Penny, Brad",P,1,1.000,0,2,0,1,,23325135
2012,Regular Season,Fukuoka Softbank Hawks,42,"Allen, Brandon",1B,11,1.000,75,2,0,9,,23525135
2012,Regular Season,Yomiuri Giants,17,"Tono, Shun",P,1,1.000,1,2,0,0,,31035110
2012,Climax Series - First Stage,Tokyo Yakult Swallows,8,"Takeuchi, Shinichi",1B,2,1.000,5,0,0,0,,31035112
2012,Climax Series - First Stage,Tokyo Yakult Swallows,8,"Takeuchi, Shinichi",OF,1,0.000,0,0,0,0,,31035112
2012,Regular Season,Tokyo Yakult Swallows,8,"Takeuchi, Shinichi",1B,26,1.000,102,4,0,10,,31035112
2012,Regular Season,Tokyo Yakult Swallows,8,"Takeuchi, Shinichi",OF,19,1.000,25,1,0,0,,31035112
2012,Regular Season,Tohoku Rakuten Golden Eagles,46,"Tsuchiya, Teppei",OF,117,0.994,167,3,1,0,,31035113
2012,Japan Series,Hokkaido Nippon-Ham Fighters,48,"Tanimoto, Keisuke",P,1,0.000,0,0,0,0,,31035118
2012,Regular Season,Hokkaido Nippon-Ham Fighters,48,"Tanimoto, Keisuke",P,28,1.000,2,9,0,0,,31035118
2012,Climax Series - Final Stage,Yomiuri Giants,35,"Nishimura, Kentaro",P,4,1.000,1,1,0,0,,31035119
2012,Japan Series,Yomiuri Giants,35,"Nishimura, Kentaro",P,2,1.000,0,2,0,0,,31035119
2012,Regular Season,Yomiuri Giants,35,"Nishimura, Kentaro",P,69,1.000,4,10,0,0,,31035119
2012,Climax Series - First Stage,Tokyo Yakult Swallows,42,"Shichijo, Yuki",P,1,0.000,0,0,0,0,,31035133
2012,Regular Season,Tokyo Yakult Swallows,42,"Shichijo, Yuki",P,6,1.000,0,5,0,0,,31035133
2012,Climax Series - Final Stage,Yomiuri Giants,57,"Takagi, Kyosuke",P,2,1.000,0,1,0,0,,31035135
2012,Japan Series,Yomiuri Giants,57,"Takagi, Kyosuke",P,3,0.000,0,0,0,0,,31035135
2012,Regular Season,Yomiuri Giants,57,"Takagi, Kyosuke",P,34,1.000,1,3,0,0,,31035135
2012,Climax Series - First Stage,Saitama Seibu Lions,16,"Ishii, Kazuhisa",P,1,1.000,0,1,0,0,,31133885
2012,Regular Season,Saitama Seibu Lions,16,"Ishii, Kazuhisa",P,24,1.000,4,19,0,0,,31133885
2012,Regular Season,Hiroshima Toyo Carp,64,"Aizawa, Tsubasa",C,7,0.955,20,1,1,1,0,31135114
2012,Regular Season,Hiroshima Toyo Carp,64,"Aizawa, Tsubasa",OF,11,1.000,19,1,0,0,,31135114
2012,Climax Series - First Stage,Tokyo Yakult Swallows,47,"Akagawa, Katsuki",P,2,1.000,0,1,0,0,,31135118
2012,Regular Season,Tokyo Yakult Swallows,47,"Akagawa, Katsuki",P,28,0.953,7,34,2,0,,31135118
2012,Climax Series - First Stage,Saitama Seibu Lions,55,"Akiyama, Shogo",OF,3,1.000,9,0,0,0,,31135133
2012,Regular Season,Saitama Seibu Lions,55,"Akiyama, Shogo",OF,106,0.987,284,9,4,1,,31135133
2012,Regular Season,Orix Buffaloes,3,"Adachi, Ryoichi",2B,13,1.000,21,43,0,5,,31135135
2012,Regular Season,Orix Buffaloes,3,"Adachi, Ryoichi",3B,5,1.000,0,2,0,0,,31135135
2012,Regular Season,Orix Buffaloes,3,"Adachi, Ryoichi",OF,1,0.000,0,0,0,0,,31135135
2012,Regular Season,Orix Buffaloes,3,"Adachi, Ryoichi",SS,21,0.956,23,42,3,3,,31135135
2012,Regular Season,Tokyo Yakult Swallows,49,"Miyade, Ryuji",1B,5,1.000,28,1,0,1,,31233882
2012,Regular Season,Tokyo Yakult Swallows,49,"Miyade, Ryuji",OF,13,1.000,15,1,0,0,,31233882
2012,Regular Season,Orix Buffaloes,34,"Nakayama, Shinya",P,53,0.962,4,21,1,0,,31235112
2012,Climax Series - First Stage,Tokyo Yakult Swallows,33,"Hatakeyama, Kazuhiro",1B,3,1.000,24,1,0,2,,31235113
2012,Regular Season,Tokyo Yakult Swallows,33,"Hatakeyama, Kazuhiro",1B,121,0.994,1006,77,7,94,,31235113
2012,Regular Season,Hiroshima Toyo Carp,34,"Nakata, Ren",P,27,1.000,2,3,0,1,,31235118
2012,Regular Season,Yokohama DeNA Baystars,49,"Fukuda, Takehiro",P,5,0.500,0,1,1,0,,31235131
2012,Regular Season,Hiroshima Toyo Carp,56,"Nakazaki, Shota",P,12,1.000,0,3,0,0,,31235133
2012,Regular Season,Hanshin Tigers,49,"Imanari, Ryota",C,36,0.994,141,14,1,3,0,31335112
2012,Regular Season,Yomiuri Giants,52,"Inzen, Tomoya",1B,1,1.000,2,0,0,1,,31335114
2012,Regular Season,Yomiuri Giants,52,"Inzen, Tomoya",OF,11,1.000,5,0,0,0,,31335114
2012,Climax Series - Final Stage,Fukuoka Softbank Hawks,41,"Iwasaki, Sho",P,1,1.000,0,1,0,0,,31335116
2012,Climax Series - First Stage,Fukuoka Softbank Hawks,41,"Iwasaki, Sho",P,2,0.000,0,0,0,0,,31335116
2012,Regular Season,Fukuoka Softbank Hawks,41,"Iwasaki, Sho",P,29,0.962,8,17,1,0,,31335116
2012,Climax Series - Final Stage,Fukuoka Softbank Hawks,2,"Imamiya, Kenta",SS,3,1.000,2,5,0,0,,31335131
2012,Climax Series - First Stage,Fukuoka Softbank Hawks,2,"Imamiya, Kenta",SS,3,1.000,4,8,0,0,,31335131
2012,Regular Season,Fukuoka Softbank Hawks,2,"Imamiya, Kenta",SS,122,0.971,143,257,12,35,,31335131
2012,Regular Season,Hokkaido Nippon-Ham Fighters,16,"Inui, Masahiro",P,36,1.000,1,7,0,1,,31335133
2012,Regular Season,Hokkaido Nippon-Ham Fighters,42,"Kida, Masao",P,1,0.000,0,0,0,0,,31433868
2012,Climax Series - Final Stage,Chunichi Dragons,5,"Wada, Kazuhiro",OF,6,1.000,9,0,0,0,,31433884
2012,Climax Series - First Stage,Chunichi Dragons,5,"Wada, Kazuhiro",OF,3,1.000,10,0,0,0,,31433884
2012,Regular Season,Chunichi Dragons,5,"Wada, Kazuhiro",OF,142,0.995,210,3,1,0,,31433884
2012,Regular Season,Hanshin Tigers,24,"Hiyama, Shinjiro",OF,3,1.000,2,0,0,0,,31433885
2012,Climax Series - Final Stage,Yomiuri Giants,59,"Fukuda, Satoshi",P,3,1.000,0,1,0,0,,31435112
2012,Japan Series,Yomiuri Giants,59,"Fukuda, Satoshi",P,3,0.000,0,0,0,0,,31435112
2012,Regular Season,Yomiuri Giants,59,"Fukuda, Satoshi",P,50,1.000,3,8,0,1,,31435112
2012,Regular Season,Tokyo Yakult Swallows,54,"Mizuta, Keisuke",2B,1,1.000,1,2,0,0,,31435113
2012,Climax Series - Final Stage,Yomiuri Giants,0,"Fujimura, Daisuke",2B,2,1.000,2,4,0,0,,31435116
2012,Japan Series,Yomiuri Giants,0,"Fujimura, Daisuke",2B,2,0.800,1,3,1,0,,31435116
2012,Regular Season,Yomiuri Giants,0,"Fujimura, Daisuke",2B,100,0.992,165,205,3,35,,31435116
2012,Regular Season,Yomiuri Giants,0,"Fujimura, Daisuke",SS,1,1.000,0,3,0,0,,31435116
2012,Regular Season,Chunichi Dragons,9,"Nomoto, Kei",OF,25,1.000,26,1,0,0,,31435118
2012,Regular Season,Tokyo Yakult Swallows,57,"Matsui, Jun",OF,44,0.955,60,3,3,0,,31435131
2012,Regular Season,Hiroshima Toyo Carp,11,"Fukui, Yuya",P,17,0.875,0,7,1,0,,31435133
2012,Regular Season,Hiroshima Toyo Carp,40,"Kura, Yoshikazu",C,66,0.993,377,26,3,3,4,31533886
2012,Climax Series - Final Stage,Fukuoka Softbank Hawks,9,"Kokubo, Hiroki",1B,2,0.947,17,1,1,0,,31533889
2012,Climax Series - First Stage,Fukuoka Softbank Hawks,9,"Kokubo, Hiroki",1B,3,0.957,22,0,1,2,,31533889
2012,Regular Season,Fukuoka Softbank Hawks,9,"Kokubo, Hiroki",1B,90,0.996,654,47,3,44,,31533889
2012,Regular Season,Tokyo Yakult Swallows,28,"Kawamoto, Ryohei",C,16,1.000,67,4,0,0,0,31535110
2012,Regular Season,Hiroshima Toyo Carp,5,"Kurihara, Kenta",1B,21,1.000,207,16,0,16,,31535111
2012,Regular Season,Tohoku Rakuten Golden Eagles,28,"Katayama, Hiroshi",P,41,1.000,0,7,0,0,,31535112
2012,Climax Series - First Stage,Saitama Seibu Lions,56,"Onizaki, Yuji",2B,1,1.000,1,1,0,0,,31535116
2012,Climax Series - First Stage,Saitama Seibu Lions,56,"Onizaki, Yuji",3B,1,0.000,0,0,0,0,,31535116
2012,Regular Season,Saitama Seibu Lions,56,"Onizaki, Yuji",2B,30,0.977,20,23,1,4,,31535116
2012,Regular Season,Saitama Seibu Lions,56,"Onizaki, Yuji",3B,12,1.000,1,5,0,1,,31535116
2012,Regular Season,Saitama Seibu Lions,56,"Onizaki, Yuji",SS,11,0.909,2,8,1,1,,31535116
2012,Climax Series - First Stage,Saitama Seibu Lions,34,"Osada, Shuichiro",P,1,1.000,0,1,0,0,,31535117
2012,Regular Season,Saitama Seibu Lions,34,"Osada, Shuichiro",P,53,0.900,1,8,1,1,,31535117
2012,Climax Series - First Stage,Fukuoka Softbank Hawks,23,"Kidokoro, Ryuma",OF,2,1.000,3,0,0,0,,31535119
2012,Regular Season,Fukuoka Softbank Hawks,23,"Kidokoro, Ryuma",OF,57,1.000,13,0,0,0,,31535119
2012,Regular Season,Saitama Seibu Lions,30,"Okamoto, Yosuke",P,1,1.000,0,2,0,0,,31535131
2012,Regular Season,Yokohama DeNA Baystars,51,"Ohara, Junya",3B,1,0.000,0,0,0,0,,31535133
2012,Regular Season,Tohoku Rakuten Golden Eagles,21,"Kamata, Yoshinao",P,20,1.000,6,15,0,1,,31535135
2012,Climax Series - First Stage,Saitama Seibu Lions,18,"Wakui, Hideaki",P,2,0.000,0,0,0,0,,31635110
2012,Regular Season,Saitama Seibu Lions,18,"Wakui, Hideaki",P,55,1.000,2,9,0,0,,31635110
2012,Regular Season,Chiba Lotte Marines,12,"Yoshimi, Yuji",P,8,1.000,0,7,0,1,,31635113
2012,Regular Season,Chunichi Dragons,55,"Fukuda, Nobumasa",1B,12,1.000,13,2,0,1,,31635114
2012,Regular Season,Chunichi Dragons,55,"Fukuda, Nobumasa",2B,2,0.000,0,0,0,0,,31635114
2012,Regular Season,Chunichi Dragons,55,"Fukuda, Nobumasa",3B,4,1.000,4,10,0,0,,31635114
2012,Regular Season,Chunichi Dragons,55,"Fukuda, Nobumasa",C,8,1.000,19,2,0,0,2,31635114
2012,Climax Series - Final Stage,Chunichi Dragons,29,"Yamai, Daisuke",P,4,0.000,0,0,0,0,,31635115
2012,Climax Series - First Stage,Chunichi Dragons,29,"Yamai, Daisuke",P,3,1.000,0,3,0,0,,31635115
2012,Regular Season,Chunichi Dragons,29,"Yamai, Daisuke",P,56,0.973,8,28,1,4,,31635115
2012,Regular Season,Hanshin Tigers,2,"Jojima, Kenji",1B,8,1.000,67,3,0,3,,31733880
2012,Regular Season,Chiba Lotte Marines,22,"Satozaki, Tomoya",C,118,0.996,630,51,3,4,1,31733888
2012,Climax Series - First Stage,Tokyo Yakult Swallows,5,"Kawabata, Shingo",SS,3,1.000,6,9,0,1,,31735112
2012,Regular Season,Tokyo Yakult Swallows,5,"Kawabata, Shingo",1B,7,0.974,36,2,1,6,,31735112
2012,Regular Season,Tokyo Yakult Swallows,5,"Kawabata, Shingo",3B,44,0.975,43,72,3,4,,31735112
2012,Regular Season,Tokyo Yakult Swallows,5,"Kawabata, Shingo",SS,83,0.992,122,254,3,44,,31735112
2012,Regular Season,Orix Buffaloes,13,"Kuwahara, Kentaro",P,2,0.000,0,0,0,0,,31735116
2012,Climax Series - Final Stage,Fukuoka Softbank Hawks,54,"Yanase, Akihiro",P,2,1.000,0,1,0,0,,31835112
2012,Climax Series - First Stage,Fukuoka Softbank Hawks,54,"Yanase, Akihiro",P,1,0.000,0,0,0,0,,31835112
2012,Regular Season,Fukuoka Softbank Hawks,54,"Yanase, Akihiro",P,35,1.000,1,5,0,0,,31835112
2012,Climax Series - Final Stage,Fukuoka Softbank Hawks,44,"Yanagita, Yuki",OF,1,1.000,1,0,0,0,,31835133
2012,Climax Series - First Stage,Fukuoka Softbank Hawks,44,"Yanagita, Yuki",OF,1,0.000,0,0,0,0,,31835133
2012,Regular Season,Fukuoka Softbank Hawks,44,"Yanagita, Yuki",OF,62,0.991,113,0,1,0,,31835133
2012,Regular Season,Tohoku Rakuten Golden Eagles,34,"Muto, Yoshitaka",P,9,0.667,0,2,1,0,,31835135
2012,Regular Season,Orix Buffaloes,6,"Takahashi, Shinji",1B,1,1.000,8,0,0,1,,31933884
2012,Regular Season,Orix Buffaloes,54,"Takahashi, Hideaki",P,5,1.000,0,1,0,0,,31935110
2012,Regular Season,Orix Buffaloes,28,"Komatsu, Satoshi",P,21,1.000,2,7,0,0,,31935114
2012,Regular Season,Yomiuri Giants,18,"Sugiuchi, Toshiya",P,24,1.000,9,33,0,6,,31935115
2012,Climax Series - Final Stage,Chunichi Dragons,69,"Kobayashi, Masato",P,3,1.000,0,1,0,0,,31935117
2012,Regular Season,Chunichi Dragons,69,"Kobayashi, Masato",P,41,0.800,0,4,1,0,,31935117
2012,Regular Season,Tohoku Rakuten Golden Eagles,24,"Takahori, Kazuya",P,13,1.000,1,3,0,0,,31935131
2012,Regular Season,Hanshin Tigers,12,"Watanabe, Ryo",P,50,1.000,2,12,0,1,,33135112
2012,Regular Season,Hiroshima Toyo Carp,58,"Sarfate, Dennis",P,47,0.929,5,8,1,1,,33135133
2012,Regular Season,Saitama Seibu Lions,50,"Gonzalez, Enrique",P,16,1.000,3,4,0,0,,33135135
2012,Regular Season,Chunichi Dragons,49,"Nelson, Maximo",P,6,1.000,0,3,0,0,,33335116
2012,Regular Season,Yokohama DeNA Baystars,56,"Ruiz, Randy",1B,14,0.981,103,3,2,10,,33335131
2012,Climax Series - First Stage,Tokyo Yakult Swallows,53,"Roman, Orlando",P,1,0.000,0,0,0,0,,33335135
2012,Regular Season,Tokyo Yakult Swallows,53,"Roman, Orlando",P,26,0.950,6,32,2,4,,33335135
2012,Regular Season,Orix Buffaloes,91,"Maestri, Alessandro",P,8,0.800,4,4,2,0,,33535135
2012,Regular Season,Yokohama DeNA Baystars,29,"Niinuma, Shinji",C,4,1.000,2,0,0,0,0,41043886
2012,Regular Season,Saitama Seibu Lions,26,"Hoshino, Tomoki",P,6,1.000,1,1,0,0,,41043888
2012,Regular Season,Hanshin Tigers,46,"Tsuru, Naoto",P,43,1.000,3,17,0,2,,41045112
2012,Climax Series - Final Stage,Fukuoka Softbank Hawks,12,"Takaya, Hiroaki",C,3,0.000,0,0,0,0,0,41045114
2012,Climax Series - First Stage,Fukuoka Softbank Hawks,12,"Takaya, Hiroaki",C,1,1.000,6,0,0,0,0,41045114
2012,Regular Season,Fukuoka Softbank Hawks,12,"Takaya, Hiroaki",C,61,0.990,267,24,3,3,3,41045114
2012,Climax Series - Final Stage,Hokkaido Nippon-Ham Fighters,21,"Takeda, Hisashi",P,3,0.000,0,0,0,0,,41045117
2012,Japan Series,Hokkaido Nippon-Ham Fighters,21,"Takeda, Hisashi",P,2,0.000,0,0,0,0,,41045117
2012,Regular Season,Hokkaido Nippon-Ham Fighters,21,"Takeda, Hisashi",P,56,1.000,5,15,0,1,,41045117
2012,Regular Season,Tohoku Rakuten Golden Eagles,55,"Nishida, Tetsuro",2B,6,1.000,8,11,0,1,,41045131
2012,Regular Season,Tohoku Rakuten Golden Eagles,55,"Nishida, Tetsuro",3B,8,1.000,1,8,0,2,,41045131
2012,Regular Season,Tohoku Rakuten Golden Eagles,55,"Nishida, Tetsuro",SS,6,1.000,4,6,0,1,,41045131
2012,Regular Season,Hokkaido Nippon-Ham Fighters,64,"Taniguchi, Yuya",OF,4,1.000,2,1,0,0,,41045133
2012,Regular Season,Saitama Seibu Lions,61,"Tashiro, Shotaro",OF,1,1.000,1,0,0,0,,41045135
2012,Regular Season,Chiba Lotte Marines,3,"Omura, Saburo",1B,5,0.981,50,1,1,2,,41143880
2012,Regular Season,Chiba Lotte Marines,3,"Omura, Saburo",OF,53,0.989,90,0,1,0,,41143880
2012,Climax Series - Final Stage,Chunichi Dragons,6,"Ibata, Hirokazu",SS,6,1.000,13,16,0,7,,41143886
2012,Climax Series - First Stage,Chunichi Dragons,6,"Ibata, Hirokazu",SS,3,1.000,2,13,0,1,,41143886
2012,Regular Season,Chunichi Dragons,6,"Ibata, Hirokazu",SS,140,0.994,186,450,4,94,,41143886
2012,Regular Season,Saitama Seibu Lions,9,"Abe, Masahiro",1B,4,1.000,23,2,0,0,,41145113
2012,Regular Season,Saitama Seibu Lions,9,"Abe, Masahiro",2B,3,0.800,3,1,1,0,,41145113
2012,Regular Season,Hanshin Tigers,16,"Ando, Yuya",P,13,1.000,3,10,0,0,,41145115
2012,Regular Season,Yokohama DeNA Baystars,35,"Ushida, Shigeki",P,5,0.000,0,0,0,0,,41145119
2012,Regular Season,Hanshin Tigers,17,"Itoh, Kazuo",P,1,0.000,0,0,0,0,,41145135
2012,Regular Season,Yokohama DeNA Baystars,5,"Morimoto, Hichori",OF,90,0.976,117,4,3,1,,41243888
2012,Regular Season,Fukuoka Softbank Hawks,11,"Hoashi, Kazuyuki",P,1,1.000,0,2,0,0,,41245113
2012,Regular Season,Chiba Lotte Marines,38,"Nakago, Taiki",P,44,0.955,5,16,1,0,,41245114
2012,Regular Season,Tokyo Yakult Swallows,32,"Nitta, Genki",C,3,1.000,6,0,0,0,0,41245118
2012,Regular Season,Orix Buffaloes,60,"Maeda, Yuji",P,5,1.000,3,8,0,1,,41245131
2012,Regular Season,Hanshin Tigers,6,"Kanemoto, Tomoaki",OF,92,0.990,100,3,1,0,,41343885
2012,Climax Series - Final Stage,Chunichi Dragons,11,"Kawakami, Kenshin",P,1,1.000,0,2,0,0,,41343886
2012,Climax Series - First Stage,Chunichi Dragons,11,"Kawakami, Kenshin",P,1,0.000,0,0,0,0,,41343886
2012,Regular Season,Chunichi Dragons,11,"Kawakami, Kenshin",P,7,0.800,0,4,1,0,,41343886
2012,Climax Series - Final Stage,Fukuoka Softbank Hawks,51,"Kanazawa, Takehito",P,2,1.000,2,0,0,0,,41343888
2012,Climax Series - First Stage,Fukuoka Softbank Hawks,51,"Kanazawa, Takehito",P,1,0.000,0,0,0,0,,41343888
2012,Regular Season,Fukuoka Softbank Hawks,51,"Kanazawa, Takehito",P,49,1.000,2,5,0,1,,41343888
2012,Regular Season,Orix Buffaloes,19,"Kaneko, Chihiro",P,9,0.944,2,15,1,0,,41345110
2012,Regular Season,Yokohama DeNA Baystars,27,"Ejiri, Shintaro",P,2,1.000,0,1,0,0,,41345115
2012,Regular Season,Fukuoka Softbank Hawks,17,"Oba, Shota",P,10,0.750,0,6,2,0,,41345116
2012,Regular Season,Yomiuri Giants,55,"Ohta, Taishi",1B,12,0.978,83,5,2,8,,41345118
2012,Regular Season,Yomiuri Giants,55,"Ohta, Taishi",3B,2,1.000,1,0,0,0,,41345118
2012,Regular Season,Yomiuri Giants,55,"Ohta, Taishi",OF,15,1.000,21,0,0,0,,41345118
2012,Regular Season,Chiba Lotte Marines,14,"Ohtani, Tomohisa",P,42,1.000,8,13,0,0,,41345131
2012,Regular Season,Tohoku Rakuten Golden Eagles,36,"Enomoto, Aoi",OF,13,1.000,10,1,0,0,,41345133
2012,Climax Series - First Stage,Tokyo Yakult Swallows,2,"Aikawa, Ryoji",C,3,1.000,15,0,0,0,1,41443880
2012,Regular Season,Tokyo Yakult Swallows,2,"Aikawa, Ryoji",C,68,0.989,394,43,5,5,1,41443880
2012,Regular Season,Yokohama DeNA Baystars,18,"Miura, Daisuke",P,25,1.000,8,49,0,3,,41443885
2012,Climax Series - Final Stage,Fukuoka Softbank Hawks,46,"Honda, Yuichi",2B,3,1.000,8,10,0,0,,41445112
2012,Climax Series - First Stage,Fukuoka Softbank Hawks,46,"Honda, Yuichi",2B,3,1.000,13,10,0,3,,41445112
2012,Regular Season,Fukuoka Softbank Hawks,46,"Honda, Yuichi",2B,123,0.990,325,369,7,70,,41445112
2012,Regular Season,Fukuoka Softbank Hawks,46,"Honda, Yuichi",SS,1,0.000,0,0,0,0,,41445112
2012,Climax Series - First Stage,Saitama Seibu Lions,5,"Hara, Takuya",3B,2,1.000,0,2,0,0,,41445114
2012,Regular Season,Saitama Seibu Lions,5,"Hara, Takuya",2B,27,0.991,55,61,1,10,,41445114
2012,Regular Season,Saitama Seibu Lions,5,"Hara, Takuya",3B,58,0.905,11,27,4,2,,41445114
2012,Regular Season,Saitama Seibu Lions,5,"Hara, Takuya",SS,7,1.000,15,15,0,2,,41445114
2012,Japan Series,Hokkaido Nippon-Ham Fighters,25,"Miyanishi, Naoki",P,4,0.000,0,0,0,0,,41445116
2012,Regular Season,Hokkaido Nippon-Ham Fighters,25,"Miyanishi, Naoki",P,66,0.929,1,12,1,0,,41445116
2012,Regular Season,Chunichi Dragons,59,"Yachi, Kento",P,5,0.750,0,3,1,0,,41445131
2012,Climax Series - First Stage,Saitama Seibu Lions,35,"Makita, Kazuhisa",P,1,1.000,0,3,0,0,,41445133
2012,Regular Season,Saitama Seibu Lions,35,"Makita, Kazuhisa",P,27,0.920,7,39,4,0,,41445133
2012,Regular Season,Chiba Lotte Marines,25,"Kudo, Takahito",OF,20,0.941,16,0,1,0,,41545110
2012,Regular Season,Chiba Lotte Marines,61,"Kakunaka, Katsuya",OF,126,0.996,247,6,1,0,,41545114
2012,Regular Season,Orix Buffaloes,39,"Kamoshida, Takashi",P,2,0.000,0,0,0,0,,41545115
2012,Regular Season,Tohoku Rakuten Golden Eagles,59,"Kikuchi, Yasunori",P,4,1.000,1,7,0,0,,41545116
2012,Regular Season,Chiba Lotte Marines,34,"Kimura, Yuta",P,4,0.000,0,0,0,0,,41545118
2012,Regular Season,Hanshin Tigers,39,"Komiyama, Shinji",C,72,0.998,371,51,1,6,3,41545119
2012,Regular Season,Hokkaido Nippon-Ham Fighters,39,"Kato, Masayoshi",3B,3,1.000,0,6,0,0,,41545131
2012,Regular Season,Hokkaido Nippon-Ham Fighters,39,"Kato, Masayoshi",SS,10,0.966,12,16,1,4,,41545131
2012,Regular Season,Orix Buffaloes,46,"Kawabata, Takayoshi",OF,122,0.981,204,4,4,1,,41545135
2012,Regular Season,Orix Buffaloes,0,"Moriyama, Makoto",1B,2,1.000,3,0,0,1,,41645112
2012,Regular Season,Orix Buffaloes,0,"Moriyama, Makoto",OF,12,1.000,16,0,0,0,,41645112
2012,Regular Season,Fukuoka Softbank Hawks,42,"Cabrera, Alex",1B,8,1.000,54,2,0,1,,41645113
2012,Regular Season,Hokkaido Nippon-Ham Fighters,31,"Keppel, Bobby",P,2,0.000,0,0,0,0,,41645131
2012,Regular Season,Orix Buffaloes,24,"Miyazaki, Yuki",OF,10,1.000,24,0,0,0,,41645133
2012,Climax Series - Final Stage,Fukuoka Softbank Hawks,6,"Tamura, Hitoshi",OF,3,1.000,3,0,0,0,,41743880
2012,Climax Series - First Stage,Fukuoka Softbank Hawks,6,"Tamura, Hitoshi",OF,3,1.000,3,0,0,0,,41743880
2012,Regular Season,Fukuoka Softbank Hawks,6,"Tamura, Hitoshi",OF,48,0.988,85,0,1,0,,41743880
2012,Regular Season,Tohoku Rakuten Golden Eagles,4,"Takasu, Yosuke",3B,53,0.952,13,86,5,6,,41743886
2012,Regular Season,Tohoku Rakuten Golden Eagles,43,"Kosai, Yusuke",1B,1,1.000,1,0,0,0,,41745112
2012,Regular Season,Tohoku Rakuten Golden Eagles,43,"Kosai, Yusuke",OF,4,1.000,1,0,0,0,,41745112
2012,Regular Season,Saitama Seibu Lions,41,"Kimura, Fumikazu",P,8,1.000,1,5,0,1,,41745114
2012,Regular Season,Hiroshima Toyo Carp,32,"Shirahama, Yuta",C,34,0.987,133,18,2,0,1,41745119
2012,Regular Season,Hokkaido Nippon-Ham Fighters,54,"Kondoh, Kensuke",C,15,1.000,39,3,0,1,0,41745135
2012,Regular Season,Chunichi Dragons,19,"Yoshimi, Kazuki",P,19,1.000,7,27,0,0,,41845112
2012,Climax Series - Final Stage,Hokkaido Nippon-Ham Fighters,34,"Yoshikawa, Mitsuo",P,1,0.000,0,0,0,0,,41845114
2012,Japan Series,Hokkaido Nippon-Ham Fighters,34,"Yoshikawa, Mitsuo",P,2,1.000,0,1,0,0,,41845114
2012,Regular Season,Hokkaido Nippon-Ham Fighters,34,"Yoshikawa, Mitsuo",P,25,0.939,8,23,2,0,,41845114
2012,Climax Series - First Stage,Tokyo Yakult Swallows,3,"Fukuchi, Kazuki",OF,2,1.000,2,0,0,0,,41943889
2012,Regular Season,Tokyo Yakult Swallows,3,"Fukuchi, Kazuki",OF,60,0.988,79,0,1,0,,41943889
2012,Regular Season,Hanshin Tigers,45,"Shimizu, Takashi",C,2,1.000,7,0,0,0,0,41945114
2012,Regular Season,Saitama Seibu Lions,48,"Takekuma, Shota",P,14,1.000,0,4,0,0,,41945116
2012,Regular Season,Yokohama DeNA Baystars,25,"Tsutsugo, Yoshitomo",1B,19,1.000,94,7,0,9,,41945131
2012,Regular Season,Yokohama DeNA Baystars,25,"Tsutsugo, Yoshitomo",3B,92,0.970,45,148,6,8,,41945131
2012,Regular Season,Yokohama DeNA Baystars,25,"Tsutsugo, Yoshitomo",OF,12,0.938,15,0,1,0,,41945131
2012,Climax Series - Final Stage,Yomiuri Giants,54,"Houlton, Dennis",P,2,1.000,0,1,0,0,,43145116
2012,Japan Series,Yomiuri Giants,54,"Houlton, Dennis",P,1,0.000,0,0,0,0,,43145116
2012,Regular Season,Yomiuri Giants,54,"Houlton, Dennis",P,25,0.842,3,13,3,2,,43145116
2012,Regular Season,Yokohama DeNA Baystars,66,"Wan, Iizen",P,6,0.857,1,5,1,0,,43145131
2012,Climax Series - Final Stage,Yomiuri Giants,36,"Bowker, John",1B,3,1.000,20,1,0,2,,43145135
2012,Japan Series,Yomiuri Giants,36,"Bowker, John",1B,5,1.000,39,2,0,1,,43145135
2012,Regular Season,Yomiuri Giants,36,"Bowker, John",1B,28,1.000,206,14,0,20,,43145135
2012,Regular Season,Yomiuri Giants,36,"Bowker, John",OF,36,1.000,35,0,0,0,,43145135
2012,Regular Season,Fukuoka Softbank Hawks,39,"Romero, Levi",P,3,0.000,0,0,0,0,,43345118
2012,Regular Season,Yomiuri Giants,39,"Romero, Levi",P,1,0.500,0,1,1,0,,43345118
2012,Regular Season,Yokohama DeNA Baystars,42,"Salazar, Oscar",1B,2,1.000,9,1,0,0,,43345135
2012,Regular Season,Yokohama DeNA Baystars,42,"Salazar, Oscar",2B,8,1.000,19,14,0,2,,43345135
2012,Regular Season,Tohoku Rakuten Golden Eagles,69,"Duckworth, Brandon J.",P,6,1.000,3,9,0,0,,43545135
2012,Climax Series - First Stage,Tokyo Yakult Swallows,6,"Miyamoto, Shinya",3B,3,1.000,2,6,0,1,,51053880
2012,Regular Season,Tokyo Yakult Swallows,6,"Miyamoto, Shinya",3B,99,0.979,57,178,5,15,,51053880
2012,Regular Season,Hanshin Tigers,50,"Fujii, Akihito",C,80,0.991,479,45,5,7,2,51053888
2012,Climax Series - First Stage,Chunichi Dragons,20,"Nakata, Kenichi",P,1,0.000,0,0,0,0,,51055110
2012,Regular Season,Chunichi Dragons,20,"Nakata, Kenichi",P,22,0.967,4,25,1,4,,51055110
2012,Regular Season,Chunichi Dragons,36,"Tani, Tetsuya",2B,1,1.000,1,0,0,0,,51055116
2012,Regular Season,Chunichi Dragons,36,"Tani, Tetsuya",3B,2,1.000,0,1,0,0,,51055116
2012,Regular Season,Chunichi Dragons,36,"Tani, Tetsuya",SS,2,0.000,0,0,0,0,,51055116
2012,Regular Season,Tokyo Yakult Swallows,14,"Nakazawa, Masato",P,3,1.000,0,4,0,0,,51055131
2012,Regular Season,Yokohama DeNA Baystars,32,"Takajoh, Shuto",C,45,0.989,236,29,3,1,3,51055135
2012,Regular Season,Chiba Lotte Marines,6,"Iguchi, Tadahito",2B,128,0.984,269,359,10,64,,51153884
2012,Regular Season,Orix Buffaloes,7,"Akada, Shogo",OF,15,1.000,28,1,0,0,,51153888
2012,Regular Season,Hiroshima Toyo Carp,38,"Akamatsu, Masato",OF,72,1.000,111,2,0,0,,51155110
2012,Regular Season,Chunichi Dragons,14,"Asakura, Kenta",P,16,1.000,3,4,0,0,,51155111
2012,Regular Season,Hanshin Tigers,8,"Asai, Ryo",OF,47,1.000,38,0,0,0,,51155115
2012,Regular Season,Tokyo Yakult Swallows,58,"Abe, Kenta",P,15,1.000,1,2,0,0,,51155117
2012,Climax Series - First Stage,Saitama Seibu Lions,32,"Asamura, Hideto",1B,1,1.000,2,0,0,0,,51155118
2012,Climax Series - First Stage,Saitama Seibu Lions,32,"Asamura, Hideto",2B,3,1.000,5,7,0,0,,51155118
2012,Regular Season,Saitama Seibu Lions,32,"Asamura, Hideto",1B,71,0.992,488,23,4,29,,51155118
2012,Regular Season,Saitama Seibu Lions,32,"Asamura, Hideto",2B,56,0.965,143,135,10,28,,51155118
2012,Regular Season,Saitama Seibu Lions,32,"Asamura, Hideto",OF,4,0.857,6,0,1,0,,51155118
2012,Climax Series - Final Stage,Fukuoka Softbank Hawks,36,"Akashi, Kenji",1B,2,1.000,17,0,0,0,,51155119
2012,Climax Series - Final Stage,Fukuoka Softbank Hawks,36,"Akashi, Kenji",2B,1,1.000,3,3,0,0,,51155119
2012,Climax Series - First Stage,Fukuoka Softbank Hawks,36,"Akashi, Kenji",1B,1,0.833,5,0,1,1,,51155119
2012,Regular Season,Fukuoka Softbank Hawks,36,"Akashi, Kenji",1B,59,1.000,131,8,0,7,,51155119
2012,Regular Season,Fukuoka Softbank Hawks,36,"Akashi, Kenji",2B,24,0.991,53,61,1,13,,51155119
2012,Regular Season,Fukuoka Softbank Hawks,36,"Akashi, Kenji",3B,48,0.982,22,90,2,7,,51155119
2012,Regular Season,Fukuoka Softbank Hawks,36,"Akashi, Kenji",OF,4,0.750,3,0,1,0,,51155119
2012,Regular Season,Fukuoka Softbank Hawks,36,"Akashi, Kenji",SS,59,0.973,67,150,6,18,,51155119
2012,Regular Season,Hanshin Tigers,27,"Akiyama, Takumi",P,2,1.000,1,0,0,0,,51155131
2012,Regular Season,Tohoku Rakuten Golden Eagles,38,"Hashimoto, Yoshitaka",P,8,1.000,1,1,0,0,,51255110
2012,Climax Series - Final Stage,Yomiuri Giants,00,"Terauchi, Takayuki",2B,3,1.000,12,8,0,3,,51255114
2012,Japan Series,Yomiuri Giants,00,"Terauchi, Takayuki",2B,6,1.000,13,7,0,1,,51255114
2012,Japan Series,Yomiuri Giants,00,"Terauchi, Takayuki",SS,1,0.000,0,0,0,0,,51255114
2012,Regular Season,Yomiuri Giants,00,"Terauchi, Takayuki",2B,74,0.991,138,177,3,43,,51255114
2012,Regular Season,Yomiuri Giants,00,"Terauchi, Takayuki",3B,24,0.900,3,6,1,1,,51255114
2012,Regular Season,Yomiuri Giants,00,"Terauchi, Takayuki",SS,12,0.929,4,9,1,2,,51255114
2012,Regular Season,Tokyo Yakult Swallows,52,"Nakamura, Yuhei",C,90,0.992,433,47,4,9,2,51255118
2012,Climax Series - Final Stage,Chunichi Dragons,39,"Mise, Koji",P,3,1.000,0,1,0,0,,51255119
2012,Regular Season,Chunichi Dragons,39,"Mise, Koji",P,2,0.000,0,0,0,0,,51255119
2012,Regular Season,Hanshin Tigers,7,"Fujikawa, Shunsuke",OF,66,1.000,40,2,0,0,,51255131
2012,Regular Season,Hanshin Tigers,60,"Nakatani, Masahiro",OF,4,1.000,4,0,0,0,,51255133
2012,Regular Season,Chunichi Dragons,43,"Ogasawara, Takashi",P,7,1.000,0,2,0,0,,51353888
2012,Climax Series - First Stage,Fukuoka Softbank Hawks,62,"Okajima, Hideki",P,2,0.000,0,0,0,0,,51353889
2012,Regular Season,Fukuoka Softbank Hawks,62,"Okajima, Hideki",P,56,1.000,3,12,0,0,,51353889
2012,Regular Season,Hanshin Tigers,21,"Iwata, Minoru",P,25,0.940,10,37,3,2,,51355112
2012,Regular Season,Tohoku Rakuten Golden Eagles,47,"Uezono, Keiji",P,1,1.000,0,1,0,0,,51355114
2012,Regular Season,Hiroshima Toyo Carp,31,"Ishihara, Yoshiyuki",C,77,0.990,471,26,5,2,2,51355115
2012,Regular Season,Chunichi Dragons,28,"Iwata, Shinji",P,20,0.946,5,30,2,2,,51355118
2012,Climax Series - First Stage,Saitama Seibu Lions,22,"Okamoto, Atsushi",P,2,0.000,0,0,0,0,,51355119
2012,Regular Season,Saitama Seibu Lions,22,"Okamoto, Atsushi",P,59,0.917,2,9,1,0,,51355119
2012,Regular Season,Hiroshima Toyo Carp,16,"Imamura, Takeru",P,69,0.964,8,19,1,1,,51355131
2012,Regular Season,Orix Buffaloes,2,"Yamasaki, Koji",1B,19,0.933,24,4,2,0,,51453888
2012,Regular Season,Orix Buffaloes,2,"Yamasaki, Koji",2B,2,1.000,3,5,0,0,,51453888
2012,Regular Season,Orix Buffaloes,2,"Yamasaki, Koji",3B,7,0.857,1,5,1,0,,51453888
2012,Regular Season,Orix Buffaloes,2,"Yamasaki, Koji",OF,2,0.000,0,0,0,0,,51453888
2012,Regular Season,Orix Buffaloes,2,"Yamasaki, Koji",SS,8,0.955,8,13,1,3,,51453888
2012,Climax Series - First Stage,Tokyo Yakult Swallows,21,"Matsuoka, Kenichi",P,1,0.000,0,0,0,0,,51455110
2012,Regular Season,Tokyo Yakult Swallows,21,"Matsuoka, Kenichi",P,7,1.000,0,2,0,0,,51455110
2012,Regular Season,Chunichi Dragons,4,"Fujii, Atsushi",OF,38,0.978,43,1,1,1,,51455112
2012,Regular Season,Saitama Seibu Lions,28,"Fujiwara, Ryohei",P,1,1.000,0,1,0,0,,51455116
2012,Regular Season,Chiba Lotte Marines,68,"Hayasaka, Keisuke",2B,36,0.944,15,19,2,2,,51455117
2012,Regular Season,Chiba Lotte Marines,68,"Hayasaka, Keisuke",OF,9,1.000,2,0,0,0,,51455117
2012,Regular Season,Chiba Lotte Marines,68,"Hayasaka, Keisuke",SS,1,0.000,0,0,0,0,,51455117
2012,Regular Season,Chunichi Dragons,47,"Matsui, Masato",C,3,1.000,2,1,0,0,1,51455131
2012,Regular Season,Yokohama DeNA Baystars,30,"Kikuchi, Kazumasa",P,63,1.000,0,6,0,0,,51555110
2012,Regular Season,Fukuoka Softbank Hawks,48,"Katto, Keisuke",P,6,1.000,0,1,0,0,,51555112
2012,Climax Series - First Stage,Fukuoka Softbank Hawks,28,"Otonari, Kenji",P,1,1.000,0,4,0,0,,51555114
2012,Regular Season,Fukuoka Softbank Hawks,28,"Otonari, Kenji",P,25,1.000,9,27,0,1,,51555114
2012,Regular Season,Tokyo Yakult Swallows,29,"Onodera, Chikara",P,4,0.000,0,0,0,0,,51555117
2012,Regular Season,Yomiuri Giants,93,"Kasahara, Shoki",P,4,1.000,0,2,0,0,,51555118
2012,Regular Season,Chunichi Dragons,16,"Ogawa, Ryuya",P,1,1.000,0,1,0,0,,51555131
2012,Regular Season,Yokohama DeNA Baystars,41,"Ohara, Shinji",P,33,1.000,2,5,0,2,,51555133
2012,Regular Season,Tokyo Yakult Swallows,48,"Watanabe, Koki",P,3,1.000,0,1,0,0,,51655110
2012,Climax Series - Final Stage,Fukuoka Softbank Hawks,5,"Matsuda, Nobuhiro",3B,3,1.000,0,9,0,0,,51655112
2012,Climax Series - First Stage,Fukuoka Softbank Hawks,5,"Matsuda, Nobuhiro",3B,3,1.000,1,6,0,3,,51655112
2012,Regular Season,Fukuoka Softbank Hawks,5,"Matsuda, Nobuhiro",3B,95,0.975,49,189,6,12,,51655112
2012,Regular Season,Hiroshima Toyo Carp,18,"Maeda, Kenta",P,29,0.941,9,39,3,2,,51655114
2012,Climax Series - Final Stage,Yomiuri Giants,48,"Yano, Kenji",OF,1,1.000,1,0,0,0,,51655117
2012,Japan Series,Yomiuri Giants,48,"Yano, Kenji",OF,5,1.000,13,0,0,0,,51655117
2012,Regular Season,Yomiuri Giants,48,"Yano, Kenji",OF,41,1.000,29,0,0,0,,51655117
2012,Regular Season,Yokohama DeNA Baystars,6,"Matsumoto, Keijiro",OF,10,0.833,5,0,1,0,,51655118
2012,Regular Season,Orix Buffaloes,30,"Mitsumata, Taiki",2B,1,1.000,3,4,0,1,,51655133
2012,Regular Season,Orix Buffaloes,30,"Mitsumata, Taiki",SS,8,0.958,12,11,1,6,,51655133
2012,Japan Series,Yomiuri Giants,27,"Sanematsu, Kazunari",C,4,1.000,12,2,0,0,0,51753888
2012,Regular Season,Yomiuri Giants,27,"Sanematsu, Kazunari",C,53,0.991,199,25,2,2,1,51753888
2012,Regular Season,Orix Buffaloes,18,"Kishida, Mamoru",P,52,1.000,1,11,0,0,,51755112
2012,Regular Season,Saitama Seibu Lions,1,"Kuriyama, Takumi",OF,103,0.982,206,7,4,0,,51755115
2012,Regular Season,Hiroshima Toyo Carp,4,"Kokubo, Tetsuya",2B,16,0.917,26,29,5,9,,51755116
2012,Regular Season,Hiroshima Toyo Carp,4,"Kokubo, Tetsuya",3B,1,1.000,1,0,0,0,,51755116
2012,Regular Season,Hiroshima Toyo Carp,4,"Kokubo, Tetsuya",SS,1,1.000,1,1,0,1,,51755116
2012,Regular Season,Saitama Seibu Lions,17,"Kikuchi, Yusei",P,14,1.000,3,14,0,0,,51755131
2012,Regular Season,Yokohama DeNA Baystars,37,"Kuwahara, Masayuki",2B,2,1.000,1,0,0,0,,51755135
2012,Regular Season,Yokohama DeNA Baystars,37,"Kuwahara, Masayuki",OF,1,0.000,0,0,0,0,,51755135
2012,Regular Season,Yokohama DeNA Baystars,11,"Yamaguchi, Shun",P,60,1.000,4,14,0,1,,51855112
2012,Regular Season,Saitama Seibu Lions,13,"Nishiguchi, Fumiya",P,14,0.933,5,9,1,0,,51953880
2012,Climax Series - Final Stage,Yomiuri Giants,24,"Takahashi, Yoshinobu",OF,6,1.000,11,0,0,0,,51953886
2012,Japan Series,Yomiuri Giants,24,"Takahashi, Yoshinobu",OF,2,1.000,2,0,0,0,,51953886
2012,Regular Season,Yomiuri Giants,24,"Takahashi, Yoshinobu",1B,6,1.000,27,0,0,2,,51953886
2012,Regular Season,Yomiuri Giants,24,"Takahashi, Yoshinobu",OF,110,0.993,134,3,1,0,,51953886
2012,Climax Series - Final Stage,Yomiuri Giants,6,"Sakamoto, Hayato",SS,6,1.000,8,24,0,3,,51955114
2012,Japan Series,Yomiuri Giants,6,"Sakamoto, Hayato",SS,6,0.973,12,24,1,2,,51955114
2012,Regular Season,Yomiuri Giants,6,"Sakamoto, Hayato",SS,144,0.979,244,450,15,89,,51955114
2012,Regular Season,Hanshin Tigers,61,"Tagami, Kenichi",OF,16,0.917,11,0,1,0,,51955131
2012,Climax Series - Final Stage,Yomiuri Giants,94,"Koyama, Yuki",P,1,0.000,0,0,0,0,,51955133
2012,Japan Series,Yomiuri Giants,94,"Koyama, Yuki",P,1,0.000,0,0,0,0,,51955133
2012,Regular Season,Yomiuri Giants,94,"Koyama, Yuki",P,10,1.000,2,4,0,0,,51955133
2012,Regular Season,Hanshin Tigers,67,"Brazell, Craig",1B,74,0.998,575,24,1,27,,53155116
2012,Regular Season,Hanshin Tigers,67,"Brazell, Craig",OF,2,1.000,1,0,0,0,,53155116
2012,Regular Season,Hanshin Tigers,9,"Murton, Matt",OF,117,0.990,190,8,2,1,,53155131
2012,Regular Season,Hanshin Tigers,95,"Zarate, Robert",P,2,0.000,0,0,1,0,,53155133
2012,Regular Season,Tohoku Rakuten Golden Eagles,44,"Terrero, Luis",OF,30,1.000,39,2,0,0,,53155135
2012,Climax Series - Final Stage,Fukuoka Softbank Hawks,91,"Yan, Yaoshun",P,1,1.000,0,2,0,0,,53355112
2012,Regular Season,Fukuoka Softbank Hawks,91,"Yan, Yaoshun",P,9,0.750,3,6,3,0,,53355112
2012,Regular Season,Tohoku Rakuten Golden Eagles,42,"Jimenez, Kelvin",P,18,0.953,15,26,2,2,,53355133
2012,Regular Season,Fukuoka Softbank Hawks,64,"Castro, Angel",P,3,1.000,1,0,0,0,,53355135
2012,Regular Season,Yokohama DeNA Baystars,38,"Cramer, Bobby",P,2,1.000,0,3,0,0,,53555135
2012,Regular Season,Fukuoka Softbank Hawks,3,"Matsunaka, Nobuhiko",1B,2,1.000,18,0,0,0,,61063884
2012,Regular Season,Fukuoka Softbank Hawks,3,"Matsunaka, Nobuhiko",OF,20,0.944,16,1,1,0,,61063884
2012,Regular Season,Hanshin Tigers,14,"Nohmi, Atsushi",P,29,0.975,6,33,1,1,,61065110
2012,Climax Series - Final Stage,Hokkaido Nippon-Ham Fighters,6,"Nakata, Sho",OF,3,1.000,4,0,0,0,,61065116
2012,Japan Series,Hokkaido Nippon-Ham Fighters,6,"Nakata, Sho",OF,6,1.000,9,0,0,0,,61065116
2012,Regular Season,Hokkaido Nippon-Ham Fighters,6,"Nakata, Sho",1B,13,1.000,86,5,0,4,,61065116
2012,Regular Season,Hokkaido Nippon-Ham Fighters,6,"Nakata, Sho",OF,138,0.989,245,19,3,9,,61065116
2012,Regular Season,Orix Buffaloes,59,"Tsukahara, Shohei",P,16,1.000,6,4,0,0,,61065133
2012,Regular Season,Yomiuri Giants,63,"Tahara, Seiji",P,32,1.000,5,9,0,1,,61065135
2012,Regular Season,Hokkaido Nippon-Ham Fighters,44,"Ugumori, Atsushi",OF,4,1.000,2,0,0,0,,61165110
2012,Regular Season,Tokyo Yakult Swallows,9,"Iihara, Yasushi",OF,34,1.000,37,0,0,0,,61165112
2012,Japan Series,Hokkaido Nippon-Ham Fighters,45,"Imanami, Takahiro",2B,3,1.000,12,7,0,3,,61165114
2012,Japan Series,Hokkaido Nippon-Ham Fighters,45,"Imanami, Takahiro",SS,1,1.000,0,2,0,0,,61165114
2012,Regular Season,Hokkaido Nippon-Ham Fighters,45,"Imanami, Takahiro",2B,2,1.000,0,2,0,0,,61165114
2012,Regular Season,Hokkaido Nippon-Ham Fighters,45,"Imanami, Takahiro",3B,2,1.000,0,1,0,0,,61165114
2012,Regular Season,Hokkaido Nippon-Ham Fighters,45,"Imanami, Takahiro",SS,5,0.889,4,12,2,1,,61165114
2012,Regular Season,Tohoku Rakuten Golden Eagles,48,"Ishimine, Tadashi",C,11,1.000,53,3,0,0,0,61165116
2012,Regular Season,Tohoku Rakuten Golden Eagles,49,"Inoe, Yusuke",P,2,0.000,0,0,0,0,,61165118
2012,Regular Season,Chiba Lotte Marines,21,"Uchi, Tatsuya",P,27,0.857,1,5,1,1,,61165119
2012,Regular Season,Saitama Seibu Lions,53,"Ishikawa, Mitsugu",OF,6,0.857,6,0,1,0,,61165131
2012,Regular Season,Chiba Lotte Marines,5,"Ishimine, Shota",OF,19,1.000,25,0,0,0,,61165133
2012,Regular Season,Yokohama DeNA Baystars,67,"Ito, Takuro",P,2,1.000,0,1,0,0,,61165135
2012,Regular Season,Saitama Seibu Lions,25,"Hoshi, Takanori",C,26,1.000,51,6,0,2,0,61265110
2012,Regular Season,Hiroshima Toyo Carp,44,"Mukae, Yuichiro",OF,41,0.981,49,4,1,0,,61265111
2012,Climax Series - Final Stage,Chunichi Dragons,40,"Hirata, Ryosuke",OF,6,1.000,7,0,0,0,,61265112
2012,Climax Series - First Stage,Chunichi Dragons,40,"Hirata, Ryosuke",OF,2,1.000,2,0,0,0,,61265112
2012,Regular Season,Chunichi Dragons,40,"Hirata, Ryosuke",OF,87,1.000,175,4,0,0,,61265112
2012,Regular Season,Tohoku Rakuten Golden Eagles,5,"Makida, Akihisa",OF,121,1.000,218,9,0,2,,61265113
2012,Regular Season,Hiroshima Toyo Carp,00,"Nakahigashi, Naoki",C,1,1.000,1,0,0,0,0,61265114
2012,Regular Season,Hiroshima Toyo Carp,00,"Nakahigashi, Naoki",OF,34,1.000,16,1,0,0,,61265114
2012,Regular Season,Hanshin Tigers,5,"Hirano, Keiichi",2B,95,0.988,226,264,6,45,,61265115
2012,Regular Season,Hanshin Tigers,5,"Hirano, Keiichi",OF,36,1.000,58,2,0,1,,61265115
2012,Regular Season,Tohoku Rakuten Golden Eagles,23,"Hijirisawa, Ryo",OF,135,1.000,262,7,0,3,,61265116
2012,Regular Season,Fukuoka Softbank Hawks,123,"Niho, Akira",P,3,1.000,0,3,0,0,,61265118
2012,Climax Series - Final Stage,Fukuoka Softbank Hawks,00,"Yoshikawa, Teruaki",P,1,0.000,0,0,0,0,,61265119
2012,Regular Season,Fukuoka Softbank Hawks,00,"Yoshikawa, Teruaki",P,25,1.000,2,6,0,1,,61265119
2012,Regular Season,Saitama Seibu Lions,00,"Hayashizaki, Ryo",3B,2,0.000,0,0,0,0,,61265133
2012,Regular Season,Saitama Seibu Lions,00,"Hayashizaki, Ryo",SS,3,0.667,2,0,1,0,,61265133
2012,Regular Season,Orix Buffaloes,55,"Okada, Takahiro",1B,41,0.986,134,9,2,6,,61365112
2012,Regular Season,Orix Buffaloes,55,"Okada, Takahiro",OF,82,0.988,164,6,2,1,,61365112
2012,Regular Season,Hiroshima Toyo Carp,46,"Oshima, Takayuki",P,1,0.000,0,0,0,0,,61365115
2012,Climax Series - Final Stage,Hokkaido Nippon-Ham Fighters,28,"Ohno, Shota",C,1,1.000,3,0,0,0,0,61365118
2012,Japan Series,Hokkaido Nippon-Ham Fighters,28,"Ohno, Shota",C,6,1.000,29,2,0,0,1,61365118
2012,Regular Season,Hokkaido Nippon-Ham Fighters,28,"Ohno, Shota",C,67,0.994,282,37,2,6,3,61365118
2012,Climax Series - Final Stage,Fukuoka Softbank Hawks,4,"Kaneko, Keisuke",SS,2,0.000,0,0,0,0,,61365119
2012,Climax Series - First Stage,Fukuoka Softbank Hawks,4,"Kaneko, Keisuke",1B,1,1.000,2,0,0,0,,61365119
2012,Regular Season,Fukuoka Softbank Hawks,4,"Kaneko, Keisuke",1B,2,0.500,1,0,1,0,,61365119
2012,Regular Season,Fukuoka Softbank Hawks,4,"Kaneko, Keisuke",3B,22,1.000,4,10,0,0,,61365119
2012,Regular Season,Fukuoka Softbank Hawks,4,"Kaneko, Keisuke",SS,5,1.000,1,9,0,0,,61365119
2012,Regular Season,Orix Buffaloes,47,"Kaida, Tomoyuki",P,31,1.000,0,18,0,0,,61365135
2012,Regular Season,Hanshin Tigers,0,"Yamato, Maeda",2B,4,0.929,7,6,1,3,,61465112
2012,Regular Season,Hanshin Tigers,0,"Yamato, Maeda",OF,115,0.994,171,4,1,0,,61465112
2012,Regular Season,Yokohama DeNA Baystars,19,"Fujie, Hitoshi",P,52,1.000,0,11,0,1,,61465118
2012,Regular Season,Orix Buffaloes,57,"Yamada, Nobuyoshi",P,6,1.000,0,4,0,1,,61465131
2012,Regular Season,Tokyo Yakult Swallows,0,"Hiyane, Wataru",OF,23,0.957,22,0,1,0,,61465135
2012,Regular Season,Hanshin Tigers,34,"Kubo, Yasutomo",P,18,1.000,6,39,0,3,,61565110
2012,Regular Season,Tokyo Yakult Swallows,61,"Shoda, Itsuki",P,24,1.000,3,4,0,0,,61565111
2012,Regular Season,Yokohama DeNA Baystars,63,"Kajitani, Takayuki",3B,1,1.000,1,1,0,0,,61565114
2012,Regular Season,Yokohama DeNA Baystars,63,"Kajitani, Takayuki",SS,75,0.965,90,183,10,28,,61565114
2012,Regular Season,Chiba Lotte Marines,62,"Kanazawa, Takeshi",C,8,1.000,25,2,0,0,0,61565117
2012,Regular Season,Hanshin Tigers,35,"Saka, Katsuhiko",3B,10,1.000,1,7,0,0,,61565119
2012,Regular Season,Hanshin Tigers,35,"Saka, Katsuhiko",OF,7,1.000,7,0,0,0,,61565119
2012,Regular Season,Hiroshima Toyo Carp,33,"Kikuchi, Ryosuke",2B,56,0.970,118,176,9,28,,61565135
2012,Regular Season,Hiroshima Toyo Carp,33,"Kikuchi, Ryosuke",3B,1,0.000,0,0,0,0,,61565135
2012,Regular Season,Hiroshima Toyo Carp,33,"Kikuchi, Ryosuke",SS,9,1.000,9,13,0,4,,61565135
2012,Regular Season,Hokkaido Nippon-Ham Fighters,29,"Yagi, Tomoya",P,13,0.933,3,11,1,0,,61665112
2012,Climax Series - Final Stage,Fukuoka Softbank Hawks,19,"Morifuku, Masahiko",P,2,0.000,0,0,0,0,,61665114
2012,Climax Series - First Stage,Fukuoka Softbank Hawks,19,"Morifuku, Masahiko",P,2,0.000,0,0,0,0,,61665114
2012,Regular Season,Fukuoka Softbank Hawks,19,"Morifuku, Masahiko",P,65,1.000,5,14,0,0,,61665114
2012,Regular Season,Yokohama DeNA Baystars,31,"Yoshimura, Yuki",1B,4,1.000,19,1,0,1,,61665117
2012,Regular Season,Yokohama DeNA Baystars,31,"Yoshimura, Yuki",OF,13,0.964,26,1,1,0,,61665117
2012,Japan Series,Hokkaido Nippon-Ham Fighters,33,"Yanuki, Toshiyuki",P,1,0.000,0,0,0,0,,61665118
2012,Regular Season,Hokkaido Nippon-Ham Fighters,33,"Yanuki, Toshiyuki",P,22,1.000,1,9,0,0,,61665118
2012,Climax Series - Final Stage,Chunichi Dragons,25,"Mutoh, Yuta",P,4,0.000,0,0,0,0,,61665133
2012,Regular Season,Chunichi Dragons,25,"Mutoh, Yuta",P,33,0.750,1,2,1,0,,61665133
2012,Climax Series - Final Stage,Yomiuri Giants,12,"Suzuki, Takahiro",OF,2,0.000,0,0,0,0,,61763884
2012,Japan Series,Yomiuri Giants,12,"Suzuki, Takahiro",OF,3,1.000,1,0,0,0,,61763884
2012,Regular Season,Yomiuri Giants,12,"Suzuki, Takahiro",OF,81,1.000,28,0,0,0,,61763884
2012,Regular Season,Chunichi Dragons,23,"Suzuki, Yoshihiro",P,9,1.000,1,0,0,0,,61765110
2012,Regular Season,Saitama Seibu Lions,44,"Takayama, Hisashi",OF,21,0.960,24,0,1,0,,61765111
2012,Regular Season,Saitama Seibu Lions,10,"Sato, Tomoaki",OF,10,1.000,4,0,0,0,,61765113
2012,Regular Season,Yomiuri Giants,29,"Sanada, Hiroki",P,1,0.000,0,0,0,0,,61765115
2012,Regular Season,Yokohama DeNA Baystars,60,"Sato, Shoma",P,6,1.000,0,3,0,0,,61765116
2012,Regular Season,Hanshin Tigers,30,"Kubota, Tomoyuki",P,4,1.000,0,2,0,0,,61765117
2012,Regular Season,Chiba Lotte Marines,24,"Koike, Shota",C,1,1.000,1,0,0,0,0,61765133
2012,Regular Season,Hanshin Tigers,26,"Saiuchi, Hiroaki",P,1,0.000,0,0,0,0,,61765135
2012,Regular Season,Orix Buffaloes,25,"I, Deho",1B,129,0.996,1190,80,5,85,,61865135
2012,Regular Season,Fukuoka Softbank Hawks,70,"Tanoe, Hidenori",C,1,1.000,6,0,0,0,0,61965115
2012,Regular Season,Fukuoka Softbank Hawks,20,"Tatsumi, Shingo",P,4,0.333,0,1,2,0,,61965118
2012,Regular Season,Hiroshima Toyo Carp,13,"Dohbayashi, Shota",3B,143,0.924,76,278,29,17,,61965131
2012,Regular Season,Yokohama DeNA Baystars,3,"Ramirez, Alex",OF,118,0.977,126,1,3,0,,63165113
2012,Regular Season,Yokohama DeNA Baystars,38,"Hamilton, Clayton",P,9,1.000,3,2,0,0,,63165133
2012,Climax Series - Final Stage,Yomiuri Giants,20,"Mathieson, Scott",P,4,1.000,0,1,0,0,,63165135
2012,Japan Series,Yomiuri Giants,20,"Mathieson, Scott",P,2,0.000,0,0,0,0,,63165135
2012,Regular Season,Yomiuri Giants,20,"Mathieson, Scott",P,40,1.000,3,3,0,0,,63165135
2012,Climax Series - Final Stage,Hokkaido Nippon-Ham Fighters,9,"Hoffpauir, Micah",1B,1,1.000,14,0,0,0,,63365133
2012,Japan Series,Hokkaido Nippon-Ham Fighters,9,"Hoffpauir, Micah",1B,3,1.000,17,3,0,3,,63365133
2012,Regular Season,Hokkaido Nippon-Ham Fighters,9,"Hoffpauir, Micah",1B,33,1.000,262,18,0,30,,63365133
2012,Regular Season,Tohoku Rakuten Golden Eagles,53,"Heuser, Jim",P,58,1.000,2,12,0,0,,63365135
2012,Regular Season,Chiba Lotte Marines,99,"Rosa, Carlos",P,16,1.000,1,5,0,0,,63565133
2012,Regular Season,Hiroshima Toyo Carp,25,"Ishii, Takuro",3B,1,1.000,0,1,0,0,,65563868
2012,Regular Season,Hiroshima Toyo Carp,25,"Ishii, Takuro",SS,2,1.000,4,6,0,2,,65563868
2012,Regular Season,Hanshin Tigers,22,"Fujikawa, Kyuji",P,48,1.000,1,10,0,0,,71073888
2012,Regular Season,Fukuoka Softbank Hawks,58,"Nakanishi, Kenta",1B,1,1.000,1,0,0,0,,71075110
2012,Regular Season,Fukuoka Softbank Hawks,58,"Nakanishi, Kenta",OF,3,1.000,4,0,0,0,,71075110
2012,Climax Series - Final Stage,Hokkaido Nippon-Ham Fighters,38,"Takeda, Masaru",P,1,1.000,0,2,0,0,,71075112
2012,Japan Series,Hokkaido Nippon-Ham Fighters,38,"Takeda, Masaru",P,2,1.000,0,2,0,0,,71075112
2012,Regular Season,Hokkaido Nippon-Ham Fighters,38,"Takeda, Masaru",P,28,1.000,10,45,0,5,,71075112
2012,Regular Season,Chunichi Dragons,50,"Nakata, Ryoji",1B,5,1.000,14,1,0,0,,71075131
2012,Regular Season,Yokohama DeNA Baystars,20,"Suda, Kota",P,2,1.000,1,4,0,1,,71075133
2012,Climax Series - Final Stage,Chunichi Dragons,2,"Araki, Masahiro",2B,6,1.000,10,26,0,5,,71173882
2012,Climax Series - First Stage,Chunichi Dragons,2,"Araki, Masahiro",2B,3,0.933,7,7,1,1,,71173882
2012,Regular Season,Chunichi Dragons,2,"Araki, Masahiro",2B,129,0.981,389,401,15,85,,71173882
2012,Climax Series - Final Stage,Hokkaido Nippon-Ham Fighters,4,"Iiyama, Yuji",SS,3,1.000,1,2,0,0,,71173886
2012,Japan Series,Hokkaido Nippon-Ham Fighters,4,"Iiyama, Yuji",2B,1,1.000,2,1,0,0,,71173886
2012,Japan Series,Hokkaido Nippon-Ham Fighters,4,"Iiyama, Yuji",3B,1,0.000,0,0,0,0,,71173886
2012,Japan Series,Hokkaido Nippon-Ham Fighters,4,"Iiyama, Yuji",SS,3,1.000,0,1,0,0,,71173886
2012,Regular Season,Hokkaido Nippon-Ham Fighters,4,"Iiyama, Yuji",2B,3,1.000,0,3,0,0,,71173886
2012,Regular Season,Hokkaido Nippon-Ham Fighters,4,"Iiyama, Yuji",3B,23,0.786,3,8,3,1,,71173886
2012,Regular Season,Hokkaido Nippon-Ham Fighters,4,"Iiyama, Yuji",SS,56,0.972,30,73,3,21,,71173886
2012,Climax Series - Final Stage,Hokkaido Nippon-Ham Fighters,13,"Ishii, Yuya",P,2,0.000,0,0,0,0,,71175110
2012,Japan Series,Hokkaido Nippon-Ham Fighters,13,"Ishii, Yuya",P,4,1.000,0,1,0,0,,71175110
2012,Regular Season,Hokkaido Nippon-Ham Fighters,13,"Ishii, Yuya",P,18,1.000,1,0,0,0,,71175110
2012,Regular Season,Chiba Lotte Marines,58,"Aono, Takeshi",1B,7,1.000,29,2,0,1,,71175113
2012,Regular Season,Chiba Lotte Marines,58,"Aono, Takeshi",OF,1,1.000,2,0,0,0,,71175113
2012,Climax Series - Final Stage,Chunichi Dragons,41,"Asao, Takuya",P,2,0.000,0,0,0,0,,71175114
2012,Climax Series - First Stage,Chunichi Dragons,41,"Asao, Takuya",P,3,0.000,0,0,0,0,,71175114
2012,Regular Season,Chunichi Dragons,41,"Asao, Takuya",P,29,0.833,1,4,1,0,,71175114
2012,Regular Season,Chiba Lotte Marines,60,"Abe, Kazunari",P,6,1.000,1,5,0,0,,71175116
2012,Regular Season,Tohoku Rakuten Golden Eagles,9,"Abe, Toshihito",3B,9,0.889,0,8,1,1,,71175133
2012,Regular Season,Tohoku Rakuten Golden Eagles,9,"Abe, Toshihito",SS,18,1.000,22,51,0,7,,71175133
2012,Regular Season,Chiba Lotte Marines,49,"Yabuta, Yasuhiko",P,61,1.000,1,9,0,1,,71273882
2012,Regular Season,Tohoku Rakuten Golden Eagles,66,"Nishimura, Wataru",1B,4,1.000,7,1,0,0,,71275112
2012,Regular Season,Tohoku Rakuten Golden Eagles,66,"Nishimura, Wataru",2B,19,1.000,7,14,0,2,,71275112
2012,Regular Season,Tohoku Rakuten Golden Eagles,66,"Nishimura, Wataru",3B,28,0.938,1,14,1,0,,71275112
2012,Regular Season,Tohoku Rakuten Golden Eagles,66,"Nishimura, Wataru",SS,29,0.927,12,26,3,4,,71275112
2012,Regular Season,Hiroshima Toyo Carp,26,"Hirose, Jun",OF,91,0.992,129,1,1,1,,71275113
2012,Climax Series - Final Stage,Hokkaido Nippon-Ham Fighters,22,"Tsuruoka, Shinya",C,3,1.000,17,1,0,2,0,71275117
2012,Japan Series,Hokkaido Nippon-Ham Fighters,22,"Tsuruoka, Shinya",C,4,1.000,15,1,0,0,0,71275117
2012,Regular Season,Hokkaido Nippon-Ham Fighters,22,"Tsuruoka, Shinya",C,116,0.994,608,51,4,4,4,71275117
2012,Regular Season,Orix Buffaloes,21,"Nishi, Yuki",P,19,0.935,8,21,2,3,,71275118
2012,Regular Season,Hanshin Tigers,15,"Fujihara, Masanori",P,5,0.000,0,0,0,0,,71275131
2012,Regular Season,Chiba Lotte Marines,29,"Ono, Shingo",P,15,0.968,7,23,1,0,,71373889
2012,Regular Season,Chiba Lotte Marines,10,"Omatsu, Shoitsu",1B,74,0.988,539,34,7,26,,71375110
2012,Regular Season,Tohoku Rakuten Golden Eagles,33,"Akaminai, Ginji",1B,19,0.983,112,6,2,9,,71375112
2012,Regular Season,Tohoku Rakuten Golden Eagles,33,"Akaminai, Ginji",2B,72,0.985,150,178,5,39,,71375112
2012,Regular Season,Tohoku Rakuten Golden Eagles,33,"Akaminai, Ginji",3B,49,0.930,22,58,6,3,,71375112
2012,Climax Series - First Stage,Tokyo Yakult Swallows,50,"Ueda, Tsuyoshi",OF,3,1.000,5,0,0,0,,71375114
2012,Regular Season,Tokyo Yakult Swallows,50,"Ueda, Tsuyoshi",OF,48,0.965,80,2,3,1,,71375114
2012,Regular Season,Tohoku Rakuten Golden Eagles,6,"Uchimura, Kensuke",2B,54,0.977,88,126,5,21,,71375116
2012,Regular Season,Yokohama DeNA Baystars,23,"Uchimura, Kensuke",2B,66,0.994,160,191,2,33,,71375116
2012,Regular Season,Yokohama DeNA Baystars,23,"Uchimura, Kensuke",OF,3,1.000,1,0,0,0,,71375116
2012,Regular Season,Yokohama DeNA Baystars,23,"Uchimura, Kensuke",SS,8,1.000,3,16,0,2,,71375116
2012,Climax Series - First Stage,Saitama Seibu Lions,49,"Uemoto, Tatsuyuki",C,1,1.000,1,1,0,0,0,71375117
2012,Regular Season,Saitama Seibu Lions,49,"Uemoto, Tatsuyuki",1B,12,0.984,58,4,1,3,,71375117
2012,Regular Season,Saitama Seibu Lions,49,"Uemoto, Tatsuyuki",C,37,0.990,92,10,1,1,1,71375117
2012,Regular Season,Hiroshima Toyo Carp,10,"Iwamoto, Takahiro",1B,48,0.997,349,34,1,27,,71375118
2012,Regular Season,Hiroshima Toyo Carp,10,"Iwamoto, Takahiro",OF,28,0.979,45,1,1,0,,71375118
2012,Regular Season,Hanshin Tigers,59,"Iwamoto, Akira",P,3,1.000,4,4,0,0,,71375133
2012,Regular Season,Yomiuri Giants,62,"Egarashi, Yuki",P,7,1.000,0,1,0,0,,71375135
2012,Climax Series - Final Stage,Fukuoka Softbank Hawks,40,"Fujioka, Yoshiaki",P,2,0.000,0,0,0,0,,71475112
2012,Climax Series - First Stage,Fukuoka Softbank Hawks,40,"Fujioka, Yoshiaki",P,1,0.000,0,0,0,0,,71475112
2012,Regular Season,Fukuoka Softbank Hawks,40,"Fujioka, Yoshiaki",P,39,1.000,7,9,0,2,,71475112
2012,Regular Season,Fukuoka Softbank Hawks,29,"Yamazaki, Katsuki",C,85,1.000,252,19,0,3,2,71475113
2012,Regular Season,Hanshin Tigers,37,"Nohara, Masashi",1B,4,1.000,27,3,0,5,,71475114
2012,Regular Season,Hanshin Tigers,37,"Nohara, Masashi",3B,1,0.000,0,0,0,0,,71475114
2012,Climax Series - Final Stage,Fukuoka Softbank Hawks,27,"Hosokawa, Toru",C,3,1.000,15,3,0,0,0,71475115
2012,Climax Series - First Stage,Fukuoka Softbank Hawks,27,"Hosokawa, Toru",C,3,1.000,16,3,0,0,1,71475115
2012,Regular Season,Fukuoka Softbank Hawks,27,"Hosokawa, Toru",C,92,0.991,495,55,5,3,3,71475115
2012,Climax Series - First Stage,Tokyo Yakult Swallows,45,"Hidaka, Ryo",P,1,0.000,0,0,0,0,,71475118
2012,Regular Season,Tokyo Yakult Swallows,45,"Hidaka, Ryo",P,66,0.889,1,7,1,0,,71475118
2012,Regular Season,Chunichi Dragons,56,"Matsui, Yusuke",OF,32,1.000,30,1,0,0,,71475131
2012,Regular Season,Yokohama DeNA Baystars,45,"Fukuyama, Hiroyuki",P,2,0.000,0,0,0,0,,71475133
2012,Regular Season,Chunichi Dragons,32,"Nishikawa, Kentaro",P,3,1.000,1,1,0,0,,71475135
2012,Regular Season,Yomiuri Giants,50,"Kajimae, Ryuichi",OF,19,0.950,18,1,1,0,,71575116
2012,Regular Season,Chiba Lotte Marines,42,"Katsuki, Ryoji",P,2,1.000,0,1,0,0,,71575118
2012,Regular Season,Chiba Lotte Marines,4,"Ogino, Takashi",OF,54,0.977,123,3,3,1,,71575131
2012,Regular Season,Saitama Seibu Lions,38,"Matsunaga, Hironori",P,56,0.929,5,8,1,0,,71675112
2012,Regular Season,Chiba Lotte Marines,31,"Watanabe, Shunsuke",P,13,0.944,5,12,1,0,,71675113
2012,Regular Season,Tokyo Yakult Swallows,22,"Masubuchi, Tatsuyoshi",P,49,0.875,3,11,2,1,,71675114
2012,Regular Season,Hanshin Tigers,69,"Morita, Issei",1B,9,1.000,50,4,0,4,,71675116
2012,Regular Season,Saitama Seibu Lions,68,"Miyata, Kazuki",P,3,1.000,0,1,0,0,,71675118
2012,Climax Series - Final Stage,Hokkaido Nippon-Ham Fighters,17,"Wolfe, Brian",P,1,1.000,0,1,0,0,,71675131
2012,Japan Series,Hokkaido Nippon-Ham Fighters,17,"Wolfe, Brian",P,1,1.000,1,1,0,0,,71675131
2012,Regular Season,Hokkaido Nippon-Ham Fighters,17,"Wolfe, Brian",P,26,1.000,7,29,0,1,,71675131
2012,Regular Season,Chiba Lotte Marines,52,"Masuda, Naoya",P,72,0.952,4,16,1,1,,71675135
2012,Regular Season,Orix Buffaloes,45,"Saito, Toshio",C,50,0.988,224,27,3,2,2,71775110
2012,Climax Series - Final Stage,Yomiuri Giants,13,"Takagi, Yasunari",P,1,0.000,0,0,0,0,,71775111
2012,Japan Series,Yomiuri Giants,13,"Takagi, Yasunari",P,1,0.000,0,0,0,0,,71775111
2012,Regular Season,Yomiuri Giants,13,"Takagi, Yasunari",P,40,1.000,7,5,0,0,,71775111
2012,Regular Season,Orix Buffaloes,1,"Goto, Mitsutaka",2B,130,0.989,266,422,8,71,,71775115
2012,Regular Season,Orix Buffaloes,12,"Kisanuki, Hiroshi",P,24,1.000,14,29,0,0,,71775117
2012,Regular Season,Saitama Seibu Lions,29,"Koishi, Hirotaka",P,9,1.000,0,7,0,0,,71775135
2012,Climax Series - Final Stage,Yomiuri Giants,47,"Yamaguchi, Tetsuya",P,4,0.000,0,0,0,0,,71875112
2012,Japan Series,Yomiuri Giants,47,"Yamaguchi, Tetsuya",P,3,1.000,1,0,0,0,,71875112
2012,Regular Season,Yomiuri Giants,47,"Yamaguchi, Tetsuya",P,72,1.000,6,16,0,1,,71875112
2012,Regular Season,Saitama Seibu Lions,40,"Yamamoto, Jun",P,4,0.000,0,0,1,0,,71875114
2012,Japan Series,Yomiuri Giants,49,"Gonzalez, Dicky",P,2,1.000,1,1,0,0,,71875119
2012,Regular Season,Yomiuri Giants,49,"Gonzalez, Dicky",P,11,1.000,2,13,0,1,,71875119
2012,Climax Series - First Stage,Tokyo Yakult Swallows,34,"Barnette, Tony",P,2,0.000,0,0,0,0,,71875131
2012,Regular Season,Tokyo Yakult Swallows,34,"Barnette, Tony",P,57,0.933,4,10,1,1,,71875131
2012,Japan Series,Hokkaido Nippon-Ham Fighters,47,"Moriuchi, Toshiharu",P,2,1.000,1,0,0,0,,71875135
2012,Regular Season,Hokkaido Nippon-Ham Fighters,47,"Moriuchi, Toshiharu",P,56,1.000,4,7,0,0,,71875135
2012,Regular Season,Chunichi Dragons,33,"Hirai, Masafumi",P,2,0.000,0,0,1,0,,71973889
2012,Regular Season,Hiroshima Toyo Carp,50,"Suzuki, Masamitsu",OF,1,0.000,0,0,0,0,,71975112
2012,Climax Series - Final Stage,Chunichi Dragons,67,"Takahashi, Akifumi",P,1,0.000,0,0,0,0,,71975115
2012,Regular Season,Chunichi Dragons,67,"Takahashi, Akifumi",P,11,1.000,1,2,0,0,,71975115
2012,Regular Season,Hanshin Tigers,64,"Shiranita, Hirokazu",P,2,0.000,0,0,0,0,,71975116
2012,Climax Series - Final Stage,Hokkaido Nippon-Ham Fighters,5,"Koyano, Eiichi",3B,3,1.000,1,6,0,0,,71975117
2012,Japan Series,Hokkaido Nippon-Ham Fighters,5,"Koyano, Eiichi",1B,1,1.000,2,0,0,0,,71975117
2012,Japan Series,Hokkaido Nippon-Ham Fighters,5,"Koyano, Eiichi",3B,6,1.000,3,7,0,1,,71975117
2012,Regular Season,Hokkaido Nippon-Ham Fighters,5,"Koyano, Eiichi",1B,10,1.000,16,5,0,2,,71975117
2012,Regular Season,Hokkaido Nippon-Ham Fighters,5,"Koyano, Eiichi",3B,131,0.968,82,220,10,12,,71975117
2012,Regular Season,Chiba Lotte Marines,39,"Tanaka, Masahiko",C,34,0.994,148,17,1,0,2,71975119
2012,Regular Season,Tohoku Rakuten Golden Eagles,35,"Shimauchi, Hiroaki",OF,32,1.000,46,0,0,0,,71975135
2012,Regular Season,Hiroshima Toyo Carp,70,"Stavinoha, Nick",1B,15,0.984,111,14,2,7,,73175135
2012,Regular Season,Hiroshima Toyo Carp,70,"Stavinoha, Nick",OF,31,0.964,26,1,1,0,,73175135
2012,Regular Season,Orix Buffaloes,52,"Baldiris, Aarom",3B,142,0.950,80,227,16,19,,73375116
2012,Regular Season,Chiba Lotte Marines,64,"Whitesell, Josh",1B,23,0.990,186,14,2,12,,73375131
2012,Regular Season,Orix Buffaloes,42,"Figaro, Alfredo",P,11,0.929,4,9,1,0,,73375133
2012,Regular Season,Fukuoka Softbank Hawks,63,"Pinto, Renyel",P,2,0.000,0,0,1,0,,73375135
2012,Japan Series,Hokkaido Nippon-Ham Fighters,62,"Molleken, Dustin",P,2,0.000,0,0,0,0,,73575135
2012,Regular Season,Hokkaido Nippon-Ham Fighters,62,"Molleken, Dustin",P,23,1.000,0,4,0,0,,73575135
2012,Regular Season,Tohoku Rakuten Golden Eagles,50,"Garcia, Luis",1B,9,1.000,61,3,0,5,,73775133
2012,Regular Season,Yomiuri Giants,45,"Nomaguchi, Takahiko",P,3,0.000,0,0,0,0,,81085110
2012,Regular Season,Yokohama DeNA Baystars,39,"Naito, Yuta",3B,1,0.000,0,0,0,0,,81085112
2012,Regular Season,Chunichi Dragons,58,"Tanaka, Daisuke",1B,1,1.000,4,0,0,0,,81085114
2012,Regular Season,Chunichi Dragons,58,"Tanaka, Daisuke",C,10,1.000,28,2,0,1,0,81085114
2012,Regular Season,Saitama Seibu Lions,60,"Nakamura, Takeya",1B,45,0.994,328,21,2,28,,81085115
2012,Regular Season,Saitama Seibu Lions,60,"Nakamura, Takeya",3B,31,0.987,26,51,1,3,,81085115
2012,Regular Season,Saitama Seibu Lions,64,"Nakata, Shota",C,1,1.000,6,1,0,0,0,81085116
2012,Climax Series - First Stage,Tokyo Yakult Swallows,25,"Tateyama, Shohei",P,1,1.000,1,3,0,0,,81085117
2012,Regular Season,Tokyo Yakult Swallows,25,"Tateyama, Shohei",P,25,0.953,6,35,2,7,,81085117
2012,Regular Season,Orix Buffaloes,35,"Higa, Motoki",P,12,1.000,1,3,0,0,,81085131
2012,Climax Series - Final Stage,Chunichi Dragons,13,"Iwase, Hitoki",P,2,0.000,0,0,0,0,,81183888
2012,Climax Series - First Stage,Chunichi Dragons,13,"Iwase, Hitoki",P,1,1.000,1,0,0,0,,81183888
2012,Regular Season,Chunichi Dragons,13,"Iwase, Hitoki",P,54,0.909,3,7,1,1,,81183888
2012,Regular Season,Hiroshima Toyo Carp,39,"Umetsu, Tomohiro",P,9,1.000,1,0,0,0,,81185110
2012,Regular Season,Saitama Seibu Lions,51,"Oshima, Hiroyuki",1B,2,1.000,4,0,0,2,,81185111
2012,Regular Season,Saitama Seibu Lions,51,"Oshima, Hiroyuki",OF,2,0.000,0,0,1,0,,81185111
2012,Regular Season,Orix Buffaloes,31,"Arakane, Hisao",OF,2,0.500,1,0,1,0,,81185113
2012,Regular Season,Chunichi Dragons,46,"Iwasaki, Tatsuro",2B,7,1.000,7,12,0,2,,81185114
2012,Regular Season,Chunichi Dragons,46,"Iwasaki, Tatsuro",3B,3,0.000,0,0,0,0,,81185114
2012,Regular Season,Chunichi Dragons,46,"Iwasaki, Tatsuro",SS,8,0.909,2,8,1,3,,81185114
2012,Regular Season,Orix Buffaloes,22,"Itoh, Hikaru",C,66,0.992,343,38,3,2,1,81185116
2012,Climax Series - Final Stage,Yomiuri Giants,26,"Utsumi, Tetsuya",P,2,1.000,1,4,0,0,,81185119
2012,Japan Series,Yomiuri Giants,26,"Utsumi, Tetsuya",P,2,1.000,0,2,0,0,,81185119
2012,Regular Season,Yomiuri Giants,26,"Utsumi, Tetsuya",P,28,0.968,8,52,2,6,,81185119
2012,Regular Season,Yomiuri Giants,69,"Ichikawa, Tomoya",C,5,0.960,21,3,1,0,0,81185131
2012,Regular Season,Hiroshima Toyo Carp,61,"Isomura, Yoshitaka",C,1,1.000,7,0,0,0,0,81185133
2012,Regular Season,Hanshin Tigers,51,"Itoh, Hayata",OF,17,1.000,24,0,0,0,,81185135
2012,Regular Season,Tohoku Rakuten Golden Eagles,91,"Shimoyanagi, Tsuyoshi",P,4,1.000,2,5,0,0,,81283883
2012,Climax Series - First Stage,Saitama Seibu Lions,33,"Hoshi, Hidekazu",OF,1,0.000,0,0,0,0,,81285110
2012,Regular Season,Saitama Seibu Lions,33,"Hoshi, Hidekazu",C,1,0.000,0,0,0,0,0,81285110
2012,Regular Season,Saitama Seibu Lions,33,"Hoshi, Hidekazu",OF,60,1.000,78,2,0,0,,81285110
2012,Regular Season,Orix Buffaloes,16,"Hirano, Yoshihisa",P,70,1.000,4,13,0,1,,81285112
2012,Regular Season,Tohoku Rakuten Golden Eagles,00,"Nakamura, Masato",OF,13,1.000,16,0,0,0,,81285114
2012,Regular Season,Saitama Seibu Lions,19,"Hirano, Masamitsu",P,3,1.000,3,3,0,1,,81285116
2012,Climax Series - First Stage,Saitama Seibu Lions,20,"Nogami, Ryoma",P,1,1.000,0,1,0,0,,81285118
2012,Regular Season,Saitama Seibu Lions,20,"Nogami, Ryoma",P,23,1.000,10,27,0,1,,81285118
2012,Regular Season,Orix Buffaloes,66,"Yoshida, Shintaro",1B,1,1.000,2,0,0,0,,81285119
2012,Regular Season,Orix Buffaloes,66,"Yoshida, Shintaro",OF,20,0.958,23,0,1,0,,81285119
2012,Climax Series - Final Stage,Hokkaido Nippon-Ham Fighters,19,"Masui, Hirotoshi",P,3,0.000,0,0,0,0,,81285131
2012,Japan Series,Hokkaido Nippon-Ham Fighters,19,"Masui, Hirotoshi",P,4,1.000,0,1,0,0,,81285131
2012,Regular Season,Hokkaido Nippon-Ham Fighters,19,"Masui, Hirotoshi",P,73,0.923,2,10,1,1,,81285131
2012,Regular Season,Chiba Lotte Marines,16,"Nakaushiro, Yuhei",P,27,1.000,1,4,0,1,,81285135
2012,Regular Season,Orix Buffaloes,23,"Kitagawa, Hirotoshi",1B,1,1.000,8,1,0,1,,81383880
2012,Regular Season,Tohoku Rakuten Golden Eagles,45,"Kawai, Takashi",P,8,1.000,2,4,0,0,,81383888
2012,Climax Series - Final Stage,Yomiuri Giants,9,"Kamei, Yoshiyuki",1B,2,1.000,23,1,0,0,,81385110
2012,Japan Series,Yomiuri Giants,9,"Kamei, Yoshiyuki",OF,1,1.000,3,0,0,0,,81385110
2012,Regular Season,Yomiuri Giants,9,"Kamei, Yoshiyuki",1B,17,1.000,81,8,0,10,,81385110
2012,Regular Season,Yomiuri Giants,9,"Kamei, Yoshiyuki",2B,1,0.000,0,0,1,0,,81385110
2012,Regular Season,Yomiuri Giants,9,"Kamei, Yoshiyuki",3B,1,0.000,0,0,0,0,,81385110
2012,Regular Season,Yomiuri Giants,9,"Kamei, Yoshiyuki",OF,32,1.000,28,1,0,0,,81385110
2012,Regular Season,Yomiuri Giants,22,"Ochi, Daisuke",P,5,0.000,0,0,0,0,,81385112
2012,Regular Season,Chiba Lotte Marines,66,"Okada, Yoshifumi",OF,130,0.991,319,6,3,1,,81385118
2012,Regular Season,Saitama Seibu Lions,15,"Oishi, Tatsuya",P,24,1.000,2,6,0,0,,81385133
2012,Regular Season,Chiba Lotte Marines,40,"Watanabe, Masato",1B,1,0.000,0,0,0,0,,81483886
2012,Regular Season,Chiba Lotte Marines,40,"Watanabe, Masato",SS,1,1.000,3,1,0,0,,81483886
2012,Regular Season,Tohoku Rakuten Golden Eagles,32,"Masuda, Shintaro",1B,29,1.000,201,13,0,14,,81485112
2012,Regular Season,Tohoku Rakuten Golden Eagles,32,"Masuda, Shintaro",2B,1,1.000,0,1,0,0,,81485112
2012,Regular Season,Tohoku Rakuten Golden Eagles,32,"Masuda, Shintaro",3B,27,0.984,16,44,1,3,,81485112
2012,Regular Season,Tohoku Rakuten Golden Eagles,32,"Masuda, Shintaro",OF,2,0.667,2,0,1,0,,81485112
2012,Regular Season,Tohoku Rakuten Golden Eagles,32,"Masuda, Shintaro",SS,22,0.884,22,39,8,8,,81485112
2012,Regular Season,Yokohama DeNA Baystars,15,"Yamamoto, Shogo",P,6,0.857,3,9,2,0,,81485113
2012,Regular Season,Tokyo Yakult Swallows,60,"Miwa, Masayoshi",2B,6,1.000,5,13,0,4,,81485116
2012,Regular Season,Tokyo Yakult Swallows,60,"Miwa, Masayoshi",3B,18,0.913,1,20,2,1,,81485116
2012,Regular Season,Tokyo Yakult Swallows,60,"Miwa, Masayoshi",OF,32,1.000,13,0,0,0,,81485116
2012,Climax Series - Final Stage,Yomiuri Giants,25,"Murata, Shuichi",3B,6,1.000,5,15,0,1,,81485117
2012,Japan Series,Yomiuri Giants,25,"Murata, Shuichi",3B,6,1.000,3,9,0,0,,81485117
2012,Regular Season,Yomiuri Giants,25,"Murata, Shuichi",3B,139,0.963,87,252,13,15,,81485117
2012,Regular Season,Tohoku Rakuten Golden Eagles,57,"Koyama, Shinichiro",P,57,1.000,1,9,0,0,,81583884
2012,Regular Season,Chunichi Dragons,53,"Yanagida, Shigeo",1B,12,1.000,30,0,0,2,,81685112
2012,Regular Season,Chunichi Dragons,53,"Yanagida, Shigeo",2B,9,1.000,8,8,0,4,,81685112
2012,Regular Season,Chunichi Dragons,53,"Yanagida, Shigeo",3B,2,1.000,0,1,0,0,,81685112
2012,Regular Season,Chunichi Dragons,53,"Yanagida, Shigeo",SS,2,1.000,2,1,0,0,,81685112
2012,Regular Season,Hanshin Tigers,31,"Wei-chu, Lin",OF,1,0.000,0,0,0,0,,81685117
2012,Regular Season,Yokohama DeNA Baystars,0,"Yamazaki, Noriharu",1B,3,1.000,2,0,0,0,,81685118
2012,Regular Season,Yokohama DeNA Baystars,0,"Yamazaki, Noriharu",2B,4,1.000,8,7,0,2,,81685118
2012,Regular Season,Yokohama DeNA Baystars,0,"Yamazaki, Noriharu",3B,6,1.000,1,0,0,0,,81685118
2012,Regular Season,Yokohama DeNA Baystars,0,"Yamazaki, Noriharu",SS,5,1.000,6,12,0,3,,81685118
2012,Regular Season,Hanshin Tigers,3,"Sekimoto, Kentaro",1B,1,1.000,2,0,0,0,,81783884
2012,Regular Season,Hanshin Tigers,3,"Sekimoto, Kentaro",2B,1,1.000,2,0,0,0,,81783884
2012,Regular Season,Hanshin Tigers,3,"Sekimoto, Kentaro",3B,51,0.957,17,28,2,1,,81783884
2012,Regular Season,Hiroshima Toyo Carp,21,"Saito, Yuki",P,6,0.857,0,6,1,0,,81785112
2012,Climax Series - Final Stage,Hokkaido Nippon-Ham Fighters,61,"Sugiya, Kenshi",2B,1,1.000,3,3,0,2,,81785118
2012,Japan Series,Hokkaido Nippon-Ham Fighters,61,"Sugiya, Kenshi",2B,3,1.000,1,1,0,0,,81785118
2012,Regular Season,Hokkaido Nippon-Ham Fighters,61,"Sugiya, Kenshi",2B,5,1.000,15,13,0,5,,81785118
2012,Regular Season,Hokkaido Nippon-Ham Fighters,61,"Sugiya, Kenshi",3B,6,1.000,2,7,0,0,,81785118
2012,Regular Season,Hokkaido Nippon-Ham Fighters,61,"Sugiya, Kenshi",OF,29,1.000,31,1,0,0,,81785118
2012,Regular Season,Hokkaido Nippon-Ham Fighters,61,"Sugiya, Kenshi",SS,1,0.750,1,2,1,0,,81785118
2012,Regular Season,Orix Buffaloes,8,"Gotoh, Shunta",OF,29,1.000,31,0,0,0,,81785133
2012,Regular Season,Hokkaido Nippon-Ham Fighters,43,"Wakatake, Ryuji",P,2,1.000,0,1,0,0,,81885112
2012,Regular Season,Yokohama DeNA Baystars,2,"Watanabe, Naoto",2B,4,0.933,10,4,1,0,,81885114
2012,Regular Season,Yokohama DeNA Baystars,2,"Watanabe, Naoto",3B,1,0.000,0,0,0,0,,81885114
2012,Regular Season,Yokohama DeNA Baystars,2,"Watanabe, Naoto",SS,48,0.972,63,143,6,19,,81885114
2012,Climax Series - First Stage,Saitama Seibu Lions,54,"Williams, Randy",P,1,0.000,0,0,0,0,,81885135
2012,Regular Season,Saitama Seibu Lions,54,"Williams, Randy",P,55,1.000,0,7,0,0,,81885135
2012,Regular Season,Orix Buffaloes,27,"Hidaka, Takeshi",C,31,1.000,166,15,0,4,0,81983882
2012,Regular Season,Hanshin Tigers,28,"Fukuhara, Shinobu",P,60,1.000,1,10,0,0,,81983888
2012,Regular Season,Tohoku Rakuten Golden Eagles,7,"Matsui, Kazuo",2B,2,1.000,7,3,0,0,,81983889
2012,Regular Season,Tohoku Rakuten Golden Eagles,7,"Matsui, Kazuo",SS,102,0.985,142,303,7,53,,81983889
2012,Regular Season,Tokyo Yakult Swallows,55,"Noguchi, Yoshiyuki",1B,11,0.960,22,2,1,2,,81985111
2012,Regular Season,Tokyo Yakult Swallows,55,"Noguchi, Yoshiyuki",2B,1,1.000,2,2,0,0,,81985111
2012,Regular Season,Tokyo Yakult Swallows,55,"Noguchi, Yoshiyuki",3B,3,1.000,1,1,0,0,,81985111
2012,Regular Season,Tokyo Yakult Swallows,55,"Noguchi, Yoshiyuki",OF,14,1.000,8,0,0,0,,81985111
2012,Regular Season,Yomiuri Giants,53,"Takaguchi, Takayuki",2B,4,0.875,6,8,2,1,,81985112
2012,Regular Season,Yokohama DeNA Baystars,50,"Shimozono, Tatsuya",OF,28,0.947,35,1,2,0,,81985114
2012,Japan Series,Hokkaido Nippon-Ham Fighters,65,"Tadano, Kazuhito",P,1,0.000,0,0,0,0,,81985116
2012,Regular Season,Hokkaido Nippon-Ham Fighters,65,"Tadano, Kazuhito",P,18,1.000,4,14,0,0,,81985116
2012,Regular Season,Tohoku Rakuten Golden Eagles,22,"Tomura, Kenji",P,9,1.000,1,9,0,0,,81985131
2012,Climax Series - Final Stage,Yomiuri Giants,15,"Sawamura, Hirokazu",P,2,1.000,0,1,0,0,,81985133
2012,Japan Series,Yomiuri Giants,15,"Sawamura, Hirokazu",P,2,1.000,1,2,0,0,,81985133
2012,Regular Season,Yomiuri Giants,15,"Sawamura, Hirokazu",P,27,0.979,11,35,1,4,,81985133
2012,Regular Season,Chiba Lotte Marines,35,"Suzuki, Daichi",2B,17,0.986,29,44,1,6,,81985135
2012,Regular Season,Chiba Lotte Marines,35,"Suzuki, Daichi",3B,23,1.000,15,20,0,1,,81985135
2012,Regular Season,Chiba Lotte Marines,35,"Suzuki, Daichi",SS,11,0.951,9,30,2,2,,81985135
2012,Regular Season,Tohoku Rakuten Golden Eagles,17,"Rasner, Darrell",P,46,1.000,3,6,0,0,,83185118
2012,Regular Season,Hiroshima Toyo Carp,42,"Bullington, Bryan",P,29,0.980,9,40,1,1,,83185133
2012,Regular Season,Hiroshima Toyo Carp,57,"Mickolio, Kam",P,61,1.000,2,9,0,0,,83185135
2012,Regular Season,Orix Buffaloes,50,"Maclane, Evan",P,18,1.000,2,14,0,0,,83385133
2012,Regular Season,Fukuoka Softbank Hawks,31,"Doyle, Terry",P,3,1.000,2,2,0,0,,83385135
2012,Regular Season,Hanshin Tigers,55,"Standridge, Jason",P,25,1.000,11,30,0,1,,83585114
2012,Climax Series - Final Stage,Chunichi Dragons,27,"Tanishige, Motonobu",C,6,1.000,36,4,0,1,1,85583868
2012,Climax Series - First Stage,Chunichi Dragons,27,"Tanishige, Motonobu",C,3,1.000,16,3,0,0,0,85583868
2012,Regular Season,Chunichi Dragons,27,"Tanishige, Motonobu",C,131,0.999,736,75,1,12,5,85583868
2012,Regular Season,Orix Buffaloes,63,"Nakamura, Issei",OF,58,1.000,46,1,0,0,,91095110
2012,Regular Season,Yokohama DeNA Baystars,00,"Fujii, Shugo",P,16,1.000,1,20,0,0,,91095111
2012,Regular Season,Fukuoka Softbank Hawks,0,"Nakazawa, Tadaatsu",1B,8,1.000,12,0,0,1,,91095113
2012,Regular Season,Fukuoka Softbank Hawks,0,"Nakazawa, Tadaatsu",SS,1,0.000,0,0,0,0,,91095113
2012,Regular Season,Orix Buffaloes,20,"Terahara, Hayato",P,16,0.935,12,17,2,1,,91095115
2012,Regular Season,Hokkaido Nippon-Ham Fighters,37,"Tsuchiya, Kenji",P,1,0.000,0,0,0,0,,91095118
2012,Regular Season,Chunichi Dragons,31,"Takahashi, Shuhei",3B,26,0.969,7,24,1,4,,91095135
2012,Climax Series - Final Stage,Hokkaido Nippon-Ham Fighters,41,"Inaba, Atsunori",1B,2,1.000,16,0,0,2,,91193880
2012,Japan Series,Hokkaido Nippon-Ham Fighters,41,"Inaba, Atsunori",1B,4,1.000,26,2,0,2,,91193880
2012,Japan Series,Hokkaido Nippon-Ham Fighters,41,"Inaba, Atsunori",OF,1,1.000,1,0,0,0,,91193880
2012,Regular Season,Hokkaido Nippon-Ham Fighters,41,"Inaba, Atsunori",1B,103,0.997,912,50,3,65,,91193880
2012,Japan Series,Yomiuri Giants,33,"Ishii, Yoshihito",1B,1,1.000,0,1,0,0,,91193884
2012,Regular Season,Yomiuri Giants,33,"Ishii, Yoshihito",1B,20,1.000,55,2,0,6,,91193884
2012,Regular Season,Yomiuri Giants,33,"Ishii, Yoshihito",2B,3,0.000,0,0,1,0,,91193884
2012,Regular Season,Yokohama DeNA Baystars,7,"Ishikawa, Takehiro",2B,74,0.997,179,174,1,40,,91195110
2012,Regular Season,Yokohama DeNA Baystars,7,"Ishikawa, Takehiro",OF,2,1.000,8,0,0,0,,91195110
2012,Regular Season,Yokohama DeNA Baystars,7,"Ishikawa, Takehiro",SS,8,0.952,9,11,1,2,,91195110
2012,Regular Season,Tohoku Rakuten Golden Eagles,41,"Aoyama, Kouji",P,61,1.000,5,12,0,1,,91195112
2012,Regular Season,Hiroshima Toyo Carp,60,"Abe, Tomohiro",2B,35,0.988,79,82,2,14,,91195116
2012,Regular Season,Hiroshima Toyo Carp,60,"Abe, Tomohiro",OF,3,1.000,3,0,0,0,,91195116
2012,Regular Season,Hiroshima Toyo Carp,60,"Abe, Tomohiro",SS,2,1.000,0,1,0,0,,91195116
2012,Climax Series - Final Stage,Fukuoka Softbank Hawks,18,"Arakaki, Nagisa",P,1,1.000,0,1,0,0,,91195117
2012,Regular Season,Fukuoka Softbank Hawks,18,"Arakaki, Nagisa",P,15,0.941,4,12,1,0,,91195117
2012,Climax Series - Final Stage,Hokkaido Nippon-Ham Fighters,7,"Itoi, Yoshio",OF,3,1.000,6,0,0,0,,91195119
2012,Japan Series,Hokkaido Nippon-Ham Fighters,7,"Itoi, Yoshio",OF,6,1.000,15,0,0,0,,91195119
2012,Regular Season,Hokkaido Nippon-Ham Fighters,7,"Itoi, Yoshio",OF,131,0.982,266,8,5,0,,91195119
2012,Regular Season,Fukuoka Softbank Hawks,45,"Tu-Hsuan, Lee",1B,5,0.968,29,1,1,0,,91295114
2012,Regular Season,Fukuoka Softbank Hawks,45,"Tu-Hsuan, Lee",3B,4,1.000,0,6,0,0,,91295114
2012,Regular Season,Hokkaido Nippon-Ham Fighters,32,"Nemoto, Tomohisa",P,7,1.000,0,1,0,0,,91295116
2012,Regular Season,Orix Buffaloes,64,"Nishikawa, Masato",P,2,0.000,0,0,0,0,,91295118
2012,Regular Season,Hanshin Tigers,18,"Futagami, Kazuhito",P,4,1.000,0,2,0,0,,91295131
2012,Regular Season,Hiroshima Toyo Carp,22,"Nakamura, Kyohei",P,8,1.000,0,2,0,0,,91295133
2012,Climax Series - First Stage,Saitama Seibu Lions,21,"Togame, Ken",P,1,0.000,0,0,0,0,,91295135
2012,Regular Season,Saitama Seibu Lions,21,"Togame, Ken",P,41,0.889,0,8,1,1,,91295135
2012,Regular Season,Chunichi Dragons,52,"Oda, Kohei",C,35,0.984,110,13,2,2,3,91393886
2012,Regular Season,Hanshin Tigers,57,"Okazaki, Taichi",C,18,1.000,35,2,0,0,0,91395110
2012,Regular Season,Yokohama DeNA Baystars,26,"Ide, Shotaro",OF,9,1.000,13,0,0,0,,91395115
2012,Regular Season,Chiba Lotte Marines,15,"Ueno, Hiroki",P,5,1.000,2,3,0,0,,91395118
2012,Climax Series - First Stage,Tokyo Yakult Swallows,65,"Oshimoto, Takehiko",P,2,0.000,0,0,0,0,,91395119
2012,Regular Season,Tokyo Yakult Swallows,65,"Oshimoto, Takehiko",P,65,1.000,3,8,0,0,,91395119
2012,Regular Season,Chiba Lotte Marines,27,"Furuya, Takuya",P,10,1.000,1,1,0,0,,91495112
2012,Regular Season,Chunichi Dragons,38,"Maeda, Akihiro",C,3,1.000,23,0,0,0,0,91495115
2012,Regular Season,Yokohama DeNA Baystars,1,"Kinjo, Tatsuhiko",OF,95,1.000,122,3,0,0,,91593888
2012,Regular Season,Hiroshima Toyo Carp,48,"Kishimoto, Hideki",P,27,0.750,2,1,1,1,,91595110
2012,Regular Season,Tohoku Rakuten Golden Eagles,14,"Satake, Kenta",P,3,0.000,0,0,1,0,,91595111
2012,Regular Season,Orix Buffaloes,10,"Obiki, Keiji",SS,110,0.987,178,334,7,50,,91595114
2012,Regular Season,Orix Buffaloes,58,"Kajimoto, Yusuke",1B,3,1.000,1,0,0,0,,91595115
2012,Regular Season,Orix Buffaloes,58,"Kajimoto, Yusuke",OF,15,0.947,18,0,1,0,,91595115
2012,Regular Season,Yomiuri Giants,43,"Ono, Junpei",P,9,1.000,1,1,0,0,,91595131
2012,Regular Season,Fukuoka Softbank Hawks,57,"Kayama, Shinya",P,4,1.000,1,1,0,0,,91595135
2012,Regular Season,Chiba Lotte Marines,45,"Matsumoto, Kodai",P,3,0.000,0,0,0,0,,91695114
2012,Regular Season,Yomiuri Giants,42,"Gonzalez, Edgar",1B,50,0.998,382,30,1,28,,91695131
2012,Regular Season,Yomiuri Giants,42,"Gonzalez, Edgar",2B,2,1.000,2,6,0,1,,91695131
2012,Regular Season,Chiba Lotte Marines,33,"Minami, Masaki",P,26,1.000,2,3,0,0,,91695133
2012,Regular Season,Hokkaido Nippon-Ham Fighters,27,"Nakajima, Satoshi",C,3,1.000,5,0,0,0,0,91793864
2012,Regular Season,Orix Buffaloes,44,"Suzuki, Fumihiro",C,39,0.994,158,20,1,4,2,91793886
2012,Regular Season,Tohoku Rakuten Golden Eagles,62,"Sadaoka, Takuma",1B,1,1.000,9,0,0,0,,91795110
2012,Regular Season,Tohoku Rakuten Golden Eagles,62,"Sadaoka, Takuma",OF,13,1.000,14,1,0,0,,91795110
2012,Climax Series - First Stage,Saitama Seibu Lions,11,"Kishi, Takayuki",P,1,0.000,0,0,0,0,,91795114
2012,Regular Season,Saitama Seibu Lions,11,"Kishi, Takayuki",P,26,1.000,7,41,0,3,,91795114
2012,Regular Season,Orix Buffaloes,11,"Kondoh, Kazuki",P,1,0.750,1,2,1,0,,91795115
2012,Regular Season,Hokkaido Nippon-Ham Fighters,15,"Sakakibara, Ryo",P,17,1.000,0,4,0,0,,91795118
2012,Regular Season,Chiba Lotte Marines,1,"Kiyota, Ikuhiro",OF,82,0.984,186,3,3,0,,91795131
2012,Regular Season,Orix Buffaloes,38,"Kojima, Shuhei",2B,1,1.000,4,4,0,2,,91795135
2012,Regular Season,Orix Buffaloes,38,"Kojima, Shuhei",OF,20,0.971,33,0,1,0,,91795135
2012,Climax Series - First Stage,Saitama Seibu Lions,14,"Ortiz, Jose",1B,3,0.967,29,0,1,0,,91895117
2012,Regular Season,Saitama Seibu Lions,14,"Ortiz, Jose",1B,39,0.997,277,18,1,20,,91895117
2012,Regular Season,Tokyo Yakult Swallows,23,"Yamada, Tetsuto",SS,17,0.940,13,34,3,6,,91895133
2012,Climax Series - Final Stage,Yomiuri Giants,8,"Tani, Yoshitomo",OF,1,1.000,1,0,0,0,,91993884
2012,Regular Season,Yomiuri Giants,8,"Tani, Yoshitomo",OF,67,0.959,66,5,3,0,,91993884
2012,Climax Series - First Stage,Saitama Seibu Lions,27,"Sumitani, Ginjiro",C,3,1.000,15,5,0,1,0,91995112
2012,Regular Season,Saitama Seibu Lions,27,"Sumitani, Ginjiro",C,138,0.996,734,90,3,15,5,91995112
2012,Climax Series - Final Stage,Fukuoka Softbank Hawks,50,"Settsu, Tadashi",P,1,0.000,0,0,0,0,,91995118
2012,Climax Series - First Stage,Fukuoka Softbank Hawks,50,"Settsu, Tadashi",P,1,1.000,0,5,0,0,,91995118
2012,Regular Season,Fukuoka Softbank Hawks,50,"Settsu, Tadashi",P,27,0.932,7,34,3,2,,91995118
2012,Regular Season,Hanshin Tigers,20,"Tsutsui, Kazuya",P,58,0.889,0,8,1,0,,91995119
2012,Climax Series - Final Stage,Yomiuri Giants,7,"Chono, Hisayoshi",OF,6,1.000,21,0,0,0,,91995131
2012,Japan Series,Yomiuri Giants,7,"Chono, Hisayoshi",OF,6,1.000,13,1,0,0,,91995131
2012,Regular Season,Yomiuri Giants,7,"Chono, Hisayoshi",OF,143,0.991,221,9,2,2,,91995131
2012,Regular Season,Orix Buffaloes,33,"Shimada, Takuya",2B,7,1.000,6,14,0,1,,91995135
2012,Regular Season,Orix Buffaloes,33,"Shimada, Takuya",3B,5,1.000,1,0,0,0,,91995135
2012,Regular Season,Orix Buffaloes,33,"Shimada, Takuya",SS,14,0.933,13,29,3,11,,91995135
2012,Regular Season,Hanshin Tigers,54,"Messenger, Randy",P,30,0.959,4,43,2,2,,93195131
2012,Regular Season,Fukuoka Softbank Hawks,8,"Mo Pena, Wily",OF,20,0.938,29,1,2,0,,93195135
2012,Climax Series - Final Stage,Chunichi Dragons,65,"Sosa, Jorge",P,2,1.000,0,1,0,0,,93395135
2012,Climax Series - First Stage,Chunichi Dragons,65,"Sosa, Jorge",P,1,0.000,0,0,0,0,,93395135
2012,Regular Season,Chunichi Dragons,65,"Sosa, Jorge",P,53,0.941,0,16,1,0,,93395135
2012,Regular Season,Chiba Lotte Marines,36,"Mathis, Doug",P,6,1.000,0,8,0,0,,93595135
