Season,Date,GameType,Team,HomeAway,Result,Score,Other Team,R,H,E,Box Score,Matchup,Ballpark,Game Start,Game Length,Audience,GameID
2012,2012-03-30,Reg Season,Hiroshima Toyo Carp,Away,L,2,Chunichi Dragons,2,4,1,"0,0,0,0,0,0,0,2,0",1,Vantelin Dome Nagoya,,03:03,37776,GAME20120330CDHC0002
2012,2012-03-30,Reg Season,Chunichi Dragons,Home,W,4,Hiroshima Toyo Carp,4,9,0,"0,0,0,0,3,0,1,0,x",1,Vantelin Dome Nagoya,,03:03,37776,GAME20120330CDHC0002
2012,2012-03-30,Reg Season,Yokohama DeNA Baystars,Away,T,5,Hanshin Tigers,5,10,3,"0,0,0,0,0,3,0,0,1,1",1,Kyocera Dome Osaka,,03:51,33594,GAME20120330HTDB0006
2012,2012-03-30,Reg Season,Hanshin Tigers,Home,T,5,Yokohama DeNA Baystars,5,7,0,"1,0,0,0,0,0,3,0,0,1",1,Kyocera Dome Osaka,,03:51,33594,GAME20120330HTDB0006
2012,2012-03-30,Reg Season,Saitama Seibu Lions,Away,L,1,Hokkaido Nippon-Ham Fighters,1,4,1,"0,0,0,0,0,1,0,0,0",1,Sapporo Dome,,02:55,36149,GAME20120330NFSL0003
2012,2012-03-30,Reg Season,Hokkaido Nippon-Ham Fighters,Home,W,9,Saitama Seibu Lions,9,13,0,"3,0,0,1,2,2,1,0,x",1,Sapporo Dome,,02:55,36149,GAME20120330NFSL0003
2012,2012-03-30,Reg Season,Chiba Lotte Marines,Away,W,5,Tohoku Rakuten Golden Eagles,5,8,1,"1,0,0,0,1,3,0,0,0",1,Rakuten Seimei Park Miyagi,,03:34,20796,GAME20120330RELM0005
2012,2012-03-30,Reg Season,Tohoku Rakuten Golden Eagles,Home,L,3,Chiba Lotte Marines,3,12,4,"0,0,0,0,0,0,1,0,2",1,Rakuten Seimei Park Miyagi,,03:34,20796,GAME20120330RELM0005
2012,2012-03-30,Reg Season,Orix Buffaloes,Away,L,1,Fukuoka Softbank Hawks,1,5,1,"0,0,0,0,0,1,0,0,0",1,Mizuho PayPay Dome Fukuoka,,03:00,36848,GAME20120330SHOB0004
2012,2012-03-30,Reg Season,Fukuoka Softbank Hawks,Home,W,3,Orix Buffaloes,3,5,1,"0,2,0,0,1,0,0,0,x",1,Mizuho PayPay Dome Fukuoka,,03:00,36848,GAME20120330SHOB0004
2012,2012-03-30,Reg Season,Tokyo Yakult Swallows,Away,W,4,Yomiuri Giants,4,13,1,"0,0,3,0,0,0,1,0,0",1,Tokyo Dome,,02:41,43869,GAME20120330YGYS0001
2012,2012-03-30,Reg Season,Yomiuri Giants,Home,L,0,Tokyo Yakult Swallows,0,2,1,"0,0,0,0,0,0,0,0,0",1,Tokyo Dome,,02:41,43869,GAME20120330YGYS0001
2012,2012-03-31,Reg Season,Hiroshima Toyo Carp,Away,L,0,Chunichi Dragons,0,5,1,"0,0,0,0,0,0,0,0,0",2,Vantelin Dome Nagoya,,02:45,35447,GAME20120331CDHC0011
2012,2012-03-31,Reg Season,Chunichi Dragons,Home,W,9,Hiroshima Toyo Carp,9,13,0,"1,0,4,0,2,0,0,2,x",2,Vantelin Dome Nagoya,,02:45,35447,GAME20120331CDHC0011
2012,2012-03-31,Reg Season,Yokohama DeNA Baystars,Away,L,2,Hanshin Tigers,2,9,0,"1,0,0,0,0,1,0,0,0",2,Kyocera Dome Osaka,,03:33,32830,GAME20120331HTDB0010
2012,2012-03-31,Reg Season,Hanshin Tigers,Home,W,3,Yokohama DeNA Baystars,3,4,0,"0,0,0,0,0,3,0,0,x",2,Kyocera Dome Osaka,,03:33,32830,GAME20120331HTDB0010
2012,2012-03-31,Reg Season,Saitama Seibu Lions,Away,L,3,Hokkaido Nippon-Ham Fighters,3,8,1,"2,0,0,0,1,0,0,0,0",2,Sapporo Dome,,03:15,32836,GAME20120331NFSL0008
2012,2012-03-31,Reg Season,Hokkaido Nippon-Ham Fighters,Home,W,4,Saitama Seibu Lions,4,9,1,"0,1,0,0,0,0,1,0,2x",2,Sapporo Dome,,03:15,32836,GAME20120331NFSL0008
2012,2012-03-31,Reg Season,Chiba Lotte Marines,Away,W,5,Tohoku Rakuten Golden Eagles,5,7,0,"2,0,0,2,0,0,0,0,1",2,Rakuten Seimei Park Miyagi,,03:11,17780,GAME20120331RELM0009
2012,2012-03-31,Reg Season,Tohoku Rakuten Golden Eagles,Home,L,3,Chiba Lotte Marines,3,14,1,"2,0,0,0,0,1,0,0,0",2,Rakuten Seimei Park Miyagi,,03:11,17780,GAME20120331RELM0009
2012,2012-03-31,Reg Season,Orix Buffaloes,Away,L,2,Fukuoka Softbank Hawks,2,8,1,"0,1,0,0,0,1,0,0,0",2,Mizuho PayPay Dome Fukuoka,,03:21,36341,GAME20120331SHOB0012
2012,2012-03-31,Reg Season,Fukuoka Softbank Hawks,Home,W,5,Orix Buffaloes,5,8,0,"0,0,0,1,0,0,3,1,x",2,Mizuho PayPay Dome Fukuoka,,03:21,36341,GAME20120331SHOB0012
2012,2012-03-31,Reg Season,Tokyo Yakult Swallows,Away,W,6,Yomiuri Giants,6,8,0,"0,0,0,0,0,2,3,1,0",2,Tokyo Dome,,03:11,42515,GAME20120331YGYS0007
2012,2012-03-31,Reg Season,Yomiuri Giants,Home,L,3,Tokyo Yakult Swallows,3,7,1,"0,0,3,0,0,0,0,0,0",2,Tokyo Dome,,03:11,42515,GAME20120331YGYS0007
2012,2012-04-01,Reg Season,Hiroshima Toyo Carp,Away,T,2,Chunichi Dragons,2,7,0,"0,0,0,0,0,0,0,2,0,0",3,Vantelin Dome Nagoya,,03:40,32912,GAME20120401CDHC0015
2012,2012-04-01,Reg Season,Chunichi Dragons,Home,T,2,Hiroshima Toyo Carp,2,7,1,"0,0,0,1,0,0,1,0,0,0",3,Vantelin Dome Nagoya,,03:40,32912,GAME20120401CDHC0015
2012,2012-04-01,Reg Season,Yokohama DeNA Baystars,Away,W,6,Hanshin Tigers,6,11,0,"0,0,0,1,0,0,5,0,0",3,Kyocera Dome Osaka,,03:18,32016,GAME20120401HTDB0018
2012,2012-04-01,Reg Season,Hanshin Tigers,Home,L,2,Yokohama DeNA Baystars,2,6,1,"0,0,0,0,0,0,2,0,0",3,Kyocera Dome Osaka,,03:18,32016,GAME20120401HTDB0018
2012,2012-04-01,Reg Season,Saitama Seibu Lions,Away,W,1,Hokkaido Nippon-Ham Fighters,1,3,0,"0,0,0,0,1,0,0,0,0",3,Sapporo Dome,,02:26,29360,GAME20120401NFSL0017
2012,2012-04-01,Reg Season,Hokkaido Nippon-Ham Fighters,Home,L,0,Saitama Seibu Lions,0,6,0,"0,0,0,0,0,0,0,0,0",3,Sapporo Dome,,02:26,29360,GAME20120401NFSL0017
2012,2012-04-01,Reg Season,Chiba Lotte Marines,Away,W,4,Tohoku Rakuten Golden Eagles,4,14,0,"1,0,2,0,0,1,0,0,0",3,Rakuten Seimei Park Miyagi,,03:15,18576,GAME20120401RELM0014
2012,2012-04-01,Reg Season,Tohoku Rakuten Golden Eagles,Home,L,2,Chiba Lotte Marines,2,4,0,"0,0,0,0,1,0,0,1,0",3,Rakuten Seimei Park Miyagi,,03:15,18576,GAME20120401RELM0014
2012,2012-04-01,Reg Season,Orix Buffaloes,Away,L,1,Fukuoka Softbank Hawks,1,5,0,"0,0,0,0,0,0,0,0,1",3,Mizuho PayPay Dome Fukuoka,,03:11,37338,GAME20120401SHOB0016
2012,2012-04-01,Reg Season,Fukuoka Softbank Hawks,Home,W,5,Orix Buffaloes,5,13,1,"0,1,0,0,0,1,0,3,x",3,Mizuho PayPay Dome Fukuoka,,03:11,37338,GAME20120401SHOB0016
2012,2012-04-01,Reg Season,Tokyo Yakult Swallows,Away,L,2,Yomiuri Giants,2,9,1,"0,1,0,0,0,0,1,0,0",3,Tokyo Dome,,03:23,44135,GAME20120401YGYS0013
2012,2012-04-01,Reg Season,Yomiuri Giants,Home,W,4,Tokyo Yakult Swallows,4,8,0,"0,1,0,1,1,0,0,1,x",3,Tokyo Dome,,03:23,44135,GAME20120401YGYS0013
2012,2012-04-03,Reg Season,Yomiuri Giants,Away,L,0,Hiroshima Toyo Carp,0,5,2,"0,0,0,0,0,0,0,0,0",1,MAZDA Zoom-Zoom Stadium Hiroshima,,03:06,20437,GAME20120403HCYG0021
2012,2012-04-03,Reg Season,Hiroshima Toyo Carp,Home,W,4,Yomiuri Giants,4,10,0,"0,1,0,0,0,1,0,2,x",1,MAZDA Zoom-Zoom Stadium Hiroshima,,03:06,20437,GAME20120403HCYG0021
2012,2012-04-03,Reg Season,Orix Buffaloes,Away,W,5,Hokkaido Nippon-Ham Fighters,5,15,0,"2,0,0,0,0,3,0,0,0",1,Sapporo Dome,,03:35,17519,GAME20120403NFOB0020
2012,2012-04-03,Reg Season,Hokkaido Nippon-Ham Fighters,Home,L,4,Orix Buffaloes,4,9,0,"0,3,0,0,0,0,0,0,1",1,Sapporo Dome,,03:35,17519,GAME20120403NFOB0020
2012,2012-04-03,Reg Season,Fukuoka Softbank Hawks,Away,L,0,Tohoku Rakuten Golden Eagles,0,4,2,"0,0,0,0,0,0,0,0,0",1,Rakuten Seimei Park Miyagi,,03:06,13070,GAME20120403RESH0019
2012,2012-04-03,Reg Season,Tohoku Rakuten Golden Eagles,Home,W,5,Fukuoka Softbank Hawks,5,5,0,"0,1,0,1,2,0,0,1,x",1,Rakuten Seimei Park Miyagi,,03:06,13070,GAME20120403RESH0019
2012,2012-04-04,Reg Season,Chunichi Dragons,Away,W,4,Yokohama DeNA Baystars,4,9,0,"0,0,1,0,1,0,0,2,0",1,Yokohama Stadium,,03:30,18823,GAME20120404DBCD0026
2012,2012-04-04,Reg Season,Yokohama DeNA Baystars,Home,L,0,Chunichi Dragons,0,2,1,"0,0,0,0,0,0,0,0,0",1,Yokohama Stadium,,03:30,18823,GAME20120404DBCD0026
2012,2012-04-04,Reg Season,Yomiuri Giants,Away,L,1,Hiroshima Toyo Carp,1,9,0,"0,0,0,0,1,0,0,0,0",2,MAZDA Zoom-Zoom Stadium Hiroshima,,03:30,16415,GAME20120404HCYG0025
2012,2012-04-04,Reg Season,Hiroshima Toyo Carp,Home,W,2,Yomiuri Giants,2,6,0,"1,0,0,0,0,0,0,0,1x",2,MAZDA Zoom-Zoom Stadium Hiroshima,,03:30,16415,GAME20120404HCYG0025
2012,2012-04-04,Reg Season,Orix Buffaloes,Away,W,4,Hokkaido Nippon-Ham Fighters,4,11,1,"0,1,2,0,0,0,1,0,0",2,Sapporo Dome,,03:12,15506,GAME20120404NFOB0024
2012,2012-04-04,Reg Season,Hokkaido Nippon-Ham Fighters,Home,L,2,Orix Buffaloes,2,5,1,"0,0,0,0,1,0,1,0,0",2,Sapporo Dome,,03:12,15506,GAME20120404NFOB0024
2012,2012-04-04,Reg Season,Fukuoka Softbank Hawks,Away,L,5,Tohoku Rakuten Golden Eagles,5,12,3,"0,0,1,0,0,3,0,0,1",2,Rakuten Seimei Park Miyagi,,03:10,12242,GAME20120404RESH0027
2012,2012-04-04,Reg Season,Tohoku Rakuten Golden Eagles,Home,W,6,Fukuoka Softbank Hawks,6,8,1,"0,0,4,2,0,0,0,0,x",2,Rakuten Seimei Park Miyagi,,03:10,12242,GAME20120404RESH0027
2012,2012-04-04,Reg Season,Chiba Lotte Marines,Away,W,2,Saitama Seibu Lions,2,12,0,"0,0,0,0,1,0,0,0,1",1,Belluna Dome,,02:36,21694,GAME20120404SLLM0023
2012,2012-04-04,Reg Season,Saitama Seibu Lions,Home,L,0,Chiba Lotte Marines,0,4,0,"0,0,0,0,0,0,0,0,0",1,Belluna Dome,,02:36,21694,GAME20120404SLLM0023
2012,2012-04-04,Reg Season,Hanshin Tigers,Away,T,5,Tokyo Yakult Swallows,5,12,0,"0,0,0,1,1,0,0,3,0",1,Meiji Jingu Stadium,,04:07,22511,GAME20120404YSHT0022
2012,2012-04-04,Reg Season,Tokyo Yakult Swallows,Home,T,5,Hanshin Tigers,5,7,0,"1,0,4,0,0,0,0,0,0",1,Meiji Jingu Stadium,,04:07,22511,GAME20120404YSHT0022
2012,2012-04-05,Reg Season,Chunichi Dragons,Away,W,3,Yokohama DeNA Baystars,3,7,0,"0,0,0,0,0,2,0,1,0",2,Yokohama Stadium,,02:45,10883,GAME20120405DBCD0030
2012,2012-04-05,Reg Season,Yokohama DeNA Baystars,Home,L,0,Chunichi Dragons,0,3,0,"0,0,0,0,0,0,0,0,0",2,Yokohama Stadium,,02:45,10883,GAME20120405DBCD0030
2012,2012-04-05,Reg Season,Yomiuri Giants,Away,L,0,Hiroshima Toyo Carp,0,8,1,"0,0,0,0,0,0,0,0,0",3,MAZDA Zoom-Zoom Stadium Hiroshima,,02:30,16409,GAME20120405HCYG0032
2012,2012-04-05,Reg Season,Hiroshima Toyo Carp,Home,W,2,Yomiuri Giants,2,4,1,"0,0,1,0,0,0,0,1,x",3,MAZDA Zoom-Zoom Stadium Hiroshima,,02:30,16409,GAME20120405HCYG0032
2012,2012-04-05,Reg Season,Orix Buffaloes,Away,L,1,Hokkaido Nippon-Ham Fighters,1,6,1,"0,0,0,0,0,1,0,0,0",3,Sapporo Dome,,02:55,15041,GAME20120405NFOB0029
2012,2012-04-05,Reg Season,Hokkaido Nippon-Ham Fighters,Home,W,3,Orix Buffaloes,3,8,0,"2,0,0,0,0,0,0,1,x",3,Sapporo Dome,,02:55,15041,GAME20120405NFOB0029
2012,2012-04-05,Reg Season,Fukuoka Softbank Hawks,Away,W,7,Tohoku Rakuten Golden Eagles,7,13,1,"1,0,0,0,2,4,0,0,0",3,Rakuten Seimei Park Miyagi,,04:16,13924,GAME20120405RESH0031
2012,2012-04-05,Reg Season,Tohoku Rakuten Golden Eagles,Home,L,6,Fukuoka Softbank Hawks,6,9,0,"0,1,1,0,0,4,0,0,0",3,Rakuten Seimei Park Miyagi,,04:16,13924,GAME20120405RESH0031
2012,2012-04-05,Reg Season,Hanshin Tigers,Away,W,3,Tokyo Yakult Swallows,3,3,0,"0,0,0,0,1,0,2,0,0",2,Meiji Jingu Stadium,,02:37,20859,GAME20120405YSHT0028
2012,2012-04-05,Reg Season,Tokyo Yakult Swallows,Home,L,1,Hanshin Tigers,1,8,0,"0,0,0,0,0,0,0,0,1",2,Meiji Jingu Stadium,,02:37,20859,GAME20120405YSHT0028
2012,2012-04-06,Reg Season,Tokyo Yakult Swallows,Away,L,0,Chunichi Dragons,0,4,1,"0,0,0,0,0,0,0,0,0",1,Vantelin Dome Nagoya,,02:44,28457,GAME20120406CDYS0038
2012,2012-04-06,Reg Season,Chunichi Dragons,Home,W,1,Tokyo Yakult Swallows,1,5,0,"1,0,0,0,0,0,0,0,x",1,Vantelin Dome Nagoya,,02:44,28457,GAME20120406CDYS0038
2012,2012-04-06,Reg Season,Hiroshima Toyo Carp,Away,W,2,Yokohama DeNA Baystars,2,7,0,"1,0,0,0,0,0,0,0,1",1,Yokohama Stadium,,02:44,9524,GAME20120406DBHC0033
2012,2012-04-06,Reg Season,Yokohama DeNA Baystars,Home,L,0,Hiroshima Toyo Carp,0,0,0,"0,0,0,0,0,0,0,0,0",1,Yokohama Stadium,,02:44,9524,GAME20120406DBHC0033
2012,2012-04-06,Reg Season,Yomiuri Giants,Away,L,0,Hanshin Tigers,0,2,2,"0,0,0,0,0,0,0,0,0",1,Hanshin Koshien Stadium,,02:54,46374,GAME20120406HTYG0036
2012,2012-04-06,Reg Season,Hanshin Tigers,Home,W,3,Yomiuri Giants,3,9,0,"0,0,0,0,1,0,1,1,x",1,Hanshin Koshien Stadium,,02:54,46374,GAME20120406HTYG0036
2012,2012-04-06,Reg Season,Hokkaido Nippon-Ham Fighters,Away,W,6,Chiba Lotte Marines,6,9,1,"0,0,1,1,0,1,0,1,2",1,ZOZO Marine Stadium,,02:50,21731,GAME20120406LMNF0035
2012,2012-04-06,Reg Season,Chiba Lotte Marines,Home,L,3,Hokkaido Nippon-Ham Fighters,3,10,0,"0,0,1,1,0,0,0,0,1",1,ZOZO Marine Stadium,,02:50,21731,GAME20120406LMNF0035
2012,2012-04-06,Reg Season,Tohoku Rakuten Golden Eagles,Away,T,2,Orix Buffaloes,2,12,0,"0,1,0,0,0,0,0,0,1,0,0",1,Kyocera Dome Osaka,,03:41,25055,GAME20120406OBRE0037
2012,2012-04-06,Reg Season,Orix Buffaloes,Home,T,2,Tohoku Rakuten Golden Eagles,2,8,1,"0,0,0,0,0,0,0,0,2,0,0",1,Kyocera Dome Osaka,,03:41,25055,GAME20120406OBRE0037
2012,2012-04-06,Reg Season,Fukuoka Softbank Hawks,Away,W,4,Saitama Seibu Lions,4,8,1,"0,0,0,0,0,0,0,0,4",1,Belluna Dome,,02:54,12833,GAME20120406SLSH0034
2012,2012-04-06,Reg Season,Saitama Seibu Lions,Home,L,2,Fukuoka Softbank Hawks,2,5,0,"0,0,0,0,0,2,0,0,0",1,Belluna Dome,,02:54,12833,GAME20120406SLSH0034
2012,2012-04-07,Reg Season,Tokyo Yakult Swallows,Away,W,2,Chunichi Dragons,2,5,0,"1,0,0,0,0,0,0,0,1",2,Vantelin Dome Nagoya,,03:23,25711,GAME20120407CDYS0042
2012,2012-04-07,Reg Season,Chunichi Dragons,Home,L,1,Tokyo Yakult Swallows,1,7,1,"0,1,0,0,0,0,0,0,0",2,Vantelin Dome Nagoya,,03:23,25711,GAME20120407CDYS0042
2012,2012-04-07,Reg Season,Hiroshima Toyo Carp,Away,W,1,Yokohama DeNA Baystars,1,4,0,"0,0,0,0,0,0,0,0,1",2,Yokohama Stadium,,02:56,17834,GAME20120407DBHC0039
2012,2012-04-07,Reg Season,Yokohama DeNA Baystars,Home,L,0,Hiroshima Toyo Carp,0,6,0,"0,0,0,0,0,0,0,0,0",2,Yokohama Stadium,,02:56,17834,GAME20120407DBHC0039
2012,2012-04-07,Reg Season,Yomiuri Giants,Away,L,0,Hanshin Tigers,0,4,1,"0,0,0,0,0,0,0,0,0",2,Hanshin Koshien Stadium,,02:48,46422,GAME20120407HTYG0044
2012,2012-04-07,Reg Season,Hanshin Tigers,Home,W,1,Yomiuri Giants,1,3,0,"1,0,0,0,0,0,0,0,x",2,Hanshin Koshien Stadium,,02:48,46422,GAME20120407HTYG0044
2012,2012-04-07,Reg Season,Hokkaido Nippon-Ham Fighters,Away,W,4,Chiba Lotte Marines,4,7,0,"0,0,0,0,0,0,0,0,4",2,ZOZO Marine Stadium,,02:28,18873,GAME20120407LMNF0040
2012,2012-04-07,Reg Season,Chiba Lotte Marines,Home,L,0,Hokkaido Nippon-Ham Fighters,0,4,1,"0,0,0,0,0,0,0,0,0",2,ZOZO Marine Stadium,,02:28,18873,GAME20120407LMNF0040
2012,2012-04-07,Reg Season,Tohoku Rakuten Golden Eagles,Away,W,3,Orix Buffaloes,3,7,2,"0,2,0,0,1,0,0,0,0",2,Kyocera Dome Osaka,,02:53,24508,GAME20120407OBRE0041
2012,2012-04-07,Reg Season,Orix Buffaloes,Home,L,2,Tohoku Rakuten Golden Eagles,2,7,1,"0,0,2,0,0,0,0,0,0",2,Kyocera Dome Osaka,,02:53,24508,GAME20120407OBRE0041
2012,2012-04-07,Reg Season,Fukuoka Softbank Hawks,Away,W,4,Saitama Seibu Lions,4,7,0,"0,0,0,0,2,0,1,0,1",2,Belluna Dome,,03:31,24735,GAME20120407SLSH0043
2012,2012-04-07,Reg Season,Saitama Seibu Lions,Home,L,2,Fukuoka Softbank Hawks,2,7,1,"0,0,0,1,1,0,0,0,0",2,Belluna Dome,,03:31,24735,GAME20120407SLSH0043
2012,2012-04-08,Reg Season,Tokyo Yakult Swallows,Away,W,3,Chunichi Dragons,3,8,0,"0,0,0,0,0,1,0,0,0,2",3,Vantelin Dome Nagoya,,03:58,27061,GAME20120408CDYS0050
2012,2012-04-08,Reg Season,Chunichi Dragons,Home,L,1,Tokyo Yakult Swallows,1,9,0,"0,0,0,0,0,0,0,1,0,0",3,Vantelin Dome Nagoya,,03:58,27061,GAME20120408CDYS0050
2012,2012-04-08,Reg Season,Hiroshima Toyo Carp,Away,W,5,Yokohama DeNA Baystars,5,7,0,"0,0,1,0,0,0,0,1,3",3,Yokohama Stadium,,03:03,18533,GAME20120408DBHC0045
2012,2012-04-08,Reg Season,Yokohama DeNA Baystars,Home,L,2,Hiroshima Toyo Carp,2,9,1,"0,0,0,0,0,0,0,0,2",3,Yokohama Stadium,,03:03,18533,GAME20120408DBHC0045
2012,2012-04-08,Reg Season,Yomiuri Giants,Away,W,5,Hanshin Tigers,5,13,0,"1,2,0,1,1,0,0,0,0",3,Hanshin Koshien Stadium,,03:22,46663,GAME20120408HTYG0048
2012,2012-04-08,Reg Season,Hanshin Tigers,Home,L,1,Yomiuri Giants,1,6,0,"0,0,0,0,0,0,1,0,0",3,Hanshin Koshien Stadium,,03:22,46663,GAME20120408HTYG0048
2012,2012-04-08,Reg Season,Hokkaido Nippon-Ham Fighters,Away,W,3,Chiba Lotte Marines,3,8,1,"0,0,2,0,0,0,1,0,0",3,ZOZO Marine Stadium,,02:48,21490,GAME20120408LMNF0049
2012,2012-04-08,Reg Season,Chiba Lotte Marines,Home,L,1,Hokkaido Nippon-Ham Fighters,1,3,0,"0,0,0,1,0,0,0,0,0",3,ZOZO Marine Stadium,,02:48,21490,GAME20120408LMNF0049
2012,2012-04-08,Reg Season,Tohoku Rakuten Golden Eagles,Away,L,0,Orix Buffaloes,0,4,0,"0,0,0,0,0,0,0,0,0",3,Kyocera Dome Osaka,,02:12,20907,GAME20120408OBRE0046
2012,2012-04-08,Reg Season,Orix Buffaloes,Home,W,2,Tohoku Rakuten Golden Eagles,2,6,0,"0,1,1,0,0,0,0,0,x",3,Kyocera Dome Osaka,,02:12,20907,GAME20120408OBRE0046
2012,2012-04-08,Reg Season,Fukuoka Softbank Hawks,Away,W,7,Saitama Seibu Lions,7,11,1,"1,0,0,3,0,2,1,0,0",3,Belluna Dome,,03:46,21892,GAME20120408SLSH0047
2012,2012-04-08,Reg Season,Saitama Seibu Lions,Home,L,5,Fukuoka Softbank Hawks,5,10,0,"0,0,0,1,4,0,0,0,0",3,Belluna Dome,,03:46,21892,GAME20120408SLSH0047
2012,2012-04-10,Reg Season,Hanshin Tigers,Away,W,10,Hiroshima Toyo Carp,10,15,1,"2,0,4,0,0,2,0,2,0",1,MAZDA Zoom-Zoom Stadium Hiroshima,,03:17,12485,GAME20120410HCHT0056
2012,2012-04-10,Reg Season,Hiroshima Toyo Carp,Home,L,2,Hanshin Tigers,2,7,0,"0,0,0,2,0,0,0,0,0",1,MAZDA Zoom-Zoom Stadium Hiroshima,,03:17,12485,GAME20120410HCHT0056
2012,2012-04-10,Reg Season,Orix Buffaloes,Away,L,1,Chiba Lotte Marines,1,3,1,"0,0,0,0,0,0,0,0,1",1,ZOZO Marine Stadium,,02:44,7745,GAME20120410LMOB0053
2012,2012-04-10,Reg Season,Chiba Lotte Marines,Home,W,2,Orix Buffaloes,2,9,2,"0,0,0,0,0,1,0,1,x",1,ZOZO Marine Stadium,,02:44,7745,GAME20120410LMOB0053
2012,2012-04-10,Reg Season,Saitama Seibu Lions,Away,W,4,Tohoku Rakuten Golden Eagles,4,9,0,"0,1,0,2,0,0,1,0,0",1,Hanshin Koshien Stadium,,02:53,22174,GAME20120410RESL0052
2012,2012-04-10,Reg Season,Tohoku Rakuten Golden Eagles,Home,L,0,Saitama Seibu Lions,0,7,0,"0,0,0,0,0,0,0,0,0",1,Hanshin Koshien Stadium,,02:53,22174,GAME20120410RESL0052
2012,2012-04-10,Reg Season,Hokkaido Nippon-Ham Fighters,Away,L,1,Fukuoka Softbank Hawks,1,7,0,"0,1,0,0,0,0,0,0,0",1,Mizuho PayPay Dome Fukuoka,,02:58,27466,GAME20120410SHNF0055
2012,2012-04-10,Reg Season,Fukuoka Softbank Hawks,Home,W,3,Hokkaido Nippon-Ham Fighters,3,7,0,"1,0,0,2,0,0,0,0,x",1,Mizuho PayPay Dome Fukuoka,,02:58,27466,GAME20120410SHNF0055
2012,2012-04-10,Reg Season,Chunichi Dragons,Away,T,6,Yomiuri Giants,6,8,2,"1,0,1,0,0,4,0,0,0",1,Tokyo Dome,,03:49,38820,GAME20120410YGCD0051
2012,2012-04-10,Reg Season,Yomiuri Giants,Home,T,6,Chunichi Dragons,6,8,1,"4,1,0,0,0,0,0,0,1",1,Tokyo Dome,,03:49,38820,GAME20120410YGCD0051
2012,2012-04-10,Reg Season,Yokohama DeNA Baystars,Away,L,1,Tokyo Yakult Swallows,1,8,0,"0,0,0,0,0,0,1,0,0,0",1,Meiji Jingu Stadium,,03:33,11576,GAME20120410YSDB0054
2012,2012-04-10,Reg Season,Tokyo Yakult Swallows,Home,W,2,Yokohama DeNA Baystars,2,7,1,"0,0,0,0,0,1,0,0,0,1x",1,Meiji Jingu Stadium,,03:33,11576,GAME20120410YSDB0054
2012,2012-04-11,Reg Season,Hanshin Tigers,Away,W,4,Hiroshima Toyo Carp,4,4,0,"2,0,2,0,0,0,0,0,0",2,MAZDA Zoom-Zoom Stadium Hiroshima,,03:21,12368,GAME20120411HCHT0059
2012,2012-04-11,Reg Season,Hiroshima Toyo Carp,Home,L,1,Hanshin Tigers,1,8,0,"0,0,0,0,0,0,0,1,0",2,MAZDA Zoom-Zoom Stadium Hiroshima,,03:21,12368,GAME20120411HCHT0059
2012,2012-04-11,Reg Season,Hokkaido Nippon-Ham Fighters,Away,W,14,Fukuoka Softbank Hawks,14,18,0,"0,4,3,0,4,0,3,0,0",2,Kitakyushu Municipal Baseball Stadium,,03:21,16546,GAME20120411SHNF0058
2012,2012-04-11,Reg Season,Fukuoka Softbank Hawks,Home,L,0,Hokkaido Nippon-Ham Fighters,0,3,1,"0,0,0,0,0,0,0,0,0",2,Kitakyushu Municipal Baseball Stadium,,03:21,16546,GAME20120411SHNF0058
2012,2012-04-11,Reg Season,Chunichi Dragons,Away,L,1,Yomiuri Giants,1,9,0,"1,0,0,0,0,0,0,0,0",2,Tokyo Dome,,03:02,37922,GAME20120411YGCD0057
2012,2012-04-11,Reg Season,Yomiuri Giants,Home,W,5,Chunichi Dragons,5,10,1,"0,0,2,0,0,0,1,2,x",2,Tokyo Dome,,03:02,37922,GAME20120411YGCD0057
2012,2012-04-11,Reg Season,Yokohama DeNA Baystars,Away,W,7,Tokyo Yakult Swallows,7,7,1,"2,0,5,0,0,0x",2,Meiji Jingu Stadium,,01:58,6473,GAME20120411YSDB0060
2012,2012-04-11,Reg Season,Tokyo Yakult Swallows,Home,L,0,Yokohama DeNA Baystars,0,7,0,"0,0,0,0,0",2,Meiji Jingu Stadium,,01:58,6473,GAME20120411YSDB0060
2012,2012-04-12,Reg Season,Hanshin Tigers,Away,T,1,Hiroshima Toyo Carp,1,7,1,"0,0,0,0,0,0,1,0,0,0",3,MAZDA Zoom-Zoom Stadium Hiroshima,,03:42,14273,GAME20120412HCHT0065
2012,2012-04-12,Reg Season,Hiroshima Toyo Carp,Home,T,1,Hanshin Tigers,1,7,1,"0,1,0,0,0,0,0,0,0,0",3,MAZDA Zoom-Zoom Stadium Hiroshima,,03:42,14273,GAME20120412HCHT0065
2012,2012-04-12,Reg Season,Orix Buffaloes,Away,W,3,Chiba Lotte Marines,3,7,0,"0,0,1,0,1,0,0,0,1",2,ZOZO Marine Stadium,,02:41,7458,GAME20120412LMOB0063
2012,2012-04-12,Reg Season,Chiba Lotte Marines,Home,L,1,Orix Buffaloes,1,2,1,"0,0,0,0,1,0,0,0,0",2,ZOZO Marine Stadium,,02:41,7458,GAME20120412LMOB0063
2012,2012-04-12,Reg Season,Hokkaido Nippon-Ham Fighters,Away,L,0,Fukuoka Softbank Hawks,0,3,2,"0,0,0,0,0,0,0,0,0",3,Mizuho PayPay Dome Fukuoka,,02:40,26968,GAME20120412SHNF0061
2012,2012-04-12,Reg Season,Fukuoka Softbank Hawks,Home,W,4,Hokkaido Nippon-Ham Fighters,4,11,0,"0,0,0,2,0,0,1,1,x",3,Mizuho PayPay Dome Fukuoka,,02:40,26968,GAME20120412SHNF0061
2012,2012-04-12,Reg Season,Chunichi Dragons,Away,L,2,Yomiuri Giants,2,9,1,"0,0,0,1,0,0,0,1,0",3,Tokyo Dome,,02:45,36516,GAME20120412YGCD0062
2012,2012-04-12,Reg Season,Yomiuri Giants,Home,W,3,Chunichi Dragons,3,11,3,"0,0,3,0,0,0,0,0,x",3,Tokyo Dome,,02:45,36516,GAME20120412YGCD0062
2012,2012-04-12,Reg Season,Yokohama DeNA Baystars,Away,W,4,Tokyo Yakult Swallows,4,10,0,"0,0,0,3,1,0,0,0,0",3,Meiji Jingu Stadium,,03:04,11871,GAME20120412YSDB0064
2012,2012-04-12,Reg Season,Tokyo Yakult Swallows,Home,L,0,Yokohama DeNA Baystars,0,6,1,"0,0,0,0,0,0,0,0,0",3,Meiji Jingu Stadium,,03:04,11871,GAME20120412YSDB0064
2012,2012-04-13,Reg Season,Yomiuri Giants,Away,W,6,Yokohama DeNA Baystars,6,13,1,"0,0,0,3,0,2,0,1,0",1,Yokohama Stadium,,03:03,17739,GAME20120413DBYG0066
2012,2012-04-13,Reg Season,Yokohama DeNA Baystars,Home,L,0,Yomiuri Giants,0,1,0,"0,0,0,0,0,0,0,0,0",1,Yokohama Stadium,,03:03,17739,GAME20120413DBYG0066
2012,2012-04-13,Reg Season,Chunichi Dragons,Away,L,1,Hanshin Tigers,1,6,1,"1,0,0,0,0,0,0,0,0",1,Hanshin Koshien Stadium,,03:09,31164,GAME20120413HTCD0067
2012,2012-04-13,Reg Season,Hanshin Tigers,Home,W,3,Chunichi Dragons,3,12,1,"1,0,0,1,0,1,0,0,x",1,Hanshin Koshien Stadium,,03:09,31164,GAME20120413HTCD0067
2012,2012-04-13,Reg Season,Tohoku Rakuten Golden Eagles,Away,W,2,Hokkaido Nippon-Ham Fighters,2,7,0,"0,1,1,0,0,0,0,0,0",1,Sapporo Dome,,03:10,29996,GAME20120413NFRE0068
2012,2012-04-13,Reg Season,Hokkaido Nippon-Ham Fighters,Home,L,1,Tohoku Rakuten Golden Eagles,1,7,1,"1,0,0,0,0,0,0,0,0",1,Sapporo Dome,,03:10,29996,GAME20120413NFRE0068
2012,2012-04-13,Reg Season,Chiba Lotte Marines,Away,T,1,Fukuoka Softbank Hawks,1,8,0,"0,0,0,0,0,0,1,0,0",1,Mizuho PayPay Dome Fukuoka,,03:38,27938,GAME20120413SHLM0069
2012,2012-04-13,Reg Season,Fukuoka Softbank Hawks,Home,T,1,Chiba Lotte Marines,1,7,0,"0,0,0,0,0,0,1,0,0",1,Mizuho PayPay Dome Fukuoka,,03:38,27938,GAME20120413SHLM0069
2012,2012-04-14,Reg Season,Chunichi Dragons,Away,W,7,Hanshin Tigers,7,9,2,"6,0,0,0,0,0,1,0,0",2,Hanshin Koshien Stadium,,03:33,41511,GAME20120414HTCD0073
2012,2012-04-14,Reg Season,Hanshin Tigers,Home,L,4,Chunichi Dragons,4,9,1,"2,1,0,0,0,0,1,0,0",2,Hanshin Koshien Stadium,,03:33,41511,GAME20120414HTCD0073
2012,2012-04-14,Reg Season,Tohoku Rakuten Golden Eagles,Away,L,1,Hokkaido Nippon-Ham Fighters,1,10,1,"0,0,0,0,1,0,0,0,0",2,Sapporo Dome,,02:49,23960,GAME20120414NFRE0072
2012,2012-04-14,Reg Season,Hokkaido Nippon-Ham Fighters,Home,W,2,Tohoku Rakuten Golden Eagles,2,6,1,"0,0,0,0,2,0,0,0,x",2,Sapporo Dome,,02:49,23960,GAME20120414NFRE0072
2012,2012-04-14,Reg Season,Chiba Lotte Marines,Away,W,4,Fukuoka Softbank Hawks,4,9,1,"1,0,0,0,0,0,0,2,1",2,Mizuho PayPay Dome Fukuoka,,02:46,34332,GAME20120414SHLM0070
2012,2012-04-14,Reg Season,Fukuoka Softbank Hawks,Home,L,1,Chiba Lotte Marines,1,4,1,"0,0,0,0,0,0,0,1,0",2,Mizuho PayPay Dome Fukuoka,,02:46,34332,GAME20120414SHLM0070
2012,2012-04-14,Reg Season,Hiroshima Toyo Carp,Away,L,1,Tokyo Yakult Swallows,1,8,3,"0,0,0,0,0,0,1,0,0",1,Matsuyama Central Park Baseball Stadium,,02:58,14636,GAME20120414YSHC0071
2012,2012-04-14,Reg Season,Tokyo Yakult Swallows,Home,W,10,Hiroshima Toyo Carp,10,12,0,"1,1,1,3,3,1,0,0,x",1,Matsuyama Central Park Baseball Stadium,,02:58,14636,GAME20120414YSHC0071
2012,2012-04-15,Reg Season,Yomiuri Giants,Away,L,1,Yokohama DeNA Baystars,1,6,2,"1,0,0,0,0,0,0,0,0,0,0",2,HARD OFF ECO Stadium Niigata,,03:35,24098,GAME20120415DBYG0074
2012,2012-04-15,Reg Season,Yokohama DeNA Baystars,Home,W,3,Yomiuri Giants,3,8,0,"0,1,0,0,0,0,0,0,0,0,2x",2,HARD OFF ECO Stadium Niigata,,03:35,24098,GAME20120415DBYG0074
2012,2012-04-15,Reg Season,Chunichi Dragons,Away,W,3,Hanshin Tigers,3,7,0,"0,0,0,0,2,0,0,1,0",3,Hanshin Koshien Stadium,,02:53,44148,GAME20120415HTCD0077
2012,2012-04-15,Reg Season,Hanshin Tigers,Home,L,0,Chunichi Dragons,0,3,1,"0,0,0,0,0,0,0,0,0",3,Hanshin Koshien Stadium,,02:53,44148,GAME20120415HTCD0077
2012,2012-04-15,Reg Season,Tohoku Rakuten Golden Eagles,Away,L,3,Hokkaido Nippon-Ham Fighters,3,7,0,"1,0,0,0,0,0,0,0,2",3,Sapporo Dome,,02:58,27637,GAME20120415NFRE0076
2012,2012-04-15,Reg Season,Hokkaido Nippon-Ham Fighters,Home,W,4,Tohoku Rakuten Golden Eagles,4,10,1,"1,1,0,0,1,0,0,0,1x",3,Sapporo Dome,,02:58,27637,GAME20120415NFRE0076
2012,2012-04-15,Reg Season,Chiba Lotte Marines,Away,W,5,Fukuoka Softbank Hawks,5,11,0,"0,0,4,0,0,0,0,0,1",3,Mizuho PayPay Dome Fukuoka,,03:29,37025,GAME20120415SHLM0075
2012,2012-04-15,Reg Season,Fukuoka Softbank Hawks,Home,L,1,Chiba Lotte Marines,1,4,0,"0,0,1,0,0,0,0,0,0",3,Mizuho PayPay Dome Fukuoka,,03:29,37025,GAME20120415SHLM0075
2012,2012-04-15,Reg Season,Orix Buffaloes,Away,W,6,Saitama Seibu Lions,6,11,0,"0,2,2,2,0,0,0,0,0",1,Belluna Dome,,03:26,25460,GAME20120415SLOB0078
2012,2012-04-15,Reg Season,Saitama Seibu Lions,Home,L,2,Orix Buffaloes,2,8,0,"0,0,0,0,0,0,1,1,0",1,Belluna Dome,,03:26,25460,GAME20120415SLOB0078
2012,2012-04-15,Reg Season,Hiroshima Toyo Carp,Away,L,0,Tokyo Yakult Swallows,0,6,0,"0,0,0,0,0,0,0,0,0",2,Matsuyama Central Park Baseball Stadium,,03:04,16006,GAME20120415YSHC0079
2012,2012-04-15,Reg Season,Tokyo Yakult Swallows,Home,W,1,Hiroshima Toyo Carp,1,4,1,"0,0,1,0,0,0,0,0,x",2,Matsuyama Central Park Baseball Stadium,,03:04,16006,GAME20120415YSHC0079
2012,2012-04-16,Reg Season,Hokkaido Nippon-Ham Fighters,Away,W,13,Saitama Seibu Lions,13,13,0,"2,0,0,0,2,0,6,2,1",4,Belluna Dome,,03:11,12077,GAME20120416SLNF0080
2012,2012-04-16,Reg Season,Saitama Seibu Lions,Home,L,0,Hokkaido Nippon-Ham Fighters,0,6,4,"0,0,0,0,0,0,0,0,0",4,Belluna Dome,,03:11,12077,GAME20120416SLNF0080
2012,2012-04-17,Reg Season,Yomiuri Giants,Away,W,4,Chunichi Dragons,4,10,0,"0,0,2,0,0,0,0,0,2",4,Vantelin Dome Nagoya,,02:48,27903,GAME20120417CDYG0084
2012,2012-04-17,Reg Season,Chunichi Dragons,Home,L,1,Yomiuri Giants,1,5,0,"0,0,0,0,0,0,0,1,0",4,Vantelin Dome Nagoya,,02:48,27903,GAME20120417CDYG0084
2012,2012-04-17,Reg Season,Yokohama DeNA Baystars,Away,L,0,Hiroshima Toyo Carp,0,4,0,"0,0,0,0,0,0,0,0,0",4,Kure Nikoh Baseball Stadium,,02:44,11851,GAME20120417HCDB0083
2012,2012-04-17,Reg Season,Hiroshima Toyo Carp,Home,W,3,Yokohama DeNA Baystars,3,6,0,"1,0,0,0,0,1,1,0,x",4,Kure Nikoh Baseball Stadium,,02:44,11851,GAME20120417HCDB0083
2012,2012-04-17,Reg Season,Tokyo Yakult Swallows,Away,L,0,Hanshin Tigers,0,4,2,"0,0,0,0,0,0,0,0,0",3,Kobe Athletic Park Baseball Field,,02:32,25011,GAME20120417HTYS0085
2012,2012-04-17,Reg Season,Hanshin Tigers,Home,W,4,Tokyo Yakult Swallows,4,8,0,"0,0,0,2,0,0,2,0,x",3,Kobe Athletic Park Baseball Field,,02:32,25011,GAME20120417HTYS0085
2012,2012-04-17,Reg Season,Fukuoka Softbank Hawks,Away,W,2,Orix Buffaloes,2,4,0,"0,0,0,0,0,0,2,0,0",4,Kyocera Dome Osaka,,03:03,11380,GAME20120417OBSH0082
2012,2012-04-17,Reg Season,Orix Buffaloes,Home,L,0,Fukuoka Softbank Hawks,0,4,2,"0,0,0,0,0,0,0,0,0",4,Kyocera Dome Osaka,,03:03,11380,GAME20120417OBSH0082
2012,2012-04-17,Reg Season,Hokkaido Nippon-Ham Fighters,Away,L,2,Saitama Seibu Lions,2,9,0,"1,0,0,0,0,0,0,0,1",5,Belluna Dome,,02:42,11335,GAME20120417SLNF0081
2012,2012-04-17,Reg Season,Saitama Seibu Lions,Home,W,3,Hokkaido Nippon-Ham Fighters,3,6,0,"0,0,1,0,2,0,0,0,x",5,Belluna Dome,,02:42,11335,GAME20120417SLNF0081
2012,2012-04-18,Reg Season,Yomiuri Giants,Away,L,2,Chunichi Dragons,2,7,1,"0,0,0,0,0,0,0,0,2",5,Vantelin Dome Nagoya,,02:50,28267,GAME20120418CDYG0088
2012,2012-04-18,Reg Season,Chunichi Dragons,Home,W,5,Yomiuri Giants,5,8,0,"0,0,1,0,1,3,0,0,x",5,Vantelin Dome Nagoya,,02:50,28267,GAME20120418CDYG0088
2012,2012-04-18,Reg Season,Yokohama DeNA Baystars,Away,L,1,Hiroshima Toyo Carp,1,4,0,"0,0,0,0,0,0,0,0,1",5,MAZDA Zoom-Zoom Stadium Hiroshima,,02:55,13838,GAME20120418HCDB0090
2012,2012-04-18,Reg Season,Hiroshima Toyo Carp,Home,W,8,Yokohama DeNA Baystars,8,12,1,"2,1,1,1,0,0,0,3,x",5,MAZDA Zoom-Zoom Stadium Hiroshima,,02:55,13838,GAME20120418HCDB0090
2012,2012-04-18,Reg Season,Tokyo Yakult Swallows,Away,W,3,Hanshin Tigers,3,6,0,"0,0,0,1,0,2,0,0,0",4,Hanshin Koshien Stadium,,02:53,37182,GAME20120418HTYS0089
2012,2012-04-18,Reg Season,Hanshin Tigers,Home,L,2,Tokyo Yakult Swallows,2,7,0,"1,0,1,0,0,0,0,0,0",4,Hanshin Koshien Stadium,,02:53,37182,GAME20120418HTYS0089
2012,2012-04-18,Reg Season,Tohoku Rakuten Golden Eagles,Away,L,3,Chiba Lotte Marines,3,5,0,"0,0,0,0,0,1,0,0,2",4,ZOZO Marine Stadium,,03:04,11376,GAME20120418LMRE0087
2012,2012-04-18,Reg Season,Chiba Lotte Marines,Home,W,7,Tohoku Rakuten Golden Eagles,7,9,1,"0,0,4,0,0,0,3,0,x",4,ZOZO Marine Stadium,,03:04,11376,GAME20120418LMRE0087
2012,2012-04-18,Reg Season,Fukuoka Softbank Hawks,Away,L,4,Orix Buffaloes,4,11,2,"2,0,1,0,0,0,0,0,1",5,Kyocera Dome Osaka,,03:39,12155,GAME20120418OBSH0086
2012,2012-04-18,Reg Season,Orix Buffaloes,Home,W,6,Fukuoka Softbank Hawks,6,8,0,"2,0,2,0,0,0,0,2,x",5,Kyocera Dome Osaka,,03:39,12155,GAME20120418OBSH0086
2012,2012-04-19,Reg Season,Yomiuri Giants,Away,L,1,Chunichi Dragons,1,5,0,"0,1,0,0,0,0,0,0,0",6,Vantelin Dome Nagoya,,02:36,27800,GAME20120419CDYG0096
2012,2012-04-19,Reg Season,Chunichi Dragons,Home,W,4,Yomiuri Giants,4,8,0,"1,3,0,0,0,0,0,0,x",6,Vantelin Dome Nagoya,,02:36,27800,GAME20120419CDYG0096
2012,2012-04-19,Reg Season,Yokohama DeNA Baystars,Away,L,1,Hiroshima Toyo Carp,1,4,2,"1,0,0,0,0,0,0,0,0",6,MAZDA Zoom-Zoom Stadium Hiroshima,,03:17,10694,GAME20120419HCDB0094
2012,2012-04-19,Reg Season,Hiroshima Toyo Carp,Home,W,6,Yokohama DeNA Baystars,6,10,0,"0,1,0,0,0,3,0,2,x",6,MAZDA Zoom-Zoom Stadium Hiroshima,,03:17,10694,GAME20120419HCDB0094
2012,2012-04-19,Reg Season,Tokyo Yakult Swallows,Away,L,3,Hanshin Tigers,3,9,0,"0,1,0,0,2,0,0,0,0",5,Hanshin Koshien Stadium,,02:55,34106,GAME20120419HTYS0093
2012,2012-04-19,Reg Season,Hanshin Tigers,Home,W,4,Tokyo Yakult Swallows,4,8,0,"0,2,0,0,0,2,0,0,x",5,Hanshin Koshien Stadium,,02:55,34106,GAME20120419HTYS0093
2012,2012-04-19,Reg Season,Tohoku Rakuten Golden Eagles,Away,W,6,Chiba Lotte Marines,6,8,1,"0,0,0,0,3,0,3,0,0",5,ZOZO Marine Stadium,,03:11,9681,GAME20120419LMRE0095
2012,2012-04-19,Reg Season,Chiba Lotte Marines,Home,L,3,Tohoku Rakuten Golden Eagles,3,9,0,"0,0,0,2,0,1,0,0,0",5,ZOZO Marine Stadium,,03:11,9681,GAME20120419LMRE0095
2012,2012-04-19,Reg Season,Fukuoka Softbank Hawks,Away,L,9,Orix Buffaloes,9,12,0,"0,2,0,0,0,3,2,0,2",6,Kyocera Dome Osaka,,03:51,11315,GAME20120419OBSH0091
2012,2012-04-19,Reg Season,Orix Buffaloes,Home,W,11,Fukuoka Softbank Hawks,11,15,0,"2,0,2,4,0,0,3,0,x",6,Kyocera Dome Osaka,,03:51,11315,GAME20120419OBSH0091
2012,2012-04-19,Reg Season,Hokkaido Nippon-Ham Fighters,Away,W,3,Saitama Seibu Lions,3,5,4,"0,0,0,0,0,2,0,0,1",6,Ojiyama Sports Park Baseball Field,,03:19,14811,GAME20120419SLNF0092
2012,2012-04-19,Reg Season,Saitama Seibu Lions,Home,L,2,Hokkaido Nippon-Ham Fighters,2,3,0,"0,0,1,0,0,0,0,0,1",6,Ojiyama Sports Park Baseball Field,,03:19,14811,GAME20120419SLNF0092
2012,2012-04-20,Reg Season,Hanshin Tigers,Away,L,1,Yokohama DeNA Baystars,1,9,0,"0,0,0,0,0,0,1,0,0",4,Yokohama Stadium,,03:22,11455,GAME20120420DBHT0098
2012,2012-04-20,Reg Season,Yokohama DeNA Baystars,Home,W,3,Hanshin Tigers,3,8,1,"0,0,0,2,0,0,0,1,x",4,Yokohama Stadium,,03:22,11455,GAME20120420DBHT0098
2012,2012-04-20,Reg Season,Chunichi Dragons,Away,W,2,Hiroshima Toyo Carp,2,5,1,"0,0,0,0,0,0,1,0,1",4,MAZDA Zoom-Zoom Stadium Hiroshima,,02:48,12320,GAME20120420HCCD0101
2012,2012-04-20,Reg Season,Hiroshima Toyo Carp,Home,L,0,Chunichi Dragons,0,9,1,"0,0,0,0,0,0,0,0,0",4,MAZDA Zoom-Zoom Stadium Hiroshima,,02:48,12320,GAME20120420HCCD0101
2012,2012-04-20,Reg Season,Saitama Seibu Lions,Away,W,1,Chiba Lotte Marines,1,7,0,"0,0,0,0,0,1,0,0,0",2,ZOZO Marine Stadium,,02:56,9403,GAME20120420LMSL0097
2012,2012-04-20,Reg Season,Chiba Lotte Marines,Home,L,0,Saitama Seibu Lions,0,5,0,"0,0,0,0,0,0,0,0,0",2,ZOZO Marine Stadium,,02:56,9403,GAME20120420LMSL0097
2012,2012-04-20,Reg Season,Hokkaido Nippon-Ham Fighters,Away,W,5,Orix Buffaloes,5,11,0,"0,0,0,0,0,1,4,0,0",4,Kobe Athletic Park Baseball Field,,02:58,11157,GAME20120420OBNF0099
2012,2012-04-20,Reg Season,Orix Buffaloes,Home,L,0,Hokkaido Nippon-Ham Fighters,0,8,1,"0,0,0,0,0,0,0,0,0",4,Kobe Athletic Park Baseball Field,,02:58,11157,GAME20120420OBNF0099
2012,2012-04-20,Reg Season,Yomiuri Giants,Away,L,1,Tokyo Yakult Swallows,1,6,1,"1,0,0,0,0,0,0,0,0",4,Meiji Jingu Stadium,,02:47,16352,GAME20120420YSYG0100
2012,2012-04-20,Reg Season,Tokyo Yakult Swallows,Home,W,2,Yomiuri Giants,2,9,0,"0,1,0,1,0,0,0,0,x",4,Meiji Jingu Stadium,,02:47,16352,GAME20120420YSYG0100
2012,2012-04-21,Reg Season,Hanshin Tigers,Away,L,3,Yokohama DeNA Baystars,3,9,1,"0,0,0,2,0,0,0,0,1",5,Yokohama Stadium,,03:22,21506,GAME20120421DBHT0103
2012,2012-04-21,Reg Season,Yokohama DeNA Baystars,Home,W,4,Hanshin Tigers,4,8,1,"0,0,0,3,0,1,0,0,x",5,Yokohama Stadium,,03:22,21506,GAME20120421DBHT0103
2012,2012-04-21,Reg Season,Chunichi Dragons,Away,W,6,Hiroshima Toyo Carp,6,13,0,"1,0,1,0,1,0,3,0,0",5,MAZDA Zoom-Zoom Stadium Hiroshima,,03:13,18455,GAME20120421HCCD0105
2012,2012-04-21,Reg Season,Hiroshima Toyo Carp,Home,L,1,Chunichi Dragons,1,6,1,"0,1,0,0,0,0,0,0,0",5,MAZDA Zoom-Zoom Stadium Hiroshima,,03:13,18455,GAME20120421HCCD0105
2012,2012-04-21,Reg Season,Saitama Seibu Lions,Away,L,2,Chiba Lotte Marines,2,9,0,"1,0,0,0,0,1,0,0,0",3,ZOZO Marine Stadium,,03:09,17514,GAME20120421LMSL0106
2012,2012-04-21,Reg Season,Chiba Lotte Marines,Home,W,3,Saitama Seibu Lions,3,6,0,"0,3,0,0,0,0,0,0,x",3,ZOZO Marine Stadium,,03:09,17514,GAME20120421LMSL0106
2012,2012-04-21,Reg Season,Hokkaido Nippon-Ham Fighters,Away,W,8,Orix Buffaloes,8,12,0,"0,0,4,0,0,0,2,0,2",5,Kobe Athletic Park Baseball Field,,03:00,14753,GAME20120421OBNF0107
2012,2012-04-21,Reg Season,Orix Buffaloes,Home,L,1,Hokkaido Nippon-Ham Fighters,1,5,2,"0,0,0,1,0,0,0,0,0",5,Kobe Athletic Park Baseball Field,,03:00,14753,GAME20120421OBNF0107
2012,2012-04-21,Reg Season,Tohoku Rakuten Golden Eagles,Away,L,1,Fukuoka Softbank Hawks,1,8,2,"0,1,0,0,0,0,0,0,0",4,Heiwa Lease Baseball Stadium,,03:21,17704,GAME20120421SHRE0102
2012,2012-04-21,Reg Season,Fukuoka Softbank Hawks,Home,W,11,Tohoku Rakuten Golden Eagles,11,14,1,"0,0,2,0,2,1,1,5,x",4,Heiwa Lease Baseball Stadium,,03:21,17704,GAME20120421SHRE0102
2012,2012-04-21,Reg Season,Yomiuri Giants,Away,L,0,Tokyo Yakult Swallows,0,5,1,"0,0,0,0,0,0,0,0,0",5,Meiji Jingu Stadium,,02:30,25405,GAME20120421YSYG0104
2012,2012-04-21,Reg Season,Tokyo Yakult Swallows,Home,W,2,Yomiuri Giants,2,4,0,"2,0,0,0,0,0,0,0,x",5,Meiji Jingu Stadium,,02:30,25405,GAME20120421YSYG0104
2012,2012-04-22,Reg Season,Hanshin Tigers,Away,W,11,Yokohama DeNA Baystars,11,12,0,"4,0,0,0,3,0,4,0,0",6,Yokohama Stadium,,03:16,14171,GAME20120422DBHT0112
2012,2012-04-22,Reg Season,Yokohama DeNA Baystars,Home,L,3,Hanshin Tigers,3,7,0,"0,0,1,2,0,0,0,0,0",6,Yokohama Stadium,,03:16,14171,GAME20120422DBHT0112
2012,2012-04-22,Reg Season,Chunichi Dragons,Away,W,3,Hiroshima Toyo Carp,3,8,0,"1,0,0,1,0,0,0,0,1",6,MAZDA Zoom-Zoom Stadium Hiroshima,,03:08,17954,GAME20120422HCCD0113
2012,2012-04-22,Reg Season,Hiroshima Toyo Carp,Home,L,2,Chunichi Dragons,2,6,1,"0,0,0,0,1,0,0,1,0",6,MAZDA Zoom-Zoom Stadium Hiroshima,,03:08,17954,GAME20120422HCCD0113
2012,2012-04-22,Reg Season,Saitama Seibu Lions,Away,L,4,Chiba Lotte Marines,4,8,0,"0,0,0,1,2,0,1,0,0",4,ZOZO Marine Stadium,,03:27,11074,GAME20120422LMSL0110
2012,2012-04-22,Reg Season,Chiba Lotte Marines,Home,W,6,Saitama Seibu Lions,6,11,1,"0,0,0,0,3,0,0,3,x",4,ZOZO Marine Stadium,,03:27,11074,GAME20120422LMSL0110
2012,2012-04-22,Reg Season,Hokkaido Nippon-Ham Fighters,Away,W,1,Orix Buffaloes,1,3,1,"0,0,0,0,0,0,0,1,0",6,Kobe Athletic Park Baseball Field,,02:29,8359,GAME20120422OBNF0111
2012,2012-04-22,Reg Season,Orix Buffaloes,Home,L,0,Hokkaido Nippon-Ham Fighters,0,3,1,"0,0,0,0,0,0,0,0,0",6,Kobe Athletic Park Baseball Field,,02:29,8359,GAME20120422OBNF0111
2012,2012-04-22,Reg Season,Tohoku Rakuten Golden Eagles,Away,W,1,Fukuoka Softbank Hawks,1,8,0,"0,0,1,0,0,0,0,0,0",5,Lib Work Fujisakidai Stadium,,03:02,14259,GAME20120422SHRE0108
2012,2012-04-22,Reg Season,Fukuoka Softbank Hawks,Home,L,0,Tohoku Rakuten Golden Eagles,0,9,0,"0,0,0,0,0,0,0,0,0",5,Lib Work Fujisakidai Stadium,,03:02,14259,GAME20120422SHRE0108
2012,2012-04-22,Reg Season,Yomiuri Giants,Away,L,2,Tokyo Yakult Swallows,2,3,0,"0,0,0,2,0,0,0,0,0",6,Meiji Jingu Stadium,,02:31,13986,GAME20120422YSYG0109
2012,2012-04-22,Reg Season,Tokyo Yakult Swallows,Home,W,3,Yomiuri Giants,3,8,1,"0,2,0,0,1,0,0,0,x",6,Meiji Jingu Stadium,,02:31,13986,GAME20120422YSYG0109
2012,2012-04-24,Reg Season,Hiroshima Toyo Carp,Away,W,1,Hanshin Tigers,1,3,1,"0,0,0,0,0,0,0,1,0",4,Hanshin Koshien Stadium,,02:46,37634,GAME20120424HTHC0116
2012,2012-04-24,Reg Season,Hanshin Tigers,Home,L,0,Hiroshima Toyo Carp,0,3,1,"0,0,0,0,0,0,0,0,0",4,Hanshin Koshien Stadium,,02:46,37634,GAME20120424HTHC0116
2012,2012-04-24,Reg Season,Chiba Lotte Marines,Away,W,2,Hokkaido Nippon-Ham Fighters,2,9,0,"0,0,0,0,0,1,0,1,0",4,Tokyo Dome,,02:46,19347,GAME20120424NFLM0117
2012,2012-04-24,Reg Season,Hokkaido Nippon-Ham Fighters,Home,L,1,Chiba Lotte Marines,1,7,0,"1,0,0,0,0,0,0,0,0",4,Tokyo Dome,,02:46,19347,GAME20120424NFLM0117
2012,2012-04-24,Reg Season,Orix Buffaloes,Away,L,0,Tohoku Rakuten Golden Eagles,0,6,0,"0,0,0,0,0,0,0,0,0",4,Rakuten Seimei Park Miyagi,,02:47,12736,GAME20120424REOB0115
2012,2012-04-24,Reg Season,Tohoku Rakuten Golden Eagles,Home,W,4,Orix Buffaloes,4,9,0,"0,1,1,1,0,1,0,0,x",4,Rakuten Seimei Park Miyagi,,02:47,12736,GAME20120424REOB0115
2012,2012-04-24,Reg Season,Saitama Seibu Lions,Away,L,0,Fukuoka Softbank Hawks,0,4,1,"0,0,0,0,0,0,0,0,0",4,Mizuho PayPay Dome Fukuoka,,03:04,30705,GAME20120424SHSL0118
2012,2012-04-24,Reg Season,Fukuoka Softbank Hawks,Home,W,1,Saitama Seibu Lions,1,8,0,"1,0,0,0,0,0,0,0,x",4,Mizuho PayPay Dome Fukuoka,,03:04,30705,GAME20120424SHSL0118
2012,2012-04-24,Reg Season,Chunichi Dragons,Away,L,1,Tokyo Yakult Swallows,1,6,1,"0,1,0,0,0,0,0,0,0",4,Meiji Jingu Stadium,,02:50,12941,GAME20120424YSCD0114
2012,2012-04-24,Reg Season,Tokyo Yakult Swallows,Home,W,4,Chunichi Dragons,4,7,0,"2,0,2,0,0,0,0,0,x",4,Meiji Jingu Stadium,,02:50,12941,GAME20120424YSCD0114
2012,2012-04-25,Reg Season,Hiroshima Toyo Carp,Away,L,0,Hanshin Tigers,0,2,0,"0,0,0,0,0,0,0,0,0",5,Hanshin Koshien Stadium,,03:09,37471,GAME20120425HTHC0121
2012,2012-04-25,Reg Season,Hanshin Tigers,Home,W,5,Hiroshima Toyo Carp,5,10,0,"2,0,0,0,3,0,0,0,x",5,Hanshin Koshien Stadium,,03:09,37471,GAME20120425HTHC0121
2012,2012-04-25,Reg Season,Chiba Lotte Marines,Away,L,1,Hokkaido Nippon-Ham Fighters,1,7,0,"1,0,0,0,0,0,0,0,0",5,Tokyo Dome,,02:53,20803,GAME20120425NFLM0120
2012,2012-04-25,Reg Season,Hokkaido Nippon-Ham Fighters,Home,W,5,Chiba Lotte Marines,5,15,0,"2,0,0,2,0,0,1,0,x",5,Tokyo Dome,,02:53,20803,GAME20120425NFLM0120
2012,2012-04-25,Reg Season,Orix Buffaloes,Away,L,4,Tohoku Rakuten Golden Eagles,4,10,0,"0,2,0,0,1,0,1,0,0",5,Rakuten Seimei Park Miyagi,,03:51,12653,GAME20120425REOB0122
2012,2012-04-25,Reg Season,Tohoku Rakuten Golden Eagles,Home,W,7,Orix Buffaloes,7,12,0,"0,0,0,2,1,4,0,0,x",5,Rakuten Seimei Park Miyagi,,03:51,12653,GAME20120425REOB0122
2012,2012-04-25,Reg Season,Saitama Seibu Lions,Away,W,3,Fukuoka Softbank Hawks,3,7,0,"0,0,2,0,0,0,0,1,0",5,Mizuho PayPay Dome Fukuoka,,03:00,29882,GAME20120425SHSL0119
2012,2012-04-25,Reg Season,Fukuoka Softbank Hawks,Home,L,1,Saitama Seibu Lions,1,6,0,"0,0,1,0,0,0,0,0,0",5,Mizuho PayPay Dome Fukuoka,,03:00,29882,GAME20120425SHSL0119
2012,2012-04-25,Reg Season,Chunichi Dragons,Away,T,1,Tokyo Yakult Swallows,1,10,0,"0,0,0,0,0,0,1,0,0,0,0",5,Meiji Jingu Stadium,,03:45,13057,GAME20120425YSCD0123
2012,2012-04-25,Reg Season,Tokyo Yakult Swallows,Home,T,1,Chunichi Dragons,1,11,2,"0,0,1,0,0,0,0,0,0,0,0",5,Meiji Jingu Stadium,,03:45,13057,GAME20120425YSCD0123
2012,2012-04-26,Reg Season,Hiroshima Toyo Carp,Away,L,0,Hanshin Tigers,0,5,1,"0,0,0,0,0,0,0,0,0,0,0",6,Hanshin Koshien Stadium,,03:20,35013,GAME20120426HTHC0129
2012,2012-04-26,Reg Season,Hanshin Tigers,Home,W,1,Hiroshima Toyo Carp,1,5,0,"0,0,0,0,0,0,0,0,0,0,1x",6,Hanshin Koshien Stadium,,03:20,35013,GAME20120426HTHC0129
2012,2012-04-26,Reg Season,Chiba Lotte Marines,Away,L,1,Hokkaido Nippon-Ham Fighters,1,10,0,"1,0,0,0,0,0,0,0,0",6,Tokyo Dome,,02:31,22558,GAME20120426NFLM0125
2012,2012-04-26,Reg Season,Hokkaido Nippon-Ham Fighters,Home,W,2,Chiba Lotte Marines,2,6,0,"0,0,0,1,0,1,0,0,x",6,Tokyo Dome,,02:31,22558,GAME20120426NFLM0125
2012,2012-04-26,Reg Season,Orix Buffaloes,Away,W,5,Tohoku Rakuten Golden Eagles,5,9,1,"0,1,0,2,0,0,0,2,0",6,Rakuten Seimei Park Miyagi,,03:31,10922,GAME20120426REOB0126
2012,2012-04-26,Reg Season,Tohoku Rakuten Golden Eagles,Home,L,4,Orix Buffaloes,4,8,1,"0,0,0,0,1,3,0,0,0",6,Rakuten Seimei Park Miyagi,,03:31,10922,GAME20120426REOB0126
2012,2012-04-26,Reg Season,Saitama Seibu Lions,Away,W,5,Fukuoka Softbank Hawks,5,8,0,"0,0,0,0,1,0,0,0,4",6,Mizuho PayPay Dome Fukuoka,,03:28,35986,GAME20120426SHSL0124
2012,2012-04-26,Reg Season,Fukuoka Softbank Hawks,Home,L,3,Saitama Seibu Lions,3,7,1,"1,0,1,0,0,0,0,1,0",6,Mizuho PayPay Dome Fukuoka,,03:28,35986,GAME20120426SHSL0124
2012,2012-04-26,Reg Season,Yokohama DeNA Baystars,Away,L,3,Yomiuri Giants,3,6,1,"0,0,0,0,3,0,0,0,0",3,Heiwa Lease Baseball Stadium,,03:20,18172,GAME20120426YGDB0128
2012,2012-04-26,Reg Season,Yomiuri Giants,Home,W,15,Yokohama DeNA Baystars,15,15,0,"2,5,3,0,3,0,0,2,x",3,Heiwa Lease Baseball Stadium,,03:20,18172,GAME20120426YGDB0128
2012,2012-04-26,Reg Season,Chunichi Dragons,Away,L,2,Tokyo Yakult Swallows,2,8,1,"1,1,0,0,0,0,0,0,0",6,Meiji Jingu Stadium,,03:13,8119,GAME20120426YSCD0127
2012,2012-04-26,Reg Season,Tokyo Yakult Swallows,Home,W,4,Chunichi Dragons,4,11,1,"1,0,2,0,0,0,0,1,x",6,Meiji Jingu Stadium,,03:13,8119,GAME20120426YSCD0127
2012,2012-04-28,Reg Season,Yokohama DeNA Baystars,Away,L,1,Chunichi Dragons,1,6,0,"0,0,0,0,0,0,0,1,0",3,Vantelin Dome Nagoya,,02:36,30017,GAME20120428CDDB0135
2012,2012-04-28,Reg Season,Chunichi Dragons,Home,W,3,Yokohama DeNA Baystars,3,6,1,"0,1,1,1,0,0,0,0,x",3,Vantelin Dome Nagoya,,02:36,30017,GAME20120428CDDB0135
2012,2012-04-28,Reg Season,Tokyo Yakult Swallows,Away,W,6,Hiroshima Toyo Carp,6,11,0,"0,0,3,0,0,0,0,0,3",3,MAZDA Zoom-Zoom Stadium Hiroshima,,03:48,23131,GAME20120428HCYS0133
2012,2012-04-28,Reg Season,Hiroshima Toyo Carp,Home,L,4,Tokyo Yakult Swallows,4,9,1,"0,0,0,0,0,2,0,2,0",3,MAZDA Zoom-Zoom Stadium Hiroshima,,03:48,23131,GAME20120428HCYS0133
2012,2012-04-28,Reg Season,Fukuoka Softbank Hawks,Away,W,3,Chiba Lotte Marines,3,11,0,"0,0,0,0,0,0,1,1,1",4,ZOZO Marine Stadium,,03:05,18753,GAME20120428LMSH0131
2012,2012-04-28,Reg Season,Chiba Lotte Marines,Home,L,2,Fukuoka Softbank Hawks,2,7,1,"0,1,0,1,0,0,0,0,0",4,ZOZO Marine Stadium,,03:05,18753,GAME20120428LMSH0131
2012,2012-04-28,Reg Season,Saitama Seibu Lions,Away,W,8,Orix Buffaloes,8,10,1,"1,0,0,0,2,0,5,0,0",2,Kyocera Dome Osaka,,03:37,21069,GAME20120428OBSL0130
2012,2012-04-28,Reg Season,Orix Buffaloes,Home,L,4,Saitama Seibu Lions,4,7,3,"0,0,0,0,0,0,1,3,0",2,Kyocera Dome Osaka,,03:37,21069,GAME20120428OBSL0130
2012,2012-04-28,Reg Season,Hokkaido Nippon-Ham Fighters,Away,T,3,Tohoku Rakuten Golden Eagles,3,7,1,"1,0,0,0,0,2,0,0,0,0",4,Rakuten Seimei Park Miyagi,,04:02,18540,GAME20120428RENF0134
2012,2012-04-28,Reg Season,Tohoku Rakuten Golden Eagles,Home,T,3,Hokkaido Nippon-Ham Fighters,3,8,1,"0,0,0,0,3,0,0,0,0,0",4,Rakuten Seimei Park Miyagi,,04:02,18540,GAME20120428RENF0134
2012,2012-04-28,Reg Season,Hanshin Tigers,Away,L,2,Yomiuri Giants,2,9,1,"1,0,0,0,0,0,1,0,0",4,Tokyo Dome,,03:08,44427,GAME20120428YGHT0132
2012,2012-04-28,Reg Season,Yomiuri Giants,Home,W,7,Hanshin Tigers,7,10,0,"3,0,2,2,0,0,0,0,x",4,Tokyo Dome,,03:08,44427,GAME20120428YGHT0132
2012,2012-04-29,Reg Season,Yokohama DeNA Baystars,Away,L,0,Chunichi Dragons,0,3,0,"0,0,0,0,0,0,0,0,0",4,Vantelin Dome Nagoya,,03:15,33764,GAME20120429CDDB0139
2012,2012-04-29,Reg Season,Chunichi Dragons,Home,W,3,Yokohama DeNA Baystars,3,7,0,"0,0,0,1,2,0,0,0,x",4,Vantelin Dome Nagoya,,03:15,33764,GAME20120429CDDB0139
2012,2012-04-29,Reg Season,Tokyo Yakult Swallows,Away,L,0,Hiroshima Toyo Carp,0,2,2,"0,0,0,0,0,0,0,0,0",4,MAZDA Zoom-Zoom Stadium Hiroshima,,02:17,31819,GAME20120429HCYS0141
2012,2012-04-29,Reg Season,Hiroshima Toyo Carp,Home,W,3,Tokyo Yakult Swallows,3,8,0,"1,0,0,0,0,2,0,0,x",4,MAZDA Zoom-Zoom Stadium Hiroshima,,02:17,31819,GAME20120429HCYS0141
2012,2012-04-29,Reg Season,Fukuoka Softbank Hawks,Away,L,1,Chiba Lotte Marines,1,8,1,"0,0,0,0,0,0,0,0,1",5,ZOZO Marine Stadium,,02:39,29589,GAME20120429LMSH0140
2012,2012-04-29,Reg Season,Chiba Lotte Marines,Home,W,2,Fukuoka Softbank Hawks,2,6,1,"1,0,0,1,0,0,0,0,x",5,ZOZO Marine Stadium,,02:39,29589,GAME20120429LMSH0140
2012,2012-04-29,Reg Season,Saitama Seibu Lions,Away,W,3,Orix Buffaloes,3,7,1,"0,1,0,1,0,0,0,0,1",3,Kyocera Dome Osaka,,03:25,22730,GAME20120429OBSL0136
2012,2012-04-29,Reg Season,Orix Buffaloes,Home,L,1,Saitama Seibu Lions,1,10,0,"0,0,0,0,0,1,0,0,0",3,Kyocera Dome Osaka,,03:25,22730,GAME20120429OBSL0136
2012,2012-04-29,Reg Season,Hokkaido Nippon-Ham Fighters,Away,W,4,Tohoku Rakuten Golden Eagles,4,9,0,"0,0,0,1,0,2,0,0,1",5,Rakuten Seimei Park Miyagi,,02:33,19151,GAME20120429RENF0138
2012,2012-04-29,Reg Season,Tohoku Rakuten Golden Eagles,Home,L,0,Hokkaido Nippon-Ham Fighters,0,2,1,"0,0,0,0,0,0,0,0,0",5,Rakuten Seimei Park Miyagi,,02:33,19151,GAME20120429RENF0138
2012,2012-04-29,Reg Season,Hanshin Tigers,Away,L,0,Yomiuri Giants,0,8,0,"0,0,0,0,0,0,0,0,0",5,Tokyo Dome,,02:41,45164,GAME20120429YGHT0137
2012,2012-04-29,Reg Season,Yomiuri Giants,Home,W,2,Hanshin Tigers,2,7,1,"0,1,0,0,0,0,0,1,x",5,Tokyo Dome,,02:41,45164,GAME20120429YGHT0137
2012,2012-04-30,Reg Season,Yokohama DeNA Baystars,Away,L,0,Chunichi Dragons,0,2,0,"0,0,0,0,0,0,0,0,0",5,Vantelin Dome Nagoya,,02:51,30119,GAME20120430CDDB0147
2012,2012-04-30,Reg Season,Chunichi Dragons,Home,W,1,Yokohama DeNA Baystars,1,8,0,"0,0,0,0,0,0,1,0,x",5,Vantelin Dome Nagoya,,02:51,30119,GAME20120430CDDB0147
2012,2012-04-30,Reg Season,Tokyo Yakult Swallows,Away,W,7,Hiroshima Toyo Carp,7,10,1,"0,0,0,0,1,3,3,0,0",5,MAZDA Zoom-Zoom Stadium Hiroshima,,03:11,28469,GAME20120430HCYS0145
2012,2012-04-30,Reg Season,Hiroshima Toyo Carp,Home,L,1,Tokyo Yakult Swallows,1,6,0,"0,0,0,0,0,0,1,0,0",5,MAZDA Zoom-Zoom Stadium Hiroshima,,03:11,28469,GAME20120430HCYS0145
2012,2012-04-30,Reg Season,Fukuoka Softbank Hawks,Away,L,3,Chiba Lotte Marines,3,5,0,"0,0,0,0,3,0,0,0,0",6,ZOZO Marine Stadium,,03:10,27070,GAME20120430LMSH0144
2012,2012-04-30,Reg Season,Chiba Lotte Marines,Home,W,4,Fukuoka Softbank Hawks,4,7,0,"0,0,0,3,1,0,0,0,x",6,ZOZO Marine Stadium,,03:10,27070,GAME20120430LMSH0144
2012,2012-04-30,Reg Season,Saitama Seibu Lions,Away,L,4,Orix Buffaloes,4,6,0,"0,0,0,1,2,1,0,0,0",4,Kyocera Dome Osaka,,03:27,19446,GAME20120430OBSL0142
2012,2012-04-30,Reg Season,Orix Buffaloes,Home,W,5,Saitama Seibu Lions,5,12,0,"0,0,0,0,0,3,1,0,1x",4,Kyocera Dome Osaka,,03:27,19446,GAME20120430OBSL0142
2012,2012-04-30,Reg Season,Hokkaido Nippon-Ham Fighters,Away,L,1,Tohoku Rakuten Golden Eagles,1,4,3,"0,0,0,0,0,1,0,0,0",6,Rakuten Seimei Park Miyagi,,02:48,20139,GAME20120430RENF0143
2012,2012-04-30,Reg Season,Tohoku Rakuten Golden Eagles,Home,W,2,Hokkaido Nippon-Ham Fighters,2,6,0,"0,0,0,0,0,0,2,0,x",6,Rakuten Seimei Park Miyagi,,02:48,20139,GAME20120430RENF0143
2012,2012-04-30,Reg Season,Hanshin Tigers,Away,T,0,Yomiuri Giants,0,3,0,"0,0,0,0,0,0,0,0,0,0,0",6,Tokyo Dome,,03:32,44799,GAME20120430YGHT0146
2012,2012-04-30,Reg Season,Yomiuri Giants,Home,T,0,Hanshin Tigers,0,5,0,"0,0,0,0,0,0,0,0,0,0,0",6,Tokyo Dome,,03:32,44799,GAME20120430YGHT0146
2012,2012-05-01,Reg Season,Hanshin Tigers,Away,L,0,Chunichi Dragons,0,7,0,"0,0,0,0,0,0,0,0,0",4,Vantelin Dome Nagoya,,02:42,29071,GAME20120501CDHT0153
2012,2012-05-01,Reg Season,Chunichi Dragons,Home,W,1,Hanshin Tigers,1,4,0,"0,0,0,0,0,0,0,1,x",4,Vantelin Dome Nagoya,,02:42,29071,GAME20120501CDHT0153
2012,2012-05-01,Reg Season,Tokyo Yakult Swallows,Away,W,7,Yokohama DeNA Baystars,7,15,1,"0,1,0,3,1,0,0,2,0",4,Yokohama Stadium,,03:23,11400,GAME20120501DBYS0149
2012,2012-05-01,Reg Season,Yokohama DeNA Baystars,Home,L,0,Tokyo Yakult Swallows,0,5,1,"0,0,0,0,0,0,0,0,0",4,Yokohama Stadium,,03:23,11400,GAME20120501DBYS0149
2012,2012-05-01,Reg Season,Fukuoka Softbank Hawks,Away,W,5,Hokkaido Nippon-Ham Fighters,5,10,1,"2,0,0,0,0,0,0,0,3",4,Sapporo Dome,,03:01,26801,GAME20120501NFSH0150
2012,2012-05-01,Reg Season,Hokkaido Nippon-Ham Fighters,Home,L,3,Fukuoka Softbank Hawks,3,7,1,"0,1,1,0,0,0,1,0,0",4,Sapporo Dome,,03:01,26801,GAME20120501NFSH0150
2012,2012-05-01,Reg Season,Chiba Lotte Marines,Away,L,1,Orix Buffaloes,1,6,0,"0,0,0,0,1,0,0,0,0",3,Kyocera Dome Osaka,,02:51,12628,GAME20120501OBLM0151
2012,2012-05-01,Reg Season,Orix Buffaloes,Home,W,2,Chiba Lotte Marines,2,5,0,"0,0,0,0,0,0,0,0,2x",3,Kyocera Dome Osaka,,02:51,12628,GAME20120501OBLM0151
2012,2012-05-01,Reg Season,Tohoku Rakuten Golden Eagles,Away,W,4,Saitama Seibu Lions,4,12,0,"0,0,2,0,0,0,0,0,2",2,Belluna Dome,,03:01,14413,GAME20120501SLRE0152
2012,2012-05-01,Reg Season,Saitama Seibu Lions,Home,L,3,Tohoku Rakuten Golden Eagles,3,4,2,"0,0,0,0,0,0,1,0,2",2,Belluna Dome,,03:01,14413,GAME20120501SLRE0152
2012,2012-05-01,Reg Season,Hiroshima Toyo Carp,Away,L,0,Yomiuri Giants,0,3,2,"0,0,0,0,0,0,0,0,0",4,Tokyo Dome,,02:38,38305,GAME20120501YGHC0148
2012,2012-05-01,Reg Season,Yomiuri Giants,Home,W,5,Hiroshima Toyo Carp,5,11,0,"0,0,4,0,0,0,1,0,x",4,Tokyo Dome,,02:38,38305,GAME20120501YGHC0148
2012,2012-05-02,Reg Season,Hanshin Tigers,Away,T,2,Chunichi Dragons,2,10,1,"0,0,0,0,1,0,0,0,0,1",5,Vantelin Dome Nagoya,,03:56,31166,GAME20120502CDHT0157
2012,2012-05-02,Reg Season,Chunichi Dragons,Home,T,2,Hanshin Tigers,2,8,1,"0,0,0,0,0,0,0,1,0,1",5,Vantelin Dome Nagoya,,03:56,31166,GAME20120502CDHT0157
2012,2012-05-02,Reg Season,Fukuoka Softbank Hawks,Away,W,3,Hokkaido Nippon-Ham Fighters,3,9,0,"0,1,0,0,0,0,0,2,0",5,Sapporo Dome,,02:58,23893,GAME20120502NFSH0155
2012,2012-05-02,Reg Season,Hokkaido Nippon-Ham Fighters,Home,L,1,Fukuoka Softbank Hawks,1,8,2,"0,1,0,0,0,0,0,0,0",5,Sapporo Dome,,02:58,23893,GAME20120502NFSH0155
2012,2012-05-02,Reg Season,Chiba Lotte Marines,Away,L,5,Orix Buffaloes,5,12,0,"0,1,0,0,0,3,0,0,1",4,Kyocera Dome Osaka,,03:21,14073,GAME20120502OBLM0158
2012,2012-05-02,Reg Season,Orix Buffaloes,Home,W,7,Chiba Lotte Marines,7,10,2,"0,3,0,1,0,1,2,0,x",4,Kyocera Dome Osaka,,03:21,14073,GAME20120502OBLM0158
2012,2012-05-02,Reg Season,Tohoku Rakuten Golden Eagles,Away,W,12,Saitama Seibu Lions,12,19,1,"2,4,0,0,0,0,1,2,3",3,Belluna Dome,,03:40,15504,GAME20120502SLRE0156
2012,2012-05-02,Reg Season,Saitama Seibu Lions,Home,L,2,Tohoku Rakuten Golden Eagles,2,12,0,"0,0,0,2,0,0,0,0,0",3,Belluna Dome,,03:40,15504,GAME20120502SLRE0156
2012,2012-05-02,Reg Season,Hiroshima Toyo Carp,Away,W,3,Yomiuri Giants,3,7,0,"0,0,0,2,1,0,0,0,0",5,Tokyo Dome,,02:53,40839,GAME20120502YGHC0154
2012,2012-05-02,Reg Season,Yomiuri Giants,Home,L,0,Hiroshima Toyo Carp,0,4,0,"0,0,0,0,0,0,0,0,0",5,Tokyo Dome,,02:53,40839,GAME20120502YGHC0154
2012,2012-05-03,Reg Season,Hanshin Tigers,Away,L,0,Chunichi Dragons,0,5,0,"0,0,0,0,0,0,0,0,0",6,Vantelin Dome Nagoya,,02:51,38318,GAME20120503CDHT0161
2012,2012-05-03,Reg Season,Chunichi Dragons,Home,W,3,Hanshin Tigers,3,11,0,"0,3,0,0,0,0,0,0,x",6,Vantelin Dome Nagoya,,02:51,38318,GAME20120503CDHT0161
2012,2012-05-03,Reg Season,Tokyo Yakult Swallows,Away,L,1,Yokohama DeNA Baystars,1,6,0,"0,0,0,0,0,1,0,0,0",5,Yokohama Stadium,,03:12,14810,GAME20120503DBYS0163
2012,2012-05-03,Reg Season,Yokohama DeNA Baystars,Home,W,3,Tokyo Yakult Swallows,3,8,0,"0,0,2,0,0,0,1,0,x",5,Yokohama Stadium,,03:12,14810,GAME20120503DBYS0163
2012,2012-05-03,Reg Season,Fukuoka Softbank Hawks,Away,W,2,Hokkaido Nippon-Ham Fighters,2,10,0,"0,1,0,0,0,0,0,1,0",6,Sapporo Dome,,02:40,42063,GAME20120503NFSH0160
2012,2012-05-03,Reg Season,Hokkaido Nippon-Ham Fighters,Home,L,0,Fukuoka Softbank Hawks,0,4,0,"0,0,0,0,0,0,0,0,0",6,Sapporo Dome,,02:40,42063,GAME20120503NFSH0160
2012,2012-05-03,Reg Season,Chiba Lotte Marines,Away,W,6,Orix Buffaloes,6,14,1,"0,0,0,1,4,0,0,0,1",5,Kyocera Dome Osaka,,02:44,32457,GAME20120503OBLM0162
2012,2012-05-03,Reg Season,Orix Buffaloes,Home,L,1,Chiba Lotte Marines,1,7,1,"0,0,0,0,0,0,0,1,0",5,Kyocera Dome Osaka,,02:44,32457,GAME20120503OBLM0162
2012,2012-05-03,Reg Season,Tohoku Rakuten Golden Eagles,Away,L,1,Saitama Seibu Lions,1,8,1,"0,0,0,0,0,0,0,1,0",4,Belluna Dome,,02:59,31357,GAME20120503SLRE0164
2012,2012-05-03,Reg Season,Saitama Seibu Lions,Home,W,6,Tohoku Rakuten Golden Eagles,6,12,0,"0,1,2,0,3,0,0,0,x",4,Belluna Dome,,02:59,31357,GAME20120503SLRE0164
2012,2012-05-03,Reg Season,Hiroshima Toyo Carp,Away,L,3,Yomiuri Giants,3,8,2,"0,0,0,3,0,0,0,0,0",6,Tokyo Dome,,03:17,45940,GAME20120503YGHC0159
2012,2012-05-03,Reg Season,Yomiuri Giants,Home,W,4,Hiroshima Toyo Carp,4,8,0,"0,0,3,0,0,0,0,1,x",6,Tokyo Dome,,03:17,45940,GAME20120503YGHC0159
2012,2012-05-04,Reg Season,Chunichi Dragons,Away,T,3,Yokohama DeNA Baystars,3,6,0,"0,0,3,0,0,0,0,0,0",6,Yokohama Stadium,,03:10,25012,GAME20120504DBCD0167
2012,2012-05-04,Reg Season,Yokohama DeNA Baystars,Home,T,3,Chunichi Dragons,3,6,2,"0,0,0,0,0,1,0,0,2",6,Yokohama Stadium,,03:10,25012,GAME20120504DBCD0167
2012,2012-05-04,Reg Season,Yomiuri Giants,Away,W,4,Hanshin Tigers,4,6,0,"1,2,0,0,0,1,0,0,0",7,Hanshin Koshien Stadium,,02:35,46838,GAME20120504HTYG0166
2012,2012-05-04,Reg Season,Hanshin Tigers,Home,L,0,Yomiuri Giants,0,1,1,"0,0,0,0,0,0,0,0,0",7,Hanshin Koshien Stadium,,02:35,46838,GAME20120504HTYG0166
2012,2012-05-04,Reg Season,Orix Buffaloes,Away,L,2,Hokkaido Nippon-Ham Fighters,2,9,1,"0,0,0,0,0,1,1,0,0",7,Sapporo Dome,,03:15,37677,GAME20120504NFOB0169
2012,2012-05-04,Reg Season,Hokkaido Nippon-Ham Fighters,Home,W,9,Orix Buffaloes,9,15,0,"0,0,5,0,3,0,1,0,x",7,Sapporo Dome,,03:15,37677,GAME20120504NFOB0169
2012,2012-05-04,Reg Season,Tohoku Rakuten Golden Eagles,Away,W,5,Fukuoka Softbank Hawks,5,8,0,"2,0,1,2,0,0,0,0,0",6,Mizuho PayPay Dome Fukuoka,,03:17,36686,GAME20120504SHRE0170
2012,2012-05-04,Reg Season,Fukuoka Softbank Hawks,Home,L,0,Tohoku Rakuten Golden Eagles,0,6,1,"0,0,0,0,0,0,0,0,0",6,Mizuho PayPay Dome Fukuoka,,03:17,36686,GAME20120504SHRE0170
2012,2012-05-04,Reg Season,Chiba Lotte Marines,Away,W,3,Saitama Seibu Lions,3,8,1,"0,0,0,1,0,0,1,1,0",5,Belluna Dome,,03:08,29556,GAME20120504SLLM0168
2012,2012-05-04,Reg Season,Saitama Seibu Lions,Home,L,2,Chiba Lotte Marines,2,6,2,"0,1,0,0,0,1,0,0,0",5,Belluna Dome,,03:08,29556,GAME20120504SLLM0168
2012,2012-05-04,Reg Season,Hiroshima Toyo Carp,Away,L,4,Tokyo Yakult Swallows,4,8,1,"0,0,3,1,0,0,0,0,0",6,Meiji Jingu Stadium,,03:02,33866,GAME20120504YSHC0165
2012,2012-05-04,Reg Season,Tokyo Yakult Swallows,Home,W,8,Hiroshima Toyo Carp,8,14,0,"0,4,2,1,1,0,0,0,x",6,Meiji Jingu Stadium,,03:02,33866,GAME20120504YSHC0165
2012,2012-05-05,Reg Season,Chunichi Dragons,Away,L,1,Yokohama DeNA Baystars,1,8,0,"0,0,0,0,0,0,0,1,0",7,Yokohama Stadium,,02:59,27053,GAME20120505DBCD0172
2012,2012-05-05,Reg Season,Yokohama DeNA Baystars,Home,W,12,Chunichi Dragons,12,15,0,"4,0,0,3,2,0,0,3,x",7,Yokohama Stadium,,02:59,27053,GAME20120505DBCD0172
2012,2012-05-05,Reg Season,Yomiuri Giants,Away,L,1,Hanshin Tigers,1,10,0,"0,0,0,0,1,0,0,0,0",8,Hanshin Koshien Stadium,,03:04,46826,GAME20120505HTYG0175
2012,2012-05-05,Reg Season,Hanshin Tigers,Home,W,2,Yomiuri Giants,2,8,0,"1,0,0,1,0,0,0,0,x",8,Hanshin Koshien Stadium,,03:04,46826,GAME20120505HTYG0175
2012,2012-05-05,Reg Season,Orix Buffaloes,Away,W,5,Hokkaido Nippon-Ham Fighters,5,9,1,"1,0,0,0,0,0,3,0,1",8,Sapporo Dome,,03:53,31100,GAME20120505NFOB0173
2012,2012-05-05,Reg Season,Hokkaido Nippon-Ham Fighters,Home,L,4,Orix Buffaloes,4,9,0,"0,0,0,1,0,0,2,1,0",8,Sapporo Dome,,03:53,31100,GAME20120505NFOB0173
2012,2012-05-05,Reg Season,Tohoku Rakuten Golden Eagles,Away,L,3,Fukuoka Softbank Hawks,3,7,0,"0,1,0,0,0,0,0,2,0",7,Mizuho PayPay Dome Fukuoka,,03:02,37877,GAME20120505SHRE0174
2012,2012-05-05,Reg Season,Fukuoka Softbank Hawks,Home,W,4,Tohoku Rakuten Golden Eagles,4,9,2,"0,0,1,0,0,3,0,0,x",7,Mizuho PayPay Dome Fukuoka,,03:02,37877,GAME20120505SHRE0174
2012,2012-05-05,Reg Season,Chiba Lotte Marines,Away,W,4,Saitama Seibu Lions,4,6,1,"0,2,0,0,2,0,0,0,0",6,Belluna Dome,,02:52,32076,GAME20120505SLLM0176
2012,2012-05-05,Reg Season,Saitama Seibu Lions,Home,L,2,Chiba Lotte Marines,2,9,0,"1,1,0,0,0,0,0,0,0",6,Belluna Dome,,02:52,32076,GAME20120505SLLM0176
2012,2012-05-05,Reg Season,Hiroshima Toyo Carp,Away,L,1,Tokyo Yakult Swallows,1,5,1,"0,0,0,0,0,1,0,0,0",7,Meiji Jingu Stadium,,02:49,33089,GAME20120505YSHC0171
2012,2012-05-05,Reg Season,Tokyo Yakult Swallows,Home,W,4,Hiroshima Toyo Carp,4,10,0,"0,0,1,0,1,1,1,0,x",7,Meiji Jingu Stadium,,02:49,33089,GAME20120505YSHC0171
2012,2012-05-06,Reg Season,Chunichi Dragons,Away,L,2,Yokohama DeNA Baystars,2,8,1,"0,0,0,0,0,2,0,0,0",8,Yokohama Stadium,,03:21,17120,GAME20120506DBCD0181
2012,2012-05-06,Reg Season,Yokohama DeNA Baystars,Home,W,4,Chunichi Dragons,4,8,0,"3,0,1,0,0,0,0,0,x",8,Yokohama Stadium,,03:21,17120,GAME20120506DBCD0181
2012,2012-05-06,Reg Season,Yomiuri Giants,Away,W,2,Hanshin Tigers,2,7,0,"0,2,0,0,0,0,0,0,0",9,Hanshin Koshien Stadium,,03:23,46701,GAME20120506HTYG0179
2012,2012-05-06,Reg Season,Hanshin Tigers,Home,L,1,Yomiuri Giants,1,9,1,"0,0,0,0,0,0,0,0,1",9,Hanshin Koshien Stadium,,03:23,46701,GAME20120506HTYG0179
2012,2012-05-06,Reg Season,Orix Buffaloes,Away,L,2,Hokkaido Nippon-Ham Fighters,2,6,1,"0,0,0,0,0,2,0,0,0",9,Sapporo Dome,,03:00,24106,GAME20120506NFOB0178
2012,2012-05-06,Reg Season,Hokkaido Nippon-Ham Fighters,Home,W,3,Orix Buffaloes,3,8,0,"0,0,0,0,2,1,0,0,x",9,Sapporo Dome,,03:00,24106,GAME20120506NFOB0178
2012,2012-05-06,Reg Season,Tohoku Rakuten Golden Eagles,Away,L,3,Fukuoka Softbank Hawks,3,8,0,"1,0,0,0,0,0,2,0,0",8,Mizuho PayPay Dome Fukuoka,,03:09,35385,GAME20120506SHRE0182
2012,2012-05-06,Reg Season,Fukuoka Softbank Hawks,Home,W,7,Tohoku Rakuten Golden Eagles,7,10,0,"2,1,0,1,0,2,1,0,x",8,Mizuho PayPay Dome Fukuoka,,03:09,35385,GAME20120506SHRE0182
2012,2012-05-06,Reg Season,Chiba Lotte Marines,Away,T,4,Saitama Seibu Lions,4,9,1,"0,4,0,0,0,0,0,0,0",7,Belluna Dome,,03:42,26891,GAME20120506SLLM0180
2012,2012-05-06,Reg Season,Saitama Seibu Lions,Home,T,4,Chiba Lotte Marines,4,9,1,"1,0,0,3,0,0,0,0,0",7,Belluna Dome,,03:42,26891,GAME20120506SLLM0180
2012,2012-05-06,Reg Season,Hiroshima Toyo Carp,Away,W,6,Tokyo Yakult Swallows,6,14,1,"0,0,0,0,1,2,0,0,3",8,Meiji Jingu Stadium,,03:10,15885,GAME20120506YSHC0177
2012,2012-05-06,Reg Season,Tokyo Yakult Swallows,Home,L,0,Hiroshima Toyo Carp,0,3,1,"0,0,0,0,0,0,0,0,0",8,Meiji Jingu Stadium,,03:10,15885,GAME20120506YSHC0177
2012,2012-05-08,Reg Season,Tokyo Yakult Swallows,Away,L,0,Chunichi Dragons,0,3,1,"0,0,0,0,0,0,0,0,0",7,Toyohashi Baseball Field,,02:34,10154,GAME20120508CDYS0185
2012,2012-05-08,Reg Season,Chunichi Dragons,Home,W,1,Tokyo Yakult Swallows,1,6,0,"0,0,1,0,0,0,0,0,x",7,Toyohashi Baseball Field,,02:34,10154,GAME20120508CDYS0185
2012,2012-05-08,Reg Season,Hanshin Tigers,Away,W,8,Hiroshima Toyo Carp,8,11,1,"0,0,3,0,0,3,0,2,0",7,HARD OFF ECO Stadium Niigata,,03:36,18290,GAME20120508HCHT0184
2012,2012-05-08,Reg Season,Hiroshima Toyo Carp,Home,L,6,Hanshin Tigers,6,9,0,"0,2,0,1,2,0,1,0,0",7,HARD OFF ECO Stadium Niigata,,03:36,18290,GAME20120508HCHT0184
2012,2012-05-08,Reg Season,Hokkaido Nippon-Ham Fighters,Away,W,9,Chiba Lotte Marines,9,14,2,"0,0,0,0,0,8,0,1,0",7,ZOZO Marine Stadium,,03:07,10756,GAME20120508LMNF0188
2012,2012-05-08,Reg Season,Chiba Lotte Marines,Home,L,7,Hokkaido Nippon-Ham Fighters,7,13,0,"0,0,1,0,0,1,1,3,1",7,ZOZO Marine Stadium,,03:07,10756,GAME20120508LMNF0188
2012,2012-05-08,Reg Season,Fukuoka Softbank Hawks,Away,L,2,Orix Buffaloes,2,8,0,"0,0,1,1,0,0,0,0,0",7,Kobe Athletic Park Baseball Field,,03:34,8015,GAME20120508OBSH0186
2012,2012-05-08,Reg Season,Orix Buffaloes,Home,W,3,Fukuoka Softbank Hawks,3,11,1,"0,0,0,0,3,0,0,0,x",7,Kobe Athletic Park Baseball Field,,03:34,8015,GAME20120508OBSH0186
2012,2012-05-08,Reg Season,Saitama Seibu Lions,Away,W,2,Tohoku Rakuten Golden Eagles,2,8,1,"0,0,0,0,1,1,0,0,0",5,Rakuten Seimei Park Miyagi,,02:49,14835,GAME20120508RESL0187
2012,2012-05-08,Reg Season,Tohoku Rakuten Golden Eagles,Home,L,1,Saitama Seibu Lions,1,5,1,"0,0,1,0,0,0,0,0,0",5,Rakuten Seimei Park Miyagi,,02:49,14835,GAME20120508RESL0187
2012,2012-05-08,Reg Season,Yokohama DeNA Baystars,Away,T,7,Yomiuri Giants,7,14,2,"0,0,0,0,1,2,0,1,3",4,Ube Municipal Baseball Stadium,,03:40,17412,GAME20120508YGDB0183
2012,2012-05-08,Reg Season,Yomiuri Giants,Home,T,7,Yokohama DeNA Baystars,7,9,2,"2,1,0,3,0,1,0,0,0",4,Ube Municipal Baseball Stadium,,03:40,17412,GAME20120508YGDB0183
2012,2012-05-09,Reg Season,Tokyo Yakult Swallows,Away,L,3,Chunichi Dragons,3,7,0,"0,0,1,0,0,0,2,0,0",8,Gifu Prefectural Baseball Stadium,,03:11,10367,GAME20120509CDYS0190
2012,2012-05-09,Reg Season,Chunichi Dragons,Home,W,8,Tokyo Yakult Swallows,8,17,0,"3,0,2,2,0,0,0,1,x",8,Gifu Prefectural Baseball Stadium,,03:11,10367,GAME20120509CDYS0190
2012,2012-05-09,Reg Season,Hanshin Tigers,Away,W,6,Hiroshima Toyo Carp,6,13,1,"0,0,0,0,0,0,5,0,1",8,HARD OFF ECO Stadium Niigata,,03:29,18070,GAME20120509HCHT0193
2012,2012-05-09,Reg Season,Hiroshima Toyo Carp,Home,L,2,Hanshin Tigers,2,4,1,"0,0,0,0,0,1,0,0,1",8,HARD OFF ECO Stadium Niigata,,03:29,18070,GAME20120509HCHT0193
2012,2012-05-09,Reg Season,Hokkaido Nippon-Ham Fighters,Away,L,1,Chiba Lotte Marines,1,7,0,"0,0,0,0,1",8,ZOZO Marine Stadium,,01:29,6849,GAME20120509LMNF0192
2012,2012-05-09,Reg Season,Chiba Lotte Marines,Home,W,4,Hokkaido Nippon-Ham Fighters,4,9,1,"3,0,1,0,0x",8,ZOZO Marine Stadium,,01:29,6849,GAME20120509LMNF0192
2012,2012-05-09,Reg Season,Fukuoka Softbank Hawks,Away,W,1,Orix Buffaloes,1,4,0,"0,0,1,0,0,0,0,0,0",8,Kobe Athletic Park Baseball Field,,03:06,9153,GAME20120509OBSH0194
2012,2012-05-09,Reg Season,Orix Buffaloes,Home,L,0,Fukuoka Softbank Hawks,0,7,0,"0,0,0,0,0,0,0,0,0",8,Kobe Athletic Park Baseball Field,,03:06,9153,GAME20120509OBSH0194
2012,2012-05-09,Reg Season,Saitama Seibu Lions,Away,L,0,Tohoku Rakuten Golden Eagles,0,7,1,"0,0,0,0,0,0,0,0,0",6,Rakuten Seimei Park Miyagi,,02:36,13875,GAME20120509RESL0191
2012,2012-05-09,Reg Season,Tohoku Rakuten Golden Eagles,Home,W,1,Saitama Seibu Lions,1,5,0,"0,0,0,1,0,0,0,0,x",6,Rakuten Seimei Park Miyagi,,02:36,13875,GAME20120509RESL0191
2012,2012-05-09,Reg Season,Yokohama DeNA Baystars,Away,L,5,Yomiuri Giants,5,9,0,"2,0,0,0,0,0,0,3,0",5,Tokyo Dome,,03:28,35593,GAME20120509YGDB0189
2012,2012-05-09,Reg Season,Yomiuri Giants,Home,W,8,Yokohama DeNA Baystars,8,12,0,"1,0,2,0,3,2,0,0,x",5,Tokyo Dome,,03:28,35593,GAME20120509YGDB0189
2012,2012-05-10,Reg Season,Tokyo Yakult Swallows,Away,W,3,Chunichi Dragons,3,5,0,"0,0,0,0,0,0,0,3,0",9,Vantelin Dome Nagoya,,02:48,25399,GAME20120510CDYS0196
2012,2012-05-10,Reg Season,Chunichi Dragons,Home,L,1,Tokyo Yakult Swallows,1,9,0,"0,0,0,0,0,1,0,0,0",9,Vantelin Dome Nagoya,,02:48,25399,GAME20120510CDYS0196
2012,2012-05-10,Reg Season,Fukuoka Softbank Hawks,Away,T,6,Orix Buffaloes,6,8,0,"0,0,1,0,0,2,0,0,3,0",9,Kobe Athletic Park Baseball Field,,03:36,12476,GAME20120510OBSH0198
2012,2012-05-10,Reg Season,Orix Buffaloes,Home,T,6,Fukuoka Softbank Hawks,6,9,1,"1,0,0,4,0,0,1,0,0,0",9,Kobe Athletic Park Baseball Field,,03:36,12476,GAME20120510OBSH0198
2012,2012-05-10,Reg Season,Saitama Seibu Lions,Away,L,7,Tohoku Rakuten Golden Eagles,7,11,0,"0,0,0,2,2,1,2,0,0",7,Rakuten Seimei Park Miyagi,,03:37,12605,GAME20120510RESL0197
2012,2012-05-10,Reg Season,Tohoku Rakuten Golden Eagles,Home,W,8,Saitama Seibu Lions,8,12,0,"0,4,2,0,0,0,0,2,x",7,Rakuten Seimei Park Miyagi,,03:37,12605,GAME20120510RESL0197
2012,2012-05-10,Reg Season,Yokohama DeNA Baystars,Away,T,1,Yomiuri Giants,1,6,0,"0,0,0,0,0,0,0,1,0",6,Tokyo Dome,,03:31,38224,GAME20120510YGDB0195
2012,2012-05-10,Reg Season,Yomiuri Giants,Home,T,1,Yokohama DeNA Baystars,1,7,0,"0,0,1,0,0,0,0,0,0",6,Tokyo Dome,,03:31,38224,GAME20120510YGDB0195
2012,2012-05-11,Reg Season,Hanshin Tigers,Away,W,3,Yokohama DeNA Baystars,3,7,0,"0,3,0,0,0,0,0,0,0",7,Yokohama Stadium,,02:51,15294,GAME20120511DBHT0200
2012,2012-05-11,Reg Season,Yokohama DeNA Baystars,Home,L,1,Hanshin Tigers,1,6,0,"0,0,0,0,0,0,0,1,0",7,Yokohama Stadium,,02:51,15294,GAME20120511DBHT0200
2012,2012-05-11,Reg Season,Chunichi Dragons,Away,L,0,Hiroshima Toyo Carp,0,6,0,"0,0,0,0,0,0,0,0,0",7,MAZDA Zoom-Zoom Stadium Hiroshima,,02:51,13902,GAME20120511HCCD0202
2012,2012-05-11,Reg Season,Hiroshima Toyo Carp,Home,W,1,Chunichi Dragons,1,7,1,"0,1,0,0,0,0,0,0,x",7,MAZDA Zoom-Zoom Stadium Hiroshima,,02:51,13902,GAME20120511HCCD0202
2012,2012-05-11,Reg Season,Fukuoka Softbank Hawks,Away,L,4,Chiba Lotte Marines,4,9,2,"0,0,2,0,0,1,0,1,0",7,ZOZO Marine Stadium,,03:23,12370,GAME20120511LMSH0201
2012,2012-05-11,Reg Season,Chiba Lotte Marines,Home,W,6,Fukuoka Softbank Hawks,6,8,1,"2,2,0,0,0,0,2,0,x",7,ZOZO Marine Stadium,,03:23,12370,GAME20120511LMSH0201
2012,2012-05-11,Reg Season,Tohoku Rakuten Golden Eagles,Away,W,3,Orix Buffaloes,3,10,2,"2,0,0,0,1,0,0,0,0",7,Kyocera Dome Osaka,,03:20,13460,GAME20120511OBRE0199
2012,2012-05-11,Reg Season,Orix Buffaloes,Home,L,2,Tohoku Rakuten Golden Eagles,2,7,0,"0,0,1,0,0,0,0,1,0",7,Kyocera Dome Osaka,,03:20,13460,GAME20120511OBRE0199
2012,2012-05-12,Reg Season,Hanshin Tigers,Away,L,1,Yokohama DeNA Baystars,1,2,0,"0,0,0,0,0,0,0,0,1",8,Yokohama Stadium,,02:28,21670,GAME20120512DBHT0206
2012,2012-05-12,Reg Season,Yokohama DeNA Baystars,Home,W,2,Hanshin Tigers,2,9,0,"0,0,0,0,0,2,0,0,x",8,Yokohama Stadium,,02:28,21670,GAME20120512DBHT0206
2012,2012-05-12,Reg Season,Chunichi Dragons,Away,W,3,Hiroshima Toyo Carp,3,6,0,"0,0,0,0,1,0,1,1,0",8,MAZDA Zoom-Zoom Stadium Hiroshima,,03:00,20723,GAME20120512HCCD0205
2012,2012-05-12,Reg Season,Hiroshima Toyo Carp,Home,L,0,Chunichi Dragons,0,5,0,"0,0,0,0,0,0,0,0,0",8,MAZDA Zoom-Zoom Stadium Hiroshima,,03:00,20723,GAME20120512HCCD0205
2012,2012-05-12,Reg Season,Fukuoka Softbank Hawks,Away,L,2,Chiba Lotte Marines,2,8,0,"0,0,0,0,0,0,0,2,0,0,0",8,ZOZO Marine Stadium,,03:20,18801,GAME20120512LMSH0203
2012,2012-05-12,Reg Season,Chiba Lotte Marines,Home,W,3,Fukuoka Softbank Hawks,3,4,0,"2,0,0,0,0,0,0,0,0,0,1x",8,ZOZO Marine Stadium,,03:20,18801,GAME20120512LMSH0203
2012,2012-05-12,Reg Season,Saitama Seibu Lions,Away,W,9,Hokkaido Nippon-Ham Fighters,9,10,1,"4,5,0,0,0,0,0,0,0",7,Chiyogadai Baseball Stadium,,03:30,20308,GAME20120512NFSL0204
2012,2012-05-12,Reg Season,Hokkaido Nippon-Ham Fighters,Home,L,8,Saitama Seibu Lions,8,16,3,"1,0,0,0,0,0,2,2,3",7,Chiyogadai Baseball Stadium,,03:30,20308,GAME20120512NFSL0204
2012,2012-05-12,Reg Season,Tohoku Rakuten Golden Eagles,Away,W,2,Orix Buffaloes,2,6,2,"0,0,0,1,0,0,0,1,0",8,Kyocera Dome Osaka,,03:18,18208,GAME20120512OBRE0207
2012,2012-05-12,Reg Season,Orix Buffaloes,Home,L,1,Tohoku Rakuten Golden Eagles,1,6,1,"0,0,0,0,0,1,0,0,0",8,Kyocera Dome Osaka,,03:18,18208,GAME20120512OBRE0207
2012,2012-05-12,Reg Season,Yomiuri Giants,Away,T,1,Tokyo Yakult Swallows,1,8,1,"0,0,0,0,0,0,1,0,0,0",7,Komachi Stadium,,03:39,20848,GAME20120512YSYG0208
2012,2012-05-12,Reg Season,Tokyo Yakult Swallows,Home,T,1,Yomiuri Giants,1,7,0,"0,0,0,0,0,0,1,0,0,0",7,Komachi Stadium,,03:39,20848,GAME20120512YSYG0208
2012,2012-05-13,Reg Season,Hanshin Tigers,Away,W,8,Yokohama DeNA Baystars,8,6,1,"4,2,0,0,0,0,0,0,2",9,Yokohama Stadium,,03:24,21953,GAME20120513DBHT0214
2012,2012-05-13,Reg Season,Yokohama DeNA Baystars,Home,L,3,Hanshin Tigers,3,9,1,"0,0,0,0,3,0,0,0,0",9,Yokohama Stadium,,03:24,21953,GAME20120513DBHT0214
2012,2012-05-13,Reg Season,Chunichi Dragons,Away,T,6,Hiroshima Toyo Carp,6,10,0,"2,0,0,0,2,2,0,0,0",9,MAZDA Zoom-Zoom Stadium Hiroshima,,03:30,22041,GAME20120513HCCD0210
2012,2012-05-13,Reg Season,Hiroshima Toyo Carp,Home,T,6,Chunichi Dragons,6,9,0,"1,4,0,0,0,0,0,1,0",9,MAZDA Zoom-Zoom Stadium Hiroshima,,03:30,22041,GAME20120513HCCD0210
2012,2012-05-13,Reg Season,Fukuoka Softbank Hawks,Away,L,2,Chiba Lotte Marines,2,14,0,"0,0,0,0,2,0,0,0,0",9,ZOZO Marine Stadium,,03:22,19885,GAME20120513LMSH0209
2012,2012-05-13,Reg Season,Chiba Lotte Marines,Home,W,3,Fukuoka Softbank Hawks,3,5,0,"0,2,0,0,0,1,0,0,x",9,ZOZO Marine Stadium,,03:22,19885,GAME20120513LMSH0209
2012,2012-05-13,Reg Season,Saitama Seibu Lions,Away,W,4,Hokkaido Nippon-Ham Fighters,4,6,0,"0,0,0,1,0,3,0,0,0",8,Chiyogadai Baseball Stadium,,03:30,20319,GAME20120513NFSL0213
2012,2012-05-13,Reg Season,Hokkaido Nippon-Ham Fighters,Home,L,3,Saitama Seibu Lions,3,9,2,"0,0,0,0,0,0,3,0,0",8,Chiyogadai Baseball Stadium,,03:30,20319,GAME20120513NFSL0213
2012,2012-05-13,Reg Season,Tohoku Rakuten Golden Eagles,Away,W,4,Orix Buffaloes,4,9,0,"0,0,1,0,0,0,0,3,0",9,Kyocera Dome Osaka,,02:59,20732,GAME20120513OBRE0211
2012,2012-05-13,Reg Season,Orix Buffaloes,Home,L,1,Tohoku Rakuten Golden Eagles,1,5,0,"0,0,0,1,0,0,0,0,0",9,Kyocera Dome Osaka,,02:59,20732,GAME20120513OBRE0211
2012,2012-05-13,Reg Season,Yomiuri Giants,Away,W,5,Tokyo Yakult Swallows,5,10,0,"0,2,0,0,0,0,0,0,3",8,Komachi Stadium,,03:30,18259,GAME20120513YSYG0212
2012,2012-05-13,Reg Season,Tokyo Yakult Swallows,Home,L,1,Yomiuri Giants,1,8,1,"0,0,0,0,0,0,0,1,0",8,Komachi Stadium,,03:30,18259,GAME20120513YSYG0212
2012,2012-05-16,Reg Season,Chiba Lotte Marines,Away,W,3,Chunichi Dragons,3,10,1,"1,0,0,0,0,0,0,0,2",1,Vantelin Dome Nagoya,,02:38,24848,GAME20120516CDLM0217
2012,2012-05-16,Reg Season,Chunichi Dragons,Home,L,1,Chiba Lotte Marines,1,5,0,"0,0,0,0,0,0,0,0,1",1,Vantelin Dome Nagoya,,02:38,24848,GAME20120516CDLM0217
2012,2012-05-16,Reg Season,Saitama Seibu Lions,Away,W,3,Yokohama DeNA Baystars,3,9,1,"0,1,0,0,0,0,0,2,0",1,Yokohama Stadium,,03:29,14069,GAME20120516DBSL0219
2012,2012-05-16,Reg Season,Yokohama DeNA Baystars,Home,L,1,Saitama Seibu Lions,1,5,0,"0,0,0,0,0,0,1,0,0",1,Yokohama Stadium,,03:29,14069,GAME20120516DBSL0219
2012,2012-05-16,Reg Season,Tohoku Rakuten Golden Eagles,Away,W,1,Hiroshima Toyo Carp,1,7,0,"0,0,0,0,0,0,0,0,0,0,1",1,MAZDA Zoom-Zoom Stadium Hiroshima,,03:22,17244,GAME20120516HCRE0216
2012,2012-05-16,Reg Season,Hiroshima Toyo Carp,Home,L,0,Tohoku Rakuten Golden Eagles,0,1,0,"0,0,0,0,0,0,0,0,0,0,0",1,MAZDA Zoom-Zoom Stadium Hiroshima,,03:22,17244,GAME20120516HCRE0216
2012,2012-05-16,Reg Season,Hokkaido Nippon-Ham Fighters,Away,W,3,Hanshin Tigers,3,10,1,"1,0,1,0,0,0,0,0,1",1,Hanshin Koshien Stadium,,03:21,39068,GAME20120516HTNF0215
2012,2012-05-16,Reg Season,Hanshin Tigers,Home,L,1,Hokkaido Nippon-Ham Fighters,1,5,0,"0,0,0,0,0,1,0,0,0",1,Hanshin Koshien Stadium,,03:21,39068,GAME20120516HTNF0215
2012,2012-05-16,Reg Season,Orix Buffaloes,Away,L,0,Yomiuri Giants,0,3,1,"0,0,0,0,0,0,0,0,0",1,Tokyo Dome,,02:49,45362,GAME20120516YGOB0220
2012,2012-05-16,Reg Season,Yomiuri Giants,Home,W,6,Orix Buffaloes,6,10,0,"5,0,0,0,1,0,0,0,x",1,Tokyo Dome,,02:49,45362,GAME20120516YGOB0220
2012,2012-05-16,Reg Season,Fukuoka Softbank Hawks,Away,L,3,Tokyo Yakult Swallows,3,10,2,"2,0,0,0,1,0,0,0,0",1,Meiji Jingu Stadium,,03:21,18156,GAME20120516YSSH0218
2012,2012-05-16,Reg Season,Tokyo Yakult Swallows,Home,W,14,Fukuoka Softbank Hawks,14,15,0,"2,2,1,0,1,2,2,4,x",1,Meiji Jingu Stadium,,03:21,18156,GAME20120516YSSH0218
2012,2012-05-17,Reg Season,Chiba Lotte Marines,Away,T,3,Chunichi Dragons,3,7,1,"0,0,0,2,0,0,0,0,1,0",2,Vantelin Dome Nagoya,,03:31,23804,GAME20120517CDLM0222
2012,2012-05-17,Reg Season,Chunichi Dragons,Home,T,3,Chiba Lotte Marines,3,12,1,"1,0,1,0,1,0,0,0,0,0",2,Vantelin Dome Nagoya,,03:31,23804,GAME20120517CDLM0222
2012,2012-05-17,Reg Season,Saitama Seibu Lions,Away,W,3,Yokohama DeNA Baystars,3,8,0,"3,0,0,0,0,0,0,0,0",2,Yokohama Stadium,,02:38,11685,GAME20120517DBSL0223
2012,2012-05-17,Reg Season,Yokohama DeNA Baystars,Home,L,0,Saitama Seibu Lions,0,4,1,"0,0,0,0,0,0,0,0,0",2,Yokohama Stadium,,02:38,11685,GAME20120517DBSL0223
2012,2012-05-17,Reg Season,Tohoku Rakuten Golden Eagles,Away,L,1,Hiroshima Toyo Carp,1,4,0,"1,0,0,0,0,0,0,0,0",2,MAZDA Zoom-Zoom Stadium Hiroshima,,03:19,14862,GAME20120517HCRE0225
2012,2012-05-17,Reg Season,Hiroshima Toyo Carp,Home,W,4,Tohoku Rakuten Golden Eagles,4,7,1,"0,2,0,0,1,0,0,1,x",2,MAZDA Zoom-Zoom Stadium Hiroshima,,03:19,14862,GAME20120517HCRE0225
2012,2012-05-17,Reg Season,Hokkaido Nippon-Ham Fighters,Away,W,4,Hanshin Tigers,4,7,0,"0,0,1,0,0,3,0,0,0",2,Hanshin Koshien Stadium,,03:13,35303,GAME20120517HTNF0221
2012,2012-05-17,Reg Season,Hanshin Tigers,Home,L,1,Hokkaido Nippon-Ham Fighters,1,8,1,"0,0,0,0,0,0,0,1,0",2,Hanshin Koshien Stadium,,03:13,35303,GAME20120517HTNF0221
2012,2012-05-17,Reg Season,Orix Buffaloes,Away,L,2,Yomiuri Giants,2,6,0,"1,0,0,0,0,1,0,0,0",2,Tokyo Dome,,03:13,45997,GAME20120517YGOB0224
2012,2012-05-17,Reg Season,Yomiuri Giants,Home,W,4,Orix Buffaloes,4,13,1,"1,0,0,0,0,2,0,1,x",2,Tokyo Dome,,03:13,45997,GAME20120517YGOB0224
2012,2012-05-17,Reg Season,Fukuoka Softbank Hawks,Away,W,9,Tokyo Yakult Swallows,9,16,1,"0,0,3,0,0,2,2,0,2",2,Meiji Jingu Stadium,,03:41,15448,GAME20120517YSSH0226
2012,2012-05-17,Reg Season,Tokyo Yakult Swallows,Home,L,1,Fukuoka Softbank Hawks,1,8,0,"0,0,0,0,0,0,0,0,1",2,Meiji Jingu Stadium,,03:41,15448,GAME20120517YSSH0226
2012,2012-05-19,Reg Season,Saitama Seibu Lions,Away,L,2,Chunichi Dragons,2,6,0,"0,0,0,0,0,0,0,2,0",1,Vantelin Dome Nagoya,,02:48,32913,GAME20120519CDSL0231
2012,2012-05-19,Reg Season,Chunichi Dragons,Home,W,3,Saitama Seibu Lions,3,6,1,"0,1,1,0,0,0,1,0,x",1,Vantelin Dome Nagoya,,02:48,32913,GAME20120519CDSL0231
2012,2012-05-19,Reg Season,Chiba Lotte Marines,Away,W,4,Yokohama DeNA Baystars,4,8,0,"0,0,0,3,0,0,0,0,1",1,Yokohama Stadium,,03:19,19970,GAME20120519DBLM0228
2012,2012-05-19,Reg Season,Yokohama DeNA Baystars,Home,L,2,Chiba Lotte Marines,2,7,0,"0,0,0,0,0,0,2,0,0",1,Yokohama Stadium,,03:19,19970,GAME20120519DBLM0228
2012,2012-05-19,Reg Season,Hokkaido Nippon-Ham Fighters,Away,L,0,Hiroshima Toyo Carp,0,5,1,"0,0,0,0,0,0,0,0,0",1,MAZDA Zoom-Zoom Stadium Hiroshima,,02:57,31803,GAME20120519HCNF0229
2012,2012-05-19,Reg Season,Hiroshima Toyo Carp,Home,W,1,Hokkaido Nippon-Ham Fighters,1,4,0,"0,0,0,0,0,1,0,0,x",1,MAZDA Zoom-Zoom Stadium Hiroshima,,02:57,31803,GAME20120519HCNF0229
2012,2012-05-19,Reg Season,Tohoku Rakuten Golden Eagles,Away,W,3,Hanshin Tigers,3,9,0,"0,0,0,0,0,0,2,1,0",1,Hanshin Koshien Stadium,,03:08,46838,GAME20120519HTRE0227
2012,2012-05-19,Reg Season,Hanshin Tigers,Home,L,2,Tohoku Rakuten Golden Eagles,2,5,0,"0,0,0,1,0,0,0,1,0",1,Hanshin Koshien Stadium,,03:08,46838,GAME20120519HTRE0227
2012,2012-05-19,Reg Season,Fukuoka Softbank Hawks,Away,L,0,Yomiuri Giants,0,2,0,"0,0,0,0,0,0,0,0,0",1,Tokyo Dome,,02:31,44490,GAME20120519YGSH0232
2012,2012-05-19,Reg Season,Yomiuri Giants,Home,W,2,Fukuoka Softbank Hawks,2,7,0,"0,0,0,0,0,2,0,0,x",1,Tokyo Dome,,02:31,44490,GAME20120519YGSH0232
2012,2012-05-19,Reg Season,Orix Buffaloes,Away,W,6,Tokyo Yakult Swallows,6,10,0,"0,0,0,0,0,0,0,1,2,0,3",1,Meiji Jingu Stadium,,03:52,19513,GAME20120519YSOB0230
2012,2012-05-19,Reg Season,Tokyo Yakult Swallows,Home,L,3,Orix Buffaloes,3,11,0,"0,1,0,0,0,0,0,1,1,0,0",1,Meiji Jingu Stadium,,03:52,19513,GAME20120519YSOB0230
2012,2012-05-20,Reg Season,Saitama Seibu Lions,Away,L,2,Chunichi Dragons,2,8,2,"0,0,0,2,0,0,0,0,0",2,Vantelin Dome Nagoya,,02:59,32440,GAME20120520CDSL0235
2012,2012-05-20,Reg Season,Chunichi Dragons,Home,W,6,Saitama Seibu Lions,6,8,0,"0,0,0,0,0,0,1,5,x",2,Vantelin Dome Nagoya,,02:59,32440,GAME20120520CDSL0235
2012,2012-05-20,Reg Season,Chiba Lotte Marines,Away,L,1,Yokohama DeNA Baystars,1,4,0,"0,0,0,0,0,1,0,0,0",2,Yokohama Stadium,,02:51,20023,GAME20120520DBLM0237
2012,2012-05-20,Reg Season,Yokohama DeNA Baystars,Home,W,6,Chiba Lotte Marines,6,11,1,"4,0,0,0,0,1,0,1,x",2,Yokohama Stadium,,02:51,20023,GAME20120520DBLM0237
2012,2012-05-20,Reg Season,Hokkaido Nippon-Ham Fighters,Away,W,5,Hiroshima Toyo Carp,5,9,0,"0,0,0,0,0,0,0,0,5",2,MAZDA Zoom-Zoom Stadium Hiroshima,,03:47,31185,GAME20120520HCNF0234
2012,2012-05-20,Reg Season,Hiroshima Toyo Carp,Home,L,4,Hokkaido Nippon-Ham Fighters,4,8,4,"0,0,1,0,0,0,0,3,0",2,MAZDA Zoom-Zoom Stadium Hiroshima,,03:47,31185,GAME20120520HCNF0234
2012,2012-05-20,Reg Season,Tohoku Rakuten Golden Eagles,Away,W,10,Hanshin Tigers,10,16,1,"1,0,2,1,1,1,4,0,0",2,Hanshin Koshien Stadium,,04:00,46801,GAME20120520HTRE0233
2012,2012-05-20,Reg Season,Hanshin Tigers,Home,L,6,Tohoku Rakuten Golden Eagles,6,11,0,"3,0,0,0,1,0,0,0,2",2,Hanshin Koshien Stadium,,04:00,46801,GAME20120520HTRE0233
2012,2012-05-20,Reg Season,Fukuoka Softbank Hawks,Away,L,1,Yomiuri Giants,1,4,0,"0,0,0,0,0,0,1,0,0",2,Tokyo Dome,,02:50,44685,GAME20120520YGSH0236
2012,2012-05-20,Reg Season,Yomiuri Giants,Home,W,5,Fukuoka Softbank Hawks,5,9,1,"0,0,1,4,0,0,0,0,x",2,Tokyo Dome,,02:50,44685,GAME20120520YGSH0236
2012,2012-05-20,Reg Season,Orix Buffaloes,Away,W,4,Tokyo Yakult Swallows,4,4,1,"0,1,0,0,1,0,0,0,2",2,Meiji Jingu Stadium,,03:25,14290,GAME20120520YSOB0238
2012,2012-05-20,Reg Season,Tokyo Yakult Swallows,Home,L,1,Orix Buffaloes,1,6,0,"0,0,0,1,0,0,0,0,0",2,Meiji Jingu Stadium,,03:25,14290,GAME20120520YSOB0238
2012,2012-05-22,Reg Season,Yokohama DeNA Baystars,Away,L,2,Hokkaido Nippon-Ham Fighters,2,7,0,"0,2,0,0,0,0,0,0,0",1,Sapporo Dome,,02:58,22971,GAME20120522NFDB0242
2012,2012-05-22,Reg Season,Hokkaido Nippon-Ham Fighters,Home,W,6,Yokohama DeNA Baystars,6,10,0,"0,0,5,1,0,0,0,0,x",1,Sapporo Dome,,02:58,22971,GAME20120522NFDB0242
2012,2012-05-22,Reg Season,Hanshin Tigers,Away,L,0,Orix Buffaloes,0,4,0,"0,0,0,0,0,0,0,0,0",1,Kyocera Dome Osaka,,02:28,27068,GAME20120522OBHT0239
2012,2012-05-22,Reg Season,Orix Buffaloes,Home,W,6,Hanshin Tigers,6,7,0,"0,0,0,0,0,4,2,0,x",1,Kyocera Dome Osaka,,02:28,27068,GAME20120522OBHT0239
2012,2012-05-22,Reg Season,Hiroshima Toyo Carp,Away,L,1,Fukuoka Softbank Hawks,1,7,2,"0,0,0,0,0,0,1,0,0",1,Mizuho PayPay Dome Fukuoka,,03:27,34494,GAME20120522SHHC0240
2012,2012-05-22,Reg Season,Fukuoka Softbank Hawks,Home,W,9,Hiroshima Toyo Carp,9,14,1,"5,0,0,1,3,0,0,0,x",1,Mizuho PayPay Dome Fukuoka,,03:27,34494,GAME20120522SHHC0240
2012,2012-05-22,Reg Season,Yomiuri Giants,Away,W,5,Saitama Seibu Lions,5,10,0,"0,0,0,1,0,0,3,0,1",1,Belluna Dome,,03:15,24523,GAME20120522SLYG0241
2012,2012-05-22,Reg Season,Saitama Seibu Lions,Home,L,2,Yomiuri Giants,2,7,1,"0,0,0,0,0,1,0,0,1",1,Belluna Dome,,03:15,24523,GAME20120522SLYG0241
2012,2012-05-23,Reg Season,Tokyo Yakult Swallows,Away,L,1,Chiba Lotte Marines,1,6,1,"0,0,0,0,0,0,0,1,0",1,ZOZO Marine Stadium,,02:49,17150,GAME20120523LMYS0243
2012,2012-05-23,Reg Season,Chiba Lotte Marines,Home,W,5,Tokyo Yakult Swallows,5,8,0,"0,0,0,0,1,3,1,0,x",1,ZOZO Marine Stadium,,02:49,17150,GAME20120523LMYS0243
2012,2012-05-23,Reg Season,Yokohama DeNA Baystars,Away,L,1,Hokkaido Nippon-Ham Fighters,1,9,0,"0,0,0,0,1,0,0,0,0",2,Sapporo Dome,,03:14,28401,GAME20120523NFDB0246
2012,2012-05-23,Reg Season,Hokkaido Nippon-Ham Fighters,Home,W,3,Yokohama DeNA Baystars,3,7,0,"2,0,0,1,0,0,0,0,x",2,Sapporo Dome,,03:14,28401,GAME20120523NFDB0246
2012,2012-05-23,Reg Season,Hanshin Tigers,Away,W,8,Orix Buffaloes,8,11,0,"1,1,0,1,0,0,2,3,0",2,Kyocera Dome Osaka,,03:54,29991,GAME20120523OBHT0244
2012,2012-05-23,Reg Season,Orix Buffaloes,Home,L,2,Hanshin Tigers,2,6,0,"0,0,0,2,0,0,0,0,0",2,Kyocera Dome Osaka,,03:54,29991,GAME20120523OBHT0244
2012,2012-05-23,Reg Season,Chunichi Dragons,Away,L,0,Tohoku Rakuten Golden Eagles,0,8,1,"0,0,0,0,0,0,0,0,0",1,Rakuten Seimei Park Miyagi,,03:09,14240,GAME20120523RECD0247
2012,2012-05-23,Reg Season,Tohoku Rakuten Golden Eagles,Home,W,4,Chunichi Dragons,4,9,0,"0,0,0,0,2,0,1,1,x",1,Rakuten Seimei Park Miyagi,,03:09,14240,GAME20120523RECD0247
2012,2012-05-23,Reg Season,Hiroshima Toyo Carp,Away,L,3,Fukuoka Softbank Hawks,3,5,0,"0,0,0,0,0,1,2,0,0",2,Mizuho PayPay Dome Fukuoka,,02:51,36658,GAME20120523SHHC0248
2012,2012-05-23,Reg Season,Fukuoka Softbank Hawks,Home,W,6,Hiroshima Toyo Carp,6,7,1,"1,0,1,4,0,0,0,0,x",2,Mizuho PayPay Dome Fukuoka,,02:51,36658,GAME20120523SHHC0248
2012,2012-05-23,Reg Season,Yomiuri Giants,Away,W,2,Saitama Seibu Lions,2,3,0,"0,1,0,0,0,0,0,1,0",2,Belluna Dome,,02:37,27868,GAME20120523SLYG0245
2012,2012-05-23,Reg Season,Saitama Seibu Lions,Home,L,0,Yomiuri Giants,0,4,0,"0,0,0,0,0,0,0,0,0",2,Belluna Dome,,02:37,27868,GAME20120523SLYG0245
2012,2012-05-24,Reg Season,Tokyo Yakult Swallows,Away,L,1,Chiba Lotte Marines,1,9,0,"0,0,0,0,1,0,0,0,0",2,ZOZO Marine Stadium,,03:08,9080,GAME20120524LMYS0250
2012,2012-05-24,Reg Season,Chiba Lotte Marines,Home,W,6,Tokyo Yakult Swallows,6,12,0,"0,2,0,0,2,0,2,0,x",2,ZOZO Marine Stadium,,03:08,9080,GAME20120524LMYS0250
2012,2012-05-24,Reg Season,Chunichi Dragons,Away,W,3,Tohoku Rakuten Golden Eagles,3,8,1,"0,2,0,0,0,0,0,0,1",2,Rakuten Seimei Park Miyagi,,02:55,10707,GAME20120524RECD0249
2012,2012-05-24,Reg Season,Tohoku Rakuten Golden Eagles,Home,L,0,Chunichi Dragons,0,3,2,"0,0,0,0,0,0,0,0,0",2,Rakuten Seimei Park Miyagi,,02:55,10707,GAME20120524RECD0249
2012,2012-05-25,Reg Season,Yomiuri Giants,Away,W,4,Chiba Lotte Marines,4,9,0,"0,1,0,0,2,1,0,0,0",1,ZOZO Marine Stadium,,02:19,24168,GAME20120525LMYG0251
2012,2012-05-25,Reg Season,Chiba Lotte Marines,Home,L,2,Yomiuri Giants,2,5,0,"0,0,0,0,0,0,0,2,0",1,ZOZO Marine Stadium,,02:19,24168,GAME20120525LMYG0251
2012,2012-05-25,Reg Season,Chunichi Dragons,Away,T,5,Hokkaido Nippon-Ham Fighters,5,10,0,"0,0,0,3,0,2,0,0,0,0",1,Sapporo Dome,,03:44,23582,GAME20120525NFCD0253
2012,2012-05-25,Reg Season,Hokkaido Nippon-Ham Fighters,Home,T,5,Chunichi Dragons,5,7,1,"3,0,0,0,0,0,2,0,0,0",1,Sapporo Dome,,03:44,23582,GAME20120525NFCD0253
2012,2012-05-25,Reg Season,Hiroshima Toyo Carp,Away,L,3,Orix Buffaloes,3,7,0,"0,0,0,0,2,1,0,0,0,0",1,Kobe Athletic Park Baseball Field,,03:53,16072,GAME20120525OBHC0254
2012,2012-05-25,Reg Season,Orix Buffaloes,Home,W,4,Hiroshima Toyo Carp,4,11,2,"1,0,0,1,0,0,0,0,1,1x",1,Kobe Athletic Park Baseball Field,,03:53,16072,GAME20120525OBHC0254
2012,2012-05-25,Reg Season,Hanshin Tigers,Away,W,5,Fukuoka Softbank Hawks,5,7,1,"0,0,0,1,0,0,1,2,1",1,Mizuho PayPay Dome Fukuoka,,02:57,35515,GAME20120525SHHT0255
2012,2012-05-25,Reg Season,Fukuoka Softbank Hawks,Home,L,0,Hanshin Tigers,0,3,1,"0,0,0,0,0,0,0,0,0",1,Mizuho PayPay Dome Fukuoka,,02:57,35515,GAME20120525SHHT0255
2012,2012-05-25,Reg Season,Tokyo Yakult Swallows,Away,L,0,Saitama Seibu Lions,0,5,1,"0,0,0,0,0,0,0,0,0",1,Belluna Dome,,02:43,14392,GAME20120525SLYS0252
2012,2012-05-25,Reg Season,Saitama Seibu Lions,Home,W,10,Tokyo Yakult Swallows,10,14,0,"0,2,0,2,0,0,1,5,x",1,Belluna Dome,,02:43,14392,GAME20120525SLYS0252
2012,2012-05-26,Reg Season,Yomiuri Giants,Away,L,2,Chiba Lotte Marines,2,5,1,"0,0,0,0,0,0,0,0,2",2,ZOZO Marine Stadium,,02:40,28170,GAME20120526LMYG0260
2012,2012-05-26,Reg Season,Chiba Lotte Marines,Home,W,5,Yomiuri Giants,5,11,0,"0,0,4,0,0,0,1,0,x",2,ZOZO Marine Stadium,,02:40,28170,GAME20120526LMYG0260
2012,2012-05-26,Reg Season,Chunichi Dragons,Away,W,4,Hokkaido Nippon-Ham Fighters,4,11,0,"0,0,0,3,0,0,1,0,0",2,Sapporo Dome,,03:14,25613,GAME20120526NFCD0261
2012,2012-05-26,Reg Season,Hokkaido Nippon-Ham Fighters,Home,L,2,Chunichi Dragons,2,7,1,"0,0,0,0,0,1,1,0,0",2,Sapporo Dome,,03:14,25613,GAME20120526NFCD0261
2012,2012-05-26,Reg Season,Hiroshima Toyo Carp,Away,L,0,Orix Buffaloes,0,5,0,"0,0,0,0,0,0,0,0,0",2,Kobe Athletic Park Baseball Field,,02:53,28164,GAME20120526OBHC0258
2012,2012-05-26,Reg Season,Orix Buffaloes,Home,W,2,Hiroshima Toyo Carp,2,7,1,"0,0,0,1,1,0,0,0,x",2,Kobe Athletic Park Baseball Field,,02:53,28164,GAME20120526OBHC0258
2012,2012-05-26,Reg Season,Yokohama DeNA Baystars,Away,W,8,Tohoku Rakuten Golden Eagles,8,14,0,"1,0,2,0,0,0,0,3,2",1,Rakuten Seimei Park Miyagi,,03:19,20498,GAME20120526REDB0256
2012,2012-05-26,Reg Season,Tohoku Rakuten Golden Eagles,Home,L,1,Yokohama DeNA Baystars,1,8,0,"0,0,1,0,0,0,0,0,0",1,Rakuten Seimei Park Miyagi,,03:19,20498,GAME20120526REDB0256
2012,2012-05-26,Reg Season,Hanshin Tigers,Away,T,1,Fukuoka Softbank Hawks,1,9,0,"0,0,0,1,0,0,0,0,0",2,Mizuho PayPay Dome Fukuoka,,03:36,38561,GAME20120526SHHT0259
2012,2012-05-26,Reg Season,Fukuoka Softbank Hawks,Home,T,1,Hanshin Tigers,1,8,1,"0,0,0,0,1,0,0,0,0",2,Mizuho PayPay Dome Fukuoka,,03:36,38561,GAME20120526SHHT0259
2012,2012-05-26,Reg Season,Tokyo Yakult Swallows,Away,L,0,Saitama Seibu Lions,0,3,0,"0,0,0,0,0,0,0,0,0",2,Belluna Dome,,02:40,26752,GAME20120526SLYS0257
2012,2012-05-26,Reg Season,Saitama Seibu Lions,Home,W,8,Tokyo Yakult Swallows,8,11,0,"0,0,0,2,1,0,5,0,x",2,Belluna Dome,,02:40,26752,GAME20120526SLYS0257
2012,2012-05-27,Reg Season,Fukuoka Softbank Hawks,Away,L,4,Chunichi Dragons,4,8,0,"2,0,0,2,0,0,0,0,0",1,Vantelin Dome Nagoya,,03:01,30593,GAME20120527CDSH0264
2012,2012-05-27,Reg Season,Chunichi Dragons,Home,W,6,Fukuoka Softbank Hawks,6,8,0,"2,0,2,0,0,2,0,0,x",1,Vantelin Dome Nagoya,,03:01,30593,GAME20120527CDSH0264
2012,2012-05-27,Reg Season,Orix Buffaloes,Away,W,9,Yokohama DeNA Baystars,9,12,0,"1,0,0,0,3,0,0,5,0",1,Yokohama Stadium,,03:17,18947,GAME20120527DBOB0266
2012,2012-05-27,Reg Season,Yokohama DeNA Baystars,Home,L,2,Orix Buffaloes,2,7,0,"0,0,0,1,1,0,0,0,0",1,Yokohama Stadium,,03:17,18947,GAME20120527DBOB0266
2012,2012-05-27,Reg Season,Chiba Lotte Marines,Away,T,4,Hiroshima Toyo Carp,4,7,1,"0,0,0,0,0,1,0,0,3",1,MAZDA Zoom-Zoom Stadium Hiroshima,,03:31,20178,GAME20120527HCLM0267
2012,2012-05-27,Reg Season,Hiroshima Toyo Carp,Home,T,4,Chiba Lotte Marines,4,8,2,"0,3,0,0,0,0,1,0,0",1,MAZDA Zoom-Zoom Stadium Hiroshima,,03:31,20178,GAME20120527HCLM0267
2012,2012-05-27,Reg Season,Saitama Seibu Lions,Away,L,2,Hanshin Tigers,2,6,4,"2,0,0,0,0,0,0,0,0",1,Hanshin Koshien Stadium,,03:06,46797,GAME20120527HTSL0263
2012,2012-05-27,Reg Season,Hanshin Tigers,Home,W,3,Saitama Seibu Lions,3,7,0,"0,0,1,0,0,0,1,0,1x",1,Hanshin Koshien Stadium,,03:06,46797,GAME20120527HTSL0263
2012,2012-05-27,Reg Season,Hokkaido Nippon-Ham Fighters,Away,L,1,Yomiuri Giants,1,4,0,"1,0,0,0,0,0,0,0,0",1,Tokyo Dome,,02:34,44936,GAME20120527YGNF0265
2012,2012-05-27,Reg Season,Yomiuri Giants,Home,W,2,Hokkaido Nippon-Ham Fighters,2,7,0,"0,1,0,0,0,1,0,0,x",1,Tokyo Dome,,02:34,44936,GAME20120527YGNF0265
2012,2012-05-27,Reg Season,Tohoku Rakuten Golden Eagles,Away,W,4,Tokyo Yakult Swallows,4,7,1,"0,0,0,4,0,0,0,0,0",1,Meiji Jingu Stadium,,03:09,18340,GAME20120527YSRE0262
2012,2012-05-27,Reg Season,Tokyo Yakult Swallows,Home,L,1,Tohoku Rakuten Golden Eagles,1,7,1,"0,0,0,0,0,0,1,0,0",1,Meiji Jingu Stadium,,03:09,18340,GAME20120527YSRE0262
2012,2012-05-28,Reg Season,Fukuoka Softbank Hawks,Away,L,1,Chunichi Dragons,1,7,1,"0,0,0,1,0,0,0,0,0",2,Vantelin Dome Nagoya,,03:01,28037,GAME20120528CDSH0269
2012,2012-05-28,Reg Season,Chunichi Dragons,Home,W,6,Fukuoka Softbank Hawks,6,11,0,"1,0,0,0,0,0,3,2,x",2,Vantelin Dome Nagoya,,03:01,28037,GAME20120528CDSH0269
2012,2012-05-28,Reg Season,Orix Buffaloes,Away,L,1,Yokohama DeNA Baystars,1,8,1,"0,0,0,1,0,0,0,0,0",2,Yokohama Stadium,,03:03,9930,GAME20120528DBOB0270
2012,2012-05-28,Reg Season,Yokohama DeNA Baystars,Home,W,2,Orix Buffaloes,2,8,1,"0,2,0,0,0,0,0,0,x",2,Yokohama Stadium,,03:03,9930,GAME20120528DBOB0270
2012,2012-05-28,Reg Season,Chiba Lotte Marines,Away,W,7,Hiroshima Toyo Carp,7,7,2,"0,0,0,0,7,0,0,0,0",2,MAZDA Zoom-Zoom Stadium Hiroshima,,02:46,15508,GAME20120528HCLM0271
2012,2012-05-28,Reg Season,Hiroshima Toyo Carp,Home,L,3,Chiba Lotte Marines,3,8,1,"0,0,0,0,0,0,3,0,0",2,MAZDA Zoom-Zoom Stadium Hiroshima,,02:46,15508,GAME20120528HCLM0271
2012,2012-05-28,Reg Season,Saitama Seibu Lions,Away,W,3,Hanshin Tigers,3,7,0,"0,0,0,0,0,0,3,0,0",2,Hanshin Koshien Stadium,,02:55,35590,GAME20120528HTSL0272
2012,2012-05-28,Reg Season,Hanshin Tigers,Home,L,0,Saitama Seibu Lions,0,4,0,"0,0,0,0,0,0,0,0,0",2,Hanshin Koshien Stadium,,02:55,35590,GAME20120528HTSL0272
2012,2012-05-28,Reg Season,Hokkaido Nippon-Ham Fighters,Away,W,3,Yomiuri Giants,3,5,0,"0,1,0,0,0,0,2,0,0",2,Tokyo Dome,,02:45,38546,GAME20120528YGNF0273
2012,2012-05-28,Reg Season,Yomiuri Giants,Home,L,2,Hokkaido Nippon-Ham Fighters,2,8,0,"0,0,0,1,0,0,0,0,1",2,Tokyo Dome,,02:45,38546,GAME20120528YGNF0273
2012,2012-05-28,Reg Season,Tohoku Rakuten Golden Eagles,Away,W,7,Tokyo Yakult Swallows,7,6,1,"0,0,0,0,3,4,0,0,0",2,Meiji Jingu Stadium,,02:46,10509,GAME20120528YSRE0268
2012,2012-05-28,Reg Season,Tokyo Yakult Swallows,Home,L,1,Tohoku Rakuten Golden Eagles,1,5,0,"0,0,0,0,0,0,0,1,0",2,Meiji Jingu Stadium,,02:46,10509,GAME20120528YSRE0268
2012,2012-05-30,Reg Season,Orix Buffaloes,Away,L,1,Chunichi Dragons,1,8,1,"1,0,0,0,0,0,0,0,0,0",1,Vantelin Dome Nagoya,,03:34,24886,GAME20120530CDOB0278
2012,2012-05-30,Reg Season,Chunichi Dragons,Home,W,2,Orix Buffaloes,2,10,0,"0,0,0,0,0,1,0,0,0,1x",1,Vantelin Dome Nagoya,,03:34,24886,GAME20120530CDOB0278
2012,2012-05-30,Reg Season,Fukuoka Softbank Hawks,Away,L,4,Yokohama DeNA Baystars,4,10,0,"0,0,0,0,3,0,1,0,0",1,Nagasaki Baseball Stadium,,03:53,13722,GAME20120530DBSH0275
2012,2012-05-30,Reg Season,Yokohama DeNA Baystars,Home,W,5,Fukuoka Softbank Hawks,5,12,0,"0,0,1,1,2,1,0,0,x",1,Nagasaki Baseball Stadium,,03:53,13722,GAME20120530DBSH0275
2012,2012-05-30,Reg Season,Saitama Seibu Lions,Away,L,1,Hiroshima Toyo Carp,1,2,0,"0,1,0,0,0,0,0,0,0",1,MAZDA Zoom-Zoom Stadium Hiroshima,,02:49,20038,GAME20120530HCSL0279
2012,2012-05-30,Reg Season,Hiroshima Toyo Carp,Home,W,4,Saitama Seibu Lions,4,10,1,"0,0,0,2,0,0,2,0,x",1,MAZDA Zoom-Zoom Stadium Hiroshima,,02:49,20038,GAME20120530HCSL0279
2012,2012-05-30,Reg Season,Chiba Lotte Marines,Away,T,9,Hanshin Tigers,9,13,2,"0,0,2,5,1,1,0,0,0",1,Hanshin Koshien Stadium,,03:52,37867,GAME20120530HTLM0276
2012,2012-05-30,Reg Season,Hanshin Tigers,Home,T,9,Chiba Lotte Marines,9,13,2,"1,0,0,5,0,1,0,2,0",1,Hanshin Koshien Stadium,,03:52,37867,GAME20120530HTLM0276
2012,2012-05-30,Reg Season,Tohoku Rakuten Golden Eagles,Away,L,0,Yomiuri Giants,0,0,0,"0,0,0,0,0,0,0,0,0",1,Tokyo Dome,,02:01,43321,GAME20120530YGRE0277
2012,2012-05-30,Reg Season,Yomiuri Giants,Home,W,2,Tohoku Rakuten Golden Eagles,2,5,0,"0,0,0,0,0,0,2,0,x",1,Tokyo Dome,,02:01,43321,GAME20120530YGRE0277
2012,2012-05-30,Reg Season,Hokkaido Nippon-Ham Fighters,Away,W,1,Tokyo Yakult Swallows,1,8,1,"0,1,0,0,0,0,0,0,0",1,Meiji Jingu Stadium,,03:31,22536,GAME20120530YSNF0274
2012,2012-05-30,Reg Season,Tokyo Yakult Swallows,Home,L,0,Hokkaido Nippon-Ham Fighters,0,8,0,"0,0,0,0,0,0,0,0,0",1,Meiji Jingu Stadium,,03:31,22536,GAME20120530YSNF0274
2012,2012-05-31,Reg Season,Orix Buffaloes,Away,T,4,Chunichi Dragons,4,11,2,"0,0,2,0,1,1,0,0,0",2,Vantelin Dome Nagoya,,03:39,23431,GAME20120531CDOB0282
2012,2012-05-31,Reg Season,Chunichi Dragons,Home,T,4,Orix Buffaloes,4,10,0,"0,1,0,1,0,2,0,0,0",2,Vantelin Dome Nagoya,,03:39,23431,GAME20120531CDOB0282
2012,2012-05-31,Reg Season,Fukuoka Softbank Hawks,Away,T,2,Yokohama DeNA Baystars,2,8,0,"0,0,0,0,0,0,0,2,0",2,Kitakyushu Municipal Baseball Stadium,,04:00,10310,GAME20120531DBSH0284
2012,2012-05-31,Reg Season,Yokohama DeNA Baystars,Home,T,2,Fukuoka Softbank Hawks,2,9,0,"0,2,0,0,0,0,0,0,0",2,Kitakyushu Municipal Baseball Stadium,,04:00,10310,GAME20120531DBSH0284
2012,2012-05-31,Reg Season,Saitama Seibu Lions,Away,L,3,Hiroshima Toyo Carp,3,8,2,"0,0,0,0,0,0,1,2,0",2,MAZDA Zoom-Zoom Stadium Hiroshima,,02:49,16702,GAME20120531HCSL0283
2012,2012-05-31,Reg Season,Hiroshima Toyo Carp,Home,W,5,Saitama Seibu Lions,5,10,1,"1,0,2,0,0,1,1,0,x",2,MAZDA Zoom-Zoom Stadium Hiroshima,,02:49,16702,GAME20120531HCSL0283
2012,2012-05-31,Reg Season,Chiba Lotte Marines,Away,L,1,Hanshin Tigers,1,9,0,"0,0,0,0,1,0,0,0,0",2,Hanshin Koshien Stadium,,03:38,33187,GAME20120531HTLM0281
2012,2012-05-31,Reg Season,Hanshin Tigers,Home,W,2,Chiba Lotte Marines,2,6,1,"0,1,0,0,0,0,0,0,1x",2,Hanshin Koshien Stadium,,03:38,33187,GAME20120531HTLM0281
2012,2012-05-31,Reg Season,Tohoku Rakuten Golden Eagles,Away,L,2,Yomiuri Giants,2,7,0,"0,0,0,1,0,0,0,0,1",2,Tokyo Dome,,03:01,36503,GAME20120531YGRE0285
2012,2012-05-31,Reg Season,Yomiuri Giants,Home,W,4,Tohoku Rakuten Golden Eagles,4,9,2,"0,1,0,0,0,3,0,0,x",2,Tokyo Dome,,03:01,36503,GAME20120531YGRE0285
2012,2012-05-31,Reg Season,Hokkaido Nippon-Ham Fighters,Away,L,5,Tokyo Yakult Swallows,5,13,0,"0,0,1,0,0,1,0,0,3",2,Meiji Jingu Stadium,,02:56,18109,GAME20120531YSNF0280
2012,2012-05-31,Reg Season,Tokyo Yakult Swallows,Home,W,10,Hokkaido Nippon-Ham Fighters,10,13,0,"1,1,1,0,0,5,0,2,x",2,Meiji Jingu Stadium,,02:56,18109,GAME20120531YSNF0280
2012,2012-06-02,Reg Season,Chunichi Dragons,Away,L,0,Chiba Lotte Marines,0,3,1,"0,0,0,0,0,0,0,0,0",3,ZOZO Marine Stadium,,02:30,29425,GAME20120602LMCD0288
2012,2012-06-02,Reg Season,Chiba Lotte Marines,Home,W,9,Chunichi Dragons,9,11,0,"3,0,1,0,1,0,1,3,x",3,ZOZO Marine Stadium,,02:30,29425,GAME20120602LMCD0288
2012,2012-06-02,Reg Season,Hanshin Tigers,Away,L,1,Hokkaido Nippon-Ham Fighters,1,5,1,"0,0,1,0,0,0,0,0,0,0",3,Sapporo Dome,,03:37,34170,GAME20120602NFHT0286
2012,2012-06-02,Reg Season,Hokkaido Nippon-Ham Fighters,Home,W,2,Hanshin Tigers,2,7,0,"0,0,0,1,0,0,0,0,0,1x",3,Sapporo Dome,,03:37,34170,GAME20120602NFHT0286
2012,2012-06-02,Reg Season,Yomiuri Giants,Away,L,2,Orix Buffaloes,2,9,0,"0,2,0,0,0,0,0,0,0",3,Kyocera Dome Osaka,,03:17,35338,GAME20120602OBYG0290
2012,2012-06-02,Reg Season,Orix Buffaloes,Home,W,7,Yomiuri Giants,7,10,0,"3,0,1,0,0,0,3,0,x",3,Kyocera Dome Osaka,,03:17,35338,GAME20120602OBYG0290
2012,2012-06-02,Reg Season,Hiroshima Toyo Carp,Away,W,4,Tohoku Rakuten Golden Eagles,4,8,1,"0,0,0,0,0,0,0,2,2",3,Rakuten Seimei Park Miyagi,,03:13,17958,GAME20120602REHC0287
2012,2012-06-02,Reg Season,Tohoku Rakuten Golden Eagles,Home,L,3,Hiroshima Toyo Carp,3,11,1,"0,0,0,0,0,0,0,0,3",3,Rakuten Seimei Park Miyagi,,03:13,17958,GAME20120602REHC0287
2012,2012-06-02,Reg Season,Tokyo Yakult Swallows,Away,W,7,Fukuoka Softbank Hawks,7,10,0,"0,1,0,0,0,0,6,0,0",3,Mizuho PayPay Dome Fukuoka,,03:22,34547,GAME20120602SHYS0289
2012,2012-06-02,Reg Season,Fukuoka Softbank Hawks,Home,L,2,Tokyo Yakult Swallows,2,3,1,"0,0,0,0,1,1,0,0,0",3,Mizuho PayPay Dome Fukuoka,,03:22,34547,GAME20120602SHYS0289
2012,2012-06-02,Reg Season,Yokohama DeNA Baystars,Away,L,4,Saitama Seibu Lions,4,6,1,"2,0,0,0,0,1,1,0,0",3,Belluna Dome,,03:01,24696,GAME20120602SLDB0291
2012,2012-06-02,Reg Season,Saitama Seibu Lions,Home,W,7,Yokohama DeNA Baystars,7,11,1,"0,0,0,2,5,0,0,0,x",3,Belluna Dome,,03:01,24696,GAME20120602SLDB0291
2012,2012-06-03,Reg Season,Chunichi Dragons,Away,L,2,Chiba Lotte Marines,2,8,0,"0,2,0,0,0,0,0,0,0",4,ZOZO Marine Stadium,,02:48,24286,GAME20120603LMCD0293
2012,2012-06-03,Reg Season,Chiba Lotte Marines,Home,W,5,Chunichi Dragons,5,12,0,"1,3,0,0,0,0,0,1,x",4,ZOZO Marine Stadium,,02:48,24286,GAME20120603LMCD0293
2012,2012-06-03,Reg Season,Hanshin Tigers,Away,L,3,Hokkaido Nippon-Ham Fighters,3,9,1,"0,0,0,0,3,0,0,0,0",4,Sapporo Dome,,03:31,33783,GAME20120603NFHT0292
2012,2012-06-03,Reg Season,Hokkaido Nippon-Ham Fighters,Home,W,7,Hanshin Tigers,7,12,2,"2,0,0,0,1,0,0,4,x",4,Sapporo Dome,,03:31,33783,GAME20120603NFHT0292
2012,2012-06-03,Reg Season,Yomiuri Giants,Away,W,6,Orix Buffaloes,6,14,0,"0,0,2,0,1,0,3,0,0",4,Kyocera Dome Osaka,,03:08,32929,GAME20120603OBYG0294
2012,2012-06-03,Reg Season,Orix Buffaloes,Home,L,0,Yomiuri Giants,0,3,0,"0,0,0,0,0,0,0,0,0",4,Kyocera Dome Osaka,,03:08,32929,GAME20120603OBYG0294
2012,2012-06-03,Reg Season,Hiroshima Toyo Carp,Away,L,1,Tohoku Rakuten Golden Eagles,1,3,0,"0,0,0,0,0,1,0,0,0",4,Rakuten Seimei Park Miyagi,,02:54,17612,GAME20120603REHC0296
2012,2012-06-03,Reg Season,Tohoku Rakuten Golden Eagles,Home,W,3,Hiroshima Toyo Carp,3,11,2,"0,2,0,0,0,1,0,0,x",4,Rakuten Seimei Park Miyagi,,02:54,17612,GAME20120603REHC0296
2012,2012-06-03,Reg Season,Tokyo Yakult Swallows,Away,W,5,Fukuoka Softbank Hawks,5,9,1,"0,0,0,0,4,0,1,0,0",4,Mizuho PayPay Dome Fukuoka,,03:34,33940,GAME20120603SHYS0297
2012,2012-06-03,Reg Season,Fukuoka Softbank Hawks,Home,L,1,Tokyo Yakult Swallows,1,5,2,"1,0,0,0,0,0,0,0,0",4,Mizuho PayPay Dome Fukuoka,,03:34,33940,GAME20120603SHYS0297
2012,2012-06-03,Reg Season,Yokohama DeNA Baystars,Away,W,7,Saitama Seibu Lions,7,10,0,"0,0,0,0,5,1,0,0,1",4,Belluna Dome,,03:14,25722,GAME20120603SLDB0295
2012,2012-06-03,Reg Season,Saitama Seibu Lions,Home,L,5,Yokohama DeNA Baystars,5,9,0,"0,0,0,3,1,0,0,1,0",4,Belluna Dome,,03:14,25722,GAME20120603SLDB0295
2012,2012-06-05,Reg Season,Yokohama DeNA Baystars,Away,L,2,Chiba Lotte Marines,2,9,0,"0,0,0,0,0,2,0,0,0",3,ZOZO Marine Stadium,,03:31,15424,GAME20120605LMDB0302
2012,2012-06-05,Reg Season,Chiba Lotte Marines,Home,W,4,Yokohama DeNA Baystars,4,10,0,"0,0,1,0,0,2,0,1,x",3,ZOZO Marine Stadium,,03:31,15424,GAME20120605LMDB0302
2012,2012-06-05,Reg Season,Hiroshima Toyo Carp,Away,W,12,Hokkaido Nippon-Ham Fighters,12,14,0,"0,0,7,1,0,0,0,4,0",3,Sapporo Dome,,03:34,23645,GAME20120605NFHC0298
2012,2012-06-05,Reg Season,Hokkaido Nippon-Ham Fighters,Home,L,3,Hiroshima Toyo Carp,3,10,0,"1,0,0,0,0,0,2,0,0",3,Sapporo Dome,,03:34,23645,GAME20120605NFHC0298
2012,2012-06-05,Reg Season,Tokyo Yakult Swallows,Away,L,0,Orix Buffaloes,0,7,0,"0,0,0,0,0,0,0,0,0",3,Kyocera Dome Osaka,,02:36,11447,GAME20120605OBYS0299
2012,2012-06-05,Reg Season,Orix Buffaloes,Home,W,5,Tokyo Yakult Swallows,5,5,0,"0,0,0,2,0,0,0,3,x",3,Kyocera Dome Osaka,,02:36,11447,GAME20120605OBYS0299
2012,2012-06-05,Reg Season,Hanshin Tigers,Away,W,3,Tohoku Rakuten Golden Eagles,3,7,1,"0,0,0,1,0,0,0,0,2",3,Rakuten Seimei Park Miyagi,,03:17,18434,GAME20120605REHT0300
2012,2012-06-05,Reg Season,Tohoku Rakuten Golden Eagles,Home,L,1,Hanshin Tigers,1,5,2,"0,0,0,0,0,0,1,0,0",3,Rakuten Seimei Park Miyagi,,03:17,18434,GAME20120605REHT0300
2012,2012-06-05,Reg Season,Yomiuri Giants,Away,W,5,Fukuoka Softbank Hawks,5,10,1,"0,0,0,1,0,3,1,0,0",3,Mizuho PayPay Dome Fukuoka,,03:10,36123,GAME20120605SHYG0301
2012,2012-06-05,Reg Season,Fukuoka Softbank Hawks,Home,L,1,Yomiuri Giants,1,2,0,"0,0,0,0,0,0,0,0,1",3,Mizuho PayPay Dome Fukuoka,,03:10,36123,GAME20120605SHYG0301
2012,2012-06-05,Reg Season,Chunichi Dragons,Away,L,4,Saitama Seibu Lions,4,8,0,"1,0,0,0,0,0,0,2,1",3,Belluna Dome,,02:57,15691,GAME20120605SLCD0303
2012,2012-06-05,Reg Season,Saitama Seibu Lions,Home,W,7,Chunichi Dragons,7,13,0,"1,0,2,3,0,0,1,0,x",3,Belluna Dome,,02:57,15691,GAME20120605SLCD0303
2012,2012-06-06,Reg Season,Yokohama DeNA Baystars,Away,L,2,Chiba Lotte Marines,2,7,0,"1,0,0,0,0,0,0,0,1",4,ZOZO Marine Stadium,,03:00,12114,GAME20120606LMDB0306
2012,2012-06-06,Reg Season,Chiba Lotte Marines,Home,W,3,Yokohama DeNA Baystars,3,8,1,"0,0,0,0,3,0,0,0,x",4,ZOZO Marine Stadium,,03:00,12114,GAME20120606LMDB0306
2012,2012-06-06,Reg Season,Hiroshima Toyo Carp,Away,L,1,Hokkaido Nippon-Ham Fighters,1,6,0,"1,0,0,0,0,0,0,0,0",4,Sapporo Dome,,02:41,22582,GAME20120606NFHC0304
2012,2012-06-06,Reg Season,Hokkaido Nippon-Ham Fighters,Home,W,2,Hiroshima Toyo Carp,2,4,1,"1,0,0,0,0,0,0,1,x",4,Sapporo Dome,,02:41,22582,GAME20120606NFHC0304
2012,2012-06-06,Reg Season,Tokyo Yakult Swallows,Away,W,4,Orix Buffaloes,4,9,1,"0,0,0,0,3,0,0,1,0",4,Kyocera Dome Osaka,,02:55,13014,GAME20120606OBYS0308
2012,2012-06-06,Reg Season,Orix Buffaloes,Home,L,2,Tokyo Yakult Swallows,2,5,1,"0,0,0,0,1,0,0,1,0",4,Kyocera Dome Osaka,,02:55,13014,GAME20120606OBYS0308
2012,2012-06-06,Reg Season,Hanshin Tigers,Away,L,3,Tohoku Rakuten Golden Eagles,3,8,1,"1,0,1,0,0,0,0,0,1",4,Rakuten Seimei Park Miyagi,,03:06,18170,GAME20120606REHT0305
2012,2012-06-06,Reg Season,Tohoku Rakuten Golden Eagles,Home,W,8,Hanshin Tigers,8,14,3,"0,3,0,0,2,2,1,0,x",4,Rakuten Seimei Park Miyagi,,03:06,18170,GAME20120606REHT0305
2012,2012-06-06,Reg Season,Yomiuri Giants,Away,W,4,Fukuoka Softbank Hawks,4,9,1,"0,0,0,2,0,0,1,0,1",4,Mizuho PayPay Dome Fukuoka,,04:02,35461,GAME20120606SHYG0309
2012,2012-06-06,Reg Season,Fukuoka Softbank Hawks,Home,L,3,Yomiuri Giants,3,11,1,"0,0,0,1,0,0,0,2,0",4,Mizuho PayPay Dome Fukuoka,,04:02,35461,GAME20120606SHYG0309
2012,2012-06-06,Reg Season,Chunichi Dragons,Away,L,1,Saitama Seibu Lions,1,9,1,"0,0,0,0,1,0,0,0,0",4,Belluna Dome,,03:01,15797,GAME20120606SLCD0307
2012,2012-06-06,Reg Season,Saitama Seibu Lions,Home,W,3,Chunichi Dragons,3,6,0,"0,1,1,0,1,0,0,0,x",4,Belluna Dome,,03:01,15797,GAME20120606SLCD0307
2012,2012-06-08,Reg Season,Tohoku Rakuten Golden Eagles,Away,L,2,Chunichi Dragons,2,5,0,"0,0,0,1,0,0,0,1,0",3,Vantelin Dome Nagoya,,02:27,27718,GAME20120608CDRE0311
2012,2012-06-08,Reg Season,Chunichi Dragons,Home,W,3,Tohoku Rakuten Golden Eagles,3,4,1,"0,1,0,0,0,0,0,0,2x",3,Vantelin Dome Nagoya,,02:27,27718,GAME20120608CDRE0311
2012,2012-06-08,Reg Season,Hokkaido Nippon-Ham Fighters,Away,W,4,Yokohama DeNA Baystars,4,11,0,"0,0,0,2,0,1,1,0,0",3,Yokohama Stadium,,03:18,18935,GAME20120608DBNF0315
2012,2012-06-08,Reg Season,Yokohama DeNA Baystars,Home,L,1,Hokkaido Nippon-Ham Fighters,1,8,0,"0,0,0,0,0,0,0,0,1",3,Yokohama Stadium,,03:18,18935,GAME20120608DBNF0315
2012,2012-06-08,Reg Season,Fukuoka Softbank Hawks,Away,T,1,Hiroshima Toyo Carp,1,6,1,"1,0,0,0,0,0,0,0",3,MAZDA Zoom-Zoom Stadium Hiroshima,,02:45,24509,GAME20120608HCSH0313
2012,2012-06-08,Reg Season,Hiroshima Toyo Carp,Home,T,1,Fukuoka Softbank Hawks,1,8,0,"1,0,0,0,0,0,0,0",3,MAZDA Zoom-Zoom Stadium Hiroshima,,02:45,24509,GAME20120608HCSH0313
2012,2012-06-08,Reg Season,Orix Buffaloes,Away,L,1,Hanshin Tigers,1,6,0,"0,0,0,1,0,0,0,0,0",3,Hanshin Koshien Stadium,,03:43,40311,GAME20120608HTOB0312
2012,2012-06-08,Reg Season,Hanshin Tigers,Home,W,3,Orix Buffaloes,3,9,1,"0,0,0,0,0,0,3,0,x",3,Hanshin Koshien Stadium,,03:43,40311,GAME20120608HTOB0312
2012,2012-06-08,Reg Season,Saitama Seibu Lions,Away,W,6,Yomiuri Giants,6,14,2,"0,1,0,0,3,0,2,0,0",3,Tokyo Dome,,03:16,44642,GAME20120608YGSL0310
2012,2012-06-08,Reg Season,Yomiuri Giants,Home,L,4,Saitama Seibu Lions,4,9,1,"0,0,1,0,0,0,0,3,0",3,Tokyo Dome,,03:16,44642,GAME20120608YGSL0310
2012,2012-06-08,Reg Season,Chiba Lotte Marines,Away,L,4,Tokyo Yakult Swallows,4,10,1,"0,2,0,1,1,0,0,0,0",3,Meiji Jingu Stadium,,02:56,19153,GAME20120608YSLM0314
2012,2012-06-08,Reg Season,Tokyo Yakult Swallows,Home,W,13,Chiba Lotte Marines,13,15,0,"0,1,5,0,1,1,5,0,x",3,Meiji Jingu Stadium,,02:56,19153,GAME20120608YSLM0314
2012,2012-06-09,Reg Season,Tohoku Rakuten Golden Eagles,Away,L,1,Chunichi Dragons,1,9,1,"0,1,0,0,0,0,0,0,0",4,Vantelin Dome Nagoya,,02:37,37191,GAME20120609CDRE0318
2012,2012-06-09,Reg Season,Chunichi Dragons,Home,W,2,Tohoku Rakuten Golden Eagles,2,7,0,"1,0,0,0,0,1,0,0,x",4,Vantelin Dome Nagoya,,02:37,37191,GAME20120609CDRE0318
2012,2012-06-09,Reg Season,Fukuoka Softbank Hawks,Away,W,7,Hiroshima Toyo Carp,7,10,0,"0,2,2,0,1,1,0,1,0",4,MAZDA Zoom-Zoom Stadium Hiroshima,,03:20,31969,GAME20120609HCSH0319
2012,2012-06-09,Reg Season,Hiroshima Toyo Carp,Home,L,3,Fukuoka Softbank Hawks,3,10,2,"0,0,0,0,0,0,0,2,1",4,MAZDA Zoom-Zoom Stadium Hiroshima,,03:20,31969,GAME20120609HCSH0319
2012,2012-06-09,Reg Season,Orix Buffaloes,Away,W,6,Hanshin Tigers,6,12,0,"1,0,0,1,2,2,0,0,0",4,Hanshin Koshien Stadium,,03:30,46831,GAME20120609HTOB0317
2012,2012-06-09,Reg Season,Hanshin Tigers,Home,L,1,Orix Buffaloes,1,11,0,"0,0,0,0,0,1,0,0,0",4,Hanshin Koshien Stadium,,03:30,46831,GAME20120609HTOB0317
2012,2012-06-09,Reg Season,Saitama Seibu Lions,Away,L,3,Yomiuri Giants,3,7,1,"2,0,0,0,0,0,0,0,1",4,Tokyo Dome,,03:10,44286,GAME20120609YGSL0316
2012,2012-06-09,Reg Season,Yomiuri Giants,Home,W,4,Saitama Seibu Lions,4,12,0,"1,0,0,1,0,0,1,0,1x",4,Tokyo Dome,,03:10,44286,GAME20120609YGSL0316
2012,2012-06-10,Reg Season,Hokkaido Nippon-Ham Fighters,Away,T,1,Chunichi Dragons,1,7,0,"0,0,0,0,0,0,1,0,0",3,Vantelin Dome Nagoya,,03:34,30323,GAME20120610CDNF0322
2012,2012-06-10,Reg Season,Chunichi Dragons,Home,T,1,Hokkaido Nippon-Ham Fighters,1,5,0,"0,0,0,0,0,0,0,0,1",3,Vantelin Dome Nagoya,,03:34,30323,GAME20120610CDNF0322
2012,2012-06-10,Reg Season,Tohoku Rakuten Golden Eagles,Away,L,2,Yokohama DeNA Baystars,2,6,0,"0,1,0,1,0,0,0,0,0",2,Yokohama Stadium,,03:15,19875,GAME20120610DBRE0324
2012,2012-06-10,Reg Season,Yokohama DeNA Baystars,Home,W,6,Tohoku Rakuten Golden Eagles,6,11,1,"0,0,0,1,0,0,0,5,x",2,Yokohama Stadium,,03:15,19875,GAME20120610DBRE0324
2012,2012-06-10,Reg Season,Orix Buffaloes,Away,L,2,Hiroshima Toyo Carp,2,6,0,"0,0,0,0,0,2,0,0,0",3,MAZDA Zoom-Zoom Stadium Hiroshima,,02:54,23094,GAME20120610HCOB0323
2012,2012-06-10,Reg Season,Hiroshima Toyo Carp,Home,W,5,Orix Buffaloes,5,10,2,"0,0,0,0,0,0,3,2,x",3,MAZDA Zoom-Zoom Stadium Hiroshima,,02:54,23094,GAME20120610HCOB0323
2012,2012-06-10,Reg Season,Fukuoka Softbank Hawks,Away,W,2,Hanshin Tigers,2,10,0,"0,1,0,0,1,0,0,0,0",3,Hanshin Koshien Stadium,,03:16,46843,GAME20120610HTSH0325
2012,2012-06-10,Reg Season,Hanshin Tigers,Home,L,1,Fukuoka Softbank Hawks,1,3,0,"0,0,0,0,0,0,0,0,1",3,Hanshin Koshien Stadium,,03:16,46843,GAME20120610HTSH0325
2012,2012-06-10,Reg Season,Chiba Lotte Marines,Away,W,2,Yomiuri Giants,2,6,0,"1,1,0,0,0,0,0,0,0",3,Tokyo Dome,,02:37,46438,GAME20120610YGLM0321
2012,2012-06-10,Reg Season,Yomiuri Giants,Home,L,1,Chiba Lotte Marines,1,4,0,"0,0,0,0,0,0,0,0,1",3,Tokyo Dome,,02:37,46438,GAME20120610YGLM0321
2012,2012-06-10,Reg Season,Saitama Seibu Lions,Away,W,4,Tokyo Yakult Swallows,4,10,0,"0,0,0,0,0,0,0,2,0,2",3,Meiji Jingu Stadium,,03:23,24680,GAME20120610YSSL0320
2012,2012-06-10,Reg Season,Tokyo Yakult Swallows,Home,L,2,Saitama Seibu Lions,2,6,0,"0,0,0,0,1,0,0,0,1,0",3,Meiji Jingu Stadium,,03:23,24680,GAME20120610YSSL0320
2012,2012-06-11,Reg Season,Hokkaido Nippon-Ham Fighters,Away,L,0,Chunichi Dragons,0,7,0,"0,0,0,0,0,0,0,0,0,0,0",4,Vantelin Dome Nagoya,,03:21,26362,GAME20120611CDNF0327
2012,2012-06-11,Reg Season,Chunichi Dragons,Home,W,1,Hokkaido Nippon-Ham Fighters,1,6,1,"0,0,0,0,0,0,0,0,0,0,1x",4,Vantelin Dome Nagoya,,03:21,26362,GAME20120611CDNF0327
2012,2012-06-11,Reg Season,Tohoku Rakuten Golden Eagles,Away,W,5,Yokohama DeNA Baystars,5,8,2,"0,0,5,0,0,0,0,0,0",3,Yokohama Stadium,,02:35,16979,GAME20120611DBRE0328
2012,2012-06-11,Reg Season,Yokohama DeNA Baystars,Home,L,1,Tohoku Rakuten Golden Eagles,1,7,0,"0,0,0,0,0,0,0,0,1",3,Yokohama Stadium,,02:35,16979,GAME20120611DBRE0328
2012,2012-06-11,Reg Season,Orix Buffaloes,Away,L,1,Hiroshima Toyo Carp,1,8,1,"0,0,0,0,0,0,1,0,0",4,Miyoshi Kinsai Stadium,,02:54,10684,GAME20120611HCOB0331
2012,2012-06-11,Reg Season,Hiroshima Toyo Carp,Home,W,6,Orix Buffaloes,6,9,0,"0,1,4,1,0,0,0,0,x",4,Miyoshi Kinsai Stadium,,02:54,10684,GAME20120611HCOB0331
2012,2012-06-11,Reg Season,Fukuoka Softbank Hawks,Away,L,0,Hanshin Tigers,0,3,1,"0,0,0,0,0,0,0,0,0",4,Hanshin Koshien Stadium,,02:38,38168,GAME20120611HTSH0329
2012,2012-06-11,Reg Season,Hanshin Tigers,Home,W,1,Fukuoka Softbank Hawks,1,4,0,"0,0,0,0,0,0,0,1,x",4,Hanshin Koshien Stadium,,02:38,38168,GAME20120611HTSH0329
2012,2012-06-11,Reg Season,Chiba Lotte Marines,Away,L,4,Yomiuri Giants,4,9,1,"0,1,3,0,0,0,0,0,0",4,Tokyo Dome,,03:19,46461,GAME20120611YGLM0330
2012,2012-06-11,Reg Season,Yomiuri Giants,Home,W,8,Chiba Lotte Marines,8,11,2,"0,0,0,2,3,3,0,0,x",4,Tokyo Dome,,03:19,46461,GAME20120611YGLM0330
2012,2012-06-11,Reg Season,Saitama Seibu Lions,Away,W,5,Tokyo Yakult Swallows,5,14,3,"0,0,2,0,0,3,0,0,0",4,Meiji Jingu Stadium,,03:07,15926,GAME20120611YSSL0326
2012,2012-06-11,Reg Season,Tokyo Yakult Swallows,Home,L,1,Saitama Seibu Lions,1,3,1,"0,0,0,1,0,0,0,0,0",4,Meiji Jingu Stadium,,03:07,15926,GAME20120611YSSL0326
2012,2012-06-13,Reg Season,Hiroshima Toyo Carp,Away,T,3,Chiba Lotte Marines,3,11,1,"0,0,0,0,0,0,0,2,1,0",3,ZOZO Marine Stadium,,03:35,18659,GAME20120613LMHC0336
2012,2012-06-13,Reg Season,Chiba Lotte Marines,Home,T,3,Hiroshima Toyo Carp,3,7,0,"0,0,0,3,0,0,0,0,0,0",3,ZOZO Marine Stadium,,03:35,18659,GAME20120613LMHC0336
2012,2012-06-13,Reg Season,Yomiuri Giants,Away,W,8,Hokkaido Nippon-Ham Fighters,8,16,0,"0,0,0,0,3,1,2,2,0",3,Sapporo Dome,,03:07,32788,GAME20120613NFYG0334
2012,2012-06-13,Reg Season,Hokkaido Nippon-Ham Fighters,Home,L,6,Yomiuri Giants,6,10,1,"0,0,0,0,0,0,1,5,0",3,Sapporo Dome,,03:07,32788,GAME20120613NFYG0334
2012,2012-06-13,Reg Season,Yokohama DeNA Baystars,Away,W,2,Orix Buffaloes,2,7,0,"0,0,1,0,0,0,0,1,0",3,Kyocera Dome Osaka,,03:08,13178,GAME20120613OBDB0337
2012,2012-06-13,Reg Season,Orix Buffaloes,Home,L,1,Yokohama DeNA Baystars,1,4,1,"1,0,0,0,0,0,0,0,0",3,Kyocera Dome Osaka,,03:08,13178,GAME20120613OBDB0337
2012,2012-06-13,Reg Season,Tokyo Yakult Swallows,Away,W,6,Tohoku Rakuten Golden Eagles,6,18,1,"0,0,0,1,0,0,1,1,3",3,Rakuten Seimei Park Miyagi,,03:30,14864,GAME20120613REYS0332
2012,2012-06-13,Reg Season,Tohoku Rakuten Golden Eagles,Home,L,5,Tokyo Yakult Swallows,5,10,1,"0,3,0,0,2,0,0,0,0",3,Rakuten Seimei Park Miyagi,,03:30,14864,GAME20120613REYS0332
2012,2012-06-13,Reg Season,Chunichi Dragons,Away,L,0,Fukuoka Softbank Hawks,0,2,0,"0,0,0,0,0,0,0,0,0",3,Mizuho PayPay Dome Fukuoka,,02:51,37022,GAME20120613SHCD0335
2012,2012-06-13,Reg Season,Fukuoka Softbank Hawks,Home,W,1,Chunichi Dragons,1,4,0,"1,0,0,0,0,0,0,0,x",3,Mizuho PayPay Dome Fukuoka,,02:51,37022,GAME20120613SHCD0335
2012,2012-06-13,Reg Season,Hanshin Tigers,Away,L,0,Saitama Seibu Lions,0,2,0,"0,0,0,0,0,0,0,0,0",3,Belluna Dome,,02:31,26211,GAME20120613SLHT0333
2012,2012-06-13,Reg Season,Saitama Seibu Lions,Home,W,2,Hanshin Tigers,2,7,0,"0,0,0,2,0,0,0,0,x",3,Belluna Dome,,02:31,26211,GAME20120613SLHT0333
2012,2012-06-14,Reg Season,Hiroshima Toyo Carp,Away,W,6,Chiba Lotte Marines,6,10,0,"1,0,2,0,1,2,0,0,0",4,ZOZO Marine Stadium,,03:09,20691,GAME20120614LMHC0340
2012,2012-06-14,Reg Season,Chiba Lotte Marines,Home,L,3,Hiroshima Toyo Carp,3,6,1,"0,0,1,0,0,0,0,0,2",4,ZOZO Marine Stadium,,03:09,20691,GAME20120614LMHC0340
2012,2012-06-14,Reg Season,Yomiuri Giants,Away,L,1,Hokkaido Nippon-Ham Fighters,1,6,0,"1,0,0,0,0,0,0,0,0",4,Sapporo Dome,,03:12,29419,GAME20120614NFYG0339
2012,2012-06-14,Reg Season,Hokkaido Nippon-Ham Fighters,Home,W,5,Yomiuri Giants,5,12,0,"0,0,0,0,2,0,0,3,x",4,Sapporo Dome,,03:12,29419,GAME20120614NFYG0339
2012,2012-06-14,Reg Season,Yokohama DeNA Baystars,Away,L,4,Orix Buffaloes,4,6,1,"0,0,0,2,0,0,0,2,0",4,Kyocera Dome Osaka,,03:32,13077,GAME20120614OBDB0341
2012,2012-06-14,Reg Season,Orix Buffaloes,Home,W,5,Yokohama DeNA Baystars,5,4,1,"3,1,0,0,0,1,0,0,x",4,Kyocera Dome Osaka,,03:32,13077,GAME20120614OBDB0341
2012,2012-06-14,Reg Season,Tokyo Yakult Swallows,Away,W,3,Tohoku Rakuten Golden Eagles,3,7,0,"0,0,0,2,0,1,0,0,0",4,Rakuten Seimei Park Miyagi,,02:43,13250,GAME20120614REYS0338
2012,2012-06-14,Reg Season,Tohoku Rakuten Golden Eagles,Home,L,1,Tokyo Yakult Swallows,1,5,1,"0,0,0,0,0,0,0,1,0",4,Rakuten Seimei Park Miyagi,,02:43,13250,GAME20120614REYS0338
2012,2012-06-14,Reg Season,Chunichi Dragons,Away,L,0,Fukuoka Softbank Hawks,0,6,3,"0,0,0,0,0,0,0,0,0",4,Mizuho PayPay Dome Fukuoka,,02:56,31039,GAME20120614SHCD0343
2012,2012-06-14,Reg Season,Fukuoka Softbank Hawks,Home,W,8,Chunichi Dragons,8,10,0,"3,3,0,0,0,0,2,0,x",4,Mizuho PayPay Dome Fukuoka,,02:56,31039,GAME20120614SHCD0343
2012,2012-06-14,Reg Season,Hanshin Tigers,Away,W,4,Saitama Seibu Lions,4,13,0,"0,0,0,1,0,1,1,0,1",4,Belluna Dome,,03:35,23634,GAME20120614SLHT0342
2012,2012-06-14,Reg Season,Saitama Seibu Lions,Home,L,3,Hanshin Tigers,3,5,1,"1,2,0,0,0,0,0,0,0",4,Belluna Dome,,03:35,23634,GAME20120614SLHT0342
2012,2012-06-16,Reg Season,Hanshin Tigers,Away,W,8,Chiba Lotte Marines,8,16,0,"3,4,1,0,0,0,0,0,0",3,ZOZO Marine Stadium,,03:36,28801,GAME20120616LMHT0345
2012,2012-06-16,Reg Season,Chiba Lotte Marines,Home,L,5,Hanshin Tigers,5,11,2,"0,1,0,2,0,1,0,0,1",3,ZOZO Marine Stadium,,03:36,28801,GAME20120616LMHT0345
2012,2012-06-16,Reg Season,Tokyo Yakult Swallows,Away,L,2,Hokkaido Nippon-Ham Fighters,2,7,0,"0,2,0,0,0,0,0,0,0",3,Sapporo Dome,,03:27,32392,GAME20120616NFYS0348
2012,2012-06-16,Reg Season,Hokkaido Nippon-Ham Fighters,Home,W,3,Tokyo Yakult Swallows,3,11,0,"2,0,0,0,0,0,0,0,1x",3,Sapporo Dome,,03:27,32392,GAME20120616NFYS0348
2012,2012-06-16,Reg Season,Chunichi Dragons,Away,W,4,Orix Buffaloes,4,9,0,"1,0,0,0,0,0,0,1,0,0,2",3,Kyocera Dome Osaka,,03:56,31136,GAME20120616OBCD0349
2012,2012-06-16,Reg Season,Orix Buffaloes,Home,L,2,Chunichi Dragons,2,7,0,"2,0,0,0,0,0,0,0,0,0,0",3,Kyocera Dome Osaka,,03:56,31136,GAME20120616OBCD0349
2012,2012-06-16,Reg Season,Yomiuri Giants,Away,W,10,Tohoku Rakuten Golden Eagles,10,15,2,"4,4,1,0,0,0,0,0,1",3,Rakuten Seimei Park Miyagi,,03:14,20106,GAME20120616REYG0344
2012,2012-06-16,Reg Season,Tohoku Rakuten Golden Eagles,Home,L,1,Yomiuri Giants,1,5,2,"0,0,1,0,0,0,0,0,0",3,Rakuten Seimei Park Miyagi,,03:14,20106,GAME20120616REYG0344
2012,2012-06-16,Reg Season,Yokohama DeNA Baystars,Away,W,1,Fukuoka Softbank Hawks,1,7,0,"1,0,0,0,0,0,0,0,0",3,Mizuho PayPay Dome Fukuoka,,03:22,37173,GAME20120616SHDB0347
2012,2012-06-16,Reg Season,Fukuoka Softbank Hawks,Home,L,0,Yokohama DeNA Baystars,0,5,1,"0,0,0,0,0,0,0,0,0",3,Mizuho PayPay Dome Fukuoka,,03:22,37173,GAME20120616SHDB0347
2012,2012-06-16,Reg Season,Hiroshima Toyo Carp,Away,L,5,Saitama Seibu Lions,5,7,0,"0,0,0,0,0,0,2,2,1",3,Belluna Dome,,02:27,33901,GAME20120616SLHC0346
2012,2012-06-16,Reg Season,Saitama Seibu Lions,Home,W,6,Hiroshima Toyo Carp,6,7,1,"0,2,0,0,0,4,0,0,x",3,Belluna Dome,,02:27,33901,GAME20120616SLHC0346
2012,2012-06-17,Reg Season,Hanshin Tigers,Away,T,6,Chiba Lotte Marines,6,17,0,"0,0,0,0,0,1,2,3,0",4,ZOZO Marine Stadium,,04:02,30082,GAME20120617LMHT0354
2012,2012-06-17,Reg Season,Chiba Lotte Marines,Home,T,6,Hanshin Tigers,6,16,1,"0,0,1,0,1,2,1,0,1",4,ZOZO Marine Stadium,,04:02,30082,GAME20120617LMHT0354
2012,2012-06-17,Reg Season,Tokyo Yakult Swallows,Away,W,3,Hokkaido Nippon-Ham Fighters,3,5,0,"0,0,0,0,0,0,0,0,3",4,Sapporo Dome,,02:49,36032,GAME20120617NFYS0352
2012,2012-06-17,Reg Season,Hokkaido Nippon-Ham Fighters,Home,L,2,Tokyo Yakult Swallows,2,6,0,"0,0,0,0,1,1,0,0,0",4,Sapporo Dome,,02:49,36032,GAME20120617NFYS0352
2012,2012-06-17,Reg Season,Chunichi Dragons,Away,W,3,Orix Buffaloes,3,10,0,"0,0,0,0,1,0,0,2,0",4,Kyocera Dome Osaka,,02:58,28549,GAME20120617OBCD0353
2012,2012-06-17,Reg Season,Orix Buffaloes,Home,L,2,Chunichi Dragons,2,5,0,"1,0,0,0,0,0,0,0,1",4,Kyocera Dome Osaka,,02:58,28549,GAME20120617OBCD0353
2012,2012-06-17,Reg Season,Yomiuri Giants,Away,L,1,Tohoku Rakuten Golden Eagles,1,5,0,"0,0,0,0,1,0,0,0,0",4,Rakuten Seimei Park Miyagi,,02:24,20753,GAME20120617REYG0350
2012,2012-06-17,Reg Season,Tohoku Rakuten Golden Eagles,Home,W,2,Yomiuri Giants,2,7,1,"2,0,0,0,0,0,0,0,x",4,Rakuten Seimei Park Miyagi,,02:24,20753,GAME20120617REYG0350
2012,2012-06-17,Reg Season,Yokohama DeNA Baystars,Away,L,0,Fukuoka Softbank Hawks,0,4,0,"0,0,0,0,0,0,0,0,0",4,Mizuho PayPay Dome Fukuoka,,03:01,36525,GAME20120617SHDB0355
2012,2012-06-17,Reg Season,Fukuoka Softbank Hawks,Home,W,1,Yokohama DeNA Baystars,1,7,0,"0,0,1,0,0,0,0,0,x",4,Mizuho PayPay Dome Fukuoka,,03:01,36525,GAME20120617SHDB0355
2012,2012-06-17,Reg Season,Hiroshima Toyo Carp,Away,W,11,Saitama Seibu Lions,11,14,0,"1,0,0,0,0,4,2,4,0",4,Belluna Dome,,04:05,31520,GAME20120617SLHC0351
2012,2012-06-17,Reg Season,Saitama Seibu Lions,Home,L,4,Hiroshima Toyo Carp,4,9,0,"0,0,0,0,0,4,0,0,0",4,Belluna Dome,,04:05,31520,GAME20120617SLHC0351
2012,2012-06-18,Reg Season,Hokkaido Nippon-Ham Fighters,Away,W,7,Yokohama DeNA Baystars,7,11,0,"0,0,4,0,0,1,0,0,2",4,Yokohama Stadium,,03:28,9819,GAME20120618DBNF0356
2012,2012-06-18,Reg Season,Yokohama DeNA Baystars,Home,L,3,Hokkaido Nippon-Ham Fighters,3,7,0,"0,0,0,1,0,2,0,0,0",4,Yokohama Stadium,,03:28,9819,GAME20120618DBNF0356
2012,2012-06-20,Reg Season,Yokohama DeNA Baystars,Away,W,6,Tohoku Rakuten Golden Eagles,6,14,1,"0,0,0,4,1,1,0,0,0",4,Rakuten Seimei Park Miyagi,,03:08,10230,GAME20120620REDB0358
2012,2012-06-20,Reg Season,Tohoku Rakuten Golden Eagles,Home,L,2,Yokohama DeNA Baystars,2,5,0,"0,0,0,0,0,1,0,0,1",4,Rakuten Seimei Park Miyagi,,03:08,10230,GAME20120620REDB0358
2012,2012-06-20,Reg Season,Chiba Lotte Marines,Away,W,6,Tokyo Yakult Swallows,6,11,2,"1,0,0,0,1,2,1,0,1",4,Meiji Jingu Stadium,,03:00,12089,GAME20120620YSLM0357
2012,2012-06-20,Reg Season,Tokyo Yakult Swallows,Home,L,0,Chiba Lotte Marines,0,4,1,"0,0,0,0,0,0,0,0,0",4,Meiji Jingu Stadium,,03:00,12089,GAME20120620YSLM0357
2012,2012-06-22,Reg Season,Yokohama DeNA Baystars,Away,W,2,Hanshin Tigers,2,6,0,"0,0,0,0,0,2,0,0,0",10,Hanshin Koshien Stadium,,03:04,41260,GAME20120622HTDB0361
2012,2012-06-22,Reg Season,Hanshin Tigers,Home,L,1,Yokohama DeNA Baystars,1,3,0,"0,1,0,0,0,0,0,0,0",10,Hanshin Koshien Stadium,,03:04,41260,GAME20120622HTDB0361
2012,2012-06-22,Reg Season,Chiba Lotte Marines,Away,L,2,Tohoku Rakuten Golden Eagles,2,10,0,"1,0,0,0,0,1,0,0,0",6,York Kaiseizan Stadium,,02:32,8542,GAME20120622RELM0360
2012,2012-06-22,Reg Season,Tohoku Rakuten Golden Eagles,Home,W,3,Chiba Lotte Marines,3,10,1,"0,1,1,0,1,0,0,0,x",6,York Kaiseizan Stadium,,02:32,8542,GAME20120622RELM0360
2012,2012-06-22,Reg Season,Hokkaido Nippon-Ham Fighters,Away,L,1,Fukuoka Softbank Hawks,1,5,0,"0,0,0,0,0,0,1,0,0",7,Mizuho PayPay Dome Fukuoka,,02:55,34047,GAME20120622SHNF0363
2012,2012-06-22,Reg Season,Fukuoka Softbank Hawks,Home,W,2,Hokkaido Nippon-Ham Fighters,2,4,0,"2,0,0,0,0,0,0,0,x",7,Mizuho PayPay Dome Fukuoka,,02:55,34047,GAME20120622SHNF0363
2012,2012-06-22,Reg Season,Orix Buffaloes,Away,T,3,Saitama Seibu Lions,3,4,1,"0,0,0,3,0,0,0,0,0,0",5,Omiya Park Baseball Stadium,,03:34,20021,GAME20120622SLOB0359
2012,2012-06-22,Reg Season,Saitama Seibu Lions,Home,T,3,Orix Buffaloes,3,9,0,"0,3,0,0,0,0,0,0,0,0",5,Omiya Park Baseball Stadium,,03:34,20021,GAME20120622SLOB0359
2012,2012-06-22,Reg Season,Tokyo Yakult Swallows,Away,W,5,Yomiuri Giants,5,9,0,"0,0,0,2,0,0,3,0,0",9,Nagano Olympic Stadium,,03:20,26025,GAME20120622YGYS0362
2012,2012-06-22,Reg Season,Yomiuri Giants,Home,L,2,Tokyo Yakult Swallows,2,8,0,"0,0,0,0,0,0,2,0,0",9,Nagano Olympic Stadium,,03:20,26025,GAME20120622YGYS0362
2012,2012-06-23,Reg Season,Hiroshima Toyo Carp,Away,W,3,Chunichi Dragons,3,9,1,"0,0,1,2,0,0,0,0,0",10,Alpen Stadium,,03:16,14736,GAME20120623CDHC0369
2012,2012-06-23,Reg Season,Chunichi Dragons,Home,L,1,Hiroshima Toyo Carp,1,6,0,"0,0,0,0,0,1,0,0,0",10,Alpen Stadium,,03:16,14736,GAME20120623CDHC0369
2012,2012-06-23,Reg Season,Yokohama DeNA Baystars,Away,L,3,Hanshin Tigers,3,7,0,"1,0,0,0,0,2,0,0,0",11,Hanshin Koshien Stadium,,03:11,43470,GAME20120623HTDB0365
2012,2012-06-23,Reg Season,Hanshin Tigers,Home,W,7,Yokohama DeNA Baystars,7,10,0,"3,2,2,0,0,0,0,0,x",11,Hanshin Koshien Stadium,,03:11,43470,GAME20120623HTDB0365
2012,2012-06-23,Reg Season,Chiba Lotte Marines,Away,L,1,Tohoku Rakuten Golden Eagles,1,9,1,"0,0,0,0,0,1,0,0,0",7,Rakuten Seimei Park Miyagi,,03:00,15819,GAME20120623RELM0368
2012,2012-06-23,Reg Season,Tohoku Rakuten Golden Eagles,Home,W,2,Chiba Lotte Marines,2,5,1,"2,0,0,0,0,0,0,0,x",7,Rakuten Seimei Park Miyagi,,03:00,15819,GAME20120623RELM0368
2012,2012-06-23,Reg Season,Hokkaido Nippon-Ham Fighters,Away,L,6,Fukuoka Softbank Hawks,6,7,1,"3,1,1,0,1,0,0,0,0",8,Mizuho PayPay Dome Fukuoka,,03:25,35138,GAME20120623SHNF0364
2012,2012-06-23,Reg Season,Fukuoka Softbank Hawks,Home,W,7,Hokkaido Nippon-Ham Fighters,7,10,1,"1,0,0,0,1,1,0,4,x",8,Mizuho PayPay Dome Fukuoka,,03:25,35138,GAME20120623SHNF0364
2012,2012-06-23,Reg Season,Orix Buffaloes,Away,L,2,Saitama Seibu Lions,2,5,0,"1,0,1,0,0,0,0,0,0",6,Belluna Dome,,02:46,19581,GAME20120623SLOB0367
2012,2012-06-23,Reg Season,Saitama Seibu Lions,Home,W,5,Orix Buffaloes,5,9,0,"5,0,0,0,0,0,0,0,x",6,Belluna Dome,,02:46,19581,GAME20120623SLOB0367
2012,2012-06-23,Reg Season,Tokyo Yakult Swallows,Away,L,4,Yomiuri Giants,4,4,1,"3,0,0,0,1,0,0,0,0",10,Tokyo Dome,,03:16,42081,GAME20120623YGYS0366
2012,2012-06-23,Reg Season,Yomiuri Giants,Home,W,7,Tokyo Yakult Swallows,7,10,0,"0,0,0,4,0,1,1,1,x",10,Tokyo Dome,,03:16,42081,GAME20120623YGYS0366
2012,2012-06-24,Reg Season,Hiroshima Toyo Carp,Away,L,4,Chunichi Dragons,4,12,1,"0,0,0,4,0,0,0,0,0",11,Ishikawa Prefectural Baseball Stadium,,02:48,12208,GAME20120624CDHC0373
2012,2012-06-24,Reg Season,Chunichi Dragons,Home,W,5,Hiroshima Toyo Carp,5,7,0,"2,1,1,0,1,0,0,0,x",11,Ishikawa Prefectural Baseball Stadium,,02:48,12208,GAME20120624CDHC0373
2012,2012-06-24,Reg Season,Yokohama DeNA Baystars,Away,L,2,Hanshin Tigers,2,8,0,"0,0,0,0,0,0,0,0,2",12,Hanshin Koshien Stadium,,03:00,42558,GAME20120624HTDB0374
2012,2012-06-24,Reg Season,Hanshin Tigers,Home,W,5,Yokohama DeNA Baystars,5,9,0,"3,2,0,0,0,0,0,0,x",12,Hanshin Koshien Stadium,,03:00,42558,GAME20120624HTDB0374
2012,2012-06-24,Reg Season,Chiba Lotte Marines,Away,T,4,Tohoku Rakuten Golden Eagles,4,13,1,"0,2,1,0,0,0,0,0,1,0,0",8,Rakuten Seimei Park Miyagi,,03:31,18107,GAME20120624RELM0372
2012,2012-06-24,Reg Season,Tohoku Rakuten Golden Eagles,Home,T,4,Chiba Lotte Marines,4,6,0,"0,0,0,1,0,2,0,0,1,0,0",8,Rakuten Seimei Park Miyagi,,03:31,18107,GAME20120624RELM0372
2012,2012-06-24,Reg Season,Hokkaido Nippon-Ham Fighters,Away,W,6,Fukuoka Softbank Hawks,6,12,0,"1,0,0,1,1,2,1,0,0",9,Mizuho PayPay Dome Fukuoka,,03:28,33931,GAME20120624SHNF0370
2012,2012-06-24,Reg Season,Fukuoka Softbank Hawks,Home,L,0,Hokkaido Nippon-Ham Fighters,0,4,0,"0,0,0,0,0,0,0,0,0",9,Mizuho PayPay Dome Fukuoka,,03:28,33931,GAME20120624SHNF0370
2012,2012-06-24,Reg Season,Orix Buffaloes,Away,L,3,Saitama Seibu Lions,3,12,1,"1,0,0,0,1,0,0,0,1",7,Belluna Dome,,03:23,21707,GAME20120624SLOB0375
2012,2012-06-24,Reg Season,Saitama Seibu Lions,Home,W,4,Orix Buffaloes,4,11,0,"1,0,0,0,0,0,0,3,x",7,Belluna Dome,,03:23,21707,GAME20120624SLOB0375
2012,2012-06-24,Reg Season,Tokyo Yakult Swallows,Away,T,3,Yomiuri Giants,3,10,0,"0,0,0,1,1,0,0,0,0,1,0",11,Tokyo Dome,,03:49,43407,GAME20120624YGYS0371
2012,2012-06-24,Reg Season,Yomiuri Giants,Home,T,3,Tokyo Yakult Swallows,3,9,0,"0,0,1,0,0,1,0,0,0,1,0",11,Tokyo Dome,,03:49,43407,GAME20120624YGYS0371
2012,2012-06-25,Reg Season,Orix Buffaloes,Away,W,5,Saitama Seibu Lions,5,15,1,"1,0,2,0,0,0,2,0,0",8,Belluna Dome,,03:31,10122,GAME20120625SLOB0376
2012,2012-06-25,Reg Season,Saitama Seibu Lions,Home,L,3,Orix Buffaloes,3,9,1,"2,1,0,0,0,0,0,0,0",8,Belluna Dome,,03:31,10122,GAME20120625SLOB0376
2012,2012-06-26,Reg Season,Hanshin Tigers,Away,L,1,Chunichi Dragons,1,5,0,"0,0,0,0,0,0,0,1,0",7,Vantelin Dome Nagoya,,02:23,26104,GAME20120626CDHT0382
2012,2012-06-26,Reg Season,Chunichi Dragons,Home,W,3,Hanshin Tigers,3,4,0,"3,0,0,0,0,0,0,0,x",7,Vantelin Dome Nagoya,,02:23,26104,GAME20120626CDHT0382
2012,2012-06-26,Reg Season,Tokyo Yakult Swallows,Away,W,8,Yokohama DeNA Baystars,8,12,1,"0,0,1,0,4,2,0,0,1",6,Okinawa Cellular Stadium Naha,,03:54,10271,GAME20120626DBYS0380
2012,2012-06-26,Reg Season,Yokohama DeNA Baystars,Home,L,6,Tokyo Yakult Swallows,6,7,1,"0,0,0,1,0,0,5,0,0",6,Okinawa Cellular Stadium Naha,,03:54,10271,GAME20120626DBYS0380
2012,2012-06-26,Reg Season,Yomiuri Giants,Away,L,2,Hiroshima Toyo Carp,2,9,0,"0,0,2,0,0,0,0,0,0",7,MAZDA Zoom-Zoom Stadium Hiroshima,,02:48,17453,GAME20120626HCYG0378
2012,2012-06-26,Reg Season,Hiroshima Toyo Carp,Home,W,5,Yomiuri Giants,5,9,1,"2,0,0,1,2,0,0,0,x",7,MAZDA Zoom-Zoom Stadium Hiroshima,,02:48,17453,GAME20120626HCYG0378
2012,2012-06-26,Reg Season,Saitama Seibu Lions,Away,W,6,Chiba Lotte Marines,6,8,0,"3,0,0,0,0,0,0,0,3",8,ZOZO Marine Stadium,,02:40,15531,GAME20120626LMSL0379
2012,2012-06-26,Reg Season,Chiba Lotte Marines,Home,L,3,Saitama Seibu Lions,3,6,0,"0,0,0,0,0,0,0,0,3",8,ZOZO Marine Stadium,,02:40,15531,GAME20120626LMSL0379
2012,2012-06-26,Reg Season,Tohoku Rakuten Golden Eagles,Away,W,2,Hokkaido Nippon-Ham Fighters,2,10,0,"2,0,0,0,0,0,0,0,0",7,Tokyo Dome,,02:53,14995,GAME20120626NFRE0381
2012,2012-06-26,Reg Season,Hokkaido Nippon-Ham Fighters,Home,L,1,Tohoku Rakuten Golden Eagles,1,1,0,"0,0,0,0,0,1,0,0,0",7,Tokyo Dome,,02:53,14995,GAME20120626NFRE0381
2012,2012-06-26,Reg Season,Orix Buffaloes,Away,T,0,Fukuoka Softbank Hawks,0,7,0,"0,0,0,0,0,0,0,0,0,0",10,Mizuho PayPay Dome Fukuoka,,03:36,29473,GAME20120626SHOB0377
2012,2012-06-26,Reg Season,Fukuoka Softbank Hawks,Home,T,0,Orix Buffaloes,0,8,0,"0,0,0,0,0,0,0,0,0,0",10,Mizuho PayPay Dome Fukuoka,,03:36,29473,GAME20120626SHOB0377
2012,2012-06-27,Reg Season,Hanshin Tigers,Away,L,4,Chunichi Dragons,4,8,2,"0,0,0,2,0,2,0,0,0",8,Vantelin Dome Nagoya,,03:22,27059,GAME20120627CDHT0386
2012,2012-06-27,Reg Season,Chunichi Dragons,Home,W,9,Hanshin Tigers,9,12,0,"4,0,2,1,0,2,0,0,x",8,Vantelin Dome Nagoya,,03:22,27059,GAME20120627CDHT0386
2012,2012-06-27,Reg Season,Tokyo Yakult Swallows,Away,W,9,Yokohama DeNA Baystars,9,15,0,"0,0,0,4,0,0,4,1,0",7,Okinawa Cellular Stadium Naha,,03:51,10934,GAME20120627DBYS0388
2012,2012-06-27,Reg Season,Yokohama DeNA Baystars,Home,L,4,Tokyo Yakult Swallows,4,13,1,"0,0,0,1,0,0,3,0,0",7,Okinawa Cellular Stadium Naha,,03:51,10934,GAME20120627DBYS0388
2012,2012-06-27,Reg Season,Yomiuri Giants,Away,W,3,Hiroshima Toyo Carp,3,8,0,"0,0,0,1,2,0,0,0,0",8,MAZDA Zoom-Zoom Stadium Hiroshima,,03:00,17191,GAME20120627HCYG0387
2012,2012-06-27,Reg Season,Hiroshima Toyo Carp,Home,L,2,Yomiuri Giants,2,10,1,"0,1,0,0,0,1,0,0,0",8,MAZDA Zoom-Zoom Stadium Hiroshima,,03:00,17191,GAME20120627HCYG0387
2012,2012-06-27,Reg Season,Saitama Seibu Lions,Away,L,1,Chiba Lotte Marines,1,5,0,"0,0,0,0,0,0,0,0,1",9,ZOZO Marine Stadium,,02:21,11733,GAME20120627LMSL0384
2012,2012-06-27,Reg Season,Chiba Lotte Marines,Home,W,2,Saitama Seibu Lions,2,9,0,"0,0,0,2,0,0,0,0,x",9,ZOZO Marine Stadium,,02:21,11733,GAME20120627LMSL0384
2012,2012-06-27,Reg Season,Tohoku Rakuten Golden Eagles,Away,W,5,Hokkaido Nippon-Ham Fighters,5,11,2,"0,0,0,2,1,0,2,0,0",8,Tokyo Dome,,03:02,27633,GAME20120627NFRE0385
2012,2012-06-27,Reg Season,Hokkaido Nippon-Ham Fighters,Home,L,4,Tohoku Rakuten Golden Eagles,4,8,1,"0,0,0,1,0,0,2,1,0",8,Tokyo Dome,,03:02,27633,GAME20120627NFRE0385
2012,2012-06-27,Reg Season,Orix Buffaloes,Away,L,1,Fukuoka Softbank Hawks,1,3,1,"1,0,0,0,0,0,0,0,0",11,Mizuho PayPay Dome Fukuoka,,02:55,30335,GAME20120627SHOB0383
2012,2012-06-27,Reg Season,Fukuoka Softbank Hawks,Home,W,4,Orix Buffaloes,4,9,0,"0,0,0,0,4,0,0,0,x",11,Mizuho PayPay Dome Fukuoka,,02:55,30335,GAME20120627SHOB0383
2012,2012-06-28,Reg Season,Hanshin Tigers,Away,L,1,Chunichi Dragons,1,6,0,"0,0,0,1,0,0,0,0,0",9,Vantelin Dome Nagoya,,02:42,26154,GAME20120628CDHT0392
2012,2012-06-28,Reg Season,Chunichi Dragons,Home,W,4,Hanshin Tigers,4,7,0,"0,0,1,0,0,0,3,0,x",9,Vantelin Dome Nagoya,,02:42,26154,GAME20120628CDHT0392
2012,2012-06-28,Reg Season,Yomiuri Giants,Away,W,4,Hiroshima Toyo Carp,4,8,0,"2,0,0,1,0,1,0,0,0",9,MAZDA Zoom-Zoom Stadium Hiroshima,,02:27,18111,GAME20120628HCYG0393
2012,2012-06-28,Reg Season,Hiroshima Toyo Carp,Home,L,0,Yomiuri Giants,0,4,1,"0,0,0,0,0,0,0,0,0",9,MAZDA Zoom-Zoom Stadium Hiroshima,,02:27,18111,GAME20120628HCYG0393
2012,2012-06-28,Reg Season,Saitama Seibu Lions,Away,L,4,Chiba Lotte Marines,4,9,1,"1,0,0,0,0,0,3,0,0",10,ZOZO Marine Stadium,,02:56,8823,GAME20120628LMSL0390
2012,2012-06-28,Reg Season,Chiba Lotte Marines,Home,W,12,Saitama Seibu Lions,12,14,0,"1,4,0,0,1,3,1,2,x",10,ZOZO Marine Stadium,,02:56,8823,GAME20120628LMSL0390
2012,2012-06-28,Reg Season,Tohoku Rakuten Golden Eagles,Away,L,3,Hokkaido Nippon-Ham Fighters,3,11,1,"0,0,0,1,1,0,0,1,0",9,Tokyo Dome,,03:00,16801,GAME20120628NFRE0391
2012,2012-06-28,Reg Season,Hokkaido Nippon-Ham Fighters,Home,W,7,Tohoku Rakuten Golden Eagles,7,11,0,"0,2,2,0,0,0,1,2,x",9,Tokyo Dome,,03:00,16801,GAME20120628NFRE0391
2012,2012-06-28,Reg Season,Orix Buffaloes,Away,W,5,Fukuoka Softbank Hawks,5,8,0,"0,0,0,0,0,0,2,3,0",12,Mizuho PayPay Dome Fukuoka,,03:35,31024,GAME20120628SHOB0389
2012,2012-06-28,Reg Season,Fukuoka Softbank Hawks,Home,L,1,Orix Buffaloes,1,7,1,"0,1,0,0,0,0,0,0,0",12,Mizuho PayPay Dome Fukuoka,,03:35,31024,GAME20120628SHOB0389
2012,2012-06-29,Reg Season,Yokohama DeNA Baystars,Away,L,1,Hiroshima Toyo Carp,1,10,1,"1,0,0,0,0,0,0,0,0",7,MAZDA Zoom-Zoom Stadium Hiroshima,,02:51,18865,GAME20120629HCDB0399
2012,2012-06-29,Reg Season,Hiroshima Toyo Carp,Home,W,2,Yokohama DeNA Baystars,2,9,0,"2,0,0,0,0,0,0,0,x",7,MAZDA Zoom-Zoom Stadium Hiroshima,,02:51,18865,GAME20120629HCDB0399
2012,2012-06-29,Reg Season,Chiba Lotte Marines,Away,T,3,Orix Buffaloes,3,7,2,"0,0,3,0,0,0,0,0,0",6,Kyocera Dome Osaka,,03:42,25600,GAME20120629OBLM0394
2012,2012-06-29,Reg Season,Orix Buffaloes,Home,T,3,Chiba Lotte Marines,3,9,1,"0,0,0,0,1,0,1,1,0",6,Kyocera Dome Osaka,,03:42,25600,GAME20120629OBLM0394
2012,2012-06-29,Reg Season,Fukuoka Softbank Hawks,Away,L,0,Tohoku Rakuten Golden Eagles,0,5,1,"0,0,0,0,0,0,0,0,0",9,Rakuten Seimei Park Miyagi,,03:12,14126,GAME20120629RESH0395
2012,2012-06-29,Reg Season,Tohoku Rakuten Golden Eagles,Home,W,6,Fukuoka Softbank Hawks,6,8,1,"0,0,0,0,0,0,1,5,x",9,Rakuten Seimei Park Miyagi,,03:12,14126,GAME20120629RESH0395
2012,2012-06-29,Reg Season,Hokkaido Nippon-Ham Fighters,Away,L,5,Saitama Seibu Lions,5,7,1,"0,0,0,1,3,1,0,0,0",9,Belluna Dome,,03:21,13972,GAME20120629SLNF0398
2012,2012-06-29,Reg Season,Saitama Seibu Lions,Home,W,7,Hokkaido Nippon-Ham Fighters,7,11,0,"0,0,4,1,0,0,0,2,x",9,Belluna Dome,,03:21,13972,GAME20120629SLNF0398
2012,2012-06-29,Reg Season,Chunichi Dragons,Away,L,1,Yomiuri Giants,1,5,0,"0,0,0,0,1,0,0,0,0",7,Tokyo Dome,,02:59,43090,GAME20120629YGCD0396
2012,2012-06-29,Reg Season,Yomiuri Giants,Home,W,2,Chunichi Dragons,2,8,1,"0,0,0,2,0,0,0,0,x",7,Tokyo Dome,,02:59,43090,GAME20120629YGCD0396
2012,2012-06-29,Reg Season,Hanshin Tigers,Away,L,6,Tokyo Yakult Swallows,6,12,1,"0,4,1,0,1,0,0,0,0",6,Meiji Jingu Stadium,,03:42,20842,GAME20120629YSHT0397
2012,2012-06-29,Reg Season,Tokyo Yakult Swallows,Home,W,7,Hanshin Tigers,7,7,0,"0,0,0,3,1,0,2,1,x",6,Meiji Jingu Stadium,,03:42,20842,GAME20120629YSHT0397
2012,2012-06-30,Reg Season,Yokohama DeNA Baystars,Away,W,6,Hiroshima Toyo Carp,6,11,1,"0,1,2,0,0,2,0,1,0",8,MAZDA Zoom-Zoom Stadium Hiroshima,,03:18,22448,GAME20120630HCDB0403
2012,2012-06-30,Reg Season,Hiroshima Toyo Carp,Home,L,2,Yokohama DeNA Baystars,2,5,1,"1,0,0,1,0,0,0,0,0",8,MAZDA Zoom-Zoom Stadium Hiroshima,,03:18,22448,GAME20120630HCDB0403
2012,2012-06-30,Reg Season,Chiba Lotte Marines,Away,L,0,Orix Buffaloes,0,5,0,"0,0,0,0,0,0,0,0,0",7,Kyocera Dome Osaka,,02:55,26277,GAME20120630OBLM0400
2012,2012-06-30,Reg Season,Orix Buffaloes,Home,W,3,Chiba Lotte Marines,3,8,1,"1,0,2,0,0,0,0,0,x",7,Kyocera Dome Osaka,,02:55,26277,GAME20120630OBLM0400
2012,2012-06-30,Reg Season,Fukuoka Softbank Hawks,Away,L,4,Tohoku Rakuten Golden Eagles,4,9,1,"0,0,0,0,0,0,0,0,4",10,Rakuten Seimei Park Miyagi,,03:10,17872,GAME20120630RESH0404
2012,2012-06-30,Reg Season,Tohoku Rakuten Golden Eagles,Home,W,8,Fukuoka Softbank Hawks,8,8,0,"0,1,0,3,0,0,0,4,x",10,Rakuten Seimei Park Miyagi,,03:10,17872,GAME20120630RESH0404
2012,2012-06-30,Reg Season,Hokkaido Nippon-Ham Fighters,Away,L,5,Saitama Seibu Lions,5,13,0,"0,0,2,0,0,3,0,0,0",10,Belluna Dome,,03:19,24049,GAME20120630SLNF0402
2012,2012-06-30,Reg Season,Saitama Seibu Lions,Home,W,10,Hokkaido Nippon-Ham Fighters,10,12,1,"0,0,0,0,0,9,0,1,x",10,Belluna Dome,,03:19,24049,GAME20120630SLNF0402
2012,2012-06-30,Reg Season,Chunichi Dragons,Away,L,2,Yomiuri Giants,2,8,1,"0,0,2,0,0,0,0,0,0",8,Tokyo Dome,,02:48,44020,GAME20120630YGCD0401
2012,2012-06-30,Reg Season,Yomiuri Giants,Home,W,4,Chunichi Dragons,4,7,0,"4,0,0,0,0,0,0,0,x",8,Tokyo Dome,,02:48,44020,GAME20120630YGCD0401
2012,2012-06-30,Reg Season,Hanshin Tigers,Away,W,6,Tokyo Yakult Swallows,6,12,0,"1,1,2,0,1,0,0,1,0",7,Meiji Jingu Stadium,,03:23,27015,GAME20120630YSHT0405
2012,2012-06-30,Reg Season,Tokyo Yakult Swallows,Home,L,4,Hanshin Tigers,4,8,0,"1,0,3,0,0,0,0,0,0",7,Meiji Jingu Stadium,,03:23,27015,GAME20120630YSHT0405
2012,2012-07-01,Reg Season,Yokohama DeNA Baystars,Away,L,1,Hiroshima Toyo Carp,1,4,0,"0,0,0,0,1,0,0,0,0",9,MAZDA Zoom-Zoom Stadium Hiroshima,,02:53,24467,GAME20120701HCDB0411
2012,2012-07-01,Reg Season,Hiroshima Toyo Carp,Home,W,2,Yokohama DeNA Baystars,2,4,2,"0,0,0,0,1,0,1,0,x",9,MAZDA Zoom-Zoom Stadium Hiroshima,,02:53,24467,GAME20120701HCDB0411
2012,2012-07-01,Reg Season,Chiba Lotte Marines,Away,W,4,Orix Buffaloes,4,12,0,"0,0,0,1,0,1,0,2,0",8,Kyocera Dome Osaka,,03:16,29735,GAME20120701OBLM0409
2012,2012-07-01,Reg Season,Orix Buffaloes,Home,L,1,Chiba Lotte Marines,1,6,0,"0,0,0,1,0,0,0,0,0",8,Kyocera Dome Osaka,,03:16,29735,GAME20120701OBLM0409
2012,2012-07-01,Reg Season,Fukuoka Softbank Hawks,Away,L,2,Tohoku Rakuten Golden Eagles,2,9,0,"1,0,0,0,0,0,0,1,0,0",11,Rakuten Seimei Park Miyagi,,03:47,16089,GAME20120701RESH0408
2012,2012-07-01,Reg Season,Tohoku Rakuten Golden Eagles,Home,W,3,Fukuoka Softbank Hawks,3,12,0,"0,0,0,0,2,0,0,0,0,1x",11,Rakuten Seimei Park Miyagi,,03:47,16089,GAME20120701RESH0408
2012,2012-07-01,Reg Season,Hokkaido Nippon-Ham Fighters,Away,T,3,Saitama Seibu Lions,3,6,2,"0,0,3,0,0,0,0,0,0,0",11,Belluna Dome,,03:31,29605,GAME20120701SLNF0410
2012,2012-07-01,Reg Season,Saitama Seibu Lions,Home,T,3,Hokkaido Nippon-Ham Fighters,3,10,0,"0,0,0,0,0,0,1,2,0,0",11,Belluna Dome,,03:31,29605,GAME20120701SLNF0410
2012,2012-07-01,Reg Season,Chunichi Dragons,Away,L,5,Yomiuri Giants,5,8,1,"0,0,0,0,0,0,2,3,0",9,Tokyo Dome,,03:01,45044,GAME20120701YGCD0406
2012,2012-07-01,Reg Season,Yomiuri Giants,Home,W,7,Chunichi Dragons,7,6,1,"0,3,0,0,0,2,2,0,x",9,Tokyo Dome,,03:01,45044,GAME20120701YGCD0406
2012,2012-07-01,Reg Season,Hanshin Tigers,Away,L,5,Tokyo Yakult Swallows,5,12,0,"0,0,0,0,5,0,0,0,0",8,Meiji Jingu Stadium,,03:33,21029,GAME20120701YSHT0407
2012,2012-07-01,Reg Season,Tokyo Yakult Swallows,Home,W,9,Hanshin Tigers,9,15,1,"1,0,0,1,1,4,2,0,x",8,Meiji Jingu Stadium,,03:33,21029,GAME20120701YSHT0407
2012,2012-07-02,Reg Season,Saitama Seibu Lions,Away,L,1,Fukuoka Softbank Hawks,1,6,0,"0,0,0,0,0,0,0,0,1",7,Tokyo Dome,,02:50,46441,GAME20120702SHSL0412
2012,2012-07-02,Reg Season,Fukuoka Softbank Hawks,Home,W,4,Saitama Seibu Lions,4,8,0,"0,0,0,1,0,0,3,0,x",7,Tokyo Dome,,02:50,46441,GAME20120702SHSL0412
2012,2012-07-03,Reg Season,Hiroshima Toyo Carp,Away,W,4,Hanshin Tigers,4,9,2,"0,0,0,0,0,0,1,0,3",9,Matsuyama Central Park Baseball Stadium,,03:46,22046,GAME20120703HTHC0414
2012,2012-07-03,Reg Season,Hanshin Tigers,Home,L,3,Hiroshima Toyo Carp,3,10,0,"1,0,1,1,0,0,0,0,0",9,Matsuyama Central Park Baseball Stadium,,03:46,22046,GAME20120703HTHC0414
2012,2012-07-03,Reg Season,Hokkaido Nippon-Ham Fighters,Away,L,3,Orix Buffaloes,3,9,1,"0,0,0,0,0,0,0,3,0",10,Kyocera Dome Osaka,,03:03,14059,GAME20120703OBNF0413
2012,2012-07-03,Reg Season,Orix Buffaloes,Home,W,6,Hokkaido Nippon-Ham Fighters,6,7,0,"0,0,0,4,0,0,2,0,x",10,Kyocera Dome Osaka,,03:03,14059,GAME20120703OBNF0413
2012,2012-07-04,Reg Season,Yomiuri Giants,Away,L,3,Yokohama DeNA Baystars,3,7,2,"0,0,3,0,0,0,0,0,0",7,Yokohama Stadium,,03:01,21750,GAME20120704DBYG0419
2012,2012-07-04,Reg Season,Yokohama DeNA Baystars,Home,W,4,Yomiuri Giants,4,10,0,"0,0,3,0,1,0,0,0,x",7,Yokohama Stadium,,03:01,21750,GAME20120704DBYG0419
2012,2012-07-04,Reg Season,Hiroshima Toyo Carp,Away,W,3,Hanshin Tigers,3,5,1,"0,0,1,1,0,0,0,0,1",10,Matsuyama Central Park Baseball Stadium,,02:57,21851,GAME20120704HTHC0418
2012,2012-07-04,Reg Season,Hanshin Tigers,Home,L,1,Hiroshima Toyo Carp,1,3,2,"0,0,0,1,0,0,0,0,0",10,Matsuyama Central Park Baseball Stadium,,02:57,21851,GAME20120704HTHC0418
2012,2012-07-04,Reg Season,Tohoku Rakuten Golden Eagles,Away,L,2,Chiba Lotte Marines,2,10,1,"0,1,0,0,0,0,1,0,0",9,ZOZO Marine Stadium,,02:43,10786,GAME20120704LMRE0415
2012,2012-07-04,Reg Season,Chiba Lotte Marines,Home,W,3,Tohoku Rakuten Golden Eagles,3,6,0,"0,0,1,0,0,2,0,0,x",9,ZOZO Marine Stadium,,02:43,10786,GAME20120704LMRE0415
2012,2012-07-04,Reg Season,Hokkaido Nippon-Ham Fighters,Away,L,1,Orix Buffaloes,1,4,1,"0,0,0,0,0,0,1,0,0",11,Kyocera Dome Osaka,,02:38,11451,GAME20120704OBNF0417
2012,2012-07-04,Reg Season,Orix Buffaloes,Home,W,5,Hokkaido Nippon-Ham Fighters,5,9,0,"1,1,1,0,2,0,0,0,x",11,Kyocera Dome Osaka,,02:38,11451,GAME20120704OBNF0417
2012,2012-07-04,Reg Season,Saitama Seibu Lions,Away,W,7,Fukuoka Softbank Hawks,7,9,0,"2,0,0,0,0,3,0,0,2",8,Mizuho PayPay Dome Fukuoka,,03:23,31627,GAME20120704SHSL0416
2012,2012-07-04,Reg Season,Fukuoka Softbank Hawks,Home,L,2,Saitama Seibu Lions,2,10,0,"0,0,0,2,0,0,0,0,0",8,Mizuho PayPay Dome Fukuoka,,03:23,31627,GAME20120704SHSL0416
2012,2012-07-04,Reg Season,Chunichi Dragons,Away,L,4,Tokyo Yakult Swallows,4,9,0,"0,0,0,1,0,2,0,1,0",10,Meiji Jingu Stadium,,03:11,15462,GAME20120704YSCD0420
2012,2012-07-04,Reg Season,Tokyo Yakult Swallows,Home,W,12,Chunichi Dragons,12,18,0,"0,2,1,2,0,5,0,2,x",10,Meiji Jingu Stadium,,03:11,15462,GAME20120704YSCD0420
2012,2012-07-05,Reg Season,Yomiuri Giants,Away,W,6,Yokohama DeNA Baystars,6,11,0,"0,0,2,1,2,0,1,0,0",8,Yokohama Stadium,,03:30,17591,GAME20120705DBYG0423
2012,2012-07-05,Reg Season,Yokohama DeNA Baystars,Home,L,3,Yomiuri Giants,3,10,0,"0,2,0,0,1,0,0,0,0",8,Yokohama Stadium,,03:30,17591,GAME20120705DBYG0423
2012,2012-07-05,Reg Season,Tohoku Rakuten Golden Eagles,Away,L,1,Chiba Lotte Marines,1,8,1,"0,0,0,0,0,0,0,1,0",10,ZOZO Marine Stadium,,02:14,9979,GAME20120705LMRE0425
2012,2012-07-05,Reg Season,Chiba Lotte Marines,Home,W,2,Tohoku Rakuten Golden Eagles,2,7,0,"0,2,0,0,0,0,0,0,x",10,ZOZO Marine Stadium,,02:14,9979,GAME20120705LMRE0425
2012,2012-07-05,Reg Season,Hokkaido Nippon-Ham Fighters,Away,W,4,Orix Buffaloes,4,10,1,"2,0,0,0,0,2,0,0,0",12,Kyocera Dome Osaka,,03:10,11302,GAME20120705OBNF0421
2012,2012-07-05,Reg Season,Orix Buffaloes,Home,L,3,Hokkaido Nippon-Ham Fighters,3,8,3,"0,0,0,0,0,3,0,0,0",12,Kyocera Dome Osaka,,03:10,11302,GAME20120705OBNF0421
2012,2012-07-05,Reg Season,Saitama Seibu Lions,Away,W,4,Fukuoka Softbank Hawks,4,8,0,"2,1,0,0,1,0,0,0,0",9,Mizuho PayPay Dome Fukuoka,,03:37,32023,GAME20120705SHSL0422
2012,2012-07-05,Reg Season,Fukuoka Softbank Hawks,Home,L,3,Saitama Seibu Lions,3,9,1,"0,0,0,1,0,0,2,0,0",9,Mizuho PayPay Dome Fukuoka,,03:37,32023,GAME20120705SHSL0422
2012,2012-07-05,Reg Season,Chunichi Dragons,Away,L,3,Tokyo Yakult Swallows,3,9,1,"0,1,0,0,0,1,0,1,0",11,Meiji Jingu Stadium,,03:28,13245,GAME20120705YSCD0424
2012,2012-07-05,Reg Season,Tokyo Yakult Swallows,Home,W,12,Chunichi Dragons,12,15,1,"0,0,2,4,1,3,0,2,x",11,Meiji Jingu Stadium,,03:28,13245,GAME20120705YSCD0424
2012,2012-07-06,Reg Season,Yokohama DeNA Baystars,Away,L,0,Chunichi Dragons,0,3,1,"0,0,0,0,0,0,0,0,0,0",9,Vantelin Dome Nagoya,,03:12,25869,GAME20120706CDDB0430
2012,2012-07-06,Reg Season,Chunichi Dragons,Home,W,1,Yokohama DeNA Baystars,1,9,1,"0,0,0,0,0,0,0,0,0,1x",9,Vantelin Dome Nagoya,,03:12,25869,GAME20120706CDDB0430
2012,2012-07-06,Reg Season,Orix Buffaloes,Away,W,11,Chiba Lotte Marines,11,15,1,"4,3,0,0,1,0,0,1,2",9,ZOZO Marine Stadium,,03:37,10973,GAME20120706LMOB0429
2012,2012-07-06,Reg Season,Chiba Lotte Marines,Home,L,7,Orix Buffaloes,7,6,0,"1,0,2,1,3,0,0,0,0",9,ZOZO Marine Stadium,,03:37,10973,GAME20120706LMOB0429
2012,2012-07-06,Reg Season,Fukuoka Softbank Hawks,Away,T,5,Hokkaido Nippon-Ham Fighters,5,17,1,"0,0,0,0,3,0,1,1,0",10,Sapporo Dome,,03:52,21763,GAME20120706NFSH0426
2012,2012-07-06,Reg Season,Hokkaido Nippon-Ham Fighters,Home,T,5,Fukuoka Softbank Hawks,5,11,0,"3,0,1,0,1,0,0,0,0",10,Sapporo Dome,,03:52,21763,GAME20120706NFSH0426
2012,2012-07-06,Reg Season,Tohoku Rakuten Golden Eagles,Away,W,6,Saitama Seibu Lions,6,14,0,"0,4,1,0,0,1,0,0,0",8,Belluna Dome,,02:59,13597,GAME20120706SLRE0427
2012,2012-07-06,Reg Season,Saitama Seibu Lions,Home,L,2,Tohoku Rakuten Golden Eagles,2,8,0,"0,0,0,2,0,0,0,0,0",8,Belluna Dome,,02:59,13597,GAME20120706SLRE0427
2012,2012-07-06,Reg Season,Hanshin Tigers,Away,L,3,Yomiuri Giants,3,12,0,"0,0,0,1,0,0,1,0,1",10,Tokyo Dome,,03:23,43313,GAME20120706YGHT0428
2012,2012-07-06,Reg Season,Yomiuri Giants,Home,W,6,Hanshin Tigers,6,8,1,"4,2,0,0,0,0,0,0,x",10,Tokyo Dome,,03:23,43313,GAME20120706YGHT0428
2012,2012-07-07,Reg Season,Yokohama DeNA Baystars,Away,L,5,Chunichi Dragons,5,10,1,"0,0,0,1,3,0,1,0,0",10,Vantelin Dome Nagoya,,03:04,35114,GAME20120707CDDB0434
2012,2012-07-07,Reg Season,Chunichi Dragons,Home,W,9,Yokohama DeNA Baystars,9,13,1,"0,3,4,2,0,0,0,0,x",10,Vantelin Dome Nagoya,,03:04,35114,GAME20120707CDDB0434
2012,2012-07-07,Reg Season,Tokyo Yakult Swallows,Away,L,4,Hiroshima Toyo Carp,4,7,0,"0,2,0,0,0,0,0,1,1",9,MAZDA Zoom-Zoom Stadium Hiroshima,,02:40,22351,GAME20120707HCYS0431
2012,2012-07-07,Reg Season,Hiroshima Toyo Carp,Home,W,9,Tokyo Yakult Swallows,9,14,1,"0,6,1,0,0,0,2,0,x",9,MAZDA Zoom-Zoom Stadium Hiroshima,,02:40,22351,GAME20120707HCYS0431
2012,2012-07-07,Reg Season,Orix Buffaloes,Away,L,5,Chiba Lotte Marines,5,10,0,"0,4,1,0,0,0,0,0,0",10,ZOZO Marine Stadium,,03:14,17191,GAME20120707LMOB0433
2012,2012-07-07,Reg Season,Chiba Lotte Marines,Home,W,8,Orix Buffaloes,8,11,0,"0,1,1,0,0,2,2,2,x",10,ZOZO Marine Stadium,,03:14,17191,GAME20120707LMOB0433
2012,2012-07-07,Reg Season,Fukuoka Softbank Hawks,Away,W,5,Hokkaido Nippon-Ham Fighters,5,11,1,"0,1,0,1,0,0,0,2,1",11,Sapporo Dome,,03:13,33596,GAME20120707NFSH0435
2012,2012-07-07,Reg Season,Hokkaido Nippon-Ham Fighters,Home,L,0,Fukuoka Softbank Hawks,0,3,0,"0,0,0,0,0,0,0,0,0",11,Sapporo Dome,,03:13,33596,GAME20120707NFSH0435
2012,2012-07-07,Reg Season,Tohoku Rakuten Golden Eagles,Away,W,12,Saitama Seibu Lions,12,19,1,"0,0,0,1,0,0,6,1,4",9,Belluna Dome,,03:22,25415,GAME20120707SLRE0432
2012,2012-07-07,Reg Season,Saitama Seibu Lions,Home,L,1,Tohoku Rakuten Golden Eagles,1,5,1,"0,0,0,0,0,1,0,0,0",9,Belluna Dome,,03:22,25415,GAME20120707SLRE0432
2012,2012-07-07,Reg Season,Hanshin Tigers,Away,L,5,Yomiuri Giants,5,12,1,"0,3,2,0,0,0,0,0,0",11,Tokyo Dome,,03:21,44441,GAME20120707YGHT0436
2012,2012-07-07,Reg Season,Yomiuri Giants,Home,W,7,Hanshin Tigers,7,11,0,"1,2,0,0,3,0,1,0,x",11,Tokyo Dome,,03:21,44441,GAME20120707YGHT0436
2012,2012-07-08,Reg Season,Yokohama DeNA Baystars,Away,L,1,Chunichi Dragons,1,8,0,"0,0,0,0,0,0,1,0,0,0",11,Vantelin Dome Nagoya,,03:42,32849,GAME20120708CDDB0442
2012,2012-07-08,Reg Season,Chunichi Dragons,Home,W,2,Yokohama DeNA Baystars,2,6,0,"0,0,0,0,0,0,0,1,0,1x",11,Vantelin Dome Nagoya,,03:42,32849,GAME20120708CDDB0442
2012,2012-07-08,Reg Season,Tokyo Yakult Swallows,Away,L,0,Hiroshima Toyo Carp,0,6,0,"0,0,0,0,0,0,0,0,0",10,MAZDA Zoom-Zoom Stadium Hiroshima,,03:11,25453,GAME20120708HCYS0437
2012,2012-07-08,Reg Season,Hiroshima Toyo Carp,Home,W,2,Tokyo Yakult Swallows,2,8,0,"1,0,0,0,0,1,0,0,x",10,MAZDA Zoom-Zoom Stadium Hiroshima,,03:11,25453,GAME20120708HCYS0437
2012,2012-07-08,Reg Season,Orix Buffaloes,Away,W,4,Chiba Lotte Marines,4,9,1,"2,1,0,0,0,0,0,0,1",11,ZOZO Marine Stadium,,03:27,21098,GAME20120708LMOB0438
2012,2012-07-08,Reg Season,Chiba Lotte Marines,Home,L,3,Orix Buffaloes,3,10,0,"0,0,0,2,1,0,0,0,0",11,ZOZO Marine Stadium,,03:27,21098,GAME20120708LMOB0438
2012,2012-07-08,Reg Season,Fukuoka Softbank Hawks,Away,W,8,Hokkaido Nippon-Ham Fighters,8,17,1,"0,4,0,0,1,0,0,3,0",12,Sapporo Dome,,03:25,32383,GAME20120708NFSH0439
2012,2012-07-08,Reg Season,Hokkaido Nippon-Ham Fighters,Home,L,5,Fukuoka Softbank Hawks,5,11,0,"0,0,0,0,2,0,1,0,2",12,Sapporo Dome,,03:25,32383,GAME20120708NFSH0439
2012,2012-07-08,Reg Season,Tohoku Rakuten Golden Eagles,Away,L,5,Saitama Seibu Lions,5,12,0,"0,3,0,0,2,0,0,0,0",10,Belluna Dome,,03:34,27962,GAME20120708SLRE0441
2012,2012-07-08,Reg Season,Saitama Seibu Lions,Home,W,9,Tohoku Rakuten Golden Eagles,9,14,1,"1,0,1,1,0,5,0,1,x",10,Belluna Dome,,03:34,27962,GAME20120708SLRE0441
2012,2012-07-08,Reg Season,Hanshin Tigers,Away,L,2,Yomiuri Giants,2,6,0,"0,0,1,0,0,0,0,0,1",12,Tokyo Dome,,02:48,44494,GAME20120708YGHT0440
2012,2012-07-08,Reg Season,Yomiuri Giants,Home,W,3,Hanshin Tigers,3,9,0,"0,0,1,1,1,0,0,0,x",12,Tokyo Dome,,02:48,44494,GAME20120708YGHT0440
2012,2012-07-10,Reg Season,Chunichi Dragons,Away,L,0,Hanshin Tigers,0,11,0,"0,0,0,0,0,0,0,0,0",10,Hanshin Koshien Stadium,,03:34,32165,GAME20120710HTCD0443
2012,2012-07-10,Reg Season,Hanshin Tigers,Home,W,1,Chunichi Dragons,1,7,0,"0,0,1,0,0,0,0,0,x",10,Hanshin Koshien Stadium,,03:34,32165,GAME20120710HTCD0443
2012,2012-07-10,Reg Season,Chiba Lotte Marines,Away,L,1,Hokkaido Nippon-Ham Fighters,1,6,1,"0,0,0,1,0,0,0,0,0",9,Sapporo Dome,,02:50,26060,GAME20120710NFLM0444
2012,2012-07-10,Reg Season,Hokkaido Nippon-Ham Fighters,Home,W,5,Chiba Lotte Marines,5,9,0,"0,0,0,2,0,0,0,3,x",9,Sapporo Dome,,02:50,26060,GAME20120710NFLM0444
2012,2012-07-10,Reg Season,Orix Buffaloes,Away,L,3,Tohoku Rakuten Golden Eagles,3,11,0,"1,0,1,0,1,0,0,0,0,0",10,Rakuten Seimei Park Miyagi,,03:41,14026,GAME20120710REOB0445
2012,2012-07-10,Reg Season,Tohoku Rakuten Golden Eagles,Home,W,6,Orix Buffaloes,6,10,0,"0,0,0,2,1,0,0,0,0,3X",10,Rakuten Seimei Park Miyagi,,03:41,14026,GAME20120710REOB0445
2012,2012-07-10,Reg Season,Fukuoka Softbank Hawks,Away,L,2,Saitama Seibu Lions,2,7,1,"0,0,0,0,0,0,0,0,2",10,Belluna Dome,,03:00,12505,GAME20120710SLSH0447
2012,2012-07-10,Reg Season,Saitama Seibu Lions,Home,W,5,Fukuoka Softbank Hawks,5,8,0,"0,1,2,0,0,1,0,1,x",10,Belluna Dome,,03:00,12505,GAME20120710SLSH0447
2012,2012-07-10,Reg Season,Hiroshima Toyo Carp,Away,L,4,Yomiuri Giants,4,10,2,"2,0,0,0,2,0,0,0,0",10,Kyocera Dome Osaka,,03:07,32857,GAME20120710YGHC0448
2012,2012-07-10,Reg Season,Yomiuri Giants,Home,W,7,Hiroshima Toyo Carp,7,6,1,"0,0,0,4,0,3,0,0,x",10,Kyocera Dome Osaka,,03:07,32857,GAME20120710YGHC0448
2012,2012-07-10,Reg Season,Yokohama DeNA Baystars,Away,W,6,Tokyo Yakult Swallows,6,8,1,"1,0,0,0,1,1,0,3,0",8,Meiji Jingu Stadium,,03:28,13552,GAME20120710YSDB0446
2012,2012-07-10,Reg Season,Tokyo Yakult Swallows,Home,L,1,Yokohama DeNA Baystars,1,4,0,"1,0,0,0,0,0,0,0,0",8,Meiji Jingu Stadium,,03:28,13552,GAME20120710YSDB0446
2012,2012-07-11,Reg Season,Chunichi Dragons,Away,W,2,Hanshin Tigers,2,8,0,"2,0,0,0,0,0,0,0,0",11,Hanshin Koshien Stadium,,03:37,32413,GAME20120711HTCD0449
2012,2012-07-11,Reg Season,Hanshin Tigers,Home,L,1,Chunichi Dragons,1,8,0,"1,0,0,0,0,0,0,0,0",11,Hanshin Koshien Stadium,,03:37,32413,GAME20120711HTCD0449
2012,2012-07-11,Reg Season,Chiba Lotte Marines,Away,T,0,Hokkaido Nippon-Ham Fighters,0,4,1,"0,0,0,0,0,0,0,0,0,0,0,0",10,Sapporo Dome,,03:41,16608,GAME20120711NFLM0453
2012,2012-07-11,Reg Season,Hokkaido Nippon-Ham Fighters,Home,T,0,Chiba Lotte Marines,0,6,0,"0,0,0,0,0,0,0,0,0,0,0,0",10,Sapporo Dome,,03:41,16608,GAME20120711NFLM0453
2012,2012-07-11,Reg Season,Orix Buffaloes,Away,W,3,Tohoku Rakuten Golden Eagles,3,7,2,"0,0,0,0,0,0,2,0,1",11,Rakuten Seimei Park Miyagi,,02:49,13136,GAME20120711REOB0450
2012,2012-07-11,Reg Season,Tohoku Rakuten Golden Eagles,Home,L,1,Orix Buffaloes,1,3,1,"0,0,0,0,0,1,0,0,0",11,Rakuten Seimei Park Miyagi,,02:49,13136,GAME20120711REOB0450
2012,2012-07-11,Reg Season,Fukuoka Softbank Hawks,Away,W,4,Saitama Seibu Lions,4,8,0,"0,0,3,0,0,1,0,0,0",11,Belluna Dome,,03:00,13376,GAME20120711SLSH0451
2012,2012-07-11,Reg Season,Saitama Seibu Lions,Home,L,1,Fukuoka Softbank Hawks,1,5,0,"0,0,0,0,0,0,0,0,1",11,Belluna Dome,,03:00,13376,GAME20120711SLSH0451
2012,2012-07-11,Reg Season,Hiroshima Toyo Carp,Away,W,4,Yomiuri Giants,4,7,2,"0,0,1,1,2,0,0,0,0",11,Gifu Prefectural Baseball Stadium,,03:05,14118,GAME20120711YGHC0452
2012,2012-07-11,Reg Season,Yomiuri Giants,Home,L,2,Hiroshima Toyo Carp,2,6,0,"1,0,0,0,0,0,1,0,0",11,Gifu Prefectural Baseball Stadium,,03:05,14118,GAME20120711YGHC0452
2012,2012-07-11,Reg Season,Yokohama DeNA Baystars,Away,L,6,Tokyo Yakult Swallows,6,15,1,"1,0,2,0,1,0,0,1,1",9,Meiji Jingu Stadium,,03:14,13748,GAME20120711YSDB0454
2012,2012-07-11,Reg Season,Tokyo Yakult Swallows,Home,W,7,Yokohama DeNA Baystars,7,8,3,"2,0,0,0,0,0,0,5,x",9,Meiji Jingu Stadium,,03:14,13748,GAME20120711YSDB0454
2012,2012-07-12,Reg Season,Chunichi Dragons,Away,L,1,Hanshin Tigers,1,6,0,"0,0,0,0,0,0,0,1,0",12,Hanshin Koshien Stadium,,03:08,30170,GAME20120712HTCD0455
2012,2012-07-12,Reg Season,Hanshin Tigers,Home,W,4,Chunichi Dragons,4,8,1,"1,0,0,1,2,0,0,0,x",12,Hanshin Koshien Stadium,,03:08,30170,GAME20120712HTCD0455
2012,2012-07-12,Reg Season,Chiba Lotte Marines,Away,L,2,Hokkaido Nippon-Ham Fighters,2,9,0,"0,1,0,0,0,1,0,0,0",11,Sapporo Dome,,02:35,17944,GAME20120712NFLM0457
2012,2012-07-12,Reg Season,Hokkaido Nippon-Ham Fighters,Home,W,7,Chiba Lotte Marines,7,10,0,"3,0,0,0,4,0,0,0,x",11,Sapporo Dome,,02:35,17944,GAME20120712NFLM0457
2012,2012-07-12,Reg Season,Fukuoka Softbank Hawks,Away,L,0,Saitama Seibu Lions,0,1,1,"0,0,0,0,0,0,0,0,0",12,Belluna Dome,,02:27,12452,GAME20120712SLSH0456
2012,2012-07-12,Reg Season,Saitama Seibu Lions,Home,W,2,Fukuoka Softbank Hawks,2,3,0,"0,0,0,0,1,0,1,0,x",12,Belluna Dome,,02:27,12452,GAME20120712SLSH0456
2012,2012-07-12,Reg Season,Hiroshima Toyo Carp,Away,L,2,Yomiuri Giants,2,10,1,"0,0,1,0,0,0,0,1,0",12,Tokyo Dome,,03:10,46831,GAME20120712YGHC0459
2012,2012-07-12,Reg Season,Yomiuri Giants,Home,W,6,Hiroshima Toyo Carp,6,10,0,"3,1,0,0,0,0,0,2,x",12,Tokyo Dome,,03:10,46831,GAME20120712YGHC0459
2012,2012-07-12,Reg Season,Yokohama DeNA Baystars,Away,T,6,Tokyo Yakult Swallows,6,10,2,"0,4,0,0,1,0,0,0,1",10,Meiji Jingu Stadium,,03:46,10944,GAME20120712YSDB0458
2012,2012-07-12,Reg Season,Tokyo Yakult Swallows,Home,T,6,Yokohama DeNA Baystars,6,10,1,"0,4,0,0,2,0,0,0,0",10,Meiji Jingu Stadium,,03:46,10944,GAME20120712YSDB0458
2012,2012-07-13,Reg Season,Yomiuri Giants,Away,T,1,Chunichi Dragons,1,8,0,"0,0,0,1,0,0,0,0,0,0",10,Vantelin Dome Nagoya,,03:57,37975,GAME20120713CDYG0461
2012,2012-07-13,Reg Season,Chunichi Dragons,Home,T,1,Yomiuri Giants,1,7,0,"0,0,0,0,0,0,0,0,1,0",10,Vantelin Dome Nagoya,,03:57,37975,GAME20120713CDYG0461
2012,2012-07-13,Reg Season,Hiroshima Toyo Carp,Away,W,12,Yokohama DeNA Baystars,12,13,0,"0,4,2,0,0,6,0,0,0",10,Yokohama Stadium,,03:26,14496,GAME20120713DBHC0462
2012,2012-07-13,Reg Season,Yokohama DeNA Baystars,Home,L,4,Hiroshima Toyo Carp,4,10,0,"1,0,0,0,2,0,1,0,0",10,Yokohama Stadium,,03:26,14496,GAME20120713DBHC0462
2012,2012-07-13,Reg Season,Hokkaido Nippon-Ham Fighters,Away,L,1,Tohoku Rakuten Golden Eagles,1,9,0,"0,0,0,0,0,0,0,0,1",10,Rakuten Seimei Park Miyagi,,03:05,15844,GAME20120713RENF0463
2012,2012-07-13,Reg Season,Tohoku Rakuten Golden Eagles,Home,W,5,Hokkaido Nippon-Ham Fighters,5,8,0,"0,0,1,1,0,3,0,0,x",10,Rakuten Seimei Park Miyagi,,03:05,15844,GAME20120713RENF0463
2012,2012-07-13,Reg Season,Chiba Lotte Marines,Away,L,3,Fukuoka Softbank Hawks,3,6,0,"1,0,0,0,0,0,0,2,0,0",10,Mizuho PayPay Dome Fukuoka,,03:47,29538,GAME20120713SHLM0460
2012,2012-07-13,Reg Season,Fukuoka Softbank Hawks,Home,W,4,Chiba Lotte Marines,4,9,0,"0,1,0,0,0,0,2,0,0,1x",10,Mizuho PayPay Dome Fukuoka,,03:47,29538,GAME20120713SHLM0460
2012,2012-07-14,Reg Season,Yomiuri Giants,Away,W,2,Chunichi Dragons,2,5,0,"0,0,0,0,0,0,0,0,2",11,Vantelin Dome Nagoya,,02:38,38366,GAME20120714CDYG0469
2012,2012-07-14,Reg Season,Chunichi Dragons,Home,L,1,Yomiuri Giants,1,4,1,"0,0,1,0,0,0,0,0,0",11,Vantelin Dome Nagoya,,02:38,38366,GAME20120714CDYG0469
2012,2012-07-14,Reg Season,Hiroshima Toyo Carp,Away,W,8,Yokohama DeNA Baystars,8,9,0,"1,1,0,0,3,1,0,1,1",11,Yokohama Stadium,,03:23,24407,GAME20120714DBHC0466
2012,2012-07-14,Reg Season,Yokohama DeNA Baystars,Home,L,3,Hiroshima Toyo Carp,3,9,1,"0,0,0,1,1,0,1,0,0",11,Yokohama Stadium,,03:23,24407,GAME20120714DBHC0466
2012,2012-07-14,Reg Season,Tokyo Yakult Swallows,Away,L,2,Hanshin Tigers,2,10,2,"0,0,0,0,0,0,0,2,0,0",9,Hanshin Koshien Stadium,,03:37,46407,GAME20120714HTYS0464
2012,2012-07-14,Reg Season,Hanshin Tigers,Home,W,3,Tokyo Yakult Swallows,3,7,1,"0,0,0,0,2,0,0,0,0,1x",9,Hanshin Koshien Stadium,,03:37,46407,GAME20120714HTYS0464
2012,2012-07-14,Reg Season,Saitama Seibu Lions,Away,W,4,Orix Buffaloes,4,12,1,"1,0,1,1,1,0,0,0,0",9,Kobe Athletic Park Baseball Field,,03:30,23760,GAME20120714OBSL0468
2012,2012-07-14,Reg Season,Orix Buffaloes,Home,L,1,Saitama Seibu Lions,1,6,1,"1,0,0,0,0,0,0,0,0",9,Kobe Athletic Park Baseball Field,,03:30,23760,GAME20120714OBSL0468
2012,2012-07-14,Reg Season,Hokkaido Nippon-Ham Fighters,Away,W,2,Tohoku Rakuten Golden Eagles,2,8,0,"0,0,0,0,0,0,0,1,0,1",11,Rakuten Seimei Park Miyagi,,03:29,17455,GAME20120714RENF0467
2012,2012-07-14,Reg Season,Tohoku Rakuten Golden Eagles,Home,L,1,Hokkaido Nippon-Ham Fighters,1,6,0,"0,0,1,0,0,0,0,0,0,0",11,Rakuten Seimei Park Miyagi,,03:29,17455,GAME20120714RENF0467
2012,2012-07-14,Reg Season,Chiba Lotte Marines,Away,L,0,Fukuoka Softbank Hawks,0,4,0,"0,0,0,0,0,0,0,0,0",11,Mizuho PayPay Dome Fukuoka,,02:39,36241,GAME20120714SHLM0465
2012,2012-07-14,Reg Season,Fukuoka Softbank Hawks,Home,W,3,Chiba Lotte Marines,3,6,0,"0,0,0,0,3,0,0,0,x",11,Mizuho PayPay Dome Fukuoka,,02:39,36241,GAME20120714SHLM0465
2012,2012-07-15,Reg Season,Yomiuri Giants,Away,L,1,Chunichi Dragons,1,7,0,"0,0,1,0,0,0,0,0,0",12,Vantelin Dome Nagoya,,02:49,38381,GAME20120715CDYG0473
2012,2012-07-15,Reg Season,Chunichi Dragons,Home,W,3,Yomiuri Giants,3,9,0,"1,0,0,0,2,0,0,0,x",12,Vantelin Dome Nagoya,,02:49,38381,GAME20120715CDYG0473
2012,2012-07-15,Reg Season,Hiroshima Toyo Carp,Away,W,7,Yokohama DeNA Baystars,7,10,2,"1,0,1,0,1,1,3,0,0",12,Yokohama Stadium,,03:11,27518,GAME20120715DBHC0471
2012,2012-07-15,Reg Season,Yokohama DeNA Baystars,Home,L,1,Hiroshima Toyo Carp,1,6,1,"0,0,0,0,1,0,0,0,0",12,Yokohama Stadium,,03:11,27518,GAME20120715DBHC0471
2012,2012-07-15,Reg Season,Tokyo Yakult Swallows,Away,W,5,Hanshin Tigers,5,15,0,"1,1,1,0,0,1,1,0,0",10,Hanshin Koshien Stadium,,03:18,45019,GAME20120715HTYS0470
2012,2012-07-15,Reg Season,Hanshin Tigers,Home,L,2,Tokyo Yakult Swallows,2,7,0,"2,0,0,0,0,0,0,0,0",10,Hanshin Koshien Stadium,,03:18,45019,GAME20120715HTYS0470
2012,2012-07-15,Reg Season,Saitama Seibu Lions,Away,W,8,Orix Buffaloes,8,12,1,"2,0,0,0,6,0,0,0,0",10,Kobe Athletic Park Baseball Field,,03:31,14352,GAME20120715OBSL0472
2012,2012-07-15,Reg Season,Orix Buffaloes,Home,L,2,Saitama Seibu Lions,2,8,1,"0,0,0,2,0,0,0,0,0",10,Kobe Athletic Park Baseball Field,,03:31,14352,GAME20120715OBSL0472
2012,2012-07-15,Reg Season,Hokkaido Nippon-Ham Fighters,Away,L,0,Tohoku Rakuten Golden Eagles,0,4,0,"0,0,0,0,0,0,0,0,0",12,Rakuten Seimei Park Miyagi,,02:47,20099,GAME20120715RENF0475
2012,2012-07-15,Reg Season,Tohoku Rakuten Golden Eagles,Home,W,5,Hokkaido Nippon-Ham Fighters,5,8,1,"1,0,0,0,0,4,0,0,x",12,Rakuten Seimei Park Miyagi,,02:47,20099,GAME20120715RENF0475
2012,2012-07-15,Reg Season,Chiba Lotte Marines,Away,L,0,Fukuoka Softbank Hawks,0,2,0,"0,0,0,0,0,0,0,0,0",12,Mizuho PayPay Dome Fukuoka,,02:22,38561,GAME20120715SHLM0474
2012,2012-07-15,Reg Season,Fukuoka Softbank Hawks,Home,W,2,Chiba Lotte Marines,2,7,0,"0,0,1,0,0,1,0,0,x",12,Mizuho PayPay Dome Fukuoka,,02:22,38561,GAME20120715SHLM0474
2012,2012-07-16,Reg Season,Tokyo Yakult Swallows,Away,L,5,Yokohama DeNA Baystars,5,7,2,"0,2,0,3,0,0,0,0,0",11,Yokohama Stadium,,03:37,15493,GAME20120716DBYS0480
2012,2012-07-16,Reg Season,Yokohama DeNA Baystars,Home,W,7,Tokyo Yakult Swallows,7,15,1,"1,2,0,1,1,2,0,0,x",11,Yokohama Stadium,,03:37,15493,GAME20120716DBYS0480
2012,2012-07-16,Reg Season,Chunichi Dragons,Away,L,0,Hiroshima Toyo Carp,0,4,1,"0,0,0,0,0,0,0,0,0",12,MAZDA Zoom-Zoom Stadium Hiroshima,,02:46,21419,GAME20120716HCCD0476
2012,2012-07-16,Reg Season,Hiroshima Toyo Carp,Home,W,3,Chunichi Dragons,3,8,1,"0,3,0,0,0,0,0,0,x",12,MAZDA Zoom-Zoom Stadium Hiroshima,,02:46,21419,GAME20120716HCCD0476
2012,2012-07-16,Reg Season,Yomiuri Giants,Away,W,2,Hanshin Tigers,2,8,0,"0,2,0,0,0,0,0,0,0",13,Hanshin Koshien Stadium,,02:46,47006,GAME20120716HTYG0481
2012,2012-07-16,Reg Season,Hanshin Tigers,Home,L,0,Yomiuri Giants,0,4,0,"0,0,0,0,0,0,0,0,0",13,Hanshin Koshien Stadium,,02:46,47006,GAME20120716HTYG0481
2012,2012-07-16,Reg Season,Tohoku Rakuten Golden Eagles,Away,L,0,Chiba Lotte Marines,0,6,0,"0,0,0,0,0,0,0,0,0",11,ZOZO Marine Stadium,,02:43,20289,GAME20120716LMRE0477
2012,2012-07-16,Reg Season,Chiba Lotte Marines,Home,W,5,Tohoku Rakuten Golden Eagles,5,8,1,"0,0,0,5,0,0,0,0,x",11,ZOZO Marine Stadium,,02:43,20289,GAME20120716LMRE0477
2012,2012-07-16,Reg Season,Saitama Seibu Lions,Away,T,2,Hokkaido Nippon-Ham Fighters,2,9,2,"0,0,0,0,1,0,0,1,0",12,Sapporo Dome,,03:36,27470,GAME20120716NFSL0479
2012,2012-07-16,Reg Season,Hokkaido Nippon-Ham Fighters,Home,T,2,Saitama Seibu Lions,2,6,0,"1,0,0,0,1,0,0,0,0",12,Sapporo Dome,,03:36,27470,GAME20120716NFSL0479
2012,2012-07-16,Reg Season,Orix Buffaloes,Away,L,1,Fukuoka Softbank Hawks,1,7,0,"0,0,0,0,1,0,0,0,0",13,Mizuho PayPay Dome Fukuoka,,03:35,38561,GAME20120716SHOB0478
2012,2012-07-16,Reg Season,Fukuoka Softbank Hawks,Home,W,2,Orix Buffaloes,2,10,0,"0,0,1,0,1,0,0,0,x",13,Mizuho PayPay Dome Fukuoka,,03:35,38561,GAME20120716SHOB0478
2012,2012-07-17,Reg Season,Tokyo Yakult Swallows,Away,L,2,Yokohama DeNA Baystars,2,8,0,"0,0,0,1,0,0,0,0,1",12,Yokohama Stadium,,02:28,11958,GAME20120717DBYS0484
2012,2012-07-17,Reg Season,Yokohama DeNA Baystars,Home,W,6,Tokyo Yakult Swallows,6,9,0,"2,0,2,0,0,0,0,2,x",12,Yokohama Stadium,,02:28,11958,GAME20120717DBYS0484
2012,2012-07-17,Reg Season,Chunichi Dragons,Away,L,2,Hiroshima Toyo Carp,2,6,0,"0,0,2,0,0,0,0,0,0",13,MAZDA Zoom-Zoom Stadium Hiroshima,,02:50,18463,GAME20120717HCCD0482
2012,2012-07-17,Reg Season,Hiroshima Toyo Carp,Home,W,3,Chunichi Dragons,3,9,1,"0,0,0,0,0,0,0,0,3x",13,MAZDA Zoom-Zoom Stadium Hiroshima,,02:50,18463,GAME20120717HCCD0482
2012,2012-07-17,Reg Season,Yomiuri Giants,Away,W,4,Hanshin Tigers,4,7,2,"2,0,2,0,0,0,0,0,0",14,Hanshin Koshien Stadium,,03:24,42575,GAME20120717HTYG0485
2012,2012-07-17,Reg Season,Hanshin Tigers,Home,L,3,Yomiuri Giants,3,8,0,"0,0,0,1,2,0,0,0,0",14,Hanshin Koshien Stadium,,03:24,42575,GAME20120717HTYG0485
2012,2012-07-17,Reg Season,Tohoku Rakuten Golden Eagles,Away,W,6,Chiba Lotte Marines,6,8,0,"1,0,0,0,0,0,0,0,1,4",12,ZOZO Marine Stadium,,03:22,10536,GAME20120717LMRE0486
2012,2012-07-17,Reg Season,Chiba Lotte Marines,Home,L,2,Tohoku Rakuten Golden Eagles,2,7,2,"1,0,0,0,0,0,0,1,0,0",12,ZOZO Marine Stadium,,03:22,10536,GAME20120717LMRE0486
2012,2012-07-17,Reg Season,Saitama Seibu Lions,Away,L,1,Hokkaido Nippon-Ham Fighters,1,8,0,"0,0,0,0,1,0,0,0,0",13,Sapporo Dome,,02:58,21878,GAME20120717NFSL0487
2012,2012-07-17,Reg Season,Hokkaido Nippon-Ham Fighters,Home,W,3,Saitama Seibu Lions,3,9,0,"1,0,0,0,0,1,1,0,x",13,Sapporo Dome,,02:58,21878,GAME20120717NFSL0487
2012,2012-07-17,Reg Season,Orix Buffaloes,Away,W,2,Fukuoka Softbank Hawks,2,6,0,"0,0,2,0,0,0,0,0,0",14,Mizuho PayPay Dome Fukuoka,,03:21,38561,GAME20120717SHOB0483
2012,2012-07-17,Reg Season,Fukuoka Softbank Hawks,Home,L,1,Orix Buffaloes,1,7,0,"0,0,0,0,0,1,0,0,0",14,Mizuho PayPay Dome Fukuoka,,03:21,38561,GAME20120717SHOB0483
2012,2012-07-18,Reg Season,Tokyo Yakult Swallows,Away,L,0,Yokohama DeNA Baystars,0,12,1,"0,0,0,0,0,0,0,0,0",13,Yokohama Stadium,,03:23,12626,GAME20120718DBYS0489
2012,2012-07-18,Reg Season,Yokohama DeNA Baystars,Home,W,4,Tokyo Yakult Swallows,4,8,0,"0,1,0,0,0,3,0,0,x",13,Yokohama Stadium,,03:23,12626,GAME20120718DBYS0489
2012,2012-07-18,Reg Season,Chunichi Dragons,Away,W,9,Hiroshima Toyo Carp,9,13,1,"4,0,1,1,0,0,0,0,3",14,MAZDA Zoom-Zoom Stadium Hiroshima,,03:28,18298,GAME20120718HCCD0488
2012,2012-07-18,Reg Season,Hiroshima Toyo Carp,Home,L,2,Chunichi Dragons,2,4,0,"1,0,0,0,1,0,0,0,0",14,MAZDA Zoom-Zoom Stadium Hiroshima,,03:28,18298,GAME20120718HCCD0488
2012,2012-07-18,Reg Season,Yomiuri Giants,Away,T,2,Hanshin Tigers,2,8,1,"0,0,0,0,0,1,1,0,0",15,Hanshin Koshien Stadium,,03:58,43873,GAME20120718HTYG0492
2012,2012-07-18,Reg Season,Hanshin Tigers,Home,T,2,Yomiuri Giants,2,10,1,"0,0,2,0,0,0,0,0,0",15,Hanshin Koshien Stadium,,03:58,43873,GAME20120718HTYG0492
2012,2012-07-18,Reg Season,Tohoku Rakuten Golden Eagles,Away,L,3,Chiba Lotte Marines,3,7,0,"0,0,0,0,0,0,1,2,0",13,ZOZO Marine Stadium,,03:06,23562,GAME20120718LMRE0491
2012,2012-07-18,Reg Season,Chiba Lotte Marines,Home,W,4,Tohoku Rakuten Golden Eagles,4,10,2,"0,3,0,0,0,0,0,0,1x",13,ZOZO Marine Stadium,,03:06,23562,GAME20120718LMRE0491
2012,2012-07-18,Reg Season,Orix Buffaloes,Away,L,2,Fukuoka Softbank Hawks,2,8,1,"0,0,0,0,2,0,0,0,0",15,Mizuho PayPay Dome Fukuoka,,03:34,38561,GAME20120718SHOB0490
2012,2012-07-18,Reg Season,Fukuoka Softbank Hawks,Home,W,5,Orix Buffaloes,5,9,1,"0,0,2,1,0,1,0,1,x",15,Mizuho PayPay Dome Fukuoka,,03:34,38561,GAME20120718SHOB0490
2012,2012-07-25,Reg Season,Hanshin Tigers,Away,L,0,Chunichi Dragons,0,4,2,"0,0,0,0,0,0,0,0,0",13,Vantelin Dome Nagoya,,03:19,28352,GAME20120725CDHT0493
2012,2012-07-25,Reg Season,Chunichi Dragons,Home,W,6,Hanshin Tigers,6,12,0,"0,0,0,1,3,0,0,2,x",13,Vantelin Dome Nagoya,,03:19,28352,GAME20120725CDHT0493
2012,2012-07-25,Reg Season,Tohoku Rakuten Golden Eagles,Away,L,1,Orix Buffaloes,1,7,0,"0,0,0,1,0,0,0,0,0",12,Kyocera Dome Osaka,,02:17,12670,GAME20120725OBRE0498
2012,2012-07-25,Reg Season,Orix Buffaloes,Home,W,5,Tohoku Rakuten Golden Eagles,5,7,0,"0,1,0,0,1,2,0,1,x",12,Kyocera Dome Osaka,,02:17,12670,GAME20120725OBRE0498
2012,2012-07-25,Reg Season,Hokkaido Nippon-Ham Fighters,Away,W,1,Fukuoka Softbank Hawks,1,8,0,"0,1,0,0,0,0,0,0,0",13,Mizuho PayPay Dome Fukuoka,,02:55,36152,GAME20120725SHNF0497
2012,2012-07-25,Reg Season,Fukuoka Softbank Hawks,Home,L,0,Hokkaido Nippon-Ham Fighters,0,8,0,"0,0,0,0,0,0,0,0,0",13,Mizuho PayPay Dome Fukuoka,,02:55,36152,GAME20120725SHNF0497
2012,2012-07-25,Reg Season,Chiba Lotte Marines,Away,L,2,Saitama Seibu Lions,2,10,0,"1,0,0,0,0,0,1,0,0",11,Belluna Dome,,02:36,18897,GAME20120725SLLM0495
2012,2012-07-25,Reg Season,Saitama Seibu Lions,Home,W,4,Chiba Lotte Marines,4,8,0,"0,0,3,0,0,1,0,0,x",11,Belluna Dome,,02:36,18897,GAME20120725SLLM0495
2012,2012-07-25,Reg Season,Yokohama DeNA Baystars,Away,L,2,Yomiuri Giants,2,10,0,"1,0,0,0,0,0,0,1,0",9,Tokyo Dome,,02:56,45677,GAME20120725YGDB0494
2012,2012-07-25,Reg Season,Yomiuri Giants,Home,W,6,Yokohama DeNA Baystars,6,8,0,"2,0,0,3,1,0,0,0,x",9,Tokyo Dome,,02:56,45677,GAME20120725YGDB0494
2012,2012-07-25,Reg Season,Hiroshima Toyo Carp,Away,T,1,Tokyo Yakult Swallows,1,11,0,"0,0,0,0,0,0,1,0,0,0",11,Meiji Jingu Stadium,,03:32,21443,GAME20120725YSHC0496
2012,2012-07-25,Reg Season,Tokyo Yakult Swallows,Home,T,1,Hiroshima Toyo Carp,1,7,0,"0,0,1,0,0,0,0,0,0,0",11,Meiji Jingu Stadium,,03:32,21443,GAME20120725YSHC0496
2012,2012-07-26,Reg Season,Hanshin Tigers,Away,L,1,Chunichi Dragons,1,6,1,"0,0,0,0,1,0,0,0,0",14,Vantelin Dome Nagoya,,02:58,26785,GAME20120726CDHT0499
2012,2012-07-26,Reg Season,Chunichi Dragons,Home,W,4,Hanshin Tigers,4,10,0,"0,0,0,0,1,1,0,2,x",14,Vantelin Dome Nagoya,,02:58,26785,GAME20120726CDHT0499
2012,2012-07-26,Reg Season,Tohoku Rakuten Golden Eagles,Away,L,0,Orix Buffaloes,0,3,0,"0,0,0,0,0,0,0,0,0",13,Kyocera Dome Osaka,,02:43,12622,GAME20120726OBRE0502
2012,2012-07-26,Reg Season,Orix Buffaloes,Home,W,1,Tohoku Rakuten Golden Eagles,1,5,0,"0,0,0,1,0,0,0,0,x",13,Kyocera Dome Osaka,,02:43,12622,GAME20120726OBRE0502
2012,2012-07-26,Reg Season,Hokkaido Nippon-Ham Fighters,Away,W,5,Fukuoka Softbank Hawks,5,9,1,"0,0,0,0,1,3,1,0,0",14,Mizuho PayPay Dome Fukuoka,,03:02,34936,GAME20120726SHNF0501
2012,2012-07-26,Reg Season,Fukuoka Softbank Hawks,Home,L,3,Hokkaido Nippon-Ham Fighters,3,7,0,"0,1,0,0,0,0,1,1,0",14,Mizuho PayPay Dome Fukuoka,,03:02,34936,GAME20120726SHNF0501
2012,2012-07-26,Reg Season,Chiba Lotte Marines,Away,L,1,Saitama Seibu Lions,1,5,1,"0,0,1,0,0,0,0,0,0",12,Belluna Dome,,02:45,17269,GAME20120726SLLM0500
2012,2012-07-26,Reg Season,Saitama Seibu Lions,Home,W,2,Chiba Lotte Marines,2,8,0,"0,1,1,0,0,0,0,0,x",12,Belluna Dome,,02:45,17269,GAME20120726SLLM0500
2012,2012-07-26,Reg Season,Yokohama DeNA Baystars,Away,L,4,Yomiuri Giants,4,11,0,"2,0,0,0,0,1,1,0,0",10,Tokyo Dome,,04:06,44639,GAME20120726YGDB0503
2012,2012-07-26,Reg Season,Yomiuri Giants,Home,W,6,Yokohama DeNA Baystars,6,12,2,"0,1,1,1,0,0,2,1,x",10,Tokyo Dome,,04:06,44639,GAME20120726YGDB0503
2012,2012-07-26,Reg Season,Hiroshima Toyo Carp,Away,W,16,Tokyo Yakult Swallows,16,21,5,"4,0,1,8,0,0,3,0,0",12,Meiji Jingu Stadium,,04:02,24572,GAME20120726YSHC0504
2012,2012-07-26,Reg Season,Tokyo Yakult Swallows,Home,L,12,Hiroshima Toyo Carp,12,14,1,"0,0,0,3,3,1,1,4,0",12,Meiji Jingu Stadium,,04:02,24572,GAME20120726YSHC0504
2012,2012-07-27,Reg Season,Tokyo Yakult Swallows,Away,W,9,Chunichi Dragons,9,10,1,"3,0,3,0,1,2,0,0,0",12,Vantelin Dome Nagoya,,02:51,28205,GAME20120727CDYS0507
2012,2012-07-27,Reg Season,Chunichi Dragons,Home,L,2,Tokyo Yakult Swallows,2,8,0,"1,0,0,0,1,0,0,0,0",12,Vantelin Dome Nagoya,,02:51,28205,GAME20120727CDYS0507
2012,2012-07-27,Reg Season,Yomiuri Giants,Away,W,9,Hiroshima Toyo Carp,9,12,0,"0,0,0,1,0,0,3,2,3",13,MAZDA Zoom-Zoom Stadium Hiroshima,,03:06,30586,GAME20120727HCYG0505
2012,2012-07-27,Reg Season,Hiroshima Toyo Carp,Home,L,0,Yomiuri Giants,0,1,5,"0,0,0,0,0,0,0,0,0",13,MAZDA Zoom-Zoom Stadium Hiroshima,,03:06,30586,GAME20120727HCYG0505
2012,2012-07-27,Reg Season,Yokohama DeNA Baystars,Away,W,5,Hanshin Tigers,5,9,1,"0,0,0,0,0,3,1,0,1",13,Hanshin Koshien Stadium,,03:43,39387,GAME20120727HTDB0508
2012,2012-07-27,Reg Season,Hanshin Tigers,Home,L,1,Yokohama DeNA Baystars,1,10,1,"0,0,1,0,0,0,0,0,0",13,Hanshin Koshien Stadium,,03:43,39387,GAME20120727HTDB0508
2012,2012-07-27,Reg Season,Fukuoka Softbank Hawks,Away,L,2,Chiba Lotte Marines,2,7,1,"0,0,0,0,1,1,0,0,0",13,ZOZO Marine Stadium,,03:12,16450,GAME20120727LMSH0510
2012,2012-07-27,Reg Season,Chiba Lotte Marines,Home,W,9,Fukuoka Softbank Hawks,9,9,0,"0,2,0,0,3,0,0,4,x",13,ZOZO Marine Stadium,,03:12,16450,GAME20120727LMSH0510
2012,2012-07-27,Reg Season,Hokkaido Nippon-Ham Fighters,Away,L,1,Orix Buffaloes,1,9,0,"0,0,0,0,0,0,0,1,0",13,Kyocera Dome Osaka,,02:56,14345,GAME20120727OBNF0506
2012,2012-07-27,Reg Season,Orix Buffaloes,Home,W,5,Hokkaido Nippon-Ham Fighters,5,10,0,"0,0,2,1,0,2,0,0,x",13,Kyocera Dome Osaka,,02:56,14345,GAME20120727OBNF0506
2012,2012-07-27,Reg Season,Saitama Seibu Lions,Away,T,7,Tohoku Rakuten Golden Eagles,7,14,0,"0,1,1,0,2,3,0,0,0",11,Rakuten Seimei Park Miyagi,,03:56,20892,GAME20120727RESL0509
2012,2012-07-27,Reg Season,Tohoku Rakuten Golden Eagles,Home,T,7,Saitama Seibu Lions,7,15,0,"0,1,0,0,1,4,0,0,1",11,Rakuten Seimei Park Miyagi,,03:56,20892,GAME20120727RESL0509
2012,2012-07-28,Reg Season,Tokyo Yakult Swallows,Away,T,4,Chunichi Dragons,4,6,0,"0,2,0,1,0,0,0,0,1",13,Vantelin Dome Nagoya,,03:43,35045,GAME20120728CDYS0512
2012,2012-07-28,Reg Season,Chunichi Dragons,Home,T,4,Tokyo Yakult Swallows,4,10,1,"0,2,0,0,0,1,1,0,0",13,Vantelin Dome Nagoya,,03:43,35045,GAME20120728CDYS0512
2012,2012-07-28,Reg Season,Yomiuri Giants,Away,W,9,Hiroshima Toyo Carp,9,14,0,"0,2,1,0,3,3,0,0,0",14,MAZDA Zoom-Zoom Stadium Hiroshima,,03:16,31526,GAME20120728HCYG0511
2012,2012-07-28,Reg Season,Hiroshima Toyo Carp,Home,L,2,Yomiuri Giants,2,5,1,"0,0,0,0,2,0,0,0,0",14,MAZDA Zoom-Zoom Stadium Hiroshima,,03:16,31526,GAME20120728HCYG0511
2012,2012-07-28,Reg Season,Yokohama DeNA Baystars,Away,W,3,Hanshin Tigers,3,4,0,"2,0,1,0,0,0,0,0,0",14,Hanshin Koshien Stadium,,02:59,45364,GAME20120728HTDB0516
2012,2012-07-28,Reg Season,Hanshin Tigers,Home,L,1,Yokohama DeNA Baystars,1,8,1,"0,0,0,0,0,1,0,0,0",14,Hanshin Koshien Stadium,,02:59,45364,GAME20120728HTDB0516
2012,2012-07-28,Reg Season,Fukuoka Softbank Hawks,Away,T,2,Chiba Lotte Marines,2,11,0,"0,0,0,0,1,0,0,0,1,0",14,ZOZO Marine Stadium,,03:41,28862,GAME20120728LMSH0514
2012,2012-07-28,Reg Season,Chiba Lotte Marines,Home,T,2,Fukuoka Softbank Hawks,2,6,1,"1,0,0,0,1,0,0,0,0,0",14,ZOZO Marine Stadium,,03:41,28862,GAME20120728LMSH0514
2012,2012-07-28,Reg Season,Hokkaido Nippon-Ham Fighters,Away,W,3,Orix Buffaloes,3,11,0,"0,0,0,0,0,0,1,0,2",14,Kyocera Dome Osaka,,03:23,21574,GAME20120728OBNF0515
2012,2012-07-28,Reg Season,Orix Buffaloes,Home,L,1,Hokkaido Nippon-Ham Fighters,1,8,0,"0,0,0,0,0,1,0,0,0",14,Kyocera Dome Osaka,,03:23,21574,GAME20120728OBNF0515
2012,2012-07-28,Reg Season,Saitama Seibu Lions,Away,W,5,Tohoku Rakuten Golden Eagles,5,9,3,"0,0,4,1,0,0,0,0,0",12,Rakuten Seimei Park Miyagi,,04:00,20819,GAME20120728RESL0513
2012,2012-07-28,Reg Season,Tohoku Rakuten Golden Eagles,Home,L,4,Saitama Seibu Lions,4,9,0,"2,0,0,0,1,1,0,0,0",12,Rakuten Seimei Park Miyagi,,04:00,20819,GAME20120728RESL0513
2012,2012-07-29,Reg Season,Tokyo Yakult Swallows,Away,L,0,Chunichi Dragons,0,6,0,"0,0,0,0,0,0,0,0,0",14,Vantelin Dome Nagoya,,02:25,31149,GAME20120729CDYS0521
2012,2012-07-29,Reg Season,Chunichi Dragons,Home,W,1,Tokyo Yakult Swallows,1,5,0,"0,0,0,1,0,0,0,0,x",14,Vantelin Dome Nagoya,,02:25,31149,GAME20120729CDYS0521
2012,2012-07-29,Reg Season,Yomiuri Giants,Away,T,1,Hiroshima Toyo Carp,1,4,2,"0,0,0,0,0,0,1,0,0,0",15,MAZDA Zoom-Zoom Stadium Hiroshima,,03:48,31218,GAME20120729HCYG0517
2012,2012-07-29,Reg Season,Hiroshima Toyo Carp,Home,T,1,Yomiuri Giants,1,6,1,"0,0,0,1,0,0,0,0,0,0",15,MAZDA Zoom-Zoom Stadium Hiroshima,,03:48,31218,GAME20120729HCYG0517
2012,2012-07-29,Reg Season,Yokohama DeNA Baystars,Away,L,2,Hanshin Tigers,2,5,0,"1,0,0,0,0,1,0,0,0",15,Hanshin Koshien Stadium,,03:12,38005,GAME20120729HTDB0520
2012,2012-07-29,Reg Season,Hanshin Tigers,Home,W,9,Yokohama DeNA Baystars,9,10,1,"0,0,0,5,0,1,2,1,x",15,Hanshin Koshien Stadium,,03:12,38005,GAME20120729HTDB0520
2012,2012-07-29,Reg Season,Fukuoka Softbank Hawks,Away,W,4,Chiba Lotte Marines,4,5,0,"2,1,0,0,1,0,0,0,0",15,ZOZO Marine Stadium,,02:32,19087,GAME20120729LMSH0522
2012,2012-07-29,Reg Season,Chiba Lotte Marines,Home,L,2,Fukuoka Softbank Hawks,2,8,1,"1,1,0,0,0,0,0,0,0",15,ZOZO Marine Stadium,,02:32,19087,GAME20120729LMSH0522
2012,2012-07-29,Reg Season,Hokkaido Nippon-Ham Fighters,Away,L,6,Orix Buffaloes,6,8,2,"0,3,0,0,0,3,0,0,0",15,Kyocera Dome Osaka,,03:39,21553,GAME20120729OBNF0519
2012,2012-07-29,Reg Season,Orix Buffaloes,Home,W,7,Hokkaido Nippon-Ham Fighters,7,12,1,"1,0,2,3,0,0,0,0,1x",15,Kyocera Dome Osaka,,03:39,21553,GAME20120729OBNF0519
2012,2012-07-29,Reg Season,Saitama Seibu Lions,Away,W,13,Tohoku Rakuten Golden Eagles,13,14,0,"3,2,0,0,1,0,0,6,1",13,Rakuten Seimei Park Miyagi,,03:35,20178,GAME20120729RESL0518
2012,2012-07-29,Reg Season,Tohoku Rakuten Golden Eagles,Home,L,4,Saitama Seibu Lions,4,12,4,"0,1,1,1,0,0,0,0,1",13,Rakuten Seimei Park Miyagi,,03:35,20178,GAME20120729RESL0518
2012,2012-07-30,Reg Season,Orix Buffaloes,Away,L,2,Saitama Seibu Lions,2,6,0,"0,0,0,0,1,0,0,1,0",11,Belluna Dome,,03:16,16997,GAME20120730SLOB0523
2012,2012-07-30,Reg Season,Saitama Seibu Lions,Home,W,6,Orix Buffaloes,6,8,0,"1,0,0,0,0,0,4,1,x",11,Belluna Dome,,03:16,16997,GAME20120730SLOB0523
2012,2012-07-31,Reg Season,Hiroshima Toyo Carp,Away,T,4,Yokohama DeNA Baystars,4,7,1,"0,2,0,1,1,0,0,0,0,0",13,Batting Palace Hiratsuka Shonan,,03:42,8542,GAME20120731DBHC0528
2012,2012-07-31,Reg Season,Yokohama DeNA Baystars,Home,T,4,Hiroshima Toyo Carp,4,7,1,"1,1,2,0,0,0,0,0,0,0",13,Batting Palace Hiratsuka Shonan,,03:42,8542,GAME20120731DBHC0528
2012,2012-07-31,Reg Season,Tokyo Yakult Swallows,Away,L,2,Hanshin Tigers,2,8,1,"2,0,0,0,0,0,0,0,0",11,Hanshin Koshien Stadium,,03:12,33261,GAME20120731HTYS0525
2012,2012-07-31,Reg Season,Hanshin Tigers,Home,W,7,Tokyo Yakult Swallows,7,14,0,"0,0,0,1,4,2,0,0,x",11,Hanshin Koshien Stadium,,03:12,33261,GAME20120731HTYS0525
2012,2012-07-31,Reg Season,Hokkaido Nippon-Ham Fighters,Away,W,5,Chiba Lotte Marines,5,10,0,"0,0,0,1,0,3,1,0,0",12,ZOZO Marine Stadium,,02:34,12527,GAME20120731LMNF0524
2012,2012-07-31,Reg Season,Chiba Lotte Marines,Home,L,3,Hokkaido Nippon-Ham Fighters,3,9,0,"0,1,0,0,0,0,2,0,0",12,ZOZO Marine Stadium,,02:34,12527,GAME20120731LMNF0524
2012,2012-07-31,Reg Season,Orix Buffaloes,Away,W,7,Saitama Seibu Lions,7,15,0,"4,0,0,0,1,1,0,0,1",12,Belluna Dome,,03:11,18804,GAME20120731SLOB0526
2012,2012-07-31,Reg Season,Saitama Seibu Lions,Home,L,1,Orix Buffaloes,1,6,1,"0,0,0,1,0,0,0,0,0",12,Belluna Dome,,03:11,18804,GAME20120731SLOB0526
2012,2012-07-31,Reg Season,Chunichi Dragons,Away,W,2,Yomiuri Giants,2,7,0,"0,0,0,0,0,0,2,0,0",13,Tokyo Dome,,03:19,43110,GAME20120731YGCD0527
2012,2012-07-31,Reg Season,Yomiuri Giants,Home,L,0,Chunichi Dragons,0,4,0,"0,0,0,0,0,0,0,0,0",13,Tokyo Dome,,03:19,43110,GAME20120731YGCD0527
2012,2012-08-01,Reg Season,Hiroshima Toyo Carp,Away,W,12,Yokohama DeNA Baystars,12,16,0,"4,0,0,0,3,0,2,3,0",14,Yokohama Stadium,,03:28,13616,GAME20120801DBHC0530
2012,2012-08-01,Reg Season,Yokohama DeNA Baystars,Home,L,0,Hiroshima Toyo Carp,0,5,1,"0,0,0,0,0,0,0,0,0",14,Yokohama Stadium,,03:28,13616,GAME20120801DBHC0530
2012,2012-08-01,Reg Season,Tokyo Yakult Swallows,Away,L,2,Hanshin Tigers,2,7,0,"0,0,0,0,2,0,0,0,0",12,Hanshin Koshien Stadium,,03:06,35428,GAME20120801HTYS0533
2012,2012-08-01,Reg Season,Hanshin Tigers,Home,W,3,Tokyo Yakult Swallows,3,9,1,"2,0,1,0,0,0,0,0,x",12,Hanshin Koshien Stadium,,03:06,35428,GAME20120801HTYS0533
2012,2012-08-01,Reg Season,Hokkaido Nippon-Ham Fighters,Away,W,5,Chiba Lotte Marines,5,12,1,"0,0,0,0,0,3,0,0,1,1",13,ZOZO Marine Stadium,,03:52,12955,GAME20120801LMNF0532
2012,2012-08-01,Reg Season,Chiba Lotte Marines,Home,L,4,Hokkaido Nippon-Ham Fighters,4,13,1,"1,0,0,0,1,0,1,0,1,0",13,ZOZO Marine Stadium,,03:52,12955,GAME20120801LMNF0532
2012,2012-08-01,Reg Season,Fukuoka Softbank Hawks,Away,W,3,Tohoku Rakuten Golden Eagles,3,8,0,"0,0,0,0,0,0,0,0,3",12,Komachi Stadium,,03:00,10156,GAME20120801RESH0531
2012,2012-08-01,Reg Season,Tohoku Rakuten Golden Eagles,Home,L,0,Fukuoka Softbank Hawks,0,3,0,"0,0,0,0,0,0,0,0,0",12,Komachi Stadium,,03:00,10156,GAME20120801RESH0531
2012,2012-08-01,Reg Season,Chunichi Dragons,Away,T,2,Yomiuri Giants,2,10,1,"1,0,0,0,1,0,0,0,0",14,Tokyo Dome,,03:40,42960,GAME20120801YGCD0529
2012,2012-08-01,Reg Season,Yomiuri Giants,Home,T,2,Chunichi Dragons,2,11,0,"0,0,0,0,0,1,0,0,1",14,Tokyo Dome,,03:40,42960,GAME20120801YGCD0529
2012,2012-08-02,Reg Season,Hiroshima Toyo Carp,Away,L,2,Yokohama DeNA Baystars,2,8,2,"1,0,0,0,0,0,0,0,1",15,Yokohama Stadium,,03:34,15315,GAME20120802DBHC0535
2012,2012-08-02,Reg Season,Yokohama DeNA Baystars,Home,W,5,Hiroshima Toyo Carp,5,10,0,"0,0,0,0,0,0,3,2,x",15,Yokohama Stadium,,03:34,15315,GAME20120802DBHC0535
2012,2012-08-02,Reg Season,Tokyo Yakult Swallows,Away,W,5,Hanshin Tigers,5,10,0,"2,0,0,1,0,0,0,0,2",13,Hanshin Koshien Stadium,,02:55,38110,GAME20120802HTYS0537
2012,2012-08-02,Reg Season,Hanshin Tigers,Home,L,0,Tokyo Yakult Swallows,0,4,1,"0,0,0,0,0,0,0,0,0",13,Hanshin Koshien Stadium,,02:55,38110,GAME20120802HTYS0537
2012,2012-08-02,Reg Season,Hokkaido Nippon-Ham Fighters,Away,L,2,Chiba Lotte Marines,2,7,1,"0,0,0,1,1,0,0,0,0",14,ZOZO Marine Stadium,,03:26,20396,GAME20120802LMNF0536
2012,2012-08-02,Reg Season,Chiba Lotte Marines,Home,W,12,Hokkaido Nippon-Ham Fighters,12,13,0,"0,1,0,0,5,0,0,6,x",14,ZOZO Marine Stadium,,03:26,20396,GAME20120802LMNF0536
2012,2012-08-02,Reg Season,Orix Buffaloes,Away,T,1,Saitama Seibu Lions,1,6,0,"0,0,0,0,0,0,0,1,0,0,0",13,Maebashi Municipal Baseball Stadium,,03:46,14047,GAME20120802SLOB0538
2012,2012-08-02,Reg Season,Saitama Seibu Lions,Home,T,1,Orix Buffaloes,1,5,2,"0,0,0,0,0,0,0,0,1,0,0",13,Maebashi Municipal Baseball Stadium,,03:46,14047,GAME20120802SLOB0538
2012,2012-08-02,Reg Season,Chunichi Dragons,Away,W,3,Yomiuri Giants,3,5,0,"0,0,1,0,0,0,0,0,2",15,Tokyo Dome,,03:06,43578,GAME20120802YGCD0534
2012,2012-08-02,Reg Season,Yomiuri Giants,Home,L,2,Chunichi Dragons,2,4,0,"0,0,0,2,0,0,0,0,0",15,Tokyo Dome,,03:06,43578,GAME20120802YGCD0534
2012,2012-08-03,Reg Season,Yomiuri Giants,Away,W,4,Yokohama DeNA Baystars,4,8,0,"0,0,0,0,1,2,0,0,1",11,Yokohama Stadium,,03:38,22758,GAME20120803DBYG0540
2012,2012-08-03,Reg Season,Yokohama DeNA Baystars,Home,L,1,Yomiuri Giants,1,8,1,"0,0,0,0,0,0,1,0,0",11,Yokohama Stadium,,03:38,22758,GAME20120803DBYG0540
2012,2012-08-03,Reg Season,Hanshin Tigers,Away,L,3,Hiroshima Toyo Carp,3,12,0,"0,0,1,2,0,0,0,0,0",11,MAZDA Zoom-Zoom Stadium Hiroshima,,03:09,28214,GAME20120803HCHT0541
2012,2012-08-03,Reg Season,Hiroshima Toyo Carp,Home,W,4,Hanshin Tigers,4,6,0,"0,0,0,0,2,0,0,2,x",11,MAZDA Zoom-Zoom Stadium Hiroshima,,03:09,28214,GAME20120803HCHT0541
2012,2012-08-03,Reg Season,Tohoku Rakuten Golden Eagles,Away,L,0,Hokkaido Nippon-Ham Fighters,0,3,0,"0,0,0,0,0,0,0,0,0",13,Sapporo Dome,,03:00,31770,GAME20120803NFRE0542
2012,2012-08-03,Reg Season,Hokkaido Nippon-Ham Fighters,Home,W,7,Tohoku Rakuten Golden Eagles,7,13,0,"0,1,0,3,0,0,0,3,x",13,Sapporo Dome,,03:00,31770,GAME20120803NFRE0542
2012,2012-08-03,Reg Season,Chiba Lotte Marines,Away,L,3,Orix Buffaloes,3,11,1,"0,0,0,0,0,1,0,0,2",12,Kobe Athletic Park Baseball Field,,03:22,24315,GAME20120803OBLM0544
2012,2012-08-03,Reg Season,Orix Buffaloes,Home,W,6,Chiba Lotte Marines,6,8,0,"0,0,2,1,2,0,1,0,x",12,Kobe Athletic Park Baseball Field,,03:22,24315,GAME20120803OBLM0544
2012,2012-08-03,Reg Season,Saitama Seibu Lions,Away,W,3,Fukuoka Softbank Hawks,3,8,0,"2,0,0,1,0,0,0,0,0",13,Mizuho PayPay Dome Fukuoka,,03:21,32530,GAME20120803SHSL0539
2012,2012-08-03,Reg Season,Fukuoka Softbank Hawks,Home,L,2,Saitama Seibu Lions,2,10,0,"0,0,0,0,0,1,0,0,1",13,Mizuho PayPay Dome Fukuoka,,03:21,32530,GAME20120803SHSL0539
2012,2012-08-03,Reg Season,Chunichi Dragons,Away,L,2,Tokyo Yakult Swallows,2,6,1,"1,0,0,0,0,0,1,0,0",15,Meiji Jingu Stadium,,03:01,18885,GAME20120803YSCD0543
2012,2012-08-03,Reg Season,Tokyo Yakult Swallows,Home,W,9,Chunichi Dragons,9,10,1,"0,1,0,5,3,0,0,0,x",15,Meiji Jingu Stadium,,03:01,18885,GAME20120803YSCD0543
2012,2012-08-04,Reg Season,Yomiuri Giants,Away,W,9,Yokohama DeNA Baystars,9,12,0,"2,0,2,0,0,0,4,0,1",12,Yokohama Stadium,,03:17,23465,GAME20120804DBYG0549
2012,2012-08-04,Reg Season,Yokohama DeNA Baystars,Home,L,2,Yomiuri Giants,2,6,1,"0,0,1,0,0,0,0,0,1",12,Yokohama Stadium,,03:17,23465,GAME20120804DBYG0549
2012,2012-08-04,Reg Season,Hanshin Tigers,Away,L,3,Hiroshima Toyo Carp,3,6,0,"0,0,0,0,1,2,0,0,0",12,MAZDA Zoom-Zoom Stadium Hiroshima,,02:49,30550,GAME20120804HCHT0546
2012,2012-08-04,Reg Season,Hiroshima Toyo Carp,Home,W,6,Hanshin Tigers,6,10,0,"0,1,5,0,0,0,0,0,x",12,MAZDA Zoom-Zoom Stadium Hiroshima,,02:49,30550,GAME20120804HCHT0546
2012,2012-08-04,Reg Season,Tohoku Rakuten Golden Eagles,Away,L,1,Hokkaido Nippon-Ham Fighters,1,4,1,"0,0,0,0,0,1,0,0,0",14,Sapporo Dome,,02:49,35992,GAME20120804NFRE0550
2012,2012-08-04,Reg Season,Hokkaido Nippon-Ham Fighters,Home,W,4,Tohoku Rakuten Golden Eagles,4,9,0,"0,0,0,0,0,2,2,0,x",14,Sapporo Dome,,02:49,35992,GAME20120804NFRE0550
2012,2012-08-04,Reg Season,Chiba Lotte Marines,Away,L,4,Orix Buffaloes,4,9,1,"0,0,2,1,1,0,0,0,0",13,Kyocera Dome Osaka,,03:44,18872,GAME20120804OBLM0548
2012,2012-08-04,Reg Season,Orix Buffaloes,Home,W,7,Chiba Lotte Marines,7,12,1,"0,0,0,4,0,0,3,0,x",13,Kyocera Dome Osaka,,03:44,18872,GAME20120804OBLM0548
2012,2012-08-04,Reg Season,Saitama Seibu Lions,Away,L,0,Fukuoka Softbank Hawks,0,4,1,"0,0,0,0,0,0,0,0,0",14,Mizuho PayPay Dome Fukuoka,,03:37,33125,GAME20120804SHSL0545
2012,2012-08-04,Reg Season,Fukuoka Softbank Hawks,Home,W,7,Saitama Seibu Lions,7,16,0,"0,0,1,3,0,1,2,0,x",14,Mizuho PayPay Dome Fukuoka,,03:37,33125,GAME20120804SHSL0545
2012,2012-08-04,Reg Season,Chunichi Dragons,Away,W,8,Tokyo Yakult Swallows,8,11,1,"0,1,0,2,0,1,0,2,2",16,Meiji Jingu Stadium,,03:53,22866,GAME20120804YSCD0547
2012,2012-08-04,Reg Season,Tokyo Yakult Swallows,Home,L,4,Chunichi Dragons,4,8,0,"1,0,0,0,1,1,1,0,0",16,Meiji Jingu Stadium,,03:53,22866,GAME20120804YSCD0547
2012,2012-08-05,Reg Season,Yomiuri Giants,Away,W,2,Yokohama DeNA Baystars,2,5,1,"0,0,0,0,2,0,0,0,0",13,Yokohama Stadium,,03:01,19883,GAME20120805DBYG0553
2012,2012-08-05,Reg Season,Yokohama DeNA Baystars,Home,L,1,Yomiuri Giants,1,2,0,"0,0,0,0,1,0,0,0,0",13,Yokohama Stadium,,03:01,19883,GAME20120805DBYG0553
2012,2012-08-05,Reg Season,Hanshin Tigers,Away,L,0,Hiroshima Toyo Carp,0,5,2,"0,0,0,0,0,0,0,0,0",13,MAZDA Zoom-Zoom Stadium Hiroshima,,03:06,30290,GAME20120805HCHT0555
2012,2012-08-05,Reg Season,Hiroshima Toyo Carp,Home,W,7,Hanshin Tigers,7,9,0,"1,0,0,2,0,1,3,0,x",13,MAZDA Zoom-Zoom Stadium Hiroshima,,03:06,30290,GAME20120805HCHT0555
2012,2012-08-05,Reg Season,Tohoku Rakuten Golden Eagles,Away,T,3,Hokkaido Nippon-Ham Fighters,3,7,1,"0,0,0,0,0,2,0,1,0,0",15,Sapporo Dome,,03:31,31772,GAME20120805NFRE0554
2012,2012-08-05,Reg Season,Hokkaido Nippon-Ham Fighters,Home,T,3,Tohoku Rakuten Golden Eagles,3,4,1,"0,0,0,3,0,0,0,0,0,0",15,Sapporo Dome,,03:31,31772,GAME20120805NFRE0554
2012,2012-08-05,Reg Season,Chiba Lotte Marines,Away,W,6,Orix Buffaloes,6,15,0,"0,0,0,3,1,0,2,0,0",14,Kyocera Dome Osaka,,03:53,23412,GAME20120805OBLM0556
2012,2012-08-05,Reg Season,Orix Buffaloes,Home,L,5,Chiba Lotte Marines,5,9,1,"1,0,0,1,3,0,0,0,0",14,Kyocera Dome Osaka,,03:53,23412,GAME20120805OBLM0556
2012,2012-08-05,Reg Season,Saitama Seibu Lions,Away,L,2,Fukuoka Softbank Hawks,2,9,1,"0,0,0,0,0,0,1,0,1",15,Mizuho PayPay Dome Fukuoka,,02:56,35337,GAME20120805SHSL0551
2012,2012-08-05,Reg Season,Fukuoka Softbank Hawks,Home,W,10,Saitama Seibu Lions,10,13,0,"0,0,1,1,3,0,2,3,x",15,Mizuho PayPay Dome Fukuoka,,02:56,35337,GAME20120805SHSL0551
2012,2012-08-05,Reg Season,Chunichi Dragons,Away,W,4,Tokyo Yakult Swallows,4,12,0,"1,0,1,0,1,0,0,0,1",17,Meiji Jingu Stadium,,03:24,17907,GAME20120805YSCD0552
2012,2012-08-05,Reg Season,Tokyo Yakult Swallows,Home,L,2,Chunichi Dragons,2,8,0,"2,0,0,0,0,0,0,0,0",17,Meiji Jingu Stadium,,03:24,17907,GAME20120805YSCD0552
2012,2012-08-07,Reg Season,Hiroshima Toyo Carp,Away,L,2,Chunichi Dragons,2,5,2,"0,0,0,0,1,0,0,0,1",15,Hamamatsu Baseball Stadium,,03:26,16126,GAME20120807CDHC0559
2012,2012-08-07,Reg Season,Chunichi Dragons,Home,W,4,Hiroshima Toyo Carp,4,8,0,"0,0,2,0,0,0,0,2,x",15,Hamamatsu Baseball Stadium,,03:26,16126,GAME20120807CDHC0559
2012,2012-08-07,Reg Season,Saitama Seibu Lions,Away,W,6,Chiba Lotte Marines,6,11,0,"0,0,0,2,0,0,1,2,1",13,ZOZO Marine Stadium,,03:24,12367,GAME20120807LMSL0557
2012,2012-08-07,Reg Season,Chiba Lotte Marines,Home,L,3,Saitama Seibu Lions,3,9,0,"0,0,2,0,0,0,0,0,1",13,ZOZO Marine Stadium,,03:24,12367,GAME20120807LMSL0557
2012,2012-08-07,Reg Season,Fukuoka Softbank Hawks,Away,W,5,Hokkaido Nippon-Ham Fighters,5,11,0,"0,0,0,0,1,0,4,0,0",15,Obihiro no Mori Baseball Stadium,,03:29,18615,GAME20120807NFSH0562
2012,2012-08-07,Reg Season,Hokkaido Nippon-Ham Fighters,Home,L,4,Fukuoka Softbank Hawks,4,8,0,"0,1,1,0,2,0,0,0,0",15,Obihiro no Mori Baseball Stadium,,03:29,18615,GAME20120807NFSH0562
2012,2012-08-07,Reg Season,Orix Buffaloes,Away,T,0,Tohoku Rakuten Golden Eagles,0,7,0,"0,0,0,0,0,0,0,0,0,0",14,Rakuten Seimei Park Miyagi,,03:38,14938,GAME20120807REOB0560
2012,2012-08-07,Reg Season,Tohoku Rakuten Golden Eagles,Home,T,0,Orix Buffaloes,0,5,0,"0,0,0,0,0,0,0,0,0,0",14,Rakuten Seimei Park Miyagi,,03:38,14938,GAME20120807REOB0560
2012,2012-08-07,Reg Season,Hanshin Tigers,Away,T,1,Yomiuri Giants,1,6,0,"0,0,0,0,0,0,0,1,0,0",16,Tokyo Dome,,03:47,41511,GAME20120807YGHT0561
2012,2012-08-07,Reg Season,Yomiuri Giants,Home,T,1,Hanshin Tigers,1,6,0,"0,0,0,0,0,1,0,0,0,0",16,Tokyo Dome,,03:47,41511,GAME20120807YGHT0561
2012,2012-08-07,Reg Season,Yokohama DeNA Baystars,Away,W,10,Tokyo Yakult Swallows,10,11,0,"0,1,2,0,0,0,2,5,0",14,Meiji Jingu Stadium,,03:27,13005,GAME20120807YSDB0558
2012,2012-08-07,Reg Season,Tokyo Yakult Swallows,Home,L,1,Yokohama DeNA Baystars,1,6,1,"0,0,0,1,0,0,0,0,0",14,Meiji Jingu Stadium,,03:27,13005,GAME20120807YSDB0558
2012,2012-08-08,Reg Season,Hiroshima Toyo Carp,Away,L,0,Chunichi Dragons,0,5,0,"0,0,0,0,0,0,0,0,0",16,Vantelin Dome Nagoya,,02:49,33903,GAME20120808CDHC0564
2012,2012-08-08,Reg Season,Chunichi Dragons,Home,W,2,Hiroshima Toyo Carp,2,4,0,"1,0,0,0,0,1,0,0,x",16,Vantelin Dome Nagoya,,02:49,33903,GAME20120808CDHC0564
2012,2012-08-08,Reg Season,Saitama Seibu Lions,Away,T,2,Chiba Lotte Marines,2,7,1,"0,0,0,0,0,0,1,0,1,0,0",14,ZOZO Marine Stadium,,03:49,14012,GAME20120808LMSL0563
2012,2012-08-08,Reg Season,Chiba Lotte Marines,Home,T,2,Saitama Seibu Lions,2,8,0,"0,0,0,1,0,1,0,0,0,0,0",14,ZOZO Marine Stadium,,03:49,14012,GAME20120808LMSL0563
2012,2012-08-08,Reg Season,Fukuoka Softbank Hawks,Away,L,6,Hokkaido Nippon-Ham Fighters,6,10,0,"4,1,0,0,0,0,1,0,0",16,Obihiro no Mori Baseball Stadium,,03:36,16723,GAME20120808NFSH0566
2012,2012-08-08,Reg Season,Hokkaido Nippon-Ham Fighters,Home,W,7,Fukuoka Softbank Hawks,7,12,1,"0,0,5,1,0,0,0,0,1x",16,Obihiro no Mori Baseball Stadium,,03:36,16723,GAME20120808NFSH0566
2012,2012-08-08,Reg Season,Orix Buffaloes,Away,L,1,Tohoku Rakuten Golden Eagles,1,3,1,"0,0,0,0,0,0,1,0,0",15,Rakuten Seimei Park Miyagi,,03:15,13173,GAME20120808REOB0568
2012,2012-08-08,Reg Season,Tohoku Rakuten Golden Eagles,Home,W,14,Orix Buffaloes,14,20,2,"1,2,0,1,4,2,0,4,x",15,Rakuten Seimei Park Miyagi,,03:15,13173,GAME20120808REOB0568
2012,2012-08-08,Reg Season,Hanshin Tigers,Away,L,0,Yomiuri Giants,0,3,0,"0,0,0,0,0,0,0,0,0",17,Tokyo Dome,,02:36,41317,GAME20120808YGHT0565
2012,2012-08-08,Reg Season,Yomiuri Giants,Home,W,2,Hanshin Tigers,2,6,0,"0,0,0,0,0,2,0,0,x",17,Tokyo Dome,,02:36,41317,GAME20120808YGHT0565
2012,2012-08-08,Reg Season,Yokohama DeNA Baystars,Away,L,2,Tokyo Yakult Swallows,2,6,1,"1,0,0,0,0,0,0,1,0",15,Meiji Jingu Stadium,,03:02,13259,GAME20120808YSDB0567
2012,2012-08-08,Reg Season,Tokyo Yakult Swallows,Home,W,3,Yokohama DeNA Baystars,3,5,1,"1,0,0,0,1,0,1,0,x",15,Meiji Jingu Stadium,,03:02,13259,GAME20120808YSDB0567
2012,2012-08-09,Reg Season,Hiroshima Toyo Carp,Away,L,1,Chunichi Dragons,1,5,0,"0,0,0,0,0,0,0,0,1",17,Vantelin Dome Nagoya,,02:55,27442,GAME20120809CDHC0569
2012,2012-08-09,Reg Season,Chunichi Dragons,Home,W,2,Hiroshima Toyo Carp,2,7,1,"0,0,0,0,2,0,0,0,x",17,Vantelin Dome Nagoya,,02:55,27442,GAME20120809CDHC0569
2012,2012-08-09,Reg Season,Saitama Seibu Lions,Away,L,4,Chiba Lotte Marines,4,9,0,"1,1,0,0,1,0,0,0,1",15,ZOZO Marine Stadium,,03:13,12469,GAME20120809LMSL0572
2012,2012-08-09,Reg Season,Chiba Lotte Marines,Home,W,5,Saitama Seibu Lions,5,10,0,"0,0,5,0,0,0,0,0,x",15,ZOZO Marine Stadium,,03:13,12469,GAME20120809LMSL0572
2012,2012-08-09,Reg Season,Orix Buffaloes,Away,L,4,Tohoku Rakuten Golden Eagles,4,11,1,"0,0,0,0,0,0,2,0,2",16,Rakuten Seimei Park Miyagi,,04:05,14250,GAME20120809REOB0573
2012,2012-08-09,Reg Season,Tohoku Rakuten Golden Eagles,Home,W,7,Orix Buffaloes,7,14,0,"0,1,0,0,1,1,3,1,x",16,Rakuten Seimei Park Miyagi,,04:05,14250,GAME20120809REOB0573
2012,2012-08-09,Reg Season,Hanshin Tigers,Away,L,1,Yomiuri Giants,1,7,0,"1,0,0,0,0,0,0,0,0",18,Tokyo Dome,,03:12,41616,GAME20120809YGHT0570
2012,2012-08-09,Reg Season,Yomiuri Giants,Home,W,4,Hanshin Tigers,4,6,2,"0,0,0,0,0,0,0,4,x",18,Tokyo Dome,,03:12,41616,GAME20120809YGHT0570
2012,2012-08-09,Reg Season,Yokohama DeNA Baystars,Away,L,0,Tokyo Yakult Swallows,0,7,1,"0,0,0,0,0,0,0,0,0",16,Meiji Jingu Stadium,,02:31,18501,GAME20120809YSDB0571
2012,2012-08-09,Reg Season,Tokyo Yakult Swallows,Home,W,1,Yokohama DeNA Baystars,1,7,0,"1,0,0,0,0,0,0,0,x",16,Meiji Jingu Stadium,,02:31,18501,GAME20120809YSDB0571
2012,2012-08-10,Reg Season,Hiroshima Toyo Carp,Away,W,3,Hanshin Tigers,3,10,0,"1,0,2,0,0,0,0,0,0",14,Kyocera Dome Osaka,,03:25,26067,GAME20120810HTHC0578
2012,2012-08-10,Reg Season,Hanshin Tigers,Home,L,0,Hiroshima Toyo Carp,0,8,1,"0,0,0,0,0,0,0,0,0",14,Kyocera Dome Osaka,,03:25,26067,GAME20120810HTHC0578
2012,2012-08-10,Reg Season,Orix Buffaloes,Away,L,7,Chiba Lotte Marines,7,11,0,"0,2,0,0,3,1,1,0,0",15,ZOZO Marine Stadium,,03:39,15132,GAME20120810LMOB0577
2012,2012-08-10,Reg Season,Chiba Lotte Marines,Home,W,8,Orix Buffaloes,8,9,0,"0,0,1,1,3,3,0,0,x",15,ZOZO Marine Stadium,,03:39,15132,GAME20120810LMOB0577
2012,2012-08-10,Reg Season,Tohoku Rakuten Golden Eagles,Away,W,6,Fukuoka Softbank Hawks,6,11,0,"0,2,2,0,0,0,2,0,0",13,Mizuho PayPay Dome Fukuoka,,04:08,34044,GAME20120810SHRE0576
2012,2012-08-10,Reg Season,Fukuoka Softbank Hawks,Home,L,3,Tohoku Rakuten Golden Eagles,3,9,2,"0,0,0,1,0,2,0,0,0",13,Mizuho PayPay Dome Fukuoka,,04:08,34044,GAME20120810SHRE0576
2012,2012-08-10,Reg Season,Hokkaido Nippon-Ham Fighters,Away,L,1,Saitama Seibu Lions,1,7,0,"0,1,0,0,0,0,0,0,0",14,Belluna Dome,,03:04,15135,GAME20120810SLNF0574
2012,2012-08-10,Reg Season,Saitama Seibu Lions,Home,W,7,Hokkaido Nippon-Ham Fighters,7,12,2,"3,0,0,4,0,0,0,0,x",14,Belluna Dome,,03:04,15135,GAME20120810SLNF0574
2012,2012-08-10,Reg Season,Tokyo Yakult Swallows,Away,L,3,Yomiuri Giants,3,10,1,"0,0,0,0,1,0,2,0,0",12,Tokyo Dome,,03:04,43020,GAME20120810YGYS0575
2012,2012-08-10,Reg Season,Yomiuri Giants,Home,W,4,Tokyo Yakult Swallows,4,7,0,"0,0,2,1,0,0,1,0,x",12,Tokyo Dome,,03:04,43020,GAME20120810YGYS0575
2012,2012-08-11,Reg Season,Chunichi Dragons,Away,L,2,Yokohama DeNA Baystars,2,4,1,"0,0,1,0,0,0,1,0,0",12,Midorigaoka Sports Koen Ya Baseball Field,,02:57,8970,GAME20120811DBCD0582
2012,2012-08-11,Reg Season,Yokohama DeNA Baystars,Home,W,9,Chunichi Dragons,9,12,0,"1,0,0,0,0,4,4,0,x",12,Midorigaoka Sports Koen Ya Baseball Field,,02:57,8970,GAME20120811DBCD0582
2012,2012-08-11,Reg Season,Hiroshima Toyo Carp,Away,W,2,Hanshin Tigers,2,6,0,"0,0,0,0,0,0,0,2,0",15,Kyocera Dome Osaka,,03:07,34118,GAME20120811HTHC0583
2012,2012-08-11,Reg Season,Hanshin Tigers,Home,L,1,Hiroshima Toyo Carp,1,6,0,"0,0,0,0,1,0,0,0,0",15,Kyocera Dome Osaka,,03:07,34118,GAME20120811HTHC0583
2012,2012-08-11,Reg Season,Orix Buffaloes,Away,W,4,Chiba Lotte Marines,4,12,0,"1,0,0,1,1,1,0,0,0",16,ZOZO Marine Stadium,,03:28,21135,GAME20120811LMOB0584
2012,2012-08-11,Reg Season,Chiba Lotte Marines,Home,L,0,Orix Buffaloes,0,6,0,"0,0,0,0,0,0,0,0,0",16,ZOZO Marine Stadium,,03:28,21135,GAME20120811LMOB0584
2012,2012-08-11,Reg Season,Tohoku Rakuten Golden Eagles,Away,L,1,Fukuoka Softbank Hawks,1,2,1,"0,0,0,0,1,0,0,0,0",14,Mizuho PayPay Dome Fukuoka,,02:49,32503,GAME20120811SHRE0579
2012,2012-08-11,Reg Season,Fukuoka Softbank Hawks,Home,W,2,Tohoku Rakuten Golden Eagles,2,4,0,"0,0,0,0,1,1,0,0,x",14,Mizuho PayPay Dome Fukuoka,,02:49,32503,GAME20120811SHRE0579
2012,2012-08-11,Reg Season,Hokkaido Nippon-Ham Fighters,Away,W,3,Saitama Seibu Lions,3,9,0,"1,0,0,2,0,0,0,0,0",15,Belluna Dome,,02:42,33910,GAME20120811SLNF0581
2012,2012-08-11,Reg Season,Saitama Seibu Lions,Home,L,0,Hokkaido Nippon-Ham Fighters,0,2,1,"0,0,0,0,0,0,0,0,0",15,Belluna Dome,,02:42,33910,GAME20120811SLNF0581
2012,2012-08-11,Reg Season,Tokyo Yakult Swallows,Away,L,1,Yomiuri Giants,1,8,0,"0,0,0,0,0,1,0,0,0",13,Tokyo Dome,,02:55,43541,GAME20120811YGYS0580
2012,2012-08-11,Reg Season,Yomiuri Giants,Home,W,9,Tokyo Yakult Swallows,9,11,1,"3,1,0,0,4,0,0,1,x",13,Tokyo Dome,,02:55,43541,GAME20120811YGYS0580
2012,2012-08-12,Reg Season,Chunichi Dragons,Away,L,6,Yokohama DeNA Baystars,6,17,0,"1,0,1,4,0,0,0,0,0",13,Matsumoto Baseball Stadium,,03:32,12881,GAME20120812DBCD0590
2012,2012-08-12,Reg Season,Yokohama DeNA Baystars,Home,W,10,Chunichi Dragons,10,12,0,"0,0,3,0,1,1,3,2,x",13,Matsumoto Baseball Stadium,,03:32,12881,GAME20120812DBCD0590
2012,2012-08-12,Reg Season,Hiroshima Toyo Carp,Away,L,2,Hanshin Tigers,2,6,0,"1,0,0,0,0,0,1,0,0",16,Kyocera Dome Osaka,,03:20,33095,GAME20120812HTHC0587
2012,2012-08-12,Reg Season,Hanshin Tigers,Home,W,8,Hiroshima Toyo Carp,8,13,0,"0,1,2,0,0,5,0,0,x",16,Kyocera Dome Osaka,,03:20,33095,GAME20120812HTHC0587
2012,2012-08-12,Reg Season,Orix Buffaloes,Away,W,5,Chiba Lotte Marines,5,16,0,"0,0,2,0,0,0,1,1,1",17,ZOZO Marine Stadium,,03:07,26095,GAME20120812LMOB0588
2012,2012-08-12,Reg Season,Chiba Lotte Marines,Home,L,1,Orix Buffaloes,1,6,0,"0,1,0,0,0,0,0,0,0",17,ZOZO Marine Stadium,,03:07,26095,GAME20120812LMOB0588
2012,2012-08-12,Reg Season,Tohoku Rakuten Golden Eagles,Away,T,3,Fukuoka Softbank Hawks,3,6,1,"0,0,0,1,0,0,0,0,2",15,Mizuho PayPay Dome Fukuoka,,03:54,35527,GAME20120812SHRE0585
2012,2012-08-12,Reg Season,Fukuoka Softbank Hawks,Home,T,3,Tohoku Rakuten Golden Eagles,3,13,1,"0,0,1,0,1,0,0,1,0",15,Mizuho PayPay Dome Fukuoka,,03:54,35527,GAME20120812SHRE0585
2012,2012-08-12,Reg Season,Hokkaido Nippon-Ham Fighters,Away,L,4,Saitama Seibu Lions,4,7,0,"1,0,1,2,0,0,0,0,0",16,Belluna Dome,,03:08,30412,GAME20120812SLNF0586
2012,2012-08-12,Reg Season,Saitama Seibu Lions,Home,W,7,Hokkaido Nippon-Ham Fighters,7,9,2,"0,3,2,1,0,0,0,1,x",16,Belluna Dome,,03:08,30412,GAME20120812SLNF0586
2012,2012-08-12,Reg Season,Tokyo Yakult Swallows,Away,W,6,Yomiuri Giants,6,12,0,"0,0,1,0,0,2,1,0,2",14,Tokyo Dome,,03:16,44586,GAME20120812YGYS0589
2012,2012-08-12,Reg Season,Yomiuri Giants,Home,L,1,Tokyo Yakult Swallows,1,6,1,"0,0,0,0,0,0,1,0,0",14,Tokyo Dome,,03:16,44586,GAME20120812YGYS0589
2012,2012-08-14,Reg Season,Yomiuri Giants,Away,W,9,Chunichi Dragons,9,15,1,"0,0,0,1,2,3,0,3,0",16,Vantelin Dome Nagoya,,03:33,38337,GAME20120814CDYG0594
2012,2012-08-14,Reg Season,Chunichi Dragons,Home,L,0,Yomiuri Giants,0,8,1,"0,0,0,0,0,0,0,0,0",16,Vantelin Dome Nagoya,,03:33,38337,GAME20120814CDYG0594
2012,2012-08-14,Reg Season,Hanshin Tigers,Away,W,3,Yokohama DeNA Baystars,3,6,0,"0,0,0,1,0,0,0,2,0",16,Nagano Olympic Stadium,,02:55,17546,GAME20120814DBHT0593
2012,2012-08-14,Reg Season,Yokohama DeNA Baystars,Home,L,1,Hanshin Tigers,1,7,0,"0,0,0,0,0,0,0,0,1",16,Nagano Olympic Stadium,,02:55,17546,GAME20120814DBHT0593
2012,2012-08-14,Reg Season,Tokyo Yakult Swallows,Away,W,4,Hiroshima Toyo Carp,4,10,1,"0,0,3,0,0,0,0,1,0",13,MAZDA Zoom-Zoom Stadium Hiroshima,,03:18,31406,GAME20120814HCYS0592
2012,2012-08-14,Reg Season,Hiroshima Toyo Carp,Home,L,2,Tokyo Yakult Swallows,2,6,1,"0,1,0,0,0,1,0,0,0",13,MAZDA Zoom-Zoom Stadium Hiroshima,,03:18,31406,GAME20120814HCYS0592
2012,2012-08-14,Reg Season,Saitama Seibu Lions,Away,W,3,Orix Buffaloes,3,11,0,"0,1,0,0,0,0,0,1,0,0,1",14,Kobe Athletic Park Baseball Field,,03:46,25453,GAME20120814OBSL0596
2012,2012-08-14,Reg Season,Orix Buffaloes,Home,L,2,Saitama Seibu Lions,2,6,1,"0,2,0,0,0,0,0,0,0,0,0",14,Kobe Athletic Park Baseball Field,,03:46,25453,GAME20120814OBSL0596
2012,2012-08-14,Reg Season,Hokkaido Nippon-Ham Fighters,Away,L,1,Tohoku Rakuten Golden Eagles,1,7,0,"1,0,0,0,0,0,0,0,0",16,Rakuten Seimei Park Miyagi,,03:21,20524,GAME20120814RENF0595
2012,2012-08-14,Reg Season,Tohoku Rakuten Golden Eagles,Home,W,2,Hokkaido Nippon-Ham Fighters,2,9,1,"0,0,2,0,0,0,0,0,x",16,Rakuten Seimei Park Miyagi,,03:21,20524,GAME20120814RENF0595
2012,2012-08-14,Reg Season,Chiba Lotte Marines,Away,W,3,Fukuoka Softbank Hawks,3,6,0,"0,2,0,0,0,0,0,1,0",16,Mizuho PayPay Dome Fukuoka,,02:49,37135,GAME20120814SHLM0591
2012,2012-08-14,Reg Season,Fukuoka Softbank Hawks,Home,L,1,Chiba Lotte Marines,1,4,1,"1,0,0,0,0,0,0,0,0",16,Mizuho PayPay Dome Fukuoka,,02:49,37135,GAME20120814SHLM0591
2012,2012-08-15,Reg Season,Yomiuri Giants,Away,L,1,Chunichi Dragons,1,6,1,"0,0,0,1,0,0,0,0,0",17,Vantelin Dome Nagoya,,02:30,38259,GAME20120815CDYG0602
2012,2012-08-15,Reg Season,Chunichi Dragons,Home,W,6,Yomiuri Giants,6,9,0,"2,0,3,0,1,0,0,0,x",17,Vantelin Dome Nagoya,,02:30,38259,GAME20120815CDYG0602
2012,2012-08-15,Reg Season,Hanshin Tigers,Away,L,5,Yokohama DeNA Baystars,5,14,2,"0,0,1,0,1,3,0,0,0",17,Yokohama Stadium,,03:53,25613,GAME20120815DBHT0598
2012,2012-08-15,Reg Season,Yokohama DeNA Baystars,Home,W,11,Hanshin Tigers,11,13,0,"1,4,1,0,2,1,0,2,x",17,Yokohama Stadium,,03:53,25613,GAME20120815DBHT0598
2012,2012-08-15,Reg Season,Tokyo Yakult Swallows,Away,L,2,Hiroshima Toyo Carp,2,4,1,"0,0,0,0,0,0,1,0,1",14,MAZDA Zoom-Zoom Stadium Hiroshima,,02:58,30740,GAME20120815HCYS0601
2012,2012-08-15,Reg Season,Hiroshima Toyo Carp,Home,W,5,Tokyo Yakult Swallows,5,10,0,"2,2,0,0,0,1,0,0,x",14,MAZDA Zoom-Zoom Stadium Hiroshima,,02:58,30740,GAME20120815HCYS0601
2012,2012-08-15,Reg Season,Saitama Seibu Lions,Away,W,9,Orix Buffaloes,9,11,1,"3,0,1,5,0,0,0,0,0",15,Kyocera Dome Osaka,,03:18,14142,GAME20120815OBSL0600
2012,2012-08-15,Reg Season,Orix Buffaloes,Home,L,3,Saitama Seibu Lions,3,11,0,"1,1,0,0,0,0,1,0,0",15,Kyocera Dome Osaka,,03:18,14142,GAME20120815OBSL0600
2012,2012-08-15,Reg Season,Hokkaido Nippon-Ham Fighters,Away,W,2,Tohoku Rakuten Golden Eagles,2,10,0,"2,0,0,0,0,0,0,0,0",17,Rakuten Seimei Park Miyagi,,03:16,16851,GAME20120815RENF0599
2012,2012-08-15,Reg Season,Tohoku Rakuten Golden Eagles,Home,L,0,Hokkaido Nippon-Ham Fighters,0,4,0,"0,0,0,0,0,0,0,0,0",17,Rakuten Seimei Park Miyagi,,03:16,16851,GAME20120815RENF0599
2012,2012-08-15,Reg Season,Chiba Lotte Marines,Away,L,0,Fukuoka Softbank Hawks,0,3,2,"0,0,0,0,0,0,0,0,0",17,Mizuho PayPay Dome Fukuoka,,03:14,32717,GAME20120815SHLM0597
2012,2012-08-15,Reg Season,Fukuoka Softbank Hawks,Home,W,7,Chiba Lotte Marines,7,10,0,"0,3,0,0,2,1,0,1,x",17,Mizuho PayPay Dome Fukuoka,,03:14,32717,GAME20120815SHLM0597
2012,2012-08-16,Reg Season,Yomiuri Giants,Away,L,0,Chunichi Dragons,0,2,0,"0,0,0,0,0,0,0,0,0,0,0",18,Vantelin Dome Nagoya,,03:34,38198,GAME20120816CDYG0606
2012,2012-08-16,Reg Season,Chunichi Dragons,Home,W,1,Yomiuri Giants,1,7,0,"0,0,0,0,0,0,0,0,0,0,1x",18,Vantelin Dome Nagoya,,03:34,38198,GAME20120816CDYG0606
2012,2012-08-16,Reg Season,Hanshin Tigers,Away,T,4,Yokohama DeNA Baystars,4,13,0,"0,0,3,0,0,0,1,0,0,0",18,Yokohama Stadium,,03:37,20432,GAME20120816DBHT0607
2012,2012-08-16,Reg Season,Yokohama DeNA Baystars,Home,T,4,Hanshin Tigers,4,7,0,"0,0,0,0,1,3,0,0,0,0",18,Yokohama Stadium,,03:37,20432,GAME20120816DBHT0607
2012,2012-08-16,Reg Season,Tokyo Yakult Swallows,Away,L,2,Hiroshima Toyo Carp,2,8,0,"0,0,0,1,0,0,1,0,0",15,MAZDA Zoom-Zoom Stadium Hiroshima,,02:58,28952,GAME20120816HCYS0605
2012,2012-08-16,Reg Season,Hiroshima Toyo Carp,Home,W,4,Tokyo Yakult Swallows,4,8,1,"0,0,0,0,0,1,0,3,x",15,MAZDA Zoom-Zoom Stadium Hiroshima,,02:58,28952,GAME20120816HCYS0605
2012,2012-08-16,Reg Season,Saitama Seibu Lions,Away,T,4,Orix Buffaloes,4,10,1,"0,0,1,0,2,0,1,0,0",16,Kyocera Dome Osaka,,03:42,11833,GAME20120816OBSL0608
2012,2012-08-16,Reg Season,Orix Buffaloes,Home,T,4,Saitama Seibu Lions,4,13,0,"0,1,2,0,0,1,0,0,0",16,Kyocera Dome Osaka,,03:42,11833,GAME20120816OBSL0608
2012,2012-08-16,Reg Season,Hokkaido Nippon-Ham Fighters,Away,L,0,Tohoku Rakuten Golden Eagles,0,5,0,"0,0,0,0,0,0,0,0,0",18,Rakuten Seimei Park Miyagi,,02:47,18538,GAME20120816RENF0604
2012,2012-08-16,Reg Season,Tohoku Rakuten Golden Eagles,Home,W,1,Hokkaido Nippon-Ham Fighters,1,5,0,"0,0,0,0,0,0,1,0,x",18,Rakuten Seimei Park Miyagi,,02:47,18538,GAME20120816RENF0604
2012,2012-08-16,Reg Season,Chiba Lotte Marines,Away,L,2,Fukuoka Softbank Hawks,2,8,1,"1,0,1,0,0,0,0,0,0,0",18,Mizuho PayPay Dome Fukuoka,,03:38,36414,GAME20120816SHLM0603
2012,2012-08-16,Reg Season,Fukuoka Softbank Hawks,Home,W,3,Chiba Lotte Marines,3,6,0,"1,0,0,1,0,0,0,0,0,1x",18,Mizuho PayPay Dome Fukuoka,,03:38,36414,GAME20120816SHLM0603
2012,2012-08-17,Reg Season,Yokohama DeNA Baystars,Away,L,3,Chunichi Dragons,3,7,1,"0,1,1,1,0,0,0,0,0",14,Vantelin Dome Nagoya,,03:10,28176,GAME20120817CDDB0610
2012,2012-08-17,Reg Season,Chunichi Dragons,Home,W,4,Yokohama DeNA Baystars,4,11,0,"1,1,0,0,0,2,0,0,x",14,Vantelin Dome Nagoya,,03:10,28176,GAME20120817CDDB0610
2012,2012-08-17,Reg Season,Chiba Lotte Marines,Away,L,1,Hokkaido Nippon-Ham Fighters,1,9,2,"0,0,0,0,0,1,0,0,0",15,Sapporo Dome,,03:15,24071,GAME20120817NFLM0613
2012,2012-08-17,Reg Season,Hokkaido Nippon-Ham Fighters,Home,W,2,Chiba Lotte Marines,2,7,0,"0,0,0,2,0,0,0,0,x",15,Sapporo Dome,,03:15,24071,GAME20120817NFLM0613
2012,2012-08-17,Reg Season,Fukuoka Softbank Hawks,Away,W,5,Orix Buffaloes,5,10,0,"0,1,0,2,2,0,0,0,0",16,Kyocera Dome Osaka,,02:47,17671,GAME20120817OBSH0609
2012,2012-08-17,Reg Season,Orix Buffaloes,Home,L,0,Fukuoka Softbank Hawks,0,3,0,"0,0,0,0,0,0,0,0,0",16,Kyocera Dome Osaka,,02:47,17671,GAME20120817OBSH0609
2012,2012-08-17,Reg Season,Tohoku Rakuten Golden Eagles,Away,L,1,Saitama Seibu Lions,1,12,1,"0,1,0,0,0,0,0,0,0",14,Belluna Dome,,02:56,22333,GAME20120817SLRE0612
2012,2012-08-17,Reg Season,Saitama Seibu Lions,Home,W,4,Tohoku Rakuten Golden Eagles,4,7,0,"0,1,0,0,2,0,1,0,x",14,Belluna Dome,,02:56,22333,GAME20120817SLRE0612
2012,2012-08-17,Reg Season,Hiroshima Toyo Carp,Away,L,0,Yomiuri Giants,0,4,2,"0,0,0,0,0,0,0,0,0",16,Tokyo Dome,,02:21,44512,GAME20120817YGHC0611
2012,2012-08-17,Reg Season,Yomiuri Giants,Home,W,5,Hiroshima Toyo Carp,5,7,0,"1,0,0,0,2,0,0,2,x",16,Tokyo Dome,,02:21,44512,GAME20120817YGHC0611
2012,2012-08-17,Reg Season,Hanshin Tigers,Away,W,9,Tokyo Yakult Swallows,9,7,1,"0,3,2,0,2,0,2,0,0",14,Meiji Jingu Stadium,,03:56,22070,GAME20120817YSHT0614
2012,2012-08-17,Reg Season,Tokyo Yakult Swallows,Home,L,7,Hanshin Tigers,7,11,1,"0,0,5,0,1,0,0,1,0",14,Meiji Jingu Stadium,,03:56,22070,GAME20120817YSHT0614
2012,2012-08-18,Reg Season,Yokohama DeNA Baystars,Away,L,3,Chunichi Dragons,3,9,0,"0,0,0,0,0,1,0,0,2",15,Vantelin Dome Nagoya,,03:01,31581,GAME20120818CDDB0619
2012,2012-08-18,Reg Season,Chunichi Dragons,Home,W,4,Yokohama DeNA Baystars,4,9,0,"2,1,0,0,0,0,0,1,x",15,Vantelin Dome Nagoya,,03:01,31581,GAME20120818CDDB0619
2012,2012-08-18,Reg Season,Chiba Lotte Marines,Away,L,4,Hokkaido Nippon-Ham Fighters,4,8,0,"0,0,0,0,0,4,0,0,0",16,Sapporo Dome,,03:06,42063,GAME20120818NFLM0617
2012,2012-08-18,Reg Season,Hokkaido Nippon-Ham Fighters,Home,W,5,Chiba Lotte Marines,5,15,1,"1,0,4,0,0,0,0,0,x",16,Sapporo Dome,,03:06,42063,GAME20120818NFLM0617
2012,2012-08-18,Reg Season,Fukuoka Softbank Hawks,Away,W,4,Orix Buffaloes,4,8,0,"1,0,1,0,0,2,0,0,0",17,Kyocera Dome Osaka,,02:56,22184,GAME20120818OBSH0615
2012,2012-08-18,Reg Season,Orix Buffaloes,Home,L,1,Fukuoka Softbank Hawks,1,4,0,"0,0,0,0,0,0,0,1,0",17,Kyocera Dome Osaka,,02:56,22184,GAME20120818OBSH0615
2012,2012-08-18,Reg Season,Tohoku Rakuten Golden Eagles,Away,L,5,Saitama Seibu Lions,5,7,0,"1,0,0,0,0,0,4,0,0",15,Belluna Dome,,03:43,28381,GAME20120818SLRE0620
2012,2012-08-18,Reg Season,Saitama Seibu Lions,Home,W,6,Tohoku Rakuten Golden Eagles,6,12,0,"0,0,1,3,0,2,0,0,x",15,Belluna Dome,,03:43,28381,GAME20120818SLRE0620
2012,2012-08-18,Reg Season,Hiroshima Toyo Carp,Away,L,0,Yomiuri Giants,0,2,0,"0,0,0,0,0,0,0,0,0",17,Tokyo Dome,,03:25,43925,GAME20120818YGHC0616
2012,2012-08-18,Reg Season,Yomiuri Giants,Home,W,4,Hiroshima Toyo Carp,4,6,1,"0,0,0,0,0,0,0,4,x",17,Tokyo Dome,,03:25,43925,GAME20120818YGHC0616
2012,2012-08-18,Reg Season,Hanshin Tigers,Away,L,0,Tokyo Yakult Swallows,0,6,0,"0,0,0,0,0,0,0,0,0",15,Meiji Jingu Stadium,,03:21,24008,GAME20120818YSHT0618
2012,2012-08-18,Reg Season,Tokyo Yakult Swallows,Home,W,1,Hanshin Tigers,1,10,1,"0,0,0,0,0,1,0,0,x",15,Meiji Jingu Stadium,,03:21,24008,GAME20120818YSHT0618
2012,2012-08-19,Reg Season,Yokohama DeNA Baystars,Away,W,2,Chunichi Dragons,2,8,0,"0,0,0,0,0,0,0,0,0,2",16,Vantelin Dome Nagoya,,03:22,30214,GAME20120819CDDB0623
2012,2012-08-19,Reg Season,Chunichi Dragons,Home,L,0,Yokohama DeNA Baystars,0,2,1,"0,0,0,0,0,0,0,0,0,0",16,Vantelin Dome Nagoya,,03:22,30214,GAME20120819CDDB0623
2012,2012-08-19,Reg Season,Chiba Lotte Marines,Away,W,2,Hokkaido Nippon-Ham Fighters,2,9,0,"0,0,0,0,0,0,2,0,0",17,Sapporo Dome,,03:29,30739,GAME20120819NFLM0622
2012,2012-08-19,Reg Season,Hokkaido Nippon-Ham Fighters,Home,L,1,Chiba Lotte Marines,1,7,0,"0,0,0,0,0,0,0,0,1",17,Sapporo Dome,,03:29,30739,GAME20120819NFLM0622
2012,2012-08-19,Reg Season,Fukuoka Softbank Hawks,Away,W,10,Orix Buffaloes,10,17,0,"1,0,0,3,0,1,0,0,5",18,Kyocera Dome Osaka,,04:17,25752,GAME20120819OBSH0621
2012,2012-08-19,Reg Season,Orix Buffaloes,Home,L,8,Fukuoka Softbank Hawks,8,15,2,"1,0,0,0,0,2,1,0,4",18,Kyocera Dome Osaka,,04:17,25752,GAME20120819OBSH0621
2012,2012-08-19,Reg Season,Tohoku Rakuten Golden Eagles,Away,L,2,Saitama Seibu Lions,2,4,0,"0,1,0,0,0,0,0,1,0",16,Belluna Dome,,03:00,27482,GAME20120819SLRE0624
2012,2012-08-19,Reg Season,Saitama Seibu Lions,Home,W,6,Tohoku Rakuten Golden Eagles,6,14,1,"0,0,0,1,0,5,0,0,x",16,Belluna Dome,,03:00,27482,GAME20120819SLRE0624
2012,2012-08-19,Reg Season,Hiroshima Toyo Carp,Away,L,3,Yomiuri Giants,3,5,2,"2,0,1,0,0,0,0,0,0",18,Tokyo Dome,,03:16,44253,GAME20120819YGHC0625
2012,2012-08-19,Reg Season,Yomiuri Giants,Home,W,4,Hiroshima Toyo Carp,4,9,3,"0,0,1,0,2,0,0,0,1x",18,Tokyo Dome,,03:16,44253,GAME20120819YGHC0625
2012,2012-08-19,Reg Season,Hanshin Tigers,Away,W,7,Tokyo Yakult Swallows,7,12,0,"0,1,0,0,0,0,0,0,6",16,Meiji Jingu Stadium,,03:46,19197,GAME20120819YSHT0626
2012,2012-08-19,Reg Season,Tokyo Yakult Swallows,Home,L,1,Hanshin Tigers,1,8,2,"0,0,0,0,0,0,0,1,0",16,Meiji Jingu Stadium,,03:46,19197,GAME20120819YSHT0626
2012,2012-08-21,Reg Season,Yokohama DeNA Baystars,Away,W,3,Hiroshima Toyo Carp,3,8,1,"1,1,0,0,0,0,0,1,0",16,MAZDA Zoom-Zoom Stadium Hiroshima,,03:11,23621,GAME20120821HCDB0628
2012,2012-08-21,Reg Season,Hiroshima Toyo Carp,Home,L,2,Yokohama DeNA Baystars,2,8,2,"1,0,0,0,0,1,0,0,0",16,MAZDA Zoom-Zoom Stadium Hiroshima,,03:11,23621,GAME20120821HCDB0628
2012,2012-08-21,Reg Season,Chunichi Dragons,Away,W,1,Hanshin Tigers,1,8,1,"0,0,0,0,0,0,0,0,1",15,Kyocera Dome Osaka,,03:04,29812,GAME20120821HTCD0630
2012,2012-08-21,Reg Season,Hanshin Tigers,Home,L,0,Chunichi Dragons,0,5,1,"0,0,0,0,0,0,0,0,0",15,Kyocera Dome Osaka,,03:04,29812,GAME20120821HTCD0630
2012,2012-08-21,Reg Season,Orix Buffaloes,Away,L,3,Hokkaido Nippon-Ham Fighters,3,8,0,"1,0,0,0,0,0,2,0,0",16,Hanasaki Sports Park Baseball Field,,03:17,16320,GAME20120821NFOB0631
2012,2012-08-21,Reg Season,Hokkaido Nippon-Ham Fighters,Home,W,13,Orix Buffaloes,13,17,2,"0,0,2,0,11,0,0,0,x",16,Hanasaki Sports Park Baseball Field,,03:17,16320,GAME20120821NFOB0631
2012,2012-08-21,Reg Season,Chiba Lotte Marines,Away,W,4,Tohoku Rakuten Golden Eagles,4,5,1,"0,0,0,0,0,2,0,0,2",14,Rakuten Seimei Park Miyagi,,03:39,17039,GAME20120821RELM0632
2012,2012-08-21,Reg Season,Tohoku Rakuten Golden Eagles,Home,L,1,Chiba Lotte Marines,1,9,0,"0,0,0,1,0,0,0,0,0",14,Rakuten Seimei Park Miyagi,,03:39,17039,GAME20120821RELM0632
2012,2012-08-21,Reg Season,Fukuoka Softbank Hawks,Away,W,4,Saitama Seibu Lions,4,7,0,"0,0,0,0,0,0,1,0,3",16,Belluna Dome,,02:55,17677,GAME20120821SLSH0627
2012,2012-08-21,Reg Season,Saitama Seibu Lions,Home,L,0,Fukuoka Softbank Hawks,0,4,0,"0,0,0,0,0,0,0,0,0",16,Belluna Dome,,02:55,17677,GAME20120821SLSH0627
2012,2012-08-21,Reg Season,Yomiuri Giants,Away,T,6,Tokyo Yakult Swallows,6,13,0,"0,0,0,1,4,1,0,0,0",15,Meiji Jingu Stadium,,03:36,25009,GAME20120821YSYG0629
2012,2012-08-21,Reg Season,Tokyo Yakult Swallows,Home,T,6,Yomiuri Giants,6,10,0,"0,0,1,1,2,2,0,0,0",15,Meiji Jingu Stadium,,03:36,25009,GAME20120821YSYG0629
2012,2012-08-22,Reg Season,Yokohama DeNA Baystars,Away,L,0,Hiroshima Toyo Carp,0,7,0,"0,0,0,0,0,0,0,0,0",17,MAZDA Zoom-Zoom Stadium Hiroshima,,02:58,24190,GAME20120822HCDB0637
2012,2012-08-22,Reg Season,Hiroshima Toyo Carp,Home,W,3,Yokohama DeNA Baystars,3,8,0,"1,0,0,2,0,0,0,0,x",17,MAZDA Zoom-Zoom Stadium Hiroshima,,02:58,24190,GAME20120822HCDB0637
2012,2012-08-22,Reg Season,Chunichi Dragons,Away,W,5,Hanshin Tigers,5,12,0,"2,0,2,0,0,0,0,0,1",16,Kyocera Dome Osaka,,03:17,25345,GAME20120822HTCD0638
2012,2012-08-22,Reg Season,Hanshin Tigers,Home,L,2,Chunichi Dragons,2,12,0,"0,1,0,1,0,0,0,0,0",16,Kyocera Dome Osaka,,03:17,25345,GAME20120822HTCD0638
2012,2012-08-22,Reg Season,Orix Buffaloes,Away,W,13,Hokkaido Nippon-Ham Fighters,13,16,0,"4,1,2,0,0,3,3,0,0",17,Hanasaki Sports Park Baseball Field,,03:37,14168,GAME20120822NFOB0635
2012,2012-08-22,Reg Season,Hokkaido Nippon-Ham Fighters,Home,L,8,Orix Buffaloes,8,14,0,"0,2,0,0,0,6,0,0,0",17,Hanasaki Sports Park Baseball Field,,03:37,14168,GAME20120822NFOB0635
2012,2012-08-22,Reg Season,Chiba Lotte Marines,Away,L,3,Tohoku Rakuten Golden Eagles,3,8,2,"0,0,0,0,1,2,0,0,0",15,Rakuten Seimei Park Miyagi,,02:54,17586,GAME20120822RELM0636
2012,2012-08-22,Reg Season,Tohoku Rakuten Golden Eagles,Home,W,7,Chiba Lotte Marines,7,10,0,"0,4,0,1,0,0,0,2,x",15,Rakuten Seimei Park Miyagi,,02:54,17586,GAME20120822RELM0636
2012,2012-08-22,Reg Season,Fukuoka Softbank Hawks,Away,W,8,Saitama Seibu Lions,8,11,0,"0,0,1,0,0,5,2,0,0",17,Belluna Dome,,03:13,17972,GAME20120822SLSH0633
2012,2012-08-22,Reg Season,Saitama Seibu Lions,Home,L,2,Fukuoka Softbank Hawks,2,7,1,"0,0,0,1,0,0,0,0,1",17,Belluna Dome,,03:13,17972,GAME20120822SLSH0633
2012,2012-08-22,Reg Season,Yomiuri Giants,Away,W,5,Tokyo Yakult Swallows,5,10,0,"0,1,0,0,3,0,0,1,0",16,Meiji Jingu Stadium,,03:55,24522,GAME20120822YSYG0634
2012,2012-08-22,Reg Season,Tokyo Yakult Swallows,Home,L,3,Yomiuri Giants,3,10,1,"0,1,0,1,1,0,0,0,0",16,Meiji Jingu Stadium,,03:55,24522,GAME20120822YSYG0634
2012,2012-08-23,Reg Season,Yokohama DeNA Baystars,Away,L,1,Hiroshima Toyo Carp,1,8,3,"0,1,0,0,0,0,0,0,0",18,MAZDA Zoom-Zoom Stadium Hiroshima,,02:35,20948,GAME20120823HCDB0641
2012,2012-08-23,Reg Season,Hiroshima Toyo Carp,Home,W,2,Yokohama DeNA Baystars,2,4,0,"2,0,0,0,0,0,0,0,x",18,MAZDA Zoom-Zoom Stadium Hiroshima,,02:35,20948,GAME20120823HCDB0641
2012,2012-08-23,Reg Season,Chunichi Dragons,Away,L,3,Hanshin Tigers,3,7,0,"0,1,0,2,0,0,0,0,0",17,Kurashiki Sports Park Muscat Stadium,,03:31,28045,GAME20120823HTCD0642
2012,2012-08-23,Reg Season,Hanshin Tigers,Home,W,6,Chunichi Dragons,6,9,0,"0,0,0,4,0,0,0,2,x",17,Kurashiki Sports Park Muscat Stadium,,03:31,28045,GAME20120823HTCD0642
2012,2012-08-23,Reg Season,Orix Buffaloes,Away,L,1,Hokkaido Nippon-Ham Fighters,1,3,0,"0,0,0,0,0,0,0,0,1",18,Sapporo Dome,,02:21,21668,GAME20120823NFOB0640
2012,2012-08-23,Reg Season,Hokkaido Nippon-Ham Fighters,Home,W,7,Orix Buffaloes,7,7,0,"5,2,0,0,0,0,0,0,x",18,Sapporo Dome,,02:21,21668,GAME20120823NFOB0640
2012,2012-08-23,Reg Season,Chiba Lotte Marines,Away,L,3,Tohoku Rakuten Golden Eagles,3,11,1,"0,0,0,0,0,0,0,1,2",16,Rakuten Seimei Park Miyagi,,03:04,18022,GAME20120823RELM0644
2012,2012-08-23,Reg Season,Tohoku Rakuten Golden Eagles,Home,W,4,Chiba Lotte Marines,4,9,0,"0,1,0,1,1,0,1,0,x",16,Rakuten Seimei Park Miyagi,,03:04,18022,GAME20120823RELM0644
2012,2012-08-23,Reg Season,Fukuoka Softbank Hawks,Away,L,2,Saitama Seibu Lions,2,8,2,"0,0,0,0,0,0,0,1,1",18,Omiya Park Baseball Stadium,,03:01,20420,GAME20120823SLSH0639
2012,2012-08-23,Reg Season,Saitama Seibu Lions,Home,W,5,Fukuoka Softbank Hawks,5,10,1,"2,0,0,2,0,1,0,0,x",18,Omiya Park Baseball Stadium,,03:01,20420,GAME20120823SLSH0639
2012,2012-08-23,Reg Season,Yomiuri Giants,Away,W,4,Tokyo Yakult Swallows,4,10,0,"0,0,0,4,0,0,0,0,0",17,Meiji Jingu Stadium,,03:10,24862,GAME20120823YSYG0643
2012,2012-08-23,Reg Season,Tokyo Yakult Swallows,Home,L,2,Yomiuri Giants,2,4,0,"0,0,2,0,0,0,0,0,0",17,Meiji Jingu Stadium,,03:10,24862,GAME20120823YSYG0643
2012,2012-08-24,Reg Season,Tokyo Yakult Swallows,Away,L,0,Chunichi Dragons,0,3,0,"0,0,0,0,0,0,0,0,0",18,Vantelin Dome Nagoya,,02:53,27627,GAME20120824CDYS0650
2012,2012-08-24,Reg Season,Chunichi Dragons,Home,W,2,Tokyo Yakult Swallows,2,8,0,"1,0,0,0,1,0,0,0,x",18,Vantelin Dome Nagoya,,02:53,27627,GAME20120824CDYS0650
2012,2012-08-24,Reg Season,Yomiuri Giants,Away,W,3,Yokohama DeNA Baystars,3,9,0,"3,0,0,0,0,0,0,0,0",14,Yokohama Stadium,,02:50,22922,GAME20120824DBYG0647
2012,2012-08-24,Reg Season,Yokohama DeNA Baystars,Home,L,1,Yomiuri Giants,1,3,0,"0,0,0,0,0,0,0,1,0",14,Yokohama Stadium,,02:50,22922,GAME20120824DBYG0647
2012,2012-08-24,Reg Season,Hanshin Tigers,Away,T,2,Hiroshima Toyo Carp,2,9,0,"0,0,0,0,2,0,0,0,0,0",17,MAZDA Zoom-Zoom Stadium Hiroshima,,03:32,28017,GAME20120824HCHT0646
2012,2012-08-24,Reg Season,Hiroshima Toyo Carp,Home,T,2,Hanshin Tigers,2,8,1,"0,1,0,0,0,0,0,1,0,0",17,MAZDA Zoom-Zoom Stadium Hiroshima,,03:32,28017,GAME20120824HCHT0646
2012,2012-08-24,Reg Season,Fukuoka Softbank Hawks,Away,W,10,Chiba Lotte Marines,10,10,0,"0,0,0,0,0,5,0,2,3",19,ZOZO Marine Stadium,,02:59,18399,GAME20120824LMSH0648
2012,2012-08-24,Reg Season,Chiba Lotte Marines,Home,L,1,Fukuoka Softbank Hawks,1,7,2,"0,0,0,0,0,0,0,0,1",19,ZOZO Marine Stadium,,02:59,18399,GAME20120824LMSH0648
2012,2012-08-24,Reg Season,Saitama Seibu Lions,Away,W,6,Orix Buffaloes,6,11,2,"0,0,1,1,1,2,0,0,1",17,Kyocera Dome Osaka,,03:37,15400,GAME20120824OBSL0645
2012,2012-08-24,Reg Season,Orix Buffaloes,Home,L,2,Saitama Seibu Lions,2,10,1,"0,1,0,0,0,0,0,1,0",17,Kyocera Dome Osaka,,03:37,15400,GAME20120824OBSL0645
2012,2012-08-24,Reg Season,Hokkaido Nippon-Ham Fighters,Away,W,5,Tohoku Rakuten Golden Eagles,5,11,0,"1,1,0,0,0,0,0,3,0",19,Rakuten Seimei Park Miyagi,,02:48,20341,GAME20120824RENF0649
2012,2012-08-24,Reg Season,Tohoku Rakuten Golden Eagles,Home,L,1,Hokkaido Nippon-Ham Fighters,1,3,0,"0,0,1,0,0,0,0,0,0",19,Rakuten Seimei Park Miyagi,,02:48,20341,GAME20120824RENF0649
2012,2012-08-25,Reg Season,Tokyo Yakult Swallows,Away,W,1,Chunichi Dragons,1,2,0,"0,0,0,1,0,0,0,0,0",19,Vantelin Dome Nagoya,,02:37,35084,GAME20120825CDYS0654
2012,2012-08-25,Reg Season,Chunichi Dragons,Home,L,0,Tokyo Yakult Swallows,0,6,0,"0,0,0,0,0,0,0,0,0",19,Vantelin Dome Nagoya,,02:37,35084,GAME20120825CDYS0654
2012,2012-08-25,Reg Season,Yomiuri Giants,Away,L,4,Yokohama DeNA Baystars,4,6,0,"0,0,1,2,0,0,0,0,1,0",15,Yokohama Stadium,,03:42,27518,GAME20120825DBYG0652
2012,2012-08-25,Reg Season,Yokohama DeNA Baystars,Home,W,5,Yomiuri Giants,5,10,0,"0,0,0,0,1,0,3,0,0,1x",15,Yokohama Stadium,,03:42,27518,GAME20120825DBYG0652
2012,2012-08-25,Reg Season,Hanshin Tigers,Away,L,3,Hiroshima Toyo Carp,3,6,2,"0,0,0,3,0,0,0,0,0",18,MAZDA Zoom-Zoom Stadium Hiroshima,,03:33,31680,GAME20120825HCHT0655
2012,2012-08-25,Reg Season,Hiroshima Toyo Carp,Home,W,8,Hanshin Tigers,8,11,1,"1,0,0,0,1,3,3,0,x",18,MAZDA Zoom-Zoom Stadium Hiroshima,,03:33,31680,GAME20120825HCHT0655
2012,2012-08-25,Reg Season,Fukuoka Softbank Hawks,Away,L,1,Chiba Lotte Marines,1,5,2,"0,0,0,0,0,0,0,0,1",20,ZOZO Marine Stadium,,02:57,26936,GAME20120825LMSH0656
2012,2012-08-25,Reg Season,Chiba Lotte Marines,Home,W,4,Fukuoka Softbank Hawks,4,6,1,"0,0,1,0,0,1,2,0,x",20,ZOZO Marine Stadium,,02:57,26936,GAME20120825LMSH0656
2012,2012-08-25,Reg Season,Saitama Seibu Lions,Away,W,10,Orix Buffaloes,10,12,1,"0,4,4,0,0,0,0,2,0",18,Kyocera Dome Osaka,,03:49,21700,GAME20120825OBSL0651
2012,2012-08-25,Reg Season,Orix Buffaloes,Home,L,5,Saitama Seibu Lions,5,11,0,"0,2,0,0,0,0,0,0,3",18,Kyocera Dome Osaka,,03:49,21700,GAME20120825OBSL0651
2012,2012-08-25,Reg Season,Hokkaido Nippon-Ham Fighters,Away,L,1,Tohoku Rakuten Golden Eagles,1,7,0,"0,0,1,0,0,0,0,0,0",20,Rakuten Seimei Park Miyagi,,02:48,18801,GAME20120825RENF0653
2012,2012-08-25,Reg Season,Tohoku Rakuten Golden Eagles,Home,W,2,Hokkaido Nippon-Ham Fighters,2,8,0,"0,0,0,0,0,0,0,0,2x",20,Rakuten Seimei Park Miyagi,,02:48,18801,GAME20120825RENF0653
2012,2012-08-26,Reg Season,Tokyo Yakult Swallows,Away,W,2,Chunichi Dragons,2,6,0,"0,0,0,2,0,0,0,0,0",20,Vantelin Dome Nagoya,,02:37,28861,GAME20120826CDYS0662
2012,2012-08-26,Reg Season,Chunichi Dragons,Home,L,0,Tokyo Yakult Swallows,0,2,0,"0,0,0,0,0,0,0,0,0",20,Vantelin Dome Nagoya,,02:37,28861,GAME20120826CDYS0662
2012,2012-08-26,Reg Season,Yomiuri Giants,Away,W,11,Yokohama DeNA Baystars,11,13,1,"1,5,1,2,0,2,0,0,0",16,Yokohama Stadium,,03:02,22066,GAME20120826DBYG0661
2012,2012-08-26,Reg Season,Yokohama DeNA Baystars,Home,L,3,Yomiuri Giants,3,5,1,"0,0,0,0,0,2,0,1,0",16,Yokohama Stadium,,03:02,22066,GAME20120826DBYG0661
2012,2012-08-26,Reg Season,Hanshin Tigers,Away,W,3,Hiroshima Toyo Carp,3,4,0,"0,0,0,3,0,0,0,0,0",19,MAZDA Zoom-Zoom Stadium Hiroshima,,02:52,28999,GAME20120826HCHT0659
2012,2012-08-26,Reg Season,Hiroshima Toyo Carp,Home,L,2,Hanshin Tigers,2,7,0,"0,0,0,0,0,1,0,1,0",19,MAZDA Zoom-Zoom Stadium Hiroshima,,02:52,28999,GAME20120826HCHT0659
2012,2012-08-26,Reg Season,Fukuoka Softbank Hawks,Away,T,3,Chiba Lotte Marines,3,9,0,"0,0,0,0,2,1,0,0,0,0",21,ZOZO Marine Stadium,,03:58,20842,GAME20120826LMSH0660
2012,2012-08-26,Reg Season,Chiba Lotte Marines,Home,T,3,Fukuoka Softbank Hawks,3,6,1,"0,0,2,0,0,0,1,0,0,0",21,ZOZO Marine Stadium,,03:58,20842,GAME20120826LMSH0660
2012,2012-08-26,Reg Season,Saitama Seibu Lions,Away,L,1,Orix Buffaloes,1,4,1,"0,0,0,0,0,1,0,0,0",19,Kyocera Dome Osaka,,02:35,22029,GAME20120826OBSL0657
2012,2012-08-26,Reg Season,Orix Buffaloes,Home,W,7,Saitama Seibu Lions,7,12,0,"2,2,1,0,0,0,2,0,x",19,Kyocera Dome Osaka,,02:35,22029,GAME20120826OBSL0657
2012,2012-08-26,Reg Season,Hokkaido Nippon-Ham Fighters,Away,L,0,Tohoku Rakuten Golden Eagles,0,3,0,"0,0,0,0,0,0,0,0,0,0",21,Rakuten Seimei Park Miyagi,,02:53,17248,GAME20120826RENF0658
2012,2012-08-26,Reg Season,Tohoku Rakuten Golden Eagles,Home,W,1,Hokkaido Nippon-Ham Fighters,1,6,0,"0,0,0,0,0,0,0,0,0,1x",21,Rakuten Seimei Park Miyagi,,02:53,17248,GAME20120826RENF0658
2012,2012-08-28,Reg Season,Hanshin Tigers,Away,L,2,Yokohama DeNA Baystars,2,6,0,"0,0,0,0,0,0,1,1,0",19,Yokohama Stadium,,02:48,15536,GAME20120828DBHT0664
2012,2012-08-28,Reg Season,Yokohama DeNA Baystars,Home,W,4,Hanshin Tigers,4,6,0,"0,1,0,1,0,0,0,2,x",19,Yokohama Stadium,,02:48,15536,GAME20120828DBHT0664
2012,2012-08-28,Reg Season,Tohoku Rakuten Golden Eagles,Away,L,1,Chiba Lotte Marines,1,7,0,"0,0,0,1,0,0,0,0,0",17,ZOZO Marine Stadium,,03:06,12868,GAME20120828LMRE0668
2012,2012-08-28,Reg Season,Chiba Lotte Marines,Home,W,9,Tohoku Rakuten Golden Eagles,9,14,0,"0,3,0,1,0,0,0,5,x",17,ZOZO Marine Stadium,,03:06,12868,GAME20120828LMRE0668
2012,2012-08-28,Reg Season,Saitama Seibu Lions,Away,W,6,Hokkaido Nippon-Ham Fighters,6,8,0,"0,0,0,2,0,4,0,0,0",17,Sapporo Dome,,03:09,18629,GAME20120828NFSL0667
2012,2012-08-28,Reg Season,Hokkaido Nippon-Ham Fighters,Home,L,3,Saitama Seibu Lions,3,5,0,"0,2,0,0,0,0,0,1,0",17,Sapporo Dome,,03:09,18629,GAME20120828NFSL0667
2012,2012-08-28,Reg Season,Orix Buffaloes,Away,L,0,Fukuoka Softbank Hawks,0,2,0,"0,0,0,0,0,0,0,0,0",19,Mizuho PayPay Dome Fukuoka,,02:40,35344,GAME20120828SHOB0663
2012,2012-08-28,Reg Season,Fukuoka Softbank Hawks,Home,W,1,Orix Buffaloes,1,8,0,"1,0,0,0,0,0,0,0,x",19,Mizuho PayPay Dome Fukuoka,,02:40,35344,GAME20120828SHOB0663
2012,2012-08-28,Reg Season,Chunichi Dragons,Away,W,5,Yomiuri Giants,5,13,0,"1,0,4,0,0,0,0,0,0",19,Komachi Stadium,,03:14,13181,GAME20120828YGCD0665
2012,2012-08-28,Reg Season,Yomiuri Giants,Home,L,1,Chunichi Dragons,1,11,0,"0,0,0,0,1,0,0,0,0",19,Komachi Stadium,,03:14,13181,GAME20120828YGCD0665
2012,2012-08-28,Reg Season,Hiroshima Toyo Carp,Away,W,10,Tokyo Yakult Swallows,10,14,0,"0,0,0,0,1,3,5,1,0",16,Meiji Jingu Stadium,,03:19,19236,GAME20120828YSHC0666
2012,2012-08-28,Reg Season,Tokyo Yakult Swallows,Home,L,3,Hiroshima Toyo Carp,3,5,1,"0,0,0,1,0,0,2,0,0",16,Meiji Jingu Stadium,,03:19,19236,GAME20120828YSHC0666
2012,2012-08-29,Reg Season,Hanshin Tigers,Away,W,2,Yokohama DeNA Baystars,2,8,0,"0,0,0,0,1,1,0,0,0",20,Yokohama Stadium,,03:38,14358,GAME20120829DBHT0669
2012,2012-08-29,Reg Season,Yokohama DeNA Baystars,Home,L,1,Hanshin Tigers,1,7,0,"0,0,0,1,0,0,0,0,0",20,Yokohama Stadium,,03:38,14358,GAME20120829DBHT0669
2012,2012-08-29,Reg Season,Tohoku Rakuten Golden Eagles,Away,L,2,Chiba Lotte Marines,2,5,0,"0,0,0,0,0,0,2,0,0",18,ZOZO Marine Stadium,,02:33,12507,GAME20120829LMRE0672
2012,2012-08-29,Reg Season,Chiba Lotte Marines,Home,W,3,Tohoku Rakuten Golden Eagles,3,12,0,"0,1,0,0,0,0,0,0,2x",18,ZOZO Marine Stadium,,02:33,12507,GAME20120829LMRE0672
2012,2012-08-29,Reg Season,Saitama Seibu Lions,Away,W,3,Hokkaido Nippon-Ham Fighters,3,7,1,"0,0,0,0,0,0,3,0,0",18,Sapporo Dome,,02:33,16581,GAME20120829NFSL0671
2012,2012-08-29,Reg Season,Hokkaido Nippon-Ham Fighters,Home,L,1,Saitama Seibu Lions,1,3,1,"0,0,1,0,0,0,0,0,0",18,Sapporo Dome,,02:33,16581,GAME20120829NFSL0671
2012,2012-08-29,Reg Season,Chunichi Dragons,Away,W,4,Yomiuri Giants,4,6,1,"0,1,2,0,0,0,0,1,0",20,Iwate Prefectural Baseball Field,,03:25,14570,GAME20120829YGCD0670
2012,2012-08-29,Reg Season,Yomiuri Giants,Home,L,2,Chunichi Dragons,2,10,1,"0,0,0,0,0,1,1,0,0",20,Iwate Prefectural Baseball Field,,03:25,14570,GAME20120829YGCD0670
2012,2012-08-29,Reg Season,Hiroshima Toyo Carp,Away,L,1,Tokyo Yakult Swallows,1,8,0,"0,1,0,0,0,0,0,0,0",17,Meiji Jingu Stadium,,03:42,22548,GAME20120829YSHC0673
2012,2012-08-29,Reg Season,Tokyo Yakult Swallows,Home,W,5,Hiroshima Toyo Carp,5,12,0,"0,0,0,3,0,0,2,0,x",17,Meiji Jingu Stadium,,03:42,22548,GAME20120829YSHC0673
2012,2012-08-30,Reg Season,Hanshin Tigers,Away,L,3,Yokohama DeNA Baystars,3,5,0,"0,0,0,0,1,1,1,0,0",21,Yokohama Stadium,,02:52,13684,GAME20120830DBHT0678
2012,2012-08-30,Reg Season,Yokohama DeNA Baystars,Home,W,4,Hanshin Tigers,4,9,2,"0,2,0,1,0,0,0,1,x",21,Yokohama Stadium,,02:52,13684,GAME20120830DBHT0678
2012,2012-08-30,Reg Season,Tohoku Rakuten Golden Eagles,Away,L,1,Chiba Lotte Marines,1,9,0,"0,0,0,0,0,1,0,0,0",19,ZOZO Marine Stadium,,03:08,26243,GAME20120830LMRE0676
2012,2012-08-30,Reg Season,Chiba Lotte Marines,Home,W,3,Tohoku Rakuten Golden Eagles,3,5,1,"0,1,0,0,0,0,0,2,x",19,ZOZO Marine Stadium,,03:08,26243,GAME20120830LMRE0676
2012,2012-08-30,Reg Season,Saitama Seibu Lions,Away,L,0,Hokkaido Nippon-Ham Fighters,0,6,0,"0,0,0,0,0,0,0,0,0",19,Sapporo Dome,,02:40,17567,GAME20120830NFSL0679
2012,2012-08-30,Reg Season,Hokkaido Nippon-Ham Fighters,Home,W,2,Saitama Seibu Lions,2,6,1,"0,0,2,0,0,0,0,0,x",19,Sapporo Dome,,02:40,17567,GAME20120830NFSL0679
2012,2012-08-30,Reg Season,Orix Buffaloes,Away,W,4,Fukuoka Softbank Hawks,4,12,0,"0,0,0,1,0,0,0,0,3",20,Mizuho PayPay Dome Fukuoka,,03:29,36023,GAME20120830SHOB0674
2012,2012-08-30,Reg Season,Fukuoka Softbank Hawks,Home,L,1,Orix Buffaloes,1,7,0,"1,0,0,0,0,0,0,0,0",20,Mizuho PayPay Dome Fukuoka,,03:29,36023,GAME20120830SHOB0674
2012,2012-08-30,Reg Season,Chunichi Dragons,Away,L,3,Yomiuri Giants,3,12,0,"0,1,1,1,0,0,0,0,0",21,York Kaiseizan Stadium,,02:57,13811,GAME20120830YGCD0675
2012,2012-08-30,Reg Season,Yomiuri Giants,Home,W,9,Chunichi Dragons,9,10,0,"1,0,0,4,2,2,0,0,x",21,York Kaiseizan Stadium,,02:57,13811,GAME20120830YGCD0675
2012,2012-08-30,Reg Season,Hiroshima Toyo Carp,Away,T,2,Tokyo Yakult Swallows,2,8,1,"0,0,0,1,1,0,0,0,0,0",18,Meiji Jingu Stadium,,03:53,18075,GAME20120830YSHC0677
2012,2012-08-30,Reg Season,Tokyo Yakult Swallows,Home,T,2,Hiroshima Toyo Carp,2,8,0,"0,0,0,0,1,0,0,0,1,0",18,Meiji Jingu Stadium,,03:53,18075,GAME20120830YSHC0677
2012,2012-08-31,Reg Season,Hiroshima Toyo Carp,Away,L,0,Hanshin Tigers,0,4,3,"0,0,0,0,0,0,0,0,0",20,Hanshin Koshien Stadium,,02:54,38473,GAME20120831HTHC0682
2012,2012-08-31,Reg Season,Hanshin Tigers,Home,W,3,Hiroshima Toyo Carp,3,11,1,"1,0,0,0,0,1,0,1,x",20,Hanshin Koshien Stadium,,02:54,38473,GAME20120831HTHC0682
2012,2012-08-31,Reg Season,Orix Buffaloes,Away,L,2,Tohoku Rakuten Golden Eagles,2,8,1,"0,1,0,0,0,0,1,0,0",17,Rakuten Seimei Park Miyagi,,03:07,12809,GAME20120831REOB0683
2012,2012-08-31,Reg Season,Tohoku Rakuten Golden Eagles,Home,W,3,Orix Buffaloes,3,9,1,"0,0,1,2,0,0,0,0,x",17,Rakuten Seimei Park Miyagi,,03:07,12809,GAME20120831REOB0683
2012,2012-08-31,Reg Season,Hokkaido Nippon-Ham Fighters,Away,T,1,Fukuoka Softbank Hawks,1,4,0,"0,0,0,0,0,0,1,0,0,0",17,Mizuho PayPay Dome Fukuoka,,03:38,37237,GAME20120831SHNF0680
2012,2012-08-31,Reg Season,Fukuoka Softbank Hawks,Home,T,1,Hokkaido Nippon-Ham Fighters,1,9,0,"0,0,0,0,0,0,0,1,0,0",17,Mizuho PayPay Dome Fukuoka,,03:38,37237,GAME20120831SHNF0680
2012,2012-08-31,Reg Season,Chiba Lotte Marines,Away,L,3,Saitama Seibu Lions,3,8,1,"0,0,1,0,2,0,0,0,0",16,Belluna Dome,,02:59,20388,GAME20120831SLLM0681
2012,2012-08-31,Reg Season,Saitama Seibu Lions,Home,W,5,Chiba Lotte Marines,5,10,0,"1,0,0,0,3,0,1,0,x",16,Belluna Dome,,02:59,20388,GAME20120831SLLM0681
2012,2012-08-31,Reg Season,Yokohama DeNA Baystars,Away,L,1,Yomiuri Giants,1,6,0,"0,0,0,0,0,0,0,1,0",17,Tokyo Dome,,03:05,42761,GAME20120831YGDB0684
2012,2012-08-31,Reg Season,Yomiuri Giants,Home,W,2,Yokohama DeNA Baystars,2,10,1,"1,0,0,0,0,0,1,0,x",17,Tokyo Dome,,03:05,42761,GAME20120831YGDB0684
2012,2012-08-31,Reg Season,Chunichi Dragons,Away,T,4,Tokyo Yakult Swallows,4,12,1,"2,0,0,1,0,0,0,0,1",21,Meiji Jingu Stadium,,03:41,14534,GAME20120831YSCD0685
2012,2012-08-31,Reg Season,Tokyo Yakult Swallows,Home,T,4,Chunichi Dragons,4,10,1,"0,3,0,0,0,0,0,0,1",21,Meiji Jingu Stadium,,03:41,14534,GAME20120831YSCD0685
2012,2012-09-01,Reg Season,Hiroshima Toyo Carp,Away,W,1,Hanshin Tigers,1,3,1,"1,0,0,0,0,0,0,0,0",21,Hanshin Koshien Stadium,,02:59,46691,GAME20120901HTHC0691
2012,2012-09-01,Reg Season,Hanshin Tigers,Home,L,0,Hiroshima Toyo Carp,0,4,0,"0,0,0,0,0,0,0,0,0",21,Hanshin Koshien Stadium,,02:59,46691,GAME20120901HTHC0691
2012,2012-09-01,Reg Season,Orix Buffaloes,Away,W,7,Tohoku Rakuten Golden Eagles,7,14,1,"1,1,1,0,3,0,0,0,1",18,Rakuten Seimei Park Miyagi,,03:09,15050,GAME20120901REOB0688
2012,2012-09-01,Reg Season,Tohoku Rakuten Golden Eagles,Home,L,4,Orix Buffaloes,4,6,0,"1,0,0,0,3,0,0,0,0",18,Rakuten Seimei Park Miyagi,,03:09,15050,GAME20120901REOB0688
2012,2012-09-01,Reg Season,Hokkaido Nippon-Ham Fighters,Away,W,3,Fukuoka Softbank Hawks,3,5,1,"0,0,0,0,1,0,0,0,2",18,Mizuho PayPay Dome Fukuoka,,03:50,35461,GAME20120901SHNF0689
2012,2012-09-01,Reg Season,Fukuoka Softbank Hawks,Home,L,1,Hokkaido Nippon-Ham Fighters,1,7,1,"1,0,0,0,0,0,0,0,0",18,Mizuho PayPay Dome Fukuoka,,03:50,35461,GAME20120901SHNF0689
2012,2012-09-01,Reg Season,Chiba Lotte Marines,Away,L,2,Saitama Seibu Lions,2,7,0,"0,0,1,0,0,0,0,1,0",17,Belluna Dome,,02:42,33916,GAME20120901SLLM0690
2012,2012-09-01,Reg Season,Saitama Seibu Lions,Home,W,4,Chiba Lotte Marines,4,10,0,"1,3,0,0,0,0,0,0,x",17,Belluna Dome,,02:42,33916,GAME20120901SLLM0690
2012,2012-09-01,Reg Season,Yokohama DeNA Baystars,Away,L,1,Yomiuri Giants,1,3,0,"0,0,0,1,0,0,0,0,0",18,Tokyo Dome,,02:41,43274,GAME20120901YGDB0686
2012,2012-09-01,Reg Season,Yomiuri Giants,Home,W,9,Yokohama DeNA Baystars,9,15,0,"0,3,1,1,3,0,0,1,x",18,Tokyo Dome,,02:41,43274,GAME20120901YGDB0686
2012,2012-09-01,Reg Season,Chunichi Dragons,Away,L,2,Tokyo Yakult Swallows,2,7,0,"0,1,0,0,0,1,0,0,0",22,Meiji Jingu Stadium,,03:07,22959,GAME20120901YSCD0687
2012,2012-09-01,Reg Season,Tokyo Yakult Swallows,Home,W,6,Chunichi Dragons,6,8,1,"3,0,0,0,0,0,3,0,x",22,Meiji Jingu Stadium,,03:07,22959,GAME20120901YSCD0687
2012,2012-09-02,Reg Season,Hiroshima Toyo Carp,Away,L,1,Hanshin Tigers,1,7,0,"0,1,0,0,0,0,0,0,0,0,0",22,Hanshin Koshien Stadium,,03:34,38693,GAME20120902HTHC0695
2012,2012-09-02,Reg Season,Hanshin Tigers,Home,W,3,Hiroshima Toyo Carp,3,6,0,"0,0,0,0,1,0,0,0,0,0,2x",22,Hanshin Koshien Stadium,,03:34,38693,GAME20120902HTHC0695
2012,2012-09-02,Reg Season,Orix Buffaloes,Away,T,0,Tohoku Rakuten Golden Eagles,0,7,0,"0,0,0,0,0,0,0,0,0,0,0",19,Rakuten Seimei Park Miyagi,,03:07,15310,GAME20120902REOB0693
2012,2012-09-02,Reg Season,Tohoku Rakuten Golden Eagles,Home,T,0,Orix Buffaloes,0,5,0,"0,0,0,0,0,0,0,0,0,0,0",19,Rakuten Seimei Park Miyagi,,03:07,15310,GAME20120902REOB0693
2012,2012-09-02,Reg Season,Hokkaido Nippon-Ham Fighters,Away,W,2,Fukuoka Softbank Hawks,2,7,3,"0,0,0,2,0,0,0,0,0",19,Mizuho PayPay Dome Fukuoka,,03:27,35223,GAME20120902SHNF0697
2012,2012-09-02,Reg Season,Fukuoka Softbank Hawks,Home,L,1,Hokkaido Nippon-Ham Fighters,1,6,1,"1,0,0,0,0,0,0,0,0",19,Mizuho PayPay Dome Fukuoka,,03:27,35223,GAME20120902SHNF0697
2012,2012-09-02,Reg Season,Chiba Lotte Marines,Away,L,1,Saitama Seibu Lions,1,5,0,"0,0,0,1,0,0,0,0,0",18,Belluna Dome,,03:12,27766,GAME20120902SLLM0694
2012,2012-09-02,Reg Season,Saitama Seibu Lions,Home,W,2,Chiba Lotte Marines,2,6,1,"1,0,0,0,0,0,0,1,x",18,Belluna Dome,,03:12,27766,GAME20120902SLLM0694
2012,2012-09-02,Reg Season,Yokohama DeNA Baystars,Away,L,1,Yomiuri Giants,1,6,0,"0,0,0,0,0,0,0,1,0",19,Tokyo Dome,,02:49,42817,GAME20120902YGDB0692
2012,2012-09-02,Reg Season,Yomiuri Giants,Home,W,2,Yokohama DeNA Baystars,2,8,1,"0,0,0,0,0,1,0,1,x",19,Tokyo Dome,,02:49,42817,GAME20120902YGDB0692
2012,2012-09-02,Reg Season,Chunichi Dragons,Away,L,0,Tokyo Yakult Swallows,0,6,0,"0,0,0,0,0,0,0,0,0",23,Meiji Jingu Stadium,,03:09,13856,GAME20120902YSCD0696
2012,2012-09-02,Reg Season,Tokyo Yakult Swallows,Home,W,1,Chunichi Dragons,1,8,0,"0,0,0,0,0,0,0,0,1x",23,Meiji Jingu Stadium,,03:09,13856,GAME20120902YSCD0696
2012,2012-09-03,Reg Season,Orix Buffaloes,Away,W,4,Tohoku Rakuten Golden Eagles,4,14,0,"1,1,1,0,0,1,0,0,0",20,Rakuten Seimei Park Miyagi,,04:03,11558,GAME20120903REOB0698
2012,2012-09-03,Reg Season,Tohoku Rakuten Golden Eagles,Home,L,3,Orix Buffaloes,3,12,2,"0,0,0,0,2,0,1,0,0",20,Rakuten Seimei Park Miyagi,,04:03,11558,GAME20120903REOB0698
2012,2012-09-04,Reg Season,Hiroshima Toyo Carp,Away,L,2,Chunichi Dragons,2,10,1,"1,1,0,0,0,0,0,0,0",18,Vantelin Dome Nagoya,,02:47,26630,GAME20120904CDHC0700
2012,2012-09-04,Reg Season,Chunichi Dragons,Home,W,10,Hiroshima Toyo Carp,10,14,0,"2,0,1,5,0,0,0,2,x",18,Vantelin Dome Nagoya,,02:47,26630,GAME20120904CDHC0700
2012,2012-09-04,Reg Season,Tokyo Yakult Swallows,Away,L,1,Yokohama DeNA Baystars,1,6,0,"1,0,0,0,0,0,0,0,0",17,Yokohama Stadium,,02:34,9351,GAME20120904DBYS0702
2012,2012-09-04,Reg Season,Yokohama DeNA Baystars,Home,W,2,Tokyo Yakult Swallows,2,6,0,"0,1,0,1,0,0,0,0,x",17,Yokohama Stadium,,02:34,9351,GAME20120904DBYS0702
2012,2012-09-04,Reg Season,Yomiuri Giants,Away,W,7,Hanshin Tigers,7,10,0,"2,1,0,0,0,0,0,0,4",19,Hanshin Koshien Stadium,,03:28,34326,GAME20120904HTYG0704
2012,2012-09-04,Reg Season,Hanshin Tigers,Home,L,3,Yomiuri Giants,3,9,2,"0,2,1,0,0,0,0,0,0",19,Hanshin Koshien Stadium,,03:28,34326,GAME20120904HTYG0704
2012,2012-09-04,Reg Season,Tohoku Rakuten Golden Eagles,Away,L,1,Hokkaido Nippon-Ham Fighters,1,7,1,"1,0,0,0,0,0,0,0,0",22,Tokyo Dome,,02:46,18080,GAME20120904NFRE0703
2012,2012-09-04,Reg Season,Hokkaido Nippon-Ham Fighters,Home,W,3,Tohoku Rakuten Golden Eagles,3,8,0,"0,0,0,0,0,0,0,3,x",22,Tokyo Dome,,02:46,18080,GAME20120904NFRE0703
2012,2012-09-04,Reg Season,Chiba Lotte Marines,Away,L,1,Orix Buffaloes,1,4,1,"0,0,0,0,0,1,0,0,0",18,Kyocera Dome Osaka,,02:48,11638,GAME20120904OBLM0701
2012,2012-09-04,Reg Season,Orix Buffaloes,Home,W,3,Chiba Lotte Marines,3,12,2,"0,0,0,0,3,0,0,0,x",18,Kyocera Dome Osaka,,02:48,11638,GAME20120904OBLM0701
2012,2012-09-04,Reg Season,Fukuoka Softbank Hawks,Away,W,5,Saitama Seibu Lions,5,11,0,"0,0,1,2,0,0,0,0,0,2",19,Belluna Dome,,03:08,13318,GAME20120904SLSH0699
2012,2012-09-04,Reg Season,Saitama Seibu Lions,Home,L,3,Fukuoka Softbank Hawks,3,5,0,"0,1,1,0,0,0,0,1,0,0",19,Belluna Dome,,03:08,13318,GAME20120904SLSH0699
2012,2012-09-05,Reg Season,Hiroshima Toyo Carp,Away,W,2,Chunichi Dragons,2,7,1,"0,0,0,2,0,0,0,0,0",19,Vantelin Dome Nagoya,,02:56,26827,GAME20120905CDHC0709
2012,2012-09-05,Reg Season,Chunichi Dragons,Home,L,1,Hiroshima Toyo Carp,1,8,0,"0,0,0,0,0,0,0,0,1",19,Vantelin Dome Nagoya,,02:56,26827,GAME20120905CDHC0709
2012,2012-09-05,Reg Season,Tokyo Yakult Swallows,Away,W,3,Yokohama DeNA Baystars,3,6,0,"0,0,0,2,1,0,0,0,0",18,Yokohama Stadium,,02:57,10587,GAME20120905DBYS0710
2012,2012-09-05,Reg Season,Yokohama DeNA Baystars,Home,L,1,Tokyo Yakult Swallows,1,5,1,"0,0,1,0,0,0,0,0,0",18,Yokohama Stadium,,02:57,10587,GAME20120905DBYS0710
2012,2012-09-05,Reg Season,Yomiuri Giants,Away,L,0,Hanshin Tigers,0,4,2,"0,0,0,0,0,0,0,0,0",20,Hanshin Koshien Stadium,,02:53,36014,GAME20120905HTYG0708
2012,2012-09-05,Reg Season,Hanshin Tigers,Home,W,6,Yomiuri Giants,6,9,1,"0,0,4,2,0,0,0,0,x",20,Hanshin Koshien Stadium,,02:53,36014,GAME20120905HTYG0708
2012,2012-09-05,Reg Season,Tohoku Rakuten Golden Eagles,Away,W,10,Hokkaido Nippon-Ham Fighters,10,16,0,"1,0,0,0,1,2,0,4,2",23,Tokyo Dome,,03:45,19835,GAME20120905NFRE0707
2012,2012-09-05,Reg Season,Hokkaido Nippon-Ham Fighters,Home,L,5,Tohoku Rakuten Golden Eagles,5,12,1,"0,0,1,0,4,0,0,0,0",23,Tokyo Dome,,03:45,19835,GAME20120905NFRE0707
2012,2012-09-05,Reg Season,Chiba Lotte Marines,Away,L,0,Orix Buffaloes,0,7,1,"0,0,0,0,0,0,0,0,0",19,Kobe Athletic Park Baseball Field,,03:01,18409,GAME20120905OBLM0706
2012,2012-09-05,Reg Season,Orix Buffaloes,Home,W,2,Chiba Lotte Marines,2,7,0,"0,0,0,1,1,0,0,0,x",19,Kobe Athletic Park Baseball Field,,03:01,18409,GAME20120905OBLM0706
2012,2012-09-05,Reg Season,Fukuoka Softbank Hawks,Away,L,1,Saitama Seibu Lions,1,7,0,"0,1,0,0,0,0,0,0,0",20,Belluna Dome,,02:36,13959,GAME20120905SLSH0705
2012,2012-09-05,Reg Season,Saitama Seibu Lions,Home,W,2,Fukuoka Softbank Hawks,2,7,0,"0,0,0,0,0,0,1,0,1x",20,Belluna Dome,,02:36,13959,GAME20120905SLSH0705
2012,2012-09-06,Reg Season,Hiroshima Toyo Carp,Away,L,0,Chunichi Dragons,0,5,0,"0,0,0,0,0,0,0,0,0",20,Vantelin Dome Nagoya,,03:00,26903,GAME20120906CDHC0712
2012,2012-09-06,Reg Season,Chunichi Dragons,Home,W,3,Hiroshima Toyo Carp,3,7,0,"2,0,0,0,0,0,1,0,x",20,Vantelin Dome Nagoya,,03:00,26903,GAME20120906CDHC0712
2012,2012-09-06,Reg Season,Tokyo Yakult Swallows,Away,W,3,Yokohama DeNA Baystars,3,9,1,"0,0,0,0,0,1,2,0x",19,Yokohama Stadium,,02:48,6303,GAME20120906DBYS0713
2012,2012-09-06,Reg Season,Yokohama DeNA Baystars,Home,L,1,Tokyo Yakult Swallows,1,3,1,"0,0,0,0,0,1,0",19,Yokohama Stadium,,02:48,6303,GAME20120906DBYS0713
2012,2012-09-06,Reg Season,Yomiuri Giants,Away,T,1,Hanshin Tigers,1,12,2,"0,0,0,0,0,0,1,0,0,0",21,Hanshin Koshien Stadium,,03:40,35553,GAME20120906HTYG0714
2012,2012-09-06,Reg Season,Hanshin Tigers,Home,T,1,Yomiuri Giants,1,6,1,"0,1,0,0,0,0,0,0,0,0",21,Hanshin Koshien Stadium,,03:40,35553,GAME20120906HTYG0714
2012,2012-09-06,Reg Season,Fukuoka Softbank Hawks,Away,L,2,Saitama Seibu Lions,2,5,3,"0,0,0,0,1,0,0,1,0",21,Belluna Dome,,03:20,14154,GAME20120906SLSH0711
2012,2012-09-06,Reg Season,Saitama Seibu Lions,Home,W,9,Fukuoka Softbank Hawks,9,14,1,"0,0,2,3,3,1,0,0,x",21,Belluna Dome,,03:20,14154,GAME20120906SLSH0711
2012,2012-09-07,Reg Season,Hanshin Tigers,Away,L,0,Chunichi Dragons,0,4,0,"0,0,0,0,0,0,0,0,0",18,Vantelin Dome Nagoya,,02:45,26588,GAME20120907CDHT0720
2012,2012-09-07,Reg Season,Chunichi Dragons,Home,W,1,Hanshin Tigers,1,3,2,"0,0,0,0,1,0,0,0,x",18,Vantelin Dome Nagoya,,02:45,26588,GAME20120907CDHT0720
2012,2012-09-07,Reg Season,Yokohama DeNA Baystars,Away,W,1,Hiroshima Toyo Carp,1,8,0,"0,0,0,1,0,0,0,0,0",19,MAZDA Zoom-Zoom Stadium Hiroshima,,02:27,20117,GAME20120907HCDB0718
2012,2012-09-07,Reg Season,Hiroshima Toyo Carp,Home,L,0,Yokohama DeNA Baystars,0,3,0,"0,0,0,0,0,0,0,0,0",19,MAZDA Zoom-Zoom Stadium Hiroshima,,02:27,20117,GAME20120907HCDB0718
2012,2012-09-07,Reg Season,Hokkaido Nippon-Ham Fighters,Away,W,2,Orix Buffaloes,2,10,0,"2,0,0,0,0,0,0,0,0",19,Kyocera Dome Osaka,,02:40,13551,GAME20120907OBNF0715
2012,2012-09-07,Reg Season,Orix Buffaloes,Home,L,1,Hokkaido Nippon-Ham Fighters,1,5,0,"0,1,0,0,0,0,0,0,0",19,Kyocera Dome Osaka,,02:40,13551,GAME20120907OBNF0715
2012,2012-09-07,Reg Season,Saitama Seibu Lions,Away,L,0,Tohoku Rakuten Golden Eagles,0,3,1,"0,0,0,0,0,0,0,0,0",17,Rakuten Seimei Park Miyagi,,03:19,15331,GAME20120907RESL0716
2012,2012-09-07,Reg Season,Tohoku Rakuten Golden Eagles,Home,W,1,Saitama Seibu Lions,1,8,1,"0,0,0,0,1,0,0,0,x",17,Rakuten Seimei Park Miyagi,,03:19,15331,GAME20120907RESL0716
2012,2012-09-07,Reg Season,Chiba Lotte Marines,Away,L,1,Fukuoka Softbank Hawks,1,4,0,"1,0,0,0,0,0,0,0,0",22,Mizuho PayPay Dome Fukuoka,,03:08,31492,GAME20120907SHLM0719
2012,2012-09-07,Reg Season,Fukuoka Softbank Hawks,Home,W,4,Chiba Lotte Marines,4,11,0,"0,0,0,2,0,0,2,0,x",22,Mizuho PayPay Dome Fukuoka,,03:08,31492,GAME20120907SHLM0719
2012,2012-09-07,Reg Season,Yomiuri Giants,Away,W,8,Tokyo Yakult Swallows,8,16,1,"3,1,0,0,0,1,1,2,0",18,Meiji Jingu Stadium,,03:51,23139,GAME20120907YSYG0717
2012,2012-09-07,Reg Season,Tokyo Yakult Swallows,Home,L,2,Yomiuri Giants,2,8,2,"0,1,0,1,0,0,0,0,0",18,Meiji Jingu Stadium,,03:51,23139,GAME20120907YSYG0717
2012,2012-09-08,Reg Season,Hanshin Tigers,Away,W,1,Chunichi Dragons,1,8,0,"0,0,0,0,0,0,0,0,1",19,Vantelin Dome Nagoya,,03:14,37912,GAME20120908CDHT0724
2012,2012-09-08,Reg Season,Chunichi Dragons,Home,L,0,Hanshin Tigers,0,4,0,"0,0,0,0,0,0,0,0,0",19,Vantelin Dome Nagoya,,03:14,37912,GAME20120908CDHT0724
2012,2012-09-08,Reg Season,Yokohama DeNA Baystars,Away,L,0,Hiroshima Toyo Carp,0,7,1,"0,0,0,0,0,0,0,0,0",20,MAZDA Zoom-Zoom Stadium Hiroshima,,02:57,26131,GAME20120908HCDB0726
2012,2012-09-08,Reg Season,Hiroshima Toyo Carp,Home,W,3,Yokohama DeNA Baystars,3,7,0,"0,0,0,1,2,0,0,0,x",20,MAZDA Zoom-Zoom Stadium Hiroshima,,02:57,26131,GAME20120908HCDB0726
2012,2012-09-08,Reg Season,Hokkaido Nippon-Ham Fighters,Away,L,1,Orix Buffaloes,1,6,1,"0,0,1,0,0,0,0,0,0,0",20,Kyocera Dome Osaka,,03:08,16079,GAME20120908OBNF0721
2012,2012-09-08,Reg Season,Orix Buffaloes,Home,W,2,Hokkaido Nippon-Ham Fighters,2,7,0,"0,0,0,0,0,0,1,0,0,1x",20,Kyocera Dome Osaka,,03:08,16079,GAME20120908OBNF0721
2012,2012-09-08,Reg Season,Saitama Seibu Lions,Away,L,5,Tohoku Rakuten Golden Eagles,5,15,2,"2,0,0,0,1,0,2,0,0",18,Rakuten Seimei Park Miyagi,,03:58,16445,GAME20120908RESL0725
2012,2012-09-08,Reg Season,Tohoku Rakuten Golden Eagles,Home,W,6,Saitama Seibu Lions,6,12,0,"4,0,0,0,1,0,0,0,1x",18,Rakuten Seimei Park Miyagi,,03:58,16445,GAME20120908RESL0725
2012,2012-09-08,Reg Season,Chiba Lotte Marines,Away,L,1,Fukuoka Softbank Hawks,1,7,0,"0,0,0,0,0,0,1,0,0",23,Mizuho PayPay Dome Fukuoka,,03:12,33145,GAME20120908SHLM0723
2012,2012-09-08,Reg Season,Fukuoka Softbank Hawks,Home,W,3,Chiba Lotte Marines,3,10,0,"0,0,0,0,3,0,0,0,x",23,Mizuho PayPay Dome Fukuoka,,03:12,33145,GAME20120908SHLM0723
2012,2012-09-08,Reg Season,Yomiuri Giants,Away,W,5,Tokyo Yakult Swallows,5,15,0,"3,0,0,1,1,0,0,0,0",19,HARD OFF ECO Stadium Niigata,,03:37,24863,GAME20120908YSYG0722
2012,2012-09-08,Reg Season,Tokyo Yakult Swallows,Home,L,2,Yomiuri Giants,2,6,0,"2,0,0,0,0,0,0,0,0",19,HARD OFF ECO Stadium Niigata,,03:37,24863,GAME20120908YSYG0722
2012,2012-09-09,Reg Season,Hanshin Tigers,Away,W,7,Chunichi Dragons,7,13,0,"1,0,2,0,1,0,0,3,0",20,Vantelin Dome Nagoya,,03:05,34419,GAME20120909CDHT0732
2012,2012-09-09,Reg Season,Chunichi Dragons,Home,L,0,Hanshin Tigers,0,3,1,"0,0,0,0,0,0,0,0,0",20,Vantelin Dome Nagoya,,03:05,34419,GAME20120909CDHT0732
2012,2012-09-09,Reg Season,Yokohama DeNA Baystars,Away,T,3,Hiroshima Toyo Carp,3,9,1,"0,0,1,1,0,0,0,0,1,0",21,MAZDA Zoom-Zoom Stadium Hiroshima,,03:32,28109,GAME20120909HCDB0730
2012,2012-09-09,Reg Season,Hiroshima Toyo Carp,Home,T,3,Yokohama DeNA Baystars,3,8,2,"0,1,0,0,0,0,0,2,0,0",21,MAZDA Zoom-Zoom Stadium Hiroshima,,03:32,28109,GAME20120909HCDB0730
2012,2012-09-09,Reg Season,Hokkaido Nippon-Ham Fighters,Away,W,2,Orix Buffaloes,2,10,0,"2,0,0,0,0,0,0,0,0",21,Kyocera Dome Osaka,,02:52,21416,GAME20120909OBNF0727
2012,2012-09-09,Reg Season,Orix Buffaloes,Home,L,0,Hokkaido Nippon-Ham Fighters,0,5,0,"0,0,0,0,0,0,0,0,0",21,Kyocera Dome Osaka,,02:52,21416,GAME20120909OBNF0727
2012,2012-09-09,Reg Season,Saitama Seibu Lions,Away,L,2,Tohoku Rakuten Golden Eagles,2,8,2,"0,0,0,0,0,0,1,1,0",19,Rakuten Seimei Park Miyagi,,03:07,16219,GAME20120909RESL0729
2012,2012-09-09,Reg Season,Tohoku Rakuten Golden Eagles,Home,W,9,Saitama Seibu Lions,9,15,0,"2,2,0,0,2,2,1,0,x",19,Rakuten Seimei Park Miyagi,,03:07,16219,GAME20120909RESL0729
2012,2012-09-09,Reg Season,Chiba Lotte Marines,Away,L,0,Fukuoka Softbank Hawks,0,7,0,"0,0,0,0,0,0,0,0,0",24,Mizuho PayPay Dome Fukuoka,,02:52,35170,GAME20120909SHLM0728
2012,2012-09-09,Reg Season,Fukuoka Softbank Hawks,Home,W,3,Chiba Lotte Marines,3,7,1,"0,0,3,0,0,0,0,0,x",24,Mizuho PayPay Dome Fukuoka,,02:52,35170,GAME20120909SHLM0728
2012,2012-09-09,Reg Season,Yomiuri Giants,Away,T,4,Tokyo Yakult Swallows,4,9,0,"0,0,0,0,0,3,1,0,0,0",20,HARD OFF ECO Stadium Niigata,,03:35,17966,GAME20120909YSYG0731
2012,2012-09-09,Reg Season,Tokyo Yakult Swallows,Home,T,4,Yomiuri Giants,4,7,0,"0,0,0,3,0,0,0,1,0,0",20,HARD OFF ECO Stadium Niigata,,03:35,17966,GAME20120909YSYG0731
2012,2012-09-11,Reg Season,Chunichi Dragons,Away,W,3,Yokohama DeNA Baystars,3,12,0,"0,1,1,0,0,0,0,1,0",17,Yokohama Stadium,,03:21,10194,GAME20120911DBCD0736
2012,2012-09-11,Reg Season,Yokohama DeNA Baystars,Home,L,2,Chunichi Dragons,2,8,3,"0,0,0,2,0,0,0,0,0",17,Yokohama Stadium,,03:21,10194,GAME20120911DBCD0736
2012,2012-09-11,Reg Season,Tokyo Yakult Swallows,Away,W,2,Hanshin Tigers,2,4,0,"0,0,0,0,0,1,0,1,0",17,Hanshin Koshien Stadium,,03:04,28141,GAME20120911HTYS0738
2012,2012-09-11,Reg Season,Hanshin Tigers,Home,L,0,Tokyo Yakult Swallows,0,8,1,"0,0,0,0,0,0,0,0,0",17,Hanshin Koshien Stadium,,03:04,28141,GAME20120911HTYS0738
2012,2012-09-11,Reg Season,Hokkaido Nippon-Ham Fighters,Away,W,3,Chiba Lotte Marines,3,6,1,"0,0,0,0,1,2,0,0,0",18,ZOZO Marine Stadium,,02:27,10414,GAME20120911LMNF0733
2012,2012-09-11,Reg Season,Chiba Lotte Marines,Home,L,2,Hokkaido Nippon-Ham Fighters,2,6,0,"0,0,0,0,0,0,1,1,0",18,ZOZO Marine Stadium,,02:27,10414,GAME20120911LMNF0733
2012,2012-09-11,Reg Season,Tohoku Rakuten Golden Eagles,Away,L,1,Fukuoka Softbank Hawks,1,6,0,"0,0,0,0,1,0,0,0,0",16,Mizuho PayPay Dome Fukuoka,,03:09,34663,GAME20120911SHRE0737
2012,2012-09-11,Reg Season,Fukuoka Softbank Hawks,Home,W,2,Tohoku Rakuten Golden Eagles,2,9,0,"0,1,1,0,0,0,0,0,x",16,Mizuho PayPay Dome Fukuoka,,03:09,34663,GAME20120911SHRE0737
2012,2012-09-11,Reg Season,Orix Buffaloes,Away,W,3,Saitama Seibu Lions,3,8,1,"0,0,0,0,0,1,0,0,2",20,Belluna Dome,,03:23,11979,GAME20120911SLOB0734
2012,2012-09-11,Reg Season,Saitama Seibu Lions,Home,L,2,Orix Buffaloes,2,8,0,"1,0,0,0,0,0,1,0,0",20,Belluna Dome,,03:23,11979,GAME20120911SLOB0734
2012,2012-09-11,Reg Season,Hiroshima Toyo Carp,Away,L,3,Yomiuri Giants,3,9,1,"0,0,0,0,0,0,0,0,3",19,Tokyo Dome,,02:33,40704,GAME20120911YGHC0735
2012,2012-09-11,Reg Season,Yomiuri Giants,Home,W,6,Hiroshima Toyo Carp,6,8,0,"1,0,2,0,1,0,2,0,x",19,Tokyo Dome,,02:33,40704,GAME20120911YGHC0735
2012,2012-09-12,Reg Season,Chunichi Dragons,Away,W,6,Yokohama DeNA Baystars,6,10,0,"0,0,0,3,1,0,0,2,0",18,Yokohama Stadium,,03:24,13288,GAME20120912DBCD0744
2012,2012-09-12,Reg Season,Yokohama DeNA Baystars,Home,L,4,Chunichi Dragons,4,11,0,"0,0,0,0,2,1,0,1,0",18,Yokohama Stadium,,03:24,13288,GAME20120912DBCD0744
2012,2012-09-12,Reg Season,Tokyo Yakult Swallows,Away,W,2,Hanshin Tigers,2,12,0,"0,0,0,0,0,0,1,1,0",18,Hanshin Koshien Stadium,,03:18,27754,GAME20120912HTYS0742
2012,2012-09-12,Reg Season,Hanshin Tigers,Home,L,1,Tokyo Yakult Swallows,1,5,0,"1,0,0,0,0,0,0,0,0",18,Hanshin Koshien Stadium,,03:18,27754,GAME20120912HTYS0742
2012,2012-09-12,Reg Season,Hokkaido Nippon-Ham Fighters,Away,L,0,Chiba Lotte Marines,0,9,0,"0,0,0,0,0,0,0,0,0",19,ZOZO Marine Stadium,,02:36,12321,GAME20120912LMNF0739
2012,2012-09-12,Reg Season,Chiba Lotte Marines,Home,W,10,Hokkaido Nippon-Ham Fighters,10,13,0,"5,3,0,0,0,0,1,1,x",19,ZOZO Marine Stadium,,02:36,12321,GAME20120912LMNF0739
2012,2012-09-12,Reg Season,Tohoku Rakuten Golden Eagles,Away,L,3,Fukuoka Softbank Hawks,3,7,1,"0,0,0,0,2,0,0,0,1",17,Mizuho PayPay Dome Fukuoka,,03:17,34370,GAME20120912SHRE0741
2012,2012-09-12,Reg Season,Fukuoka Softbank Hawks,Home,W,5,Tohoku Rakuten Golden Eagles,5,13,0,"0,1,3,0,0,0,0,1,x",17,Mizuho PayPay Dome Fukuoka,,03:17,34370,GAME20120912SHRE0741
2012,2012-09-12,Reg Season,Orix Buffaloes,Away,L,3,Saitama Seibu Lions,3,7,1,"0,0,0,0,0,0,1,2,0",21,Belluna Dome,,03:14,13945,GAME20120912SLOB0743
2012,2012-09-12,Reg Season,Saitama Seibu Lions,Home,W,4,Orix Buffaloes,4,6,1,"0,0,0,0,0,3,0,1,x",21,Belluna Dome,,03:14,13945,GAME20120912SLOB0743
2012,2012-09-12,Reg Season,Hiroshima Toyo Carp,Away,L,0,Yomiuri Giants,0,9,1,"0,0,0,0,0,0,0,0,0",20,Tokyo Dome,,02:51,41789,GAME20120912YGHC0740
2012,2012-09-12,Reg Season,Yomiuri Giants,Home,W,5,Hiroshima Toyo Carp,5,11,1,"2,0,0,0,3,0,0,0,x",20,Tokyo Dome,,02:51,41789,GAME20120912YGHC0740
2012,2012-09-13,Reg Season,Chunichi Dragons,Away,T,6,Yokohama DeNA Baystars,6,12,1,"3,0,0,0,2,1,0,0,0,0",19,Yokohama Stadium,,03:46,11078,GAME20120913DBCD0748
2012,2012-09-13,Reg Season,Yokohama DeNA Baystars,Home,T,6,Chunichi Dragons,6,7,0,"0,0,0,0,5,1,0,0,0,0",19,Yokohama Stadium,,03:46,11078,GAME20120913DBCD0748
2012,2012-09-13,Reg Season,Tokyo Yakult Swallows,Away,L,1,Hanshin Tigers,1,10,1,"0,0,1,0,0,0,0,0,0",19,Hanshin Koshien Stadium,,03:24,25521,GAME20120913HTYS0750
2012,2012-09-13,Reg Season,Hanshin Tigers,Home,W,4,Tokyo Yakult Swallows,4,10,0,"1,0,0,0,0,1,0,2,x",19,Hanshin Koshien Stadium,,03:24,25521,GAME20120913HTYS0750
2012,2012-09-13,Reg Season,Hokkaido Nippon-Ham Fighters,Away,T,6,Chiba Lotte Marines,6,12,0,"0,0,0,0,2,2,1,1,0",20,ZOZO Marine Stadium,,03:56,11825,GAME20120913LMNF0745
2012,2012-09-13,Reg Season,Chiba Lotte Marines,Home,T,6,Hokkaido Nippon-Ham Fighters,6,11,0,"0,0,0,0,0,3,3,0,0",20,ZOZO Marine Stadium,,03:56,11825,GAME20120913LMNF0745
2012,2012-09-13,Reg Season,Tohoku Rakuten Golden Eagles,Away,W,6,Fukuoka Softbank Hawks,6,6,0,"0,0,0,0,0,0,5,1,0",18,Mizuho PayPay Dome Fukuoka,,02:58,33885,GAME20120913SHRE0746
2012,2012-09-13,Reg Season,Fukuoka Softbank Hawks,Home,L,2,Tohoku Rakuten Golden Eagles,2,6,0,"0,0,0,0,0,0,0,1,1",18,Mizuho PayPay Dome Fukuoka,,02:58,33885,GAME20120913SHRE0746
2012,2012-09-13,Reg Season,Orix Buffaloes,Away,L,1,Saitama Seibu Lions,1,4,1,"0,1,0,0,0,0,0,0,0",22,Belluna Dome,,02:56,13673,GAME20120913SLOB0747
2012,2012-09-13,Reg Season,Saitama Seibu Lions,Home,W,8,Orix Buffaloes,8,12,1,"0,0,0,0,0,7,1,0,x",22,Belluna Dome,,02:56,13673,GAME20120913SLOB0747
2012,2012-09-13,Reg Season,Hiroshima Toyo Carp,Away,L,1,Yomiuri Giants,1,5,0,"0,0,0,0,0,1,0,0,0",21,Tokyo Dome,,02:45,40561,GAME20120913YGHC0749
2012,2012-09-13,Reg Season,Yomiuri Giants,Home,W,4,Hiroshima Toyo Carp,4,9,0,"0,0,1,0,2,0,0,1,x",21,Tokyo Dome,,02:45,40561,GAME20120913YGHC0749
2012,2012-09-14,Reg Season,Chunichi Dragons,Away,L,3,Hiroshima Toyo Carp,3,11,1,"0,0,0,0,0,0,0,3,0",21,MAZDA Zoom-Zoom Stadium Hiroshima,,03:22,18684,GAME20120914HCCD0754
2012,2012-09-14,Reg Season,Hiroshima Toyo Carp,Home,W,4,Chunichi Dragons,4,14,0,"0,0,0,1,0,1,1,0,1x",21,MAZDA Zoom-Zoom Stadium Hiroshima,,03:22,18684,GAME20120914HCCD0754
2012,2012-09-14,Reg Season,Saitama Seibu Lions,Away,W,3,Chiba Lotte Marines,3,6,1,"0,1,0,0,0,2,0,0,0",19,ZOZO Marine Stadium,,03:22,17389,GAME20120914LMSL0751
2012,2012-09-14,Reg Season,Chiba Lotte Marines,Home,L,2,Saitama Seibu Lions,2,10,0,"0,0,0,0,0,0,2,0,0",19,ZOZO Marine Stadium,,03:22,17389,GAME20120914LMSL0751
2012,2012-09-14,Reg Season,Fukuoka Softbank Hawks,Away,L,0,Hokkaido Nippon-Ham Fighters,0,2,0,"0,0,0,0,0,0,0,0,0",20,Sapporo Dome,,02:41,20204,GAME20120914NFSH0752
2012,2012-09-14,Reg Season,Hokkaido Nippon-Ham Fighters,Home,W,1,Fukuoka Softbank Hawks,1,8,1,"0,0,0,0,0,0,0,1,x",20,Sapporo Dome,,02:41,20204,GAME20120914NFSH0752
2012,2012-09-14,Reg Season,Tohoku Rakuten Golden Eagles,Away,W,7,Orix Buffaloes,7,11,0,"2,0,0,0,1,0,1,3,0",21,Kyocera Dome Osaka,,03:37,11403,GAME20120914OBRE0755
2012,2012-09-14,Reg Season,Orix Buffaloes,Home,L,2,Tohoku Rakuten Golden Eagles,2,6,4,"0,0,2,0,0,0,0,0,0",21,Kyocera Dome Osaka,,03:37,11403,GAME20120914OBRE0755
2012,2012-09-14,Reg Season,Hanshin Tigers,Away,L,2,Yomiuri Giants,2,6,0,"2,0,0,0,0,0,0,0,0",22,Tokyo Dome,,03:01,40746,GAME20120914YGHT0753
2012,2012-09-14,Reg Season,Yomiuri Giants,Home,W,3,Hanshin Tigers,3,10,1,"0,0,0,0,0,0,3,0,x",22,Tokyo Dome,,03:01,40746,GAME20120914YGHT0753
2012,2012-09-14,Reg Season,Yokohama DeNA Baystars,Away,L,2,Tokyo Yakult Swallows,2,10,1,"0,1,0,1,0,0,0,0,0",20,Meiji Jingu Stadium,,03:01,13085,GAME20120914YSDB0756
2012,2012-09-14,Reg Season,Tokyo Yakult Swallows,Home,W,6,Yokohama DeNA Baystars,6,13,0,"1,0,0,4,0,0,0,1,x",20,Meiji Jingu Stadium,,03:01,13085,GAME20120914YSDB0756
2012,2012-09-15,Reg Season,Chunichi Dragons,Away,W,1,Hiroshima Toyo Carp,1,8,0,"0,1,0,0,0,0,0,0,0",22,MAZDA Zoom-Zoom Stadium Hiroshima,,02:53,28536,GAME20120915HCCD0762
2012,2012-09-15,Reg Season,Hiroshima Toyo Carp,Home,L,0,Chunichi Dragons,0,3,1,"0,0,0,0,0,0,0,0,0",22,MAZDA Zoom-Zoom Stadium Hiroshima,,02:53,28536,GAME20120915HCCD0762
2012,2012-09-15,Reg Season,Saitama Seibu Lions,Away,L,4,Chiba Lotte Marines,4,10,1,"1,1,0,0,1,0,1,0,0",20,ZOZO Marine Stadium,,03:12,20179,GAME20120915LMSL0757
2012,2012-09-15,Reg Season,Chiba Lotte Marines,Home,W,5,Saitama Seibu Lions,5,8,0,"0,0,0,0,1,1,3,0,x",20,ZOZO Marine Stadium,,03:12,20179,GAME20120915LMSL0757
2012,2012-09-15,Reg Season,Fukuoka Softbank Hawks,Away,L,2,Hokkaido Nippon-Ham Fighters,2,9,1,"0,0,0,0,0,0,0,0,2",21,Sapporo Dome,,03:41,30213,GAME20120915NFSH0761
2012,2012-09-15,Reg Season,Hokkaido Nippon-Ham Fighters,Home,W,4,Fukuoka Softbank Hawks,4,11,0,"0,2,0,0,1,1,0,0,x",21,Sapporo Dome,,03:41,30213,GAME20120915NFSH0761
2012,2012-09-15,Reg Season,Tohoku Rakuten Golden Eagles,Away,W,3,Orix Buffaloes,3,10,1,"0,1,1,0,1,0,0,0,0",22,Kyocera Dome Osaka,,03:27,16838,GAME20120915OBRE0759
2012,2012-09-15,Reg Season,Orix Buffaloes,Home,L,2,Tohoku Rakuten Golden Eagles,2,6,0,"1,0,1,0,0,0,0,0,0",22,Kyocera Dome Osaka,,03:27,16838,GAME20120915OBRE0759
2012,2012-09-15,Reg Season,Hanshin Tigers,Away,W,2,Yomiuri Giants,2,9,0,"0,0,0,1,0,0,0,0,1",23,Tokyo Dome,,02:50,44471,GAME20120915YGHT0758
2012,2012-09-15,Reg Season,Yomiuri Giants,Home,L,0,Hanshin Tigers,0,7,0,"0,0,0,0,0,0,0,0,0",23,Tokyo Dome,,02:50,44471,GAME20120915YGHT0758
2012,2012-09-15,Reg Season,Yokohama DeNA Baystars,Away,L,3,Tokyo Yakult Swallows,3,7,2,"0,0,0,1,0,2,0,0,0",21,Meiji Jingu Stadium,,03:31,18624,GAME20120915YSDB0760
2012,2012-09-15,Reg Season,Tokyo Yakult Swallows,Home,W,6,Yokohama DeNA Baystars,6,8,0,"0,0,0,1,0,2,0,3,x",21,Meiji Jingu Stadium,,03:31,18624,GAME20120915YSDB0760
2012,2012-09-16,Reg Season,Chunichi Dragons,Away,W,2,Hiroshima Toyo Carp,2,6,0,"0,0,0,1,0,0,1,0,0",23,MAZDA Zoom-Zoom Stadium Hiroshima,,03:00,31574,GAME20120916HCCD0766
2012,2012-09-16,Reg Season,Hiroshima Toyo Carp,Home,L,0,Chunichi Dragons,0,5,2,"0,0,0,0,0,0,0,0,0",23,MAZDA Zoom-Zoom Stadium Hiroshima,,03:00,31574,GAME20120916HCCD0766
2012,2012-09-16,Reg Season,Saitama Seibu Lions,Away,L,2,Chiba Lotte Marines,2,11,2,"0,0,2,0,0,0,0,0,0",21,ZOZO Marine Stadium,,03:22,27871,GAME20120916LMSL0763
2012,2012-09-16,Reg Season,Chiba Lotte Marines,Home,W,5,Saitama Seibu Lions,5,8,1,"1,3,0,0,0,1,0,0,x",21,ZOZO Marine Stadium,,03:22,27871,GAME20120916LMSL0763
2012,2012-09-16,Reg Season,Fukuoka Softbank Hawks,Away,W,5,Hokkaido Nippon-Ham Fighters,5,10,0,"1,2,0,0,0,0,2,0,0",22,Sapporo Dome,,03:42,42063,GAME20120916NFSH0765
2012,2012-09-16,Reg Season,Hokkaido Nippon-Ham Fighters,Home,L,2,Fukuoka Softbank Hawks,2,7,0,"1,0,0,0,1,0,0,0,0",22,Sapporo Dome,,03:42,42063,GAME20120916NFSH0765
2012,2012-09-16,Reg Season,Tohoku Rakuten Golden Eagles,Away,W,3,Orix Buffaloes,3,7,0,"0,0,0,0,0,0,1,2,0",23,Kobe Athletic Park Baseball Field,,03:25,18833,GAME20120916OBRE0764
2012,2012-09-16,Reg Season,Orix Buffaloes,Home,L,1,Tohoku Rakuten Golden Eagles,1,7,0,"0,0,1,0,0,0,0,0,0",23,Kobe Athletic Park Baseball Field,,03:25,18833,GAME20120916OBRE0764
2012,2012-09-16,Reg Season,Hanshin Tigers,Away,L,2,Yomiuri Giants,2,10,0,"0,0,0,2,0,0,0,0,0",24,Tokyo Dome,,03:06,45413,GAME20120916YGHT0767
2012,2012-09-16,Reg Season,Yomiuri Giants,Home,W,4,Hanshin Tigers,4,12,0,"3,0,1,0,0,0,0,0,x",24,Tokyo Dome,,03:06,45413,GAME20120916YGHT0767
2012,2012-09-16,Reg Season,Yokohama DeNA Baystars,Away,L,1,Tokyo Yakult Swallows,1,5,0,"0,0,0,0,0,0,1,0,0",22,Meiji Jingu Stadium,,03:29,19622,GAME20120916YSDB0768
2012,2012-09-16,Reg Season,Tokyo Yakult Swallows,Home,W,2,Yokohama DeNA Baystars,2,7,1,"0,0,0,1,0,0,1,0,x",22,Meiji Jingu Stadium,,03:29,19622,GAME20120916YSDB0768
2012,2012-09-17,Reg Season,Yomiuri Giants,Away,L,0,Chunichi Dragons,0,6,0,"0,0,0,0,0,0,0,0,0",22,Vantelin Dome Nagoya,,02:47,37206,GAME20120917CDYG0771
2012,2012-09-17,Reg Season,Chunichi Dragons,Home,W,2,Yomiuri Giants,2,5,0,"0,0,0,0,0,0,0,2,x",22,Vantelin Dome Nagoya,,02:47,37206,GAME20120917CDYG0771
2012,2012-09-17,Reg Season,Tokyo Yakult Swallows,Away,W,5,Hiroshima Toyo Carp,5,13,1,"1,1,1,0,0,0,0,0,2",19,MAZDA Zoom-Zoom Stadium Hiroshima,,03:25,23971,GAME20120917HCYS0774
2012,2012-09-17,Reg Season,Hiroshima Toyo Carp,Home,L,4,Tokyo Yakult Swallows,4,8,1,"0,0,0,0,3,0,0,1,0",19,MAZDA Zoom-Zoom Stadium Hiroshima,,03:25,23971,GAME20120917HCYS0774
2012,2012-09-17,Reg Season,Yokohama DeNA Baystars,Away,T,4,Hanshin Tigers,4,9,2,"3,0,0,0,0,0,0,0,1",22,Hanshin Koshien Stadium,,03:34,30718,GAME20120917HTDB0772
2012,2012-09-17,Reg Season,Hanshin Tigers,Home,T,4,Yokohama DeNA Baystars,4,9,2,"1,0,0,0,0,0,3,0,0",22,Hanshin Koshien Stadium,,03:34,30718,GAME20120917HTDB0772
2012,2012-09-17,Reg Season,Orix Buffaloes,Away,L,4,Hokkaido Nippon-Ham Fighters,4,9,0,"0,1,1,0,0,0,0,2,0",22,Sapporo Dome,,03:23,27406,GAME20120917NFOB0770
2012,2012-09-17,Reg Season,Hokkaido Nippon-Ham Fighters,Home,W,5,Orix Buffaloes,5,13,0,"0,0,0,4,0,0,0,1,x",22,Sapporo Dome,,03:23,27406,GAME20120917NFOB0770
2012,2012-09-17,Reg Season,Chiba Lotte Marines,Away,W,11,Tohoku Rakuten Golden Eagles,11,16,3,"4,0,0,0,0,3,4,0,0",20,Rakuten Seimei Park Miyagi,,03:09,15788,GAME20120917RELM0769
2012,2012-09-17,Reg Season,Tohoku Rakuten Golden Eagles,Home,L,5,Chiba Lotte Marines,5,5,1,"0,0,3,0,0,0,0,0,2",20,Rakuten Seimei Park Miyagi,,03:09,15788,GAME20120917RELM0769
2012,2012-09-17,Reg Season,Saitama Seibu Lions,Away,L,1,Fukuoka Softbank Hawks,1,8,1,"0,0,1,0,0,0,0,0,0",22,Mizuho PayPay Dome Fukuoka,,03:12,33788,GAME20120917SHSL0773
2012,2012-09-17,Reg Season,Fukuoka Softbank Hawks,Home,W,2,Saitama Seibu Lions,2,7,0,"0,2,0,0,0,0,0,0,x",22,Mizuho PayPay Dome Fukuoka,,03:12,33788,GAME20120917SHSL0773
2012,2012-09-18,Reg Season,Yomiuri Giants,Away,W,9,Chunichi Dragons,9,12,0,"1,0,4,0,0,0,4,0,0",23,Vantelin Dome Nagoya,,03:47,29015,GAME20120918CDYG0776
2012,2012-09-18,Reg Season,Chunichi Dragons,Home,L,5,Yomiuri Giants,5,10,1,"3,2,0,0,0,0,0,0,0",23,Vantelin Dome Nagoya,,03:47,29015,GAME20120918CDYG0776
2012,2012-09-18,Reg Season,Tokyo Yakult Swallows,Away,W,2,Hiroshima Toyo Carp,2,12,0,"0,0,0,0,2,0,0,0,0",20,MAZDA Zoom-Zoom Stadium Hiroshima,,03:15,18814,GAME20120918HCYS0778
2012,2012-09-18,Reg Season,Hiroshima Toyo Carp,Home,L,1,Tokyo Yakult Swallows,1,6,0,"0,1,0,0,0,0,0,0,0",20,MAZDA Zoom-Zoom Stadium Hiroshima,,03:15,18814,GAME20120918HCYS0778
2012,2012-09-18,Reg Season,Orix Buffaloes,Away,L,2,Hokkaido Nippon-Ham Fighters,2,4,1,"0,0,0,1,0,0,1,0,0",23,Sapporo Dome,,02:56,22230,GAME20120918NFOB0777
2012,2012-09-18,Reg Season,Hokkaido Nippon-Ham Fighters,Home,W,6,Orix Buffaloes,6,13,0,"1,1,0,0,3,0,0,1,x",23,Sapporo Dome,,02:56,22230,GAME20120918NFOB0777
2012,2012-09-18,Reg Season,Chiba Lotte Marines,Away,L,6,Tohoku Rakuten Golden Eagles,6,14,0,"0,3,0,0,0,1,1,1,0",21,Rakuten Seimei Park Miyagi,,03:24,16211,GAME20120918RELM0775
2012,2012-09-18,Reg Season,Tohoku Rakuten Golden Eagles,Home,W,11,Chiba Lotte Marines,11,18,0,"0,0,2,6,0,0,3,0,x",21,Rakuten Seimei Park Miyagi,,03:24,16211,GAME20120918RELM0775
2012,2012-09-18,Reg Season,Saitama Seibu Lions,Away,L,1,Fukuoka Softbank Hawks,1,9,0,"0,0,1,0,0,0,0,0,0",23,Mizuho PayPay Dome Fukuoka,,03:45,34015,GAME20120918SHSL0779
2012,2012-09-18,Reg Season,Fukuoka Softbank Hawks,Home,W,5,Saitama Seibu Lions,5,9,0,"0,2,1,0,0,0,2,0,x",23,Mizuho PayPay Dome Fukuoka,,03:45,34015,GAME20120918SHSL0779
2012,2012-09-19,Reg Season,Yomiuri Giants,Away,W,3,Chunichi Dragons,3,7,0,"0,0,0,3,0,0,0,0,0",24,Vantelin Dome Nagoya,,03:09,31330,GAME20120919CDYG0781
2012,2012-09-19,Reg Season,Chunichi Dragons,Home,L,2,Yomiuri Giants,2,6,0,"1,0,0,0,0,1,0,0,0",24,Vantelin Dome Nagoya,,03:09,31330,GAME20120919CDYG0781
2012,2012-09-19,Reg Season,Tokyo Yakult Swallows,Away,W,3,Hiroshima Toyo Carp,3,10,0,"0,0,0,0,0,0,2,0,1",21,MAZDA Zoom-Zoom Stadium Hiroshima,,03:16,20624,GAME20120919HCYS0782
2012,2012-09-19,Reg Season,Hiroshima Toyo Carp,Home,L,1,Tokyo Yakult Swallows,1,3,2,"1,0,0,0,0,0,0,0,0",21,MAZDA Zoom-Zoom Stadium Hiroshima,,03:16,20624,GAME20120919HCYS0782
2012,2012-09-19,Reg Season,Yokohama DeNA Baystars,Away,L,0,Hanshin Tigers,0,5,0,"0,0,0,0,0,0,0,0,0",23,Hanshin Koshien Stadium,,03:31,28225,GAME20120919HTDB0780
2012,2012-09-19,Reg Season,Hanshin Tigers,Home,W,1,Yokohama DeNA Baystars,1,6,1,"0,0,0,0,0,0,0,1,x",23,Hanshin Koshien Stadium,,03:31,28225,GAME20120919HTDB0780
2012,2012-09-19,Reg Season,Orix Buffaloes,Away,L,2,Hokkaido Nippon-Ham Fighters,2,9,2,"1,0,0,1,0,0,0,0,0",24,Sapporo Dome,,03:21,17076,GAME20120919NFOB0785
2012,2012-09-19,Reg Season,Hokkaido Nippon-Ham Fighters,Home,W,4,Orix Buffaloes,4,8,1,"1,0,3,0,0,0,0,0,x",24,Sapporo Dome,,03:21,17076,GAME20120919NFOB0785
2012,2012-09-19,Reg Season,Chiba Lotte Marines,Away,L,2,Tohoku Rakuten Golden Eagles,2,5,1,"0,0,0,0,0,0,2,0,0",22,Tokyo Dome,,03:07,34233,GAME20120919RELM0784
2012,2012-09-19,Reg Season,Tohoku Rakuten Golden Eagles,Home,W,13,Chiba Lotte Marines,13,16,0,"7,0,1,2,0,0,0,3,x",22,Tokyo Dome,,03:07,34233,GAME20120919RELM0784
2012,2012-09-19,Reg Season,Saitama Seibu Lions,Away,W,2,Fukuoka Softbank Hawks,2,6,1,"0,0,0,0,2,0,0,0,0",24,Mizuho PayPay Dome Fukuoka,,03:04,35203,GAME20120919SHSL0783
2012,2012-09-19,Reg Season,Fukuoka Softbank Hawks,Home,L,0,Saitama Seibu Lions,0,10,0,"0,0,0,0,0,0,0,0,0",24,Mizuho PayPay Dome Fukuoka,,03:04,35203,GAME20120919SHSL0783
2012,2012-09-21,Reg Season,Hiroshima Toyo Carp,Away,L,1,Yokohama DeNA Baystars,1,3,1,"0,0,0,1,0,0,0,0,0",22,Yokohama Stadium,,03:01,13380,GAME20120921DBHC0786
2012,2012-09-21,Reg Season,Yokohama DeNA Baystars,Home,W,3,Hiroshima Toyo Carp,3,4,1,"0,0,0,0,0,0,3,0,x",22,Yokohama Stadium,,03:01,13380,GAME20120921DBHC0786
2012,2012-09-21,Reg Season,Chunichi Dragons,Away,W,3,Hanshin Tigers,3,4,1,"0,0,0,0,0,0,3,0,0",21,Hanshin Koshien Stadium,,02:53,31789,GAME20120921HTCD0787
2012,2012-10-13,CS Stage 1,Tokyo Yakult Swallows,Away,L,1,Chunichi Dragons,1,5,0,"0,0,0,0,0,0,1,0,0",1,Vantelin Dome Nagoya,,03:11,31146,GAME20121013CDYS0001
2012,2012-10-13,CS Stage 1,Chunichi Dragons,Home,W,6,Tokyo Yakult Swallows,6,11,0,"0,0,0,2,0,1,3,0,x",1,Vantelin Dome Nagoya,,03:11,31146,GAME20121013CDYS0001
2012,2012-10-13,CS Stage 1,Fukuoka Softbank Hawks,Away,W,2,Saitama Seibu Lions,2,7,1,"0,1,1,0,0,0,0,0,0",1,Belluna Dome,,02:54,32074,GAME20121013SLSH0001
2012,2012-10-13,CS Stage 1,Saitama Seibu Lions,Home,L,1,Fukuoka Softbank Hawks,1,5,0,"0,0,0,0,0,0,0,0,1",1,Belluna Dome,,02:54,32074,GAME20121013SLSH0001
2012,2012-10-14,CS Stage 1,Tokyo Yakult Swallows,Away,W,1,Chunichi Dragons,1,5,0,"0,0,0,1,0,0,0,0,0",2,Vantelin Dome Nagoya,,03:26,33852,GAME20121014CDYS0001
2012,2012-10-14,CS Stage 1,Chunichi Dragons,Home,L,0,Tokyo Yakult Swallows,0,5,1,"0,0,0,0,0,0,0,0,0",2,Vantelin Dome Nagoya,,03:26,33852,GAME20121014CDYS0001
2012,2012-10-14,CS Stage 1,Fukuoka Softbank Hawks,Away,L,0,Saitama Seibu Lions,0,7,2,"0,0,0,0,0,0,0,0,0",2,Belluna Dome,,03:23,33918,GAME20121014SLSH0001
2012,2012-10-14,CS Stage 1,Saitama Seibu Lions,Home,W,8,Fukuoka Softbank Hawks,8,9,1,"0,0,7,1,0,0,0,0,x",2,Belluna Dome,,03:23,33918,GAME20121014SLSH0001
2012,2012-10-15,CS Stage 1,Tokyo Yakult Swallows,Away,L,1,Chunichi Dragons,1,6,1,"0,1,0,0,0,0,0,0,0",3,Vantelin Dome Nagoya,,03:39,23264,GAME20121015CDYS0001
2012,2012-10-15,CS Stage 1,Chunichi Dragons,Home,W,4,Tokyo Yakult Swallows,4,7,0,"0,0,0,0,0,0,0,4,x",3,Vantelin Dome Nagoya,,03:39,23264,GAME20121015CDYS0001
2012,2012-10-15,CS Stage 1,Fukuoka Softbank Hawks,Away,W,3,Saitama Seibu Lions,3,6,0,"0,0,0,2,0,0,0,1,0",3,Belluna Dome,,03:23,25002,GAME20121015SLSH0001
2012,2012-10-15,CS Stage 1,Saitama Seibu Lions,Home,L,2,Fukuoka Softbank Hawks,2,6,0,"0,0,0,1,0,0,0,0,1",3,Belluna Dome,,03:23,25002,GAME20121015SLSH0001
2012,2012-10-17,CS Stage 2,Fukuoka Softbank Hawks,Away,L,2,Hokkaido Nippon-Ham Fighters,2,9,0,"0,0,0,0,0,0,2,0,0",1,Sapporo Dome,,02:56,31022,GAME20121017NFSH0001
2012,2012-10-17,CS Stage 2,Hokkaido Nippon-Ham Fighters,Home,W,3,Fukuoka Softbank Hawks,3,6,0,"0,0,0,0,0,0,3,0,x",1,Sapporo Dome,,02:56,31022,GAME20121017NFSH0001
2012,2012-10-17,CS Stage 2,Chunichi Dragons,Away,W,3,Yomiuri Giants,3,9,0,"0,0,1,0,0,1,0,0,1",1,Tokyo Dome,,03:21,40039,GAME20121017YGCD0001
2012,2012-10-17,CS Stage 2,Yomiuri Giants,Home,L,1,Chunichi Dragons,1,5,0,"0,0,0,1,0,0,0,0,0",1,Tokyo Dome,,03:21,40039,GAME20121017YGCD0001
2012,2012-10-18,CS Stage 2,Fukuoka Softbank Hawks,Away,L,0,Hokkaido Nippon-Ham Fighters,0,6,1,"0,0,0,0,0,0,0,0,0",2,Sapporo Dome,,03:17,23610,GAME20121018NFSH0001
2012,2012-10-18,CS Stage 2,Hokkaido Nippon-Ham Fighters,Home,W,3,Fukuoka Softbank Hawks,3,5,0,"1,0,0,0,0,0,2,0,x",2,Sapporo Dome,,03:17,23610,GAME20121018NFSH0001
2012,2012-10-18,CS Stage 2,Chunichi Dragons,Away,W,5,Yomiuri Giants,5,11,0,"0,2,0,1,0,1,0,0,1",2,Tokyo Dome,,03:40,39135,GAME20121018YGCD0001
2012,2012-10-18,CS Stage 2,Yomiuri Giants,Home,L,2,Chunichi Dragons,2,6,0,"1,0,0,0,0,0,0,1,0",2,Tokyo Dome,,03:40,39135,GAME20121018YGCD0001
2012,2012-10-19,CS Stage 2,Fukuoka Softbank Hawks,Away,L,2,Hokkaido Nippon-Ham Fighters,2,5,1,"0,0,0,0,0,0,1,1,0",3,Sapporo Dome,,03:16,37166,GAME20121019NFSH0001
2012,2012-10-19,CS Stage 2,Hokkaido Nippon-Ham Fighters,Home,W,4,Fukuoka Softbank Hawks,4,8,0,"3,0,0,0,0,1,0,0,x",3,Sapporo Dome,,03:16,37166,GAME20121019NFSH0001
2012,2012-10-19,CS Stage 2,Chunichi Dragons,Away,W,5,Yomiuri Giants,5,11,0,"0,2,1,0,0,1,0,0,0,1",3,Tokyo Dome,,03:41,44744,GAME20121019YGCD0001
2012,2012-10-19,CS Stage 2,Yomiuri Giants,Home,L,4,Chunichi Dragons,4,7,0,"0,1,0,1,0,2,0,0,0,0",3,Tokyo Dome,,03:41,44744,GAME20121019YGCD0001
2012,2012-10-20,CS Stage 2,Chunichi Dragons,Away,L,1,Yomiuri Giants,1,11,0,"0,0,0,0,0,0,1,0,0",4,Tokyo Dome,,02:57,46158,GAME20121020YGCD0001
2012,2012-10-20,CS Stage 2,Yomiuri Giants,Home,W,3,Chunichi Dragons,3,6,0,"0,0,2,0,0,0,0,1,x",4,Tokyo Dome,,02:57,46158,GAME20121020YGCD0001
2012,2012-10-21,CS Stage 2,Chunichi Dragons,Away,L,2,Yomiuri Giants,2,8,0,"0,0,0,0,2,0,0,0,0",5,Tokyo Dome,,03:40,45897,GAME20121021YGCD0001
2012,2012-10-21,CS Stage 2,Yomiuri Giants,Home,W,3,Chunichi Dragons,3,10,0,"0,2,0,0,0,0,0,0,1x",5,Tokyo Dome,,03:40,45897,GAME20121021YGCD0001
2012,2012-10-22,CS Stage 2,Chunichi Dragons,Away,L,2,Yomiuri Giants,2,8,0,"0,0,0,0,0,1,0,0,1",6,Tokyo Dome,,03:18,44351,GAME20121022YGCD0001
2012,2012-10-22,CS Stage 2,Yomiuri Giants,Home,W,4,Chunichi Dragons,4,10,0,"0,3,0,0,1,0,0,0,x",6,Tokyo Dome,,03:18,44351,GAME20121022YGCD0001
2012,2012-10-27,JS,Hokkaido Nippon-Ham Fighters,Away,L,1,Yomiuri Giants,1,3,0,"0,0,0,0,0,0,0,0,1",1,Tokyo Dome,,03:13,44981,GAME20121027YGNF0001
2012,2012-10-27,JS,Yomiuri Giants,Home,W,8,Hokkaido Nippon-Ham Fighters,8,14,0,"0,0,0,4,2,0,2,0,x",1,Tokyo Dome,,03:13,44981,GAME20121027YGNF0001
2012,2012-10-28,JS,Hokkaido Nippon-Ham Fighters,Away,L,0,Yomiuri Giants,0,5,0,"0,0,0,0,0,0,0,0,0",2,Tokyo Dome,,02:51,44932,GAME20121028YGNF0001
2012,2012-10-28,JS,Yomiuri Giants,Home,W,1,Hokkaido Nippon-Ham Fighters,1,5,0,"1,0,0,0,0,0,0,0,x",2,Tokyo Dome,,02:51,44932,GAME20121028YGNF0001
2012,2012-10-30,JS,Yomiuri Giants,Away,L,3,Hokkaido Nippon-Ham Fighters,3,11,1,"0,0,0,0,2,0,0,1,0",3,Sapporo Dome,,04:04,36942,GAME20121030NFYG0001
2012,2012-10-30,JS,Hokkaido Nippon-Ham Fighters,Home,W,7,Yomiuri Giants,7,12,0,"0,2,3,0,0,1,0,1,x",3,Sapporo Dome,,04:04,36942,GAME20121030NFYG0001
2012,2012-10-31,JS,Yomiuri Giants,Away,L,0,Hokkaido Nippon-Ham Fighters,0,7,1,"0,0,0,0,0,0,0,0,0,0,0,0",4,Sapporo Dome,,04:15,40433,GAME20121031NFYG0001
2012,2012-10-31,JS,Hokkaido Nippon-Ham Fighters,Home,W,1,Yomiuri Giants,1,8,0,"0,0,0,0,0,0,0,0,0,0,0,1x",4,Sapporo Dome,,04:15,40433,GAME20121031NFYG0001
2012,2012-11-01,JS,Yomiuri Giants,Away,W,10,Hokkaido Nippon-Ham Fighters,10,15,0,"0,2,3,1,2,0,0,0,2",5,Sapporo Dome,,03:52,40579,GAME20121101NFYG0001
2012,2012-11-01,JS,Hokkaido Nippon-Ham Fighters,Home,L,2,Yomiuri Giants,2,9,1,"0,1,1,0,0,0,0,0,0",5,Sapporo Dome,,03:52,40579,GAME20121101NFYG0001
2012,2012-11-03,JS,Hokkaido Nippon-Ham Fighters,Away,L,3,Yomiuri Giants,3,8,0,"0,0,0,0,0,3,0,0,0",6,Tokyo Dome,,03:22,45018,GAME20121103YGNF0001
2012,2012-11-03,JS,Yomiuri Giants,Home,W,4,Hokkaido Nippon-Ham Fighters,4,7,0,"2,1,0,0,0,0,1,0,x",6,Tokyo Dome,,03:22,45018,GAME20121103YGNF0001
2012,2012-09-21,Reg Season,Hanshin Tigers,Home,L,2,Chunichi Dragons,2,7,0,"0,0,0,1,0,1,0,0,0",21,Hanshin Koshien Stadium,,02:53,31789,GAME20120921HTCD0787
2012,2012-09-21,Reg Season,Orix Buffaloes,Away,L,1,Chiba Lotte Marines,1,4,1,"1,0,0,0,0,0,0,0,0",20,ZOZO Marine Stadium,,02:45,12336,GAME20120921LMOB0791
2012,2012-09-21,Reg Season,Chiba Lotte Marines,Home,W,3,Orix Buffaloes,3,10,1,"2,1,0,0,0,0,0,0,x",20,ZOZO Marine Stadium,,02:45,12336,GAME20120921LMOB0791
2012,2012-09-21,Reg Season,Fukuoka Softbank Hawks,Away,T,1,Tohoku Rakuten Golden Eagles,1,9,0,"0,1,0,0,0,0,0,0,0,0",19,Rakuten Seimei Park Miyagi,,03:45,16234,GAME20120921RESH0789
2012,2012-09-21,Reg Season,Tohoku Rakuten Golden Eagles,Home,T,1,Fukuoka Softbank Hawks,1,6,0,"1,0,0,0,0,0,0,0,0,0",19,Rakuten Seimei Park Miyagi,,03:45,16234,GAME20120921RESH0789
2012,2012-09-21,Reg Season,Hokkaido Nippon-Ham Fighters,Away,L,2,Saitama Seibu Lions,2,6,0,"2,0,0,0,0,0,0,0,0",20,Belluna Dome,,02:44,20574,GAME20120921SLNF0788
2012,2012-09-21,Reg Season,Saitama Seibu Lions,Home,W,4,Hokkaido Nippon-Ham Fighters,4,6,1,"1,0,0,0,0,0,0,3,x",20,Belluna Dome,,02:44,20574,GAME20120921SLNF0788
2012,2012-09-21,Reg Season,Tokyo Yakult Swallows,Away,L,4,Yomiuri Giants,4,10,0,"0,0,0,1,3,0,0,0,0",21,Tokyo Dome,,03:08,46290,GAME20120921YGYS0790
2012,2012-09-21,Reg Season,Yomiuri Giants,Home,W,6,Tokyo Yakult Swallows,6,6,0,"0,1,2,1,0,2,0,0,x",21,Tokyo Dome,,03:08,46290,GAME20120921YGYS0790
2012,2012-09-22,Reg Season,Hiroshima Toyo Carp,Away,L,4,Yokohama DeNA Baystars,4,9,1,"1,0,0,1,2,0,0,0,0",23,Yokohama Stadium,,03:39,21449,GAME20120922DBHC0792
2012,2012-09-22,Reg Season,Yokohama DeNA Baystars,Home,W,7,Hiroshima Toyo Carp,7,12,0,"1,0,0,0,4,1,0,1,x",23,Yokohama Stadium,,03:39,21449,GAME20120922DBHC0792
2012,2012-09-22,Reg Season,Chunichi Dragons,Away,W,2,Hanshin Tigers,2,11,0,"0,1,0,0,0,0,0,1,0",22,Hanshin Koshien Stadium,,03:05,46810,GAME20120922HTCD0796
2012,2012-09-22,Reg Season,Hanshin Tigers,Home,L,0,Chunichi Dragons,0,4,0,"0,0,0,0,0,0,0,0,0",22,Hanshin Koshien Stadium,,03:05,46810,GAME20120922HTCD0796
2012,2012-09-22,Reg Season,Orix Buffaloes,Away,L,3,Chiba Lotte Marines,3,8,0,"0,0,0,0,0,0,0,3,0",21,ZOZO Marine Stadium,,02:47,20617,GAME20120922LMOB0795
2012,2012-09-22,Reg Season,Chiba Lotte Marines,Home,W,8,Orix Buffaloes,8,11,0,"1,0,2,1,4,0,0,0,x",21,ZOZO Marine Stadium,,02:47,20617,GAME20120922LMOB0795
2012,2012-09-22,Reg Season,Fukuoka Softbank Hawks,Away,W,4,Tohoku Rakuten Golden Eagles,4,12,2,"0,0,1,1,0,0,0,2,0",20,Rakuten Seimei Park Miyagi,,03:21,18853,GAME20120922RESH0797
2012,2012-09-22,Reg Season,Tohoku Rakuten Golden Eagles,Home,L,2,Fukuoka Softbank Hawks,2,3,1,"1,0,0,0,1,0,0,0,0",20,Rakuten Seimei Park Miyagi,,03:21,18853,GAME20120922RESH0797
2012,2012-09-22,Reg Season,Hokkaido Nippon-Ham Fighters,Away,L,4,Saitama Seibu Lions,4,9,1,"3,1,0,0,0,0,0,0,0",21,Belluna Dome,,03:20,33913,GAME20120922SLNF0793
2012,2012-09-22,Reg Season,Saitama Seibu Lions,Home,W,5,Hokkaido Nippon-Ham Fighters,5,10,0,"0,1,1,0,0,0,1,2,x",21,Belluna Dome,,03:20,33913,GAME20120922SLNF0793
2012,2012-09-22,Reg Season,Tokyo Yakult Swallows,Away,W,9,Yomiuri Giants,9,12,1,"1,0,8,0,0,0,0,0,0",22,Tokyo Dome,,03:27,45218,GAME20120922YGYS0794
2012,2012-09-22,Reg Season,Yomiuri Giants,Home,L,3,Tokyo Yakult Swallows,3,15,2,"0,0,0,0,1,0,0,2,0",22,Tokyo Dome,,03:27,45218,GAME20120922YGYS0794
2012,2012-09-23,Reg Season,Chunichi Dragons,Away,L,2,Hanshin Tigers,2,7,0,"0,0,0,2,0,0,0,0,0",23,Hanshin Koshien Stadium,,02:59,46385,GAME20120923HTCD0800
2012,2012-09-23,Reg Season,Hanshin Tigers,Home,W,5,Chunichi Dragons,5,8,1,"0,0,0,1,0,3,1,0,x",23,Hanshin Koshien Stadium,,02:59,46385,GAME20120923HTCD0800
2012,2012-09-23,Reg Season,Hokkaido Nippon-Ham Fighters,Away,W,6,Saitama Seibu Lions,6,10,1,"0,0,0,0,0,2,2,0,2",22,Belluna Dome,,03:34,33915,GAME20120923SLNF0798
2012,2012-09-23,Reg Season,Saitama Seibu Lions,Home,L,2,Hokkaido Nippon-Ham Fighters,2,8,3,"1,0,0,0,1,0,0,0,0",22,Belluna Dome,,03:34,33915,GAME20120923SLNF0798
2012,2012-09-23,Reg Season,Tokyo Yakult Swallows,Away,L,0,Yomiuri Giants,0,6,0,"0,0,0,0,0,0,0,0,0",23,Tokyo Dome,,03:00,44044,GAME20120923YGYS0799
2012,2012-09-23,Reg Season,Yomiuri Giants,Home,W,2,Tokyo Yakult Swallows,2,7,0,"0,0,0,1,0,0,0,1,x",23,Tokyo Dome,,03:00,44044,GAME20120923YGYS0799
2012,2012-09-24,Reg Season,Orix Buffaloes,Away,L,0,Chiba Lotte Marines,0,3,1,"0,0,0,0,0,0,0,0,0",22,ZOZO Marine Stadium,,02:31,11295,GAME20120924LMOB0801
2012,2012-09-24,Reg Season,Chiba Lotte Marines,Home,W,5,Orix Buffaloes,5,10,1,"0,0,2,0,0,1,2,0,x",22,ZOZO Marine Stadium,,02:31,11295,GAME20120924LMOB0801
2012,2012-09-24,Reg Season,Fukuoka Softbank Hawks,Away,L,1,Tohoku Rakuten Golden Eagles,1,8,1,"0,1,0,0,0,0,0,0,0,0",21,Rakuten Seimei Park Miyagi,,03:30,11601,GAME20120924RESH0802
2012,2012-09-24,Reg Season,Tohoku Rakuten Golden Eagles,Home,W,3,Fukuoka Softbank Hawks,3,9,0,"0,0,0,0,1,0,0,0,0,2x",21,Rakuten Seimei Park Miyagi,,03:30,11601,GAME20120924RESH0802
2012,2012-09-25,Reg Season,Yokohama DeNA Baystars,Away,T,2,Chunichi Dragons,2,9,1,"0,0,2,0,0,0,0,0,0,0,0",20,Vantelin Dome Nagoya,,03:57,21333,GAME20120925CDDB0805
2012,2012-09-25,Reg Season,Chunichi Dragons,Home,T,2,Yokohama DeNA Baystars,2,9,1,"0,2,0,0,0,0,0,0,0,0,0",20,Vantelin Dome Nagoya,,03:57,21333,GAME20120925CDDB0805
2012,2012-09-25,Reg Season,Yomiuri Giants,Away,W,3,Hiroshima Toyo Carp,3,7,0,"0,0,1,1,0,0,0,1,0",22,MAZDA Zoom-Zoom Stadium Hiroshima,,02:32,17684,GAME20120925HCYG0808
2012,2012-09-25,Reg Season,Hiroshima Toyo Carp,Home,L,2,Yomiuri Giants,2,8,2,"0,0,0,1,0,0,1,0,0",22,MAZDA Zoom-Zoom Stadium Hiroshima,,02:32,17684,GAME20120925HCYG0808
2012,2012-09-25,Reg Season,Chiba Lotte Marines,Away,T,3,Hokkaido Nippon-Ham Fighters,3,13,0,"0,0,1,0,1,0,0,1,0,0",21,Sapporo Dome,,03:41,20098,GAME20120925NFLM0803
2012,2012-09-25,Reg Season,Hokkaido Nippon-Ham Fighters,Home,T,3,Chiba Lotte Marines,3,8,2,"1,0,2,0,0,0,0,0,0,0",21,Sapporo Dome,,03:41,20098,GAME20120925NFLM0803
2012,2012-09-25,Reg Season,Fukuoka Softbank Hawks,Away,W,7,Orix Buffaloes,7,14,0,"0,0,0,1,1,1,0,2,2",21,Kyocera Dome Osaka,,02:51,14062,GAME20120925OBSH0807
2012,2012-09-25,Reg Season,Orix Buffaloes,Home,L,0,Fukuoka Softbank Hawks,0,4,1,"0,0,0,0,0,0,0,0,0",21,Kyocera Dome Osaka,,02:51,14062,GAME20120925OBSH0807
2012,2012-09-25,Reg Season,Tohoku Rakuten Golden Eagles,Away,L,2,Saitama Seibu Lions,2,3,0,"0,0,0,0,0,0,0,2,0",20,Belluna Dome,,02:42,17750,GAME20120925SLRE0804
2012,2012-09-25,Reg Season,Saitama Seibu Lions,Home,W,3,Tohoku Rakuten Golden Eagles,3,8,0,"0,0,0,0,0,2,1,0,x",20,Belluna Dome,,02:42,17750,GAME20120925SLRE0804
2012,2012-09-25,Reg Season,Hanshin Tigers,Away,L,0,Tokyo Yakult Swallows,0,5,2,"0,0,0,0,0,0,0,0,0",20,Meiji Jingu Stadium,,03:15,15591,GAME20120925YSHT0806
2012,2012-09-25,Reg Season,Tokyo Yakult Swallows,Home,W,3,Hanshin Tigers,3,9,0,"0,0,1,1,0,0,0,1,x",20,Meiji Jingu Stadium,,03:15,15591,GAME20120925YSHT0806
2012,2012-09-26,Reg Season,Yokohama DeNA Baystars,Away,W,8,Chunichi Dragons,8,11,0,"0,0,1,0,0,0,2,4,1",21,Vantelin Dome Nagoya,,03:03,21546,GAME20120926CDDB0810
2012,2012-09-26,Reg Season,Chunichi Dragons,Home,L,2,Yokohama DeNA Baystars,2,6,0,"2,0,0,0,0,0,0,0,0",21,Vantelin Dome Nagoya,,03:03,21546,GAME20120926CDDB0810
2012,2012-09-26,Reg Season,Yomiuri Giants,Away,L,0,Hiroshima Toyo Carp,0,2,1,"0,0,0,0,0,0,0,0,0",23,MAZDA Zoom-Zoom Stadium Hiroshima,,02:59,17581,GAME20120926HCYG0812
2012,2012-09-26,Reg Season,Hiroshima Toyo Carp,Home,W,4,Yomiuri Giants,4,12,2,"0,0,0,0,0,1,3,0,x",23,MAZDA Zoom-Zoom Stadium Hiroshima,,02:59,17581,GAME20120926HCYG0812
2012,2012-09-26,Reg Season,Chiba Lotte Marines,Away,L,2,Hokkaido Nippon-Ham Fighters,2,11,2,"0,0,0,0,0,2,0,0,0",22,Sapporo Dome,,02:59,20802,GAME20120926NFLM0809
2012,2012-09-26,Reg Season,Hokkaido Nippon-Ham Fighters,Home,W,5,Chiba Lotte Marines,5,9,0,"2,0,0,0,0,0,3,0,x",22,Sapporo Dome,,02:59,20802,GAME20120926NFLM0809
2012,2012-09-26,Reg Season,Fukuoka Softbank Hawks,Away,L,0,Orix Buffaloes,0,9,1,"0,0,0,0,0,0,0,0,0",22,Kyocera Dome Osaka,,03:11,15337,GAME20120926OBSH0811
2012,2012-09-26,Reg Season,Orix Buffaloes,Home,W,3,Fukuoka Softbank Hawks,3,7,0,"2,0,0,1,0,0,0,0,x",22,Kyocera Dome Osaka,,03:11,15337,GAME20120926OBSH0811
2012,2012-09-26,Reg Season,Tohoku Rakuten Golden Eagles,Away,W,3,Saitama Seibu Lions,3,14,0,"1,0,1,0,0,0,1,0,0",21,Belluna Dome,,03:16,18902,GAME20120926SLRE0813
2012,2012-09-26,Reg Season,Saitama Seibu Lions,Home,L,2,Tohoku Rakuten Golden Eagles,2,6,1,"0,0,0,0,0,1,1,0,0",21,Belluna Dome,,03:16,18902,GAME20120926SLRE0813
2012,2012-09-26,Reg Season,Hanshin Tigers,Away,L,4,Tokyo Yakult Swallows,4,8,0,"0,0,0,0,0,2,1,0,1",21,Meiji Jingu Stadium,,03:20,18953,GAME20120926YSHT0814
2012,2012-09-26,Reg Season,Tokyo Yakult Swallows,Home,W,10,Hanshin Tigers,10,18,1,"5,0,0,0,0,1,2,2,x",21,Meiji Jingu Stadium,,03:20,18953,GAME20120926YSHT0814
2012,2012-09-27,Reg Season,Yokohama DeNA Baystars,Away,W,2,Chunichi Dragons,2,5,3,"0,0,1,1,0,0,0,0,0",22,Vantelin Dome Nagoya,,03:03,20812,GAME20120927CDDB0816
2012,2012-09-27,Reg Season,Chunichi Dragons,Home,L,1,Yokohama DeNA Baystars,1,6,1,"0,0,0,0,1,0,0,0,0",22,Vantelin Dome Nagoya,,03:03,20812,GAME20120927CDDB0816
2012,2012-09-27,Reg Season,Yomiuri Giants,Away,L,1,Hiroshima Toyo Carp,1,4,1,"0,0,0,0,0,1,0,0,0",24,MAZDA Zoom-Zoom Stadium Hiroshima,,02:55,17868,GAME20120927HCYG0819
2012,2012-09-27,Reg Season,Hiroshima Toyo Carp,Home,W,2,Yomiuri Giants,2,9,0,"0,0,0,0,0,0,0,0,2x",24,MAZDA Zoom-Zoom Stadium Hiroshima,,02:55,17868,GAME20120927HCYG0819
2012,2012-09-27,Reg Season,Chiba Lotte Marines,Away,L,1,Hokkaido Nippon-Ham Fighters,1,6,1,"0,0,0,0,1,0,0,0,0",23,Sapporo Dome,,03:00,24620,GAME20120927NFLM0815
2012,2012-09-27,Reg Season,Hokkaido Nippon-Ham Fighters,Home,W,3,Chiba Lotte Marines,3,10,0,"2,0,0,0,0,1,0,0,x",23,Sapporo Dome,,03:00,24620,GAME20120927NFLM0815
2012,2012-09-27,Reg Season,Tohoku Rakuten Golden Eagles,Away,L,1,Saitama Seibu Lions,1,9,0,"1,0,0,0,0,0,0,0,0",22,Belluna Dome,,02:57,17515,GAME20120927SLRE0817
2012,2012-09-27,Reg Season,Saitama Seibu Lions,Home,W,3,Tohoku Rakuten Golden Eagles,3,4,2,"0,0,0,0,0,2,0,1,x",22,Belluna Dome,,02:57,17515,GAME20120927SLRE0817
2012,2012-09-27,Reg Season,Hanshin Tigers,Away,W,12,Tokyo Yakult Swallows,12,11,0,"0,1,3,0,5,0,0,1,2",22,Meiji Jingu Stadium,,03:13,15863,GAME20120927YSHT0818
2012,2012-09-27,Reg Season,Tokyo Yakult Swallows,Home,L,0,Hanshin Tigers,0,7,2,"0,0,0,0,0,0,0,0,0",22,Meiji Jingu Stadium,,03:13,15863,GAME20120927YSHT0818
2012,2012-09-28,Reg Season,Yomiuri Giants,Away,T,3,Yokohama DeNA Baystars,3,4,1,"0,0,0,0,0,2,0,0,1",20,Yokohama Stadium,,03:57,12939,GAME20120928DBYG0820
2012,2012-09-28,Reg Season,Yokohama DeNA Baystars,Home,T,3,Yomiuri Giants,3,11,0,"0,1,0,0,2,0,0,0,0",20,Yokohama Stadium,,03:57,12939,GAME20120928DBYG0820
2012,2012-09-28,Reg Season,Saitama Seibu Lions,Away,L,0,Hokkaido Nippon-Ham Fighters,0,2,0,"0,0,0,0,0,0,0,0,0",23,Sapporo Dome,,02:35,30312,GAME20120928NFSL0822
2012,2012-09-28,Reg Season,Hokkaido Nippon-Ham Fighters,Home,W,5,Saitama Seibu Lions,5,9,0,"2,0,0,0,3,0,0,0,x",23,Sapporo Dome,,02:35,30312,GAME20120928NFSL0822
2012,2012-09-28,Reg Season,Hanshin Tigers,Away,L,3,Tokyo Yakult Swallows,3,14,1,"3,0,0,0,0,0,0,0,0",23,Meiji Jingu Stadium,,02:59,20628,GAME20120928YSHT0821
2012,2012-09-28,Reg Season,Tokyo Yakult Swallows,Home,W,6,Hanshin Tigers,6,12,0,"0,2,0,0,0,0,1,3,x",23,Meiji Jingu Stadium,,02:59,20628,GAME20120928YSHT0821
2012,2012-09-29,Reg Season,Yomiuri Giants,Away,L,3,Yokohama DeNA Baystars,3,7,1,"1,1,0,0,0,0,1,0,0",21,Yokohama Stadium,,03:13,17595,GAME20120929DBYG0828
2012,2012-09-29,Reg Season,Yokohama DeNA Baystars,Home,W,4,Yomiuri Giants,4,7,0,"0,0,0,2,0,2,0,0,x",21,Yokohama Stadium,,03:13,17595,GAME20120929DBYG0828
2012,2012-09-29,Reg Season,Hiroshima Toyo Carp,Away,L,0,Hanshin Tigers,0,5,0,"0,0,0,0,0,0,0,0,0",23,Hanshin Koshien Stadium,,02:38,46813,GAME20120929HTHC0826
2012,2012-09-29,Reg Season,Hanshin Tigers,Home,W,2,Hiroshima Toyo Carp,2,5,2,"1,0,0,1,0,0,0,0,x",23,Hanshin Koshien Stadium,,02:38,46813,GAME20120929HTHC0826
2012,2012-09-29,Reg Season,Orix Buffaloes,Away,W,5,Chiba Lotte Marines,5,10,0,"1,0,0,1,0,3,0,0,0",23,ZOZO Marine Stadium,,03:25,10348,GAME20120929LMOB0824
2012,2012-09-29,Reg Season,Chiba Lotte Marines,Home,L,0,Orix Buffaloes,0,8,1,"0,0,0,0,0,0,0,0,0",23,ZOZO Marine Stadium,,03:25,10348,GAME20120929LMOB0824
2012,2012-09-29,Reg Season,Saitama Seibu Lions,Away,L,2,Hokkaido Nippon-Ham Fighters,2,9,1,"0,0,0,0,0,1,0,0,1",24,Sapporo Dome,,03:12,37316,GAME20120929NFSL0827
2012,2012-09-29,Reg Season,Hokkaido Nippon-Ham Fighters,Home,W,4,Saitama Seibu Lions,4,9,1,"0,0,2,0,1,1,0,0,x",24,Sapporo Dome,,03:12,37316,GAME20120929NFSL0827
2012,2012-09-29,Reg Season,Tohoku Rakuten Golden Eagles,Away,W,8,Fukuoka Softbank Hawks,8,12,0,"0,0,2,0,3,0,3,0,0",22,Mizuho PayPay Dome Fukuoka,,04:10,36060,GAME20120929SHRE0823
2012,2012-09-29,Reg Season,Fukuoka Softbank Hawks,Home,L,4,Tohoku Rakuten Golden Eagles,4,10,1,"2,0,2,0,0,0,0,0,0",22,Mizuho PayPay Dome Fukuoka,,04:10,36060,GAME20120929SHRE0823
2012,2012-09-29,Reg Season,Chunichi Dragons,Away,W,4,Tokyo Yakult Swallows,4,9,0,"0,3,1,0,0,0,0,0,0",24,Meiji Jingu Stadium,,03:19,16592,GAME20120929YSCD0825
2012,2012-09-29,Reg Season,Tokyo Yakult Swallows,Home,L,0,Chunichi Dragons,0,9,0,"0,0,0,0,0,0,0,0,0",24,Meiji Jingu Stadium,,03:19,16592,GAME20120929YSCD0825
2012,2012-09-30,Reg Season,Chunichi Dragons,Away,W,13,Yokohama DeNA Baystars,13,15,0,"1,0,0,0,11,1,0,0,0",23,Yokohama Stadium,,02:51,10340,GAME20120930DBCD0831
2012,2012-09-30,Reg Season,Yokohama DeNA Baystars,Home,L,2,Chunichi Dragons,2,6,3,"2,0,0,0,0,0,0,0,0",23,Yokohama Stadium,,02:51,10340,GAME20120930DBCD0831
2012,2012-09-30,Reg Season,Hanshin Tigers,Away,W,2,Hiroshima Toyo Carp,2,8,1,"0,0,0,2,0,0,0,0,0",24,MAZDA Zoom-Zoom Stadium Hiroshima,,03:11,32095,GAME20120930HCHT0832
2012,2012-09-30,Reg Season,Hiroshima Toyo Carp,Home,L,1,Hanshin Tigers,1,8,0,"0,0,0,0,1,0,0,0,0",24,MAZDA Zoom-Zoom Stadium Hiroshima,,03:11,32095,GAME20120930HCHT0832
2012,2012-09-30,Reg Season,Hokkaido Nippon-Ham Fighters,Away,L,1,Fukuoka Softbank Hawks,1,7,0,"1,0,0,0,0,0,0,0,0",23,Mizuho PayPay Dome Fukuoka,,03:24,37035,GAME20120930SHNF0829
2012,2012-09-30,Reg Season,Fukuoka Softbank Hawks,Home,W,4,Hokkaido Nippon-Ham Fighters,4,12,0,"0,0,2,0,2,0,0,0,x",23,Mizuho PayPay Dome Fukuoka,,03:24,37035,GAME20120930SHNF0829
2012,2012-09-30,Reg Season,Orix Buffaloes,Away,L,3,Saitama Seibu Lions,3,9,0,"0,1,0,1,0,0,0,1,0",23,Belluna Dome,,02:47,28709,GAME20120930SLOB0830
2012,2012-09-30,Reg Season,Saitama Seibu Lions,Home,W,4,Orix Buffaloes,4,9,3,"1,0,2,0,1,0,0,0,x",23,Belluna Dome,,02:47,28709,GAME20120930SLOB0830
2012,2012-10-01,Reg Season,Chunichi Dragons,Away,W,6,Yokohama DeNA Baystars,6,12,1,"0,1,0,0,0,3,0,0,2",24,Yokohama Stadium,,03:09,8769,GAME20121001DBCD0834
2012,2012-10-01,Reg Season,Yokohama DeNA Baystars,Home,L,2,Chunichi Dragons,2,7,0,"0,0,1,0,0,1,0,0,0",24,Yokohama Stadium,,03:09,8769,GAME20121001DBCD0834
2012,2012-10-01,Reg Season,Tohoku Rakuten Golden Eagles,Away,L,2,Orix Buffaloes,2,7,1,"0,2,0,0,0,0,0,0,0",24,Kyocera Dome Osaka,,02:52,10226,GAME20121001OBRE0835
2012,2012-10-01,Reg Season,Orix Buffaloes,Home,W,3,Tohoku Rakuten Golden Eagles,3,8,0,"0,0,0,0,2,0,0,1,x",24,Kyocera Dome Osaka,,02:52,10226,GAME20121001OBRE0835
2012,2012-10-01,Reg Season,Chiba Lotte Marines,Away,W,4,Saitama Seibu Lions,4,7,0,"2,0,1,0,1,0,0,0,0",22,Belluna Dome,,02:59,16582,GAME20121001SLLM0836
2012,2012-10-01,Reg Season,Saitama Seibu Lions,Home,L,0,Chiba Lotte Marines,0,3,0,"0,0,0,0,0,0,0,0,0",22,Belluna Dome,,02:59,16582,GAME20121001SLLM0836
2012,2012-10-01,Reg Season,Yomiuri Giants,Away,L,0,Tokyo Yakult Swallows,0,9,0,"0,0,0,0,0,0,0,0,0",24,Meiji Jingu Stadium,,02:45,10018,GAME20121001YSYG0833
2012,2012-10-01,Reg Season,Tokyo Yakult Swallows,Home,W,5,Yomiuri Giants,5,11,0,"0,0,2,0,0,2,0,1,x",24,Meiji Jingu Stadium,,02:45,10018,GAME20121001YSYG0833
2012,2012-10-02,Reg Season,Tokyo Yakult Swallows,Away,W,6,Yokohama DeNA Baystars,6,10,1,"0,1,0,0,0,2,1,2,0",23,Yokohama Stadium,,03:25,9668,GAME20121002DBYS0837
2012,2012-10-02,Reg Season,Yokohama DeNA Baystars,Home,L,2,Tokyo Yakult Swallows,2,7,1,"0,0,0,0,0,2,0,0,0",23,Yokohama Stadium,,03:25,9668,GAME20121002DBYS0837
2012,2012-10-02,Reg Season,Fukuoka Softbank Hawks,Away,L,0,Tohoku Rakuten Golden Eagles,0,6,1,"0,0,0,0,0,0,0,0,0",23,Rakuten Seimei Park Miyagi,,03:07,13695,GAME20121002RESH0839
2012,2012-10-02,Reg Season,Tohoku Rakuten Golden Eagles,Home,W,2,Fukuoka Softbank Hawks,2,8,0,"0,1,0,0,0,0,0,1,x",23,Rakuten Seimei Park Miyagi,,03:07,13695,GAME20121002RESH0839
2012,2012-10-02,Reg Season,Chiba Lotte Marines,Away,W,5,Saitama Seibu Lions,5,11,0,"2,0,0,0,1,1,1,0,0",23,Belluna Dome,,02:58,18691,GAME20121002SLLM0838
2012,2012-10-02,Reg Season,Saitama Seibu Lions,Home,L,3,Chiba Lotte Marines,3,7,2,"0,0,1,1,0,0,0,0,1",23,Belluna Dome,,02:58,18691,GAME20121002SLLM0838
2012,2012-10-03,Reg Season,Hanshin Tigers,Away,L,1,Chunichi Dragons,1,2,1,"1,0,0,0,0,0,0,0,0",24,Vantelin Dome Nagoya,,02:46,22487,GAME20121003CDHT0843
2012,2012-10-03,Reg Season,Chunichi Dragons,Home,W,4,Hanshin Tigers,4,9,0,"1,0,1,2,0,0,0,0,x",24,Vantelin Dome Nagoya,,02:46,22487,GAME20121003CDHT0843
2012,2012-10-03,Reg Season,Tokyo Yakult Swallows,Away,L,4,Yokohama DeNA Baystars,4,9,1,"0,1,0,2,1,0,0",24,Yokohama Stadium,,02:46,8183,GAME20121003DBYS0844
2012,2012-10-03,Reg Season,Yokohama DeNA Baystars,Home,W,7,Tokyo Yakult Swallows,7,5,1,"2,0,0,4,0,1",24,Yokohama Stadium,,02:46,8183,GAME20121003DBYS0844
2012,2012-10-03,Reg Season,Fukuoka Softbank Hawks,Away,W,10,Hokkaido Nippon-Ham Fighters,10,14,2,"0,2,2,0,0,0,2,0,4",24,Sapporo Dome,,03:06,36314,GAME20121003NFSH0842
2012,2012-10-03,Reg Season,Hokkaido Nippon-Ham Fighters,Home,L,1,Fukuoka Softbank Hawks,1,4,0,"0,0,0,0,0,0,0,0,1",24,Sapporo Dome,,03:06,36314,GAME20121003NFSH0842
2012,2012-10-03,Reg Season,Chiba Lotte Marines,Away,L,1,Orix Buffaloes,1,4,1,"0,1,0,0,0,0,0,0,0,0",24,Kyocera Dome Osaka,,02:58,13829,GAME20121003OBLM0841
2012,2012-10-03,Reg Season,Orix Buffaloes,Home,W,2,Chiba Lotte Marines,2,5,0,"0,0,0,0,0,0,1,0,0,1x",24,Kyocera Dome Osaka,,02:58,13829,GAME20121003OBLM0841
2012,2012-10-03,Reg Season,Saitama Seibu Lions,Away,W,4,Tohoku Rakuten Golden Eagles,4,10,0,"0,1,0,0,0,3,0,0,0",23,Rakuten Seimei Park Miyagi,,02:57,13222,GAME20121003RESL0840
2012,2012-10-03,Reg Season,Tohoku Rakuten Golden Eagles,Home,L,2,Saitama Seibu Lions,2,9,0,"0,0,0,0,0,0,2,0,0",23,Rakuten Seimei Park Miyagi,,02:57,13222,GAME20121003RESL0840
2012,2012-10-04,Reg Season,Tokyo Yakult Swallows,Away,W,4,Hiroshima Toyo Carp,4,9,1,"0,1,0,0,0,3,0,0,0",22,MAZDA Zoom-Zoom Stadium Hiroshima,,03:01,20694,GAME20121004HCYS0846
2012,2012-10-04,Reg Season,Hiroshima Toyo Carp,Home,L,0,Tokyo Yakult Swallows,0,8,0,"0,0,0,0,0,0,0,0,0",22,MAZDA Zoom-Zoom Stadium Hiroshima,,03:01,20694,GAME20121004HCYS0846
2012,2012-10-04,Reg Season,Saitama Seibu Lions,Away,T,5,Tohoku Rakuten Golden Eagles,5,10,2,"0,1,0,0,1,0,0,0,3",24,Rakuten Seimei Park Miyagi,,03:32,16240,GAME20121004RESL0845
2012,2012-10-04,Reg Season,Tohoku Rakuten Golden Eagles,Home,T,5,Saitama Seibu Lions,5,8,1,"4,0,0,1,0,0,0,0,0",24,Rakuten Seimei Park Miyagi,,03:32,16240,GAME20121004RESL0845
2012,2012-10-05,Reg Season,Hiroshima Toyo Carp,Away,W,4,Chunichi Dragons,4,6,1,"1,0,1,1,0,0,0,0,1",24,Vantelin Dome Nagoya,,02:39,27108,GAME20121005CDHC0851
2012,2012-10-05,Reg Season,Chunichi Dragons,Home,L,1,Hiroshima Toyo Carp,1,8,1,"0,0,1,0,0,0,0,0,0",24,Vantelin Dome Nagoya,,02:39,27108,GAME20121005CDHC0851
2012,2012-10-05,Reg Season,Tokyo Yakult Swallows,Away,W,2,Hanshin Tigers,2,6,1,"0,0,1,0,0,0,0,1,0",24,Hanshin Koshien Stadium,,02:49,46820,GAME20121005HTYS0849
2012,2012-10-05,Reg Season,Hanshin Tigers,Home,L,0,Tokyo Yakult Swallows,0,3,1,"0,0,0,0,0,0,0,0,0",24,Hanshin Koshien Stadium,,02:49,46820,GAME20121005HTYS0849
2012,2012-10-05,Reg Season,Tohoku Rakuten Golden Eagles,Away,W,7,Hokkaido Nippon-Ham Fighters,7,12,0,"3,1,0,0,2,0,0,0,1",24,Sapporo Dome,,03:26,35789,GAME20121005NFRE0847
2012,2012-10-05,Reg Season,Hokkaido Nippon-Ham Fighters,Home,L,3,Tohoku Rakuten Golden Eagles,3,8,1,"0,0,1,0,0,2,0,0,0",24,Sapporo Dome,,03:26,35789,GAME20121005NFRE0847
2012,2012-10-05,Reg Season,Fukuoka Softbank Hawks,Away,L,1,Orix Buffaloes,1,7,0,"0,0,0,0,0,0,0,0,1",23,Kyocera Dome Osaka,,02:33,18719,GAME20121005OBSH0848
2012,2012-10-05,Reg Season,Orix Buffaloes,Home,W,3,Fukuoka Softbank Hawks,3,6,0,"0,0,0,1,0,1,1,0,x",23,Kyocera Dome Osaka,,02:33,18719,GAME20121005OBSH0848
2012,2012-10-05,Reg Season,Yokohama DeNA Baystars,Away,L,1,Yomiuri Giants,1,5,1,"1,0,0,0,0,0,0,0,0",22,Tokyo Dome,,02:46,44812,GAME20121005YGDB0850
2012,2012-10-05,Reg Season,Yomiuri Giants,Home,W,8,Yokohama DeNA Baystars,8,13,0,"1,0,3,0,2,1,1,0,x",22,Tokyo Dome,,02:46,44812,GAME20121005YGDB0850
2012,2012-10-06,Reg Season,Fukuoka Softbank Hawks,Away,L,1,Tohoku Rakuten Golden Eagles,1,3,0,"0,0,0,1,0,0,0,0,0",24,Rakuten Seimei Park Miyagi,,02:46,17683,GAME20121006RESH0854
2012,2012-10-06,Reg Season,Tohoku Rakuten Golden Eagles,Home,W,2,Fukuoka Softbank Hawks,2,6,2,"0,2,0,0,0,0,0,0,x",24,Rakuten Seimei Park Miyagi,,02:46,17683,GAME20121006RESH0854
2012,2012-10-06,Reg Season,Chiba Lotte Marines,Away,L,1,Saitama Seibu Lions,1,3,0,"0,0,0,0,0,0,1,0,0",24,Belluna Dome,,02:25,26938,GAME20121006SLLM0852
2012,2012-10-06,Reg Season,Saitama Seibu Lions,Home,W,2,Chiba Lotte Marines,2,4,1,"0,0,0,0,0,0,0,0,2x",24,Belluna Dome,,02:25,26938,GAME20121006SLLM0852
2012,2012-10-06,Reg Season,Yokohama DeNA Baystars,Away,L,0,Yomiuri Giants,0,3,2,"0,0,0,0,0,0,0,0,0",23,Tokyo Dome,,02:56,38138,GAME20121006YGDB0853
2012,2012-10-06,Reg Season,Yomiuri Giants,Home,W,6,Yokohama DeNA Baystars,6,10,0,"2,0,1,1,0,0,1,1,x",23,Tokyo Dome,,02:56,38138,GAME20121006YGDB0853
2012,2012-10-06,Reg Season,Hiroshima Toyo Carp,Away,W,4,Tokyo Yakult Swallows,4,9,0,"1,0,0,0,0,1,1,0,1",23,Meiji Jingu Stadium,,02:45,18539,GAME20121006YSHC0855
2012,2012-10-06,Reg Season,Tokyo Yakult Swallows,Home,L,2,Hiroshima Toyo Carp,2,8,1,"0,0,0,0,0,2,0,0,0x",23,Meiji Jingu Stadium,,02:45,18539,GAME20121006YSHC0855
2012,2012-10-07,Reg Season,Tohoku Rakuten Golden Eagles,Away,L,2,Chiba Lotte Marines,2,6,0,"0,0,0,0,0,0,0,2,0",23,ZOZO Marine Stadium,,03:05,17652,GAME20121007LMRE0857
2012,2012-10-07,Reg Season,Chiba Lotte Marines,Home,W,3,Tohoku Rakuten Golden Eagles,3,12,1,"0,0,0,1,0,1,0,0,1x",23,ZOZO Marine Stadium,,03:05,17652,GAME20121007LMRE0857
2012,2012-10-07,Reg Season,Saitama Seibu Lions,Away,L,0,Orix Buffaloes,0,6,0,"0,0,0,0,0,0,0,0,0",24,Kyocera Dome Osaka,,02:41,24274,GAME20121007OBSL0856
2012,2012-10-07,Reg Season,Orix Buffaloes,Home,W,7,Saitama Seibu Lions,7,12,0,"2,0,0,0,5,0,0,0,x",24,Kyocera Dome Osaka,,02:41,24274,GAME20121007OBSL0856
2012,2012-10-07,Reg Season,Yokohama DeNA Baystars,Away,L,1,Yomiuri Giants,1,4,2,"0,0,0,0,0,0,1,0,0,0",24,Tokyo Dome,,02:54,45062,GAME20121007YGDB0859
2012,2012-10-07,Reg Season,Yomiuri Giants,Home,W,2,Yokohama DeNA Baystars,2,8,1,"0,0,0,0,1,0,0,0,0,1x",24,Tokyo Dome,,02:54,45062,GAME20121007YGDB0859
2012,2012-10-07,Reg Season,Hiroshima Toyo Carp,Away,W,1,Tokyo Yakult Swallows,1,8,0,"0,0,0,0,0,0,0,0,1",24,Meiji Jingu Stadium,,03:03,27556,GAME20121007YSHC0858
2012,2012-10-07,Reg Season,Tokyo Yakult Swallows,Home,L,0,Hiroshima Toyo Carp,0,8,0,"0,0,0,0,0,0,0,0,0",24,Meiji Jingu Stadium,,03:03,27556,GAME20121007YSHC0858
2012,2012-10-08,Reg Season,Hiroshima Toyo Carp,Away,W,8,Yokohama DeNA Baystars,8,9,0,"0,0,0,0,0,2,6,0,0",24,Yokohama Stadium,,03:09,27518,GAME20121008DBHC0862
2012,2012-10-08,Reg Season,Yokohama DeNA Baystars,Home,L,1,Hiroshima Toyo Carp,1,7,0,"0,0,0,0,1,0,0,0,0",24,Yokohama Stadium,,03:09,27518,GAME20121008DBHC0862
2012,2012-10-08,Reg Season,Tohoku Rakuten Golden Eagles,Away,W,6,Chiba Lotte Marines,6,10,0,"1,0,0,0,0,0,2,1,2",24,ZOZO Marine Stadium,,02:37,19401,GAME20121008LMRE0861
2012,2012-10-08,Reg Season,Chiba Lotte Marines,Home,L,0,Tohoku Rakuten Golden Eagles,0,4,3,"0,0,0,0,0,0,0,0,0",24,ZOZO Marine Stadium,,02:37,19401,GAME20121008LMRE0861
2012,2012-10-08,Reg Season,Orix Buffaloes,Away,W,3,Fukuoka Softbank Hawks,3,7,0,"1,0,0,0,0,1,1,0,0",24,Mizuho PayPay Dome Fukuoka,,02:50,38561,GAME20121008SHOB0860
2012,2012-10-08,Reg Season,Fukuoka Softbank Hawks,Home,L,0,Orix Buffaloes,0,0,1,"0,0,0,0,0,0,0,0,0",24,Mizuho PayPay Dome Fukuoka,,02:50,38561,GAME20121008SHOB0860
2012,2012-10-09,Reg Season,Yokohama DeNA Baystars,Away,L,0,Hanshin Tigers,0,2,1,"0,0,0,0,0,0,0,0,0",24,Hanshin Koshien Stadium,,02:23,47106,GAME20121009HTDB0864
2012,2012-10-09,Reg Season,Hanshin Tigers,Home,W,3,Yokohama DeNA Baystars,3,11,0,"0,2,0,0,0,1,0,0,x",24,Hanshin Koshien Stadium,,02:23,47106,GAME20121009HTDB0864
2012,2012-10-09,Reg Season,Hokkaido Nippon-Ham Fighters,Away,W,9,Chiba Lotte Marines,9,13,0,"0,0,4,0,3,0,0,2,0",24,ZOZO Marine Stadium,,03:22,19269,GAME20121009LMNF0863
2012,2012-10-09,Reg Season,Chiba Lotte Marines,Home,L,8,Hokkaido Nippon-Ham Fighters,8,16,1,"0,0,5,1,0,2,0,0,0",24,ZOZO Marine Stadium,,03:22,19269,GAME20121009LMNF0863
