Season,Game Type,Team,#,Name,Position,G,FPCT,PO,A,E,DP,PB,PlayerID
2016,Regular Season,Chiba Lotte Marines,47,"Tanaka, Yasuhiro",P,17,1.000,1,4,0,0,,01005112
2016,Regular Season,Orix Buffaloes,1,"Nakajima, Hiroyuki",1B,9,1.000,83,6,0,3,,01005113
2016,Regular Season,Orix Buffaloes,1,"Nakajima, Hiroyuki",3B,40,0.897,14,47,7,0,,01005113
2016,Regular Season,Orix Buffaloes,1,"Nakajima, Hiroyuki",SS,5,0.947,5,13,1,2,,01005113
2016,Regular Season,Tokyo Yakult Swallows,41,"Takai, Yuhei",OF,104,0.990,192,7,2,2,,01005117
2016,Regular Season,Hanshin Tigers,9,"Takayama, Shun",OF,124,0.967,177,1,6,0,,01005132
2016,Climax Series - Final Stage,Fukuoka Softbank Hawks,41,"Senga, Koudai",P,1,1.000,0,3,0,0,,01005133
2016,Climax Series - First Stage,Fukuoka Softbank Hawks,41,"Senga, Koudai",P,1,0.000,0,0,0,0,,01005133
2016,Regular Season,Fukuoka Softbank Hawks,41,"Senga, Koudai",P,25,0.976,10,30,1,1,,01005133
2016,Climax Series - Final Stage,Fukuoka Softbank Hawks,30,"Takeda, Shota",P,1,0.857,1,5,1,0,,01005135
2016,Regular Season,Fukuoka Softbank Hawks,30,"Takeda, Shota",P,27,1.000,18,27,0,2,,01005135
2016,Climax Series - Final Stage,Fukuoka Softbank Hawks,16,"Higashihama, Nao",P,4,0.000,0,0,0,0,,01005137
2016,Regular Season,Fukuoka Softbank Hawks,16,"Higashihama, Nao",P,23,0.941,13,19,2,1,,01005137
2016,Regular Season,Hiroshima Toyo Carp,48,"Nishihara, Keita",P,2,1.000,0,2,0,0,,01005139
2016,Climax Series - Final Stage,Hiroshima Toyo Carp,25,"Arai, Takahiro",1B,3,1.000,36,2,0,4,,01103888
2016,Japan Series,Hiroshima Toyo Carp,25,"Arai, Takahiro",1B,3,1.000,17,3,0,0,,01103888
2016,Regular Season,Hiroshima Toyo Carp,25,"Arai, Takahiro",1B,118,0.995,996,93,5,82,,01103888
2016,Regular Season,Hanshin Tigers,32,"Arai, Ryota",1B,3,1.000,7,0,0,1,,01105112
2016,Regular Season,Hanshin Tigers,32,"Arai, Ryota",3B,17,0.951,8,31,2,5,,01105112
2016,Regular Season,Hanshin Tigers,32,"Arai, Ryota",OF,7,1.000,5,0,0,0,,01105112
2016,Regular Season,Hiroshima Toyo Carp,49,"Amaya, Soichiro",OF,33,0.926,24,1,2,0,,01105115
2016,Regular Season,Tokyo Yakult Swallows,24,"Araki, Takahiro",1B,48,1.000,239,12,0,17,,01105131
2016,Regular Season,Tokyo Yakult Swallows,24,"Araki, Takahiro",3B,2,0.000,0,0,0,0,,01105131
2016,Regular Season,Tokyo Yakult Swallows,24,"Araki, Takahiro",OF,5,1.000,5,2,0,0,,01105131
2016,Regular Season,Orix Buffaloes,60,"Akama, Ken",P,24,0.909,1,9,1,1,,01105132
2016,Regular Season,Yokohama DeNA Baystars,4,"Aranami, Sho",OF,27,1.000,44,0,0,0,,01105133
2016,Regular Season,Hokkaido Nippon-Ham Fighters,49,"Ishikawa, Shingo",OF,8,1.000,9,0,0,0,,01105135
2016,Regular Season,Fukuoka Softbank Hawks,42,"Iida, Yuya",P,30,0.875,0,7,1,0,,01105137
2016,Regular Season,Chiba Lotte Marines,2,"Nemoto, Shunichi",1B,35,0.996,214,19,1,21,,01205112
2016,Regular Season,Chiba Lotte Marines,2,"Nemoto, Shunichi",2B,2,0.000,0,0,0,0,,01205112
2016,Regular Season,Chiba Lotte Marines,2,"Nemoto, Shunichi",OF,5,1.000,3,0,0,0,,01205112
2016,Regular Season,Chunichi Dragons,63,"Donoue, Naomichi",2B,3,1.000,7,4,0,1,,01205114
2016,Regular Season,Chunichi Dragons,63,"Donoue, Naomichi",SS,129,0.984,199,405,10,76,,01205114
2016,Regular Season,Tohoku Rakuten Golden Eagles,30,"Hasebe, Kohei",P,2,0.000,0,0,0,0,,01205116
2016,Regular Season,Hiroshima Toyo Carp,20,"Nagakawa, Katsuhiro",P,11,1.000,3,1,0,0,,01205117
2016,Climax Series - First Stage,Chiba Lotte Marines,29,"Nishino, Yuji",P,1,0.000,0,0,0,0,,01205118
2016,Regular Season,Chiba Lotte Marines,29,"Nishino, Yuji",P,42,1.000,0,6,0,0,,01205118
2016,Regular Season,Tokyo Yakult Swallows,62,"Tokuyama, Takeaki",P,3,1.000,1,0,0,0,,01205135
2016,Climax Series - First Stage,Chiba Lotte Marines,28,"Matsunaga, Takahiro",P,1,0.000,0,0,0,0,,01205137
2016,Regular Season,Chiba Lotte Marines,28,"Matsunaga, Takahiro",P,53,0.778,0,7,2,0,,01205137
2016,Regular Season,Yomiuri Giants,8,"Kataoka, Yasuyuki",2B,25,1.000,47,60,0,20,,01305110
2016,Regular Season,Tohoku Rakuten Golden Eagles,8,"Imae, Toshiaki",1B,4,0.968,30,0,1,3,,01305115
2016,Regular Season,Tohoku Rakuten Golden Eagles,8,"Imae, Toshiaki",3B,83,0.954,59,150,10,13,,01305115
2016,Regular Season,Orix Buffaloes,98,"Ota, Atori",P,1,1.000,0,1,0,0,,01305116
2016,Regular Season,Hiroshima Toyo Carp,29,"Egusa, Hirotaka",P,8,1.000,1,6,0,1,,01305117
2016,Regular Season,Hanshin Tigers,4,"Uemoto, Hiroki",2B,26,0.957,35,53,4,6,,01305118
2016,Regular Season,Hanshin Tigers,4,"Uemoto, Hiroki",3B,5,0.769,0,10,3,0,,01305118
2016,Regular Season,Chunichi Dragons,8,"Ohshima, Yohei",OF,143,0.990,300,4,3,0,,01305131
2016,Climax Series - Final Stage,Yokohama DeNA Baystars,21,"Imanaga, Shota",P,1,1.000,0,1,0,0,,01305132
2016,Climax Series - First Stage,Yokohama DeNA Baystars,21,"Imanaga, Shota",P,1,1.000,1,1,0,0,,01305132
2016,Regular Season,Yokohama DeNA Baystars,21,"Imanaga, Shota",P,22,0.957,5,17,1,1,,01305132
2016,Regular Season,Hanshin Tigers,13,"Enokida, Daiki",P,35,1.000,2,8,0,0,,01305133
2016,Climax Series - Final Stage,Hokkaido Nippon-Ham Fighters,11,"Ohtani, Shohei",P,2,1.000,1,1,0,0,,01305137
2016,Japan Series,Hokkaido Nippon-Ham Fighters,11,"Ohtani, Shohei",P,1,0.000,0,0,0,0,,01305137
2016,Regular Season,Hokkaido Nippon-Ham Fighters,11,"Ohtani, Shohei",P,21,0.970,9,23,1,2,,01305137
2016,Regular Season,Tohoku Rakuten Golden Eagles,36,"Uchida, Yasuhito",1B,8,1.000,69,2,0,5,,01305139
2016,Regular Season,Tohoku Rakuten Golden Eagles,36,"Uchida, Yasuhito",3B,9,0.944,6,11,1,3,,01305139
2016,Climax Series - Final Stage,Hiroshima Toyo Carp,44,"Matsuyama, Ryuhei",OF,3,1.000,5,0,0,0,,01405116
2016,Japan Series,Hiroshima Toyo Carp,44,"Matsuyama, Ryuhei",OF,5,1.000,7,0,0,0,,01405116
2016,Regular Season,Hiroshima Toyo Carp,44,"Matsuyama, Ryuhei",1B,7,0.978,43,1,1,3,,01405116
2016,Regular Season,Hiroshima Toyo Carp,44,"Matsuyama, Ryuhei",OF,60,0.985,63,1,1,0,,01405116
2016,Climax Series - Final Stage,Hiroshima Toyo Carp,37,"Noma, Takayoshi",OF,1,1.000,1,0,0,0,,01405130
2016,Japan Series,Hiroshima Toyo Carp,37,"Noma, Takayoshi",OF,2,1.000,2,0,0,0,,01405130
2016,Regular Season,Hiroshima Toyo Carp,37,"Noma, Takayoshi",OF,19,1.000,14,0,0,0,,01405130
2016,Regular Season,Yokohama DeNA Baystars,58,"Nogawa, Takuto",P,6,0.500,0,1,1,0,,01405132
2016,Regular Season,Yokohama DeNA Baystars,66,"Nishimori, Masashi",C,2,1.000,5,1,0,0,0,01405135
2016,Climax Series - Final Stage,Fukuoka Softbank Hawks,38,"Mori, Yuito",P,2,1.000,0,2,0,0,,01405139
2016,Regular Season,Fukuoka Softbank Hawks,38,"Mori, Yuito",P,56,0.938,5,10,1,1,,01405139
2016,Regular Season,Chiba Lotte Marines,11,"Ohmine, Yuta",P,14,1.000,2,10,0,1,,01505114
2016,Regular Season,Tohoku Rakuten Golden Eagles,58,"Karashima, Wataru",P,13,1.000,4,8,0,0,,01505118
2016,Regular Season,Tohoku Rakuten Golden Eagles,9,"Okoye, Louis",OF,45,1.000,84,1,0,0,,01505132
2016,Regular Season,Saitama Seibu Lions,2,"Kaneko, Yuji",3B,29,0.877,17,47,9,3,,01505137
2016,Regular Season,Saitama Seibu Lions,2,"Kaneko, Yuji",OF,94,0.983,112,5,2,1,,01505137
2016,Regular Season,Saitama Seibu Lions,2,"Kaneko, Yuji",SS,24,0.943,33,49,5,8,,01505137
2016,Regular Season,Yomiuri Giants,31,"Matsumoto, Tetsuya",OF,41,1.000,35,0,0,0,,01605114
2016,Regular Season,Tohoku Rakuten Golden Eagles,31,"Mima, Manabu",P,26,1.000,7,21,0,1,,01605133
2016,Regular Season,Hanshin Tigers,56,"Matsuda, Ryoma",P,22,0.750,2,1,1,0,,01605135
2016,Regular Season,Yomiuri Giants,66,"Kita, Atsushi",OF,2,1.000,2,0,0,0,,01705114
2016,Regular Season,Saitama Seibu Lions,0,"Kimura, Shogo",1B,14,0.987,72,4,1,7,,01705117
2016,Regular Season,Saitama Seibu Lions,0,"Kimura, Shogo",3B,19,0.973,6,30,1,4,,01705117
2016,Regular Season,Saitama Seibu Lions,0,"Kimura, Shogo",SS,6,0.952,7,13,1,2,,01705117
2016,Regular Season,Saitama Seibu Lions,88,"Sakata, Ryo",OF,39,0.975,78,1,2,0,,01705118
2016,Regular Season,Yokohama DeNA Baystars,65,"Kuniyoshi, Yuki",P,1,1.000,0,1,0,0,,01705131
2016,Regular Season,Tokyo Yakult Swallows,26,"Kyuko, Kentaro",P,39,1.000,2,4,0,0,,01705133
2016,Regular Season,Yomiuri Giants,11,"Cruz, Luis",2B,72,0.988,186,236,5,58,,01805139
2016,Regular Season,Yomiuri Giants,11,"Cruz, Luis",3B,1,1.000,0,1,0,0,,01805139
2016,Regular Season,Yomiuri Giants,11,"Cruz, Luis",SS,8,0.972,10,25,1,4,,01805139
2016,Regular Season,Tohoku Rakuten Golden Eagles,37,"Shima, Motohiro",C,78,0.993,523,55,4,4,4,01905114
2016,Regular Season,Yomiuri Giants,51,"Donoe, Takehiro",1B,1,1.000,9,1,0,0,,01905119
2016,Regular Season,Yomiuri Giants,51,"Donoe, Takehiro",OF,5,1.000,3,0,0,0,,01905119
2016,Regular Season,Saitama Seibu Lions,34,"Sano, Yasuo",P,15,1.000,1,2,0,0,,01905130
2016,Regular Season,Hokkaido Nippon-Ham Fighters,18,"Saitoh, Yuki",P,11,1.000,2,3,0,1,,01905133
2016,Regular Season,Hanshin Tigers,97,"Tanabo, Kojiro",P,4,1.000,0,1,0,0,,01905137
2016,Regular Season,Yomiuri Giants,92,"Taira, Kentaro",P,1,0.000,0,0,0,0,,01905139
2016,Regular Season,Tohoku Rakuten Golden Eagles,40,"Wheeler, Zelous",3B,48,0.942,26,88,7,4,,03105130
2016,Regular Season,Tohoku Rakuten Golden Eagles,40,"Wheeler, Zelous",OF,47,0.985,63,1,1,0,,03105130
2016,Regular Season,Hokkaido Nippon-Ham Fighters,58,"Yokoo, Toshitake",1B,2,1.000,4,0,0,1,,03105132
2016,Regular Season,Hokkaido Nippon-Ham Fighters,58,"Yokoo, Toshitake",3B,4,1.000,4,9,0,1,,03105132
2016,Regular Season,Hanshin Tigers,98,"Dolis, Rafael",P,34,0.857,0,6,1,0,,03505132
2016,Regular Season,Chiba Lotte Marines,54,"Despaigne, Alfredo",OF,8,1.000,12,0,0,0,,03505139
2016,Regular Season,Yokohama DeNA Baystars,67,"Petrick, Zach",P,15,1.000,4,6,0,0,,03705132
2016,Regular Season,Hanshin Tigers,34,"Takamiya, Kazuya",P,16,0.667,0,2,1,0,,11015112
2016,Climax Series - Final Stage,Yokohama DeNA Baystars,46,"Tanaka, Kenjiro",P,2,0.000,0,0,0,0,,11015116
2016,Climax Series - First Stage,Yokohama DeNA Baystars,46,"Tanaka, Kenjiro",P,2,1.000,1,1,0,0,,11015116
2016,Regular Season,Yokohama DeNA Baystars,46,"Tanaka, Kenjiro",P,61,1.000,4,11,0,1,,11015116
2016,Regular Season,Tokyo Yakult Swallows,17,"Naruse, Yoshihisa",P,22,0.882,1,14,2,1,,11015119
2016,Regular Season,Hokkaido Nippon-Ham Fighters,46,"Segawa, Hayao",P,1,0.000,0,0,0,0,,11015130
2016,Regular Season,Chiba Lotte Marines,15,"Sekiya, Ryota",P,16,1.000,5,18,0,1,,11015132
2016,Regular Season,Tohoku Rakuten Golden Eagles,11,"Shiomi, Takahiro",P,24,0.947,8,28,2,2,,11015133
2016,Regular Season,Orix Buffaloes,26,"Tohmei, Daiki",P,24,1.000,7,18,0,2,,11015139
2016,Climax Series - Final Stage,Fukuoka Softbank Hawks,7,"Nakamura, Akira",OF,5,1.000,9,0,0,0,,11215116
2016,Climax Series - First Stage,Fukuoka Softbank Hawks,7,"Nakamura, Akira",OF,2,1.000,4,0,0,0,,11215116
2016,Regular Season,Fukuoka Softbank Hawks,7,"Nakamura, Akira",1B,14,1.000,66,4,0,7,,11215116
2016,Regular Season,Fukuoka Softbank Hawks,7,"Nakamura, Akira",OF,138,0.990,282,3,3,0,,11215116
2016,Climax Series - Final Stage,Hokkaido Nippon-Ham Fighters,9,"Nakashima, Takuya",SS,5,1.000,10,17,0,2,,11215118
2016,Japan Series,Hokkaido Nippon-Ham Fighters,9,"Nakashima, Takuya",SS,6,1.000,8,20,0,3,,11215118
2016,Regular Season,Hokkaido Nippon-Ham Fighters,9,"Nakashima, Takuya",SS,143,0.979,219,447,14,100,,11215118
2016,Regular Season,Tokyo Yakult Swallows,67,"Hirai, Ryo",P,33,0.833,4,1,1,0,,11215131
2016,Regular Season,Fukuoka Softbank Hawks,32,"Tsukada, Masayoshi",OF,1,0.000,0,0,0,0,,11215135
2016,Regular Season,Hanshin Tigers,2,"Hojoh, Fumiya",2B,33,0.975,56,60,3,12,,11215137
2016,Regular Season,Hanshin Tigers,2,"Hojoh, Fumiya",3B,64,0.944,28,74,6,2,,11215137
2016,Regular Season,Hanshin Tigers,2,"Hojoh, Fumiya",SS,41,0.981,56,101,3,19,,11215137
2016,Climax Series - Final Stage,Fukuoka Softbank Hawks,43,"Egawa, Tomoaki",OF,1,0.000,0,0,0,0,,11315110
2016,Regular Season,Fukuoka Softbank Hawks,43,"Egawa, Tomoaki",OF,37,1.000,47,1,0,0,,11315110
2016,Regular Season,Tokyo Yakult Swallows,19,"Ishikawa, Masanori",P,20,1.000,9,22,0,0,,11315115
2016,Climax Series - First Stage,Yokohama DeNA Baystars,14,"Ishida, Kenta",P,1,1.000,0,1,0,0,,11315130
2016,Regular Season,Yokohama DeNA Baystars,14,"Ishida, Kenta",P,25,1.000,11,27,0,3,,11315130
2016,Climax Series - First Stage,Chiba Lotte Marines,44,"Inoue, Seiya",1B,1,1.000,4,1,0,0,,11315139
2016,Regular Season,Chiba Lotte Marines,44,"Inoue, Seiya",1B,30,0.996,217,13,1,26,,11315139
2016,Regular Season,Tokyo Yakult Swallows,71,"Nakashima, Shogo",P,3,0.000,0,0,0,0,,11415130
2016,Regular Season,Saitama Seibu Lions,59,"Nagae, Kyohei",3B,19,1.000,5,11,0,1,,11415135
2016,Regular Season,Saitama Seibu Lions,59,"Nagae, Kyohei",SS,54,1.000,36,89,0,19,,11415135
2016,Regular Season,Chunichi Dragons,17,"Kawai, Yudai",P,1,0.000,0,0,0,0,,11515110
2016,Regular Season,Saitama Seibu Lions,9,"Osaki, Yutaro",OF,1,1.000,2,0,0,0,,11515114
2016,Climax Series - First Stage,Yomiuri Giants,17,"Ohtake, Kan",P,1,0.000,0,0,0,0,,11515115
2016,Regular Season,Yomiuri Giants,17,"Ohtake, Kan",P,17,0.950,3,16,1,1,,11515115
2016,Regular Season,Chunichi Dragons,64,"Oguma, Ryosuke",P,14,0.917,3,8,1,1,,11515118
2016,Regular Season,Yomiuri Giants,38,"Okamoto, Kazuma",1B,3,1.000,23,0,0,4,,11515130
2016,Regular Season,Chunichi Dragons,21,"Okada, Toshiya",P,57,0.929,4,9,1,1,,11515131
2016,Regular Season,Orix Buffaloes,10,"Ohshiro, Koji",3B,36,0.985,21,45,1,6,,11515132
2016,Regular Season,Orix Buffaloes,10,"Ohshiro, Koji",OF,21,0.929,26,0,2,0,,11515132
2016,Regular Season,Orix Buffaloes,10,"Ohshiro, Koji",SS,10,0.895,10,24,4,2,,11515132
2016,Regular Season,Chunichi Dragons,22,"Ohno, Yudai",P,19,0.973,6,30,1,0,,11515133
2016,Regular Season,Tokyo Yakult Swallows,29,"Ogawa, Yasuhiro",P,25,1.000,9,21,0,0,,11515137
2016,Climax Series - Final Stage,Hokkaido Nippon-Ham Fighters,31,"Oka, Hiromi",OF,1,0.000,0,0,0,0,,11515139
2016,Japan Series,Hokkaido Nippon-Ham Fighters,31,"Oka, Hiromi",OF,6,1.000,14,0,0,0,,11515139
2016,Regular Season,Hokkaido Nippon-Ham Fighters,31,"Oka, Hiromi",OF,38,0.957,64,2,3,0,,11515139
2016,Climax Series - Final Stage,Fukuoka Softbank Hawks,37,"Fukuda, Shuhei",OF,2,0.000,0,0,0,0,,11615114
2016,Climax Series - First Stage,Fukuoka Softbank Hawks,37,"Fukuda, Shuhei",OF,2,1.000,1,0,0,0,,11615114
2016,Regular Season,Fukuoka Softbank Hawks,37,"Fukuda, Shuhei",OF,68,0.977,83,1,2,0,,11615114
2016,Regular Season,Tokyo Yakult Swallows,10,"Morioka, Ryosuke",1B,5,1.000,25,4,0,2,,11615117
2016,Regular Season,Tohoku Rakuten Golden Eagles,24,"Fukuda, Masayoshi",OF,32,0.955,21,0,1,0,,11615130
2016,Regular Season,Chiba Lotte Marines,18,"Fujioka, Takahiro",P,32,0.938,2,13,1,1,,11615135
2016,Regular Season,Tokyo Yakult Swallows,46,"Yachi, Ryota",1B,1,1.000,3,1,0,1,,11615137
2016,Regular Season,Tokyo Yakult Swallows,46,"Yachi, Ryota",2B,9,0.938,30,31,4,3,,11615137
2016,Regular Season,Tokyo Yakult Swallows,46,"Yachi, Ryota",3B,4,0.667,3,1,2,0,,11615137
2016,Regular Season,Tokyo Yakult Swallows,46,"Yachi, Ryota",SS,9,0.969,12,19,1,3,,11615137
2016,Regular Season,Hanshin Tigers,55,"Yohkawa, Naomasa",1B,1,1.000,8,2,0,0,,11615139
2016,Regular Season,Hanshin Tigers,55,"Yohkawa, Naomasa",3B,19,0.947,15,21,2,3,,11615139
2016,Regular Season,Hanshin Tigers,55,"Yohkawa, Naomasa",OF,2,1.000,1,0,0,0,,11615139
2016,Regular Season,Hanshin Tigers,99,"Kano, Keisuke",OF,13,1.000,16,1,0,0,,11715113
2016,Regular Season,Yokohama DeNA Baystars,54,"Kosugi, Yota",P,20,1.000,1,6,0,0,,11715118
2016,Regular Season,Chunichi Dragons,50,"Kaneko, Takeshi",P,1,1.000,0,1,0,0,,11715130
2016,Regular Season,Fukuoka Softbank Hawks,34,"Yamada, Hiroki",P,4,1.000,1,1,0,0,,11815114
2016,Regular Season,Fukuoka Softbank Hawks,21,"Wada, Tsuyoshi",P,24,1.000,8,28,0,1,,11815117
2016,Regular Season,Orix Buffaloes,6,"Mune, Yuma",SS,1,0.800,2,2,1,1,,11815130
2016,Regular Season,Tohoku Rakuten Golden Eagles,57,"Miyoshi, Takumi",2B,17,0.972,17,18,1,1,,11815135
2016,Regular Season,Tohoku Rakuten Golden Eagles,57,"Miyoshi, Takumi",3B,2,0.000,0,0,0,0,,11815135
2016,Regular Season,Tohoku Rakuten Golden Eagles,57,"Miyoshi, Takumi",SS,17,0.985,21,44,1,10,,11815135
2016,Regular Season,Yomiuri Giants,42,"Anderson, Leslie",1B,3,0.946,33,2,2,4,,11815139
2016,Climax Series - Final Stage,Hokkaido Nippon-Ham Fighters,3,"Tanaka, Kensuke",2B,4,1.000,5,13,0,3,,11915111
2016,Japan Series,Hokkaido Nippon-Ham Fighters,3,"Tanaka, Kensuke",2B,6,1.000,17,12,0,3,,11915111
2016,Regular Season,Hokkaido Nippon-Ham Fighters,3,"Tanaka, Kensuke",2B,142,0.988,315,476,10,95,,11915111
2016,Regular Season,Yokohama DeNA Baystars,55,"Goto, Taketoshi",1B,2,1.000,7,2,0,0,,11915117
2016,Regular Season,Orix Buffaloes,48,"Saitoh, Koki",P,1,1.000,0,2,0,0,,11915130
2016,Regular Season,Hanshin Tigers,12,"Sakamoto, Seishiro",C,25,0.994,139,18,1,0,1,11915132
2016,Regular Season,Orix Buffaloes,15,"Sato, Tatsuya",P,43,1.000,0,5,0,1,,11915135
2016,Regular Season,Fukuoka Softbank Hawks,0,"Takata, Tomoki",1B,8,1.000,9,2,0,0,,11915137
2016,Regular Season,Fukuoka Softbank Hawks,0,"Takata, Tomoki",2B,19,0.970,27,37,2,4,,11915137
2016,Regular Season,Fukuoka Softbank Hawks,0,"Takata, Tomoki",SS,9,1.000,7,12,0,1,,11915137
2016,Climax Series - Final Stage,Yokohama DeNA Baystars,47,"Sunada, Yoshiki",P,2,1.000,1,1,0,0,,11915139
2016,Climax Series - First Stage,Yokohama DeNA Baystars,47,"Sunada, Yoshiki",P,2,1.000,1,0,0,0,,11915139
2016,Regular Season,Yokohama DeNA Baystars,47,"Sunada, Yoshiki",P,17,1.000,5,3,0,0,,11915139
2016,Climax Series - Final Stage,Yokohama DeNA Baystars,42,"Herrera, Elian",2B,2,1.000,1,4,0,0,,13015132
2016,Climax Series - Final Stage,Yokohama DeNA Baystars,42,"Herrera, Elian",3B,1,1.000,0,2,0,0,,13015132
2016,Climax Series - First Stage,Yokohama DeNA Baystars,42,"Herrera, Elian",2B,2,1.000,1,4,0,0,,13015132
2016,Regular Season,Yokohama DeNA Baystars,42,"Herrera, Elian",2B,42,0.980,70,77,3,18,,13015132
2016,Regular Season,Yokohama DeNA Baystars,42,"Herrera, Elian",3B,39,0.931,26,68,7,6,,13015132
2016,Regular Season,Yomiuri Giants,2,"Wakiya, Ryota",1B,17,0.989,86,3,1,6,,13115112
2016,Regular Season,Yomiuri Giants,2,"Wakiya, Ryota",2B,17,0.984,26,35,1,4,,13115112
2016,Regular Season,Yomiuri Giants,2,"Wakiya, Ryota",3B,2,0.000,0,0,0,0,,13115112
2016,Regular Season,Yomiuri Giants,2,"Wakiya, Ryota",OF,1,1.000,2,0,0,0,,13115112
2016,Regular Season,Yokohama DeNA Baystars,97,"Broadway, Mike",P,5,0.667,0,2,1,0,,13215132
2016,Climax Series - Final Stage,Yokohama DeNA Baystars,69,"Zagurski, Mike",P,1,0.000,0,0,0,0,,13315130
2016,Regular Season,Yokohama DeNA Baystars,69,"Zagurski, Mike",P,32,1.000,0,6,0,0,,13315130
2016,Regular Season,Tokyo Yakult Swallows,4,"Balentien, Wladimir",OF,122,0.978,166,9,4,1,,13315133
2016,Climax Series - Final Stage,Fukuoka Softbank Hawks,44,"Van Den Hurk, Rick",P,1,1.000,0,2,0,0,,13515130
2016,Climax Series - First Stage,Fukuoka Softbank Hawks,44,"Van Den Hurk, Rick",P,1,1.000,1,0,0,0,,13515130
2016,Regular Season,Fukuoka Softbank Hawks,44,"Van Den Hurk, Rick",P,13,1.000,3,11,0,0,,13515130
2016,Climax Series - Final Stage,Hiroshima Toyo Carp,58,"Jackson, Jay",P,2,0.000,0,0,0,0,,13515132
2016,Japan Series,Hiroshima Toyo Carp,58,"Jackson, Jay",P,6,0.000,0,0,0,0,,13515132
2016,Regular Season,Hiroshima Toyo Carp,58,"Jackson, Jay",P,67,1.000,4,3,0,0,,13515132
2016,Climax Series - Final Stage,Hiroshima Toyo Carp,55,"Eldred, Brad",1B,2,0.938,15,0,1,1,,13515135
2016,Climax Series - Final Stage,Hiroshima Toyo Carp,55,"Eldred, Brad",OF,1,1.000,2,0,0,0,,13515135
2016,Japan Series,Hiroshima Toyo Carp,55,"Eldred, Brad",1B,5,1.000,31,3,0,4,,13515135
2016,Regular Season,Hiroshima Toyo Carp,55,"Eldred, Brad",1B,23,1.000,135,7,0,11,,13515135
2016,Regular Season,Hiroshima Toyo Carp,55,"Eldred, Brad",OF,65,0.986,70,1,1,0,,13515135
2016,Regular Season,Chunichi Dragons,66,"Viciedo, Dayan",1B,105,0.988,904,66,12,69,,13715132
2016,Regular Season,Chunichi Dragons,66,"Viciedo, Dayan",OF,9,1.000,6,1,0,0,,13715132
2016,Regular Season,Orix Buffaloes,4,"Morel, Brent",1B,60,1.000,436,33,0,42,,13915132
2016,Regular Season,Orix Buffaloes,4,"Morel, Brent",3B,25,0.884,16,22,5,1,,13915132
2016,Regular Season,Yomiuri Giants,36,"Nakai, Daisuke",1B,27,1.000,41,3,0,7,,21025116
2016,Regular Season,Yomiuri Giants,36,"Nakai, Daisuke",2B,9,0.946,19,16,2,5,,21025116
2016,Regular Season,Yomiuri Giants,36,"Nakai, Daisuke",3B,1,0.000,0,0,0,0,,21025116
2016,Regular Season,Yomiuri Giants,36,"Nakai, Daisuke",OF,3,1.000,3,1,0,0,,21025116
2016,Regular Season,Tokyo Yakult Swallows,22,"Takeshita, Shingo",P,1,0.000,0,0,0,0,,21025130
2016,Regular Season,Hokkaido Nippon-Ham Fighters,36,"Nakamura, Masaru",P,2,1.000,0,1,0,0,,21025131
2016,Regular Season,Chunichi Dragons,12,"Tajima, Shinji",P,59,1.000,3,18,0,0,,21025135
2016,Regular Season,Chunichi Dragons,24,"Fukutani, Koji",P,41,1.000,7,12,0,2,,21025137
2016,Regular Season,Tohoku Rakuten Golden Eagles,38,"Nishimiya, Yusuke",P,29,1.000,0,2,0,0,,21025139
2016,Climax Series - First Stage,Yomiuri Giants,10,"Abe, Shinnosuke",1B,3,1.000,31,0,0,1,,21125113
2016,Regular Season,Yomiuri Giants,10,"Abe, Shinnosuke",1B,84,0.987,705,37,10,68,,21125113
2016,Regular Season,Chunichi Dragons,65,"Itoh, Junki",P,6,1.000,0,1,0,0,,21125118
2016,Climax Series - Final Stage,Hiroshima Toyo Carp,30,"Ichioka, Ryuji",P,2,0.000,0,0,0,0,,21125135
2016,Regular Season,Hiroshima Toyo Carp,30,"Ichioka, Ryuji",P,27,1.000,0,2,0,0,,21125135
2016,Regular Season,Tokyo Yakult Swallows,12,"Ishiyama, Taichi",P,13,1.000,2,4,0,0,,21125137
2016,Regular Season,Chunichi Dragons,30,"Achira, Takuma",P,13,1.000,1,1,0,0,,21125139
2016,Regular Season,Chunichi Dragons,7,"Morino, Masahiko",1B,35,0.996,220,18,1,19,,21223884
2016,Regular Season,Chunichi Dragons,7,"Morino, Masahiko",3B,3,0.500,0,3,3,1,,21223884
2016,Regular Season,Tohoku Rakuten Golden Eagles,6,"Fujita, Kazuya",2B,119,0.993,265,315,4,65,,21225110
2016,Regular Season,Hiroshima Toyo Carp,65,"Hisamoto, Yuichi",P,1,0.000,0,0,0,0,,21225115
2016,Climax Series - First Stage,Yomiuri Giants,50,"Tone, Chiaki",P,1,0.000,0,0,0,0,,21225130
2016,Regular Season,Yomiuri Giants,50,"Tone, Chiaki",P,42,1.000,4,7,0,1,,21225130
2016,Regular Season,Chiba Lotte Marines,20,"Tojo, Taiki",P,11,0.000,0,0,0,0,,21225132
2016,Climax Series - Final Stage,Hokkaido Nippon-Ham Fighters,7,"Nishikawa, Haruki",OF,5,1.000,6,1,0,0,,21225133
2016,Japan Series,Hokkaido Nippon-Ham Fighters,7,"Nishikawa, Haruki",OF,6,1.000,8,0,0,0,,21225133
2016,Regular Season,Hokkaido Nippon-Ham Fighters,7,"Nishikawa, Haruki",1B,7,1.000,45,3,0,1,,21225133
2016,Regular Season,Hokkaido Nippon-Ham Fighters,7,"Nishikawa, Haruki",OF,128,0.988,245,9,3,2,,21225133
2016,Regular Season,Hiroshima Toyo Carp,53,"Toda, Takaya",P,17,1.000,5,6,0,0,,21225135
2016,Regular Season,Orix Buffaloes,11,"Matsuba, Takahiro",P,28,0.979,9,37,1,2,,21225137
2016,Regular Season,Chiba Lotte Marines,64,"Futaki, Kota",P,22,1.000,6,22,0,1,,21225139
2016,Regular Season,Yomiuri Giants,40,"Kato, Ken",C,2,1.000,1,0,0,0,0,21323888
2016,Climax Series - Final Stage,Fukuoka Softbank Hawks,1,"Uchikawa, Seiichi",1B,4,1.000,30,1,0,2,,21325113
2016,Climax Series - First Stage,Fukuoka Softbank Hawks,1,"Uchikawa, Seiichi",1B,1,1.000,6,0,0,0,,21325113
2016,Regular Season,Fukuoka Softbank Hawks,1,"Uchikawa, Seiichi",1B,114,0.994,908,82,6,68,,21325113
2016,Regular Season,Hanshin Tigers,25,"Egoshi, Taiga",OF,60,0.980,97,0,2,0,,21325130
2016,Regular Season,Saitama Seibu Lions,39,"Wu, Nien-Ting",3B,4,1.000,0,2,0,0,,21325132
2016,Regular Season,Saitama Seibu Lions,39,"Wu, Nien-Ting",SS,42,0.982,57,103,3,33,,21325132
2016,Regular Season,Hokkaido Nippon-Ham Fighters,35,"Enoshita, Yodai",P,16,1.000,1,5,0,2,,21325133
2016,Regular Season,Tohoku Rakuten Golden Eagles,27,"Okajima, Takero",OF,124,0.985,188,3,3,2,,21325135
2016,Regular Season,Tohoku Rakuten Golden Eagles,47,"Otsuka, Takahito",P,4,0.000,0,0,0,0,,21325137
2016,Regular Season,Hanshin Tigers,44,"Umeno, Ryutaro",C,35,0.988,231,17,3,1,1,21325139
2016,Regular Season,Hokkaido Nippon-Ham Fighters,70,"Yoneno, Tomohito",C,1,0.000,0,0,0,0,0,21425111
2016,Climax Series - First Stage,Chiba Lotte Marines,59,"Hosoya, Kei",1B,2,0.875,6,1,1,1,,21425112
2016,Regular Season,Chiba Lotte Marines,59,"Hosoya, Kei",1B,74,0.993,410,32,3,32,,21425112
2016,Regular Season,Chiba Lotte Marines,59,"Hosoya, Kei",3B,49,0.954,40,64,5,6,,21425112
2016,Regular Season,Chiba Lotte Marines,59,"Hosoya, Kei",OF,12,1.000,15,3,0,0,,21425112
2016,Climax Series - First Stage,Fukuoka Softbank Hawks,24,"Hasegawa, Yuya",OF,1,1.000,2,0,0,0,,21425114
2016,Regular Season,Fukuoka Softbank Hawks,24,"Hasegawa, Yuya",OF,13,1.000,17,0,0,0,,21425114
2016,Climax Series - Final Stage,Hiroshima Toyo Carp,9,"Maru, Yoshihiro",OF,4,1.000,6,0,0,0,,21425116
2016,Japan Series,Hiroshima Toyo Carp,9,"Maru, Yoshihiro",OF,6,1.000,6,0,0,0,,21425116
2016,Regular Season,Hiroshima Toyo Carp,9,"Maru, Yoshihiro",OF,143,0.993,284,5,2,1,,21425116
2016,Climax Series - Final Stage,Hiroshima Toyo Carp,19,"Nomura, Yusuke",P,1,1.000,0,1,0,0,,21425135
2016,Japan Series,Hiroshima Toyo Carp,19,"Nomura, Yusuke",P,2,1.000,1,2,0,0,,21425135
2016,Regular Season,Hiroshima Toyo Carp,19,"Nomura, Yusuke",P,25,1.000,17,25,0,0,,21425135
2016,Regular Season,Saitama Seibu Lions,33,"Yamakawa, Hotaka",1B,41,0.985,304,20,5,37,,21425139
2016,Climax Series - Final Stage,Hiroshima Toyo Carp,15,"Kuroda, Hiroki",P,1,0.667,0,2,1,0,,21523884
2016,Japan Series,Hiroshima Toyo Carp,15,"Kuroda, Hiroki",P,1,1.000,1,1,0,0,,21523884
2016,Regular Season,Hiroshima Toyo Carp,15,"Kuroda, Hiroki",P,24,1.000,7,28,0,2,,21523884
2016,Regular Season,Chiba Lotte Marines,19,"Karakawa, Yuki",P,15,1.000,10,17,0,4,,21525116
2016,Regular Season,Tohoku Rakuten Golden Eagles,61,"Kimu, Muyon",P,2,1.000,0,1,0,0,,21525118
2016,Regular Season,Chiba Lotte Marines,57,"Katsuki, Kazuya",3B,2,0.750,0,3,1,1,,21525130
2016,Regular Season,Yokohama DeNA Baystars,16,"Kaga, Shigeru",P,26,0.000,0,0,0,0,,21525131
2016,Regular Season,Hanshin Tigers,48,"Kaneda, Kazuyuki",P,6,1.000,2,0,0,0,,21525137
2016,Regular Season,Fukuoka Softbank Hawks,14,"Kajiya, Ren",P,2,1.000,1,1,0,1,,21525139
2016,Regular Season,Tokyo Yakult Swallows,43,"Muranaka, Kyohei",P,52,1.000,6,14,0,2,,21625112
2016,Regular Season,Tohoku Rakuten Golden Eagles,69,"Yamauchi, Soma",P,1,0.000,0,0,0,0,,21625116
2016,Regular Season,Orix Buffaloes,65,"Yagi, Ryosuke",P,1,0.000,0,0,0,0,,21625118
2016,Regular Season,Tokyo Yakult Swallows,70,"Yagi, Ryosuke",P,1,0.000,0,0,0,0,,21625118
2016,Regular Season,Hiroshima Toyo Carp,36,"Horie, Atsuya",P,3,1.000,0,1,0,0,,21625130
2016,Regular Season,Tokyo Yakult Swallows,36,"Hirooka, Taishi",SS,2,1.000,6,3,0,0,,21625132
2016,Regular Season,Yomiuri Giants,30,"Miyaguni, Ryosuke",P,34,1.000,4,11,0,0,,21625133
2016,Regular Season,Hokkaido Nippon-Ham Fighters,12,"Matsumoto, Go",1B,1,1.000,1,0,0,0,,21625135
2016,Regular Season,Hokkaido Nippon-Ham Fighters,12,"Matsumoto, Go",2B,1,0.000,0,0,0,0,,21625135
2016,Regular Season,Hokkaido Nippon-Ham Fighters,12,"Matsumoto, Go",OF,8,1.000,10,0,0,0,,21625135
2016,Regular Season,Orix Buffaloes,44,"Clark, Matt",1B,9,1.000,53,7,0,5,,21625137
2016,Regular Season,Hanshin Tigers,40,"Tsuruoka, Kazunari",C,10,0.962,24,1,1,0,0,21723882
2016,Regular Season,Saitama Seibu Lions,65,"Saito, Shogo",OF,35,1.000,10,1,0,0,,21725116
2016,Regular Season,Yokohama DeNA Baystars,00,"Kubo, Yuya",P,9,1.000,3,1,0,0,,21725117
2016,Regular Season,Hanshin Tigers,00,"Shibata, Kohei",OF,3,0.750,3,0,1,0,,21725118
2016,Regular Season,Tohoku Rakuten Golden Eagles,29,"Koseki, Shota",C,7,0.944,17,0,1,0,0,21725131
2016,Regular Season,Saitama Seibu Lions,58,"Kumashiro, Masato",OF,25,1.000,9,0,0,0,,21725133
2016,Climax Series - Final Stage,Yokohama DeNA Baystars,6,"Shirasaki, Hiroyuki",3B,2,0.000,0,0,1,0,,21725137
2016,Climax Series - First Stage,Yokohama DeNA Baystars,6,"Shirasaki, Hiroyuki",3B,1,1.000,2,0,0,0,,21725137
2016,Regular Season,Yokohama DeNA Baystars,6,"Shirasaki, Hiroyuki",1B,5,1.000,16,3,0,2,,21725137
2016,Regular Season,Yokohama DeNA Baystars,6,"Shirasaki, Hiroyuki",3B,78,0.963,40,91,5,6,,21725137
2016,Regular Season,Yokohama DeNA Baystars,6,"Shirasaki, Hiroyuki",SS,1,1.000,0,1,0,0,,21725137
2016,Climax Series - Final Stage,Hokkaido Nippon-Ham Fighters,1,"Yoh, Daikan",OF,5,0.923,11,1,1,0,,21825112
2016,Japan Series,Hokkaido Nippon-Ham Fighters,1,"Yoh, Daikan",OF,6,1.000,8,0,0,0,,21825112
2016,Regular Season,Hokkaido Nippon-Ham Fighters,1,"Yoh, Daikan",OF,117,0.991,214,5,2,2,,21825112
2016,Regular Season,Orix Buffaloes,17,"Yamasaki, Sachiya",P,17,1.000,6,9,0,1,,21825130
2016,Regular Season,Saitama Seibu Lions,36,"Minamikawa, Tadasuke",P,4,0.000,0,0,0,0,,21825132
2016,Climax Series - First Stage,Yomiuri Giants,68,"Yoshikawa, Daiki",2B,1,0.000,0,0,0,0,,21825133
2016,Climax Series - First Stage,Yomiuri Giants,68,"Yoshikawa, Daiki",3B,2,1.000,1,0,0,0,,21825133
2016,Regular Season,Yomiuri Giants,68,"Yoshikawa, Daiki",2B,12,0.962,17,33,2,7,,21825133
2016,Regular Season,Yomiuri Giants,68,"Yoshikawa, Daiki",3B,24,1.000,4,10,0,1,,21825133
2016,Regular Season,Yomiuri Giants,68,"Yoshikawa, Daiki",SS,8,1.000,0,9,0,1,,21825133
2016,Climax Series - First Stage,Chiba Lotte Marines,9,"Fukura, Kazuya",1B,1,1.000,4,0,0,0,,21923889
2016,Regular Season,Chiba Lotte Marines,9,"Fukura, Kazuya",1B,21,1.000,120,9,0,12,,21923889
2016,Regular Season,Tokyo Yakult Swallows,7,"Tanaka, Hiroyasu",1B,4,0.962,22,3,1,3,,21925110
2016,Regular Season,Hiroshima Toyo Carp,6,"Soyogi, Eishin",3B,3,0.833,1,4,1,0,,21925112
2016,Regular Season,Chiba Lotte Marines,00,"Takahama, Takuya",1B,19,1.000,54,4,0,4,,21925116
2016,Regular Season,Chiba Lotte Marines,00,"Takahama, Takuya",2B,7,1.000,7,8,0,1,,21925116
2016,Regular Season,Chiba Lotte Marines,00,"Takahama, Takuya",3B,37,0.952,25,54,4,4,,21925116
2016,Regular Season,Tokyo Yakult Swallows,42,"Sakaguchi, Tomotaka",OF,133,1.000,286,9,0,3,,21925117
2016,Regular Season,Hanshin Tigers,1,"Toritani, Takashi",3B,17,0.957,8,36,2,1,,21925119
2016,Regular Season,Hanshin Tigers,1,"Toritani, Takashi",SS,118,0.978,156,286,10,42,,21925119
2016,Regular Season,Yomiuri Giants,43,"Shigenobu, Shinnosuke",OF,22,1.000,29,0,0,0,,21925132
2016,Climax Series - Final Stage,Hokkaido Nippon-Ham Fighters,39,"Takanashi, Hirotoshi",P,1,0.000,0,0,0,0,,21925139
2016,Japan Series,Hokkaido Nippon-Ham Fighters,39,"Takanashi, Hirotoshi",P,1,0.000,0,0,0,0,,21925139
2016,Regular Season,Hokkaido Nippon-Ham Fighters,39,"Takanashi, Hirotoshi",P,37,0.929,4,9,1,1,,21925139
2016,Regular Season,Hanshin Tigers,75,"Satterwhite, Cody",P,20,1.000,1,2,0,0,,23025132
2016,Regular Season,Tokyo Yakult Swallows,58,"Ondrusek, Logan",P,30,1.000,3,3,0,0,,23125130
2016,Regular Season,Hiroshima Toyo Carp,24,"Yokoyama, Hiroki",P,6,1.000,3,3,0,1,,23125132
2016,Regular Season,Chunichi Dragons,60,"Nanita, Ricardo",OF,78,0.973,107,3,3,0,,23325130
2016,Regular Season,Tohoku Rakuten Golden Eagles,42,"Amador, Japhet",1B,4,1.000,36,1,0,3,,23325132
2016,Climax Series - Final Stage,Hokkaido Nippon-Ham Fighters,5,"Laird, Brandon",3B,5,1.000,3,3,0,0,,23525130
2016,Japan Series,Hokkaido Nippon-Ham Fighters,5,"Laird, Brandon",3B,6,0.889,1,7,1,0,,23525130
2016,Regular Season,Hokkaido Nippon-Ham Fighters,5,"Laird, Brandon",1B,1,1.000,1,0,0,0,,23525130
2016,Regular Season,Hokkaido Nippon-Ham Fighters,5,"Laird, Brandon",3B,140,0.961,91,228,13,19,,23525130
2016,Climax Series - First Stage,Chiba Lotte Marines,17,"Navarro, Yamaico",2B,2,1.000,6,2,0,0,,23525132
2016,Regular Season,Chiba Lotte Marines,17,"Navarro, Yamaico",2B,81,0.980,207,241,9,58,,23525132
2016,Regular Season,Chiba Lotte Marines,49,"Chen, Kuan-Yu",P,7,1.000,2,4,0,0,,23525133
2016,Regular Season,Tokyo Yakult Swallows,13,"Perez, Luis",P,19,0.750,1,2,1,0,,23725132
2016,Regular Season,Tokyo Yakult Swallows,8,"Takeuchi, Shinichi",1B,20,0.984,57,4,1,5,,31035112
2016,Regular Season,Tokyo Yakult Swallows,8,"Takeuchi, Shinichi",OF,5,1.000,1,0,0,0,,31035112
2016,Climax Series - Final Stage,Hokkaido Nippon-Ham Fighters,48,"Tanimoto, Keisuke",P,4,0.000,0,0,0,0,,31035118
2016,Japan Series,Hokkaido Nippon-Ham Fighters,48,"Tanimoto, Keisuke",P,4,0.000,0,0,0,0,,31035118
2016,Regular Season,Hokkaido Nippon-Ham Fighters,48,"Tanimoto, Keisuke",P,58,0.923,5,7,1,0,,31035118
2016,Regular Season,Yomiuri Giants,35,"Nishimura, Kentaro",P,27,1.000,0,2,0,0,,31035119
2016,Regular Season,Yomiuri Giants,54,"Takagi, Hayato",P,25,1.000,6,18,0,2,,31035130
2016,Regular Season,Chiba Lotte Marines,58,"Takano, Keisuke",P,14,1.000,1,2,0,0,,31035132
2016,Regular Season,Saitama Seibu Lions,19,"Toyoda, Takuya",P,6,1.000,0,3,0,0,,31035139
2016,Climax Series - Final Stage,Hiroshima Toyo Carp,27,"Aizawa, Tsubasa",C,1,1.000,1,0,0,0,0,31135114
2016,Japan Series,Hiroshima Toyo Carp,27,"Aizawa, Tsubasa",C,1,1.000,2,2,0,0,0,31135114
2016,Regular Season,Hiroshima Toyo Carp,27,"Aizawa, Tsubasa",C,80,0.998,402,27,1,7,3,31135114
2016,Regular Season,Chunichi Dragons,69,"Akasaka, Kazuyuki",1B,1,1.000,2,0,0,1,,31135116
2016,Regular Season,Chunichi Dragons,69,"Akasaka, Kazuyuki",OF,2,1.000,2,0,0,0,,31135116
2016,Regular Season,Hokkaido Nippon-Ham Fighters,26,"Asama, Daiki",OF,48,1.000,53,4,0,2,,31135130
2016,Regular Season,Saitama Seibu Lions,55,"Akiyama, Shogo",OF,143,1.000,301,10,0,2,,31135133
2016,Regular Season,Orix Buffaloes,3,"Adachi, Ryoichi",SS,117,0.976,178,347,13,63,,31135135
2016,Regular Season,Fukuoka Softbank Hawks,18,"Matsuzaka, Daisuke",P,1,0.000,0,0,0,0,,31233888
2016,Regular Season,Tokyo Yakult Swallows,33,"Hatakeyama, Kazuhiro",1B,45,0.998,373,33,1,22,,31235113
2016,Regular Season,Hiroshima Toyo Carp,34,"Nakata, Ren",P,8,1.000,0,1,0,0,,31235118
2016,Climax Series - Final Stage,Hiroshima Toyo Carp,21,"Nakazaki, Shota",P,2,0.000,0,0,0,0,,31235133
2016,Japan Series,Hiroshima Toyo Carp,21,"Nakazaki, Shota",P,3,1.000,0,1,0,0,,31235133
2016,Regular Season,Hiroshima Toyo Carp,21,"Nakazaki, Shota",P,61,0.917,4,7,1,0,,31235133
2016,Regular Season,Chiba Lotte Marines,69,"Hijii, Ryuzo",OF,3,1.000,4,0,0,0,,31235139
2016,Regular Season,Hanshin Tigers,49,"Imanari, Ryota",1B,11,1.000,23,2,0,3,,31335112
2016,Regular Season,Hanshin Tigers,49,"Imanari, Ryota",2B,1,1.000,1,2,0,1,,31335112
2016,Regular Season,Hanshin Tigers,49,"Imanari, Ryota",3B,52,0.983,16,41,1,2,,31335112
2016,Regular Season,Hanshin Tigers,49,"Imanari, Ryota",C,1,1.000,1,0,0,0,0,31335112
2016,Regular Season,Hanshin Tigers,49,"Imanari, Ryota",OF,1,0.000,0,0,0,0,,31335112
2016,Climax Series - Final Stage,Fukuoka Softbank Hawks,17,"Iwasaki, Sho",P,3,0.000,0,0,0,0,,31335116
2016,Climax Series - First Stage,Fukuoka Softbank Hawks,17,"Iwasaki, Sho",P,1,0.000,0,0,0,0,,31335116
2016,Regular Season,Fukuoka Softbank Hawks,17,"Iwasaki, Sho",P,35,1.000,6,10,0,2,,31335116
2016,Regular Season,Orix Buffaloes,30,"Iwasaki, Kyohei",2B,2,0.833,1,4,1,0,,31335118
2016,Regular Season,Orix Buffaloes,30,"Iwasaki, Kyohei",3B,3,1.000,0,2,0,0,,31335118
2016,Climax Series - Final Stage,Fukuoka Softbank Hawks,2,"Imamiya, Kenta",SS,5,1.000,4,10,0,2,,31335131
2016,Climax Series - First Stage,Fukuoka Softbank Hawks,2,"Imamiya, Kenta",SS,2,1.000,1,9,0,1,,31335131
2016,Regular Season,Fukuoka Softbank Hawks,2,"Imamiya, Kenta",SS,136,0.982,216,368,11,61,,31335131
2016,Climax Series - Final Stage,Hokkaido Nippon-Ham Fighters,29,"Iguchi, Kazutomo",P,1,0.000,0,0,0,0,,31335132
2016,Japan Series,Hokkaido Nippon-Ham Fighters,29,"Iguchi, Kazutomo",P,2,0.000,0,0,0,0,,31335132
2016,Regular Season,Hokkaido Nippon-Ham Fighters,29,"Iguchi, Kazutomo",P,37,1.000,0,3,0,0,,31335132
2016,Regular Season,Yomiuri Giants,60,"Inui, Masahiro",P,2,0.000,0,0,0,0,,31335133
2016,Regular Season,Yomiuri Giants,45,"Imamura, Nobutaka",P,16,1.000,6,9,0,0,,31335135
2016,Regular Season,Hiroshima Toyo Carp,0,"Uemoto, Takashi",3B,6,0.667,0,2,1,0,,31335137
2016,Regular Season,Hanshin Tigers,67,"Iwazaki, Suguru",P,16,1.000,3,14,0,2,,31335139
2016,Regular Season,Yomiuri Giants,0,"Fujimura, Daisuke",2B,1,1.000,1,1,0,0,,31435116
2016,Regular Season,Yomiuri Giants,0,"Fujimura, Daisuke",3B,1,0.000,0,0,1,0,,31435116
2016,Regular Season,Hanshin Tigers,7,"Nishioka, Tsuyoshi",2B,48,0.971,100,102,6,12,,31435117
2016,Regular Season,Hanshin Tigers,7,"Nishioka, Tsuyoshi",OF,3,1.000,1,0,0,0,,31435117
2016,Regular Season,Chunichi Dragons,31,"Nomoto, Kei",1B,1,1.000,3,0,0,1,,31435118
2016,Regular Season,Tokyo Yakult Swallows,57,"Matsui, Jun",1B,1,1.000,2,0,0,0,,31435131
2016,Regular Season,Tokyo Yakult Swallows,57,"Matsui, Jun",OF,1,1.000,2,0,0,0,,31435131
2016,Climax Series - Final Stage,Hiroshima Toyo Carp,11,"Fukui, Yuya",P,1,0.000,0,0,0,0,,31435133
2016,Regular Season,Hiroshima Toyo Carp,11,"Fukui, Yuya",P,13,0.952,5,15,1,0,,31435133
2016,Regular Season,Tohoku Rakuten Golden Eagles,90,"Miyagawa, Sho",P,9,1.000,0,1,0,0,,31435137
2016,Climax Series - Final Stage,Yokohama DeNA Baystars,35,"Mikami, Tomoya",P,3,1.000,1,0,0,0,,31435139
2016,Climax Series - First Stage,Yokohama DeNA Baystars,35,"Mikami, Tomoya",P,3,0.000,0,0,0,0,,31435139
2016,Regular Season,Yokohama DeNA Baystars,35,"Mikami, Tomoya",P,59,1.000,3,5,0,0,,31435139
2016,Regular Season,Tohoku Rakuten Golden Eagles,68,"Kawamoto, Ryohei",C,7,1.000,36,5,0,0,0,31535110
2016,Regular Season,Saitama Seibu Lions,5,"Onizaki, Yuji",1B,9,0.962,22,3,1,1,,31535116
2016,Regular Season,Saitama Seibu Lions,5,"Onizaki, Yuji",2B,2,1.000,1,1,0,1,,31535116
2016,Regular Season,Saitama Seibu Lions,5,"Onizaki, Yuji",3B,10,0.828,6,18,5,3,,31535116
2016,Regular Season,Saitama Seibu Lions,5,"Onizaki, Yuji",SS,60,0.972,61,146,6,33,,31535116
2016,Regular Season,Yokohama DeNA Baystars,56,"Osada, Shuichiro",P,6,0.000,0,0,0,0,,31535117
2016,Climax Series - Final Stage,Fukuoka Softbank Hawks,23,"Kidokoro, Ryuma",OF,1,0.000,0,0,0,0,,31535119
2016,Regular Season,Fukuoka Softbank Hawks,23,"Kidokoro, Ryuma",OF,71,1.000,60,4,0,3,,31535119
2016,Regular Season,Orix Buffaloes,50,"Oda, Yuya",OF,65,1.000,40,1,0,0,,31535130
2016,Regular Season,Saitama Seibu Lions,30,"Okamoto, Yosuke",P,4,1.000,0,3,0,0,,31535131
2016,Regular Season,Tohoku Rakuten Golden Eagles,21,"Kamata, Yoshinao",P,20,0.964,4,23,1,0,,31535135
2016,Regular Season,Saitama Seibu Lions,37,"Okada, Masatoshi",C,45,0.994,139,21,1,2,1,31535139
2016,Climax Series - First Stage,Chiba Lotte Marines,16,"Wakui, Hideaki",P,1,1.000,1,1,0,0,,31635110
2016,Regular Season,Chiba Lotte Marines,16,"Wakui, Hideaki",P,26,0.981,9,44,1,3,,31635110
2016,Regular Season,Chunichi Dragons,55,"Fukuda, Nobumasa",1B,33,1.000,158,13,0,13,,31635114
2016,Regular Season,Chunichi Dragons,55,"Fukuda, Nobumasa",3B,37,0.971,15,51,2,3,,31635114
2016,Regular Season,Chunichi Dragons,55,"Fukuda, Nobumasa",OF,27,1.000,42,2,0,0,,31635114
2016,Regular Season,Chunichi Dragons,29,"Yamai, Daisuke",P,33,1.000,2,12,0,2,,31635115
2016,Regular Season,Yokohama DeNA Baystars,28,"Fukuchi, Motoharu",P,6,1.000,0,2,0,0,,31635130
2016,Regular Season,Tokyo Yakult Swallows,16,"Hara, Juri",P,13,1.000,8,20,0,1,,31635132
2016,Regular Season,Tokyo Yakult Swallows,68,"Yamanaka, Hirofumi",P,22,1.000,13,24,0,3,,31635137
2016,Regular Season,Hanshin Tigers,24,"Yokota, Shintaro",OF,32,1.000,46,1,0,0,,31635139
2016,Regular Season,Tokyo Yakult Swallows,5,"Kawabata, Shingo",1B,3,1.000,16,2,0,1,,31735112
2016,Regular Season,Tokyo Yakult Swallows,5,"Kawabata, Shingo",3B,101,0.979,81,152,5,14,,31735112
2016,Regular Season,Tohoku Rakuten Golden Eagles,26,"Kaneto, Norihito",P,54,1.000,2,13,0,1,,31735114
2016,Regular Season,Chunichi Dragons,35,"Kinoshita, Takuya",C,9,1.000,39,4,0,1,0,31735132
2016,Regular Season,Tokyo Yakult Swallows,64,"Kiya, Ryohei",P,1,1.000,0,1,0,0,,31735135
2016,Regular Season,Saitama Seibu Lions,63,"Sato, Isamu",P,7,1.000,0,5,0,1,,31735137
2016,Regular Season,Fukuoka Softbank Hawks,54,"Yanase, Akihiro",P,2,0.000,0,0,0,0,,31835112
2016,Regular Season,Saitama Seibu Lions,45,"Honda, Keisuke",P,2,0.000,0,0,0,0,,31835132
2016,Climax Series - Final Stage,Fukuoka Softbank Hawks,9,"Yanagita, Yuki",OF,5,1.000,9,0,0,0,,31835133
2016,Climax Series - First Stage,Fukuoka Softbank Hawks,9,"Yanagita, Yuki",OF,2,1.000,4,0,0,0,,31835133
2016,Regular Season,Fukuoka Softbank Hawks,9,"Yanagita, Yuki",OF,120,0.984,247,6,4,0,,31835133
2016,Regular Season,Tohoku Rakuten Golden Eagles,34,"Muto, Yoshitaka",P,2,1.000,1,0,0,0,,31835135
2016,Regular Season,Chunichi Dragons,00,"Hernandez, Anderson",2B,41,0.994,78,100,1,21,,31835139
2016,Regular Season,Chunichi Dragons,00,"Hernandez, Anderson",3B,21,1.000,11,26,0,1,,31835139
2016,Regular Season,Chunichi Dragons,00,"Hernandez, Anderson",SS,4,1.000,2,8,0,0,,31835139
2016,Regular Season,Orix Buffaloes,28,"Komatsu, Satoshi",P,4,1.000,0,2,0,0,,31935114
2016,Regular Season,Yomiuri Giants,21,"Sakurai, Toshiki",P,1,0.000,0,0,0,0,,31935132
2016,Regular Season,Yokohama DeNA Baystars,12,"Kobayashi, Hiroshi",P,1,0.000,0,0,0,0,,31935133
2016,Regular Season,Saitama Seibu Lions,43,"Takahashi, Tomomi",P,7,1.000,0,2,0,0,,31935137
2016,Climax Series - First Stage,Yokohama DeNA Baystars,63,"Sekine, Taiki",OF,2,1.000,1,0,0,0,,31935139
2016,Regular Season,Yokohama DeNA Baystars,63,"Sekine, Taiki",OF,59,1.000,58,0,0,0,,31935139
2016,Regular Season,Yomiuri Giants,79,"Adolis Garcia, Jose",OF,1,1.000,1,0,0,0,,33035132
2016,Regular Season,Tokyo Yakult Swallows,31,"Yamasaki, Kotaro",OF,6,1.000,7,0,0,0,,33135132
2016,Climax Series - Final Stage,Fukuoka Softbank Hawks,58,"Sarfate, Dennis",P,2,0.000,0,0,0,0,,33135133
2016,Climax Series - First Stage,Fukuoka Softbank Hawks,58,"Sarfate, Dennis",P,2,0.000,0,0,0,0,,33135133
2016,Regular Season,Fukuoka Softbank Hawks,58,"Sarfate, Dennis",P,64,0.750,1,5,2,0,,33135133
2016,Regular Season,Tohoku Rakuten Golden Eagles,2,"Yoshimochi, Ryota",2B,9,1.000,10,22,0,5,,33335132
2016,Regular Season,Tohoku Rakuten Golden Eagles,2,"Yoshimochi, Ryota",3B,3,0.000,0,0,0,0,,33335132
2016,Regular Season,Tohoku Rakuten Golden Eagles,2,"Yoshimochi, Ryota",SS,7,0.923,4,8,1,1,,33335132
2016,Regular Season,Yomiuri Giants,49,"Poreda, Aaron",P,5,1.000,1,3,0,0,,33535130
2016,Regular Season,Chunichi Dragons,99,"Norberto, Jordan",P,22,1.000,1,16,0,0,,33535132
2016,Regular Season,Tohoku Rakuten Golden Eagles,49,"Liz, Radhames",P,5,1.000,0,1,0,0,,33935132
2016,Regular Season,Hanshin Tigers,46,"Tsuru, Naoto",P,2,1.000,0,3,0,0,,41045112
2016,Climax Series - Final Stage,Fukuoka Softbank Hawks,12,"Takaya, Hiroaki",C,5,1.000,11,0,0,0,1,41045114
2016,Climax Series - First Stage,Fukuoka Softbank Hawks,12,"Takaya, Hiroaki",C,1,1.000,8,0,0,0,0,41045114
2016,Regular Season,Fukuoka Softbank Hawks,12,"Takaya, Hiroaki",C,37,0.996,229,23,1,3,1,41045114
2016,Regular Season,Hokkaido Nippon-Ham Fighters,21,"Takeda, Hisashi",P,5,1.000,0,2,0,0,,41045117
2016,Regular Season,Tohoku Rakuten Golden Eagles,56,"Nakagawa, Taishi",1B,15,1.000,107,11,0,10,,41045118
2016,Regular Season,Tohoku Rakuten Golden Eagles,56,"Nakagawa, Taishi",3B,8,1.000,2,9,0,0,,41045118
2016,Regular Season,Tohoku Rakuten Golden Eagles,56,"Nakagawa, Taishi",OF,1,1.000,1,0,0,0,,41045118
2016,Regular Season,Tohoku Rakuten Golden Eagles,55,"Nishida, Tetsuro",2B,1,0.800,1,3,1,0,,41045131
2016,Regular Season,Tohoku Rakuten Golden Eagles,55,"Nishida, Tetsuro",SS,7,1.000,9,17,0,4,,41045131
2016,Regular Season,Hokkaido Nippon-Ham Fighters,64,"Taniguchi, Yuya",OF,64,1.000,101,3,0,2,,41045133
2016,Regular Season,Saitama Seibu Lions,61,"Tashiro, Shotaro",OF,8,1.000,6,1,0,0,,41045135
2016,Regular Season,Hanshin Tigers,19,"Fujinami, Shintaro",P,26,0.930,10,30,3,2,,41045137
2016,Climax Series - Final Stage,Hokkaido Nippon-Ham Fighters,43,"Hakumura, Akihiro",P,1,0.000,0,0,0,0,,41045139
2016,Regular Season,Hokkaido Nippon-Ham Fighters,43,"Hakumura, Akihiro",P,22,0.750,0,3,1,0,,41045139
2016,Regular Season,Chiba Lotte Marines,3,"Omura, Saburo",OF,1,0.000,0,0,0,0,,41143880
2016,Regular Season,Hanshin Tigers,16,"Ando, Yuya",P,50,1.000,2,7,0,0,,41145115
2016,Regular Season,Chunichi Dragons,9,"Ishikawa, Shun",3B,2,1.000,4,2,0,0,,41145130
2016,Regular Season,Tohoku Rakuten Golden Eagles,44,"Adachi, Yuichi",C,72,0.992,434,52,4,4,3,41145132
2016,Regular Season,Hanshin Tigers,92,"Itoh, Kazuo",P,5,0.000,0,0,0,0,,41145135
2016,Climax Series - First Stage,Chiba Lotte Marines,12,"Ishikawa, Ayumu",P,1,0.000,0,0,0,0,,41145139
2016,Regular Season,Chiba Lotte Marines,12,"Ishikawa, Ayumu",P,23,0.952,10,30,2,1,,41145139
2016,Regular Season,Saitama Seibu Lions,44,"Tonosaki, Shuta",2B,2,1.000,6,8,0,2,,41245130
2016,Regular Season,Saitama Seibu Lions,44,"Tonosaki, Shuta",3B,12,0.944,6,11,1,1,,41245130
2016,Regular Season,Saitama Seibu Lions,44,"Tonosaki, Shuta",SS,20,0.920,18,28,4,5,,41245130
2016,Climax Series - Final Stage,Yokohama DeNA Baystars,10,"Tobashira, Yasutaka",C,4,1.000,24,7,0,2,0,41245132
2016,Climax Series - First Stage,Yokohama DeNA Baystars,10,"Tobashira, Yasutaka",C,3,1.000,28,2,0,0,0,41245132
2016,Regular Season,Yokohama DeNA Baystars,10,"Tobashira, Yasutaka",C,124,0.989,826,74,10,6,8,41245132
2016,Regular Season,Tokyo Yakult Swallows,30,"Nishida, Akihisa",1B,21,1.000,140,11,0,12,,41245133
2016,Regular Season,Tokyo Yakult Swallows,30,"Nishida, Akihisa",C,56,0.987,269,31,4,4,2,41245133
2016,Climax Series - Final Stage,Yokohama DeNA Baystars,17,"Mishima, Kazuki",P,1,1.000,1,3,0,0,,41245137
2016,Regular Season,Yokohama DeNA Baystars,17,"Mishima, Kazuki",P,4,0.667,1,1,1,0,,41245137
2016,Regular Season,Tohoku Rakuten Golden Eagles,60,"Furukawa, Yuri",P,6,1.000,0,2,0,0,,41245139
2016,Regular Season,Orix Buffaloes,19,"Kaneko, Chihiro",P,24,1.000,9,27,0,0,,41345110
2016,Regular Season,Yomiuri Giants,44,"Ohta, Taishi",OF,43,0.980,49,0,1,0,,41345118
2016,Regular Season,Chiba Lotte Marines,67,"Kanamori, Takayuki",P,1,0.000,0,0,0,0,,41345119
2016,Regular Season,Chunichi Dragons,23,"Endoh, Issei",2B,8,1.000,16,13,0,1,,41345130
2016,Regular Season,Chunichi Dragons,23,"Endoh, Issei",SS,8,0.938,12,18,2,1,,41345130
2016,Climax Series - First Stage,Chiba Lotte Marines,14,"Ohtani, Tomohisa",P,1,1.000,0,1,0,1,,41345131
2016,Regular Season,Chiba Lotte Marines,14,"Ohtani, Tomohisa",P,32,0.900,3,6,1,0,,41345131
2016,Regular Season,Hokkaido Nippon-Ham Fighters,20,"Uehara, Kenta",P,1,0.000,0,0,0,0,,41345132
2016,Regular Season,Yokohama DeNA Baystars,33,"Otosaka, Tomo",OF,34,0.982,53,2,1,1,,41345135
2016,Regular Season,Yomiuri Giants,23,"Aikawa, Ryoji",C,15,1.000,49,3,0,0,1,41443880
2016,Regular Season,Yokohama DeNA Baystars,18,"Miura, Daisuke",P,3,1.000,0,1,0,1,,41443885
2016,Climax Series - Final Stage,Fukuoka Softbank Hawks,46,"Honda, Yuichi",2B,5,0.963,15,11,1,3,,41445112
2016,Climax Series - First Stage,Fukuoka Softbank Hawks,46,"Honda, Yuichi",2B,2,1.000,3,2,0,1,,41445112
2016,Regular Season,Fukuoka Softbank Hawks,46,"Honda, Yuichi",2B,108,0.990,217,259,5,53,,41445112
2016,Regular Season,Orix Buffaloes,2,"Hara, Takuya",1B,1,1.000,2,0,0,0,,41445114
2016,Regular Season,Orix Buffaloes,2,"Hara, Takuya",2B,1,0.000,0,0,0,0,,41445114
2016,Regular Season,Orix Buffaloes,2,"Hara, Takuya",3B,24,1.000,3,11,0,0,,41445114
2016,Regular Season,Orix Buffaloes,2,"Hara, Takuya",SS,8,1.000,7,10,0,2,,41445114
2016,Climax Series - Final Stage,Hokkaido Nippon-Ham Fighters,25,"Miyanishi, Naoki",P,2,1.000,0,1,0,1,,41445116
2016,Japan Series,Hokkaido Nippon-Ham Fighters,25,"Miyanishi, Naoki",P,2,0.000,0,0,0,0,,41445116
2016,Regular Season,Hokkaido Nippon-Ham Fighters,25,"Miyanishi, Naoki",P,58,1.000,3,6,0,0,,41445116
2016,Regular Season,Saitama Seibu Lions,23,"Noda, Shogo",P,22,1.000,0,2,0,1,,41445132
2016,Regular Season,Saitama Seibu Lions,35,"Makita, Kazuhisa",P,50,1.000,0,16,0,0,,41445133
2016,Regular Season,Hiroshima Toyo Carp,43,"Habu, Shohei",OF,2,1.000,7,0,0,0,,41445135
2016,Regular Season,Chunichi Dragons,62,"Kudo, Takahito",OF,62,1.000,33,0,0,0,,41545110
2016,Climax Series - First Stage,Chiba Lotte Marines,61,"Kakunaka, Katsuya",OF,2,0.800,4,0,1,0,,41545114
2016,Regular Season,Chiba Lotte Marines,61,"Kakunaka, Katsuya",OF,140,0.993,268,4,2,1,,41545114
2016,Regular Season,Tohoku Rakuten Golden Eagles,59,"Kikuchi, Yasunori",P,7,0.750,2,1,1,0,,41545116
2016,Regular Season,Chiba Lotte Marines,34,"Kimura, Yuta",P,6,1.000,0,1,0,0,,41545118
2016,Regular Season,Hanshin Tigers,39,"Komiyama, Shinji",C,1,1.000,1,0,0,0,0,41545119
2016,Climax Series - Final Stage,Hokkaido Nippon-Ham Fighters,14,"Katoh, Takayuki",P,1,0.000,0,0,1,0,,41545132
2016,Japan Series,Hokkaido Nippon-Ham Fighters,14,"Katoh, Takayuki",P,1,1.000,0,1,0,0,,41545132
2016,Regular Season,Hokkaido Nippon-Ham Fighters,14,"Katoh, Takayuki",P,30,0.952,2,18,1,1,,41545132
2016,Regular Season,Orix Buffaloes,46,"Kawabata, Takayoshi",OF,22,1.000,22,0,0,0,,41545135
2016,Regular Season,Chunichi Dragons,40,"Katsura, Iori",C,59,0.995,346,36,2,7,1,41545139
2016,Regular Season,Chunichi Dragons,34,"Fuku, Hiroto",P,27,1.000,0,7,0,0,,41645132
2016,Regular Season,Orix Buffaloes,24,"Miyazaki, Yuki",OF,15,0.895,16,1,2,0,,41645133
2016,Regular Season,Orix Buffaloes,37,"Wakatsuki, Kenya",C,84,0.995,503,56,3,4,0,41645139
2016,Regular Season,Saitama Seibu Lions,51,"Kimura, Fumikazu",1B,1,0.000,0,0,0,0,,41745114
2016,Regular Season,Saitama Seibu Lions,51,"Kimura, Fumikazu",OF,19,0.909,9,1,1,0,,41745114
2016,Regular Season,Hiroshima Toyo Carp,32,"Shirahama, Yuta",C,1,0.000,0,0,0,0,0,41745119
2016,Regular Season,Chiba Lotte Marines,43,"Kurosawa, Shota",P,4,1.000,0,1,0,0,,41745133
2016,Climax Series - Final Stage,Hokkaido Nippon-Ham Fighters,8,"Kondoh, Kensuke",OF,5,1.000,6,0,0,0,,41745135
2016,Japan Series,Hokkaido Nippon-Ham Fighters,8,"Kondoh, Kensuke",OF,5,0.923,11,1,1,1,,41745135
2016,Regular Season,Hokkaido Nippon-Ham Fighters,8,"Kondoh, Kensuke",3B,1,0.000,0,0,1,0,,41745135
2016,Regular Season,Hokkaido Nippon-Ham Fighters,8,"Kondoh, Kensuke",C,1,1.000,2,0,0,0,0,41745135
2016,Regular Season,Hokkaido Nippon-Ham Fighters,8,"Kondoh, Kensuke",OF,54,0.986,66,2,1,0,,41745135
2016,Regular Season,Yomiuri Giants,19,"Sugano, Tomoyuki",P,26,1.000,11,37,0,3,,41745137
2016,Regular Season,Chunichi Dragons,19,"Yoshimi, Kazuki",P,21,1.000,5,27,0,1,,41845112
2016,Regular Season,Hokkaido Nippon-Ham Fighters,34,"Yoshikawa, Mitsuo",P,27,1.000,3,16,0,0,,41845114
2016,Climax Series - Final Stage,Yokohama DeNA Baystars,19,"Yamasaki, Yasuaki",P,2,1.000,0,1,0,0,,41845130
2016,Climax Series - First Stage,Yokohama DeNA Baystars,19,"Yamasaki, Yasuaki",P,2,0.000,0,0,0,0,,41845130
2016,Regular Season,Yokohama DeNA Baystars,19,"Yamasaki, Yasuaki",P,59,1.000,1,15,0,0,,41845130
2016,Regular Season,Hanshin Tigers,5,"Gomez, Mauro",1B,131,0.993,1026,64,8,69,,41845139
2016,Regular Season,Hanshin Tigers,45,"Shimizu, Takashi",C,2,1.000,11,0,0,0,0,41945114
2016,Regular Season,Saitama Seibu Lions,48,"Takekuma, Shota",P,64,1.000,2,11,0,0,,41945116
2016,Climax Series - Final Stage,Yokohama DeNA Baystars,25,"Tsutsugo, Yoshitomo",OF,4,1.000,1,0,0,0,,41945131
2016,Climax Series - First Stage,Yokohama DeNA Baystars,25,"Tsutsugo, Yoshitomo",OF,3,1.000,8,0,0,0,,41945131
2016,Regular Season,Yokohama DeNA Baystars,25,"Tsutsugo, Yoshitomo",OF,128,0.990,198,3,2,0,,41945131
2016,Regular Season,Yokohama DeNA Baystars,31,"Shibata, Tatsuhiro",2B,9,0.933,8,20,2,2,,41945132
2016,Regular Season,Yokohama DeNA Baystars,31,"Shibata, Tatsuhiro",SS,12,0.931,7,20,2,4,,41945132
2016,Regular Season,Yokohama DeNA Baystars,60,"Shirane, Naoki",1B,1,1.000,9,0,0,0,,41945135
2016,Climax Series - First Stage,Chiba Lotte Marines,45,"Tamura, Tatsuhiro",C,2,1.000,13,3,0,1,0,41945137
2016,Regular Season,Chiba Lotte Marines,45,"Tamura, Tatsuhiro",C,129,0.996,708,104,3,9,5,41945137
2016,Climax Series - First Stage,Yomiuri Giants,90,"Taguchi, Kazuto",P,1,1.000,0,2,0,0,,41945139
2016,Regular Season,Yomiuri Giants,90,"Taguchi, Kazuto",P,26,0.974,6,31,1,2,,41945139
2016,Regular Season,Hiroshima Toyo Carp,70,"Delabar, Steve",P,2,0.000,0,0,0,0,,43045132
2016,Regular Season,Saitama Seibu Lions,41,"Aiuchi, Makoto",P,2,1.000,0,2,0,0,,43145137
2016,Japan Series,Hokkaido Nippon-Ham Fighters,15,"Mendoza, Luis",P,2,1.000,0,1,0,0,,43145139
2016,Regular Season,Hokkaido Nippon-Ham Fighters,15,"Mendoza, Luis",P,23,0.950,13,25,2,1,,43145139
2016,Climax Series - First Stage,Yomiuri Giants,5,"Jones, Garrett",OF,3,1.000,3,0,0,0,,43345132
2016,Regular Season,Yomiuri Giants,5,"Jones, Garrett",1B,43,0.984,350,22,6,32,,43345132
2016,Regular Season,Yomiuri Giants,5,"Jones, Garrett",OF,78,0.987,73,2,1,0,,43345132
2016,Climax Series - Final Stage,Hokkaido Nippon-Ham Fighters,52,"Bass, Anthony",P,2,1.000,0,2,0,0,,43545132
2016,Japan Series,Hokkaido Nippon-Ham Fighters,52,"Bass, Anthony",P,5,1.000,0,1,0,0,,43545132
2016,Regular Season,Hokkaido Nippon-Ham Fighters,52,"Bass, Anthony",P,37,0.969,10,21,1,1,,43545132
2016,Regular Season,Orix Buffaloes,29,"Bogusevic, Brian",OF,44,1.000,80,0,0,0,,43745132
2016,Climax Series - Final Stage,Fukuoka Softbank Hawks,11,"Nakata, Kenichi",P,1,1.000,0,1,0,0,,51055110
2016,Regular Season,Fukuoka Softbank Hawks,11,"Nakata, Kenichi",P,17,0.900,5,13,2,0,,51055110
2016,Regular Season,Chunichi Dragons,70,"Tani, Tetsuya",1B,2,1.000,4,3,0,1,,51055116
2016,Regular Season,Chunichi Dragons,70,"Tani, Tetsuya",2B,14,0.979,20,27,1,7,,51055116
2016,Regular Season,Chunichi Dragons,70,"Tani, Tetsuya",3B,14,1.000,7,20,0,0,,51055116
2016,Regular Season,Orix Buffaloes,36,"Takagi, Ban",P,4,1.000,0,1,0,0,,51055130
2016,Regular Season,Tokyo Yakult Swallows,54,"Nakazawa, Masato",P,19,1.000,1,3,0,1,,51055131
2016,Regular Season,Hanshin Tigers,69,"Shimamoto, Hiroya",P,23,1.000,3,2,0,0,,51055133
2016,Regular Season,Yokohama DeNA Baystars,32,"Takajoh, Shuto",C,45,0.984,227,13,4,2,1,51055135
2016,Regular Season,Tohoku Rakuten Golden Eagles,14,"Norimoto, Takahiro",P,28,0.956,13,30,2,2,,51055137
2016,Regular Season,Chiba Lotte Marines,6,"Iguchi, Tadahito",1B,43,0.990,266,17,3,15,,51153884
2016,Climax Series - Final Stage,Hiroshima Toyo Carp,38,"Akamatsu, Masato",OF,2,0.000,0,0,0,0,,51155110
2016,Japan Series,Hiroshima Toyo Carp,38,"Akamatsu, Masato",OF,3,0.000,0,0,0,0,,51155110
2016,Regular Season,Hiroshima Toyo Carp,38,"Akamatsu, Masato",OF,78,1.000,24,0,0,0,,51155110
2016,Regular Season,Saitama Seibu Lions,32,"Asamura, Hideto",1B,1,1.000,3,0,0,1,,51155118
2016,Regular Season,Saitama Seibu Lions,32,"Asamura, Hideto",2B,142,0.988,347,450,10,110,,51155118
2016,Climax Series - Final Stage,Fukuoka Softbank Hawks,36,"Akashi, Kenji",1B,2,1.000,10,0,0,1,,51155119
2016,Climax Series - Final Stage,Fukuoka Softbank Hawks,36,"Akashi, Kenji",OF,3,1.000,4,0,0,0,,51155119
2016,Climax Series - First Stage,Fukuoka Softbank Hawks,36,"Akashi, Kenji",1B,1,1.000,6,1,0,1,,51155119
2016,Regular Season,Fukuoka Softbank Hawks,36,"Akashi, Kenji",1B,32,0.994,153,16,1,14,,51155119
2016,Regular Season,Fukuoka Softbank Hawks,36,"Akashi, Kenji",2B,14,1.000,26,37,0,8,,51155119
2016,Regular Season,Fukuoka Softbank Hawks,36,"Akashi, Kenji",OF,3,1.000,8,0,0,0,,51155119
2016,Climax Series - Final Stage,Hokkaido Nippon-Ham Fighters,16,"Arihara, Kohei",P,1,1.000,1,1,0,0,,51155130
2016,Japan Series,Hokkaido Nippon-Ham Fighters,16,"Arihara, Kohei",P,1,1.000,0,1,0,0,,51155130
2016,Regular Season,Hokkaido Nippon-Ham Fighters,16,"Arihara, Kohei",P,22,1.000,10,27,0,1,,51155130
2016,Regular Season,Hanshin Tigers,27,"Akiyama, Takumi",P,8,1.000,3,3,0,0,,51155131
2016,Regular Season,Tohoku Rakuten Golden Eagles,53,"Aihara, Kazutomo",P,2,0.000,0,0,0,0,,51155139
2016,Climax Series - First Stage,Yomiuri Giants,00,"Terauchi, Takayuki",2B,3,1.000,1,5,0,0,,51255114
2016,Regular Season,Yomiuri Giants,00,"Terauchi, Takayuki",2B,33,1.000,20,32,0,7,,51255114
2016,Regular Season,Yomiuri Giants,00,"Terauchi, Takayuki",3B,8,1.000,3,2,0,1,,51255114
2016,Regular Season,Yomiuri Giants,00,"Terauchi, Takayuki",SS,10,0.938,4,11,1,2,,51255114
2016,Regular Season,Tokyo Yakult Swallows,52,"Nakamura, Yuhei",C,106,0.996,640,59,3,8,6,51255118
2016,Regular Season,Hanshin Tigers,68,"Fujikawa, Shunsuke",OF,29,1.000,27,0,0,0,,51255131
2016,Regular Season,Saitama Seibu Lions,18,"Tawata, Shinsaburo",P,18,1.000,5,21,0,2,,51255132
2016,Regular Season,Hanshin Tigers,60,"Nakatani, Masahiro",1B,5,1.000,18,0,0,1,,51255133
2016,Regular Season,Hanshin Tigers,60,"Nakatani, Masahiro",OF,52,0.955,64,0,3,0,,51255133
2016,Regular Season,Yomiuri Giants,67,"Tsuchida, Mizuki",P,7,0.000,0,0,0,0,,51255135
2016,Regular Season,Yokohama DeNA Baystars,34,"Hirata, Shingo",P,4,1.000,0,1,0,0,,51255139
2016,Regular Season,Hanshin Tigers,21,"Iwata, Minoru",P,6,1.000,2,1,0,0,,51355112
2016,Climax Series - Final Stage,Hiroshima Toyo Carp,31,"Ishihara, Yoshiyuki",C,4,1.000,23,2,0,0,0,51355115
2016,Japan Series,Hiroshima Toyo Carp,31,"Ishihara, Yoshiyuki",C,6,1.000,48,0,0,0,0,51355115
2016,Regular Season,Hiroshima Toyo Carp,31,"Ishihara, Yoshiyuki",C,106,0.998,549,31,1,4,3,51355115
2016,Regular Season,Chunichi Dragons,28,"Iwata, Shinji",P,1,0.000,0,0,0,0,,51355118
2016,Regular Season,Saitama Seibu Lions,22,"Okamoto, Atsushi",P,4,1.000,0,1,0,0,,51355119
2016,Regular Season,Tohoku Rakuten Golden Eagles,50,"Irino, Takahiro",P,4,1.000,0,1,0,0,,51355130
2016,Climax Series - Final Stage,Hiroshima Toyo Carp,16,"Imamura, Takeru",P,2,0.000,0,0,0,0,,51355131
2016,Japan Series,Hiroshima Toyo Carp,16,"Imamura, Takeru",P,6,0.833,0,5,1,0,,51355131
2016,Regular Season,Hiroshima Toyo Carp,16,"Imamura, Takeru",P,67,1.000,3,11,0,3,,51355131
2016,Regular Season,Hanshin Tigers,17,"Iwasada, Yuta",P,25,0.971,7,27,1,2,,51355139
2016,Regular Season,Tokyo Yakult Swallows,21,"Matsuoka, Kenichi",P,53,1.000,1,11,0,0,,51455110
2016,Regular Season,Chunichi Dragons,4,"Fujii, Atsushi",OF,56,1.000,61,2,0,1,,51455112
2016,Regular Season,Saitama Seibu Lions,28,"Fujiwara, Ryohei",P,10,0.000,0,0,0,0,,51455116
2016,Climax Series - First Stage,Yomiuri Giants,32,"Hashimoto, Itaru",OF,2,1.000,1,0,0,0,,51455118
2016,Regular Season,Yomiuri Giants,32,"Hashimoto, Itaru",OF,70,0.993,138,3,1,0,,51455118
2016,Climax Series - First Stage,Chiba Lotte Marines,23,"Nakamura, Shogo",3B,2,1.000,0,3,0,0,,51455130
2016,Regular Season,Chiba Lotte Marines,23,"Nakamura, Shogo",2B,37,0.984,77,105,3,24,,51455130
2016,Regular Season,Chiba Lotte Marines,23,"Nakamura, Shogo",3B,72,0.951,41,115,8,14,,51455130
2016,Regular Season,Chunichi Dragons,38,"Matsui, Masato",C,4,1.000,10,2,0,0,1,51455131
2016,Climax Series - Final Stage,Yokohama DeNA Baystars,51,"Miyazaki, Toshiro",2B,1,1.000,2,3,0,1,,51455137
2016,Climax Series - Final Stage,Yokohama DeNA Baystars,51,"Miyazaki, Toshiro",3B,2,1.000,0,5,0,0,,51455137
2016,Climax Series - First Stage,Yokohama DeNA Baystars,51,"Miyazaki, Toshiro",2B,1,1.000,2,2,0,0,,51455137
2016,Climax Series - First Stage,Yokohama DeNA Baystars,51,"Miyazaki, Toshiro",3B,2,1.000,1,2,0,0,,51455137
2016,Regular Season,Yokohama DeNA Baystars,51,"Miyazaki, Toshiro",1B,21,0.994,165,10,1,5,,51455137
2016,Regular Season,Yokohama DeNA Baystars,51,"Miyazaki, Toshiro",2B,42,0.993,59,84,1,15,,51455137
2016,Regular Season,Yokohama DeNA Baystars,51,"Miyazaki, Toshiro",3B,29,0.967,16,42,2,3,,51455137
2016,Regular Season,Chiba Lotte Marines,37,"Miki, Ryo",1B,1,1.000,3,1,0,0,,51455139
2016,Regular Season,Chiba Lotte Marines,37,"Miki, Ryo",2B,37,0.987,37,39,1,8,,51455139
2016,Regular Season,Chiba Lotte Marines,37,"Miki, Ryo",3B,28,0.920,9,14,2,1,,51455139
2016,Regular Season,Chiba Lotte Marines,37,"Miki, Ryo",SS,7,1.000,3,7,0,2,,51455139
2016,Regular Season,Fukuoka Softbank Hawks,28,"Otonari, Kenji",P,1,1.000,0,3,0,1,,51555114
2016,Regular Season,Tohoku Rakuten Golden Eagles,15,"Ono, Fumiya",P,11,1.000,1,4,0,0,,51555130
2016,Regular Season,Chunichi Dragons,57,"Ogawa, Ryuya",P,44,1.000,1,6,0,1,,51555131
2016,Regular Season,Yokohama DeNA Baystars,41,"Ohara, Shinji",P,16,1.000,1,1,0,0,,51555133
2016,Regular Season,Fukuoka Softbank Hawks,60,"Kamamoto, Go",OF,1,1.000,2,0,0,0,,51555135
2016,Climax Series - Final Stage,Hokkaido Nippon-Ham Fighters,30,"Kagiya, Yohei",P,1,1.000,0,1,0,0,,51555137
2016,Japan Series,Hokkaido Nippon-Ham Fighters,30,"Kagiya, Yohei",P,3,1.000,1,0,0,0,,51555137
2016,Regular Season,Hokkaido Nippon-Ham Fighters,30,"Kagiya, Yohei",P,48,1.000,4,4,0,1,,51555137
2016,Regular Season,Fukuoka Softbank Hawks,48,"Okamoto, Ken",P,13,0.000,0,0,0,0,,51555139
2016,Climax Series - Final Stage,Fukuoka Softbank Hawks,5,"Matsuda, Nobuhiro",3B,5,1.000,3,8,0,0,,51655112
2016,Climax Series - First Stage,Fukuoka Softbank Hawks,5,"Matsuda, Nobuhiro",3B,2,1.000,1,1,0,0,,51655112
2016,Regular Season,Fukuoka Softbank Hawks,5,"Matsuda, Nobuhiro",3B,143,0.967,84,264,12,27,,51655112
2016,Regular Season,Yokohama DeNA Baystars,61,"Matsumoto, Keijiro",OF,5,1.000,4,0,0,0,,51655118
2016,Regular Season,Chunichi Dragons,37,"Mitsumata, Taiki",2B,4,1.000,1,1,0,1,,51655133
2016,Regular Season,Chunichi Dragons,37,"Mitsumata, Taiki",SS,7,0.944,3,14,1,5,,51655133
2016,Regular Season,Tokyo Yakult Swallows,40,"Furuno, Masato",P,6,1.000,2,1,0,0,,51655135
2016,Regular Season,Chunichi Dragons,61,"Wakamatsu, Shunta",P,19,1.000,12,12,0,2,,51655137
2016,Regular Season,Tohoku Rakuten Golden Eagles,54,"Yokoyama, Takaaki",P,19,1.000,1,6,0,1,,51655139
2016,Regular Season,Yomiuri Giants,27,"Sanematsu, Kazunari",C,19,1.000,75,10,0,1,0,51753888
2016,Regular Season,Orix Buffaloes,18,"Kishida, Mamoru",P,16,1.000,3,1,0,0,,51755112
2016,Regular Season,Saitama Seibu Lions,1,"Kuriyama, Takumi",OF,121,1.000,199,2,0,2,,51755115
2016,Climax Series - Final Stage,Hiroshima Toyo Carp,4,"Kokubo, Tetsuya",3B,1,1.000,1,2,0,0,,51755116
2016,Japan Series,Hiroshima Toyo Carp,4,"Kokubo, Tetsuya",3B,3,1.000,1,3,0,0,,51755116
2016,Regular Season,Hiroshima Toyo Carp,4,"Kokubo, Tetsuya",1B,11,1.000,14,1,0,1,,51755116
2016,Regular Season,Hiroshima Toyo Carp,4,"Kokubo, Tetsuya",2B,2,1.000,3,0,0,0,,51755116
2016,Regular Season,Hiroshima Toyo Carp,4,"Kokubo, Tetsuya",3B,18,1.000,9,23,0,3,,51755116
2016,Regular Season,Saitama Seibu Lions,16,"Kikuchi, Yusei",P,22,0.978,11,33,1,3,,51755131
2016,Regular Season,Yokohama DeNA Baystars,1,"Kumabara, Kento",P,18,1.000,1,4,0,1,,51755132
2016,Climax Series - Final Stage,Yokohama DeNA Baystars,37,"Kuwahara, Masayuki",OF,4,1.000,6,0,0,0,,51755135
2016,Climax Series - First Stage,Yokohama DeNA Baystars,37,"Kuwahara, Masayuki",OF,3,1.000,5,0,0,0,,51755135
2016,Regular Season,Yokohama DeNA Baystars,37,"Kuwahara, Masayuki",OF,129,0.983,233,3,4,1,,51755135
2016,Regular Season,Orix Buffaloes,13,"Sato, Shunichi",P,5,0.000,0,0,0,0,,51755137
2016,Regular Season,Yokohama DeNA Baystars,11,"Yamaguchi, Shun",P,19,0.857,6,18,4,0,,51855112
2016,Regular Season,Hanshin Tigers,43,"Moriya, Kouki",P,4,1.000,1,2,0,1,,51855130
2016,Regular Season,Orix Buffaloes,32,"Dickson, Brandon",P,27,0.978,11,33,1,2,,51855137
2016,Climax Series - First Stage,Yomiuri Giants,6,"Sakamoto, Hayato",SS,3,1.000,4,6,0,1,,51955114
2016,Regular Season,Yomiuri Giants,6,"Sakamoto, Hayato",SS,131,0.975,213,405,16,91,,51955114
2016,Regular Season,Yomiuri Giants,59,"Koyama, Yuki",P,9,0.750,1,2,1,0,,51955133
2016,Regular Season,Tokyo Yakult Swallows,00,"Ha, Jae-Hoon",1B,2,1.000,17,1,0,1,,53055132
2016,Regular Season,Tokyo Yakult Swallows,00,"Ha, Jae-Hoon",OF,9,1.000,12,1,0,0,,53055132
2016,Regular Season,Hanshin Tigers,15,"Yokoyama, Yuya",P,3,1.000,2,2,0,0,,53155130
2016,Climax Series - Final Stage,Hiroshima Toyo Carp,5,"Luna, Hector",3B,1,0.000,0,0,0,0,,53155137
2016,Regular Season,Hiroshima Toyo Carp,5,"Luna, Hector",1B,14,0.982,104,8,2,14,,53155137
2016,Regular Season,Hiroshima Toyo Carp,5,"Luna, Hector",3B,53,0.907,26,71,10,5,,53155137
2016,Climax Series - Final Stage,Hiroshima Toyo Carp,42,"Johnson, Kris",P,1,1.000,0,2,0,0,,53355130
2016,Japan Series,Hiroshima Toyo Carp,42,"Johnson, Kris",P,2,1.000,1,5,0,1,,53355130
2016,Regular Season,Hiroshima Toyo Carp,42,"Johnson, Kris",P,26,0.979,12,35,1,2,,53355130
2016,Climax Series - First Stage,Yomiuri Giants,39,"Mikolas, Miles",P,1,1.000,1,1,0,0,,53555130
2016,Regular Season,Yomiuri Giants,39,"Mikolas, Miles",P,14,1.000,2,10,0,0,,53555130
2016,Climax Series - Final Stage,Fukuoka Softbank Hawks,90,"Suarez, Robert",P,3,1.000,0,1,0,0,,53555132
2016,Climax Series - First Stage,Fukuoka Softbank Hawks,90,"Suarez, Robert",P,2,0.000,0,0,0,0,,53555132
2016,Regular Season,Fukuoka Softbank Hawks,90,"Suarez, Robert",P,58,0.857,2,10,2,0,,53555132
2016,Regular Season,Tohoku Rakuten Golden Eagles,17,"Brigham, Jake",P,11,0.867,3,10,2,1,,53755132
2016,Regular Season,Tokyo Yakult Swallows,53,"Lueke, Josh",P,69,1.000,0,10,0,0,,53955132
2016,Regular Season,Hanshin Tigers,14,"Nohmi, Atsushi",P,26,1.000,4,27,0,0,,61065110
2016,Climax Series - Final Stage,Hokkaido Nippon-Ham Fighters,6,"Nakata, Sho",1B,5,1.000,44,3,0,4,,61065116
2016,Japan Series,Hokkaido Nippon-Ham Fighters,6,"Nakata, Sho",1B,6,1.000,41,3,0,3,,61065116
2016,Regular Season,Hokkaido Nippon-Ham Fighters,6,"Nakata, Sho",1B,136,0.994,1214,95,8,115,,61065116
2016,Regular Season,Chunichi Dragons,52,"Takeyama, Shingo",C,15,1.000,21,0,0,0,0,61065117
2016,Regular Season,Saitama Seibu Lions,46,"Nakazaki, Yuta",P,8,1.000,0,1,0,0,,61065118
2016,Regular Season,Hanshin Tigers,94,"Haraguchi, Fumihito",1B,9,0.990,84,11,1,4,,61065131
2016,Regular Season,Hanshin Tigers,94,"Haraguchi, Fumihito",C,87,0.995,568,49,3,5,7,61065131
2016,Regular Season,Orix Buffaloes,59,"Tsukahara, Shohei",P,54,1.000,2,9,0,1,,61065133
2016,Climax Series - First Stage,Yomiuri Giants,37,"Tahara, Seiji",P,1,1.000,0,1,0,0,,61065135
2016,Regular Season,Yomiuri Giants,37,"Tahara, Seiji",P,64,1.000,2,12,0,1,,61065135
2016,Regular Season,Orix Buffaloes,23,"Fushimi, Torai",1B,6,1.000,33,4,0,1,,61065137
2016,Regular Season,Orix Buffaloes,23,"Fushimi, Torai",3B,4,0.833,1,4,1,0,,61065137
2016,Regular Season,Orix Buffaloes,23,"Fushimi, Torai",C,3,1.000,4,0,0,0,0,61065137
2016,Regular Season,Tokyo Yakult Swallows,91,"Ugumori, Atsushi",1B,19,0.979,127,14,3,7,,61165110
2016,Regular Season,Tokyo Yakult Swallows,91,"Ugumori, Atsushi",OF,21,1.000,29,0,0,0,,61165110
2016,Regular Season,Tokyo Yakult Swallows,9,"Iihara, Yasushi",OF,11,1.000,13,0,0,0,,61165112
2016,Regular Season,Tokyo Yakult Swallows,59,"Imanami, Takahiro",1B,47,0.996,241,20,1,17,,61165114
2016,Regular Season,Tokyo Yakult Swallows,59,"Imanami, Takahiro",3B,14,0.920,9,14,2,2,,61165114
2016,Regular Season,Tokyo Yakult Swallows,59,"Imanami, Takahiro",SS,10,0.973,12,24,1,6,,61165114
2016,Regular Season,Tohoku Rakuten Golden Eagles,48,"Ishimine, Tadashi",C,22,1.000,31,1,0,0,1,61165116
2016,Climax Series - First Stage,Chiba Lotte Marines,21,"Uchi, Tatsuya",P,1,0.000,0,0,0,0,,61165119
2016,Regular Season,Chiba Lotte Marines,21,"Uchi, Tatsuya",P,34,1.000,0,4,0,0,,61165119
2016,Regular Season,Hokkaido Nippon-Ham Fighters,51,"Ishikawa, Naoya",P,1,0.000,0,0,0,0,,61165130
2016,Regular Season,Chunichi Dragons,5,"Abe, Toshiki",2B,10,0.966,9,19,1,3,,61165132
2016,Regular Season,Chunichi Dragons,5,"Abe, Toshiki",3B,2,0.909,1,9,1,2,,61165132
2016,Regular Season,Chunichi Dragons,5,"Abe, Toshiki",SS,13,0.952,13,27,2,4,,61165132
2016,Climax Series - Final Stage,Yokohama DeNA Baystars,15,"Inoh, Shoichi",P,1,1.000,1,0,0,0,,61165137
2016,Climax Series - First Stage,Yokohama DeNA Baystars,15,"Inoh, Shoichi",P,1,1.000,0,1,0,0,,61165137
2016,Regular Season,Yokohama DeNA Baystars,15,"Inoh, Shoichi",P,23,1.000,11,23,0,2,,61165137
2016,Regular Season,Chunichi Dragons,6,"Hirata, Ryosuke",OF,115,0.990,195,6,2,1,,61265112
2016,Regular Season,Tohoku Rakuten Golden Eagles,25,"Makida, Akihisa",OF,12,0.917,10,1,1,0,,61265113
2016,Regular Season,Tohoku Rakuten Golden Eagles,23,"Hijirisawa, Ryo",OF,82,1.000,101,2,0,0,,61265116
2016,Regular Season,Tokyo Yakult Swallows,45,"Dohi, Hiroaki",P,4,1.000,0,1,0,0,,61265130
2016,Regular Season,Hiroshima Toyo Carp,57,"Nakaoshi, Osukaru",P,23,1.000,2,3,0,0,,61265132
2016,Regular Season,Saitama Seibu Lions,00,"Mizuguchi, Daichi",2B,1,1.000,2,3,0,2,,61265137
2016,Regular Season,Saitama Seibu Lions,00,"Mizuguchi, Daichi",3B,11,1.000,2,3,0,0,,61265137
2016,Regular Season,Chunichi Dragons,16,"Matayoshi, Katsuki",P,62,1.000,4,5,0,1,,61265139
2016,Regular Season,Orix Buffaloes,55,"Okada, Takahiro",1B,60,0.993,416,25,3,29,,61365112
2016,Regular Season,Orix Buffaloes,55,"Okada, Takahiro",OF,74,0.985,129,2,2,0,,61365112
2016,Climax Series - Final Stage,Hokkaido Nippon-Ham Fighters,27,"Ohno, Shota",C,5,0.976,37,3,1,0,0,61365118
2016,Japan Series,Hokkaido Nippon-Ham Fighters,27,"Ohno, Shota",C,5,0.971,31,3,1,1,0,61365118
2016,Regular Season,Hokkaido Nippon-Ham Fighters,27,"Ohno, Shota",C,108,0.997,714,63,2,7,4,61365118
2016,Regular Season,Fukuoka Softbank Hawks,4,"Kaneko, Keisuke",2B,5,1.000,2,3,0,0,,61365119
2016,Regular Season,Fukuoka Softbank Hawks,4,"Kaneko, Keisuke",SS,4,1.000,1,3,0,1,,61365119
2016,Regular Season,Chiba Lotte Marines,53,"Emura, Naoya",C,20,1.000,31,11,0,2,2,61365133
2016,Regular Season,Orix Buffaloes,47,"Kaida, Tomoyuki",P,50,1.000,3,6,0,0,,61365135
2016,Regular Season,Hokkaido Nippon-Ham Fighters,32,"Orui, Susumu",2B,7,1.000,6,5,0,3,,61365137
2016,Regular Season,Hokkaido Nippon-Ham Fighters,32,"Orui, Susumu",3B,6,1.000,0,1,0,0,,61365137
2016,Regular Season,Hokkaido Nippon-Ham Fighters,32,"Orui, Susumu",OF,1,1.000,1,0,0,0,,61365137
2016,Climax Series - Final Stage,Hiroshima Toyo Carp,14,"Ohsera, Daichi",P,1,0.000,0,0,0,0,,61365139
2016,Japan Series,Hiroshima Toyo Carp,14,"Ohsera, Daichi",P,2,1.000,2,0,0,0,,61365139
2016,Regular Season,Hiroshima Toyo Carp,14,"Ohsera, Daichi",P,17,1.000,0,3,0,0,,61365139
2016,Regular Season,Hanshin Tigers,0,"Yamato, Maeda",2B,95,0.987,131,168,4,31,,61465112
2016,Regular Season,Hanshin Tigers,0,"Yamato, Maeda",OF,27,1.000,29,1,0,0,,61465112
2016,Regular Season,Hanshin Tigers,0,"Yamato, Maeda",SS,2,1.000,3,2,0,0,,61465112
2016,Regular Season,Orix Buffaloes,57,"Yamada, Nobuyoshi",P,12,1.000,2,4,0,0,,61465131
2016,Regular Season,Fukuoka Softbank Hawks,69,"Makihara, Taisei",2B,22,0.963,34,45,3,11,,61465133
2016,Regular Season,Fukuoka Softbank Hawks,69,"Makihara, Taisei",OF,12,1.000,8,1,0,0,,61465133
2016,Regular Season,Tokyo Yakult Swallows,0,"Hiyane, Wataru",OF,60,0.971,68,0,2,0,,61465135
2016,Regular Season,Yokohama DeNA Baystars,27,"Kubo, Yasutomo",P,15,0.960,3,21,1,1,,61565110
2016,Climax Series - Final Stage,Yokohama DeNA Baystars,3,"Kajitani, Takayuki",OF,4,1.000,6,0,0,0,,61565114
2016,Climax Series - First Stage,Yokohama DeNA Baystars,3,"Kajitani, Takayuki",OF,2,1.000,5,0,0,0,,61565114
2016,Regular Season,Yokohama DeNA Baystars,3,"Kajitani, Takayuki",OF,104,0.979,182,4,4,1,,61565114
2016,Regular Season,Chiba Lotte Marines,25,"Kanazawa, Takeshi",C,15,1.000,70,4,0,1,1,61565117
2016,Regular Season,Tohoku Rakuten Golden Eagles,52,"Kato, Masashi",P,1,0.000,0,0,0,0,,61565130
2016,Regular Season,Orix Buffaloes,58,"Kadoya, Ryuta",P,2,1.000,1,0,0,0,,61565132
2016,Climax Series - Final Stage,Hiroshima Toyo Carp,33,"Kikuchi, Ryosuke",2B,4,1.000,10,17,0,5,,61565135
2016,Japan Series,Hiroshima Toyo Carp,33,"Kikuchi, Ryosuke",2B,6,0.972,18,17,1,4,,61565135
2016,Regular Season,Hiroshima Toyo Carp,33,"Kikuchi, Ryosuke",2B,141,0.995,307,525,4,102,,61565135
2016,Regular Season,Chunichi Dragons,58,"Yagi, Tomoya",P,1,1.000,1,1,0,0,,61665112
2016,Climax Series - Final Stage,Fukuoka Softbank Hawks,19,"Morifuku, Masahiko",P,3,0.000,0,0,0,0,,61665114
2016,Regular Season,Fukuoka Softbank Hawks,19,"Morifuku, Masahiko",P,50,1.000,2,6,0,1,,61665114
2016,Climax Series - Final Stage,Fukuoka Softbank Hawks,6,"Yoshimura, Yuki",OF,2,1.000,1,0,0,0,,61665117
2016,Regular Season,Fukuoka Softbank Hawks,6,"Yoshimura, Yuki",1B,6,0.966,25,3,1,3,,61665117
2016,Regular Season,Fukuoka Softbank Hawks,6,"Yoshimura, Yuki",OF,47,1.000,53,2,0,1,,61665117
2016,Regular Season,Yomiuri Giants,48,"Yanuki, Toshiyuki",P,8,1.000,1,0,0,0,,61665118
2016,Regular Season,Fukuoka Softbank Hawks,66,"Matsumoto, Yuki",P,1,0.000,0,0,0,0,,61665130
2016,Regular Season,Chunichi Dragons,25,"Mutoh, Yuta",P,4,1.000,1,1,0,0,,61665133
2016,Regular Season,Yomiuri Giants,12,"Suzuki, Takahiro",OF,27,1.000,8,0,0,0,,61763884
2016,Regular Season,Hiroshima Toyo Carp,98,"Sato, Shoma",P,2,1.000,0,2,0,0,,61765116
2016,Regular Season,Hanshin Tigers,26,"Saiuchi, Hiroaki",P,9,1.000,0,1,0,0,,61765135
2016,Regular Season,Chunichi Dragons,45,"Sugiyama, Shota",C,101,0.994,597,73,4,9,1,61765137
2016,Regular Season,Tokyo Yakult Swallows,18,"Sugiura, Toshihiro",P,17,0.900,2,7,1,0,,61765139
2016,Regular Season,Tohoku Rakuten Golden Eagles,5,"Mogi, Eigoro",3B,1,0.000,0,0,0,0,,61865132
2016,Regular Season,Tohoku Rakuten Golden Eagles,5,"Mogi, Eigoro",SS,117,0.964,167,344,19,54,,61865132
2016,Regular Season,Hanshin Tigers,8,"Fukudome, Kosuke",OF,122,0.995,177,5,1,1,,61963888
2016,Japan Series,Hokkaido Nippon-Ham Fighters,10,"Shimizu, Yushi",C,1,1.000,1,0,0,0,0,61965130
2016,Regular Season,Hokkaido Nippon-Ham Fighters,10,"Shimizu, Yushi",C,5,1.000,9,3,0,1,0,61965130
2016,Regular Season,Hiroshima Toyo Carp,7,"Dohbayashi, Shota",1B,19,1.000,27,5,0,1,,61965131
2016,Regular Season,Hiroshima Toyo Carp,7,"Dohbayashi, Shota",3B,13,0.923,9,15,2,0,,61965131
2016,Regular Season,Orix Buffaloes,99,"Sugimoto, Yutaro",OF,1,1.000,1,0,0,0,,61965132
2016,Climax Series - Final Stage,Hiroshima Toyo Carp,2,"Tanaka, Kosuke",SS,4,1.000,2,11,0,2,,61965139
2016,Japan Series,Hiroshima Toyo Carp,2,"Tanaka, Kosuke",SS,6,0.926,5,20,2,2,,61965139
2016,Regular Season,Hiroshima Toyo Carp,2,"Tanaka, Kosuke",SS,143,0.975,224,467,18,97,,61965139
2016,Regular Season,Tohoku Rakuten Golden Eagles,98,"Perez, Felix",OF,14,1.000,25,0,0,0,,63065132
2016,Regular Season,Saitama Seibu Lions,12,"Kuo, Junrin",P,12,1.000,3,6,0,0,,63165130
2016,Regular Season,Orix Buffaloes,34,"Yoshida, Masataka",OF,54,0.989,86,4,1,0,,63165132
2016,Climax Series - First Stage,Yomiuri Giants,20,"Mathieson, Scott",P,3,0.000,0,0,0,0,,63165135
2016,Regular Season,Yomiuri Giants,20,"Mathieson, Scott",P,70,1.000,1,7,0,1,,63165135
2016,Climax Series - Final Stage,Yokohama DeNA Baystars,49,"Moscoso, Guillermo",P,1,1.000,0,3,0,0,,63165139
2016,Regular Season,Yokohama DeNA Baystars,49,"Moscoso, Guillermo",P,13,1.000,8,11,0,2,,63165139
2016,Regular Season,Saitama Seibu Lions,42,"Vasquez, Esmerling",P,19,1.000,1,1,0,0,,63365130
2016,Regular Season,Orix Buffaloes,52,"Cordier, Erik",P,13,0.667,0,2,1,0,,63365132
2016,Regular Season,Chunichi Dragons,54,"Naylor, Drew",P,7,1.000,2,7,0,0,,63765130
2016,Climax Series - Final Stage,Hokkaido Nippon-Ham Fighters,55,"Martin, Chris",P,2,0.000,0,0,0,0,,63765132
2016,Regular Season,Hokkaido Nippon-Ham Fighters,55,"Martin, Chris",P,52,0.917,0,11,1,0,,63765132
2016,Regular Season,Hanshin Tigers,18,"Fujikawa, Kyuji",P,43,1.000,3,12,0,1,,71073888
2016,Regular Season,Hokkaido Nippon-Ham Fighters,38,"Takeda, Masaru",P,1,0.000,0,0,0,0,,71075112
2016,Regular Season,Saitama Seibu Lions,17,"Takahashi, Kona",P,22,0.929,9,17,2,2,,71075130
2016,Climax Series - Final Stage,Yokohama DeNA Baystars,20,"Suda, Kota",P,2,0.000,0,0,0,0,,71075133
2016,Regular Season,Yokohama DeNA Baystars,20,"Suda, Kota",P,62,1.000,2,7,0,0,,71075133
2016,Regular Season,Chunichi Dragons,43,"Hamada, Tatsuro",P,1,1.000,0,1,0,0,,71075137
2016,Regular Season,Chunichi Dragons,2,"Araki, Masahiro",2B,83,0.992,185,200,3,43,,71173882
2016,Climax Series - Final Stage,Hokkaido Nippon-Ham Fighters,4,"Iiyama, Yuji",2B,1,1.000,1,1,0,1,,71173886
2016,Climax Series - Final Stage,Hokkaido Nippon-Ham Fighters,4,"Iiyama, Yuji",SS,1,1.000,1,2,0,1,,71173886
2016,Regular Season,Hokkaido Nippon-Ham Fighters,4,"Iiyama, Yuji",2B,20,1.000,6,9,0,3,,71173886
2016,Regular Season,Hokkaido Nippon-Ham Fighters,4,"Iiyama, Yuji",3B,14,0.800,1,3,1,1,,71173886
2016,Climax Series - Final Stage,Hokkaido Nippon-Ham Fighters,13,"Ishii, Yuya",P,2,1.000,0,2,0,0,,71175110
2016,Japan Series,Hokkaido Nippon-Ham Fighters,13,"Ishii, Yuya",P,2,1.000,0,1,0,0,,71175110
2016,Regular Season,Hokkaido Nippon-Ham Fighters,13,"Ishii, Yuya",P,22,1.000,1,3,0,1,,71175110
2016,Regular Season,Chiba Lotte Marines,60,"Abe, Kazunari",P,13,1.000,3,2,0,0,,71175116
2016,Regular Season,Tohoku Rakuten Golden Eagles,20,"Anraku, Tomohiro",P,15,0.929,2,11,1,0,,71175130
2016,Regular Season,Hanshin Tigers,50,"Aoyagi, Koyo",P,13,0.857,10,8,3,0,,71175132
2016,Regular Season,Tohoku Rakuten Golden Eagles,00,"Abe, Toshihito",1B,4,1.000,5,0,0,0,,71175133
2016,Regular Season,Tohoku Rakuten Golden Eagles,00,"Abe, Toshihito",2B,11,1.000,1,8,0,2,,71175133
2016,Regular Season,Tohoku Rakuten Golden Eagles,00,"Abe, Toshihito",3B,25,1.000,1,5,0,1,,71175133
2016,Regular Season,Tohoku Rakuten Golden Eagles,00,"Abe, Toshihito",SS,14,1.000,10,24,0,7,,71175133
2016,Regular Season,Hiroshima Toyo Carp,26,"Hirose, Jun",OF,1,0.000,0,0,0,0,,71275113
2016,Regular Season,Fukuoka Softbank Hawks,33,"Tsuruoka, Shinya",C,103,0.998,594,49,1,5,3,71275117
2016,Regular Season,Orix Buffaloes,21,"Nishi, Yuki",P,26,0.977,7,36,1,0,,71275118
2016,Regular Season,Saitama Seibu Lions,14,"Masuda, Tatsushi",P,53,0.667,1,5,3,1,,71275137
2016,Regular Season,Tohoku Rakuten Golden Eagles,33,"Akaminai, Ginji",1B,121,0.996,1015,62,4,79,,71375112
2016,Regular Season,Tokyo Yakult Swallows,50,"Ueda, Tsuyoshi",OF,60,1.000,51,1,0,0,,71375114
2016,Regular Season,Saitama Seibu Lions,49,"Uemoto, Tatsuyuki",1B,6,1.000,17,1,0,2,,71375117
2016,Regular Season,Saitama Seibu Lions,49,"Uemoto, Tatsuyuki",C,27,0.984,51,9,1,1,1,71375117
2016,Regular Season,Hiroshima Toyo Carp,10,"Iwamoto, Takahiro",1B,14,1.000,15,3,0,3,,71375118
2016,Regular Season,Hiroshima Toyo Carp,10,"Iwamoto, Takahiro",OF,3,0.000,0,0,0,0,,71375118
2016,Regular Season,Chunichi Dragons,26,"Iryo, Masataka",OF,8,1.000,21,1,0,0,,71375130
2016,Regular Season,Saitama Seibu Lions,31,"Iwao, Toshihiro",P,2,0.000,0,0,0,0,,71375131
2016,Regular Season,Tohoku Rakuten Golden Eagles,28,"Ishibashi, Ryota",P,6,1.000,1,0,0,0,,71375132
2016,Regular Season,Yomiuri Giants,62,"Egarashi, Yuki",P,2,1.000,0,3,0,0,,71375135
2016,Regular Season,Tokyo Yakult Swallows,44,"Iwahashi, Keiji",P,14,1.000,0,1,0,0,,71375139
2016,Climax Series - Final Stage,Yokohama DeNA Baystars,68,"Fujioka, Yoshiaki",P,1,0.000,0,0,0,0,,71475112
2016,Regular Season,Hokkaido Nippon-Ham Fighters,22,"Fujioka, Yoshiaki",P,1,0.000,0,0,0,0,,71475112
2016,Regular Season,Yokohama DeNA Baystars,68,"Fujioka, Yoshiaki",P,9,1.000,1,0,0,0,,71475112
2016,Regular Season,Orix Buffaloes,62,"Yamazaki, Katsuki",C,43,1.000,180,23,0,2,0,71475113
2016,Climax Series - Final Stage,Fukuoka Softbank Hawks,27,"Hosokawa, Toru",C,5,1.000,29,4,0,0,1,71475115
2016,Climax Series - First Stage,Fukuoka Softbank Hawks,27,"Hosokawa, Toru",C,2,1.000,17,1,0,0,0,71475115
2016,Regular Season,Fukuoka Softbank Hawks,27,"Hosokawa, Toru",C,49,0.993,264,25,2,4,3,71475115
2016,Regular Season,Chunichi Dragons,56,"Matsui, Yusuke",OF,8,1.000,9,0,0,0,,71475131
2016,Climax Series - Final Stage,Hiroshima Toyo Carp,63,"Nishikawa, Ryoma",2B,1,1.000,0,2,0,0,,71475132
2016,Regular Season,Hiroshima Toyo Carp,63,"Nishikawa, Ryoma",2B,12,1.000,5,8,0,1,,71475132
2016,Regular Season,Hiroshima Toyo Carp,63,"Nishikawa, Ryoma",3B,27,0.952,7,13,1,2,,71475132
2016,Regular Season,Tohoku Rakuten Golden Eagles,64,"Fukuyama, Hiroyuki",P,69,1.000,9,23,0,1,,71475133
2016,Climax Series - Final Stage,Yokohama DeNA Baystars,39,"Minei, Hiroki",C,2,1.000,1,1,0,0,0,71475139
2016,Climax Series - First Stage,Yokohama DeNA Baystars,39,"Minei, Hiroki",C,1,1.000,3,0,0,0,0,71475139
2016,Regular Season,Yokohama DeNA Baystars,39,"Minei, Hiroki",C,10,1.000,23,0,0,0,1,71475139
2016,Regular Season,Chiba Lotte Marines,42,"Katsuki, Ryoji",P,11,1.000,1,1,0,0,,71575118
2016,Regular Season,Chiba Lotte Marines,4,"Ogino, Takashi",OF,65,0.991,112,4,1,0,,71575131
2016,Regular Season,Chunichi Dragons,11,"Ogasawara, Shinnosuke",P,15,0.952,4,16,1,2,,71575132
2016,Regular Season,Chunichi Dragons,53,"Kamezawa, Kyohei",2B,25,0.990,36,59,1,13,,71575135
2016,Regular Season,Chunichi Dragons,53,"Kamezawa, Kyohei",3B,26,0.973,7,29,1,2,,71575135
2016,Regular Season,Chunichi Dragons,53,"Kamezawa, Kyohei",SS,1,0.000,0,0,0,0,,71575135
2016,Regular Season,Orix Buffaloes,61,"Okunami, Kyo",1B,4,0.966,26,2,1,5,,71575139
2016,Regular Season,Orix Buffaloes,61,"Okunami, Kyo",3B,7,0.933,3,11,1,2,,71575139
2016,Regular Season,Saitama Seibu Lions,69,"Wolfe, Brian",P,4,1.000,1,4,0,0,,71675131
2016,Regular Season,Chiba Lotte Marines,52,"Masuda, Naoya",P,61,1.000,3,11,0,1,,71675135
2016,Regular Season,Orix Buffaloes,14,"Yoshida, Kazumasa",P,54,1.000,1,6,0,0,,71675139
2016,Regular Season,Orix Buffaloes,45,"Saito, Toshio",C,1,1.000,2,0,0,0,0,71775110
2016,Regular Season,Tohoku Rakuten Golden Eagles,4,"Goto, Mitsutaka",2B,31,0.992,61,67,1,13,,71775115
2016,Regular Season,Tohoku Rakuten Golden Eagles,4,"Goto, Mitsutaka",3B,9,0.909,3,7,1,1,,71775115
2016,Regular Season,Tohoku Rakuten Golden Eagles,4,"Goto, Mitsutaka",SS,8,0.905,8,11,2,3,,71775115
2016,Regular Season,Saitama Seibu Lions,29,"Koishi, Hirotaka",P,50,0.951,11,28,2,4,,71775135
2016,Climax Series - Final Stage,Hiroshima Toyo Carp,12,"Kuri, Aren",P,1,0.000,0,0,0,0,,71775139
2016,Regular Season,Hiroshima Toyo Carp,12,"Kuri, Aren",P,27,1.000,4,9,0,1,,71775139
2016,Climax Series - First Stage,Yomiuri Giants,47,"Yamaguchi, Tetsuya",P,2,1.000,0,1,0,1,,71875112
2016,Regular Season,Yomiuri Giants,47,"Yamaguchi, Tetsuya",P,63,1.000,3,11,0,0,,71875112
2016,Regular Season,Fukuoka Softbank Hawks,22,"Yamashita, Ayatsugu",C,13,1.000,66,3,0,0,0,71875133
2016,Regular Season,Saitama Seibu Lions,6,"Takehara, Naotaka",OF,3,1.000,1,0,0,0,,71975110
2016,Regular Season,Hanshin Tigers,41,"Takahashi, Akifumi",P,54,0.750,0,3,1,0,,71975115
2016,Regular Season,Orix Buffaloes,49,"Shiranita, Hirokazu",P,7,1.000,0,1,0,0,,71975116
2016,Regular Season,Orix Buffaloes,31,"Koyano, Eiichi",1B,21,1.000,94,6,0,10,,71975117
2016,Regular Season,Orix Buffaloes,31,"Koyano, Eiichi",3B,41,0.964,23,57,3,4,,71975117
2016,Regular Season,Chunichi Dragons,14,"Satoh, Yu",P,14,1.000,1,8,0,1,,71975132
2016,Regular Season,Tohoku Rakuten Golden Eagles,35,"Shimauchi, Hiroaki",OF,111,1.000,207,2,0,0,,71975135
2016,Regular Season,Orix Buffaloes,00,"Sonobe, Satoshi",1B,3,1.000,14,2,0,1,,71975139
2016,Regular Season,Orix Buffaloes,00,"Sonobe, Satoshi",3B,2,1.000,0,2,0,0,,71975139
2016,Regular Season,Saitama Seibu Lions,4,"Paulino, Felipe",P,9,0.556,2,3,4,0,,73075132
2016,Regular Season,Tohoku Rakuten Golden Eagles,12,"Ray, Kenny",P,4,1.000,0,1,0,0,,73375137
2016,Regular Season,Hanshin Tigers,36,"Hague, Matt",1B,1,1.000,6,0,0,0,,73775132
2016,Regular Season,Hanshin Tigers,36,"Hague, Matt",3B,30,0.925,19,30,4,2,,73775132
2016,Regular Season,Yokohama DeNA Baystars,52,"Romak, James",1B,3,1.000,14,0,0,1,,73975132
2016,Regular Season,Yokohama DeNA Baystars,52,"Romak, James",OF,19,0.972,33,2,1,2,,73975132
2016,Regular Season,Orix Buffaloes,97,"Tanaka, Daisuke",C,1,0.000,0,0,0,0,0,81085114
2016,Regular Season,Saitama Seibu Lions,60,"Nakamura, Takeya",3B,48,0.958,38,75,5,6,,81085115
2016,Regular Season,Tokyo Yakult Swallows,25,"Tateyama, Shohei",P,10,1.000,3,8,0,2,,81085117
2016,Regular Season,Orix Buffaloes,35,"Higa, Motoki",P,16,1.000,0,3,0,0,,81085131
2016,Regular Season,Hokkaido Nippon-Ham Fighters,47,"Tanaka, Toyoki",P,4,0.000,0,0,0,0,,81085132
2016,Regular Season,Tohoku Rakuten Golden Eagles,13,"Hamaya, Kodai",P,13,1.000,2,1,0,0,,81085139
2016,Regular Season,Chunichi Dragons,13,"Iwase, Hitoki",P,15,0.000,0,0,0,0,,81183888
2016,Regular Season,Tokyo Yakult Swallows,63,"Ino, Suguru",C,2,1.000,6,0,0,0,0,81185112
2016,Regular Season,Orix Buffaloes,22,"Itoh, Hikaru",1B,11,1.000,77,6,0,7,,81185116
2016,Regular Season,Orix Buffaloes,22,"Itoh, Hikaru",C,65,0.994,296,27,2,3,0,81185116
2016,Climax Series - First Stage,Yomiuri Giants,26,"Utsumi, Tetsuya",P,1,1.000,0,2,0,0,,81185119
2016,Regular Season,Yomiuri Giants,26,"Utsumi, Tetsuya",P,18,0.955,5,16,1,0,,81185119
2016,Regular Season,Hanshin Tigers,30,"Ishizaki, Tsuyoshi",P,10,1.000,0,2,0,0,,81185130
2016,Climax Series - Final Stage,Hokkaido Nippon-Ham Fighters,56,"Ichikawa, Tomoya",C,1,1.000,6,0,0,0,0,81185131
2016,Japan Series,Hokkaido Nippon-Ham Fighters,56,"Ichikawa, Tomoya",C,6,1.000,18,3,0,0,0,81185131
2016,Regular Season,Hokkaido Nippon-Ham Fighters,56,"Ichikawa, Tomoya",C,70,0.988,302,37,4,2,5,81185131
2016,Regular Season,Hiroshima Toyo Carp,61,"Isomura, Yoshitaka",C,20,0.986,65,7,1,0,1,81185133
2016,Regular Season,Hanshin Tigers,51,"Itoh, Hayata",OF,15,1.000,19,0,0,0,,81185135
2016,Regular Season,Hokkaido Nippon-Ham Fighters,68,"Ishikawa, Ryo",C,1,1.000,2,0,0,0,0,81185139
2016,Regular Season,Orix Buffaloes,16,"Hirano, Yoshihisa",P,58,1.000,2,12,0,2,,81285112
2016,Regular Season,Saitama Seibu Lions,20,"Nogami, Ryoma",P,22,1.000,5,22,0,2,,81285118
2016,Regular Season,Chunichi Dragons,1,"Tomonaga, Shota",OF,3,1.000,2,0,0,0,,81285130
2016,Climax Series - Final Stage,Hokkaido Nippon-Ham Fighters,19,"Masui, Hirotoshi",P,1,1.000,0,2,0,0,,81285131
2016,Japan Series,Hokkaido Nippon-Ham Fighters,19,"Masui, Hirotoshi",P,2,0.500,0,1,1,0,,81285131
2016,Regular Season,Hokkaido Nippon-Ham Fighters,19,"Masui, Hirotoshi",P,30,0.889,4,4,1,0,,81285131
2016,Regular Season,Yomiuri Giants,91,"Nakagawa, Kota",P,2,0.000,0,0,0,0,,81285132
2016,Regular Season,Chunichi Dragons,48,"Mizowaki, Hayato",2B,3,1.000,1,4,0,0,,81285137
2016,Regular Season,Tohoku Rakuten Golden Eagles,1,"Matsui, Yuki",P,58,1.000,1,10,0,0,,81285139
2016,Regular Season,Tohoku Rakuten Golden Eagles,45,"Kawai, Takashi",P,5,1.000,1,5,0,0,,81383888
2016,Climax Series - First Stage,Yomiuri Giants,9,"Kamei, Yoshiyuki",OF,3,1.000,2,0,0,0,,81385110
2016,Regular Season,Yomiuri Giants,9,"Kamei, Yoshiyuki",OF,58,1.000,91,6,0,2,,81385110
2016,Climax Series - First Stage,Chiba Lotte Marines,66,"Okada, Yoshifumi",OF,1,1.000,2,0,0,0,,81385118
2016,Regular Season,Chiba Lotte Marines,66,"Okada, Yoshifumi",OF,113,0.988,163,6,2,2,,81385118
2016,Regular Season,Chiba Lotte Marines,50,"Omine, Shota",1B,1,0.000,0,0,0,0,,81385131
2016,Regular Season,Chiba Lotte Marines,50,"Omine, Shota",2B,22,0.980,36,60,2,8,,81385131
2016,Regular Season,Chiba Lotte Marines,50,"Omine, Shota",3B,13,1.000,5,4,0,0,,81385131
2016,Regular Season,Chiba Lotte Marines,50,"Omine, Shota",SS,1,1.000,0,1,0,0,,81385131
2016,Regular Season,Saitama Seibu Lions,15,"Oishi, Tatsuya",P,36,1.000,1,3,0,0,,81385133
2016,Regular Season,Hanshin Tigers,65,"Ogata, Ryosuke",OF,12,1.000,10,0,0,0,,81385137
2016,Regular Season,Orix Buffaloes,69,"Oyama, Satoshi",P,3,0.000,0,0,0,0,,81385139
2016,Regular Season,Tohoku Rakuten Golden Eagles,32,"Masuda, Shintaro",OF,1,1.000,2,0,0,0,,81485112
2016,Regular Season,Tokyo Yakult Swallows,60,"Miwa, Masayoshi",2B,2,0.000,0,0,0,0,,81485116
2016,Regular Season,Tokyo Yakult Swallows,60,"Miwa, Masayoshi",3B,2,0.500,1,0,1,0,,81485116
2016,Regular Season,Tokyo Yakult Swallows,60,"Miwa, Masayoshi",OF,31,1.000,19,2,0,0,,81485116
2016,Climax Series - First Stage,Yomiuri Giants,25,"Murata, Shuichi",1B,1,0.000,0,0,0,0,,81485117
2016,Climax Series - First Stage,Yomiuri Giants,25,"Murata, Shuichi",3B,3,1.000,8,4,0,1,,81485117
2016,Regular Season,Yomiuri Giants,25,"Murata, Shuichi",1B,21,1.000,44,4,0,3,,81485117
2016,Regular Season,Yomiuri Giants,25,"Murata, Shuichi",3B,143,0.954,70,241,15,22,,81485117
2016,Regular Season,Tohoku Rakuten Golden Eagles,51,"Fernando, Luciano",OF,4,1.000,2,1,0,0,,81485130
2016,Regular Season,Yomiuri Giants,96,"Hasegawa, Jun",P,3,1.000,1,0,0,0,,81485132
2016,Regular Season,Hanshin Tigers,47,"Yamamoto, Shoya",P,6,1.000,0,1,0,1,,81485139
2016,Regular Season,Fukuoka Softbank Hawks,35,"Kawashima, Keizo",1B,1,1.000,3,0,0,1,,81585112
2016,Regular Season,Fukuoka Softbank Hawks,35,"Kawashima, Keizo",2B,8,1.000,16,20,0,1,,81585112
2016,Regular Season,Fukuoka Softbank Hawks,35,"Kawashima, Keizo",OF,3,1.000,1,0,0,0,,81585112
2016,Regular Season,Fukuoka Softbank Hawks,35,"Kawashima, Keizo",SS,3,0.929,4,9,1,1,,81585112
2016,Regular Season,Yomiuri Giants,57,"Kumon, Katsuhiko",P,12,1.000,0,1,0,0,,81585137
2016,Regular Season,Hokkaido Nippon-Ham Fighters,40,"Kanehira, Masashi",P,1,0.000,0,0,0,0,,81585139
2016,Regular Season,Yokohama DeNA Baystars,36,"Yanagida, Shigeo",1B,8,1.000,17,1,0,2,,81685112
2016,Regular Season,Yokohama DeNA Baystars,36,"Yanagida, Shigeo",2B,4,1.000,5,4,0,1,,81685112
2016,Regular Season,Yokohama DeNA Baystars,36,"Yanagida, Shigeo",3B,5,1.000,0,2,0,2,,81685112
2016,Regular Season,Yokohama DeNA Baystars,36,"Yanagida, Shigeo",SS,2,1.000,1,3,0,2,,81685112
2016,Regular Season,Chiba Lotte Marines,48,"Miyazaki, Atsushi",P,2,0.000,0,0,0,0,,81685130
2016,Regular Season,Hanshin Tigers,37,"Morikoshi, Yuto",1B,1,1.000,5,0,0,0,,81685133
2016,Regular Season,Hokkaido Nippon-Ham Fighters,23,"Watanabe, Ryo",2B,1,1.000,1,2,0,0,,81685139
2016,Regular Season,Tokyo Yakult Swallows,11,"Satoh, Yoshinori",P,5,0.778,1,6,2,0,,81785116
2016,Climax Series - Final Stage,Hokkaido Nippon-Ham Fighters,2,"Sugiya, Kenshi",2B,1,1.000,3,0,0,0,,81785118
2016,Japan Series,Hokkaido Nippon-Ham Fighters,2,"Sugiya, Kenshi",OF,1,0.000,0,0,0,0,,81785118
2016,Regular Season,Hokkaido Nippon-Ham Fighters,2,"Sugiya, Kenshi",1B,1,1.000,12,3,0,2,,81785118
2016,Regular Season,Hokkaido Nippon-Ham Fighters,2,"Sugiya, Kenshi",2B,5,1.000,1,2,0,0,,81785118
2016,Regular Season,Hokkaido Nippon-Ham Fighters,2,"Sugiya, Kenshi",OF,52,0.983,56,2,1,0,,81785118
2016,Regular Season,Chunichi Dragons,67,"Kondo, Hiroki",1B,1,1.000,2,0,0,0,,81785130
2016,Regular Season,Chunichi Dragons,67,"Kondo, Hiroki",OF,14,1.000,12,0,0,0,,81785130
2016,Regular Season,Orix Buffaloes,20,"Kondoh, Taisuke",P,1,0.000,0,0,0,0,,81785132
2016,Regular Season,Orix Buffaloes,8,"Gotoh, Shunta",OF,96,0.988,161,5,2,1,,81785133
2016,Climax Series - Final Stage,Hiroshima Toyo Carp,51,"Suzuki, Seiya",OF,4,0.800,4,0,1,0,,81785137
2016,Japan Series,Hiroshima Toyo Carp,51,"Suzuki, Seiya",OF,6,1.000,9,0,0,0,,81785137
2016,Regular Season,Hiroshima Toyo Carp,51,"Suzuki, Seiya",OF,127,0.991,211,3,2,1,,81785137
2016,Regular Season,Saitama Seibu Lions,8,"Watanabe, Naoto",1B,16,0.985,59,6,1,2,,81885114
2016,Regular Season,Saitama Seibu Lions,8,"Watanabe, Naoto",2B,1,1.000,1,0,0,0,,81885114
2016,Regular Season,Saitama Seibu Lions,8,"Watanabe, Naoto",3B,49,0.990,33,69,1,9,,81885114
2016,Regular Season,Saitama Seibu Lions,8,"Watanabe, Naoto",SS,7,1.000,3,7,0,1,,81885114
2016,Regular Season,Yokohama DeNA Baystars,38,"Yamashita, Kouki",1B,4,1.000,9,0,0,1,,81885130
2016,Regular Season,Yokohama DeNA Baystars,38,"Yamashita, Kouki",2B,10,1.000,3,10,0,1,,81885130
2016,Regular Season,Yokohama DeNA Baystars,38,"Yamashita, Kouki",3B,35,0.970,6,26,1,5,,81885130
2016,Regular Season,Yokohama DeNA Baystars,38,"Yamashita, Kouki",SS,1,1.000,0,2,0,0,,81885130
2016,Regular Season,Hanshin Tigers,61,"Mochizuki, Atsushi",P,1,0.000,0,0,0,0,,81885132
2016,Regular Season,Hanshin Tigers,28,"Fukuhara, Shinobu",P,9,1.000,0,1,0,0,,81983888
2016,Regular Season,Tohoku Rakuten Golden Eagles,7,"Matsui, Kazuo",OF,33,1.000,41,1,0,0,,81983889
2016,Regular Season,Yokohama DeNA Baystars,50,"Shimozono, Tatsuya",OF,4,1.000,4,0,0,0,,81985114
2016,Climax Series - First Stage,Yomiuri Giants,58,"Tateoka, Soichiro",OF,1,0.000,0,0,0,0,,81985118
2016,Regular Season,Yomiuri Giants,58,"Tateoka, Soichiro",OF,48,0.979,89,3,2,1,,81985118
2016,Regular Season,Orix Buffaloes,68,"Suzuki, Yu",P,1,0.000,0,0,0,0,,81985130
2016,Regular Season,Tohoku Rakuten Golden Eagles,22,"Tomura, Kenji",P,11,0.889,3,5,1,0,,81985131
2016,Regular Season,Orix Buffaloes,40,"Suzuki, Kohei",2B,5,1.000,2,2,0,0,,81985132
2016,Regular Season,Orix Buffaloes,40,"Suzuki, Kohei",3B,34,0.960,2,22,1,3,,81985132
2016,Regular Season,Orix Buffaloes,40,"Suzuki, Kohei",SS,9,1.000,5,16,0,2,,81985132
2016,Climax Series - First Stage,Yomiuri Giants,15,"Sawamura, Hirokazu",P,2,1.000,0,1,0,0,,81985133
2016,Regular Season,Yomiuri Giants,15,"Sawamura, Hirokazu",P,63,1.000,1,7,0,0,,81985133
2016,Climax Series - First Stage,Chiba Lotte Marines,7,"Suzuki, Daichi",SS,2,1.000,4,3,0,0,,81985135
2016,Regular Season,Chiba Lotte Marines,7,"Suzuki, Daichi",2B,6,1.000,8,10,0,2,,81985135
2016,Regular Season,Chiba Lotte Marines,7,"Suzuki, Daichi",3B,14,0.917,5,17,2,0,,81985135
2016,Regular Season,Chiba Lotte Marines,7,"Suzuki, Daichi",SS,135,0.978,224,394,14,84,,81985135
2016,Regular Season,Yomiuri Giants,65,"Tsuji, Harutomo",1B,1,1.000,3,0,0,2,,81985137
2016,Regular Season,Yomiuri Giants,65,"Tsuji, Harutomo",2B,8,0.933,18,24,3,5,,81985137
2016,Regular Season,Yomiuri Giants,65,"Tsuji, Harutomo",SS,2,0.875,1,6,1,0,,81985137
2016,Regular Season,Tohoku Rakuten Golden Eagles,71,"Peguero, Carlos",OF,42,0.917,51,4,5,0,,83085132
2016,Regular Season,Tohoku Rakuten Golden Eagles,43,"Mickolio, Kam",P,45,1.000,0,4,0,0,,83185135
2016,Regular Season,Chunichi Dragons,44,"Valdes, Raul",P,20,0.941,3,13,1,1,,83385130
2016,Regular Season,Saitama Seibu Lions,54,"Lee, Chen-Ch'Ang",P,18,1.000,1,4,0,0,,83385132
2016,Regular Season,Saitama Seibu Lions,99,"Mejia, Ernesto",1B,93,0.993,789,69,6,75,,83385139
2016,Regular Season,Chiba Lotte Marines,55,"Standridge, Jason",P,27,0.912,12,19,3,1,,83585114
2016,Regular Season,Saitama Seibu Lions,47,"Van Hekken, Andy",P,10,1.000,2,8,0,1,,83585132
2016,Regular Season,Hanshin Tigers,38,"Mateo, Marcos",P,52,1.000,3,8,0,1,,83785132
2016,Regular Season,Fukuoka Softbank Hawks,65,"Barrios, Edison",P,11,1.000,0,2,0,0,,83785133
2016,Regular Season,Orix Buffaloes,63,"Nakamura, Issei",OF,6,1.000,2,0,0,0,,91095110
2016,Climax Series - Final Stage,Fukuoka Softbank Hawks,20,"Terahara, Hayato",P,1,1.000,0,1,0,0,,91095115
2016,Regular Season,Fukuoka Softbank Hawks,20,"Terahara, Hayato",P,14,1.000,3,1,0,0,,91095115
2016,Regular Season,Chunichi Dragons,3,"Takahashi, Shuhei",2B,1,1.000,0,2,0,0,,91095135
2016,Regular Season,Chunichi Dragons,3,"Takahashi, Shuhei",3B,71,0.977,55,115,4,14,,91095135
2016,Regular Season,Tokyo Yakult Swallows,3,"Nishiura, Naomichi",2B,2,1.000,1,0,0,0,,91095139
2016,Regular Season,Tokyo Yakult Swallows,3,"Nishiura, Naomichi",3B,37,1.000,18,43,0,2,,91095139
2016,Regular Season,Tokyo Yakult Swallows,3,"Nishiura, Naomichi",SS,46,0.978,64,112,4,18,,91095139
2016,Regular Season,Fukuoka Softbank Hawks,53,"Igarashi, Ryota",P,33,1.000,3,6,0,0,,91193886
2016,Climax Series - Final Stage,Yokohama DeNA Baystars,7,"Ishikawa, Takehiro",2B,2,1.000,7,3,0,0,,91195110
2016,Climax Series - First Stage,Yokohama DeNA Baystars,7,"Ishikawa, Takehiro",2B,1,0.000,0,0,0,0,,91195110
2016,Regular Season,Yokohama DeNA Baystars,7,"Ishikawa, Takehiro",2B,87,0.992,145,218,3,34,,91195110
2016,Regular Season,Tohoku Rakuten Golden Eagles,41,"Aoyama, Kouji",P,50,1.000,2,5,0,0,,91195112
2016,Climax Series - Final Stage,Hiroshima Toyo Carp,60,"Abe, Tomohiro",3B,3,1.000,0,9,0,3,,91195116
2016,Japan Series,Hiroshima Toyo Carp,60,"Abe, Tomohiro",3B,4,1.000,3,6,0,1,,91195116
2016,Regular Season,Hiroshima Toyo Carp,60,"Abe, Tomohiro",1B,2,1.000,6,0,0,0,,91195116
2016,Regular Season,Hiroshima Toyo Carp,60,"Abe, Tomohiro",2B,5,1.000,3,7,0,0,,91195116
2016,Regular Season,Hiroshima Toyo Carp,60,"Abe, Tomohiro",3B,93,0.967,66,112,6,6,,91195116
2016,Regular Season,Hiroshima Toyo Carp,60,"Abe, Tomohiro",OF,1,1.000,2,0,0,0,,91195116
2016,Regular Season,Tokyo Yakult Swallows,66,"Arakaki, Nagisa",P,6,1.000,2,5,0,1,,91195117
2016,Regular Season,Orix Buffaloes,7,"Itoi, Yoshio",OF,118,0.967,174,4,6,0,,91195119
2016,Regular Season,Hiroshima Toyo Carp,39,"Iida, Tetsuya",P,2,1.000,1,0,0,0,,91195130
2016,Regular Season,Orix Buffaloes,27,"Aoyama, Daiki",P,1,1.000,1,0,0,0,,91195132
2016,Regular Season,Hanshin Tigers,58,"Araki, Fumiya",1B,22,0.971,33,1,1,3,,91195133
2016,Regular Season,Hanshin Tigers,58,"Araki, Fumiya",2B,24,0.986,27,41,1,6,,91195133
2016,Regular Season,Hokkaido Nippon-Ham Fighters,28,"Arakaki, Hayato",P,4,1.000,0,2,0,0,,91195137
2016,Regular Season,Tokyo Yakult Swallows,14,"Akiyoshi, Ryo",P,70,1.000,3,17,0,0,,91195139
2016,Regular Season,Tokyo Yakult Swallows,38,"Terada, Tetsuya",P,2,1.000,0,1,0,0,,91295130
2016,Regular Season,Hiroshima Toyo Carp,22,"Nakamura, Kyohei",P,8,1.000,0,5,0,0,,91295133
2016,Regular Season,Saitama Seibu Lions,21,"Togame, Ken",P,21,0.778,10,4,4,0,,91295135
2016,Regular Season,Tokyo Yakult Swallows,51,"Fujii, Ryota",3B,3,0.857,1,5,1,1,,91295139
2016,Regular Season,Tokyo Yakult Swallows,51,"Fujii, Ryota",OF,2,1.000,4,0,0,0,,91295139
2016,Regular Season,Hanshin Tigers,57,"Okazaki, Taichi",C,38,1.000,212,16,0,3,1,91395110
2016,Regular Season,Yokohama DeNA Baystars,26,"Ide, Shotaro",1B,2,1.000,9,0,0,2,,91395115
2016,Regular Season,Yokohama DeNA Baystars,26,"Ide, Shotaro",OF,5,1.000,2,0,0,0,,91395115
2016,Regular Season,Hanshin Tigers,63,"Itayama, Yutaro",3B,1,1.000,0,1,0,0,,91395132
2016,Regular Season,Hanshin Tigers,63,"Itayama, Yutaro",OF,34,0.933,26,2,2,0,,91395132
2016,Regular Season,Hokkaido Nippon-Ham Fighters,66,"Oshima, Takumi",1B,3,1.000,8,1,0,1,,91395135
2016,Regular Season,Hokkaido Nippon-Ham Fighters,66,"Oshima, Takumi",C,3,0.833,4,1,1,0,0,91395135
2016,Regular Season,Fukuoka Softbank Hawks,51,"Uebayashi, Seiji",OF,6,1.000,2,0,0,0,,91395139
2016,Regular Season,Chiba Lotte Marines,27,"Furuya, Takuya",P,5,0.800,0,4,1,0,,91495112
2016,Regular Season,Orix Buffaloes,39,"Nishino, Masahiro",2B,142,0.979,344,448,17,80,,91495130
2016,Regular Season,Saitama Seibu Lions,10,"Mori, Tomoya",C,26,0.983,150,23,3,5,1,91495139
2016,Regular Season,Saitama Seibu Lions,10,"Mori, Tomoya",OF,49,0.958,69,0,3,0,,91495139
2016,Regular Season,Tokyo Yakult Swallows,2,"Obiki, Keiji",SS,99,0.990,125,258,4,45,,91595114
2016,Regular Season,Tokyo Yakult Swallows,32,"Kazahari, Ren",P,6,1.000,0,1,0,0,,91595130
2016,Regular Season,Hiroshima Toyo Carp,47,"Ono, Junpei",P,6,1.000,1,0,0,0,,91595131
2016,Climax Series - Final Stage,Hiroshima Toyo Carp,17,"Okada, Akitake",P,1,0.500,1,0,1,0,,91595132
2016,Japan Series,Hiroshima Toyo Carp,17,"Okada, Akitake",P,1,1.000,1,1,0,0,,91595132
2016,Regular Season,Hiroshima Toyo Carp,17,"Okada, Akitake",P,18,1.000,8,10,0,2,,91595132
2016,Regular Season,Fukuoka Softbank Hawks,62,"Kai, Takuya",C,12,1.000,16,2,0,0,0,91595133
2016,Regular Season,Fukuoka Softbank Hawks,57,"Kayama, Shinya",P,5,1.000,1,2,0,0,,91595135
2016,Climax Series - First Stage,Chiba Lotte Marines,65,"Katoh, Shohei",OF,1,1.000,1,0,0,0,,91595137
2016,Regular Season,Chiba Lotte Marines,65,"Katoh, Shohei",OF,77,0.992,128,2,1,1,,91595137
2016,Regular Season,Tokyo Yakult Swallows,56,"Okumura, Nobuyuki",2B,2,1.000,7,3,0,0,,91595139
2016,Regular Season,Chiba Lotte Marines,13,"Hirasawa, Taiga",2B,4,0.917,6,5,1,2,,91695132
2016,Regular Season,Chiba Lotte Marines,13,"Hirasawa, Taiga",SS,19,0.985,28,38,1,6,,91695132
2016,Climax Series - First Stage,Chiba Lotte Marines,33,"Minami, Masaki",P,2,1.000,0,1,0,0,,91695133
2016,Regular Season,Chiba Lotte Marines,33,"Minami, Masaki",P,57,1.000,2,6,0,0,,91695133
2016,Regular Season,Yokohama DeNA Baystars,40,"Matsui, Hyuma",2B,1,0.000,0,0,0,0,,91695135
2016,Regular Season,Yokohama DeNA Baystars,40,"Matsui, Hyuma",3B,12,0.864,8,11,3,3,,91695135
2016,Regular Season,Yokohama DeNA Baystars,40,"Matsui, Hyuma",SS,1,1.000,1,0,0,0,,91695135
2016,Regular Season,Chiba Lotte Marines,24,"Yoshida, Yuta",C,24,1.000,72,15,0,1,0,91695139
2016,Regular Season,Saitama Seibu Lions,11,"Kishi, Takayuki",P,19,0.971,13,21,1,1,,91795114
2016,Regular Season,Orix Buffaloes,65,"Kondoh, Kazuki",P,5,1.000,1,3,0,0,,91795115
2016,Regular Season,Tokyo Yakult Swallows,70,"Kondoh, Kazuki",P,8,1.000,1,2,0,0,,91795115
2016,Climax Series - Final Stage,Yokohama DeNA Baystars,5,"Kuramoto, Toshihiko",SS,4,1.000,3,13,0,1,,91795130
2016,Climax Series - First Stage,Yokohama DeNA Baystars,5,"Kuramoto, Toshihiko",SS,3,1.000,6,5,0,0,,91795130
2016,Regular Season,Yokohama DeNA Baystars,5,"Kuramoto, Toshihiko",3B,8,1.000,3,7,0,3,,91795130
2016,Regular Season,Yokohama DeNA Baystars,5,"Kuramoto, Toshihiko",SS,139,0.989,189,369,6,59,,91795130
2016,Climax Series - First Stage,Chiba Lotte Marines,1,"Kiyota, Ikuhiro",OF,2,1.000,3,0,0,0,,91795131
2016,Regular Season,Chiba Lotte Marines,1,"Kiyota, Ikuhiro",OF,105,0.994,167,1,1,1,,91795131
2016,Regular Season,Saitama Seibu Lions,57,"Kokuba, Tsubasa",P,2,1.000,1,0,0,0,,91795132
2016,Regular Season,Orix Buffaloes,38,"Kojima, Shuhei",1B,9,1.000,23,0,0,2,,91795135
2016,Regular Season,Orix Buffaloes,38,"Kojima, Shuhei",3B,7,0.875,1,6,1,0,,91795135
2016,Regular Season,Orix Buffaloes,38,"Kojima, Shuhei",OF,59,1.000,86,0,0,0,,91795135
2016,Climax Series - Final Stage,Hiroshima Toyo Carp,35,"Shimozuru, Ko",OF,1,1.000,1,0,0,0,,91795137
2016,Japan Series,Hiroshima Toyo Carp,35,"Shimozuru, Ko",OF,1,1.000,5,0,0,0,,91795137
2016,Regular Season,Hiroshima Toyo Carp,35,"Shimozuru, Ko",OF,34,1.000,41,0,0,0,,91795137
2016,Climax Series - First Stage,Yomiuri Giants,22,"Kobayashi, Seiji",C,3,1.000,27,2,0,1,0,91795139
2016,Regular Season,Yomiuri Giants,22,"Kobayashi, Seiji",C,129,0.994,969,93,6,15,4,91795139
2016,Regular Season,Hiroshima Toyo Carp,23,"Yabuta, Kazuki",P,16,1.000,1,7,0,0,,91895130
2016,Regular Season,Saitama Seibu Lions,66,"Matsumoto, Naoaki",P,2,0.000,0,0,0,0,,91895132
2016,Regular Season,Tokyo Yakult Swallows,1,"Yamada, Tetsuto",2B,133,0.993,304,417,5,70,,91895133
2016,Regular Season,Fukuoka Softbank Hawks,95,"Canizares, Barbaro",1B,2,1.000,13,0,0,0,,91895139
2016,Regular Season,Saitama Seibu Lions,27,"Sumitani, Ginjiro",C,117,0.992,645,71,6,8,4,91995112
2016,Climax Series - Final Stage,Fukuoka Softbank Hawks,50,"Settsu, Tadashi",P,1,1.000,0,1,0,0,,91995118
2016,Regular Season,Fukuoka Softbank Hawks,50,"Settsu, Tadashi",P,7,0.909,1,9,1,1,,91995118
2016,Regular Season,Hanshin Tigers,20,"Tsutsui, Kazuya",P,1,0.000,0,0,0,0,,91995119
2016,Climax Series - First Stage,Yomiuri Giants,7,"Chono, Hisayoshi",OF,3,1.000,7,0,0,0,,91995131
2016,Regular Season,Yomiuri Giants,7,"Chono, Hisayoshi",OF,141,0.995,209,5,1,1,,91995131
2016,Regular Season,Orix Buffaloes,33,"Shimada, Takuya",1B,7,1.000,9,0,0,1,,91995135
2016,Regular Season,Orix Buffaloes,33,"Shimada, Takuya",2B,2,1.000,3,6,0,1,,91995135
2016,Regular Season,Orix Buffaloes,33,"Shimada, Takuya",3B,6,0.900,0,9,1,1,,91995135
2016,Regular Season,Orix Buffaloes,33,"Shimada, Takuya",SS,11,0.946,13,22,2,4,,91995135
2016,Regular Season,Orix Buffaloes,56,"Takeda, Kengo",OF,10,1.000,13,1,0,0,,91995137
2016,Regular Season,Chunichi Dragons,33,"Sobue, Daisuke",P,46,0.909,5,5,1,0,,91995139
2016,Regular Season,Chunichi Dragons,98,"Septimo, Leyson",P,3,1.000,0,1,0,0,,93095132
2016,Regular Season,Chiba Lotte Marines,38,"I, Deun",P,3,1.000,0,3,0,0,,93195130
2016,Regular Season,Hanshin Tigers,54,"Messenger, Randy",P,28,0.952,10,30,2,1,,93195131
2016,Climax Series - First Stage,Yomiuri Giants,56,"Yamamoto, Yasuhiro",2B,3,1.000,1,9,0,0,,93195132
2016,Regular Season,Yomiuri Giants,56,"Yamamoto, Yasuhiro",2B,22,0.976,30,53,2,6,,93195132
2016,Climax Series - Final Stage,Yokohama DeNA Baystars,2,"Lopez, Jose",1B,4,1.000,44,4,0,0,,93195137
2016,Climax Series - First Stage,Yokohama DeNA Baystars,2,"Lopez, Jose",1B,3,1.000,19,5,0,0,,93195137
2016,Regular Season,Yokohama DeNA Baystars,2,"Lopez, Jose",1B,122,0.998,1021,83,2,81,,93195137
2016,Regular Season,Yokohama DeNA Baystars,2,"Lopez, Jose",3B,6,1.000,5,8,0,0,,93195137
2016,Regular Season,Tokyo Yakult Swallows,34,"Davies, Kyle",P,15,0.875,1,6,1,1,,93595132
2016,Regular Season,Yomiuri Giants,94,"Mendoza, Hector",P,3,1.000,0,1,0,0,,93595139
2016,Japan Series,Hiroshima Toyo Carp,66,"Hagens, Bradin",P,2,0.000,0,0,0,0,,93795132
2016,Regular Season,Hiroshima Toyo Carp,66,"Hagens, Bradin",P,50,0.941,15,17,2,1,,93795132
2016,Regular Season,Orix Buffaloes,25,"Misch, Pat",P,3,1.000,1,2,0,0,,93995132
