Season,Game Type,Team,#,Name,Position,G,PA,AB,BA,OBP,SLG,OPS,R,RBI,H,1B,2B,3B,HR,TB,SB,CS,BB,IBB,K,DP,DB,SH,SF,PlayerID
2019,Regular Season,Chiba Lotte Marines,47,"Tanaka, Yasuhiro",P,44,0,0,0.000,0.000,0.000,0.000,0,0,0,0,0,0,0,0,0,0,0,0,0,0,0,0,0,01005112
2019,Regular Season,Yomiuri Giants,5,"Nakajima, Hiroyuki",PH,43,65,54,0.148,0.277,0.278,0.555,5,5,8,3,4,0,1,15,1,0,9,0,21,1,1,0,1,01005113
2019,Regular Season,Tokyo Yakult Swallows,41,"Takai, Yuhei",RF,131,493,447,0.273,0.327,0.396,0.723,55,56,122,91,19,0,12,177,4,3,37,4,71,4,2,1,6,01005117
2019,Climax Series - Final Stage,Hanshin Tigers,9,"Takayama, Shun",RF,3,12,10,0.300,0.417,0.300,0.717,1,1,3,3,0,0,0,3,0,0,2,0,2,1,0,0,0,01005132
2019,Climax Series - First Stage,Hanshin Tigers,9,"Takayama, Shun",RF,3,7,6,0.333,0.429,0.667,1.096,3,0,2,0,2,0,0,4,1,0,0,0,0,0,1,0,0,01005132
2019,Regular Season,Hanshin Tigers,9,"Takayama, Shun",RF,105,300,271,0.269,0.336,0.369,0.705,25,29,73,56,12,0,5,100,9,3,24,4,56,3,3,2,0,01005132
2019,Climax Series - Final Stage,Fukuoka Softbank Hawks,41,"Senga, Koudai",P,1,0,0,0.000,0.000,0.000,0.000,0,0,0,0,0,0,0,0,0,0,0,0,0,0,0,0,0,01005133
2019,Climax Series - First Stage,Fukuoka Softbank Hawks,41,"Senga, Koudai",P,1,0,0,0.000,0.000,0.000,0.000,0,0,0,0,0,0,0,0,0,0,0,0,0,0,0,0,0,01005133
2019,Japan Series,Fukuoka Softbank Hawks,41,"Senga, Koudai",P,1,0,0,0.000,0.000,0.000,0.000,0,0,0,0,0,0,0,0,0,0,0,0,0,0,0,0,0,01005133
2019,Regular Season,Fukuoka Softbank Hawks,41,"Senga, Koudai",P,26,6,6,0.333,0.333,0.500,0.833,0,0,2,1,1,0,0,3,0,0,0,0,2,0,0,0,0,01005133
2019,Climax Series - Final Stage,Fukuoka Softbank Hawks,18,"Takeda, Shota",P,1,0,0,0.000,0.000,0.000,0.000,0,0,0,0,0,0,0,0,0,0,0,0,0,0,0,0,0,01005135
2019,Regular Season,Fukuoka Softbank Hawks,18,"Takeda, Shota",P,32,1,1,0.000,0.000,0.000,0.000,0,0,0,0,0,0,0,0,0,0,0,0,0,0,0,0,0,01005135
2019,Climax Series - First Stage,Fukuoka Softbank Hawks,28,"Takahashi, Rei",P,1,0,0,0.000,0.000,0.000,0.000,0,0,0,0,0,0,0,0,0,0,0,0,0,0,0,0,0,01005136
2019,Japan Series,Fukuoka Softbank Hawks,28,"Takahashi, Rei",P,1,0,0,0.000,0.000,0.000,0.000,0,0,0,0,0,0,0,0,0,0,0,0,0,0,0,0,0,01005136
2019,Regular Season,Fukuoka Softbank Hawks,28,"Takahashi, Rei",P,23,4,4,0.250,0.250,0.250,0.500,0,0,1,1,0,0,0,1,0,0,0,0,2,0,0,0,0,01005136
2019,Regular Season,Fukuoka Softbank Hawks,16,"Higashihama, Nao",P,7,0,0,0.000,0.000,0.000,0.000,0,0,0,0,0,0,0,0,0,0,0,0,0,0,0,0,0,01005137
2019,Regular Season,Yokohama DeNA Baystars,30,"Iizuka, Satoshi",P,5,2,2,0.000,0.000,0.000,0.000,0,0,0,0,0,0,0,0,0,0,0,0,1,0,0,0,0,01105130
2019,Regular Season,Tokyo Yakult Swallows,10,"Araki, Takahiro",PH,93,140,124,0.250,0.329,0.347,0.676,12,22,31,23,6,0,2,43,1,0,13,1,29,1,2,0,1,01105131
2019,Regular Season,Yokohama DeNA Baystars,49,"Akama, Ken",P,7,0,0,0.000,0.000,0.000,0.000,0,0,0,0,0,0,0,0,0,0,0,0,0,0,0,0,0,01105132
2019,Climax Series - Final Stage,Yomiuri Giants,36,"Ishikawa, Shingo",PH,1,1,1,0.000,0.000,0.000,0.000,0,0,0,0,0,0,0,0,0,0,0,0,0,0,0,0,0,01105135
2019,Japan Series,Yomiuri Giants,36,"Ishikawa, Shingo",PH,2,2,2,0.000,0.000,0.000,0.000,0,0,0,0,0,0,0,0,0,0,0,0,0,0,0,0,0,01105135
2019,Regular Season,Yomiuri Giants,36,"Ishikawa, Shingo",PH,55,76,70,0.257,0.316,0.457,0.773,12,10,18,12,2,0,4,32,0,0,6,1,14,2,0,0,0,01105135
2019,Regular Season,Hanshin Tigers,56,"Iida, Yuya",P,3,0,0,0.000,0.000,0.000,0.000,0,0,0,0,0,0,0,0,0,0,0,0,0,0,0,0,0,01105137
2019,Regular Season,Fukuoka Softbank Hawks,53,"Izumi, Keisuke",P,14,0,0,0.000,0.000,0.000,0.000,0,0,0,0,0,0,0,0,0,0,0,0,0,0,0,0,0,01105138
2019,Regular Season,Chunichi Dragons,63,"Donoue, Naomichi",PH,98,217,193,0.212,0.262,0.446,0.708,25,39,41,20,9,0,12,86,1,0,13,0,56,4,0,11,0,01205114
2019,Regular Season,Hiroshima Toyo Carp,20,"Nagakawa, Katsuhiro",P,1,0,0,0.000,0.000,0.000,0.000,0,0,0,0,0,0,0,0,0,0,0,0,0,0,0,0,0,01205117
2019,Regular Season,Chiba Lotte Marines,29,"Nishino, Yuji",P,37,0,0,0.000,0.000,0.000,0.000,0,0,0,0,0,0,0,0,0,0,0,0,0,0,0,0,0,01205118
2019,Regular Season,Saitama Seibu Lions,71,"Togawa, Daisuke",RF,10,25,23,0.174,0.240,0.348,0.588,3,1,4,2,1,0,1,8,0,1,2,0,4,0,0,0,0,01205130
2019,Regular Season,Saitama Seibu Lions,40,"Tamura, Ichiro",P,6,0,0,0.000,0.000,0.000,0.000,0,0,0,0,0,0,0,0,0,0,0,0,0,0,0,0,0,01205134
2019,Regular Season,Chiba Lotte Marines,28,"Matsunaga, Takahiro",P,46,0,0,0.000,0.000,0.000,0.000,0,0,0,0,0,0,0,0,0,0,0,0,0,0,0,0,0,01205137
2019,Regular Season,Chiba Lotte Marines,48,"Nakamura, Toshiya",P,10,0,0,0.000,0.000,0.000,0.000,0,0,0,0,0,0,0,0,0,0,0,0,0,0,0,0,0,01205138
2019,Regular Season,Tohoku Rakuten Golden Eagles,8,"Imae, Toshiaki",3B,26,79,76,0.276,0.304,0.342,0.646,7,7,21,18,2,0,1,26,0,1,3,0,16,6,0,0,0,01305115
2019,Climax Series - Final Stage,Hanshin Tigers,00,"Uemoto, Hiroki",PH,3,3,3,0.000,0.000,0.000,0.000,0,0,0,0,0,0,0,0,0,0,0,0,1,0,0,0,0,01305118
2019,Climax Series - First Stage,Hanshin Tigers,00,"Uemoto, Hiroki",PH,2,4,4,0.750,0.750,0.750,1.500,1,1,3,3,0,0,0,3,0,0,0,0,1,0,0,0,0,01305118
2019,Regular Season,Hanshin Tigers,00,"Uemoto, Hiroki",PH,62,119,104,0.192,0.267,0.260,0.527,10,6,20,15,4,0,1,27,5,0,11,0,37,1,0,3,1,01305118
2019,Climax Series - Final Stage,Hanshin Tigers,62,"Ueda, Kai",PR,3,1,1,0.000,0.000,0.000,0.000,0,0,0,0,0,0,0,0,0,0,0,0,0,0,0,0,0,01305130
2019,Climax Series - First Stage,Hanshin Tigers,62,"Ueda, Kai",PR,3,1,1,0.000,0.000,0.000,0.000,2,0,0,0,0,0,0,0,1,1,0,0,0,0,0,0,0,01305130
2019,Regular Season,Hanshin Tigers,62,"Ueda, Kai",PR,81,37,33,0.242,0.286,0.333,0.619,22,2,8,7,0,0,1,11,12,2,1,0,8,0,1,2,0,01305130
2019,Regular Season,Chunichi Dragons,8,"Ohshima, Yohei",CF,143,623,558,0.312,0.376,0.380,0.756,89,45,174,145,23,3,3,212,30,7,50,3,78,5,9,3,3,01305131
2019,Climax Series - First Stage,Yokohama DeNA Baystars,21,"Imanaga, Shota",P,2,1,1,0.000,0.000,0.000,0.000,0,0,0,0,0,0,0,0,0,0,0,0,1,0,0,0,0,01305132
2019,Regular Season,Yokohama DeNA Baystars,21,"Imanaga, Shota",P,25,56,43,0.163,0.200,0.163,0.363,2,1,7,7,0,0,0,7,0,0,2,0,9,2,0,11,0,01305132
2019,Climax Series - Final Stage,Saitama Seibu Lions,30,"Enokida, Daiki",P,1,0,0,0.000,0.000,0.000,0.000,0,0,0,0,0,0,0,0,0,0,0,0,0,0,0,0,0,01305133
2019,Regular Season,Saitama Seibu Lions,30,"Enokida, Daiki",P,13,1,1,0.000,0.000,0.000,0.000,0,0,0,0,0,0,0,0,0,0,0,0,0,0,0,0,0,01305133
2019,Regular Season,Tokyo Yakult Swallows,15,"Ohshita, Yuma",P,31,0,0,0.000,0.000,0.000,0.000,0,0,0,0,0,0,0,0,0,0,0,0,0,0,0,0,0,01305136
2019,Regular Season,Yokohama DeNA Baystars,16,"Ohnuki, Shinichi",P,15,19,16,0.188,0.188,0.188,0.376,1,0,3,3,0,0,0,3,0,0,0,0,6,0,0,3,0,01305138
2019,Regular Season,Tohoku Rakuten Golden Eagles,36,"Uchida, Yasuhito",PH,2,5,2,0.000,0.600,0.000,0.600,0,0,0,0,0,0,0,0,0,0,2,0,0,0,1,0,0,01305139
2019,Regular Season,Hiroshima Toyo Carp,55,"Matsuyama, Ryuhei",LF,110,327,294,0.259,0.327,0.374,0.701,21,49,76,55,14,1,6,110,0,0,29,1,42,7,2,0,2,01405116
2019,Regular Season,Hiroshima Toyo Carp,37,"Noma, Takayoshi",CF,123,353,314,0.248,0.317,0.331,0.648,52,16,78,61,10,5,2,104,14,2,27,3,56,5,5,6,1,01405130
2019,Regular Season,Orix Buffaloes,25,"Nishimura, Ryo",RF,19,53,49,0.265,0.294,0.449,0.743,3,4,13,8,3,0,2,22,2,0,2,0,10,1,0,2,0,01405136
2019,Climax Series - Final Stage,Fukuoka Softbank Hawks,38,"Mori, Yuito",P,3,0,0,0.000,0.000,0.000,0.000,0,0,0,0,0,0,0,0,0,0,0,0,0,0,0,0,0,01405139
2019,Climax Series - First Stage,Fukuoka Softbank Hawks,38,"Mori, Yuito",P,2,0,0,0.000,0.000,0.000,0.000,0,0,0,0,0,0,0,0,0,0,0,0,0,0,0,0,0,01405139
2019,Japan Series,Fukuoka Softbank Hawks,38,"Mori, Yuito",P,4,0,0,0.000,0.000,0.000,0.000,0,0,0,0,0,0,0,0,0,0,0,0,0,0,0,0,0,01405139
2019,Regular Season,Fukuoka Softbank Hawks,38,"Mori, Yuito",P,54,0,0,0.000,0.000,0.000,0.000,0,0,0,0,0,0,0,0,0,0,0,0,0,0,0,0,0,01405139
2019,Regular Season,Tohoku Rakuten Golden Eagles,58,"Karashima, Wataru",P,27,3,3,0.000,0.000,0.000,0.000,0,0,0,0,0,0,0,0,0,0,0,0,2,0,0,0,0,01505118
2019,Regular Season,Fukuoka Softbank Hawks,67,"Kasaya, Shunsuke",P,2,0,0,0.000,0.000,0.000,0.000,0,0,0,0,0,0,0,0,0,0,0,0,0,0,0,0,0,01505130
2019,Climax Series - First Stage,Tohoku Rakuten Golden Eagles,9,"Okoye, Louis",RF,3,6,6,0.333,0.333,0.833,1.166,1,1,2,1,0,0,1,5,0,0,0,0,0,0,0,0,0,01505132
2019,Regular Season,Tohoku Rakuten Golden Eagles,9,"Okoye, Louis",RF,52,122,110,0.182,0.242,0.300,0.542,12,15,20,13,4,0,3,33,5,1,6,0,29,3,3,2,1,01505132
2019,Regular Season,Orix Buffaloes,95,"Kambe, Fumiya",P,19,0,0,0.000,0.000,0.000,0.000,0,0,0,0,0,0,0,0,0,0,0,0,0,0,0,0,0,01505134
2019,Regular Season,Hokkaido Nippon-Ham Fighters,63,"Kitaura, Ryuji",P,6,0,0,0.000,0.000,0.000,0.000,0,0,0,0,0,0,0,0,0,0,0,0,0,0,0,0,0,01505136
2019,Climax Series - Final Stage,Saitama Seibu Lions,8,"Kaneko, Yuji",LF,4,15,12,0.333,0.467,0.417,0.884,2,0,4,3,1,0,0,5,2,0,3,0,1,0,0,0,0,01505137
2019,Regular Season,Saitama Seibu Lions,8,"Kaneko, Yuji",LF,133,524,463,0.251,0.324,0.292,0.616,60,33,116,104,8,1,3,135,41,10,49,1,81,3,3,6,3,01505137
2019,Regular Season,Hokkaido Nippon-Ham Fighters,45,"Hiranuma, Shota",3B,73,184,165,0.236,0.291,0.333,0.624,20,16,39,27,9,2,1,55,2,1,10,0,26,3,3,5,1,01605132
2019,Climax Series - First Stage,Tohoku Rakuten Golden Eagles,15,"Mima, Manabu",P,1,0,0,0.000,0.000,0.000,0.000,0,0,0,0,0,0,0,0,0,0,0,0,0,0,0,0,0,01605133
2019,Regular Season,Tohoku Rakuten Golden Eagles,15,"Mima, Manabu",P,25,4,4,0.250,0.250,0.250,0.500,1,0,1,1,0,0,0,1,0,0,0,0,1,0,0,0,0,01605133
2019,Regular Season,Hanshin Tigers,40,"Fukunaga, Shungo",P,3,0,0,0.000,0.000,0.000,0.000,0,0,0,0,0,0,0,0,0,0,0,0,0,0,0,0,0,01605134
2019,Regular Season,Fukuoka Softbank Hawks,42,"Matsuda, Ryoma",P,51,0,0,0.000,0.000,0.000,0.000,0,0,0,0,0,0,0,0,0,0,0,0,0,0,0,0,0,01605135
2019,Regular Season,Orix Buffaloes,4,"Fukuda, Shuhei",2B,135,583,492,0.250,0.342,0.309,0.651,65,38,123,103,13,5,2,152,30,14,62,0,57,7,8,19,2,01605136
2019,Climax Series - Final Stage,Fukuoka Softbank Hawks,31,"Kurihara, Ryoya",PH,1,0,0,0.000,0.000,0.000,0.000,1,0,0,0,0,0,0,0,0,0,0,0,0,0,0,0,0,01705130
2019,Regular Season,Fukuoka Softbank Hawks,31,"Kurihara, Ryoya",PH,32,45,39,0.231,0.311,0.359,0.670,4,7,9,7,0,1,1,14,0,0,3,0,10,1,2,0,1,01705130
2019,Climax Series - First Stage,Yokohama DeNA Baystars,65,"Kuniyoshi, Yuki",P,2,0,0,0.000,0.000,0.000,0.000,0,0,0,0,0,0,0,0,0,0,0,0,0,0,0,0,0,01705131
2019,Regular Season,Yokohama DeNA Baystars,65,"Kuniyoshi, Yuki",P,53,7,7,0.000,0.000,0.000,0.000,0,0,0,0,0,0,0,0,0,0,0,0,2,0,0,0,0,01705131
2019,Regular Season,Tokyo Yakult Swallows,57,"Koga, Yudai",C,11,17,15,0.200,0.250,0.200,0.450,1,0,3,3,0,0,0,3,0,0,1,0,2,0,0,1,0,01705134
2019,Regular Season,Saitama Seibu Lions,62,"Komazuki, Hitoto",C,7,7,7,0.143,0.143,0.143,0.286,1,0,1,1,0,0,0,1,0,0,0,0,1,0,0,0,0,01705135
2019,Regular Season,Tohoku Rakuten Golden Eagles,12,"Kondoh, Hiroki",P,2,0,0,0.000,0.000,0.000,0.000,0,0,0,0,0,0,0,0,0,0,0,0,0,0,0,0,0,01705136
2019,Regular Season,Hiroshima Toyo Carp,51,"Kozono, Kaito",SS,58,197,188,0.213,0.241,0.324,0.565,17,16,40,27,9,0,4,61,1,0,6,1,42,1,1,2,0,01705138
2019,Regular Season,Chunichi Dragons,43,"Mitsuma, Takuya",P,29,2,2,0.000,0.000,0.000,0.000,0,0,0,0,0,0,0,0,0,0,0,0,0,0,0,0,0,01805132
2019,Regular Season,Tokyo Yakult Swallows,39,"Miyamoto, Takeshi",PH,26,47,42,0.143,0.217,0.143,0.360,5,0,6,6,0,0,0,6,2,1,4,0,19,2,0,1,0,01805136
2019,Regular Season,Yomiuri Giants,9,"Yamashita, Kota",PH,12,13,12,0.167,0.231,0.250,0.481,1,0,2,1,1,0,0,3,0,0,1,0,2,0,0,0,0,01805138
2019,Regular Season,Tohoku Rakuten Golden Eagles,37,"Shima, Motohiro",C,57,131,110,0.209,0.298,0.336,0.634,12,15,23,15,5,0,3,37,0,0,13,0,20,3,1,7,0,01905114
2019,Climax Series - Final Stage,Saitama Seibu Lions,34,"Sano, Yasuo",P,1,0,0,0.000,0.000,0.000,0.000,0,0,0,0,0,0,0,0,0,0,0,0,0,0,0,0,0,01905130
2019,Regular Season,Saitama Seibu Lions,34,"Sano, Yasuo",P,44,0,0,0.000,0.000,0.000,0.000,0,0,0,0,0,0,0,0,0,0,0,0,0,0,0,0,0,01905130
2019,Regular Season,Hokkaido Nippon-Ham Fighters,1,"Saitoh, Yuki",P,11,0,0,0.000,0.000,0.000,0.000,0,0,0,0,0,0,0,0,0,0,0,0,0,0,0,0,0,01905133
2019,Regular Season,Orix Buffaloes,49,"Sawada, Keisuke",P,28,0,0,0.000,0.000,0.000,0.000,0,0,0,0,0,0,0,0,0,0,0,0,0,0,0,0,0,01905134
2019,Regular Season,Chunichi Dragons,50,"Shimizu, Tatsuya",P,8,9,7,0.286,0.286,0.286,0.572,0,0,2,2,0,0,0,2,0,0,0,0,3,1,0,2,0,01905136
2019,Climax Series - First Stage,Yokohama DeNA Baystars,59,"Taira, Kentaro",P,1,1,1,0.000,0.000,0.000,0.000,0,0,0,0,0,0,0,0,0,0,0,0,0,0,0,0,0,01905139
2019,Regular Season,Yokohama DeNA Baystars,59,"Taira, Kentaro",P,15,20,19,0.105,0.105,0.105,0.210,1,0,2,2,0,0,0,2,0,0,0,0,11,0,0,1,0,01905139
2019,Climax Series - First Stage,Tohoku Rakuten Golden Eagles,40,"Wheeler, Zelous",3B,3,9,8,0.250,0.333,0.250,0.583,0,0,2,2,0,0,0,2,0,0,1,1,4,0,0,0,0,03105130
2019,Regular Season,Tohoku Rakuten Golden Eagles,40,"Wheeler, Zelous",3B,117,472,411,0.243,0.320,0.418,0.738,53,67,100,66,15,0,19,172,3,5,43,0,96,22,8,0,10,03105130
2019,Regular Season,Hokkaido Nippon-Ham Fighters,58,"Yokoo, Toshitake",3B,78,191,170,0.188,0.268,0.300,0.568,7,13,32,19,10,0,3,51,0,0,15,2,34,4,4,1,1,03105132
2019,Regular Season,Chunichi Dragons,59,"Yamamoto, Takumi",P,9,13,11,0.091,0.091,0.091,0.182,0,1,1,1,0,0,0,1,0,0,0,0,8,0,0,2,0,03105136
2019,Regular Season,Orix Buffaloes,42,"Eppler, Tyler",P,24,0,0,0.000,0.000,0.000,0.000,0,0,0,0,0,0,0,0,0,0,0,0,0,0,0,0,0,03105138
2019,Regular Season,Chunichi Dragons,31,"Watanabe, Masaru",PH,27,29,27,0.148,0.172,0.222,0.394,3,2,4,2,2,0,0,6,1,0,1,0,11,0,0,0,1,03305132
2019,Regular Season,Chiba Lotte Marines,85,"Mann, Brandon",P,14,0,0,0.000,0.000,0.000,0.000,0,0,0,0,0,0,0,0,0,0,0,0,0,0,0,0,0,03305133
2019,Climax Series - First Stage,Tohoku Rakuten Golden Eagles,32,"Busenitz, Alan",P,1,0,0,0.000,0.000,0.000,0.000,0,0,0,0,0,0,0,0,0,0,0,0,0,0,0,0,0,03305138
2019,Regular Season,Tohoku Rakuten Golden Eagles,32,"Busenitz, Alan",P,54,0,0,0.000,0.000,0.000,0.000,0,0,0,0,0,0,0,0,0,0,0,0,0,0,0,0,0,03305138
2019,Climax Series - Final Stage,Hanshin Tigers,98,"Dolis, Rafael",P,1,0,0,0.000,0.000,0.000,0.000,0,0,0,0,0,0,0,0,0,0,0,0,0,0,0,0,0,03505132
2019,Climax Series - First Stage,Hanshin Tigers,98,"Dolis, Rafael",P,3,0,0,0.000,0.000,0.000,0.000,0,0,0,0,0,0,0,0,0,0,0,0,0,0,0,0,0,03505132
2019,Regular Season,Hanshin Tigers,98,"Dolis, Rafael",P,56,0,0,0.000,0.000,0.000,0.000,0,0,0,0,0,0,0,0,0,0,0,0,0,0,0,0,0,03505132
2019,Climax Series - First Stage,Yokohama DeNA Baystars,99,"Soto, Neftali",RF,3,14,12,0.417,0.500,0.417,0.917,3,0,5,5,0,0,0,5,0,0,2,0,4,0,0,0,0,03505136
2019,Regular Season,Yokohama DeNA Baystars,99,"Soto, Neftali",RF,141,584,516,0.269,0.348,0.554,0.902,82,108,139,78,18,0,43,286,0,0,59,4,98,14,5,0,4,03505136
2019,Regular Season,Chunichi Dragons,70,"Romero, Enny",P,21,38,31,0.032,0.118,0.032,0.150,0,0,1,1,0,0,0,1,0,0,3,0,22,0,0,4,0,03505138
2019,Climax Series - Final Stage,Fukuoka Softbank Hawks,54,"Despaigne, Alfredo",DH,4,20,17,0.294,0.400,0.353,0.753,1,1,5,4,1,0,0,6,0,0,3,0,5,0,0,0,0,03505139
2019,Climax Series - First Stage,Fukuoka Softbank Hawks,54,"Despaigne, Alfredo",DH,3,11,10,0.500,0.545,0.800,1.345,2,3,5,4,0,0,1,8,0,0,1,0,2,0,0,0,0,03505139
2019,Japan Series,Fukuoka Softbank Hawks,54,"Despaigne, Alfredo",DH,4,14,12,0.250,0.357,0.250,0.607,1,3,3,3,0,0,0,3,0,0,1,0,3,0,1,0,0,03505139
2019,Regular Season,Fukuoka Softbank Hawks,54,"Despaigne, Alfredo",DH,130,519,448,0.259,0.355,0.520,0.875,61,88,116,71,9,0,36,233,0,1,63,1,119,6,5,0,3,03505139
2019,Climax Series - First Stage,Yokohama DeNA Baystars,53,"Patton, Spencer",P,1,0,0,0.000,0.000,0.000,0.000,0,0,0,0,0,0,0,0,0,0,0,0,0,0,0,0,0,03705134
2019,Regular Season,Yokohama DeNA Baystars,53,"Patton, Spencer",P,42,1,1,0.000,0.000,0.000,0.000,0,0,0,0,0,0,0,0,0,0,0,0,1,0,0,0,0,03705134
2019,Regular Season,Hanshin Tigers,42,"Solarte, Yangervis",2B,20,80,69,0.188,0.275,0.406,0.681,6,9,13,6,3,0,4,28,0,0,9,0,13,4,0,0,2,03705138
2019,Regular Season,Orix Buffaloes,46,"Naruse, Yoshihisa",P,6,0,0,0.000,0.000,0.000,0.000,0,0,0,0,0,0,0,0,0,0,0,0,0,0,0,0,0,11015119
2019,Regular Season,Tohoku Rakuten Golden Eagles,17,"Shiomi, Takahiro",P,9,2,2,0.000,0.000,0.000,0.000,0,0,0,0,0,0,0,0,0,0,0,0,1,0,0,0,0,11015133
2019,Climax Series - First Stage,Tohoku Rakuten Golden Eagles,7,"Tatsumi, Ryosuke",CF,3,5,5,0.200,0.200,0.200,0.400,1,0,1,1,0,0,0,1,0,0,0,0,0,0,0,0,0,11015138
2019,Regular Season,Tohoku Rakuten Golden Eagles,7,"Tatsumi, Ryosuke",CF,124,369,314,0.229,0.320,0.318,0.638,42,25,72,54,12,2,4,100,13,3,39,1,101,4,4,10,2,11015138
2019,Regular Season,Orix Buffaloes,26,"Tohmei, Daiki",P,7,0,0,0.000,0.000,0.000,0.000,0,0,0,0,0,0,0,0,0,0,0,0,0,0,0,0,0,11015139
2019,Climax Series - Final Stage,Fukuoka Softbank Hawks,7,"Nakamura, Akira",RF,3,15,11,0.455,0.538,0.909,1.447,1,4,5,2,2,0,1,10,0,0,2,0,0,0,0,2,0,11215116
2019,Climax Series - First Stage,Fukuoka Softbank Hawks,7,"Nakamura, Akira",RF,3,10,8,0.000,0.200,0.000,0.200,2,0,0,0,0,0,0,0,0,0,1,0,3,0,1,0,0,11215116
2019,Japan Series,Fukuoka Softbank Hawks,7,"Nakamura, Akira",RF,4,9,7,0.429,0.444,0.571,1.015,1,1,3,2,1,0,0,4,0,0,1,0,1,0,0,0,1,11215116
2019,Regular Season,Fukuoka Softbank Hawks,7,"Nakamura, Akira",RF,44,159,139,0.245,0.321,0.345,0.666,10,11,34,27,3,1,3,48,0,0,15,0,13,0,1,3,1,11215116
2019,Regular Season,Hokkaido Nippon-Ham Fighters,9,"Nakashima, Takuya",SS,120,328,291,0.220,0.278,0.244,0.522,39,16,64,58,5,1,0,71,12,5,22,0,70,2,2,12,1,11215118
2019,Regular Season,Tokyo Yakult Swallows,67,"Hirai, Ryo",P,20,0,0,0.000,0.000,0.000,0.000,0,0,0,0,0,0,0,0,0,0,0,0,0,0,0,0,0,11215131
2019,Regular Season,Tohoku Rakuten Golden Eagles,25,"Tanaka, Kazuki",CF,59,193,160,0.188,0.298,0.269,0.567,22,9,30,21,6,2,1,43,3,7,26,1,37,3,0,5,2,11215134
2019,Regular Season,Fukuoka Softbank Hawks,32,"Tsukada, Masayoshi",PH,18,24,18,0.222,0.417,0.389,0.806,1,3,4,3,0,0,1,7,0,0,5,2,6,1,1,0,0,11215135
2019,Climax Series - Final Stage,Hanshin Tigers,2,"Hojoh, Fumiya",SS,4,15,12,0.333,0.467,0.417,0.884,0,1,4,3,1,0,0,5,1,0,2,0,4,0,1,0,0,11215137
2019,Climax Series - First Stage,Hanshin Tigers,2,"Hojoh, Fumiya",SS,3,14,11,0.364,0.364,0.909,1.273,2,6,4,1,1,1,1,10,0,0,0,0,2,0,0,3,0,11215137
2019,Regular Season,Hanshin Tigers,2,"Hojoh, Fumiya",SS,82,211,174,0.247,0.338,0.374,0.712,18,20,43,31,7,0,5,65,2,0,23,0,40,3,1,13,0,11215137
2019,Regular Season,Fukuoka Softbank Hawks,43,"Egawa, Tomoaki",PH,11,17,15,0.333,0.412,0.333,0.745,1,0,5,5,0,0,0,5,0,0,1,0,3,0,1,0,0,11315110
2019,Regular Season,Tokyo Yakult Swallows,19,"Ishikawa, Masanori",P,23,41,34,0.235,0.257,0.235,0.492,3,4,8,8,0,0,0,8,0,0,1,0,8,0,0,6,0,11315115
2019,Climax Series - First Stage,Yokohama DeNA Baystars,14,"Ishida, Kenta",P,2,1,1,0.000,0.000,0.000,0.000,0,0,0,0,0,0,0,0,0,0,0,0,0,0,0,0,0,11315130
2019,Regular Season,Yokohama DeNA Baystars,14,"Ishida, Kenta",P,40,15,12,0.167,0.167,0.250,0.417,1,4,2,1,1,0,0,3,0,0,0,0,4,1,0,3,0,11315130
2019,Regular Season,Hokkaido Nippon-Ham Fighters,70,"Imai, Junnosuke",3B,2,7,7,0.143,0.143,0.143,0.286,0,1,1,1,0,0,0,1,0,0,0,0,2,0,0,0,0,11315134
2019,Regular Season,Saitama Seibu Lions,36,"Itoh, Sho",P,6,0,0,0.000,0.000,0.000,0.000,0,0,0,0,0,0,0,0,0,0,0,0,0,0,0,0,0,11315136
2019,Regular Season,Chiba Lotte Marines,44,"Inoue, Seiya",1B,129,509,429,0.252,0.362,0.462,0.824,60,65,108,67,16,1,24,198,0,0,67,1,98,10,9,0,3,11315139
2019,Regular Season,Hiroshima Toyo Carp,28,"Tokoda, Hiroki",P,25,49,39,0.128,0.209,0.154,0.363,1,1,5,4,1,0,0,6,0,0,4,0,16,1,0,6,0,11415134
2019,Regular Season,Saitama Seibu Lions,32,"Nagae, Kyohei",3B,27,26,21,0.095,0.240,0.143,0.383,4,1,2,1,1,0,0,3,1,1,4,0,12,0,0,1,0,11415135
2019,Regular Season,Fukuoka Softbank Hawks,69,"Mima, Yuki",PH,15,22,22,0.091,0.091,0.273,0.364,4,1,2,0,1,0,1,6,0,0,0,0,5,0,0,0,0,11415137
2019,Regular Season,Fukuoka Softbank Hawks,55,"Nomura, Daiju",3B,2,2,2,0.500,0.500,0.500,1.000,0,0,1,1,0,0,0,1,0,0,0,0,0,0,0,0,0,11415138
2019,Climax Series - Final Stage,Yomiuri Giants,17,"Ohtake, Kan",P,3,0,0,0.000,0.000,0.000,0.000,0,0,0,0,0,0,0,0,0,0,0,0,0,0,0,0,0,11515115
2019,Japan Series,Yomiuri Giants,17,"Ohtake, Kan",P,1,0,0,0.000,0.000,0.000,0.000,0,0,0,0,0,0,0,0,0,0,0,0,0,0,0,0,0,11515115
2019,Regular Season,Yomiuri Giants,17,"Ohtake, Kan",P,32,0,0,0.000,0.000,0.000,0.000,0,0,0,0,0,0,0,0,0,0,0,0,0,0,0,0,0,11515115
2019,Regular Season,Chunichi Dragons,64,"Oguma, Ryosuke",P,14,0,0,0.000,0.000,0.000,0.000,0,0,0,0,0,0,0,0,0,0,0,0,0,0,0,0,0,11515118
2019,Climax Series - Final Stage,Yomiuri Giants,25,"Okamoto, Kazuma",1B,4,17,15,0.533,0.588,1.267,1.855,4,7,8,3,2,0,3,19,0,0,2,0,1,0,0,0,0,11515130
2019,Japan Series,Yomiuri Giants,25,"Okamoto, Kazuma",1B,4,16,16,0.188,0.188,0.375,0.563,1,3,3,2,0,0,1,6,0,0,0,0,3,1,0,0,0,11515130
2019,Regular Season,Yomiuri Giants,25,"Okamoto, Kazuma",1B,143,628,555,0.265,0.343,0.485,0.828,84,94,147,87,29,0,31,269,3,0,62,3,132,15,6,2,3,11515130
2019,Regular Season,Chunichi Dragons,21,"Okada, Toshiya",P,53,0,0,0.000,0.000,0.000,0.000,0,0,0,0,0,0,0,0,0,0,0,0,0,0,0,0,0,11515131
2019,Regular Season,Orix Buffaloes,10,"Ohshiro, Koji",SS,91,345,302,0.262,0.329,0.364,0.693,36,28,79,56,18,2,3,110,11,10,25,0,56,4,6,11,1,11515132
2019,Regular Season,Chunichi Dragons,22,"Ohno, Yudai",P,25,56,48,0.083,0.120,0.083,0.203,1,1,4,4,0,0,0,4,0,0,2,0,24,0,0,6,0,11515133
2019,Regular Season,Yokohama DeNA Baystars,94,"Kasai, Takamasa",P,16,1,1,0.000,0.000,0.000,0.000,0,0,0,0,0,0,0,0,0,0,0,0,1,0,0,0,0,11515134
2019,Regular Season,Tokyo Yakult Swallows,29,"Ogawa, Yasuhiro",P,26,52,45,0.089,0.180,0.156,0.336,3,5,4,1,3,0,0,7,0,0,5,0,20,0,0,2,0,11515137
2019,Regular Season,Chiba Lotte Marines,43,"Ojima, Kazuya",P,10,0,0,0.000,0.000,0.000,0.000,0,0,0,0,0,0,0,0,0,0,0,0,0,0,0,0,0,11515138
2019,Regular Season,Chiba Lotte Marines,25,"Oka, Hiromi",RF,95,182,154,0.227,0.330,0.409,0.739,36,16,35,20,8,1,6,63,13,1,18,1,32,5,6,3,1,11515139
2019,Climax Series - Final Stage,Fukuoka Softbank Hawks,37,"Fukuda, Shuhei",CF,4,6,5,0.200,0.333,0.400,0.733,0,2,1,0,1,0,0,2,0,0,1,0,1,0,0,0,0,11615114
2019,Climax Series - First Stage,Fukuoka Softbank Hawks,37,"Fukuda, Shuhei",CF,2,8,7,0.429,0.500,1.000,1.500,1,1,3,1,1,0,1,7,0,1,1,0,3,0,0,0,0,11615114
2019,Japan Series,Fukuoka Softbank Hawks,37,"Fukuda, Shuhei",CF,4,7,7,0.286,0.286,0.714,1.000,2,3,2,1,0,0,1,5,1,0,0,0,1,0,0,0,0,11615114
2019,Regular Season,Fukuoka Softbank Hawks,37,"Fukuda, Shuhei",CF,80,183,166,0.259,0.302,0.470,0.772,27,26,43,26,8,0,9,78,9,3,11,1,48,1,0,4,2,11615114
2019,Regular Season,Hokkaido Nippon-Ham Fighters,56,"Fujioka, Takahiro",P,2,0,0,0.000,0.000,0.000,0.000,0,0,0,0,0,0,0,0,0,0,0,0,0,0,0,0,0,11615135
2019,Regular Season,Hokkaido Nippon-Ham Fighters,32,"Yachi, Ryota",3B,24,26,25,0.080,0.115,0.080,0.195,1,1,2,2,0,0,0,2,0,0,0,0,8,2,1,0,0,11615137
2019,Climax Series - Final Stage,Hanshin Tigers,55,"Yohkawa, Naomasa",PH,4,6,6,0.167,0.167,0.167,0.334,0,0,1,1,0,0,0,1,0,0,0,0,2,0,0,0,0,11615139
2019,Climax Series - First Stage,Hanshin Tigers,55,"Yohkawa, Naomasa",PH,2,2,2,1.000,1.000,1.000,2.000,0,0,2,2,0,0,0,2,0,0,0,0,0,0,0,0,0,11615139
2019,Regular Season,Hanshin Tigers,55,"Yohkawa, Naomasa",PH,28,60,55,0.109,0.169,0.291,0.460,3,4,6,2,1,0,3,16,0,0,4,1,19,2,0,1,0,11615139
2019,Regular Season,Fukuoka Softbank Hawks,63,"Kawahara, Hiroyuki",P,19,0,0,0.000,0.000,0.000,0.000,0,0,0,0,0,0,0,0,0,0,0,0,0,0,0,0,0,11715131
2019,Regular Season,Fukuoka Softbank Hawks,00,"Kawase, Hikaru",SS,29,37,34,0.176,0.200,0.176,0.376,1,1,6,6,0,0,0,6,1,1,1,0,5,1,0,2,0,11715132
2019,Regular Season,Yokohama DeNA Baystars,48,"Kyoyama, Masaya",P,9,12,9,0.000,0.000,0.000,0.000,0,0,0,0,0,0,0,0,0,0,0,0,5,0,0,3,0,11715134
2019,Regular Season,Tokyo Yakult Swallows,22,"Kuramoto, Harutaka",P,8,0,0,0.000,0.000,0.000,0.000,0,0,0,0,0,0,0,0,0,0,0,0,0,0,0,0,0,11715136
2019,Regular Season,Tokyo Yakult Swallows,34,"Yamada, Hiroki",P,14,24,22,0.000,0.043,0.000,0.043,1,0,0,0,0,0,0,0,0,0,1,0,17,1,0,1,0,11815114
2019,Climax Series - Final Stage,Fukuoka Softbank Hawks,21,"Wada, Tsuyoshi",P,1,0,0,0.000,0.000,0.000,0.000,0,0,0,0,0,0,0,0,0,0,0,0,0,0,0,0,0,11815117
2019,Japan Series,Fukuoka Softbank Hawks,21,"Wada, Tsuyoshi",P,1,2,2,0.000,0.000,0.000,0.000,0,0,0,0,0,0,0,0,0,0,0,0,2,0,0,0,0,11815117
2019,Regular Season,Fukuoka Softbank Hawks,21,"Wada, Tsuyoshi",P,12,2,1,0.000,0.500,0.000,0.500,0,0,0,0,0,0,0,0,0,0,1,0,1,0,0,0,0,11815117
2019,Regular Season,Orix Buffaloes,6,"Mune, Yuma",CF,54,177,148,0.270,0.370,0.365,0.735,16,14,40,31,6,1,2,54,7,3,13,0,30,4,11,4,1,11815130
2019,Climax Series - First Stage,Tohoku Rakuten Golden Eagles,65,"Horiuchi, Kengo",C,2,3,1,0.000,0.500,0.000,0.500,0,0,0,0,0,0,0,0,0,0,1,0,1,0,0,1,0,11815132
2019,Regular Season,Tohoku Rakuten Golden Eagles,65,"Horiuchi, Kengo",C,65,140,122,0.156,0.202,0.205,0.407,6,13,19,15,2,2,0,25,0,0,5,1,41,2,2,11,0,11815132
2019,Regular Season,Tokyo Yakult Swallows,24,"Hoshi, Tomoya",P,10,2,2,0.000,0.000,0.000,0.000,0,0,0,0,0,0,0,0,0,0,0,0,0,0,0,0,0,11815134
2019,Regular Season,Hiroshima Toyo Carp,35,"Miyoshi, Takumi",3B,43,92,77,0.182,0.267,0.273,0.540,9,7,14,11,1,0,2,21,1,0,9,2,28,1,0,6,0,11815135
2019,Regular Season,Tohoku Rakuten Golden Eagles,24,"Miyoshi, Takumi",SS,17,4,4,0.250,0.250,0.250,0.500,0,1,1,1,0,0,0,1,1,0,0,0,1,0,0,0,0,11815135
2019,Regular Season,Fukuoka Softbank Hawks,33,"Masuda, Shu",2B,2,4,4,0.000,0.000,0.000,0.000,0,0,0,0,0,0,0,0,0,0,0,0,1,0,0,0,0,11815136
2019,Regular Season,Hokkaido Nippon-Ham Fighters,66,"Mannami, Chusei",PH,2,4,4,0.000,0.000,0.000,0.000,0,0,0,0,0,0,0,0,0,0,0,0,2,0,0,0,0,11815138
2019,Regular Season,Hokkaido Nippon-Ham Fighters,3,"Tanaka, Kensuke",PH,89,170,153,0.255,0.315,0.340,0.655,15,16,39,30,6,2,1,52,0,0,14,1,17,3,0,2,1,11915111
2019,Regular Season,Orix Buffaloes,48,"Saitoh, Koki",P,11,0,0,0.000,0.000,0.000,0.000,0,0,0,0,0,0,0,0,0,0,0,0,0,0,0,0,0,11915130
2019,Regular Season,Hanshin Tigers,12,"Sakamoto, Seishiro",C,20,44,40,0.175,0.195,0.325,0.520,2,3,7,5,0,0,2,13,0,0,1,1,8,2,0,3,0,11915132
2019,Regular Season,Hiroshima Toyo Carp,61,"Sakakura, Shogo",PH,51,64,61,0.230,0.266,0.344,0.610,4,7,14,9,4,0,1,21,0,0,3,0,19,0,0,0,0,11915134
2019,Regular Season,Yokohama DeNA Baystars,41,"Sakurai, Shuto",P,14,3,3,0.333,0.333,0.333,0.666,0,0,1,1,0,0,0,1,0,0,0,0,2,0,0,0,0,11915136
2019,Climax Series - Final Stage,Fukuoka Softbank Hawks,0,"Takata, Tomoki",SS,2,1,0,0.000,0.000,0.000,0.000,0,0,0,0,0,0,0,0,0,0,0,0,0,0,0,1,0,11915137
2019,Climax Series - First Stage,Fukuoka Softbank Hawks,0,"Takata, Tomoki",SS,1,0,0,0.000,0.000,0.000,0.000,0,0,0,0,0,0,0,0,0,0,0,0,0,0,0,0,0,11915137
2019,Regular Season,Fukuoka Softbank Hawks,0,"Takata, Tomoki",SS,93,125,115,0.157,0.185,0.165,0.350,6,10,18,17,1,0,0,19,2,0,3,0,36,1,1,6,0,11915137
2019,Regular Season,Yokohama DeNA Baystars,47,"Sunada, Yoshiki",P,16,0,0,0.000,0.000,0.000,0.000,0,0,0,0,0,0,0,0,0,0,0,0,0,0,0,0,0,11915139
2019,Climax Series - Final Stage,Saitama Seibu Lions,42,"Martin, Kyle",P,1,0,0,0.000,0.000,0.000,0.000,0,0,0,0,0,0,0,0,0,0,0,0,0,0,0,0,0,13015136
2019,Regular Season,Saitama Seibu Lions,42,"Martin, Kyle",P,41,0,0,0.000,0.000,0.000,0.000,0,0,0,0,0,0,0,0,0,0,0,0,0,0,0,0,0,13015136
2019,Regular Season,Saitama Seibu Lions,52,"Yamada, Haruka",SS,4,13,12,0.167,0.231,0.167,0.398,2,0,2,2,0,0,0,2,0,0,1,0,4,1,0,0,0,13115130
2019,Regular Season,Orix Buffaloes,36,"Yamaashi, Tatsuya",2B,28,64,61,0.164,0.203,0.246,0.449,3,8,10,8,0,1,1,15,0,1,2,0,12,1,1,0,0,13115136
2019,Regular Season,Hokkaido Nippon-Ham Fighters,18,"Yoshida, Kosei",P,4,1,1,0.000,0.000,0.000,0.000,0,0,0,0,0,0,0,0,0,0,0,0,0,0,0,0,0,13115138
2019,Regular Season,Orix Buffaloes,66,"Yoshida, Ryo",P,4,0,0,0.000,0.000,0.000,0.000,0,0,0,0,0,0,0,0,0,0,0,0,0,0,0,0,0,13315132
2019,Regular Season,Tokyo Yakult Swallows,4,"Balentien, Wladimir",LF,120,468,410,0.280,0.363,0.554,0.917,65,93,115,69,13,0,33,227,0,1,54,3,117,11,1,0,3,13315133
2019,Climax Series - Final Stage,Yomiuri Giants,60,"Wakabayashi, Akihiro",2B,3,6,4,0.250,0.500,0.250,0.750,0,1,1,1,0,0,0,1,0,1,1,0,1,0,1,0,0,13315136
2019,Japan Series,Yomiuri Giants,60,"Wakabayashi, Akihiro",2B,4,6,5,0.000,0.167,0.000,0.167,0,0,0,0,0,0,0,0,0,0,0,0,3,0,1,0,0,13315136
2019,Regular Season,Yomiuri Giants,60,"Wakabayashi, Akihiro",2B,77,273,234,0.239,0.335,0.350,0.685,34,21,56,41,9,1,5,82,11,2,32,1,51,3,2,4,1,13315136
2019,Climax Series - Final Stage,Saitama Seibu Lions,54,"Neal, Zach",P,1,0,0,0.000,0.000,0.000,0.000,0,0,0,0,0,0,0,0,0,0,0,0,0,0,0,0,0,13315138
2019,Regular Season,Saitama Seibu Lions,54,"Neal, Zach",P,17,2,2,0.000,0.000,0.000,0.000,0,0,0,0,0,0,0,0,0,0,0,0,0,0,0,0,0,13315138
2019,Climax Series - Final Stage,Fukuoka Softbank Hawks,44,"Van Den Hurk, Rick",P,1,0,0,0.000,0.000,0.000,0.000,0,0,0,0,0,0,0,0,0,0,0,0,0,0,0,0,0,13515130
2019,Climax Series - First Stage,Fukuoka Softbank Hawks,44,"Van Den Hurk, Rick",P,1,0,0,0.000,0.000,0.000,0.000,0,0,0,0,0,0,0,0,0,0,0,0,0,0,0,0,0,13515130
2019,Japan Series,Fukuoka Softbank Hawks,44,"Van Den Hurk, Rick",P,1,2,2,0.000,0.000,0.000,0.000,1,0,0,0,0,0,0,0,0,0,0,0,1,0,0,0,0,13515130
2019,Regular Season,Fukuoka Softbank Hawks,44,"Van Den Hurk, Rick",P,3,0,0,0.000,0.000,0.000,0.000,0,0,0,0,0,0,0,0,0,0,0,0,0,0,0,0,0,13515130
2019,Regular Season,Chunichi Dragons,66,"Viciedo, Dayan",1B,143,594,534,0.315,0.374,0.496,0.870,56,93,168,107,43,0,18,265,2,1,41,9,88,22,13,0,6,13715132
2019,Regular Season,Chiba Lotte Marines,86,"Bolsinger, Mike",P,20,2,2,0.000,0.000,0.000,0.000,0,0,0,0,0,0,0,0,0,0,0,0,1,0,0,0,0,13715136
2019,Regular Season,Hiroshima Toyo Carp,98,"Montilla, Emailin",P,2,1,1,0.000,0.000,0.000,0.000,0,0,0,0,0,0,0,0,0,0,0,0,1,0,0,0,0,13715138
2019,Regular Season,Yomiuri Giants,96,"Martinez, Jorge",PH,6,8,8,0.125,0.125,0.250,0.375,0,1,1,0,1,0,0,2,0,0,0,0,5,0,0,0,0,13915134
2019,Climax Series - First Stage,Yokohama DeNA Baystars,0,"Nakai, Daisuke",2B,2,1,1,0.000,0.000,0.000,0.000,0,0,0,0,0,0,0,0,0,0,0,0,0,0,0,0,0,21025116
2019,Regular Season,Yokohama DeNA Baystars,0,"Nakai, Daisuke",2B,79,183,161,0.248,0.322,0.329,0.651,24,7,40,33,4,0,3,53,2,1,18,0,34,9,0,3,1,21025116
2019,Regular Season,Hokkaido Nippon-Ham Fighters,36,"Nakamura, Masaru",P,1,0,0,0.000,0.000,0.000,0.000,0,0,0,0,0,0,0,0,0,0,0,0,0,0,0,0,0,21025131
2019,Regular Season,Orix Buffaloes,21,"Takeyasu, Daichi",P,10,4,4,0.000,0.000,0.000,0.000,0,0,0,0,0,0,0,0,0,0,0,0,3,0,0,0,0,21025132
2019,Regular Season,Chunichi Dragons,12,"Tajima, Shinji",P,21,0,0,0.000,0.000,0.000,0.000,0,0,0,0,0,0,0,0,0,0,0,0,0,0,0,0,0,21025135
2019,Regular Season,Chunichi Dragons,0,"Takamatsu, Wataru",PR,2,0,0,0.000,0.000,0.000,0.000,1,0,0,0,0,0,0,0,0,0,0,0,0,0,0,0,0,21025136
2019,Regular Season,Chunichi Dragons,24,"Fukutani, Koji",P,1,2,2,0.000,0.000,0.000,0.000,0,0,0,0,0,0,0,0,0,0,0,0,0,0,0,0,0,21025137
2019,Regular Season,Tohoku Rakuten Golden Eagles,38,"Nishimiya, Yusuke",P,14,0,0,0.000,0.000,0.000,0.000,0,0,0,0,0,0,0,0,0,0,0,0,0,0,0,0,0,21025139
2019,Climax Series - Final Stage,Yomiuri Giants,10,"Abe, Shinnosuke",PH,4,11,11,0.273,0.273,0.273,0.546,0,1,3,3,0,0,0,3,0,0,0,0,3,0,0,0,0,21125113
2019,Japan Series,Yomiuri Giants,10,"Abe, Shinnosuke",PH,4,14,13,0.231,0.286,0.462,0.748,1,2,3,2,0,0,1,6,0,0,0,0,3,0,1,0,0,21125113
2019,Regular Season,Yomiuri Giants,10,"Abe, Shinnosuke",PH,95,192,158,0.297,0.411,0.481,0.892,15,27,47,32,8,0,7,76,0,0,28,2,23,1,4,0,2,21125113
2019,Regular Season,Chunichi Dragons,65,"Itoh, Junki",P,1,0,0,0.000,0.000,0.000,0.000,0,0,0,0,0,0,0,0,0,0,0,0,0,0,0,0,0,21125118
2019,Regular Season,Hokkaido Nippon-Ham Fighters,38,"Ishii, Kazunari",SS,76,226,196,0.224,0.282,0.367,0.649,26,22,44,27,10,3,4,72,2,3,16,0,61,3,0,13,1,21125134
2019,Regular Season,Hiroshima Toyo Carp,30,"Ichioka, Ryuji",P,33,0,0,0.000,0.000,0.000,0.000,0,0,0,0,0,0,0,0,0,0,0,0,0,0,0,0,0,21125135
2019,Regular Season,Tokyo Yakult Swallows,12,"Ishiyama, Taichi",P,34,0,0,0.000,0.000,0.000,0.000,0,0,0,0,0,0,0,0,0,0,0,0,0,0,0,0,0,21125137
2019,Regular Season,Chunichi Dragons,30,"Achira, Takuma",P,7,6,6,0.167,0.167,0.167,0.334,0,1,1,1,0,0,0,1,0,0,0,0,4,0,0,0,0,21125139
2019,Climax Series - First Stage,Tohoku Rakuten Golden Eagles,6,"Fujita, Kazuya",PH,2,8,7,0.000,0.000,0.000,0.000,0,0,0,0,0,0,0,0,0,0,0,0,3,0,0,1,0,21225110
2019,Regular Season,Tohoku Rakuten Golden Eagles,6,"Fujita, Kazuya",PH,61,136,124,0.258,0.303,0.339,0.642,13,10,32,26,4,0,2,42,1,0,7,1,16,1,1,4,0,21225110
2019,Regular Season,Yomiuri Giants,50,"Tone, Chiaki",P,26,1,0,0.000,0.000,0.000,0.000,0,0,0,0,0,0,0,0,0,0,0,0,0,0,0,1,0,21225130
2019,Regular Season,Chiba Lotte Marines,20,"Tojo, Taiki",P,58,0,0,0.000,0.000,0.000,0.000,0,0,0,0,0,0,0,0,0,0,0,0,0,0,0,0,0,21225132
2019,Regular Season,Hokkaido Nippon-Ham Fighters,7,"Nishikawa, Haruki",CF,142,651,548,0.288,0.393,0.385,0.778,88,41,158,121,26,6,5,211,19,5,93,2,111,5,2,8,0,21225133
2019,Regular Season,Yokohama DeNA Baystars,93,"Nakagawa, Koh",P,3,1,1,0.000,0.000,0.000,0.000,0,0,0,0,0,0,0,0,0,0,0,0,1,0,0,0,0,21225136
2019,Regular Season,Chunichi Dragons,38,"Matsuba, Takahiro",P,1,1,1,0.000,0.000,0.000,0.000,0,0,0,0,0,0,0,0,0,0,0,0,1,0,0,0,0,21225137
2019,Regular Season,Orix Buffaloes,11,"Matsuba, Takahiro",P,5,0,0,0.000,0.000,0.000,0.000,0,0,0,0,0,0,0,0,0,0,0,0,0,0,0,0,0,21225137
2019,Regular Season,Tokyo Yakult Swallows,8,"Nakayama, Shota",LF,35,100,97,0.289,0.310,0.485,0.795,11,14,28,19,4,0,5,47,0,0,3,0,25,2,0,0,0,21225138
2019,Regular Season,Chiba Lotte Marines,64,"Futaki, Kota",P,22,6,5,0.000,0.167,0.000,0.167,1,0,0,0,0,0,0,0,0,0,1,0,4,0,0,0,0,21225139
2019,Climax Series - Final Stage,Fukuoka Softbank Hawks,1,"Uchikawa, Seiichi",1B,4,17,15,0.200,0.250,0.200,0.450,2,1,3,3,0,0,0,3,1,0,1,0,4,0,0,1,0,21325113
2019,Climax Series - First Stage,Fukuoka Softbank Hawks,1,"Uchikawa, Seiichi",1B,3,11,11,0.364,0.364,0.909,1.273,2,4,4,2,0,0,2,10,0,0,0,0,2,0,0,0,0,21325113
2019,Japan Series,Fukuoka Softbank Hawks,1,"Uchikawa, Seiichi",1B,4,13,11,0.182,0.182,0.273,0.455,1,0,2,1,1,0,0,3,0,0,0,0,0,1,0,2,0,21325113
2019,Regular Season,Fukuoka Softbank Hawks,1,"Uchikawa, Seiichi",1B,137,535,500,0.256,0.296,0.370,0.666,49,41,128,95,21,0,12,185,3,0,28,4,49,16,2,1,4,21325113
2019,Climax Series - Final Stage,Hanshin Tigers,25,"Egoshi, Taiga",PR,1,0,0,0.000,0.000,0.000,0.000,0,0,0,0,0,0,0,0,0,0,0,0,0,0,0,0,0,21325130
2019,Climax Series - First Stage,Hanshin Tigers,25,"Egoshi, Taiga",PR,1,0,0,0.000,0.000,0.000,0.000,0,0,0,0,0,0,0,0,0,0,0,0,0,0,0,0,0,21325130
2019,Regular Season,Hanshin Tigers,25,"Egoshi, Taiga",PR,49,16,15,0.067,0.125,0.067,0.192,8,0,1,1,0,0,0,1,1,0,1,0,9,0,0,0,0,21325130
2019,Climax Series - Final Stage,Hanshin Tigers,3,"Ohyama, Yusuke",3B,3,12,12,0.333,0.333,0.667,1.000,2,1,4,2,1,0,1,8,0,1,0,0,3,0,0,0,0,21325134
2019,Climax Series - First Stage,Hanshin Tigers,3,"Ohyama, Yusuke",3B,3,7,7,0.143,0.143,0.286,0.429,1,0,1,0,1,0,0,2,0,0,0,0,2,0,0,0,0,21325134
2019,Regular Season,Hanshin Tigers,3,"Ohyama, Yusuke",3B,143,587,538,0.258,0.312,0.401,0.713,52,76,139,91,33,1,14,216,3,0,39,3,98,12,5,1,4,21325134
2019,Climax Series - Final Stage,Yomiuri Giants,46,"Ohshiro, Takumi",C,2,6,5,0.400,0.500,0.400,0.900,0,0,2,2,0,0,0,2,0,0,1,0,1,0,0,0,0,21325136
2019,Japan Series,Yomiuri Giants,46,"Ohshiro, Takumi",C,4,12,11,0.182,0.250,0.455,0.705,1,1,2,1,0,0,1,5,0,0,1,0,3,0,0,0,0,21325136
2019,Regular Season,Yomiuri Giants,46,"Ohshiro, Takumi",C,109,329,294,0.265,0.330,0.388,0.718,19,30,78,55,16,1,6,114,0,1,25,0,80,7,4,5,1,21325136
2019,Climax Series - Final Stage,Hanshin Tigers,44,"Umeno, Ryutaro",C,4,15,11,0.364,0.462,0.727,1.189,2,2,4,2,1,0,1,8,0,0,2,0,2,0,0,2,0,21325139
2019,Climax Series - First Stage,Hanshin Tigers,44,"Umeno, Ryutaro",C,3,12,8,0.125,0.100,0.125,0.225,0,2,1,1,0,0,0,1,0,0,0,0,2,0,0,2,2,21325139
2019,Regular Season,Hanshin Tigers,44,"Umeno, Ryutaro",C,129,492,433,0.266,0.326,0.393,0.719,49,59,115,81,22,3,9,170,14,3,34,4,83,16,6,16,3,21325139
2019,Regular Season,Chiba Lotte Marines,59,"Hosoya, Kei",PH,29,20,19,0.158,0.200,0.211,0.411,3,1,3,2,1,0,0,4,0,0,1,0,7,0,0,0,0,21425112
2019,Climax Series - Final Stage,Fukuoka Softbank Hawks,24,"Hasegawa, Yuya",PH,3,3,3,0.667,0.667,1.000,1.667,1,2,2,1,1,0,0,3,0,0,0,0,0,0,0,0,0,21425114
2019,Climax Series - First Stage,Fukuoka Softbank Hawks,24,"Hasegawa, Yuya",PH,2,4,4,0.500,0.500,0.500,1.000,0,0,2,2,0,0,0,2,0,0,0,0,0,0,0,0,0,21425114
2019,Japan Series,Fukuoka Softbank Hawks,24,"Hasegawa, Yuya",PH,4,3,2,0.000,0.000,0.000,0.000,0,1,0,0,0,0,0,0,0,0,0,0,0,0,0,0,1,21425114
2019,Regular Season,Fukuoka Softbank Hawks,24,"Hasegawa, Yuya",PH,25,54,43,0.302,0.407,0.605,1.012,6,9,13,6,4,0,3,26,1,0,7,1,4,1,2,0,2,21425114
2019,Climax Series - Final Stage,Yomiuri Giants,8,"Maru, Yoshihiro",CF,4,17,10,0.300,0.529,0.600,1.129,3,3,3,2,0,0,1,6,0,0,6,0,3,2,0,0,1,21425116
2019,Japan Series,Yomiuri Giants,8,"Maru, Yoshihiro",CF,4,16,13,0.077,0.250,0.154,0.404,1,1,1,0,1,0,0,2,0,0,3,0,6,0,0,0,0,21425116
2019,Regular Season,Yomiuri Giants,8,"Maru, Yoshihiro",CF,143,631,535,0.292,0.388,0.495,0.883,82,89,156,102,26,1,27,265,12,5,86,3,125,15,3,0,7,21425116
2019,Regular Season,Hiroshima Toyo Carp,19,"Nomura, Yusuke",P,18,32,24,0.042,0.080,0.083,0.163,0,1,1,0,1,0,0,2,0,0,1,0,10,0,0,7,0,21425135
2019,Climax Series - Final Stage,Saitama Seibu Lions,33,"Yamakawa, Hotaka",1B,4,17,13,0.385,0.529,0.769,1.298,1,3,5,2,2,0,1,10,0,0,4,0,4,0,0,0,0,21425139
2019,Regular Season,Saitama Seibu Lions,33,"Yamakawa, Hotaka",1B,143,626,524,0.256,0.372,0.540,0.912,93,120,134,71,20,0,43,283,1,0,86,8,142,13,13,0,3,21425139
2019,Regular Season,Chiba Lotte Marines,19,"Karakawa, Yuki",P,40,0,0,0.000,0.000,0.000,0.000,0,0,0,0,0,0,0,0,0,0,0,0,0,0,0,0,0,21525116
2019,Regular Season,Chiba Lotte Marines,57,"Katsuki, Kazuya",PH,26,33,33,0.152,0.152,0.242,0.394,3,3,5,4,0,0,1,8,0,0,0,0,9,0,0,0,0,21525130
2019,Regular Season,Chiba Lotte Marines,99,"Kakinuma, Tomoya",C,34,73,54,0.167,0.286,0.222,0.508,5,2,9,8,0,0,1,12,0,0,4,0,20,0,5,10,0,21525132
2019,Regular Season,Yomiuri Giants,52,"Kitamura, Takumi",PH,5,7,5,0.000,0.286,0.000,0.286,3,0,0,0,0,0,0,0,1,0,1,0,2,0,1,0,0,21525136
2019,Regular Season,Orix Buffaloes,58,"Kaneda, Kazuyuki",P,6,0,0,0.000,0.000,0.000,0.000,0,0,0,0,0,0,0,0,0,0,0,0,0,0,0,0,0,21525137
2019,Regular Season,Chunichi Dragons,41,"Katsuno, Akiyoshi",P,3,7,6,0.000,0.143,0.000,0.143,0,0,0,0,0,0,0,0,0,0,1,0,6,0,0,0,0,21525138
2019,Regular Season,Fukuoka Softbank Hawks,14,"Kajiya, Ren",P,30,0,0,0.000,0.000,0.000,0.000,0,0,0,0,0,0,0,0,0,0,0,0,0,0,0,0,0,21525139
2019,Regular Season,Hiroshima Toyo Carp,36,"Horie, Atsuya",P,11,2,2,0.500,0.500,0.500,1.000,0,0,1,1,0,0,0,1,0,0,0,0,0,0,0,0,0,21625130
2019,Regular Season,Tokyo Yakult Swallows,36,"Hirooka, Taishi",SS,91,243,202,0.203,0.319,0.391,0.710,32,25,41,24,6,1,10,79,1,1,33,0,77,4,2,5,1,21625132
2019,Regular Season,Yomiuri Giants,30,"Miyaguni, Ryosuke",P,29,2,2,0.000,0.000,0.000,0.000,0,0,0,0,0,0,0,0,0,0,0,0,2,0,0,0,0,21625133
2019,Regular Season,Chunichi Dragons,54,"Fujishima, Kento",P,32,1,1,0.000,0.000,0.000,0.000,0,0,0,0,0,0,0,0,0,0,0,0,1,0,0,0,0,21625134
2019,Regular Season,Hokkaido Nippon-Ham Fighters,12,"Matsumoto, Go",PH,4,3,3,0.333,0.333,0.333,0.666,0,0,1,1,0,0,0,1,0,0,0,0,0,0,0,0,0,21625135
2019,Regular Season,Hokkaido Nippon-Ham Fighters,42,"Kurobane, Toshiki",C,4,3,2,0.000,0.333,0.000,0.333,1,1,0,0,0,0,0,0,0,0,1,0,1,0,0,0,0,21725112
2019,Regular Season,Saitama Seibu Lions,65,"Saito, Shogo",PH,3,3,3,0.000,0.000,0.000,0.000,0,0,0,0,0,0,0,0,0,0,0,0,3,0,0,0,0,21725116
2019,Regular Season,Tohoku Rakuten Golden Eagles,91,"Kubo, Yuya",P,22,0,0,0.000,0.000,0.000,0.000,0,0,0,0,0,0,0,0,0,0,0,0,0,0,0,0,0,21725117
2019,Climax Series - Final Stage,Saitama Seibu Lions,58,"Kumashiro, Masato",PR,1,0,0,0.000,0.000,0.000,0.000,0,0,0,0,0,0,0,0,0,0,0,0,0,0,0,0,0,21725133
2019,Regular Season,Saitama Seibu Lions,58,"Kumashiro, Masato",PR,33,17,15,0.267,0.313,0.333,0.646,5,0,4,3,1,0,0,5,2,1,1,0,5,0,0,1,0,21725133
2019,Regular Season,Orix Buffaloes,39,"Kobayashi, Keisuke",P,20,0,0,0.000,0.000,0.000,0.000,0,0,0,0,0,0,0,0,0,0,0,0,0,0,0,0,0,21725134
2019,Regular Season,Yokohama DeNA Baystars,24,"Saito, Shunsuke",P,16,2,2,0.500,0.500,0.500,1.000,0,0,1,1,0,0,0,1,0,0,0,0,1,0,0,0,0,21725136
2019,Regular Season,Orix Buffaloes,2,"Shirasaki, Hiroyuki",3B,25,54,49,0.204,0.278,0.327,0.605,6,6,10,8,0,0,2,16,0,0,5,0,14,1,0,0,0,21725137
2019,Regular Season,Hanshin Tigers,48,"Saitoh, Yukiya",P,1,0,0,0.000,0.000,0.000,0.000,0,0,0,0,0,0,0,0,0,0,0,0,0,0,0,0,0,21725138
2019,Regular Season,Tohoku Rakuten Golden Eagles,98,"Konno, Ryuta",P,4,0,0,0.000,0.000,0.000,0.000,0,0,0,0,0,0,0,0,0,0,0,0,0,0,0,0,0,21725139
2019,Climax Series - Final Stage,Yomiuri Giants,2,"Yoh, Daikan",RF,4,4,4,0.250,0.250,1.000,1.250,3,1,1,0,0,0,1,4,1,0,0,0,1,0,0,0,0,21825112
2019,Japan Series,Yomiuri Giants,2,"Yoh, Daikan",RF,2,2,2,0.000,0.000,0.000,0.000,0,0,0,0,0,0,0,0,0,0,0,0,1,0,0,0,0,21825112
2019,Regular Season,Yomiuri Giants,2,"Yoh, Daikan",RF,110,231,208,0.274,0.346,0.380,0.726,28,21,57,44,8,1,4,79,0,1,22,0,66,9,1,0,0,21825112
2019,Regular Season,Orix Buffaloes,0,"Yamasaki, Sachiya",P,36,0,0,0.000,0.000,0.000,0.000,0,0,0,0,0,0,0,0,0,0,0,0,0,0,0,0,0,21825130
2019,Regular Season,Saitama Seibu Lions,59,"Minamikawa, Tadasuke",P,1,0,0,0.000,0.000,0.000,0.000,0,0,0,0,0,0,0,0,0,0,0,0,0,0,0,0,0,21825132
2019,Regular Season,Yomiuri Giants,00,"Yoshikawa, Daiki",PR,10,10,9,0.000,0.100,0.000,0.100,0,0,0,0,0,0,0,0,0,0,1,0,3,1,0,0,0,21825133
2019,Regular Season,Saitama Seibu Lions,4,"Yamanobe, Kakeru",3B,9,18,14,0.071,0.278,0.143,0.421,1,1,1,0,1,0,0,2,1,0,2,0,4,1,2,0,0,21825138
2019,Regular Season,Chiba Lotte Marines,9,"Fukura, Kazuya",DH,1,4,4,0.000,0.000,0.000,0.000,0,0,0,0,0,0,0,0,0,0,0,0,0,0,0,0,0,21923889
2019,Regular Season,Chiba Lotte Marines,32,"Takahama, Takuya",PH,8,7,7,0.286,0.286,0.571,0.857,0,3,2,0,2,0,0,4,0,0,0,0,3,0,0,0,0,21925116
2019,Regular Season,Tokyo Yakult Swallows,42,"Sakaguchi, Tomotaka",1B,22,77,64,0.125,0.263,0.141,0.404,2,2,8,7,1,0,0,9,0,0,10,0,13,2,2,1,0,21925117
2019,Climax Series - Final Stage,Hanshin Tigers,1,"Toritani, Takashi",PH,3,3,3,0.000,0.000,0.000,0.000,0,0,0,0,0,0,0,0,0,0,0,0,0,1,0,0,0,21925119
2019,Climax Series - First Stage,Hanshin Tigers,1,"Toritani, Takashi",PH,1,1,0,0.000,1.000,0.000,1.000,0,0,0,0,0,0,0,0,0,0,1,0,0,0,0,0,0,21925119
2019,Regular Season,Hanshin Tigers,1,"Toritani, Takashi",PH,74,105,92,0.207,0.298,0.261,0.559,9,4,19,15,3,1,0,24,1,0,12,0,16,2,0,1,0,21925119
2019,Climax Series - Final Stage,Yomiuri Giants,43,"Shigenobu, Shinnosuke",LF,3,3,3,0.333,0.333,0.333,0.666,0,0,1,1,0,0,0,1,0,0,0,0,1,0,0,0,0,21925132
2019,Japan Series,Yomiuri Giants,43,"Shigenobu, Shinnosuke",LF,4,6,5,0.200,0.333,0.200,0.533,2,0,1,1,0,0,0,1,0,0,1,0,3,0,0,0,0,21925132
2019,Regular Season,Yomiuri Giants,43,"Shigenobu, Shinnosuke",LF,106,174,158,0.266,0.308,0.373,0.681,25,16,42,31,7,2,2,59,14,3,11,1,43,1,0,2,3,21925132
2019,Climax Series - Final Stage,Fukuoka Softbank Hawks,23,"Shuto, Ukyo",LF,4,0,0,0.000,0.000,0.000,0.000,1,0,0,0,0,0,0,0,0,0,0,0,0,0,0,0,0,21925136
2019,Climax Series - First Stage,Fukuoka Softbank Hawks,23,"Shuto, Ukyo",LF,3,0,0,0.000,0.000,0.000,0.000,0,0,0,0,0,0,0,0,0,1,0,0,0,0,0,0,0,21925136
2019,Japan Series,Fukuoka Softbank Hawks,23,"Shuto, Ukyo",LF,4,1,0,0.000,0.000,0.000,0.000,2,0,0,0,0,0,0,0,0,0,0,0,0,0,0,1,0,21925136
2019,Regular Season,Fukuoka Softbank Hawks,23,"Shuto, Ukyo",LF,102,114,102,0.196,0.212,0.294,0.506,39,6,20,14,3,2,1,30,25,5,2,0,27,1,0,10,0,21925136
2019,Regular Season,Tokyo Yakult Swallows,14,"Takanashi, Hirotoshi",P,21,19,18,0.056,0.056,0.056,0.112,0,0,1,1,0,0,0,1,0,0,0,0,8,1,0,1,0,21925139
2019,Regular Season,Yokohama DeNA Baystars,50,"Yamamoto, Yuudai",PH,13,12,12,0.333,0.333,0.333,0.666,0,2,4,4,0,0,0,4,0,0,0,0,3,0,0,0,0,23125136
2019,Regular Season,Yomiuri Giants,24,"Cook, Ryan",P,13,1,1,0.000,0.000,0.000,0.000,0,0,0,0,0,0,0,0,0,0,0,0,1,0,0,0,0,23125138
2019,Regular Season,Orix Buffaloes,27,"Albers, Andrew",P,13,0,0,0.000,0.000,0.000,0.000,0,0,0,0,0,0,0,0,0,0,0,0,0,0,0,0,0,23325136
2019,Climax Series - First Stage,Tohoku Rakuten Golden Eagles,69,"Blash, Jabari",DH,3,14,9,0.111,0.429,0.222,0.651,0,1,1,0,1,0,0,2,0,0,4,0,4,1,1,0,0,23325138
2019,Regular Season,Tohoku Rakuten Golden Eagles,69,"Blash, Jabari",DH,128,527,426,0.261,0.397,0.540,0.937,66,95,111,58,20,0,33,230,2,3,81,2,157,7,17,0,3,23325138
2019,Regular Season,Chiba Lotte Marines,54,"Laird, Brandon",3B,139,553,487,0.248,0.333,0.483,0.816,59,89,121,71,18,0,32,235,0,0,55,2,128,18,8,0,3,23525130
2019,Regular Season,Chiba Lotte Marines,49,"Chen, Kuan-Yu",P,44,0,0,0.000,0.000,0.000,0.000,0,0,0,0,0,0,0,0,0,0,0,0,0,0,0,0,0,23525133
2019,Regular Season,Hokkaido Nippon-Ham Fighters,99,"Wang, Po-Jung",LF,88,340,306,0.255,0.321,0.327,0.648,18,35,78,62,13,0,3,100,1,0,25,1,65,6,6,0,3,23525138
2019,Climax Series - Final Stage,Saitama Seibu Lions,68,"Heath, Deunte",P,3,0,0,0.000,0.000,0.000,0.000,0,0,0,0,0,0,0,0,0,0,0,0,0,0,0,0,0,23525139
2019,Regular Season,Saitama Seibu Lions,68,"Heath, Deunte",P,34,0,0,0.000,0.000,0.000,0.000,0,0,0,0,0,0,0,0,0,0,0,0,0,0,0,0,0,23525139
2019,Regular Season,Chiba Lotte Marines,79,"Martin, Leonys",RF,52,228,194,0.232,0.342,0.495,0.837,32,39,45,22,9,0,14,96,3,3,26,1,57,4,7,0,1,23725138
2019,Regular Season,Hiroshima Toyo Carp,95,"Batista, Xavier",1B,103,423,372,0.269,0.350,0.513,0.863,54,64,100,62,11,1,26,191,0,0,45,2,108,6,3,0,3,23925132
2019,Regular Season,Chunichi Dragons,97,"Martinez, Raidel",P,43,0,0,0.000,0.000,0.000,0.000,0,0,0,0,0,0,0,0,0,0,0,0,0,0,0,0,0,23925134
2019,Regular Season,Hiroshima Toyo Carp,62,"Hellweg, Johnny",P,5,0,0,0.000,0.000,0.000,0.000,0,0,0,0,0,0,0,0,0,0,0,0,0,0,0,0,0,23925136
2019,Regular Season,Chunichi Dragons,14,"Tanimoto, Keisuke",P,38,0,0,0.000,0.000,0.000,0.000,0,0,0,0,0,0,0,0,0,0,0,0,0,0,0,0,0,31035118
2019,Regular Season,Saitama Seibu Lions,20,"Takagi, Hayato",P,2,0,0,0.000,0.000,0.000,0.000,0,0,0,0,0,0,0,0,0,0,0,0,0,0,0,0,0,31035130
2019,Regular Season,Chiba Lotte Marines,58,"Takano, Keisuke",P,2,0,0,0.000,0.000,0.000,0.000,0,0,0,0,0,0,0,0,0,0,0,0,0,0,0,0,0,31035132
2019,Regular Season,Hanshin Tigers,30,"Takano, Keisuke",P,4,0,0,0.000,0.000,0.000,0.000,0,0,0,0,0,0,0,0,0,0,0,0,0,0,0,0,0,31035132
2019,Regular Season,Saitama Seibu Lions,46,"Suzuki, Shohei",LF,16,28,26,0.154,0.185,0.154,0.339,4,1,4,4,0,0,0,4,1,1,1,0,6,1,0,1,0,31035134
2019,Climax Series - Final Stage,Yomiuri Giants,57,"Takagi, Kyosuke",P,1,0,0,0.000,0.000,0.000,0.000,0,0,0,0,0,0,0,0,0,0,0,0,0,0,0,0,0,31035135
2019,Japan Series,Yomiuri Giants,57,"Takagi, Kyosuke",P,2,0,0,0.000,0.000,0.000,0.000,0,0,0,0,0,0,0,0,0,0,0,0,0,0,0,0,0,31035135
2019,Regular Season,Yomiuri Giants,57,"Takagi, Kyosuke",P,55,4,4,0.000,0.000,0.000,0.000,0,0,0,0,0,0,0,0,0,0,0,0,1,0,0,0,0,31035135
2019,Climax Series - Final Stage,Saitama Seibu Lions,61,"Taira, Kaima",P,3,0,0,0.000,0.000,0.000,0.000,0,0,0,0,0,0,0,0,0,0,0,0,0,0,0,0,0,31035136
2019,Regular Season,Saitama Seibu Lions,61,"Taira, Kaima",P,26,0,0,0.000,0.000,0.000,0.000,0,0,0,0,0,0,0,0,0,0,0,0,0,0,0,0,0,31035136
2019,Regular Season,Hiroshima Toyo Carp,27,"Aizawa, Tsubasa",C,126,447,376,0.277,0.387,0.439,0.826,38,63,104,69,21,2,12,165,2,1,58,5,81,6,10,3,0,31135114
2019,Regular Season,Tokyo Yakult Swallows,23,"Aoki, Norichika",CF,134,565,489,0.297,0.385,0.442,0.827,84,58,145,108,19,2,16,216,1,2,61,2,72,13,11,1,3,31135119
2019,Regular Season,Hokkaido Nippon-Ham Fighters,26,"Asama, Daiki",3B,13,33,29,0.207,0.233,0.345,0.578,4,1,6,3,2,1,0,10,0,0,1,0,5,0,0,3,0,31135130
2019,Climax Series - Final Stage,Saitama Seibu Lions,55,"Akiyama, Shogo",CF,4,19,18,0.278,0.316,0.278,0.594,1,1,5,5,0,0,0,5,0,0,1,0,5,0,0,0,0,31135133
2019,Regular Season,Saitama Seibu Lions,55,"Akiyama, Shogo",CF,143,678,590,0.303,0.392,0.471,0.863,112,62,179,124,31,4,20,278,12,8,78,2,108,8,9,0,1,31135133
2019,Regular Season,Hiroshima Toyo Carp,48,"Aduwa, Makoto",P,19,28,25,0.080,0.080,0.080,0.160,2,1,2,2,0,0,0,2,0,0,0,0,19,0,0,3,0,31135134
2019,Regular Season,Orix Buffaloes,3,"Adachi, Ryoichi",SS,56,179,155,0.277,0.354,0.368,0.722,18,20,43,34,6,1,2,57,10,2,18,0,29,5,1,4,1,31135135
2019,Regular Season,Chiba Lotte Marines,24,"Azuma, Yusuke",P,24,0,0,0.000,0.000,0.000,0.000,0,0,0,0,0,0,0,0,0,0,0,0,0,0,0,0,0,31135138
2019,Regular Season,Chunichi Dragons,18,"Matsuzaka, Daisuke",P,2,2,2,0.000,0.000,0.000,0.000,0,0,0,0,0,0,0,0,0,0,0,0,1,0,0,0,0,31233888
2019,Regular Season,Tokyo Yakult Swallows,33,"Hatakeyama, Kazuhiro",PH,1,1,1,1.000,1.000,1.000,2.000,0,0,1,1,0,0,0,1,0,0,0,0,0,0,0,0,0,31235113
2019,Regular Season,Hiroshima Toyo Carp,26,"Nakata, Ren",P,8,0,0,0.000,0.000,0.000,0.000,0,0,0,0,0,0,0,0,0,0,0,0,0,0,0,0,0,31235118
2019,Regular Season,Yomiuri Giants,69,"Tanaka, Takaya",C,1,0,0,0.000,0.000,0.000,0.000,0,0,0,0,0,0,0,0,0,0,0,0,0,0,0,0,0,31235130
2019,Regular Season,Hiroshima Toyo Carp,21,"Nakazaki, Shota",P,36,0,0,0.000,0.000,0.000,0.000,0,0,0,0,0,0,0,0,0,0,0,0,0,0,0,0,0,31235133
2019,Regular Season,Fukuoka Softbank Hawks,25,"Tanaka, Seigi",P,1,0,0,0.000,0.000,0.000,0.000,0,0,0,0,0,0,0,0,0,0,0,0,0,0,0,0,0,31235134
2019,Regular Season,Hanshin Tigers,34,"Tanigawa, Masaki",P,4,0,0,0.000,0.000,0.000,0.000,0,0,0,0,0,0,0,0,0,0,0,0,0,0,0,0,0,31235136
2019,Regular Season,Fukuoka Softbank Hawks,17,"Iwasaki, Sho",P,2,0,0,0.000,0.000,0.000,0.000,0,0,0,0,0,0,0,0,0,0,0,0,0,0,0,0,0,31335116
2019,Climax Series - Final Stage,Fukuoka Softbank Hawks,6,"Imamiya, Kenta",SS,4,22,19,0.526,0.550,1.053,1.603,5,7,10,6,1,0,3,20,0,0,1,0,1,0,0,2,0,31335131
2019,Climax Series - First Stage,Fukuoka Softbank Hawks,6,"Imamiya, Kenta",SS,3,11,10,0.100,0.100,0.400,0.500,1,1,1,0,0,0,1,4,0,0,0,0,3,0,0,1,0,31335131
2019,Japan Series,Fukuoka Softbank Hawks,6,"Imamiya, Kenta",SS,4,17,16,0.313,0.313,0.313,0.626,3,0,5,5,0,0,0,5,1,0,0,0,5,0,0,1,0,31335131
2019,Regular Season,Fukuoka Softbank Hawks,6,"Imamiya, Kenta",SS,106,426,383,0.256,0.317,0.405,0.722,44,41,98,69,15,0,14,155,4,5,32,2,67,3,3,7,1,31335131
2019,Regular Season,Hokkaido Nippon-Ham Fighters,29,"Iguchi, Kazutomo",P,32,0,0,0.000,0.000,0.000,0.000,0,0,0,0,0,0,0,0,0,0,0,0,0,0,0,0,0,31335132
2019,Climax Series - Final Stage,Saitama Seibu Lions,11,"Imai, Tatsuya",P,1,0,0,0.000,0.000,0.000,0.000,0,0,0,0,0,0,0,0,0,0,0,0,0,0,0,0,0,31335134
2019,Regular Season,Saitama Seibu Lions,11,"Imai, Tatsuya",P,23,3,3,0.000,0.000,0.000,0.000,0,0,0,0,0,0,0,0,0,0,0,0,2,0,0,0,0,31335134
2019,Regular Season,Yomiuri Giants,45,"Imamura, Nobutaka",P,17,26,23,0.174,0.208,0.174,0.382,2,1,4,4,0,0,0,4,0,0,1,0,9,0,0,2,0,31335135
2019,Regular Season,Hiroshima Toyo Carp,0,"Uemoto, Takashi",PR,31,22,21,0.143,0.143,0.143,0.286,5,0,3,3,0,0,0,3,0,1,0,0,5,1,0,1,0,31335137
2019,Climax Series - Final Stage,Hanshin Tigers,67,"Iwazaki, Suguru",P,2,0,0,0.000,0.000,0.000,0.000,0,0,0,0,0,0,0,0,0,0,0,0,0,0,0,0,0,31335139
2019,Climax Series - First Stage,Hanshin Tigers,67,"Iwazaki, Suguru",P,3,0,0,0.000,0.000,0.000,0.000,0,0,0,0,0,0,0,0,0,0,0,0,0,0,0,0,0,31335139
2019,Regular Season,Hanshin Tigers,67,"Iwazaki, Suguru",P,48,1,1,0.000,0.000,0.000,0.000,0,0,0,0,0,0,0,0,0,0,0,0,1,0,0,0,0,31335139
2019,Regular Season,Tohoku Rakuten Golden Eagles,31,"Fukui, Yuya",P,8,0,0,0.000,0.000,0.000,0.000,0,0,0,0,0,0,0,0,0,0,0,0,0,0,0,0,0,31435133
2019,Regular Season,Chiba Lotte Marines,34,"Dohi, Seiya",P,6,4,4,0.000,0.000,0.000,0.000,0,0,0,0,0,0,0,0,0,0,0,0,4,0,0,0,0,31435134
2019,Regular Season,Orix Buffaloes,00,"Nishiura, Hayato",CF,77,239,220,0.195,0.239,0.255,0.494,24,18,43,33,8,1,1,56,8,3,13,0,56,1,0,5,1,31435136
2019,Regular Season,Yokohama DeNA Baystars,35,"Mikami, Tomoya",P,6,0,0,0.000,0.000,0.000,0.000,0,0,0,0,0,0,0,0,0,0,0,0,0,0,0,0,0,31435139
2019,Regular Season,Orix Buffaloes,50,"Oda, Yuya",RF,82,203,180,0.206,0.275,0.306,0.581,21,21,37,27,5,2,3,55,9,5,12,0,47,0,6,3,2,31535130
2019,Regular Season,Hanshin Tigers,13,"Okamoto, Yosuke",P,3,0,0,0.000,0.000,0.000,0.000,0,0,0,0,0,0,0,0,0,0,0,0,0,0,0,0,0,31535131
2019,Regular Season,Saitama Seibu Lions,53,"Takeda, Aito",RF,42,57,53,0.151,0.196,0.170,0.366,7,3,8,7,1,0,0,9,0,0,3,2,11,2,0,1,0,31535132
2019,Regular Season,Chunichi Dragons,47,"Kasahara, Shotaro",P,8,12,12,0.083,0.083,0.083,0.166,0,0,1,1,0,0,0,1,0,0,0,0,6,0,0,0,0,31535134
2019,Regular Season,Tohoku Rakuten Golden Eagles,21,"Kamata, Yoshinao",P,5,0,0,0.000,0.000,0.000,0.000,0,0,0,0,0,0,0,0,0,0,0,0,0,0,0,0,0,31535135
2019,Regular Season,Saitama Seibu Lions,37,"Okada, Masatoshi",C,36,78,61,0.262,0.375,0.393,0.768,8,7,16,11,3,1,1,24,0,0,9,0,12,1,2,6,0,31535139
2019,Regular Season,Chiba Lotte Marines,18,"Wakui, Hideaki",P,18,2,2,0.000,0.000,0.000,0.000,0,0,0,0,0,0,0,0,0,0,0,0,2,0,0,0,0,31635110
2019,Regular Season,Chunichi Dragons,55,"Fukuda, Nobumasa",LF,105,352,310,0.287,0.358,0.519,0.877,55,66,89,53,18,0,18,161,0,1,32,4,69,7,5,0,5,31635114
2019,Regular Season,Chunichi Dragons,29,"Yamai, Daisuke",P,13,18,15,0.133,0.133,0.133,0.266,0,0,2,2,0,0,0,2,0,0,0,0,6,0,0,3,0,31635115
2019,Regular Season,Hokkaido Nippon-Ham Fighters,31,"Murata, Toru",P,13,0,0,0.000,0.000,0.000,0.000,0,0,0,0,0,0,0,0,0,0,0,0,0,0,0,0,0,31635116
2019,Regular Season,Tokyo Yakult Swallows,16,"Hara, Juri",P,12,26,22,0.273,0.333,0.318,0.651,2,1,6,5,1,0,0,7,0,0,2,0,8,0,0,2,0,31635132
2019,Regular Season,Yomiuri Giants,31,"Hatake, Seishu",P,5,4,2,0.500,0.667,0.500,1.167,1,0,1,1,0,0,0,1,0,0,1,0,1,0,0,1,0,31635134
2019,Regular Season,Tokyo Yakult Swallows,68,"Yamanaka, Hirofumi",P,4,1,1,1.000,1.000,1.000,2.000,0,0,1,1,0,0,0,1,0,0,0,0,0,0,0,0,0,31635137
2019,Regular Season,Chiba Lotte Marines,2,"Fujiwara, Kyota",CF,6,19,19,0.105,0.105,0.105,0.210,0,2,2,2,0,0,0,2,0,0,0,0,6,0,0,0,0,31635138
2019,Regular Season,Tokyo Yakult Swallows,5,"Kawabata, Shingo",PH,37,67,61,0.164,0.224,0.180,0.404,5,7,10,9,1,0,0,11,0,0,5,0,8,2,0,0,1,31735112
2019,Regular Season,Hanshin Tigers,64,"Kuwahara, Kentaro",P,7,0,0,0.000,0.000,0.000,0.000,0,0,0,0,0,0,0,0,0,0,0,0,0,0,0,0,0,31735116
2019,Regular Season,Chunichi Dragons,35,"Kinoshita, Takuya",C,39,98,88,0.227,0.289,0.364,0.653,5,8,20,12,6,0,2,32,0,0,5,1,22,2,3,1,1,31735132
2019,Regular Season,Fukuoka Softbank Hawks,65,"Kuki, Ryuhei",DH,2,3,2,0.000,0.333,0.000,0.333,0,0,0,0,0,0,0,0,0,0,0,0,1,0,1,0,0,31735134
2019,Regular Season,Yomiuri Giants,29,"Kuwahara, Takuya",P,16,1,1,0.000,0.000,0.000,0.000,0,0,0,0,0,0,0,0,0,0,0,0,1,0,0,0,0,31735136
2019,Climax Series - Final Stage,Hanshin Tigers,0,"Kinami, Seiya",SS,4,10,10,0.000,0.000,0.000,0.000,0,0,0,0,0,0,0,0,0,0,0,0,1,1,0,0,0,31735138
2019,Climax Series - First Stage,Hanshin Tigers,0,"Kinami, Seiya",SS,3,7,7,0.714,0.714,0.857,1.571,1,2,5,4,1,0,0,6,0,0,0,0,0,0,0,0,0,31735138
2019,Regular Season,Hanshin Tigers,0,"Kinami, Seiya",SS,113,390,363,0.262,0.302,0.355,0.657,32,32,95,71,18,2,4,129,2,0,18,5,77,8,3,6,0,31735138
2019,Regular Season,Yokohama DeNA Baystars,64,"Momose, Hiroki",PH,1,1,1,0.000,0.000,0.000,0.000,0,0,0,0,0,0,0,0,0,0,0,0,1,0,0,0,0,31835130
2019,Climax Series - Final Stage,Saitama Seibu Lions,45,"Honda, Keisuke",P,1,0,0,0.000,0.000,0.000,0.000,0,0,0,0,0,0,0,0,0,0,0,0,0,0,0,0,0,31835132
2019,Regular Season,Saitama Seibu Lions,45,"Honda, Keisuke",P,16,2,2,0.000,0.000,0.000,0.000,0,0,0,0,0,0,0,0,0,0,0,0,0,0,0,0,0,31835132
2019,Climax Series - Final Stage,Fukuoka Softbank Hawks,9,"Yanagita, Yuki",CF,4,22,16,0.375,0.545,0.438,0.983,6,0,6,5,1,0,0,7,2,0,6,1,3,1,0,0,0,31835133
2019,Climax Series - First Stage,Fukuoka Softbank Hawks,9,"Yanagita, Yuki",CF,3,12,11,0.364,0.417,0.727,1.144,3,2,4,2,1,0,1,8,0,0,1,0,3,0,0,0,0,31835133
2019,Japan Series,Fukuoka Softbank Hawks,9,"Yanagita, Yuki",CF,4,17,13,0.231,0.412,0.462,0.874,1,3,3,2,0,0,1,6,0,0,4,0,4,0,0,0,0,31835133
2019,Regular Season,Fukuoka Softbank Hawks,9,"Yanagita, Yuki",CF,38,157,128,0.289,0.420,0.516,0.936,17,23,37,23,6,1,7,66,4,1,28,2,28,4,1,0,0,31835133
2019,Regular Season,Yokohama DeNA Baystars,52,"Hosokawa, Seiya",PH,36,83,72,0.222,0.313,0.292,0.605,9,10,16,13,2,0,1,21,0,0,8,0,24,1,2,0,1,31835134
2019,Climax Series - Final Stage,Yomiuri Giants,35,"Sakurai, Toshiki",P,1,0,0,0.000,0.000,0.000,0.000,0,0,0,0,0,0,0,0,0,0,0,0,0,0,0,0,0,31935132
2019,Japan Series,Yomiuri Giants,35,"Sakurai, Toshiki",P,1,0,0,0.000,0.000,0.000,0.000,0,0,0,0,0,0,0,0,0,0,0,0,0,0,0,0,0,31935132
2019,Regular Season,Yomiuri Giants,35,"Sakurai, Toshiki",P,29,29,23,0.087,0.160,0.087,0.247,0,0,2,2,0,0,0,2,0,0,2,0,13,0,0,4,0,31935132
2019,Regular Season,Hiroshima Toyo Carp,43,"Shimauchi, Sotaro",P,25,1,0,0.000,0.000,0.000,0.000,0,0,0,0,0,0,0,0,0,0,0,0,0,0,0,1,0,31935138
2019,Regular Season,Yokohama DeNA Baystars,63,"Sekine, Taiki",RF,32,27,26,0.038,0.074,0.077,0.151,2,0,1,0,1,0,0,2,0,0,1,0,6,1,0,0,0,31935139
2019,Regular Season,Orix Buffaloes,12,"Marrero, Chris",1B,43,133,123,0.211,0.256,0.317,0.573,8,14,26,17,7,0,2,39,0,0,7,0,35,5,1,0,2,33035134
2019,Regular Season,Tokyo Yakult Swallows,31,"Yamasaki, Kotaro",CF,80,185,168,0.274,0.318,0.333,0.651,20,8,46,39,4,3,0,56,4,0,10,0,39,4,1,6,0,33135132
2019,Regular Season,Fukuoka Softbank Hawks,68,"Mimori, Masaki",2B,24,51,48,0.208,0.255,0.333,0.588,7,1,10,6,2,2,0,16,3,2,2,0,17,0,1,0,0,33135134
2019,Regular Season,Tokyo Yakult Swallows,66,"Yoshida, Taisei",3B,13,39,32,0.188,0.316,0.219,0.535,3,2,6,5,1,0,0,7,1,1,4,0,8,1,2,1,0,33135138
2019,Regular Season,Hokkaido Nippon-Ham Fighters,33,"Barbato, Johnny",P,15,0,0,0.000,0.000,0.000,0.000,0,0,0,0,0,0,0,0,0,0,0,0,0,0,0,0,0,33335138
2019,Climax Series - Final Stage,Hanshin Tigers,77,"Garcia, Onelki",P,2,0,0,0.000,0.000,0.000,0.000,0,0,0,0,0,0,0,0,0,0,0,0,0,0,0,0,0,33535136
2019,Climax Series - First Stage,Hanshin Tigers,77,"Garcia, Onelki",P,2,0,0,0.000,0.000,0.000,0.000,0,0,0,0,0,0,0,0,0,0,0,0,0,0,0,0,0,33535136
2019,Regular Season,Hanshin Tigers,77,"Garcia, Onelki",P,21,33,30,0.133,0.133,0.133,0.266,1,1,4,4,0,0,0,4,0,0,0,0,9,1,0,3,0,33535136
2019,Climax Series - Final Stage,Yomiuri Giants,42,"Mercedes, Cristopher Crisostomo",P,1,3,3,0.000,0.000,0.000,0.000,0,0,0,0,0,0,0,0,0,0,0,0,2,0,0,0,0,33935134
2019,Japan Series,Yomiuri Giants,42,"Mercedes, Cristopher Crisostomo",P,1,0,0,0.000,0.000,0.000,0.000,0,0,0,0,0,0,0,0,0,0,0,0,0,0,0,0,0,33935134
2019,Regular Season,Yomiuri Giants,42,"Mercedes, Cristopher Crisostomo",P,22,42,36,0.083,0.108,0.083,0.191,1,0,3,3,0,0,0,3,0,0,1,0,16,0,0,5,0,33935134
2019,Climax Series - Final Stage,Fukuoka Softbank Hawks,12,"Takaya, Hiroaki",C,4,3,3,0.667,0.667,1.000,1.667,0,1,2,1,1,0,0,3,0,0,0,0,1,0,0,0,0,41045114
2019,Climax Series - First Stage,Fukuoka Softbank Hawks,12,"Takaya, Hiroaki",C,2,1,1,0.000,0.000,0.000,0.000,0,0,0,0,0,0,0,0,0,0,0,0,0,0,0,0,0,41045114
2019,Japan Series,Fukuoka Softbank Hawks,12,"Takaya, Hiroaki",C,4,1,0,0.000,1.000,0.000,1.000,0,0,0,0,0,0,0,0,0,0,1,0,0,0,0,0,0,41045114
2019,Regular Season,Fukuoka Softbank Hawks,12,"Takaya, Hiroaki",C,55,42,30,0.167,0.286,0.267,0.553,2,1,5,4,0,0,1,8,0,0,5,0,15,0,0,7,0,41045114
2019,Regular Season,Yokohama DeNA Baystars,61,"Nakagawa, Taishi",PH,3,3,3,0.000,0.000,0.000,0.000,0,0,0,0,0,0,0,0,0,0,0,0,0,0,0,0,0,41045118
2019,Regular Season,Fukuoka Softbank Hawks,22,"Nishida, Tetsuro",SS,7,8,8,0.125,0.125,0.250,0.375,2,1,1,0,1,0,0,2,0,0,0,0,0,0,0,0,0,41045131
2019,Regular Season,Hokkaido Nippon-Ham Fighters,4,"Taniguchi, Yuya",PH,30,50,48,0.229,0.260,0.396,0.656,4,10,11,7,2,0,2,19,0,0,2,0,12,1,0,0,0,41045133
2019,Regular Season,Tokyo Yakult Swallows,65,"Tashiro, Shotaro",PR,51,21,19,0.263,0.286,0.526,0.812,7,7,5,2,1,2,0,10,1,1,0,0,6,0,1,0,1,41045135
2019,Regular Season,Orix Buffaloes,29,"Tajima, Daiki",P,10,2,2,0.000,0.000,0.000,0.000,0,0,0,0,0,0,0,0,0,0,0,0,2,0,0,0,0,41045136
2019,Regular Season,Hanshin Tigers,19,"Fujinami, Shintaro",P,1,1,1,0.000,0.000,0.000,0.000,0,0,0,0,0,0,0,0,0,0,0,0,1,0,0,0,0,41045137
2019,Climax Series - Final Stage,Yomiuri Giants,68,"Togo, Shosei",P,1,0,0,0.000,0.000,0.000,0.000,0,0,0,0,0,0,0,0,0,0,0,0,0,0,0,0,0,41045138
2019,Japan Series,Yomiuri Giants,68,"Togo, Shosei",P,1,0,0,0.000,0.000,0.000,0.000,0,0,0,0,0,0,0,0,0,0,0,0,0,0,0,0,0,41045138
2019,Regular Season,Yomiuri Giants,68,"Togo, Shosei",P,2,3,3,0.000,0.000,0.000,0.000,0,0,0,0,0,0,0,0,0,0,0,0,2,0,0,0,0,41045138
2019,Regular Season,Hokkaido Nippon-Ham Fighters,43,"Hakumura, Akihiro",LF,1,3,3,0.000,0.000,0.000,0.000,0,0,0,0,0,0,0,0,0,0,0,0,3,0,0,0,0,41045139
2019,Regular Season,Chunichi Dragons,9,"Ishikawa, Shun",PH,8,8,8,0.125,0.125,0.375,0.500,0,3,1,0,0,1,0,3,0,0,0,0,3,0,0,0,0,41145130
2019,Climax Series - First Stage,Tohoku Rakuten Golden Eagles,44,"Adachi, Yuichi",C,1,3,3,0.000,0.000,0.000,0.000,0,0,0,0,0,0,0,0,0,0,0,0,1,0,0,0,0,41145132
2019,Regular Season,Tohoku Rakuten Golden Eagles,44,"Adachi, Yuichi",C,21,47,39,0.154,0.190,0.333,0.523,4,4,6,3,1,0,2,13,0,0,1,0,12,0,1,5,1,41145132
2019,Regular Season,Chunichi Dragons,32,"Ishigaki, Masami",PH,15,15,15,0.133,0.133,0.267,0.400,1,1,2,0,2,0,0,4,0,0,0,0,7,0,0,0,0,41145134
2019,Climax Series - First Stage,Yokohama DeNA Baystars,4,"Itoh, Yukiya",2B,1,1,1,0.000,0.000,0.000,0.000,0,0,0,0,0,0,0,0,0,0,0,0,0,0,0,0,0,41145138
2019,Regular Season,Yokohama DeNA Baystars,4,"Itoh, Yukiya",2B,21,57,52,0.288,0.333,0.596,0.929,7,7,15,7,4,0,4,31,0,0,3,0,17,1,1,0,1,41145138
2019,Regular Season,Chiba Lotte Marines,12,"Ishikawa, Ayumu",P,27,1,1,0.000,0.000,0.000,0.000,0,0,0,0,0,0,0,0,0,0,0,0,1,0,0,0,0,41145139
2019,Climax Series - Final Stage,Saitama Seibu Lions,5,"Tonosaki, Shuta",2B,4,17,17,0.235,0.235,0.529,0.764,2,3,4,2,0,1,1,9,1,0,0,0,7,0,0,0,0,41245130
2019,Regular Season,Saitama Seibu Lions,5,"Tonosaki, Shuta",2B,143,621,533,0.274,0.353,0.493,0.846,96,90,146,87,27,6,26,263,22,6,63,0,132,9,5,14,6,41245130
2019,Climax Series - First Stage,Yokohama DeNA Baystars,10,"Tobashira, Yasutaka",C,1,3,2,0.000,0.333,0.000,0.333,0,0,0,0,0,0,0,0,0,0,1,0,0,0,0,0,0,41245132
2019,Regular Season,Yokohama DeNA Baystars,10,"Tobashira, Yasutaka",C,45,111,100,0.200,0.257,0.310,0.567,6,6,20,13,4,2,1,31,0,0,7,0,22,2,1,2,1,41245132
2019,Regular Season,Tokyo Yakult Swallows,30,"Nishida, Akihisa",PH,47,62,54,0.204,0.306,0.296,0.602,2,4,11,6,5,0,0,16,0,0,8,1,16,1,0,0,0,41245133
2019,Regular Season,Orix Buffaloes,98,"Cho, Yaku",P,8,0,0,0.000,0.000,0.000,0.000,0,0,0,0,0,0,0,0,0,0,0,0,0,0,0,0,0,41245134
2019,Regular Season,Chiba Lotte Marines,62,"Nagano, Shoji",P,5,0,0,0.000,0.000,0.000,0.000,0,0,0,0,0,0,0,0,0,0,0,0,0,0,0,0,0,41245136
2019,Climax Series - First Stage,Yokohama DeNA Baystars,17,"Mishima, Kazuki",P,2,0,0,0.000,0.000,0.000,0.000,0,0,0,0,0,0,0,0,0,0,0,0,0,0,0,0,0,41245137
2019,Regular Season,Yokohama DeNA Baystars,17,"Mishima, Kazuki",P,71,0,0,0.000,0.000,0.000,0.000,0,0,0,0,0,0,0,0,0,0,0,0,0,0,0,0,0,41245137
2019,Regular Season,Hokkaido Nippon-Ham Fighters,13,"Nabatame, Tsubasa",P,4,0,0,0.000,0.000,0.000,0.000,0,0,0,0,0,0,0,0,0,0,0,0,0,0,0,0,0,41245138
2019,Regular Season,Tohoku Rakuten Golden Eagles,60,"Furukawa, Yuri",P,8,1,1,0.000,0.000,0.000,0.000,0,0,0,0,0,0,0,0,0,0,0,0,1,0,0,0,0,41245139
2019,Regular Season,Yomiuri Giants,67,"Furukawa, Yuri",P,3,1,1,0.000,0.000,0.000,0.000,0,0,0,0,0,0,0,0,0,0,0,0,1,0,0,0,0,41245139
2019,Regular Season,Hokkaido Nippon-Ham Fighters,19,"Kaneko, Chihiro",P,26,3,3,0.000,0.000,0.000,0.000,0,0,0,0,0,0,0,0,0,0,0,0,3,0,0,0,0,41345110
2019,Regular Season,Hokkaido Nippon-Ham Fighters,5,"Ohta, Taishi",RF,132,594,557,0.289,0.325,0.451,0.776,79,77,161,112,28,1,20,251,6,2,27,4,111,22,5,0,5,41345118
2019,Regular Season,Chunichi Dragons,23,"Endoh, Issei",LF,108,120,111,0.270,0.314,0.396,0.710,22,11,30,22,4,2,2,44,4,4,5,0,28,1,2,2,0,41345130
2019,Regular Season,Chiba Lotte Marines,14,"Ohtani, Tomohisa",P,2,0,0,0.000,0.000,0.000,0.000,0,0,0,0,0,0,0,0,0,0,0,0,0,0,0,0,0,41345131
2019,Regular Season,Hokkaido Nippon-Ham Fighters,20,"Uehara, Kenta",P,13,3,3,0.000,0.000,0.000,0.000,0,0,0,0,0,0,0,0,0,0,0,0,3,0,0,0,0,41345132
2019,Climax Series - First Stage,Yokohama DeNA Baystars,33,"Otosaka, Tomo",PH,2,2,2,0.500,0.500,2.000,2.500,1,2,1,0,0,0,1,4,0,0,0,0,0,0,0,0,0,41345135
2019,Regular Season,Yokohama DeNA Baystars,33,"Otosaka, Tomo",PH,97,179,159,0.245,0.313,0.358,0.671,19,17,39,27,8,2,2,57,6,3,14,2,33,3,2,3,1,41345135
2019,Regular Season,Fukuoka Softbank Hawks,10,"Ohtake, Koutaro",P,17,3,3,0.000,0.000,0.000,0.000,0,0,0,0,0,0,0,0,0,0,0,0,2,1,0,0,0,41345136
2019,Regular Season,Hokkaido Nippon-Ham Fighters,17,"Urano, Hiroshi",P,25,0,0,0.000,0.000,0.000,0.000,0,0,0,0,0,0,0,0,0,0,0,0,0,0,0,0,0,41345139
2019,Regular Season,Hokkaido Nippon-Ham Fighters,25,"Miyanishi, Naoki",P,55,0,0,0.000,0.000,0.000,0.000,0,0,0,0,0,0,0,0,0,0,0,0,0,0,0,0,0,41445116
2019,Regular Season,Saitama Seibu Lions,23,"Noda, Shogo",P,23,0,0,0.000,0.000,0.000,0.000,0,0,0,0,0,0,0,0,0,0,0,0,0,0,0,0,0,41445132
2019,Regular Season,Hanshin Tigers,18,"Baba, Kosuke",P,2,0,0,0.000,0.000,0.000,0.000,0,0,0,0,0,0,0,0,0,0,0,0,0,0,0,0,0,41445136
2019,Regular Season,Chiba Lotte Marines,3,"Kakunaka, Katsuya",LF,108,435,368,0.258,0.359,0.375,0.734,47,48,95,69,17,1,8,138,2,2,55,2,63,10,5,3,4,41545114
2019,Regular Season,Hiroshima Toyo Carp,59,"Kikuchi, Yasunori",P,58,0,0,0.000,0.000,0.000,0.000,0,0,0,0,0,0,0,0,0,0,0,0,0,0,0,0,0,41545116
2019,Regular Season,Chunichi Dragons,52,"Katoh, Takuma",C,92,245,224,0.228,0.258,0.286,0.544,19,13,51,41,7,3,0,64,0,0,9,1,57,6,0,12,0,41545130
2019,Regular Season,Hokkaido Nippon-Ham Fighters,14,"Katoh, Takayuki",P,26,1,1,0.000,0.000,0.000,0.000,0,0,0,0,0,0,0,0,0,0,0,0,0,0,0,0,0,41545132
2019,Regular Season,Chunichi Dragons,98,"Kinoshita, Yusuke",P,5,0,0,0.000,0.000,0.000,0.000,0,0,0,0,0,0,0,0,0,0,0,0,0,0,0,0,0,41545134
2019,Regular Season,Hokkaido Nippon-Ham Fighters,21,"Kiyomiya, Kotaro",1B,81,278,250,0.204,0.270,0.340,0.610,26,33,51,32,11,1,7,85,0,1,21,0,75,4,3,0,4,41545136
2019,Regular Season,Chunichi Dragons,68,"Katsura, Iori",C,4,9,8,0.250,0.250,0.250,0.500,1,0,2,2,0,0,0,2,0,0,0,0,2,0,0,1,0,41545139
2019,Regular Season,Chunichi Dragons,34,"Fuku, Hiroto",P,52,1,1,0.000,0.000,0.000,0.000,0,0,0,0,0,0,0,0,0,0,0,0,1,0,0,0,0,41645132
2019,Regular Season,Orix Buffaloes,24,"Miyazaki, Yuki",PH,15,28,23,0.130,0.250,0.130,0.380,1,1,3,3,0,0,0,3,0,0,2,0,9,0,2,0,1,41645133
2019,Regular Season,Chiba Lotte Marines,4,"Fujioka, Yudai",SS,81,278,250,0.264,0.306,0.352,0.658,36,21,66,49,14,1,2,88,3,1,16,0,33,4,0,10,2,41645136
2019,Regular Season,Chiba Lotte Marines,50,"Matsuda, Shin",3B,3,6,5,0.200,0.333,0.200,0.533,0,1,1,1,0,0,0,1,0,1,1,0,1,0,0,0,0,41645138
2019,Regular Season,Orix Buffaloes,37,"Wakatsuki, Kenya",C,138,348,298,0.178,0.241,0.218,0.459,21,21,53,43,9,0,1,65,2,0,21,1,73,4,4,25,0,41645139
2019,Climax Series - Final Stage,Saitama Seibu Lions,9,"Kimura, Fumikazu",RF,3,6,6,0.167,0.167,0.167,0.334,1,0,1,1,0,0,0,1,0,0,0,0,1,0,0,0,0,41745114
2019,Regular Season,Saitama Seibu Lions,9,"Kimura, Fumikazu",RF,130,441,391,0.220,0.270,0.343,0.613,46,38,86,61,12,3,10,134,16,9,24,0,101,3,5,15,6,41745114
2019,Regular Season,Hanshin Tigers,35,"Saiki, Hiroto",P,3,6,6,0.000,0.000,0.000,0.000,0,0,0,0,0,0,0,0,0,0,0,0,5,0,0,0,0,41745134
2019,Regular Season,Hokkaido Nippon-Ham Fighters,8,"Kondoh, Kensuke",LF,138,600,490,0.302,0.422,0.400,0.822,74,59,148,109,32,5,2,196,1,4,103,3,81,11,2,0,5,41745135
2019,Regular Season,Saitama Seibu Lions,19,"Saito, Hiromasa",P,9,0,0,0.000,0.000,0.000,0.000,0,0,0,0,0,0,0,0,0,0,0,0,0,0,0,0,0,41745136
2019,Japan Series,Yomiuri Giants,18,"Sugano, Tomoyuki",P,1,2,2,0.000,0.000,0.000,0.000,0,0,0,0,0,0,0,0,0,0,0,0,1,0,0,0,0,41745137
2019,Regular Season,Yomiuri Giants,18,"Sugano, Tomoyuki",P,22,53,46,0.087,0.087,0.109,0.196,2,3,4,3,1,0,0,5,0,0,0,0,16,0,0,7,0,41745137
2019,Regular Season,Tokyo Yakult Swallows,26,"Sakamoto, Koshiro",P,19,0,0,0.000,0.000,0.000,0.000,0,0,0,0,0,0,0,0,0,0,0,0,0,0,0,0,0,41745138
2019,Regular Season,Chunichi Dragons,19,"Yoshimi, Kazuki",P,5,7,5,0.200,0.200,0.200,0.400,1,0,1,1,0,0,0,1,0,0,0,0,1,1,0,2,0,41845112
2019,Regular Season,Hokkaido Nippon-Ham Fighters,56,"Yoshikawa, Mitsuo",P,4,0,0,0.000,0.000,0.000,0.000,0,0,0,0,0,0,0,0,0,0,0,0,0,0,0,0,0,41845114
2019,Regular Season,Yomiuri Giants,47,"Yoshikawa, Mitsuo",P,9,0,0,0.000,0.000,0.000,0.000,0,0,0,0,0,0,0,0,0,0,0,0,0,0,0,0,0,41845114
2019,Climax Series - First Stage,Yokohama DeNA Baystars,19,"Yamasaki, Yasuaki",P,2,0,0,0.000,0.000,0.000,0.000,0,0,0,0,0,0,0,0,0,0,0,0,0,0,0,0,0,41845130
2019,Regular Season,Yokohama DeNA Baystars,19,"Yamasaki, Yasuaki",P,61,0,0,0.000,0.000,0.000,0.000,0,0,0,0,0,0,0,0,0,0,0,0,0,0,0,0,0,41845130
2019,Climax Series - First Stage,Tohoku Rakuten Golden Eagles,66,"Murabayashi, Itsuki",SS,1,0,0,0.000,0.000,0.000,0.000,0,0,0,0,0,0,0,0,0,0,0,0,0,0,0,0,0,41845132
2019,Regular Season,Tohoku Rakuten Golden Eagles,66,"Murabayashi, Itsuki",SS,49,25,24,0.083,0.083,0.125,0.208,2,0,2,1,1,0,0,3,0,1,0,0,5,1,0,1,0,41845132
2019,Regular Season,Tokyo Yakult Swallows,55,"Murakami, Munetaka",1B,143,593,511,0.231,0.332,0.481,0.813,76,96,118,62,20,0,36,246,5,4,74,5,184,9,5,0,3,41845136
2019,Regular Season,Saitama Seibu Lions,48,"Takekuma, Shota",P,10,0,0,0.000,0.000,0.000,0.000,0,0,0,0,0,0,0,0,0,0,0,0,0,0,0,0,0,41945116
2019,Climax Series - First Stage,Yokohama DeNA Baystars,25,"Tsutsugo, Yoshitomo",LF,3,14,13,0.231,0.286,0.692,0.978,2,5,3,1,0,0,2,9,0,0,1,0,4,1,0,0,0,41945131
2019,Regular Season,Yokohama DeNA Baystars,25,"Tsutsugo, Yoshitomo",LF,131,557,464,0.272,0.388,0.511,0.899,74,79,126,73,24,0,29,237,0,0,88,5,141,5,2,0,3,41945131
2019,Climax Series - First Stage,Yokohama DeNA Baystars,31,"Shibata, Tatsuhiro",2B,3,12,11,0.182,0.250,0.182,0.432,0,2,2,2,0,0,0,2,0,0,1,0,3,0,0,0,0,41945132
2019,Regular Season,Yokohama DeNA Baystars,31,"Shibata, Tatsuhiro",2B,111,196,164,0.256,0.333,0.372,0.705,22,17,42,30,8,1,3,61,3,0,20,1,38,3,0,10,2,41945132
2019,Regular Season,Chiba Lotte Marines,31,"Sugano, Tsuyoshi",LF,28,73,66,0.197,0.274,0.364,0.638,7,7,13,8,2,0,3,24,0,0,6,0,11,0,1,0,0,41945136
2019,Regular Season,Chiba Lotte Marines,22,"Tamura, Tatsuhiro",C,100,321,284,0.243,0.294,0.324,0.618,30,31,69,53,12,1,3,92,1,2,22,0,59,8,0,12,3,41945137
2019,Climax Series - Final Stage,Yomiuri Giants,28,"Taguchi, Kazuto",P,2,0,0,0.000,0.000,0.000,0.000,0,0,0,0,0,0,0,0,0,0,0,0,0,0,0,0,0,41945139
2019,Japan Series,Yomiuri Giants,28,"Taguchi, Kazuto",P,2,0,0,0.000,0.000,0.000,0.000,0,0,0,0,0,0,0,0,0,0,0,0,0,0,0,0,0,41945139
2019,Regular Season,Yomiuri Giants,28,"Taguchi, Kazuto",P,55,3,2,0.000,0.000,0.000,0.000,0,0,0,0,0,0,0,0,0,0,0,0,2,0,0,1,0,41945139
2019,Regular Season,Saitama Seibu Lions,41,"Aiuchi, Makoto",P,2,0,0,0.000,0.000,0.000,0.000,0,0,0,0,0,0,0,0,0,0,0,0,0,0,0,0,0,43145137
2019,Regular Season,Chunichi Dragons,42,"Almonte, Zoilo",LF,49,174,164,0.329,0.362,0.506,0.868,19,25,54,39,8,0,7,83,0,1,8,1,37,6,1,0,1,43345136
2019,Regular Season,Tokyo Yakult Swallows,37,"Mcgough, Scott",P,65,1,1,0.000,0.000,0.000,0.000,0,0,0,0,0,0,0,0,0,0,0,0,1,0,0,0,0,43345138
2019,Climax Series - Final Stage,Yomiuri Giants,44,"Guerrero, Alex",LF,3,10,10,0.300,0.300,0.900,1.200,2,4,3,1,0,0,2,9,0,0,0,0,2,0,0,0,0,43545134
2019,Japan Series,Yomiuri Giants,44,"Guerrero, Alex",LF,4,13,12,0.333,0.385,0.417,0.802,0,0,4,3,1,0,0,5,0,0,1,0,3,0,0,0,0,43545134
2019,Regular Season,Yomiuri Giants,44,"Guerrero, Alex",LF,101,333,287,0.237,0.337,0.526,0.863,33,54,68,29,16,2,21,151,1,0,40,2,59,5,4,1,1,43545134
2019,Regular Season,Tokyo Yakult Swallows,28,"Buchanan, David",P,18,32,27,0.074,0.138,0.074,0.212,2,0,2,2,0,0,0,2,0,0,2,0,15,0,0,3,0,43745134
2019,Regular Season,Hokkaido Nippon-Ham Fighters,41,"Rodriguez, Bryan",P,34,0,0,0.000,0.000,0.000,0.000,0,0,0,0,0,0,0,0,0,0,0,0,0,0,0,0,0,43745136
2019,Regular Season,Hiroshima Toyo Carp,96,"Mejia, Alejandro",3B,56,173,162,0.259,0.306,0.426,0.732,13,17,42,29,6,0,7,69,0,0,11,3,46,2,0,0,0,43945132
2019,Regular Season,Fukuoka Softbank Hawks,11,"Nakata, Kenichi",P,1,0,0,0.000,0.000,0.000,0.000,0,0,0,0,0,0,0,0,0,0,0,0,0,0,0,0,0,51055110
2019,Regular Season,Tokyo Yakult Swallows,54,"Nakazawa, Masato",P,1,0,0,0.000,0.000,0.000,0.000,0,0,0,0,0,0,0,0,0,0,0,0,0,0,0,0,0,51055131
2019,Regular Season,Tokyo Yakult Swallows,47,"Takahashi, Keiji",P,20,32,30,0.200,0.200,0.233,0.433,2,4,6,5,1,0,0,7,0,0,0,0,10,0,0,2,0,51055132
2019,Climax Series - Final Stage,Hanshin Tigers,69,"Shimamoto, Hiroya",P,2,0,0,0.000,0.000,0.000,0.000,0,0,0,0,0,0,0,0,0,0,0,0,0,0,0,0,0,51055133
2019,Climax Series - First Stage,Hanshin Tigers,69,"Shimamoto, Hiroya",P,2,0,0,0.000,0.000,0.000,0.000,0,0,0,0,0,0,0,0,0,0,0,0,0,0,0,0,0,51055133
2019,Regular Season,Hanshin Tigers,69,"Shimamoto, Hiroya",P,63,0,0,0.000,0.000,0.000,0.000,0,0,0,0,0,0,0,0,0,0,0,0,0,0,0,0,0,51055133
2019,Regular Season,Orix Buffaloes,22,"Takajoh, Shuto",C,5,12,11,0.182,0.250,0.182,0.432,1,0,2,2,0,0,0,2,0,0,1,0,4,0,0,0,0,51055135
2019,Regular Season,Fukuoka Softbank Hawks,56,"Taura, Fumimaru",P,8,0,0,0.000,0.000,0.000,0.000,0,0,0,0,0,0,0,0,0,0,0,0,0,0,0,0,0,51055136
2019,Climax Series - First Stage,Tohoku Rakuten Golden Eagles,14,"Norimoto, Takahiro",P,1,0,0,0.000,0.000,0.000,0.000,0,0,0,0,0,0,0,0,0,0,0,0,0,0,0,0,0,51055137
2019,Regular Season,Tohoku Rakuten Golden Eagles,14,"Norimoto, Takahiro",P,12,0,0,0.000,0.000,0.000,0.000,0,0,0,0,0,0,0,0,0,0,0,0,0,0,0,0,0,51055137
2019,Regular Season,Hiroshima Toyo Carp,38,"Akamatsu, Masato",CF,1,0,0,0.000,0.000,0.000,0.000,0,0,0,0,0,0,0,0,0,0,0,0,0,0,0,0,0,51155110
2019,Climax Series - First Stage,Tohoku Rakuten Golden Eagles,3,"Asamura, Hideto",2B,3,14,12,0.500,0.571,1.500,2.071,4,7,6,2,0,0,4,18,0,0,2,0,3,0,0,0,0,51155118
2019,Regular Season,Tohoku Rakuten Golden Eagles,3,"Asamura, Hideto",2B,143,635,529,0.263,0.372,0.507,0.879,93,92,139,78,26,2,33,268,1,1,93,9,162,12,4,0,9,51155118
2019,Climax Series - Final Stage,Fukuoka Softbank Hawks,8,"Akashi, Kenji",2B,3,2,1,0.000,0.500,0.000,0.500,0,0,0,0,0,0,0,0,0,0,1,0,0,0,0,0,0,51155119
2019,Climax Series - First Stage,Fukuoka Softbank Hawks,8,"Akashi, Kenji",2B,3,8,8,0.125,0.125,0.125,0.250,0,0,1,1,0,0,0,1,0,0,0,0,2,0,0,0,0,51155119
2019,Japan Series,Fukuoka Softbank Hawks,8,"Akashi, Kenji",2B,4,3,2,0.000,0.333,0.000,0.333,1,0,0,0,0,0,0,0,0,0,1,0,1,0,0,0,0,51155119
2019,Regular Season,Fukuoka Softbank Hawks,8,"Akashi, Kenji",2B,99,315,282,0.248,0.313,0.365,0.678,31,21,70,50,12,3,5,103,6,2,26,1,66,6,1,5,1,51155119
2019,Regular Season,Hokkaido Nippon-Ham Fighters,16,"Arihara, Kohei",P,24,4,2,0.000,0.000,0.000,0.000,0,0,0,0,0,0,0,0,0,0,0,0,1,0,0,2,0,51155130
2019,Regular Season,Hanshin Tigers,46,"Akiyama, Takumi",P,10,19,16,0.125,0.176,0.125,0.301,0,1,2,2,0,0,0,2,0,0,1,0,3,0,0,2,0,51155131
2019,Regular Season,Chiba Lotte Marines,36,"Ariyoshi, Yuki",P,2,0,0,0.000,0.000,0.000,0.000,0,0,0,0,0,0,0,0,0,0,0,0,0,0,0,0,0,51155134
2019,Regular Season,Yokohama DeNA Baystars,11,"Azuma, Katsuki",P,7,13,10,0.100,0.182,0.100,0.282,0,0,1,1,0,0,0,1,0,0,1,0,8,0,0,2,0,51155136
2019,Regular Season,Orix Buffaloes,15,"Aranishi, Yudai",P,13,3,3,0.000,0.000,0.000,0.000,0,0,0,0,0,0,0,0,0,0,0,0,1,0,0,0,0,51155138
2019,Regular Season,Tokyo Yakult Swallows,52,"Nakamura, Yuhei",C,126,450,372,0.269,0.373,0.384,0.757,42,36,100,69,24,2,5,143,1,4,53,3,64,11,10,13,2,51255118
2019,Regular Season,Hanshin Tigers,68,"Fujikawa, Shunsuke",PH,6,6,6,0.000,0.000,0.000,0.000,0,0,0,0,0,0,0,0,0,0,0,0,1,0,0,0,0,51255131
2019,Regular Season,Saitama Seibu Lions,18,"Tawata, Shinsaburo",P,12,0,0,0.000,0.000,0.000,0.000,0,0,0,0,0,0,0,0,0,0,0,0,0,0,0,0,0,51255132
2019,Climax Series - First Stage,Hanshin Tigers,60,"Nakatani, Masahiro",LF,2,5,4,0.000,0.200,0.000,0.200,0,0,0,0,0,0,0,0,0,0,1,0,3,0,0,0,0,51255133
2019,Regular Season,Hanshin Tigers,60,"Nakatani, Masahiro",LF,62,131,116,0.181,0.264,0.379,0.643,14,19,21,10,5,0,6,44,0,0,12,0,37,0,1,2,0,51255133
2019,Regular Season,Fukuoka Softbank Hawks,64,"Masago, Yusuke",CF,12,23,21,0.143,0.182,0.143,0.325,4,1,3,3,0,0,0,3,2,0,1,0,11,0,0,1,0,51255137
2019,Regular Season,Orix Buffaloes,67,"Nakagawa, Keita",RF,111,396,364,0.288,0.334,0.382,0.716,39,32,105,79,21,2,3,139,9,5,25,1,62,6,1,4,2,51255138
2019,Regular Season,Yokohama DeNA Baystars,34,"Hirata, Shingo",P,8,1,1,0.000,0.000,0.000,0.000,0,0,0,0,0,0,0,0,0,0,0,0,1,0,0,0,0,51255139
2019,Regular Season,Hanshin Tigers,21,"Iwata, Minoru",P,14,27,22,0.000,0.083,0.000,0.083,0,0,0,0,0,0,0,0,0,0,2,0,17,0,0,3,0,51355112
2019,Regular Season,Hiroshima Toyo Carp,31,"Ishihara, Yoshiyuki",C,31,67,56,0.196,0.258,0.286,0.544,3,5,11,8,2,0,1,16,0,0,5,0,18,1,0,5,1,51355115
2019,Regular Season,Hiroshima Toyo Carp,16,"Imamura, Takeru",P,27,0,0,0.000,0.000,0.000,0.000,0,0,0,0,0,0,0,0,0,0,0,0,0,0,0,0,0,51355131
2019,Regular Season,Tokyo Yakult Swallows,38,"Umeno, Yugo",P,68,1,0,0.000,0.000,0.000,0.000,0,0,0,0,0,0,0,0,0,0,0,0,0,0,0,1,0,51355134
2019,Regular Season,Hokkaido Nippon-Ham Fighters,15,"Uwasawa, Naoyuki",P,11,2,2,0.000,0.000,0.000,0.000,0,0,0,0,0,0,0,0,0,0,0,0,0,0,0,0,0,51355135
2019,Climax Series - Final Stage,Hanshin Tigers,17,"Iwasada, Yuta",P,2,0,0,0.000,0.000,0.000,0.000,0,0,0,0,0,0,0,0,0,0,0,0,0,0,0,0,0,51355139
2019,Regular Season,Hanshin Tigers,17,"Iwasada, Yuta",P,8,12,11,0.000,0.083,0.000,0.083,0,0,0,0,0,0,0,0,0,0,1,0,5,0,0,0,0,51355139
2019,Regular Season,Chunichi Dragons,4,"Fujii, Atsushi",PH,61,154,141,0.220,0.279,0.312,0.591,12,12,31,21,8,1,1,44,1,0,11,0,33,3,1,0,1,51455112
2019,Regular Season,Tohoku Rakuten Golden Eagles,49,"Hashimoto, Itaru",RF,11,10,9,0.000,0.100,0.000,0.100,1,0,0,0,0,0,0,0,1,0,1,0,3,0,0,0,0,51455118
2019,Regular Season,Chiba Lotte Marines,8,"Nakamura, Shogo",2B,143,586,512,0.232,0.317,0.375,0.692,68,59,119,80,22,0,17,192,12,6,53,2,96,10,12,6,3,51455130
2019,Regular Season,Chunichi Dragons,38,"Matsui, Masato",C,20,39,33,0.212,0.297,0.273,0.570,3,2,7,5,2,0,0,9,0,0,4,0,12,1,0,2,0,51455131
2019,Regular Season,Orix Buffaloes,33,"Matsui, Masato",C,24,42,36,0.194,0.256,0.194,0.450,5,2,7,7,0,0,0,7,0,0,3,0,7,0,0,3,0,51455131
2019,Climax Series - First Stage,Yokohama DeNA Baystars,51,"Miyazaki, Toshiro",3B,3,14,13,0.538,0.571,0.692,1.263,2,0,7,5,2,0,0,9,0,0,1,1,1,0,0,0,0,51455137
2019,Regular Season,Yokohama DeNA Baystars,51,"Miyazaki, Toshiro",3B,114,473,433,0.284,0.334,0.443,0.777,54,49,123,85,22,1,15,192,0,0,32,2,35,13,3,0,5,51455137
2019,Regular Season,Chiba Lotte Marines,37,"Miki, Ryo",SS,89,145,126,0.214,0.270,0.286,0.556,20,15,27,22,3,0,2,36,5,0,6,0,38,1,4,8,1,51455139
2019,Regular Season,Tohoku Rakuten Golden Eagles,28,"Ono, Fumiya",P,13,0,0,0.000,0.000,0.000,0.000,0,0,0,0,0,0,0,0,0,0,0,0,0,0,0,0,0,51555130
2019,Climax Series - Final Stage,Saitama Seibu Lions,44,"Ogawa, Ryuya",P,3,0,0,0.000,0.000,0.000,0.000,0,0,0,0,0,0,0,0,0,0,0,0,0,0,0,0,0,51555131
2019,Regular Season,Saitama Seibu Lions,44,"Ogawa, Ryuya",P,55,0,0,0.000,0.000,0.000,0.000,0,0,0,0,0,0,0,0,0,0,0,0,0,0,0,0,0,51555131
2019,Regular Season,Yomiuri Giants,2,"Katoh, Shuhei",CF,5,3,3,0.000,0.000,0.000,0.000,2,0,0,0,0,0,0,0,0,0,0,0,1,0,0,0,0,51555134
2019,Regular Season,Fukuoka Softbank Hawks,60,"Kamamoto, Go",CF,86,189,173,0.220,0.270,0.312,0.582,18,11,38,31,2,1,4,54,11,1,12,0,56,2,0,4,0,51555135
2019,Japan Series,Yomiuri Giants,32,"Kagiya, Yohei",P,1,0,0,0.000,0.000,0.000,0.000,0,0,0,0,0,0,0,0,0,0,0,0,0,0,0,0,0,51555137
2019,Regular Season,Hokkaido Nippon-Ham Fighters,30,"Kagiya, Yohei",P,18,0,0,0.000,0.000,0.000,0.000,0,0,0,0,0,0,0,0,0,0,0,0,0,0,0,0,0,51555137
2019,Regular Season,Yomiuri Giants,32,"Kagiya, Yohei",P,27,1,1,0.000,0.000,0.000,0.000,0,0,0,0,0,0,0,0,0,0,0,0,1,0,0,0,0,51555137
2019,Climax Series - Final Stage,Fukuoka Softbank Hawks,20,"Kaino, Hiroshi",P,3,0,0,0.000,0.000,0.000,0.000,0,0,0,0,0,0,0,0,0,0,0,0,0,0,0,0,0,51555138
2019,Climax Series - First Stage,Fukuoka Softbank Hawks,20,"Kaino, Hiroshi",P,2,0,0,0.000,0.000,0.000,0.000,0,0,0,0,0,0,0,0,0,0,0,0,0,0,0,0,0,51555138
2019,Japan Series,Fukuoka Softbank Hawks,20,"Kaino, Hiroshi",P,3,1,1,1.000,1.000,1.000,2.000,0,0,1,1,0,0,0,1,0,0,0,0,0,0,0,0,0,51555138
2019,Regular Season,Fukuoka Softbank Hawks,20,"Kaino, Hiroshi",P,66,0,0,0.000,0.000,0.000,0.000,0,0,0,0,0,0,0,0,0,0,0,0,0,0,0,0,0,51555138
2019,Climax Series - Final Stage,Fukuoka Softbank Hawks,5,"Matsuda, Nobuhiro",3B,4,20,16,0.313,0.450,0.438,0.888,5,4,5,3,2,0,0,7,0,0,2,0,3,0,2,0,0,51655112
2019,Climax Series - First Stage,Fukuoka Softbank Hawks,5,"Matsuda, Nobuhiro",3B,1,4,4,0.000,0.000,0.000,0.000,0,0,0,0,0,0,0,0,0,0,0,0,0,0,0,0,0,51655112
2019,Japan Series,Fukuoka Softbank Hawks,5,"Matsuda, Nobuhiro",3B,4,16,15,0.333,0.375,0.600,0.975,1,3,5,3,1,0,1,9,0,0,1,0,2,0,0,0,0,51655112
2019,Regular Season,Fukuoka Softbank Hawks,5,"Matsuda, Nobuhiro",3B,143,576,534,0.260,0.305,0.483,0.788,64,76,139,82,25,2,30,258,5,3,33,4,115,14,3,2,4,51655112
2019,Regular Season,Hiroshima Toyo Carp,41,"Fujii, Kouya",P,4,0,0,0.000,0.000,0.000,0.000,0,0,0,0,0,0,0,0,0,0,0,0,0,0,0,0,0,51655130
2019,Regular Season,Chunichi Dragons,37,"Mitsumata, Taiki",PH,21,33,27,0.111,0.226,0.185,0.411,2,0,3,1,2,0,0,5,0,0,4,0,6,1,0,2,0,51655133
2019,Climax Series - First Stage,Yokohama DeNA Baystars,26,"Hamaguchi, Haruhiro",P,1,2,1,0.000,0.500,0.000,0.500,0,0,0,0,0,0,0,0,0,0,1,0,1,0,0,0,0,51655134
2019,Regular Season,Yokohama DeNA Baystars,26,"Hamaguchi, Haruhiro",P,17,27,26,0.000,0.000,0.000,0.000,0,0,0,0,0,0,0,0,0,0,0,0,16,1,0,1,0,51655134
2019,Regular Season,Hokkaido Nippon-Ham Fighters,90,"Sanematsu, Kazunari",C,5,1,1,0.000,0.000,0.000,0.000,0,0,0,0,0,0,0,0,0,0,0,0,0,0,0,0,0,51753888
2019,Regular Season,Orix Buffaloes,18,"Kishida, Mamoru",P,1,0,0,0.000,0.000,0.000,0.000,0,0,0,0,0,0,0,0,0,0,0,0,0,0,0,0,0,51755112
2019,Climax Series - Final Stage,Saitama Seibu Lions,1,"Kuriyama, Takumi",DH,4,13,12,0.083,0.083,0.083,0.166,0,0,1,1,0,0,0,1,0,0,0,0,4,0,0,1,0,51755115
2019,Regular Season,Saitama Seibu Lions,1,"Kuriyama, Takumi",DH,123,466,409,0.252,0.333,0.355,0.688,35,54,103,75,21,0,7,145,0,0,48,2,100,13,3,3,3,51755115
2019,Regular Season,Hiroshima Toyo Carp,4,"Kokubo, Tetsuya",3B,51,125,114,0.246,0.306,0.298,0.604,5,5,28,24,3,0,1,34,0,0,10,2,19,3,0,1,0,51755116
2019,Regular Season,Tohoku Rakuten Golden Eagles,59,"Kumabara, Kento",P,1,0,0,0.000,0.000,0.000,0.000,0,0,0,0,0,0,0,0,0,0,0,0,0,0,0,0,0,51755132
2019,Climax Series - First Stage,Yokohama DeNA Baystars,1,"Kuwahara, Masayuki",CF,3,1,1,0.000,0.000,0.000,0.000,0,0,0,0,0,0,0,0,0,0,0,0,0,0,0,0,0,51755135
2019,Regular Season,Yokohama DeNA Baystars,1,"Kuwahara, Masayuki",CF,72,115,102,0.186,0.259,0.294,0.553,14,7,19,13,3,1,2,30,2,0,9,0,26,0,1,3,0,51755135
2019,Regular Season,Orix Buffaloes,30,"Suzuki, Kohei",P,19,4,4,0.000,0.000,0.000,0.000,0,0,0,0,0,0,0,0,0,0,0,0,3,0,0,0,0,51755136
2019,Regular Season,Orix Buffaloes,53,"Gibo, Sho",SS,8,28,26,0.231,0.286,0.269,0.555,0,0,6,5,1,0,0,7,0,0,2,0,7,0,0,0,0,51755138
2019,Climax Series - Final Stage,Yomiuri Giants,11,"Yamaguchi, Shun",P,1,3,3,0.000,0.000,0.000,0.000,1,0,0,0,0,0,0,0,0,0,0,0,2,0,0,0,0,51855112
2019,Japan Series,Yomiuri Giants,11,"Yamaguchi, Shun",P,1,0,0,0.000,0.000,0.000,0.000,0,0,0,0,0,0,0,0,0,0,0,0,0,0,0,0,0,51855112
2019,Regular Season,Yomiuri Giants,11,"Yamaguchi, Shun",P,26,69,56,0.071,0.119,0.107,0.226,2,2,4,2,2,0,0,6,0,0,3,0,34,1,0,10,0,51855112
2019,Climax Series - Final Stage,Hanshin Tigers,43,"Moriya, Kouki",P,2,0,0,0.000,0.000,0.000,0.000,0,0,0,0,0,0,0,0,0,0,0,0,0,0,0,0,0,51855130
2019,Climax Series - First Stage,Hanshin Tigers,43,"Moriya, Kouki",P,2,0,0,0.000,0.000,0.000,0.000,0,0,0,0,0,0,0,0,0,0,0,0,0,0,0,0,0,51855130
2019,Regular Season,Hanshin Tigers,43,"Moriya, Kouki",P,57,0,0,0.000,0.000,0.000,0.000,0,0,0,0,0,0,0,0,0,0,0,0,0,0,0,0,0,51855130
2019,Climax Series - Final Stage,Yomiuri Giants,63,"Masuda, Daiki",PR,1,0,0,0.000,0.000,0.000,0.000,1,0,0,0,0,0,0,0,0,0,0,0,0,0,0,0,0,51855132
2019,Japan Series,Yomiuri Giants,63,"Masuda, Daiki",PR,2,0,0,0.000,0.000,0.000,0.000,0,0,0,0,0,0,0,0,0,0,0,0,0,0,0,0,0,51855132
2019,Regular Season,Yomiuri Giants,63,"Masuda, Daiki",PR,75,58,50,0.200,0.286,0.320,0.606,20,6,10,6,2,2,0,16,15,2,6,0,11,2,0,2,0,51855132
2019,Regular Season,Hokkaido Nippon-Ham Fighters,34,"Hori, Mizuki",P,53,0,0,0.000,0.000,0.000,0.000,0,0,0,0,0,0,0,0,0,0,0,0,0,0,0,0,0,51855134
2019,Regular Season,Tokyo Yakult Swallows,32,"Matsumoto, Naoki",C,33,73,66,0.212,0.257,0.273,0.530,5,4,14,12,1,0,1,18,0,0,3,0,9,2,1,3,0,51855136
2019,Regular Season,Orix Buffaloes,32,"Dickson, Brandon",P,37,0,0,0.000,0.000,0.000,0.000,0,0,0,0,0,0,0,0,0,0,0,0,0,0,0,0,0,51855137
2019,Climax Series - Final Stage,Yomiuri Giants,6,"Sakamoto, Hayato",SS,4,17,16,0.250,0.294,0.313,0.607,2,2,4,3,1,0,0,5,1,0,1,0,2,1,0,0,0,51955114
2019,Japan Series,Yomiuri Giants,6,"Sakamoto, Hayato",SS,4,17,13,0.077,0.294,0.077,0.371,1,0,1,1,0,0,0,1,0,0,4,0,5,0,0,0,0,51955114
2019,Regular Season,Yomiuri Giants,6,"Sakamoto, Hayato",SS,143,639,555,0.312,0.396,0.575,0.971,103,94,173,107,26,0,40,319,5,3,77,6,123,9,2,3,2,51955114
2019,Regular Season,Yomiuri Giants,6,"Sakamoto, Koki",P,2,0,0,0.000,0.000,0.000,0.000,0,0,0,0,0,0,0,0,0,0,0,0,0,0,0,0,0,51955134
2019,Regular Season,Fukuoka Softbank Hawks,34,"Shiino, Arata",P,36,0,0,0.000,0.000,0.000,0.000,0,0,0,0,0,0,0,0,0,0,0,0,0,0,0,0,0,51955136
2019,Regular Season,Hiroshima Toyo Carp,50,"Takahashi, Hiroki",PH,27,48,43,0.279,0.340,0.419,0.759,5,3,12,9,1,1,1,18,0,1,4,0,11,0,0,1,0,51955137
2019,Regular Season,Tokyo Yakult Swallows,17,"Shimizu, Noboru",P,11,3,3,0.000,0.000,0.000,0.000,0,0,0,0,0,0,0,0,0,0,0,0,3,0,0,0,0,51955138
2019,Regular Season,Hiroshima Toyo Carp,00,"Sone, Kaisei",PR,64,31,25,0.200,0.310,0.200,0.510,17,2,5,5,0,0,0,5,5,2,3,1,10,0,1,2,0,51955139
2019,Regular Season,Hiroshima Toyo Carp,47,"Yamaguchi, Sho",P,9,5,5,0.000,0.000,0.000,0.000,0,0,0,0,0,0,0,0,0,0,0,0,5,0,0,0,0,53155136
2019,Regular Season,Hiroshima Toyo Carp,42,"Johnson, Kris",P,27,48,44,0.114,0.152,0.114,0.266,1,3,5,5,0,0,0,5,0,0,2,0,15,5,0,2,0,53355130
2019,Regular Season,Orix Buffaloes,43,"Yamamoto, Yoshinobu",P,20,2,1,0.000,0.000,0.000,0.000,0,0,0,0,0,0,0,0,0,0,0,0,0,0,0,1,0,53355134
2019,Regular Season,Chiba Lotte Marines,42,"Vargas, Kennys",DH,35,102,84,0.179,0.324,0.274,0.598,4,6,15,9,5,0,1,23,0,0,16,1,36,2,2,0,0,53355138
2019,Japan Series,Fukuoka Softbank Hawks,90,"Suarez, Robert",P,1,0,0,0.000,0.000,0.000,0.000,0,0,0,0,0,0,0,0,0,0,0,0,0,0,0,0,0,53555132
2019,Regular Season,Fukuoka Softbank Hawks,90,"Suarez, Robert",P,9,1,1,0.000,0.000,0.000,0.000,0,0,0,0,0,0,0,0,0,0,0,0,1,0,0,0,0,53555132
2019,Regular Season,Chiba Lotte Marines,00,"Ravin, Josh",P,2,0,0,0.000,0.000,0.000,0.000,0,0,0,0,0,0,0,0,0,0,0,0,0,0,0,0,0,53555138
2019,Regular Season,Chunichi Dragons,44,"Moya, Steven",RF,7,22,22,0.227,0.227,0.364,0.591,1,3,5,4,0,0,1,8,0,0,0,0,7,0,0,0,0,53755136
2019,Regular Season,Orix Buffaloes,1,"Moya, Steven",1B,64,255,242,0.244,0.278,0.397,0.675,24,35,59,42,7,0,10,96,0,0,10,0,59,7,2,0,1,53755136
2019,Regular Season,Hiroshima Toyo Carp,97,"Franzua, Geronimo",P,67,0,0,0.000,0.000,0.000,0.000,0,0,0,0,0,0,0,0,0,0,0,0,0,0,0,0,0,53955136
2019,Climax Series - Final Stage,Hanshin Tigers,14,"Nohmi, Atsushi",P,1,0,0,0.000,0.000,0.000,0.000,0,0,0,0,0,0,0,0,0,0,0,0,0,0,0,0,0,61065110
2019,Climax Series - First Stage,Hanshin Tigers,14,"Nohmi, Atsushi",P,1,0,0,0.000,0.000,0.000,0.000,0,0,0,0,0,0,0,0,0,0,0,0,0,0,0,0,0,61065110
2019,Regular Season,Hanshin Tigers,14,"Nohmi, Atsushi",P,51,0,0,0.000,0.000,0.000,0.000,0,0,0,0,0,0,0,0,0,0,0,0,0,0,0,0,0,61065110
2019,Regular Season,Hokkaido Nippon-Ham Fighters,6,"Nakata, Sho",1B,124,514,450,0.242,0.329,0.449,0.778,55,80,109,64,21,0,24,202,0,0,55,4,83,16,5,0,4,61065116
2019,Regular Season,Chunichi Dragons,39,"Takeyama, Shingo",C,30,51,45,0.200,0.280,0.311,0.591,6,4,9,6,2,0,1,14,0,0,3,0,13,1,2,1,0,61065117
2019,Climax Series - Final Stage,Hanshin Tigers,94,"Haraguchi, Fumihito",PH,2,2,2,0.000,0.000,0.000,0.000,0,0,0,0,0,0,0,0,0,0,0,0,1,0,0,0,0,61065131
2019,Climax Series - First Stage,Hanshin Tigers,94,"Haraguchi, Fumihito",PH,3,3,2,0.000,0.333,0.000,0.333,0,0,0,0,0,0,0,0,0,0,1,0,0,0,0,0,0,61065131
2019,Regular Season,Hanshin Tigers,94,"Haraguchi, Fumihito",PH,43,94,87,0.276,0.309,0.356,0.665,8,11,24,19,4,0,1,31,0,0,4,0,23,3,1,0,2,61065131
2019,Regular Season,Yomiuri Giants,37,"Tahara, Seiji",P,25,0,0,0.000,0.000,0.000,0.000,0,0,0,0,0,0,0,0,0,0,0,0,0,0,0,0,0,61065135
2019,Regular Season,Hokkaido Nippon-Ham Fighters,46,"Tanaka, Eito",P,1,0,0,0.000,0.000,0.000,0.000,0,0,0,0,0,0,0,0,0,0,0,0,0,0,0,0,0,61065136
2019,Regular Season,Orix Buffaloes,23,"Fushimi, Torai",C,39,72,61,0.164,0.278,0.213,0.491,4,9,10,9,0,0,1,13,0,1,8,1,16,2,2,0,1,61065137
2019,Regular Season,Orix Buffaloes,28,"Tomiyama, Ryoga",P,1,0,0,0.000,0.000,0.000,0.000,0,0,0,0,0,0,0,0,0,0,0,0,0,0,0,0,0,61065138
2019,Regular Season,Hokkaido Nippon-Ham Fighters,51,"Ishikawa, Naoya",P,60,0,0,0.000,0.000,0.000,0.000,0,0,0,0,0,0,0,0,0,0,0,0,0,0,0,0,0,61165130
2019,Regular Season,Chunichi Dragons,5,"Abe, Toshiki",2B,129,484,447,0.291,0.337,0.405,0.742,51,59,130,96,24,3,7,181,1,0,31,3,82,9,1,3,2,61165132
2019,Regular Season,Tohoku Rakuten Golden Eagles,70,"Ishihara, Tsuyoshi",C,4,7,7,0.000,0.000,0.000,0.000,0,0,0,0,0,0,0,0,0,0,0,0,5,0,0,0,0,61165134
2019,Regular Season,Yokohama DeNA Baystars,15,"Inoh, Shoichi",P,15,21,17,0.235,0.278,0.235,0.513,1,1,4,4,0,0,0,4,0,0,1,0,5,0,0,3,0,61165137
2019,Climax Series - Final Stage,Fukuoka Softbank Hawks,29,"Ishikawa, Shuta",P,2,0,0,0.000,0.000,0.000,0.000,0,0,0,0,0,0,0,0,0,0,0,0,0,0,0,0,0,61165139
2019,Climax Series - First Stage,Fukuoka Softbank Hawks,29,"Ishikawa, Shuta",P,1,0,0,0.000,0.000,0.000,0.000,0,0,0,0,0,0,0,0,0,0,0,0,0,0,0,0,0,61165139
2019,Japan Series,Fukuoka Softbank Hawks,29,"Ishikawa, Shuta",P,1,0,0,0.000,0.000,0.000,0.000,0,0,0,0,0,0,0,0,0,0,0,0,0,0,0,0,0,61165139
2019,Regular Season,Fukuoka Softbank Hawks,29,"Ishikawa, Shuta",P,2,0,0,0.000,0.000,0.000,0.000,0,0,0,0,0,0,0,0,0,0,0,0,0,0,0,0,0,61165139
2019,Regular Season,Chunichi Dragons,6,"Hirata, Ryosuke",RF,95,407,360,0.278,0.350,0.425,0.775,52,32,100,67,21,4,8,153,3,6,38,2,53,8,4,1,4,61265112
2019,Regular Season,Fukuoka Softbank Hawks,13,"Niho, Akira",P,8,0,0,0.000,0.000,0.000,0.000,0,0,0,0,0,0,0,0,0,0,0,0,0,0,0,0,0,61265118
2019,Regular Season,Saitama Seibu Lions,0,"Mizuguchi, Daichi",PR,20,11,10,0.000,0.091,0.000,0.091,5,0,0,0,0,0,0,0,2,0,1,0,4,0,0,0,0,61265137
2019,Regular Season,Chunichi Dragons,16,"Matayoshi, Katsuki",P,26,4,2,0.500,0.500,0.500,1.000,0,0,1,1,0,0,0,1,0,0,0,0,1,0,0,2,0,61265139
2019,Regular Season,Orix Buffaloes,55,"Okada, Takahiro",1B,20,56,50,0.120,0.214,0.180,0.394,4,2,6,5,0,0,1,9,0,0,6,0,19,3,0,0,0,61365112
2019,Regular Season,Chunichi Dragons,27,"Ohno, Shota",C,34,62,53,0.170,0.237,0.189,0.426,6,3,9,8,1,0,0,10,0,0,5,0,9,2,0,3,1,61365118
2019,Regular Season,Hokkaido Nippon-Ham Fighters,30,"Usami, Shingo",C,45,103,96,0.198,0.245,0.229,0.474,4,9,19,16,3,0,0,22,0,0,6,0,19,4,0,1,0,61365132
2019,Regular Season,Yomiuri Giants,32,"Usami, Shingo",C,3,4,4,0.250,0.250,0.250,0.500,0,0,1,1,0,0,0,1,0,0,0,0,0,0,0,0,0,61365132
2019,Regular Season,Chiba Lotte Marines,53,"Emura, Naoya",C,23,35,31,0.097,0.152,0.194,0.346,3,4,3,2,0,0,1,6,0,0,2,0,10,2,0,2,0,61365133
2019,Regular Season,Hanshin Tigers,27,"Onaka, Yuya",P,5,0,0,0.000,0.000,0.000,0.000,0,0,0,0,0,0,0,0,0,0,0,0,0,0,0,0,0,61365134
2019,Regular Season,Orix Buffaloes,47,"Kaida, Tomoyuki",P,55,0,0,0.000,0.000,0.000,0.000,0,0,0,0,0,0,0,0,0,0,0,0,0,0,0,0,0,61365135
2019,Regular Season,Fukuoka Softbank Hawks,61,"Okumura, Masato",P,12,0,0,0.000,0.000,0.000,0.000,0,0,0,0,0,0,0,0,0,0,0,0,0,0,0,0,0,61365138
2019,Regular Season,Hiroshima Toyo Carp,14,"Ohsera, Daichi",P,26,60,47,0.128,0.226,0.149,0.375,3,0,6,5,1,0,0,7,0,0,6,0,31,0,0,7,0,61365139
2019,Climax Series - First Stage,Yokohama DeNA Baystars,9,"Yamato, Maeda",SS,3,10,9,0.000,0.100,0.000,0.100,1,0,0,0,0,0,0,0,0,0,1,0,4,0,0,0,0,61465112
2019,Regular Season,Yokohama DeNA Baystars,9,"Yamato, Maeda",SS,137,490,438,0.237,0.300,0.285,0.585,42,37,104,85,17,2,0,125,3,1,34,1,75,7,6,10,2,61465112
2019,Regular Season,Orix Buffaloes,57,"Yamada, Nobuyoshi",P,40,0,0,0.000,0.000,0.000,0.000,0,0,0,0,0,0,0,0,0,0,0,0,0,0,0,0,0,61465131
2019,Climax Series - Final Stage,Fukuoka Softbank Hawks,36,"Makihara, Taisei",2B,4,21,19,0.421,0.429,0.684,1.113,6,5,8,5,2,0,1,13,0,1,0,0,2,0,1,0,1,61465133
2019,Climax Series - First Stage,Fukuoka Softbank Hawks,36,"Makihara, Taisei",2B,1,5,5,0.200,0.200,0.200,0.400,0,0,1,1,0,0,0,1,1,0,0,0,3,0,0,0,0,61465133
2019,Japan Series,Fukuoka Softbank Hawks,36,"Makihara, Taisei",2B,4,11,11,0.182,0.182,0.273,0.455,2,2,2,1,1,0,0,3,0,0,0,0,5,0,0,0,0,61465133
2019,Regular Season,Fukuoka Softbank Hawks,36,"Makihara, Taisei",2B,114,436,409,0.242,0.267,0.308,0.575,37,27,99,80,14,2,3,126,10,13,10,0,85,2,4,12,1,61465133
2019,Regular Season,Tokyo Yakult Swallows,58,"Yagi, Shogo",P,1,0,0,0.000,0.000,0.000,0.000,0,0,0,0,0,0,0,0,0,0,0,0,0,0,0,0,0,61465137
2019,Regular Season,Orix Buffaloes,60,"Hidarisawa, Yu",P,4,0,0,0.000,0.000,0.000,0.000,0,0,0,0,0,0,0,0,0,0,0,0,0,0,0,0,0,61465138
2019,Climax Series - First Stage,Yokohama DeNA Baystars,3,"Kajitani, Takayuki",PH,2,2,2,0.000,0.000,0.000,0.000,0,0,0,0,0,0,0,0,0,0,0,0,2,0,0,0,0,61565114
2019,Regular Season,Yokohama DeNA Baystars,3,"Kajitani, Takayuki",PH,41,110,93,0.215,0.330,0.430,0.760,13,15,20,10,5,0,5,40,3,0,16,1,20,1,0,1,0,61565114
2019,Regular Season,Hiroshima Toyo Carp,33,"Kikuchi, Ryosuke",2B,138,619,547,0.261,0.313,0.406,0.719,77,48,143,92,36,2,13,222,14,5,41,0,102,5,1,28,2,61565135
2019,Regular Season,Yokohama DeNA Baystars,37,"Kusumoto, Taishi",PH,39,81,72,0.208,0.296,0.306,0.602,6,6,15,10,4,0,1,22,0,2,7,0,19,1,2,0,0,61565136
2019,Regular Season,Yomiuri Giants,13,"Morifuku, Masahiko",P,7,0,0,0.000,0.000,0.000,0.000,0,0,0,0,0,0,0,0,0,0,0,0,0,0,0,0,0,61665114
2019,Regular Season,Fukuoka Softbank Hawks,66,"Matsumoto, Yuki",P,7,3,2,0.500,0.500,1.000,1.500,0,1,1,0,1,0,0,2,0,0,0,0,1,0,0,1,0,61665130
2019,Regular Season,Yokohama DeNA Baystars,58,"Mutoh, Yuta",P,31,2,1,0.000,0.000,0.000,0.000,0,0,0,0,0,0,0,0,0,0,0,0,1,0,0,1,0,61665133
2019,Regular Season,Tohoku Rakuten Golden Eagles,19,"Fujihira, Shoma",P,3,0,0,0.000,0.000,0.000,0.000,0,0,0,0,0,0,0,0,0,0,0,0,0,0,0,0,0,61665134
2019,Regular Season,Tohoku Rakuten Golden Eagles,54,"Wada, Ren",1B,31,113,107,0.252,0.277,0.364,0.641,7,11,27,20,4,1,2,39,0,0,3,0,32,4,1,1,1,61665139
2019,Regular Season,Chiba Lotte Marines,23,"Sakai, Tomohito",P,54,0,0,0.000,0.000,0.000,0.000,0,0,0,0,0,0,0,0,0,0,0,0,0,0,0,0,0,61765134
2019,Regular Season,Hokkaido Nippon-Ham Fighters,57,"Sugiura, Toshihiro",P,14,0,0,0.000,0.000,0.000,0.000,0,0,0,0,0,0,0,0,0,0,0,0,0,0,0,0,0,61765139
2019,Climax Series - First Stage,Tohoku Rakuten Golden Eagles,5,"Mogi, Eigoro",SS,3,14,11,0.182,0.308,0.455,0.763,1,1,2,1,0,0,1,5,0,0,2,0,3,0,0,1,0,61865132
2019,Regular Season,Tohoku Rakuten Golden Eagles,5,"Mogi, Eigoro",SS,141,648,568,0.282,0.358,0.421,0.779,86,55,160,113,28,6,13,239,7,5,66,1,121,7,3,9,2,61865132
2019,Regular Season,Tohoku Rakuten Golden Eagles,23,"Yuge, Hayato",P,8,0,0,0.000,0.000,0.000,0.000,0,0,0,0,0,0,0,0,0,0,0,0,0,0,0,0,0,61865138
2019,Climax Series - Final Stage,Hanshin Tigers,8,"Fukudome, Kosuke",LF,4,17,12,0.167,0.412,0.167,0.579,2,0,2,2,0,0,0,2,1,0,4,0,6,0,1,0,0,61963888
2019,Climax Series - First Stage,Hanshin Tigers,8,"Fukudome, Kosuke",LF,3,15,11,0.182,0.400,0.455,0.855,1,2,2,1,0,0,1,5,0,0,2,0,5,0,2,0,0,61963888
2019,Regular Season,Hanshin Tigers,8,"Fukudome, Kosuke",LF,104,403,348,0.256,0.347,0.394,0.741,39,47,89,62,16,1,10,137,0,0,49,1,85,5,1,2,3,61963888
2019,Regular Season,Hokkaido Nippon-Ham Fighters,10,"Shimizu, Yushi",C,98,246,216,0.259,0.321,0.366,0.687,17,24,56,43,8,0,5,79,0,1,19,0,51,6,1,9,1,61965130
2019,Regular Season,Hiroshima Toyo Carp,7,"Dohbayashi, Shota",PH,28,38,34,0.206,0.250,0.265,0.515,1,2,7,6,0,1,0,9,0,0,2,0,9,0,0,2,0,61965131
2019,Regular Season,Orix Buffaloes,99,"Sugimoto, Yutaro",RF,18,51,51,0.157,0.157,0.412,0.569,5,7,8,3,1,0,4,21,1,0,0,0,22,2,0,0,0,61965132
2019,Regular Season,Yokohama DeNA Baystars,43,"Shindoh, Takuya",P,5,0,0,0.000,0.000,0.000,0.000,0,0,0,0,0,0,0,0,0,0,0,0,0,0,0,0,0,61965134
2019,Regular Season,Chunichi Dragons,46,"Suzuki, Hiroshi",P,25,1,1,0.000,0.000,0.000,0.000,0,0,0,0,0,0,0,0,0,0,0,0,1,0,0,0,0,61965136
2019,Climax Series - Final Stage,Yomiuri Giants,12,"Takahashi, Yuki",P,1,1,1,0.000,0.000,0.000,0.000,0,0,0,0,0,0,0,0,0,0,0,0,0,0,0,0,0,61965138
2019,Japan Series,Yomiuri Giants,12,"Takahashi, Yuki",P,1,0,0,0.000,0.000,0.000,0.000,0,0,0,0,0,0,0,0,0,0,0,0,0,0,0,0,0,61965138
2019,Regular Season,Yomiuri Giants,12,"Takahashi, Yuki",P,18,34,32,0.094,0.094,0.094,0.188,1,1,3,3,0,0,0,3,0,0,0,0,20,1,0,2,0,61965138
2019,Regular Season,Hiroshima Toyo Carp,2,"Tanaka, Kosuke",SS,97,355,311,0.193,0.268,0.264,0.532,33,27,60,44,13,0,3,82,8,3,32,2,89,4,2,4,6,61965139
2019,Regular Season,Saitama Seibu Lions,69,"Kuo, Junrin",P,2,0,0,0.000,0.000,0.000,0.000,0,0,0,0,0,0,0,0,0,0,0,0,0,0,0,0,0,63165130
2019,Regular Season,Orix Buffaloes,34,"Yoshida, Masataka",LF,143,610,521,0.322,0.413,0.543,0.956,92,85,168,113,24,2,29,283,5,1,79,12,64,12,5,0,5,63165132
2019,Regular Season,Chunichi Dragons,17,"Yanagi, Yuya",P,26,60,45,0.178,0.260,0.222,0.482,5,3,8,6,2,0,0,10,0,0,5,0,19,0,0,10,0,63165134
2019,Japan Series,Yomiuri Giants,20,"Mathieson, Scott",P,1,0,0,0.000,0.000,0.000,0.000,0,0,0,0,0,0,0,0,0,0,0,0,0,0,0,0,0,63165135
2019,Regular Season,Yomiuri Giants,20,"Mathieson, Scott",P,28,0,0,0.000,0.000,0.000,0.000,0,0,0,0,0,0,0,0,0,0,0,0,0,0,0,0,0,63165135
2019,Regular Season,Hanshin Tigers,52,"Johnson, Pierce",P,58,0,0,0.000,0.000,0.000,0.000,0,0,0,0,0,0,0,0,0,0,0,0,0,0,0,0,0,63165138
2019,Climax Series - First Stage,Yokohama DeNA Baystars,62,"Escobar, Edwin",P,3,1,1,0.000,0.000,0.000,0.000,0,0,0,0,0,0,0,0,0,0,0,0,1,0,0,0,0,63365134
2019,Regular Season,Yokohama DeNA Baystars,62,"Escobar, Edwin",P,74,1,1,0.000,0.000,0.000,0.000,0,0,0,0,0,0,0,0,0,0,0,0,1,0,0,0,0,63365134
2019,Climax Series - Final Stage,Hanshin Tigers,31,"Marte, Jefry",1B,4,17,14,0.071,0.235,0.071,0.306,1,0,1,1,0,0,0,1,0,0,2,0,3,0,1,0,0,63365138
2019,Climax Series - First Stage,Hanshin Tigers,31,"Marte, Jefry",1B,3,15,12,0.250,0.400,0.250,0.650,0,0,3,3,0,0,0,3,0,0,3,0,3,1,0,0,0,63365138
2019,Regular Season,Hanshin Tigers,31,"Marte, Jefry",1B,105,412,349,0.284,0.381,0.444,0.825,36,49,99,67,20,0,12,155,0,2,51,2,73,14,7,0,5,63365138
2019,Climax Series - Final Stage,Fukuoka Softbank Hawks,35,"Moinelo, Livan",P,3,0,0,0.000,0.000,0.000,0.000,0,0,0,0,0,0,0,0,0,0,0,0,0,0,0,0,0,63965134
2019,Climax Series - First Stage,Fukuoka Softbank Hawks,35,"Moinelo, Livan",P,3,0,0,0.000,0.000,0.000,0.000,0,0,0,0,0,0,0,0,0,0,0,0,0,0,0,0,0,63965134
2019,Japan Series,Fukuoka Softbank Hawks,35,"Moinelo, Livan",P,3,0,0,0.000,0.000,0.000,0.000,0,0,0,0,0,0,0,0,0,0,0,0,0,0,0,0,0,63965134
2019,Regular Season,Fukuoka Softbank Hawks,35,"Moinelo, Livan",P,60,0,0,0.000,0.000,0.000,0.000,0,0,0,0,0,0,0,0,0,0,0,0,0,0,0,0,0,63965134
2019,Regular Season,Fukuoka Softbank Hawks,19,"Miranda, Ariel",P,18,0,0,0.000,0.000,0.000,0.000,0,0,0,0,0,0,0,0,0,0,0,0,0,0,0,0,0,63965136
2019,Climax Series - Final Stage,Hanshin Tigers,22,"Fujikawa, Kyuji",P,2,0,0,0.000,0.000,0.000,0.000,0,0,0,0,0,0,0,0,0,0,0,0,0,0,0,0,0,71073888
2019,Climax Series - First Stage,Hanshin Tigers,22,"Fujikawa, Kyuji",P,2,0,0,0.000,0.000,0.000,0.000,0,0,0,0,0,0,0,0,0,0,0,0,0,0,0,0,0,71073888
2019,Regular Season,Hanshin Tigers,22,"Fujikawa, Kyuji",P,56,0,0,0.000,0.000,0.000,0.000,0,0,0,0,0,0,0,0,0,0,0,0,0,0,0,0,0,71073888
2019,Regular Season,Saitama Seibu Lions,13,"Takahashi, Kona",P,21,5,5,0.000,0.000,0.000,0.000,0,0,0,0,0,0,0,0,0,0,0,0,4,0,0,0,0,71075130
2019,Climax Series - Final Stage,Fukuoka Softbank Hawks,47,"Takahashi, Jumpei",P,3,0,0,0.000,0.000,0.000,0.000,0,0,0,0,0,0,0,0,0,0,0,0,0,0,0,0,0,71075132
2019,Climax Series - First Stage,Fukuoka Softbank Hawks,47,"Takahashi, Jumpei",P,2,0,0,0.000,0.000,0.000,0.000,0,0,0,0,0,0,0,0,0,0,0,0,0,0,0,0,0,71075132
2019,Japan Series,Fukuoka Softbank Hawks,47,"Takahashi, Jumpei",P,1,0,0,0.000,0.000,0.000,0.000,0,0,0,0,0,0,0,0,0,0,0,0,0,0,0,0,0,71075132
2019,Regular Season,Fukuoka Softbank Hawks,47,"Takahashi, Jumpei",P,45,0,0,0.000,0.000,0.000,0.000,0,0,0,0,0,0,0,0,0,0,0,0,0,0,0,0,0,71075132
2019,Regular Season,Yomiuri Giants,53,"Takata, Hosei",P,2,1,1,0.000,0.000,0.000,0.000,0,0,0,0,0,0,0,0,0,0,0,0,1,0,0,0,0,71075134
2019,Regular Season,Saitama Seibu Lions,73,"Takagi, Wataru",DH,1,1,1,0.000,0.000,0.000,0.000,0,0,0,0,0,0,0,0,0,0,0,0,0,0,0,0,0,71075136
2019,Climax Series - Final Stage,Hanshin Tigers,5,"Chikamoto, Koji",CF,4,18,16,0.188,0.278,0.313,0.591,0,3,3,2,0,1,0,5,1,1,2,0,3,0,0,0,0,71075138
2019,Climax Series - First Stage,Hanshin Tigers,5,"Chikamoto, Koji",CF,3,15,14,0.286,0.333,0.357,0.690,2,0,4,3,1,0,0,5,2,0,1,0,2,0,0,0,0,71075138
2019,Regular Season,Hanshin Tigers,5,"Chikamoto, Koji",CF,142,640,586,0.271,0.313,0.375,0.688,81,42,159,123,20,7,9,220,36,15,31,2,110,2,6,14,3,71075138
2019,Regular Season,Hiroshima Toyo Carp,67,"Nakamura, Yuta",P,2,1,1,0.000,0.000,0.000,0.000,0,0,0,0,0,0,0,0,0,0,0,0,0,0,0,0,0,71075139
2019,Regular Season,Chiba Lotte Marines,60,"Abe, Kazunari",P,4,0,0,0.000,0.000,0.000,0.000,0,0,0,0,0,0,0,0,0,0,0,0,0,0,0,0,0,71175116
2019,Regular Season,Tohoku Rakuten Golden Eagles,20,"Anraku, Tomohiro",P,9,0,0,0.000,0.000,0.000,0.000,0,0,0,0,0,0,0,0,0,0,0,0,0,0,0,0,0,71175130
2019,Climax Series - Final Stage,Hanshin Tigers,50,"Aoyagi, Koyo",P,1,1,1,0.000,0.000,0.000,0.000,0,0,0,0,0,0,0,0,0,0,0,0,0,0,0,0,0,71175132
2019,Climax Series - First Stage,Hanshin Tigers,50,"Aoyagi, Koyo",P,1,1,1,0.000,0.000,0.000,0.000,0,0,0,0,0,0,0,0,0,0,0,0,1,0,0,0,0,71175132
2019,Regular Season,Hanshin Tigers,50,"Aoyagi, Koyo",P,25,43,37,0.000,0.026,0.000,0.026,0,1,0,0,0,0,0,0,0,0,1,0,19,3,0,4,1,71175132
2019,Regular Season,Orix Buffaloes,45,"Iida, Daisuke",C,8,16,13,0.000,0.000,0.000,0.000,0,0,0,0,0,0,0,0,0,0,0,0,4,1,0,3,0,71175134
2019,Regular Season,Saitama Seibu Lions,26,"Awatsu, Kaito",P,1,0,0,0.000,0.000,0.000,0.000,0,0,0,0,0,0,0,0,0,0,0,0,0,0,0,0,0,71175138
2019,Regular Season,Hokkaido Nippon-Ham Fighters,22,"Tsuruoka, Shinya",C,35,69,62,0.177,0.215,0.258,0.473,4,4,11,8,2,0,1,16,0,0,3,0,13,2,0,4,0,71275117
2019,Climax Series - Final Stage,Hanshin Tigers,16,"Nishi, Yuki",P,1,2,2,0.000,0.000,0.000,0.000,0,0,0,0,0,0,0,0,0,0,0,0,1,0,0,0,0,71275118
2019,Climax Series - First Stage,Hanshin Tigers,16,"Nishi, Yuki",P,1,0,0,0.000,0.000,0.000,0.000,0,0,0,0,0,0,0,0,0,0,0,0,0,0,0,0,0,71275118
2019,Regular Season,Hanshin Tigers,16,"Nishi, Yuki",P,26,60,44,0.205,0.255,0.250,0.505,2,4,9,7,2,0,0,11,0,0,3,0,18,1,0,13,0,71275118
2019,Regular Season,Chiba Lotte Marines,63,"Taneichi, Atsuki",P,26,1,1,0.000,0.000,0.000,0.000,0,0,0,0,0,0,0,0,0,0,0,0,1,0,0,0,0,71275134
2019,Regular Season,Tohoku Rakuten Golden Eagles,68,"Teraoka, Kanji",P,1,0,0,0.000,0.000,0.000,0.000,0,0,0,0,0,0,0,0,0,0,0,0,0,0,0,0,0,71275136
2019,Climax Series - Final Stage,Saitama Seibu Lions,14,"Masuda, Tatsushi",P,2,0,0,0.000,0.000,0.000,0.000,0,0,0,0,0,0,0,0,0,0,0,0,0,0,0,0,0,71275137
2019,Regular Season,Saitama Seibu Lions,14,"Masuda, Tatsushi",P,65,0,0,0.000,0.000,0.000,0.000,0,0,0,0,0,0,0,0,0,0,0,0,0,0,0,0,0,71275137
2019,Climax Series - First Stage,Tohoku Rakuten Golden Eagles,33,"Akaminai, Ginji",1B,3,14,10,0.300,0.462,0.400,0.862,0,0,3,2,1,0,0,4,0,0,3,0,2,0,0,1,0,71375112
2019,Regular Season,Tohoku Rakuten Golden Eagles,33,"Akaminai, Ginji",1B,141,590,529,0.304,0.370,0.382,0.752,56,56,161,131,24,1,5,202,2,5,52,2,58,19,4,4,1,71375112
2019,Regular Season,Tokyo Yakult Swallows,50,"Ueda, Tsuyoshi",CF,56,57,51,0.235,0.259,0.235,0.494,9,4,12,12,0,0,0,12,1,1,1,0,7,1,1,3,1,71375114
2019,Regular Season,Hiroshima Toyo Carp,10,"Iwamoto, Takahiro",PH,1,1,1,0.000,0.000,0.000,0.000,0,0,0,0,0,0,0,0,0,0,0,0,1,0,0,0,0,71375118
2019,Regular Season,Chunichi Dragons,26,"Iryo, Masataka",PH,55,103,100,0.290,0.311,0.400,0.711,9,9,29,19,9,1,0,40,0,0,3,0,21,0,0,0,0,71375130
2019,Regular Season,Tohoku Rakuten Golden Eagles,94,"Ishibashi, Ryota",P,28,3,3,0.000,0.000,0.000,0.000,1,0,0,0,0,0,0,0,0,0,0,0,2,0,0,0,0,71375132
2019,Regular Season,Orix Buffaloes,91,"Iwamoto, Akira",P,9,0,0,0.000,0.000,0.000,0.000,0,0,0,0,0,0,0,0,0,0,0,0,0,0,0,0,0,71375133
2019,Regular Season,Yomiuri Giants,64,"Ohe, Ryusei",P,8,1,0,0.000,0.000,0.000,0.000,0,0,0,0,0,0,0,0,0,0,0,0,0,0,0,1,0,71375134
2019,Regular Season,Hiroshima Toyo Carp,66,"Endoh, Atsushi",P,34,2,2,0.000,0.000,0.000,0.000,0,0,0,0,0,0,0,0,0,0,0,0,2,0,0,0,0,71375136
2019,Climax Series - First Stage,Tohoku Rakuten Golden Eagles,2,"Ohta, Hikaru",C,3,2,2,0.000,0.000,0.000,0.000,0,0,0,0,0,0,0,0,0,0,0,0,2,0,0,0,0,71375138
2019,Regular Season,Tohoku Rakuten Golden Eagles,2,"Ohta, Hikaru",C,55,112,96,0.219,0.279,0.271,0.550,10,6,21,18,2,0,1,26,1,0,7,0,23,2,1,8,0,71375138
2019,Regular Season,Yokohama DeNA Baystars,68,"Fujioka, Yoshiaki",P,32,0,0,0.000,0.000,0.000,0.000,0,0,0,0,0,0,0,0,0,0,0,0,0,0,0,0,0,71475112
2019,Regular Season,Orix Buffaloes,62,"Yamazaki, Katsuki",C,24,8,8,0.000,0.000,0.000,0.000,0,0,0,0,0,0,0,0,0,0,0,0,5,1,0,0,0,71475113
2019,Regular Season,Chiba Lotte Marines,55,"Hosokawa, Toru",C,31,8,6,0.333,0.333,0.333,0.666,0,1,2,2,0,0,0,2,0,0,0,0,1,0,0,2,0,71475115
2019,Regular Season,Chunichi Dragons,56,"Matsui, Yusuke",RF,16,37,32,0.219,0.286,0.281,0.567,3,2,7,5,2,0,0,9,0,0,3,0,13,0,0,2,0,71475131
2019,Regular Season,Orix Buffaloes,56,"Matsui, Yusuke",RF,7,18,18,0.333,0.333,0.556,0.889,2,1,6,4,1,0,1,10,0,0,0,0,3,1,0,0,0,71475131
2019,Regular Season,Hiroshima Toyo Carp,63,"Nishikawa, Ryoma",LF,138,585,535,0.297,0.336,0.441,0.777,70,64,159,117,23,3,16,236,6,7,32,4,81,9,2,11,5,71475132
2019,Regular Season,Tohoku Rakuten Golden Eagles,64,"Fukuyama, Hiroyuki",P,7,0,0,0.000,0.000,0.000,0.000,0,0,0,0,0,0,0,0,0,0,0,0,0,0,0,0,0,71475133
2019,Regular Season,Tokyo Yakult Swallows,13,"Nakao, Hikaru",P,12,0,0,0.000,0.000,0.000,0.000,0,0,0,0,0,0,0,0,0,0,0,0,0,0,0,0,0,71475134
2019,Regular Season,Tohoku Rakuten Golden Eagles,67,"Nishimaki, Kenji",SS,2,1,1,0.000,0.000,0.000,0.000,0,0,0,0,0,0,0,0,0,0,0,0,1,0,0,0,0,71475136
2019,Climax Series - First Stage,Yokohama DeNA Baystars,39,"Minei, Hiroki",C,1,1,1,0.000,0.000,0.000,0.000,0,0,0,0,0,0,0,0,0,0,0,0,0,0,0,0,0,71475139
2019,Regular Season,Yokohama DeNA Baystars,39,"Minei, Hiroki",C,64,130,114,0.211,0.280,0.316,0.596,13,12,24,17,4,1,2,36,0,0,7,0,23,5,4,5,0,71475139
2019,Regular Season,Chiba Lotte Marines,0,"Ogino, Takashi",CF,125,569,508,0.315,0.371,0.470,0.841,76,46,160,108,35,7,10,239,28,10,40,1,56,4,8,9,4,71575131
2019,Regular Season,Chunichi Dragons,11,"Ogasawara, Shinnosuke",P,7,14,13,0.231,0.231,0.385,0.616,1,2,3,1,2,0,0,5,0,0,0,0,4,0,0,1,0,71575132
2019,Regular Season,Hiroshima Toyo Carp,13,"Yasaki, Takuya",P,5,1,1,0.000,0.000,0.000,0.000,0,0,0,0,0,0,0,0,0,0,0,0,1,0,0,0,0,71575134
2019,Regular Season,Chunichi Dragons,53,"Kamezawa, Kyohei",2B,47,49,47,0.128,0.146,0.170,0.316,7,2,6,5,0,1,0,8,0,3,1,0,5,2,0,1,0,71575135
2019,Climax Series - First Stage,Yokohama DeNA Baystars,8,"Kamizato, Kazuki",CF,3,14,14,0.429,0.429,0.500,0.929,3,1,6,5,1,0,0,7,0,1,0,0,3,0,0,0,0,71575136
2019,Regular Season,Yokohama DeNA Baystars,8,"Kamizato, Kazuki",CF,123,458,427,0.279,0.323,0.407,0.730,62,35,119,79,31,3,6,174,15,10,26,2,121,7,2,3,0,71575136
2019,Regular Season,Hanshin Tigers,36,"Hamachi, Masumi",P,21,1,1,1.000,1.000,1.000,2.000,0,0,1,1,0,0,0,1,0,0,0,0,0,0,0,0,0,71675134
2019,Regular Season,Chiba Lotte Marines,52,"Masuda, Naoya",P,60,0,0,0.000,0.000,0.000,0.000,0,0,0,0,0,0,0,0,0,0,0,0,0,0,0,0,0,71675135
2019,Regular Season,Orix Buffaloes,14,"Yoshida, Kazumasa",P,33,0,0,0.000,0.000,0.000,0.000,0,0,0,0,0,0,0,0,0,0,0,0,0,0,0,0,0,71675139
2019,Climax Series - Final Stage,Saitama Seibu Lions,6,"Genda, Sosuke",SS,4,19,16,0.188,0.235,0.250,0.485,2,1,3,2,1,0,0,4,1,0,1,0,1,1,0,2,0,71775134
2019,Regular Season,Saitama Seibu Lions,6,"Genda, Sosuke",SS,135,609,540,0.274,0.324,0.350,0.674,90,41,148,117,23,6,2,189,30,9,40,0,67,9,1,25,3,71775134
2019,Regular Season,Saitama Seibu Lions,29,"Koishi, Hirotaka",P,8,0,0,0.000,0.000,0.000,0.000,0,0,0,0,0,0,0,0,0,0,0,0,0,0,0,0,0,71775135
2019,Regular Season,Hiroshima Toyo Carp,29,"Kemna, Makoto",P,1,0,0,0.000,0.000,0.000,0.000,0,0,0,0,0,0,0,0,0,0,0,0,0,0,0,0,0,71775136
2019,Regular Season,Tohoku Rakuten Golden Eagles,0,"Shimai, Hirohito",RF,10,2,1,0.000,0.500,0.000,0.500,4,0,0,0,0,0,0,0,1,1,1,0,0,0,0,0,0,71775137
2019,Regular Season,Tokyo Yakult Swallows,61,"Kubo, Takuma",P,16,0,0,0.000,0.000,0.000,0.000,0,0,0,0,0,0,0,0,0,0,0,0,0,0,0,0,0,71775138
2019,Regular Season,Hiroshima Toyo Carp,12,"Kuri, Aren",P,27,41,36,0.028,0.054,0.028,0.082,1,0,1,1,0,0,0,1,0,0,1,0,23,0,0,4,0,71775139
2019,Regular Season,Tohoku Rakuten Golden Eagles,29,"Yamashita, Ayatsugu",C,31,66,60,0.183,0.222,0.350,0.572,8,5,11,7,1,0,3,21,0,0,1,0,13,0,2,3,0,71875133
2019,Regular Season,Yomiuri Giants,95,"Horioka, Hayato",P,3,0,0,0.000,0.000,0.000,0.000,0,0,0,0,0,0,0,0,0,0,0,0,0,0,0,0,0,71875134
2019,Regular Season,Saitama Seibu Lions,28,"Moriwaki, Ryosuke",P,29,1,1,0.000,0.000,0.000,0.000,0,0,0,0,0,0,0,0,0,0,0,0,1,0,0,0,0,71875138
2019,Regular Season,Hanshin Tigers,41,"Takahashi, Akifumi",P,1,0,0,0.000,0.000,0.000,0.000,0,0,0,0,0,0,0,0,0,0,0,0,0,0,0,0,0,71975115
2019,Regular Season,Chunichi Dragons,25,"Satoh, Yu",P,7,0,0,0.000,0.000,0.000,0.000,0,0,0,0,0,0,0,0,0,0,0,0,0,0,0,0,0,71975132
2019,Regular Season,Chiba Lotte Marines,11,"Sasaki, Chihaya",P,7,0,0,0.000,0.000,0.000,0.000,0,0,0,0,0,0,0,0,0,0,0,0,0,0,0,0,0,71975134
2019,Climax Series - First Stage,Tohoku Rakuten Golden Eagles,35,"Shimauchi, Hiroaki",LF,3,14,9,0.111,0.429,0.111,0.540,3,0,1,1,0,0,0,1,0,0,4,0,5,0,1,0,0,71975135
2019,Regular Season,Tohoku Rakuten Golden Eagles,35,"Shimauchi, Hiroaki",LF,133,585,506,0.287,0.372,0.407,0.779,68,57,145,109,21,5,10,206,3,4,58,0,65,11,11,9,1,71975135
2019,Regular Season,Tokyo Yakult Swallows,9,"Shiomi, Yasutaka",CF,45,98,88,0.182,0.265,0.284,0.549,20,7,16,11,2,2,1,25,4,1,8,0,24,1,2,0,0,71975136
2019,Regular Season,Tokyo Yakult Swallows,62,"Tagawa, Kengo",P,4,6,5,0.000,0.000,0.000,0.000,0,0,0,0,0,0,0,0,0,0,0,0,3,0,0,1,0,71975137
2019,Regular Season,Tohoku Rakuten Golden Eagles,34,"Yamasaki, Tsuyoshi",PR,16,30,27,0.333,0.333,0.593,0.926,4,2,9,4,4,0,1,16,4,0,0,0,5,0,0,3,0,73175136
2019,Climax Series - First Stage,Tohoku Rakuten Golden Eagles,48,"Watanabe, Yoshiaki",RF,2,5,4,0.000,0.000,0.000,0.000,0,0,0,0,0,0,0,0,0,0,0,0,1,1,0,1,0,73175138
2019,Regular Season,Tohoku Rakuten Golden Eagles,48,"Watanabe, Yoshiaki",RF,77,245,218,0.225,0.274,0.284,0.558,15,26,49,39,8,1,1,62,0,0,14,1,40,5,1,11,1,73175138
2019,Regular Season,Tokyo Yakult Swallows,49,"Watanabe, Daiki",PR,16,9,7,0.143,0.250,0.571,0.821,5,1,1,0,0,0,1,4,1,0,0,0,2,0,1,1,0,73375132
2019,Regular Season,Yomiuri Giants,0,"Yoshikawa, Naoki",2B,11,46,41,0.390,0.432,0.415,0.847,7,3,16,15,1,0,0,17,1,2,3,0,4,1,0,2,0,73375134
2019,Regular Season,Tohoku Rakuten Golden Eagles,47,"Watanabe, Yuuki",P,1,0,0,0.000,0.000,0.000,0.000,0,0,0,0,0,0,0,0,0,0,0,0,0,0,0,0,0,73375136
2019,Regular Season,Hokkaido Nippon-Ham Fighters,28,"Hancock, Justin",P,8,0,0,0.000,0.000,0.000,0.000,0,0,0,0,0,0,0,0,0,0,0,0,0,0,0,0,0,73375138
2019,Climax Series - First Stage,Tohoku Rakuten Golden Eagles,43,"Sung, Chia-Hao",P,3,0,0,0.000,0.000,0.000,0.000,0,0,0,0,0,0,0,0,0,0,0,0,0,0,0,0,0,73575132
2019,Regular Season,Tohoku Rakuten Golden Eagles,43,"Sung, Chia-Hao",P,48,0,0,0.000,0.000,0.000,0.000,0,0,0,0,0,0,0,0,0,0,0,0,0,0,0,0,0,73575132
2019,Regular Season,Hiroshima Toyo Carp,58,"Regnault, Kyle",P,52,1,1,0.000,0.000,0.000,0.000,0,0,0,0,0,0,0,0,0,0,0,0,1,0,0,0,0,73575138
2019,Regular Season,Yokohama DeNA Baystars,97,"Solis, Sammy",P,4,0,0,0.000,0.000,0.000,0.000,0,0,0,0,0,0,0,0,0,0,0,0,0,0,0,0,0,73775138
2019,Regular Season,Orix Buffaloes,9,"Romero, Stefen",DH,81,331,295,0.305,0.363,0.539,0.902,47,63,90,57,15,0,18,159,3,3,25,2,83,3,5,0,6,73975134
2019,Climax Series - Final Stage,Saitama Seibu Lions,60,"Nakamura, Takeya",3B,4,17,14,0.286,0.412,0.429,0.841,2,3,4,2,2,0,0,6,0,0,3,0,3,0,0,0,0,81085115
2019,Regular Season,Saitama Seibu Lions,60,"Nakamura, Takeya",3B,135,557,496,0.286,0.359,0.528,0.887,69,123,142,82,30,0,30,262,2,1,54,5,123,12,4,0,3,81085115
2019,Regular Season,Saitama Seibu Lions,64,"Nakata, Shota",C,2,9,8,0.125,0.125,0.125,0.250,0,0,1,1,0,0,0,1,0,0,0,0,4,0,0,1,0,81085116
2019,Regular Season,Tokyo Yakult Swallows,25,"Tateyama, Shohei",P,2,0,0,0.000,0.000,0.000,0.000,0,0,0,0,0,0,0,0,0,0,0,0,0,0,0,0,0,81085117
2019,Regular Season,Orix Buffaloes,35,"Higa, Motoki",P,45,0,0,0.000,0.000,0.000,0.000,0,0,0,0,0,0,0,0,0,0,0,0,0,0,0,0,0,81085131
2019,Climax Series - Final Stage,Yomiuri Giants,51,"Tanaka, Shunta",2B,4,13,13,0.077,0.077,0.077,0.154,0,0,1,1,0,0,0,1,1,0,0,0,4,0,0,0,0,81085136
2019,Japan Series,Yomiuri Giants,51,"Tanaka, Shunta",2B,4,12,10,0.300,0.364,0.300,0.664,0,0,3,3,0,0,0,3,0,0,1,0,2,0,0,1,0,81085136
2019,Regular Season,Yomiuri Giants,51,"Tanaka, Shunta",2B,62,176,156,0.224,0.285,0.346,0.631,17,14,35,24,7,0,4,54,2,0,14,0,36,2,0,4,2,81085136
2019,Regular Season,Orix Buffaloes,44,"Tongu, Yuma",3B,28,93,91,0.198,0.204,0.352,0.556,5,10,18,10,5,0,3,32,0,0,1,0,22,3,0,0,1,81085138
2019,Regular Season,Yokohama DeNA Baystars,56,"Hamaya, Kodai",P,2,0,0,0.000,0.000,0.000,0.000,0,0,0,0,0,0,0,0,0,0,0,0,0,0,0,0,0,81085139
2019,Regular Season,Tokyo Yakult Swallows,63,"Ino, Suguru",C,7,11,10,0.200,0.200,0.300,0.500,1,0,2,1,1,0,0,3,0,0,0,0,4,1,0,1,0,81185112
2019,Climax Series - First Stage,Yokohama DeNA Baystars,29,"Itoh, Hikaru",C,2,7,7,0.143,0.143,0.143,0.286,0,0,1,1,0,0,0,1,0,0,0,0,1,0,0,0,0,81185116
2019,Regular Season,Yokohama DeNA Baystars,29,"Itoh, Hikaru",C,84,301,256,0.254,0.352,0.379,0.731,30,27,65,49,8,0,8,97,5,5,37,6,45,4,3,3,2,81185116
2019,Regular Season,Chiba Lotte Marines,58,"Ishizaki, Tsuyoshi",P,2,0,0,0.000,0.000,0.000,0.000,0,0,0,0,0,0,0,0,0,0,0,0,0,0,0,0,0,81185130
2019,Regular Season,Hanshin Tigers,30,"Ishizaki, Tsuyoshi",P,2,0,0,0.000,0.000,0.000,0.000,0,0,0,0,0,0,0,0,0,0,0,0,0,0,0,0,0,81185130
2019,Regular Season,Hiroshima Toyo Carp,40,"Isomura, Yoshitaka",PH,65,117,108,0.278,0.307,0.472,0.779,10,21,30,17,9,0,4,51,0,1,5,0,24,3,0,3,1,81185133
2019,Climax Series - Final Stage,Hanshin Tigers,33,"Itohara, Kento",2B,4,14,10,0.100,0.286,0.100,0.386,2,1,1,1,0,0,0,1,0,0,3,0,0,0,0,0,1,81185134
2019,Climax Series - First Stage,Hanshin Tigers,33,"Itohara, Kento",2B,3,14,13,0.308,0.357,0.308,0.665,1,0,4,4,0,0,0,4,0,0,1,0,1,0,0,0,0,81185134
2019,Regular Season,Hanshin Tigers,33,"Itohara, Kento",2B,143,572,491,0.267,0.353,0.336,0.689,66,45,131,105,20,4,2,165,6,5,60,2,70,7,7,11,3,81185134
2019,Regular Season,Chunichi Dragons,49,"Itoh, Kosuke",LF,14,33,32,0.188,0.188,0.219,0.407,6,1,6,5,1,0,0,7,0,0,0,0,8,0,0,1,0,81185136
2019,Regular Season,Chunichi Dragons,28,"Umetsu, Kodai",P,6,10,10,0.100,0.100,0.100,0.200,0,0,1,1,0,0,0,1,0,0,0,0,5,0,0,0,0,81185138
2019,Regular Season,Hokkaido Nippon-Ham Fighters,68,"Ishikawa, Ryo",C,46,86,75,0.200,0.221,0.240,0.461,3,3,15,12,3,0,0,18,0,0,2,0,29,2,0,9,0,81185139
2019,Regular Season,Yomiuri Giants,23,"Nogami, Ryoma",P,13,2,2,0.000,0.000,0.000,0.000,0,0,0,0,0,0,0,0,0,0,0,0,2,0,0,0,0,81285118
2019,Regular Season,Chunichi Dragons,62,"Tomonaga, Shota",PH,10,10,9,0.000,0.100,0.000,0.100,0,0,0,0,0,0,0,0,0,0,1,0,4,0,0,0,0,81285130
2019,Regular Season,Orix Buffaloes,17,"Masui, Hirotoshi",P,53,0,0,0.000,0.000,0.000,0.000,0,0,0,0,0,0,0,0,0,0,0,0,0,0,0,0,0,81285131
2019,Climax Series - Final Stage,Yomiuri Giants,41,"Nakagawa, Kota",P,3,0,0,0.000,0.000,0.000,0.000,0,0,0,0,0,0,0,0,0,0,0,0,0,0,0,0,0,81285132
2019,Japan Series,Yomiuri Giants,41,"Nakagawa, Kota",P,2,0,0,0.000,0.000,0.000,0.000,0,0,0,0,0,0,0,0,0,0,0,0,0,0,0,0,0,81285132
2019,Regular Season,Yomiuri Giants,41,"Nakagawa, Kota",P,67,0,0,0.000,0.000,0.000,0.000,0,0,0,0,0,0,0,0,0,0,0,0,0,0,0,0,0,81285132
2019,Regular Season,Tokyo Yakult Swallows,18,"Terashima, Naruki",P,3,1,0,0.000,1.000,0.000,1.000,1,0,0,0,0,0,0,0,0,0,1,0,0,0,0,0,0,81285134
2019,Regular Season,Yokohama DeNA Baystars,91,"Nakaushiro, Yuhei",P,4,0,0,0.000,0.000,0.000,0.000,0,0,0,0,0,0,0,0,0,0,0,0,0,0,0,0,0,81285135
2019,Regular Season,Chunichi Dragons,48,"Mizowaki, Hayato",2B,8,16,15,0.200,0.250,0.333,0.583,3,0,3,2,0,1,0,5,0,0,1,0,2,0,0,0,0,81285137
2019,Regular Season,Chunichi Dragons,7,"Neo, Akira",SS,2,2,2,0.000,0.000,0.000,0.000,0,0,0,0,0,0,0,0,0,0,0,0,2,0,0,0,0,81285138
2019,Climax Series - First Stage,Tohoku Rakuten Golden Eagles,1,"Matsui, Yuki",P,2,0,0,0.000,0.000,0.000,0.000,0,0,0,0,0,0,0,0,0,0,0,0,0,0,0,0,0,81285139
2019,Regular Season,Tohoku Rakuten Golden Eagles,1,"Matsui, Yuki",P,68,0,0,0.000,0.000,0.000,0.000,0,0,0,0,0,0,0,0,0,0,0,0,0,0,0,0,0,81285139
2019,Climax Series - Final Stage,Yomiuri Giants,9,"Kamei, Yoshiyuki",RF,4,17,15,0.333,0.375,0.533,0.908,3,1,5,2,3,0,0,8,1,0,1,0,0,0,0,1,0,81385110
2019,Japan Series,Yomiuri Giants,9,"Kamei, Yoshiyuki",RF,4,17,14,0.286,0.412,0.786,1.198,3,2,4,1,1,0,2,11,0,0,3,0,1,0,0,0,0,81385110
2019,Regular Season,Yomiuri Giants,9,"Kamei, Yoshiyuki",RF,131,503,450,0.284,0.346,0.440,0.786,67,55,128,86,27,2,13,198,9,1,45,3,91,6,0,3,5,81385110
2019,Regular Season,Tokyo Yakult Swallows,46,"Ohta, Kengo",3B,90,337,303,0.251,0.307,0.330,0.637,36,27,76,59,13,1,3,100,0,0,23,0,78,5,2,8,1,81385130
2019,Regular Season,Saitama Seibu Lions,15,"Oishi, Tatsuya",P,2,0,0,0.000,0.000,0.000,0.000,0,0,0,0,0,0,0,0,0,0,0,0,0,0,0,0,0,81385133
2019,Regular Season,Hanshin Tigers,28,"Ono, Taiki",P,14,0,0,0.000,0.000,0.000,0.000,0,0,0,0,0,0,0,0,0,0,0,0,0,0,0,0,0,81385134
2019,Regular Season,Tohoku Rakuten Golden Eagles,51,"Ogoh, Yuya",RF,22,34,29,0.172,0.273,0.345,0.618,7,4,5,2,2,0,1,10,0,0,4,0,11,0,0,1,0,81385138
2019,Climax Series - First Stage,Tohoku Rakuten Golden Eagles,7,"Fernando, Luciano",RF,3,3,3,0.000,0.000,0.000,0.000,0,0,0,0,0,0,0,0,0,0,0,0,1,0,0,0,0,81485130
2019,Regular Season,Tohoku Rakuten Golden Eagles,7,"Fernando, Luciano",RF,16,39,34,0.235,0.289,0.265,0.554,1,7,8,7,1,0,0,9,0,0,2,0,10,1,1,1,1,81485130
2019,Climax Series - Final Stage,Fukuoka Softbank Hawks,4,"Kawashima, Keizo",2B,1,1,1,0.000,0.000,0.000,0.000,0,0,0,0,0,0,0,0,0,0,0,0,0,0,0,0,0,81585112
2019,Japan Series,Fukuoka Softbank Hawks,4,"Kawashima, Keizo",2B,3,6,3,0.000,0.500,0.000,0.500,2,0,0,0,0,0,0,0,2,0,3,0,0,0,0,0,0,81585112
2019,Regular Season,Fukuoka Softbank Hawks,4,"Kawashima, Keizo",2B,47,88,66,0.364,0.488,0.515,1.003,14,8,24,17,5,1,1,34,4,1,17,0,9,3,1,2,2,81585112
2019,Regular Season,Chunichi Dragons,1,"Kyoda, Yota",SS,140,574,507,0.249,0.302,0.314,0.616,46,40,126,104,14,5,3,159,17,7,37,3,91,10,3,24,3,81585134
2019,Regular Season,Hokkaido Nippon-Ham Fighters,49,"Kumon, Katsuhiko",P,61,0,0,0.000,0.000,0.000,0.000,0,0,0,0,0,0,0,0,0,0,0,0,0,0,0,0,0,81585137
2019,Climax Series - First Stage,Yokohama DeNA Baystars,27,"Kamichatani, Taiga",P,1,0,0,0.000,0.000,0.000,0.000,0,0,0,0,0,0,0,0,0,0,0,0,0,0,0,0,0,81585138
2019,Regular Season,Yokohama DeNA Baystars,27,"Kamichatani, Taiga",P,25,48,44,0.182,0.182,0.182,0.364,4,4,8,8,0,0,0,8,0,0,0,0,15,0,0,4,0,81585138
2019,Regular Season,Hanshin Tigers,32,"Yamazaki, Noriharu",1B,2,1,1,0.000,0.000,0.000,0.000,0,0,0,0,0,0,0,0,0,0,0,0,1,0,0,0,0,81685118
2019,Regular Season,Chiba Lotte Marines,61,"Mike, Kazuma",PH,25,22,21,0.286,0.318,0.571,0.889,3,5,6,3,1,1,1,12,0,0,1,0,8,0,0,0,0,81685135
2019,Climax Series - Final Stage,Saitama Seibu Lions,17,"Matsumoto, Wataru",P,2,0,0,0.000,0.000,0.000,0.000,0,0,0,0,0,0,0,0,0,0,0,0,0,0,0,0,0,81685138
2019,Regular Season,Saitama Seibu Lions,17,"Matsumoto, Wataru",P,16,4,2,0.000,0.000,0.000,0.000,0,0,0,0,0,0,0,0,0,0,0,0,1,0,0,2,0,81685138
2019,Regular Season,Hokkaido Nippon-Ham Fighters,23,"Watanabe, Ryo",2B,132,543,481,0.262,0.333,0.385,0.718,60,58,126,94,16,5,11,185,0,2,48,0,120,8,6,3,5,81685139
2019,Regular Season,Tohoku Rakuten Golden Eagles,63,"Satoh, Yoshinori",P,1,0,0,0.000,0.000,0.000,0.000,0,0,0,0,0,0,0,0,0,0,0,0,0,0,0,0,0,81785116
2019,Regular Season,Hokkaido Nippon-Ham Fighters,2,"Sugiya, Kenshi",PH,83,157,134,0.209,0.291,0.343,0.634,15,12,28,19,4,1,4,46,5,1,13,1,36,2,3,6,1,81785118
2019,Regular Season,Orix Buffaloes,20,"Kondoh, Taisuke",P,52,0,0,0.000,0.000,0.000,0.000,0,0,0,0,0,0,0,0,0,0,0,0,0,0,0,0,0,81785132
2019,Regular Season,Orix Buffaloes,8,"Gotoh, Shunta",CF,91,194,165,0.224,0.314,0.321,0.635,17,22,37,26,7,3,1,53,4,3,19,0,47,1,3,6,1,81785133
2019,Regular Season,Orix Buffaloes,61,"Sakakibara, Tsubasa",P,13,3,3,0.000,0.000,0.000,0.000,0,0,0,0,0,0,0,0,0,0,0,0,3,0,0,0,0,81785134
2019,Regular Season,Yokohama DeNA Baystars,12,"Sakaguchi, Kousuke",P,3,2,2,0.000,0.000,0.000,0.000,0,0,0,0,0,0,0,0,0,0,0,0,2,0,0,0,0,81785136
2019,Regular Season,Hiroshima Toyo Carp,1,"Suzuki, Seiya",RF,140,612,499,0.335,0.453,0.565,1.018,112,87,167,108,31,0,28,282,25,16,103,12,81,3,7,0,3,81785137
2019,Regular Season,Saitama Seibu Lions,31,"Satoh, Ryusei",3B,52,63,59,0.220,0.258,0.424,0.682,6,7,13,5,6,0,2,25,0,0,3,0,14,1,0,1,0,81785138
2019,Regular Season,Tohoku Rakuten Golden Eagles,26,"Watanabe, Naoto",PH,19,19,16,0.063,0.167,0.250,0.417,1,1,1,0,0,0,1,4,0,0,1,0,7,0,1,1,0,81885114
2019,Climax Series - Final Stage,Hanshin Tigers,61,"Mochizuki, Atsushi",P,1,0,0,0.000,0.000,0.000,0.000,0,0,0,0,0,0,0,0,0,0,0,0,0,0,0,0,0,81885132
2019,Regular Season,Hanshin Tigers,61,"Mochizuki, Atsushi",P,8,8,8,0.000,0.000,0.000,0.000,0,0,0,0,0,0,0,0,0,0,0,0,2,0,0,0,0,81885132
2019,Regular Season,Yomiuri Giants,39,"Tateoka, Soichiro",PR,25,16,14,0.286,0.375,0.429,0.804,4,1,4,2,2,0,0,6,3,0,2,0,4,0,0,0,0,81985118
2019,Regular Season,Orix Buffaloes,68,"Suzuki, Yu",P,1,0,0,0.000,0.000,0.000,0.000,0,0,0,0,0,0,0,0,0,0,0,0,0,0,0,0,0,81985130
2019,Regular Season,Tohoku Rakuten Golden Eagles,22,"Tomura, Kenji",P,6,1,1,0.000,0.000,0.000,0.000,0,0,0,0,0,0,0,0,0,0,0,0,0,0,0,0,0,81985131
2019,Regular Season,Orix Buffaloes,40,"Suzuki, Kohei",3B,58,53,44,0.227,0.333,0.250,0.583,3,0,10,9,1,0,0,11,0,0,4,0,12,2,3,2,0,81985132
2019,Climax Series - Final Stage,Yomiuri Giants,15,"Sawamura, Hirokazu",P,1,1,0,0.000,0.000,0.000,0.000,0,0,0,0,0,0,0,0,0,0,0,0,0,0,0,1,0,81985133
2019,Japan Series,Yomiuri Giants,15,"Sawamura, Hirokazu",P,2,0,0,0.000,0.000,0.000,0.000,0,0,0,0,0,0,0,0,0,0,0,0,0,0,0,0,0,81985133
2019,Regular Season,Yomiuri Giants,15,"Sawamura, Hirokazu",P,43,2,1,0.000,0.000,0.000,0.000,0,0,0,0,0,0,0,0,0,0,0,0,1,0,0,1,0,81985133
2019,Regular Season,Tohoku Rakuten Golden Eagles,45,"Sugahara, Shu",P,9,0,0,0.000,0.000,0.000,0.000,0,0,0,0,0,0,0,0,0,0,0,0,0,0,0,0,0,81985134
2019,Regular Season,Chiba Lotte Marines,7,"Suzuki, Daichi",1B,140,614,527,0.288,0.373,0.454,0.827,76,68,152,99,34,4,15,239,3,1,56,0,75,11,16,13,2,81985135
2019,Regular Season,Hokkaido Nippon-Ham Fighters,50,"Suzuki, Ryotaro",P,1,0,0,0.000,0.000,0.000,0.000,0,0,0,0,0,0,0,0,0,0,0,0,0,0,0,0,0,81985136
2019,Regular Season,Hokkaido Nippon-Ham Fighters,59,"Yoshida, Yuki",P,9,0,0,0.000,0.000,0.000,0.000,0,0,0,0,0,0,0,0,0,0,0,0,0,0,0,0,0,83185132
2019,Regular Season,Orix Buffaloes,13,"Yamaoka, Taisuke",P,26,5,5,0.000,0.000,0.000,0.000,0,0,0,0,0,0,0,0,0,0,0,0,2,0,0,0,0,83185134
2019,Regular Season,Tokyo Yakult Swallows,70,"Suarez, Albert",P,4,8,8,0.125,0.125,0.125,0.250,0,0,1,1,0,0,0,1,0,0,0,0,6,0,0,0,0,83185138
2019,Regular Season,Orix Buffaloes,33,"Meneses, Joey",1B,29,118,102,0.206,0.288,0.363,0.651,7,14,21,13,4,0,4,37,0,1,13,0,28,3,0,0,3,83385138
2019,Climax Series - Final Stage,Saitama Seibu Lions,99,"Mejia, Ernesto",PH,4,12,12,0.083,0.083,0.333,0.416,1,1,1,0,0,0,1,4,0,0,0,0,6,0,0,0,0,83385139
2019,Regular Season,Saitama Seibu Lions,99,"Mejia, Ernesto",PH,75,147,128,0.211,0.286,0.422,0.708,13,31,27,12,9,0,6,54,0,0,15,0,46,2,0,0,4,83385139
2019,Regular Season,Tokyo Yakult Swallows,45,"Huff, Dave",P,68,1,0,0.000,0.000,0.000,0.000,0,0,0,0,0,0,0,0,0,0,0,0,0,0,0,1,0,83585136
2019,Regular Season,Hiroshima Toyo Carp,99,"Santana, Juan",1B,13,34,33,0.182,0.206,0.182,0.388,1,5,6,6,0,0,0,6,0,0,1,0,5,2,0,0,0,83585138
2019,Climax Series - First Stage,Yokohama DeNA Baystars,42,"Barrios, Edison",P,1,0,0,0.000,0.000,0.000,0.000,0,0,0,0,0,0,0,0,0,0,0,0,0,0,0,0,0,83785133
2019,Regular Season,Yokohama DeNA Baystars,42,"Barrios, Edison",P,3,5,5,0.000,0.000,0.000,0.000,0,0,0,0,0,0,0,0,0,0,0,0,3,0,0,0,0,83785133
2019,Climax Series - Final Stage,Fukuoka Softbank Hawks,27,"Gracial, Yurisbel",LF,4,18,16,0.313,0.389,0.938,1.327,3,3,5,1,1,0,3,15,0,0,2,0,4,1,0,0,0,83785136
2019,Climax Series - First Stage,Fukuoka Softbank Hawks,27,"Gracial, Yurisbel",LF,3,11,10,0.300,0.364,0.400,0.764,0,0,3,2,1,0,0,4,0,0,1,0,4,0,0,0,0,83785136
2019,Japan Series,Fukuoka Softbank Hawks,27,"Gracial, Yurisbel",LF,4,16,16,0.375,0.375,0.938,1.313,4,6,6,3,0,0,3,15,0,0,0,0,3,0,0,0,0,83785136
2019,Regular Season,Fukuoka Softbank Hawks,27,"Gracial, Yurisbel",LF,103,410,373,0.319,0.365,0.595,0.960,61,68,119,73,17,1,28,222,4,3,22,1,84,10,7,4,4,83785136
2019,Regular Season,Yomiuri Giants,92,"Adames, Samuel",P,11,0,0,0.000,0.000,0.000,0.000,0,0,0,0,0,0,0,0,0,0,0,0,0,0,0,0,0,83985132
2019,Regular Season,Fukuoka Softbank Hawks,46,"Colas, Oscar",RF,7,21,18,0.278,0.381,0.444,0.825,2,2,5,4,0,0,1,8,0,0,1,0,6,0,2,0,0,83985134
2019,Regular Season,Chunichi Dragons,57,"Rodriguez, Joely",P,64,0,0,0.000,0.000,0.000,0.000,0,0,0,0,0,0,0,0,0,0,0,0,0,0,0,0,0,83985136
2019,Regular Season,Tokyo Yakult Swallows,35,"Terahara, Hayato",P,4,6,5,0.000,0.167,0.000,0.167,1,0,0,0,0,0,0,0,0,0,1,0,2,0,0,0,0,91095115
2019,Climax Series - First Stage,Tohoku Rakuten Golden Eagles,53,"Takanashi, Yuhei",P,1,0,0,0.000,0.000,0.000,0.000,0,0,0,0,0,0,0,0,0,0,0,0,0,0,0,0,0,91095134
2019,Regular Season,Tohoku Rakuten Golden Eagles,53,"Takanashi, Yuhei",P,48,0,0,0.000,0.000,0.000,0.000,0,0,0,0,0,0,0,0,0,0,0,0,0,0,0,0,0,91095134
2019,Regular Season,Chunichi Dragons,3,"Takahashi, Shuhei",3B,117,471,430,0.293,0.345,0.430,0.775,50,59,126,86,28,5,7,185,3,4,32,7,70,10,3,5,1,91095135
2019,Climax Series - Final Stage,Hanshin Tigers,29,"Takahashi, Haruto",P,1,0,0,0.000,0.000,0.000,0.000,0,0,0,0,0,0,0,0,0,0,0,0,0,0,0,0,0,91095136
2019,Climax Series - First Stage,Hanshin Tigers,29,"Takahashi, Haruto",P,1,1,1,0.000,0.000,0.000,0.000,0,0,0,0,0,0,0,0,0,0,0,0,0,0,0,0,0,91095136
2019,Regular Season,Hanshin Tigers,29,"Takahashi, Haruto",P,19,31,30,0.100,0.100,0.100,0.200,1,0,3,3,0,0,0,3,0,0,0,0,13,0,0,1,0,91095136
2019,Regular Season,Tokyo Yakult Swallows,3,"Nishiura, Naomichi",SS,44,162,149,0.235,0.288,0.376,0.664,17,19,35,22,9,0,4,56,0,0,10,0,35,6,1,2,0,91095139
2019,Regular Season,Tokyo Yakult Swallows,53,"Igarashi, Ryota",P,45,0,0,0.000,0.000,0.000,0.000,0,0,0,0,0,0,0,0,0,0,0,0,0,0,0,0,0,91193886
2019,Regular Season,Yokohama DeNA Baystars,7,"Ishikawa, Takehiro",2B,50,113,101,0.208,0.252,0.317,0.569,14,5,21,15,3,1,2,32,1,3,5,0,34,1,1,6,0,91195110
2019,Climax Series - First Stage,Tohoku Rakuten Golden Eagles,41,"Aoyama, Kouji",P,1,0,0,0.000,0.000,0.000,0.000,0,0,0,0,0,0,0,0,0,0,0,0,0,0,0,0,0,91195112
2019,Regular Season,Tohoku Rakuten Golden Eagles,41,"Aoyama, Kouji",P,62,0,0,0.000,0.000,0.000,0.000,0,0,0,0,0,0,0,0,0,0,0,0,0,0,0,0,0,91195112
2019,Regular Season,Hiroshima Toyo Carp,6,"Abe, Tomohiro",3B,114,295,264,0.254,0.315,0.390,0.705,23,28,67,47,12,0,8,103,5,2,23,0,60,9,1,6,1,91195116
2019,Regular Season,Hanshin Tigers,7,"Itoi, Yoshio",RF,103,444,382,0.314,0.403,0.416,0.819,45,42,120,92,22,1,5,159,9,5,52,7,63,10,7,0,3,91195119
2019,Regular Season,Hanshin Tigers,58,"Araki, Fumiya",LF,9,9,9,0.111,0.111,0.222,0.333,4,0,1,0,1,0,0,2,0,1,0,0,4,0,0,0,0,91195133
2019,Regular Season,Yomiuri Giants,48,"Ikeda, Shun",P,2,0,0,0.000,0.000,0.000,0.000,0,0,0,0,0,0,0,0,0,0,0,0,0,0,0,0,0,91195134
2019,Regular Season,Chunichi Dragons,58,"Ishibashi, Kota",C,12,18,17,0.059,0.111,0.176,0.287,0,2,1,0,0,1,0,3,0,0,0,0,8,0,1,0,0,91195138
2019,Regular Season,Hokkaido Nippon-Ham Fighters,39,"Akiyoshi, Ryo",P,53,0,0,0.000,0.000,0.000,0.000,0,0,0,0,0,0,0,0,0,0,0,0,0,0,0,0,0,91195139
2019,Regular Season,Chiba Lotte Marines,67,"Tu-Hsuan, Lee",PH,1,1,1,0.000,0.000,0.000,0.000,0,0,0,0,0,0,0,0,0,0,0,0,1,0,0,0,0,91295114
2019,Regular Season,Hiroshima Toyo Carp,64,"Nakamura, Kyohei",P,43,1,1,0.000,0.000,0.000,0.000,0,0,0,0,0,0,0,0,0,0,0,0,0,0,0,0,0,91295133
2019,Regular Season,Hokkaido Nippon-Ham Fighters,54,"Tamai, Taisho",P,65,0,0,0.000,0.000,0.000,0.000,0,0,0,0,0,0,0,0,0,0,0,0,0,0,0,0,0,91295134
2019,Climax Series - Final Stage,Saitama Seibu Lions,21,"Togame, Ken",P,1,0,0,0.000,0.000,0.000,0.000,0,0,0,0,0,0,0,0,0,0,0,0,0,0,0,0,0,91295135
2019,Regular Season,Saitama Seibu Lions,21,"Togame, Ken",P,19,2,2,0.000,0.000,0.000,0.000,0,0,0,0,0,0,0,0,0,0,0,0,1,0,0,0,0,91295135
2019,Regular Season,Tokyo Yakult Swallows,0,"Fujii, Ryota",3B,6,17,13,0.077,0.250,0.077,0.327,1,0,1,1,0,0,0,1,1,0,3,0,3,0,0,1,0,91295139
2019,Regular Season,Chiba Lotte Marines,46,"Iwashita, Daiki",P,21,3,2,0.000,0.000,0.000,0.000,0,0,0,0,0,0,0,0,0,0,0,0,2,0,0,1,0,91395130
2019,Regular Season,Tokyo Yakult Swallows,59,"Ohmura, Hajime",PH,5,5,5,0.200,0.200,0.800,1.000,1,1,1,0,0,0,1,4,0,0,0,0,0,0,0,0,0,91395134
2019,Regular Season,Orix Buffaloes,31,"Ohta, Ryo",SS,6,16,13,0.000,0.188,0.000,0.188,1,0,0,0,0,0,0,0,0,0,2,0,7,0,1,0,0,91395138
2019,Regular Season,Fukuoka Softbank Hawks,51,"Uebayashi, Seiji",RF,99,286,258,0.194,0.254,0.360,0.614,28,31,50,31,6,2,11,93,10,4,18,2,75,2,3,6,1,91395139
2019,Regular Season,Orix Buffaloes,5,"Nishino, Masahiro",3B,56,188,166,0.241,0.314,0.301,0.615,21,14,40,33,5,1,1,50,1,0,16,0,24,1,2,3,1,91495130
2019,Regular Season,Hanshin Tigers,39,"Nagasaka, Kenya",C,3,1,1,1.000,1.000,4.000,5.000,2,1,1,0,0,0,1,4,0,0,0,0,0,0,0,0,0,91495134
2019,Regular Season,Hokkaido Nippon-Ham Fighters,35,"Nishimura, Takahiro",P,35,0,0,0.000,0.000,0.000,0.000,0,0,0,0,0,0,0,0,0,0,0,0,0,0,0,0,0,91495136
2019,Regular Season,Tokyo Yakult Swallows,51,"Hamada, Taiki",PH,2,5,5,0.000,0.000,0.000,0.000,0,0,0,0,0,0,0,0,0,0,0,0,3,0,0,0,0,91495138
2019,Climax Series - Final Stage,Saitama Seibu Lions,10,"Mori, Tomoya",C,4,18,14,0.143,0.278,0.143,0.421,1,1,2,2,0,0,0,2,0,0,3,0,2,0,0,0,1,91495139
2019,Regular Season,Saitama Seibu Lions,10,"Mori, Tomoya",C,135,573,492,0.329,0.413,0.547,0.960,96,105,162,103,34,2,23,269,3,2,72,3,89,9,2,1,6,91495139
2019,Regular Season,Tokyo Yakult Swallows,2,"Obiki, Keiji",3B,70,137,119,0.202,0.278,0.286,0.564,7,13,24,16,7,0,1,34,1,0,13,2,28,4,0,4,1,91595114
2019,Regular Season,Tokyo Yakult Swallows,64,"Kazahari, Ren",P,15,1,0,0.000,0.000,0.000,0.000,0,0,0,0,0,0,0,0,0,0,0,0,0,0,0,1,0,91595130
2019,Regular Season,Hiroshima Toyo Carp,17,"Okada, Akitake",P,3,2,1,0.000,0.500,0.000,0.500,0,0,0,0,0,0,0,0,0,0,1,0,0,0,0,0,0,91595132
2019,Climax Series - Final Stage,Fukuoka Softbank Hawks,62,"Kai, Takuya",C,4,13,12,0.250,0.250,0.333,0.583,0,1,3,2,1,0,0,4,0,0,0,0,3,0,0,1,0,91595133
2019,Climax Series - First Stage,Fukuoka Softbank Hawks,62,"Kai, Takuya",C,3,7,7,0.000,0.000,0.000,0.000,0,0,0,0,0,0,0,0,0,0,0,0,5,0,0,0,0,91595133
2019,Japan Series,Fukuoka Softbank Hawks,62,"Kai, Takuya",C,4,10,9,0.000,0.100,0.000,0.100,1,0,0,0,0,0,0,0,0,0,1,0,2,0,0,0,0,91595133
2019,Regular Season,Fukuoka Softbank Hawks,62,"Kai, Takuya",C,137,454,377,0.260,0.346,0.387,0.733,42,43,98,72,15,0,11,146,9,4,50,0,114,9,1,23,3,91595133
2019,Climax Series - Final Stage,Fukuoka Softbank Hawks,57,"Kayama, Shinya",P,3,0,0,0.000,0.000,0.000,0.000,0,0,0,0,0,0,0,0,0,0,0,0,0,0,0,0,0,91595135
2019,Climax Series - First Stage,Fukuoka Softbank Hawks,57,"Kayama, Shinya",P,3,0,0,0.000,0.000,0.000,0.000,0,0,0,0,0,0,0,0,0,0,0,0,0,0,0,0,0,91595135
2019,Japan Series,Fukuoka Softbank Hawks,57,"Kayama, Shinya",P,1,0,0,0.000,0.000,0.000,0.000,0,0,0,0,0,0,0,0,0,0,0,0,0,0,0,0,0,91595135
2019,Regular Season,Fukuoka Softbank Hawks,57,"Kayama, Shinya",P,54,0,0,0.000,0.000,0.000,0.000,0,0,0,0,0,0,0,0,0,0,0,0,0,0,0,0,0,91595135
2019,Regular Season,Yomiuri Giants,38,"Kishida, Yukinori",C,4,7,7,0.000,0.000,0.000,0.000,0,0,0,0,0,0,0,0,0,0,0,0,2,0,0,0,0,91595136
2019,Regular Season,Chiba Lotte Marines,10,"Katoh, Shohei",RF,60,120,109,0.202,0.263,0.358,0.621,12,9,22,14,3,1,4,39,4,2,7,0,32,2,2,2,0,91595137
2019,Regular Season,Tokyo Yakult Swallows,00,"Okumura, Nobuyuki",SS,74,195,166,0.199,0.281,0.277,0.558,15,12,33,23,8,1,1,46,0,2,16,1,47,2,3,10,0,91595139
2019,Regular Season,Chiba Lotte Marines,13,"Hirasawa, Taiga",SS,51,108,91,0.198,0.291,0.286,0.577,10,8,18,13,3,1,1,26,0,2,12,0,28,0,0,5,0,91695132
2019,Regular Season,Chiba Lotte Marines,33,"Minami, Masaki",P,4,0,0,0.000,0.000,0.000,0.000,0,0,0,0,0,0,0,0,0,0,0,0,0,0,0,0,0,91695133
2019,Climax Series - Final Stage,Saitama Seibu Lions,25,"Hirai, Katsunori",P,2,0,0,0.000,0.000,0.000,0.000,0,0,0,0,0,0,0,0,0,0,0,0,0,0,0,0,0,91695134
2019,Regular Season,Saitama Seibu Lions,25,"Hirai, Katsunori",P,81,1,1,0.000,0.000,0.000,0.000,0,0,0,0,0,0,0,0,0,0,0,0,1,0,0,0,0,91695134
2019,Regular Season,Yokohama DeNA Baystars,40,"Matsui, Hyuma",PH,5,5,5,0.000,0.000,0.000,0.000,0,0,0,0,0,0,0,0,0,0,0,0,1,0,0,0,0,91695135
2019,Regular Season,Chiba Lotte Marines,39,"Yoshida, Yuta",C,32,56,47,0.234,0.308,0.383,0.691,2,7,11,8,1,0,2,18,0,1,5,0,13,2,0,4,0,91695139
2019,Climax Series - First Stage,Tohoku Rakuten Golden Eagles,11,"Kishi, Takayuki",P,1,0,0,0.000,0.000,0.000,0.000,0,0,0,0,0,0,0,0,0,0,0,0,0,0,0,0,0,91795114
2019,Regular Season,Tohoku Rakuten Golden Eagles,11,"Kishi, Takayuki",P,15,5,5,0.000,0.000,0.000,0.000,0,0,0,0,0,0,0,0,0,0,0,0,5,0,0,0,0,91795114
2019,Regular Season,Tokyo Yakult Swallows,20,"Kondoh, Kazuki",P,59,0,0,0.000,0.000,0.000,0.000,0,0,0,0,0,0,0,0,0,0,0,0,0,0,0,0,0,91795115
2019,Regular Season,Yokohama DeNA Baystars,5,"Kuramoto, Toshihiko",PH,24,35,33,0.121,0.171,0.152,0.323,1,2,4,3,1,0,0,5,0,1,2,0,7,0,0,0,0,91795130
2019,Regular Season,Chiba Lotte Marines,1,"Kiyota, Ikuhiro",RF,117,377,336,0.253,0.325,0.378,0.703,49,57,85,65,8,2,10,127,1,3,35,1,77,6,2,2,2,91795131
2019,Regular Season,Saitama Seibu Lions,57,"Kokuba, Tsubasa",P,15,0,0,0.000,0.000,0.000,0.000,0,0,0,0,0,0,0,0,0,0,0,0,0,0,0,0,0,91795132
2019,Regular Season,Hokkaido Nippon-Ham Fighters,60,"Kohri, Takuya",C,2,4,4,0.250,0.250,0.250,0.500,0,0,1,1,0,0,0,1,0,0,0,0,2,0,0,0,0,91795134
2019,Regular Season,Orix Buffaloes,38,"Kojima, Shuhei",3B,103,266,246,0.220,0.266,0.305,0.571,23,18,54,41,9,0,4,75,7,4,16,0,49,2,0,3,1,91795135
2019,Climax Series - First Stage,Tohoku Rakuten Golden Eagles,46,"Shimozuru, Ko",RF,1,1,1,0.000,0.000,0.000,0.000,0,0,0,0,0,0,0,0,0,0,0,0,1,0,0,0,0,91795137
2019,Regular Season,Hiroshima Toyo Carp,35,"Shimozuru, Ko",LF,2,4,4,0.000,0.000,0.000,0.000,0,0,0,0,0,0,0,0,0,0,0,0,2,1,0,0,0,91795137
2019,Regular Season,Tohoku Rakuten Golden Eagles,46,"Shimozuru, Ko",RF,50,101,88,0.250,0.333,0.341,0.674,12,6,22,18,2,0,2,30,0,1,10,0,28,1,1,2,0,91795137
2019,Climax Series - Final Stage,Yomiuri Giants,22,"Kobayashi, Seiji",C,3,4,3,0.000,0.250,0.000,0.250,1,0,0,0,0,0,0,0,0,0,1,0,2,0,0,0,0,91795139
2019,Japan Series,Yomiuri Giants,22,"Kobayashi, Seiji",C,3,4,4,0.000,0.000,0.000,0.000,0,0,0,0,0,0,0,0,0,0,0,0,1,0,0,0,0,91795139
2019,Regular Season,Yomiuri Giants,22,"Kobayashi, Seiji",C,92,236,213,0.244,0.280,0.300,0.580,20,19,52,44,6,0,2,64,1,0,7,0,48,12,4,11,1,91795139
2019,Regular Season,Hiroshima Toyo Carp,23,"Yabuta, Kazuki",P,4,2,2,0.000,0.000,0.000,0.000,0,0,0,0,0,0,0,0,0,0,0,0,2,0,0,0,0,91895130
2019,Regular Season,Saitama Seibu Lions,66,"Matsumoto, Naoaki",P,4,0,0,0.000,0.000,0.000,0.000,0,0,0,0,0,0,0,0,0,0,0,0,0,0,0,0,0,91895132
2019,Regular Season,Tokyo Yakult Swallows,1,"Yamada, Tetsuto",2B,142,641,520,0.271,0.401,0.560,0.961,102,98,141,66,35,5,35,291,33,3,110,7,121,14,6,0,5,91895133
2019,Regular Season,Yokohama DeNA Baystars,00,"Miyamoto, Shumei",PR,1,0,0,0.000,0.000,0.000,0.000,0,0,0,0,0,0,0,0,0,0,0,0,0,0,0,0,0,91895136
2019,Climax Series - Final Stage,Yomiuri Giants,27,"Sumitani, Ginjiro",C,2,3,3,0.000,0.000,0.000,0.000,0,0,0,0,0,0,0,0,0,0,0,0,0,1,0,0,0,91995112
2019,Japan Series,Yomiuri Giants,27,"Sumitani, Ginjiro",C,1,0,0,0.000,0.000,0.000,0.000,0,0,0,0,0,0,0,0,0,0,0,0,0,0,0,0,0,91995112
2019,Regular Season,Yomiuri Giants,27,"Sumitani, Ginjiro",C,58,138,126,0.262,0.309,0.437,0.746,17,26,33,23,4,0,6,55,0,0,7,1,28,4,2,2,1,91995112
2019,Regular Season,Orix Buffaloes,93,"Sano, Kodai",LF,68,130,121,0.207,0.244,0.289,0.533,22,9,25,18,5,1,1,35,12,3,5,0,43,2,1,3,0,91995130
2019,Regular Season,Hiroshima Toyo Carp,5,"Chono, Hisayoshi",LF,72,197,180,0.250,0.310,0.383,0.693,13,20,45,32,7,1,5,69,0,2,15,2,40,11,1,0,1,91995131
2019,Climax Series - First Stage,Yokohama DeNA Baystars,44,"Sano, Keita",PH,2,2,1,0.000,0.500,0.000,0.500,0,0,0,0,0,0,0,0,0,0,1,1,0,0,0,0,0,91995134
2019,Regular Season,Yokohama DeNA Baystars,44,"Sano, Keita",PH,89,215,200,0.295,0.344,0.420,0.764,23,33,59,44,10,0,5,84,0,0,13,1,39,9,2,0,0,91995134
2019,Regular Season,Hanshin Tigers,53,"Shimada, Kairi",RF,7,5,4,0.250,0.400,0.500,0.900,2,0,1,0,1,0,0,2,0,0,1,0,1,0,0,0,0,91995136
2019,Regular Season,Chunichi Dragons,56,"Takeda, Kengo",PH,29,36,35,0.143,0.143,0.143,0.286,2,1,5,5,0,0,0,5,0,0,0,0,12,2,0,1,0,91995137
2019,Regular Season,Orix Buffaloes,56,"Takeda, Kengo",CF,6,9,8,0.125,0.222,0.125,0.347,0,0,1,1,0,0,0,1,1,0,0,0,1,0,1,0,0,91995137
2019,Regular Season,Fukuoka Softbank Hawks,40,"Sugiyama, Kazuki",P,2,0,0,0.000,0.000,0.000,0.000,0,0,0,0,0,0,0,0,0,0,0,0,0,0,0,0,0,91995138
2019,Regular Season,Chunichi Dragons,33,"Sobue, Daisuke",P,44,1,1,0.000,0.000,0.000,0.000,0,0,0,0,0,0,0,0,0,0,0,0,1,0,0,0,0,91995139
2019,Regular Season,Hanshin Tigers,54,"Messenger, Randy",P,14,19,18,0.000,0.000,0.000,0.000,0,0,0,0,0,0,0,0,0,0,0,0,10,1,0,1,0,93195131
2019,Climax Series - Final Stage,Yomiuri Giants,56,"Yamamoto, Yasuhiro",2B,2,3,3,0.333,0.333,0.667,1.000,1,0,1,0,1,0,0,2,0,0,0,0,0,0,0,0,0,93195132
2019,Japan Series,Yomiuri Giants,56,"Yamamoto, Yasuhiro",2B,2,3,3,0.000,0.000,0.000,0.000,0,0,0,0,0,0,0,0,0,0,0,0,0,0,0,0,0,93195132
2019,Regular Season,Yomiuri Giants,56,"Yamamoto, Yasuhiro",2B,92,212,177,0.232,0.340,0.339,0.679,31,10,41,29,7,3,2,60,2,0,22,1,51,3,7,6,0,93195132
2019,Climax Series - First Stage,Tohoku Rakuten Golden Eagles,52,"Morihara, Kohei",P,2,0,0,0.000,0.000,0.000,0.000,0,0,0,0,0,0,0,0,0,0,0,0,0,0,0,0,0,93195134
2019,Regular Season,Tohoku Rakuten Golden Eagles,52,"Morihara, Kohei",P,64,0,0,0.000,0.000,0.000,0.000,0,0,0,0,0,0,0,0,0,0,0,0,0,0,0,0,0,93195134
2019,Climax Series - First Stage,Yokohama DeNA Baystars,2,"Lopez, Jose",1B,3,14,12,0.333,0.429,0.667,1.096,2,3,4,2,1,0,1,8,0,0,2,0,3,0,0,0,0,93195137
2019,Regular Season,Yokohama DeNA Baystars,2,"Lopez, Jose",1B,142,597,551,0.241,0.295,0.461,0.756,69,84,133,74,28,0,31,254,0,0,39,6,107,18,4,0,3,93195137
2019,Regular Season,Saitama Seibu Lions,50,"Ryao, Renrei",P,3,0,0,0.000,0.000,0.000,0.000,0,0,0,0,0,0,0,0,0,0,0,0,0,0,0,0,0,93395134
2019,Regular Season,Yomiuri Giants,33,"Villanueva, Christian",3B,73,235,202,0.223,0.325,0.386,0.711,24,24,45,28,9,0,8,78,2,0,25,0,52,5,6,1,1,93395138
2019,Regular Season,Hiroshima Toyo Carp,70,"Lawrence, Casey",P,1,1,1,0.000,0.000,0.000,0.000,0,0,0,0,0,0,0,0,0,0,0,0,1,0,0,0,0,93595138
2019,Regular Season,Tohoku Rakuten Golden Eagles,42,"Herrmann, Frank",P,50,0,0,0.000,0.000,0.000,0.000,0,0,0,0,0,0,0,0,0,0,0,0,0,0,0,0,0,93795134
2019,Regular Season,Yomiuri Giants,49,"Jungmann, Taylor",P,10,14,13,0.231,0.231,0.231,0.462,1,0,3,3,0,0,0,3,0,0,0,0,4,0,0,1,0,93795136
2019,Climax Series - Final Stage,Yomiuri Giants,97,"De La Rosa, Rubby",P,3,0,0,0.000,0.000,0.000,0.000,0,0,0,0,0,0,0,0,0,0,0,0,0,0,0,0,0,93795138
2019,Japan Series,Yomiuri Giants,97,"De La Rosa, Rubby",P,1,0,0,0.000,0.000,0.000,0.000,0,0,0,0,0,0,0,0,0,0,0,0,0,0,0,0,0,93795138
2019,Regular Season,Yomiuri Giants,97,"De La Rosa, Rubby",P,26,0,0,0.000,0.000,0.000,0.000,0,0,0,0,0,0,0,0,0,0,0,0,0,0,0,0,0,93795138
2019,Regular Season,Hanshin Tigers,99,"Navarro, Efren",1B,15,45,43,0.209,0.244,0.256,0.500,1,2,9,7,2,0,0,11,0,0,2,0,9,2,0,0,0,93995136
