Season,Date,GameType,Team,HomeAway,Result,Score,Other Team,R,H,E,Box Score,Matchup,Ballpark,Game Start,Game Length,Audience,GameID
2021,2021-03-26,Reg Season,Chunichi Dragons,Away,W,7,Hiroshima Toyo Carp,7,9,2,"0,0,0,0,0,0,0,5,2",1,MAZDA Zoom-Zoom Stadium Hiroshima,18:03,02:54,16452,GAME20210326HCCD0007
2021,2021-03-26,Reg Season,Hiroshima Toyo Carp,Home,L,6,Chunichi Dragons,6,10,1,"2,2,0,0,0,0,0,0,2",1,MAZDA Zoom-Zoom Stadium Hiroshima,18:03,02:54,16452,GAME20210326HCCD0007
2021,2021-03-26,Reg Season,Hokkaido Nippon-Ham Fighters,Away,L,2,Tohoku Rakuten Golden Eagles,2,5,1,"0,0,0,0,0,0,0,2,0",1,Rakuten Seimei Park Miyagi,16:00,03:40,14559,GAME20210326RENF0010
2021,2021-03-26,Reg Season,Tohoku Rakuten Golden Eagles,Home,W,8,Hokkaido Nippon-Ham Fighters,8,10,3,"1,1,0,0,4,2,0,0,x",1,Rakuten Seimei Park Miyagi,16:00,03:40,14559,GAME20210326RENF0010
2021,2021-03-26,Reg Season,Chiba Lotte Marines,Away,L,2,Fukuoka Softbank Hawks,2,6,0,"0,0,0,0,0,1,0,0,1",1,Mizuho PayPay Dome Fukuoka,18:30,02:34,9977,GAME20210326SHLM0016
2021,2021-03-26,Reg Season,Fukuoka Softbank Hawks,Home,W,8,Chiba Lotte Marines,8,8,0,"2,0,1,0,0,2,1,2,x",1,Mizuho PayPay Dome Fukuoka,18:30,02:34,9977,GAME20210326SHLM0016
2021,2021-03-26,Reg Season,Orix Buffaloes,Away,L,3,Saitama Seibu Lions,3,8,2,"0,0,0,0,0,1,1,1,0",1,Belluna Dome,17:45,02:30,9599,GAME20210326SLOB0013
2021,2021-03-26,Reg Season,Saitama Seibu Lions,Home,W,4,Orix Buffaloes,4,7,0,"2,0,2,0,0,0,0,0,x",1,Belluna Dome,17:45,02:30,9599,GAME20210326SLOB0013
2021,2021-03-26,Reg Season,Yokohama DeNA Baystars,Away,L,7,Yomiuri Giants,7,12,1,"0,2,1,0,0,0,2,0,2",1,Tokyo Dome,17:48,03:28,9991,GAME20210326YGDB0001
2021,2021-03-26,Reg Season,Yomiuri Giants,Home,W,8,Yokohama DeNA Baystars,8,9,1,"3,0,3,0,0,0,0,1,1x",1,Tokyo Dome,17:48,03:28,9991,GAME20210326YGDB0001
2021,2021-03-26,Reg Season,Hanshin Tigers,Away,W,4,Tokyo Yakult Swallows,4,8,2,"0,1,0,1,0,1,0,1,0",1,Meiji Jingu Stadium,17:32,03:36,9984,GAME20210326YSHT0004
2021,2021-03-26,Reg Season,Tokyo Yakult Swallows,Home,L,3,Hanshin Tigers,3,8,0,"0,1,0,0,1,0,1,0,0",1,Meiji Jingu Stadium,17:32,03:36,9984,GAME20210326YSHT0004
2021,2021-03-27,Reg Season,Chunichi Dragons,Away,L,1,Hiroshima Toyo Carp,1,4,0,"1,0,0,0,0,0,0,0,0",2,MAZDA Zoom-Zoom Stadium Hiroshima,14:00,02:56,16479,GAME20210327HCCD0008
2021,2021-03-27,Reg Season,Hiroshima Toyo Carp,Home,W,4,Chunichi Dragons,4,7,0,"1,0,0,2,0,1,0,0,x",2,MAZDA Zoom-Zoom Stadium Hiroshima,14:00,02:56,16479,GAME20210327HCCD0008
2021,2021-03-27,Reg Season,Hokkaido Nippon-Ham Fighters,Away,W,9,Tohoku Rakuten Golden Eagles,9,15,0,"1,0,3,0,0,1,0,1,3",2,Rakuten Seimei Park Miyagi,14:00,04:26,14681,GAME20210327RENF0011
2021,2021-03-27,Reg Season,Tohoku Rakuten Golden Eagles,Home,L,4,Hokkaido Nippon-Ham Fighters,4,8,1,"0,2,0,0,0,2,0,0,0",2,Rakuten Seimei Park Miyagi,14:00,04:26,14681,GAME20210327RENF0011
2021,2021-03-27,Reg Season,Chiba Lotte Marines,Away,L,2,Fukuoka Softbank Hawks,2,2,1,"1,0,0,0,1,0,0,0,0",2,Mizuho PayPay Dome Fukuoka,13:00,03:35,9963,GAME20210327SHLM0017
2021,2021-03-27,Reg Season,Fukuoka Softbank Hawks,Home,W,3,Chiba Lotte Marines,3,12,0,"0,0,0,0,0,1,0,1,1x",2,Mizuho PayPay Dome Fukuoka,13:00,03:35,9963,GAME20210327SHLM0017
2021,2021-03-27,Reg Season,Orix Buffaloes,Away,W,3,Saitama Seibu Lions,3,9,1,"0,0,1,1,1,0,0,0,0",2,Belluna Dome,14:01,03:04,9525,GAME20210327SLOB0014
2021,2021-03-27,Reg Season,Saitama Seibu Lions,Home,L,2,Orix Buffaloes,2,6,0,"1,0,0,0,0,0,1,0,0",2,Belluna Dome,14:01,03:04,9525,GAME20210327SLOB0014
2021,2021-03-27,Reg Season,Yokohama DeNA Baystars,Away,L,5,Yomiuri Giants,5,9,1,"0,0,0,0,0,0,1,1,3",2,Tokyo Dome,14:00,03:13,9989,GAME20210327YGDB0002
2021,2021-03-27,Reg Season,Yomiuri Giants,Home,W,10,Yokohama DeNA Baystars,10,10,2,"1,2,1,0,0,0,6,0,x",2,Tokyo Dome,14:00,03:13,9989,GAME20210327YGDB0002
2021,2021-03-27,Reg Season,Hanshin Tigers,Away,W,9,Tokyo Yakult Swallows,9,13,0,"4,0,2,0,0,1,0,0,2",2,Meiji Jingu Stadium,14:00,03:30,9971,GAME20210327YSHT0005
2021,2021-03-27,Reg Season,Tokyo Yakult Swallows,Home,L,5,Hanshin Tigers,5,10,1,"0,0,0,0,2,1,0,0,2",2,Meiji Jingu Stadium,14:00,03:30,9971,GAME20210327YSHT0005
2021,2021-03-28,Reg Season,Chunichi Dragons,Away,T,0,Hiroshima Toyo Carp,0,5,1,"0,0,0,0,0,0,0,0,0",3,MAZDA Zoom-Zoom Stadium Hiroshima,14:35,03:30,16052,GAME20210328HCCD0009
2021,2021-03-28,Reg Season,Hiroshima Toyo Carp,Home,T,0,Chunichi Dragons,0,10,0,"0,0,0,0,0,0,0,0,0",3,MAZDA Zoom-Zoom Stadium Hiroshima,14:35,03:30,16052,GAME20210328HCCD0009
2021,2021-03-28,Reg Season,Hokkaido Nippon-Ham Fighters,Away,L,0,Tohoku Rakuten Golden Eagles,0,5,1,"0,0,0,0,0,0,0,0,0",3,Rakuten Seimei Park Miyagi,13:00,03:17,14425,GAME20210328RENF0012
2021,2021-03-28,Reg Season,Tohoku Rakuten Golden Eagles,Home,W,5,Hokkaido Nippon-Ham Fighters,5,11,2,"0,0,0,4,0,0,0,1,x",3,Rakuten Seimei Park Miyagi,13:00,03:17,14425,GAME20210328RENF0012
2021,2021-03-28,Reg Season,Chiba Lotte Marines,Away,L,5,Fukuoka Softbank Hawks,5,7,0,"0,0,0,1,0,1,1,0,2",3,Mizuho PayPay Dome Fukuoka,13:00,03:23,9981,GAME20210328SHLM0018
2021,2021-03-28,Reg Season,Fukuoka Softbank Hawks,Home,W,6,Chiba Lotte Marines,6,7,1,"0,2,0,0,0,0,0,2,2x",3,Mizuho PayPay Dome Fukuoka,13:00,03:23,9981,GAME20210328SHLM0018
2021,2021-03-28,Reg Season,Orix Buffaloes,Away,L,1,Saitama Seibu Lions,1,7,0,"0,0,0,0,0,0,1,0,0",3,Belluna Dome,13:00,02:51,9517,GAME20210328SLOB0015
2021,2021-03-28,Reg Season,Saitama Seibu Lions,Home,W,5,Orix Buffaloes,5,7,0,"2,0,0,0,0,2,1,0,x",3,Belluna Dome,13:00,02:51,9517,GAME20210328SLOB0015
2021,2021-03-28,Reg Season,Yokohama DeNA Baystars,Away,T,1,Yomiuri Giants,1,9,0,"1,0,0,0,0,0,0,0,0",3,Tokyo Dome,14:00,02:58,9997,GAME20210328YGDB0003
2021,2021-03-28,Reg Season,Yomiuri Giants,Home,T,1,Yokohama DeNA Baystars,1,4,0,"0,0,0,0,0,0,0,1,0",3,Tokyo Dome,14:00,02:58,9997,GAME20210328YGDB0003
2021,2021-03-28,Reg Season,Hanshin Tigers,Away,W,8,Tokyo Yakult Swallows,8,10,0,"1,0,1,0,1,0,0,4,1",3,Meiji Jingu Stadium,13:01,03:01,9988,GAME20210328YSHT0006
2021,2021-03-28,Reg Season,Tokyo Yakult Swallows,Home,L,2,Hanshin Tigers,2,6,0,"0,0,0,0,0,0,0,2,0",3,Meiji Jingu Stadium,13:01,03:01,9988,GAME20210328YSHT0006
2021,2021-03-30,Reg Season,Yomiuri Giants,Away,T,3,Chunichi Dragons,3,8,1,"0,0,1,1,0,0,0,1,0",1,Vantelin Dome Nagoya,18:15,03:04,9945,GAME20210330CDYG0013
2021,2021-03-30,Reg Season,Chunichi Dragons,Home,T,3,Yomiuri Giants,3,8,1,"0,0,2,0,0,0,0,1,0",1,Vantelin Dome Nagoya,18:15,03:04,9945,GAME20210330CDYG0013
2021,2021-03-30,Reg Season,Tokyo Yakult Swallows,Away,W,5,Yokohama DeNA Baystars,5,8,1,"0,0,0,0,0,0,1,4,0",1,Yokohama Stadium,17:45,03:27,9992,GAME20210330DBYS0004
2021,2021-03-30,Reg Season,Yokohama DeNA Baystars,Home,L,4,Tokyo Yakult Swallows,4,12,0,"2,0,1,0,0,0,1,0,0",1,Yokohama Stadium,17:45,03:27,9992,GAME20210330DBYS0004
2021,2021-03-30,Reg Season,Hanshin Tigers,Away,L,0,Hiroshima Toyo Carp,0,4,1,"0,0,0,0,0,0,0,0,0",1,MAZDA Zoom-Zoom Stadium Hiroshima,18:00,02:38,16078,GAME20210330HCHT0022
2021,2021-03-30,Reg Season,Hiroshima Toyo Carp,Home,W,1,Hanshin Tigers,1,5,0,"0,0,0,0,0,1,0,0,x",1,MAZDA Zoom-Zoom Stadium Hiroshima,18:00,02:38,16078,GAME20210330HCHT0022
2021,2021-03-30,Reg Season,Tohoku Rakuten Golden Eagles,Away,W,5,Chiba Lotte Marines,5,7,0,"0,1,0,0,0,4,0,0,0",1,ZOZO Marine Stadium,17:46,02:27,9931,GAME20210330LMRE0040
2021,2021-03-30,Reg Season,Chiba Lotte Marines,Home,L,0,Tohoku Rakuten Golden Eagles,0,8,0,"0,0,0,0,0,0,0,0,0",1,ZOZO Marine Stadium,17:46,02:27,9931,GAME20210330LMRE0040
2021,2021-03-30,Reg Season,Saitama Seibu Lions,Away,W,11,Hokkaido Nippon-Ham Fighters,11,15,1,"2,2,0,0,3,0,0,2,2",1,Sapporo Dome,18:30,03:44,20569,GAME20210330NFSL0031
2021,2021-03-30,Reg Season,Hokkaido Nippon-Ham Fighters,Home,L,4,Saitama Seibu Lions,4,8,0,"0,0,0,2,1,0,0,1,0",1,Sapporo Dome,18:30,03:44,20569,GAME20210330NFSL0031
2021,2021-03-30,Reg Season,Fukuoka Softbank Hawks,Away,W,3,Orix Buffaloes,3,8,0,"0,2,0,0,0,0,1,0,0",1,Kyocera Dome Osaka,18:00,03:09,9742,GAME20210330OBSH0049
2021,2021-03-30,Reg Season,Orix Buffaloes,Home,L,1,Fukuoka Softbank Hawks,1,5,1,"0,1,0,0,0,0,0,0,0",1,Kyocera Dome Osaka,18:00,03:09,9742,GAME20210330OBSH0049
2021,2021-03-31,Reg Season,Yomiuri Giants,Away,L,3,Chunichi Dragons,3,6,0,"3,0,0,0,0,0,0,0,0",2,Vantelin Dome Nagoya,18:00,03:05,9932,GAME20210331CDYG0014
2021,2021-03-31,Reg Season,Chunichi Dragons,Home,W,5,Yomiuri Giants,5,12,0,"3,1,1,0,0,0,0,0,x",2,Vantelin Dome Nagoya,18:00,03:05,9932,GAME20210331CDYG0014
2021,2021-03-31,Reg Season,Tokyo Yakult Swallows,Away,W,5,Yokohama DeNA Baystars,5,9,1,"0,0,2,0,3,0,0,0,0",2,Yokohama Stadium,17:45,02:56,9902,GAME20210331DBYS0005
2021,2021-03-31,Reg Season,Yokohama DeNA Baystars,Home,L,3,Tokyo Yakult Swallows,3,6,0,"0,0,0,0,0,3,0,0,0",2,Yokohama Stadium,17:45,02:56,9902,GAME20210331DBYS0005
2021,2021-03-31,Reg Season,Hanshin Tigers,Away,L,2,Hiroshima Toyo Carp,2,8,1,"0,0,0,2,0,0,0,0,0",2,MAZDA Zoom-Zoom Stadium Hiroshima,18:00,02:52,16046,GAME20210331HCHT0023
2021,2021-03-31,Reg Season,Hiroshima Toyo Carp,Home,W,4,Hanshin Tigers,4,12,0,"0,0,1,1,0,1,1,0,x",2,MAZDA Zoom-Zoom Stadium Hiroshima,18:00,02:52,16046,GAME20210331HCHT0023
2021,2021-03-31,Reg Season,Tohoku Rakuten Golden Eagles,Away,W,2,Chiba Lotte Marines,2,4,0,"0,0,0,0,0,2,0,0,0",2,ZOZO Marine Stadium,14:00,03:07,9594,GAME20210331LMRE0041
2021,2021-03-31,Reg Season,Chiba Lotte Marines,Home,L,1,Tohoku Rakuten Golden Eagles,1,7,0,"0,0,0,0,0,0,1,0,0",2,ZOZO Marine Stadium,14:00,03:07,9594,GAME20210331LMRE0041
2021,2021-03-31,Reg Season,Saitama Seibu Lions,Away,T,1,Hokkaido Nippon-Ham Fighters,1,5,2,"0,0,0,0,1,0,0,0,0",2,Sapporo Dome,18:00,03:38,12083,GAME20210331NFSL0032
2021,2021-03-31,Reg Season,Hokkaido Nippon-Ham Fighters,Home,T,1,Saitama Seibu Lions,1,7,1,"0,0,0,0,0,1,0,0,0",2,Sapporo Dome,18:00,03:38,12083,GAME20210331NFSL0032
2021,2021-03-31,Reg Season,Fukuoka Softbank Hawks,Away,L,2,Orix Buffaloes,2,5,1,"0,0,0,0,0,0,1,1,0",2,Kyocera Dome Osaka,18:00,03:00,8160,GAME20210331OBSH0050
2021,2021-03-31,Reg Season,Orix Buffaloes,Home,W,7,Fukuoka Softbank Hawks,7,7,1,"6,0,1,0,0,0,0,0,x",2,Kyocera Dome Osaka,18:00,03:00,8160,GAME20210331OBSH0050
2021,2021-04-01,Reg Season,Yomiuri Giants,Away,W,3,Chunichi Dragons,3,8,1,"0,0,0,0,0,3,0,0,0",3,Vantelin Dome Nagoya,18:00,02:54,9951,GAME20210401CDYG0015
2021,2021-04-01,Reg Season,Chunichi Dragons,Home,L,1,Yomiuri Giants,1,4,1,"0,0,1,0,0,0,0,0,0",3,Vantelin Dome Nagoya,18:00,02:54,9951,GAME20210401CDYG0015
2021,2021-04-01,Reg Season,Tokyo Yakult Swallows,Away,T,11,Yokohama DeNA Baystars,11,13,0,"1,4,1,0,1,0,4,0,0",3,Yokohama Stadium,17:45,04:20,9747,GAME20210401DBYS0006
2021,2021-04-01,Reg Season,Yokohama DeNA Baystars,Home,T,11,Tokyo Yakult Swallows,11,15,2,"2,7,0,2,0,0,0,0,0",3,Yokohama Stadium,17:45,04:20,9747,GAME20210401DBYS0006
2021,2021-04-01,Reg Season,Hanshin Tigers,Away,W,6,Hiroshima Toyo Carp,6,9,0,"1,0,3,0,0,2,0,0,0",3,MAZDA Zoom-Zoom Stadium Hiroshima,18:00,03:13,16013,GAME20210401HCHT0024
2021,2021-04-01,Reg Season,Hiroshima Toyo Carp,Home,L,3,Hanshin Tigers,3,9,1,"0,0,0,0,0,0,2,0,1",3,MAZDA Zoom-Zoom Stadium Hiroshima,18:00,03:13,16013,GAME20210401HCHT0024
2021,2021-04-01,Reg Season,Tohoku Rakuten Golden Eagles,Away,L,5,Chiba Lotte Marines,5,9,0,"0,3,0,0,1,0,0,1,0",3,ZOZO Marine Stadium,14:00,03:21,7447,GAME20210401LMRE0033
2021,2021-04-01,Reg Season,Chiba Lotte Marines,Home,W,16,Tohoku Rakuten Golden Eagles,16,12,0,"1,9,3,0,2,1,0,0,x",3,ZOZO Marine Stadium,14:00,03:21,7447,GAME20210401LMRE0033
2021,2021-04-01,Reg Season,Fukuoka Softbank Hawks,Away,L,0,Orix Buffaloes,0,2,1,"0,0,0,0,0,0,0,0,0",3,Kyocera Dome Osaka,18:01,02:46,8436,GAME20210401OBSH0042
2021,2021-04-01,Reg Season,Orix Buffaloes,Home,W,2,Fukuoka Softbank Hawks,2,6,0,"1,0,0,0,0,0,0,1,x",3,Kyocera Dome Osaka,18:01,02:46,8436,GAME20210401OBSH0042
2021,2021-04-02,Reg Season,Hiroshima Toyo Carp,Away,W,4,Yokohama DeNA Baystars,4,10,2,"1,0,0,0,0,1,0,2,0",1,Yokohama Stadium,17:45,03:00,9952,GAME20210402DBHC0016
2021,2021-04-02,Reg Season,Yokohama DeNA Baystars,Home,L,0,Hiroshima Toyo Carp,0,3,2,"0,0,0,0,0,0,0,0,0",1,Yokohama Stadium,17:45,03:00,9952,GAME20210402DBHC0016
2021,2021-04-02,Reg Season,Chunichi Dragons,Away,W,6,Hanshin Tigers,6,12,4,"0,1,0,0,0,0,0,3,2",1,Kyocera Dome Osaka,18:05,03:20,9981,GAME20210402HTCD0025
2021,2021-04-02,Reg Season,Hanshin Tigers,Home,L,3,Chunichi Dragons,3,6,0,"0,3,0,0,0,0,0,0,0",1,Kyocera Dome Osaka,18:05,03:20,9981,GAME20210402HTCD0025
2021,2021-04-02,Reg Season,Chiba Lotte Marines,Away,W,16,Hokkaido Nippon-Ham Fighters,16,17,0,"2,5,0,0,0,4,1,2,2",1,Sapporo Dome,18:00,03:35,9150,GAME20210402NFLM0034
2021,2021-04-02,Reg Season,Hokkaido Nippon-Ham Fighters,Home,L,4,Chiba Lotte Marines,4,7,1,"0,0,0,0,0,0,0,4,0",1,Sapporo Dome,18:00,03:35,9150,GAME20210402NFLM0034
2021,2021-04-02,Reg Season,Orix Buffaloes,Away,L,2,Tohoku Rakuten Golden Eagles,2,5,1,"0,0,0,0,0,0,2,0,0",1,Rakuten Seimei Park Miyagi,18:01,03:17,7247,GAME20210402REOB0043
2021,2021-04-02,Reg Season,Tohoku Rakuten Golden Eagles,Home,W,4,Orix Buffaloes,4,8,0,"2,0,0,0,0,1,1,0,x",1,Rakuten Seimei Park Miyagi,18:01,03:17,7247,GAME20210402REOB0043
2021,2021-04-02,Reg Season,Saitama Seibu Lions,Away,W,6,Fukuoka Softbank Hawks,6,12,0,"0,0,4,0,2,0,0,0,0",1,Mizuho PayPay Dome Fukuoka,18:00,02:48,9404,GAME20210402SHSL0051
2021,2021-04-02,Reg Season,Fukuoka Softbank Hawks,Home,L,2,Saitama Seibu Lions,2,5,0,"0,0,0,0,0,2,0,0,0",1,Mizuho PayPay Dome Fukuoka,18:00,02:48,9404,GAME20210402SHSL0051
2021,2021-04-02,Reg Season,Tokyo Yakult Swallows,Away,W,2,Yomiuri Giants,2,5,0,"0,0,0,0,0,2,0,0,0",1,Tokyo Dome,17:45,02:49,11610,GAME20210402YGYS0007
2021,2021-04-02,Reg Season,Yomiuri Giants,Home,L,0,Tokyo Yakult Swallows,0,4,1,"0,0,0,0,0,0,0,0,0",1,Tokyo Dome,17:45,02:49,11610,GAME20210402YGYS0007
2021,2021-04-03,Reg Season,Hiroshima Toyo Carp,Away,W,7,Yokohama DeNA Baystars,7,8,0,"0,0,2,0,4,0,1,0,0",2,Yokohama Stadium,14:00,02:44,9991,GAME20210403DBHC0017
2021,2021-04-03,Reg Season,Yokohama DeNA Baystars,Home,L,3,Hiroshima Toyo Carp,3,6,0,"0,1,0,0,0,2,0,0,0",2,Yokohama Stadium,14:00,02:44,9991,GAME20210403DBHC0017
2021,2021-04-03,Reg Season,Chunichi Dragons,Away,L,0,Hanshin Tigers,0,7,0,"0,0,0,0,0,0,0,0,0",2,Kyocera Dome Osaka,14:00,02:50,9971,GAME20210403HTCD0026
2021,2021-04-03,Reg Season,Hanshin Tigers,Home,W,1,Chunichi Dragons,1,3,0,"0,0,0,0,0,0,0,0,1x",2,Kyocera Dome Osaka,14:00,02:50,9971,GAME20210403HTCD0026
2021,2021-04-03,Reg Season,Chiba Lotte Marines,Away,W,6,Hokkaido Nippon-Ham Fighters,6,7,0,"0,1,0,0,0,0,5,0,0",2,Sapporo Dome,14:00,03:53,17253,GAME20210403NFLM0035
2021,2021-04-03,Reg Season,Hokkaido Nippon-Ham Fighters,Home,L,5,Chiba Lotte Marines,5,12,0,"0,0,1,0,1,0,0,3,0",2,Sapporo Dome,14:00,03:53,17253,GAME20210403NFLM0035
2021,2021-04-03,Reg Season,Orix Buffaloes,Away,L,2,Tohoku Rakuten Golden Eagles,2,8,0,"0,0,0,1,1,0,0,0,0",2,Rakuten Seimei Park Miyagi,14:00,03:37,9856,GAME20210403REOB0044
2021,2021-04-03,Reg Season,Tohoku Rakuten Golden Eagles,Home,W,3,Orix Buffaloes,3,3,1,"0,2,1,0,0,0,0,0,x",2,Rakuten Seimei Park Miyagi,14:00,03:37,9856,GAME20210403REOB0044
2021,2021-04-03,Reg Season,Saitama Seibu Lions,Away,W,7,Fukuoka Softbank Hawks,7,8,0,"3,0,1,0,1,0,2,0,0",2,Mizuho PayPay Dome Fukuoka,14:00,03:33,9880,GAME20210403SHSL0052
2021,2021-04-03,Reg Season,Fukuoka Softbank Hawks,Home,L,4,Saitama Seibu Lions,4,7,0,"1,0,0,0,0,0,0,0,3",2,Mizuho PayPay Dome Fukuoka,14:00,03:33,9880,GAME20210403SHSL0052
2021,2021-04-03,Reg Season,Tokyo Yakult Swallows,Away,T,2,Yomiuri Giants,2,5,1,"2,0,0,0,0,0,0,0,0",2,Tokyo Dome,14:00,02:54,14473,GAME20210403YGYS0008
2021,2021-04-03,Reg Season,Yomiuri Giants,Home,T,2,Tokyo Yakult Swallows,2,9,1,"0,0,0,0,0,0,0,1,1",2,Tokyo Dome,14:00,02:54,14473,GAME20210403YGYS0008
2021,2021-04-04,Reg Season,Hiroshima Toyo Carp,Away,L,1,Yokohama DeNA Baystars,1,8,0,"0,0,0,0,0,0,0,1,0",3,Yokohama Stadium,14:00,03:28,9980,GAME20210404DBHC0018
2021,2021-04-04,Reg Season,Yokohama DeNA Baystars,Home,W,3,Hiroshima Toyo Carp,3,11,1,"0,0,1,1,1,0,0,0,x",3,Yokohama Stadium,14:00,03:28,9980,GAME20210404DBHC0018
2021,2021-04-04,Reg Season,Chunichi Dragons,Away,L,1,Hanshin Tigers,1,3,1,"0,0,0,1,0,0,0,0,0",3,Kyocera Dome Osaka,14:00,03:01,9988,GAME20210404HTCD0027
2021,2021-04-04,Reg Season,Hanshin Tigers,Home,W,3,Chunichi Dragons,3,8,1,"1,0,0,0,0,1,1,0,x",3,Kyocera Dome Osaka,14:00,03:01,9988,GAME20210404HTCD0027
2021,2021-04-04,Reg Season,Chiba Lotte Marines,Away,T,1,Hokkaido Nippon-Ham Fighters,1,1,0,"0,0,0,0,1,0,0,0,0",3,Sapporo Dome,14:00,02:29,14095,GAME20210404NFLM0036
2021,2021-04-04,Reg Season,Hokkaido Nippon-Ham Fighters,Home,T,1,Chiba Lotte Marines,1,3,0,"0,0,0,0,0,0,0,1,0",3,Sapporo Dome,14:00,02:29,14095,GAME20210404NFLM0036
2021,2021-04-04,Reg Season,Orix Buffaloes,Away,W,4,Tohoku Rakuten Golden Eagles,4,9,1,"0,0,2,0,0,2,0,0,0",3,Rakuten Seimei Park Miyagi,13:00,02:28,7376,GAME20210404REOB0045
2021,2021-04-04,Reg Season,Tohoku Rakuten Golden Eagles,Home,L,0,Orix Buffaloes,0,4,0,"0,0,0,0,0,0,0,0,0",3,Rakuten Seimei Park Miyagi,13:00,02:28,7376,GAME20210404REOB0045
2021,2021-04-04,Reg Season,Saitama Seibu Lions,Away,W,4,Fukuoka Softbank Hawks,4,9,0,"0,1,1,0,0,2,0,0,0",3,Mizuho PayPay Dome Fukuoka,13:00,03:42,9902,GAME20210404SHSL0053
2021,2021-04-04,Reg Season,Fukuoka Softbank Hawks,Home,L,2,Saitama Seibu Lions,2,9,0,"0,0,0,1,0,1,0,0,0",3,Mizuho PayPay Dome Fukuoka,13:00,03:42,9902,GAME20210404SHSL0053
2021,2021-04-04,Reg Season,Tokyo Yakult Swallows,Away,L,1,Yomiuri Giants,1,7,1,"0,1,0,0,0,0,0,0,0",3,Tokyo Dome,14:00,02:40,14648,GAME20210404YGYS0009
2021,2021-04-04,Reg Season,Yomiuri Giants,Home,W,2,Tokyo Yakult Swallows,2,5,0,"0,0,0,0,0,0,2,0,x",3,Tokyo Dome,14:00,02:40,14648,GAME20210404YGYS0009
2021,2021-04-06,Reg Season,Yokohama DeNA Baystars,Away,W,7,Chunichi Dragons,7,13,0,"0,0,1,0,0,4,0,0,2",1,Vantelin Dome Nagoya,18:00,03:27,7281,GAME20210406CDDB0025
2021,2021-04-06,Reg Season,Chunichi Dragons,Home,L,3,Yokohama DeNA Baystars,3,8,0,"0,0,0,0,0,3,0,0,0",1,Vantelin Dome Nagoya,18:00,03:27,7281,GAME20210406CDDB0025
2021,2021-04-06,Reg Season,Yomiuri Giants,Away,L,2,Hanshin Tigers,2,4,0,"0,0,0,0,2,0,0",1,Hanshin Koshien Stadium,18:01,02:35,8609,GAME20210406HTYG0040
2021,2021-04-06,Reg Season,Hanshin Tigers,Home,W,6,Yomiuri Giants,6,8,0,"0,2,4,0,0,0,0",1,Hanshin Koshien Stadium,18:01,02:35,8609,GAME20210406HTYG0040
2021,2021-04-06,Reg Season,Orix Buffaloes,Away,T,3,Chiba Lotte Marines,3,7,0,"0,1,0,1,0,1,0,0,0",1,ZOZO Marine Stadium,17:45,02:44,5392,GAME20210406LMOB0084
2021,2021-04-06,Reg Season,Chiba Lotte Marines,Home,T,3,Orix Buffaloes,3,5,1,"0,0,3,0,0,0,0,0,0",1,ZOZO Marine Stadium,17:45,02:44,5392,GAME20210406LMOB0084
2021,2021-04-06,Reg Season,Fukuoka Softbank Hawks,Away,W,7,Hokkaido Nippon-Ham Fighters,7,14,0,"3,1,0,0,0,1,0,2,0",1,Sapporo Dome,18:00,03:43,8464,GAME20210406NFSH0055
2021,2021-04-06,Reg Season,Hokkaido Nippon-Ham Fighters,Home,L,0,Fukuoka Softbank Hawks,0,4,1,"0,0,0,0,0,0,0,0,0",1,Sapporo Dome,18:00,03:43,8464,GAME20210406NFSH0055
2021,2021-04-06,Reg Season,Tohoku Rakuten Golden Eagles,Away,W,13,Saitama Seibu Lions,13,13,0,"1,0,1,0,2,7,0,2,0",1,Belluna Dome,17:45,03:12,8608,GAME20210406SLRE0070
2021,2021-04-06,Reg Season,Saitama Seibu Lions,Home,L,2,Tohoku Rakuten Golden Eagles,2,3,0,"0,1,0,0,0,1,0,0,0",1,Belluna Dome,17:45,03:12,8608,GAME20210406SLRE0070
2021,2021-04-06,Reg Season,Hiroshima Toyo Carp,Away,W,2,Tokyo Yakult Swallows,2,5,0,"0,0,0,0,0,1,1,0,0",1,Meiji Jingu Stadium,17:30,02:44,9188,GAME20210406YSHC0010
2021,2021-04-06,Reg Season,Tokyo Yakult Swallows,Home,L,0,Hiroshima Toyo Carp,0,6,0,"0,0,0,0,0,0,0,0,0",1,Meiji Jingu Stadium,17:30,02:44,9188,GAME20210406YSHC0010
2021,2021-04-07,Reg Season,Yokohama DeNA Baystars,Away,L,1,Chunichi Dragons,1,10,1,"0,0,0,0,0,0,0,1,0",2,Vantelin Dome Nagoya,18:00,02:57,5662,GAME20210407CDDB0026
2021,2021-04-07,Reg Season,Chunichi Dragons,Home,W,3,Yokohama DeNA Baystars,3,4,0,"0,2,0,0,1,0,0,0,x",2,Vantelin Dome Nagoya,18:00,02:57,5662,GAME20210407CDDB0026
2021,2021-04-07,Reg Season,Yomiuri Giants,Away,L,1,Hanshin Tigers,1,7,1,"0,0,0,0,1,0,0,0,0",2,Hanshin Koshien Stadium,18:00,03:10,8089,GAME20210407HTYG0041
2021,2021-04-07,Reg Season,Hanshin Tigers,Home,W,7,Yomiuri Giants,7,13,1,"0,0,1,3,2,1,0,0,x",2,Hanshin Koshien Stadium,18:00,03:10,8089,GAME20210407HTYG0041
2021,2021-04-07,Reg Season,Orix Buffaloes,Away,L,2,Chiba Lotte Marines,2,2,2,"0,0,1,0,0,0,1,0,0",2,ZOZO Marine Stadium,17:45,03:04,5956,GAME20210407LMOB0085
2021,2021-04-07,Reg Season,Chiba Lotte Marines,Home,W,9,Orix Buffaloes,9,11,1,"1,0,1,0,0,1,5,1,x",2,ZOZO Marine Stadium,17:45,03:04,5956,GAME20210407LMOB0085
2021,2021-04-07,Reg Season,Fukuoka Softbank Hawks,Away,W,6,Hokkaido Nippon-Ham Fighters,6,5,0,"0,1,0,0,0,0,2,3,0",2,Sapporo Dome,18:00,03:48,8057,GAME20210407NFSH0056
2021,2021-04-07,Reg Season,Hokkaido Nippon-Ham Fighters,Home,L,2,Fukuoka Softbank Hawks,2,3,2,"0,0,0,2,0,0,0,0,0",2,Sapporo Dome,18:00,03:48,8057,GAME20210407NFSH0056
2021,2021-04-07,Reg Season,Tohoku Rakuten Golden Eagles,Away,W,6,Saitama Seibu Lions,6,9,0,"1,0,1,0,1,0,2,1,0",2,Belluna Dome,17:45,03:39,7390,GAME20210407SLRE0071
2021,2021-04-07,Reg Season,Saitama Seibu Lions,Home,L,3,Tohoku Rakuten Golden Eagles,3,8,1,"0,0,0,0,2,0,0,0,1",2,Belluna Dome,17:45,03:39,7390,GAME20210407SLRE0071
2021,2021-04-07,Reg Season,Hiroshima Toyo Carp,Away,L,2,Tokyo Yakult Swallows,2,5,1,"0,0,0,0,1,1,0,0,0",2,Meiji Jingu Stadium,17:30,03:16,9958,GAME20210407YSHC0011
2021,2021-04-07,Reg Season,Tokyo Yakult Swallows,Home,W,3,Hiroshima Toyo Carp,3,8,0,"0,0,0,1,0,1,1,0,x",2,Meiji Jingu Stadium,17:30,03:16,9958,GAME20210407YSHC0011
2021,2021-04-08,Reg Season,Yokohama DeNA Baystars,Away,W,5,Chunichi Dragons,5,8,0,"0,0,0,0,0,2,0,0,3",3,Vantelin Dome Nagoya,18:00,02:51,5433,GAME20210408CDDB0027
2021,2021-04-08,Reg Season,Chunichi Dragons,Home,L,2,Yokohama DeNA Baystars,2,9,1,"0,1,0,0,0,1,0,0,0",3,Vantelin Dome Nagoya,18:00,02:51,5433,GAME20210408CDDB0027
2021,2021-04-08,Reg Season,Yomiuri Giants,Away,W,3,Hanshin Tigers,3,7,0,"1,0,0,1,0,0,0,0,1",3,Hanshin Koshien Stadium,18:01,02:55,8001,GAME20210408HTYG0042
2021,2021-04-08,Reg Season,Hanshin Tigers,Home,L,0,Yomiuri Giants,0,3,2,"0,0,0,0,0,0,0,0,0",3,Hanshin Koshien Stadium,18:01,02:55,8001,GAME20210408HTYG0042
2021,2021-04-08,Reg Season,Orix Buffaloes,Away,W,5,Chiba Lotte Marines,5,9,1,"1,2,2,0,0,0,0,0,0",3,ZOZO Marine Stadium,17:45,02:51,5189,GAME20210408LMOB0086
2021,2021-04-08,Reg Season,Chiba Lotte Marines,Home,L,1,Orix Buffaloes,1,6,0,"0,1,0,0,0,0,0,0,0",3,ZOZO Marine Stadium,17:45,02:51,5189,GAME20210408LMOB0086
2021,2021-04-08,Reg Season,Fukuoka Softbank Hawks,Away,W,4,Hokkaido Nippon-Ham Fighters,4,11,0,"0,0,1,0,0,0,0,3,0",3,Sapporo Dome,18:01,04:08,8015,GAME20210408NFSH0057
2021,2021-04-08,Reg Season,Hokkaido Nippon-Ham Fighters,Home,L,2,Fukuoka Softbank Hawks,2,10,0,"0,1,0,0,1,0,0,0,0",3,Sapporo Dome,18:01,04:08,8015,GAME20210408NFSH0057
2021,2021-04-08,Reg Season,Tohoku Rakuten Golden Eagles,Away,W,4,Saitama Seibu Lions,4,8,0,"0,1,0,0,0,3,0,0,0",3,Belluna Dome,17:45,02:43,6653,GAME20210408SLRE0072
2021,2021-04-08,Reg Season,Saitama Seibu Lions,Home,L,0,Tohoku Rakuten Golden Eagles,0,2,0,"0,0,0,0,0,0,0,0,0",3,Belluna Dome,17:45,02:43,6653,GAME20210408SLRE0072
2021,2021-04-08,Reg Season,Hiroshima Toyo Carp,Away,L,7,Tokyo Yakult Swallows,7,14,1,"4,0,1,0,0,0,0,0,2",3,Meiji Jingu Stadium,17:30,03:31,9982,GAME20210408YSHC0012
2021,2021-04-08,Reg Season,Tokyo Yakult Swallows,Home,W,11,Hiroshima Toyo Carp,11,15,0,"4,0,2,1,3,0,0,1,x",3,Meiji Jingu Stadium,17:30,03:31,9982,GAME20210408YSHC0012
2021,2021-04-09,Reg Season,Hanshin Tigers,Away,W,9,Yokohama DeNA Baystars,9,14,2,"3,0,0,0,0,6,0,0,0",1,Yokohama Stadium,17:45,03:21,9945,GAME20210409DBHT0013
2021,2021-04-09,Reg Season,Yokohama DeNA Baystars,Home,L,2,Hanshin Tigers,2,4,0,"0,0,0,0,0,0,2,0,0",1,Yokohama Stadium,17:45,03:21,9945,GAME20210409DBHT0013
2021,2021-04-09,Reg Season,Yomiuri Giants,Away,L,0,Hiroshima Toyo Carp,0,8,1,"0,0,0,0,0,0,0,0,0",1,MAZDA Zoom-Zoom Stadium Hiroshima,18:00,03:09,16143,GAME20210409HCYG0028
2021,2021-04-09,Reg Season,Hiroshima Toyo Carp,Home,W,2,Yomiuri Giants,2,5,0,"2,0,0,0,0,0,0,0,x",1,MAZDA Zoom-Zoom Stadium Hiroshima,18:00,03:09,16143,GAME20210409HCYG0028
2021,2021-04-09,Reg Season,Saitama Seibu Lions,Away,W,7,Chiba Lotte Marines,7,8,0,"0,1,0,0,0,0,0,5,1",1,ZOZO Marine Stadium,17:45,03:01,7454,GAME20210409LMSL0058
2021,2021-04-09,Reg Season,Chiba Lotte Marines,Home,L,4,Saitama Seibu Lions,4,6,1,"0,0,0,2,1,1,0,0,0",1,ZOZO Marine Stadium,17:45,03:01,7454,GAME20210409LMSL0058
2021,2021-04-09,Reg Season,Hokkaido Nippon-Ham Fighters,Away,W,2,Orix Buffaloes,2,6,0,"0,0,0,0,0,0,0,2,0",1,Kyocera Dome Osaka,18:01,02:54,5496,GAME20210409OBNF0073
2021,2021-04-09,Reg Season,Orix Buffaloes,Home,L,1,Hokkaido Nippon-Ham Fighters,1,4,1,"0,0,0,0,0,0,1,0,0",1,Kyocera Dome Osaka,18:01,02:54,5496,GAME20210409OBNF0073
2021,2021-04-09,Reg Season,Fukuoka Softbank Hawks,Away,T,1,Tohoku Rakuten Golden Eagles,1,7,0,"0,0,0,0,1,0,0,0,0",1,Rakuten Seimei Park Miyagi,18:01,03:26,5049,GAME20210409RESH0043
2021,2021-04-09,Reg Season,Tohoku Rakuten Golden Eagles,Home,T,1,Fukuoka Softbank Hawks,1,7,2,"0,0,0,1,0,0,0,0,0",1,Rakuten Seimei Park Miyagi,18:01,03:26,5049,GAME20210409RESH0043
2021,2021-04-10,Reg Season,Tokyo Yakult Swallows,Away,T,2,Chunichi Dragons,2,8,2,"0,0,0,2,0,0,0,0,0",1,Vantelin Dome Nagoya,14:00,03:57,9766,GAME20210410CDYS0029
2021,2021-04-10,Reg Season,Chunichi Dragons,Home,T,2,Tokyo Yakult Swallows,2,10,0,"1,0,0,0,0,1,0,0,0",1,Vantelin Dome Nagoya,14:00,03:57,9766,GAME20210410CDYS0029
2021,2021-04-10,Reg Season,Hanshin Tigers,Away,W,4,Yokohama DeNA Baystars,4,8,0,"0,0,0,1,0,0,0,0,3",2,Yokohama Stadium,14:00,03:09,9973,GAME20210410DBHT0014
2021,2021-04-10,Reg Season,Yokohama DeNA Baystars,Home,L,0,Hanshin Tigers,0,3,0,"0,0,0,0,0,0,0,0,0",2,Yokohama Stadium,14:00,03:09,9973,GAME20210410DBHT0014
2021,2021-04-10,Reg Season,Yomiuri Giants,Away,L,2,Hiroshima Toyo Carp,2,3,0,"1,0,1,0,0,0,0,0,0",2,MAZDA Zoom-Zoom Stadium Hiroshima,14:00,03:06,16195,GAME20210410HCYG0044
2021,2021-04-10,Reg Season,Hiroshima Toyo Carp,Home,W,4,Yomiuri Giants,4,10,3,"1,0,1,2,0,0,0,0,x",2,MAZDA Zoom-Zoom Stadium Hiroshima,14:00,03:06,16195,GAME20210410HCYG0044
2021,2021-04-10,Reg Season,Saitama Seibu Lions,Away,L,2,Chiba Lotte Marines,2,6,0,"0,0,0,0,2,0,0,0,0",2,ZOZO Marine Stadium,14:00,03:46,9962,GAME20210410LMSL0074
2021,2021-04-10,Reg Season,Chiba Lotte Marines,Home,W,6,Saitama Seibu Lions,6,11,0,"1,0,3,0,0,0,1,1,x",2,ZOZO Marine Stadium,14:00,03:46,9962,GAME20210410LMSL0074
2021,2021-04-10,Reg Season,Hokkaido Nippon-Ham Fighters,Away,W,5,Orix Buffaloes,5,9,1,"0,0,1,0,1,0,0,0,3",2,Kyocera Dome Osaka,14:00,03:06,7101,GAME20210410OBNF0087
2021,2021-04-10,Reg Season,Orix Buffaloes,Home,L,2,Hokkaido Nippon-Ham Fighters,2,8,0,"1,0,0,0,0,1,0,0,0",2,Kyocera Dome Osaka,14:00,03:06,7101,GAME20210410OBNF0087
2021,2021-04-10,Reg Season,Fukuoka Softbank Hawks,Away,T,8,Tohoku Rakuten Golden Eagles,8,14,1,"3,1,3,0,0,0,1,0,0",2,Rakuten Seimei Park Miyagi,14:00,03:48,8122,GAME20210410RESH0059
2021,2021-04-10,Reg Season,Tohoku Rakuten Golden Eagles,Home,T,8,Fukuoka Softbank Hawks,8,10,0,"0,0,1,1,3,3,0,0,0",2,Rakuten Seimei Park Miyagi,14:00,03:48,8122,GAME20210410RESH0059
2021,2021-04-11,Reg Season,Tokyo Yakult Swallows,Away,L,1,Chunichi Dragons,1,6,0,"0,0,0,0,0,0,1,0,0",2,Vantelin Dome Nagoya,14:00,02:49,9727,GAME20210411CDYS0030
2021,2021-04-11,Reg Season,Chunichi Dragons,Home,W,2,Tokyo Yakult Swallows,2,8,0,"0,0,1,0,0,1,0,0,x",2,Vantelin Dome Nagoya,14:00,02:49,9727,GAME20210411CDYS0030
2021,2021-04-11,Reg Season,Hanshin Tigers,Away,W,3,Yokohama DeNA Baystars,3,10,0,"2,0,0,1,0,0,0,0,0",3,Yokohama Stadium,14:00,02:57,9994,GAME20210411DBHT0015
2021,2021-04-11,Reg Season,Yokohama DeNA Baystars,Home,L,2,Hanshin Tigers,2,8,1,"0,0,0,1,0,0,0,1,0",3,Yokohama Stadium,14:00,02:57,9994,GAME20210411DBHT0015
2021,2021-04-11,Reg Season,Yomiuri Giants,Away,W,9,Hiroshima Toyo Carp,9,12,0,"2,0,1,2,2,0,0,0,2",3,MAZDA Zoom-Zoom Stadium Hiroshima,13:30,03:00,16279,GAME20210411HCYG0045
2021,2021-04-11,Reg Season,Hiroshima Toyo Carp,Home,L,0,Yomiuri Giants,0,7,1,"0,0,0,0,0,0,0,0,0",3,MAZDA Zoom-Zoom Stadium Hiroshima,13:30,03:00,16279,GAME20210411HCYG0045
2021,2021-04-11,Reg Season,Saitama Seibu Lions,Away,W,2,Chiba Lotte Marines,2,7,0,"0,0,0,1,1,0,0,0,0",3,ZOZO Marine Stadium,14:00,03:03,9979,GAME20210411LMSL0075
2021,2021-04-11,Reg Season,Chiba Lotte Marines,Home,L,1,Saitama Seibu Lions,1,6,0,"0,0,1,0,0,0,0,0,0",3,ZOZO Marine Stadium,14:00,03:03,9979,GAME20210411LMSL0075
2021,2021-04-11,Reg Season,Hokkaido Nippon-Ham Fighters,Away,T,4,Orix Buffaloes,4,6,1,"0,0,0,0,0,0,2,2,0",3,Kyocera Dome Osaka,13:00,02:53,7190,GAME20210411OBNF0088
2021,2021-04-11,Reg Season,Orix Buffaloes,Home,T,4,Hokkaido Nippon-Ham Fighters,4,9,0,"1,0,0,0,0,0,0,0,3",3,Kyocera Dome Osaka,13:00,02:53,7190,GAME20210411OBNF0088
2021,2021-04-11,Reg Season,Fukuoka Softbank Hawks,Away,W,2,Tohoku Rakuten Golden Eagles,2,10,1,"0,0,0,1,0,0,0,0,1",3,Rakuten Seimei Park Miyagi,13:00,03:34,8515,GAME20210411RESH0060
2021,2021-04-11,Reg Season,Tohoku Rakuten Golden Eagles,Home,L,0,Fukuoka Softbank Hawks,0,4,0,"0,0,0,0,0,0,0,0,0",3,Rakuten Seimei Park Miyagi,13:00,03:34,8515,GAME20210411RESH0060
2021,2021-04-13,Reg Season,Chiba Lotte Marines,Away,W,6,Tohoku Rakuten Golden Eagles,6,8,0,"0,1,0,0,0,2,0,3,0",4,Rakuten Seimei Park Miyagi,18:00,02:57,6188,GAME20210413RELM0077
2021,2021-04-13,Reg Season,Tohoku Rakuten Golden Eagles,Home,L,2,Chiba Lotte Marines,2,11,2,"1,0,0,0,0,0,0,0,1",4,Rakuten Seimei Park Miyagi,18:00,02:57,6188,GAME20210413RELM0077
2021,2021-04-13,Reg Season,Orix Buffaloes,Away,W,7,Fukuoka Softbank Hawks,7,11,0,"0,1,0,0,0,1,0,0,5",4,Mizuho PayPay Dome Fukuoka,18:00,03:32,9086,GAME20210413SHOB0117
2021,2021-04-13,Reg Season,Fukuoka Softbank Hawks,Home,L,4,Orix Buffaloes,4,4,0,"1,0,0,0,0,0,0,0,3",4,Mizuho PayPay Dome Fukuoka,18:00,03:32,9086,GAME20210413SHOB0117
2021,2021-04-13,Reg Season,Hokkaido Nippon-Ham Fighters,Away,W,3,Saitama Seibu Lions,3,4,0,"0,0,0,0,0,3,0,0,0",3,Belluna Dome,17:45,03:24,5900,GAME20210413SLNF0098
2021,2021-04-13,Reg Season,Saitama Seibu Lions,Home,L,2,Hokkaido Nippon-Ham Fighters,2,5,0,"0,1,0,0,0,0,0,0,1",3,Belluna Dome,17:45,03:24,5900,GAME20210413SLNF0098
2021,2021-04-13,Reg Season,Chunichi Dragons,Away,L,1,Yomiuri Giants,1,1,0,"0,1,0,0,0,0,0,0,0",4,Tokyo Dome,17:45,02:26,10802,GAME20210413YGCD0016
2021,2021-04-13,Reg Season,Yomiuri Giants,Home,W,2,Chunichi Dragons,2,5,0,"1,0,0,0,0,0,1,0,x",4,Tokyo Dome,17:45,02:26,10802,GAME20210413YGCD0016
2021,2021-04-13,Reg Season,Yokohama DeNA Baystars,Away,L,1,Tokyo Yakult Swallows,1,5,0,"0,0,0,0,0,0,1,0,0",4,Meiji Jingu Stadium,17:31,02:52,7235,GAME20210413YSDB0037
2021,2021-04-13,Reg Season,Tokyo Yakult Swallows,Home,W,5,Yokohama DeNA Baystars,5,11,1,"0,0,0,2,3,0,0,0,x",4,Meiji Jingu Stadium,17:31,02:52,7235,GAME20210413YSDB0037
2021,2021-04-14,Reg Season,Hiroshima Toyo Carp,Away,L,0,Hanshin Tigers,0,5,1,"0,0,0,0,0,0,0,0,0",4,Hanshin Koshien Stadium,18:01,02:53,7322,GAME20210414HTHC0058
2021,2021-04-14,Reg Season,Hanshin Tigers,Home,W,6,Hiroshima Toyo Carp,6,7,1,"0,1,0,2,2,0,1,0,x",4,Hanshin Koshien Stadium,18:01,02:53,7322,GAME20210414HTHC0058
2021,2021-04-14,Reg Season,Chiba Lotte Marines,Away,T,2,Tohoku Rakuten Golden Eagles,2,8,2,"1,0,0,0,0,0,1,0,0",5,Rakuten Seimei Park Miyagi,18:00,03:20,6303,GAME20210414RELM0078
2021,2021-04-14,Reg Season,Tohoku Rakuten Golden Eagles,Home,T,2,Chiba Lotte Marines,2,4,1,"1,0,0,0,0,0,0,0,1",5,Rakuten Seimei Park Miyagi,18:00,03:20,6303,GAME20210414RELM0078
2021,2021-04-14,Reg Season,Orix Buffaloes,Away,L,1,Fukuoka Softbank Hawks,1,6,0,"0,0,0,0,0,0,0,1,0",5,Mizuho PayPay Dome Fukuoka,18:00,03:07,9229,GAME20210414SHOB0118
2021,2021-04-14,Reg Season,Fukuoka Softbank Hawks,Home,W,4,Orix Buffaloes,4,10,0,"0,1,0,0,0,2,1,0,x",5,Mizuho PayPay Dome Fukuoka,18:00,03:07,9229,GAME20210414SHOB0118
2021,2021-04-14,Reg Season,Hokkaido Nippon-Ham Fighters,Away,L,1,Saitama Seibu Lions,1,4,1,"0,0,0,1,0,0,0,0,0",4,Belluna Dome,17:45,03:20,6079,GAME20210414SLNF0099
2021,2021-04-14,Reg Season,Saitama Seibu Lions,Home,W,2,Hokkaido Nippon-Ham Fighters,2,8,1,"1,0,1,0,0,0,0,0,x",4,Belluna Dome,17:45,03:20,6079,GAME20210414SLNF0099
2021,2021-04-14,Reg Season,Chunichi Dragons,Away,L,1,Yomiuri Giants,1,7,0,"0,0,0,0,0,0,0,0,1",5,Tokyo Dome,17:45,02:43,10707,GAME20210414YGCD0017
2021,2021-04-14,Reg Season,Yomiuri Giants,Home,W,5,Chunichi Dragons,5,6,0,"0,0,5,0,0,0,0,0,x",5,Tokyo Dome,17:45,02:43,10707,GAME20210414YGCD0017
2021,2021-04-14,Reg Season,Yokohama DeNA Baystars,Away,L,3,Tokyo Yakult Swallows,3,6,1,"0,0,2,0,0,1,0,0,0",5,Meiji Jingu Stadium,17:30,03:28,7560,GAME20210414YSDB0038
2021,2021-04-14,Reg Season,Tokyo Yakult Swallows,Home,W,7,Yokohama DeNA Baystars,7,11,0,"0,0,3,0,3,0,1,0,x",5,Meiji Jingu Stadium,17:30,03:28,7560,GAME20210414YSDB0038
2021,2021-04-15,Reg Season,Hiroshima Toyo Carp,Away,L,0,Hanshin Tigers,0,4,0,"0,0,0,0,0,0,0,0,0",5,Hanshin Koshien Stadium,18:00,02:46,7376,GAME20210415HTHC0059
2021,2021-04-15,Reg Season,Hanshin Tigers,Home,W,4,Hiroshima Toyo Carp,4,9,0,"2,0,0,2,0,0,0,0,x",5,Hanshin Koshien Stadium,18:00,02:46,7376,GAME20210415HTHC0059
2021,2021-04-15,Reg Season,Chiba Lotte Marines,Away,W,7,Tohoku Rakuten Golden Eagles,7,10,0,"0,0,0,2,0,0,0,0,5",6,Rakuten Seimei Park Miyagi,18:00,03:33,5874,GAME20210415RELM0079
2021,2021-04-15,Reg Season,Tohoku Rakuten Golden Eagles,Home,L,3,Chiba Lotte Marines,3,6,0,"0,0,0,0,0,0,0,0,3",6,Rakuten Seimei Park Miyagi,18:00,03:33,5874,GAME20210415RELM0079
2021,2021-04-15,Reg Season,Orix Buffaloes,Away,L,3,Fukuoka Softbank Hawks,3,9,1,"0,0,0,0,3,0,0,0,0",6,Mizuho PayPay Dome Fukuoka,18:00,03:01,9007,GAME20210415SHOB0100
2021,2021-04-15,Reg Season,Fukuoka Softbank Hawks,Home,W,4,Orix Buffaloes,4,7,0,"0,0,0,0,4,0,0,0,x",6,Mizuho PayPay Dome Fukuoka,18:00,03:01,9007,GAME20210415SHOB0100
2021,2021-04-15,Reg Season,Chunichi Dragons,Away,L,1,Yomiuri Giants,1,8,0,"0,1,0,0,0,0,0,0,0",6,Tokyo Dome,17:45,02:48,10255,GAME20210415YGCD0018
2021,2021-04-15,Reg Season,Yomiuri Giants,Home,W,5,Chunichi Dragons,5,9,0,"2,2,1,0,0,0,0,0,x",6,Tokyo Dome,17:45,02:48,10255,GAME20210415YGCD0018
2021,2021-04-15,Reg Season,Yokohama DeNA Baystars,Away,L,1,Tokyo Yakult Swallows,1,9,0,"0,0,0,1,0,0,0,0,0",6,Meiji Jingu Stadium,17:30,02:54,7737,GAME20210415YSDB0039
2021,2021-04-15,Reg Season,Tokyo Yakult Swallows,Home,W,2,Yokohama DeNA Baystars,2,5,0,"2,0,0,0,0,0,0,0,x",6,Meiji Jingu Stadium,17:30,02:54,7737,GAME20210415YSDB0039
2021,2021-04-16,Reg Season,Hiroshima Toyo Carp,Away,W,7,Chunichi Dragons,7,13,1,"1,0,3,0,1,0,0,2,0",4,Vantelin Dome Nagoya,18:00,03:32,9061,GAME20210416CDHC0040
2021,2021-04-16,Reg Season,Chunichi Dragons,Home,L,3,Hiroshima Toyo Carp,3,11,0,"1,0,0,2,0,0,0,0,0",4,Vantelin Dome Nagoya,18:00,03:32,9061,GAME20210416CDHC0040
2021,2021-04-16,Reg Season,Yomiuri Giants,Away,W,7,Yokohama DeNA Baystars,7,19,0,"0,0,2,0,1,3,0,1,0",4,Yokohama Stadium,17:45,03:14,9974,GAME20210416DBYG0019
2021,2021-04-16,Reg Season,Yokohama DeNA Baystars,Home,L,0,Yomiuri Giants,0,6,0,"0,0,0,0,0,0,0,0,0",4,Yokohama Stadium,17:45,03:14,9974,GAME20210416DBYG0019
2021,2021-04-16,Reg Season,Tokyo Yakult Swallows,Away,L,0,Hanshin Tigers,0,5,1,"0,0,0,0,0,0,0,0,0",4,Hanshin Koshien Stadium,18:01,02:50,7175,GAME20210416HTYS0060
2021,2021-04-16,Reg Season,Hanshin Tigers,Home,W,2,Tokyo Yakult Swallows,2,5,0,"0,0,0,0,2,0,0,0,x",4,Hanshin Koshien Stadium,18:01,02:50,7175,GAME20210416HTYS0060
2021,2021-04-16,Reg Season,Tohoku Rakuten Golden Eagles,Away,W,4,Hokkaido Nippon-Ham Fighters,4,10,0,"0,0,1,0,0,0,1,1,1",4,Tokyo Dome,17:46,03:26,9559,GAME20210416NFRE0080
2021,2021-04-16,Reg Season,Hokkaido Nippon-Ham Fighters,Home,L,1,Tohoku Rakuten Golden Eagles,1,5,0,"1,0,0,0,0,0,0,0,0",4,Tokyo Dome,17:46,03:26,9559,GAME20210416NFRE0080
2021,2021-04-16,Reg Season,Chiba Lotte Marines,Away,T,3,Orix Buffaloes,3,7,1,"0,0,0,0,0,0,0,3,0",4,Kyocera Dome Osaka,18:01,03:11,5242,GAME20210416OBLM0119
2021,2021-04-16,Reg Season,Orix Buffaloes,Home,T,3,Chiba Lotte Marines,3,10,1,"0,1,0,0,0,0,2,0,0",4,Kyocera Dome Osaka,18:01,03:11,5242,GAME20210416OBLM0119
2021,2021-04-16,Reg Season,Fukuoka Softbank Hawks,Away,L,1,Saitama Seibu Lions,1,5,0,"1,0,0,0,0,0,0,0,0",4,Belluna Dome,17:45,02:33,9238,GAME20210416SLSH0101
2021,2021-04-16,Reg Season,Saitama Seibu Lions,Home,W,2,Fukuoka Softbank Hawks,2,5,0,"1,0,0,0,0,1,0,0,x",4,Belluna Dome,17:45,02:33,9238,GAME20210416SLSH0101
2021,2021-04-17,Reg Season,Hiroshima Toyo Carp,Away,L,0,Chunichi Dragons,0,6,0,"0,0,0,0,0,0,0,0,0",5,Vantelin Dome Nagoya,14:00,02:38,9949,GAME20210417CDHC0041
2021,2021-04-17,Reg Season,Chunichi Dragons,Home,W,5,Hiroshima Toyo Carp,5,8,0,"0,0,0,1,0,0,2,2,x",5,Vantelin Dome Nagoya,14:00,02:38,9949,GAME20210417CDHC0041
2021,2021-04-17,Reg Season,Yomiuri Giants,Away,W,7,Yokohama DeNA Baystars,7,8,0,"1,0,0,0,0,6,0,0,0",5,Yokohama Stadium,14:00,03:06,9978,GAME20210417DBYG0020
2021,2021-04-17,Reg Season,Yokohama DeNA Baystars,Home,L,2,Yomiuri Giants,2,5,0,"1,0,0,0,0,0,1,0,0",5,Yokohama Stadium,14:00,03:06,9978,GAME20210417DBYG0020
2021,2021-04-17,Reg Season,Tohoku Rakuten Golden Eagles,Away,L,1,Hokkaido Nippon-Ham Fighters,1,3,0,"0,1,0,0,0,0,0,0,0",5,Tokyo Dome,14:00,02:38,9985,GAME20210417NFRE0081
2021,2021-04-17,Reg Season,Hokkaido Nippon-Ham Fighters,Home,W,4,Tohoku Rakuten Golden Eagles,4,8,0,"2,1,0,0,0,1,0,0,x",5,Tokyo Dome,14:00,02:38,9985,GAME20210417NFRE0081
2021,2021-04-17,Reg Season,Chiba Lotte Marines,Away,W,7,Orix Buffaloes,7,12,0,"0,0,0,1,0,1,2,1,2",5,Kyocera Dome Osaka,14:00,03:04,6837,GAME20210417OBLM0120
2021,2021-04-17,Reg Season,Orix Buffaloes,Home,L,2,Chiba Lotte Marines,2,8,3,"0,0,0,0,0,0,2,0,0",5,Kyocera Dome Osaka,14:00,03:04,6837,GAME20210417OBLM0120
2021,2021-04-17,Reg Season,Fukuoka Softbank Hawks,Away,W,7,Saitama Seibu Lions,7,11,1,"0,1,2,2,0,0,1,1,0",5,Belluna Dome,17:46,02:59,9461,GAME20210417SLSH0102
2021,2021-04-17,Reg Season,Saitama Seibu Lions,Home,L,1,Fukuoka Softbank Hawks,1,4,0,"0,0,0,1,0,0,0,0,0",5,Belluna Dome,17:46,02:59,9461,GAME20210417SLSH0102
2021,2021-04-18,Reg Season,Hiroshima Toyo Carp,Away,W,4,Chunichi Dragons,4,8,1,"0,1,0,0,0,0,0,3,0",6,Vantelin Dome Nagoya,14:00,03:15,9890,GAME20210418CDHC0042
2021,2021-04-18,Reg Season,Chunichi Dragons,Home,L,2,Hiroshima Toyo Carp,2,5,0,"0,0,0,0,0,2,0,0,0",6,Vantelin Dome Nagoya,14:00,03:15,9890,GAME20210418CDHC0042
2021,2021-04-18,Reg Season,Yomiuri Giants,Away,T,2,Yokohama DeNA Baystars,2,5,0,"0,1,0,0,0,1,0,0,0",6,Yokohama Stadium,14:01,02:55,9978,GAME20210418DBYG0021
2021,2021-04-18,Reg Season,Yokohama DeNA Baystars,Home,T,2,Yomiuri Giants,2,5,0,"0,0,0,0,0,0,1,1,0",6,Yokohama Stadium,14:01,02:55,9978,GAME20210418DBYG0021
2021,2021-04-18,Reg Season,Tokyo Yakult Swallows,Away,L,7,Hanshin Tigers,7,9,0,"0,0,0,0,0,1,4,2,0",5,Hanshin Koshien Stadium,14:00,03:44,7921,GAME20210418HTYS0061
2021,2021-04-18,Reg Season,Hanshin Tigers,Home,W,10,Tokyo Yakult Swallows,10,16,1,"1,0,5,2,0,0,2,0,x",5,Hanshin Koshien Stadium,14:00,03:44,7921,GAME20210418HTYS0061
2021,2021-04-18,Reg Season,Tohoku Rakuten Golden Eagles,Away,W,4,Hokkaido Nippon-Ham Fighters,4,11,0,"0,1,1,0,1,0,0,1,0",6,Tokyo Dome,14:00,02:49,9981,GAME20210418NFRE0082
2021,2021-04-18,Reg Season,Hokkaido Nippon-Ham Fighters,Home,L,1,Tohoku Rakuten Golden Eagles,1,6,1,"1,0,0,0,0,0,0,0,0",6,Tokyo Dome,14:00,02:49,9981,GAME20210418NFRE0082
2021,2021-04-18,Reg Season,Chiba Lotte Marines,Away,W,3,Orix Buffaloes,3,5,0,"0,0,1,0,0,0,0,0,2",6,Kyocera Dome Osaka,13:00,03:09,7316,GAME20210418OBLM0121
2021,2021-04-18,Reg Season,Orix Buffaloes,Home,L,2,Chiba Lotte Marines,2,7,0,"0,0,0,1,0,1,0,0,0",6,Kyocera Dome Osaka,13:00,03:09,7316,GAME20210418OBLM0121
2021,2021-04-18,Reg Season,Fukuoka Softbank Hawks,Away,T,4,Saitama Seibu Lions,4,7,0,"1,0,0,0,0,1,0,0,2",6,Belluna Dome,13:01,03:07,9468,GAME20210418SLSH0103
2021,2021-04-18,Reg Season,Saitama Seibu Lions,Home,T,4,Fukuoka Softbank Hawks,4,8,1,"2,0,0,0,0,0,2,0,0",6,Belluna Dome,13:01,03:07,9468,GAME20210418SLSH0103
2021,2021-04-20,Reg Season,Chunichi Dragons,Away,T,0,Yokohama DeNA Baystars,0,6,0,"0,0,0,0,0,0,0,0,0",4,Yokohama Stadium,17:45,02:37,11695,GAME20210420DBCD0049
2021,2021-04-20,Reg Season,Yokohama DeNA Baystars,Home,T,0,Chunichi Dragons,0,3,0,"0,0,0,0,0,0,0,0,0",4,Yokohama Stadium,17:45,02:37,11695,GAME20210420DBCD0049
2021,2021-04-20,Reg Season,Tokyo Yakult Swallows,Away,W,2,Hiroshima Toyo Carp,2,5,0,"0,0,0,0,0,1,1,0,0",4,MAZDA Zoom-Zoom Stadium Hiroshima,18:00,03:24,16019,GAME20210420HCYS0074
2021,2021-04-20,Reg Season,Hiroshima Toyo Carp,Home,L,1,Tokyo Yakult Swallows,1,6,0,"0,0,0,1,0,0,0,0,0",4,MAZDA Zoom-Zoom Stadium Hiroshima,18:00,03:24,16019,GAME20210420HCYS0074
2021,2021-04-20,Reg Season,Hokkaido Nippon-Ham Fighters,Away,L,4,Chiba Lotte Marines,4,10,0,"2,0,1,0,1,0,0,0,0",4,ZOZO Marine Stadium,17:45,03:30,9082,GAME20210420LMNF0101
2021,2021-04-20,Reg Season,Chiba Lotte Marines,Home,W,8,Hokkaido Nippon-Ham Fighters,8,11,0,"1,0,1,0,2,0,0,4,x",4,ZOZO Marine Stadium,17:45,03:30,9082,GAME20210420LMNF0101
2021,2021-04-20,Reg Season,Saitama Seibu Lions,Away,L,3,Orix Buffaloes,3,10,0,"0,2,1,0,0,0,0,0,0",4,Kyocera Dome Osaka,18:01,03:49,4829,GAME20210420OBSL0128
2021,2021-04-20,Reg Season,Orix Buffaloes,Home,W,11,Saitama Seibu Lions,11,17,0,"1,2,0,0,1,1,0,6,x",4,Kyocera Dome Osaka,18:01,03:49,4829,GAME20210420OBSL0128
2021,2021-04-20,Reg Season,Tohoku Rakuten Golden Eagles,Away,L,4,Fukuoka Softbank Hawks,4,7,0,"1,0,3,0,0,0,0,0,0",4,Kitakyushu Municipal Baseball Stadium,18:00,03:18,9801,GAME20210420SHRE0152
2021,2021-04-20,Reg Season,Fukuoka Softbank Hawks,Home,W,6,Tohoku Rakuten Golden Eagles,6,11,1,"0,3,0,1,0,2,0,0,x",4,Kitakyushu Municipal Baseball Stadium,18:00,03:18,9801,GAME20210420SHRE0152
2021,2021-04-20,Reg Season,Hanshin Tigers,Away,W,10,Yomiuri Giants,10,11,0,"1,1,3,0,0,1,2,0,2",4,Tokyo Dome,17:45,03:26,17712,GAME20210420YGHT0022
2021,2021-04-20,Reg Season,Yomiuri Giants,Home,L,5,Hanshin Tigers,5,10,0,"0,0,3,0,1,0,0,0,1",4,Tokyo Dome,17:45,03:26,17712,GAME20210420YGHT0022
2021,2021-04-21,Reg Season,Chunichi Dragons,Away,W,7,Yokohama DeNA Baystars,7,9,0,"0,0,0,5,0,0,0,1,1",5,Yokohama Stadium,17:45,02:38,10649,GAME20210421DBCD0050
2021,2021-04-21,Reg Season,Yokohama DeNA Baystars,Home,L,1,Chunichi Dragons,1,5,0,"0,0,0,0,0,0,1,0,0",5,Yokohama Stadium,17:45,02:38,10649,GAME20210421DBCD0050
2021,2021-04-21,Reg Season,Tokyo Yakult Swallows,Away,T,1,Hiroshima Toyo Carp,1,5,1,"0,0,0,0,0,1,0,0,0",5,MAZDA Zoom-Zoom Stadium Hiroshima,18:00,03:00,15902,GAME20210421HCYS0075
2021,2021-04-21,Reg Season,Hiroshima Toyo Carp,Home,T,1,Tokyo Yakult Swallows,1,8,0,"0,0,0,0,0,1,0,0,0",5,MAZDA Zoom-Zoom Stadium Hiroshima,18:00,03:00,15902,GAME20210421HCYS0075
2021,2021-04-21,Reg Season,Hokkaido Nippon-Ham Fighters,Away,L,5,Chiba Lotte Marines,5,8,0,"0,0,0,1,3,1,0,0,0",5,ZOZO Marine Stadium,17:45,03:33,6863,GAME20210421LMNF0102
2021,2021-04-21,Reg Season,Chiba Lotte Marines,Home,W,6,Hokkaido Nippon-Ham Fighters,6,8,1,"0,0,0,0,0,0,3,1,2x",5,ZOZO Marine Stadium,17:45,03:33,6863,GAME20210421LMNF0102
2021,2021-04-21,Reg Season,Saitama Seibu Lions,Away,L,2,Orix Buffaloes,2,8,0,"0,0,0,0,0,2,0,0,0",5,Kyocera Dome Osaka,18:01,02:37,4886,GAME20210421OBSL0129
2021,2021-04-21,Reg Season,Orix Buffaloes,Home,W,4,Saitama Seibu Lions,4,7,0,"0,0,1,0,0,1,2,0,x",5,Kyocera Dome Osaka,18:01,02:37,4886,GAME20210421OBSL0129
2021,2021-04-21,Reg Season,Tohoku Rakuten Golden Eagles,Away,L,1,Fukuoka Softbank Hawks,1,5,0,"0,0,0,0,0,1,0,0,0",5,Mizuho PayPay Dome Fukuoka,18:00,02:47,12049,GAME20210421SHRE0153
2021,2021-04-21,Reg Season,Fukuoka Softbank Hawks,Home,W,4,Tohoku Rakuten Golden Eagles,4,10,1,"0,0,3,0,0,0,1,0,x",5,Mizuho PayPay Dome Fukuoka,18:00,02:47,12049,GAME20210421SHRE0153
2021,2021-04-21,Reg Season,Hanshin Tigers,Away,L,2,Yomiuri Giants,2,5,1,"2,0,0,0,0,0,0,0,0",5,Tokyo Dome,17:45,03:20,13969,GAME20210421YGHT0023
2021,2021-04-21,Reg Season,Yomiuri Giants,Home,W,3,Hanshin Tigers,3,12,0,"0,1,0,1,0,1,0,0,x",5,Tokyo Dome,17:45,03:20,13969,GAME20210421YGHT0023
2021,2021-04-22,Reg Season,Chunichi Dragons,Away,W,1,Yokohama DeNA Baystars,1,5,1,"0,0,0,0,0,0,0,0,1",6,Yokohama Stadium,17:45,02:51,10093,GAME20210422DBCD0051
2021,2021-04-22,Reg Season,Yokohama DeNA Baystars,Home,L,0,Chunichi Dragons,0,4,1,"0,0,0,0,0,0,0,0,0",6,Yokohama Stadium,17:45,02:51,10093,GAME20210422DBCD0051
2021,2021-04-22,Reg Season,Tokyo Yakult Swallows,Away,W,7,Hiroshima Toyo Carp,7,8,2,"0,1,2,0,0,1,0,3,0",6,MAZDA Zoom-Zoom Stadium Hiroshima,18:00,03:51,16177,GAME20210422HCYS0076
2021,2021-04-22,Reg Season,Hiroshima Toyo Carp,Home,L,4,Tokyo Yakult Swallows,4,11,1,"0,1,0,1,1,0,1,0,0",6,MAZDA Zoom-Zoom Stadium Hiroshima,18:00,03:51,16177,GAME20210422HCYS0076
2021,2021-04-22,Reg Season,Hokkaido Nippon-Ham Fighters,Away,W,3,Chiba Lotte Marines,3,6,1,"1,1,0,0,0,1,0,0,0",6,ZOZO Marine Stadium,17:45,03:29,7225,GAME20210422LMNF0103
2021,2021-04-22,Reg Season,Chiba Lotte Marines,Home,L,1,Hokkaido Nippon-Ham Fighters,1,8,0,"1,0,0,0,0,0,0,0,0",6,ZOZO Marine Stadium,17:45,03:29,7225,GAME20210422LMNF0103
2021,2021-04-22,Reg Season,Saitama Seibu Lions,Away,L,6,Orix Buffaloes,6,9,1,"0,0,2,1,0,0,0,3,0",6,Kyocera Dome Osaka,18:01,03:29,4478,GAME20210422OBSL0130
2021,2021-04-22,Reg Season,Orix Buffaloes,Home,W,7,Saitama Seibu Lions,7,12,0,"0,0,1,0,1,1,0,0,4x",6,Kyocera Dome Osaka,18:01,03:29,4478,GAME20210422OBSL0130
2021,2021-04-22,Reg Season,Hanshin Tigers,Away,L,3,Yomiuri Giants,3,8,1,"0,0,1,0,0,2,0,0,0",6,Tokyo Dome,17:45,03:21,13741,GAME20210422YGHT0024
2021,2021-04-22,Reg Season,Yomiuri Giants,Home,W,8,Hanshin Tigers,8,13,0,"3,3,0,0,0,0,1,1,x",6,Tokyo Dome,17:45,03:21,13741,GAME20210422YGHT0024
2021,2021-04-23,Reg Season,Yokohama DeNA Baystars,Away,W,7,Hanshin Tigers,7,4,1,"0,1,2,0,4,0,0,0,0",4,Hanshin Koshien Stadium,18:01,03:22,7206,GAME20210423HTDB0077
2021,2021-04-23,Reg Season,Hanshin Tigers,Home,L,1,Yokohama DeNA Baystars,1,5,2,"0,0,0,1,0,0,0,0,0",4,Hanshin Koshien Stadium,18:01,03:22,7206,GAME20210423HTDB0077
2021,2021-04-23,Reg Season,Fukuoka Softbank Hawks,Away,W,3,Chiba Lotte Marines,3,9,1,"0,0,0,1,0,0,0,0,2",4,ZOZO Marine Stadium,17:45,03:23,7044,GAME20210423LMSH0154
2021,2021-04-23,Reg Season,Chiba Lotte Marines,Home,L,2,Fukuoka Softbank Hawks,2,7,0,"2,0,0,0,0,0,0,0,0",4,ZOZO Marine Stadium,17:45,03:23,7044,GAME20210423LMSH0154
2021,2021-04-23,Reg Season,Orix Buffaloes,Away,W,6,Hokkaido Nippon-Ham Fighters,6,10,1,"0,0,0,2,0,3,0,0,1",4,Sapporo Dome,18:00,03:35,9022,GAME20210423NFOB0104
2021,2021-04-23,Reg Season,Hokkaido Nippon-Ham Fighters,Home,L,1,Orix Buffaloes,1,7,1,"0,0,0,0,0,0,0,1,0",4,Sapporo Dome,18:00,03:35,9022,GAME20210423NFOB0104
2021,2021-04-23,Reg Season,Saitama Seibu Lions,Away,T,2,Tohoku Rakuten Golden Eagles,2,8,1,"0,0,0,0,0,1,0,1,0",4,Rakuten Seimei Park Miyagi,18:01,03:09,6205,GAME20210423RESL0131
2021,2021-04-23,Reg Season,Tohoku Rakuten Golden Eagles,Home,T,2,Saitama Seibu Lions,2,5,0,"0,0,0,1,0,1,0,0,0",4,Rakuten Seimei Park Miyagi,18:01,03:09,6205,GAME20210423RESL0131
2021,2021-04-23,Reg Season,Hiroshima Toyo Carp,Away,L,1,Yomiuri Giants,1,5,1,"0,0,0,0,0,1,0,0,0",4,Tokyo Dome,17:45,02:34,11971,GAME20210423YGHC0025
2021,2021-04-23,Reg Season,Yomiuri Giants,Home,W,2,Hiroshima Toyo Carp,2,6,0,"0,0,0,0,2,0,0,0,x",4,Tokyo Dome,17:45,02:34,11971,GAME20210423YGHC0025
2021,2021-04-23,Reg Season,Chunichi Dragons,Away,L,4,Tokyo Yakult Swallows,4,13,1,"1,0,0,1,2,0,0,0,0",3,Meiji Jingu Stadium,17:31,03:18,4979,GAME20210423YSCD0052
2021,2021-04-23,Reg Season,Tokyo Yakult Swallows,Home,W,6,Chunichi Dragons,6,13,1,"1,0,0,0,3,1,1,0,x",3,Meiji Jingu Stadium,17:31,03:18,4979,GAME20210423YSCD0052
2021,2021-04-24,Reg Season,Yokohama DeNA Baystars,Away,L,1,Hanshin Tigers,1,7,1,"0,0,1,0,0,0,0,0,0",5,Hanshin Koshien Stadium,14:00,03:01,7586,GAME20210424HTDB0078
2021,2021-04-24,Reg Season,Hanshin Tigers,Home,W,13,Yokohama DeNA Baystars,13,18,1,"6,2,0,3,1,1,0,0,x",5,Hanshin Koshien Stadium,14:00,03:01,7586,GAME20210424HTDB0078
2021,2021-04-24,Reg Season,Fukuoka Softbank Hawks,Away,L,9,Chiba Lotte Marines,9,19,2,"0,4,0,0,2,1,0,0,2",5,ZOZO Marine Stadium,14:01,04:30,11193,GAME20210424LMSH0155
2021,2021-04-24,Reg Season,Chiba Lotte Marines,Home,W,11,Fukuoka Softbank Hawks,11,9,0,"0,0,3,2,2,1,2,1,x",5,ZOZO Marine Stadium,14:01,04:30,11193,GAME20210424LMSH0155
2021,2021-04-24,Reg Season,Orix Buffaloes,Away,L,3,Hokkaido Nippon-Ham Fighters,3,9,0,"0,0,0,1,0,1,0,0,1",5,Sapporo Dome,14:00,03:02,18170,GAME20210424NFOB0105
2021,2021-04-24,Reg Season,Hokkaido Nippon-Ham Fighters,Home,W,5,Orix Buffaloes,5,8,0,"0,0,5,0,0,0,0,0,x",5,Sapporo Dome,14:00,03:02,18170,GAME20210424NFOB0105
2021,2021-04-24,Reg Season,Saitama Seibu Lions,Away,L,1,Tohoku Rakuten Golden Eagles,1,4,0,"0,0,1,0,0,0,0,0,0",5,Rakuten Seimei Park Miyagi,14:00,02:51,6619,GAME20210424RESL0132
2021,2021-04-24,Reg Season,Tohoku Rakuten Golden Eagles,Home,W,2,Saitama Seibu Lions,2,5,0,"2,0,0,0,0,0,0,0,x",5,Rakuten Seimei Park Miyagi,14:00,02:51,6619,GAME20210424RESL0132
2021,2021-04-24,Reg Season,Hiroshima Toyo Carp,Away,W,6,Yomiuri Giants,6,10,2,"0,1,0,1,2,0,0,2,0",5,Tokyo Dome,14:00,03:25,17122,GAME20210424YGHC0026
2021,2021-04-24,Reg Season,Yomiuri Giants,Home,L,3,Hiroshima Toyo Carp,3,8,1,"2,1,0,0,0,0,0,0,0",5,Tokyo Dome,14:00,03:25,17122,GAME20210424YGHC0026
2021,2021-04-24,Reg Season,Chunichi Dragons,Away,L,3,Tokyo Yakult Swallows,3,7,1,"0,0,0,0,1,1,0,1,0",4,Meiji Jingu Stadium,17:30,02:57,4986,GAME20210424YSCD0053
2021,2021-04-24,Reg Season,Tokyo Yakult Swallows,Home,W,4,Chunichi Dragons,4,6,0,"0,0,2,0,0,0,0,0,2x",4,Meiji Jingu Stadium,17:30,02:57,4986,GAME20210424YSCD0053
2021,2021-04-25,Reg Season,Yokohama DeNA Baystars,Away,L,5,Hanshin Tigers,5,11,1,"0,0,0,2,1,0,2,0,0",6,Hanshin Koshien Stadium,14:00,03:30,7223,GAME20210425HTDB0079
2021,2021-04-25,Reg Season,Hanshin Tigers,Home,W,7,Yokohama DeNA Baystars,7,8,0,"0,2,0,0,2,0,3,0,x",6,Hanshin Koshien Stadium,14:00,03:30,7223,GAME20210425HTDB0079
2021,2021-04-25,Reg Season,Fukuoka Softbank Hawks,Away,L,5,Chiba Lotte Marines,5,14,0,"0,0,0,0,0,0,2,1,2",6,ZOZO Marine Stadium,13:00,03:22,11370,GAME20210425LMSH0156
2021,2021-04-25,Reg Season,Chiba Lotte Marines,Home,W,8,Fukuoka Softbank Hawks,8,13,0,"0,0,0,1,4,3,0,0,x",6,ZOZO Marine Stadium,13:00,03:22,11370,GAME20210425LMSH0156
2021,2021-04-25,Reg Season,Orix Buffaloes,Away,T,4,Hokkaido Nippon-Ham Fighters,4,12,1,"0,1,0,0,0,0,0,3,0",6,Sapporo Dome,14:00,03:21,9151,GAME20210425NFOB0106
2021,2021-04-25,Reg Season,Hokkaido Nippon-Ham Fighters,Home,T,4,Orix Buffaloes,4,5,0,"3,0,0,0,0,0,0,0,1",6,Sapporo Dome,14:00,03:21,9151,GAME20210425NFOB0106
2021,2021-04-25,Reg Season,Saitama Seibu Lions,Away,L,4,Tohoku Rakuten Golden Eagles,4,8,1,"0,0,0,0,1,2,1,0,0",6,Rakuten Seimei Park Miyagi,13:00,02:51,7037,GAME20210425RESL0133
2021,2021-04-25,Reg Season,Tohoku Rakuten Golden Eagles,Home,W,8,Saitama Seibu Lions,8,12,1,"0,5,0,0,0,3,0,0,x",6,Rakuten Seimei Park Miyagi,13:00,02:51,7037,GAME20210425RESL0133
2021,2021-04-25,Reg Season,Hiroshima Toyo Carp,Away,W,9,Yomiuri Giants,9,16,1,"1,0,0,1,1,5,0,0,1",6,Tokyo Dome,14:00,03:46,15345,GAME20210425YGHC0027
2021,2021-04-25,Reg Season,Yomiuri Giants,Home,L,8,Hiroshima Toyo Carp,8,10,1,"0,0,0,0,2,0,0,6,0",6,Tokyo Dome,14:00,03:46,15345,GAME20210425YGHC0027
2021,2021-04-25,Reg Season,Chunichi Dragons,Away,L,3,Tokyo Yakult Swallows,3,8,0,"1,0,0,0,1,1,0,0,0",5,Meiji Jingu Stadium,17:30,02:40,4978,GAME20210425YSCD0054
2021,2021-04-25,Reg Season,Tokyo Yakult Swallows,Home,W,4,Chunichi Dragons,4,7,0,"1,0,0,3,0,0,0,0,x",5,Meiji Jingu Stadium,17:30,02:40,4978,GAME20210425YSCD0054
2021,2021-04-27,Reg Season,Hanshin Tigers,Away,L,1,Chunichi Dragons,1,3,0,"0,1,0,0,0,0,0,0,0",4,Vantelin Dome Nagoya,17:45,02:40,6529,GAME20210427CDHT0061
2021,2021-04-27,Reg Season,Chunichi Dragons,Home,W,2,Hanshin Tigers,2,8,1,"0,0,0,0,0,1,1,0,x",4,Vantelin Dome Nagoya,17:45,02:40,6529,GAME20210427CDHT0061
2021,2021-04-27,Reg Season,Yokohama DeNA Baystars,Away,L,1,Hiroshima Toyo Carp,1,3,2,"0,0,0,1,0,0,0,0,0",4,MAZDA Zoom-Zoom Stadium Hiroshima,18:00,02:56,16107,GAME20210427HCDB0092
2021,2021-04-27,Reg Season,Hiroshima Toyo Carp,Home,W,10,Yokohama DeNA Baystars,10,16,1,"0,0,7,0,1,0,0,2,x",4,MAZDA Zoom-Zoom Stadium Hiroshima,18:00,02:56,16107,GAME20210427HCDB0092
2021,2021-04-27,Reg Season,Tohoku Rakuten Golden Eagles,Away,T,5,Orix Buffaloes,5,10,0,"0,0,0,1,0,0,0,1,3",4,Kyocera Dome Osaka,18:00,03:31,0,GAME20210427OBRE0156
2021,2021-04-27,Reg Season,Orix Buffaloes,Home,T,5,Tohoku Rakuten Golden Eagles,5,8,1,"0,1,0,1,0,1,0,2,0",4,Kyocera Dome Osaka,18:00,03:31,0,GAME20210427OBRE0156
2021,2021-04-27,Reg Season,Hokkaido Nippon-Ham Fighters,Away,W,7,Fukuoka Softbank Hawks,7,13,0,"1,0,2,2,0,2,0,0,0",4,Mizuho PayPay Dome Fukuoka,18:00,03:28,10583,GAME20210427SHNF0184
2021,2021-04-27,Reg Season,Fukuoka Softbank Hawks,Home,L,2,Hokkaido Nippon-Ham Fighters,2,4,0,"0,0,0,1,1,0,0,0,0",4,Mizuho PayPay Dome Fukuoka,18:00,03:28,10583,GAME20210427SHNF0184
2021,2021-04-27,Reg Season,Chiba Lotte Marines,Away,L,1,Saitama Seibu Lions,1,8,0,"0,0,1,0,0,0,0,0,0",4,Belluna Dome,17:45,02:29,9272,GAME20210427SLLM0123
2021,2021-04-27,Reg Season,Saitama Seibu Lions,Home,W,3,Chiba Lotte Marines,3,5,0,"0,0,0,2,1,0,0,0,x",4,Belluna Dome,17:45,02:29,9272,GAME20210427SLLM0123
2021,2021-04-27,Reg Season,Yomiuri Giants,Away,W,14,Tokyo Yakult Swallows,14,21,1,"3,1,1,1,0,0,2,0,6",4,Meiji Jingu Stadium,17:30,04:09,0,GAME20210427YSYG0028
2021,2021-04-27,Reg Season,Tokyo Yakult Swallows,Home,L,11,Yomiuri Giants,11,12,2,"0,4,2,0,0,0,2,0,3",4,Meiji Jingu Stadium,17:30,04:09,0,GAME20210427YSYG0028
2021,2021-04-28,Reg Season,Hanshin Tigers,Away,L,1,Chunichi Dragons,1,8,1,"0,0,0,0,0,0,0,1,0",5,Vantelin Dome Nagoya,17:45,02:55,7204,GAME20210428CDHT0062
2021,2021-04-28,Reg Season,Chunichi Dragons,Home,W,6,Hanshin Tigers,6,6,0,"0,2,0,0,0,0,0,4,x",5,Vantelin Dome Nagoya,17:45,02:55,7204,GAME20210428CDHT0062
2021,2021-04-28,Reg Season,Yokohama DeNA Baystars,Away,W,13,Hiroshima Toyo Carp,13,18,0,"0,2,3,0,0,0,4,4,0x",5,MAZDA Zoom-Zoom Stadium Hiroshima,18:01,03:33,15881,GAME20210428HCDB0093
2021,2021-04-28,Reg Season,Hiroshima Toyo Carp,Home,L,2,Yokohama DeNA Baystars,2,9,1,"1,0,0,0,1,0,0,0",5,MAZDA Zoom-Zoom Stadium Hiroshima,18:01,03:33,15881,GAME20210428HCDB0093
2021,2021-04-28,Reg Season,Tohoku Rakuten Golden Eagles,Away,T,0,Orix Buffaloes,0,3,1,"0,0,0,0,0,0,0,0,0",5,Kyocera Dome Osaka,18:00,02:12,0,GAME20210428OBRE0157
2021,2021-04-28,Reg Season,Orix Buffaloes,Home,T,0,Tohoku Rakuten Golden Eagles,0,2,0,"0,0,0,0,0,0,0,0,0",5,Kyocera Dome Osaka,18:00,02:12,0,GAME20210428OBRE0157
2021,2021-04-28,Reg Season,Hokkaido Nippon-Ham Fighters,Away,W,4,Fukuoka Softbank Hawks,4,9,1,"0,1,0,0,1,2,0,0,0",5,Mizuho PayPay Dome Fukuoka,18:00,03:32,12763,GAME20210428SHNF0185
2021,2021-04-28,Reg Season,Fukuoka Softbank Hawks,Home,L,3,Hokkaido Nippon-Ham Fighters,3,9,0,"0,0,0,0,0,0,1,0,2",5,Mizuho PayPay Dome Fukuoka,18:00,03:32,12763,GAME20210428SHNF0185
2021,2021-04-28,Reg Season,Chiba Lotte Marines,Away,L,2,Saitama Seibu Lions,2,3,1,"1,0,0,0,0,1,0,0,0",5,Belluna Dome,17:45,03:05,7829,GAME20210428SLLM0124
2021,2021-04-28,Reg Season,Saitama Seibu Lions,Home,W,3,Chiba Lotte Marines,3,8,1,"0,0,1,0,0,1,0,1,x",5,Belluna Dome,17:45,03:05,7829,GAME20210428SLLM0124
2021,2021-04-28,Reg Season,Yomiuri Giants,Away,W,7,Tokyo Yakult Swallows,7,15,0,"2,1,1,2,0,1,0,0,0",5,Meiji Jingu Stadium,17:30,03:11,0,GAME20210428YSYG0029
2021,2021-04-28,Reg Season,Tokyo Yakult Swallows,Home,L,3,Yomiuri Giants,3,6,0,"1,0,1,0,1,0,0,0,0",5,Meiji Jingu Stadium,17:30,03:11,0,GAME20210428YSYG0029
2021,2021-04-29,Reg Season,Hanshin Tigers,Away,W,6,Chunichi Dragons,6,9,1,"1,0,3,0,0,0,0,0,2",6,Vantelin Dome Nagoya,14:00,02:50,9488,GAME20210429CDHT0030
2021,2021-04-29,Reg Season,Chunichi Dragons,Home,L,2,Hanshin Tigers,2,7,0,"0,0,0,0,0,1,1,0,0",6,Vantelin Dome Nagoya,14:00,02:50,9488,GAME20210429CDHT0030
2021,2021-04-29,Reg Season,Yokohama DeNA Baystars,Away,W,5,Hiroshima Toyo Carp,5,8,1,"0,1,0,3,1,0,0,0,0",6,MAZDA Zoom-Zoom Stadium Hiroshima,15:02,03:13,16396,GAME20210429HCDB0063
2021,2021-04-29,Reg Season,Hiroshima Toyo Carp,Home,L,3,Yokohama DeNA Baystars,3,8,1,"1,0,0,0,0,0,2,0,0",6,MAZDA Zoom-Zoom Stadium Hiroshima,15:02,03:13,16396,GAME20210429HCDB0063
2021,2021-04-29,Reg Season,Hokkaido Nippon-Ham Fighters,Away,L,1,Fukuoka Softbank Hawks,1,5,0,"0,0,0,0,0,0,0,0,1",6,Mizuho PayPay Dome Fukuoka,13:00,02:40,15693,GAME20210429SHNF0125
2021,2021-04-29,Reg Season,Fukuoka Softbank Hawks,Home,W,2,Hokkaido Nippon-Ham Fighters,2,5,1,"0,0,0,0,0,1,1,0,x",6,Mizuho PayPay Dome Fukuoka,13:00,02:40,15693,GAME20210429SHNF0125
2021,2021-04-29,Reg Season,Chiba Lotte Marines,Away,W,5,Saitama Seibu Lions,5,8,0,"4,0,0,0,1,0,0,0,0",6,Belluna Dome,14:00,03:00,12850,GAME20210429SLLM0094
2021,2021-04-29,Reg Season,Saitama Seibu Lions,Home,L,2,Chiba Lotte Marines,2,4,0,"2,0,0,0,0,0,0,0,0",6,Belluna Dome,14:00,03:00,12850,GAME20210429SLLM0094
2021,2021-04-30,Reg Season,Tokyo Yakult Swallows,Away,W,4,Yokohama DeNA Baystars,4,8,0,"0,0,2,0,0,2,0,0,0",7,Yokohama Stadium,17:45,03:13,13105,GAME20210430DBYS0064
2021,2021-04-30,Reg Season,Yokohama DeNA Baystars,Home,L,0,Tokyo Yakult Swallows,0,6,0,"0,0,0,0,0,0,0,0,0",7,Yokohama Stadium,17:45,03:13,13105,GAME20210430DBYS0064
2021,2021-04-30,Reg Season,Hiroshima Toyo Carp,Away,L,2,Hanshin Tigers,2,7,0,"0,0,0,0,0,0,0,2,0",6,Hanshin Koshien Stadium,18:00,03:03,0,GAME20210430HTHC0095
2021,2021-04-30,Reg Season,Hanshin Tigers,Home,W,4,Hiroshima Toyo Carp,4,9,2,"1,1,0,0,2,0,0,0,x",6,Hanshin Koshien Stadium,18:00,03:03,0,GAME20210430HTHC0095
2021,2021-04-30,Reg Season,Saitama Seibu Lions,Away,W,5,Hokkaido Nippon-Ham Fighters,5,11,0,"0,0,0,2,0,1,0,0,2",5,Sapporo Dome,18:01,03:19,8428,GAME20210430NFSL0126
2021,2021-04-30,Reg Season,Hokkaido Nippon-Ham Fighters,Home,L,1,Saitama Seibu Lions,1,4,2,"0,0,1,0,0,0,0,0,0",5,Sapporo Dome,18:01,03:19,8428,GAME20210430NFSL0126
2021,2021-04-30,Reg Season,Fukuoka Softbank Hawks,Away,L,4,Orix Buffaloes,4,8,1,"2,0,0,2,0,0,0,0,0",7,Kyocera Dome Osaka,18:00,02:55,0,GAME20210430OBSH0186
2021,2021-04-30,Reg Season,Orix Buffaloes,Home,W,5,Fukuoka Softbank Hawks,5,10,0,"0,1,1,0,0,0,0,1,2x",7,Kyocera Dome Osaka,18:00,02:55,0,GAME20210430OBSH0186
2021,2021-04-30,Reg Season,Chiba Lotte Marines,Away,L,1,Tohoku Rakuten Golden Eagles,1,6,2,"0,1,0,0,0,0,0,0,0",7,Rakuten Seimei Park Miyagi,18:00,03:12,4734,GAME20210430RELM0158
2021,2021-04-30,Reg Season,Tohoku Rakuten Golden Eagles,Home,W,8,Chiba Lotte Marines,8,10,0,"0,2,2,1,0,0,0,3,x",7,Rakuten Seimei Park Miyagi,18:00,03:12,4734,GAME20210430RELM0158
2021,2021-04-30,Reg Season,Chunichi Dragons,Away,W,3,Yomiuri Giants,3,9,0,"0,2,0,1,0,0,0,0,0",7,Tokyo Dome,18:00,02:57,0,GAME20210430YGCD0031
2021,2021-04-30,Reg Season,Yomiuri Giants,Home,L,2,Chunichi Dragons,2,5,1,"0,0,0,0,0,0,2,0,0",7,Tokyo Dome,18:00,02:57,0,GAME20210430YGCD0031
2021,2021-05-01,Reg Season,Tokyo Yakult Swallows,Away,L,2,Yokohama DeNA Baystars,2,3,3,"0,0,2,0,0,0,0,0,0",8,Yokohama Stadium,14:00,03:15,15743,GAME20210501DBYS0065
2021,2021-05-01,Reg Season,Yokohama DeNA Baystars,Home,W,10,Tokyo Yakult Swallows,10,11,1,"1,0,0,1,0,2,6,0,x",8,Yokohama Stadium,14:00,03:15,15743,GAME20210501DBYS0065
2021,2021-05-01,Reg Season,Saitama Seibu Lions,Away,L,4,Hokkaido Nippon-Ham Fighters,4,7,0,"0,0,1,0,0,1,0,1,1",6,Sapporo Dome,14:00,03:32,12422,GAME20210501NFSL0127
2021,2021-05-01,Reg Season,Hokkaido Nippon-Ham Fighters,Home,W,5,Saitama Seibu Lions,5,6,0,"0,0,0,1,0,0,0,0,4x",6,Sapporo Dome,14:00,03:32,12422,GAME20210501NFSL0127
2021,2021-05-01,Reg Season,Fukuoka Softbank Hawks,Away,W,13,Orix Buffaloes,13,17,0,"4,0,3,1,0,1,0,0,4",8,Kyocera Dome Osaka,14:00,03:19,0,GAME20210501OBSH0187
2021,2021-05-01,Reg Season,Orix Buffaloes,Home,L,0,Fukuoka Softbank Hawks,0,5,2,"0,0,0,0,0,0,0,0,0",8,Kyocera Dome Osaka,14:00,03:19,0,GAME20210501OBSH0187
2021,2021-05-01,Reg Season,Chiba Lotte Marines,Away,L,0,Tohoku Rakuten Golden Eagles,0,6,0,"0,0,0,0,0,0,0,0,0",8,Rakuten Seimei Park Miyagi,14:00,03:52,7914,GAME20210501RELM0159
2021,2021-05-01,Reg Season,Tohoku Rakuten Golden Eagles,Home,W,3,Chiba Lotte Marines,3,8,1,"0,0,1,2,0,0,0,0,x",8,Rakuten Seimei Park Miyagi,14:00,03:52,7914,GAME20210501RELM0159
2021,2021-05-01,Reg Season,Chunichi Dragons,Away,W,9,Yomiuri Giants,9,13,0,"0,0,0,2,2,3,0,0,2",8,Tokyo Dome,14:00,03:53,0,GAME20210501YGCD0032
2021,2021-05-01,Reg Season,Yomiuri Giants,Home,L,6,Chunichi Dragons,6,12,0,"0,0,0,0,0,4,2,0,0",8,Tokyo Dome,14:00,03:53,0,GAME20210501YGCD0032
2021,2021-05-02,Reg Season,Tokyo Yakult Swallows,Away,L,7,Yokohama DeNA Baystars,7,10,2,"0,4,0,0,0,3,0,0,0",9,Yokohama Stadium,14:00,03:12,15832,GAME20210502DBYS0033
2021,2021-05-02,Reg Season,Yokohama DeNA Baystars,Home,W,8,Tokyo Yakult Swallows,8,11,0,"0,3,4,0,0,0,0,1,x",9,Yokohama Stadium,14:00,03:12,15832,GAME20210502DBYS0033
2021,2021-05-02,Reg Season,Hiroshima Toyo Carp,Away,L,3,Hanshin Tigers,3,9,2,"0,0,1,1,1,0,0,0,0",7,Hanshin Koshien Stadium,14:00,03:59,0,GAME20210502HTHC0066
2021,2021-05-02,Reg Season,Hanshin Tigers,Home,W,7,Hiroshima Toyo Carp,7,8,1,"0,0,1,0,4,2,0,0,x",7,Hanshin Koshien Stadium,14:00,03:59,0,GAME20210502HTHC0066
2021,2021-05-02,Reg Season,Fukuoka Softbank Hawks,Away,L,4,Orix Buffaloes,4,10,0,"0,0,0,0,0,0,2,2,0",9,Kyocera Dome Osaka,13:00,02:55,0,GAME20210502OBSH0160
2021,2021-05-02,Reg Season,Orix Buffaloes,Home,W,5,Fukuoka Softbank Hawks,5,10,0,"0,0,0,0,2,3,0,0,x",9,Kyocera Dome Osaka,13:00,02:55,0,GAME20210502OBSH0160
2021,2021-05-02,Reg Season,Chiba Lotte Marines,Away,W,6,Tohoku Rakuten Golden Eagles,6,11,1,"0,0,0,1,0,4,0,0,1",9,Rakuten Seimei Park Miyagi,13:00,03:26,7622,GAME20210502RELM0128
2021,2021-05-02,Reg Season,Tohoku Rakuten Golden Eagles,Home,L,5,Chiba Lotte Marines,5,9,0,"0,0,0,3,1,0,1,0,0",9,Rakuten Seimei Park Miyagi,13:00,03:26,7622,GAME20210502RELM0128
2021,2021-05-03,Reg Season,Yokohama DeNA Baystars,Away,W,2,Chunichi Dragons,2,6,1,"0,0,1,0,0,1,0,0,0",7,Vantelin Dome Nagoya,14:00,02:48,9741,GAME20210503CDDB0034
2021,2021-05-03,Reg Season,Chunichi Dragons,Home,L,1,Yokohama DeNA Baystars,1,5,2,"0,0,0,0,0,0,0,1,0",7,Vantelin Dome Nagoya,14:00,02:48,9741,GAME20210503CDDB0034
2021,2021-05-03,Reg Season,Yomiuri Giants,Away,W,3,Hiroshima Toyo Carp,3,8,2,"1,0,0,0,0,1,1,0,0",7,MAZDA Zoom-Zoom Stadium Hiroshima,18:00,03:21,16387,GAME20210503HCYG0073
2021,2021-05-03,Reg Season,Hiroshima Toyo Carp,Home,L,2,Yomiuri Giants,2,9,0,"0,0,2,0,0,0,0,0,0",7,MAZDA Zoom-Zoom Stadium Hiroshima,18:00,03:21,16387,GAME20210503HCYG0073
2021,2021-05-03,Reg Season,Tohoku Rakuten Golden Eagles,Away,W,7,Fukuoka Softbank Hawks,7,10,1,"0,0,0,1,3,0,2,0,1",6,Mizuho PayPay Dome Fukuoka,18:00,03:29,18382,GAME20210503SHRE0147
2021,2021-05-03,Reg Season,Fukuoka Softbank Hawks,Home,L,4,Tohoku Rakuten Golden Eagles,4,9,1,"3,0,0,0,0,0,0,1,0",6,Mizuho PayPay Dome Fukuoka,18:00,03:29,18382,GAME20210503SHRE0147
2021,2021-05-03,Reg Season,Orix Buffaloes,Away,W,6,Saitama Seibu Lions,6,13,1,"0,0,0,0,0,3,0,3,0",7,Belluna Dome,17:45,03:15,13195,GAME20210503SLOB0108
2021,2021-05-03,Reg Season,Saitama Seibu Lions,Home,L,3,Orix Buffaloes,3,8,0,"0,0,0,0,0,0,2,1,0",7,Belluna Dome,17:45,03:15,13195,GAME20210503SLOB0108
2021,2021-05-04,Reg Season,Yokohama DeNA Baystars,Away,L,4,Chunichi Dragons,4,8,0,"0,3,0,0,0,1,0,0,0",8,Vantelin Dome Nagoya,14:00,02:40,9679,GAME20210504CDDB0074
2021,2021-05-04,Reg Season,Chunichi Dragons,Home,W,8,Yokohama DeNA Baystars,8,12,0,"4,0,4,0,0,0,0,0,x",8,Vantelin Dome Nagoya,14:00,02:40,9679,GAME20210504CDDB0074
2021,2021-05-04,Reg Season,Yomiuri Giants,Away,T,1,Hiroshima Toyo Carp,1,9,0,"0,0,0,1,0,0,0,0,0",8,MAZDA Zoom-Zoom Stadium Hiroshima,14:00,02:52,16362,GAME20210504HCYG0109
2021,2021-05-04,Reg Season,Hiroshima Toyo Carp,Home,T,1,Yomiuri Giants,1,6,0,"0,0,0,0,1,0,0,0,0",8,MAZDA Zoom-Zoom Stadium Hiroshima,14:00,02:52,16362,GAME20210504HCYG0109
2021,2021-05-04,Reg Season,Tohoku Rakuten Golden Eagles,Away,L,4,Fukuoka Softbank Hawks,4,6,1,"0,1,0,0,3,0,0,0,0",7,Mizuho PayPay Dome Fukuoka,14:00,03:18,18584,GAME20210504SHRE0185
2021,2021-05-04,Reg Season,Fukuoka Softbank Hawks,Home,W,6,Tohoku Rakuten Golden Eagles,6,9,0,"0,3,2,1,0,0,0,0,x",7,Mizuho PayPay Dome Fukuoka,14:00,03:18,18584,GAME20210504SHRE0185
2021,2021-05-04,Reg Season,Orix Buffaloes,Away,T,6,Saitama Seibu Lions,6,11,0,"2,0,1,0,1,0,0,2,0",8,Belluna Dome,14:00,03:58,11592,GAME20210504SLOB0148
2021,2021-05-04,Reg Season,Saitama Seibu Lions,Home,T,6,Orix Buffaloes,6,15,0,"1,1,0,0,3,1,0,0,0",8,Belluna Dome,14:00,03:58,11592,GAME20210504SLOB0148
2021,2021-05-04,Reg Season,Hanshin Tigers,Away,W,11,Tokyo Yakult Swallows,11,15,1,"0,0,1,0,1,2,1,2,4",6,Meiji Jingu Stadium,14:00,03:30,0,GAME20210504YSHT0035
2021,2021-05-04,Reg Season,Tokyo Yakult Swallows,Home,L,5,Hanshin Tigers,5,9,3,"0,0,0,1,3,0,0,1,0",6,Meiji Jingu Stadium,14:00,03:30,0,GAME20210504YSHT0035
2021,2021-05-05,Reg Season,Yokohama DeNA Baystars,Away,W,4,Chunichi Dragons,4,9,0,"0,0,0,0,0,0,4,0,0",9,Vantelin Dome Nagoya,14:00,02:57,8787,GAME20210505CDDB0075
2021,2021-05-05,Reg Season,Chunichi Dragons,Home,L,0,Yokohama DeNA Baystars,0,5,0,"0,0,0,0,0,0,0,0,0",9,Vantelin Dome Nagoya,14:00,02:57,8787,GAME20210505CDDB0075
2021,2021-05-05,Reg Season,Yomiuri Giants,Away,W,4,Hiroshima Toyo Carp,4,8,0,"0,0,0,1,0,0,1,0,2",9,MAZDA Zoom-Zoom Stadium Hiroshima,13:31,03:10,16395,GAME20210505HCYG0110
2021,2021-05-05,Reg Season,Hiroshima Toyo Carp,Home,L,0,Yomiuri Giants,0,7,0,"0,0,0,0,0,0,0,0,0",9,MAZDA Zoom-Zoom Stadium Hiroshima,13:31,03:10,16395,GAME20210505HCYG0110
2021,2021-05-05,Reg Season,Tohoku Rakuten Golden Eagles,Away,T,5,Fukuoka Softbank Hawks,5,8,0,"0,4,0,1,0,0,0,0,0",8,Mizuho PayPay Dome Fukuoka,13:00,03:28,17902,GAME20210505SHRE0186
2021,2021-05-05,Reg Season,Fukuoka Softbank Hawks,Home,T,5,Tohoku Rakuten Golden Eagles,5,9,0,"0,0,1,0,2,1,0,0,1",8,Mizuho PayPay Dome Fukuoka,13:00,03:28,17902,GAME20210505SHRE0186
2021,2021-05-05,Reg Season,Orix Buffaloes,Away,L,2,Saitama Seibu Lions,2,6,1,"0,0,0,0,0,1,0,1,0",9,Belluna Dome,13:01,03:04,9616,GAME20210505SLOB0149
2021,2021-05-05,Reg Season,Saitama Seibu Lions,Home,W,6,Orix Buffaloes,6,11,0,"1,0,1,0,1,0,3,0,x",9,Belluna Dome,13:01,03:04,9616,GAME20210505SLOB0149
2021,2021-05-05,Reg Season,Hanshin Tigers,Away,T,2,Tokyo Yakult Swallows,2,5,1,"0,0,2,0,0,0,0,0,0",7,Meiji Jingu Stadium,14:00,02:58,0,GAME20210505YSHT0036
2021,2021-05-05,Reg Season,Tokyo Yakult Swallows,Home,T,2,Hanshin Tigers,2,9,0,"0,0,0,0,1,0,0,1,0",7,Meiji Jingu Stadium,14:00,02:58,0,GAME20210505YSHT0036
2021,2021-05-07,Reg Season,Hanshin Tigers,Away,L,6,Yokohama DeNA Baystars,6,12,1,"0,0,1,1,0,1,3,0,0",7,Yokohama Stadium,17:45,03:45,12307,GAME20210507DBHT0076
2021,2021-05-07,Reg Season,Yokohama DeNA Baystars,Home,W,12,Hanshin Tigers,12,14,0,"0,0,0,4,0,2,5,1,x",7,Yokohama Stadium,17:45,03:45,12307,GAME20210507DBHT0076
2021,2021-05-07,Reg Season,Orix Buffaloes,Away,L,5,Chiba Lotte Marines,5,8,1,"0,0,0,0,3,0,1,0,1",7,ZOZO Marine Stadium,17:45,02:59,4631,GAME20210507LMOB0150
2021,2021-05-07,Reg Season,Chiba Lotte Marines,Home,W,7,Orix Buffaloes,7,9,0,"0,0,2,3,0,0,2,0,x",7,ZOZO Marine Stadium,17:45,02:59,4631,GAME20210507LMOB0150
2021,2021-05-07,Reg Season,Tohoku Rakuten Golden Eagles,Away,L,1,Hokkaido Nippon-Ham Fighters,1,6,0,"0,0,0,1,0,0,0,0,0",7,Sapporo Dome,18:01,03:25,5674,GAME20210507NFRE0111
2021,2021-05-07,Reg Season,Hokkaido Nippon-Ham Fighters,Home,W,6,Tohoku Rakuten Golden Eagles,6,9,0,"0,0,1,1,1,3,0,0,x",7,Sapporo Dome,18:01,03:25,5674,GAME20210507NFRE0111
2021,2021-05-07,Reg Season,Saitama Seibu Lions,Away,T,2,Fukuoka Softbank Hawks,2,4,1,"0,0,0,1,0,0,1,0,0",7,Mizuho PayPay Dome Fukuoka,18:00,02:40,11374,GAME20210507SHSL0187
2021,2021-05-07,Reg Season,Fukuoka Softbank Hawks,Home,T,2,Saitama Seibu Lions,2,9,1,"0,1,1,0,0,0,0,0,0",7,Mizuho PayPay Dome Fukuoka,18:00,02:40,11374,GAME20210507SHSL0187
2021,2021-05-07,Reg Season,Tokyo Yakult Swallows,Away,W,6,Yomiuri Giants,6,10,0,"0,0,0,0,1,0,0,4,1",6,Tokyo Dome,18:00,03:21,0,GAME20210507YGYS0037
2021,2021-05-07,Reg Season,Yomiuri Giants,Home,L,4,Tokyo Yakult Swallows,4,8,0,"2,0,1,0,0,0,0,1,0",6,Tokyo Dome,18:00,03:21,0,GAME20210507YGYS0037
2021,2021-05-08,Reg Season,Hiroshima Toyo Carp,Away,W,4,Chunichi Dragons,4,10,0,"0,0,0,1,1,0,2,0,0",7,Vantelin Dome Nagoya,14:00,03:33,7858,GAME20210508CDHC0077
2021,2021-05-08,Reg Season,Chunichi Dragons,Home,L,3,Hiroshima Toyo Carp,3,8,0,"0,0,1,0,1,0,1,0,0",7,Vantelin Dome Nagoya,14:00,03:33,7858,GAME20210508CDHC0077
2021,2021-05-08,Reg Season,Hanshin Tigers,Away,W,4,Yokohama DeNA Baystars,4,8,1,"0,0,0,1,3,0,0,0,0",8,Yokohama Stadium,14:00,02:42,15720,GAME20210508DBHT0038
2021,2021-05-08,Reg Season,Yokohama DeNA Baystars,Home,L,1,Hanshin Tigers,1,7,0,"0,0,0,1,0,0,0,0,0",8,Yokohama Stadium,14:00,02:42,15720,GAME20210508DBHT0038
2021,2021-05-08,Reg Season,Orix Buffaloes,Away,W,5,Chiba Lotte Marines,5,9,1,"0,2,0,0,0,1,0,0,2",8,ZOZO Marine Stadium,14:00,03:13,4939,GAME20210508LMOB0151
2021,2021-05-08,Reg Season,Chiba Lotte Marines,Home,L,2,Orix Buffaloes,2,5,1,"0,0,1,0,0,1,0,0,0",8,ZOZO Marine Stadium,14:00,03:13,4939,GAME20210508LMOB0151
2021,2021-05-08,Reg Season,Tohoku Rakuten Golden Eagles,Away,L,1,Hokkaido Nippon-Ham Fighters,1,4,0,"0,0,0,0,1,0,0,0,0",8,Sapporo Dome,14:00,02:47,13022,GAME20210508NFRE0112
2021,2021-05-08,Reg Season,Hokkaido Nippon-Ham Fighters,Home,W,4,Tohoku Rakuten Golden Eagles,4,9,0,"2,0,0,1,1,0,0,0,x",8,Sapporo Dome,14:00,02:47,13022,GAME20210508NFRE0112
2021,2021-05-08,Reg Season,Saitama Seibu Lions,Away,W,2,Fukuoka Softbank Hawks,2,6,3,"1,0,0,0,1,0,0,0,0",8,Mizuho PayPay Dome Fukuoka,13:01,03:07,17688,GAME20210508SHSL0188
2021,2021-05-08,Reg Season,Fukuoka Softbank Hawks,Home,L,0,Saitama Seibu Lions,0,6,0,"0,0,0,0,0,0,0,0,0",8,Mizuho PayPay Dome Fukuoka,13:01,03:07,17688,GAME20210508SHSL0188
2021,2021-05-09,Reg Season,Hiroshima Toyo Carp,Away,L,0,Chunichi Dragons,0,4,0,"0,0,0,0,0,0,0,0,0",8,Vantelin Dome Nagoya,14:00,02:39,9211,GAME20210509CDHC0113
2021,2021-05-09,Reg Season,Chunichi Dragons,Home,W,2,Hiroshima Toyo Carp,2,4,0,"0,0,0,2,0,0,0,0,x",8,Vantelin Dome Nagoya,14:00,02:39,9211,GAME20210509CDHC0113
2021,2021-05-09,Reg Season,Hanshin Tigers,Away,W,3,Yokohama DeNA Baystars,3,6,1,"0,0,0,0,3,0,0,0,0",9,Yokohama Stadium,14:00,03:17,15427,GAME20210509DBHT0078
2021,2021-05-09,Reg Season,Yokohama DeNA Baystars,Home,L,2,Hanshin Tigers,2,8,0,"1,0,0,0,0,0,1,0,0",9,Yokohama Stadium,14:00,03:17,15427,GAME20210509DBHT0078
2021,2021-05-09,Reg Season,Orix Buffaloes,Away,L,4,Chiba Lotte Marines,4,8,1,"3,0,0,0,0,0,1,0,0",9,ZOZO Marine Stadium,14:00,03:16,4950,GAME20210509LMOB0189
2021,2021-05-09,Reg Season,Chiba Lotte Marines,Home,W,7,Orix Buffaloes,7,11,0,"2,1,1,1,0,0,2,0,x",9,ZOZO Marine Stadium,14:00,03:16,4950,GAME20210509LMOB0189
2021,2021-05-09,Reg Season,Tohoku Rakuten Golden Eagles,Away,W,6,Hokkaido Nippon-Ham Fighters,6,10,1,"0,0,1,0,2,3,0,0,0",9,Sapporo Dome,14:00,03:41,9698,GAME20210509NFRE0152
2021,2021-05-09,Reg Season,Hokkaido Nippon-Ham Fighters,Home,L,3,Tohoku Rakuten Golden Eagles,3,8,2,"0,0,0,2,0,0,1,0,0",9,Sapporo Dome,14:00,03:41,9698,GAME20210509NFRE0152
2021,2021-05-09,Reg Season,Saitama Seibu Lions,Away,L,1,Fukuoka Softbank Hawks,1,4,0,"1,0,0,0,0,0,0,0,0",9,Mizuho PayPay Dome Fukuoka,13:00,03:08,17783,GAME20210509SHSL0217
2021,2021-05-09,Reg Season,Fukuoka Softbank Hawks,Home,W,3,Saitama Seibu Lions,3,10,0,"0,0,0,0,0,1,1,1,x",9,Mizuho PayPay Dome Fukuoka,13:00,03:08,17783,GAME20210509SHSL0217
2021,2021-05-09,Reg Season,Tokyo Yakult Swallows,Away,L,5,Yomiuri Giants,5,10,0,"0,0,1,0,0,0,4,0,0",7,Tokyo Dome,14:00,03:47,0,GAME20210509YGYS0039
2021,2021-05-09,Reg Season,Yomiuri Giants,Home,W,7,Tokyo Yakult Swallows,7,10,1,"0,1,0,1,1,0,0,1,3x",7,Tokyo Dome,14:00,03:47,0,GAME20210509YGYS0039
2021,2021-05-11,Reg Season,Yomiuri Giants,Away,W,4,Yokohama DeNA Baystars,4,8,0,"1,0,0,1,0,0,0,0,2",7,Yokohama Stadium,17:45,02:58,7194,GAME20210511DBYG0040
2021,2021-05-11,Reg Season,Yokohama DeNA Baystars,Home,L,2,Yomiuri Giants,2,6,0,"1,0,0,0,1,0,0,0,0",7,Yokohama Stadium,17:45,02:58,7194,GAME20210511DBYG0040
2021,2021-05-11,Reg Season,Chunichi Dragons,Away,T,4,Hanshin Tigers,4,6,0,"0,2,0,2,0,0,0,0,0",7,Hanshin Koshien Stadium,18:00,03:16,0,GAME20210511HTCD0084
2021,2021-05-11,Reg Season,Hanshin Tigers,Home,T,4,Chunichi Dragons,4,8,0,"1,0,0,2,0,0,1,0,0",7,Hanshin Koshien Stadium,18:00,03:16,0,GAME20210511HTCD0084
2021,2021-05-11,Reg Season,Orix Buffaloes,Away,W,9,Hokkaido Nippon-Ham Fighters,9,11,0,"2,0,2,2,0,3,0,0,0",7,Tokyo Dome,17:45,02:49,0,GAME20210511NFOB0124
2021,2021-05-11,Reg Season,Hokkaido Nippon-Ham Fighters,Home,L,1,Orix Buffaloes,1,6,0,"1,0,0,0,0,0,0,0,0",7,Tokyo Dome,17:45,02:49,0,GAME20210511NFOB0124
2021,2021-05-11,Reg Season,Saitama Seibu Lions,Away,T,3,Tohoku Rakuten Golden Eagles,3,8,0,"2,0,0,1,0,0,0,0,0",7,Rakuten Seimei Park Miyagi,18:00,03:00,5128,GAME20210511RESL0167
2021,2021-05-11,Reg Season,Tohoku Rakuten Golden Eagles,Home,T,3,Saitama Seibu Lions,3,9,1,"2,0,1,0,0,0,0,0,0",7,Rakuten Seimei Park Miyagi,18:00,03:00,5128,GAME20210511RESL0167
2021,2021-05-11,Reg Season,Chiba Lotte Marines,Away,W,4,Fukuoka Softbank Hawks,4,7,1,"1,2,0,1,0,0,0,0,0",7,Mizuho PayPay Dome Fukuoka,18:00,03:23,8513,GAME20210511SHLM0209
2021,2021-05-11,Reg Season,Fukuoka Softbank Hawks,Home,L,1,Chiba Lotte Marines,1,5,0,"0,0,0,0,0,1,0,0,0",7,Mizuho PayPay Dome Fukuoka,18:00,03:23,8513,GAME20210511SHLM0209
2021,2021-05-12,Reg Season,Yomiuri Giants,Away,T,5,Yokohama DeNA Baystars,5,9,0,"3,0,0,0,0,0,0,0,2",8,Yokohama Stadium,17:45,03:17,7469,GAME20210512DBYG0085
2021,2021-05-12,Reg Season,Yokohama DeNA Baystars,Home,T,5,Yomiuri Giants,5,7,0,"0,2,0,0,0,0,0,3,0",8,Yokohama Stadium,17:45,03:17,7469,GAME20210512DBYG0085
2021,2021-05-12,Reg Season,Orix Buffaloes,Away,L,1,Hokkaido Nippon-Ham Fighters,1,7,0,"0,0,0,0,0,0,0,1,0",8,Tokyo Dome,17:45,02:54,5956,GAME20210512NFOB0168
2021,2021-05-12,Reg Season,Hokkaido Nippon-Ham Fighters,Home,W,2,Orix Buffaloes,2,5,0,"0,1,0,0,0,0,1,0,x",8,Tokyo Dome,17:45,02:54,5956,GAME20210512NFOB0168
2021,2021-05-12,Reg Season,Saitama Seibu Lions,Away,L,3,Tohoku Rakuten Golden Eagles,3,8,0,"0,0,0,2,0,0,1,0,0",8,Rakuten Seimei Park Miyagi,14:00,02:55,10124,GAME20210512RESL0210
2021,2021-05-12,Reg Season,Tohoku Rakuten Golden Eagles,Home,W,4,Saitama Seibu Lions,4,6,0,"0,0,0,4,0,0,0,0,x",8,Rakuten Seimei Park Miyagi,14:00,02:55,10124,GAME20210512RESL0210
2021,2021-05-12,Reg Season,Chiba Lotte Marines,Away,T,8,Fukuoka Softbank Hawks,8,8,0,"0,0,0,0,6,0,0,0,2",8,Mizuho PayPay Dome Fukuoka,18:00,03:52,8778,GAME20210512SHLM0242
2021,2021-05-12,Reg Season,Fukuoka Softbank Hawks,Home,T,8,Chiba Lotte Marines,8,10,1,"0,1,2,0,0,0,5,0,0",8,Mizuho PayPay Dome Fukuoka,18:00,03:52,8778,GAME20210512SHLM0242
2021,2021-05-12,Reg Season,Hiroshima Toyo Carp,Away,T,0,Tokyo Yakult Swallows,0,5,0,"0,0,0,0,0,0,0,0,0",7,Meiji Jingu Stadium,17:30,03:06,7979,GAME20210512YSHC0041
2021,2021-05-12,Reg Season,Tokyo Yakult Swallows,Home,T,0,Hiroshima Toyo Carp,0,4,0,"0,0,0,0,0,0,0,0,0",7,Meiji Jingu Stadium,17:30,03:06,7979,GAME20210512YSHC0041
2021,2021-05-13,Reg Season,Chunichi Dragons,Away,L,1,Hanshin Tigers,1,6,0,"0,1,0,0,0,0,0,0,0",8,Hanshin Koshien Stadium,18:00,02:51,6853,GAME20210513HTCD0125
2021,2021-05-13,Reg Season,Hanshin Tigers,Home,W,2,Chunichi Dragons,2,8,0,"0,0,0,0,0,0,1,1,x",8,Hanshin Koshien Stadium,18:00,02:51,6853,GAME20210513HTCD0125
2021,2021-05-14,Reg Season,Tokyo Yakult Swallows,Away,W,4,Chunichi Dragons,4,12,0,"0,1,0,1,0,0,0,1,1",6,Vantelin Dome Nagoya,17:45,03:18,4740,GAME20210514CDYS0086
2021,2021-05-14,Reg Season,Chunichi Dragons,Home,L,1,Tokyo Yakult Swallows,1,10,0,"0,0,0,0,0,0,1,0,0",6,Vantelin Dome Nagoya,17:45,03:18,4740,GAME20210514CDYS0086
2021,2021-05-14,Reg Season,Yokohama DeNA Baystars,Away,L,2,Hiroshima Toyo Carp,2,4,2,"0,0,2,0,0,0,0,0,0",7,MAZDA Zoom-Zoom Stadium Hiroshima,18:01,03:27,15894,GAME20210514HCDB0126
2021,2021-05-14,Reg Season,Hiroshima Toyo Carp,Home,W,9,Yokohama DeNA Baystars,9,11,0,"0,3,0,2,0,0,3,1,x",7,MAZDA Zoom-Zoom Stadium Hiroshima,18:01,03:27,15894,GAME20210514HCDB0126
2021,2021-05-14,Reg Season,Saitama Seibu Lions,Away,T,4,Chiba Lotte Marines,4,10,0,"1,0,0,1,2,0,0,0,0",7,ZOZO Marine Stadium,17:45,03:19,8387,GAME20210514LMSL0211
2021,2021-05-14,Reg Season,Chiba Lotte Marines,Home,T,4,Saitama Seibu Lions,4,11,0,"0,0,0,2,0,0,0,0,2",7,ZOZO Marine Stadium,17:45,03:19,8387,GAME20210514LMSL0211
2021,2021-05-14,Reg Season,Fukuoka Softbank Hawks,Away,W,5,Hokkaido Nippon-Ham Fighters,5,10,0,"0,0,0,0,1,3,1,0,0",7,Sapporo Dome,18:00,03:18,6041,GAME20210514NFSH0169
2021,2021-05-14,Reg Season,Hokkaido Nippon-Ham Fighters,Home,L,2,Fukuoka Softbank Hawks,2,6,1,"0,0,0,0,0,0,2,0,0",7,Sapporo Dome,18:00,03:18,6041,GAME20210514NFSH0169
2021,2021-05-14,Reg Season,Tohoku Rakuten Golden Eagles,Away,L,4,Orix Buffaloes,4,6,2,"0,0,0,0,0,0,3,0,1",6,Kobe Athletic Park Baseball Field,18:01,02:59,4888,GAME20210514OBRE0243
2021,2021-05-14,Reg Season,Orix Buffaloes,Home,W,9,Tohoku Rakuten Golden Eagles,9,13,0,"3,2,0,1,3,0,0,0,x",6,Kobe Athletic Park Baseball Field,18:01,02:59,4888,GAME20210514OBRE0243
2021,2021-05-14,Reg Season,Hanshin Tigers,Away,W,2,Yomiuri Giants,2,7,0,"0,0,0,2,0,0,0,0,0",7,Tokyo Dome,17:45,02:56,13873,GAME20210514YGHT0042
2021,2021-05-14,Reg Season,Yomiuri Giants,Home,L,1,Hanshin Tigers,1,6,0,"0,0,1,0,0,0,0,0,0",7,Tokyo Dome,17:45,02:56,13873,GAME20210514YGHT0042
2021,2021-05-15,Reg Season,Tokyo Yakult Swallows,Away,W,5,Chunichi Dragons,5,11,0,"1,0,0,0,0,1,3,0,0",7,Vantelin Dome Nagoya,14:00,03:10,5038,GAME20210515CDYS0087
2021,2021-05-15,Reg Season,Chunichi Dragons,Home,L,0,Tokyo Yakult Swallows,0,3,0,"0,0,0,0,0,0,0,0,0",7,Vantelin Dome Nagoya,14:00,03:10,5038,GAME20210515CDYS0087
2021,2021-05-15,Reg Season,Saitama Seibu Lions,Away,W,3,Chiba Lotte Marines,3,10,0,"0,0,0,0,0,0,0,3,0",8,ZOZO Marine Stadium,14:00,03:17,11082,GAME20210515LMSL0212
2021,2021-05-15,Reg Season,Chiba Lotte Marines,Home,L,0,Saitama Seibu Lions,0,2,0,"0,0,0,0,0,0,0,0,0",8,ZOZO Marine Stadium,14:00,03:17,11082,GAME20210515LMSL0212
2021,2021-05-15,Reg Season,Fukuoka Softbank Hawks,Away,W,7,Hokkaido Nippon-Ham Fighters,7,8,0,"0,3,3,0,1,0,0,0,0",8,Sapporo Dome,14:00,03:28,12477,GAME20210515NFSH0170
2021,2021-05-15,Reg Season,Hokkaido Nippon-Ham Fighters,Home,L,3,Fukuoka Softbank Hawks,3,6,0,"0,0,0,2,0,0,1,0,0",8,Sapporo Dome,14:00,03:28,12477,GAME20210515NFSH0170
2021,2021-05-15,Reg Season,Tohoku Rakuten Golden Eagles,Away,L,3,Orix Buffaloes,3,10,1,"0,0,1,1,0,0,0,0,1",7,Kobe Athletic Park Baseball Field,15:31,03:29,7795,GAME20210515OBRE0244
2021,2021-05-15,Reg Season,Orix Buffaloes,Home,W,4,Tohoku Rakuten Golden Eagles,4,7,1,"0,0,0,0,0,3,0,1,x",7,Kobe Athletic Park Baseball Field,15:31,03:29,7795,GAME20210515OBRE0244
2021,2021-05-15,Reg Season,Hanshin Tigers,Away,L,3,Yomiuri Giants,3,9,0,"1,0,2,0,0,0,0,0,0",8,Tokyo Dome,17:45,03:10,14957,GAME20210515YGHT0043
2021,2021-05-15,Reg Season,Yomiuri Giants,Home,W,5,Hanshin Tigers,5,10,0,"1,1,0,0,3,0,0,0,x",8,Tokyo Dome,17:45,03:10,14957,GAME20210515YGHT0043
2021,2021-05-16,Reg Season,Tokyo Yakult Swallows,Away,T,2,Chunichi Dragons,2,5,0,"2,0,0,0,0,0,0,0,0",8,Vantelin Dome Nagoya,14:00,03:00,5033,GAME20210516CDYS0088
2021,2021-05-16,Reg Season,Chunichi Dragons,Home,T,2,Tokyo Yakult Swallows,2,12,0,"0,0,0,0,1,0,0,0,1",8,Vantelin Dome Nagoya,14:00,03:00,5033,GAME20210516CDYS0088
2021,2021-05-16,Reg Season,Yokohama DeNA Baystars,Away,T,3,Hiroshima Toyo Carp,3,16,0,"0,0,0,0,0,0,3,0,0",8,MAZDA Zoom-Zoom Stadium Hiroshima,13:30,03:29,15572,GAME20210516HCDB0127
2021,2021-05-16,Reg Season,Hiroshima Toyo Carp,Home,T,3,Yokohama DeNA Baystars,3,10,1,"1,0,0,1,0,0,0,1,0",8,MAZDA Zoom-Zoom Stadium Hiroshima,13:30,03:29,15572,GAME20210516HCDB0127
2021,2021-05-16,Reg Season,Saitama Seibu Lions,Away,T,6,Chiba Lotte Marines,6,9,1,"0,0,3,0,1,0,0,2,0",9,ZOZO Marine Stadium,14:01,03:37,12918,GAME20210516LMSL0213
2021,2021-05-16,Reg Season,Chiba Lotte Marines,Home,T,6,Saitama Seibu Lions,6,10,1,"2,2,0,0,2,0,0,0,0",9,ZOZO Marine Stadium,14:01,03:37,12918,GAME20210516LMSL0213
2021,2021-05-16,Reg Season,Fukuoka Softbank Hawks,Away,T,2,Hokkaido Nippon-Ham Fighters,2,4,0,"0,0,0,0,0,0,2,0,0",9,Sapporo Dome,14:01,04:09,6181,GAME20210516NFSH0171
2021,2021-05-16,Reg Season,Hokkaido Nippon-Ham Fighters,Home,T,2,Fukuoka Softbank Hawks,2,8,0,"0,0,0,0,2,0,0,0,0",9,Sapporo Dome,14:01,04:09,6181,GAME20210516NFSH0171
2021,2021-05-16,Reg Season,Tohoku Rakuten Golden Eagles,Away,W,1,Orix Buffaloes,1,7,0,"0,1,0,0,0,0,0,0,0",8,Kyocera Dome Osaka,14:01,02:34,0,GAME20210516OBRE0245
2021,2021-05-16,Reg Season,Orix Buffaloes,Home,L,0,Tohoku Rakuten Golden Eagles,0,3,0,"0,0,0,0,0,0,0,0,0",8,Kyocera Dome Osaka,14:01,02:34,0,GAME20210516OBRE0245
2021,2021-05-16,Reg Season,Hanshin Tigers,Away,W,6,Yomiuri Giants,6,9,1,"0,0,2,4,0,0,0,0,0",9,Tokyo Dome,14:00,02:52,14269,GAME20210516YGHT0044
2021,2021-05-16,Reg Season,Yomiuri Giants,Home,L,5,Hanshin Tigers,5,8,1,"0,2,0,0,0,3,0,0,0",9,Tokyo Dome,14:00,02:52,14269,GAME20210516YGHT0044
2021,2021-05-18,Reg Season,Chunichi Dragons,Away,W,5,Yokohama DeNA Baystars,5,13,0,"1,2,0,1,1,0,0,0,0",10,Yokohama Stadium,17:45,03:32,6489,GAME20210518DBCD0094
2021,2021-05-18,Reg Season,Yokohama DeNA Baystars,Home,L,1,Chunichi Dragons,1,7,0,"0,0,0,0,0,0,0,1,0",10,Yokohama Stadium,17:45,03:32,6489,GAME20210518DBCD0094
2021,2021-05-18,Reg Season,Tokyo Yakult Swallows,Away,W,14,Hanshin Tigers,14,15,0,"0,2,0,0,3,4,0,3,2",8,Hanshin Koshien Stadium,18:05,04:00,6831,GAME20210518HTYS0137
2021,2021-05-18,Reg Season,Hanshin Tigers,Home,L,3,Tokyo Yakult Swallows,3,6,0,"0,0,0,0,1,2,0,0,0",8,Hanshin Koshien Stadium,18:05,04:00,6831,GAME20210518HTYS0137
2021,2021-05-18,Reg Season,Chiba Lotte Marines,Away,L,5,Orix Buffaloes,5,10,0,"0,2,0,0,2,0,0,0,1",10,Kyocera Dome Osaka,18:00,03:23,0,GAME20210518OBLM0271
2021,2021-05-18,Reg Season,Orix Buffaloes,Home,W,6,Chiba Lotte Marines,6,8,1,"0,1,1,2,0,1,0,1,x",10,Kyocera Dome Osaka,18:00,03:23,0,GAME20210518OBLM0271
2021,2021-05-18,Reg Season,Hokkaido Nippon-Ham Fighters,Away,L,2,Tohoku Rakuten Golden Eagles,2,6,0,"1,0,0,0,1,0,0,0,0",10,Rakuten Seimei Park Miyagi,18:00,03:07,6016,GAME20210518RENF0186
2021,2021-05-18,Reg Season,Tohoku Rakuten Golden Eagles,Home,W,3,Hokkaido Nippon-Ham Fighters,3,6,0,"0,0,0,0,2,0,0,1,x",10,Rakuten Seimei Park Miyagi,18:00,03:07,6016,GAME20210518RENF0186
2021,2021-05-18,Reg Season,Fukuoka Softbank Hawks,Away,W,8,Saitama Seibu Lions,8,10,0,"2,0,0,0,2,0,2,2,0",10,Belluna Dome,17:46,02:49,9749,GAME20210518SLSH0234
2021,2021-05-18,Reg Season,Saitama Seibu Lions,Home,L,2,Fukuoka Softbank Hawks,2,5,0,"0,1,0,0,0,0,0,0,1",10,Belluna Dome,17:46,02:49,9749,GAME20210518SLSH0234
2021,2021-05-18,Reg Season,Hiroshima Toyo Carp,Away,L,2,Yomiuri Giants,2,6,0,"0,0,0,0,2,0,0,0,0",10,Tokyo Dome,17:45,03:15,4250,GAME20210518YGHC0045
2021,2021-05-18,Reg Season,Yomiuri Giants,Home,W,7,Hiroshima Toyo Carp,7,12,0,"0,0,0,0,3,0,3,1,x",10,Tokyo Dome,17:45,03:15,4250,GAME20210518YGHC0045
2021,2021-05-19,Reg Season,Tokyo Yakult Swallows,Away,L,1,Hanshin Tigers,1,3,2,"0,0,0,0,0,0,0,1,0",9,Hanshin Koshien Stadium,18:01,03:03,7002,GAME20210519HTYS0138
2021,2021-05-19,Reg Season,Hanshin Tigers,Home,W,3,Tokyo Yakult Swallows,3,8,0,"0,0,0,0,1,0,1,1,x",9,Hanshin Koshien Stadium,18:01,03:03,7002,GAME20210519HTYS0138
2021,2021-05-19,Reg Season,Chiba Lotte Marines,Away,W,6,Orix Buffaloes,6,9,1,"0,0,1,2,1,2,0,0,0",11,Kyocera Dome Osaka,18:00,03:04,0,GAME20210519OBLM0272
2021,2021-05-19,Reg Season,Orix Buffaloes,Home,L,4,Chiba Lotte Marines,4,7,2,"0,1,0,0,2,0,0,1,0",11,Kyocera Dome Osaka,18:00,03:04,0,GAME20210519OBLM0272
2021,2021-05-19,Reg Season,Hokkaido Nippon-Ham Fighters,Away,L,2,Tohoku Rakuten Golden Eagles,2,2,1,"0,0,0,0,0,2,0,0,0",11,Rakuten Seimei Park Miyagi,18:00,03:02,7035,GAME20210519RENF0187
2021,2021-05-19,Reg Season,Tohoku Rakuten Golden Eagles,Home,W,3,Hokkaido Nippon-Ham Fighters,3,9,1,"0,0,2,0,1,0,0,0,x",11,Rakuten Seimei Park Miyagi,18:00,03:02,7035,GAME20210519RENF0187
2021,2021-05-19,Reg Season,Fukuoka Softbank Hawks,Away,W,6,Saitama Seibu Lions,6,6,3,"0,1,0,1,3,0,0,0,1",11,Belluna Dome,17:45,04:10,7167,GAME20210519SLSH0235
2021,2021-05-19,Reg Season,Saitama Seibu Lions,Home,L,5,Fukuoka Softbank Hawks,5,8,2,"1,0,0,1,0,1,2,0,0",11,Belluna Dome,17:45,04:10,7167,GAME20210519SLSH0235
2021,2021-05-19,Reg Season,Hiroshima Toyo Carp,Away,W,10,Yomiuri Giants,10,11,0,"0,0,0,0,1,9,0,0,0",11,Tokyo Dome,17:45,03:00,4550,GAME20210519YGHC0046
2021,2021-05-19,Reg Season,Yomiuri Giants,Home,L,2,Hiroshima Toyo Carp,2,6,1,"0,0,0,1,0,1,0,0,0",11,Tokyo Dome,17:45,03:00,4550,GAME20210519YGHC0046
2021,2021-05-20,Reg Season,Hokkaido Nippon-Ham Fighters,Away,W,4,Tohoku Rakuten Golden Eagles,4,9,0,"0,1,0,0,0,0,0,3,0",12,Rakuten Seimei Park Miyagi,18:00,03:38,8448,GAME20210520RENF0139
2021,2021-05-20,Reg Season,Tohoku Rakuten Golden Eagles,Home,L,1,Hokkaido Nippon-Ham Fighters,1,7,0,"0,0,1,0,0,0,0,0,0",12,Rakuten Seimei Park Miyagi,18:00,03:38,8448,GAME20210520RENF0139
2021,2021-05-20,Reg Season,Fukuoka Softbank Hawks,Away,L,2,Saitama Seibu Lions,2,9,0,"0,0,0,0,1,0,1,0,0",12,Belluna Dome,17:45,03:05,7587,GAME20210520SLSH0188
2021,2021-05-20,Reg Season,Saitama Seibu Lions,Home,W,7,Fukuoka Softbank Hawks,7,13,0,"0,1,0,0,1,1,4,0,x",12,Belluna Dome,17:45,03:05,7587,GAME20210520SLSH0188
2021,2021-05-21,Reg Season,Yomiuri Giants,Away,T,1,Chunichi Dragons,1,4,0,"0,0,0,0,1,0,0,0,0",9,Vantelin Dome Nagoya,17:45,02:57,5183,GAME20210521CDYG0095
2021,2021-05-21,Reg Season,Chunichi Dragons,Home,T,1,Yomiuri Giants,1,8,0,"0,0,0,0,0,0,1,0,0",9,Vantelin Dome Nagoya,17:45,02:57,5183,GAME20210521CDYG0095
2021,2021-05-21,Reg Season,Tohoku Rakuten Golden Eagles,Away,W,13,Chiba Lotte Marines,13,15,1,"0,0,0,1,5,0,2,3,2",10,ZOZO Marine Stadium,17:45,04:16,7742,GAME20210521LMRE0236
2021,2021-05-21,Reg Season,Chiba Lotte Marines,Home,L,6,Tohoku Rakuten Golden Eagles,6,12,2,"0,0,0,0,0,4,2,0,0",10,ZOZO Marine Stadium,17:45,04:16,7742,GAME20210521LMRE0236
2021,2021-05-21,Reg Season,Hokkaido Nippon-Ham Fighters,Away,L,1,Saitama Seibu Lions,1,6,1,"0,0,0,0,1,0,0,0,0",7,Belluna Dome,17:46,03:18,7657,GAME20210521SLNF0189
2021,2021-05-21,Reg Season,Saitama Seibu Lions,Home,W,7,Hokkaido Nippon-Ham Fighters,7,11,0,"0,1,0,0,5,0,0,1,x",7,Belluna Dome,17:46,03:18,7657,GAME20210521SLNF0189
2021,2021-05-21,Reg Season,Yokohama DeNA Baystars,Away,W,5,Tokyo Yakult Swallows,5,10,1,"0,1,1,1,0,0,0,0,2",10,Meiji Jingu Stadium,17:30,03:16,4955,GAME20210521YSDB0047
2021,2021-05-21,Reg Season,Tokyo Yakult Swallows,Home,L,3,Yokohama DeNA Baystars,3,9,0,"0,0,0,2,0,0,0,1,0",10,Meiji Jingu Stadium,17:30,03:16,4955,GAME20210521YSDB0047
2021,2021-05-22,Reg Season,Yomiuri Giants,Away,W,5,Chunichi Dragons,5,10,0,"0,1,3,0,0,1,0,0,0",10,Vantelin Dome Nagoya,14:00,03:14,5192,GAME20210522CDYG0096
2021,2021-05-22,Reg Season,Chunichi Dragons,Home,L,4,Yomiuri Giants,4,10,1,"0,0,0,0,0,2,0,2,0",10,Vantelin Dome Nagoya,14:00,03:14,5192,GAME20210522CDYG0096
2021,2021-05-22,Reg Season,Tohoku Rakuten Golden Eagles,Away,L,1,Chiba Lotte Marines,1,5,0,"0,0,0,0,0,1,0,0,0",11,ZOZO Marine Stadium,14:00,03:01,11788,GAME20210522LMRE0190
2021,2021-05-22,Reg Season,Chiba Lotte Marines,Home,W,3,Tohoku Rakuten Golden Eagles,3,8,0,"0,0,1,0,0,0,0,2,x",11,ZOZO Marine Stadium,14:00,03:01,11788,GAME20210522LMRE0190
2021,2021-05-22,Reg Season,Orix Buffaloes,Away,L,2,Fukuoka Softbank Hawks,2,4,0,"0,0,0,0,0,0,0,0,2",10,Mizuho PayPay Dome Fukuoka,13:01,02:55,0,GAME20210522SHOB0237
2021,2021-05-22,Reg Season,Fukuoka Softbank Hawks,Home,W,7,Orix Buffaloes,7,12,1,"3,0,1,0,0,3,0,0,x",10,Mizuho PayPay Dome Fukuoka,13:01,02:55,0,GAME20210522SHOB0237
2021,2021-05-22,Reg Season,Hokkaido Nippon-Ham Fighters,Away,L,1,Saitama Seibu Lions,1,8,0,"0,0,0,1,0,0,0,0,0",8,Belluna Dome,14:00,03:09,10047,GAME20210522SLNF0140
2021,2021-05-22,Reg Season,Saitama Seibu Lions,Home,W,8,Hokkaido Nippon-Ham Fighters,8,8,0,"0,0,0,0,5,0,0,3,x",8,Belluna Dome,14:00,03:09,10047,GAME20210522SLNF0140
2021,2021-05-22,Reg Season,Yokohama DeNA Baystars,Away,L,0,Tokyo Yakult Swallows,0,4,0,"0,0,0,0,0,0,0,0,0",11,Meiji Jingu Stadium,17:30,02:29,4976,GAME20210522YSDB0048
2021,2021-05-22,Reg Season,Tokyo Yakult Swallows,Home,W,1,Yokohama DeNA Baystars,1,3,0,"0,0,1,0,0,0,0,0,x",11,Meiji Jingu Stadium,17:30,02:29,4976,GAME20210522YSDB0048
2021,2021-05-23,Reg Season,Yomiuri Giants,Away,L,1,Chunichi Dragons,1,5,0,"0,0,1,0,0,0,0,0,0",11,Vantelin Dome Nagoya,14:00,02:54,5282,GAME20210523CDYG0097
2021,2021-05-23,Reg Season,Chunichi Dragons,Home,W,4,Yomiuri Giants,4,9,0,"0,3,0,0,0,0,1,0,x",11,Vantelin Dome Nagoya,14:00,02:54,5282,GAME20210523CDYG0097
2021,2021-05-23,Reg Season,Tohoku Rakuten Golden Eagles,Away,W,6,Chiba Lotte Marines,6,9,0,"0,1,0,0,0,5,0,0,0",12,ZOZO Marine Stadium,14:00,03:21,10605,GAME20210523LMRE0191
2021,2021-05-23,Reg Season,Chiba Lotte Marines,Home,L,5,Tohoku Rakuten Golden Eagles,5,10,0,"0,0,1,1,0,0,3,0,0",12,ZOZO Marine Stadium,14:00,03:21,10605,GAME20210523LMRE0191
2021,2021-05-23,Reg Season,Orix Buffaloes,Away,L,2,Fukuoka Softbank Hawks,2,5,0,"0,0,0,0,0,0,1,0,1",11,Mizuho PayPay Dome Fukuoka,14:01,02:52,0,GAME20210523SHOB0238
2021,2021-05-23,Reg Season,Fukuoka Softbank Hawks,Home,W,7,Orix Buffaloes,7,11,1,"1,0,1,1,0,0,4,0,x",11,Mizuho PayPay Dome Fukuoka,14:01,02:52,0,GAME20210523SHOB0238
2021,2021-05-23,Reg Season,Hokkaido Nippon-Ham Fighters,Away,W,10,Saitama Seibu Lions,10,13,0,"0,0,3,0,0,2,1,4,0",9,Belluna Dome,14:00,03:24,9127,GAME20210523SLNF0141
2021,2021-05-23,Reg Season,Saitama Seibu Lions,Home,L,3,Hokkaido Nippon-Ham Fighters,3,10,0,"0,0,0,0,0,0,0,0,3",9,Belluna Dome,14:00,03:24,9127,GAME20210523SLNF0141
2021,2021-05-23,Reg Season,Yokohama DeNA Baystars,Away,L,5,Tokyo Yakult Swallows,5,10,1,"1,0,0,0,0,1,0,0,3",12,Meiji Jingu Stadium,17:30,03:11,4989,GAME20210523YSDB0049
2021,2021-05-23,Reg Season,Tokyo Yakult Swallows,Home,W,10,Yokohama DeNA Baystars,10,11,1,"3,0,1,0,4,0,2,0,x",12,Meiji Jingu Stadium,17:30,03:11,4989,GAME20210523YSDB0049
2021,2021-05-25,Reg Season,Fukuoka Softbank Hawks,Away,L,0,Chunichi Dragons,0,7,0,"0,0,0,0,0,0,0,0,0",1,Vantelin Dome Nagoya,17:45,02:44,4994,GAME20210525CDSH0207
2021,2021-05-25,Reg Season,Chunichi Dragons,Home,W,2,Fukuoka Softbank Hawks,2,9,0,"0,0,2,0,0,0,0,0,x",1,Vantelin Dome Nagoya,17:45,02:44,4994,GAME20210525CDSH0207
2021,2021-05-25,Reg Season,Orix Buffaloes,Away,L,3,Yokohama DeNA Baystars,3,11,0,"0,0,0,0,0,1,0,2,0",1,Yokohama Stadium,17:45,02:58,4958,GAME20210525DBOB0152
2021,2021-05-25,Reg Season,Yokohama DeNA Baystars,Home,W,10,Orix Buffaloes,10,12,0,"0,3,0,2,3,0,0,2,x",1,Yokohama Stadium,17:45,02:58,4958,GAME20210525DBOB0152
2021,2021-05-25,Reg Season,Chiba Lotte Marines,Away,W,5,Hanshin Tigers,5,12,1,"1,0,0,0,0,0,1,3,0",1,Hanshin Koshien Stadium,18:00,03:26,7086,GAME20210525HTLM0259
2021,2021-05-25,Reg Season,Hanshin Tigers,Home,L,3,Chiba Lotte Marines,3,7,1,"0,0,3,0,0,0,0,0,0",1,Hanshin Koshien Stadium,18:00,03:26,7086,GAME20210525HTLM0259
2021,2021-05-25,Reg Season,Tohoku Rakuten Golden Eagles,Away,L,4,Yomiuri Giants,4,8,1,"0,0,0,4,0,0,0,0,0",1,Tokyo Dome,17:45,03:13,10329,GAME20210525YGRE0050
2021,2021-05-25,Reg Season,Yomiuri Giants,Home,W,9,Tohoku Rakuten Golden Eagles,9,17,1,"0,1,1,3,0,0,4,0,x",1,Tokyo Dome,17:45,03:13,10329,GAME20210525YGRE0050
2021,2021-05-25,Reg Season,Hokkaido Nippon-Ham Fighters,Away,W,4,Tokyo Yakult Swallows,4,7,1,"0,0,2,0,0,0,2,0,0",1,Meiji Jingu Stadium,17:30,03:18,4975,GAME20210525YSNF0103
2021,2021-05-25,Reg Season,Tokyo Yakult Swallows,Home,L,2,Hokkaido Nippon-Ham Fighters,2,4,0,"0,0,0,0,1,0,0,1,0",1,Meiji Jingu Stadium,17:30,03:18,4975,GAME20210525YSNF0103
2021,2021-05-26,Reg Season,Fukuoka Softbank Hawks,Away,L,3,Chunichi Dragons,3,9,0,"1,0,0,0,0,0,0,2,0",2,Vantelin Dome Nagoya,17:45,03:22,4977,GAME20210526CDSH0208
2021,2021-05-26,Reg Season,Chunichi Dragons,Home,W,4,Fukuoka Softbank Hawks,4,10,0,"0,0,0,0,1,2,0,1,x",2,Vantelin Dome Nagoya,17:45,03:22,4977,GAME20210526CDSH0208
2021,2021-05-26,Reg Season,Orix Buffaloes,Away,W,14,Yokohama DeNA Baystars,14,18,0,"2,5,0,3,2,0,2,0,0",2,Yokohama Stadium,17:45,03:30,4963,GAME20210526DBOB0153
2021,2021-05-26,Reg Season,Yokohama DeNA Baystars,Home,L,5,Orix Buffaloes,5,9,2,"0,0,0,2,0,1,0,1,1",2,Yokohama Stadium,17:45,03:30,4963,GAME20210526DBOB0153
2021,2021-05-26,Reg Season,Chiba Lotte Marines,Away,L,2,Hanshin Tigers,2,5,1,"0,0,0,0,0,0,0,1,1",2,Hanshin Koshien Stadium,18:00,02:36,7115,GAME20210526HTLM0260
2021,2021-05-26,Reg Season,Hanshin Tigers,Home,W,3,Chiba Lotte Marines,3,5,1,"0,0,2,0,1,0,0,0,x",2,Hanshin Koshien Stadium,18:00,02:36,7115,GAME20210526HTLM0260
2021,2021-05-26,Reg Season,Tohoku Rakuten Golden Eagles,Away,L,2,Yomiuri Giants,2,7,0,"0,1,0,0,0,1,0,0,0",2,Tokyo Dome,17:45,02:46,9778,GAME20210526YGRE0051
2021,2021-05-26,Reg Season,Yomiuri Giants,Home,W,5,Tohoku Rakuten Golden Eagles,5,9,0,"0,0,0,5,0,0,0,0,x",2,Tokyo Dome,17:45,02:46,9778,GAME20210526YGRE0051
2021,2021-05-26,Reg Season,Hokkaido Nippon-Ham Fighters,Away,L,3,Tokyo Yakult Swallows,3,6,1,"1,0,1,0,0,1,0,0,0",2,Meiji Jingu Stadium,17:30,03:36,4955,GAME20210526YSNF0104
2021,2021-05-26,Reg Season,Tokyo Yakult Swallows,Home,W,4,Hokkaido Nippon-Ham Fighters,4,11,1,"3,0,1,0,0,0,0,0,x",2,Meiji Jingu Stadium,17:30,03:36,4955,GAME20210526YSNF0104
2021,2021-05-27,Reg Season,Fukuoka Softbank Hawks,Away,T,3,Chunichi Dragons,3,6,0,"3,0,0,0,0,0,0,0,0",3,Vantelin Dome Nagoya,17:45,03:21,4983,GAME20210527CDSH0209
2021,2021-05-27,Reg Season,Chunichi Dragons,Home,T,3,Fukuoka Softbank Hawks,3,4,0,"0,0,0,3,0,0,0,0,0",3,Vantelin Dome Nagoya,17:45,03:21,4983,GAME20210527CDSH0209
2021,2021-05-27,Reg Season,Orix Buffaloes,Away,L,8,Yokohama DeNA Baystars,8,11,0,"2,0,0,4,0,1,0,0,1",3,Yokohama Stadium,17:45,03:37,4883,GAME20210527DBOB0154
2021,2021-05-27,Reg Season,Yokohama DeNA Baystars,Home,W,11,Orix Buffaloes,11,15,1,"4,0,3,0,2,1,0,1,x",3,Yokohama Stadium,17:45,03:37,4883,GAME20210527DBOB0154
2021,2021-05-27,Reg Season,Saitama Seibu Lions,Away,T,4,Hiroshima Toyo Carp,4,11,1,"3,1,0,0,0,0,0,0,0",1,MAZDA Zoom-Zoom Stadium Hiroshima,18:00,03:31,13206,GAME20210527HCSL0298
2021,2021-05-27,Reg Season,Hiroshima Toyo Carp,Home,T,4,Saitama Seibu Lions,4,14,1,"0,1,0,0,0,2,1,0,0",1,MAZDA Zoom-Zoom Stadium Hiroshima,18:00,03:31,13206,GAME20210527HCSL0298
2021,2021-05-27,Reg Season,Chiba Lotte Marines,Away,W,6,Hanshin Tigers,6,9,1,"1,0,0,0,1,3,0,1,0",3,Hanshin Koshien Stadium,18:00,03:05,7061,GAME20210527HTLM0261
2021,2021-05-27,Reg Season,Hanshin Tigers,Home,L,4,Chiba Lotte Marines,4,8,1,"0,2,1,0,1,0,0,0,0",3,Hanshin Koshien Stadium,18:00,03:05,7061,GAME20210527HTLM0261
2021,2021-05-27,Reg Season,Tohoku Rakuten Golden Eagles,Away,W,2,Yomiuri Giants,2,5,0,"0,0,0,1,1,0,0,0,0",3,Tokyo Dome,17:45,03:04,8953,GAME20210527YGRE0052
2021,2021-05-27,Reg Season,Yomiuri Giants,Home,L,0,Tohoku Rakuten Golden Eagles,0,3,2,"0,0,0,0,0,0,0,0,0",3,Tokyo Dome,17:45,03:04,8953,GAME20210527YGRE0052
2021,2021-05-27,Reg Season,Hokkaido Nippon-Ham Fighters,Away,L,2,Tokyo Yakult Swallows,2,6,1,"1,1,0,0,0,0,0,0,0",3,Meiji Jingu Stadium,17:32,02:56,4879,GAME20210527YSNF0105
2021,2021-05-27,Reg Season,Tokyo Yakult Swallows,Home,W,5,Hokkaido Nippon-Ham Fighters,5,8,0,"0,0,1,0,2,0,0,2,x",3,Meiji Jingu Stadium,17:32,02:56,4879,GAME20210527YSNF0105
2021,2021-05-28,Reg Season,Hiroshima Toyo Carp,Away,W,10,Chiba Lotte Marines,10,16,0,"0,0,2,3,2,1,2,0,0",1,ZOZO Marine Stadium,17:45,03:35,7165,GAME20210528LMHC0210
2021,2021-05-28,Reg Season,Chiba Lotte Marines,Home,L,8,Hiroshima Toyo Carp,8,6,3,"2,0,0,0,3,0,0,3,0",1,ZOZO Marine Stadium,17:45,03:35,7165,GAME20210528LMHC0210
2021,2021-05-28,Reg Season,Chunichi Dragons,Away,L,1,Hokkaido Nippon-Ham Fighters,1,5,0,"0,0,0,0,0,0,1,0,0",1,Sapporo Dome,18:01,03:13,5390,GAME20210528NFCD0053
2021,2021-05-28,Reg Season,Hokkaido Nippon-Ham Fighters,Home,W,10,Chunichi Dragons,10,16,0,"2,0,1,3,4,0,0,0,x",1,Sapporo Dome,18:01,03:13,5390,GAME20210528NFCD0053
2021,2021-05-28,Reg Season,Tokyo Yakult Swallows,Away,L,2,Orix Buffaloes,2,6,0,"0,0,0,2,0,0,0,0,0",1,Kyocera Dome Osaka,18:00,02:59,0,GAME20210528OBYS0262
2021,2021-05-28,Reg Season,Orix Buffaloes,Home,W,9,Tokyo Yakult Swallows,9,12,0,"5,0,3,0,0,1,0,0,x",1,Kyocera Dome Osaka,18:00,02:59,0,GAME20210528OBYS0262
2021,2021-05-28,Reg Season,Yokohama DeNA Baystars,Away,W,7,Tohoku Rakuten Golden Eagles,7,11,0,"2,0,0,0,0,3,1,1,0",1,Rakuten Seimei Park Miyagi,18:00,04:02,10822,GAME20210528REDB0106
2021,2021-05-28,Reg Season,Tohoku Rakuten Golden Eagles,Home,L,6,Yokohama DeNA Baystars,6,10,1,"0,1,0,3,0,0,1,0,1",1,Rakuten Seimei Park Miyagi,18:00,04:02,10822,GAME20210528REDB0106
2021,2021-05-28,Reg Season,Yomiuri Giants,Away,L,3,Fukuoka Softbank Hawks,3,6,0,"2,0,0,0,0,1,0,0,0",1,Mizuho PayPay Dome Fukuoka,18:00,02:55,0,GAME20210528SHYG0299
2021,2021-05-28,Reg Season,Fukuoka Softbank Hawks,Home,W,9,Yomiuri Giants,9,11,1,"2,1,2,0,4,0,0,0,x",1,Mizuho PayPay Dome Fukuoka,18:00,02:55,0,GAME20210528SHYG0299
2021,2021-05-28,Reg Season,Hanshin Tigers,Away,W,10,Saitama Seibu Lions,10,11,2,"0,1,1,0,0,2,1,0,5",1,Belluna Dome,17:46,03:50,4751,GAME20210528SLHT0155
2021,2021-05-28,Reg Season,Saitama Seibu Lions,Home,L,7,Hanshin Tigers,7,12,0,"0,0,0,0,2,2,3,0,0",1,Belluna Dome,17:46,03:50,4751,GAME20210528SLHT0155
2021,2021-05-29,Reg Season,Hiroshima Toyo Carp,Away,L,3,Chiba Lotte Marines,3,8,0,"0,1,0,0,0,1,1,0,0",2,ZOZO Marine Stadium,14:00,03:47,9881,GAME20210529LMHC0211
2021,2021-05-29,Reg Season,Chiba Lotte Marines,Home,W,7,Hiroshima Toyo Carp,7,11,0,"0,0,1,0,2,1,0,3,x",2,ZOZO Marine Stadium,14:00,03:47,9881,GAME20210529LMHC0211
2021,2021-05-29,Reg Season,Chunichi Dragons,Away,W,7,Hokkaido Nippon-Ham Fighters,7,11,0,"1,0,0,0,2,1,0,3,0",2,Sapporo Dome,14:00,03:20,8327,GAME20210529NFCD0054
2021,2021-05-29,Reg Season,Hokkaido Nippon-Ham Fighters,Home,L,4,Chunichi Dragons,4,7,1,"0,0,2,0,0,2,0,0,0",2,Sapporo Dome,14:00,03:20,8327,GAME20210529NFCD0054
2021,2021-05-29,Reg Season,Tokyo Yakult Swallows,Away,W,7,Orix Buffaloes,7,12,1,"2,3,0,0,1,0,0,1,0",2,Kyocera Dome Osaka,14:01,03:27,0,GAME20210529OBYS0263
2021,2021-05-29,Reg Season,Orix Buffaloes,Home,L,4,Tokyo Yakult Swallows,4,11,0,"0,0,0,0,0,0,3,1,0",2,Kyocera Dome Osaka,14:01,03:27,0,GAME20210529OBYS0263
2021,2021-05-29,Reg Season,Yokohama DeNA Baystars,Away,T,1,Tohoku Rakuten Golden Eagles,1,7,0,"0,0,0,0,0,1,0,0,0",2,Rakuten Seimei Park Miyagi,14:01,03:00,13057,GAME20210529REDB0107
2021,2021-05-29,Reg Season,Tohoku Rakuten Golden Eagles,Home,T,1,Yokohama DeNA Baystars,1,6,1,"0,0,0,0,0,0,1,0,0",2,Rakuten Seimei Park Miyagi,14:01,03:00,13057,GAME20210529REDB0107
2021,2021-05-29,Reg Season,Yomiuri Giants,Away,L,3,Fukuoka Softbank Hawks,3,8,0,"2,0,0,0,0,1,0,0,0",2,Mizuho PayPay Dome Fukuoka,14:00,02:44,0,GAME20210529SHYG0300
2021,2021-05-29,Reg Season,Fukuoka Softbank Hawks,Home,W,8,Yomiuri Giants,8,8,0,"0,2,0,2,3,1,0,0,x",2,Mizuho PayPay Dome Fukuoka,14:00,02:44,0,GAME20210529SHYG0300
2021,2021-05-29,Reg Season,Hanshin Tigers,Away,L,0,Saitama Seibu Lions,0,4,0,"0,0,0,0,0,0,0,0,0",2,Belluna Dome,17:45,03:15,4810,GAME20210529SLHT0156
2021,2021-05-29,Reg Season,Saitama Seibu Lions,Home,W,1,Hanshin Tigers,1,6,0,"0,1,0,0,0,0,0,0,x",2,Belluna Dome,17:45,03:15,4810,GAME20210529SLHT0156
2021,2021-05-30,Reg Season,Hiroshima Toyo Carp,Away,L,1,Chiba Lotte Marines,1,6,1,"0,0,0,0,0,1,0,0,0",3,ZOZO Marine Stadium,14:00,03:09,8616,GAME20210530LMHC0248
2021,2021-05-30,Reg Season,Chiba Lotte Marines,Home,W,7,Hiroshima Toyo Carp,7,9,0,"0,2,1,1,0,3,0,0,x",3,ZOZO Marine Stadium,14:00,03:09,8616,GAME20210530LMHC0248
2021,2021-05-30,Reg Season,Chunichi Dragons,Away,W,4,Hokkaido Nippon-Ham Fighters,4,10,0,"0,1,0,1,1,0,0,0,1",3,Sapporo Dome,14:00,03:07,6258,GAME20210530NFCD0055
2021,2021-05-30,Reg Season,Hokkaido Nippon-Ham Fighters,Home,L,1,Chunichi Dragons,1,6,1,"0,0,0,1,0,0,0,0,0",3,Sapporo Dome,14:00,03:07,6258,GAME20210530NFCD0055
2021,2021-05-30,Reg Season,Tokyo Yakult Swallows,Away,L,7,Orix Buffaloes,7,9,1,"0,0,0,2,0,2,3,0,0",3,Kyocera Dome Osaka,13:00,04:01,0,GAME20210530OBYS0312
2021,2021-05-30,Reg Season,Orix Buffaloes,Home,W,8,Tokyo Yakult Swallows,8,12,3,"2,1,0,2,0,0,0,3,x",3,Kyocera Dome Osaka,13:00,04:01,0,GAME20210530OBYS0312
2021,2021-05-30,Reg Season,Yokohama DeNA Baystars,Away,L,1,Tohoku Rakuten Golden Eagles,1,7,1,"0,0,0,1,0,0,0,0,0",3,Rakuten Seimei Park Miyagi,13:02,03:12,12426,GAME20210530REDB0120
2021,2021-05-30,Reg Season,Tohoku Rakuten Golden Eagles,Home,W,5,Yokohama DeNA Baystars,5,12,0,"0,0,1,0,0,0,2,2,x",3,Rakuten Seimei Park Miyagi,13:02,03:12,12426,GAME20210530REDB0120
2021,2021-05-30,Reg Season,Yomiuri Giants,Away,W,4,Fukuoka Softbank Hawks,4,7,0,"2,0,0,0,1,0,0,1,0",3,Mizuho PayPay Dome Fukuoka,14:00,03:33,0,GAME20210530SHYG0361
2021,2021-05-30,Reg Season,Fukuoka Softbank Hawks,Home,L,3,Yomiuri Giants,3,12,1,"0,2,0,0,0,0,0,0,1",3,Mizuho PayPay Dome Fukuoka,14:00,03:33,0,GAME20210530SHYG0361
2021,2021-05-30,Reg Season,Hanshin Tigers,Away,W,9,Saitama Seibu Lions,9,15,0,"0,2,1,2,2,0,2,0,0",3,Belluna Dome,13:00,03:55,4763,GAME20210530SLHT0181
2021,2021-05-30,Reg Season,Saitama Seibu Lions,Home,L,8,Hanshin Tigers,8,11,3,"0,3,2,0,0,0,3,0,0",3,Belluna Dome,13:00,03:55,4763,GAME20210530SLHT0181
2021,2021-06-01,Reg Season,Chiba Lotte Marines,Away,L,0,Chunichi Dragons,0,1,0,"0,0,0,0,0,0,0,0,0",1,Vantelin Dome Nagoya,17:45,02:12,6136,GAME20210601CDLM0249
2021,2021-06-01,Reg Season,Chunichi Dragons,Home,W,1,Chiba Lotte Marines,1,8,0,"1,0,0,0,0,0,0,0,x",1,Vantelin Dome Nagoya,17:45,02:12,6136,GAME20210601CDLM0249
2021,2021-06-01,Reg Season,Fukuoka Softbank Hawks,Away,L,3,Yokohama DeNA Baystars,3,6,0,"0,0,2,1,0,0,0,0,0",1,Yokohama Stadium,17:45,03:15,15498,GAME20210601DBSH0182
2021,2021-06-01,Reg Season,Yokohama DeNA Baystars,Home,W,4,Fukuoka Softbank Hawks,4,10,1,"0,1,0,0,0,0,0,3,x",1,Yokohama Stadium,17:45,03:15,15498,GAME20210601DBSH0182
2021,2021-06-01,Reg Season,Hokkaido Nippon-Ham Fighters,Away,W,7,Hiroshima Toyo Carp,7,10,1,"3,0,2,1,1,0,0,0,0",1,MAZDA Zoom-Zoom Stadium Hiroshima,18:00,03:18,14124,GAME20210601HCNF0362
2021,2021-06-01,Reg Season,Hiroshima Toyo Carp,Home,L,3,Hokkaido Nippon-Ham Fighters,3,11,0,"0,0,0,1,0,0,2,0,0",1,MAZDA Zoom-Zoom Stadium Hiroshima,18:00,03:18,14124,GAME20210601HCNF0362
2021,2021-06-01,Reg Season,Orix Buffaloes,Away,W,5,Hanshin Tigers,5,9,1,"0,1,0,1,0,0,0,3,0",1,Hanshin Koshien Stadium,18:01,03:28,7130,GAME20210601HTOB0313
2021,2021-06-01,Reg Season,Hanshin Tigers,Home,L,2,Orix Buffaloes,2,6,2,"0,0,0,0,2,0,0,0,0",1,Hanshin Koshien Stadium,18:01,03:28,7130,GAME20210601HTOB0313
2021,2021-06-01,Reg Season,Saitama Seibu Lions,Away,T,4,Yomiuri Giants,4,7,0,"0,0,0,0,0,0,1,0,3",1,Tokyo Dome,17:45,03:11,11625,GAME20210601YGSL0056
2021,2021-06-01,Reg Season,Yomiuri Giants,Home,T,4,Saitama Seibu Lions,4,7,0,"0,0,0,1,3,0,0,0,0",1,Tokyo Dome,17:45,03:11,11625,GAME20210601YGSL0056
2021,2021-06-01,Reg Season,Tohoku Rakuten Golden Eagles,Away,L,4,Tokyo Yakult Swallows,4,9,0,"1,0,3,0,0,0,0,0,0",1,Meiji Jingu Stadium,17:30,03:12,7809,GAME20210601YSRE0121
2021,2021-06-01,Reg Season,Tokyo Yakult Swallows,Home,W,7,Tohoku Rakuten Golden Eagles,7,9,0,"0,1,0,0,1,0,5,0,x",1,Meiji Jingu Stadium,17:30,03:12,7809,GAME20210601YSRE0121
2021,2021-06-02,Reg Season,Chiba Lotte Marines,Away,T,2,Chunichi Dragons,2,6,0,"0,0,0,0,0,0,0,0,2",2,Vantelin Dome Nagoya,17:45,03:18,6251,GAME20210602CDLM0250
2021,2021-06-02,Reg Season,Chunichi Dragons,Home,T,2,Chiba Lotte Marines,2,8,0,"0,0,1,0,0,1,0,0,0",2,Vantelin Dome Nagoya,17:45,03:18,6251,GAME20210602CDLM0250
2021,2021-06-02,Reg Season,Fukuoka Softbank Hawks,Away,T,1,Yokohama DeNA Baystars,1,6,0,"0,0,0,0,0,1,0,0,0",2,Yokohama Stadium,17:45,03:09,14264,GAME20210602DBSH0183
2021,2021-06-02,Reg Season,Yokohama DeNA Baystars,Home,T,1,Fukuoka Softbank Hawks,1,6,0,"0,0,1,0,0,0,0,0,0",2,Yokohama Stadium,17:45,03:09,14264,GAME20210602DBSH0183
2021,2021-06-02,Reg Season,Hokkaido Nippon-Ham Fighters,Away,L,0,Hiroshima Toyo Carp,0,9,0,"0,0,0,0,0,0,0,0,0",2,MAZDA Zoom-Zoom Stadium Hiroshima,18:00,03:05,14036,GAME20210602HCNF0363
2021,2021-06-02,Reg Season,Hiroshima Toyo Carp,Home,W,3,Hokkaido Nippon-Ham Fighters,3,8,0,"0,0,0,0,0,2,0,1,x",2,MAZDA Zoom-Zoom Stadium Hiroshima,18:00,03:05,14036,GAME20210602HCNF0363
2021,2021-06-02,Reg Season,Orix Buffaloes,Away,L,1,Hanshin Tigers,1,9,3,"0,0,0,0,0,1,0,0,0",2,Hanshin Koshien Stadium,18:01,03:23,7252,GAME20210602HTOB0314
2021,2021-06-02,Reg Season,Hanshin Tigers,Home,W,2,Orix Buffaloes,2,7,1,"0,0,1,0,1,0,0,0,x",2,Hanshin Koshien Stadium,18:01,03:23,7252,GAME20210602HTOB0314
2021,2021-06-02,Reg Season,Saitama Seibu Lions,Away,L,3,Yomiuri Giants,3,10,0,"0,0,2,1,0,0,0,0,0",2,Tokyo Dome,17:45,03:22,11939,GAME20210602YGSL0057
2021,2021-06-02,Reg Season,Yomiuri Giants,Home,W,4,Saitama Seibu Lions,4,12,0,"0,0,1,0,3,0,0,0,x",2,Tokyo Dome,17:45,03:22,11939,GAME20210602YGSL0057
2021,2021-06-02,Reg Season,Tohoku Rakuten Golden Eagles,Away,W,3,Tokyo Yakult Swallows,3,10,0,"0,0,0,1,1,0,0,1,0",2,Meiji Jingu Stadium,17:30,03:26,7543,GAME20210602YSRE0122
2021,2021-06-02,Reg Season,Tokyo Yakult Swallows,Home,L,1,Tohoku Rakuten Golden Eagles,1,4,0,"1,0,0,0,0,0,0,0,0",2,Meiji Jingu Stadium,17:30,03:26,7543,GAME20210602YSRE0122
2021,2021-06-03,Reg Season,Chiba Lotte Marines,Away,L,3,Chunichi Dragons,3,6,0,"0,0,0,0,1,0,2,0,0",3,Vantelin Dome Nagoya,17:45,02:38,6205,GAME20210603CDLM0251
2021,2021-06-03,Reg Season,Chunichi Dragons,Home,W,4,Chiba Lotte Marines,4,4,1,"1,1,0,0,0,0,1,1,x",3,Vantelin Dome Nagoya,17:45,02:38,6205,GAME20210603CDLM0251
2021,2021-06-03,Reg Season,Fukuoka Softbank Hawks,Away,L,3,Yokohama DeNA Baystars,3,9,0,"0,0,0,0,0,0,3,0,0",3,Yokohama Stadium,17:45,02:56,14299,GAME20210603DBSH0184
2021,2021-06-03,Reg Season,Yokohama DeNA Baystars,Home,W,4,Fukuoka Softbank Hawks,4,8,0,"3,0,0,0,0,0,1,0,x",3,Yokohama Stadium,17:45,02:56,14299,GAME20210603DBSH0184
2021,2021-06-03,Reg Season,Orix Buffaloes,Away,W,7,Hanshin Tigers,7,13,0,"0,0,0,2,1,0,0,2,2",3,Hanshin Koshien Stadium,18:00,03:17,7022,GAME20210603HTOB0315
2021,2021-06-03,Reg Season,Hanshin Tigers,Home,L,3,Orix Buffaloes,3,7,0,"2,1,0,0,0,0,0,0,0",3,Hanshin Koshien Stadium,18:00,03:17,7022,GAME20210603HTOB0315
2021,2021-06-03,Reg Season,Saitama Seibu Lions,Away,T,4,Yomiuri Giants,4,11,0,"0,0,0,0,0,1,1,0,2",3,Tokyo Dome,17:45,03:15,12184,GAME20210603YGSL0058
2021,2021-06-03,Reg Season,Yomiuri Giants,Home,T,4,Saitama Seibu Lions,4,10,0,"1,2,0,0,1,0,0,0,0",3,Tokyo Dome,17:45,03:15,12184,GAME20210603YGSL0058
2021,2021-06-03,Reg Season,Tohoku Rakuten Golden Eagles,Away,W,4,Tokyo Yakult Swallows,4,8,0,"0,0,0,2,1,0,0,0,1",3,Meiji Jingu Stadium,17:31,03:19,7105,GAME20210603YSRE0123
2021,2021-06-03,Reg Season,Tokyo Yakult Swallows,Home,L,2,Tohoku Rakuten Golden Eagles,2,8,1,"0,0,2,0,0,0,0,0,0",3,Meiji Jingu Stadium,17:31,03:19,7105,GAME20210603YSRE0123
2021,2021-06-04,Reg Season,Orix Buffaloes,Away,W,2,Chunichi Dragons,2,6,0,"2,0,0,0,0,0,0,0,0",1,Vantelin Dome Nagoya,17:45,03:00,7001,GAME20210604CDOB0252
2021,2021-06-04,Reg Season,Chunichi Dragons,Home,L,1,Orix Buffaloes,1,5,0,"0,0,0,0,0,1,0,0,0",1,Vantelin Dome Nagoya,17:45,03:00,7001,GAME20210604CDOB0252
2021,2021-06-04,Reg Season,Chiba Lotte Marines,Away,W,11,Yokohama DeNA Baystars,11,17,0,"0,2,3,0,2,2,1,0,1",1,Yokohama Stadium,17:45,03:50,12990,GAME20210604DBLM0185
2021,2021-06-04,Reg Season,Yokohama DeNA Baystars,Home,L,7,Chiba Lotte Marines,7,14,1,"0,3,2,0,0,0,0,0,2",1,Yokohama Stadium,17:45,03:50,12990,GAME20210604DBLM0185
2021,2021-06-04,Reg Season,Tohoku Rakuten Golden Eagles,Away,W,12,Hiroshima Toyo Carp,12,14,0,"4,0,0,1,2,0,0,5,0",1,MAZDA Zoom-Zoom Stadium Hiroshima,18:00,03:28,14274,GAME20210604HCRE0364
2021,2021-06-04,Reg Season,Hiroshima Toyo Carp,Home,L,5,Tohoku Rakuten Golden Eagles,5,11,1,"2,0,0,1,1,1,0,0,0",1,MAZDA Zoom-Zoom Stadium Hiroshima,18:00,03:28,14274,GAME20210604HCRE0364
2021,2021-06-04,Reg Season,Fukuoka Softbank Hawks,Away,L,1,Hanshin Tigers,1,7,0,"0,0,0,0,0,0,0,1,0",1,Hanshin Koshien Stadium,18:00,02:51,7041,GAME20210604HTSH0316
2021,2021-06-04,Reg Season,Hanshin Tigers,Home,W,6,Fukuoka Softbank Hawks,6,10,1,"2,2,0,0,0,1,0,1,x",1,Hanshin Koshien Stadium,18:00,02:51,7041,GAME20210604HTSH0316
2021,2021-06-04,Reg Season,Hokkaido Nippon-Ham Fighters,Away,L,0,Yomiuri Giants,0,4,0,"0,0,0,0,0,0,0,0,0",1,Tokyo Dome,17:45,02:44,12663,GAME20210604YGNF0059
2021,2021-06-04,Reg Season,Yomiuri Giants,Home,W,6,Hokkaido Nippon-Ham Fighters,6,8,0,"2,0,0,0,0,0,3,1,x",1,Tokyo Dome,17:45,02:44,12663,GAME20210604YGNF0059
2021,2021-06-04,Reg Season,Saitama Seibu Lions,Away,L,1,Tokyo Yakult Swallows,1,3,1,"0,0,1,0,0",1,Meiji Jingu Stadium,17:42,01:43,7914,GAME20210604YSSL0124
2021,2021-06-04,Reg Season,Tokyo Yakult Swallows,Home,W,10,Saitama Seibu Lions,10,11,0,"1,5,4,0,0x",1,Meiji Jingu Stadium,17:42,01:43,7914,GAME20210604YSSL0124
2021,2021-06-05,Reg Season,Orix Buffaloes,Away,L,3,Chunichi Dragons,3,6,0,"0,0,0,0,2,0,0,1,0",2,Vantelin Dome Nagoya,14:00,03:21,8611,GAME20210605CDOB0253
2021,2021-06-05,Reg Season,Chunichi Dragons,Home,W,6,Orix Buffaloes,6,8,0,"3,0,0,1,0,0,0,2,x",2,Vantelin Dome Nagoya,14:00,03:21,8611,GAME20210605CDOB0253
2021,2021-06-05,Reg Season,Chiba Lotte Marines,Away,L,9,Yokohama DeNA Baystars,9,8,1,"0,1,1,0,0,3,0,2,2",2,Yokohama Stadium,14:00,03:27,16479,GAME20210605DBLM0186
2021,2021-06-05,Reg Season,Yokohama DeNA Baystars,Home,W,11,Chiba Lotte Marines,11,14,1,"1,1,1,5,3,0,0,0,x",2,Yokohama Stadium,14:00,03:27,16479,GAME20210605DBLM0186
2021,2021-06-05,Reg Season,Tohoku Rakuten Golden Eagles,Away,W,7,Hiroshima Toyo Carp,7,8,0,"1,0,0,0,0,0,2,4,0",2,MAZDA Zoom-Zoom Stadium Hiroshima,14:00,03:19,16231,GAME20210605HCRE0365
2021,2021-06-05,Reg Season,Hiroshima Toyo Carp,Home,L,3,Tohoku Rakuten Golden Eagles,3,10,2,"1,1,0,0,0,1,0,0,0",2,MAZDA Zoom-Zoom Stadium Hiroshima,14:00,03:19,16231,GAME20210605HCRE0365
2021,2021-06-05,Reg Season,Fukuoka Softbank Hawks,Away,W,10,Hanshin Tigers,10,11,1,"0,0,0,0,0,3,2,4,1",2,Hanshin Koshien Stadium,14:00,03:35,8215,GAME20210605HTSH0317
2021,2021-06-05,Reg Season,Hanshin Tigers,Home,L,2,Fukuoka Softbank Hawks,2,9,3,"0,0,2,0,0,0,0,0,0",2,Hanshin Koshien Stadium,14:00,03:35,8215,GAME20210605HTSH0317
2021,2021-06-05,Reg Season,Hokkaido Nippon-Ham Fighters,Away,W,6,Yomiuri Giants,6,7,0,"0,0,0,0,0,0,6,0,0",2,Tokyo Dome,17:45,03:08,16402,GAME20210605YGNF0060
2021,2021-06-05,Reg Season,Yomiuri Giants,Home,L,4,Hokkaido Nippon-Ham Fighters,4,8,0,"0,1,0,0,0,0,1,0,2",2,Tokyo Dome,17:45,03:08,16402,GAME20210605YGNF0060
2021,2021-06-05,Reg Season,Saitama Seibu Lions,Away,W,6,Tokyo Yakult Swallows,6,9,1,"1,0,0,0,0,0,1,0,4",2,Meiji Jingu Stadium,14:00,03:06,14484,GAME20210605YSSL0125
2021,2021-06-05,Reg Season,Tokyo Yakult Swallows,Home,L,3,Saitama Seibu Lions,3,10,0,"2,0,0,0,0,1,0,0,0",2,Meiji Jingu Stadium,14:00,03:06,14484,GAME20210605YSSL0125
2021,2021-06-06,Reg Season,Orix Buffaloes,Away,W,4,Chunichi Dragons,4,9,0,"0,3,0,1,0,0,0,0,0",3,Vantelin Dome Nagoya,14:00,02:45,8428,GAME20210606CDOB0254
2021,2021-06-06,Reg Season,Chunichi Dragons,Home,L,0,Orix Buffaloes,0,6,0,"0,0,0,0,0,0,0,0,0",3,Vantelin Dome Nagoya,14:00,02:45,8428,GAME20210606CDOB0254
2021,2021-06-06,Reg Season,Chiba Lotte Marines,Away,L,3,Yokohama DeNA Baystars,3,7,0,"0,0,0,1,0,0,0,2,0",3,Yokohama Stadium,14:20,03:09,16285,GAME20210606DBLM0187
2021,2021-06-06,Reg Season,Yokohama DeNA Baystars,Home,W,4,Chiba Lotte Marines,4,7,1,"0,2,0,0,0,1,0,0,1x",3,Yokohama Stadium,14:20,03:09,16285,GAME20210606DBLM0187
2021,2021-06-06,Reg Season,Tohoku Rakuten Golden Eagles,Away,W,6,Hiroshima Toyo Carp,6,15,0,"0,0,0,3,0,0,2,1,0",3,MAZDA Zoom-Zoom Stadium Hiroshima,13:30,03:39,16246,GAME20210606HCRE0366
2021,2021-06-06,Reg Season,Hiroshima Toyo Carp,Home,L,4,Tohoku Rakuten Golden Eagles,4,13,0,"0,0,0,0,0,2,0,2,0",3,MAZDA Zoom-Zoom Stadium Hiroshima,13:30,03:39,16246,GAME20210606HCRE0366
2021,2021-06-06,Reg Season,Fukuoka Softbank Hawks,Away,W,8,Hanshin Tigers,8,8,0,"3,0,0,1,1,0,0,3,0",3,Hanshin Koshien Stadium,14:00,03:29,8413,GAME20210606HTSH0318
2021,2021-06-06,Reg Season,Hanshin Tigers,Home,L,3,Fukuoka Softbank Hawks,3,9,3,"0,0,0,0,0,0,0,2,1",3,Hanshin Koshien Stadium,14:00,03:29,8413,GAME20210606HTSH0318
2021,2021-06-06,Reg Season,Hokkaido Nippon-Ham Fighters,Away,W,4,Yomiuri Giants,4,7,0,"1,1,0,0,0,0,0,2,0",3,Tokyo Dome,14:00,03:26,16278,GAME20210606YGNF0061
2021,2021-06-06,Reg Season,Yomiuri Giants,Home,L,2,Hokkaido Nippon-Ham Fighters,2,4,1,"0,0,1,0,0,0,0,1,0",3,Tokyo Dome,14:00,03:26,16278,GAME20210606YGNF0061
2021,2021-06-06,Reg Season,Saitama Seibu Lions,Away,L,6,Tokyo Yakult Swallows,6,9,1,"0,1,2,0,2,1,0,0,0",3,Meiji Jingu Stadium,13:01,03:17,14248,GAME20210606YSSL0126
2021,2021-06-06,Reg Season,Tokyo Yakult Swallows,Home,W,9,Saitama Seibu Lions,9,11,0,"2,0,2,1,0,0,0,4,x",3,Meiji Jingu Stadium,13:01,03:17,14248,GAME20210606YSSL0126
2021,2021-06-08,Reg Season,Tokyo Yakult Swallows,Away,L,4,Chiba Lotte Marines,4,9,0,"3,0,0,0,0,0,0,1,0",1,ZOZO Marine Stadium,17:45,03:25,5851,GAME20210608LMYS0255
2021,2021-06-08,Reg Season,Chiba Lotte Marines,Home,W,7,Tokyo Yakult Swallows,7,17,0,"2,0,1,2,1,0,1,0,x",1,ZOZO Marine Stadium,17:45,03:25,5851,GAME20210608LMYS0255
2021,2021-06-08,Reg Season,Hanshin Tigers,Away,W,3,Hokkaido Nippon-Ham Fighters,3,4,0,"2,0,0,0,0,0,0,0,1",1,Sapporo Dome,18:00,04:12,8546,GAME20210608NFHT0062
2021,2021-06-08,Reg Season,Hokkaido Nippon-Ham Fighters,Home,L,2,Hanshin Tigers,2,9,2,"0,0,1,0,0,1,0,0,0",1,Sapporo Dome,18:00,04:12,8546,GAME20210608NFHT0062
2021,2021-06-08,Reg Season,Yomiuri Giants,Away,T,3,Orix Buffaloes,3,9,0,"1,0,0,0,1,0,0,0,1",1,Kyocera Dome Osaka,18:00,03:39,4899,GAME20210608OBYG0319
2021,2021-06-08,Reg Season,Orix Buffaloes,Home,T,3,Yomiuri Giants,3,9,1,"0,0,0,0,0,0,0,3,0",1,Kyocera Dome Osaka,18:00,03:39,4899,GAME20210608OBYG0319
2021,2021-06-08,Reg Season,Chunichi Dragons,Away,L,2,Tohoku Rakuten Golden Eagles,2,9,0,"0,0,0,1,0,1,0,0,0",1,Rakuten Seimei Park Miyagi,18:00,03:08,10850,GAME20210608RECD0127
2021,2021-06-08,Reg Season,Tohoku Rakuten Golden Eagles,Home,W,5,Chunichi Dragons,5,11,0,"0,0,0,1,2,0,2,0,x",1,Rakuten Seimei Park Miyagi,18:00,03:08,10850,GAME20210608RECD0127
2021,2021-06-08,Reg Season,Hiroshima Toyo Carp,Away,T,1,Fukuoka Softbank Hawks,1,3,0,"0,0,0,0,0,0,1,0,0",1,Mizuho PayPay Dome Fukuoka,18:00,02:36,0,GAME20210608SHHC0367
2021,2021-06-08,Reg Season,Fukuoka Softbank Hawks,Home,T,1,Hiroshima Toyo Carp,1,6,1,"0,0,0,0,0,1,0,0,0",1,Mizuho PayPay Dome Fukuoka,18:00,02:36,0,GAME20210608SHHC0367
2021,2021-06-08,Reg Season,Yokohama DeNA Baystars,Away,L,3,Saitama Seibu Lions,3,15,2,"0,0,1,0,0,1,1,0,0",1,Belluna Dome,17:45,03:14,7780,GAME20210608SLDB0188
2021,2021-06-08,Reg Season,Saitama Seibu Lions,Home,W,8,Yokohama DeNA Baystars,8,9,0,"0,0,1,6,1,0,0,0,x",1,Belluna Dome,17:45,03:14,7780,GAME20210608SLDB0188
2021,2021-06-09,Reg Season,Tokyo Yakult Swallows,Away,W,5,Chiba Lotte Marines,5,12,2,"2,0,1,0,0,1,0,0,1",2,ZOZO Marine Stadium,17:45,03:52,5691,GAME20210609LMYS0256
2021,2021-06-09,Reg Season,Chiba Lotte Marines,Home,L,3,Tokyo Yakult Swallows,3,13,0,"0,1,0,0,0,1,1,0,0",2,ZOZO Marine Stadium,17:45,03:52,5691,GAME20210609LMYS0256
2021,2021-06-09,Reg Season,Hanshin Tigers,Away,W,10,Hokkaido Nippon-Ham Fighters,10,12,0,"0,1,0,4,4,0,1,0,0",2,Sapporo Dome,18:00,03:39,8454,GAME20210609NFHT0063
2021,2021-06-09,Reg Season,Hokkaido Nippon-Ham Fighters,Home,L,3,Hanshin Tigers,3,7,2,"1,0,0,0,1,1,0,0,0",2,Sapporo Dome,18:00,03:39,8454,GAME20210609NFHT0063
2021,2021-06-09,Reg Season,Yomiuri Giants,Away,L,1,Orix Buffaloes,1,3,0,"0,0,0,0,0,0,1,0,0",2,Kyocera Dome Osaka,18:00,02:43,4982,GAME20210609OBYG0320
2021,2021-06-09,Reg Season,Orix Buffaloes,Home,W,3,Yomiuri Giants,3,10,0,"1,0,0,1,0,0,1,0,x",2,Kyocera Dome Osaka,18:00,02:43,4982,GAME20210609OBYG0320
2021,2021-06-09,Reg Season,Chunichi Dragons,Away,W,7,Tohoku Rakuten Golden Eagles,7,14,2,"0,0,2,1,1,0,2,0,1",2,Rakuten Seimei Park Miyagi,18:00,03:31,8854,GAME20210609RECD0128
2021,2021-06-09,Reg Season,Tohoku Rakuten Golden Eagles,Home,L,3,Chunichi Dragons,3,8,0,"0,0,2,0,0,0,0,1,0",2,Rakuten Seimei Park Miyagi,18:00,03:31,8854,GAME20210609RECD0128
2021,2021-06-09,Reg Season,Hiroshima Toyo Carp,Away,L,4,Fukuoka Softbank Hawks,4,7,0,"0,0,0,3,0,0,1,0,0",2,Mizuho PayPay Dome Fukuoka,18:00,03:05,0,GAME20210609SHHC0368
2021,2021-06-09,Reg Season,Fukuoka Softbank Hawks,Home,W,8,Hiroshima Toyo Carp,8,8,0,"0,1,2,0,5,0,0,0,x",2,Mizuho PayPay Dome Fukuoka,18:00,03:05,0,GAME20210609SHHC0368
2021,2021-06-09,Reg Season,Yokohama DeNA Baystars,Away,T,8,Saitama Seibu Lions,8,10,0,"3,0,1,4,0,0,0,0,0",2,Belluna Dome,17:46,03:27,7930,GAME20210609SLDB0189
2021,2021-06-09,Reg Season,Saitama Seibu Lions,Home,T,8,Yokohama DeNA Baystars,8,10,1,"0,2,0,2,0,2,2,0,0",2,Belluna Dome,17:46,03:27,7930,GAME20210609SLDB0189
2021,2021-06-10,Reg Season,Tokyo Yakult Swallows,Away,L,1,Chiba Lotte Marines,1,6,4,"0,1,0,0,0,0,0,0,0",3,ZOZO Marine Stadium,17:45,03:02,4855,GAME20210610LMYS0257
2021,2021-06-10,Reg Season,Chiba Lotte Marines,Home,W,2,Tokyo Yakult Swallows,2,6,1,"0,0,0,0,1,0,0,1,x",3,ZOZO Marine Stadium,17:45,03:02,4855,GAME20210610LMYS0257
2021,2021-06-10,Reg Season,Hanshin Tigers,Away,W,4,Hokkaido Nippon-Ham Fighters,4,11,0,"0,0,0,0,1,0,1,1,1",3,Sapporo Dome,18:00,03:16,7502,GAME20210610NFHT0064
2021,2021-06-10,Reg Season,Hokkaido Nippon-Ham Fighters,Home,L,2,Hanshin Tigers,2,7,1,"0,0,0,0,0,0,1,0,1",3,Sapporo Dome,18:00,03:16,7502,GAME20210610NFHT0064
2021,2021-06-10,Reg Season,Yomiuri Giants,Away,L,0,Orix Buffaloes,0,5,0,"0,0,0,0,0,0,0,0,0",3,Kyocera Dome Osaka,18:01,02:37,4979,GAME20210610OBYG0321
2021,2021-06-10,Reg Season,Orix Buffaloes,Home,W,6,Yomiuri Giants,6,10,0,"3,0,0,0,3,0,0,0,x",3,Kyocera Dome Osaka,18:01,02:37,4979,GAME20210610OBYG0321
2021,2021-06-10,Reg Season,Chunichi Dragons,Away,L,2,Tohoku Rakuten Golden Eagles,2,8,0,"0,0,0,1,1,0,0,0,0",3,Rakuten Seimei Park Miyagi,18:00,03:14,8782,GAME20210610RECD0129
2021,2021-06-10,Reg Season,Tohoku Rakuten Golden Eagles,Home,W,6,Chunichi Dragons,6,12,1,"0,0,2,2,0,1,0,1,x",3,Rakuten Seimei Park Miyagi,18:00,03:14,8782,GAME20210610RECD0129
2021,2021-06-10,Reg Season,Hiroshima Toyo Carp,Away,T,1,Fukuoka Softbank Hawks,1,4,0,"0,0,1,0,0,0,0,0,0",3,Mizuho PayPay Dome Fukuoka,18:00,02:39,0,GAME20210610SHHC0369
2021,2021-06-10,Reg Season,Fukuoka Softbank Hawks,Home,T,1,Hiroshima Toyo Carp,1,5,1,"0,0,0,0,0,0,0,1,0",3,Mizuho PayPay Dome Fukuoka,18:00,02:39,0,GAME20210610SHHC0369
2021,2021-06-10,Reg Season,Yokohama DeNA Baystars,Away,L,3,Saitama Seibu Lions,3,9,0,"1,0,0,2,0,0,0,0,0",3,Belluna Dome,17:45,03:14,7459,GAME20210610SLDB0190
2021,2021-06-10,Reg Season,Saitama Seibu Lions,Home,W,5,Yokohama DeNA Baystars,5,9,0,"1,2,1,1,0,0,0,0,x",3,Belluna Dome,17:45,03:14,7459,GAME20210610SLDB0190
2021,2021-06-11,Reg Season,Yomiuri Giants,Away,W,5,Chiba Lotte Marines,5,10,1,"0,0,0,1,0,0,0,4,0",1,ZOZO Marine Stadium,17:45,03:03,6915,GAME20210611LMYG0258
2021,2021-06-11,Reg Season,Chiba Lotte Marines,Home,L,1,Yomiuri Giants,1,9,2,"1,0,0,0,0,0,0,0,0",1,ZOZO Marine Stadium,17:45,03:03,6915,GAME20210611LMYG0258
2021,2021-06-11,Reg Season,Yokohama DeNA Baystars,Away,W,4,Hokkaido Nippon-Ham Fighters,4,12,0,"2,0,1,0,1,0,0,0,0",1,Sapporo Dome,18:00,03:03,7829,GAME20210611NFDB0065
2021,2021-06-11,Reg Season,Hokkaido Nippon-Ham Fighters,Home,L,0,Yokohama DeNA Baystars,0,4,0,"0,0,0,0,0,0,0,0,0",1,Sapporo Dome,18:00,03:03,7829,GAME20210611NFDB0065
2021,2021-06-11,Reg Season,Hiroshima Toyo Carp,Away,L,0,Orix Buffaloes,0,3,0,"0,0,0,0,0,0,0,0,0",1,Kyocera Dome Osaka,18:00,02:59,4919,GAME20210611OBHC0322
2021,2021-06-11,Reg Season,Orix Buffaloes,Home,W,4,Hiroshima Toyo Carp,4,5,0,"0,0,0,0,0,0,3,1,x",1,Kyocera Dome Osaka,18:00,02:59,4919,GAME20210611OBHC0322
2021,2021-06-11,Reg Season,Hanshin Tigers,Away,W,3,Tohoku Rakuten Golden Eagles,3,6,1,"0,0,0,0,1,2,0,0,0",1,Rakuten Seimei Park Miyagi,18:00,02:46,12525,GAME20210611REHT0130
2021,2021-06-11,Reg Season,Tohoku Rakuten Golden Eagles,Home,L,2,Hanshin Tigers,2,5,2,"1,1,0,0,0,0,0,0,0",1,Rakuten Seimei Park Miyagi,18:00,02:46,12525,GAME20210611REHT0130
2021,2021-06-11,Reg Season,Tokyo Yakult Swallows,Away,W,1,Fukuoka Softbank Hawks,1,6,0,"0,1,0,0,0,0,0,0,0",1,Mizuho PayPay Dome Fukuoka,18:01,02:45,0,GAME20210611SHYS0370
2021,2021-06-11,Reg Season,Fukuoka Softbank Hawks,Home,L,0,Tokyo Yakult Swallows,0,7,0,"0,0,0,0,0,0,0,0,0",1,Mizuho PayPay Dome Fukuoka,18:01,02:45,0,GAME20210611SHYS0370
2021,2021-06-11,Reg Season,Chunichi Dragons,Away,W,6,Saitama Seibu Lions,6,9,0,"0,0,2,3,0,0,1,0,0",1,Belluna Dome,17:47,03:29,9683,GAME20210611SLCD0191
2021,2021-06-11,Reg Season,Saitama Seibu Lions,Home,L,5,Chunichi Dragons,5,10,3,"0,0,0,0,2,0,1,2,0",1,Belluna Dome,17:47,03:29,9683,GAME20210611SLCD0191
2021,2021-06-12,Reg Season,Yomiuri Giants,Away,W,11,Chiba Lotte Marines,11,18,0,"3,0,7,0,0,0,1,0,0",2,ZOZO Marine Stadium,14:00,03:22,11369,GAME20210612LMYG0259
2021,2021-06-12,Reg Season,Chiba Lotte Marines,Home,L,4,Yomiuri Giants,4,7,0,"2,0,0,0,0,0,0,2,0",2,ZOZO Marine Stadium,14:00,03:22,11369,GAME20210612LMYG0259
2021,2021-06-12,Reg Season,Yokohama DeNA Baystars,Away,L,3,Hokkaido Nippon-Ham Fighters,3,9,0,"0,0,0,0,0,1,2,0,0",2,Sapporo Dome,14:01,03:53,12088,GAME20210612NFDB0066
2021,2021-06-12,Reg Season,Hokkaido Nippon-Ham Fighters,Home,W,4,Yokohama DeNA Baystars,4,10,1,"0,0,0,2,1,1,0,0,x",2,Sapporo Dome,14:01,03:53,12088,GAME20210612NFDB0066
2021,2021-06-12,Reg Season,Hiroshima Toyo Carp,Away,L,2,Orix Buffaloes,2,6,0,"0,0,0,0,0,2,0,0,0",2,Kyocera Dome Osaka,14:01,03:00,0,GAME20210612OBHC0323
2021,2021-06-12,Reg Season,Orix Buffaloes,Home,W,3,Hiroshima Toyo Carp,3,7,0,"0,3,0,0,0,0,0,0,x",2,Kyocera Dome Osaka,14:01,03:00,0,GAME20210612OBHC0323
2021,2021-06-12,Reg Season,Hanshin Tigers,Away,W,9,Tohoku Rakuten Golden Eagles,9,10,0,"0,0,0,2,0,1,0,0,6",2,Rakuten Seimei Park Miyagi,14:01,03:28,13257,GAME20210612REHT0131
2021,2021-06-12,Reg Season,Tohoku Rakuten Golden Eagles,Home,L,1,Hanshin Tigers,1,5,1,"0,0,0,1,0,0,0,0,0",2,Rakuten Seimei Park Miyagi,14:01,03:28,13257,GAME20210612REHT0131
2021,2021-06-12,Reg Season,Tokyo Yakult Swallows,Away,W,4,Fukuoka Softbank Hawks,4,9,0,"0,0,0,0,0,1,1,2,0",2,Mizuho PayPay Dome Fukuoka,14:01,03:20,0,GAME20210612SHYS0371
2021,2021-06-12,Reg Season,Fukuoka Softbank Hawks,Home,L,2,Tokyo Yakult Swallows,2,7,2,"0,1,0,1,0,0,0,0,0",2,Mizuho PayPay Dome Fukuoka,14:01,03:20,0,GAME20210612SHYS0371
2021,2021-06-12,Reg Season,Chunichi Dragons,Away,L,3,Saitama Seibu Lions,3,8,2,"0,2,0,0,0,0,0,1,0",2,Belluna Dome,14:00,03:10,13125,GAME20210612SLCD0192
2021,2021-06-12,Reg Season,Saitama Seibu Lions,Home,W,7,Chunichi Dragons,7,11,0,"6,0,0,0,1,0,0,0,x",2,Belluna Dome,14:00,03:10,13125,GAME20210612SLCD0192
2021,2021-06-13,Reg Season,Yomiuri Giants,Away,L,4,Chiba Lotte Marines,4,7,0,"0,0,0,0,0,0,4,0,0",3,ZOZO Marine Stadium,14:00,03:16,9960,GAME20210613LMYG0272
2021,2021-06-13,Reg Season,Chiba Lotte Marines,Home,W,5,Yomiuri Giants,5,7,1,"2,0,2,0,0,1,0,0,x",3,ZOZO Marine Stadium,14:00,03:16,9960,GAME20210613LMYG0272
2021,2021-06-13,Reg Season,Yokohama DeNA Baystars,Away,W,4,Hokkaido Nippon-Ham Fighters,4,9,0,"1,0,2,0,1,0,0,0,0",3,Sapporo Dome,14:01,03:00,9914,GAME20210613NFDB0067
2021,2021-06-13,Reg Season,Hokkaido Nippon-Ham Fighters,Home,L,1,Yokohama DeNA Baystars,1,6,1,"0,1,0,0,0,0,0,0,0",3,Sapporo Dome,14:01,03:00,9914,GAME20210613NFDB0067
2021,2021-06-13,Reg Season,Hiroshima Toyo Carp,Away,L,8,Orix Buffaloes,8,13,0,"3,1,0,0,0,0,0,1,3",3,Kyocera Dome Osaka,13:01,03:39,0,GAME20210613OBHC0338
2021,2021-06-13,Reg Season,Orix Buffaloes,Home,W,9,Hiroshima Toyo Carp,9,11,2,"2,0,6,0,0,0,0,0,1x",3,Kyocera Dome Osaka,13:01,03:39,0,GAME20210613OBHC0338
2021,2021-06-13,Reg Season,Hanshin Tigers,Away,W,6,Tohoku Rakuten Golden Eagles,6,7,0,"0,0,1,0,2,0,2,0,1",3,Rakuten Seimei Park Miyagi,13:00,03:06,13155,GAME20210613REHT0138
2021,2021-06-13,Reg Season,Tohoku Rakuten Golden Eagles,Home,L,5,Hanshin Tigers,5,10,1,"0,0,0,2,0,0,2,1,0",3,Rakuten Seimei Park Miyagi,13:00,03:06,13155,GAME20210613REHT0138
2021,2021-06-13,Reg Season,Tokyo Yakult Swallows,Away,W,6,Fukuoka Softbank Hawks,6,8,0,"1,0,0,3,2,0,0,0,0",3,Mizuho PayPay Dome Fukuoka,13:01,03:11,0,GAME20210613SHYS0389
2021,2021-06-13,Reg Season,Fukuoka Softbank Hawks,Home,L,4,Tokyo Yakult Swallows,4,4,0,"0,0,0,0,1,0,2,1,0",3,Mizuho PayPay Dome Fukuoka,13:01,03:11,0,GAME20210613SHYS0389
2021,2021-06-13,Reg Season,Chunichi Dragons,Away,L,3,Saitama Seibu Lions,3,8,1,"0,0,0,0,0,1,2,0,0",3,Belluna Dome,13:00,02:40,13060,GAME20210613SLCD0202
2021,2021-06-13,Reg Season,Saitama Seibu Lions,Home,W,4,Chunichi Dragons,4,6,0,"1,0,0,2,0,0,0,1,x",3,Belluna Dome,13:00,02:40,13060,GAME20210613SLCD0202
2021,2021-06-14,Reg Season,Saitama Seibu Lions,Away,W,3,Hiroshima Toyo Carp,3,7,1,"0,0,0,1,1,1,0,0,0",2,MAZDA Zoom-Zoom Stadium Hiroshima,18:00,03:22,8588,GAME20210614HCSL0068
2021,2021-06-14,Reg Season,Hiroshima Toyo Carp,Home,L,2,Saitama Seibu Lions,2,2,0,"0,0,0,2,0,0,0,0,0",2,MAZDA Zoom-Zoom Stadium Hiroshima,18:00,03:22,8588,GAME20210614HCSL0068
2021,2021-06-15,Reg Season,Saitama Seibu Lions,Away,L,3,Hiroshima Toyo Carp,3,9,1,"0,1,0,0,1,0,1,0,0",3,MAZDA Zoom-Zoom Stadium Hiroshima,18:00,03:13,8598,GAME20210615HCSL0069
2021,2021-06-15,Reg Season,Hiroshima Toyo Carp,Home,W,5,Saitama Seibu Lions,5,9,0,"1,0,0,1,1,0,0,2,x",3,MAZDA Zoom-Zoom Stadium Hiroshima,18:00,03:13,8598,GAME20210615HCSL0069
2021,2021-06-16,Reg Season,Hokkaido Nippon-Ham Fighters,Away,W,8,Hiroshima Toyo Carp,8,11,1,"0,0,2,0,0,2,4,0,0",3,MAZDA Zoom-Zoom Stadium Hiroshima,18:00,03:25,8588,GAME20210616HCNF0070
2021,2021-06-16,Reg Season,Hiroshima Toyo Carp,Home,L,1,Hokkaido Nippon-Ham Fighters,1,5,2,"0,0,0,0,1,0,0,0,0",3,MAZDA Zoom-Zoom Stadium Hiroshima,18:00,03:25,8588,GAME20210616HCNF0070
2021,2021-06-18,Reg Season,Hiroshima Toyo Carp,Away,W,7,Yokohama DeNA Baystars,7,9,1,"0,1,6,0,0,0,0,0,0",9,Tokyo Dome,17:45,03:34,4836,GAME20210618DBHC0139
2021,2021-06-18,Reg Season,Yokohama DeNA Baystars,Home,L,4,Hiroshima Toyo Carp,4,12,1,"1,0,1,0,0,0,0,2,0",9,Tokyo Dome,17:45,03:34,4836,GAME20210618DBHC0139
2021,2021-06-18,Reg Season,Yomiuri Giants,Away,L,1,Hanshin Tigers,1,5,0,"0,0,0,1,0,0,0,0,0",10,Hanshin Koshien Stadium,18:03,02:48,7641,GAME20210618HTYG0203
2021,2021-06-18,Reg Season,Hanshin Tigers,Home,W,7,Yomiuri Giants,7,11,2,"0,3,4,0,0,0,0,0,x",10,Hanshin Koshien Stadium,18:03,02:48,7641,GAME20210618HTYG0203
2021,2021-06-18,Reg Season,Orix Buffaloes,Away,W,5,Tohoku Rakuten Golden Eagles,5,8,1,"0,1,4,0,0,0,0,0,0",9,Rakuten Seimei Park Miyagi,18:01,03:13,10976,GAME20210618REOB0273
2021,2021-06-18,Reg Season,Tohoku Rakuten Golden Eagles,Home,L,2,Orix Buffaloes,2,5,0,"0,0,1,0,1,0,0,0,0",9,Rakuten Seimei Park Miyagi,18:01,03:13,10976,GAME20210618REOB0273
2021,2021-06-18,Reg Season,Hokkaido Nippon-Ham Fighters,Away,W,2,Fukuoka Softbank Hawks,2,6,0,"0,0,0,0,1,0,1,0,0",10,Mizuho PayPay Dome Fukuoka,18:00,03:04,0,GAME20210618SHNF0390
2021,2021-06-18,Reg Season,Fukuoka Softbank Hawks,Home,L,1,Hokkaido Nippon-Ham Fighters,1,3,0,"0,0,0,0,0,0,1,0,0",10,Mizuho PayPay Dome Fukuoka,18:00,03:04,0,GAME20210618SHNF0390
2021,2021-06-18,Reg Season,Chiba Lotte Marines,Away,W,5,Saitama Seibu Lions,5,6,0,"0,0,1,1,0,0,1,2,0",10,Belluna Dome,17:45,03:21,4857,GAME20210618SLLM0339
2021,2021-06-18,Reg Season,Saitama Seibu Lions,Home,L,0,Chiba Lotte Marines,0,6,1,"0,0,0,0,0,0,0,0,0",10,Belluna Dome,17:45,03:21,4857,GAME20210618SLLM0339
2021,2021-06-18,Reg Season,Chunichi Dragons,Away,L,2,Tokyo Yakult Swallows,2,5,0,"0,0,1,1,0,0,0,0,0",9,Meiji Jingu Stadium,17:30,02:41,6059,GAME20210618YSCD0071
2021,2021-06-18,Reg Season,Tokyo Yakult Swallows,Home,W,5,Chunichi Dragons,5,9,1,"2,0,0,0,0,3,0,0,x",9,Meiji Jingu Stadium,17:30,02:41,6059,GAME20210618YSCD0071
2021,2021-06-19,Reg Season,Hiroshima Toyo Carp,Away,W,12,Yokohama DeNA Baystars,12,17,1,"3,0,2,0,1,1,1,1,3",10,Tokyo Dome,14:00,03:54,4898,GAME20210619DBHC0140
2021,2021-06-19,Reg Season,Yokohama DeNA Baystars,Home,L,11,Hiroshima Toyo Carp,11,13,0,"2,1,0,0,0,0,0,1,7",10,Tokyo Dome,14:00,03:54,4898,GAME20210619DBHC0140
2021,2021-06-19,Reg Season,Yomiuri Giants,Away,W,6,Hanshin Tigers,6,9,0,"1,0,0,1,0,1,0,2,1",11,Hanshin Koshien Stadium,14:18,02:59,7506,GAME20210619HTYG0204
2021,2021-06-19,Reg Season,Hanshin Tigers,Home,L,2,Yomiuri Giants,2,8,1,"1,0,0,0,0,1,0,0,0",11,Hanshin Koshien Stadium,14:18,02:59,7506,GAME20210619HTYG0204
2021,2021-06-19,Reg Season,Hokkaido Nippon-Ham Fighters,Away,T,5,Fukuoka Softbank Hawks,5,8,0,"0,0,0,0,0,0,4,1,0",11,Mizuho PayPay Dome Fukuoka,14:00,03:59,0,GAME20210619SHNF0391
2021,2021-06-19,Reg Season,Fukuoka Softbank Hawks,Home,T,5,Hokkaido Nippon-Ham Fighters,5,6,0,"0,0,0,0,4,0,0,0,1",11,Mizuho PayPay Dome Fukuoka,14:00,03:59,0,GAME20210619SHNF0391
2021,2021-06-19,Reg Season,Chiba Lotte Marines,Away,L,2,Saitama Seibu Lions,2,5,4,"0,0,0,0,0,1,1,0,0",11,Belluna Dome,14:00,02:52,7597,GAME20210619SLLM0340
2021,2021-06-19,Reg Season,Saitama Seibu Lions,Home,W,7,Chiba Lotte Marines,7,10,0,"6,0,0,0,0,0,0,1,x",11,Belluna Dome,14:00,02:52,7597,GAME20210619SLLM0340
2021,2021-06-19,Reg Season,Chunichi Dragons,Away,W,7,Tokyo Yakult Swallows,7,13,0,"0,2,0,2,1,1,0,1,0",10,Meiji Jingu Stadium,14:00,03:38,8637,GAME20210619YSCD0072
2021,2021-06-19,Reg Season,Tokyo Yakult Swallows,Home,L,3,Chunichi Dragons,3,9,1,"1,2,0,0,0,0,0,0,0",10,Meiji Jingu Stadium,14:00,03:38,8637,GAME20210619YSCD0072
2021,2021-06-20,Reg Season,Hiroshima Toyo Carp,Away,L,8,Yokohama DeNA Baystars,8,14,0,"0,0,0,0,4,0,0,0,4",11,Tokyo Dome,14:00,03:18,4959,GAME20210620DBHC0144
2021,2021-06-20,Reg Season,Yokohama DeNA Baystars,Home,W,10,Hiroshima Toyo Carp,10,10,2,"0,0,5,3,0,2,0,0,x",11,Tokyo Dome,14:00,03:18,4959,GAME20210620DBHC0144
2021,2021-06-20,Reg Season,Yomiuri Giants,Away,W,2,Hanshin Tigers,2,6,0,"0,0,0,0,0,2,0,0,0",12,Hanshin Koshien Stadium,14:00,03:26,8751,GAME20210620HTYG0210
2021,2021-06-20,Reg Season,Hanshin Tigers,Home,L,1,Yomiuri Giants,1,5,0,"0,0,0,0,0,1,0,0,0",12,Hanshin Koshien Stadium,14:00,03:26,8751,GAME20210620HTYG0210
2021,2021-06-20,Reg Season,Orix Buffaloes,Away,W,3,Tohoku Rakuten Golden Eagles,3,11,0,"0,0,0,0,0,3,0,0,0",10,Rakuten Seimei Park Miyagi,13:00,02:50,13091,GAME20210620REOB0281
2021,2021-06-20,Reg Season,Tohoku Rakuten Golden Eagles,Home,L,0,Orix Buffaloes,0,5,0,"0,0,0,0,0,0,0,0,0",10,Rakuten Seimei Park Miyagi,13:00,02:50,13091,GAME20210620REOB0281
2021,2021-06-20,Reg Season,Hokkaido Nippon-Ham Fighters,Away,T,1,Fukuoka Softbank Hawks,1,9,0,"1,0,0,0,0,0,0,0,0",12,Mizuho PayPay Dome Fukuoka,13:01,03:06,0,GAME20210620SHNF0403
2021,2021-06-20,Reg Season,Fukuoka Softbank Hawks,Home,T,1,Hokkaido Nippon-Ham Fighters,1,2,0,"0,0,0,0,1,0,0,0,0",12,Mizuho PayPay Dome Fukuoka,13:01,03:06,0,GAME20210620SHNF0403
2021,2021-06-20,Reg Season,Chiba Lotte Marines,Away,T,3,Saitama Seibu Lions,3,6,0,"0,0,0,0,0,2,0,1,0",12,Belluna Dome,13:00,03:13,7726,GAME20210620SLLM0350
2021,2021-06-20,Reg Season,Saitama Seibu Lions,Home,T,3,Chiba Lotte Marines,3,7,0,"0,0,0,0,0,2,1,0,0",12,Belluna Dome,13:00,03:13,7726,GAME20210620SLLM0350
2021,2021-06-20,Reg Season,Chunichi Dragons,Away,L,1,Tokyo Yakult Swallows,1,6,0,"0,0,0,0,0,0,0,1,0",11,Meiji Jingu Stadium,13:00,02:48,7636,GAME20210620YSCD0073
2021,2021-06-20,Reg Season,Tokyo Yakult Swallows,Home,W,2,Chunichi Dragons,2,2,0,"0,0,0,0,0,0,2,0,x",11,Meiji Jingu Stadium,13:00,02:48,7636,GAME20210620YSCD0073
2021,2021-06-21,Reg Season,Orix Buffaloes,Away,W,4,Tohoku Rakuten Golden Eagles,4,13,1,"0,1,1,0,0,0,0,2,0",11,Rakuten Seimei Park Miyagi,18:00,03:23,5396,GAME20210621REOB0074
2021,2021-06-21,Reg Season,Tohoku Rakuten Golden Eagles,Home,L,3,Orix Buffaloes,3,7,0,"0,0,1,0,0,0,0,2,0",11,Rakuten Seimei Park Miyagi,18:00,03:23,5396,GAME20210621REOB0074
2021,2021-06-22,Reg Season,Hanshin Tigers,Away,W,2,Chunichi Dragons,2,6,1,"0,2,0,0,0,0,0,0,0",9,Vantelin Dome Nagoya,17:45,02:39,8187,GAME20210622CDHT0145
2021,2021-06-22,Reg Season,Chunichi Dragons,Home,L,1,Hanshin Tigers,1,4,0,"0,0,0,1,0,0,0,0,0",9,Vantelin Dome Nagoya,17:45,02:39,8187,GAME20210622CDHT0145
2021,2021-06-22,Reg Season,Tokyo Yakult Swallows,Away,W,6,Hiroshima Toyo Carp,6,7,0,"0,4,0,0,1,1,0,0,0",8,MAZDA Zoom-Zoom Stadium Hiroshima,18:00,03:10,15770,GAME20210622HCYS0211
2021,2021-06-22,Reg Season,Hiroshima Toyo Carp,Home,L,1,Tokyo Yakult Swallows,1,11,1,"0,0,0,0,0,1,0,0,0",8,MAZDA Zoom-Zoom Stadium Hiroshima,18:00,03:10,15770,GAME20210622HCYS0211
2021,2021-06-22,Reg Season,Fukuoka Softbank Hawks,Away,W,6,Chiba Lotte Marines,6,11,0,"1,0,1,1,0,0,3,0,0",9,ZOZO Marine Stadium,17:45,03:07,4962,GAME20210622LMSH0351
2021,2021-06-22,Reg Season,Chiba Lotte Marines,Home,L,4,Fukuoka Softbank Hawks,4,5,1,"0,0,0,0,1,0,0,2,1",9,ZOZO Marine Stadium,17:45,03:07,4962,GAME20210622LMSH0351
2021,2021-06-22,Reg Season,Hokkaido Nippon-Ham Fighters,Away,L,2,Orix Buffaloes,2,10,0,"1,0,0,0,0,0,0,0,1",9,Kyocera Dome Osaka,18:01,03:59,4948,GAME20210622OBNF0404
2021,2021-06-22,Reg Season,Orix Buffaloes,Home,W,5,Hokkaido Nippon-Ham Fighters,5,8,0,"0,1,0,0,0,2,1,1,x",9,Kyocera Dome Osaka,18:01,03:59,4948,GAME20210622OBNF0404
2021,2021-06-22,Reg Season,Tohoku Rakuten Golden Eagles,Away,L,0,Saitama Seibu Lions,0,4,0,"0,0,0,0,0,0,0,0,0",9,Belluna Dome,17:45,02:49,8420,GAME20210622SLRE0282
2021,2021-06-22,Reg Season,Saitama Seibu Lions,Home,W,2,Tohoku Rakuten Golden Eagles,2,7,1,"0,0,0,2,0,0,0,0,x",9,Belluna Dome,17:45,02:49,8420,GAME20210622SLRE0282
2021,2021-06-22,Reg Season,Yokohama DeNA Baystars,Away,L,1,Yomiuri Giants,1,8,0,"0,1,0,0,0,0,0,0,0",9,Ishikawa Prefectural Baseball Stadium,18:00,02:40,5340,GAME20210622YGDB0075
2021,2021-06-22,Reg Season,Yomiuri Giants,Home,W,6,Yokohama DeNA Baystars,6,8,0,"0,0,3,3,0,0,0,0,x",9,Ishikawa Prefectural Baseball Stadium,18:00,02:40,5340,GAME20210622YGDB0075
2021,2021-06-23,Reg Season,Hanshin Tigers,Away,L,2,Chunichi Dragons,2,12,1,"0,0,0,1,0,1,0,0,0",10,Vantelin Dome Nagoya,17:45,02:57,8691,GAME20210623CDHT0152
2021,2021-06-23,Reg Season,Chunichi Dragons,Home,W,6,Hanshin Tigers,6,8,1,"1,1,0,0,0,0,4,0,x",10,Vantelin Dome Nagoya,17:45,02:57,8691,GAME20210623CDHT0152
2021,2021-06-23,Reg Season,Tokyo Yakult Swallows,Away,W,8,Hiroshima Toyo Carp,8,12,1,"1,0,4,2,0,0,1,0,0",9,MAZDA Zoom-Zoom Stadium Hiroshima,18:00,03:54,16251,GAME20210623HCYS0223
2021,2021-06-23,Reg Season,Hiroshima Toyo Carp,Home,L,5,Tokyo Yakult Swallows,5,13,2,"1,1,2,1,0,0,0,0,0",9,MAZDA Zoom-Zoom Stadium Hiroshima,18:00,03:54,16251,GAME20210623HCYS0223
2021,2021-06-23,Reg Season,Fukuoka Softbank Hawks,Away,T,1,Chiba Lotte Marines,1,5,0,"0,0,1,0,0,0,0,0,0",10,ZOZO Marine Stadium,17:45,03:14,4933,GAME20210623LMSH0373
2021,2021-06-23,Reg Season,Chiba Lotte Marines,Home,T,1,Fukuoka Softbank Hawks,1,5,0,"1,0,0,0,0,0,0,0,0",10,ZOZO Marine Stadium,17:45,03:14,4933,GAME20210623LMSH0373
2021,2021-06-23,Reg Season,Hokkaido Nippon-Ham Fighters,Away,L,1,Orix Buffaloes,1,9,0,"0,0,0,0,0,1,0,0,0",10,Kyocera Dome Osaka,18:01,03:07,4872,GAME20210623OBNF0430
2021,2021-06-23,Reg Season,Orix Buffaloes,Home,W,3,Hokkaido Nippon-Ham Fighters,3,6,0,"0,0,2,0,0,1,0,0,x",10,Kyocera Dome Osaka,18:01,03:07,4872,GAME20210623OBNF0430
2021,2021-06-23,Reg Season,Tohoku Rakuten Golden Eagles,Away,W,6,Saitama Seibu Lions,6,14,0,"2,0,0,1,0,0,2,1,0",10,Belluna Dome,17:45,03:43,10292,GAME20210623SLRE0299
2021,2021-06-23,Reg Season,Saitama Seibu Lions,Home,L,4,Tohoku Rakuten Golden Eagles,4,9,0,"1,1,0,2,0,0,0,0,0",10,Belluna Dome,17:45,03:43,10292,GAME20210623SLRE0299
2021,2021-06-23,Reg Season,Yokohama DeNA Baystars,Away,L,2,Yomiuri Giants,2,7,0,"1,0,0,0,0,0,1,0,0",10,Alpen Stadium,18:00,03:08,9272,GAME20210623YGDB0076
2021,2021-06-23,Reg Season,Yomiuri Giants,Home,W,4,Yokohama DeNA Baystars,4,5,0,"0,1,2,0,0,1,0,0,x",10,Alpen Stadium,18:00,03:08,9272,GAME20210623YGDB0076
2021,2021-06-24,Reg Season,Hanshin Tigers,Away,W,6,Chunichi Dragons,6,13,0,"0,0,1,1,2,0,1,0,1",11,Vantelin Dome Nagoya,17:45,02:57,8522,GAME20210624CDHT0077
2021,2021-06-24,Reg Season,Chunichi Dragons,Home,L,0,Hanshin Tigers,0,8,0,"0,0,0,0,0,0,0,0,0",11,Vantelin Dome Nagoya,17:45,02:57,8522,GAME20210624CDHT0077
2021,2021-06-24,Reg Season,Tokyo Yakult Swallows,Away,W,4,Hiroshima Toyo Carp,4,11,0,"0,1,2,0,0,0,0,0,1",10,MAZDA Zoom-Zoom Stadium Hiroshima,18:00,03:01,16264,GAME20210624HCYS0153
2021,2021-06-24,Reg Season,Hiroshima Toyo Carp,Home,L,1,Tokyo Yakult Swallows,1,6,1,"0,0,0,0,0,1,0,0,0",10,MAZDA Zoom-Zoom Stadium Hiroshima,18:00,03:01,16264,GAME20210624HCYS0153
2021,2021-06-24,Reg Season,Fukuoka Softbank Hawks,Away,W,7,Chiba Lotte Marines,7,10,0,"1,0,0,0,0,2,0,0,4",11,ZOZO Marine Stadium,17:45,03:28,4940,GAME20210624LMSH0224
2021,2021-06-24,Reg Season,Chiba Lotte Marines,Home,L,2,Fukuoka Softbank Hawks,2,7,0,"2,0,0,0,0,0,0,0,0",11,ZOZO Marine Stadium,17:45,03:28,4940,GAME20210624LMSH0224
2021,2021-06-24,Reg Season,Hokkaido Nippon-Ham Fighters,Away,W,5,Orix Buffaloes,5,8,0,"1,0,2,1,1,0,0,0,0",11,Kyocera Dome Osaka,18:01,03:11,4921,GAME20210624OBNF0300
2021,2021-06-24,Reg Season,Orix Buffaloes,Home,L,2,Hokkaido Nippon-Ham Fighters,2,7,0,"0,0,0,2,0,0,0,0,0",11,Kyocera Dome Osaka,18:01,03:11,4921,GAME20210624OBNF0300
2021,2021-06-25,Reg Season,Chunichi Dragons,Away,W,6,Hiroshima Toyo Carp,6,8,2,"0,0,0,0,3,0,0,3,0",9,MAZDA Zoom-Zoom Stadium Hiroshima,18:01,03:09,15911,GAME20210625HCCD0225
2021,2021-06-25,Reg Season,Hiroshima Toyo Carp,Home,L,3,Chunichi Dragons,3,9,0,"0,1,0,0,0,2,0,0,0",9,MAZDA Zoom-Zoom Stadium Hiroshima,18:01,03:09,15911,GAME20210625HCCD0225
2021,2021-06-25,Reg Season,Yokohama DeNA Baystars,Away,W,3,Hanshin Tigers,3,9,1,"2,0,0,0,0,1,0,0,0",10,Hanshin Koshien Stadium,18:01,02:54,15011,GAME20210625HTDB0154
2021,2021-06-25,Reg Season,Hanshin Tigers,Home,L,0,Yokohama DeNA Baystars,0,7,1,"0,0,0,0,0,0,0,0,0",10,Hanshin Koshien Stadium,18:01,02:54,15011,GAME20210625HTDB0154
2021,2021-06-25,Reg Season,Saitama Seibu Lions,Away,W,3,Orix Buffaloes,3,7,0,"0,0,0,0,0,0,0,1,2",10,Kyocera Dome Osaka,18:00,02:59,4935,GAME20210625OBSL0374
2021,2021-06-25,Reg Season,Orix Buffaloes,Home,L,1,Saitama Seibu Lions,1,4,0,"0,1,0,0,0,0,0,0,0",10,Kyocera Dome Osaka,18:00,02:59,4935,GAME20210625OBSL0374
2021,2021-06-25,Reg Season,Fukuoka Softbank Hawks,Away,L,1,Tohoku Rakuten Golden Eagles,1,5,0,"0,0,0,0,1,0,0,0,0",9,Rakuten Seimei Park Miyagi,18:00,02:45,7917,GAME20210625RESH0301
2021,2021-06-25,Reg Season,Tohoku Rakuten Golden Eagles,Home,W,5,Fukuoka Softbank Hawks,5,11,0,"0,0,3,1,0,0,1,0,x",9,Rakuten Seimei Park Miyagi,18:00,02:45,7917,GAME20210625RESH0301
2021,2021-06-25,Reg Season,Yomiuri Giants,Away,W,7,Tokyo Yakult Swallows,7,9,0,"0,2,3,0,0,0,2,0,0",8,Meiji Jingu Stadium,17:30,02:34,11528,GAME20210625YSYG0078
2021,2021-06-25,Reg Season,Tokyo Yakult Swallows,Home,L,1,Yomiuri Giants,1,6,1,"0,0,0,0,0,0,1,0,0",8,Meiji Jingu Stadium,17:30,02:34,11528,GAME20210625YSYG0078
2021,2021-06-26,Reg Season,Chunichi Dragons,Away,L,5,Hiroshima Toyo Carp,5,9,1,"1,0,0,0,0,4,0,0,0",10,MAZDA Zoom-Zoom Stadium Hiroshima,14:00,03:21,15878,GAME20210626HCCD0226
2021,2021-06-26,Reg Season,Hiroshima Toyo Carp,Home,W,11,Chunichi Dragons,11,18,0,"0,3,3,0,1,1,3,0,x",10,MAZDA Zoom-Zoom Stadium Hiroshima,14:00,03:21,15878,GAME20210626HCCD0226
2021,2021-06-26,Reg Season,Yokohama DeNA Baystars,Away,W,3,Hanshin Tigers,3,13,1,"0,0,0,0,0,0,2,1,0",11,Hanshin Koshien Stadium,14:02,03:03,16306,GAME20210626HTDB0155
2021,2021-06-26,Reg Season,Hanshin Tigers,Home,L,1,Yokohama DeNA Baystars,1,5,1,"0,1,0,0,0,0,0,0,0",11,Hanshin Koshien Stadium,14:02,03:03,16306,GAME20210626HTDB0155
2021,2021-06-26,Reg Season,Chiba Lotte Marines,Away,W,3,Hokkaido Nippon-Ham Fighters,3,11,0,"0,0,0,1,2,0,0,0,0",7,Kusanagi Baseball Stadium,18:01,03:45,7269,GAME20210626NFLM0302
2021,2021-06-26,Reg Season,Hokkaido Nippon-Ham Fighters,Home,L,1,Chiba Lotte Marines,1,6,1,"0,1,0,0,0,0,0,0,0",7,Kusanagi Baseball Stadium,18:01,03:45,7269,GAME20210626NFLM0302
2021,2021-06-26,Reg Season,Saitama Seibu Lions,Away,T,3,Orix Buffaloes,3,8,0,"0,0,2,1,0,0,0,0,0",11,Kyocera Dome Osaka,14:00,03:20,10758,GAME20210626OBSL0431
2021,2021-06-26,Reg Season,Orix Buffaloes,Home,T,3,Saitama Seibu Lions,3,8,1,"1,0,0,0,0,0,2,0,0",11,Kyocera Dome Osaka,14:00,03:20,10758,GAME20210626OBSL0431
2021,2021-06-26,Reg Season,Fukuoka Softbank Hawks,Away,L,2,Tohoku Rakuten Golden Eagles,2,5,0,"1,0,0,1,0,0,0,0,0",10,Rakuten Seimei Park Miyagi,14:02,03:17,12428,GAME20210626RESH0375
2021,2021-06-26,Reg Season,Tohoku Rakuten Golden Eagles,Home,W,3,Fukuoka Softbank Hawks,3,7,1,"3,0,0,0,0,0,0,0,x",10,Rakuten Seimei Park Miyagi,14:02,03:17,12428,GAME20210626RESH0375
2021,2021-06-26,Reg Season,Yomiuri Giants,Away,W,10,Tokyo Yakult Swallows,10,13,2,"0,2,4,2,1,0,0,1,0",9,Meiji Jingu Stadium,14:01,03:18,14410,GAME20210626YSYG0079
2021,2021-06-26,Reg Season,Tokyo Yakult Swallows,Home,L,3,Yomiuri Giants,3,11,1,"2,0,0,0,0,0,1,0,0",9,Meiji Jingu Stadium,14:01,03:18,14410,GAME20210626YSYG0079
2021,2021-06-27,Reg Season,Chunichi Dragons,Away,T,1,Hiroshima Toyo Carp,1,8,0,"1,0,0,0,0,0,0,0,0",11,MAZDA Zoom-Zoom Stadium Hiroshima,13:31,03:12,16231,GAME20210627HCCD0227
2021,2021-06-27,Reg Season,Hiroshima Toyo Carp,Home,T,1,Chunichi Dragons,1,11,0,"0,0,0,0,0,1,0,0,0",11,MAZDA Zoom-Zoom Stadium Hiroshima,13:31,03:12,16231,GAME20210627HCCD0227
2021,2021-06-27,Reg Season,Yokohama DeNA Baystars,Away,W,8,Hanshin Tigers,8,12,1,"2,0,0,3,1,1,0,1,0",12,Hanshin Koshien Stadium,14:01,03:18,17032,GAME20210627HTDB0156
2021,2021-06-27,Reg Season,Hanshin Tigers,Home,L,3,Yokohama DeNA Baystars,3,8,0,"0,0,0,0,2,0,0,1,0",12,Hanshin Koshien Stadium,14:01,03:18,17032,GAME20210627HTDB0156
2021,2021-06-27,Reg Season,Chiba Lotte Marines,Away,W,8,Hokkaido Nippon-Ham Fighters,8,10,2,"0,0,6,0,0,0,0,0,2",8,Kusanagi Baseball Stadium,14:00,03:03,5062,GAME20210627NFLM0303
2021,2021-06-27,Reg Season,Hokkaido Nippon-Ham Fighters,Home,L,3,Chiba Lotte Marines,3,8,1,"0,0,0,1,0,1,0,0,1",8,Kusanagi Baseball Stadium,14:00,03:03,5062,GAME20210627NFLM0303
2021,2021-06-27,Reg Season,Saitama Seibu Lions,Away,L,0,Orix Buffaloes,0,6,0,"0,0,0,0,0,0,0,0,0",12,Kyocera Dome Osaka,13:00,03:03,10631,GAME20210627OBSL0432
2021,2021-06-27,Reg Season,Orix Buffaloes,Home,W,10,Saitama Seibu Lions,10,15,0,"0,0,0,2,3,0,5,0,x",12,Kyocera Dome Osaka,13:00,03:03,10631,GAME20210627OBSL0432
2021,2021-06-27,Reg Season,Fukuoka Softbank Hawks,Away,L,2,Tohoku Rakuten Golden Eagles,2,6,0,"0,0,0,0,0,2,0,0,0",11,Rakuten Seimei Park Miyagi,13:00,03:08,9680,GAME20210627RESH0376
2021,2021-06-27,Reg Season,Tohoku Rakuten Golden Eagles,Home,W,3,Fukuoka Softbank Hawks,3,11,0,"0,0,0,2,0,1,0,0,x",11,Rakuten Seimei Park Miyagi,13:00,03:08,9680,GAME20210627RESH0376
2021,2021-06-27,Reg Season,Yomiuri Giants,Away,W,5,Tokyo Yakult Swallows,5,8,0,"1,0,0,0,0,3,0,0,1",10,Meiji Jingu Stadium,13:00,02:42,13688,GAME20210627YSYG0080
2021,2021-06-27,Reg Season,Tokyo Yakult Swallows,Home,L,2,Yomiuri Giants,2,7,0,"0,1,0,0,0,1,0,0,0",10,Meiji Jingu Stadium,13:00,02:42,13688,GAME20210627YSYG0080
2021,2021-06-28,Reg Season,Saitama Seibu Lions,Away,W,5,Fukuoka Softbank Hawks,5,7,0,"0,0,1,1,0,3,0,0,0",13,Kyocera Dome Osaka,18:00,02:59,4740,GAME20210628SHSL0081
2021,2021-06-28,Reg Season,Fukuoka Softbank Hawks,Home,L,2,Saitama Seibu Lions,2,8,1,"1,0,0,0,0,0,0,1,0",13,Kyocera Dome Osaka,18:00,02:59,4740,GAME20210628SHSL0081
2021,2021-06-29,Reg Season,Chunichi Dragons,Away,L,2,Yokohama DeNA Baystars,2,8,1,"2,0,0,0,0,0",11,Meiji Jingu Stadium,17:45,01:55,7852,GAME20210629DBCD0163
2021,2021-06-29,Reg Season,Yokohama DeNA Baystars,Home,W,3,Chunichi Dragons,3,7,0,"0,0,0,1,2,0x",11,Meiji Jingu Stadium,17:45,01:55,7852,GAME20210629DBCD0163
2021,2021-06-29,Reg Season,Tokyo Yakult Swallows,Away,L,3,Hanshin Tigers,3,6,0,"0,1,0,1,0,0,0,1,0",10,Hanshin Koshien Stadium,18:01,03:06,11182,GAME20210629HTYS0240
2021,2021-06-29,Reg Season,Hanshin Tigers,Home,W,5,Tokyo Yakult Swallows,5,11,0,"0,5,0,0,0,0,0,0,x",10,Hanshin Koshien Stadium,18:01,03:06,11182,GAME20210629HTYS0240
2021,2021-06-29,Reg Season,Chiba Lotte Marines,Away,T,5,Orix Buffaloes,5,7,0,"1,2,1,1,0,0,0,0,0",12,Kyocera Dome Osaka,18:00,03:26,4855,GAME20210629OBLM0401
2021,2021-06-29,Reg Season,Orix Buffaloes,Home,T,5,Chiba Lotte Marines,5,8,0,"0,0,0,1,0,2,2,0,0",12,Kyocera Dome Osaka,18:00,03:26,4855,GAME20210629OBLM0401
2021,2021-06-29,Reg Season,Hokkaido Nippon-Ham Fighters,Away,T,5,Tohoku Rakuten Golden Eagles,5,11,0,"0,0,4,1,0,0,0,0,0",13,Rakuten Seimei Park Miyagi,18:00,03:26,6214,GAME20210629RENF0322
2021,2021-06-29,Reg Season,Tohoku Rakuten Golden Eagles,Home,T,5,Hokkaido Nippon-Ham Fighters,5,10,0,"0,0,0,1,4,0,0,0,0",13,Rakuten Seimei Park Miyagi,18:00,03:26,6214,GAME20210629RENF0322
2021,2021-06-29,Reg Season,Hiroshima Toyo Carp,Away,L,8,Yomiuri Giants,8,9,0,"2,2,0,0,4,0,0,0,0",12,Tokyo Dome,17:45,03:51,11865,GAME20210629YGHC0082
2021,2021-06-29,Reg Season,Yomiuri Giants,Home,W,11,Hiroshima Toyo Carp,11,11,1,"2,0,4,0,1,0,0,4,x",12,Tokyo Dome,17:45,03:51,11865,GAME20210629YGHC0082
2021,2021-06-30,Reg Season,Chunichi Dragons,Away,L,4,Yokohama DeNA Baystars,4,5,1,"0,1,1,0,1,1,0,0,0",12,Meiji Jingu Stadium,17:45,02:59,6994,GAME20210630DBCD0164
2021,2021-06-30,Reg Season,Yokohama DeNA Baystars,Home,W,9,Chunichi Dragons,9,13,0,"4,3,0,0,1,0,0,1,x",12,Meiji Jingu Stadium,17:45,02:59,6994,GAME20210630DBCD0164
2021,2021-06-30,Reg Season,Tokyo Yakult Swallows,Away,T,2,Hanshin Tigers,2,9,1,"0,0,0,1,0,0,0,1,0",11,Hanshin Koshien Stadium,18:00,03:11,12646,GAME20210630HTYS0241
2021,2021-06-30,Reg Season,Hanshin Tigers,Home,T,2,Tokyo Yakult Swallows,2,6,0,"1,0,0,0,0,0,0,1,0",11,Hanshin Koshien Stadium,18:00,03:11,12646,GAME20210630HTYS0241
2021,2021-06-30,Reg Season,Chiba Lotte Marines,Away,L,0,Orix Buffaloes,0,3,1,"0,0,0,0,0,0,0,0,0",13,Kyocera Dome Osaka,18:00,02:49,4879,GAME20210630OBLM0402
2021,2021-06-30,Reg Season,Orix Buffaloes,Home,W,5,Chiba Lotte Marines,5,12,1,"0,1,0,3,0,0,0,1,x",13,Kyocera Dome Osaka,18:00,02:49,4879,GAME20210630OBLM0402
2021,2021-06-30,Reg Season,Hokkaido Nippon-Ham Fighters,Away,W,3,Tohoku Rakuten Golden Eagles,3,5,1,"0,1,0,0,0,0,0,2,0",14,Rakuten Seimei Park Miyagi,18:01,03:14,8358,GAME20210630RENF0323
2021,2021-06-30,Reg Season,Tohoku Rakuten Golden Eagles,Home,L,0,Hokkaido Nippon-Ham Fighters,0,6,1,"0,0,0,0,0,0,0,0,0",14,Rakuten Seimei Park Miyagi,18:01,03:14,8358,GAME20210630RENF0323
2021,2021-06-30,Reg Season,Saitama Seibu Lions,Away,L,1,Fukuoka Softbank Hawks,1,9,1,"0,0,0,0,0,0,1,0,0",14,Kitakyushu Municipal Baseball Stadium,18:01,03:17,4897,GAME20210630SHSL0461
2021,2021-06-30,Reg Season,Fukuoka Softbank Hawks,Home,W,9,Saitama Seibu Lions,9,15,0,"2,0,4,1,2,0,0,0,x",14,Kitakyushu Municipal Baseball Stadium,18:01,03:17,4897,GAME20210630SHSL0461
2021,2021-06-30,Reg Season,Hiroshima Toyo Carp,Away,W,1,Yomiuri Giants,1,2,0,"0,0,0,0,0,0,0,1,0",13,Tokyo Dome,17:47,02:52,12693,GAME20210630YGHC0083
2021,2021-06-30,Reg Season,Yomiuri Giants,Home,L,0,Hiroshima Toyo Carp,0,6,1,"0,0,0,0,0,0,0,0,0",13,Tokyo Dome,17:47,02:52,12693,GAME20210630YGHC0083
2021,2021-07-01,Reg Season,Tokyo Yakult Swallows,Away,W,6,Hanshin Tigers,6,9,0,"0,0,0,0,0,0,1,0,5",12,Hanshin Koshien Stadium,18:00,02:52,11906,GAME20210701HTYS0165
2021,2021-07-01,Reg Season,Hanshin Tigers,Home,L,1,Tokyo Yakult Swallows,1,6,0,"0,0,0,0,0,1,0,0,0",12,Hanshin Koshien Stadium,18:00,02:52,11906,GAME20210701HTYS0165
2021,2021-07-01,Reg Season,Hokkaido Nippon-Ham Fighters,Away,W,2,Tohoku Rakuten Golden Eagles,2,9,0,"1,0,1,0,0,0,0,0,0",15,Rakuten Seimei Park Miyagi,18:00,03:12,5843,GAME20210701RENF0242
2021,2021-07-01,Reg Season,Tohoku Rakuten Golden Eagles,Home,L,1,Hokkaido Nippon-Ham Fighters,1,6,1,"1,0,0,0,0,0,0,0,0",15,Rakuten Seimei Park Miyagi,18:00,03:12,5843,GAME20210701RENF0242
2021,2021-07-01,Reg Season,Saitama Seibu Lions,Away,W,1,Fukuoka Softbank Hawks,1,5,0,"0,0,0,0,0,0,1,0,0",15,Mizuho PayPay Dome Fukuoka,18:00,02:38,5998,GAME20210701SHSL0324
2021,2021-07-01,Reg Season,Fukuoka Softbank Hawks,Home,L,0,Saitama Seibu Lions,0,3,0,"0,0,0,0,0,0,0,0,0",15,Mizuho PayPay Dome Fukuoka,18:00,02:38,5998,GAME20210701SHSL0324
2021,2021-07-01,Reg Season,Hiroshima Toyo Carp,Away,L,4,Yomiuri Giants,4,8,1,"1,0,3,0,0,0,0,0,0",14,Tokyo Dome,17:45,03:21,10660,GAME20210701YGHC0084
2021,2021-07-01,Reg Season,Yomiuri Giants,Home,W,10,Hiroshima Toyo Carp,10,12,1,"0,0,2,6,2,0,0,0,x",14,Tokyo Dome,17:45,03:21,10660,GAME20210701YGHC0084
2021,2021-07-02,Reg Season,Tokyo Yakult Swallows,Away,W,9,Chunichi Dragons,9,15,1,"1,1,2,1,0,4,0,0,0",12,Vantelin Dome Nagoya,17:45,03:38,5671,GAME20210702CDYS0166
2021,2021-07-02,Reg Season,Chunichi Dragons,Home,L,3,Tokyo Yakult Swallows,3,7,0,"0,0,2,1,0,0,0,0,0",12,Vantelin Dome Nagoya,17:45,03:38,5671,GAME20210702CDYS0166
2021,2021-07-02,Reg Season,Hanshin Tigers,Away,L,1,Hiroshima Toyo Carp,1,8,1,"0,0,0,0,0,0,1,0,0",8,MAZDA Zoom-Zoom Stadium Hiroshima,18:00,02:49,16430,GAME20210702HCHT0243
2021,2021-07-02,Reg Season,Hiroshima Toyo Carp,Home,W,7,Hanshin Tigers,7,9,1,"0,7,0,0,0,0,0,0,x",8,MAZDA Zoom-Zoom Stadium Hiroshima,18:00,02:49,16430,GAME20210702HCHT0243
2021,2021-07-02,Reg Season,Orix Buffaloes,Away,W,5,Saitama Seibu Lions,5,7,0,"2,0,2,0,0,0,1,0,0",13,Belluna Dome,17:45,03:25,10068,GAME20210702SLOB0325
2021,2021-07-02,Reg Season,Saitama Seibu Lions,Home,L,3,Orix Buffaloes,3,8,1,"0,0,1,0,0,0,1,0,1",13,Belluna Dome,17:45,03:25,10068,GAME20210702SLOB0325
2021,2021-07-03,Reg Season,Tokyo Yakult Swallows,Away,W,5,Chunichi Dragons,5,11,0,"0,2,0,1,0,0,1,1,0",13,Vantelin Dome Nagoya,14:00,03:17,8819,GAME20210703CDYS0167
2021,2021-07-03,Reg Season,Chunichi Dragons,Home,L,1,Tokyo Yakult Swallows,1,5,1,"0,0,0,0,0,0,0,0,1",13,Vantelin Dome Nagoya,14:00,03:17,8819,GAME20210703CDYS0167
2021,2021-07-03,Reg Season,Yomiuri Giants,Away,W,3,Yokohama DeNA Baystars,3,5,0,"0,0,2,1,0,0,0,0,0",11,Meiji Jingu Stadium,17:45,03:06,14149,GAME20210703DBYG0085
2021,2021-07-03,Reg Season,Yokohama DeNA Baystars,Home,L,1,Yomiuri Giants,1,10,0,"0,0,0,0,0,0,0,1,0",11,Meiji Jingu Stadium,17:45,03:06,14149,GAME20210703DBYG0085
2021,2021-07-03,Reg Season,Hanshin Tigers,Away,W,5,Hiroshima Toyo Carp,5,14,0,"0,0,1,0,0,0,1,3,0",9,MAZDA Zoom-Zoom Stadium Hiroshima,14:01,03:26,16419,GAME20210703HCHT0244
2021,2021-07-03,Reg Season,Hiroshima Toyo Carp,Home,L,0,Hanshin Tigers,0,4,0,"0,0,0,0,0,0,0,0,0",9,MAZDA Zoom-Zoom Stadium Hiroshima,14:01,03:26,16419,GAME20210703HCHT0244
2021,2021-07-03,Reg Season,Tohoku Rakuten Golden Eagles,Away,L,3,Chiba Lotte Marines,3,12,0,"0,0,1,1,1,0,0,0,0",13,ZOZO Marine Stadium,14:00,03:16,12409,GAME20210703LMRE0462
2021,2021-07-03,Reg Season,Chiba Lotte Marines,Home,W,5,Tohoku Rakuten Golden Eagles,5,10,0,"2,0,0,0,0,0,0,3,x",13,ZOZO Marine Stadium,14:00,03:16,12409,GAME20210703LMRE0462
2021,2021-07-03,Reg Season,Fukuoka Softbank Hawks,Away,W,7,Hokkaido Nippon-Ham Fighters,7,7,1,"2,2,0,2,0,0,0,0,1",13,Okinawa Cellular Stadium Naha,17:47,03:19,1933,GAME20210703NFSH0326
2021,2021-07-03,Reg Season,Hokkaido Nippon-Ham Fighters,Home,L,1,Fukuoka Softbank Hawks,1,6,2,"0,0,0,0,0,0,0,0,1",13,Okinawa Cellular Stadium Naha,17:47,03:19,1933,GAME20210703NFSH0326
2021,2021-07-03,Reg Season,Orix Buffaloes,Away,W,8,Saitama Seibu Lions,8,9,1,"0,4,0,0,0,2,0,2,0",14,Belluna Dome,17:45,02:33,13119,GAME20210703SLOB0403
2021,2021-07-03,Reg Season,Saitama Seibu Lions,Home,L,0,Orix Buffaloes,0,6,1,"0,0,0,0,0,0,0,0,0",14,Belluna Dome,17:45,02:33,13119,GAME20210703SLOB0403
2021,2021-07-04,Reg Season,Tokyo Yakult Swallows,Away,T,3,Chunichi Dragons,3,13,0,"1,1,0,0,0,0,1,0,0",14,Vantelin Dome Nagoya,14:00,03:26,8351,GAME20210704CDYS0168
2021,2021-07-04,Reg Season,Chunichi Dragons,Home,T,3,Tokyo Yakult Swallows,3,8,1,"0,0,0,0,0,1,0,2,0",14,Vantelin Dome Nagoya,14:00,03:26,8351,GAME20210704CDYS0168
2021,2021-07-04,Reg Season,Yomiuri Giants,Away,L,2,Yokohama DeNA Baystars,2,14,0,"0,1,0,0,0,0,0,0,1",12,Meiji Jingu Stadium,17:45,03:32,9553,GAME20210704DBYG0086
2021,2021-07-04,Reg Season,Yokohama DeNA Baystars,Home,W,3,Yomiuri Giants,3,10,0,"0,0,2,0,0,0,1,0,x",12,Meiji Jingu Stadium,17:45,03:32,9553,GAME20210704DBYG0086
2021,2021-07-04,Reg Season,Hanshin Tigers,Away,L,3,Hiroshima Toyo Carp,3,11,0,"1,0,2,0,0,0,0,0,0",10,MAZDA Zoom-Zoom Stadium Hiroshima,13:30,03:43,16389,GAME20210704HCHT0245
2021,2021-07-04,Reg Season,Hiroshima Toyo Carp,Home,W,4,Hanshin Tigers,4,9,2,"0,0,2,0,2,0,0,0,x",10,MAZDA Zoom-Zoom Stadium Hiroshima,13:30,03:43,16389,GAME20210704HCHT0245
2021,2021-07-04,Reg Season,Tohoku Rakuten Golden Eagles,Away,L,6,Chiba Lotte Marines,6,7,0,"0,2,2,0,0,1,0,0,1",14,ZOZO Marine Stadium,14:00,03:24,9132,GAME20210704LMRE0463
2021,2021-07-04,Reg Season,Chiba Lotte Marines,Home,W,8,Tohoku Rakuten Golden Eagles,8,13,0,"2,0,4,0,0,1,0,1,x",14,ZOZO Marine Stadium,14:00,03:24,9132,GAME20210704LMRE0463
2021,2021-07-04,Reg Season,Fukuoka Softbank Hawks,Away,W,5,Hokkaido Nippon-Ham Fighters,5,12,0,"0,0,0,2,1,1,1,0,0",14,Okinawa Cellular Stadium Naha,17:45,03:48,1747,GAME20210704NFSH0327
2021,2021-07-04,Reg Season,Hokkaido Nippon-Ham Fighters,Home,L,0,Fukuoka Softbank Hawks,0,4,0,"0,0,0,0,0,0,0,0,0",14,Okinawa Cellular Stadium Naha,17:45,03:48,1747,GAME20210704NFSH0327
2021,2021-07-04,Reg Season,Orix Buffaloes,Away,W,3,Saitama Seibu Lions,3,9,0,"1,0,1,0,1,0,0,0,0",15,Belluna Dome,13:00,02:38,13231,GAME20210704SLOB0404
2021,2021-07-04,Reg Season,Saitama Seibu Lions,Home,L,2,Orix Buffaloes,2,6,0,"0,1,1,0,0,0,0,0,0",15,Belluna Dome,13:00,02:38,13231,GAME20210704SLOB0404
2021,2021-07-05,Reg Season,Tohoku Rakuten Golden Eagles,Away,L,1,Chiba Lotte Marines,1,5,0,"0,0,1,0,0,0,0,0,0",15,ZOZO Marine Stadium,17:45,02:49,3802,GAME20210705LMRE0087
2021,2021-07-05,Reg Season,Chiba Lotte Marines,Home,W,8,Tohoku Rakuten Golden Eagles,8,11,0,"0,1,1,4,1,0,1,0,x",15,ZOZO Marine Stadium,17:45,02:49,3802,GAME20210705LMRE0087
2021,2021-07-06,Reg Season,Yokohama DeNA Baystars,Away,W,4,Hiroshima Toyo Carp,4,5,0,"0,0,0,2,0,0,0,2,0",12,MAZDA Zoom-Zoom Stadium Hiroshima,18:00,03:10,15598,GAME20210706HCDB0257
2021,2021-07-06,Reg Season,Hiroshima Toyo Carp,Home,L,2,Yokohama DeNA Baystars,2,7,0,"0,0,2,0,0,0,0,0,0",12,MAZDA Zoom-Zoom Stadium Hiroshima,18:00,03:10,15598,GAME20210706HCDB0257
2021,2021-07-06,Reg Season,Fukuoka Softbank Hawks,Away,L,3,Chiba Lotte Marines,3,8,0,"0,0,0,0,0,0,2,1,0",12,ZOZO Marine Stadium,17:45,02:50,6081,GAME20210706LMSH0428
2021,2021-07-06,Reg Season,Chiba Lotte Marines,Home,W,11,Fukuoka Softbank Hawks,11,11,0,"1,0,9,0,1,0,0,0,x",12,ZOZO Marine Stadium,17:45,02:50,6081,GAME20210706LMSH0428
2021,2021-07-06,Reg Season,Saitama Seibu Lions,Away,L,3,Hokkaido Nippon-Ham Fighters,3,11,0,"0,1,0,1,0,0,0,1,0",10,Hanasaki Sports Park Baseball Field,18:00,03:30,3495,GAME20210706NFSL0345
2021,2021-07-06,Reg Season,Hokkaido Nippon-Ham Fighters,Home,W,4,Saitama Seibu Lions,4,12,1,"0,0,3,0,0,0,0,0,1x",10,Hanasaki Sports Park Baseball Field,18:00,03:30,3495,GAME20210706NFSL0345
2021,2021-07-06,Reg Season,Tohoku Rakuten Golden Eagles,Away,W,7,Orix Buffaloes,7,11,1,"1,0,1,0,0,0,0,0,5",12,Kyocera Dome Osaka,18:00,02:49,4942,GAME20210706OBRE0491
2021,2021-07-06,Reg Season,Orix Buffaloes,Home,L,2,Tohoku Rakuten Golden Eagles,2,3,1,"2,0,0,0,0,0,0,0,0",12,Kyocera Dome Osaka,18:00,02:49,4942,GAME20210706OBRE0491
2021,2021-07-06,Reg Season,Chunichi Dragons,Away,W,3,Yomiuri Giants,3,10,1,"1,0,0,0,0,0,0,2,0",12,Maebashi Municipal Baseball Stadium,18:00,03:22,7427,GAME20210706YGCD0088
2021,2021-07-06,Reg Season,Yomiuri Giants,Home,L,2,Chunichi Dragons,2,7,0,"0,0,0,0,2,0,0,0,0",12,Maebashi Municipal Baseball Stadium,18:00,03:22,7427,GAME20210706YGCD0088
2021,2021-07-06,Reg Season,Hanshin Tigers,Away,W,5,Tokyo Yakult Swallows,5,7,0,"0,0,1,3,0,0,0,1,0",13,Meiji Jingu Stadium,17:30,03:01,11569,GAME20210706YSHT0174
2021,2021-07-06,Reg Season,Tokyo Yakult Swallows,Home,L,1,Hanshin Tigers,1,7,0,"0,0,0,0,0,0,0,0,1",13,Meiji Jingu Stadium,17:30,03:01,11569,GAME20210706YSHT0174
2021,2021-07-07,Reg Season,Yokohama DeNA Baystars,Away,T,3,Hiroshima Toyo Carp,3,7,0,"0,0,0,3,0,0,0,0,0",13,MAZDA Zoom-Zoom Stadium Hiroshima,18:00,03:08,14414,GAME20210707HCDB0258
2021,2021-07-07,Reg Season,Hiroshima Toyo Carp,Home,T,3,Yokohama DeNA Baystars,3,7,1,"0,0,0,0,0,1,1,1,0",13,MAZDA Zoom-Zoom Stadium Hiroshima,18:00,03:08,14414,GAME20210707HCDB0258
2021,2021-07-07,Reg Season,Fukuoka Softbank Hawks,Away,L,1,Chiba Lotte Marines,1,5,0,"0,0,1,0,0,0,0,0,0",13,ZOZO Marine Stadium,17:45,02:53,6385,GAME20210707LMSH0429
2021,2021-07-07,Reg Season,Chiba Lotte Marines,Home,W,4,Fukuoka Softbank Hawks,4,11,1,"0,0,0,4,0,0,0,0,x",13,ZOZO Marine Stadium,17:45,02:53,6385,GAME20210707LMSH0429
2021,2021-07-07,Reg Season,Saitama Seibu Lions,Away,L,1,Hokkaido Nippon-Ham Fighters,1,9,0,"0,0,0,0,1,0,0,0,0",11,Hanasaki Sports Park Baseball Field,18:30,03:09,3367,GAME20210707NFSL0346
2021,2021-07-07,Reg Season,Hokkaido Nippon-Ham Fighters,Home,W,2,Saitama Seibu Lions,2,7,0,"0,1,0,1,0,0,0,0,x",11,Hanasaki Sports Park Baseball Field,18:30,03:09,3367,GAME20210707NFSL0346
2021,2021-07-07,Reg Season,Tohoku Rakuten Golden Eagles,Away,W,6,Orix Buffaloes,6,12,2,"0,0,0,0,0,0,0,1,5",13,Kyocera Dome Osaka,18:01,03:27,4989,GAME20210707OBRE0492
2021,2021-07-07,Reg Season,Orix Buffaloes,Home,L,5,Tohoku Rakuten Golden Eagles,5,7,0,"0,0,0,0,0,3,1,1,0",13,Kyocera Dome Osaka,18:01,03:27,4989,GAME20210707OBRE0492
2021,2021-07-07,Reg Season,Chunichi Dragons,Away,L,1,Yomiuri Giants,1,7,0,"0,1,0,0,0,0,0,0,0",13,Tokyo Dome,17:45,02:25,13664,GAME20210707YGCD0089
2021,2021-07-07,Reg Season,Yomiuri Giants,Home,W,3,Chunichi Dragons,3,3,0,"0,1,0,2,0,0,0,0,x",13,Tokyo Dome,17:45,02:25,13664,GAME20210707YGCD0089
2021,2021-07-07,Reg Season,Hanshin Tigers,Away,L,4,Tokyo Yakult Swallows,4,9,2,"2,0,0,2,0,0,0,0,0",14,Meiji Jingu Stadium,17:30,03:47,14667,GAME20210707YSHT0175
2021,2021-07-07,Reg Season,Tokyo Yakult Swallows,Home,W,6,Hanshin Tigers,6,7,0,"4,0,0,0,0,0,0,2,x",14,Meiji Jingu Stadium,17:30,03:47,14667,GAME20210707YSHT0175
2021,2021-07-08,Reg Season,Yokohama DeNA Baystars,Away,L,3,Hiroshima Toyo Carp,3,11,1,"0,3,0,0,0,0,0,0,0",14,MAZDA Zoom-Zoom Stadium Hiroshima,18:01,03:34,11452,GAME20210708HCDB0259
2021,2021-07-08,Reg Season,Hiroshima Toyo Carp,Home,W,5,Yokohama DeNA Baystars,5,8,0,"0,2,1,0,0,0,0,2,x",14,MAZDA Zoom-Zoom Stadium Hiroshima,18:01,03:34,11452,GAME20210708HCDB0259
2021,2021-07-08,Reg Season,Tohoku Rakuten Golden Eagles,Away,T,1,Orix Buffaloes,1,6,0,"0,0,0,0,0,1,0,0,0",14,Kyocera Dome Osaka,18:05,03:14,4997,GAME20210708OBRE0347
2021,2021-07-08,Reg Season,Orix Buffaloes,Home,T,1,Tohoku Rakuten Golden Eagles,1,6,0,"0,0,0,0,1,0,0,0,0",14,Kyocera Dome Osaka,18:05,03:14,4997,GAME20210708OBRE0347
2021,2021-07-08,Reg Season,Chunichi Dragons,Away,W,1,Yomiuri Giants,1,6,0,"0,0,1,0,0,0,0,0,0",14,Tokyo Dome,17:45,02:47,9778,GAME20210708YGCD0090
2021,2021-07-08,Reg Season,Yomiuri Giants,Home,L,0,Chunichi Dragons,0,4,0,"0,0,0,0,0,0,0,0,0",14,Tokyo Dome,17:45,02:47,9778,GAME20210708YGCD0090
2021,2021-07-08,Reg Season,Hanshin Tigers,Away,W,6,Tokyo Yakult Swallows,6,7,1,"0,1,1,0,0,0,0,4,0",15,Meiji Jingu Stadium,17:31,03:16,11631,GAME20210708YSHT0176
2021,2021-07-08,Reg Season,Tokyo Yakult Swallows,Home,L,5,Hanshin Tigers,5,9,1,"0,0,0,3,0,0,0,2,0",15,Meiji Jingu Stadium,17:31,03:16,11631,GAME20210708YSHT0176
2021,2021-07-09,Reg Season,Yokohama DeNA Baystars,Away,L,1,Chunichi Dragons,1,5,0,"0,0,0,0,0,1,0,0,0",13,Vantelin Dome Nagoya,17:45,02:43,7990,GAME20210709CDDB0177
2021,2021-07-09,Reg Season,Chunichi Dragons,Home,W,3,Yokohama DeNA Baystars,3,9,0,"0,1,0,0,0,0,1,1,x",13,Vantelin Dome Nagoya,17:45,02:43,7990,GAME20210709CDDB0177
2021,2021-07-09,Reg Season,Yomiuri Giants,Away,L,1,Hanshin Tigers,1,6,2,"0,0,0,0,1,0,0x",13,Hanshin Koshien Stadium,18:01,01:46,17088,GAME20210709HTYG0260
2021,2021-07-09,Reg Season,Hanshin Tigers,Home,W,4,Yomiuri Giants,4,5,0,"0,0,2,0,1,1",13,Hanshin Koshien Stadium,18:01,01:46,17088,GAME20210709HTYG0260
2021,2021-07-09,Reg Season,Hokkaido Nippon-Ham Fighters,Away,W,6,Chiba Lotte Marines,6,12,2,"0,2,0,0,2,0,1,1,0",9,ZOZO Marine Stadium,17:45,03:06,13687,GAME20210709LMNF0348
2021,2021-07-09,Reg Season,Chiba Lotte Marines,Home,L,1,Hokkaido Nippon-Ham Fighters,1,4,1,"0,0,0,0,0,0,0,1,0",9,ZOZO Marine Stadium,17:45,03:06,13687,GAME20210709LMNF0348
2021,2021-07-09,Reg Season,Orix Buffaloes,Away,W,8,Fukuoka Softbank Hawks,8,10,0,"0,0,1,2,1,1,3,0,0",12,Mizuho PayPay Dome Fukuoka,18:00,03:10,6916,GAME20210709SHOB0430
2021,2021-07-09,Reg Season,Fukuoka Softbank Hawks,Home,L,0,Orix Buffaloes,0,7,0,"0,0,0,0,0,0,0,0,0",12,Mizuho PayPay Dome Fukuoka,18:00,03:10,6916,GAME20210709SHOB0430
2021,2021-07-09,Reg Season,Hiroshima Toyo Carp,Away,L,3,Tokyo Yakult Swallows,3,9,0,"0,0,0,1,0,0,0,2,0",11,Meiji Jingu Stadium,17:30,03:14,8927,GAME20210709YSHC0091
2021,2021-07-09,Reg Season,Tokyo Yakult Swallows,Home,W,4,Hiroshima Toyo Carp,4,8,0,"0,0,0,1,0,0,1,0,2x",11,Meiji Jingu Stadium,17:30,03:14,8927,GAME20210709YSHC0091
2021,2021-07-10,Reg Season,Yokohama DeNA Baystars,Away,L,2,Chunichi Dragons,2,9,2,"0,0,0,0,0,2,0,0,0",14,Vantelin Dome Nagoya,14:00,02:42,8337,GAME20210710CDDB0178
2021,2021-07-10,Reg Season,Chunichi Dragons,Home,W,6,Yokohama DeNA Baystars,6,10,0,"0,0,0,4,1,0,1,0,x",14,Vantelin Dome Nagoya,14:00,02:42,8337,GAME20210710CDDB0178
2021,2021-07-10,Reg Season,Yomiuri Giants,Away,W,8,Hanshin Tigers,8,10,0,"4,0,1,1,1,0,1,0,0",14,Hanshin Koshien Stadium,18:01,02:52,18202,GAME20210710HTYG0261
2021,2021-07-10,Reg Season,Hanshin Tigers,Home,L,1,Yomiuri Giants,1,8,1,"0,0,0,0,0,1,0,0,0",14,Hanshin Koshien Stadium,18:01,02:52,18202,GAME20210710HTYG0261
2021,2021-07-10,Reg Season,Hokkaido Nippon-Ham Fighters,Away,T,4,Chiba Lotte Marines,4,12,1,"0,0,0,1,0,2,0,1,0",10,ZOZO Marine Stadium,17:00,03:43,11032,GAME20210710LMNF0431
2021,2021-07-10,Reg Season,Chiba Lotte Marines,Home,T,4,Hokkaido Nippon-Ham Fighters,4,6,1,"0,0,0,0,1,2,0,1,0",10,ZOZO Marine Stadium,17:00,03:43,11032,GAME20210710LMNF0431
2021,2021-07-10,Reg Season,Saitama Seibu Lions,Away,W,6,Tohoku Rakuten Golden Eagles,6,11,0,"0,4,2,0,0,0,0,0,0",11,Rakuten Seimei Park Miyagi,16:01,03:01,13049,GAME20210710RESL0349
2021,2021-07-10,Reg Season,Tohoku Rakuten Golden Eagles,Home,L,2,Saitama Seibu Lions,2,6,0,"0,0,1,0,0,0,0,1,0",11,Rakuten Seimei Park Miyagi,16:01,03:01,13049,GAME20210710RESL0349
2021,2021-07-10,Reg Season,Orix Buffaloes,Away,L,1,Fukuoka Softbank Hawks,1,6,1,"0,0,1,0,0,0,0,0,0",13,Mizuho PayPay Dome Fukuoka,18:00,03:23,8289,GAME20210710SHOB0493
2021,2021-07-10,Reg Season,Fukuoka Softbank Hawks,Home,W,3,Orix Buffaloes,3,6,0,"0,0,2,0,0,0,0,1,x",13,Mizuho PayPay Dome Fukuoka,18:00,03:23,8289,GAME20210710SHOB0493
2021,2021-07-10,Reg Season,Hiroshima Toyo Carp,Away,W,5,Tokyo Yakult Swallows,5,11,1,"0,2,0,0,0,0,0,1,2",12,Meiji Jingu Stadium,17:31,02:59,14367,GAME20210710YSHC0092
2021,2021-07-10,Reg Season,Tokyo Yakult Swallows,Home,L,0,Hiroshima Toyo Carp,0,2,0,"0,0,0,0,0,0,0,0,0",12,Meiji Jingu Stadium,17:31,02:59,14367,GAME20210710YSHC0092
2021,2021-07-11,Reg Season,Yokohama DeNA Baystars,Away,T,5,Chunichi Dragons,5,12,1,"1,0,0,0,0,0,0,3,1",15,Vantelin Dome Nagoya,14:00,03:09,9665,GAME20210711CDDB0179
2021,2021-07-11,Reg Season,Chunichi Dragons,Home,T,5,Yokohama DeNA Baystars,5,6,0,"0,0,0,0,0,5,0,0,0",15,Vantelin Dome Nagoya,14:00,03:09,9665,GAME20210711CDDB0179
2021,2021-07-11,Reg Season,Yomiuri Giants,Away,W,1,Hanshin Tigers,1,4,0,"0,0,0,0,0,0,0,1,0",15,Hanshin Koshien Stadium,18:01,02:19,17755,GAME20210711HTYG0262
2021,2021-07-11,Reg Season,Hanshin Tigers,Home,L,0,Yomiuri Giants,0,1,0,"0,0,0,0,0,0,0,0,0",15,Hanshin Koshien Stadium,18:01,02:19,17755,GAME20210711HTYG0262
2021,2021-07-11,Reg Season,Saitama Seibu Lions,Away,L,3,Tohoku Rakuten Golden Eagles,3,5,0,"0,0,1,0,2,0,0,0,0",12,Rakuten Seimei Park Miyagi,13:40,02:39,11832,GAME20210711RESL0350
2021,2021-07-11,Reg Season,Tohoku Rakuten Golden Eagles,Home,W,9,Saitama Seibu Lions,9,10,0,"1,0,0,0,0,2,3,3,x",12,Rakuten Seimei Park Miyagi,13:40,02:39,11832,GAME20210711RESL0350
2021,2021-07-11,Reg Season,Orix Buffaloes,Away,L,4,Fukuoka Softbank Hawks,4,8,2,"0,0,0,2,0,2,0,0,0",14,Mizuho PayPay Dome Fukuoka,14:00,03:25,7925,GAME20210711SHOB0494
2021,2021-07-11,Reg Season,Fukuoka Softbank Hawks,Home,W,7,Orix Buffaloes,7,12,0,"0,0,1,1,0,1,1,3,x",14,Mizuho PayPay Dome Fukuoka,14:00,03:25,7925,GAME20210711SHOB0494
2021,2021-07-12,Reg Season,Chunichi Dragons,Away,L,2,Hiroshima Toyo Carp,2,8,1,"1,0,0,1,0,0,0,0,0",12,MAZDA Zoom-Zoom Stadium Hiroshima,18:00,03:23,12144,GAME20210712HCCD0183
2021,2021-07-12,Reg Season,Hiroshima Toyo Carp,Home,W,6,Chunichi Dragons,6,12,0,"4,0,0,0,0,2,0,0,x",12,MAZDA Zoom-Zoom Stadium Hiroshima,18:00,03:23,12144,GAME20210712HCCD0183
2021,2021-07-12,Reg Season,Yokohama DeNA Baystars,Away,L,3,Hanshin Tigers,3,4,1,"0,0,1,0,0,0,2,0,0",13,Hanshin Koshien Stadium,18:00,03:10,13121,GAME20210712HTDB0093
2021,2021-07-12,Reg Season,Hanshin Tigers,Home,W,4,Yokohama DeNA Baystars,4,12,2,"0,0,0,0,0,0,0,0,4x",13,Hanshin Koshien Stadium,18:00,03:10,13121,GAME20210712HTDB0093
2021,2021-07-12,Reg Season,Tohoku Rakuten Golden Eagles,Away,L,0,Fukuoka Softbank Hawks,0,2,0,"0,0,0,0,0,0,0,0,0",12,Mizuho PayPay Dome Fukuoka,18:00,02:58,9957,GAME20210712SHRE0269
2021,2021-07-12,Reg Season,Fukuoka Softbank Hawks,Home,W,8,Tohoku Rakuten Golden Eagles,8,11,0,"3,0,3,0,0,2,0,0,x",12,Mizuho PayPay Dome Fukuoka,18:00,02:58,9957,GAME20210712SHRE0269
2021,2021-07-13,Reg Season,Chunichi Dragons,Away,L,3,Hiroshima Toyo Carp,3,7,1,"0,1,0,0,0,0,2,0,0",13,MAZDA Zoom-Zoom Stadium Hiroshima,18:00,03:16,14306,GAME20210713HCCD0270
2021,2021-07-13,Reg Season,Hiroshima Toyo Carp,Home,W,8,Chunichi Dragons,8,15,0,"1,0,3,0,3,0,1,0,x",13,MAZDA Zoom-Zoom Stadium Hiroshima,18:00,03:16,14306,GAME20210713HCCD0270
2021,2021-07-13,Reg Season,Yokohama DeNA Baystars,Away,W,8,Hanshin Tigers,8,16,0,"3,0,1,0,0,0,0,4,0",14,Hanshin Koshien Stadium,18:02,03:14,14013,GAME20210713HTDB0184
2021,2021-07-13,Reg Season,Hanshin Tigers,Home,L,2,Yokohama DeNA Baystars,2,6,0,"0,0,0,0,0,0,1,0,1",14,Hanshin Koshien Stadium,18:02,03:14,14013,GAME20210713HTDB0184
2021,2021-07-13,Reg Season,Orix Buffaloes,Away,W,5,Hokkaido Nippon-Ham Fighters,5,8,0,"5,0,0,0,0,0,0,0,0",12,Kushiroshi Fujimi Baseball Field,13:01,03:03,4543,GAME20210713NFOB0360
2021,2021-07-13,Reg Season,Hokkaido Nippon-Ham Fighters,Home,L,0,Orix Buffaloes,0,4,3,"0,0,0,0,0,0,0,0,0",12,Kushiroshi Fujimi Baseball Field,13:01,03:03,4543,GAME20210713NFOB0360
2021,2021-07-13,Reg Season,Tohoku Rakuten Golden Eagles,Away,W,6,Fukuoka Softbank Hawks,6,8,0,"0,1,2,1,0,1,1,0,0",13,Mizuho PayPay Dome Fukuoka,18:00,03:04,9845,GAME20210713SHRE0508
2021,2021-07-13,Reg Season,Fukuoka Softbank Hawks,Home,L,2,Tohoku Rakuten Golden Eagles,2,6,0,"1,0,0,0,0,0,0,1,0",13,Mizuho PayPay Dome Fukuoka,18:00,03:04,9845,GAME20210713SHRE0508
2021,2021-07-13,Reg Season,Chiba Lotte Marines,Away,W,7,Saitama Seibu Lions,7,8,0,"2,5,0,0,0,0,0,0,0",13,Belluna Dome,17:46,03:23,13399,GAME20210713SLLM0443
2021,2021-07-13,Reg Season,Saitama Seibu Lions,Home,L,6,Chiba Lotte Marines,6,10,0,"0,0,2,0,3,0,0,0,1",13,Belluna Dome,17:46,03:23,13399,GAME20210713SLLM0443
2021,2021-07-13,Reg Season,Tokyo Yakult Swallows,Away,W,14,Yomiuri Giants,14,14,0,"0,4,0,3,2,1,0,4,0",11,Tokyo Dome,17:45,03:06,9880,GAME20210713YGYS0094
2021,2021-07-13,Reg Season,Yomiuri Giants,Home,L,6,Tokyo Yakult Swallows,6,9,0,"1,0,0,1,0,1,0,3,0",11,Tokyo Dome,17:45,03:06,9880,GAME20210713YGYS0094
2021,2021-07-14,Reg Season,Chunichi Dragons,Away,L,0,Hiroshima Toyo Carp,0,5,0,"0,0,0,0,0,0,0,0,0",14,MAZDA Zoom-Zoom Stadium Hiroshima,18:00,02:47,14910,GAME20210714HCCD0271
2021,2021-07-14,Reg Season,Hiroshima Toyo Carp,Home,W,2,Chunichi Dragons,2,6,0,"0,0,0,1,0,0,0,1,x",14,MAZDA Zoom-Zoom Stadium Hiroshima,18:00,02:47,14910,GAME20210714HCCD0271
2021,2021-07-14,Reg Season,Yokohama DeNA Baystars,Away,W,4,Hanshin Tigers,4,9,0,"0,2,0,1,0,0,0,1,0",15,Hanshin Koshien Stadium,18:00,03:36,15254,GAME20210714HTDB0185
2021,2021-07-14,Reg Season,Hanshin Tigers,Home,L,3,Yokohama DeNA Baystars,3,7,0,"0,0,1,0,0,0,0,2,0",15,Hanshin Koshien Stadium,18:00,03:36,15254,GAME20210714HTDB0185
2021,2021-07-14,Reg Season,Orix Buffaloes,Away,L,2,Hokkaido Nippon-Ham Fighters,2,6,0,"0,0,0,0,2,0,0,0,0",13,Obihiro no Mori Baseball Stadium,13:00,03:12,4444,GAME20210714NFOB0361
2021,2021-07-14,Reg Season,Hokkaido Nippon-Ham Fighters,Home,W,6,Orix Buffaloes,6,11,0,"0,0,0,1,0,2,3,0,x",13,Obihiro no Mori Baseball Stadium,13:00,03:12,4444,GAME20210714NFOB0361
2021,2021-07-14,Reg Season,Tohoku Rakuten Golden Eagles,Away,W,4,Fukuoka Softbank Hawks,4,6,0,"3,0,1,0,0,0,0,0,0",14,Mizuho PayPay Dome Fukuoka,18:00,03:34,9930,GAME20210714SHRE0509
2021,2021-07-14,Reg Season,Fukuoka Softbank Hawks,Home,L,2,Tohoku Rakuten Golden Eagles,2,7,1,"0,0,0,0,2,0,0,0,0",14,Mizuho PayPay Dome Fukuoka,18:00,03:34,9930,GAME20210714SHRE0509
2021,2021-07-14,Reg Season,Chiba Lotte Marines,Away,L,3,Saitama Seibu Lions,3,6,0,"0,0,0,3,0,0,0,0,0",14,Belluna Dome,17:45,02:32,9893,GAME20210714SLLM0444
2021,2021-07-14,Reg Season,Saitama Seibu Lions,Home,W,8,Chiba Lotte Marines,8,9,1,"0,0,4,0,0,0,2,2,x",14,Belluna Dome,17:45,02:32,9893,GAME20210714SLLM0444
2021,2021-07-14,Reg Season,Tokyo Yakult Swallows,Away,W,11,Yomiuri Giants,11,12,0,"4,0,0,1,0,3,3,0,0",12,Tokyo Dome,17:45,04:12,10767,GAME20210714YGYS0095
2021,2021-07-14,Reg Season,Yomiuri Giants,Home,L,7,Tokyo Yakult Swallows,7,12,0,"2,0,2,0,0,0,0,0,3",12,Tokyo Dome,17:45,04:12,10767,GAME20210714YGYS0095
2021,2021-08-13,Reg Season,Hiroshima Toyo Carp,Away,W,9,Hanshin Tigers,9,10,0,"4,0,0,0,1,0,1,0,3",11,Kyocera Dome Osaka,18:01,03:08,4989,GAME20210813HTHC0195
2021,2021-08-13,Reg Season,Hanshin Tigers,Home,L,3,Hiroshima Toyo Carp,3,7,1,"0,0,0,0,1,0,0,0,2",11,Kyocera Dome Osaka,18:01,03:08,4989,GAME20210813HTHC0195
2021,2021-08-13,Reg Season,Orix Buffaloes,Away,W,6,Chiba Lotte Marines,6,10,0,"2,2,0,0,2,0,0,0,0",14,ZOZO Marine Stadium,17:45,03:02,14942,GAME20210813LMOB0387
2021,2021-08-13,Reg Season,Chiba Lotte Marines,Home,L,3,Orix Buffaloes,3,11,0,"0,0,0,1,0,1,0,0,1",14,ZOZO Marine Stadium,17:45,03:02,14942,GAME20210813LMOB0387
2021,2021-08-13,Reg Season,Hokkaido Nippon-Ham Fighters,Away,L,0,Fukuoka Softbank Hawks,0,1,0,"0,0,0,0,0,0,0,0,0",15,Mizuho PayPay Dome Fukuoka,18:00,02:37,6150,GAME20210813SHNF0477
2021,2021-08-13,Reg Season,Fukuoka Softbank Hawks,Home,W,3,Hokkaido Nippon-Ham Fighters,3,9,0,"2,0,1,0,0,0,0,0,x",15,Mizuho PayPay Dome Fukuoka,18:00,02:37,6150,GAME20210813SHNF0477
2021,2021-08-13,Reg Season,Tohoku Rakuten Golden Eagles,Away,W,5,Saitama Seibu Lions,5,13,0,"0,1,0,0,2,0,0,2,0",13,Belluna Dome,17:45,03:24,7477,GAME20210813SLRE0289
2021,2021-08-13,Reg Season,Saitama Seibu Lions,Home,L,0,Tohoku Rakuten Golden Eagles,0,1,0,"0,0,0,0,0,0,0,0,0",13,Belluna Dome,17:45,03:24,7477,GAME20210813SLRE0289
2021,2021-08-13,Reg Season,Chunichi Dragons,Away,L,2,Yomiuri Giants,2,5,0,"0,0,0,0,0,0,2,0,0",15,Tokyo Dome,17:47,03:19,5880,GAME20210813YGCD0096
2021,2021-08-13,Reg Season,Yomiuri Giants,Home,W,4,Chunichi Dragons,4,11,1,"1,0,0,0,0,0,0,3,x",15,Tokyo Dome,17:47,03:19,5880,GAME20210813YGCD0096
2021,2021-08-14,Reg Season,Hiroshima Toyo Carp,Away,L,3,Hanshin Tigers,3,6,2,"1,0,0,0,0,2,0,0,0",12,Kyocera Dome Osaka,18:00,03:19,4986,GAME20210814HTHC0290
2021,2021-08-14,Reg Season,Hanshin Tigers,Home,W,9,Hiroshima Toyo Carp,9,16,0,"0,2,1,4,0,0,2,0,x",12,Kyocera Dome Osaka,18:00,03:19,4986,GAME20210814HTHC0290
2021,2021-08-14,Reg Season,Orix Buffaloes,Away,L,2,Chiba Lotte Marines,2,5,1,"0,2,0,0,0,0,0,0,0",15,ZOZO Marine Stadium,17:00,03:17,13040,GAME20210814LMOB0478
2021,2021-08-14,Reg Season,Chiba Lotte Marines,Home,W,4,Orix Buffaloes,4,8,0,"0,4,0,0,0,0,0,0,x",15,ZOZO Marine Stadium,17:00,03:17,13040,GAME20210814LMOB0478
2021,2021-08-14,Reg Season,Hokkaido Nippon-Ham Fighters,Away,L,0,Fukuoka Softbank Hawks,0,3,0,"0,0,0,0,0,0,0,0,0",16,Mizuho PayPay Dome Fukuoka,14:00,02:59,5326,GAME20210814SHNF0550
2021,2021-08-14,Reg Season,Fukuoka Softbank Hawks,Home,W,2,Hokkaido Nippon-Ham Fighters,2,6,1,"0,0,0,1,0,0,1,0,x",16,Mizuho PayPay Dome Fukuoka,14:00,02:59,5326,GAME20210814SHNF0550
2021,2021-08-14,Reg Season,Tohoku Rakuten Golden Eagles,Away,W,7,Saitama Seibu Lions,7,10,0,"0,1,1,2,0,0,2,1,0",14,Belluna Dome,17:00,03:25,7340,GAME20210814SLRE0388
2021,2021-08-14,Reg Season,Saitama Seibu Lions,Home,L,6,Tohoku Rakuten Golden Eagles,6,12,0,"0,0,2,0,2,0,0,2,0",14,Belluna Dome,17:00,03:25,7340,GAME20210814SLRE0388
2021,2021-08-14,Reg Season,Chunichi Dragons,Away,L,1,Yomiuri Giants,1,9,1,"1,0,0,0,0,0,0,0,0",16,Tokyo Dome,14:00,02:41,6324,GAME20210814YGCD0097
2021,2021-08-14,Reg Season,Yomiuri Giants,Home,W,6,Chunichi Dragons,6,9,0,"3,0,0,0,0,2,0,1,x",16,Tokyo Dome,14:00,02:41,6324,GAME20210814YGCD0097
2021,2021-08-15,Reg Season,Tokyo Yakult Swallows,Away,W,4,Yokohama DeNA Baystars,4,7,1,"0,0,0,0,0,2,1,1,0",13,HARD OFF ECO Stadium Niigata,18:01,03:16,9556,GAME20210815DBYS0196
2021,2021-08-15,Reg Season,Yokohama DeNA Baystars,Home,L,1,Tokyo Yakult Swallows,1,5,2,"0,1,0,0,0,0,0,0,0",13,HARD OFF ECO Stadium Niigata,18:01,03:16,9556,GAME20210815DBYS0196
2021,2021-08-15,Reg Season,Hiroshima Toyo Carp,Away,L,0,Hanshin Tigers,0,7,2,"0,0,0,0,0,0,0,0,0",13,Kyocera Dome Osaka,18:00,03:07,4979,GAME20210815HTHC0291
2021,2021-08-15,Reg Season,Hanshin Tigers,Home,W,3,Hiroshima Toyo Carp,3,6,0,"1,0,1,0,0,0,0,1,x",13,Kyocera Dome Osaka,18:00,03:07,4979,GAME20210815HTHC0291
2021,2021-08-15,Reg Season,Orix Buffaloes,Away,W,5,Chiba Lotte Marines,5,8,0,"0,2,0,0,0,2,0,1,0",16,ZOZO Marine Stadium,17:22,02:57,10937,GAME20210815LMOB0479
2021,2021-08-15,Reg Season,Chiba Lotte Marines,Home,L,3,Orix Buffaloes,3,9,0,"0,0,0,1,2,0,0,0,0",16,ZOZO Marine Stadium,17:22,02:57,10937,GAME20210815LMOB0479
2021,2021-08-15,Reg Season,Hokkaido Nippon-Ham Fighters,Away,T,0,Fukuoka Softbank Hawks,0,0,0,"0,0,0,0,0,0,0,0,0",17,Mizuho PayPay Dome Fukuoka,13:00,02:37,5361,GAME20210815SHNF0551
2021,2021-08-15,Reg Season,Fukuoka Softbank Hawks,Home,T,0,Hokkaido Nippon-Ham Fighters,0,3,0,"0,0,0,0,0,0,0,0,0",17,Mizuho PayPay Dome Fukuoka,13:00,02:37,5361,GAME20210815SHNF0551
2021,2021-08-15,Reg Season,Tohoku Rakuten Golden Eagles,Away,L,2,Saitama Seibu Lions,2,6,1,"0,0,0,0,1,0,0,0,1",15,Belluna Dome,17:02,02:58,7291,GAME20210815SLRE0389
2021,2021-08-15,Reg Season,Saitama Seibu Lions,Home,W,10,Tohoku Rakuten Golden Eagles,10,12,0,"1,5,0,0,1,3,0,0,x",15,Belluna Dome,17:02,02:58,7291,GAME20210815SLRE0389
2021,2021-08-15,Reg Season,Chunichi Dragons,Away,L,2,Yomiuri Giants,2,4,0,"0,0,0,0,2,0,0,0,0",17,Tokyo Dome,14:00,02:51,6158,GAME20210815YGCD0098
2021,2021-08-15,Reg Season,Yomiuri Giants,Home,W,4,Chunichi Dragons,4,7,0,"1,0,2,1,0,0,0,0,x",17,Tokyo Dome,14:00,02:51,6158,GAME20210815YGCD0098
2021,2021-08-17,Reg Season,Hiroshima Toyo Carp,Away,L,0,Chunichi Dragons,0,6,0,"0,0,0,0,0,0,0,0,0",15,Vantelin Dome Nagoya,17:45,02:25,11622,GAME20210817CDHC0292
2021,2021-08-17,Reg Season,Chunichi Dragons,Home,W,3,Hiroshima Toyo Carp,3,7,0,"0,0,1,0,0,0,1,1,x",15,Vantelin Dome Nagoya,17:45,02:25,11622,GAME20210817CDHC0292
2021,2021-08-17,Reg Season,Hanshin Tigers,Away,W,6,Yokohama DeNA Baystars,6,10,1,"1,0,1,0,0,1,0,3,0",16,Tokyo Dome,17:45,03:48,4896,GAME20210817DBHT0197
2021,2021-08-17,Reg Season,Yokohama DeNA Baystars,Home,L,2,Hanshin Tigers,2,10,0,"0,0,0,2,0,0,0,0,0",16,Tokyo Dome,17:45,03:48,4896,GAME20210817DBHT0197
2021,2021-08-17,Reg Season,Saitama Seibu Lions,Away,W,8,Chiba Lotte Marines,8,13,1,"0,0,0,2,5,0,0,1,0",15,ZOZO Marine Stadium,17:45,03:12,7292,GAME20210817LMSL0480
2021,2021-08-17,Reg Season,Chiba Lotte Marines,Home,L,2,Saitama Seibu Lions,2,10,0,"0,1,0,0,0,1,0,0,0",15,ZOZO Marine Stadium,17:45,03:12,7292,GAME20210817LMSL0480
2021,2021-08-17,Reg Season,Yomiuri Giants,Away,L,3,Tokyo Yakult Swallows,3,7,2,"0,0,0,0,0,2,0,1,0",13,Matsuyama Central Park Baseball Stadium,18:32,03:30,11787,GAME20210817YSYG0099
2021,2021-08-17,Reg Season,Tokyo Yakult Swallows,Home,W,13,Yomiuri Giants,13,13,1,"1,0,0,1,0,9,0,2,x",13,Matsuyama Central Park Baseball Stadium,18:32,03:30,11787,GAME20210817YSYG0099
2021,2021-08-18,Reg Season,Hiroshima Toyo Carp,Away,L,0,Chunichi Dragons,0,1,1,"0,0,0,0,0,0,0,0,0",16,Vantelin Dome Nagoya,17:45,02:27,9581,GAME20210818CDHC0293
2021,2021-08-18,Reg Season,Chunichi Dragons,Home,W,3,Hiroshima Toyo Carp,3,7,0,"0,2,0,0,0,1,0,0,x",16,Vantelin Dome Nagoya,17:45,02:27,9581,GAME20210818CDHC0293
2021,2021-08-18,Reg Season,Hanshin Tigers,Away,W,5,Yokohama DeNA Baystars,5,11,0,"0,1,0,0,0,0,0,3,1",17,Tokyo Dome,17:45,03:08,4896,GAME20210818DBHT0198
2021,2021-08-18,Reg Season,Yokohama DeNA Baystars,Home,L,2,Hanshin Tigers,2,4,0,"0,0,0,1,0,0,1,0,0",17,Tokyo Dome,17:45,03:08,4896,GAME20210818DBHT0198
2021,2021-08-18,Reg Season,Saitama Seibu Lions,Away,L,3,Chiba Lotte Marines,3,6,2,"0,0,1,0,1,0,0,1,0",16,ZOZO Marine Stadium,17:45,02:46,7008,GAME20210818LMSL0481
2021,2021-08-18,Reg Season,Chiba Lotte Marines,Home,W,5,Saitama Seibu Lions,5,10,0,"0,2,0,0,1,2,0,0,x",16,ZOZO Marine Stadium,17:45,02:46,7008,GAME20210818LMSL0481
2021,2021-08-18,Reg Season,Hokkaido Nippon-Ham Fighters,Away,L,2,Orix Buffaloes,2,7,1,"0,0,2,0,0,0,0,0,0",14,Kobe Athletic Park Baseball Field,18:01,04:07,11405,GAME20210818OBNF0552
2021,2021-08-18,Reg Season,Orix Buffaloes,Home,W,5,Hokkaido Nippon-Ham Fighters,5,11,0,"2,0,0,0,1,0,0,2,x",14,Kobe Athletic Park Baseball Field,18:01,04:07,11405,GAME20210818OBNF0552
2021,2021-08-18,Reg Season,Fukuoka Softbank Hawks,Away,W,3,Tohoku Rakuten Golden Eagles,3,13,0,"2,1,0,0,0,0,0,0,0",15,Rakuten Seimei Park Miyagi,18:00,03:08,10193,GAME20210818RESH0390
2021,2021-08-18,Reg Season,Tohoku Rakuten Golden Eagles,Home,L,0,Fukuoka Softbank Hawks,0,3,0,"0,0,0,0,0,0,0,0,0",15,Rakuten Seimei Park Miyagi,18:00,03:08,10193,GAME20210818RESH0390
2021,2021-08-18,Reg Season,Yomiuri Giants,Away,W,3,Tokyo Yakult Swallows,3,7,0,"0,0,0,0,1,0,2,0,0",14,Matsuyama Central Park Baseball Stadium,18:30,02:54,10987,GAME20210818YSYG0100
2021,2021-08-18,Reg Season,Tokyo Yakult Swallows,Home,L,2,Yomiuri Giants,2,6,0,"0,2,0,0,0,0,0,0,0",14,Matsuyama Central Park Baseball Stadium,18:30,02:54,10987,GAME20210818YSYG0100
2021,2021-08-19,Reg Season,Hiroshima Toyo Carp,Away,W,3,Chunichi Dragons,3,11,0,"0,0,0,0,1,0,2,0,0",17,Vantelin Dome Nagoya,17:45,03:28,9078,GAME20210819CDHC0199
2021,2021-08-19,Reg Season,Chunichi Dragons,Home,L,1,Hiroshima Toyo Carp,1,8,1,"0,0,0,0,0,0,0,1,0",17,Vantelin Dome Nagoya,17:45,03:28,9078,GAME20210819CDHC0199
2021,2021-08-19,Reg Season,Hanshin Tigers,Away,L,4,Yokohama DeNA Baystars,4,7,0,"0,0,0,0,2,0,1,0,1",18,Tokyo Dome,17:45,03:48,4908,GAME20210819DBHT0101
2021,2021-08-19,Reg Season,Yokohama DeNA Baystars,Home,W,5,Hanshin Tigers,5,11,0,"2,0,0,0,2,0,0,1,x",18,Tokyo Dome,17:45,03:48,4908,GAME20210819DBHT0101
2021,2021-08-19,Reg Season,Saitama Seibu Lions,Away,T,3,Chiba Lotte Marines,3,4,0,"0,0,0,3,0,0,0,0,0",17,ZOZO Marine Stadium,17:45,03:09,7048,GAME20210819LMSL0294
2021,2021-08-19,Reg Season,Chiba Lotte Marines,Home,T,3,Saitama Seibu Lions,3,10,0,"0,0,0,0,0,0,1,2,0",17,ZOZO Marine Stadium,17:45,03:09,7048,GAME20210819LMSL0294
2021,2021-08-20,Reg Season,Hanshin Tigers,Away,L,0,Chunichi Dragons,0,4,1,"0,0,0,0,0,0,0,0,0",12,Vantelin Dome Nagoya,17:45,02:54,12111,GAME20210820CDHT0200
2021,2021-08-20,Reg Season,Chunichi Dragons,Home,W,6,Hanshin Tigers,6,11,1,"0,5,0,0,0,0,0,1,x",12,Vantelin Dome Nagoya,17:45,02:54,12111,GAME20210820CDHT0200
2021,2021-08-20,Reg Season,Tokyo Yakult Swallows,Away,L,4,Hiroshima Toyo Carp,4,9,1,"0,1,1,1,1,0,0,0,0",13,MAZDA Zoom-Zoom Stadium Hiroshima,18:01,03:10,11224,GAME20210820HCYS0295
2021,2021-08-20,Reg Season,Hiroshima Toyo Carp,Home,W,5,Tokyo Yakult Swallows,5,11,0,"0,0,0,0,0,5,0,0,x",13,MAZDA Zoom-Zoom Stadium Hiroshima,18:01,03:10,11224,GAME20210820HCYS0295
2021,2021-08-20,Reg Season,Tohoku Rakuten Golden Eagles,Away,T,3,Hokkaido Nippon-Ham Fighters,3,8,0,"0,0,0,0,2,0,0,0,1",16,Sapporo Dome,18:01,03:37,5566,GAME20210820NFRE0391
2021,2021-08-20,Reg Season,Hokkaido Nippon-Ham Fighters,Home,T,3,Tohoku Rakuten Golden Eagles,3,7,0,"0,0,2,0,0,0,0,1,0",16,Sapporo Dome,18:01,03:37,5566,GAME20210820NFRE0391
2021,2021-08-20,Reg Season,Saitama Seibu Lions,Away,L,1,Orix Buffaloes,1,3,0,"0,0,1,0,0,0,0,0,0",16,Kyocera Dome Osaka,18:03,02:44,4853,GAME20210820OBSL0482
2021,2021-08-20,Reg Season,Orix Buffaloes,Home,W,2,Saitama Seibu Lions,2,9,0,"0,0,1,0,0,0,0,0,1x",16,Kyocera Dome Osaka,18:03,02:44,4853,GAME20210820OBSL0482
2021,2021-08-20,Reg Season,Chiba Lotte Marines,Away,W,5,Fukuoka Softbank Hawks,5,7,1,"0,0,0,2,0,0,0,0,3",14,Mizuho PayPay Dome Fukuoka,18:00,02:52,0,GAME20210820SHLM0553
2021,2021-08-20,Reg Season,Fukuoka Softbank Hawks,Home,L,3,Chiba Lotte Marines,3,9,0,"0,0,0,0,0,2,0,0,1",14,Mizuho PayPay Dome Fukuoka,18:00,02:52,0,GAME20210820SHLM0553
2021,2021-08-20,Reg Season,Yokohama DeNA Baystars,Away,W,6,Yomiuri Giants,6,9,1,"0,0,0,0,3,0,0,1,2",13,Tokyo Dome,17:47,02:57,6162,GAME20210820YGDB0102
2021,2021-08-20,Reg Season,Yomiuri Giants,Home,L,1,Yokohama DeNA Baystars,1,5,0,"0,1,0,0,0,0,0,0,0",13,Tokyo Dome,17:47,02:57,6162,GAME20210820YGDB0102
2021,2021-08-21,Reg Season,Hanshin Tigers,Away,L,2,Chunichi Dragons,2,8,2,"0,1,0,1,0,0,0,0,0",13,Vantelin Dome Nagoya,14:00,03:26,15618,GAME20210821CDHT0201
2021,2021-08-21,Reg Season,Chunichi Dragons,Home,W,6,Hanshin Tigers,6,13,0,"2,1,0,2,0,0,0,1,x",13,Vantelin Dome Nagoya,14:00,03:26,15618,GAME20210821CDHT0201
2021,2021-08-21,Reg Season,Tokyo Yakult Swallows,Away,W,8,Hiroshima Toyo Carp,8,16,1,"1,0,0,2,2,0,0,2,1",14,MAZDA Zoom-Zoom Stadium Hiroshima,18:00,03:52,12851,GAME20210821HCYS0296
2021,2021-08-21,Reg Season,Hiroshima Toyo Carp,Home,L,3,Tokyo Yakult Swallows,3,9,0,"1,0,1,0,0,1,0,0,0",14,MAZDA Zoom-Zoom Stadium Hiroshima,18:00,03:52,12851,GAME20210821HCYS0296
2021,2021-08-21,Reg Season,Tohoku Rakuten Golden Eagles,Away,W,8,Hokkaido Nippon-Ham Fighters,8,14,1,"3,0,0,1,2,0,1,1,0",17,Sapporo Dome,15:01,03:35,8413,GAME20210821NFRE0392
2021,2021-08-21,Reg Season,Hokkaido Nippon-Ham Fighters,Home,L,4,Tohoku Rakuten Golden Eagles,4,8,1,"0,0,0,0,0,0,2,0,2",17,Sapporo Dome,15:01,03:35,8413,GAME20210821NFRE0392
2021,2021-08-21,Reg Season,Saitama Seibu Lions,Away,L,0,Orix Buffaloes,0,7,0,"0,0,0,0,0,0,0,0,0",17,Kyocera Dome Osaka,14:01,02:29,5216,GAME20210821OBSL0483
2021,2021-08-21,Reg Season,Orix Buffaloes,Home,W,2,Saitama Seibu Lions,2,6,0,"0,0,0,0,0,1,0,1,x",17,Kyocera Dome Osaka,14:01,02:29,5216,GAME20210821OBSL0483
2021,2021-08-21,Reg Season,Chiba Lotte Marines,Away,W,8,Fukuoka Softbank Hawks,8,9,0,"0,0,0,0,0,0,5,0,3",15,Mizuho PayPay Dome Fukuoka,18:00,03:38,0,GAME20210821SHLM0554
2021,2021-08-21,Reg Season,Fukuoka Softbank Hawks,Home,L,6,Chiba Lotte Marines,6,12,1,"0,1,0,0,0,4,0,0,1",15,Mizuho PayPay Dome Fukuoka,18:00,03:38,0,GAME20210821SHLM0554
2021,2021-08-21,Reg Season,Yokohama DeNA Baystars,Away,W,7,Yomiuri Giants,7,10,0,"0,1,0,0,0,0,5,1,0",14,Tokyo Dome,14:00,03:06,6904,GAME20210821YGDB0103
2021,2021-08-21,Reg Season,Yomiuri Giants,Home,L,2,Yokohama DeNA Baystars,2,7,0,"0,0,0,0,0,1,0,1,0",14,Tokyo Dome,14:00,03:06,6904,GAME20210821YGDB0103
2021,2021-08-22,Reg Season,Hanshin Tigers,Away,W,2,Chunichi Dragons,2,5,0,"0,1,0,0,0,1,0,0,0",14,Vantelin Dome Nagoya,14:00,02:16,14582,GAME20210822CDHT0202
2021,2021-08-22,Reg Season,Chunichi Dragons,Home,L,0,Hanshin Tigers,0,4,0,"0,0,0,0,0,0,0,0,0",14,Vantelin Dome Nagoya,14:00,02:16,14582,GAME20210822CDHT0202
2021,2021-08-22,Reg Season,Tohoku Rakuten Golden Eagles,Away,L,1,Hokkaido Nippon-Ham Fighters,1,6,1,"0,0,0,1,0,0,0,0,0",18,Sapporo Dome,14:00,03:16,7699,GAME20210822NFRE0393
2021,2021-08-22,Reg Season,Hokkaido Nippon-Ham Fighters,Home,W,2,Tohoku Rakuten Golden Eagles,2,8,1,"1,1,0,0,0,0,0,0,x",18,Sapporo Dome,14:00,03:16,7699,GAME20210822NFRE0393
2021,2021-08-22,Reg Season,Saitama Seibu Lions,Away,W,10,Orix Buffaloes,10,15,0,"4,0,3,1,0,0,0,0,2",18,Kyocera Dome Osaka,13:01,03:08,5182,GAME20210822OBSL0484
2021,2021-08-22,Reg Season,Orix Buffaloes,Home,L,3,Saitama Seibu Lions,3,5,1,"0,2,0,0,0,0,0,0,1",18,Kyocera Dome Osaka,13:01,03:08,5182,GAME20210822OBSL0484
2021,2021-08-22,Reg Season,Chiba Lotte Marines,Away,L,2,Fukuoka Softbank Hawks,2,5,1,"0,0,1,0,1,0,0,0,0",16,Mizuho PayPay Dome Fukuoka,13:01,03:23,0,GAME20210822SHLM0555
2021,2021-08-22,Reg Season,Fukuoka Softbank Hawks,Home,W,4,Chiba Lotte Marines,4,7,0,"0,0,0,1,1,0,0,2,x",16,Mizuho PayPay Dome Fukuoka,13:01,03:23,0,GAME20210822SHLM0555
2021,2021-08-22,Reg Season,Yokohama DeNA Baystars,Away,T,4,Yomiuri Giants,4,8,0,"0,0,0,3,0,1,0,0,0",15,Tokyo Dome,14:00,02:54,8445,GAME20210822YGDB0104
2021,2021-08-22,Reg Season,Yomiuri Giants,Home,T,4,Yokohama DeNA Baystars,4,5,0,"1,0,0,0,0,0,3,0,0",15,Tokyo Dome,14:00,02:54,8445,GAME20210822YGDB0104
2021,2021-08-24,Reg Season,Yokohama DeNA Baystars,Away,L,2,Hanshin Tigers,2,9,0,"0,0,0,0,0,0,2,0,0",19,Kyocera Dome Osaka,18:01,03:07,7526,GAME20210824HTDB0309
2021,2021-08-24,Reg Season,Hanshin Tigers,Home,W,8,Yokohama DeNA Baystars,8,11,0,"0,1,2,0,4,0,0,1,x",19,Kyocera Dome Osaka,18:01,03:07,7526,GAME20210824HTDB0309
2021,2021-08-24,Reg Season,Chiba Lotte Marines,Away,T,3,Hokkaido Nippon-Ham Fighters,3,11,0,"0,0,0,0,0,0,0,0,3",11,Sapporo Dome,18:30,03:23,4934,GAME20210824NFLM0412
2021,2021-08-24,Reg Season,Hokkaido Nippon-Ham Fighters,Home,T,3,Chiba Lotte Marines,3,8,0,"2,1,0,0,0,0,0,0,0",11,Sapporo Dome,18:30,03:23,4934,GAME20210824NFLM0412
2021,2021-08-24,Reg Season,Fukuoka Softbank Hawks,Away,T,4,Saitama Seibu Lions,4,11,1,"0,0,0,0,0,1,0,3,0",16,Belluna Dome,17:45,03:49,8899,GAME20210824SLSH0584
2021,2021-08-24,Reg Season,Saitama Seibu Lions,Home,T,4,Fukuoka Softbank Hawks,4,10,2,"2,0,0,0,0,0,0,0,2",16,Belluna Dome,17:45,03:49,8899,GAME20210824SLSH0584
2021,2021-08-24,Reg Season,Hiroshima Toyo Carp,Away,L,1,Yomiuri Giants,1,4,1,"0,0,0,1,0,0,0,0,0",15,Tokyo Dome,17:45,02:37,12248,GAME20210824YGHC0105
2021,2021-08-24,Reg Season,Yomiuri Giants,Home,W,3,Hiroshima Toyo Carp,3,6,0,"0,0,1,1,0,0,1,0,x",15,Tokyo Dome,17:45,02:37,12248,GAME20210824YGHC0105
2021,2021-08-24,Reg Season,Chunichi Dragons,Away,L,1,Tokyo Yakult Swallows,1,7,0,"0,0,1,0,0,0,0,0,0",15,Kusanagi Baseball Stadium,18:01,03:08,7237,GAME20210824YSCD0209
2021,2021-08-24,Reg Season,Tokyo Yakult Swallows,Home,W,2,Chunichi Dragons,2,7,2,"0,0,0,1,0,0,1,0,x",15,Kusanagi Baseball Stadium,18:01,03:08,7237,GAME20210824YSCD0209
2021,2021-08-25,Reg Season,Yokohama DeNA Baystars,Away,W,10,Hanshin Tigers,10,13,1,"0,2,3,3,0,0,0,1,1",20,Kyocera Dome Osaka,18:00,03:13,6941,GAME20210825HTDB0310
2021,2021-08-25,Reg Season,Hanshin Tigers,Home,L,2,Yokohama DeNA Baystars,2,4,0,"0,0,2,0,0,0,0,0,0",20,Kyocera Dome Osaka,18:00,03:13,6941,GAME20210825HTDB0310
2021,2021-08-25,Reg Season,Chiba Lotte Marines,Away,W,7,Hokkaido Nippon-Ham Fighters,7,12,1,"0,0,0,0,1,4,1,0,1",12,Sapporo Dome,18:00,03:30,4985,GAME20210825NFLM0413
2021,2021-08-25,Reg Season,Hokkaido Nippon-Ham Fighters,Home,L,4,Chiba Lotte Marines,4,9,1,"1,0,0,0,2,0,1,0,0",12,Sapporo Dome,18:00,03:30,4985,GAME20210825NFLM0413
2021,2021-08-25,Reg Season,Orix Buffaloes,Away,T,2,Tohoku Rakuten Golden Eagles,2,8,2,"0,1,0,0,0,1,0,0,0",15,Rakuten Seimei Park Miyagi,18:00,03:16,4405,GAME20210825REOB0509
2021,2021-08-25,Reg Season,Tohoku Rakuten Golden Eagles,Home,T,2,Orix Buffaloes,2,5,1,"1,0,0,1,0,0,0,0,0",15,Rakuten Seimei Park Miyagi,18:00,03:16,4405,GAME20210825REOB0509
2021,2021-08-25,Reg Season,Fukuoka Softbank Hawks,Away,W,6,Saitama Seibu Lions,6,11,0,"0,0,3,0,1,0,1,1,0",17,Belluna Dome,17:45,03:16,8485,GAME20210825SLSH0585
2021,2021-08-25,Reg Season,Saitama Seibu Lions,Home,L,1,Fukuoka Softbank Hawks,1,5,0,"0,0,0,0,0,0,0,0,1",17,Belluna Dome,17:45,03:16,8485,GAME20210825SLSH0585
2021,2021-08-25,Reg Season,Hiroshima Toyo Carp,Away,L,3,Yomiuri Giants,3,8,0,"1,2,0,0,0,0,0,0,0",16,Tokyo Dome,17:45,03:03,11634,GAME20210825YGHC0106
2021,2021-08-25,Reg Season,Yomiuri Giants,Home,W,5,Hiroshima Toyo Carp,5,7,0,"1,0,2,0,0,0,0,2,x",16,Tokyo Dome,17:45,03:03,11634,GAME20210825YGHC0106
2021,2021-08-25,Reg Season,Chunichi Dragons,Away,T,3,Tokyo Yakult Swallows,3,8,1,"0,2,0,0,0,0,0,0,1",16,Kusanagi Baseball Stadium,18:00,03:13,6164,GAME20210825YSCD0210
2021,2021-08-25,Reg Season,Tokyo Yakult Swallows,Home,T,3,Chunichi Dragons,3,6,2,"0,0,0,1,2,0,0,0,0",16,Kusanagi Baseball Stadium,18:00,03:13,6164,GAME20210825YSCD0210
2021,2021-08-26,Reg Season,Yokohama DeNA Baystars,Away,L,3,Hanshin Tigers,3,9,1,"0,1,0,0,0,1,0,0,1",21,Kyocera Dome Osaka,18:00,02:59,6215,GAME20210826HTDB0211
2021,2021-08-26,Reg Season,Hanshin Tigers,Home,W,9,Yokohama DeNA Baystars,9,10,2,"1,0,4,0,0,0,3,1,x",21,Kyocera Dome Osaka,18:00,02:59,6215,GAME20210826HTDB0211
2021,2021-08-26,Reg Season,Orix Buffaloes,Away,L,6,Tohoku Rakuten Golden Eagles,6,14,0,"0,0,0,1,0,3,2,0,0",16,Rakuten Seimei Park Miyagi,18:00,03:51,4194,GAME20210826REOB0311
2021,2021-08-26,Reg Season,Tohoku Rakuten Golden Eagles,Home,W,7,Orix Buffaloes,7,10,0,"4,1,0,2,0,0,0,0,x",16,Rakuten Seimei Park Miyagi,18:00,03:51,4194,GAME20210826REOB0311
2021,2021-08-26,Reg Season,Fukuoka Softbank Hawks,Away,L,0,Saitama Seibu Lions,0,4,0,"0,0,0,0,0,0,0,0,0",18,Belluna Dome,17:46,03:22,8621,GAME20210826SLSH0414
2021,2021-08-26,Reg Season,Saitama Seibu Lions,Home,W,3,Fukuoka Softbank Hawks,3,8,1,"2,0,0,1,0,0,0,0,x",18,Belluna Dome,17:46,03:22,8621,GAME20210826SLSH0414
2021,2021-08-26,Reg Season,Hiroshima Toyo Carp,Away,W,11,Yomiuri Giants,11,10,0,"3,0,0,0,0,2,3,0,3",17,Tokyo Dome,17:45,03:15,11844,GAME20210826YGHC0107
2021,2021-08-26,Reg Season,Yomiuri Giants,Home,L,2,Hiroshima Toyo Carp,2,8,0,"0,0,0,0,1,0,1,0,0",17,Tokyo Dome,17:45,03:15,11844,GAME20210826YGHC0107
2021,2021-08-27,Reg Season,Yomiuri Giants,Away,L,1,Chunichi Dragons,1,3,1,"0,0,0,1,0,0,0,0,0",18,Vantelin Dome Nagoya,17:45,02:40,11342,GAME20210827CDYG0212
2021,2021-08-27,Reg Season,Chunichi Dragons,Home,W,4,Yomiuri Giants,4,7,0,"2,2,0,0,0,0,0,0,x",18,Vantelin Dome Nagoya,17:45,02:40,11342,GAME20210827CDYG0212
2021,2021-08-27,Reg Season,Hanshin Tigers,Away,L,4,Hiroshima Toyo Carp,4,10,1,"0,1,1,0,0,0,0,2,0",14,MAZDA Zoom-Zoom Stadium Hiroshima,18:00,03:37,11246,GAME20210827HCHT0312
2021,2021-08-27,Reg Season,Hiroshima Toyo Carp,Home,W,6,Hanshin Tigers,6,12,1,"0,0,1,2,0,0,2,1,x",14,MAZDA Zoom-Zoom Stadium Hiroshima,18:00,03:37,11246,GAME20210827HCHT0312
2021,2021-08-27,Reg Season,Fukuoka Softbank Hawks,Away,L,0,Orix Buffaloes,0,4,1,"0,0,0,0,0,0,0,0,0",15,Kyocera Dome Osaka,18:00,02:43,9005,GAME20210827OBSH0586
2021,2021-08-27,Reg Season,Orix Buffaloes,Home,W,2,Fukuoka Softbank Hawks,2,8,0,"0,0,0,2,0,0,0,0,x",15,Kyocera Dome Osaka,18:00,02:43,9005,GAME20210827OBSH0586
2021,2021-08-27,Reg Season,Chiba Lotte Marines,Away,W,3,Tohoku Rakuten Golden Eagles,3,6,0,"0,0,0,0,1,0,0,2,0",16,Rakuten Seimei Park Miyagi,18:01,03:15,6135,GAME20210827RELM0415
2021,2021-08-27,Reg Season,Tohoku Rakuten Golden Eagles,Home,L,1,Chiba Lotte Marines,1,9,0,"1,0,0,0,0,0,0,0,0",16,Rakuten Seimei Park Miyagi,18:01,03:15,6135,GAME20210827RELM0415
2021,2021-08-27,Reg Season,Hokkaido Nippon-Ham Fighters,Away,W,7,Saitama Seibu Lions,7,10,1,"0,0,0,2,1,0,1,3,0",12,Belluna Dome,17:46,03:52,8509,GAME20210827SLNF0510
2021,2021-08-27,Reg Season,Saitama Seibu Lions,Home,L,2,Hokkaido Nippon-Ham Fighters,2,7,2,"0,1,0,0,0,1,0,0,0",12,Belluna Dome,17:46,03:52,8509,GAME20210827SLNF0510
2021,2021-08-27,Reg Season,Yokohama DeNA Baystars,Away,W,4,Tokyo Yakult Swallows,4,5,0,"0,0,0,0,0,0,3,1,0",14,Tokyo Dome,17:31,02:49,7196,GAME20210827YSDB0108
2021,2021-08-27,Reg Season,Tokyo Yakult Swallows,Home,L,0,Yokohama DeNA Baystars,0,2,0,"0,0,0,0,0,0,0,0,0",14,Tokyo Dome,17:31,02:49,7196,GAME20210827YSDB0108
2021,2021-08-28,Reg Season,Yomiuri Giants,Away,T,1,Chunichi Dragons,1,6,0,"0,0,0,0,0,1,0,0,0",19,Vantelin Dome Nagoya,14:00,02:52,14244,GAME20210828CDYG0213
2021,2021-08-28,Reg Season,Chunichi Dragons,Home,T,1,Yomiuri Giants,1,2,1,"0,1,0,0,0,0,0,0,0",19,Vantelin Dome Nagoya,14:00,02:52,14244,GAME20210828CDYG0213
2021,2021-08-28,Reg Season,Hanshin Tigers,Away,L,6,Hiroshima Toyo Carp,6,12,0,"1,0,0,2,0,1,1,1,0",15,MAZDA Zoom-Zoom Stadium Hiroshima,18:00,03:48,11044,GAME20210828HCHT0313
2021,2021-08-28,Reg Season,Hiroshima Toyo Carp,Home,W,7,Hanshin Tigers,7,8,0,"2,1,2,0,0,2,0,0,x",15,MAZDA Zoom-Zoom Stadium Hiroshima,18:00,03:48,11044,GAME20210828HCHT0313
2021,2021-08-28,Reg Season,Fukuoka Softbank Hawks,Away,T,2,Orix Buffaloes,2,10,0,"0,0,1,0,0,0,0,1,0",16,Kyocera Dome Osaka,18:00,03:21,9937,GAME20210828OBSH0587
2021,2021-08-28,Reg Season,Orix Buffaloes,Home,T,2,Fukuoka Softbank Hawks,2,7,0,"0,0,0,0,0,1,0,0,1",16,Kyocera Dome Osaka,18:00,03:21,9937,GAME20210828OBSH0587
2021,2021-08-28,Reg Season,Chiba Lotte Marines,Away,W,5,Tohoku Rakuten Golden Eagles,5,12,1,"2,1,1,0,1,0,0,0,0",17,Rakuten Seimei Park Miyagi,18:00,02:58,8111,GAME20210828RELM0416
2021,2021-08-28,Reg Season,Tohoku Rakuten Golden Eagles,Home,L,1,Chiba Lotte Marines,1,7,0,"0,0,0,0,0,0,0,0,1",17,Rakuten Seimei Park Miyagi,18:00,02:58,8111,GAME20210828RELM0416
2021,2021-08-28,Reg Season,Hokkaido Nippon-Ham Fighters,Away,T,8,Saitama Seibu Lions,8,10,1,"4,0,2,0,1,0,1,0,0",13,Belluna Dome,17:00,03:41,9019,GAME20210828SLNF0511
2021,2021-08-28,Reg Season,Saitama Seibu Lions,Home,T,8,Hokkaido Nippon-Ham Fighters,8,16,1,"0,0,0,0,4,0,4,0,0",13,Belluna Dome,17:00,03:41,9019,GAME20210828SLNF0511
2021,2021-08-28,Reg Season,Yokohama DeNA Baystars,Away,T,2,Tokyo Yakult Swallows,2,4,0,"0,0,0,0,1,0,1,0,0",15,Tokyo Dome,14:00,02:53,13442,GAME20210828YSDB0109
2021,2021-08-28,Reg Season,Tokyo Yakult Swallows,Home,T,2,Yokohama DeNA Baystars,2,10,0,"2,0,0,0,0,0,0,0,0",15,Tokyo Dome,14:00,02:53,13442,GAME20210828YSDB0109
2021,2021-08-29,Reg Season,Yomiuri Giants,Away,W,5,Chunichi Dragons,5,9,0,"0,0,1,2,0,0,2,0,0",20,Vantelin Dome Nagoya,14:00,03:20,13631,GAME20210829CDYG0214
2021,2021-08-29,Reg Season,Chunichi Dragons,Home,L,1,Yomiuri Giants,1,5,0,"0,0,0,0,0,0,1,0,0",20,Vantelin Dome Nagoya,14:00,03:20,13631,GAME20210829CDYG0214
2021,2021-08-29,Reg Season,Hanshin Tigers,Away,L,0,Hiroshima Toyo Carp,0,8,1,"0,0,0,0,0,0,0,0,0",16,MAZDA Zoom-Zoom Stadium Hiroshima,18:00,03:00,11556,GAME20210829HCHT0314
2021,2021-08-29,Reg Season,Hiroshima Toyo Carp,Home,W,5,Hanshin Tigers,5,8,0,"3,0,0,0,0,0,2,0,x",16,MAZDA Zoom-Zoom Stadium Hiroshima,18:00,03:00,11556,GAME20210829HCHT0314
2021,2021-08-29,Reg Season,Fukuoka Softbank Hawks,Away,L,3,Orix Buffaloes,3,8,1,"0,0,1,0,1,0,0,1,0",17,Kyocera Dome Osaka,13:00,03:10,9966,GAME20210829OBSH0588
2021,2021-08-29,Reg Season,Orix Buffaloes,Home,W,6,Fukuoka Softbank Hawks,6,10,1,"0,0,0,2,0,0,4,0,x",17,Kyocera Dome Osaka,13:00,03:10,9966,GAME20210829OBSH0588
2021,2021-08-29,Reg Season,Chiba Lotte Marines,Away,W,1,Tohoku Rakuten Golden Eagles,1,4,1,"0,0,0,0,0,0,0,0,1",18,Rakuten Seimei Park Miyagi,17:00,02:50,6306,GAME20210829RELM0417
2021,2021-08-29,Reg Season,Tohoku Rakuten Golden Eagles,Home,L,0,Chiba Lotte Marines,0,4,1,"0,0,0,0,0,0,0,0,0",18,Rakuten Seimei Park Miyagi,17:00,02:50,6306,GAME20210829RELM0417
2021,2021-08-29,Reg Season,Hokkaido Nippon-Ham Fighters,Away,W,6,Saitama Seibu Lions,6,6,0,"0,0,0,4,1,0,0,0,1",14,Belluna Dome,17:00,03:04,9039,GAME20210829SLNF0512
2021,2021-08-29,Reg Season,Saitama Seibu Lions,Home,L,0,Hokkaido Nippon-Ham Fighters,0,4,2,"0,0,0,0,0,0,0,0,0",14,Belluna Dome,17:00,03:04,9039,GAME20210829SLNF0512
2021,2021-08-29,Reg Season,Yokohama DeNA Baystars,Away,L,2,Tokyo Yakult Swallows,2,9,0,"0,0,0,0,0,0,0,0,2",16,Tokyo Dome,14:00,03:06,11113,GAME20210829YSDB0110
2021,2021-08-29,Reg Season,Tokyo Yakult Swallows,Home,W,5,Yokohama DeNA Baystars,5,8,0,"0,0,0,0,1,0,4,0,x",16,Tokyo Dome,14:00,03:06,11113,GAME20210829YSDB0110
2021,2021-08-31,Reg Season,Hiroshima Toyo Carp,Away,L,6,Yokohama DeNA Baystars,6,7,1,"0,1,3,2,0,0,0,0,0",15,Yokohama Stadium,17:46,03:29,8766,GAME20210831DBHC0217
2021,2021-08-31,Reg Season,Yokohama DeNA Baystars,Home,W,7,Hiroshima Toyo Carp,7,11,1,"1,0,0,2,1,0,3,0,x",15,Yokohama Stadium,17:46,03:29,8766,GAME20210831DBHC0217
2021,2021-08-31,Reg Season,Chunichi Dragons,Away,W,8,Hanshin Tigers,8,17,0,"0,0,5,0,0,0,3,0,0",15,Hanshin Koshien Stadium,18:00,03:21,11312,GAME20210831HTCD0319
2021,2021-08-31,Reg Season,Hanshin Tigers,Home,L,5,Chunichi Dragons,5,10,0,"0,0,0,0,5,0,0,0,0",15,Hanshin Koshien Stadium,18:00,03:21,11312,GAME20210831HTCD0319
2021,2021-08-31,Reg Season,Saitama Seibu Lions,Away,L,1,Chiba Lotte Marines,1,4,1,"0,0,0,0,0,0,1,0,0",18,ZOZO Marine Stadium,17:46,02:33,8032,GAME20210831LMSL0521
2021,2021-08-31,Reg Season,Chiba Lotte Marines,Home,W,5,Saitama Seibu Lions,5,7,0,"0,0,0,2,0,3,0,0,x",18,ZOZO Marine Stadium,17:46,02:33,8032,GAME20210831LMSL0521
2021,2021-08-31,Reg Season,Orix Buffaloes,Away,L,1,Hokkaido Nippon-Ham Fighters,1,9,2,"0,0,0,0,1,0,0,0,0",15,Sapporo Dome,13:00,03:10,4438,GAME20210831NFOB0424
2021,2021-08-31,Reg Season,Hokkaido Nippon-Ham Fighters,Home,W,3,Orix Buffaloes,3,12,0,"0,0,0,1,1,0,1,0,x",15,Sapporo Dome,13:00,03:10,4438,GAME20210831NFOB0424
2021,2021-08-31,Reg Season,Tohoku Rakuten Golden Eagles,Away,W,6,Fukuoka Softbank Hawks,6,10,0,"1,0,0,2,3,0,0,0,0",16,Sun Marine Stadium Miyazaki,18:00,03:23,7484,GAME20210831SHRE0599
2021,2021-08-31,Reg Season,Fukuoka Softbank Hawks,Home,L,3,Tohoku Rakuten Golden Eagles,3,7,1,"0,0,3,0,0,0,0,0,0",16,Sun Marine Stadium Miyazaki,18:00,03:23,7484,GAME20210831SHRE0599
2021,2021-08-31,Reg Season,Tokyo Yakult Swallows,Away,L,8,Yomiuri Giants,8,16,0,"1,2,0,0,1,0,1,3,0",15,Gifu Prefectural Baseball Stadium,17:45,03:42,6632,GAME20210831YGYS0111
2021,2021-08-31,Reg Season,Yomiuri Giants,Home,W,10,Tokyo Yakult Swallows,10,14,0,"2,0,0,2,0,4,2,0,x",15,Gifu Prefectural Baseball Stadium,17:45,03:42,6632,GAME20210831YGYS0111
2021,2021-09-01,Reg Season,Hiroshima Toyo Carp,Away,L,2,Yokohama DeNA Baystars,2,11,2,"0,0,0,1,0,0,0,1,0",16,Yokohama Stadium,17:45,03:09,9479,GAME20210901DBHC0218
2021,2021-09-01,Reg Season,Yokohama DeNA Baystars,Home,W,7,Hiroshima Toyo Carp,7,12,0,"2,0,1,0,0,2,2,0,x",16,Yokohama Stadium,17:45,03:09,9479,GAME20210901DBHC0218
2021,2021-09-01,Reg Season,Chunichi Dragons,Away,L,1,Hanshin Tigers,1,5,1,"0,0,0,1,0,0,0,0,0",16,Hanshin Koshien Stadium,18:01,02:38,10029,GAME20210901HTCD0320
2021,2021-09-01,Reg Season,Hanshin Tigers,Home,W,2,Chunichi Dragons,2,6,1,"0,0,0,0,0,2,0,0,x",16,Hanshin Koshien Stadium,18:01,02:38,10029,GAME20210901HTCD0320
2021,2021-09-01,Reg Season,Saitama Seibu Lions,Away,W,14,Chiba Lotte Marines,14,14,2,"6,0,0,2,0,4,2,0,0",19,ZOZO Marine Stadium,17:45,03:47,7985,GAME20210901LMSL0522
2021,2021-09-01,Reg Season,Chiba Lotte Marines,Home,L,7,Saitama Seibu Lions,7,14,1,"2,1,0,1,1,0,0,2,0",19,ZOZO Marine Stadium,17:45,03:47,7985,GAME20210901LMSL0522
2021,2021-09-01,Reg Season,Orix Buffaloes,Away,L,1,Hokkaido Nippon-Ham Fighters,1,4,1,"0,0,0,0,0,0,0,0,1",16,Sapporo Dome,18:00,03:41,4253,GAME20210901NFOB0425
2021,2021-09-01,Reg Season,Hokkaido Nippon-Ham Fighters,Home,W,12,Orix Buffaloes,12,16,0,"0,1,5,2,0,0,2,2,x",16,Sapporo Dome,18:00,03:41,4253,GAME20210901NFOB0425
2021,2021-09-01,Reg Season,Tokyo Yakult Swallows,Away,L,0,Yomiuri Giants,0,1,0,"0,0,0,0,0,0,0,0,0",16,Kyocera Dome Osaka,18:00,02:13,8501,GAME20210901YGYS0112
2021,2021-09-01,Reg Season,Yomiuri Giants,Home,W,2,Tokyo Yakult Swallows,2,4,0,"0,0,2,0,0,0,0,0,x",16,Kyocera Dome Osaka,18:00,02:13,8501,GAME20210901YGYS0112
2021,2021-09-02,Reg Season,Hiroshima Toyo Carp,Away,W,11,Yokohama DeNA Baystars,11,13,1,"0,2,0,1,0,2,3,1,2",17,Yokohama Stadium,17:46,03:37,9564,GAME20210902DBHC0223
2021,2021-09-02,Reg Season,Yokohama DeNA Baystars,Home,L,3,Hiroshima Toyo Carp,3,7,0,"0,0,0,0,1,2,0,0,0",17,Yokohama Stadium,17:46,03:37,9564,GAME20210902DBHC0223
2021,2021-09-02,Reg Season,Orix Buffaloes,Away,T,6,Hokkaido Nippon-Ham Fighters,6,11,0,"0,0,2,0,0,0,0,0,4",17,Sapporo Dome,18:00,03:57,4441,GAME20210902NFOB0437
2021,2021-09-02,Reg Season,Hokkaido Nippon-Ham Fighters,Home,T,6,Orix Buffaloes,6,10,0,"1,0,0,1,3,0,0,1,0",17,Sapporo Dome,18:00,03:57,4441,GAME20210902NFOB0437
2021,2021-09-02,Reg Season,Tohoku Rakuten Golden Eagles,Away,L,2,Fukuoka Softbank Hawks,2,7,3,"0,0,0,0,0,2,0,0,0",17,Mizuho PayPay Dome Fukuoka,18:01,02:59,1630,GAME20210902SHRE0538
2021,2021-09-02,Reg Season,Fukuoka Softbank Hawks,Home,W,5,Tohoku Rakuten Golden Eagles,5,6,0,"2,0,0,0,3,0,0,0,x",17,Mizuho PayPay Dome Fukuoka,18:01,02:59,1630,GAME20210902SHRE0538
2021,2021-09-02,Reg Season,Tokyo Yakult Swallows,Away,T,2,Yomiuri Giants,2,6,1,"1,0,0,0,0,0,0,0,1",17,Kyocera Dome Osaka,18:00,02:59,8397,GAME20210902YGYS0113
2021,2021-09-02,Reg Season,Yomiuri Giants,Home,T,2,Tokyo Yakult Swallows,2,7,1,"0,1,0,0,0,0,0,0,1",17,Kyocera Dome Osaka,18:00,02:59,8397,GAME20210902YGYS0113
2021,2021-09-03,Reg Season,Yokohama DeNA Baystars,Away,L,0,Chunichi Dragons,0,6,1,"0,0,0,0,0,0,0,0,0",16,Vantelin Dome Nagoya,17:45,02:33,9977,GAME20210903CDDB0224
2021,2021-09-03,Reg Season,Chunichi Dragons,Home,W,1,Yokohama DeNA Baystars,1,6,0,"1,0,0,0,0,0,0,0,x",16,Vantelin Dome Nagoya,17:45,02:33,9977,GAME20210903CDDB0224
2021,2021-09-03,Reg Season,Yomiuri Giants,Away,L,3,Hanshin Tigers,3,6,1,"0,0,0,0,2,1,0,0,0",16,Hanshin Koshien Stadium,18:01,03:04,14889,GAME20210903HTYG0329
2021,2021-09-03,Reg Season,Hanshin Tigers,Home,W,7,Yomiuri Giants,7,8,0,"0,0,0,0,0,1,5,1,x",16,Hanshin Koshien Stadium,18:01,03:04,14889,GAME20210903HTYG0329
2021,2021-09-03,Reg Season,Hokkaido Nippon-Ham Fighters,Away,L,5,Chiba Lotte Marines,5,9,1,"3,0,0,1,1,0,0,0,0",13,ZOZO Marine Stadium,17:45,03:50,9744,GAME20210903LMNF0539
2021,2021-09-03,Reg Season,Chiba Lotte Marines,Home,W,7,Hokkaido Nippon-Ham Fighters,7,7,0,"0,2,0,2,0,0,0,3,x",13,ZOZO Marine Stadium,17:45,03:50,9744,GAME20210903LMNF0539
2021,2021-09-03,Reg Season,Saitama Seibu Lions,Away,W,8,Tohoku Rakuten Golden Eagles,8,11,0,"0,0,0,3,0,0,0,1,4",16,Rakuten Seimei Park Miyagi,18:01,03:23,4742,GAME20210903RESL0438
2021,2021-09-03,Reg Season,Tohoku Rakuten Golden Eagles,Home,L,4,Saitama Seibu Lions,4,7,0,"1,0,0,1,0,0,0,2,0",16,Rakuten Seimei Park Miyagi,18:01,03:23,4742,GAME20210903RESL0438
2021,2021-09-03,Reg Season,Orix Buffaloes,Away,W,2,Fukuoka Softbank Hawks,2,5,1,"0,1,0,0,0,0,0,0,1",18,Mizuho PayPay Dome Fukuoka,18:01,03:05,2383,GAME20210903SHOB0619
2021,2021-09-03,Reg Season,Fukuoka Softbank Hawks,Home,L,1,Orix Buffaloes,1,3,0,"0,0,0,0,0,0,0,1,0",18,Mizuho PayPay Dome Fukuoka,18:01,03:05,2383,GAME20210903SHOB0619
2021,2021-09-03,Reg Season,Hiroshima Toyo Carp,Away,L,1,Tokyo Yakult Swallows,1,8,1,"0,0,0,0,0,0,0,1,0",15,Tokyo Dome,17:30,03:08,8904,GAME20210903YSHC0114
2021,2021-09-03,Reg Season,Tokyo Yakult Swallows,Home,W,3,Hiroshima Toyo Carp,3,6,0,"1,0,2,0,0,0,0,0,x",15,Tokyo Dome,17:30,03:08,8904,GAME20210903YSHC0114
2021,2021-09-04,Reg Season,Yokohama DeNA Baystars,Away,W,3,Chunichi Dragons,3,7,0,"0,0,0,0,0,1,2,0,0",17,Vantelin Dome Nagoya,14:00,03:00,10922,GAME20210904CDDB0225
2021,2021-09-04,Reg Season,Chunichi Dragons,Home,L,1,Yokohama DeNA Baystars,1,8,0,"1,0,0,0,0,0,0,0,0",17,Vantelin Dome Nagoya,14:00,03:00,10922,GAME20210904CDDB0225
2021,2021-09-04,Reg Season,Yomiuri Giants,Away,L,3,Hanshin Tigers,3,7,0,"0,0,0,1,0,2,0,0,0",17,Hanshin Koshien Stadium,18:00,03:18,18024,GAME20210904HTYG0330
2021,2021-09-04,Reg Season,Hanshin Tigers,Home,W,4,Yomiuri Giants,4,6,1,"0,0,0,0,2,0,0,0,2x",17,Hanshin Koshien Stadium,18:00,03:18,18024,GAME20210904HTYG0330
2021,2021-09-04,Reg Season,Hokkaido Nippon-Ham Fighters,Away,T,3,Chiba Lotte Marines,3,11,1,"0,1,1,0,1,0,0,0,0",14,ZOZO Marine Stadium,17:00,03:33,11459,GAME20210904LMNF0540
2021,2021-09-04,Reg Season,Chiba Lotte Marines,Home,T,3,Hokkaido Nippon-Ham Fighters,3,7,0,"3,0,0,0,0,0,0,0,0",14,ZOZO Marine Stadium,17:00,03:33,11459,GAME20210904LMNF0540
2021,2021-09-04,Reg Season,Saitama Seibu Lions,Away,L,5,Tohoku Rakuten Golden Eagles,5,9,0,"1,0,0,0,0,2,0,0,2",17,Rakuten Seimei Park Miyagi,14:00,03:13,5088,GAME20210904RESL0439
2021,2021-09-04,Reg Season,Tohoku Rakuten Golden Eagles,Home,W,8,Saitama Seibu Lions,8,13,0,"0,0,5,2,1,0,0,0,x",17,Rakuten Seimei Park Miyagi,14:00,03:13,5088,GAME20210904RESL0439
2021,2021-09-04,Reg Season,Orix Buffaloes,Away,L,4,Fukuoka Softbank Hawks,4,6,0,"0,2,0,0,0,2,0,0,0",19,Mizuho PayPay Dome Fukuoka,14:00,02:58,3405,GAME20210904SHOB0620
2021,2021-09-04,Reg Season,Fukuoka Softbank Hawks,Home,W,11,Orix Buffaloes,11,10,0,"1,0,0,0,8,2,0,0,x",19,Mizuho PayPay Dome Fukuoka,14:00,02:58,3405,GAME20210904SHOB0620
2021,2021-09-04,Reg Season,Hiroshima Toyo Carp,Away,W,4,Tokyo Yakult Swallows,4,8,0,"0,1,0,0,1,2,0,0,0",16,Tokyo Dome,14:00,03:36,11950,GAME20210904YSHC0115
2021,2021-09-04,Reg Season,Tokyo Yakult Swallows,Home,L,2,Hiroshima Toyo Carp,2,10,0,"0,0,0,0,0,0,1,1,0",16,Tokyo Dome,14:00,03:36,11950,GAME20210904YSHC0115
2021,2021-09-05,Reg Season,Yokohama DeNA Baystars,Away,L,0,Chunichi Dragons,0,5,0,"0,0,0,0,0,0,0,0,0",18,Vantelin Dome Nagoya,14:01,03:06,11257,GAME20210905CDDB0226
2021,2021-09-05,Reg Season,Chunichi Dragons,Home,W,2,Yokohama DeNA Baystars,2,6,0,"0,0,0,0,0,0,0,2,x",18,Vantelin Dome Nagoya,14:01,03:06,11257,GAME20210905CDDB0226
2021,2021-09-05,Reg Season,Yomiuri Giants,Away,T,6,Hanshin Tigers,6,7,2,"3,0,0,0,3,0,0,0,0",18,Hanshin Koshien Stadium,18:01,03:59,17247,GAME20210905HTYG0331
2021,2021-09-05,Reg Season,Hanshin Tigers,Home,T,6,Yomiuri Giants,6,13,0,"0,0,0,0,0,4,2,0,0",18,Hanshin Koshien Stadium,18:01,03:59,17247,GAME20210905HTYG0331
2021,2021-09-05,Reg Season,Hokkaido Nippon-Ham Fighters,Away,L,1,Chiba Lotte Marines,1,8,1,"0,0,0,0,0,0,1,0,0",15,ZOZO Marine Stadium,17:00,02:54,9328,GAME20210905LMNF0541
2021,2021-09-05,Reg Season,Chiba Lotte Marines,Home,W,2,Hokkaido Nippon-Ham Fighters,2,4,1,"0,2,0,0,0,0,0,0,x",15,ZOZO Marine Stadium,17:00,02:54,9328,GAME20210905LMNF0541
2021,2021-09-05,Reg Season,Saitama Seibu Lions,Away,L,2,Tohoku Rakuten Golden Eagles,2,8,1,"0,0,0,2,0,0,0,0,0",18,Rakuten Seimei Park Miyagi,15:00,03:30,6531,GAME20210905RESL0440
2021,2021-09-05,Reg Season,Tohoku Rakuten Golden Eagles,Home,W,8,Saitama Seibu Lions,8,10,0,"0,0,3,5,0,0,0,0,x",18,Rakuten Seimei Park Miyagi,15:00,03:30,6531,GAME20210905RESL0440
2021,2021-09-05,Reg Season,Orix Buffaloes,Away,L,4,Fukuoka Softbank Hawks,4,7,1,"0,2,0,0,0,0,0,2,0",20,Mizuho PayPay Dome Fukuoka,13:00,03:18,3155,GAME20210905SHOB0621
2021,2021-09-05,Reg Season,Fukuoka Softbank Hawks,Home,W,12,Orix Buffaloes,12,12,0,"0,1,0,6,0,1,4,0,x",20,Mizuho PayPay Dome Fukuoka,13:00,03:18,3155,GAME20210905SHOB0621
2021,2021-09-05,Reg Season,Hiroshima Toyo Carp,Away,W,6,Tokyo Yakult Swallows,6,11,0,"0,2,0,2,0,1,0,1,0",17,Tokyo Dome,14:00,02:54,9728,GAME20210905YSHC0116
2021,2021-09-05,Reg Season,Tokyo Yakult Swallows,Home,L,1,Hiroshima Toyo Carp,1,5,0,"0,0,0,0,0,0,1,0,0",17,Tokyo Dome,14:00,02:54,9728,GAME20210905YSHC0116
2021,2021-09-07,Reg Season,Yomiuri Giants,Away,L,2,Yokohama DeNA Baystars,2,8,0,"2,0,0,0,0,0,0,0,0",16,Yokohama Stadium,17:45,03:14,9996,GAME20210907DBYG0117
2021,2021-09-07,Reg Season,Yokohama DeNA Baystars,Home,W,8,Yomiuri Giants,8,9,0,"0,0,1,0,7,0,0,0,x",16,Yokohama Stadium,17:45,03:14,9996,GAME20210907DBYG0117
2021,2021-09-07,Reg Season,Chunichi Dragons,Away,L,7,Hiroshima Toyo Carp,7,16,0,"0,0,0,1,0,3,0,3,0",18,MAZDA Zoom-Zoom Stadium Hiroshima,18:00,03:42,11417,GAME20210907HCCD0344
2021,2021-09-07,Reg Season,Hiroshima Toyo Carp,Home,W,8,Chunichi Dragons,8,14,0,"2,0,0,0,0,0,1,0,5x",18,MAZDA Zoom-Zoom Stadium Hiroshima,18:00,03:42,11417,GAME20210907HCCD0344
2021,2021-09-07,Reg Season,Tokyo Yakult Swallows,Away,W,12,Hanshin Tigers,12,18,1,"1,1,3,0,0,1,1,4,1",16,Hanshin Koshien Stadium,18:00,03:20,11167,GAME20210907HTYS0233
2021,2021-09-07,Reg Season,Hanshin Tigers,Home,L,0,Tokyo Yakult Swallows,0,2,1,"0,0,0,0,0,0,0,0,0",16,Hanshin Koshien Stadium,18:00,03:20,11167,GAME20210907HTYS0233
2021,2021-09-07,Reg Season,Tohoku Rakuten Golden Eagles,Away,L,2,Hokkaido Nippon-Ham Fighters,2,8,0,"0,0,0,0,2,0,0,0,0",19,Sapporo Dome,18:00,02:48,4990,GAME20210907NFRE0459
2021,2021-09-07,Reg Season,Hokkaido Nippon-Ham Fighters,Home,W,4,Tohoku Rakuten Golden Eagles,4,6,0,"0,0,0,2,2,0,0,0,x",19,Sapporo Dome,18:00,02:48,4990,GAME20210907NFRE0459
2021,2021-09-07,Reg Season,Chiba Lotte Marines,Away,L,3,Orix Buffaloes,3,11,1,"2,1,0,0,0,0,0,0,0",17,Kobe Athletic Park Baseball Field,18:00,03:49,5558,GAME20210907OBLM0652
2021,2021-09-07,Reg Season,Orix Buffaloes,Home,W,4,Chiba Lotte Marines,4,12,0,"0,0,1,0,0,0,0,2,1x",17,Kobe Athletic Park Baseball Field,18:00,03:49,5558,GAME20210907OBLM0652
2021,2021-09-07,Reg Season,Fukuoka Softbank Hawks,Away,L,5,Saitama Seibu Lions,5,7,0,"0,0,0,2,0,3,0,0,0",19,Belluna Dome,17:45,03:14,5030,GAME20210907SLSH0566
2021,2021-09-07,Reg Season,Saitama Seibu Lions,Home,W,6,Fukuoka Softbank Hawks,6,12,0,"0,0,3,0,0,0,0,3,x",19,Belluna Dome,17:45,03:14,5030,GAME20210907SLSH0566
2021,2021-09-08,Reg Season,Yomiuri Giants,Away,L,1,Yokohama DeNA Baystars,1,8,0,"0,0,0,0,0,1,0,0,0",17,Yokohama Stadium,17:47,02:56,9988,GAME20210908DBYG0118
2021,2021-09-08,Reg Season,Yokohama DeNA Baystars,Home,W,4,Yomiuri Giants,4,8,0,"2,0,0,1,1,0,0,0,x",17,Yokohama Stadium,17:47,02:56,9988,GAME20210908DBYG0118
2021,2021-09-08,Reg Season,Chunichi Dragons,Away,W,4,Hiroshima Toyo Carp,4,9,1,"0,0,0,0,1,0,2,0,1",19,MAZDA Zoom-Zoom Stadium Hiroshima,18:01,02:56,9466,GAME20210908HCCD0345
2021,2021-09-08,Reg Season,Hiroshima Toyo Carp,Home,L,1,Chunichi Dragons,1,7,0,"0,1,0,0,0,0,0,0,0",19,MAZDA Zoom-Zoom Stadium Hiroshima,18:01,02:56,9466,GAME20210908HCCD0345
2021,2021-09-08,Reg Season,Tokyo Yakult Swallows,Away,L,3,Hanshin Tigers,3,8,0,"0,2,1,0,0,0,0,0,0",17,Hanshin Koshien Stadium,18:00,03:21,10807,GAME20210908HTYS0234
2021,2021-09-08,Reg Season,Hanshin Tigers,Home,W,5,Tokyo Yakult Swallows,5,7,1,"0,1,0,0,2,2,0,0,x",17,Hanshin Koshien Stadium,18:00,03:21,10807,GAME20210908HTYS0234
2021,2021-09-08,Reg Season,Tohoku Rakuten Golden Eagles,Away,W,8,Hokkaido Nippon-Ham Fighters,8,16,0,"0,2,1,0,0,0,2,0,3",20,Sapporo Dome,18:00,03:19,4992,GAME20210908NFRE0460
2021,2021-09-08,Reg Season,Hokkaido Nippon-Ham Fighters,Home,L,0,Tohoku Rakuten Golden Eagles,0,4,1,"0,0,0,0,0,0,0,0,0",20,Sapporo Dome,18:00,03:19,4992,GAME20210908NFRE0460
2021,2021-09-08,Reg Season,Chiba Lotte Marines,Away,W,4,Orix Buffaloes,4,5,0,"0,0,0,0,0,1,0,3,0",18,Kobe Athletic Park Baseball Field,18:02,02:49,5416,GAME20210908OBLM0653
2021,2021-09-08,Reg Season,Orix Buffaloes,Home,L,1,Chiba Lotte Marines,1,3,1,"0,0,0,1,0,0,0,0,0",18,Kobe Athletic Park Baseball Field,18:02,02:49,5416,GAME20210908OBLM0653
2021,2021-09-08,Reg Season,Fukuoka Softbank Hawks,Away,W,9,Saitama Seibu Lions,9,13,0,"2,4,3,0,0,0,0,0,0",20,Belluna Dome,17:45,02:48,4353,GAME20210908SLSH0567
2021,2021-09-08,Reg Season,Saitama Seibu Lions,Home,L,0,Fukuoka Softbank Hawks,0,5,0,"0,0,0,0,0,0,0,0,0",20,Belluna Dome,17:45,02:48,4353,GAME20210908SLSH0567
2021,2021-09-09,Reg Season,Yomiuri Giants,Away,T,5,Yokohama DeNA Baystars,5,13,0,"0,0,0,2,0,0,0,0,3",18,Yokohama Stadium,17:45,03:43,9994,GAME20210909DBYG0119
2021,2021-09-09,Reg Season,Yokohama DeNA Baystars,Home,T,5,Yomiuri Giants,5,11,2,"3,0,0,0,0,0,0,2,0",18,Yokohama Stadium,17:45,03:43,9994,GAME20210909DBYG0119
2021,2021-09-09,Reg Season,Chunichi Dragons,Away,L,5,Hiroshima Toyo Carp,5,9,1,"0,0,0,4,1,0,0,0,0",20,MAZDA Zoom-Zoom Stadium Hiroshima,18:00,03:41,9588,GAME20210909HCCD0346
2021,2021-09-09,Reg Season,Hiroshima Toyo Carp,Home,W,12,Chunichi Dragons,12,15,1,"3,0,1,2,2,3,1,0,x",20,MAZDA Zoom-Zoom Stadium Hiroshima,18:00,03:41,9588,GAME20210909HCCD0346
2021,2021-09-09,Reg Season,Tokyo Yakult Swallows,Away,W,13,Hanshin Tigers,13,15,1,"5,1,0,0,0,2,5,0,0",18,Hanshin Koshien Stadium,18:00,03:38,11524,GAME20210909HTYS0235
2021,2021-09-09,Reg Season,Hanshin Tigers,Home,L,3,Tokyo Yakult Swallows,3,8,2,"0,0,0,3,0,0,0,0,0",18,Hanshin Koshien Stadium,18:00,03:38,11524,GAME20210909HTYS0235
2021,2021-09-09,Reg Season,Tohoku Rakuten Golden Eagles,Away,W,4,Hokkaido Nippon-Ham Fighters,4,11,0,"0,0,2,0,1,1,0,0,0",21,Sapporo Dome,18:00,03:00,4989,GAME20210909NFRE0461
2021,2021-09-09,Reg Season,Hokkaido Nippon-Ham Fighters,Home,L,0,Tohoku Rakuten Golden Eagles,0,3,1,"0,0,0,0,0,0,0,0,0",21,Sapporo Dome,18:00,03:00,4989,GAME20210909NFRE0461
2021,2021-09-09,Reg Season,Chiba Lotte Marines,Away,T,2,Orix Buffaloes,2,4,0,"0,0,0,0,0,0,1,0,1",19,Kobe Athletic Park Baseball Field,18:01,02:57,5637,GAME20210909OBLM0568
2021,2021-09-09,Reg Season,Orix Buffaloes,Home,T,2,Chiba Lotte Marines,2,8,1,"0,0,0,0,1,1,0,0,0",19,Kobe Athletic Park Baseball Field,18:01,02:57,5637,GAME20210909OBLM0568
2021,2021-09-10,Reg Season,Hanshin Tigers,Away,W,4,Hiroshima Toyo Carp,4,14,0,"1,0,0,0,0,2,0,1,0",17,MAZDA Zoom-Zoom Stadium Hiroshima,18:00,03:42,10715,GAME20210910HCHT0236
2021,2021-09-10,Reg Season,Hiroshima Toyo Carp,Home,L,1,Hanshin Tigers,1,9,1,"1,0,0,0,0,0,0,0,0",17,MAZDA Zoom-Zoom Stadium Hiroshima,18:00,03:42,10715,GAME20210910HCHT0236
2021,2021-09-10,Reg Season,Tohoku Rakuten Golden Eagles,Away,L,2,Chiba Lotte Marines,2,2,0,"0,0,0,0,1,1,0,0,0",19,ZOZO Marine Stadium,17:45,02:31,8387,GAME20210910LMRE0569
2021,2021-09-10,Reg Season,Chiba Lotte Marines,Home,W,3,Tohoku Rakuten Golden Eagles,3,5,0,"0,1,1,0,0,0,0,0,1x",19,ZOZO Marine Stadium,17:45,02:31,8387,GAME20210910LMRE0569
2021,2021-09-10,Reg Season,Fukuoka Softbank Hawks,Away,T,4,Hokkaido Nippon-Ham Fighters,4,6,1,"0,0,0,2,1,0,0,0,1",18,Sapporo Dome,18:01,04:02,4995,GAME20210910NFSH0347
2021,2021-09-10,Reg Season,Hokkaido Nippon-Ham Fighters,Home,T,4,Fukuoka Softbank Hawks,4,8,1,"0,0,0,0,0,0,4,0,0",18,Sapporo Dome,18:01,04:02,4995,GAME20210910NFSH0347
2021,2021-09-10,Reg Season,Orix Buffaloes,Away,W,7,Saitama Seibu Lions,7,14,0,"0,1,1,1,3,0,0,1,0",19,Belluna Dome,17:45,03:00,4512,GAME20210910SLOB0462
2021,2021-09-10,Reg Season,Saitama Seibu Lions,Home,L,1,Orix Buffaloes,1,3,0,"0,0,0,0,0,0,1,0,0",19,Belluna Dome,17:45,03:00,4512,GAME20210910SLOB0462
2021,2021-09-10,Reg Season,Chunichi Dragons,Away,W,10,Yomiuri Giants,10,12,1,"1,2,0,0,2,1,0,2,2",21,Tokyo Dome,17:45,03:25,10068,GAME20210910YGCD0120
2021,2021-09-10,Reg Season,Yomiuri Giants,Home,L,1,Chunichi Dragons,1,7,1,"0,0,0,1,0,0,0,0,0",21,Tokyo Dome,17:45,03:25,10068,GAME20210910YGCD0120
2021,2021-09-11,Reg Season,Hanshin Tigers,Away,W,4,Hiroshima Toyo Carp,4,13,0,"0,0,0,0,0,3,0,1,0",18,MAZDA Zoom-Zoom Stadium Hiroshima,13:30,03:10,11489,GAME20210911HCHT0348
2021,2021-09-11,Reg Season,Hiroshima Toyo Carp,Home,L,1,Hanshin Tigers,1,3,0,"0,0,0,0,0,0,1,0,0",18,MAZDA Zoom-Zoom Stadium Hiroshima,13:30,03:10,11489,GAME20210911HCHT0348
2021,2021-09-11,Reg Season,Tohoku Rakuten Golden Eagles,Away,L,1,Chiba Lotte Marines,1,4,0,"0,0,0,0,0,0,0,1,0",20,ZOZO Marine Stadium,17:00,02:17,9924,GAME20210911LMRE0654
2021,2021-09-11,Reg Season,Chiba Lotte Marines,Home,W,4,Tohoku Rakuten Golden Eagles,4,7,0,"1,0,0,1,0,0,2,0,x",20,ZOZO Marine Stadium,17:00,02:17,9924,GAME20210911LMRE0654
2021,2021-09-11,Reg Season,Fukuoka Softbank Hawks,Away,L,5,Hokkaido Nippon-Ham Fighters,5,10,2,"0,0,2,0,0,1,2,0,0",19,Sapporo Dome,14:00,03:46,4998,GAME20210911NFSH0463
2021,2021-09-11,Reg Season,Hokkaido Nippon-Ham Fighters,Home,W,17,Fukuoka Softbank Hawks,17,16,0,"11,5,0,0,0,1,0,0,x",19,Sapporo Dome,14:00,03:46,4998,GAME20210911NFSH0463
2021,2021-09-11,Reg Season,Orix Buffaloes,Away,L,0,Saitama Seibu Lions,0,3,0,"0,0,0,0,0,0,0,0,0",20,Belluna Dome,14:00,02:52,7740,GAME20210911SLOB0570
2021,2021-09-11,Reg Season,Saitama Seibu Lions,Home,W,7,Orix Buffaloes,7,9,0,"0,0,0,3,4,0,0,0,x",20,Belluna Dome,14:00,02:52,7740,GAME20210911SLOB0570
2021,2021-09-11,Reg Season,Chunichi Dragons,Away,W,5,Yomiuri Giants,5,9,0,"2,3,0,0,0,0,0,0,0",22,Tokyo Dome,14:00,03:35,13732,GAME20210911YGCD0121
2021,2021-09-11,Reg Season,Yomiuri Giants,Home,L,4,Chunichi Dragons,4,10,0,"0,0,0,0,0,2,2,0,0",22,Tokyo Dome,14:00,03:35,13732,GAME20210911YGCD0121
2021,2021-09-11,Reg Season,Yokohama DeNA Baystars,Away,L,2,Tokyo Yakult Swallows,2,8,0,"0,0,0,0,0,2,0,0,0",17,Meiji Jingu Stadium,17:30,03:26,9851,GAME20210911YSDB0237
2021,2021-09-11,Reg Season,Tokyo Yakult Swallows,Home,W,9,Yokohama DeNA Baystars,9,12,0,"4,0,1,0,0,0,2,2,x",17,Meiji Jingu Stadium,17:30,03:26,9851,GAME20210911YSDB0237
2021,2021-09-12,Reg Season,Tokyo Yakult Swallows,Away,L,5,Chunichi Dragons,5,9,1,"3,1,0,0,0,0,1,0,0",17,Vantelin Dome Nagoya,17:45,03:58,6506,GAME20210912CDYS0238
2021,2021-09-12,Reg Season,Chunichi Dragons,Home,W,9,Tokyo Yakult Swallows,9,12,2,"0,0,2,0,1,0,2,4,x",17,Vantelin Dome Nagoya,17:45,03:58,6506,GAME20210912CDYS0238
2021,2021-09-12,Reg Season,Hanshin Tigers,Away,L,1,Yokohama DeNA Baystars,1,6,1,"1,0,0,0,0,0,0,0,0",22,Yokohama Stadium,17:00,03:00,9998,GAME20210912DBHT0122
2021,2021-09-12,Reg Season,Yokohama DeNA Baystars,Home,W,8,Hanshin Tigers,8,9,0,"2,0,2,0,0,1,3,0,x",22,Yokohama Stadium,17:00,03:00,9998,GAME20210912DBHT0122
2021,2021-09-12,Reg Season,Yomiuri Giants,Away,W,2,Hiroshima Toyo Carp,2,5,1,"1,0,0,0,0,0,1,0,0",18,MAZDA Zoom-Zoom Stadium Hiroshima,18:00,03:11,11053,GAME20210912HCYG0349
2021,2021-09-12,Reg Season,Hiroshima Toyo Carp,Home,L,1,Yomiuri Giants,1,7,0,"0,1,0,0,0,0,0,0,0",18,MAZDA Zoom-Zoom Stadium Hiroshima,18:00,03:11,11053,GAME20210912HCYG0349
2021,2021-09-12,Reg Season,Tohoku Rakuten Golden Eagles,Away,L,2,Chiba Lotte Marines,2,10,2,"1,0,0,0,0,1,0,0,0",21,ZOZO Marine Stadium,16:00,03:07,7794,GAME20210912LMRE0655
2021,2021-09-12,Reg Season,Chiba Lotte Marines,Home,W,9,Tohoku Rakuten Golden Eagles,9,13,0,"0,0,3,2,1,0,2,1,x",21,ZOZO Marine Stadium,16:00,03:07,7794,GAME20210912LMRE0655
2021,2021-09-12,Reg Season,Fukuoka Softbank Hawks,Away,L,0,Hokkaido Nippon-Ham Fighters,0,3,0,"0,0,0,0,0,0,0,0,0",20,Sapporo Dome,14:00,02:46,4997,GAME20210912NFSH0464
2021,2021-09-12,Reg Season,Hokkaido Nippon-Ham Fighters,Home,W,3,Fukuoka Softbank Hawks,3,5,1,"0,2,1,0,0,0,0,0,x",20,Sapporo Dome,14:00,02:46,4997,GAME20210912NFSH0464
2021,2021-09-12,Reg Season,Orix Buffaloes,Away,L,1,Saitama Seibu Lions,1,6,2,"0,0,0,1,0,0,0,0,0",21,Belluna Dome,13:00,02:47,7261,GAME20210912SLOB0571
2021,2021-09-12,Reg Season,Saitama Seibu Lions,Home,W,3,Orix Buffaloes,3,5,1,"0,3,0,0,0,0,0,0,x",21,Belluna Dome,13:00,02:47,7261,GAME20210912SLOB0571
2021,2021-09-13,Reg Season,Tokyo Yakult Swallows,Away,L,0,Chunichi Dragons,0,5,0,"0,0,0,0,0,0,0,0,0",18,Vantelin Dome Nagoya,17:45,02:50,6895,GAME20210913CDYS0123
2021,2021-09-13,Reg Season,Chunichi Dragons,Home,W,1,Tokyo Yakult Swallows,1,9,1,"1,0,0,0,0,0,0,0,x",18,Vantelin Dome Nagoya,17:45,02:50,6895,GAME20210913CDYS0123
2021,2021-09-14,Reg Season,Hiroshima Toyo Carp,Away,L,1,Chunichi Dragons,1,5,0,"0,0,0,1,0,0,0,0,0",21,Vantelin Dome Nagoya,17:45,02:44,5644,GAME20210914CDHC0362
2021,2021-09-14,Reg Season,Chunichi Dragons,Home,W,10,Hiroshima Toyo Carp,10,11,0,"0,1,1,0,1,3,0,4,x",21,Vantelin Dome Nagoya,17:45,02:44,5644,GAME20210914CDHC0362
2021,2021-09-14,Reg Season,Orix Buffaloes,Away,L,1,Tohoku Rakuten Golden Eagles,1,5,1,"0,0,0,0,0,0,0,1,0",17,Rakuten Seimei Park Miyagi,18:00,02:43,6034,GAME20210914REOB0482
2021,2021-09-14,Reg Season,Tohoku Rakuten Golden Eagles,Home,W,4,Orix Buffaloes,4,7,0,"1,0,0,0,2,0,0,1,x",17,Rakuten Seimei Park Miyagi,18:00,02:43,6034,GAME20210914REOB0482
2021,2021-09-14,Reg Season,Chiba Lotte Marines,Away,W,3,Fukuoka Softbank Hawks,3,7,1,"0,0,0,1,0,0,0,2,0",17,Mizuho PayPay Dome Fukuoka,18:00,02:58,2145,GAME20210914SHLM0680
2021,2021-09-14,Reg Season,Fukuoka Softbank Hawks,Home,L,1,Chiba Lotte Marines,1,5,0,"1,0,0,0,0,0,0,0,0",17,Mizuho PayPay Dome Fukuoka,18:00,02:58,2145,GAME20210914SHLM0680
2021,2021-09-14,Reg Season,Hokkaido Nippon-Ham Fighters,Away,L,1,Saitama Seibu Lions,1,5,0,"0,0,1,0,0,0,0,0,0",15,Belluna Dome,17:45,02:50,8667,GAME20210914SLNF0593
2021,2021-09-14,Reg Season,Saitama Seibu Lions,Home,W,3,Hokkaido Nippon-Ham Fighters,3,10,1,"0,2,1,0,0,0,0,0,x",15,Belluna Dome,17:45,02:50,8667,GAME20210914SLNF0593
2021,2021-09-14,Reg Season,Yokohama DeNA Baystars,Away,W,3,Yomiuri Giants,3,5,0,"0,0,0,0,0,1,2,0,0",19,Tokyo Dome,17:45,02:39,13852,GAME20210914YGDB0124
2021,2021-09-14,Reg Season,Yomiuri Giants,Home,L,2,Yokohama DeNA Baystars,2,5,1,"0,0,0,1,0,0,0,1,0",19,Tokyo Dome,17:45,02:39,13852,GAME20210914YGDB0124
2021,2021-09-14,Reg Season,Hanshin Tigers,Away,T,4,Tokyo Yakult Swallows,4,9,0,"0,0,0,0,0,0,1,0,3",19,Meiji Jingu Stadium,17:31,03:52,13374,GAME20210914YSHT0246
2021,2021-09-14,Reg Season,Tokyo Yakult Swallows,Home,T,4,Hanshin Tigers,4,9,0,"0,1,0,1,0,1,0,1,0",19,Meiji Jingu Stadium,17:31,03:52,13374,GAME20210914YSHT0246
2021,2021-09-15,Reg Season,Hiroshima Toyo Carp,Away,W,5,Chunichi Dragons,5,9,0,"0,0,0,0,1,0,3,1,0",22,Vantelin Dome Nagoya,17:45,03:20,5638,GAME20210915CDHC0363
2021,2021-09-15,Reg Season,Chunichi Dragons,Home,L,3,Hiroshima Toyo Carp,3,5,0,"0,2,0,1,0,0,0,0,0",22,Vantelin Dome Nagoya,17:45,03:20,5638,GAME20210915CDHC0363
2021,2021-09-15,Reg Season,Orix Buffaloes,Away,L,0,Tohoku Rakuten Golden Eagles,0,6,0,"0,0,0,0,0,0,0,0,0",18,Rakuten Seimei Park Miyagi,18:00,02:43,6739,GAME20210915REOB0483
2021,2021-09-15,Reg Season,Tohoku Rakuten Golden Eagles,Home,W,7,Orix Buffaloes,7,9,0,"0,0,0,0,5,0,2,0,x",18,Rakuten Seimei Park Miyagi,18:00,02:43,6739,GAME20210915REOB0483
2021,2021-09-15,Reg Season,Chiba Lotte Marines,Away,W,5,Fukuoka Softbank Hawks,5,9,1,"1,0,2,0,0,1,1,0,0",18,Mizuho PayPay Dome Fukuoka,18:00,04:01,2043,GAME20210915SHLM0681
2021,2021-09-15,Reg Season,Fukuoka Softbank Hawks,Home,L,4,Chiba Lotte Marines,4,10,2,"0,0,2,2,0,0,0,0,0",18,Mizuho PayPay Dome Fukuoka,18:00,04:01,2043,GAME20210915SHLM0681
2021,2021-09-15,Reg Season,Hokkaido Nippon-Ham Fighters,Away,T,3,Saitama Seibu Lions,3,7,0,"2,0,1,0,0,0,0,0,0",16,Belluna Dome,17:45,03:18,8806,GAME20210915SLNF0594
2021,2021-09-15,Reg Season,Saitama Seibu Lions,Home,T,3,Hokkaido Nippon-Ham Fighters,3,9,3,"1,0,0,0,1,0,0,1,0",16,Belluna Dome,17:45,03:18,8806,GAME20210915SLNF0594
2021,2021-09-15,Reg Season,Yokohama DeNA Baystars,Away,L,6,Yomiuri Giants,6,8,0,"3,0,0,0,0,1,0,1,1",20,Tokyo Dome,17:45,03:16,12198,GAME20210915YGDB0125
2021,2021-09-15,Reg Season,Yomiuri Giants,Home,W,7,Yokohama DeNA Baystars,7,11,0,"0,0,0,2,0,1,0,1,3x",20,Tokyo Dome,17:45,03:16,12198,GAME20210915YGDB0125
2021,2021-09-15,Reg Season,Hanshin Tigers,Away,L,0,Tokyo Yakult Swallows,0,6,1,"0,0,0,0,0,0,0,0,0",20,Meiji Jingu Stadium,17:30,03:11,12768,GAME20210915YSHT0247
2021,2021-09-15,Reg Season,Tokyo Yakult Swallows,Home,W,1,Hanshin Tigers,1,7,0,"1,0,0,0,0,0,0,0,x",20,Meiji Jingu Stadium,17:30,03:11,12768,GAME20210915YSHT0247
2021,2021-09-16,Reg Season,Orix Buffaloes,Away,W,3,Tohoku Rakuten Golden Eagles,3,9,0,"0,0,0,1,0,0,0,2,0",19,Rakuten Seimei Park Miyagi,18:00,03:17,6003,GAME20210916REOB0126
2021,2021-09-16,Reg Season,Tohoku Rakuten Golden Eagles,Home,L,1,Orix Buffaloes,1,5,2,"1,0,0,0,0,0,0,0,0",19,Rakuten Seimei Park Miyagi,18:00,03:17,6003,GAME20210916REOB0126
2021,2021-09-16,Reg Season,Chiba Lotte Marines,Away,T,1,Fukuoka Softbank Hawks,1,4,0,"0,0,0,0,0,0,1,0,0",19,Mizuho PayPay Dome Fukuoka,18:00,03:35,1912,GAME20210916SHLM0364
2021,2021-09-16,Reg Season,Fukuoka Softbank Hawks,Home,T,1,Chiba Lotte Marines,1,9,0,"1,0,0,0,0,0,0,0,0",19,Mizuho PayPay Dome Fukuoka,18:00,03:35,1912,GAME20210916SHLM0364
2021,2021-09-16,Reg Season,Hokkaido Nippon-Ham Fighters,Away,W,3,Saitama Seibu Lions,3,7,0,"0,1,0,0,1,1,0,0,0",17,Belluna Dome,17:45,03:02,8553,GAME20210916SLNF0248
2021,2021-09-16,Reg Season,Saitama Seibu Lions,Home,L,1,Hokkaido Nippon-Ham Fighters,1,5,1,"0,0,0,0,0,1,0,0,0",17,Belluna Dome,17:45,03:02,8553,GAME20210916SLNF0248
2021,2021-09-17,Reg Season,Tokyo Yakult Swallows,Away,W,8,Yomiuri Giants,8,9,0,"0,1,0,2,1,0,0,4,0",18,Tokyo Dome,17:45,03:23,13528,GAME20210917YGYS0127
2021,2021-09-17,Reg Season,Yomiuri Giants,Home,L,2,Tokyo Yakult Swallows,2,6,0,"1,0,0,0,0,0,0,0,1",18,Tokyo Dome,17:45,03:23,13528,GAME20210917YGYS0127
2021,2021-09-18,Reg Season,Yokohama DeNA Baystars,Away,W,4,Hiroshima Toyo Carp,4,7,0,"1,0,0,0,0,0,0,3,0",18,MAZDA Zoom-Zoom Stadium Hiroshima,13:30,03:14,11167,GAME20210918HCDB0365
2021,2021-09-18,Reg Season,Hiroshima Toyo Carp,Home,L,2,Yokohama DeNA Baystars,2,8,2,"0,0,0,1,0,0,0,1,0",18,MAZDA Zoom-Zoom Stadium Hiroshima,13:30,03:14,11167,GAME20210918HCDB0365
2021,2021-09-18,Reg Season,Chunichi Dragons,Away,L,0,Hanshin Tigers,0,4,0,"0,0,0,0,0,0,0,0,0",17,Hanshin Koshien Stadium,14:00,02:57,16796,GAME20210918HTCD0249
2021,2021-09-18,Reg Season,Hanshin Tigers,Home,W,1,Chunichi Dragons,1,6,0,"0,0,0,0,0,1,0,0,x",17,Hanshin Koshien Stadium,14:00,02:57,16796,GAME20210918HTCD0249
2021,2021-09-18,Reg Season,Chiba Lotte Marines,Away,L,0,Hokkaido Nippon-Ham Fighters,0,3,2,"0,0,0,0,0,0,0,0,0",16,Sapporo Dome,14:00,03:11,4996,GAME20210918NFLM0484
2021,2021-09-18,Reg Season,Hokkaido Nippon-Ham Fighters,Home,W,1,Chiba Lotte Marines,1,8,0,"0,0,1,0,0,0,0,0,x",16,Sapporo Dome,14:00,03:11,4996,GAME20210918NFLM0484
2021,2021-09-18,Reg Season,Saitama Seibu Lions,Away,L,0,Orix Buffaloes,0,5,1,"0,0,0,0,0,0,0,0,0",22,Kyocera Dome Osaka,14:01,02:36,9536,GAME20210918OBSL0682
2021,2021-09-18,Reg Season,Orix Buffaloes,Home,W,4,Saitama Seibu Lions,4,7,0,"0,0,0,2,2,0,0,0,x",22,Kyocera Dome Osaka,14:01,02:36,9536,GAME20210918OBSL0682
2021,2021-09-18,Reg Season,Tokyo Yakult Swallows,Away,T,6,Yomiuri Giants,6,13,0,"1,0,1,3,0,1,0,0,0",19,Tokyo Dome,17:45,03:40,15391,GAME20210918YGYS0128
2021,2021-09-18,Reg Season,Yomiuri Giants,Home,T,6,Tokyo Yakult Swallows,6,7,0,"1,0,0,2,1,0,2,0,0",19,Tokyo Dome,17:45,03:40,15391,GAME20210918YGYS0128
2021,2021-09-19,Reg Season,Chunichi Dragons,Away,L,1,Yokohama DeNA Baystars,1,4,0,"0,0,0,0,1,0,0,0,0",19,Yokohama Stadium,17:00,02:33,9984,GAME20210919DBCD0250
2021,2021-09-19,Reg Season,Yokohama DeNA Baystars,Home,W,9,Chunichi Dragons,9,12,1,"4,0,0,0,0,5,0,0,x",19,Yokohama Stadium,17:00,02:33,9984,GAME20210919DBCD0250
2021,2021-09-19,Reg Season,Yomiuri Giants,Away,W,8,Hanshin Tigers,8,13,0,"0,7,0,0,0,0,1,0,0",19,Hanshin Koshien Stadium,18:00,03:17,17801,GAME20210919HTYG0366
2021,2021-09-19,Reg Season,Hanshin Tigers,Home,L,1,Yomiuri Giants,1,6,1,"1,0,0,0,0,0,0,0,0",19,Hanshin Koshien Stadium,18:00,03:17,17801,GAME20210919HTYG0366
2021,2021-09-19,Reg Season,Chiba Lotte Marines,Away,W,4,Hokkaido Nippon-Ham Fighters,4,7,0,"0,0,0,2,0,1,0,1,0",17,Sapporo Dome,14:00,02:37,4999,GAME20210919NFLM0485
2021,2021-09-19,Reg Season,Hokkaido Nippon-Ham Fighters,Home,L,0,Chiba Lotte Marines,0,4,0,"0,0,0,0,0,0,0,0,0",17,Sapporo Dome,14:00,02:37,4999,GAME20210919NFLM0485
2021,2021-09-19,Reg Season,Saitama Seibu Lions,Away,L,1,Orix Buffaloes,1,4,0,"0,0,0,1,0,0,0,0,0",23,Kyocera Dome Osaka,13:00,02:36,9452,GAME20210919OBSL0683
2021,2021-09-19,Reg Season,Orix Buffaloes,Home,W,4,Saitama Seibu Lions,4,7,0,"0,0,0,1,0,1,0,2,x",23,Kyocera Dome Osaka,13:00,02:36,9452,GAME20210919OBSL0683
2021,2021-09-19,Reg Season,Fukuoka Softbank Hawks,Away,L,2,Tohoku Rakuten Golden Eagles,2,9,0,"0,0,1,0,0,1,0,0,0",18,Rakuten Seimei Park Miyagi,13:00,03:06,9993,GAME20210919RESH0595
2021,2021-09-19,Reg Season,Tohoku Rakuten Golden Eagles,Home,W,4,Fukuoka Softbank Hawks,4,5,0,"0,1,0,0,1,0,2,0,x",18,Rakuten Seimei Park Miyagi,13:00,03:06,9993,GAME20210919RESH0595
2021,2021-09-19,Reg Season,Hiroshima Toyo Carp,Away,L,1,Tokyo Yakult Swallows,1,12,1,"0,0,0,0,1,0,0,0,0",18,Meiji Jingu Stadium,17:30,03:29,13432,GAME20210919YSHC0129
2021,2021-09-19,Reg Season,Tokyo Yakult Swallows,Home,W,5,Hiroshima Toyo Carp,5,11,0,"3,0,0,1,0,0,0,1,x",18,Meiji Jingu Stadium,17:30,03:29,13432,GAME20210919YSHC0129
2021,2021-09-20,Reg Season,Chunichi Dragons,Away,L,0,Yokohama DeNA Baystars,0,6,0,"0,0,0,0,0,0,0,0,0",20,Yokohama Stadium,14:00,02:34,9644,GAME20210920DBCD0258
2021,2021-09-20,Reg Season,Yokohama DeNA Baystars,Home,W,6,Chunichi Dragons,6,13,0,"2,3,0,0,1,0,0,0,x",20,Yokohama Stadium,14:00,02:34,9644,GAME20210920DBCD0258
2021,2021-09-20,Reg Season,Chiba Lotte Marines,Away,W,1,Hokkaido Nippon-Ham Fighters,1,4,0,"0,0,0,0,0,1,0,0,0",18,Sapporo Dome,14:00,03:09,4998,GAME20210920NFLM0381
2021,2021-09-20,Reg Season,Hokkaido Nippon-Ham Fighters,Home,L,0,Chiba Lotte Marines,0,5,0,"0,0,0,0,0,0,0,0,0",18,Sapporo Dome,14:00,03:09,4998,GAME20210920NFLM0381
2021,2021-09-20,Reg Season,Saitama Seibu Lions,Away,W,6,Orix Buffaloes,6,8,0,"0,0,3,0,3,0,0,0,0",24,Kyocera Dome Osaka,13:01,02:44,5449,GAME20210920OBSL0623
2021,2021-09-20,Reg Season,Orix Buffaloes,Home,L,4,Saitama Seibu Lions,4,7,0,"0,0,0,1,1,1,0,1,0",24,Kyocera Dome Osaka,13:01,02:44,5449,GAME20210920OBSL0623
2021,2021-09-20,Reg Season,Fukuoka Softbank Hawks,Away,W,5,Tohoku Rakuten Golden Eagles,5,11,0,"0,0,0,2,3,0,0,0,0",19,Rakuten Seimei Park Miyagi,13:00,03:26,9143,GAME20210920RESH0507
2021,2021-09-20,Reg Season,Tohoku Rakuten Golden Eagles,Home,L,4,Fukuoka Softbank Hawks,4,9,0,"0,3,0,0,0,0,0,0,1",19,Rakuten Seimei Park Miyagi,13:00,03:26,9143,GAME20210920RESH0507
2021,2021-09-20,Reg Season,Hiroshima Toyo Carp,Away,T,2,Tokyo Yakult Swallows,2,6,0,"0,0,0,0,2,0,0,0,0",19,Meiji Jingu Stadium,17:30,02:42,10176,GAME20210920YSHC0130
2021,2021-09-20,Reg Season,Tokyo Yakult Swallows,Home,T,2,Hiroshima Toyo Carp,2,9,0,"0,0,0,0,0,0,0,2,0",19,Meiji Jingu Stadium,17:30,02:42,10176,GAME20210920YSHC0130
2021,2021-09-21,Reg Season,Hanshin Tigers,Away,W,3,Chunichi Dragons,3,6,1,"0,0,2,0,0,0,0,0,1",18,Vantelin Dome Nagoya,17:45,03:20,5972,GAME20210921CDHT0259
2021,2021-09-21,Reg Season,Chunichi Dragons,Home,L,2,Hanshin Tigers,2,7,0,"0,0,0,0,0,2,0,0,0",18,Vantelin Dome Nagoya,17:45,03:20,5972,GAME20210921CDHT0259
2021,2021-09-21,Reg Season,Tokyo Yakult Swallows,Away,W,5,Yokohama DeNA Baystars,5,13,0,"4,0,0,0,0,1,0,0,0",18,Yokohama Stadium,17:45,03:09,9364,GAME20210921DBYS0131
2021,2021-09-21,Reg Season,Yokohama DeNA Baystars,Home,L,2,Tokyo Yakult Swallows,2,8,1,"0,0,2,0,0,0,0,0,0",18,Yokohama Stadium,17:45,03:09,9364,GAME20210921DBYS0131
2021,2021-09-21,Reg Season,Yomiuri Giants,Away,L,0,Hiroshima Toyo Carp,0,6,0,"0,0,0,0,0,0,0,0,0",19,MAZDA Zoom-Zoom Stadium Hiroshima,18:00,02:35,10434,GAME20210921HCYG0382
2021,2021-09-21,Reg Season,Hiroshima Toyo Carp,Home,W,2,Yomiuri Giants,2,6,1,"0,0,0,0,0,2,0,0,x",19,MAZDA Zoom-Zoom Stadium Hiroshima,18:00,02:35,10434,GAME20210921HCYG0382
2021,2021-09-22,Reg Season,Hanshin Tigers,Away,L,1,Chunichi Dragons,1,8,0,"0,0,0,0,0,0,0,1,0",19,Vantelin Dome Nagoya,17:45,02:58,7042,GAME20210922CDHT0260
2021,2021-09-22,Reg Season,Chunichi Dragons,Home,W,2,Hanshin Tigers,2,8,0,"1,0,0,0,0,1,0,0,x",19,Vantelin Dome Nagoya,17:45,02:58,7042,GAME20210922CDHT0260
2021,2021-09-22,Reg Season,Tokyo Yakult Swallows,Away,W,2,Yokohama DeNA Baystars,2,9,0,"0,0,0,1,0,0,0,0,1",19,Yokohama Stadium,17:45,03:33,9981,GAME20210922DBYS0132
2021,2021-09-22,Reg Season,Yokohama DeNA Baystars,Home,L,1,Tokyo Yakult Swallows,1,5,1,"0,1,0,0,0,0,0,0,0",19,Yokohama Stadium,17:45,03:33,9981,GAME20210922DBYS0132
2021,2021-09-22,Reg Season,Yomiuri Giants,Away,W,13,Hiroshima Toyo Carp,13,13,0,"2,0,5,0,0,0,0,6,0",20,MAZDA Zoom-Zoom Stadium Hiroshima,18:00,03:14,11405,GAME20210922HCYG0383
2021,2021-09-22,Reg Season,Hiroshima Toyo Carp,Home,L,0,Yomiuri Giants,0,6,2,"0,0,0,0,0,0,0,0,0",20,MAZDA Zoom-Zoom Stadium Hiroshima,18:00,03:14,11405,GAME20210922HCYG0383
2021,2021-09-22,Reg Season,Fukuoka Softbank Hawks,Away,W,4,Chiba Lotte Marines,4,10,1,"0,1,0,2,0,0,1,0,0",20,ZOZO Marine Stadium,17:45,03:07,9968,GAME20210922LMSH0624
2021,2021-09-22,Reg Season,Chiba Lotte Marines,Home,L,1,Fukuoka Softbank Hawks,1,3,1,"0,0,0,0,0,0,0,1,0",20,ZOZO Marine Stadium,17:45,03:07,9968,GAME20210922LMSH0624
2021,2021-09-22,Reg Season,Hokkaido Nippon-Ham Fighters,Away,L,3,Orix Buffaloes,3,6,0,"0,0,0,0,1,2,0,0,0",18,Kyocera Dome Osaka,18:01,03:01,4732,GAME20210922OBNF0717
2021,2021-09-22,Reg Season,Orix Buffaloes,Home,W,5,Hokkaido Nippon-Ham Fighters,5,9,0,"0,0,0,0,0,0,5,0,x",18,Kyocera Dome Osaka,18:01,03:01,4732,GAME20210922OBNF0717
2021,2021-09-22,Reg Season,Tohoku Rakuten Golden Eagles,Away,W,4,Saitama Seibu Lions,4,7,0,"0,0,2,0,0,1,0,1,0",19,Belluna Dome,17:46,03:31,8756,GAME20210922SLRE0508
2021,2021-09-22,Reg Season,Saitama Seibu Lions,Home,L,2,Tohoku Rakuten Golden Eagles,2,7,0,"0,1,0,0,0,1,0,0,0",19,Belluna Dome,17:46,03:31,8756,GAME20210922SLRE0508
2021,2021-09-23,Reg Season,Hanshin Tigers,Away,T,3,Chunichi Dragons,3,6,0,"1,0,0,0,0,0,0,2,0",20,Vantelin Dome Nagoya,14:00,02:46,9623,GAME20210923CDHT0261
2021,2021-09-23,Reg Season,Chunichi Dragons,Home,T,3,Hanshin Tigers,3,6,1,"0,0,0,0,0,1,0,0,2",20,Vantelin Dome Nagoya,14:00,02:46,9623,GAME20210923CDHT0261
2021,2021-09-23,Reg Season,Tokyo Yakult Swallows,Away,W,4,Yokohama DeNA Baystars,4,7,0,"0,0,0,3,0,0,0,1,0",20,Yokohama Stadium,17:45,03:06,9978,GAME20210923DBYS0133
2021,2021-09-23,Reg Season,Yokohama DeNA Baystars,Home,L,2,Tokyo Yakult Swallows,2,6,0,"0,0,0,0,0,0,1,0,1",20,Yokohama Stadium,17:45,03:06,9978,GAME20210923DBYS0133
2021,2021-09-23,Reg Season,Yomiuri Giants,Away,W,5,Hiroshima Toyo Carp,5,7,0,"0,2,2,0,0,1,0,0,0",21,MAZDA Zoom-Zoom Stadium Hiroshima,13:30,02:54,12017,GAME20210923HCYG0384
2021,2021-09-23,Reg Season,Hiroshima Toyo Carp,Home,L,0,Yomiuri Giants,0,4,1,"0,0,0,0,0,0,0,0,0",21,MAZDA Zoom-Zoom Stadium Hiroshima,13:30,02:54,12017,GAME20210923HCYG0384
2021,2021-09-23,Reg Season,Fukuoka Softbank Hawks,Away,W,5,Chiba Lotte Marines,5,14,0,"0,3,0,0,1,0,1,0,0",21,ZOZO Marine Stadium,14:00,03:15,9766,GAME20210923LMSH0625
2021,2021-09-23,Reg Season,Chiba Lotte Marines,Home,L,0,Fukuoka Softbank Hawks,0,5,0,"0,0,0,0,0,0,0,0,0",21,ZOZO Marine Stadium,14:00,03:15,9766,GAME20210923LMSH0625
2021,2021-09-23,Reg Season,Hokkaido Nippon-Ham Fighters,Away,W,4,Orix Buffaloes,4,12,0,"2,0,1,0,1,0,0,0,0",19,Kyocera Dome Osaka,14:00,03:28,5431,GAME20210923OBNF0718
2021,2021-09-23,Reg Season,Orix Buffaloes,Home,L,2,Hokkaido Nippon-Ham Fighters,2,10,1,"0,0,0,0,2,0,0,0,0",19,Kyocera Dome Osaka,14:00,03:28,5431,GAME20210923OBNF0718
2021,2021-09-23,Reg Season,Tohoku Rakuten Golden Eagles,Away,L,3,Saitama Seibu Lions,3,8,0,"0,0,0,1,0,0,2,0,0",20,Belluna Dome,14:00,03:17,9396,GAME20210923SLRE0509
2021,2021-09-23,Reg Season,Saitama Seibu Lions,Home,W,4,Tohoku Rakuten Golden Eagles,4,11,0,"1,0,0,0,1,1,0,0,1x",20,Belluna Dome,14:00,03:17,9396,GAME20210923SLRE0509
2021,2021-09-24,Reg Season,Hiroshima Toyo Carp,Away,W,9,Yokohama DeNA Baystars,9,14,0,"0,0,3,0,2,0,1,0,3",19,Yokohama Stadium,17:45,03:13,9981,GAME20210924DBHC0385
2021,2021-09-24,Reg Season,Yokohama DeNA Baystars,Home,L,2,Hiroshima Toyo Carp,2,7,1,"0,1,0,0,0,0,0,1,0",19,Yokohama Stadium,17:45,03:13,9981,GAME20210924DBHC0385
2021,2021-09-24,Reg Season,Tohoku Rakuten Golden Eagles,Away,W,4,Orix Buffaloes,4,9,0,"1,0,0,1,2,0,0,0,0",20,Kyocera Dome Osaka,18:00,03:14,5275,GAME20210924OBRE0626
2021,2021-09-24,Reg Season,Orix Buffaloes,Home,L,3,Tohoku Rakuten Golden Eagles,3,8,0,"0,0,1,0,0,0,0,2,0",20,Kyocera Dome Osaka,18:00,03:14,5275,GAME20210924OBRE0626
2021,2021-09-24,Reg Season,Hokkaido Nippon-Ham Fighters,Away,W,4,Fukuoka Softbank Hawks,4,6,0,"0,0,0,0,1,0,0,1,2",21,Mizuho PayPay Dome Fukuoka,18:00,03:10,2522,GAME20210924SHNF0719
2021,2021-09-24,Reg Season,Fukuoka Softbank Hawks,Home,L,1,Hokkaido Nippon-Ham Fighters,1,3,0,"0,0,0,0,0,0,0,1,0",21,Mizuho PayPay Dome Fukuoka,18:00,03:10,2522,GAME20210924SHNF0719
2021,2021-09-24,Reg Season,Chiba Lotte Marines,Away,L,4,Saitama Seibu Lions,4,8,1,"2,1,0,1,0,0,0,0,0",20,Belluna Dome,17:45,03:39,8957,GAME20210924SLLM0510
2021,2021-09-24,Reg Season,Saitama Seibu Lions,Home,W,5,Chiba Lotte Marines,5,10,0,"0,0,2,2,1,0,0,0,x",20,Belluna Dome,17:45,03:39,8957,GAME20210924SLLM0510
2021,2021-09-24,Reg Season,Hanshin Tigers,Away,T,6,Yomiuri Giants,6,7,0,"2,0,1,0,2,0,0,0,1",20,Tokyo Dome,17:45,03:26,17022,GAME20210924YGHT0134
2021,2021-09-24,Reg Season,Yomiuri Giants,Home,T,6,Hanshin Tigers,6,13,0,"0,0,5,1,0,0,0,0,0",20,Tokyo Dome,17:45,03:26,17022,GAME20210924YGHT0134
2021,2021-09-24,Reg Season,Chunichi Dragons,Away,L,0,Tokyo Yakult Swallows,0,7,0,"0,0,0,0,0,0,0,0,0",19,Meiji Jingu Stadium,17:30,02:26,8067,GAME20210924YSCD0262
2021,2021-09-24,Reg Season,Tokyo Yakult Swallows,Home,W,3,Chunichi Dragons,3,7,1,"0,0,3,0,0,0,0,0,x",19,Meiji Jingu Stadium,17:30,02:26,8067,GAME20210924YSCD0262
2021,2021-09-25,Reg Season,Hiroshima Toyo Carp,Away,W,3,Yokohama DeNA Baystars,3,11,0,"0,0,1,0,1,1,0,0,0",20,Yokohama Stadium,14:00,03:24,9980,GAME20210925DBHC0386
2021,2021-09-25,Reg Season,Yokohama DeNA Baystars,Home,L,2,Hiroshima Toyo Carp,2,8,1,"0,0,2,0,0,0,0,0,0",20,Yokohama Stadium,14:00,03:24,9980,GAME20210925DBHC0386
2021,2021-09-25,Reg Season,Tohoku Rakuten Golden Eagles,Away,L,2,Orix Buffaloes,2,8,0,"0,0,0,0,0,0,2,0,0",21,Kyocera Dome Osaka,14:00,03:02,9560,GAME20210925OBRE0627
2021,2021-09-25,Reg Season,Orix Buffaloes,Home,W,3,Tohoku Rakuten Golden Eagles,3,9,0,"1,0,0,1,0,1,0,0,x",21,Kyocera Dome Osaka,14:00,03:02,9560,GAME20210925OBRE0627
2021,2021-09-25,Reg Season,Hokkaido Nippon-Ham Fighters,Away,L,2,Fukuoka Softbank Hawks,2,6,0,"0,1,0,0,0,1,0,0,0",22,Mizuho PayPay Dome Fukuoka,14:00,03:06,3772,GAME20210925SHNF0720
2021,2021-09-25,Reg Season,Fukuoka Softbank Hawks,Home,W,4,Hokkaido Nippon-Ham Fighters,4,6,0,"1,3,0,0,0,0,0,0,x",22,Mizuho PayPay Dome Fukuoka,14:00,03:06,3772,GAME20210925SHNF0720
2021,2021-09-25,Reg Season,Chiba Lotte Marines,Away,W,3,Saitama Seibu Lions,3,6,0,"3,0,0,0,0,0,0,0,0",21,Belluna Dome,14:00,02:56,9221,GAME20210925SLLM0511
2021,2021-09-25,Reg Season,Saitama Seibu Lions,Home,L,1,Chiba Lotte Marines,1,6,0,"0,0,0,0,0,1,0,0,0",21,Belluna Dome,14:00,02:56,9221,GAME20210925SLLM0511
2021,2021-09-25,Reg Season,Hanshin Tigers,Away,W,3,Yomiuri Giants,3,6,1,"0,0,0,0,0,0,1,2,0",21,Tokyo Dome,14:00,02:49,17729,GAME20210925YGHT0135
2021,2021-09-25,Reg Season,Yomiuri Giants,Home,L,0,Hanshin Tigers,0,5,0,"0,0,0,0,0,0,0,0,0",21,Tokyo Dome,14:00,02:49,17729,GAME20210925YGHT0135
2021,2021-09-25,Reg Season,Chunichi Dragons,Away,T,0,Tokyo Yakult Swallows,0,5,0,"0,0,0,0,0,0,0,0,0",20,Meiji Jingu Stadium,17:30,03:06,11952,GAME20210925YSCD0263
2021,2021-09-25,Reg Season,Tokyo Yakult Swallows,Home,T,0,Chunichi Dragons,0,1,2,"0,0,0,0,0,0,0,0,0",20,Meiji Jingu Stadium,17:30,03:06,11952,GAME20210925YSCD0263
2021,2021-09-26,Reg Season,Hiroshima Toyo Carp,Away,W,10,Yokohama DeNA Baystars,10,16,1,"0,0,0,1,1,1,3,0,4",21,Yokohama Stadium,14:00,03:47,9979,GAME20210926DBHC0387
2021,2021-09-26,Reg Season,Yokohama DeNA Baystars,Home,L,8,Hiroshima Toyo Carp,8,12,1,"0,2,0,0,0,1,4,1,0",21,Yokohama Stadium,14:00,03:47,9979,GAME20210926DBHC0387
2021,2021-09-26,Reg Season,Tohoku Rakuten Golden Eagles,Away,T,1,Orix Buffaloes,1,9,0,"0,0,0,0,0,0,0,0,1",22,Kyocera Dome Osaka,13:01,03:10,9589,GAME20210926OBRE0628
2021,2021-09-26,Reg Season,Orix Buffaloes,Home,T,1,Tohoku Rakuten Golden Eagles,1,4,0,"0,0,0,0,0,0,1,0,0",22,Kyocera Dome Osaka,13:01,03:10,9589,GAME20210926OBRE0628
2021,2021-09-26,Reg Season,Hokkaido Nippon-Ham Fighters,Away,L,1,Fukuoka Softbank Hawks,1,6,0,"0,0,0,1,0,0,0,0,0",23,Mizuho PayPay Dome Fukuoka,13:00,03:20,3811,GAME20210926SHNF0721
2021,2021-09-26,Reg Season,Fukuoka Softbank Hawks,Home,W,4,Hokkaido Nippon-Ham Fighters,4,7,0,"0,0,0,0,0,1,2,1,x",23,Mizuho PayPay Dome Fukuoka,13:00,03:20,3811,GAME20210926SHNF0721
2021,2021-09-26,Reg Season,Chiba Lotte Marines,Away,W,8,Saitama Seibu Lions,8,9,1,"1,0,1,0,3,0,3,0,0",22,Belluna Dome,13:00,03:12,9234,GAME20210926SLLM0512
2021,2021-09-26,Reg Season,Saitama Seibu Lions,Home,L,4,Chiba Lotte Marines,4,3,1,"0,2,2,0,0,0,0,0,0",22,Belluna Dome,13:00,03:12,9234,GAME20210926SLLM0512
2021,2021-09-26,Reg Season,Hanshin Tigers,Away,W,4,Yomiuri Giants,4,4,0,"0,0,1,0,3,0,0,0,0",22,Tokyo Dome,14:00,03:05,17624,GAME20210926YGHT0136
2021,2021-09-26,Reg Season,Yomiuri Giants,Home,L,3,Hanshin Tigers,3,7,0,"0,0,0,0,0,1,0,2,0",22,Tokyo Dome,14:00,03:05,17624,GAME20210926YGHT0136
2021,2021-09-26,Reg Season,Chunichi Dragons,Away,L,0,Tokyo Yakult Swallows,0,5,1,"0,0,0,0,0,0,0,0,0",21,Meiji Jingu Stadium,17:30,03:01,8489,GAME20210926YSCD0264
2021,2021-09-26,Reg Season,Tokyo Yakult Swallows,Home,W,16,Chunichi Dragons,16,14,0,"2,0,4,4,0,6,0,0,x",21,Meiji Jingu Stadium,17:30,03:01,8489,GAME20210926YSCD0264
2021,2021-09-28,Reg Season,Yomiuri Giants,Away,L,2,Chunichi Dragons,2,7,0,"0,0,0,0,0,0,0,1,1",23,Vantelin Dome Nagoya,17:45,02:50,6392,GAME20210928CDYG0271
2021,2021-09-28,Reg Season,Chunichi Dragons,Home,W,5,Yomiuri Giants,5,10,0,"0,0,0,1,0,0,0,4,x",23,Vantelin Dome Nagoya,17:45,02:50,6392,GAME20210928CDYG0271
2021,2021-09-28,Reg Season,Hiroshima Toyo Carp,Away,W,2,Hanshin Tigers,2,7,0,"0,0,0,1,1,0,0,0,0",19,Hanshin Koshien Stadium,18:01,02:53,12628,GAME20210928HTHC0400
2021,2021-09-28,Reg Season,Hanshin Tigers,Home,L,0,Hiroshima Toyo Carp,0,2,2,"0,0,0,0,0,0,0,0,0",19,Hanshin Koshien Stadium,18:01,02:53,12628,GAME20210928HTHC0400
2021,2021-09-28,Reg Season,Orix Buffaloes,Away,W,5,Chiba Lotte Marines,5,11,0,"0,0,0,3,0,1,1,0,0",20,ZOZO Marine Stadium,17:45,02:40,9796,GAME20210928LMOB0653
2021,2021-09-28,Reg Season,Chiba Lotte Marines,Home,L,2,Orix Buffaloes,2,5,0,"0,0,1,0,0,1,0,0,0",20,ZOZO Marine Stadium,17:45,02:40,9796,GAME20210928LMOB0653
2021,2021-09-28,Reg Season,Hokkaido Nippon-Ham Fighters,Away,W,3,Tohoku Rakuten Golden Eagles,3,7,1,"0,0,1,0,2,0,0,0,0",22,Rakuten Seimei Park Miyagi,18:00,03:00,4986,GAME20210928RENF0531
2021,2021-09-28,Reg Season,Tohoku Rakuten Golden Eagles,Home,L,1,Hokkaido Nippon-Ham Fighters,1,4,0,"0,1,0,0,0,0,0,0,0",22,Rakuten Seimei Park Miyagi,18:00,03:00,4986,GAME20210928RENF0531
2021,2021-09-28,Reg Season,Saitama Seibu Lions,Away,L,2,Fukuoka Softbank Hawks,2,8,0,"0,0,0,0,0,0,2,0,0",21,Mizuho PayPay Dome Fukuoka,18:00,03:08,3559,GAME20210928SHSL0751
2021,2021-09-28,Reg Season,Fukuoka Softbank Hawks,Home,W,5,Saitama Seibu Lions,5,8,0,"0,4,0,0,1,0,0,0,x",21,Mizuho PayPay Dome Fukuoka,18:00,03:08,3559,GAME20210928SHSL0751
2021,2021-09-28,Reg Season,Yokohama DeNA Baystars,Away,L,0,Tokyo Yakult Swallows,0,3,0,"0,0,0,0,0,0,0,0,0",21,Meiji Jingu Stadium,17:30,02:49,7477,GAME20210928YSDB0137
2021,2021-09-28,Reg Season,Tokyo Yakult Swallows,Home,W,4,Yokohama DeNA Baystars,4,5,1,"0,0,0,0,4,0,0,0,x",21,Meiji Jingu Stadium,17:30,02:49,7477,GAME20210928YSDB0137
2021,2021-09-29,Reg Season,Yomiuri Giants,Away,L,0,Chunichi Dragons,0,7,1,"0,0,0,0,0,0,0,0,0",24,Vantelin Dome Nagoya,17:45,02:53,6589,GAME20210929CDYG0272
2021,2021-09-29,Reg Season,Chunichi Dragons,Home,W,5,Yomiuri Giants,5,7,0,"0,0,0,1,2,1,1,0,x",24,Vantelin Dome Nagoya,17:45,02:53,6589,GAME20210929CDYG0272
2021,2021-09-29,Reg Season,Hiroshima Toyo Carp,Away,W,8,Hanshin Tigers,8,10,1,"1,0,1,1,0,0,0,3,2",20,Hanshin Koshien Stadium,18:02,03:50,12747,GAME20210929HTHC0401
2021,2021-09-29,Reg Season,Hanshin Tigers,Home,L,2,Hiroshima Toyo Carp,2,10,0,"0,0,0,1,1,0,0,0,0",20,Hanshin Koshien Stadium,18:02,03:50,12747,GAME20210929HTHC0401
2021,2021-09-29,Reg Season,Orix Buffaloes,Away,W,15,Chiba Lotte Marines,15,21,0,"0,0,0,0,6,1,3,0,5",21,ZOZO Marine Stadium,17:46,03:39,9567,GAME20210929LMOB0654
2021,2021-09-29,Reg Season,Chiba Lotte Marines,Home,L,2,Orix Buffaloes,2,6,2,"0,2,0,0,0,0,0,0,0",21,ZOZO Marine Stadium,17:46,03:39,9567,GAME20210929LMOB0654
2021,2021-09-29,Reg Season,Hokkaido Nippon-Ham Fighters,Away,L,0,Tohoku Rakuten Golden Eagles,0,5,1,"0,0,0,0,0,0,0,0,0",23,Rakuten Seimei Park Miyagi,18:00,03:23,4980,GAME20210929RENF0532
2021,2021-09-29,Reg Season,Tohoku Rakuten Golden Eagles,Home,W,5,Hokkaido Nippon-Ham Fighters,5,13,1,"1,3,0,0,0,0,1,0,x",23,Rakuten Seimei Park Miyagi,18:00,03:23,4980,GAME20210929RENF0532
2021,2021-09-29,Reg Season,Saitama Seibu Lions,Away,L,0,Fukuoka Softbank Hawks,0,4,0,"0,0,0,0,0,0,0,0,0",22,Mizuho PayPay Dome Fukuoka,18:00,02:53,3488,GAME20210929SHSL0752
2021,2021-09-29,Reg Season,Fukuoka Softbank Hawks,Home,W,9,Saitama Seibu Lions,9,8,0,"1,0,4,0,3,0,0,1,x",22,Mizuho PayPay Dome Fukuoka,18:00,02:53,3488,GAME20210929SHSL0752
2021,2021-09-29,Reg Season,Yokohama DeNA Baystars,Away,W,7,Tokyo Yakult Swallows,7,11,0,"1,1,4,0,1,0,0,0,0",22,Meiji Jingu Stadium,17:30,03:29,6852,GAME20210929YSDB0138
2021,2021-09-29,Reg Season,Tokyo Yakult Swallows,Home,L,5,Yokohama DeNA Baystars,5,8,1,"0,0,0,0,4,0,0,0,1",22,Meiji Jingu Stadium,17:30,03:29,6852,GAME20210929YSDB0138
2021,2021-09-30,Reg Season,Yomiuri Giants,Away,L,0,Chunichi Dragons,0,3,0,"0,0,0,0,0,0,0,0,0",25,Vantelin Dome Nagoya,17:45,02:15,7269,GAME20210930CDYG0273
2021,2021-09-30,Reg Season,Chunichi Dragons,Home,W,1,Yomiuri Giants,1,7,0,"0,0,0,0,1,0,0,0,x",25,Vantelin Dome Nagoya,17:45,02:15,7269,GAME20210930CDYG0273
2021,2021-09-30,Reg Season,Hiroshima Toyo Carp,Away,W,5,Hanshin Tigers,5,9,1,"0,1,0,2,0,0,1,1,0",21,Hanshin Koshien Stadium,18:01,03:23,11409,GAME20210930HTHC0402
2021,2021-09-30,Reg Season,Hanshin Tigers,Home,L,4,Hiroshima Toyo Carp,4,9,1,"2,0,0,1,0,0,1,0,0",21,Hanshin Koshien Stadium,18:01,03:23,11409,GAME20210930HTHC0402
2021,2021-09-30,Reg Season,Orix Buffaloes,Away,W,4,Chiba Lotte Marines,4,8,1,"0,0,0,0,0,0,0,1,3",22,ZOZO Marine Stadium,17:45,02:50,9600,GAME20210930LMOB0655
2021,2021-09-30,Reg Season,Chiba Lotte Marines,Home,L,3,Orix Buffaloes,3,5,0,"0,0,1,0,0,0,0,2,0",22,ZOZO Marine Stadium,17:45,02:50,9600,GAME20210930LMOB0655
2021,2021-09-30,Reg Season,Hokkaido Nippon-Ham Fighters,Away,L,5,Tohoku Rakuten Golden Eagles,5,10,1,"0,0,1,0,0,1,0,2,1",24,Rakuten Seimei Park Miyagi,18:00,03:24,4991,GAME20210930RENF0533
2021,2021-09-30,Reg Season,Tohoku Rakuten Golden Eagles,Home,W,8,Hokkaido Nippon-Ham Fighters,8,9,2,"1,0,0,5,2,0,0,0,x",24,Rakuten Seimei Park Miyagi,18:00,03:24,4991,GAME20210930RENF0533
2021,2021-09-30,Reg Season,Saitama Seibu Lions,Away,W,8,Fukuoka Softbank Hawks,8,11,0,"0,0,0,3,2,0,0,0,3",23,Mizuho PayPay Dome Fukuoka,18:00,04:28,3758,GAME20210930SHSL0753
2021,2021-09-30,Reg Season,Fukuoka Softbank Hawks,Home,L,7,Saitama Seibu Lions,7,16,0,"1,0,0,1,4,0,1,0,0",23,Mizuho PayPay Dome Fukuoka,18:00,04:28,3758,GAME20210930SHSL0753
2021,2021-09-30,Reg Season,Yokohama DeNA Baystars,Away,W,7,Tokyo Yakult Swallows,7,12,0,"1,0,1,0,0,0,2,0,3",23,Meiji Jingu Stadium,17:30,03:23,6255,GAME20210930YSDB0139
2021,2021-09-30,Reg Season,Tokyo Yakult Swallows,Home,L,6,Yokohama DeNA Baystars,6,5,0,"0,1,3,0,0,0,0,0,2",23,Meiji Jingu Stadium,17:30,03:23,6255,GAME20210930YSDB0139
2021,2021-10-01,Reg Season,Tokyo Yakult Swallows,Away,W,5,Hiroshima Toyo Carp,5,9,2,"0,0,0,0,0,2,0,3,0",20,MAZDA Zoom-Zoom Stadium Hiroshima,18:00,03:28,11331,GAME20211001HCYS0403
2021,2021-10-01,Reg Season,Hiroshima Toyo Carp,Home,L,4,Tokyo Yakult Swallows,4,7,0,"1,0,0,0,0,0,3,0,0",20,MAZDA Zoom-Zoom Stadium Hiroshima,18:00,03:28,11331,GAME20211001HCYS0403
2021,2021-10-01,Reg Season,Chunichi Dragons,Away,L,2,Hanshin Tigers,2,7,0,"0,0,0,0,1,0,1,0,0",21,Hanshin Koshien Stadium,18:01,02:48,14073,GAME20211001HTCD0274
2021,2021-10-01,Reg Season,Hanshin Tigers,Home,W,5,Chunichi Dragons,5,5,0,"0,0,0,2,3,0,0,0,x",21,Hanshin Koshien Stadium,18:01,02:48,14073,GAME20211001HTCD0274
2021,2021-10-01,Reg Season,Saitama Seibu Lions,Away,W,4,Hokkaido Nippon-Ham Fighters,4,6,0,"0,0,0,0,0,0,1,3,0",18,Sapporo Dome,18:00,03:26,5782,GAME20211001NFSL0534
2021,2021-10-01,Reg Season,Hokkaido Nippon-Ham Fighters,Home,L,2,Saitama Seibu Lions,2,5,0,"0,0,0,0,0,1,0,0,1",18,Sapporo Dome,18:00,03:26,5782,GAME20211001NFSL0534
2021,2021-10-01,Reg Season,Fukuoka Softbank Hawks,Away,L,1,Orix Buffaloes,1,7,0,"0,0,0,0,1,0,0,0,0",21,Kyocera Dome Osaka,18:00,02:40,9787,GAME20211001OBSH0754
2021,2021-10-01,Reg Season,Orix Buffaloes,Home,W,2,Fukuoka Softbank Hawks,2,5,1,"0,0,0,0,0,1,1,0,x",21,Kyocera Dome Osaka,18:00,02:40,9787,GAME20211001OBSH0754
2021,2021-10-01,Reg Season,Yokohama DeNA Baystars,Away,L,2,Yomiuri Giants,2,6,1,"0,0,0,1,0,1,0,0,0",21,Tokyo Dome,18:00,02:59,13187,GAME20211001YGDB0140
2021,2021-10-01,Reg Season,Yomiuri Giants,Home,W,3,Yokohama DeNA Baystars,3,12,0,"0,0,0,0,0,2,1,0,x",21,Tokyo Dome,18:00,02:59,13187,GAME20211001YGDB0140
2021,2021-10-02,Reg Season,Tokyo Yakult Swallows,Away,W,9,Hiroshima Toyo Carp,9,11,0,"0,0,0,2,0,5,1,0,1",21,MAZDA Zoom-Zoom Stadium Hiroshima,14:00,03:10,12443,GAME20211002HCYS0404
2021,2021-10-02,Reg Season,Hiroshima Toyo Carp,Home,L,5,Tokyo Yakult Swallows,5,10,0,"0,0,0,1,0,0,0,4,0",21,MAZDA Zoom-Zoom Stadium Hiroshima,14:00,03:10,12443,GAME20211002HCYS0404
2021,2021-10-02,Reg Season,Chunichi Dragons,Away,L,0,Hanshin Tigers,0,5,0,"0,0,0,0,0,0,0,0,0",22,Hanshin Koshien Stadium,14:00,02:23,17975,GAME20211002HTCD0275
2021,2021-10-02,Reg Season,Hanshin Tigers,Home,W,3,Chunichi Dragons,3,6,0,"3,0,0,0,0,0,0,0,x",22,Hanshin Koshien Stadium,14:00,02:23,17975,GAME20211002HTCD0275
2021,2021-10-02,Reg Season,Saitama Seibu Lions,Away,L,1,Hokkaido Nippon-Ham Fighters,1,6,0,"0,0,0,0,0,1,0,0,0",19,Sapporo Dome,18:00,03:08,7065,GAME20211002NFSL0535
2021,2021-10-02,Reg Season,Hokkaido Nippon-Ham Fighters,Home,W,2,Saitama Seibu Lions,2,6,1,"0,0,0,0,1,0,1,0,x",19,Sapporo Dome,18:00,03:08,7065,GAME20211002NFSL0535
2021,2021-10-02,Reg Season,Fukuoka Softbank Hawks,Away,L,0,Orix Buffaloes,0,2,1,"0,0,0,0,0,0,0,0,0",22,Kyocera Dome Osaka,14:01,02:46,9979,GAME20211002OBSH0755
2021,2021-10-02,Reg Season,Orix Buffaloes,Home,W,6,Fukuoka Softbank Hawks,6,4,0,"4,1,0,1,0,0,0,0,x",22,Kyocera Dome Osaka,14:01,02:46,9979,GAME20211002OBSH0755
2021,2021-10-02,Reg Season,Chiba Lotte Marines,Away,L,1,Tohoku Rakuten Golden Eagles,1,5,2,"0,0,0,1,0,0,0,0,0",22,Rakuten Seimei Park Miyagi,14:00,02:45,9851,GAME20211002RELM0656
2021,2021-10-02,Reg Season,Tohoku Rakuten Golden Eagles,Home,W,6,Chiba Lotte Marines,6,9,0,"1,2,0,0,1,1,0,1,x",22,Rakuten Seimei Park Miyagi,14:00,02:45,9851,GAME20211002RELM0656
2021,2021-10-02,Reg Season,Yokohama DeNA Baystars,Away,L,4,Yomiuri Giants,4,10,0,"0,0,2,2,0,0,0,0,0",22,Tokyo Dome,14:00,02:59,16285,GAME20211002YGDB0141
2021,2021-10-02,Reg Season,Yomiuri Giants,Home,W,5,Yokohama DeNA Baystars,5,6,0,"1,1,2,0,1,0,0,0,x",22,Tokyo Dome,14:00,02:59,16285,GAME20211002YGDB0141
2021,2021-10-03,Reg Season,Tokyo Yakult Swallows,Away,W,4,Hiroshima Toyo Carp,4,9,0,"1,0,0,0,0,0,0,2,1",22,MAZDA Zoom-Zoom Stadium Hiroshima,13:30,03:24,13541,GAME20211003HCYS0405
2021,2021-10-03,Reg Season,Hiroshima Toyo Carp,Home,L,1,Tokyo Yakult Swallows,1,11,1,"0,0,0,0,0,1,0,0,0",22,MAZDA Zoom-Zoom Stadium Hiroshima,13:30,03:24,13541,GAME20211003HCYS0405
2021,2021-10-03,Reg Season,Chunichi Dragons,Away,L,0,Hanshin Tigers,0,5,0,"0,0,0,0,0,0,0,0,0",23,Hanshin Koshien Stadium,14:00,02:53,18012,GAME20211003HTCD0276
2021,2021-10-03,Reg Season,Hanshin Tigers,Home,W,1,Chunichi Dragons,1,7,0,"0,0,1,0,0,0,0,0,x",23,Hanshin Koshien Stadium,14:00,02:53,18012,GAME20211003HTCD0276
2021,2021-10-03,Reg Season,Saitama Seibu Lions,Away,L,2,Hokkaido Nippon-Ham Fighters,2,3,0,"0,2,0,0,0,0,0,0,0",20,Sapporo Dome,14:00,02:36,6903,GAME20211003NFSL0536
2021,2021-10-03,Reg Season,Hokkaido Nippon-Ham Fighters,Home,W,3,Saitama Seibu Lions,3,6,0,"0,0,0,0,0,0,1,1,1x",20,Sapporo Dome,14:00,02:36,6903,GAME20211003NFSL0536
2021,2021-10-03,Reg Season,Fukuoka Softbank Hawks,Away,L,0,Orix Buffaloes,0,3,0,"0,0,0,0,0,0,0,0,0",23,Kyocera Dome Osaka,13:00,02:49,10557,GAME20211003OBSH0756
2021,2021-10-03,Reg Season,Orix Buffaloes,Home,W,3,Fukuoka Softbank Hawks,3,7,0,"0,1,0,1,1,0,0,0,x",23,Kyocera Dome Osaka,13:00,02:49,10557,GAME20211003OBSH0756
2021,2021-10-03,Reg Season,Chiba Lotte Marines,Away,W,2,Tohoku Rakuten Golden Eagles,2,9,2,"2,0,0,0,0,0,0,0,0",23,Rakuten Seimei Park Miyagi,13:00,02:23,9967,GAME20211003RELM0657
2021,2021-10-03,Reg Season,Tohoku Rakuten Golden Eagles,Home,L,0,Chiba Lotte Marines,0,3,0,"0,0,0,0,0,0,0,0,0",23,Rakuten Seimei Park Miyagi,13:00,02:23,9967,GAME20211003RELM0657
2021,2021-10-03,Reg Season,Yokohama DeNA Baystars,Away,T,3,Yomiuri Giants,3,6,1,"0,0,0,0,3,0,0,0,0",23,Tokyo Dome,14:00,03:01,16047,GAME20211003YGDB0142
2021,2021-10-03,Reg Season,Yomiuri Giants,Home,T,3,Yokohama DeNA Baystars,3,5,0,"0,0,0,0,1,0,1,0,1",23,Tokyo Dome,14:00,03:01,16047,GAME20211003YGDB0142
2021,2021-10-05,Reg Season,Hiroshima Toyo Carp,Away,L,3,Chunichi Dragons,3,12,0,"0,0,0,1,1,0,1,0,0",23,Vantelin Dome Nagoya,18:00,03:17,7627,GAME20211005CDHC0420
2021,2021-10-05,Reg Season,Chunichi Dragons,Home,W,4,Hiroshima Toyo Carp,4,9,0,"0,0,3,0,0,0,0,0,1x",23,Vantelin Dome Nagoya,18:00,03:17,7627,GAME20211005CDHC0420
2021,2021-10-05,Reg Season,Hanshin Tigers,Away,W,5,Yokohama DeNA Baystars,5,9,0,"4,0,1,0,0,0,0,0,0",23,Yokohama Stadium,17:45,02:54,9977,GAME20211005DBHT0284
2021,2021-10-05,Reg Season,Yokohama DeNA Baystars,Home,L,2,Hanshin Tigers,2,7,1,"0,0,0,0,2,0,0,0,0",23,Yokohama Stadium,17:45,02:54,9977,GAME20211005DBHT0284
2021,2021-10-05,Reg Season,Saitama Seibu Lions,Away,L,0,Chiba Lotte Marines,0,1,0,"0,0,0,0,0,0,0,0,0",23,ZOZO Marine Stadium,17:45,02:43,9461,GAME20211005LMSL0558
2021,2021-10-05,Reg Season,Chiba Lotte Marines,Home,W,2,Saitama Seibu Lions,2,7,1,"1,1,0,0,0,0,0,0,x",23,ZOZO Marine Stadium,17:45,02:43,9461,GAME20211005LMSL0558
2021,2021-10-05,Reg Season,Hokkaido Nippon-Ham Fighters,Away,L,0,Orix Buffaloes,0,5,1,"0,0,0,0,0,0,0,0,0",20,Kyocera Dome Osaka,18:00,03:04,7192,GAME20211005OBNF0686
2021,2021-10-05,Reg Season,Orix Buffaloes,Home,W,9,Hokkaido Nippon-Ham Fighters,9,13,0,"2,0,0,0,1,4,0,2,x",20,Kyocera Dome Osaka,18:00,03:04,7192,GAME20211005OBNF0686
2021,2021-10-05,Reg Season,Tohoku Rakuten Golden Eagles,Away,T,7,Fukuoka Softbank Hawks,7,15,0,"1,0,0,0,2,1,3,0,0",20,Mizuho PayPay Dome Fukuoka,18:00,04:21,8019,GAME20211005SHRE0792
2021,2021-10-05,Reg Season,Fukuoka Softbank Hawks,Home,T,7,Tohoku Rakuten Golden Eagles,7,10,0,"4,0,0,0,1,0,1,1,0",20,Mizuho PayPay Dome Fukuoka,18:00,04:21,8019,GAME20211005SHRE0792
2021,2021-10-05,Reg Season,Yomiuri Giants,Away,L,2,Tokyo Yakult Swallows,2,8,0,"0,0,0,0,1,1,0,0,0",20,Meiji Jingu Stadium,18:00,02:57,12536,GAME20211005YSYG0143
2021,2021-10-05,Reg Season,Tokyo Yakult Swallows,Home,W,3,Yomiuri Giants,3,7,1,"0,0,1,2,0,0,0,0,x",20,Meiji Jingu Stadium,18:00,02:57,12536,GAME20211005YSYG0143
2021,2021-10-06,Reg Season,Hiroshima Toyo Carp,Away,W,7,Chunichi Dragons,7,9,1,"3,0,0,0,0,2,0,0,2",24,Vantelin Dome Nagoya,18:00,02:53,8438,GAME20211006CDHC0421
2021,2021-10-06,Reg Season,Chunichi Dragons,Home,L,3,Hiroshima Toyo Carp,3,10,0,"0,1,0,1,0,1,0,0,0",24,Vantelin Dome Nagoya,18:00,02:53,8438,GAME20211006CDHC0421
2021,2021-10-06,Reg Season,Hanshin Tigers,Away,W,2,Yokohama DeNA Baystars,2,8,0,"0,0,0,2,0,0,0,0,0",24,Yokohama Stadium,17:46,03:16,9986,GAME20211006DBHT0285
2021,2021-10-06,Reg Season,Yokohama DeNA Baystars,Home,L,0,Hanshin Tigers,0,8,1,"0,0,0,0,0,0,0,0,0",24,Yokohama Stadium,17:46,03:16,9986,GAME20211006DBHT0285
2021,2021-10-06,Reg Season,Saitama Seibu Lions,Away,L,2,Chiba Lotte Marines,2,6,1,"0,1,0,0,0,1,0,0,0",24,ZOZO Marine Stadium,17:45,02:33,9898,GAME20211006LMSL0559
2021,2021-10-06,Reg Season,Chiba Lotte Marines,Home,W,4,Saitama Seibu Lions,4,5,0,"2,0,0,0,2,0,0,0,x",24,ZOZO Marine Stadium,17:45,02:33,9898,GAME20211006LMSL0559
2021,2021-10-06,Reg Season,Hokkaido Nippon-Ham Fighters,Away,W,3,Orix Buffaloes,3,8,0,"0,0,1,0,0,0,2,0,0",21,Kyocera Dome Osaka,18:01,03:40,7769,GAME20211006OBNF0687
2021,2021-10-06,Reg Season,Orix Buffaloes,Home,L,2,Hokkaido Nippon-Ham Fighters,2,4,0,"1,0,0,0,0,0,0,1,0",21,Kyocera Dome Osaka,18:01,03:40,7769,GAME20211006OBNF0687
2021,2021-10-06,Reg Season,Tohoku Rakuten Golden Eagles,Away,W,5,Fukuoka Softbank Hawks,5,12,1,"1,0,0,0,0,0,2,2,0",21,Mizuho PayPay Dome Fukuoka,18:00,03:46,8233,GAME20211006SHRE0793
2021,2021-10-06,Reg Season,Fukuoka Softbank Hawks,Home,L,0,Tohoku Rakuten Golden Eagles,0,6,1,"0,0,0,0,0,0,0,0,0",21,Mizuho PayPay Dome Fukuoka,18:00,03:46,8233,GAME20211006SHRE0793
2021,2021-10-06,Reg Season,Yomiuri Giants,Away,L,0,Tokyo Yakult Swallows,0,5,0,"0,0,0,0,0,0,0,0,0",21,Meiji Jingu Stadium,18:00,02:31,12836,GAME20211006YSYG0144
2021,2021-10-06,Reg Season,Tokyo Yakult Swallows,Home,W,3,Yomiuri Giants,3,6,0,"0,0,0,0,2,0,0,1,x",21,Meiji Jingu Stadium,18:00,02:31,12836,GAME20211006YSYG0144
2021,2021-10-07,Reg Season,Hiroshima Toyo Carp,Away,W,5,Chunichi Dragons,5,11,1,"0,0,0,0,4,0,0,1,0",25,Vantelin Dome Nagoya,18:00,03:04,9217,GAME20211007CDHC0422
2021,2021-10-07,Reg Season,Chunichi Dragons,Home,L,2,Hiroshima Toyo Carp,2,7,0,"0,0,0,0,1,0,0,1,0",25,Vantelin Dome Nagoya,18:00,03:04,9217,GAME20211007CDHC0422
2021,2021-10-07,Reg Season,Hanshin Tigers,Away,L,3,Yokohama DeNA Baystars,3,6,1,"0,0,3,0,0,0,0,0,0",25,Yokohama Stadium,17:45,02:51,9989,GAME20211007DBHT0286
2021,2021-10-07,Reg Season,Yokohama DeNA Baystars,Home,W,4,Hanshin Tigers,4,7,0,"0,0,0,2,0,0,0,2,x",25,Yokohama Stadium,17:45,02:51,9989,GAME20211007DBHT0286
2021,2021-10-07,Reg Season,Tohoku Rakuten Golden Eagles,Away,W,3,Chiba Lotte Marines,3,5,1,"0,1,0,1,0,0,0,0,1",24,ZOZO Marine Stadium,17:45,03:14,9933,GAME20211007LMRE0560
2021,2021-10-07,Reg Season,Chiba Lotte Marines,Home,L,2,Tohoku Rakuten Golden Eagles,2,7,1,"1,1,0,0,0,0,0,0,0",24,ZOZO Marine Stadium,17:45,03:14,9933,GAME20211007LMRE0560
2021,2021-10-07,Reg Season,Hokkaido Nippon-Ham Fighters,Away,L,3,Orix Buffaloes,3,6,1,"0,1,1,1,0,0,0,0,0",22,Kyocera Dome Osaka,18:01,02:56,7728,GAME20211007OBNF0794
2021,2021-10-07,Reg Season,Orix Buffaloes,Home,W,4,Hokkaido Nippon-Ham Fighters,4,7,1,"1,0,1,1,1,0,0,0,x",22,Kyocera Dome Osaka,18:01,02:56,7728,GAME20211007OBNF0794
2021,2021-10-07,Reg Season,Fukuoka Softbank Hawks,Away,L,0,Saitama Seibu Lions,0,2,1,"0,0,0,0,0,0,0,0,0",24,Belluna Dome,17:45,03:12,8709,GAME20211007SLSH0688
2021,2021-10-07,Reg Season,Saitama Seibu Lions,Home,W,7,Fukuoka Softbank Hawks,7,11,0,"0,1,1,2,0,0,3,0,x",24,Belluna Dome,17:45,03:12,8709,GAME20211007SLSH0688
2021,2021-10-07,Reg Season,Yomiuri Giants,Away,L,0,Tokyo Yakult Swallows,0,4,1,"0,0,0,0,0,0,0,0,0",22,Meiji Jingu Stadium,18:00,02:54,12305,GAME20211007YSYG0145
2021,2021-10-07,Reg Season,Tokyo Yakult Swallows,Home,W,1,Yomiuri Giants,1,2,0,"0,0,0,0,0,0,0,0,1x",22,Meiji Jingu Stadium,18:00,02:54,12305,GAME20211007YSYG0145
2021,2021-10-08,Reg Season,Chunichi Dragons,Away,L,3,Yokohama DeNA Baystars,3,5,0,"2,0,0,0,0,0,1,0,0",21,Yokohama Stadium,17:45,03:02,9979,GAME20211008DBCD0287
2021,2021-10-08,Reg Season,Yokohama DeNA Baystars,Home,W,9,Chunichi Dragons,9,14,0,"1,6,0,0,2,0,0,0,x",21,Yokohama Stadium,17:45,03:02,9979,GAME20211008DBCD0287
2021,2021-10-08,Reg Season,Yomiuri Giants,Away,L,2,Hiroshima Toyo Carp,2,8,0,"1,1,0,0,0,0,0,0,0",22,MAZDA Zoom-Zoom Stadium Hiroshima,18:00,03:34,12447,GAME20211008HCYG0423
2021,2021-10-08,Reg Season,Hiroshima Toyo Carp,Home,W,6,Yomiuri Giants,6,9,1,"0,2,0,0,4,0,0,0,x",22,MAZDA Zoom-Zoom Stadium Hiroshima,18:00,03:34,12447,GAME20211008HCYG0423
2021,2021-10-08,Reg Season,Chiba Lotte Marines,Away,L,0,Hokkaido Nippon-Ham Fighters,0,4,0,"0,0,0,0,0,0,0,0,0",19,Sapporo Dome,18:00,03:18,6539,GAME20211008NFLM0561
2021,2021-10-08,Reg Season,Hokkaido Nippon-Ham Fighters,Home,W,9,Chiba Lotte Marines,9,14,0,"0,2,1,1,1,1,2,1,x",19,Sapporo Dome,18:00,03:18,6539,GAME20211008NFLM0561
2021,2021-10-08,Reg Season,Fukuoka Softbank Hawks,Away,L,2,Saitama Seibu Lions,2,8,3,"0,0,0,0,0,0,1,1,0",25,Belluna Dome,17:45,03:12,9099,GAME20211008SLSH0689
2021,2021-10-08,Reg Season,Saitama Seibu Lions,Home,W,6,Fukuoka Softbank Hawks,6,8,1,"0,0,1,0,1,0,0,4,x",25,Belluna Dome,17:45,03:12,9099,GAME20211008SLSH0689
2021,2021-10-08,Reg Season,Hanshin Tigers,Away,L,1,Tokyo Yakult Swallows,1,5,0,"0,0,0,1,0,0,0,0,0",21,Meiji Jingu Stadium,18:00,02:46,14447,GAME20211008YSHT0146
2021,2021-10-08,Reg Season,Tokyo Yakult Swallows,Home,W,4,Hanshin Tigers,4,8,1,"1,1,0,0,2,0,0,0,x",21,Meiji Jingu Stadium,18:00,02:46,14447,GAME20211008YSHT0146
2021,2021-10-09,Reg Season,Chunichi Dragons,Away,W,4,Yokohama DeNA Baystars,4,11,2,"0,0,0,0,0,0,0,1,3",22,Yokohama Stadium,14:00,03:03,9994,GAME20211009DBCD0288
2021,2021-10-09,Reg Season,Yokohama DeNA Baystars,Home,L,2,Chunichi Dragons,2,6,0,"0,0,0,0,1,0,1,0,0",22,Yokohama Stadium,14:00,03:03,9994,GAME20211009DBCD0288
2021,2021-10-09,Reg Season,Yomiuri Giants,Away,L,1,Hiroshima Toyo Carp,1,6,0,"0,0,0,0,0,0,0,0,1",23,MAZDA Zoom-Zoom Stadium Hiroshima,14:00,03:24,13958,GAME20211009HCYG0424
2021,2021-10-09,Reg Season,Hiroshima Toyo Carp,Home,W,7,Yomiuri Giants,7,13,0,"2,0,1,1,0,1,2,0,x",23,MAZDA Zoom-Zoom Stadium Hiroshima,14:00,03:24,13958,GAME20211009HCYG0424
2021,2021-10-09,Reg Season,Chiba Lotte Marines,Away,L,2,Hokkaido Nippon-Ham Fighters,2,5,0,"0,0,0,2,0,0,0,0,0",20,Sapporo Dome,14:01,03:14,8190,GAME20211009NFLM0562
2021,2021-10-09,Reg Season,Hokkaido Nippon-Ham Fighters,Home,W,4,Chiba Lotte Marines,4,8,3,"2,0,0,1,0,1,0,0,x",20,Sapporo Dome,14:01,03:14,8190,GAME20211009NFLM0562
2021,2021-10-09,Reg Season,Orix Buffaloes,Away,W,6,Fukuoka Softbank Hawks,6,11,0,"0,0,0,2,0,1,0,3,0",24,Mizuho PayPay Dome Fukuoka,18:00,03:22,9687,GAME20211009SHOB0795
2021,2021-10-09,Reg Season,Fukuoka Softbank Hawks,Home,L,2,Orix Buffaloes,2,6,0,"0,0,0,0,1,0,1,0,0",24,Mizuho PayPay Dome Fukuoka,18:00,03:22,9687,GAME20211009SHOB0795
2021,2021-10-09,Reg Season,Tohoku Rakuten Golden Eagles,Away,W,2,Saitama Seibu Lions,2,9,0,"0,0,0,0,1,0,0,0,1",21,Belluna Dome,14:00,03:21,9301,GAME20211009SLRE0690
2021,2021-10-09,Reg Season,Saitama Seibu Lions,Home,L,1,Tohoku Rakuten Golden Eagles,1,6,1,"0,0,0,0,0,0,1,0,0",21,Belluna Dome,14:00,03:21,9301,GAME20211009SLRE0690
2021,2021-10-09,Reg Season,Hanshin Tigers,Away,W,2,Tokyo Yakult Swallows,2,5,1,"1,0,0,0,0,0,1,0,0",22,Meiji Jingu Stadium,18:00,03:39,14468,GAME20211009YSHT0147
2021,2021-10-09,Reg Season,Tokyo Yakult Swallows,Home,L,1,Hanshin Tigers,1,8,2,"0,0,1,0,0,0,0,0,0",22,Meiji Jingu Stadium,18:00,03:39,14468,GAME20211009YSHT0147
2021,2021-10-10,Reg Season,Chunichi Dragons,Away,L,1,Yokohama DeNA Baystars,1,10,0,"0,1,0,0,0,0,0,0,0",23,Yokohama Stadium,14:00,03:14,9969,GAME20211010DBCD0289
2021,2021-10-10,Reg Season,Yokohama DeNA Baystars,Home,W,2,Chunichi Dragons,2,9,0,"0,0,0,0,0,1,0,0,1x",23,Yokohama Stadium,14:00,03:14,9969,GAME20211010DBCD0289
2021,2021-10-10,Reg Season,Yomiuri Giants,Away,L,1,Hiroshima Toyo Carp,1,8,0,"0,0,0,0,0,0,0,1,0",24,MAZDA Zoom-Zoom Stadium Hiroshima,13:30,03:15,13049,GAME20211010HCYG0425
2021,2021-10-10,Reg Season,Hiroshima Toyo Carp,Home,W,3,Yomiuri Giants,3,9,1,"0,0,0,1,2,0,0,0,x",24,MAZDA Zoom-Zoom Stadium Hiroshima,13:30,03:15,13049,GAME20211010HCYG0425
2021,2021-10-10,Reg Season,Chiba Lotte Marines,Away,T,4,Hokkaido Nippon-Ham Fighters,4,9,2,"0,1,0,0,0,0,1,0,2",21,Sapporo Dome,14:01,03:22,8313,GAME20211010NFLM0563
2021,2021-10-10,Reg Season,Hokkaido Nippon-Ham Fighters,Home,T,4,Chiba Lotte Marines,4,11,0,"0,0,0,0,1,1,2,0,0",21,Sapporo Dome,14:01,03:22,8313,GAME20211010NFLM0563
2021,2021-10-10,Reg Season,Orix Buffaloes,Away,L,1,Fukuoka Softbank Hawks,1,6,0,"1,0,0,0,0,0,0,0,0",25,Mizuho PayPay Dome Fukuoka,14:00,03:08,9914,GAME20211010SHOB0796
2021,2021-10-10,Reg Season,Fukuoka Softbank Hawks,Home,W,3,Orix Buffaloes,3,7,0,"2,0,0,1,0,0,0,0,x",25,Mizuho PayPay Dome Fukuoka,14:00,03:08,9914,GAME20211010SHOB0796
2021,2021-10-10,Reg Season,Tohoku Rakuten Golden Eagles,Away,L,2,Saitama Seibu Lions,2,4,1,"0,2,0,0,0,0,0,0,0",22,Belluna Dome,14:00,03:20,9435,GAME20211010SLRE0691
2021,2021-10-10,Reg Season,Saitama Seibu Lions,Home,W,3,Tohoku Rakuten Golden Eagles,3,10,2,"0,0,0,1,0,0,1,0,1x",22,Belluna Dome,14:00,03:20,9435,GAME20211010SLRE0691
2021,2021-10-10,Reg Season,Hanshin Tigers,Away,L,4,Tokyo Yakult Swallows,4,15,0,"0,0,0,4,0,0,0,0,0",23,Meiji Jingu Stadium,18:00,04:19,14484,GAME20211010YSHT0148
2021,2021-10-10,Reg Season,Tokyo Yakult Swallows,Home,W,6,Hanshin Tigers,6,10,1,"1,0,1,0,2,2,0,0,x",23,Meiji Jingu Stadium,18:00,04:19,14484,GAME20211010YSHT0148
2021,2021-10-12,Reg Season,Tokyo Yakult Swallows,Away,L,2,Chunichi Dragons,2,7,1,"0,0,0,1,0,1,0,0,0",22,Vantelin Dome Nagoya,18:00,03:07,9659,GAME20211012CDYS0290
2021,2021-10-12,Reg Season,Chunichi Dragons,Home,W,3,Tokyo Yakult Swallows,3,7,1,"0,0,0,0,0,2,0,1,x",22,Vantelin Dome Nagoya,18:00,03:07,9659,GAME20211012CDYS0290
2021,2021-10-12,Reg Season,Yokohama DeNA Baystars,Away,L,0,Hiroshima Toyo Carp,0,2,1,"0,0,0,0,0,0,0,0,0",22,MAZDA Zoom-Zoom Stadium Hiroshima,18:00,02:51,11260,GAME20211012HCDB0426
2021,2021-10-12,Reg Season,Hiroshima Toyo Carp,Home,W,3,Yokohama DeNA Baystars,3,7,1,"0,0,0,1,0,0,0,2,x",22,MAZDA Zoom-Zoom Stadium Hiroshima,18:00,02:51,11260,GAME20211012HCDB0426
2021,2021-10-12,Reg Season,Fukuoka Softbank Hawks,Away,W,5,Hokkaido Nippon-Ham Fighters,5,7,0,"0,2,0,0,0,0,0,0,3",24,Sapporo Dome,18:00,03:08,6750,GAME20211012NFSH0564
2021,2021-10-12,Reg Season,Hokkaido Nippon-Ham Fighters,Home,L,0,Fukuoka Softbank Hawks,0,6,0,"0,0,0,0,0,0,0,0,0",24,Sapporo Dome,18:00,03:08,6750,GAME20211012NFSH0564
2021,2021-10-12,Reg Season,Chiba Lotte Marines,Away,T,2,Orix Buffaloes,2,8,0,"0,0,0,1,0,1,0,0,0",23,Kyocera Dome Osaka,18:00,02:37,10563,GAME20211012OBLM0692
2021,2021-10-12,Reg Season,Orix Buffaloes,Home,T,2,Chiba Lotte Marines,2,6,0,"0,0,0,0,0,0,0,2,0",23,Kyocera Dome Osaka,18:00,02:37,10563,GAME20211012OBLM0692
2021,2021-10-12,Reg Season,Hanshin Tigers,Away,W,2,Yomiuri Giants,2,10,1,"0,2,0,0,0,0,0,0,0",23,Tokyo Dome,18:00,03:26,16234,GAME20211012YGHT0149
2021,2021-10-12,Reg Season,Yomiuri Giants,Home,L,1,Hanshin Tigers,1,7,1,"0,0,0,0,0,1,0,0,0",23,Tokyo Dome,18:00,03:26,16234,GAME20211012YGHT0149
2021,2021-10-13,Reg Season,Tokyo Yakult Swallows,Away,W,3,Chunichi Dragons,3,11,0,"0,0,0,0,1,2,0,0,0",23,Vantelin Dome Nagoya,18:00,02:46,9984,GAME20211013CDYS0297
2021,2021-10-13,Reg Season,Chunichi Dragons,Home,L,1,Tokyo Yakult Swallows,1,5,0,"1,0,0,0,0,0,0,0,0",23,Vantelin Dome Nagoya,18:00,02:46,9984,GAME20211013CDYS0297
2021,2021-10-13,Reg Season,Yokohama DeNA Baystars,Away,W,9,Hiroshima Toyo Carp,9,15,2,"0,0,0,0,7,2,0,0,0",23,MAZDA Zoom-Zoom Stadium Hiroshima,18:00,03:25,12438,GAME20211013HCDB0439
2021,2021-10-13,Reg Season,Hiroshima Toyo Carp,Home,L,3,Yokohama DeNA Baystars,3,10,0,"0,0,3,0,0,0,0,0,0",23,MAZDA Zoom-Zoom Stadium Hiroshima,18:00,03:25,12438,GAME20211013HCDB0439
2021,2021-10-13,Reg Season,Saitama Seibu Lions,Away,L,2,Hokkaido Nippon-Ham Fighters,2,6,0,"0,1,0,0,0,0,0,0,1",21,Sapporo Dome,18:00,02:54,5907,GAME20211013NFSL0583
2021,2021-10-13,Reg Season,Hokkaido Nippon-Ham Fighters,Home,W,10,Saitama Seibu Lions,10,12,1,"0,2,1,0,0,0,7,0,x",21,Sapporo Dome,18:00,02:54,5907,GAME20211013NFSL0583
2021,2021-10-13,Reg Season,Chiba Lotte Marines,Away,W,8,Orix Buffaloes,8,16,0,"1,0,4,0,1,0,0,0,2",24,Kyocera Dome Osaka,18:00,02:56,10690,GAME20211013OBLM0823
2021,2021-10-13,Reg Season,Orix Buffaloes,Home,L,2,Chiba Lotte Marines,2,6,0,"0,0,0,0,0,0,0,0,2",24,Kyocera Dome Osaka,18:00,02:56,10690,GAME20211013OBLM0823
2021,2021-10-13,Reg Season,Fukuoka Softbank Hawks,Away,L,1,Tohoku Rakuten Golden Eagles,1,4,1,"0,0,0,0,0,0,1,0,0",22,Rakuten Seimei Park Miyagi,18:01,03:35,7334,GAME20211013RESH0716
2021,2021-10-13,Reg Season,Tohoku Rakuten Golden Eagles,Home,W,2,Fukuoka Softbank Hawks,2,6,1,"0,0,0,0,0,0,0,1,1x",22,Rakuten Seimei Park Miyagi,18:01,03:35,7334,GAME20211013RESH0716
2021,2021-10-13,Reg Season,Hanshin Tigers,Away,T,2,Yomiuri Giants,2,9,1,"0,1,0,1,0,0,0,0,0",24,Tokyo Dome,18:00,03:13,15879,GAME20211013YGHT0150
2021,2021-10-13,Reg Season,Yomiuri Giants,Home,T,2,Hanshin Tigers,2,5,0,"1,1,0,0,0,0,0,0,0",24,Tokyo Dome,18:00,03:13,15879,GAME20211013YGHT0150
2021,2021-10-14,Reg Season,Tokyo Yakult Swallows,Away,T,1,Chunichi Dragons,1,5,1,"0,1,0,0,0,0,0,0,0",24,Vantelin Dome Nagoya,17:45,02:37,9950,GAME20211014CDYS0298
2021,2021-10-14,Reg Season,Chunichi Dragons,Home,T,1,Tokyo Yakult Swallows,1,6,0,"0,0,0,0,0,0,1,0,0",24,Vantelin Dome Nagoya,17:45,02:37,9950,GAME20211014CDYS0298
2021,2021-10-14,Reg Season,Yokohama DeNA Baystars,Away,L,3,Hiroshima Toyo Carp,3,8,3,"0,0,0,1,0,1,0,1,0",24,MAZDA Zoom-Zoom Stadium Hiroshima,18:00,03:37,12549,GAME20211014HCDB0440
2021,2021-10-14,Reg Season,Hiroshima Toyo Carp,Home,W,5,Yokohama DeNA Baystars,5,9,1,"0,0,0,1,2,2,0,0,x",24,MAZDA Zoom-Zoom Stadium Hiroshima,18:00,03:37,12549,GAME20211014HCDB0440
2021,2021-10-14,Reg Season,Saitama Seibu Lions,Away,W,3,Hokkaido Nippon-Ham Fighters,3,7,0,"0,0,0,0,0,2,0,1,0",22,Sapporo Dome,18:01,02:55,6112,GAME20211014NFSL0584
2021,2021-10-14,Reg Season,Hokkaido Nippon-Ham Fighters,Home,L,0,Saitama Seibu Lions,0,5,1,"0,0,0,0,0,0,0,0,0",22,Sapporo Dome,18:01,02:55,6112,GAME20211014NFSL0584
2021,2021-10-14,Reg Season,Chiba Lotte Marines,Away,W,6,Orix Buffaloes,6,11,0,"3,1,1,0,0,1,0,0,0",25,Kyocera Dome Osaka,18:00,02:56,10929,GAME20211014OBLM0824
2021,2021-10-14,Reg Season,Orix Buffaloes,Home,L,1,Chiba Lotte Marines,1,8,0,"0,0,0,0,0,0,0,0,1",25,Kyocera Dome Osaka,18:00,02:56,10929,GAME20211014OBLM0824
2021,2021-10-14,Reg Season,Fukuoka Softbank Hawks,Away,W,6,Tohoku Rakuten Golden Eagles,6,9,0,"0,0,1,0,1,0,0,4,0",23,Rakuten Seimei Park Miyagi,18:00,03:53,8108,GAME20211014RESH0717
2021,2021-10-14,Reg Season,Tohoku Rakuten Golden Eagles,Home,L,5,Fukuoka Softbank Hawks,5,9,3,"0,0,0,2,0,0,3,0,0",23,Rakuten Seimei Park Miyagi,18:00,03:53,8108,GAME20211014RESH0717
2021,2021-10-14,Reg Season,Hanshin Tigers,Away,W,3,Yomiuri Giants,3,9,0,"0,0,0,0,0,0,0,0,3",25,Tokyo Dome,18:00,03:06,16027,GAME20211014YGHT0151
2021,2021-10-14,Reg Season,Yomiuri Giants,Home,L,0,Hanshin Tigers,0,1,0,"0,0,0,0,0,0,0,0,0",25,Tokyo Dome,18:00,03:06,16027,GAME20211014YGHT0151
2021,2021-10-15,Reg Season,Fukuoka Softbank Hawks,Away,L,1,Chiba Lotte Marines,1,3,1,"0,0,0,0,1,0,0,0,0",22,ZOZO Marine Stadium,17:45,03:34,9849,GAME20211015LMSH0585
2021,2021-10-15,Reg Season,Chiba Lotte Marines,Home,W,3,Fukuoka Softbank Hawks,3,3,2,"0,0,0,0,1,0,0,0,2x",22,ZOZO Marine Stadium,17:45,03:34,9849,GAME20211015LMSH0585
2021,2021-10-15,Reg Season,Orix Buffaloes,Away,W,3,Hokkaido Nippon-Ham Fighters,3,4,0,"0,0,0,3,0,0,0,0,0",23,Sapporo Dome,18:01,02:56,7076,GAME20211015NFOB0299
2021,2021-10-15,Reg Season,Hokkaido Nippon-Ham Fighters,Home,L,0,Orix Buffaloes,0,3,0,"0,0,0,0,0,0,0,0,0",23,Sapporo Dome,18:01,02:56,7076,GAME20211015NFOB0299
2021,2021-10-15,Reg Season,Saitama Seibu Lions,Away,W,5,Tohoku Rakuten Golden Eagles,5,7,0,"0,1,1,0,0,0,0,3,0",23,Rakuten Seimei Park Miyagi,18:00,02:26,9054,GAME20211015RESL0441
2021,2021-10-15,Reg Season,Tohoku Rakuten Golden Eagles,Home,L,1,Saitama Seibu Lions,1,4,1,"0,0,0,1,0,0,0,0,0",23,Rakuten Seimei Park Miyagi,18:00,02:26,9054,GAME20211015RESL0441
2021,2021-10-15,Reg Season,Yomiuri Giants,Away,L,7,Tokyo Yakult Swallows,7,11,0,"3,0,0,0,0,1,2,1,0",23,Meiji Jingu Stadium,18:00,03:22,14136,GAME20211015YSYG0152
2021,2021-10-15,Reg Season,Tokyo Yakult Swallows,Home,W,8,Yomiuri Giants,8,10,1,"0,1,1,0,0,2,4,0,x",23,Meiji Jingu Stadium,18:00,03:22,14136,GAME20211015YSYG0152
2021,2021-10-16,Reg Season,Fukuoka Softbank Hawks,Away,W,10,Chiba Lotte Marines,10,15,0,"0,5,0,2,0,1,1,0,1",23,ZOZO Marine Stadium,14:00,03:23,14842,GAME20211016LMSH0718
2021,2021-10-16,Reg Season,Chiba Lotte Marines,Home,L,4,Fukuoka Softbank Hawks,4,7,0,"3,0,1,0,0,0,0,0,0",23,ZOZO Marine Stadium,14:00,03:23,14842,GAME20211016LMSH0718
2021,2021-10-16,Reg Season,Orix Buffaloes,Away,T,1,Hokkaido Nippon-Ham Fighters,1,4,1,"0,0,0,0,0,0,0,1,0",24,Sapporo Dome,14:00,03:35,9879,GAME20211016NFOB0442
2021,2021-10-16,Reg Season,Hokkaido Nippon-Ham Fighters,Home,T,1,Orix Buffaloes,1,5,1,"0,0,0,0,0,1,0,0,0",24,Sapporo Dome,14:00,03:35,9879,GAME20211016NFOB0442
2021,2021-10-16,Reg Season,Saitama Seibu Lions,Away,L,0,Tohoku Rakuten Golden Eagles,0,6,0,"0,0,0,0,0,0,0,0,0",24,Rakuten Seimei Park Miyagi,14:30,02:47,8127,GAME20211016RESL0586
2021,2021-10-16,Reg Season,Tohoku Rakuten Golden Eagles,Home,W,3,Saitama Seibu Lions,3,4,0,"2,0,0,0,1,0,0,0,x",24,Rakuten Seimei Park Miyagi,14:30,02:47,8127,GAME20211016RESL0586
2021,2021-10-16,Reg Season,Hiroshima Toyo Carp,Away,W,8,Yomiuri Giants,8,12,1,"4,0,3,0,0,1,0,0,0",25,Tokyo Dome,14:00,03:32,16170,GAME20211016YGHC0153
2021,2021-10-16,Reg Season,Yomiuri Giants,Home,L,7,Hiroshima Toyo Carp,7,11,0,"0,0,0,0,0,0,5,0,2",25,Tokyo Dome,14:00,03:32,16170,GAME20211016YGHC0153
2021,2021-10-16,Reg Season,Chunichi Dragons,Away,W,5,Tokyo Yakult Swallows,5,10,0,"0,0,0,0,4,0,0,1,0",25,Meiji Jingu Stadium,18:00,03:03,14465,GAME20211016YSCD0300
2021,2021-10-16,Reg Season,Tokyo Yakult Swallows,Home,L,3,Chunichi Dragons,3,8,2,"0,1,0,0,2,0,0,0,0",25,Meiji Jingu Stadium,18:00,03:03,14465,GAME20211016YSCD0300
2021,2021-10-17,Reg Season,Tokyo Yakult Swallows,Away,W,7,Yokohama DeNA Baystars,7,11,1,"0,0,1,1,1,0,1,0,3",24,Yokohama Stadium,15:02,03:01,15577,GAME20211017DBYS0154
2021,2021-10-17,Reg Season,Yokohama DeNA Baystars,Home,L,3,Tokyo Yakult Swallows,3,9,1,"0,0,1,1,0,0,1,0,0",24,Yokohama Stadium,15:02,03:01,15577,GAME20211017DBYS0154
2021,2021-10-17,Reg Season,Hiroshima Toyo Carp,Away,W,4,Hanshin Tigers,4,7,0,"0,0,2,1,0,0,0,1,0",22,Hanshin Koshien Stadium,18:00,03:22,18016,GAME20211017HTHC0301
2021,2021-10-17,Reg Season,Hanshin Tigers,Home,L,2,Hiroshima Toyo Carp,2,10,1,"0,0,0,0,0,0,2,0,0",22,Hanshin Koshien Stadium,18:00,03:22,18016,GAME20211017HTHC0301
2021,2021-10-17,Reg Season,Orix Buffaloes,Away,L,3,Hokkaido Nippon-Ham Fighters,3,7,1,"0,0,0,1,0,2,0,0,0",25,Sapporo Dome,14:01,03:49,13618,GAME20211017NFOB0443
2021,2021-10-17,Reg Season,Hokkaido Nippon-Ham Fighters,Home,W,4,Orix Buffaloes,4,9,0,"0,1,0,3,0,0,0,0,x",25,Sapporo Dome,14:01,03:49,13618,GAME20211017NFOB0443
2021,2021-10-17,Reg Season,Saitama Seibu Lions,Away,W,6,Tohoku Rakuten Golden Eagles,6,11,0,"0,0,0,1,4,1,0,0,0",25,Rakuten Seimei Park Miyagi,13:00,03:50,9987,GAME20211017RESL0587
2021,2021-10-17,Reg Season,Tohoku Rakuten Golden Eagles,Home,L,5,Saitama Seibu Lions,5,8,0,"0,0,0,0,0,0,3,0,2",25,Rakuten Seimei Park Miyagi,13:00,03:50,9987,GAME20211017RESL0587
2021,2021-10-18,Reg Season,Hiroshima Toyo Carp,Away,L,1,Hanshin Tigers,1,6,1,"0,0,0,0,0,0,0,1,0",23,Hanshin Koshien Stadium,18:01,03:09,14787,GAME20211018HTHC0155
2021,2021-10-18,Reg Season,Hanshin Tigers,Home,W,2,Hiroshima Toyo Carp,2,6,0,"0,0,1,0,0,0,1,0,x",23,Hanshin Koshien Stadium,18:01,03:09,14787,GAME20211018HTHC0155
2021,2021-10-18,Reg Season,Hokkaido Nippon-Ham Fighters,Away,W,5,Tohoku Rakuten Golden Eagles,5,10,0,"2,0,0,0,0,3,0,0,0",25,Rakuten Seimei Park Miyagi,18:00,02:29,8170,GAME20211018RENF0444
2021,2021-10-18,Reg Season,Tohoku Rakuten Golden Eagles,Home,L,0,Hokkaido Nippon-Ham Fighters,0,3,0,"0,0,0,0,0,0,0,0,0",25,Rakuten Seimei Park Miyagi,18:00,02:29,8170,GAME20211018RENF0444
2021,2021-10-18,Reg Season,Chiba Lotte Marines,Away,W,2,Saitama Seibu Lions,2,7,0,"1,0,0,0,0,0,1,0,0",25,Belluna Dome,17:45,03:05,9106,GAME20211018SLLM0302
2021,2021-10-18,Reg Season,Saitama Seibu Lions,Home,L,1,Chiba Lotte Marines,1,5,0,"1,0,0,0,0,0,0,0,0",25,Belluna Dome,17:45,03:05,9106,GAME20211018SLLM0302
2021,2021-10-19,Reg Season,Yomiuri Giants,Away,T,4,Yokohama DeNA Baystars,4,7,0,"0,2,1,0,0,0,0,1,0",24,Yokohama Stadium,17:45,03:21,9996,GAME20211019DBYG0156
2021,2021-10-19,Reg Season,Yokohama DeNA Baystars,Home,T,4,Yomiuri Giants,4,11,0,"0,1,0,2,1,0,0,0,0",24,Yokohama Stadium,17:45,03:21,9996,GAME20211019DBYG0156
2021,2021-10-19,Reg Season,Tokyo Yakult Swallows,Away,L,0,Hanshin Tigers,0,4,1,"0,0,0,0,0,0,0,0,0",24,Hanshin Koshien Stadium,18:00,03:25,16558,GAME20211019HTYS0308
2021,2021-10-19,Reg Season,Hanshin Tigers,Home,W,11,Tokyo Yakult Swallows,11,16,0,"3,0,0,2,4,0,2,0,x",24,Hanshin Koshien Stadium,18:00,03:25,16558,GAME20211019HTYS0308
2021,2021-10-19,Reg Season,Tohoku Rakuten Golden Eagles,Away,L,3,Orix Buffaloes,3,10,1,"0,0,1,0,1,0,1,0,0",23,Kyocera Dome Osaka,18:01,03:37,11274,GAME20211019OBRE0604
2021,2021-10-19,Reg Season,Orix Buffaloes,Home,W,6,Tohoku Rakuten Golden Eagles,6,8,0,"0,1,0,0,4,0,0,1,x",23,Kyocera Dome Osaka,18:01,03:37,11274,GAME20211019OBRE0604
2021,2021-10-19,Reg Season,Chiba Lotte Marines,Away,L,0,Fukuoka Softbank Hawks,0,1,1,"0,0,0,0,0,0,0,0,0",24,Mizuho PayPay Dome Fukuoka,18:00,03:14,14607,GAME20211019SHLM0740
2021,2021-10-19,Reg Season,Fukuoka Softbank Hawks,Home,W,6,Chiba Lotte Marines,6,7,1,"0,0,0,0,0,4,0,2,x",24,Mizuho PayPay Dome Fukuoka,18:00,03:14,14607,GAME20211019SHLM0740
2021,2021-10-19,Reg Season,Hokkaido Nippon-Ham Fighters,Away,W,6,Saitama Seibu Lions,6,12,0,"0,0,1,0,3,0,0,0,2",23,Belluna Dome,17:47,03:36,9523,GAME20211019SLNF0456
2021,2021-10-19,Reg Season,Saitama Seibu Lions,Home,L,2,Hokkaido Nippon-Ham Fighters,2,4,0,"0,0,0,1,0,0,0,1,0",23,Belluna Dome,17:47,03:36,9523,GAME20211019SLNF0456
2021,2021-10-20,Reg Season,Yomiuri Giants,Away,W,3,Yokohama DeNA Baystars,3,5,0,"0,2,0,0,0,0,1,0,0",25,Yokohama Stadium,17:45,03:16,9992,GAME20211020DBYG0157
2021,2021-10-20,Reg Season,Yokohama DeNA Baystars,Home,L,2,Yomiuri Giants,2,8,0,"2,0,0,0,0,0,0,0,0",25,Yokohama Stadium,17:45,03:16,9992,GAME20211020DBYG0157
2021,2021-10-20,Reg Season,Tokyo Yakult Swallows,Away,T,0,Hanshin Tigers,0,4,0,"0,0,0,0,0,0,0,0,0",25,Hanshin Koshien Stadium,18:00,02:43,15619,GAME20211020HTYS0309
2021,2021-10-20,Reg Season,Hanshin Tigers,Home,T,0,Tokyo Yakult Swallows,0,5,0,"0,0,0,0,0,0,0,0,0",25,Hanshin Koshien Stadium,18:00,02:43,15619,GAME20211020HTYS0309
2021,2021-10-20,Reg Season,Tohoku Rakuten Golden Eagles,Away,W,5,Orix Buffaloes,5,8,0,"0,1,0,0,0,0,4,0,0",24,Kyocera Dome Osaka,18:00,02:58,11317,GAME20211020OBRE0605
2021,2021-10-20,Reg Season,Orix Buffaloes,Home,L,2,Tohoku Rakuten Golden Eagles,2,6,2,"0,0,0,0,2,0,0,0,0",24,Kyocera Dome Osaka,18:00,02:58,11317,GAME20211020OBRE0605
2021,2021-10-20,Reg Season,Hokkaido Nippon-Ham Fighters,Away,L,5,Saitama Seibu Lions,5,9,0,"0,1,0,1,3,0,0,0,0",24,Belluna Dome,17:45,02:57,10918,GAME20211020SLNF0457
2021,2021-10-20,Reg Season,Saitama Seibu Lions,Home,W,7,Hokkaido Nippon-Ham Fighters,7,12,0,"0,5,1,0,1,0,0,0,x",24,Belluna Dome,17:45,02:57,10918,GAME20211020SLNF0457
2021,2021-10-21,Reg Season,Chunichi Dragons,Away,L,1,Hanshin Tigers,1,2,2,"0,0,0,0,0,0,0,0,1",24,Hanshin Koshien Stadium,18:00,02:57,14573,GAME20211021HTCD0310
2021,2021-10-21,Reg Season,Hanshin Tigers,Home,W,6,Chunichi Dragons,6,11,0,"1,3,0,0,0,0,2,0,x",24,Hanshin Koshien Stadium,18:00,02:57,14573,GAME20211021HTCD0310
2021,2021-10-21,Reg Season,Saitama Seibu Lions,Away,L,2,Orix Buffaloes,2,7,1,"0,0,0,0,0,1,0,0,1",25,Kyocera Dome Osaka,18:00,02:36,14715,GAME20211021OBSL0458
2021,2021-10-21,Reg Season,Orix Buffaloes,Home,W,3,Saitama Seibu Lions,3,4,1,"0,0,0,2,1,0,0,0,x",25,Kyocera Dome Osaka,18:00,02:36,14715,GAME20211021OBSL0458
2021,2021-10-21,Reg Season,Hokkaido Nippon-Ham Fighters,Away,T,2,Fukuoka Softbank Hawks,2,7,0,"0,0,0,0,0,0,0,0,2",25,Mizuho PayPay Dome Fukuoka,18:01,03:06,14877,GAME20211021SHNF0606
2021,2021-10-21,Reg Season,Fukuoka Softbank Hawks,Home,T,2,Hokkaido Nippon-Ham Fighters,2,5,1,"0,0,0,0,0,0,2,0,0",25,Mizuho PayPay Dome Fukuoka,18:01,03:06,14877,GAME20211021SHNF0606
2021,2021-10-21,Reg Season,Hiroshima Toyo Carp,Away,W,11,Tokyo Yakult Swallows,11,15,0,"0,2,0,1,0,0,7,1,0",23,Meiji Jingu Stadium,18:00,03:51,13167,GAME20211021YSHC0158
2021,2021-10-21,Reg Season,Tokyo Yakult Swallows,Home,L,7,Hiroshima Toyo Carp,7,10,1,"0,0,1,5,0,0,1,0,0",23,Meiji Jingu Stadium,18:00,03:51,13167,GAME20211021YSHC0158
2021,2021-10-22,Reg Season,Chunichi Dragons,Away,L,2,Yokohama DeNA Baystars,2,13,2,"0,0,0,0,0,0,1,0,1",24,Yokohama Stadium,17:45,03:07,9941,GAME20211022DBCD0311
2021,2021-10-22,Reg Season,Yokohama DeNA Baystars,Home,W,4,Chunichi Dragons,4,7,0,"4,0,0,0,0,0,0,0,x",24,Yokohama Stadium,17:45,03:07,9941,GAME20211022DBCD0311
2021,2021-10-23,Reg Season,Chunichi Dragons,Away,L,0,Yokohama DeNA Baystars,0,1,0,"0,0,0,0,0,0,0,0,0",25,Yokohama Stadium,14:00,02:52,15790,GAME20211023DBCD0312
2021,2021-10-23,Reg Season,Yokohama DeNA Baystars,Home,W,5,Chunichi Dragons,5,11,1,"0,0,1,0,2,0,2,0,x",25,Yokohama Stadium,14:00,02:52,15790,GAME20211023DBCD0312
2021,2021-10-23,Reg Season,Hanshin Tigers,Away,T,1,Hiroshima Toyo Carp,1,5,0,"0,0,0,0,0,0,1,0,0",24,MAZDA Zoom-Zoom Stadium Hiroshima,18:02,02:44,8090,GAME20211023HCHT0459
2021,2021-10-23,Reg Season,Hiroshima Toyo Carp,Home,T,1,Hanshin Tigers,1,4,0,"0,0,1,0,0,0,0,0,0",24,MAZDA Zoom-Zoom Stadium Hiroshima,18:02,02:44,8090,GAME20211023HCHT0459
2021,2021-10-23,Reg Season,Hokkaido Nippon-Ham Fighters,Away,L,3,Chiba Lotte Marines,3,5,2,"0,0,0,0,0,2,0,1,0",22,ZOZO Marine Stadium,14:00,03:04,9890,GAME20211023LMNF0741
2021,2021-10-23,Reg Season,Chiba Lotte Marines,Home,W,4,Hokkaido Nippon-Ham Fighters,4,6,2,"0,0,3,0,0,0,0,0,1x",22,ZOZO Marine Stadium,14:00,03:04,9890,GAME20211023LMNF0741
2021,2021-10-23,Reg Season,Fukuoka Softbank Hawks,Away,L,1,Tohoku Rakuten Golden Eagles,1,8,2,"0,0,0,0,1,0,0,0,0",24,Rakuten Seimei Park Miyagi,14:01,03:12,10554,GAME20211023RESH0607
2021,2021-10-23,Reg Season,Tohoku Rakuten Golden Eagles,Home,W,8,Fukuoka Softbank Hawks,8,7,1,"0,3,1,1,0,3,0,0,x",24,Rakuten Seimei Park Miyagi,14:01,03:12,10554,GAME20211023RESH0607
2021,2021-10-23,Reg Season,Tokyo Yakult Swallows,Away,L,1,Yomiuri Giants,1,3,0,"0,0,0,1,0,0,0,0,0",24,Tokyo Dome,14:00,03:31,16782,GAME20211023YGYS0159
2021,2021-10-23,Reg Season,Yomiuri Giants,Home,W,11,Tokyo Yakult Swallows,11,11,1,"4,0,0,0,2,1,4,0,x",24,Tokyo Dome,14:00,03:31,16782,GAME20211023YGYS0159
2021,2021-10-24,Reg Season,Hanshin Tigers,Away,W,7,Hiroshima Toyo Carp,7,10,0,"0,3,0,0,0,0,1,3,0",25,MAZDA Zoom-Zoom Stadium Hiroshima,14:00,03:32,8310,GAME20211024HCHT0313
2021,2021-10-24,Reg Season,Hiroshima Toyo Carp,Home,L,2,Hanshin Tigers,2,6,2,"0,1,0,0,0,0,0,1,0",25,MAZDA Zoom-Zoom Stadium Hiroshima,14:00,03:32,8310,GAME20211024HCHT0313
2021,2021-10-24,Reg Season,Hokkaido Nippon-Ham Fighters,Away,L,2,Chiba Lotte Marines,2,7,0,"0,0,0,0,0,0,0,0,2",23,ZOZO Marine Stadium,14:00,02:36,9921,GAME20211024LMNF0608
2021,2021-10-24,Reg Season,Chiba Lotte Marines,Home,W,3,Hokkaido Nippon-Ham Fighters,3,7,0,"0,0,0,0,1,1,0,1,x",23,ZOZO Marine Stadium,14:00,02:36,9921,GAME20211024LMNF0608
2021,2021-10-24,Reg Season,Fukuoka Softbank Hawks,Away,W,6,Tohoku Rakuten Golden Eagles,6,10,1,"0,5,0,0,0,0,0,1,0",25,Rakuten Seimei Park Miyagi,14:00,02:50,11275,GAME20211024RESH0460
2021,2021-10-24,Reg Season,Tohoku Rakuten Golden Eagles,Home,L,2,Fukuoka Softbank Hawks,2,6,0,"0,0,1,0,0,1,0,0,0",25,Rakuten Seimei Park Miyagi,14:00,02:50,11275,GAME20211024RESH0460
2021,2021-10-24,Reg Season,Yomiuri Giants,Away,L,4,Tokyo Yakult Swallows,4,8,0,"0,0,0,0,0,4,0,0,0",25,Meiji Jingu Stadium,18:00,02:57,14484,GAME20211024YSYG0160
2021,2021-10-24,Reg Season,Tokyo Yakult Swallows,Home,W,6,Yomiuri Giants,6,6,1,"0,0,0,6,0,0,0,0,x",25,Meiji Jingu Stadium,18:00,02:57,14484,GAME20211024YSYG0160
2021,2021-10-25,Reg Season,Fukuoka Softbank Hawks,Away,W,15,Chiba Lotte Marines,15,20,1,"0,7,1,2,0,2,1,2,0",25,ZOZO Marine Stadium,17:46,03:30,9852,GAME20211025LMSH0321
2021,2021-11-06,CS Stage 1,Yomiuri Giants,Away,W,4,Hanshin Tigers,4,9,0,"0,0,0,0,1,2,0,1,0",1,Hanshin Koshien Stadium,14:00,03:11,21478,GAME20211106HTYG0168
2021,2021-11-06,CS Stage 1,Hanshin Tigers,Home,L,0,Yomiuri Giants,0,5,0,"0,0,0,0,0,0,0,0,0",1,Hanshin Koshien Stadium,14:00,03:11,21478,GAME20211106HTYG0168
2021,2021-11-06,CS Stage 1,Tohoku Rakuten Golden Eagles,Away,L,4,Chiba Lotte Marines,4,5,0,"0,1,0,0,0,0,3,0,0",1,ZOZO Marine Stadium,14:00,03:10,14904,GAME20211106LMRE0335
2021,2021-11-06,CS Stage 1,Chiba Lotte Marines,Home,W,5,Tohoku Rakuten Golden Eagles,5,9,2,"0,0,3,0,0,0,0,1,1x",1,ZOZO Marine Stadium,14:00,03:10,14904,GAME20211106LMRE0335
2021,2021-11-07,CS Stage 1,Yomiuri Giants,Away,W,4,Hanshin Tigers,4,7,0,"0,0,3,0,0,0,0,1,0",2,Hanshin Koshien Stadium,14:00,03:33,21492,GAME20211107HTYG0169
2021,2021-11-07,CS Stage 1,Hanshin Tigers,Home,L,2,Yomiuri Giants,2,11,2,"0,2,0,0,0,0,0,0,0",2,Hanshin Koshien Stadium,14:00,03:33,21492,GAME20211107HTYG0169
2021,2021-11-07,CS Stage 1,Tohoku Rakuten Golden Eagles,Away,T,4,Chiba Lotte Marines,4,11,0,"0,2,0,0,0,0,2,0,0",2,ZOZO Marine Stadium,14:00,03:07,14891,GAME20211107LMRE0336
2021,2021-11-07,CS Stage 1,Chiba Lotte Marines,Home,T,4,Tohoku Rakuten Golden Eagles,4,9,0,"0,1,0,1,0,1,1,0",2,ZOZO Marine Stadium,14:00,03:07,14891,GAME20211107LMRE0336
2021,2021-11-10,CS Stage 2,Chiba Lotte Marines,Away,L,0,Orix Buffaloes,0,4,0,"0,0,0,0,0,0,0,0,0",1,Kyocera Dome Osaka,18:01,02:23,17915,GAME20211110OBLM0337
2021,2021-11-10,CS Stage 2,Orix Buffaloes,Home,W,1,Chiba Lotte Marines,1,5,1,"1,0,0,0,0,0,0,0,x",1,Kyocera Dome Osaka,18:01,02:23,17915,GAME20211110OBLM0337
2021,2021-11-10,CS Stage 2,Yomiuri Giants,Away,L,0,Tokyo Yakult Swallows,0,6,0,"0,0,0,0,0,0,0,0,0",1,Meiji Jingu Stadium,18:02,02:38,17792,GAME20211110YSYG0170
2021,2021-11-10,CS Stage 2,Tokyo Yakult Swallows,Home,W,4,Yomiuri Giants,4,7,0,"3,0,0,0,0,0,1,0,x",1,Meiji Jingu Stadium,18:02,02:38,17792,GAME20211110YSYG0170
2021,2021-11-11,CS Stage 2,Chiba Lotte Marines,Away,L,0,Orix Buffaloes,0,4,0,"0,0,0,0,0,0,0,0,0",2,Kyocera Dome Osaka,18:01,02:42,17913,GAME20211111OBLM0338
2021,2021-11-11,CS Stage 2,Orix Buffaloes,Home,W,2,Chiba Lotte Marines,2,6,0,"0,0,0,0,0,2,0,0,x",2,Kyocera Dome Osaka,18:01,02:42,17913,GAME20211111OBLM0338
2021,2021-11-11,CS Stage 2,Yomiuri Giants,Away,L,0,Tokyo Yakult Swallows,0,2,3,"0,0,0,0,0,0,0,0,0",2,Meiji Jingu Stadium,18:01,03:19,17230,GAME20211111YSYG0171
2021,2021-11-11,CS Stage 2,Tokyo Yakult Swallows,Home,W,5,Yomiuri Giants,5,5,0,"0,1,0,0,0,4,0,0,x",2,Meiji Jingu Stadium,18:01,03:19,17230,GAME20211111YSYG0171
2021,2021-11-12,CS Stage 2,Chiba Lotte Marines,Away,T,3,Orix Buffaloes,3,8,0,"0,0,1,0,0,0,1,1,0",3,Kyocera Dome Osaka,18:02,03:33,18006,GAME20211112OBLM0339
2021,2021-11-12,CS Stage 2,Orix Buffaloes,Home,T,3,Chiba Lotte Marines,3,8,0,"0,0,0,0,0,2,0,0,1x",3,Kyocera Dome Osaka,18:02,03:33,18006,GAME20211112OBLM0339
2021,2021-11-12,CS Stage 2,Yomiuri Giants,Away,T,2,Tokyo Yakult Swallows,2,7,0,"0,0,1,0,0,0,0,1,0",3,Meiji Jingu Stadium,18:01,03:08,19022,GAME20211112YSYG0172
2021,2021-11-12,CS Stage 2,Tokyo Yakult Swallows,Home,T,2,Yomiuri Giants,2,3,0,"0,0,0,0,0,0,2,0",3,Meiji Jingu Stadium,18:01,03:08,19022,GAME20211112YSYG0172
2021,2021-11-20,JS,Tokyo Yakult Swallows,Away,L,3,Orix Buffaloes,3,9,0,"0,0,0,0,0,1,0,2,0",1,Kyocera Dome Osaka,18:05,03:46,19297,GAME20211120OBYS0173
2021,2021-11-20,JS,Orix Buffaloes,Home,W,4,Tokyo Yakult Swallows,4,10,1,"0,0,0,0,0,0,1,0,3x",1,Kyocera Dome Osaka,18:05,03:46,19297,GAME20211120OBYS0173
2021,2021-11-21,JS,Tokyo Yakult Swallows,Away,W,2,Orix Buffaloes,2,6,0,"0,0,0,0,0,0,0,1,1",2,Kyocera Dome Osaka,18:04,02:56,17075,GAME20211121OBYS0174
2021,2021-11-21,JS,Orix Buffaloes,Home,L,0,Tokyo Yakult Swallows,0,5,1,"0,0,0,0,0,0,0,0,0",2,Kyocera Dome Osaka,18:04,02:56,17075,GAME20211121OBYS0174
2021,2021-11-23,JS,Orix Buffaloes,Away,L,4,Tokyo Yakult Swallows,4,7,2,"0,0,1,0,0,2,1,0,0",3,Tokyo Dome,18:05,03:45,24565,GAME20211123YSOB0175
2021,2021-11-23,JS,Tokyo Yakult Swallows,Home,W,5,Orix Buffaloes,5,5,1,"0,0,0,0,3,0,2,0,x",3,Tokyo Dome,18:05,03:45,24565,GAME20211123YSOB0175
2021,2021-11-24,JS,Orix Buffaloes,Away,L,1,Tokyo Yakult Swallows,1,6,0,"0,0,0,0,0,1,0,0,0",4,Tokyo Dome,18:05,02:50,20617,GAME20211124YSOB0176
2021,2021-11-24,JS,Tokyo Yakult Swallows,Home,W,2,Orix Buffaloes,2,6,1,"0,1,0,0,0,1,0,0,x",4,Tokyo Dome,18:05,02:50,20617,GAME20211124YSOB0176
2021,2021-11-25,JS,Orix Buffaloes,Away,W,6,Tokyo Yakult Swallows,6,14,0,"0,0,0,1,0,1,2,1,1",5,Tokyo Dome,18:04,03:16,20580,GAME20211125YSOB0177
2021,2021-11-25,JS,Tokyo Yakult Swallows,Home,L,5,Orix Buffaloes,5,7,1,"0,1,0,1,0,0,0,3,0",5,Tokyo Dome,18:04,03:16,20580,GAME20211125YSOB0177
2021,2021-11-27,JS,Tokyo Yakult Swallows,Away,W,2,Orix Buffaloes,2,10,0,"0,0,0,0,1,0,0,0,0,0,0,1",6,Kobe Athletic Park Baseball Field,18:05,05:00,15239,GAME20211127OBYS0178
2021,2021-11-27,JS,Orix Buffaloes,Home,L,1,Tokyo Yakult Swallows,1,7,2,"0,0,0,0,1,0,0,0,0,0,0,0",6,Kobe Athletic Park Baseball Field,18:05,05:00,15239,GAME20211127OBYS0178
2021,2021-10-25,Reg Season,Chiba Lotte Marines,Home,L,7,Fukuoka Softbank Hawks,7,11,1,"1,0,0,0,2,0,1,2,1",25,ZOZO Marine Stadium,17:46,03:30,9852,GAME20211025LMSH0321
2021,2021-10-25,Reg Season,Orix Buffaloes,Away,W,4,Tohoku Rakuten Golden Eagles,4,6,2,"0,0,0,0,1,0,1,0,2",25,Rakuten Seimei Park Miyagi,18:01,02:33,9573,GAME20211025REOB0161
2021,2021-10-25,Reg Season,Tohoku Rakuten Golden Eagles,Home,L,0,Orix Buffaloes,0,4,1,"0,0,0,0,0,0,0,0,0",25,Rakuten Seimei Park Miyagi,18:01,02:33,9573,GAME20211025REOB0161
2021,2021-10-26,Reg Season,Tokyo Yakult Swallows,Away,W,5,Yokohama DeNA Baystars,5,9,1,"0,1,4,0,0,0,0,0,0",25,Yokohama Stadium,17:45,03:19,14747,GAME20211026DBYS0162
2021,2021-10-26,Reg Season,Yokohama DeNA Baystars,Home,L,1,Tokyo Yakult Swallows,1,9,0,"1,0,0,0,0,0,0,0,0",25,Yokohama Stadium,17:45,03:19,14747,GAME20211026DBYS0162
2021,2021-10-26,Reg Season,Chunichi Dragons,Away,W,4,Hanshin Tigers,4,11,0,"0,1,0,0,2,0,0,1,0",25,Hanshin Koshien Stadium,18:01,03:20,10921,GAME20211026HTCD0322
2021,2021-10-26,Reg Season,Hanshin Tigers,Home,L,0,Chunichi Dragons,0,4,1,"0,0,0,0,0,0,0,0,0",25,Hanshin Koshien Stadium,18:01,03:20,10921,GAME20211026HTCD0322
2021,2021-10-26,Reg Season,Saitama Seibu Lions,Away,L,0,Hokkaido Nippon-Ham Fighters,0,2,0,"0,0,0,0,0,0,0,0,0",25,Sapporo Dome,18:00,02:43,13380,GAME20211026NFSL0471
2021,2021-10-26,Reg Season,Hokkaido Nippon-Ham Fighters,Home,W,1,Saitama Seibu Lions,1,6,0,"0,0,0,0,0,0,0,0,1x",25,Sapporo Dome,18:00,02:43,13380,GAME20211026NFSL0471
2021,2021-10-27,Reg Season,Chiba Lotte Marines,Away,L,1,Tohoku Rakuten Golden Eagles,1,5,1,"1,0,0,0,0,0,0,0,0",25,Rakuten Seimei Park Miyagi,18:00,02:56,11074,GAME20211027RELM0163
2021,2021-10-27,Reg Season,Tohoku Rakuten Golden Eagles,Home,W,2,Chiba Lotte Marines,2,7,0,"0,0,0,0,1,0,0,1,x",25,Rakuten Seimei Park Miyagi,18:00,02:56,11074,GAME20211027RELM0163
2021,2021-10-28,Reg Season,Yokohama DeNA Baystars,Away,L,0,Hiroshima Toyo Carp,0,6,2,"0,0,0,0,0,0,0,0,0",25,MAZDA Zoom-Zoom Stadium Hiroshima,18:00,03:09,6721,GAME20211028HCDB0164
2021,2021-10-28,Reg Season,Hiroshima Toyo Carp,Home,W,7,Yokohama DeNA Baystars,7,12,0,"0,0,0,0,0,7,0,0,x",25,MAZDA Zoom-Zoom Stadium Hiroshima,18:00,03:09,6721,GAME20211028HCDB0164
2021,2021-10-29,Reg Season,Tokyo Yakult Swallows,Away,L,1,Hiroshima Toyo Carp,1,7,1,"0,1,0,0,0,0,0,0,0",24,MAZDA Zoom-Zoom Stadium Hiroshima,18:00,03:18,8410,GAME20211029HCYS0165
2021,2021-10-29,Reg Season,Hiroshima Toyo Carp,Home,W,4,Tokyo Yakult Swallows,4,7,1,"0,0,0,2,0,2,0,0,x",24,MAZDA Zoom-Zoom Stadium Hiroshima,18:00,03:18,8410,GAME20211029HCYS0165
2021,2021-10-29,Reg Season,Hokkaido Nippon-Ham Fighters,Away,W,5,Chiba Lotte Marines,5,10,0,"1,0,0,0,0,4,0,0,0",24,ZOZO Marine Stadium,17:45,02:35,9891,GAME20211029LMNF0323
2021,2021-10-29,Reg Season,Chiba Lotte Marines,Home,L,0,Hokkaido Nippon-Ham Fighters,0,2,0,"0,0,0,0,0,0,0,0,0",24,ZOZO Marine Stadium,17:45,02:35,9891,GAME20211029LMNF0323
2021,2021-10-30,Reg Season,Hokkaido Nippon-Ham Fighters,Away,W,5,Chiba Lotte Marines,5,8,2,"0,0,0,1,0,0,1,1,2",25,ZOZO Marine Stadium,14:00,03:17,9910,GAME20211030LMNF0166
2021,2021-10-30,Reg Season,Chiba Lotte Marines,Home,L,3,Hokkaido Nippon-Ham Fighters,3,7,1,"0,0,0,0,1,0,0,1,1",25,ZOZO Marine Stadium,14:00,03:17,9910,GAME20211030LMNF0166
2021,2021-11-01,Reg Season,Hiroshima Toyo Carp,Away,W,9,Tokyo Yakult Swallows,9,14,1,"4,1,0,0,3,1,0,0,0",25,Meiji Jingu Stadium,18:00,04:06,14253,GAME20211101YSHC0167
2021,2021-11-01,Reg Season,Tokyo Yakult Swallows,Home,L,7,Hiroshima Toyo Carp,7,11,0,"0,0,2,4,0,0,0,0,1",25,Meiji Jingu Stadium,18:00,04:06,14253,GAME20211101YSHC0167
