Season,Date,GameType,Team,HomeAway,Result,Score,Other Team,R,H,E,Box Score,Matchup,Ballpark,Game Start,Game Length,Audience,GameID
2022,2022-03-25,Reg Season,Hiroshima Toyo Carp,Away,W,11,Yokohama DeNA Baystars,11,17,0,"0,3,0,0,0,5,0,1,2",1,Yokohama Stadium,18:30,03:31,32436,GAME20220325DBHC0002
2022,2022-03-25,Reg Season,Yokohama DeNA Baystars,Home,L,3,Hiroshima Toyo Carp,3,6,1,"0,0,0,1,0,0,2,0,0",1,Yokohama Stadium,18:30,03:31,32436,GAME20220325DBHC0002
2022,2022-03-25,Reg Season,Tokyo Yakult Swallows,Away,W,10,Hanshin Tigers,10,15,1,"1,0,0,0,0,1,1,4,3",1,Kyocera Dome Osaka,18:05,03:55,35510,GAME20220325HTYS0005
2022,2022-03-25,Reg Season,Hanshin Tigers,Home,L,8,Tokyo Yakult Swallows,8,15,0,"0,1,3,4,0,0,0,0,0",1,Kyocera Dome Osaka,18:05,03:55,35510,GAME20220325HTYS0005
2022,2022-03-25,Reg Season,Chiba Lotte Marines,Away,W,4,Tohoku Rakuten Golden Eagles,4,6,1,"0,0,0,0,0,3,0,1,0",1,Rakuten Seimei Park Miyagi,16:01,02:58,20564,GAME20220325RELM0004
2022,2022-03-25,Reg Season,Tohoku Rakuten Golden Eagles,Home,L,0,Chiba Lotte Marines,0,3,0,"0,0,0,0,0,0,0,0,0",1,Rakuten Seimei Park Miyagi,16:01,02:58,20564,GAME20220325RELM0004
2022,2022-03-25,Reg Season,Hokkaido Nippon-Ham Fighters,Away,L,1,Fukuoka Softbank Hawks,1,4,0,"0,0,0,1,0,0,0,0,0",1,Mizuho PayPay Dome Fukuoka,18:33,03:25,35141,GAME20220325SHNF0001
2022,2022-03-25,Reg Season,Fukuoka Softbank Hawks,Home,W,4,Hokkaido Nippon-Ham Fighters,4,8,0,"0,0,0,0,0,0,0,4,x",1,Mizuho PayPay Dome Fukuoka,18:33,03:25,35141,GAME20220325SHNF0001
2022,2022-03-25,Reg Season,Orix Buffaloes,Away,W,6,Saitama Seibu Lions,6,7,0,"0,0,0,0,0,2,0,0,4",1,Belluna Dome,18:01,02:48,22646,GAME20220325SLOB0006
2022,2022-03-25,Reg Season,Saitama Seibu Lions,Home,L,0,Orix Buffaloes,0,4,2,"0,0,0,0,0,0,0,0,0",1,Belluna Dome,18:01,02:48,22646,GAME20220325SLOB0006
2022,2022-03-25,Reg Season,Chunichi Dragons,Away,L,2,Yomiuri Giants,2,10,2,"0,0,1,1,0,0,0,0,0",1,Tokyo Dome,18:17,03:19,38156,GAME20220325YGCD0003
2022,2022-03-25,Reg Season,Yomiuri Giants,Home,W,4,Chunichi Dragons,4,8,1,"0,1,0,0,3,0,0,0,x",1,Tokyo Dome,18:17,03:19,38156,GAME20220325YGCD0003
2022,2022-03-26,Reg Season,Hiroshima Toyo Carp,Away,W,10,Yokohama DeNA Baystars,10,14,1,"1,0,1,2,4,2,0,0,0",2,Yokohama Stadium,14:00,03:15,30663,GAME20220326DBHC0008
2022,2022-03-26,Reg Season,Yokohama DeNA Baystars,Home,L,5,Hiroshima Toyo Carp,5,11,2,"0,0,0,2,1,0,0,0,2",2,Yokohama Stadium,14:00,03:15,30663,GAME20220326DBHC0008
2022,2022-03-26,Reg Season,Tokyo Yakult Swallows,Away,W,6,Hanshin Tigers,6,8,0,"0,0,0,0,0,4,0,0,2",2,Kyocera Dome Osaka,14:02,02:55,28315,GAME20220326HTYS0010
2022,2022-03-26,Reg Season,Hanshin Tigers,Home,L,0,Tokyo Yakult Swallows,0,2,0,"0,0,0,0,0,0,0,0,0",2,Kyocera Dome Osaka,14:02,02:55,28315,GAME20220326HTYS0010
2022,2022-03-26,Reg Season,Hokkaido Nippon-Ham Fighters,Away,L,3,Fukuoka Softbank Hawks,3,7,1,"0,0,0,1,0,1,0,0,1",2,Mizuho PayPay Dome Fukuoka,14:00,03:04,33380,GAME20220326SHNF0007
2022,2022-03-26,Reg Season,Fukuoka Softbank Hawks,Home,W,6,Hokkaido Nippon-Ham Fighters,6,9,0,"0,1,0,0,5,0,0,0,x",2,Mizuho PayPay Dome Fukuoka,14:00,03:04,33380,GAME20220326SHNF0007
2022,2022-03-26,Reg Season,Orix Buffaloes,Away,L,0,Saitama Seibu Lions,0,1,0,"0,0,0,0,0,0,0,0,0",2,Belluna Dome,14:00,02:37,18109,GAME20220326SLOB0011
2022,2022-03-26,Reg Season,Saitama Seibu Lions,Home,W,5,Orix Buffaloes,5,9,0,"3,0,0,1,0,0,0,1,x",2,Belluna Dome,14:00,02:37,18109,GAME20220326SLOB0011
2022,2022-03-26,Reg Season,Chunichi Dragons,Away,L,5,Yomiuri Giants,5,5,0,"0,1,0,0,2,0,0,2,0",2,Tokyo Dome,14:00,03:21,34977,GAME20220326YGCD0009
2022,2022-03-26,Reg Season,Yomiuri Giants,Home,W,7,Chunichi Dragons,7,12,2,"0,1,0,1,0,0,0,5,x",2,Tokyo Dome,14:00,03:21,34977,GAME20220326YGCD0009
2022,2022-03-27,Reg Season,Hiroshima Toyo Carp,Away,W,7,Yokohama DeNA Baystars,7,10,1,"0,0,0,0,4,0,0,0,3",3,Yokohama Stadium,14:00,03:21,30431,GAME20220327DBHC0013
2022,2022-03-27,Reg Season,Yokohama DeNA Baystars,Home,L,6,Hiroshima Toyo Carp,6,10,1,"0,0,2,0,1,1,0,1,1",3,Yokohama Stadium,14:00,03:21,30431,GAME20220327DBHC0013
2022,2022-03-27,Reg Season,Tokyo Yakult Swallows,Away,W,4,Hanshin Tigers,4,10,1,"0,1,0,0,0,2,1,0,0",3,Kyocera Dome Osaka,14:01,03:10,29111,GAME20220327HTYS0016
2022,2022-03-27,Reg Season,Hanshin Tigers,Home,L,0,Tokyo Yakult Swallows,0,5,0,"0,0,0,0,0,0,0,0,0",3,Kyocera Dome Osaka,14:01,03:10,29111,GAME20220327HTYS0016
2022,2022-03-27,Reg Season,Chiba Lotte Marines,Away,L,5,Tohoku Rakuten Golden Eagles,5,10,0,"0,0,1,0,0,0,0,4,0,0,0",2,Rakuten Seimei Park Miyagi,13:01,04:17,19903,GAME20220327RELM0015
2022,2022-03-27,Reg Season,Tohoku Rakuten Golden Eagles,Home,W,6,Chiba Lotte Marines,6,10,1,"0,0,2,0,0,1,0,1,1,0,1x",2,Rakuten Seimei Park Miyagi,13:01,04:17,19903,GAME20220327RELM0015
2022,2022-03-27,Reg Season,Hokkaido Nippon-Ham Fighters,Away,L,4,Fukuoka Softbank Hawks,4,3,1,"0,0,0,1,3,0,0,0,0",3,Mizuho PayPay Dome Fukuoka,13:00,03:17,32096,GAME20220327SHNF0012
2022,2022-03-27,Reg Season,Fukuoka Softbank Hawks,Home,W,6,Hokkaido Nippon-Ham Fighters,6,8,1,"3,0,0,0,2,1,0,0,x",3,Mizuho PayPay Dome Fukuoka,13:00,03:17,32096,GAME20220327SHNF0012
2022,2022-03-27,Reg Season,Orix Buffaloes,Away,L,6,Saitama Seibu Lions,6,7,0,"2,2,2,0,0,0,0,0,0",3,Belluna Dome,14:01,03:15,15655,GAME20220327SLOB0017
2022,2022-03-27,Reg Season,Saitama Seibu Lions,Home,W,7,Orix Buffaloes,7,9,1,"0,0,0,0,1,4,0,2,x",3,Belluna Dome,14:01,03:15,15655,GAME20220327SLOB0017
2022,2022-03-27,Reg Season,Chunichi Dragons,Away,W,7,Yomiuri Giants,7,11,1,"0,0,0,0,1,0,0,2,2,2",3,Tokyo Dome,14:00,04:03,33750,GAME20220327YGCD0014
2022,2022-03-27,Reg Season,Yomiuri Giants,Home,L,5,Chunichi Dragons,5,12,1,"4,0,0,0,0,0,1,0,0,0",3,Tokyo Dome,14:00,04:03,33750,GAME20220327YGCD0014
2022,2022-03-29,Reg Season,Yokohama DeNA Baystars,Away,W,4,Chunichi Dragons,4,8,1,"0,0,2,0,1,0,0,0,1",1,Vantelin Dome Nagoya,18:15,02:49,28088,GAME20220329CDDB0021
2022,2022-03-29,Reg Season,Chunichi Dragons,Home,L,0,Yokohama DeNA Baystars,0,3,0,"0,0,0,0,0,0,0,0,0",1,Vantelin Dome Nagoya,18:15,02:49,28088,GAME20220329CDDB0021
2022,2022-03-29,Reg Season,Hanshin Tigers,Away,L,2,Hiroshima Toyo Carp,2,9,0,"0,0,0,0,0,2,0,0,0",1,MAZDA Zoom-Zoom Stadium Hiroshima,18:00,03:32,28028,GAME20220329HCHT0022
2022,2022-03-29,Reg Season,Hiroshima Toyo Carp,Home,W,3,Hanshin Tigers,3,7,1,"0,0,1,0,0,0,0,0,2x",1,MAZDA Zoom-Zoom Stadium Hiroshima,18:00,03:32,28028,GAME20220329HCHT0022
2022,2022-03-29,Reg Season,Fukuoka Softbank Hawks,Away,W,2,Chiba Lotte Marines,2,5,0,"0,0,1,0,0,0,0,0,0,1",1,ZOZO Marine Stadium,18:31,03:05,23683,GAME20220329LMSH0020
2022,2022-03-29,Reg Season,Chiba Lotte Marines,Home,L,1,Fukuoka Softbank Hawks,1,2,0,"0,0,0,0,0,0,0,1,0,0",1,ZOZO Marine Stadium,18:31,03:05,23683,GAME20220329LMSH0020
2022,2022-03-29,Reg Season,Saitama Seibu Lions,Away,W,4,Hokkaido Nippon-Ham Fighters,4,6,0,"0,2,0,0,1,0,0,1,0",1,Sapporo Dome,18:31,02:51,20868,GAME20220329NFSL0023
2022,2022-03-29,Reg Season,Hokkaido Nippon-Ham Fighters,Home,L,0,Saitama Seibu Lions,0,7,0,"0,0,0,0,0,0,0,0,0",1,Sapporo Dome,18:31,02:51,20868,GAME20220329NFSL0023
2022,2022-03-29,Reg Season,Tohoku Rakuten Golden Eagles,Away,W,2,Orix Buffaloes,2,6,0,"0,0,0,0,1,0,1,0,0",1,Kyocera Dome Osaka,18:02,03:11,26237,GAME20220329OBRE0018
2022,2022-03-29,Reg Season,Orix Buffaloes,Home,L,1,Tohoku Rakuten Golden Eagles,1,6,1,"0,0,1,0,0,0,0,0,0",1,Kyocera Dome Osaka,18:02,03:11,26237,GAME20220329OBRE0018
2022,2022-03-29,Reg Season,Yomiuri Giants,Away,W,5,Tokyo Yakult Swallows,5,3,0,"0,0,0,1,0,4,0,0,0",1,Meiji Jingu Stadium,18:02,03:07,21434,GAME20220329YSYG0019
2022,2022-03-29,Reg Season,Tokyo Yakult Swallows,Home,L,3,Yomiuri Giants,3,9,1,"1,0,0,0,0,0,1,1,0",1,Meiji Jingu Stadium,18:02,03:07,21434,GAME20220329YSYG0019
2022,2022-03-30,Reg Season,Yokohama DeNA Baystars,Away,W,7,Chunichi Dragons,7,6,0,"0,2,2,0,0,3,0,0,0",2,Vantelin Dome Nagoya,18:00,03:27,23344,GAME20220330CDDB0027
2022,2022-03-30,Reg Season,Chunichi Dragons,Home,L,6,Yokohama DeNA Baystars,6,8,0,"0,0,0,2,0,0,0,4,0",2,Vantelin Dome Nagoya,18:00,03:27,23344,GAME20220330CDDB0027
2022,2022-03-30,Reg Season,Hanshin Tigers,Away,L,3,Hiroshima Toyo Carp,3,6,2,"0,0,0,0,1,0,0,0,2",2,MAZDA Zoom-Zoom Stadium Hiroshima,18:00,03:08,23218,GAME20220330HCHT0028
2022,2022-03-30,Reg Season,Hiroshima Toyo Carp,Home,W,8,Hanshin Tigers,8,13,1,"0,0,0,0,0,3,3,2,x",2,MAZDA Zoom-Zoom Stadium Hiroshima,18:00,03:08,23218,GAME20220330HCHT0028
2022,2022-03-30,Reg Season,Fukuoka Softbank Hawks,Away,W,4,Chiba Lotte Marines,4,9,1,"0,2,0,0,0,0,2,0,0",2,ZOZO Marine Stadium,14:00,03:44,23169,GAME20220330LMSH0026
2022,2022-03-30,Reg Season,Chiba Lotte Marines,Home,L,3,Fukuoka Softbank Hawks,3,7,1,"0,0,1,2,0,0,0,0,0",2,ZOZO Marine Stadium,14:00,03:44,23169,GAME20220330LMSH0026
2022,2022-03-30,Reg Season,Saitama Seibu Lions,Away,W,5,Hokkaido Nippon-Ham Fighters,5,10,0,"0,0,0,0,0,5,0,0,0",2,Sapporo Dome,18:02,03:05,17519,GAME20220330NFSL0029
2022,2022-03-30,Reg Season,Hokkaido Nippon-Ham Fighters,Home,L,3,Saitama Seibu Lions,3,6,0,"1,0,0,0,0,2,0,0,0",2,Sapporo Dome,18:02,03:05,17519,GAME20220330NFSL0029
2022,2022-03-30,Reg Season,Tohoku Rakuten Golden Eagles,Away,W,6,Orix Buffaloes,6,12,0,"3,0,1,0,0,2,0,0,0",2,Kyocera Dome Osaka,18:00,02:59,17835,GAME20220330OBRE0024
2022,2022-03-30,Reg Season,Orix Buffaloes,Home,L,1,Tohoku Rakuten Golden Eagles,1,6,2,"0,0,0,0,0,1,0,0,0",2,Kyocera Dome Osaka,18:00,02:59,17835,GAME20220330OBRE0024
2022,2022-03-30,Reg Season,Yomiuri Giants,Away,W,3,Tokyo Yakult Swallows,3,8,1,"0,0,0,2,0,0,1,0,0",2,Meiji Jingu Stadium,18:00,02:49,16011,GAME20220330YSYG0025
2022,2022-03-30,Reg Season,Tokyo Yakult Swallows,Home,L,1,Yomiuri Giants,1,2,0,"0,0,0,0,0,0,0,1,0",2,Meiji Jingu Stadium,18:00,02:49,16011,GAME20220330YSYG0025
2022,2022-03-31,Reg Season,Yokohama DeNA Baystars,Away,W,1,Chunichi Dragons,1,7,0,"0,0,0,0,0,0,0,0,1",3,Vantelin Dome Nagoya,18:00,02:50,20176,GAME20220331CDDB0033
2022,2022-03-31,Reg Season,Chunichi Dragons,Home,L,0,Yokohama DeNA Baystars,0,6,0,"0,0,0,0,0,0,0,0,0",3,Vantelin Dome Nagoya,18:00,02:50,20176,GAME20220331CDDB0033
2022,2022-03-31,Reg Season,Hanshin Tigers,Away,L,2,Hiroshima Toyo Carp,2,10,0,"0,1,0,0,1,0,0,0,0",3,MAZDA Zoom-Zoom Stadium Hiroshima,18:00,03:06,21534,GAME20220331HCHT0034
2022,2022-03-31,Reg Season,Hiroshima Toyo Carp,Home,W,3,Hanshin Tigers,3,7,0,"0,0,0,0,2,1,0,0,x",3,MAZDA Zoom-Zoom Stadium Hiroshima,18:00,03:06,21534,GAME20220331HCHT0034
2022,2022-03-31,Reg Season,Fukuoka Softbank Hawks,Away,W,3,Chiba Lotte Marines,3,9,1,"0,0,2,0,0,0,0,1,0",3,ZOZO Marine Stadium,14:01,03:29,17148,GAME20220331LMSH0032
2022,2022-03-31,Reg Season,Chiba Lotte Marines,Home,L,1,Fukuoka Softbank Hawks,1,8,1,"0,0,0,0,1,0,0,0,0",3,ZOZO Marine Stadium,14:01,03:29,17148,GAME20220331LMSH0032
2022,2022-03-31,Reg Season,Saitama Seibu Lions,Away,L,2,Hokkaido Nippon-Ham Fighters,2,7,2,"0,0,0,0,2,0,0,0,0",3,Sapporo Dome,18:00,03:23,12655,GAME20220331NFSL0035
2022,2022-03-31,Reg Season,Hokkaido Nippon-Ham Fighters,Home,W,6,Saitama Seibu Lions,6,9,0,"0,2,1,0,1,0,2,0,x",3,Sapporo Dome,18:00,03:23,12655,GAME20220331NFSL0035
2022,2022-03-31,Reg Season,Tohoku Rakuten Golden Eagles,Away,W,1,Orix Buffaloes,1,4,0,"0,0,0,0,0,0,0,0,1",3,Kyocera Dome Osaka,18:00,02:45,15111,GAME20220331OBRE0030
2022,2022-03-31,Reg Season,Orix Buffaloes,Home,L,0,Tohoku Rakuten Golden Eagles,0,6,0,"0,0,0,0,0,0,0,0,0",3,Kyocera Dome Osaka,18:00,02:45,15111,GAME20220331OBRE0030
2022,2022-03-31,Reg Season,Yomiuri Giants,Away,W,6,Tokyo Yakult Swallows,6,9,1,"0,0,0,1,0,2,0,0,3",3,Meiji Jingu Stadium,18:00,03:15,15742,GAME20220331YSYG0031
2022,2022-03-31,Reg Season,Tokyo Yakult Swallows,Home,L,3,Yomiuri Giants,3,7,1,"0,0,0,0,0,0,0,1,2",3,Meiji Jingu Stadium,18:00,03:15,15742,GAME20220331YSYG0031
2022,2022-04-01,Reg Season,Hiroshima Toyo Carp,Away,L,2,Chunichi Dragons,2,6,1,"0,0,0,2,0,0,0,0,0",1,Vantelin Dome Nagoya,18:00,02:45,17667,GAME20220401CDHC0039
2022,2022-04-01,Reg Season,Chunichi Dragons,Home,W,3,Hiroshima Toyo Carp,3,8,1,"0,1,0,0,0,0,0,2,x",1,Vantelin Dome Nagoya,18:00,02:45,17667,GAME20220401CDHC0039
2022,2022-04-01,Reg Season,Saitama Seibu Lions,Away,L,1,Chiba Lotte Marines,1,4,2,"0,0,0,0,0,0,0,1,0,0",1,ZOZO Marine Stadium,18:00,03:47,16866,GAME20220401LMSL0038
2022,2022-04-01,Reg Season,Chiba Lotte Marines,Home,W,2,Saitama Seibu Lions,2,7,1,"1,0,0,0,0,0,0,0,0,1x",1,ZOZO Marine Stadium,18:00,03:47,16866,GAME20220401LMSL0038
2022,2022-04-01,Reg Season,Hokkaido Nippon-Ham Fighters,Away,L,0,Orix Buffaloes,0,5,0,"0,0,0,0,0,0,0,0,0",1,Kyocera Dome Osaka,18:00,02:58,21027,GAME20220401OBNF0036
2022,2022-04-01,Reg Season,Orix Buffaloes,Home,W,2,Hokkaido Nippon-Ham Fighters,2,9,0,"1,0,0,0,1,0,0,0,x",1,Kyocera Dome Osaka,18:00,02:58,21027,GAME20220401OBNF0036
2022,2022-04-01,Reg Season,Fukuoka Softbank Hawks,Away,W,1,Tohoku Rakuten Golden Eagles,1,2,0,"0,0,0,1,0,0,0,0,0",1,Rakuten Seimei Park Miyagi,18:01,02:58,17331,GAME20220401RESH0041
2022,2022-04-01,Reg Season,Tohoku Rakuten Golden Eagles,Home,L,0,Fukuoka Softbank Hawks,0,6,0,"0,0,0,0,0,0,0,0,0",1,Rakuten Seimei Park Miyagi,18:01,02:58,17331,GAME20220401RESH0041
2022,2022-04-01,Reg Season,Hanshin Tigers,Away,L,5,Yomiuri Giants,5,8,1,"0,0,0,0,1,2,0,0,2",1,Tokyo Dome,18:00,03:13,32984,GAME20220401YGHT0040
2022,2022-04-01,Reg Season,Yomiuri Giants,Home,W,6,Hanshin Tigers,6,11,0,"2,1,2,1,0,0,0,0,x",1,Tokyo Dome,18:00,03:13,32984,GAME20220401YGHT0040
2022,2022-04-01,Reg Season,Yokohama DeNA Baystars,Away,W,6,Tokyo Yakult Swallows,6,7,1,"3,0,0,0,0,0,0,0,3",1,Meiji Jingu Stadium,18:01,02:45,18215,GAME20220401YSDB0037
2022,2022-04-01,Reg Season,Tokyo Yakult Swallows,Home,L,1,Yokohama DeNA Baystars,1,2,1,"0,1,0,0,0,0,0,0,0",1,Meiji Jingu Stadium,18:01,02:45,18215,GAME20220401YSDB0037
2022,2022-04-02,Reg Season,Hiroshima Toyo Carp,Away,L,3,Chunichi Dragons,3,4,0,"1,0,0,0,1,0,0,0,0,0,0,1",2,Vantelin Dome Nagoya,14:00,03:57,26186,GAME20220402CDHC0045
2022,2022-04-02,Reg Season,Chunichi Dragons,Home,W,4,Hiroshima Toyo Carp,4,9,1,"0,0,0,1,0,1,0,0,0,0,0,2x",2,Vantelin Dome Nagoya,14:00,03:57,26186,GAME20220402CDHC0045
2022,2022-04-02,Reg Season,Saitama Seibu Lions,Away,L,1,Chiba Lotte Marines,1,8,3,"0,0,0,0,0,0,0,1,0",2,ZOZO Marine Stadium,14:00,03:17,22696,GAME20220402LMSL0044
2022,2022-04-02,Reg Season,Chiba Lotte Marines,Home,W,8,Saitama Seibu Lions,8,12,0,"0,0,0,2,1,0,5,0,x",2,ZOZO Marine Stadium,14:00,03:17,22696,GAME20220402LMSL0044
2022,2022-04-02,Reg Season,Hokkaido Nippon-Ham Fighters,Away,L,0,Orix Buffaloes,0,5,1,"0,0,0,0,0,0,0,0,0",2,Kyocera Dome Osaka,14:00,02:54,23169,GAME20220402OBNF0042
2022,2022-04-02,Reg Season,Orix Buffaloes,Home,W,7,Hokkaido Nippon-Ham Fighters,7,11,0,"0,2,0,0,0,0,5,0,x",2,Kyocera Dome Osaka,14:00,02:54,23169,GAME20220402OBNF0042
2022,2022-04-02,Reg Season,Hanshin Tigers,Away,L,4,Yomiuri Giants,4,10,0,"2,0,0,1,0,0,0,0,1",2,Tokyo Dome,14:00,03:11,36485,GAME20220402YGHT0046
2022,2022-04-02,Reg Season,Yomiuri Giants,Home,W,5,Hanshin Tigers,5,5,0,"2,1,1,0,1,0,0,0,x",2,Tokyo Dome,14:00,03:11,36485,GAME20220402YGHT0046
2022,2022-04-02,Reg Season,Yokohama DeNA Baystars,Away,L,2,Tokyo Yakult Swallows,2,7,0,"0,1,0,0,0,0,0,1,0,0",2,Meiji Jingu Stadium,14:00,03:45,20104,GAME20220402YSDB0043
2022,2022-04-02,Reg Season,Tokyo Yakult Swallows,Home,W,3,Yokohama DeNA Baystars,3,10,0,"0,0,0,0,1,1,0,0,0,1x",2,Meiji Jingu Stadium,14:00,03:45,20104,GAME20220402YSDB0043
2022,2022-04-03,Reg Season,Hiroshima Toyo Carp,Away,L,0,Chunichi Dragons,0,3,0,"0,0,0,0,0,0,0,0,0",3,Vantelin Dome Nagoya,14:00,02:22,23929,GAME20220403CDHC0049
2022,2022-04-03,Reg Season,Chunichi Dragons,Home,W,1,Hiroshima Toyo Carp,1,5,0,"0,0,0,0,0,1,0,0,x",3,Vantelin Dome Nagoya,14:00,02:22,23929,GAME20220403CDHC0049
2022,2022-04-03,Reg Season,Saitama Seibu Lions,Away,L,2,Chiba Lotte Marines,2,5,1,"0,0,0,0,0,0,1,0,1",3,ZOZO Marine Stadium,14:00,02:48,21315,GAME20220403LMSL0048
2022,2022-04-03,Reg Season,Chiba Lotte Marines,Home,W,4,Saitama Seibu Lions,4,8,1,"0,1,0,0,0,2,0,1,x",3,ZOZO Marine Stadium,14:00,02:48,21315,GAME20220403LMSL0048
2022,2022-04-03,Reg Season,Hokkaido Nippon-Ham Fighters,Away,L,2,Orix Buffaloes,2,9,0,"0,0,0,2,0,0,0,0,0",3,Kyocera Dome Osaka,13:00,03:09,22525,GAME20220403OBNF0047
2022,2022-04-03,Reg Season,Orix Buffaloes,Home,W,4,Hokkaido Nippon-Ham Fighters,4,5,0,"0,0,0,0,2,0,0,2,x",3,Kyocera Dome Osaka,13:00,03:09,22525,GAME20220403OBNF0047
2022,2022-04-03,Reg Season,Hanshin Tigers,Away,L,5,Yomiuri Giants,5,8,0,"0,0,0,0,0,2,0,1,2",3,Tokyo Dome,13:00,03:16,36790,GAME20220403YGHT0050
2022,2022-04-03,Reg Season,Yomiuri Giants,Home,W,9,Hanshin Tigers,9,11,0,"4,0,0,0,1,0,4,0,x",3,Tokyo Dome,13:00,03:16,36790,GAME20220403YGHT0050
2022,2022-04-05,Reg Season,Yomiuri Giants,Away,L,1,Hiroshima Toyo Carp,1,7,0,"0,0,0,1,0,0,0,0,0",1,MAZDA Zoom-Zoom Stadium Hiroshima,18:00,02:56,24148,GAME20220405HCYG0053
2022,2022-04-05,Reg Season,Hiroshima Toyo Carp,Home,W,3,Yomiuri Giants,3,7,1,"1,0,0,0,0,2,0,0,x",1,MAZDA Zoom-Zoom Stadium Hiroshima,18:00,02:56,24148,GAME20220405HCYG0053
2022,2022-04-05,Reg Season,Yokohama DeNA Baystars,Away,L,0,Hanshin Tigers,0,7,0,"0,0,0,0,0,0,0,0,0",1,Hanshin Koshien Stadium,18:03,02:42,37408,GAME20220405HTDB0056
2022,2022-04-05,Reg Season,Hanshin Tigers,Home,W,4,Yokohama DeNA Baystars,4,6,0,"3,1,0,0,0,0,0,0,x",1,Hanshin Koshien Stadium,18:03,02:42,37408,GAME20220405HTDB0056
2022,2022-04-05,Reg Season,Chiba Lotte Marines,Away,W,2,Hokkaido Nippon-Ham Fighters,2,9,0,"0,0,0,2,0,0,0,0,0",1,Sapporo Dome,18:00,03:04,9133,GAME20220405NFLM0054
2022,2022-04-05,Reg Season,Hokkaido Nippon-Ham Fighters,Home,L,0,Chiba Lotte Marines,0,6,0,"0,0,0,0,0,0,0,0,0",1,Sapporo Dome,18:00,03:04,9133,GAME20220405NFLM0054
2022,2022-04-05,Reg Season,Saitama Seibu Lions,Away,L,3,Tohoku Rakuten Golden Eagles,3,10,2,"0,0,0,0,2,0,0,0,1",1,Rakuten Seimei Park Miyagi,14:01,02:49,16893,GAME20220405RESL0055
2022,2022-04-05,Reg Season,Tohoku Rakuten Golden Eagles,Home,W,7,Saitama Seibu Lions,7,8,0,"2,0,3,0,0,0,2,0,x",1,Rakuten Seimei Park Miyagi,14:01,02:49,16893,GAME20220405RESL0055
2022,2022-04-05,Reg Season,Orix Buffaloes,Away,L,3,Fukuoka Softbank Hawks,3,6,0,"2,0,0,0,1,0,0,0,0",1,Mizuho PayPay Dome Fukuoka,18:00,03:34,25363,GAME20220405SHOB0051
2022,2022-04-05,Reg Season,Fukuoka Softbank Hawks,Home,W,6,Orix Buffaloes,6,8,0,"0,3,0,2,0,0,0,1,x",1,Mizuho PayPay Dome Fukuoka,18:00,03:34,25363,GAME20220405SHOB0051
2022,2022-04-05,Reg Season,Chunichi Dragons,Away,W,7,Tokyo Yakult Swallows,7,14,0,"2,0,3,1,0,0,0,1,0",1,Meiji Jingu Stadium,18:00,03:15,13273,GAME20220405YSCD0052
2022,2022-04-05,Reg Season,Tokyo Yakult Swallows,Home,L,6,Chunichi Dragons,6,9,0,"0,0,3,0,0,0,3,0,0",1,Meiji Jingu Stadium,18:00,03:15,13273,GAME20220405YSCD0052
2022,2022-04-06,Reg Season,Yomiuri Giants,Away,W,2,Hiroshima Toyo Carp,2,5,0,"0,0,0,0,0,0,0,2,0",2,MAZDA Zoom-Zoom Stadium Hiroshima,18:00,02:40,23384,GAME20220406HCYG0059
2022,2022-04-06,Reg Season,Hiroshima Toyo Carp,Home,L,1,Yomiuri Giants,1,7,0,"0,1,0,0,0,0,0,0,0",2,MAZDA Zoom-Zoom Stadium Hiroshima,18:00,02:40,23384,GAME20220406HCYG0059
2022,2022-04-06,Reg Season,Yokohama DeNA Baystars,Away,W,6,Hanshin Tigers,6,9,0,"0,0,0,0,0,0,0,0,1,0,0,5",2,Hanshin Koshien Stadium,18:01,04:36,34125,GAME20220406HTDB0062
2022,2022-04-06,Reg Season,Hanshin Tigers,Home,L,1,Yokohama DeNA Baystars,1,9,0,"0,0,0,0,1,0,0,0,0,0,0,0",2,Hanshin Koshien Stadium,18:01,04:36,34125,GAME20220406HTDB0062
2022,2022-04-06,Reg Season,Chiba Lotte Marines,Away,L,2,Hokkaido Nippon-Ham Fighters,2,5,0,"0,0,0,0,0,0,2,0,0",2,Sapporo Dome,18:00,03:09,7953,GAME20220406NFLM0060
2022,2022-04-06,Reg Season,Hokkaido Nippon-Ham Fighters,Home,W,3,Chiba Lotte Marines,3,10,1,"0,0,1,1,0,0,0,0,1x",2,Sapporo Dome,18:00,03:09,7953,GAME20220406NFLM0060
2022,2022-04-06,Reg Season,Saitama Seibu Lions,Away,L,2,Tohoku Rakuten Golden Eagles,2,4,0,"0,0,0,0,2,0,0,0,0",2,Rakuten Seimei Park Miyagi,14:00,02:47,16870,GAME20220406RESL0061
2022,2022-04-06,Reg Season,Tohoku Rakuten Golden Eagles,Home,W,7,Saitama Seibu Lions,7,8,0,"3,0,0,0,1,0,3,0,x",2,Rakuten Seimei Park Miyagi,14:00,02:47,16870,GAME20220406RESL0061
2022,2022-04-06,Reg Season,Orix Buffaloes,Away,W,3,Fukuoka Softbank Hawks,3,8,0,"0,0,0,1,0,0,0,0,0,2",2,Mizuho PayPay Dome Fukuoka,18:00,03:38,23095,GAME20220406SHOB0057
2022,2022-04-06,Reg Season,Fukuoka Softbank Hawks,Home,L,1,Orix Buffaloes,1,4,1,"0,0,0,0,0,0,0,0,1,0",2,Mizuho PayPay Dome Fukuoka,18:00,03:38,23095,GAME20220406SHOB0057
2022,2022-04-06,Reg Season,Chunichi Dragons,Away,L,1,Tokyo Yakult Swallows,1,5,0,"0,0,0,1,0,0,0,0,0",2,Meiji Jingu Stadium,18:00,02:51,18051,GAME20220406YSCD0058
2022,2022-04-06,Reg Season,Tokyo Yakult Swallows,Home,W,2,Chunichi Dragons,2,7,1,"0,2,0,0,0,0,0,0,x",2,Meiji Jingu Stadium,18:00,02:51,18051,GAME20220406YSCD0058
2022,2022-04-07,Reg Season,Yomiuri Giants,Away,L,2,Hiroshima Toyo Carp,2,9,2,"2,0,0,0,0,0,0,0,0",3,MAZDA Zoom-Zoom Stadium Hiroshima,18:00,03:20,22820,GAME20220407HCYG0065
2022,2022-04-07,Reg Season,Hiroshima Toyo Carp,Home,W,9,Yomiuri Giants,9,10,0,"2,1,0,1,0,0,4,1,x",3,MAZDA Zoom-Zoom Stadium Hiroshima,18:00,03:20,22820,GAME20220407HCYG0065
2022,2022-04-07,Reg Season,Orix Buffaloes,Away,L,3,Fukuoka Softbank Hawks,3,6,0,"0,0,0,0,0,2,1,0,0",3,Mizuho PayPay Dome Fukuoka,18:00,03:08,21949,GAME20220407SHOB0063
2022,2022-04-07,Reg Season,Fukuoka Softbank Hawks,Home,W,7,Orix Buffaloes,7,11,1,"0,0,1,0,0,4,2,0,x",3,Mizuho PayPay Dome Fukuoka,18:00,03:08,21949,GAME20220407SHOB0063
2022,2022-04-07,Reg Season,Chunichi Dragons,Away,W,11,Tokyo Yakult Swallows,11,15,0,"0,2,0,1,1,3,0,4,0",3,Meiji Jingu Stadium,18:00,03:08,18036,GAME20220407YSCD0064
2022,2022-04-07,Reg Season,Tokyo Yakult Swallows,Home,L,3,Chunichi Dragons,3,8,0,"1,0,0,0,2,0,0,0,0",3,Meiji Jingu Stadium,18:00,03:08,18036,GAME20220407YSCD0064
2022,2022-04-08,Reg Season,Hiroshima Toyo Carp,Away,T,3,Hanshin Tigers,3,10,2,"1,1,0,1,0,0,0,0,0,0,0,0",4,Hanshin Koshien Stadium,18:01,04:53,34502,GAME20220408HTHC0069
2022,2022-04-08,Reg Season,Hanshin Tigers,Home,T,3,Hiroshima Toyo Carp,3,10,1,"0,0,0,1,1,1,0,0,0,0,0,0",4,Hanshin Koshien Stadium,18:01,04:53,34502,GAME20220408HTHC0069
2022,2022-04-08,Reg Season,Orix Buffaloes,Away,L,0,Chiba Lotte Marines,0,6,0,"0,0,0,0,0,0,0,0,0",1,ZOZO Marine Stadium,18:00,02:48,19436,GAME20220408LMOB0066
2022,2022-04-08,Reg Season,Chiba Lotte Marines,Home,W,5,Orix Buffaloes,5,8,1,"0,0,0,0,0,0,2,3,x",1,ZOZO Marine Stadium,18:00,02:48,19436,GAME20220408LMOB0066
2022,2022-04-08,Reg Season,Tohoku Rakuten Golden Eagles,Away,W,3,Hokkaido Nippon-Ham Fighters,3,5,0,"0,0,1,2,0,0,0,0,0",1,Sapporo Dome,18:01,03:01,9854,GAME20220408NFRE0068
2022,2022-04-08,Reg Season,Hokkaido Nippon-Ham Fighters,Home,L,0,Tohoku Rakuten Golden Eagles,0,4,0,"0,0,0,0,0,0,0,0,0",1,Sapporo Dome,18:01,03:01,9854,GAME20220408NFRE0068
2022,2022-04-08,Reg Season,Fukuoka Softbank Hawks,Away,W,8,Saitama Seibu Lions,8,13,0,"0,0,1,4,0,0,0,0,3",1,Belluna Dome,18:01,03:01,9502,GAME20220408SLSH0070
2022,2022-04-08,Reg Season,Saitama Seibu Lions,Home,L,1,Fukuoka Softbank Hawks,1,3,0,"0,0,1,0,0,0,0,0,0",1,Belluna Dome,18:01,03:01,9502,GAME20220408SLSH0070
2022,2022-04-08,Reg Season,Tokyo Yakult Swallows,Away,W,7,Yomiuri Giants,7,9,0,"0,1,0,1,3,0,0,0,2",4,Tokyo Dome,18:00,03:38,24136,GAME20220408YGYS0067
2022,2022-04-08,Reg Season,Yomiuri Giants,Home,L,2,Tokyo Yakult Swallows,2,8,0,"0,0,0,0,0,0,2,0,0",4,Tokyo Dome,18:00,03:38,24136,GAME20220408YGYS0067
2022,2022-04-09,Reg Season,Hiroshima Toyo Carp,Away,W,9,Hanshin Tigers,9,13,0,"0,3,3,0,0,3,0,0,0",5,Hanshin Koshien Stadium,14:01,03:23,38634,GAME20220409HTHC0074
2022,2022-04-09,Reg Season,Hanshin Tigers,Home,L,1,Hiroshima Toyo Carp,1,7,2,"0,0,0,1,0,0,0,0,0",5,Hanshin Koshien Stadium,14:01,03:23,38634,GAME20220409HTHC0074
2022,2022-04-09,Reg Season,Orix Buffaloes,Away,W,4,Chiba Lotte Marines,4,7,1,"0,0,0,0,3,0,0,1,0",2,ZOZO Marine Stadium,14:00,03:03,20585,GAME20220409LMOB0071
2022,2022-04-09,Reg Season,Chiba Lotte Marines,Home,L,2,Orix Buffaloes,2,10,1,"1,0,0,0,0,0,1,0,0",2,ZOZO Marine Stadium,14:00,03:03,20585,GAME20220409LMOB0071
2022,2022-04-09,Reg Season,Tohoku Rakuten Golden Eagles,Away,W,8,Hokkaido Nippon-Ham Fighters,8,13,0,"0,1,4,0,0,0,3,0,0",2,Sapporo Dome,14:00,03:13,13994,GAME20220409NFRE0073
2022,2022-04-09,Reg Season,Hokkaido Nippon-Ham Fighters,Home,L,5,Tohoku Rakuten Golden Eagles,5,11,0,"1,0,1,0,1,0,0,1,1",2,Sapporo Dome,14:00,03:13,13994,GAME20220409NFRE0073
2022,2022-04-09,Reg Season,Fukuoka Softbank Hawks,Away,T,0,Saitama Seibu Lions,0,6,0,"0,0,0,0,0,0,0,0,0,0,0,0",2,Belluna Dome,18:00,04:02,15666,GAME20220409SLSH0075
2022,2022-04-09,Reg Season,Saitama Seibu Lions,Home,T,0,Fukuoka Softbank Hawks,0,4,0,"0,0,0,0,0,0,0,0,0,0,0,0",2,Belluna Dome,18:00,04:02,15666,GAME20220409SLSH0075
2022,2022-04-09,Reg Season,Tokyo Yakult Swallows,Away,L,2,Yomiuri Giants,2,6,0,"1,0,0,0,0,1,0,0,0,0",5,Tokyo Dome,14:00,03:22,31428,GAME20220409YGYS0072
2022,2022-04-09,Reg Season,Yomiuri Giants,Home,W,3,Tokyo Yakult Swallows,3,9,1,"1,0,0,1,0,0,0,0,0,1x",5,Tokyo Dome,14:00,03:22,31428,GAME20220409YGYS0072
2022,2022-04-10,Reg Season,Hiroshima Toyo Carp,Away,W,1,Hanshin Tigers,1,4,0,"0,1,0,0,0,0,0,0,0",6,Hanshin Koshien Stadium,14:00,02:24,38051,GAME20220410HTHC0079
2022,2022-04-10,Reg Season,Hanshin Tigers,Home,L,0,Hiroshima Toyo Carp,0,6,0,"0,0,0,0,0,0,0,0,0",6,Hanshin Koshien Stadium,14:00,02:24,38051,GAME20220410HTHC0079
2022,2022-04-10,Reg Season,Orix Buffaloes,Away,L,0,Chiba Lotte Marines,0,0,0,"0,0,0,0,0,0,0,0,0",3,ZOZO Marine Stadium,14:00,02:30,22431,GAME20220410LMOB0076
2022,2022-04-10,Reg Season,Chiba Lotte Marines,Home,W,6,Orix Buffaloes,6,9,0,"1,0,0,0,0,5,0,0,x",3,ZOZO Marine Stadium,14:00,02:30,22431,GAME20220410LMOB0076
2022,2022-04-10,Reg Season,Tohoku Rakuten Golden Eagles,Away,L,2,Hokkaido Nippon-Ham Fighters,2,5,0,"0,0,0,0,0,0,2,0,0,0",3,Sapporo Dome,14:00,03:59,12141,GAME20220410NFRE0078
2022,2022-04-10,Reg Season,Hokkaido Nippon-Ham Fighters,Home,W,3,Tohoku Rakuten Golden Eagles,3,11,0,"0,0,0,1,0,1,0,0,0,1x",3,Sapporo Dome,14:00,03:59,12141,GAME20220410NFRE0078
2022,2022-04-10,Reg Season,Fukuoka Softbank Hawks,Away,L,0,Saitama Seibu Lions,0,2,1,"0,0,0,0,0,0,0,0,0",3,Belluna Dome,13:01,03:17,21115,GAME20220410SLSH0080
2022,2022-04-10,Reg Season,Saitama Seibu Lions,Home,W,6,Fukuoka Softbank Hawks,6,12,0,"1,1,0,0,3,1,0,0,x",3,Belluna Dome,13:01,03:17,21115,GAME20220410SLSH0080
2022,2022-04-10,Reg Season,Tokyo Yakult Swallows,Away,W,2,Yomiuri Giants,2,6,0,"0,0,0,1,0,0,1,0,0",6,Tokyo Dome,14:00,02:42,30502,GAME20220410YGYS0077
2022,2022-04-10,Reg Season,Yomiuri Giants,Home,L,1,Tokyo Yakult Swallows,1,4,0,"0,1,0,0,0,0,0,0,0",6,Tokyo Dome,14:00,02:42,30502,GAME20220410YGYS0077
2022,2022-04-12,Reg Season,Hanshin Tigers,Away,L,1,Chunichi Dragons,1,6,0,"0,0,0,0,0,1,0,0,0",1,Vantelin Dome Nagoya,18:00,02:54,17033,GAME20220412CDHT0083
2022,2022-04-12,Reg Season,Chunichi Dragons,Home,W,2,Hanshin Tigers,2,10,1,"0,0,0,0,0,0,0,2,x",1,Vantelin Dome Nagoya,18:00,02:54,17033,GAME20220412CDHT0083
2022,2022-04-12,Reg Season,Chiba Lotte Marines,Away,W,3,Fukuoka Softbank Hawks,3,4,2,"0,0,0,0,0,0,0,0,3",4,Nagasaki Baseball Stadium,18:01,02:51,16382,GAME20220412SHLM0081
2022,2022-04-12,Reg Season,Fukuoka Softbank Hawks,Home,L,0,Chiba Lotte Marines,0,4,1,"0,0,0,0,0,0,0,0,0",4,Nagasaki Baseball Stadium,18:01,02:51,16382,GAME20220412SHLM0081
2022,2022-04-12,Reg Season,Hokkaido Nippon-Ham Fighters,Away,W,3,Saitama Seibu Lions,3,8,0,"1,0,0,1,0,0,0,0,1",4,Belluna Dome,18:01,02:57,10349,GAME20220412SLNF0085
2022,2022-04-12,Reg Season,Saitama Seibu Lions,Home,L,0,Hokkaido Nippon-Ham Fighters,0,4,0,"0,0,0,0,0,0,0,0,0",4,Belluna Dome,18:01,02:57,10349,GAME20220412SLNF0085
2022,2022-04-12,Reg Season,Yokohama DeNA Baystars,Away,L,4,Yomiuri Giants,4,13,3,"0,0,2,0,1,0,0,0,1",1,Okinawa Cellular Stadium Naha,18:03,03:04,8992,GAME20220412YGDB0084
2022,2022-04-12,Reg Season,Yomiuri Giants,Home,W,10,Yokohama DeNA Baystars,10,15,0,"1,1,4,4,0,0,0,0,x",1,Okinawa Cellular Stadium Naha,18:03,03:04,8992,GAME20220412YGDB0084
2022,2022-04-12,Reg Season,Hiroshima Toyo Carp,Away,L,1,Tokyo Yakult Swallows,1,7,0,"0,0,0,0,0,1,0,0,0",1,Matsuyama Central Park Baseball Stadium,18:00,03:16,11891,GAME20220412YSHC0082
2022,2022-04-12,Reg Season,Tokyo Yakult Swallows,Home,W,3,Hiroshima Toyo Carp,3,5,0,"0,0,0,1,0,0,0,2,x",1,Matsuyama Central Park Baseball Stadium,18:00,03:16,11891,GAME20220412YSHC0082
2022,2022-04-13,Reg Season,Hanshin Tigers,Away,L,0,Chunichi Dragons,0,3,0,"0,0,0,0,0,0,0,0,0,0",2,Vantelin Dome Nagoya,18:00,03:00,16872,GAME20220413CDHT0087
2022,2022-04-13,Reg Season,Chunichi Dragons,Home,W,1,Hanshin Tigers,1,6,2,"0,0,0,0,0,0,0,0,0,1x",2,Vantelin Dome Nagoya,18:00,03:00,16872,GAME20220413CDHT0087
2022,2022-04-13,Reg Season,Hokkaido Nippon-Ham Fighters,Away,L,3,Saitama Seibu Lions,3,6,0,"0,0,0,0,2,0,1,0,0",5,Belluna Dome,18:01,02:32,10179,GAME20220413SLNF0089
2022,2022-04-13,Reg Season,Saitama Seibu Lions,Home,W,4,Hokkaido Nippon-Ham Fighters,4,7,1,"2,0,2,0,0,0,0,0,x",5,Belluna Dome,18:01,02:32,10179,GAME20220413SLNF0089
2022,2022-04-13,Reg Season,Yokohama DeNA Baystars,Away,L,3,Yomiuri Giants,3,8,0,"1,0,0,1,0,1,0,0,0",2,Okinawa Cellular Stadium Naha,18:00,02:57,9260,GAME20220413YGDB0088
2022,2022-04-13,Reg Season,Yomiuri Giants,Home,W,4,Yokohama DeNA Baystars,4,10,1,"0,0,3,1,0,0,0,0,x",2,Okinawa Cellular Stadium Naha,18:00,02:57,9260,GAME20220413YGDB0088
2022,2022-04-13,Reg Season,Hiroshima Toyo Carp,Away,W,5,Tokyo Yakult Swallows,5,10,0,"0,3,0,1,0,0,1,0,0",2,Matsuyama Central Park Baseball Stadium,18:01,02:57,11535,GAME20220413YSHC0086
2022,2022-04-13,Reg Season,Tokyo Yakult Swallows,Home,L,1,Hiroshima Toyo Carp,1,7,3,"0,0,0,0,0,1,0,0,0",2,Matsuyama Central Park Baseball Stadium,18:01,02:57,11535,GAME20220413YSHC0086
2022,2022-04-14,Reg Season,Hanshin Tigers,Away,L,1,Chunichi Dragons,1,7,0,"0,0,0,0,0,0,0,0,1",3,Vantelin Dome Nagoya,18:00,02:55,16836,GAME20220414CDHT0091
2022,2022-04-14,Reg Season,Chunichi Dragons,Home,W,4,Hanshin Tigers,4,12,0,"2,0,2,0,0,0,0,0,x",3,Vantelin Dome Nagoya,18:00,02:55,16836,GAME20220414CDHT0091
2022,2022-04-14,Reg Season,Chiba Lotte Marines,Away,L,0,Fukuoka Softbank Hawks,0,4,0,"0,0,0,0,0,0,0,0,0",5,Mizuho PayPay Dome Fukuoka,18:00,02:53,26806,GAME20220414SHLM0090
2022,2022-04-14,Reg Season,Fukuoka Softbank Hawks,Home,W,4,Chiba Lotte Marines,4,7,0,"2,0,0,0,0,0,0,2,x",5,Mizuho PayPay Dome Fukuoka,18:00,02:53,26806,GAME20220414SHLM0090
2022,2022-04-15,Reg Season,Tokyo Yakult Swallows,Away,W,3,Yokohama DeNA Baystars,3,8,0,"0,0,1,2,0,0,0,0,0",3,Yokohama Stadium,18:00,02:39,19677,GAME20220415DBYS0093
2022,2022-04-15,Reg Season,Yokohama DeNA Baystars,Home,L,2,Tokyo Yakult Swallows,2,8,0,"0,0,0,0,0,2,0,0,0",3,Yokohama Stadium,18:00,02:39,19677,GAME20220415DBYS0093
2022,2022-04-15,Reg Season,Yomiuri Giants,Away,L,1,Hanshin Tigers,1,8,3,"1,0,0,0,0,0,0,0,0",4,Hanshin Koshien Stadium,18:00,02:54,34153,GAME20220415HTYG0094
2022,2022-04-15,Reg Season,Hanshin Tigers,Home,W,4,Yomiuri Giants,4,7,0,"0,0,0,0,2,0,0,2,x",4,Hanshin Koshien Stadium,18:00,02:54,34153,GAME20220415HTYG0094
2022,2022-04-15,Reg Season,Saitama Seibu Lions,Away,W,6,Orix Buffaloes,6,7,1,"0,0,0,0,4,0,0,2,0",4,Kyocera Dome Osaka,18:01,02:48,14503,GAME20220415OBSL0092
2022,2022-04-15,Reg Season,Orix Buffaloes,Home,L,1,Saitama Seibu Lions,1,5,1,"0,0,0,1,0,0,0,0,0",4,Kyocera Dome Osaka,18:01,02:48,14503,GAME20220415OBSL0092
2022,2022-04-16,Reg Season,Tokyo Yakult Swallows,Away,L,0,Yokohama DeNA Baystars,0,5,0,"0,0,0,0,0,0,0,0,0",4,Yokohama Stadium,14:00,02:14,23316,GAME20220416DBYS0097
2022,2022-04-16,Reg Season,Yokohama DeNA Baystars,Home,W,6,Tokyo Yakult Swallows,6,14,0,"2,0,2,0,0,2,0,0,x",4,Yokohama Stadium,14:00,02:14,23316,GAME20220416DBYS0097
2022,2022-04-16,Reg Season,Chunichi Dragons,Away,L,2,Hiroshima Toyo Carp,2,4,2,"0,2,0,0,0,0,0,0,0",4,MAZDA Zoom-Zoom Stadium Hiroshima,14:01,03:18,30022,GAME20220416HCCD0099
2022,2022-04-16,Reg Season,Hiroshima Toyo Carp,Home,W,3,Chunichi Dragons,3,8,1,"0,0,3,0,0,0,0,0,x",4,MAZDA Zoom-Zoom Stadium Hiroshima,14:01,03:18,30022,GAME20220416HCCD0099
2022,2022-04-16,Reg Season,Yomiuri Giants,Away,L,1,Hanshin Tigers,1,5,2,"0,0,0,0,0,1,0,0,0",5,Hanshin Koshien Stadium,14:00,02:59,40354,GAME20220416HTYG0100
2022,2022-04-16,Reg Season,Hanshin Tigers,Home,W,2,Yomiuri Giants,2,5,1,"0,0,1,1,0,0,0,0,x",5,Hanshin Koshien Stadium,14:00,02:59,40354,GAME20220416HTYG0100
2022,2022-04-16,Reg Season,Hokkaido Nippon-Ham Fighters,Away,W,11,Chiba Lotte Marines,11,17,2,"0,0,1,1,4,1,4,0,0",3,ZOZO Marine Stadium,14:00,03:50,22230,GAME20220416LMNF0098
2022,2022-04-16,Reg Season,Chiba Lotte Marines,Home,L,4,Hokkaido Nippon-Ham Fighters,4,9,2,"1,0,0,0,2,0,0,0,1",3,ZOZO Marine Stadium,14:00,03:50,22230,GAME20220416LMNF0098
2022,2022-04-16,Reg Season,Saitama Seibu Lions,Away,L,0,Orix Buffaloes,0,7,0,"0,0,0,0,0,0,0,0,0",5,Kyocera Dome Osaka,14:00,02:52,15097,GAME20220416OBSL0095
2022,2022-04-16,Reg Season,Orix Buffaloes,Home,W,3,Saitama Seibu Lions,3,6,0,"0,0,0,0,3,0,0,0,x",5,Kyocera Dome Osaka,14:00,02:52,15097,GAME20220416OBSL0095
2022,2022-04-16,Reg Season,Tohoku Rakuten Golden Eagles,Away,W,6,Fukuoka Softbank Hawks,6,8,0,"1,1,0,0,2,0,0,0,2",2,Kitakyushu Municipal Baseball Stadium,13:00,03:38,18709,GAME20220416SHRE0096
2022,2022-04-16,Reg Season,Fukuoka Softbank Hawks,Home,L,5,Tohoku Rakuten Golden Eagles,5,12,1,"0,3,0,0,1,0,0,1,0",2,Kitakyushu Municipal Baseball Stadium,13:00,03:38,18709,GAME20220416SHRE0096
2022,2022-04-17,Reg Season,Tokyo Yakult Swallows,Away,W,5,Yokohama DeNA Baystars,5,9,1,"0,0,0,0,0,2,0,2,1",5,Yokohama Stadium,14:00,03:44,21772,GAME20220417DBYS0103
2022,2022-04-17,Reg Season,Yokohama DeNA Baystars,Home,L,4,Tokyo Yakult Swallows,4,9,0,"0,0,1,3,0,0,0,0,0",5,Yokohama Stadium,14:00,03:44,21772,GAME20220417DBYS0103
2022,2022-04-17,Reg Season,Chunichi Dragons,Away,W,10,Hiroshima Toyo Carp,10,18,0,"4,4,0,0,0,0,0,2,0",5,MAZDA Zoom-Zoom Stadium Hiroshima,13:30,03:30,29729,GAME20220417HCCD0105
2022,2022-04-17,Reg Season,Hiroshima Toyo Carp,Home,L,4,Chunichi Dragons,4,13,0,"0,0,0,1,2,0,1,0,0",5,MAZDA Zoom-Zoom Stadium Hiroshima,13:30,03:30,29729,GAME20220417HCCD0105
2022,2022-04-17,Reg Season,Yomiuri Giants,Away,W,3,Hanshin Tigers,3,5,0,"0,0,0,3,0,0,0,0,0",6,Hanshin Koshien Stadium,14:01,03:04,41175,GAME20220417HTYG0106
2022,2022-04-17,Reg Season,Hanshin Tigers,Home,L,1,Yomiuri Giants,1,8,1,"0,1,0,0,0,0,0,0,0",6,Hanshin Koshien Stadium,14:01,03:04,41175,GAME20220417HTYG0106
2022,2022-04-17,Reg Season,Hokkaido Nippon-Ham Fighters,Away,W,1,Chiba Lotte Marines,1,1,0,"0,0,0,0,0,0,0,0,0,1",4,ZOZO Marine Stadium,14:00,03:31,29426,GAME20220417LMNF0104
2022,2022-04-17,Reg Season,Chiba Lotte Marines,Home,L,0,Hokkaido Nippon-Ham Fighters,0,6,0,"0,0,0,0,0,0,0,0,0,0",4,ZOZO Marine Stadium,14:00,03:31,29426,GAME20220417LMNF0104
2022,2022-04-17,Reg Season,Saitama Seibu Lions,Away,L,3,Orix Buffaloes,3,7,1,"1,0,0,1,0,0,1,0,0",6,Kyocera Dome Osaka,13:01,03:01,14683,GAME20220417OBSL0101
2022,2022-04-17,Reg Season,Orix Buffaloes,Home,W,4,Saitama Seibu Lions,4,7,0,"0,0,0,2,1,1,0,0,x",6,Kyocera Dome Osaka,13:01,03:01,14683,GAME20220417OBSL0101
2022,2022-04-17,Reg Season,Tohoku Rakuten Golden Eagles,Away,W,14,Fukuoka Softbank Hawks,14,17,1,"1,0,0,7,0,2,4,0,0",3,Heiwa Lease Baseball Stadium,14:00,03:31,17796,GAME20220417SHRE0102
2022,2022-04-17,Reg Season,Fukuoka Softbank Hawks,Home,L,4,Tohoku Rakuten Golden Eagles,4,10,0,"0,0,2,0,1,0,0,1,0",3,Heiwa Lease Baseball Stadium,14:00,03:31,17796,GAME20220417SHRE0102
2022,2022-04-19,Reg Season,Tokyo Yakult Swallows,Away,W,12,Chunichi Dragons,12,16,0,"2,0,1,3,3,0,0,3,0",4,Vantelin Dome Nagoya,18:00,03:21,18190,GAME20220419CDYS0109
2022,2022-04-19,Reg Season,Chunichi Dragons,Home,L,4,Tokyo Yakult Swallows,4,7,1,"0,0,0,2,0,0,2,0,0",4,Vantelin Dome Nagoya,18:00,03:21,18190,GAME20220419CDYS0109
2022,2022-04-19,Reg Season,Hanshin Tigers,Away,L,4,Yokohama DeNA Baystars,4,6,0,"3,1,0,0,0,0,0,0,0",3,Yokohama Stadium,18:01,03:24,17596,GAME20220419DBHT0108
2022,2022-04-19,Reg Season,Yokohama DeNA Baystars,Home,W,5,Hanshin Tigers,5,10,0,"0,2,0,2,1,0,0,0,x",3,Yokohama Stadium,18:01,03:24,17596,GAME20220419DBHT0108
2022,2022-04-19,Reg Season,Fukuoka Softbank Hawks,Away,W,3,Orix Buffaloes,3,8,0,"0,0,0,0,0,2,0,0,1",4,Kyocera Dome Osaka,18:00,02:31,16000,GAME20220419OBSH0107
2022,2022-04-19,Reg Season,Orix Buffaloes,Home,L,0,Fukuoka Softbank Hawks,0,3,2,"0,0,0,0,0,0,0,0,0",4,Kyocera Dome Osaka,18:00,02:31,16000,GAME20220419OBSH0107
2022,2022-04-19,Reg Season,Hokkaido Nippon-Ham Fighters,Away,W,2,Tohoku Rakuten Golden Eagles,2,6,0,"0,2,0,0,0,0,0,0,0",4,Rakuten Seimei Park Miyagi,18:01,02:25,15119,GAME20220419RENF0111
2022,2022-04-19,Reg Season,Tohoku Rakuten Golden Eagles,Home,L,0,Hokkaido Nippon-Ham Fighters,0,3,0,"0,0,0,0,0,0,0,0,0",4,Rakuten Seimei Park Miyagi,18:01,02:25,15119,GAME20220419RENF0111
2022,2022-04-19,Reg Season,Chiba Lotte Marines,Away,L,0,Saitama Seibu Lions,0,1,0,"0,0,0,0,0,0,0,0,0",4,Belluna Dome,18:01,02:35,7241,GAME20220419SLLM0112
2022,2022-04-19,Reg Season,Saitama Seibu Lions,Home,W,4,Chiba Lotte Marines,4,7,1,"0,3,0,0,0,1,0,0,x",4,Belluna Dome,18:01,02:35,7241,GAME20220419SLLM0112
2022,2022-04-19,Reg Season,Hiroshima Toyo Carp,Away,L,1,Yomiuri Giants,1,7,1,"0,0,0,0,0,0,0,1,0",4,Tokyo Dome,18:01,02:57,24554,GAME20220419YGHC0110
2022,2022-04-19,Reg Season,Yomiuri Giants,Home,W,3,Hiroshima Toyo Carp,3,9,0,"0,0,1,0,2,0,0,0,x",4,Tokyo Dome,18:01,02:57,24554,GAME20220419YGHC0110
2022,2022-04-20,Reg Season,Tokyo Yakult Swallows,Away,L,1,Chunichi Dragons,1,6,1,"0,0,0,0,0,1,0,0,0",5,Vantelin Dome Nagoya,18:00,03:21,17079,GAME20220420CDYS0115
2022,2022-04-20,Reg Season,Chunichi Dragons,Home,W,4,Tokyo Yakult Swallows,4,12,0,"0,2,0,1,0,0,1,0,x",5,Vantelin Dome Nagoya,18:00,03:21,17079,GAME20220420CDYS0115
2022,2022-04-20,Reg Season,Hanshin Tigers,Away,L,0,Yokohama DeNA Baystars,0,7,0,"0,0,0,0,0,0,0,0,0,0",4,Yokohama Stadium,18:01,03:22,19143,GAME20220420DBHT0114
2022,2022-04-20,Reg Season,Yokohama DeNA Baystars,Home,W,1,Hanshin Tigers,1,4,0,"0,0,0,0,0,0,0,0,0,1x",4,Yokohama Stadium,18:01,03:22,19143,GAME20220420DBHT0114
2022,2022-04-20,Reg Season,Fukuoka Softbank Hawks,Away,L,2,Orix Buffaloes,2,6,1,"1,0,0,0,0,0,0,1,0",5,Kyocera Dome Osaka,18:00,02:43,15897,GAME20220420OBSH0113
2022,2022-04-20,Reg Season,Orix Buffaloes,Home,W,3,Fukuoka Softbank Hawks,3,7,0,"0,0,0,0,3,0,0,0,x",5,Kyocera Dome Osaka,18:00,02:43,15897,GAME20220420OBSH0113
2022,2022-04-20,Reg Season,Hokkaido Nippon-Ham Fighters,Away,L,2,Tohoku Rakuten Golden Eagles,2,5,1,"0,0,0,0,0,0,0,0,2",5,Rakuten Seimei Park Miyagi,18:00,02:42,14453,GAME20220420RENF0117
2022,2022-04-20,Reg Season,Tohoku Rakuten Golden Eagles,Home,W,4,Hokkaido Nippon-Ham Fighters,4,8,0,"2,0,0,0,2,0,0,0,x",5,Rakuten Seimei Park Miyagi,18:00,02:42,14453,GAME20220420RENF0117
2022,2022-04-20,Reg Season,Chiba Lotte Marines,Away,L,0,Saitama Seibu Lions,0,1,1,"0,0,0,0,0,0,0,0,0",5,Belluna Dome,18:00,02:51,7261,GAME20220420SLLM0118
2022,2022-04-20,Reg Season,Saitama Seibu Lions,Home,W,3,Chiba Lotte Marines,3,4,0,"0,0,0,0,0,0,1,2,x",5,Belluna Dome,18:00,02:51,7261,GAME20220420SLLM0118
2022,2022-04-20,Reg Season,Hiroshima Toyo Carp,Away,L,3,Yomiuri Giants,3,6,0,"0,0,0,0,2,1,0,0,0",5,Tokyo Dome,18:00,02:35,24580,GAME20220420YGHC0116
2022,2022-04-20,Reg Season,Yomiuri Giants,Home,W,5,Hiroshima Toyo Carp,5,8,0,"0,0,0,0,0,2,0,3,x",5,Tokyo Dome,18:00,02:35,24580,GAME20220420YGHC0116
2022,2022-04-21,Reg Season,Hanshin Tigers,Away,L,5,Yokohama DeNA Baystars,5,6,0,"0,0,1,4,0,0,,,",5,Yokohama Stadium,18:00,02:46,16995,GAME20220421DBHT0120
2022,2022-04-21,Reg Season,Yokohama DeNA Baystars,Home,W,7,Hanshin Tigers,7,13,0,"0,0,3,1,3,0x,,,",5,Yokohama Stadium,18:00,02:46,16995,GAME20220421DBHT0120
2022,2022-04-21,Reg Season,Fukuoka Softbank Hawks,Away,L,2,Orix Buffaloes,2,11,0,"0,0,0,0,2,0,0,0,0,0,0",6,Kyocera Dome Osaka,18:01,03:57,15356,GAME20220421OBSH0119
2022,2022-04-21,Reg Season,Orix Buffaloes,Home,W,3,Fukuoka Softbank Hawks,3,7,1,"0,0,0,0,0,0,0,0,2,0,1x",6,Kyocera Dome Osaka,18:01,03:57,15356,GAME20220421OBSH0119
2022,2022-04-21,Reg Season,Hokkaido Nippon-Ham Fighters,Away,L,5,Tohoku Rakuten Golden Eagles,5,8,0,"0,0,2,2,1,0,0,0,0",6,Rakuten Seimei Park Miyagi,18:00,03:41,15131,GAME20220421RENF0122
2022,2022-04-21,Reg Season,Tohoku Rakuten Golden Eagles,Home,W,8,Hokkaido Nippon-Ham Fighters,8,11,0,"0,0,6,0,0,0,2,0,x",6,Rakuten Seimei Park Miyagi,18:00,03:41,15131,GAME20220421RENF0122
2022,2022-04-21,Reg Season,Hiroshima Toyo Carp,Away,L,4,Yomiuri Giants,4,7,1,"0,2,0,2,0,0,0,0,0",6,Tokyo Dome,18:00,03:00,24049,GAME20220421YGHC0121
2022,2022-04-21,Reg Season,Yomiuri Giants,Home,W,8,Hiroshima Toyo Carp,8,10,1,"0,3,0,3,0,2,0,0,x",6,Tokyo Dome,18:00,03:00,24049,GAME20220421YGHC0121
2022,2022-04-22,Reg Season,Yomiuri Giants,Away,W,7,Chunichi Dragons,7,13,0,"1,0,0,1,0,4,1,0,0",4,Vantelin Dome Nagoya,18:00,03:04,19969,GAME20220422CDYG0125
2022,2022-04-22,Reg Season,Chunichi Dragons,Home,L,2,Yomiuri Giants,2,10,2,"0,1,0,0,0,0,0,1,0",4,Vantelin Dome Nagoya,18:00,03:04,19969,GAME20220422CDYG0125
2022,2022-04-22,Reg Season,Yokohama DeNA Baystars,Away,L,1,Hiroshima Toyo Carp,1,8,1,"0,0,0,0,0,0,0,0,1",4,MAZDA Zoom-Zoom Stadium Hiroshima,18:00,03:30,24500,GAME20220422HCDB0126
2022,2022-04-22,Reg Season,Hiroshima Toyo Carp,Home,W,6,Yokohama DeNA Baystars,6,12,1,"4,0,0,0,0,2,0,0,x",4,MAZDA Zoom-Zoom Stadium Hiroshima,18:00,03:30,24500,GAME20220422HCDB0126
2022,2022-04-22,Reg Season,Fukuoka Softbank Hawks,Away,L,5,Hokkaido Nippon-Ham Fighters,5,17,0,"0,0,2,0,0,1,1,1,0",4,Sapporo Dome,18:00,03:15,12353,GAME20220422NFSH0127
2022,2022-04-22,Reg Season,Hokkaido Nippon-Ham Fighters,Home,W,12,Fukuoka Softbank Hawks,12,13,0,"4,3,0,2,0,3,0,0,x",4,Sapporo Dome,18:00,03:15,12353,GAME20220422NFSH0127
2022,2022-04-22,Reg Season,Chiba Lotte Marines,Away,W,4,Orix Buffaloes,4,9,0,"0,1,0,2,0,0,0,1,0",4,Kyocera Dome Osaka,18:00,02:28,15388,GAME20220422OBLM0123
2022,2022-04-22,Reg Season,Orix Buffaloes,Home,L,0,Chiba Lotte Marines,0,6,1,"0,0,0,0,0,0,0,0,0",4,Kyocera Dome Osaka,18:00,02:28,15388,GAME20220422OBLM0123
2022,2022-04-22,Reg Season,Tohoku Rakuten Golden Eagles,Away,L,0,Saitama Seibu Lions,0,4,0,"0,0,0,0,0,0,0,0,0",3,Belluna Dome,18:00,02:39,10224,GAME20220422SLRE0128
2022,2022-04-22,Reg Season,Saitama Seibu Lions,Home,W,3,Tohoku Rakuten Golden Eagles,3,6,0,"0,0,0,1,0,0,0,2,x",3,Belluna Dome,18:00,02:39,10224,GAME20220422SLRE0128
2022,2022-04-22,Reg Season,Hanshin Tigers,Away,W,6,Tokyo Yakult Swallows,6,10,0,"2,0,0,0,0,0,4,0,0",4,Meiji Jingu Stadium,18:00,02:58,20207,GAME20220422YSHT0124
2022,2022-04-22,Reg Season,Tokyo Yakult Swallows,Home,L,0,Hanshin Tigers,0,3,0,"0,0,0,0,0,0,0,0,0",4,Meiji Jingu Stadium,18:00,02:58,20207,GAME20220422YSHT0124
2022,2022-04-23,Reg Season,Yomiuri Giants,Away,W,3,Chunichi Dragons,3,7,0,"0,0,0,0,0,1,0,0,2",5,Vantelin Dome Nagoya,14:00,02:34,30650,GAME20220423CDYG0131
2022,2022-04-23,Reg Season,Chunichi Dragons,Home,L,0,Yomiuri Giants,0,2,0,"0,0,0,0,0,0,0,0,0",5,Vantelin Dome Nagoya,14:00,02:34,30650,GAME20220423CDYG0131
2022,2022-04-23,Reg Season,Yokohama DeNA Baystars,Away,L,0,Hiroshima Toyo Carp,0,8,1,"0,0,0,0,0,0,0,0,0",5,MAZDA Zoom-Zoom Stadium Hiroshima,14:00,02:56,29818,GAME20220423HCDB0132
2022,2022-04-23,Reg Season,Hiroshima Toyo Carp,Home,W,6,Yokohama DeNA Baystars,6,9,0,"0,0,2,0,0,4,0,0,x",5,MAZDA Zoom-Zoom Stadium Hiroshima,14:00,02:56,29818,GAME20220423HCDB0132
2022,2022-04-23,Reg Season,Fukuoka Softbank Hawks,Away,W,9,Hokkaido Nippon-Ham Fighters,9,10,0,"0,4,3,0,0,0,0,2,0",5,Sapporo Dome,14:00,03:51,15115,GAME20220423NFSH0133
2022,2022-04-23,Reg Season,Hokkaido Nippon-Ham Fighters,Home,L,3,Fukuoka Softbank Hawks,3,9,0,"1,1,1,0,0,0,0,0,0",5,Sapporo Dome,14:00,03:51,15115,GAME20220423NFSH0133
2022,2022-04-23,Reg Season,Chiba Lotte Marines,Away,L,2,Orix Buffaloes,2,6,2,"0,0,0,1,0,0,0,0,0,1,0",5,Kyocera Dome Osaka,14:00,04:06,14660,GAME20220423OBLM0129
2022,2022-04-23,Reg Season,Orix Buffaloes,Home,W,3,Chiba Lotte Marines,3,10,0,"1,0,0,0,0,0,0,0,0,1,1x",5,Kyocera Dome Osaka,14:00,04:06,14660,GAME20220423OBLM0129
2022,2022-04-23,Reg Season,Tohoku Rakuten Golden Eagles,Away,W,7,Saitama Seibu Lions,7,10,0,"0,0,0,5,0,0,0,1,1",4,Belluna Dome,14:00,03:14,26257,GAME20220423SLRE0134
2022,2022-04-23,Reg Season,Saitama Seibu Lions,Home,L,3,Tohoku Rakuten Golden Eagles,3,6,1,"0,2,0,0,0,0,1,0,0",4,Belluna Dome,14:00,03:14,26257,GAME20220423SLRE0134
2022,2022-04-23,Reg Season,Hanshin Tigers,Away,L,0,Tokyo Yakult Swallows,0,4,0,"0,0,0,0,0,0,0,0,0",5,Meiji Jingu Stadium,18:00,02:31,26197,GAME20220423YSHT0130
2022,2022-04-23,Reg Season,Tokyo Yakult Swallows,Home,W,1,Hanshin Tigers,1,3,0,"0,0,0,1,0,0,0,0,x",5,Meiji Jingu Stadium,18:00,02:31,26197,GAME20220423YSHT0130
2022,2022-04-24,Reg Season,Yomiuri Giants,Away,L,6,Chunichi Dragons,6,8,0,"0,4,2,0,0,0,0,0,0",6,Vantelin Dome Nagoya,14:00,03:00,30507,GAME20220424CDYG0137
2022,2022-04-24,Reg Season,Chunichi Dragons,Home,W,7,Yomiuri Giants,7,10,0,"1,0,5,1,0,0,0,0,x",6,Vantelin Dome Nagoya,14:00,03:00,30507,GAME20220424CDYG0137
2022,2022-04-24,Reg Season,Yokohama DeNA Baystars,Away,L,4,Hiroshima Toyo Carp,4,9,1,"0,0,2,0,0,1,0,0,0,1",6,MAZDA Zoom-Zoom Stadium Hiroshima,13:30,03:59,28871,GAME20220424HCDB0138
2022,2022-04-24,Reg Season,Hiroshima Toyo Carp,Home,W,5,Yokohama DeNA Baystars,5,8,0,"0,0,0,1,0,2,0,0,0,2x",6,MAZDA Zoom-Zoom Stadium Hiroshima,13:30,03:59,28871,GAME20220424HCDB0138
2022,2022-04-24,Reg Season,Fukuoka Softbank Hawks,Away,W,11,Hokkaido Nippon-Ham Fighters,11,12,0,"0,0,2,3,3,1,0,2,0",6,Sapporo Dome,14:00,03:50,12853,GAME20220424NFSH0139
2022,2022-04-24,Reg Season,Hokkaido Nippon-Ham Fighters,Home,L,4,Fukuoka Softbank Hawks,4,10,3,"0,0,0,1,0,1,0,2,0",6,Sapporo Dome,14:00,03:50,12853,GAME20220424NFSH0139
2022,2022-04-24,Reg Season,Chiba Lotte Marines,Away,W,6,Orix Buffaloes,6,9,1,"0,3,0,0,0,0,0,0,3",6,Kyocera Dome Osaka,13:01,03:51,28967,GAME20220424OBLM0135
2022,2022-04-24,Reg Season,Orix Buffaloes,Home,L,3,Chiba Lotte Marines,3,10,1,"0,0,0,0,2,0,0,0,1",6,Kyocera Dome Osaka,13:01,03:51,28967,GAME20220424OBLM0135
2022,2022-04-24,Reg Season,Tohoku Rakuten Golden Eagles,Away,L,3,Saitama Seibu Lions,3,10,0,"0,0,1,1,0,0,0,0,1",5,Belluna Dome,14:00,03:24,14901,GAME20220424SLRE0140
2022,2022-04-24,Reg Season,Saitama Seibu Lions,Home,W,6,Tohoku Rakuten Golden Eagles,6,12,0,"0,4,0,0,0,1,0,1,x",5,Belluna Dome,14:00,03:24,14901,GAME20220424SLRE0140
2022,2022-04-24,Reg Season,Hanshin Tigers,Away,W,11,Tokyo Yakult Swallows,11,16,1,"4,0,2,0,0,1,2,2,0",6,Meiji Jingu Stadium,18:30,03:30,16091,GAME20220424YSHT0136
2022,2022-04-24,Reg Season,Tokyo Yakult Swallows,Home,L,3,Hanshin Tigers,3,7,3,"0,0,0,2,0,0,0,1,0",6,Meiji Jingu Stadium,18:30,03:30,16091,GAME20220424YSHT0136
2022,2022-04-26,Reg Season,Yomiuri Giants,Away,L,4,Yokohama DeNA Baystars,4,8,0,"2,0,0,0,0,2,0,0,0",3,Yokohama Stadium,18:00,03:08,18940,GAME20220426DBYG0142
2022,2022-04-26,Reg Season,Yokohama DeNA Baystars,Home,W,6,Yomiuri Giants,6,8,1,"0,0,0,0,5,0,1,0,x",3,Yokohama Stadium,18:00,03:08,18940,GAME20220426DBYG0142
2022,2022-04-26,Reg Season,Tohoku Rakuten Golden Eagles,Away,W,3,Chiba Lotte Marines,3,8,0,"1,0,0,0,1,0,0,0,0,1",3,ZOZO Marine Stadium,18:01,03:47,15524,GAME20220426LMRE0143
2022,2022-04-26,Reg Season,Chiba Lotte Marines,Home,L,2,Tohoku Rakuten Golden Eagles,2,7,1,"0,0,0,1,0,0,0,1,0,0",3,ZOZO Marine Stadium,18:01,03:47,15524,GAME20220426LMRE0143
2022,2022-04-26,Reg Season,Orix Buffaloes,Away,W,3,Hokkaido Nippon-Ham Fighters,3,10,1,"0,0,0,0,0,0,0,2,0,1",4,Tokyo Dome,18:00,03:30,21552,GAME20220426NFOB0144
2022,2022-04-26,Reg Season,Hokkaido Nippon-Ham Fighters,Home,L,2,Orix Buffaloes,2,8,1,"0,0,0,2,0,0,0,0,0,0",4,Tokyo Dome,18:00,03:30,21552,GAME20220426NFOB0144
2022,2022-04-26,Reg Season,Saitama Seibu Lions,Away,L,0,Fukuoka Softbank Hawks,0,6,0,"0,0,0,0,0,0,0,0,0",4,Mizuho PayPay Dome Fukuoka,18:00,02:57,26041,GAME20220426SHSL0141
2022,2022-04-26,Reg Season,Fukuoka Softbank Hawks,Home,W,3,Saitama Seibu Lions,3,7,0,"0,1,0,0,0,0,2,0,x",4,Mizuho PayPay Dome Fukuoka,18:00,02:57,26041,GAME20220426SHSL0141
2022,2022-04-27,Reg Season,Yomiuri Giants,Away,W,8,Yokohama DeNA Baystars,8,8,1,"0,0,0,4,2,0,0,0,2",4,Yokohama Stadium,18:00,03:08,19862,GAME20220427DBYG0146
2022,2022-04-27,Reg Season,Yokohama DeNA Baystars,Home,L,2,Yomiuri Giants,2,3,0,"0,0,0,0,0,0,0,0,2",4,Yokohama Stadium,18:00,03:08,19862,GAME20220427DBYG0146
2022,2022-04-27,Reg Season,Tokyo Yakult Swallows,Away,W,8,Hiroshima Toyo Carp,8,14,0,"1,3,0,2,0,1,0,1,0",3,MAZDA Zoom-Zoom Stadium Hiroshima,18:00,02:58,23606,GAME20220427HCYS0148
2022,2022-04-27,Reg Season,Hiroshima Toyo Carp,Home,L,2,Tokyo Yakult Swallows,2,7,0,"0,0,0,0,0,1,0,1,0",3,MAZDA Zoom-Zoom Stadium Hiroshima,18:00,02:58,23606,GAME20220427HCYS0148
2022,2022-04-27,Reg Season,Chunichi Dragons,Away,L,1,Hanshin Tigers,1,9,2,"1,0,0,0,0,0,0,0,0",4,Hanshin Koshien Stadium,18:01,03:06,31726,GAME20220427HTCD0150
2022,2022-04-27,Reg Season,Hanshin Tigers,Home,W,3,Chunichi Dragons,3,8,0,"0,1,1,0,1,0,0,0,x",4,Hanshin Koshien Stadium,18:01,03:06,31726,GAME20220427HTCD0150
2022,2022-04-27,Reg Season,Tohoku Rakuten Golden Eagles,Away,T,3,Chiba Lotte Marines,3,6,0,"1,0,0,0,0,0,2,0,0,0,0,0",4,ZOZO Marine Stadium,18:00,04:07,13258,GAME20220427LMRE0147
2022,2022-04-27,Reg Season,Chiba Lotte Marines,Home,T,3,Tohoku Rakuten Golden Eagles,3,7,0,"0,0,3,0,0,0,0,0,0,0,0,0",4,ZOZO Marine Stadium,18:00,04:07,13258,GAME20220427LMRE0147
2022,2022-04-27,Reg Season,Orix Buffaloes,Away,W,4,Hokkaido Nippon-Ham Fighters,4,9,3,"2,0,0,0,0,0,0,0,2",5,Tokyo Dome,18:00,03:33,15329,GAME20220427NFOB0149
2022,2022-04-27,Reg Season,Hokkaido Nippon-Ham Fighters,Home,L,2,Orix Buffaloes,2,8,1,"0,0,2,0,0,0,0,0,0",5,Tokyo Dome,18:00,03:33,15329,GAME20220427NFOB0149
2022,2022-04-27,Reg Season,Saitama Seibu Lions,Away,W,8,Fukuoka Softbank Hawks,8,11,0,"3,1,0,2,0,0,1,0,1",5,Mizuho PayPay Dome Fukuoka,18:00,03:03,27526,GAME20220427SHSL0145
2022,2022-04-27,Reg Season,Fukuoka Softbank Hawks,Home,L,2,Saitama Seibu Lions,2,10,0,"0,0,1,0,0,0,0,1,0",5,Mizuho PayPay Dome Fukuoka,18:00,03:03,27526,GAME20220427SHSL0145
2022,2022-04-28,Reg Season,Yomiuri Giants,Away,W,7,Yokohama DeNA Baystars,7,11,0,"2,1,0,1,0,3,0,0,0",5,Yokohama Stadium,18:00,02:51,26021,GAME20220428DBYG0152
2022,2022-04-28,Reg Season,Yokohama DeNA Baystars,Home,L,0,Yomiuri Giants,0,4,0,"0,0,0,0,0,0,0,0,0",5,Yokohama Stadium,18:00,02:51,26021,GAME20220428DBYG0152
2022,2022-04-28,Reg Season,Tokyo Yakult Swallows,Away,W,9,Hiroshima Toyo Carp,9,8,0,"0,0,0,0,0,0,0,9,0",4,MAZDA Zoom-Zoom Stadium Hiroshima,18:01,03:45,24394,GAME20220428HCYS0154
2022,2022-04-28,Reg Season,Hiroshima Toyo Carp,Home,L,5,Tokyo Yakult Swallows,5,7,1,"0,0,0,2,0,0,0,3,0",4,MAZDA Zoom-Zoom Stadium Hiroshima,18:01,03:45,24394,GAME20220428HCYS0154
2022,2022-04-28,Reg Season,Chunichi Dragons,Away,L,2,Hanshin Tigers,2,8,0,"0,2,0,0,0,0,0,0,0",5,Hanshin Koshien Stadium,18:01,02:49,35221,GAME20220428HTCD0156
2022,2022-04-28,Reg Season,Hanshin Tigers,Home,W,3,Chunichi Dragons,3,8,0,"0,0,0,3,0,0,0,0,x",5,Hanshin Koshien Stadium,18:01,02:49,35221,GAME20220428HTCD0156
2022,2022-04-28,Reg Season,Tohoku Rakuten Golden Eagles,Away,W,2,Chiba Lotte Marines,2,10,0,"1,0,0,0,0,0,1,0,0",5,ZOZO Marine Stadium,18:01,03:25,17531,GAME20220428LMRE0153
2022,2022-04-28,Reg Season,Chiba Lotte Marines,Home,L,1,Tohoku Rakuten Golden Eagles,1,6,0,"0,0,0,0,0,0,1,0,0",5,ZOZO Marine Stadium,18:01,03:25,17531,GAME20220428LMRE0153
2022,2022-04-28,Reg Season,Orix Buffaloes,Away,L,2,Hokkaido Nippon-Ham Fighters,2,7,0,"0,0,0,0,0,0,0,2,0",6,Tokyo Dome,18:02,03:06,21014,GAME20220428NFOB0155
2022,2022-04-28,Reg Season,Hokkaido Nippon-Ham Fighters,Home,W,6,Orix Buffaloes,6,12,0,"2,1,2,0,1,0,0,0,x",6,Tokyo Dome,18:02,03:06,21014,GAME20220428NFOB0155
2022,2022-04-28,Reg Season,Saitama Seibu Lions,Away,W,4,Fukuoka Softbank Hawks,4,6,0,"3,0,0,0,1,0,0,0,0",6,Mizuho PayPay Dome Fukuoka,18:00,03:22,30505,GAME20220428SHSL0151
2022,2022-04-28,Reg Season,Fukuoka Softbank Hawks,Home,L,2,Saitama Seibu Lions,2,10,0,"0,1,1,0,0,0,0,0,0",6,Mizuho PayPay Dome Fukuoka,18:00,03:22,30505,GAME20220428SHSL0151
2022,2022-04-29,Reg Season,Hiroshima Toyo Carp,Away,W,1,Chunichi Dragons,1,7,0,"0,0,0,0,1,0,0,0,0",6,Vantelin Dome Nagoya,18:00,02:50,24650,GAME20220429CDHC0158
2022,2022-04-29,Reg Season,Chunichi Dragons,Home,L,0,Hiroshima Toyo Carp,0,2,0,"0,0,0,0,0,0,0,0,0",6,Vantelin Dome Nagoya,18:00,02:50,24650,GAME20220429CDHC0158
2022,2022-04-29,Reg Season,Saitama Seibu Lions,Away,L,0,Orix Buffaloes,0,7,0,"0,0,0,0,0,0,0,0,0",7,Kyocera Dome Osaka,18:00,02:57,17476,GAME20220429OBSL0157
2022,2022-04-29,Reg Season,Orix Buffaloes,Home,W,1,Saitama Seibu Lions,1,4,0,"0,0,0,0,0,0,0,0,1x",7,Kyocera Dome Osaka,18:00,02:57,17476,GAME20220429OBSL0157
2022,2022-04-29,Reg Season,Hanshin Tigers,Away,W,3,Yomiuri Giants,3,5,1,"0,0,2,0,0,0,0,1,0",7,Tokyo Dome,18:00,03:09,39292,GAME20220429YGHT0159
2022,2022-04-29,Reg Season,Yomiuri Giants,Home,L,2,Hanshin Tigers,2,6,1,"0,0,0,0,1,0,0,0,1",7,Tokyo Dome,18:00,03:09,39292,GAME20220429YGHT0159
2022,2022-04-30,Reg Season,Hiroshima Toyo Carp,Away,L,2,Chunichi Dragons,2,8,0,"0,0,0,0,0,0,0,2,0",7,Vantelin Dome Nagoya,14:00,03:00,28349,GAME20220430CDHC0163
2022,2022-04-30,Reg Season,Chunichi Dragons,Home,W,4,Hiroshima Toyo Carp,4,11,1,"0,0,0,1,1,0,0,2,x",7,Vantelin Dome Nagoya,14:00,03:00,28349,GAME20220430CDHC0163
2022,2022-04-30,Reg Season,Hokkaido Nippon-Ham Fighters,Away,L,3,Chiba Lotte Marines,3,8,0,"0,3,0,0,0,0,0,0,0",5,ZOZO Marine Stadium,14:00,03:26,20345,GAME20220430LMNF0162
2022,2022-04-30,Reg Season,Chiba Lotte Marines,Home,W,7,Hokkaido Nippon-Ham Fighters,7,12,1,"1,0,1,0,3,0,0,2,x",5,ZOZO Marine Stadium,14:00,03:26,20345,GAME20220430LMNF0162
2022,2022-04-30,Reg Season,Saitama Seibu Lions,Away,L,2,Orix Buffaloes,2,9,2,"1,0,0,0,0,0,1,0,0",8,Kyocera Dome Osaka,14:01,02:58,17664,GAME20220430OBSL0160
2022,2022-04-30,Reg Season,Orix Buffaloes,Home,W,3,Saitama Seibu Lions,3,7,0,"1,0,0,0,0,1,0,1,x",8,Kyocera Dome Osaka,14:01,02:58,17664,GAME20220430OBSL0160
2022,2022-04-30,Reg Season,Fukuoka Softbank Hawks,Away,L,6,Tohoku Rakuten Golden Eagles,6,14,2,"2,0,0,0,1,2,0,0,1,0,0",4,Rakuten Seimei Park Miyagi,14:00,04:16,25602,GAME20220430RESH0165
2022,2022-04-30,Reg Season,Tohoku Rakuten Golden Eagles,Home,W,7,Fukuoka Softbank Hawks,7,8,2,"0,0,0,0,2,0,0,0,4,0,1x",4,Rakuten Seimei Park Miyagi,14:00,04:16,25602,GAME20220430RESH0165
2022,2022-04-30,Reg Season,Hanshin Tigers,Away,W,10,Yomiuri Giants,10,7,1,"0,0,0,1,0,1,6,2,0",8,Tokyo Dome,14:00,03:43,40024,GAME20220430YGHT0164
2022,2022-04-30,Reg Season,Yomiuri Giants,Home,L,3,Hanshin Tigers,3,8,1,"0,2,0,0,0,0,1,0,0",8,Tokyo Dome,14:00,03:43,40024,GAME20220430YGHT0164
2022,2022-04-30,Reg Season,Yokohama DeNA Baystars,Away,L,0,Tokyo Yakult Swallows,0,6,0,"0,0,0,0,0,0,0,0,0",6,Meiji Jingu Stadium,18:00,02:52,23907,GAME20220430YSDB0161
2022,2022-04-30,Reg Season,Tokyo Yakult Swallows,Home,W,2,Yokohama DeNA Baystars,2,5,1,"0,0,1,0,0,1,0,0,x",6,Meiji Jingu Stadium,18:00,02:52,23907,GAME20220430YSDB0161
2022,2022-05-01,Reg Season,Hiroshima Toyo Carp,Away,L,0,Chunichi Dragons,0,5,1,"0,0,0,0,0,0,0,0,0",8,Vantelin Dome Nagoya,14:00,03:04,31320,GAME20220501CDHC0168
2022,2022-05-01,Reg Season,Chunichi Dragons,Home,W,4,Hiroshima Toyo Carp,4,9,1,"0,0,2,0,0,1,0,1,x",8,Vantelin Dome Nagoya,14:00,03:04,31320,GAME20220501CDHC0168
2022,2022-05-01,Reg Season,Hokkaido Nippon-Ham Fighters,Away,W,9,Chiba Lotte Marines,9,11,0,"0,0,0,9,0,0,0,0,0",6,ZOZO Marine Stadium,14:00,03:07,28485,GAME20220501LMNF0167
2022,2022-05-01,Reg Season,Chiba Lotte Marines,Home,L,3,Hokkaido Nippon-Ham Fighters,3,8,2,"0,0,0,0,0,3,0,0,0",6,ZOZO Marine Stadium,14:00,03:07,28485,GAME20220501LMNF0167
2022,2022-05-01,Reg Season,Saitama Seibu Lions,Away,W,2,Orix Buffaloes,2,8,0,"0,1,0,0,0,0,0,0,1",9,Kyocera Dome Osaka,13:01,03:14,19468,GAME20220501OBSL0166
2022,2022-05-01,Reg Season,Orix Buffaloes,Home,L,1,Saitama Seibu Lions,1,9,0,"0,1,0,0,0,0,0,0,0",9,Kyocera Dome Osaka,13:01,03:14,19468,GAME20220501OBSL0166
2022,2022-05-01,Reg Season,Fukuoka Softbank Hawks,Away,L,1,Tohoku Rakuten Golden Eagles,1,9,1,"0,0,0,0,1,0,,,",5,Rakuten Seimei Park Miyagi,13:00,02:30,24250,GAME20220501RESH0170
2022,2022-05-01,Reg Season,Tohoku Rakuten Golden Eagles,Home,W,2,Fukuoka Softbank Hawks,2,5,0,"0,0,1,1,0,0x,,,",5,Rakuten Seimei Park Miyagi,13:00,02:30,24250,GAME20220501RESH0170
2022,2022-05-01,Reg Season,Hanshin Tigers,Away,W,8,Yomiuri Giants,8,15,0,"0,0,0,0,0,2,0,4,2",9,Tokyo Dome,14:00,03:09,40128,GAME20220501YGHT0169
2022,2022-05-01,Reg Season,Yomiuri Giants,Home,L,1,Hanshin Tigers,1,4,0,"0,1,0,0,0,0,0,0,0",9,Tokyo Dome,14:00,03:09,40128,GAME20220501YGHT0169
2022,2022-05-03,Reg Season,Chunichi Dragons,Away,W,7,Yokohama DeNA Baystars,7,11,0,"0,0,3,0,1,0,0,3,0",4,Yokohama Stadium,14:00,03:47,31614,GAME20220503DBCD0172
2022,2022-05-03,Reg Season,Yokohama DeNA Baystars,Home,L,3,Chunichi Dragons,3,6,3,"0,2,0,0,0,1,0,0,0",4,Yokohama Stadium,14:00,03:47,31614,GAME20220503DBCD0172
2022,2022-05-03,Reg Season,Yomiuri Giants,Away,L,3,Hiroshima Toyo Carp,3,9,4,"0,0,1,0,0,0,0,2,0",7,MAZDA Zoom-Zoom Stadium Hiroshima,14:00,02:49,30580,GAME20220503HCYG0173
2022,2022-05-03,Reg Season,Hiroshima Toyo Carp,Home,W,12,Yomiuri Giants,12,13,0,"6,3,0,3,0,0,0,0,x",7,MAZDA Zoom-Zoom Stadium Hiroshima,14:00,02:49,30580,GAME20220503HCYG0173
2022,2022-05-03,Reg Season,Tokyo Yakult Swallows,Away,W,3,Hanshin Tigers,3,4,0,"2,1,0,0,0,0,0,0,0",7,Hanshin Koshien Stadium,14:03,02:24,42483,GAME20220503HTYS0175
2022,2022-05-03,Reg Season,Hanshin Tigers,Home,L,0,Tokyo Yakult Swallows,0,6,1,"0,0,0,0,0,0,0,0,0",7,Hanshin Koshien Stadium,14:03,02:24,42483,GAME20220503HTYS0175
2022,2022-05-03,Reg Season,Tohoku Rakuten Golden Eagles,Away,W,2,Hokkaido Nippon-Ham Fighters,2,6,0,"0,2,0,0,0,0,0,0,0",7,Sapporo Dome,14:00,02:56,20087,GAME20220503NFRE0174
2022,2022-05-03,Reg Season,Hokkaido Nippon-Ham Fighters,Home,L,1,Tohoku Rakuten Golden Eagles,1,6,0,"0,0,0,0,0,0,0,0,1",7,Sapporo Dome,14:00,02:56,20087,GAME20220503NFRE0174
2022,2022-05-03,Reg Season,Orix Buffaloes,Away,L,3,Fukuoka Softbank Hawks,3,7,1,"0,0,0,1,2,0,0,0,0",7,Mizuho PayPay Dome Fukuoka,14:00,03:39,33102,GAME20220503SHOB0171
2022,2022-05-03,Reg Season,Fukuoka Softbank Hawks,Home,W,7,Orix Buffaloes,7,11,2,"0,0,1,2,0,4,0,0,x",7,Mizuho PayPay Dome Fukuoka,14:00,03:39,33102,GAME20220503SHOB0171
2022,2022-05-03,Reg Season,Chiba Lotte Marines,Away,L,2,Saitama Seibu Lions,2,8,0,"0,0,1,1,0,0,0,0,0",6,Belluna Dome,13:00,02:58,21592,GAME20220503SLLM0176
2022,2022-05-03,Reg Season,Saitama Seibu Lions,Home,W,4,Chiba Lotte Marines,4,9,1,"0,0,3,0,0,0,0,1,x",6,Belluna Dome,13:00,02:58,21592,GAME20220503SLLM0176
2022,2022-05-04,Reg Season,Chunichi Dragons,Away,L,1,Yokohama DeNA Baystars,1,5,0,"0,0,0,0,0,0,1,0,0",5,Yokohama Stadium,14:00,02:57,29300,GAME20220504DBCD0178
2022,2022-05-04,Reg Season,Yokohama DeNA Baystars,Home,W,7,Chunichi Dragons,7,11,0,"0,0,0,2,1,0,4,0,x",5,Yokohama Stadium,14:00,02:57,29300,GAME20220504DBCD0178
2022,2022-05-04,Reg Season,Yomiuri Giants,Away,W,6,Hiroshima Toyo Carp,6,10,1,"0,0,0,0,0,3,1,2,0",8,MAZDA Zoom-Zoom Stadium Hiroshima,14:00,03:35,30534,GAME20220504HCYG0179
2022,2022-05-04,Reg Season,Hiroshima Toyo Carp,Home,L,3,Yomiuri Giants,3,8,0,"0,0,0,0,3,0,0,0,0",8,MAZDA Zoom-Zoom Stadium Hiroshima,14:00,03:35,30534,GAME20220504HCYG0179
2022,2022-05-04,Reg Season,Tokyo Yakult Swallows,Away,W,3,Hanshin Tigers,3,6,1,"0,0,1,0,0,2,0,0,0",8,Hanshin Koshien Stadium,14:01,02:58,42435,GAME20220504HTYS0181
2022,2022-05-04,Reg Season,Hanshin Tigers,Home,L,0,Tokyo Yakult Swallows,0,6,1,"0,0,0,0,0,0,0,0,0",8,Hanshin Koshien Stadium,14:01,02:58,42435,GAME20220504HTYS0181
2022,2022-05-04,Reg Season,Tohoku Rakuten Golden Eagles,Away,W,5,Hokkaido Nippon-Ham Fighters,5,12,0,"0,0,4,0,0,0,0,0,1",8,Sapporo Dome,14:00,03:01,20184,GAME20220504NFRE0180
2022,2022-05-04,Reg Season,Hokkaido Nippon-Ham Fighters,Home,L,1,Tohoku Rakuten Golden Eagles,1,5,1,"0,0,0,0,0,0,1,0,0",8,Sapporo Dome,14:00,03:01,20184,GAME20220504NFRE0180
2022,2022-05-04,Reg Season,Orix Buffaloes,Away,L,1,Fukuoka Softbank Hawks,1,5,0,"0,1,0,0,0,0,0,0,0",8,Mizuho PayPay Dome Fukuoka,13:00,03:12,31736,GAME20220504SHOB0177
2022,2022-05-04,Reg Season,Fukuoka Softbank Hawks,Home,W,2,Orix Buffaloes,2,13,0,"1,0,0,0,0,0,1,0,x",8,Mizuho PayPay Dome Fukuoka,13:00,03:12,31736,GAME20220504SHOB0177
2022,2022-05-04,Reg Season,Chiba Lotte Marines,Away,W,7,Saitama Seibu Lions,7,9,0,"5,0,2,0,0,0,0,0,0",7,Belluna Dome,13:00,03:19,19827,GAME20220504SLLM0182
2022,2022-05-04,Reg Season,Saitama Seibu Lions,Home,L,5,Chiba Lotte Marines,5,10,1,"0,0,0,0,4,0,0,0,1",7,Belluna Dome,13:00,03:19,19827,GAME20220504SLLM0182
2022,2022-05-05,Reg Season,Chunichi Dragons,Away,L,2,Yokohama DeNA Baystars,2,8,1,"0,0,0,1,0,0,0,0,1",6,Yokohama Stadium,14:00,03:02,25593,GAME20220505DBCD0184
2022,2022-05-05,Reg Season,Yokohama DeNA Baystars,Home,W,10,Chunichi Dragons,10,13,0,"3,0,0,2,2,0,0,3,x",6,Yokohama Stadium,14:00,03:02,25593,GAME20220505DBCD0184
2022,2022-05-05,Reg Season,Yomiuri Giants,Away,L,0,Hiroshima Toyo Carp,0,1,1,"0,0,0,0,0,0,0,0,0",9,MAZDA Zoom-Zoom Stadium Hiroshima,14:00,02:28,30578,GAME20220505HCYG0185
2022,2022-05-05,Reg Season,Hiroshima Toyo Carp,Home,W,3,Yomiuri Giants,3,7,0,"0,0,0,0,1,1,0,1,x",9,MAZDA Zoom-Zoom Stadium Hiroshima,14:00,02:28,30578,GAME20220505HCYG0185
2022,2022-05-05,Reg Season,Tokyo Yakult Swallows,Away,L,2,Hanshin Tigers,2,7,0,"1,0,1,0,0,0,0,0,0",9,Hanshin Koshien Stadium,14:01,03:30,42417,GAME20220505HTYS0187
2022,2022-05-05,Reg Season,Hanshin Tigers,Home,W,3,Tokyo Yakult Swallows,3,9,1,"0,0,1,0,1,0,0,0,1x",9,Hanshin Koshien Stadium,14:01,03:30,42417,GAME20220505HTYS0187
2022,2022-05-05,Reg Season,Tohoku Rakuten Golden Eagles,Away,W,8,Hokkaido Nippon-Ham Fighters,8,12,0,"0,1,0,3,0,2,1,0,1",9,Sapporo Dome,13:00,03:08,16420,GAME20220505NFRE0186
2022,2022-05-05,Reg Season,Hokkaido Nippon-Ham Fighters,Home,L,4,Tohoku Rakuten Golden Eagles,4,7,2,"2,1,0,1,0,0,0,0,0",9,Sapporo Dome,13:00,03:08,16420,GAME20220505NFRE0186
2022,2022-05-05,Reg Season,Orix Buffaloes,Away,L,3,Fukuoka Softbank Hawks,3,6,2,"0,0,0,1,0,0,0,0,2",9,Mizuho PayPay Dome Fukuoka,13:00,03:04,30254,GAME20220505SHOB0183
2022,2022-05-05,Reg Season,Fukuoka Softbank Hawks,Home,W,9,Orix Buffaloes,9,9,1,"0,0,1,0,0,2,6,0,x",9,Mizuho PayPay Dome Fukuoka,13:00,03:04,30254,GAME20220505SHOB0183
2022,2022-05-05,Reg Season,Chiba Lotte Marines,Away,L,0,Saitama Seibu Lions,0,4,1,"0,0,0,0,0,0,0,0,0",8,Belluna Dome,13:00,02:26,23646,GAME20220505SLLM0188
2022,2022-05-05,Reg Season,Saitama Seibu Lions,Home,W,7,Chiba Lotte Marines,7,9,0,"0,0,1,0,0,3,0,3,x",8,Belluna Dome,13:00,02:26,23646,GAME20220505SLLM0188
2022,2022-05-06,Reg Season,Hanshin Tigers,Away,L,0,Chunichi Dragons,0,1,0,"0,0,0,0,0,0,0,0,0,0",6,Vantelin Dome Nagoya,18:00,02:36,25397,GAME20220506CDHT0191
2022,2022-05-06,Reg Season,Chunichi Dragons,Home,W,1,Hanshin Tigers,1,5,0,"0,0,0,0,0,0,0,0,0,1x",6,Vantelin Dome Nagoya,18:00,02:36,25397,GAME20220506CDHT0191
2022,2022-05-06,Reg Season,Yokohama DeNA Baystars,Away,W,4,Hiroshima Toyo Carp,4,11,1,"3,0,0,0,0,0,0,0,0,0,1",7,MAZDA Zoom-Zoom Stadium Hiroshima,18:00,04:18,27686,GAME20220506HCDB0193
2022,2022-05-06,Reg Season,Hiroshima Toyo Carp,Home,L,3,Yokohama DeNA Baystars,3,10,0,"2,0,1,0,0,0,0,0,0,0,0",7,MAZDA Zoom-Zoom Stadium Hiroshima,18:00,04:18,27686,GAME20220506HCDB0193
2022,2022-05-06,Reg Season,Fukuoka Softbank Hawks,Away,W,5,Chiba Lotte Marines,5,14,2,"0,0,0,1,0,0,0,0,2,0,2",6,ZOZO Marine Stadium,18:00,04:18,29340,GAME20220506LMSH0190
2022,2022-05-06,Reg Season,Chiba Lotte Marines,Home,L,3,Fukuoka Softbank Hawks,3,10,0,"0,0,0,0,3,0,0,0,0,0,0",6,ZOZO Marine Stadium,18:00,04:18,29340,GAME20220506LMSH0190
2022,2022-05-06,Reg Season,Tohoku Rakuten Golden Eagles,Away,W,3,Orix Buffaloes,3,5,0,"1,0,0,0,0,0,0,1,1",4,Kyocera Dome Osaka,18:01,02:55,16430,GAME20220506OBRE0189
2022,2022-05-06,Reg Season,Orix Buffaloes,Home,L,2,Tohoku Rakuten Golden Eagles,2,8,0,"2,0,0,0,0,0,0,0,0",4,Kyocera Dome Osaka,18:01,02:55,16430,GAME20220506OBRE0189
2022,2022-05-06,Reg Season,Hokkaido Nippon-Ham Fighters,Away,L,0,Saitama Seibu Lions,0,4,0,"0,0,0,0,0,0,0,0,0",6,Belluna Dome,18:00,02:54,15668,GAME20220506SLNF0194
2022,2022-05-06,Reg Season,Saitama Seibu Lions,Home,W,5,Hokkaido Nippon-Ham Fighters,5,8,3,"0,0,0,0,0,2,1,2,x",6,Belluna Dome,18:00,02:54,15668,GAME20220506SLNF0194
2022,2022-05-06,Reg Season,Tokyo Yakult Swallows,Away,W,13,Yomiuri Giants,13,18,0,"0,1,4,0,1,1,1,3,2",7,Tokyo Dome,18:00,03:11,31336,GAME20220506YGYS0192
2022,2022-05-06,Reg Season,Yomiuri Giants,Home,L,2,Tokyo Yakult Swallows,2,8,1,"1,0,1,0,0,0,0,0,0",7,Tokyo Dome,18:00,03:11,31336,GAME20220506YGYS0192
2022,2022-05-07,Reg Season,Hanshin Tigers,Away,L,1,Chunichi Dragons,1,5,0,"0,1,0,0,0,0,0,0,0",7,Vantelin Dome Nagoya,14:00,02:23,36177,GAME20220507CDHT0197
2022,2022-05-07,Reg Season,Chunichi Dragons,Home,W,2,Hanshin Tigers,2,6,0,"1,0,1,0,0,0,0,0,x",7,Vantelin Dome Nagoya,14:00,02:23,36177,GAME20220507CDHT0197
2022,2022-05-07,Reg Season,Yokohama DeNA Baystars,Away,L,1,Hiroshima Toyo Carp,1,5,1,"0,0,0,0,1,0,0,0,0,0",8,MAZDA Zoom-Zoom Stadium Hiroshima,14:00,03:26,30480,GAME20220507HCDB0199
2022,2022-05-07,Reg Season,Hiroshima Toyo Carp,Home,W,2,Yokohama DeNA Baystars,2,7,0,"0,0,0,0,0,0,1,0,0,1x",8,MAZDA Zoom-Zoom Stadium Hiroshima,14:00,03:26,30480,GAME20220507HCDB0199
2022,2022-05-07,Reg Season,Fukuoka Softbank Hawks,Away,W,16,Chiba Lotte Marines,16,20,0,"1,1,3,0,1,0,0,2,8",7,ZOZO Marine Stadium,14:00,03:12,27296,GAME20220507LMSH0196
2022,2022-05-07,Reg Season,Chiba Lotte Marines,Home,L,0,Fukuoka Softbank Hawks,0,3,1,"0,0,0,0,0,0,0,0,0",7,ZOZO Marine Stadium,14:00,03:12,27296,GAME20220507LMSH0196
2022,2022-05-07,Reg Season,Tohoku Rakuten Golden Eagles,Away,W,7,Orix Buffaloes,7,16,0,"0,1,1,0,0,1,2,2,0",5,Kyocera Dome Osaka,14:01,03:23,18340,GAME20220507OBRE0195
2022,2022-05-07,Reg Season,Orix Buffaloes,Home,L,1,Tohoku Rakuten Golden Eagles,1,7,0,"0,0,0,1,0,0,0,0,0",5,Kyocera Dome Osaka,14:01,03:23,18340,GAME20220507OBRE0195
2022,2022-05-07,Reg Season,Hokkaido Nippon-Ham Fighters,Away,W,3,Saitama Seibu Lions,3,7,0,"0,0,0,0,1,2,0,0,0",7,Belluna Dome,14:00,03:11,21577,GAME20220507SLNF0200
2022,2022-05-07,Reg Season,Saitama Seibu Lions,Home,L,2,Hokkaido Nippon-Ham Fighters,2,4,2,"0,0,1,1,0,0,0,0,0",7,Belluna Dome,14:00,03:11,21577,GAME20220507SLNF0200
2022,2022-05-07,Reg Season,Tokyo Yakult Swallows,Away,W,6,Yomiuri Giants,6,6,0,"2,0,4,0,0,0,0,0,0",8,Tokyo Dome,14:00,03:12,37891,GAME20220507YGYS0198
2022,2022-05-07,Reg Season,Yomiuri Giants,Home,L,2,Tokyo Yakult Swallows,2,7,1,"0,0,0,0,2,0,0,0,0",8,Tokyo Dome,14:00,03:12,37891,GAME20220507YGYS0198
2022,2022-05-08,Reg Season,Hanshin Tigers,Away,W,4,Chunichi Dragons,4,7,1,"0,0,1,0,0,0,2,1,0",8,Vantelin Dome Nagoya,14:00,03:04,29772,GAME20220508CDHT0203
2022,2022-05-08,Reg Season,Chunichi Dragons,Home,L,3,Hanshin Tigers,3,7,1,"0,0,0,0,2,1,0,0,0",8,Vantelin Dome Nagoya,14:00,03:04,29772,GAME20220508CDHT0203
2022,2022-05-08,Reg Season,Yokohama DeNA Baystars,Away,L,3,Hiroshima Toyo Carp,3,7,0,"0,0,0,0,0,2,0,1,0",9,MAZDA Zoom-Zoom Stadium Hiroshima,13:30,02:57,29575,GAME20220508HCDB0205
2022,2022-05-08,Reg Season,Hiroshima Toyo Carp,Home,W,17,Yokohama DeNA Baystars,17,21,2,"3,0,4,6,2,1,1,0,x",9,MAZDA Zoom-Zoom Stadium Hiroshima,13:30,02:57,29575,GAME20220508HCDB0205
2022,2022-05-08,Reg Season,Fukuoka Softbank Hawks,Away,W,8,Chiba Lotte Marines,8,13,0,"1,0,2,3,2,0,0,0,0",8,ZOZO Marine Stadium,13:00,03:09,25911,GAME20220508LMSH0202
2022,2022-05-08,Reg Season,Chiba Lotte Marines,Home,L,4,Fukuoka Softbank Hawks,4,5,0,"2,0,0,0,0,2,0,0,0",8,ZOZO Marine Stadium,13:00,03:09,25911,GAME20220508LMSH0202
2022,2022-05-08,Reg Season,Tohoku Rakuten Golden Eagles,Away,W,2,Orix Buffaloes,2,9,1,"0,0,1,0,0,0,0,0,0,1",6,Kyocera Dome Osaka,14:00,03:26,16296,GAME20220508OBRE0201
2022,2022-05-08,Reg Season,Orix Buffaloes,Home,L,1,Tohoku Rakuten Golden Eagles,1,4,1,"0,1,0,0,0,0,0,0,0,0",6,Kyocera Dome Osaka,14:00,03:26,16296,GAME20220508OBRE0201
2022,2022-05-08,Reg Season,Hokkaido Nippon-Ham Fighters,Away,L,1,Saitama Seibu Lions,1,5,1,"0,0,0,1,0,0,0,0,0",8,Belluna Dome,13:00,03:02,18793,GAME20220508SLNF0206
2022,2022-05-08,Reg Season,Saitama Seibu Lions,Home,W,5,Hokkaido Nippon-Ham Fighters,5,7,0,"2,0,3,0,0,0,0,0,x",8,Belluna Dome,13:00,03:02,18793,GAME20220508SLNF0206
2022,2022-05-08,Reg Season,Tokyo Yakult Swallows,Away,W,4,Yomiuri Giants,4,8,1,"0,0,0,1,0,0,1,0,2",9,Tokyo Dome,14:00,03:12,36772,GAME20220508YGYS0204
2022,2022-05-08,Reg Season,Yomiuri Giants,Home,L,3,Tokyo Yakult Swallows,3,6,0,"0,0,0,1,0,2,0,0,0",9,Tokyo Dome,14:00,03:12,36772,GAME20220508YGYS0204
2022,2022-05-10,Reg Season,Yomiuri Giants,Away,L,1,Yokohama DeNA Baystars,1,4,0,"0,0,1,0,0,0,0,0,0",6,HARD OFF ECO Stadium Niigata,18:01,02:32,16352,GAME20220510DBYG0207
2022,2022-05-10,Reg Season,Yokohama DeNA Baystars,Home,W,3,Yomiuri Giants,3,7,0,"3,0,0,0,0,0,0,0,x",6,HARD OFF ECO Stadium Niigata,18:01,02:32,16352,GAME20220510DBYG0207
2022,2022-05-10,Reg Season,Hiroshima Toyo Carp,Away,W,3,Hanshin Tigers,3,9,0,"0,0,0,0,0,2,0,1,0",7,Hanshin Koshien Stadium,18:01,02:55,31560,GAME20220510HTHC0211
2022,2022-05-10,Reg Season,Hanshin Tigers,Home,L,0,Hiroshima Toyo Carp,0,5,0,"0,0,0,0,0,0,0,0,0",7,Hanshin Koshien Stadium,18:01,02:55,31560,GAME20220510HTHC0211
2022,2022-05-10,Reg Season,Orix Buffaloes,Away,W,4,Hokkaido Nippon-Ham Fighters,4,9,1,"2,0,1,0,0,0,0,0,1",7,Sapporo Dome,18:01,03:28,10356,GAME20220510NFOB0209
2022,2022-05-10,Reg Season,Hokkaido Nippon-Ham Fighters,Home,L,2,Orix Buffaloes,2,7,2,"0,0,0,2,0,0,0,0,0",7,Sapporo Dome,18:01,03:28,10356,GAME20220510NFOB0209
2022,2022-05-10,Reg Season,Chiba Lotte Marines,Away,L,0,Tohoku Rakuten Golden Eagles,0,4,0,"0,0,0,0,0,0,0,0,0",6,Rakuten Seimei Park Miyagi,18:01,02:54,22005,GAME20220510RELM0210
2022,2022-05-10,Reg Season,Tohoku Rakuten Golden Eagles,Home,W,7,Chiba Lotte Marines,7,9,0,"0,0,0,0,2,0,0,5,x",6,Rakuten Seimei Park Miyagi,18:01,02:54,22005,GAME20220510RELM0210
2022,2022-05-10,Reg Season,Chunichi Dragons,Away,W,1,Tokyo Yakult Swallows,1,7,1,"0,0,0,1,0,0,0,0,0",6,Meiji Jingu Stadium,18:00,03:09,12926,GAME20220510YSCD0208
2022,2022-05-10,Reg Season,Tokyo Yakult Swallows,Home,L,0,Chunichi Dragons,0,7,0,"0,0,0,0,0,0,0,0,0",6,Meiji Jingu Stadium,18:00,03:09,12926,GAME20220510YSCD0208
2022,2022-05-11,Reg Season,Hiroshima Toyo Carp,Away,W,3,Hanshin Tigers,3,11,1,"1,0,0,0,0,2,0,0,0",8,Hanshin Koshien Stadium,18:01,03:12,30917,GAME20220511HTHC0216
2022,2022-05-11,Reg Season,Hanshin Tigers,Home,L,2,Hiroshima Toyo Carp,2,8,1,"2,0,0,0,0,0,0,0,0",8,Hanshin Koshien Stadium,18:01,03:12,30917,GAME20220511HTHC0216
2022,2022-05-11,Reg Season,Orix Buffaloes,Away,L,2,Hokkaido Nippon-Ham Fighters,2,5,3,"0,0,0,0,1,1,0,0,0",8,Sapporo Dome,18:00,03:27,10308,GAME20220511NFOB0214
2022,2022-05-11,Reg Season,Hokkaido Nippon-Ham Fighters,Home,W,5,Orix Buffaloes,5,12,0,"2,3,0,0,0,0,0,0,x",8,Sapporo Dome,18:00,03:27,10308,GAME20220511NFOB0214
2022,2022-05-11,Reg Season,Chiba Lotte Marines,Away,W,3,Tohoku Rakuten Golden Eagles,3,5,0,"0,0,0,3,0,0,0,0,0",7,Rakuten Seimei Park Miyagi,14:00,03:06,23110,GAME20220511RELM0215
2022,2022-05-11,Reg Season,Tohoku Rakuten Golden Eagles,Home,L,1,Chiba Lotte Marines,1,7,0,"0,0,0,0,0,0,0,1,0",7,Rakuten Seimei Park Miyagi,14:00,03:06,23110,GAME20220511RELM0215
2022,2022-05-11,Reg Season,Saitama Seibu Lions,Away,L,0,Fukuoka Softbank Hawks,0,0,0,"0,0,0,0,0,0,0,0,0",7,Mizuho PayPay Dome Fukuoka,18:00,02:37,27420,GAME20220511SHSL0212
2022,2022-05-11,Reg Season,Fukuoka Softbank Hawks,Home,W,2,Saitama Seibu Lions,2,8,0,"0,0,2,0,0,0,0,0,x",7,Mizuho PayPay Dome Fukuoka,18:00,02:37,27420,GAME20220511SHSL0212
2022,2022-05-11,Reg Season,Chunichi Dragons,Away,W,2,Tokyo Yakult Swallows,2,10,1,"0,1,0,0,0,0,0,0,1",7,Meiji Jingu Stadium,18:00,02:53,13996,GAME20220511YSCD0213
2022,2022-05-11,Reg Season,Tokyo Yakult Swallows,Home,L,0,Chunichi Dragons,0,1,0,"0,0,0,0,0,0,0,0,0",7,Meiji Jingu Stadium,18:00,02:53,13996,GAME20220511YSCD0213
2022,2022-05-12,Reg Season,Yomiuri Giants,Away,W,4,Yokohama DeNA Baystars,4,9,2,"0,0,2,0,0,0,0,2,0",7,Yokohama Stadium,18:00,03:10,18821,GAME20220512DBYG0217
2022,2022-05-12,Reg Season,Yokohama DeNA Baystars,Home,L,1,Yomiuri Giants,1,6,0,"1,0,0,0,0,0,0,0,0",7,Yokohama Stadium,18:00,03:10,18821,GAME20220512DBYG0217
2022,2022-05-12,Reg Season,Chiba Lotte Marines,Away,W,5,Tohoku Rakuten Golden Eagles,5,10,0,"0,2,0,1,0,0,1,1,0",8,Rakuten Seimei Park Miyagi,14:00,03:09,20089,GAME20220512RELM0219
2022,2022-05-12,Reg Season,Tohoku Rakuten Golden Eagles,Home,L,2,Chiba Lotte Marines,2,8,0,"0,0,0,0,2,0,0,0,0",8,Rakuten Seimei Park Miyagi,14:00,03:09,20089,GAME20220512RELM0219
2022,2022-05-12,Reg Season,Chunichi Dragons,Away,L,1,Tokyo Yakult Swallows,1,8,1,"0,0,0,0,0,1,0,0,0",8,Meiji Jingu Stadium,18:00,02:58,12101,GAME20220512YSCD0218
2022,2022-05-12,Reg Season,Tokyo Yakult Swallows,Home,W,3,Chunichi Dragons,3,7,0,"2,0,0,0,1,0,0,0,x",8,Meiji Jingu Stadium,18:00,02:58,12101,GAME20220512YSCD0218
2022,2022-05-13,Reg Season,Fukuoka Softbank Hawks,Away,L,0,Hokkaido Nippon-Ham Fighters,0,3,0,"0,0,0,0,0,0,0,0,0",7,Sapporo Dome,18:00,02:29,9526,GAME20220513NFSH0222
2022,2022-05-13,Reg Season,Hokkaido Nippon-Ham Fighters,Home,W,1,Fukuoka Softbank Hawks,1,4,0,"0,0,0,1,0,0,0,0,x",7,Sapporo Dome,18:00,02:29,9526,GAME20220513NFSH0222
2022,2022-05-13,Reg Season,Chiba Lotte Marines,Away,W,4,Orix Buffaloes,4,5,0,"1,0,1,0,0,0,0,2,0",7,Kyocera Dome Osaka,18:02,02:54,19671,GAME20220513OBLM0220
2022,2022-05-13,Reg Season,Orix Buffaloes,Home,L,1,Chiba Lotte Marines,1,8,0,"0,0,1,0,0,0,0,0,0",7,Kyocera Dome Osaka,18:02,02:54,19671,GAME20220513OBLM0220
2022,2022-05-13,Reg Season,Tohoku Rakuten Golden Eagles,Away,L,2,Saitama Seibu Lions,2,6,1,"0,0,0,0,0,2,0,0,0",6,Belluna Dome,18:01,02:59,10121,GAME20220513SLRE0223
2022,2022-05-13,Reg Season,Saitama Seibu Lions,Home,W,4,Tohoku Rakuten Golden Eagles,4,11,0,"0,1,0,0,0,2,0,1,x",6,Belluna Dome,18:01,02:59,10121,GAME20220513SLRE0223
2022,2022-05-13,Reg Season,Chunichi Dragons,Away,L,2,Yomiuri Giants,2,5,0,"0,1,0,0,0,1,0,0,0",7,Tokyo Dome,18:00,02:54,34852,GAME20220513YGCD0221
2022,2022-05-13,Reg Season,Yomiuri Giants,Home,W,5,Chunichi Dragons,5,9,0,"1,0,0,1,0,0,1,2,x",7,Tokyo Dome,18:00,02:54,34852,GAME20220513YGCD0221
2022,2022-05-14,Reg Season,Hanshin Tigers,Away,W,9,Yokohama DeNA Baystars,9,13,0,"2,0,2,0,3,2,0,0,0",6,Yokohama Stadium,14:00,02:56,32481,GAME20220514DBHT0225
2022,2022-05-14,Reg Season,Yokohama DeNA Baystars,Home,L,2,Hanshin Tigers,2,8,0,"1,0,0,0,1,0,0,0,0",6,Yokohama Stadium,14:00,02:56,32481,GAME20220514DBHT0225
2022,2022-05-14,Reg Season,Tokyo Yakult Swallows,Away,W,5,Hiroshima Toyo Carp,5,14,0,"1,0,0,0,0,1,0,2,1",5,MAZDA Zoom-Zoom Stadium Hiroshima,14:01,03:26,30518,GAME20220514HCYS0227
2022,2022-05-14,Reg Season,Hiroshima Toyo Carp,Home,L,3,Tokyo Yakult Swallows,3,8,1,"0,0,0,0,2,1,0,0,0",5,MAZDA Zoom-Zoom Stadium Hiroshima,14:01,03:26,30518,GAME20220514HCYS0227
2022,2022-05-14,Reg Season,Fukuoka Softbank Hawks,Away,L,0,Hokkaido Nippon-Ham Fighters,0,6,1,"0,0,0,0,0,0,0,0,0",8,Sapporo Dome,14:00,03:07,11825,GAME20220514NFSH0228
2022,2022-05-14,Reg Season,Hokkaido Nippon-Ham Fighters,Home,W,2,Fukuoka Softbank Hawks,2,8,0,"0,0,2,0,0,0,0,0,x",8,Sapporo Dome,14:00,03:07,11825,GAME20220514NFSH0228
2022,2022-05-14,Reg Season,Chiba Lotte Marines,Away,L,0,Orix Buffaloes,0,5,1,"0,0,0,0,0,0,0,0,0",8,Kyocera Dome Osaka,14:00,02:47,17671,GAME20220514OBLM0224
2022,2022-05-14,Reg Season,Orix Buffaloes,Home,W,1,Chiba Lotte Marines,1,2,0,"1,0,0,0,0,0,0,0,x",8,Kyocera Dome Osaka,14:00,02:47,17671,GAME20220514OBLM0224
2022,2022-05-14,Reg Season,Tohoku Rakuten Golden Eagles,Away,L,4,Saitama Seibu Lions,4,7,0,"0,1,1,0,2,0,0,0,0",7,Belluna Dome,14:00,03:04,12091,GAME20220514SLRE0229
2022,2022-05-14,Reg Season,Saitama Seibu Lions,Home,W,5,Tohoku Rakuten Golden Eagles,5,10,1,"0,1,0,0,0,0,4,0,x",7,Belluna Dome,14:00,03:04,12091,GAME20220514SLRE0229
2022,2022-05-14,Reg Season,Chunichi Dragons,Away,L,6,Yomiuri Giants,6,11,0,"1,2,0,0,1,1,0,0,1",8,Tokyo Dome,14:00,03:38,35194,GAME20220514YGCD0226
2022,2022-05-14,Reg Season,Yomiuri Giants,Home,W,7,Chunichi Dragons,7,10,1,"0,0,0,0,0,2,5,0,x",8,Tokyo Dome,14:00,03:38,35194,GAME20220514YGCD0226
2022,2022-05-15,Reg Season,Hanshin Tigers,Away,W,8,Yokohama DeNA Baystars,8,11,2,"0,2,2,0,2,1,0,0,1",7,Yokohama Stadium,14:00,03:47,32183,GAME20220515DBHT0231
2022,2022-05-15,Reg Season,Yokohama DeNA Baystars,Home,L,1,Hanshin Tigers,1,9,1,"0,0,0,1,0,0,0,0,0",7,Yokohama Stadium,14:00,03:47,32183,GAME20220515DBHT0231
2022,2022-05-15,Reg Season,Tokyo Yakult Swallows,Away,T,5,Hiroshima Toyo Carp,5,9,0,"2,0,0,0,0,3,0,0,0,0,0,0",6,MAZDA Zoom-Zoom Stadium Hiroshima,13:30,04:44,30420,GAME20220515HCYS0233
2022,2022-05-15,Reg Season,Hiroshima Toyo Carp,Home,T,5,Tokyo Yakult Swallows,5,12,0,"0,0,0,0,3,2,0,0,0,0,0,0",6,MAZDA Zoom-Zoom Stadium Hiroshima,13:30,04:44,30420,GAME20220515HCYS0233
2022,2022-05-15,Reg Season,Fukuoka Softbank Hawks,Away,L,2,Hokkaido Nippon-Ham Fighters,2,7,0,"2,0,0,0,0,0,0,0,0",9,Sapporo Dome,14:00,03:02,14479,GAME20220515NFSH0234
2022,2022-05-15,Reg Season,Hokkaido Nippon-Ham Fighters,Home,W,10,Fukuoka Softbank Hawks,10,12,0,"0,2,2,4,0,2,0,0,x",9,Sapporo Dome,14:00,03:02,14479,GAME20220515NFSH0234
2022,2022-05-15,Reg Season,Chiba Lotte Marines,Away,L,5,Orix Buffaloes,5,9,2,"0,0,0,0,3,0,2,0,0",9,Kyocera Dome Osaka,13:01,02:56,20275,GAME20220515OBLM0230
2022,2022-05-15,Reg Season,Orix Buffaloes,Home,W,8,Chiba Lotte Marines,8,11,1,"0,2,0,0,2,4,0,0,x",9,Kyocera Dome Osaka,13:01,02:56,20275,GAME20220515OBLM0230
2022,2022-05-15,Reg Season,Tohoku Rakuten Golden Eagles,Away,W,3,Saitama Seibu Lions,3,10,0,"0,0,0,2,0,0,0,0,1",8,Belluna Dome,13:00,03:36,21224,GAME20220515SLRE0235
2022,2022-05-15,Reg Season,Saitama Seibu Lions,Home,L,1,Tohoku Rakuten Golden Eagles,1,7,0,"0,0,1,0,0,0,0,0,0",8,Belluna Dome,13:00,03:36,21224,GAME20220515SLRE0235
2022,2022-05-15,Reg Season,Chunichi Dragons,Away,W,9,Yomiuri Giants,9,17,0,"0,4,1,0,0,3,0,1,0",9,Tokyo Dome,14:00,03:28,33940,GAME20220515YGCD0232
2022,2022-05-15,Reg Season,Yomiuri Giants,Home,L,3,Chunichi Dragons,3,9,2,"0,0,0,0,0,2,0,1,0",9,Tokyo Dome,14:00,03:28,33940,GAME20220515YGCD0232
2022,2022-05-17,Reg Season,Yokohama DeNA Baystars,Away,W,4,Chunichi Dragons,4,9,1,"0,0,0,1,0,1,0,2,0",7,Vantelin Dome Nagoya,18:00,02:41,16466,GAME20220517CDDB0239
2022,2022-05-17,Reg Season,Chunichi Dragons,Home,L,0,Yokohama DeNA Baystars,0,4,0,"0,0,0,0,0,0,0,0,0",7,Vantelin Dome Nagoya,18:00,02:41,16466,GAME20220517CDDB0239
2022,2022-05-17,Reg Season,Tohoku Rakuten Golden Eagles,Away,L,3,Chiba Lotte Marines,3,9,1,"0,1,0,2,0,0,0,0,0",9,ZOZO Marine Stadium,18:01,03:39,21001,GAME20220517LMRE0238
2022,2022-05-17,Reg Season,Chiba Lotte Marines,Home,W,6,Tohoku Rakuten Golden Eagles,6,14,1,"0,0,1,0,0,0,5,0,x",9,ZOZO Marine Stadium,18:01,03:39,21001,GAME20220517LMRE0238
2022,2022-05-17,Reg Season,Hokkaido Nippon-Ham Fighters,Away,L,0,Orix Buffaloes,0,4,1,"0,0,0,0,0,0,0,0,0",9,Kobe Athletic Park Baseball Field,18:01,03:20,21152,GAME20220517OBNF0236
2022,2022-05-17,Reg Season,Orix Buffaloes,Home,W,3,Hokkaido Nippon-Ham Fighters,3,9,1,"0,0,0,0,0,0,2,1,x",9,Kobe Athletic Park Baseball Field,18:01,03:20,21152,GAME20220517OBNF0236
2022,2022-05-17,Reg Season,Fukuoka Softbank Hawks,Away,W,5,Saitama Seibu Lions,5,6,1,"0,0,0,0,0,0,0,0,5",8,Okinawa Cellular Stadium Naha,18:31,03:30,9841,GAME20220517SLSH0241
2022,2022-05-17,Reg Season,Saitama Seibu Lions,Home,L,1,Fukuoka Softbank Hawks,1,6,2,"0,0,0,0,0,0,0,1,0",8,Okinawa Cellular Stadium Naha,18:31,03:30,9841,GAME20220517SLSH0241
2022,2022-05-17,Reg Season,Hiroshima Toyo Carp,Away,L,2,Yomiuri Giants,2,6,0,"0,2,0,0,0,0,0,0,0",10,Ube Municipal Baseball Stadium,18:00,02:35,14506,GAME20220517YGHC0240
2022,2022-05-17,Reg Season,Yomiuri Giants,Home,W,3,Hiroshima Toyo Carp,3,7,0,"0,0,0,0,0,0,0,0,3x",10,Ube Municipal Baseball Stadium,18:00,02:35,14506,GAME20220517YGHC0240
2022,2022-05-17,Reg Season,Hanshin Tigers,Away,L,1,Tokyo Yakult Swallows,1,4,0,"0,0,0,0,1,0,0,0,0",10,Meiji Jingu Stadium,18:00,02:51,14212,GAME20220517YSHT0237
2022,2022-05-17,Reg Season,Tokyo Yakult Swallows,Home,W,2,Hanshin Tigers,2,8,0,"0,0,0,0,0,0,0,0,2x",10,Meiji Jingu Stadium,18:00,02:51,14212,GAME20220517YSHT0237
2022,2022-05-18,Reg Season,Yokohama DeNA Baystars,Away,W,7,Chunichi Dragons,7,11,0,"0,0,4,1,0,0,2,0,0",8,Vantelin Dome Nagoya,18:00,03:17,21229,GAME20220518CDDB0245
2022,2022-05-18,Reg Season,Chunichi Dragons,Home,L,6,Yokohama DeNA Baystars,6,9,0,"0,0,0,2,0,3,0,1,0",8,Vantelin Dome Nagoya,18:00,03:17,21229,GAME20220518CDDB0245
2022,2022-05-18,Reg Season,Tohoku Rakuten Golden Eagles,Away,L,0,Chiba Lotte Marines,0,5,0,"0,0,0,0,0,0,0,0,0,0",10,ZOZO Marine Stadium,18:00,03:19,20084,GAME20220518LMRE0244
2022,2022-05-18,Reg Season,Chiba Lotte Marines,Home,W,1,Tohoku Rakuten Golden Eagles,1,3,1,"0,0,0,0,0,0,0,0,0,1x",10,ZOZO Marine Stadium,18:00,03:19,20084,GAME20220518LMRE0244
2022,2022-05-18,Reg Season,Hokkaido Nippon-Ham Fighters,Away,W,11,Orix Buffaloes,11,15,1,"0,0,0,2,1,3,5,0,0",10,Kobe Athletic Park Baseball Field,18:01,03:29,21198,GAME20220518OBNF0242
2022,2022-05-18,Reg Season,Orix Buffaloes,Home,L,4,Hokkaido Nippon-Ham Fighters,4,7,1,"0,0,0,0,3,1,0,0,0",10,Kobe Athletic Park Baseball Field,18:01,03:29,21198,GAME20220518OBNF0242
2022,2022-05-18,Reg Season,Fukuoka Softbank Hawks,Away,W,3,Saitama Seibu Lions,3,9,0,"1,0,0,0,1,0,1,0,0",9,Okinawa Cellular Stadium Naha,18:30,03:22,12404,GAME20220518SLSH0247
2022,2022-05-18,Reg Season,Saitama Seibu Lions,Home,L,2,Fukuoka Softbank Hawks,2,6,2,"0,0,0,0,0,2,0,0,0",9,Okinawa Cellular Stadium Naha,18:30,03:22,12404,GAME20220518SLSH0247
2022,2022-05-18,Reg Season,Hiroshima Toyo Carp,Away,L,2,Yomiuri Giants,2,9,0,"0,0,0,0,0,1,1,0,0",11,Tokyo Dome,18:00,03:13,28344,GAME20220518YGHC0246
2022,2022-05-18,Reg Season,Yomiuri Giants,Home,W,4,Hiroshima Toyo Carp,4,8,1,"0,1,0,0,3,0,0,0,x",11,Tokyo Dome,18:00,03:13,28344,GAME20220518YGHC0246
2022,2022-05-18,Reg Season,Hanshin Tigers,Away,W,8,Tokyo Yakult Swallows,8,8,0,"1,2,3,0,0,1,0,1,0",11,Meiji Jingu Stadium,18:00,02:41,15804,GAME20220518YSHT0243
2022,2022-05-18,Reg Season,Tokyo Yakult Swallows,Home,L,1,Hanshin Tigers,1,6,2,"0,0,0,0,0,1,0,0,0",11,Meiji Jingu Stadium,18:00,02:41,15804,GAME20220518YSHT0243
2022,2022-05-19,Reg Season,Tohoku Rakuten Golden Eagles,Away,W,7,Chiba Lotte Marines,7,5,0,"0,0,0,0,1,0,6,0,0",11,ZOZO Marine Stadium,18:00,03:11,19930,GAME20220519LMRE0249
2022,2022-05-19,Reg Season,Chiba Lotte Marines,Home,L,2,Tohoku Rakuten Golden Eagles,2,7,0,"0,1,0,1,0,0,0,0,0",11,ZOZO Marine Stadium,18:00,03:11,19930,GAME20220519LMRE0249
2022,2022-05-19,Reg Season,Hiroshima Toyo Carp,Away,L,1,Yomiuri Giants,1,5,1,"0,1,0,0,0,0,0,0,0",12,Tokyo Dome,18:00,03:09,27324,GAME20220519YGHC0250
2022,2022-05-19,Reg Season,Yomiuri Giants,Home,W,2,Hiroshima Toyo Carp,2,7,0,"0,0,1,0,0,0,1,0,x",12,Tokyo Dome,18:00,03:09,27324,GAME20220519YGHC0250
2022,2022-05-19,Reg Season,Hanshin Tigers,Away,L,0,Tokyo Yakult Swallows,0,4,3,"0,0,0,0,0,0,0,0,0",12,Meiji Jingu Stadium,18:01,03:04,15549,GAME20220519YSHT0248
2022,2022-05-19,Reg Season,Tokyo Yakult Swallows,Home,W,3,Hanshin Tigers,3,7,0,"0,0,0,0,1,0,2,0,x",12,Meiji Jingu Stadium,18:01,03:04,15549,GAME20220519YSHT0248
2022,2022-05-20,Reg Season,Tokyo Yakult Swallows,Away,L,1,Yokohama DeNA Baystars,1,6,0,"0,0,1,0,0,0,0,0,0",7,Yokohama Stadium,18:00,02:35,25126,GAME20220520DBYS0252
2022,2022-05-20,Reg Season,Yokohama DeNA Baystars,Home,W,3,Tokyo Yakult Swallows,3,9,0,"3,0,0,0,0,0,0,0,x",7,Yokohama Stadium,18:00,02:35,25126,GAME20220520DBYS0252
2022,2022-05-20,Reg Season,Chunichi Dragons,Away,L,5,Hiroshima Toyo Carp,5,7,1,"0,1,0,0,0,4,0,0,0",9,MAZDA Zoom-Zoom Stadium Hiroshima,18:00,03:00,25616,GAME20220520HCCD0253
2022,2022-05-20,Reg Season,Hiroshima Toyo Carp,Home,W,11,Chunichi Dragons,11,12,1,"4,0,1,0,5,0,0,1,x",9,MAZDA Zoom-Zoom Stadium Hiroshima,18:00,03:00,25616,GAME20220520HCCD0253
2022,2022-05-20,Reg Season,Yomiuri Giants,Away,W,6,Hanshin Tigers,6,13,1,"0,0,0,0,0,2,0,0,0,0,0,4",10,Hanshin Koshien Stadium,18:01,05:03,39180,GAME20220520HTYG0256
2022,2022-05-20,Reg Season,Hanshin Tigers,Home,L,2,Yomiuri Giants,2,6,1,"0,0,0,0,0,0,0,0,2,0,0,0",10,Hanshin Koshien Stadium,18:01,05:03,39180,GAME20220520HTYG0256
2022,2022-05-20,Reg Season,Saitama Seibu Lions,Away,L,3,Hokkaido Nippon-Ham Fighters,3,9,0,"2,0,0,0,0,0,0,1,0",9,Sapporo Dome,18:00,03:03,9731,GAME20220520NFSL0254
2022,2022-05-20,Reg Season,Hokkaido Nippon-Ham Fighters,Home,W,5,Saitama Seibu Lions,5,9,0,"0,1,0,0,0,0,4,0,x",9,Sapporo Dome,18:00,03:03,9731,GAME20220520NFSL0254
2022,2022-05-20,Reg Season,Orix Buffaloes,Away,W,1,Tohoku Rakuten Golden Eagles,1,8,0,"0,0,1,0,0,0,0,0,0",7,Rakuten Seimei Park Miyagi,18:00,03:01,17239,GAME20220520REOB0255
2022,2022-05-20,Reg Season,Tohoku Rakuten Golden Eagles,Home,L,0,Orix Buffaloes,0,8,0,"0,0,0,0,0,0,0,0,0",7,Rakuten Seimei Park Miyagi,18:00,03:01,17239,GAME20220520REOB0255
2022,2022-05-20,Reg Season,Chiba Lotte Marines,Away,W,8,Fukuoka Softbank Hawks,8,13,0,"2,0,2,0,0,0,0,3,1",9,Mizuho PayPay Dome Fukuoka,18:00,03:35,36956,GAME20220520SHLM0251
2022,2022-05-20,Reg Season,Fukuoka Softbank Hawks,Home,L,1,Chiba Lotte Marines,1,6,0,"0,0,0,0,0,1,0,0,0",9,Mizuho PayPay Dome Fukuoka,18:00,03:35,36956,GAME20220520SHLM0251
2022,2022-05-21,Reg Season,Tokyo Yakult Swallows,Away,W,9,Yokohama DeNA Baystars,9,9,0,"1,3,0,0,0,0,0,0,5",8,Yokohama Stadium,14:00,03:20,24873,GAME20220521DBYS0258
2022,2022-05-21,Reg Season,Yokohama DeNA Baystars,Home,L,2,Tokyo Yakult Swallows,2,8,0,"0,2,0,0,0,0,0,0,0",8,Yokohama Stadium,14:00,03:20,24873,GAME20220521DBYS0258
2022,2022-05-21,Reg Season,Chunichi Dragons,Away,L,1,Hiroshima Toyo Carp,1,8,1,"0,0,0,0,0,0,0,1,0",10,MAZDA Zoom-Zoom Stadium Hiroshima,14:00,02:59,30132,GAME20220521HCCD0259
2022,2022-05-21,Reg Season,Hiroshima Toyo Carp,Home,W,10,Chunichi Dragons,10,16,0,"3,6,0,0,0,1,0,0,x",10,MAZDA Zoom-Zoom Stadium Hiroshima,14:00,02:59,30132,GAME20220521HCCD0259
2022,2022-05-21,Reg Season,Yomiuri Giants,Away,L,1,Hanshin Tigers,1,6,1,"0,0,0,0,0,0,0,0,1",11,Hanshin Koshien Stadium,14:00,03:23,42445,GAME20220521HTYG0262
2022,2022-05-21,Reg Season,Hanshin Tigers,Home,W,2,Yomiuri Giants,2,7,0,"1,1,0,0,0,0,0,0,x",11,Hanshin Koshien Stadium,14:00,03:23,42445,GAME20220521HTYG0262
2022,2022-05-21,Reg Season,Saitama Seibu Lions,Away,L,0,Hokkaido Nippon-Ham Fighters,0,2,1,"0,0,0,0,0,0,0,0,0",10,Sapporo Dome,14:00,03:03,12988,GAME20220521NFSL0260
2022,2022-05-21,Reg Season,Hokkaido Nippon-Ham Fighters,Home,W,4,Saitama Seibu Lions,4,10,1,"1,2,0,0,0,0,1,0,x",10,Sapporo Dome,14:00,03:03,12988,GAME20220521NFSL0260
2022,2022-05-21,Reg Season,Orix Buffaloes,Away,W,6,Tohoku Rakuten Golden Eagles,6,12,0,"0,2,1,1,0,0,0,2,0",8,Rakuten Seimei Park Miyagi,14:00,03:28,18306,GAME20220521REOB0261
2022,2022-05-21,Reg Season,Tohoku Rakuten Golden Eagles,Home,L,0,Orix Buffaloes,0,4,0,"0,0,0,0,0,0,0,0,0",8,Rakuten Seimei Park Miyagi,14:00,03:28,18306,GAME20220521REOB0261
2022,2022-05-21,Reg Season,Chiba Lotte Marines,Away,W,4,Fukuoka Softbank Hawks,4,10,0,"1,0,0,0,0,1,0,2,0",10,Mizuho PayPay Dome Fukuoka,14:00,03:47,31549,GAME20220521SHLM0257
2022,2022-05-21,Reg Season,Fukuoka Softbank Hawks,Home,L,2,Chiba Lotte Marines,2,9,1,"0,1,0,0,1,0,0,0,0",10,Mizuho PayPay Dome Fukuoka,14:00,03:47,31549,GAME20220521SHLM0257
2022,2022-05-22,Reg Season,Tokyo Yakult Swallows,Away,W,5,Yokohama DeNA Baystars,5,8,0,"2,1,0,0,1,1,0,0,0",9,Yokohama Stadium,14:00,03:04,23258,GAME20220522DBYS0264
2022,2022-05-22,Reg Season,Yokohama DeNA Baystars,Home,L,3,Tokyo Yakult Swallows,3,11,0,"1,0,0,0,1,0,1,0,0",9,Yokohama Stadium,14:00,03:04,23258,GAME20220522DBYS0264
2022,2022-05-22,Reg Season,Chunichi Dragons,Away,L,0,Hiroshima Toyo Carp,0,5,0,"0,0,0,0,0,0,0,0,0",11,MAZDA Zoom-Zoom Stadium Hiroshima,13:30,02:40,29809,GAME20220522HCCD0265
2022,2022-05-22,Reg Season,Hiroshima Toyo Carp,Home,W,1,Chunichi Dragons,1,3,0,"0,0,0,0,0,1,0,0,x",11,MAZDA Zoom-Zoom Stadium Hiroshima,13:30,02:40,29809,GAME20220522HCCD0265
2022,2022-05-22,Reg Season,Yomiuri Giants,Away,L,0,Hanshin Tigers,0,8,2,"0,0,0,0,0,0,0,0,0",12,Hanshin Koshien Stadium,14:00,02:42,42352,GAME20220522HTYG0268
2022,2022-05-22,Reg Season,Hanshin Tigers,Home,W,4,Yomiuri Giants,4,7,0,"0,4,0,0,0,0,0,0,x",12,Hanshin Koshien Stadium,14:00,02:42,42352,GAME20220522HTYG0268
2022,2022-05-22,Reg Season,Saitama Seibu Lions,Away,W,3,Hokkaido Nippon-Ham Fighters,3,10,1,"2,0,0,0,0,0,0,1,0",11,Sapporo Dome,14:00,02:50,14550,GAME20220522NFSL0266
2022,2022-05-22,Reg Season,Hokkaido Nippon-Ham Fighters,Home,L,0,Saitama Seibu Lions,0,3,1,"0,0,0,0,0,0,0,0,0",11,Sapporo Dome,14:00,02:50,14550,GAME20220522NFSL0266
2022,2022-05-22,Reg Season,Orix Buffaloes,Away,W,6,Tohoku Rakuten Golden Eagles,6,11,2,"2,0,2,0,0,2,0,0,0",9,Rakuten Seimei Park Miyagi,13:01,03:00,17896,GAME20220522REOB0267
2022,2022-05-22,Reg Season,Tohoku Rakuten Golden Eagles,Home,L,1,Orix Buffaloes,1,5,0,"0,0,0,0,0,1,0,0,0",9,Rakuten Seimei Park Miyagi,13:01,03:00,17896,GAME20220522REOB0267
2022,2022-05-22,Reg Season,Chiba Lotte Marines,Away,L,2,Fukuoka Softbank Hawks,2,4,0,"0,0,0,0,0,1,1,0,0",11,Mizuho PayPay Dome Fukuoka,13:00,02:36,34933,GAME20220522SHLM0263
2022,2022-05-22,Reg Season,Fukuoka Softbank Hawks,Home,W,3,Chiba Lotte Marines,3,9,0,"0,0,0,3,0,0,0,0,x",11,Mizuho PayPay Dome Fukuoka,13:00,02:36,34933,GAME20220522SHLM0263
2022,2022-05-24,Reg Season,Saitama Seibu Lions,Away,W,8,Chunichi Dragons,8,13,0,"3,1,0,2,0,0,2,0,0",1,Vantelin Dome Nagoya,18:00,03:34,18075,GAME20220524CDSL0271
2022,2022-05-24,Reg Season,Chunichi Dragons,Home,L,5,Saitama Seibu Lions,5,8,1,"0,1,2,0,0,0,0,2,0",1,Vantelin Dome Nagoya,18:00,03:34,18075,GAME20220524CDSL0271
2022,2022-05-24,Reg Season,Fukuoka Softbank Hawks,Away,L,3,Yokohama DeNA Baystars,3,7,0,"2,0,0,0,0,0,1,0,0",1,Yokohama Stadium,18:00,03:08,20313,GAME20220524DBSH0269
2022,2022-05-24,Reg Season,Yokohama DeNA Baystars,Home,W,4,Fukuoka Softbank Hawks,4,12,0,"0,0,1,1,0,1,0,1,x",1,Yokohama Stadium,18:00,03:08,20313,GAME20220524DBSH0269
2022,2022-05-24,Reg Season,Chiba Lotte Marines,Away,W,7,Hiroshima Toyo Carp,7,5,1,"1,0,0,0,1,1,0,3,1",1,MAZDA Zoom-Zoom Stadium Hiroshima,18:01,02:55,23671,GAME20220524HCLM0273
2022,2022-05-24,Reg Season,Hiroshima Toyo Carp,Home,L,0,Chiba Lotte Marines,0,5,0,"0,0,0,0,0,0,0,0,0",1,MAZDA Zoom-Zoom Stadium Hiroshima,18:01,02:55,23671,GAME20220524HCLM0273
2022,2022-05-24,Reg Season,Tohoku Rakuten Golden Eagles,Away,L,0,Hanshin Tigers,0,9,0,"0,0,0,0,0,0,0,0,0",1,Hanshin Koshien Stadium,18:01,03:01,33186,GAME20220524HTRE0274
2022,2022-05-24,Reg Season,Hanshin Tigers,Home,W,1,Tohoku Rakuten Golden Eagles,1,7,1,"0,0,0,0,0,1,0,0,x",1,Hanshin Koshien Stadium,18:01,03:01,33186,GAME20220524HTRE0274
2022,2022-05-24,Reg Season,Orix Buffaloes,Away,L,2,Yomiuri Giants,2,8,0,"0,0,0,0,0,0,2,0,0",1,Tokyo Dome,18:00,02:42,30342,GAME20220524YGOB0272
2022,2022-05-24,Reg Season,Yomiuri Giants,Home,W,4,Orix Buffaloes,4,5,0,"0,0,0,2,0,0,0,2,x",1,Tokyo Dome,18:00,02:42,30342,GAME20220524YGOB0272
2022,2022-05-24,Reg Season,Hokkaido Nippon-Ham Fighters,Away,L,1,Tokyo Yakult Swallows,1,8,0,"0,0,0,0,1,0,0,0,0,0,0",1,Meiji Jingu Stadium,18:00,04:10,20794,GAME20220524YSNF0270
2022,2022-05-24,Reg Season,Tokyo Yakult Swallows,Home,W,3,Hokkaido Nippon-Ham Fighters,3,8,0,"0,0,0,0,0,0,0,1,0,0,2x",1,Meiji Jingu Stadium,18:00,04:10,20794,GAME20220524YSNF0270
2022,2022-05-25,Reg Season,Saitama Seibu Lions,Away,W,2,Chunichi Dragons,2,5,0,"0,1,0,0,1,0,0,0,0",2,Vantelin Dome Nagoya,18:00,03:01,16920,GAME20220525CDSL0277
2022,2022-05-25,Reg Season,Chunichi Dragons,Home,L,1,Saitama Seibu Lions,1,4,1,"1,0,0,0,0,0,0,0,0",2,Vantelin Dome Nagoya,18:00,03:01,16920,GAME20220525CDSL0277
2022,2022-05-25,Reg Season,Fukuoka Softbank Hawks,Away,W,8,Yokohama DeNA Baystars,8,10,1,"1,0,0,1,6,0,0,0,0",2,Yokohama Stadium,18:00,03:10,20806,GAME20220525DBSH0275
2022,2022-05-25,Reg Season,Yokohama DeNA Baystars,Home,L,2,Fukuoka Softbank Hawks,2,7,3,"0,0,1,1,0,0,0,0,0",2,Yokohama Stadium,18:00,03:10,20806,GAME20220525DBSH0275
2022,2022-05-25,Reg Season,Chiba Lotte Marines,Away,L,2,Hiroshima Toyo Carp,2,4,1,"0,1,0,0,0,0,1,0,0",2,MAZDA Zoom-Zoom Stadium Hiroshima,18:00,03:06,25002,GAME20220525HCLM0279
2022,2022-05-25,Reg Season,Hiroshima Toyo Carp,Home,W,5,Chiba Lotte Marines,5,12,1,"0,1,0,0,2,2,0,0,x",2,MAZDA Zoom-Zoom Stadium Hiroshima,18:00,03:06,25002,GAME20220525HCLM0279
2022,2022-05-25,Reg Season,Tohoku Rakuten Golden Eagles,Away,W,6,Hanshin Tigers,6,10,0,"0,0,1,1,2,0,2,0,0",2,Hanshin Koshien Stadium,18:00,03:11,31493,GAME20220525HTRE0280
2022,2022-05-25,Reg Season,Hanshin Tigers,Home,L,1,Tohoku Rakuten Golden Eagles,1,5,1,"0,1,0,0,0,0,0,0,0",2,Hanshin Koshien Stadium,18:00,03:11,31493,GAME20220525HTRE0280
2022,2022-05-25,Reg Season,Orix Buffaloes,Away,L,3,Yomiuri Giants,3,8,0,"2,0,0,0,1,0,0,0,0",2,Tokyo Dome,18:00,02:50,27789,GAME20220525YGOB0278
2022,2022-05-25,Reg Season,Yomiuri Giants,Home,W,5,Orix Buffaloes,5,8,0,"3,0,0,0,0,0,0,2,x",2,Tokyo Dome,18:00,02:50,27789,GAME20220525YGOB0278
2022,2022-05-25,Reg Season,Hokkaido Nippon-Ham Fighters,Away,L,6,Tokyo Yakult Swallows,6,14,1,"1,0,0,1,1,0,0,1,2",2,Meiji Jingu Stadium,18:00,03:32,21077,GAME20220525YSNF0276
2022,2022-05-25,Reg Season,Tokyo Yakult Swallows,Home,W,7,Hokkaido Nippon-Ham Fighters,7,13,1,"0,0,0,0,0,0,3,1,3x",2,Meiji Jingu Stadium,18:00,03:32,21077,GAME20220525YSNF0276
2022,2022-05-26,Reg Season,Saitama Seibu Lions,Away,L,3,Chunichi Dragons,3,10,1,"0,0,0,0,1,0,0,0,2",3,Vantelin Dome Nagoya,18:00,03:19,17463,GAME20220526CDSL0283
2022,2022-05-26,Reg Season,Chunichi Dragons,Home,W,6,Saitama Seibu Lions,6,11,0,"0,0,0,3,1,2,0,0,x",3,Vantelin Dome Nagoya,18:00,03:19,17463,GAME20220526CDSL0283
2022,2022-05-26,Reg Season,Fukuoka Softbank Hawks,Away,L,1,Yokohama DeNA Baystars,1,6,0,"1,0,0,0,0,0,0,0,0",3,Yokohama Stadium,18:00,03:28,20281,GAME20220526DBSH0281
2022,2022-05-26,Reg Season,Yokohama DeNA Baystars,Home,W,5,Fukuoka Softbank Hawks,5,9,0,"0,0,0,2,1,2,0,0,x",3,Yokohama Stadium,18:00,03:28,20281,GAME20220526DBSH0281
2022,2022-05-26,Reg Season,Chiba Lotte Marines,Away,W,6,Hiroshima Toyo Carp,6,8,0,"0,2,1,0,3,0,0,0,0",3,MAZDA Zoom-Zoom Stadium Hiroshima,18:01,03:22,24077,GAME20220526HCLM0285
2022,2022-05-26,Reg Season,Hiroshima Toyo Carp,Home,L,3,Chiba Lotte Marines,3,12,1,"1,0,1,1,0,0,0,0,0",3,MAZDA Zoom-Zoom Stadium Hiroshima,18:01,03:22,24077,GAME20220526HCLM0285
2022,2022-05-26,Reg Season,Tohoku Rakuten Golden Eagles,Away,W,1,Hanshin Tigers,1,6,0,"0,0,0,0,0,0,0,0,1",3,Hanshin Koshien Stadium,18:00,03:01,26255,GAME20220526HTRE0286
2022,2022-05-26,Reg Season,Hanshin Tigers,Home,L,0,Tohoku Rakuten Golden Eagles,0,5,0,"0,0,0,0,0,0,0,0,0",3,Hanshin Koshien Stadium,18:00,03:01,26255,GAME20220526HTRE0286
2022,2022-05-26,Reg Season,Orix Buffaloes,Away,W,3,Yomiuri Giants,3,12,0,"1,0,1,0,1,0,0,0,0",3,Tokyo Dome,18:00,03:02,29624,GAME20220526YGOB0284
2022,2022-05-26,Reg Season,Yomiuri Giants,Home,L,2,Orix Buffaloes,2,7,0,"0,0,0,1,0,0,0,1,0",3,Tokyo Dome,18:00,03:02,29624,GAME20220526YGOB0284
2022,2022-05-26,Reg Season,Hokkaido Nippon-Ham Fighters,Away,W,9,Tokyo Yakult Swallows,9,13,0,"2,0,0,0,0,0,0,1,2,4",3,Meiji Jingu Stadium,18:00,03:00,22046,GAME20220526YSNF0282
2022,2022-05-26,Reg Season,Tokyo Yakult Swallows,Home,L,6,Hokkaido Nippon-Ham Fighters,6,12,2,"0,1,0,3,0,0,0,1,0,1",3,Meiji Jingu Stadium,18:00,03:00,22046,GAME20220526YSNF0282
2022,2022-05-27,Reg Season,Hanshin Tigers,Away,W,1,Chiba Lotte Marines,1,6,1,"0,0,0,0,0,0,0,0,1",1,ZOZO Marine Stadium,18:00,02:42,22418,GAME20220527LMHT0289
2022,2022-05-27,Reg Season,Chiba Lotte Marines,Home,L,0,Hanshin Tigers,0,5,1,"0,0,0,0,0,0,0,0,0",1,ZOZO Marine Stadium,18:00,02:42,22418,GAME20220527LMHT0289
2022,2022-05-27,Reg Season,Yomiuri Giants,Away,L,2,Hokkaido Nippon-Ham Fighters,2,3,0,"0,0,0,0,2,0,0,0,0",1,Sapporo Dome,18:00,02:27,17382,GAME20220527NFYG0290
2022,2022-05-27,Reg Season,Hokkaido Nippon-Ham Fighters,Home,W,3,Yomiuri Giants,3,7,1,"0,0,2,0,0,0,0,1,x",1,Sapporo Dome,18:00,02:27,17382,GAME20220527NFYG0290
2022,2022-05-27,Reg Season,Chunichi Dragons,Away,W,4,Orix Buffaloes,4,13,1,"0,0,0,2,0,2,0,0,0",1,Kyocera Dome Osaka,18:01,03:11,11549,GAME20220527OBCD0287
2022,2022-05-27,Reg Season,Orix Buffaloes,Home,L,1,Chunichi Dragons,1,7,1,"0,0,0,0,0,0,0,0,1",1,Kyocera Dome Osaka,18:01,03:11,11549,GAME20220527OBCD0287
2022,2022-05-27,Reg Season,Tokyo Yakult Swallows,Away,W,8,Tohoku Rakuten Golden Eagles,8,10,0,"1,4,0,1,0,0,2,0,0",1,Rakuten Seimei Park Miyagi,18:01,02:38,17688,GAME20220527REYS0291
2022,2022-05-27,Reg Season,Tohoku Rakuten Golden Eagles,Home,L,1,Tokyo Yakult Swallows,1,4,0,"1,0,0,0,0,0,0,0,0",1,Rakuten Seimei Park Miyagi,18:01,02:38,17688,GAME20220527REYS0291
2022,2022-05-27,Reg Season,Hiroshima Toyo Carp,Away,L,0,Fukuoka Softbank Hawks,0,3,0,"0,0,0,0,0,0,0,0,0",1,Mizuho PayPay Dome Fukuoka,18:00,02:57,32823,GAME20220527SHHC0288
2022,2022-05-27,Reg Season,Fukuoka Softbank Hawks,Home,W,7,Hiroshima Toyo Carp,7,14,1,"3,0,0,1,1,1,0,1,x",1,Mizuho PayPay Dome Fukuoka,18:00,02:57,32823,GAME20220527SHHC0288
2022,2022-05-27,Reg Season,Yokohama DeNA Baystars,Away,W,1,Saitama Seibu Lions,1,4,0,"0,0,0,0,0,0,1,0,0",1,Belluna Dome,18:01,02:49,12234,GAME20220527SLDB0292
2022,2022-05-27,Reg Season,Saitama Seibu Lions,Home,L,0,Yokohama DeNA Baystars,0,3,0,"0,0,0,0,0,0,0,0,0",1,Belluna Dome,18:01,02:49,12234,GAME20220527SLDB0292
2022,2022-05-28,Reg Season,Hanshin Tigers,Away,W,6,Chiba Lotte Marines,6,10,2,"3,0,1,0,0,0,0,0,2",2,ZOZO Marine Stadium,14:00,03:12,27781,GAME20220528LMHT0295
2022,2022-05-28,Reg Season,Chiba Lotte Marines,Home,L,2,Hanshin Tigers,2,8,1,"0,0,0,0,0,0,0,0,2",2,ZOZO Marine Stadium,14:00,03:12,27781,GAME20220528LMHT0295
2022,2022-05-28,Reg Season,Yomiuri Giants,Away,W,8,Hokkaido Nippon-Ham Fighters,8,13,1,"0,0,0,0,4,0,1,1,2",2,Sapporo Dome,14:01,03:39,27235,GAME20220528NFYG0296
2022,2022-05-28,Reg Season,Hokkaido Nippon-Ham Fighters,Home,L,4,Yomiuri Giants,4,7,0,"0,0,0,1,1,1,1,0,0",2,Sapporo Dome,14:01,03:39,27235,GAME20220528NFYG0296
2022,2022-05-28,Reg Season,Chunichi Dragons,Away,W,4,Orix Buffaloes,4,6,0,"0,0,1,0,0,0,0,1,2",2,Kyocera Dome Osaka,14:00,03:01,21821,GAME20220528OBCD0293
2022,2022-05-28,Reg Season,Orix Buffaloes,Home,L,1,Chunichi Dragons,1,7,0,"0,0,0,0,0,0,1,0,0",2,Kyocera Dome Osaka,14:00,03:01,21821,GAME20220528OBCD0293
2022,2022-05-28,Reg Season,Tokyo Yakult Swallows,Away,W,11,Tohoku Rakuten Golden Eagles,11,11,0,"0,0,0,0,7,0,1,3,0",2,Rakuten Seimei Park Miyagi,14:03,03:48,23629,GAME20220528REYS0297
2022,2022-05-28,Reg Season,Tohoku Rakuten Golden Eagles,Home,L,4,Tokyo Yakult Swallows,4,10,0,"0,1,0,2,0,0,0,0,1",2,Rakuten Seimei Park Miyagi,14:03,03:48,23629,GAME20220528REYS0297
2022,2022-05-28,Reg Season,Hiroshima Toyo Carp,Away,L,1,Fukuoka Softbank Hawks,1,6,1,"1,0,0,0,0,0,0,0,0",2,Mizuho PayPay Dome Fukuoka,14:00,02:45,35544,GAME20220528SHHC0294
2022,2022-05-28,Reg Season,Fukuoka Softbank Hawks,Home,W,11,Hiroshima Toyo Carp,11,12,1,"0,6,0,1,0,2,2,0,x",2,Mizuho PayPay Dome Fukuoka,14:00,02:45,35544,GAME20220528SHHC0294
2022,2022-05-28,Reg Season,Yokohama DeNA Baystars,Away,L,5,Saitama Seibu Lions,5,9,3,"0,0,0,0,2,0,0,3,0",2,Belluna Dome,14:00,03:15,18824,GAME20220528SLDB0298
2022,2022-05-28,Reg Season,Saitama Seibu Lions,Home,W,10,Yokohama DeNA Baystars,10,14,1,"0,2,8,0,0,0,0,0,x",2,Belluna Dome,14:00,03:15,18824,GAME20220528SLDB0298
2022,2022-05-29,Reg Season,Hanshin Tigers,Away,L,2,Chiba Lotte Marines,2,9,0,"0,0,0,0,0,0,0,2,0",3,ZOZO Marine Stadium,14:00,02:50,26774,GAME20220529LMHT0301
2022,2022-05-29,Reg Season,Chiba Lotte Marines,Home,W,3,Hanshin Tigers,3,9,0,"0,1,2,0,0,0,0,0,x",3,ZOZO Marine Stadium,14:00,02:50,26774,GAME20220529LMHT0301
2022,2022-05-29,Reg Season,Yomiuri Giants,Away,L,2,Hokkaido Nippon-Ham Fighters,2,6,0,"0,1,0,0,1,0,0,0,0",3,Sapporo Dome,14:00,03:05,23431,GAME20220529NFYG0302
2022,2022-05-29,Reg Season,Hokkaido Nippon-Ham Fighters,Home,W,7,Yomiuri Giants,7,14,0,"1,1,0,4,0,1,0,0,x",3,Sapporo Dome,14:00,03:05,23431,GAME20220529NFYG0302
2022,2022-05-29,Reg Season,Chunichi Dragons,Away,L,0,Orix Buffaloes,0,5,0,"0,0,0,0,0,0,0,0,0",3,Kyocera Dome Osaka,13:00,02:41,19661,GAME20220529OBCD0299
2022,2022-05-29,Reg Season,Orix Buffaloes,Home,W,8,Chunichi Dragons,8,12,0,"1,2,2,0,1,0,2,0,x",3,Kyocera Dome Osaka,13:00,02:41,19661,GAME20220529OBCD0299
2022,2022-05-29,Reg Season,Tokyo Yakult Swallows,Away,L,1,Tohoku Rakuten Golden Eagles,1,6,2,"0,0,0,0,0,0,0,0,1",3,Rakuten Seimei Park Miyagi,13:01,03:03,22534,GAME20220529REYS0303
2022,2022-05-29,Reg Season,Tohoku Rakuten Golden Eagles,Home,W,3,Tokyo Yakult Swallows,3,6,2,"1,0,0,0,0,0,2,0,x",3,Rakuten Seimei Park Miyagi,13:01,03:03,22534,GAME20220529REYS0303
2022,2022-05-29,Reg Season,Hiroshima Toyo Carp,Away,L,0,Fukuoka Softbank Hawks,0,4,0,"0,0,0,0,0,0,0,0,0",3,Mizuho PayPay Dome Fukuoka,13:00,02:55,36167,GAME20220529SHHC0300
2022,2022-05-29,Reg Season,Fukuoka Softbank Hawks,Home,W,8,Hiroshima Toyo Carp,8,11,0,"1,0,1,4,0,2,0,0,x",3,Mizuho PayPay Dome Fukuoka,13:00,02:55,36167,GAME20220529SHHC0300
2022,2022-05-29,Reg Season,Yokohama DeNA Baystars,Away,L,2,Saitama Seibu Lions,2,4,1,"0,0,0,0,1,1,0,0,0",3,Belluna Dome,13:00,02:48,22907,GAME20220529SLDB0304
2022,2022-05-29,Reg Season,Saitama Seibu Lions,Home,W,3,Yokohama DeNA Baystars,3,4,0,"0,0,1,1,0,0,0,0,1x",3,Belluna Dome,13:00,02:48,22907,GAME20220529SLDB0304
2022,2022-05-31,Reg Season,Tohoku Rakuten Golden Eagles,Away,L,0,Chunichi Dragons,0,5,0,"0,0,0,0,0,0,0,0,0",1,Vantelin Dome Nagoya,18:00,02:43,18827,GAME20220531CDRE0307
2022,2022-05-31,Reg Season,Chunichi Dragons,Home,W,2,Tohoku Rakuten Golden Eagles,2,7,0,"0,0,0,1,0,1,0,0,x",1,Vantelin Dome Nagoya,18:00,02:43,18827,GAME20220531CDRE0307
2022,2022-05-31,Reg Season,Orix Buffaloes,Away,L,1,Yokohama DeNA Baystars,1,8,0,"1,0,0,0,0,0,0,0,0",1,Yokohama Stadium,18:00,02:58,17604,GAME20220531DBOB0305
2022,2022-05-31,Reg Season,Yokohama DeNA Baystars,Home,W,4,Orix Buffaloes,4,9,1,"0,0,1,1,0,0,0,2,x",1,Yokohama Stadium,18:00,02:58,17604,GAME20220531DBOB0305
2022,2022-05-31,Reg Season,Hokkaido Nippon-Ham Fighters,Away,L,0,Hiroshima Toyo Carp,0,4,0,"0,0,0,0,0,0,0,0,0",1,MAZDA Zoom-Zoom Stadium Hiroshima,18:00,02:42,28823,GAME20220531HCNF0309
2022,2022-05-31,Reg Season,Hiroshima Toyo Carp,Home,W,1,Hokkaido Nippon-Ham Fighters,1,5,1,"0,0,0,0,0,0,0,1,x",1,MAZDA Zoom-Zoom Stadium Hiroshima,18:00,02:42,28823,GAME20220531HCNF0309
2022,2022-05-31,Reg Season,Saitama Seibu Lions,Away,W,2,Hanshin Tigers,2,8,1,"0,1,0,0,0,0,0,1,0",1,Hanshin Koshien Stadium,18:01,03:14,30086,GAME20220531HTSL0310
2022,2022-05-31,Reg Season,Hanshin Tigers,Home,L,0,Saitama Seibu Lions,0,6,0,"0,0,0,0,0,0,0,0,0",1,Hanshin Koshien Stadium,18:01,03:14,30086,GAME20220531HTSL0310
2022,2022-05-31,Reg Season,Fukuoka Softbank Hawks,Away,W,3,Yomiuri Giants,3,12,0,"0,0,0,0,0,0,1,1,1",1,Tokyo Dome,18:00,03:22,30662,GAME20220531YGSH0308
2022,2022-05-31,Reg Season,Yomiuri Giants,Home,L,1,Fukuoka Softbank Hawks,1,5,2,"1,0,0,0,0,0,0,0,0",1,Tokyo Dome,18:00,03:22,30662,GAME20220531YGSH0308
2022,2022-05-31,Reg Season,Chiba Lotte Marines,Away,L,0,Tokyo Yakult Swallows,0,7,0,"0,0,0,0,0,0,0,0,0",1,Meiji Jingu Stadium,18:00,02:39,16502,GAME20220531YSLM0306
2022,2022-05-31,Reg Season,Tokyo Yakult Swallows,Home,W,1,Chiba Lotte Marines,1,6,0,"1,0,0,0,0,0,0,0,x",1,Meiji Jingu Stadium,18:00,02:39,16502,GAME20220531YSLM0306
2022,2022-06-01,Reg Season,Tohoku Rakuten Golden Eagles,Away,W,2,Chunichi Dragons,2,6,1,"1,0,1,0,0,0,0,0,0",2,Vantelin Dome Nagoya,18:00,03:24,16536,GAME20220601CDRE0313
2022,2022-06-01,Reg Season,Chunichi Dragons,Home,L,0,Tohoku Rakuten Golden Eagles,0,6,0,"0,0,0,0,0,0,0,0,0",2,Vantelin Dome Nagoya,18:00,03:24,16536,GAME20220601CDRE0313
2022,2022-06-01,Reg Season,Orix Buffaloes,Away,W,5,Yokohama DeNA Baystars,5,10,1,"1,0,2,1,0,0,1,0,0",2,Yokohama Stadium,18:00,03:02,18186,GAME20220601DBOB0311
2022,2022-06-01,Reg Season,Yokohama DeNA Baystars,Home,L,1,Orix Buffaloes,1,3,0,"0,0,0,0,1,0,0,0,0",2,Yokohama Stadium,18:00,03:02,18186,GAME20220601DBOB0311
2022,2022-06-01,Reg Season,Hokkaido Nippon-Ham Fighters,Away,W,5,Hiroshima Toyo Carp,5,11,2,"0,1,0,1,1,0,0,0,2",2,MAZDA Zoom-Zoom Stadium Hiroshima,18:00,03:27,29368,GAME20220601HCNF0315
2022,2022-06-01,Reg Season,Hiroshima Toyo Carp,Home,L,1,Hokkaido Nippon-Ham Fighters,1,7,2,"0,0,0,0,0,0,1,0,0",2,MAZDA Zoom-Zoom Stadium Hiroshima,18:00,03:27,29368,GAME20220601HCNF0315
2022,2022-06-01,Reg Season,Saitama Seibu Lions,Away,L,4,Hanshin Tigers,4,10,0,"0,0,0,0,0,4,0,0,0",2,Hanshin Koshien Stadium,18:00,03:23,30746,GAME20220601HTSL0316
2022,2022-06-01,Reg Season,Hanshin Tigers,Home,W,5,Saitama Seibu Lions,5,8,0,"1,0,4,0,0,0,0,0,x",2,Hanshin Koshien Stadium,18:00,03:23,30746,GAME20220601HTSL0316
2022,2022-06-01,Reg Season,Fukuoka Softbank Hawks,Away,W,6,Yomiuri Giants,6,7,0,"0,0,0,3,3,0,0,0,0",2,Tokyo Dome,18:00,02:44,32058,GAME20220601YGSH0314
2022,2022-06-01,Reg Season,Yomiuri Giants,Home,L,3,Fukuoka Softbank Hawks,3,7,0,"0,0,0,1,0,1,1,0,0",2,Tokyo Dome,18:00,02:44,32058,GAME20220601YGSH0314
2022,2022-06-01,Reg Season,Chiba Lotte Marines,Away,W,4,Tokyo Yakult Swallows,4,5,0,"0,2,0,1,0,1,0,0,0",2,Meiji Jingu Stadium,18:01,02:55,18059,GAME20220601YSLM0312
2022,2022-06-01,Reg Season,Tokyo Yakult Swallows,Home,L,3,Chiba Lotte Marines,3,9,1,"1,1,0,1,0,0,0,0,0",2,Meiji Jingu Stadium,18:01,02:55,18059,GAME20220601YSLM0312
2022,2022-06-02,Reg Season,Tohoku Rakuten Golden Eagles,Away,L,2,Chunichi Dragons,2,5,0,"0,0,0,0,0,0,2,0,0",3,Vantelin Dome Nagoya,18:00,02:56,16214,GAME20220602CDRE0319
2022,2022-06-02,Reg Season,Chunichi Dragons,Home,W,3,Tohoku Rakuten Golden Eagles,3,7,0,"1,1,1,0,0,0,0,0,x",3,Vantelin Dome Nagoya,18:00,02:56,16214,GAME20220602CDRE0319
2022,2022-06-02,Reg Season,Orix Buffaloes,Away,W,3,Yokohama DeNA Baystars,3,7,0,"0,1,0,0,0,1,0,1,0",3,Yokohama Stadium,18:00,03:10,16763,GAME20220602DBOB0317
2022,2022-06-02,Reg Season,Yokohama DeNA Baystars,Home,L,1,Orix Buffaloes,1,4,0,"1,0,0,0,0,0,0,0,0",3,Yokohama Stadium,18:00,03:10,16763,GAME20220602DBOB0317
2022,2022-06-02,Reg Season,Hokkaido Nippon-Ham Fighters,Away,L,3,Hiroshima Toyo Carp,3,11,1,"0,0,1,0,0,2,0,0,0",3,MAZDA Zoom-Zoom Stadium Hiroshima,18:00,03:36,29180,GAME20220602HCNF0321
2022,2022-06-02,Reg Season,Hiroshima Toyo Carp,Home,W,6,Hokkaido Nippon-Ham Fighters,6,7,1,"0,0,0,0,6,0,0,0,x",3,MAZDA Zoom-Zoom Stadium Hiroshima,18:00,03:36,29180,GAME20220602HCNF0321
2022,2022-06-02,Reg Season,Saitama Seibu Lions,Away,L,1,Hanshin Tigers,1,7,3,"0,0,0,0,0,0,1,0,0",3,Hanshin Koshien Stadium,18:01,03:10,32831,GAME20220602HTSL0322
2022,2022-06-02,Reg Season,Hanshin Tigers,Home,W,6,Saitama Seibu Lions,6,17,1,"0,0,0,3,0,0,2,1,x",3,Hanshin Koshien Stadium,18:01,03:10,32831,GAME20220602HTSL0322
2022,2022-06-02,Reg Season,Fukuoka Softbank Hawks,Away,L,0,Yomiuri Giants,0,5,0,"0,0,0,0,0,0,0,0,0",3,Tokyo Dome,18:00,02:59,31807,GAME20220602YGSH0320
2022,2022-06-02,Reg Season,Yomiuri Giants,Home,W,3,Fukuoka Softbank Hawks,3,8,0,"1,0,1,0,1,0,0,0,x",3,Tokyo Dome,18:00,02:59,31807,GAME20220602YGSH0320
2022,2022-06-02,Reg Season,Chiba Lotte Marines,Away,L,3,Tokyo Yakult Swallows,3,6,2,"3,0,0,0,0,0,0,0,0",3,Meiji Jingu Stadium,18:01,03:03,17531,GAME20220602YSLM0318
2022,2022-06-02,Reg Season,Tokyo Yakult Swallows,Home,W,7,Chiba Lotte Marines,7,11,2,"0,0,0,0,0,1,1,5,x",3,Meiji Jingu Stadium,18:01,03:03,17531,GAME20220602YSLM0318
2022,2022-06-03,Reg Season,Fukuoka Softbank Hawks,Away,W,6,Chunichi Dragons,6,12,0,"0,0,0,1,0,0,0,4,1",1,Vantelin Dome Nagoya,18:00,03:39,29449,GAME20220603CDSH0325
2022,2022-06-03,Reg Season,Chunichi Dragons,Home,L,0,Fukuoka Softbank Hawks,0,5,0,"0,0,0,0,0,0,0,0,0",1,Vantelin Dome Nagoya,18:00,03:39,29449,GAME20220603CDSH0325
2022,2022-06-03,Reg Season,Tohoku Rakuten Golden Eagles,Away,L,0,Yokohama DeNA Baystars,0,6,0,"0,0,0,0,0,0,0,0,0",1,Yokohama Stadium,18:00,03:06,26201,GAME20220603DBRE0323
2022,2022-06-03,Reg Season,Yokohama DeNA Baystars,Home,W,7,Tohoku Rakuten Golden Eagles,7,11,0,"2,0,3,0,0,1,0,1,x",1,Yokohama Stadium,18:00,03:06,26201,GAME20220603DBRE0323
2022,2022-06-03,Reg Season,Orix Buffaloes,Away,W,4,Hiroshima Toyo Carp,4,10,0,"0,2,0,1,1,0,0,0,0",1,MAZDA Zoom-Zoom Stadium Hiroshima,18:00,03:27,28517,GAME20220603HCOB0327
2022,2022-06-03,Reg Season,Hiroshima Toyo Carp,Home,L,1,Orix Buffaloes,1,11,0,"1,0,0,0,0,0,0,0,0",1,MAZDA Zoom-Zoom Stadium Hiroshima,18:00,03:27,28517,GAME20220603HCOB0327
2022,2022-06-03,Reg Season,Hokkaido Nippon-Ham Fighters,Away,L,7,Hanshin Tigers,7,16,1,"2,1,4,0,0,0,0,0,0",1,Hanshin Koshien Stadium,18:02,03:43,42574,GAME20220603HTNF0328
2022,2022-06-03,Reg Season,Hanshin Tigers,Home,W,9,Hokkaido Nippon-Ham Fighters,9,13,0,"0,1,0,1,1,2,0,4,x",1,Hanshin Koshien Stadium,18:02,03:43,42574,GAME20220603HTNF0328
2022,2022-06-03,Reg Season,Chiba Lotte Marines,Away,L,3,Yomiuri Giants,3,7,2,"0,0,0,0,0,0,0,3,0",1,Tokyo Dome,18:00,03:19,40392,GAME20220603YGLM0326
2022,2022-06-03,Reg Season,Yomiuri Giants,Home,W,10,Chiba Lotte Marines,10,15,0,"0,1,2,1,1,0,0,5,x",1,Tokyo Dome,18:00,03:19,40392,GAME20220603YGLM0326
2022,2022-06-03,Reg Season,Saitama Seibu Lions,Away,L,0,Tokyo Yakult Swallows,0,3,1,"0,0,0,0,0,0,0,0,0",1,Meiji Jingu Stadium,18:00,02:37,19182,GAME20220603YSSL0324
2022,2022-06-03,Reg Season,Tokyo Yakult Swallows,Home,W,1,Saitama Seibu Lions,1,7,0,"0,0,0,0,1,0,0,0,x",1,Meiji Jingu Stadium,18:00,02:37,19182,GAME20220603YSSL0324
2022,2022-06-04,Reg Season,Fukuoka Softbank Hawks,Away,L,2,Chunichi Dragons,2,7,0,"0,0,0,1,1,0,0,0,0",2,Vantelin Dome Nagoya,14:00,03:10,36205,GAME20220604CDSH0331
2022,2022-06-04,Reg Season,Chunichi Dragons,Home,W,4,Fukuoka Softbank Hawks,4,7,0,"1,0,0,0,0,0,2,1,x",2,Vantelin Dome Nagoya,14:00,03:10,36205,GAME20220604CDSH0331
2022,2022-06-04,Reg Season,Tohoku Rakuten Golden Eagles,Away,L,1,Yokohama DeNA Baystars,1,7,1,"1,0,0,0,0,0,0,0,0",2,Yokohama Stadium,14:00,03:28,31130,GAME20220604DBRE0329
2022,2022-06-04,Reg Season,Yokohama DeNA Baystars,Home,W,6,Tohoku Rakuten Golden Eagles,6,12,0,"1,0,0,0,0,0,4,1,x",2,Yokohama Stadium,14:00,03:28,31130,GAME20220604DBRE0329
2022,2022-06-04,Reg Season,Orix Buffaloes,Away,W,3,Hiroshima Toyo Carp,3,9,1,"0,1,0,0,0,0,0,2,0",2,MAZDA Zoom-Zoom Stadium Hiroshima,14:00,03:00,30533,GAME20220604HCOB0333
2022,2022-06-04,Reg Season,Hiroshima Toyo Carp,Home,L,2,Orix Buffaloes,2,6,0,"0,0,0,0,0,0,2,0,0",2,MAZDA Zoom-Zoom Stadium Hiroshima,14:00,03:00,30533,GAME20220604HCOB0333
2022,2022-06-04,Reg Season,Hokkaido Nippon-Ham Fighters,Away,L,0,Hanshin Tigers,0,5,0,"0,0,0,0,0,0,0,0,0",2,Hanshin Koshien Stadium,14:01,03:00,42594,GAME20220604HTNF0334
2022,2022-06-04,Reg Season,Hanshin Tigers,Home,W,3,Hokkaido Nippon-Ham Fighters,3,9,0,"0,0,0,1,2,0,0,0,x",2,Hanshin Koshien Stadium,14:01,03:00,42594,GAME20220604HTNF0334
2022,2022-06-04,Reg Season,Chiba Lotte Marines,Away,L,1,Yomiuri Giants,1,7,1,"0,0,0,0,1,0,0,0,0",2,Tokyo Dome,18:00,02:21,40444,GAME20220604YGLM0332
2022,2022-06-04,Reg Season,Yomiuri Giants,Home,W,2,Chiba Lotte Marines,2,5,0,"0,0,0,0,0,0,2,0,x",2,Tokyo Dome,18:00,02:21,40444,GAME20220604YGLM0332
2022,2022-06-04,Reg Season,Saitama Seibu Lions,Away,L,2,Tokyo Yakult Swallows,2,5,1,"0,1,0,1,0,0,0,0,0",2,Meiji Jingu Stadium,14:00,02:59,29538,GAME20220604YSSL0330
2022,2022-06-04,Reg Season,Tokyo Yakult Swallows,Home,W,3,Saitama Seibu Lions,3,4,0,"0,0,0,0,1,2,0,0,x",2,Meiji Jingu Stadium,14:00,02:59,29538,GAME20220604YSSL0330
2022,2022-06-05,Reg Season,Fukuoka Softbank Hawks,Away,L,3,Chunichi Dragons,3,8,1,"1,0,0,1,0,1,0,0,0",3,Vantelin Dome Nagoya,14:00,03:12,36190,GAME20220605CDSH0337
2022,2022-06-05,Reg Season,Chunichi Dragons,Home,W,7,Fukuoka Softbank Hawks,7,10,0,"3,0,0,0,1,1,0,2,x",3,Vantelin Dome Nagoya,14:00,03:12,36190,GAME20220605CDSH0337
2022,2022-06-05,Reg Season,Tohoku Rakuten Golden Eagles,Away,W,6,Yokohama DeNA Baystars,6,9,0,"0,2,0,0,0,2,0,0,2",3,Yokohama Stadium,14:00,03:48,27125,GAME20220605DBRE0335
2022,2022-06-05,Reg Season,Yokohama DeNA Baystars,Home,L,5,Tohoku Rakuten Golden Eagles,5,13,1,"1,0,1,0,1,0,2,0,0",3,Yokohama Stadium,14:00,03:48,27125,GAME20220605DBRE0335
2022,2022-06-05,Reg Season,Orix Buffaloes,Away,W,5,Hiroshima Toyo Carp,5,6,0,"0,0,0,1,0,0,4,0,0",3,MAZDA Zoom-Zoom Stadium Hiroshima,13:30,03:18,30377,GAME20220605HCOB0339
2022,2022-06-05,Reg Season,Hiroshima Toyo Carp,Home,L,2,Orix Buffaloes,2,7,1,"0,0,1,0,0,1,0,0,0",3,MAZDA Zoom-Zoom Stadium Hiroshima,13:30,03:18,30377,GAME20220605HCOB0339
2022,2022-06-05,Reg Season,Hokkaido Nippon-Ham Fighters,Away,L,3,Hanshin Tigers,3,5,2,"0,0,0,0,0,3,0,0,0",3,Hanshin Koshien Stadium,14:01,03:14,42586,GAME20220605HTNF0340
2022,2022-06-05,Reg Season,Hanshin Tigers,Home,W,8,Hokkaido Nippon-Ham Fighters,8,10,1,"0,0,4,0,0,0,0,4,x",3,Hanshin Koshien Stadium,14:01,03:14,42586,GAME20220605HTNF0340
2022,2022-06-05,Reg Season,Chiba Lotte Marines,Away,W,10,Yomiuri Giants,10,10,1,"0,2,1,0,2,0,0,4,1",3,Tokyo Dome,14:00,03:06,40509,GAME20220605YGLM0338
2022,2022-06-05,Reg Season,Yomiuri Giants,Home,L,4,Chiba Lotte Marines,4,8,0,"2,0,0,0,2,0,0,0,0",3,Tokyo Dome,14:00,03:06,40509,GAME20220605YGLM0338
2022,2022-06-05,Reg Season,Saitama Seibu Lions,Away,L,3,Tokyo Yakult Swallows,3,5,1,"0,0,2,1,0,0,0,0,0",3,Meiji Jingu Stadium,13:00,02:50,28170,GAME20220605YSSL0336
2022,2022-06-05,Reg Season,Tokyo Yakult Swallows,Home,W,5,Saitama Seibu Lions,5,8,0,"0,2,1,0,0,2,0,0,x",3,Meiji Jingu Stadium,13:00,02:50,28170,GAME20220605YSSL0336
2022,2022-06-07,Reg Season,Chunichi Dragons,Away,L,2,Chiba Lotte Marines,2,12,1,"0,0,0,0,0,2,0,0,0",1,ZOZO Marine Stadium,18:01,03:09,14704,GAME20220607LMCD0343
2022,2022-06-07,Reg Season,Chiba Lotte Marines,Home,W,6,Chunichi Dragons,6,9,0,"0,0,0,0,0,3,0,3,x",1,ZOZO Marine Stadium,18:01,03:09,14704,GAME20220607LMCD0343
2022,2022-06-07,Reg Season,Yokohama DeNA Baystars,Away,W,2,Hokkaido Nippon-Ham Fighters,2,8,0,"0,0,0,0,0,0,0,0,2",1,Sapporo Dome,18:00,02:32,13592,GAME20220607NFDB0344
2022,2022-06-07,Reg Season,Hokkaido Nippon-Ham Fighters,Home,L,0,Yokohama DeNA Baystars,0,0,0,"0,0,0,0,0,0,0,0,0",1,Sapporo Dome,18:00,02:32,13592,GAME20220607NFDB0344
2022,2022-06-07,Reg Season,Tokyo Yakult Swallows,Away,L,1,Orix Buffaloes,1,6,0,"0,0,0,1,0,0,0,0,0",1,Kyocera Dome Osaka,18:01,02:46,11435,GAME20220607OBYS0341
2022,2022-06-07,Reg Season,Orix Buffaloes,Home,W,6,Tokyo Yakult Swallows,6,12,0,"0,0,2,1,3,0,0,0,x",1,Kyocera Dome Osaka,18:01,02:46,11435,GAME20220607OBYS0341
2022,2022-06-07,Reg Season,Hiroshima Toyo Carp,Away,W,3,Tohoku Rakuten Golden Eagles,3,7,1,"0,0,0,0,2,0,0,1,0",1,Rakuten Seimei Park Miyagi,18:01,02:37,14558,GAME20220607REHC0345
2022,2022-06-07,Reg Season,Tohoku Rakuten Golden Eagles,Home,L,1,Hiroshima Toyo Carp,1,3,1,"0,0,0,0,0,1,0,0,0",1,Rakuten Seimei Park Miyagi,18:01,02:37,14558,GAME20220607REHC0345
2022,2022-06-07,Reg Season,Hanshin Tigers,Away,W,2,Fukuoka Softbank Hawks,2,7,0,"0,0,0,0,0,2,0,0,0",1,Mizuho PayPay Dome Fukuoka,18:01,03:04,29448,GAME20220607SHHT0342
2022,2022-06-07,Reg Season,Fukuoka Softbank Hawks,Home,L,0,Hanshin Tigers,0,8,0,"0,0,0,0,0,0,0,0,0",1,Mizuho PayPay Dome Fukuoka,18:01,03:04,29448,GAME20220607SHHT0342
2022,2022-06-07,Reg Season,Yomiuri Giants,Away,L,4,Saitama Seibu Lions,4,8,1,"0,0,4,0,0,0,0,0,0",1,Belluna Dome,18:00,03:20,16975,GAME20220607SLYG0346
2022,2022-06-07,Reg Season,Saitama Seibu Lions,Home,W,9,Yomiuri Giants,9,11,0,"0,1,0,1,0,3,2,2,x",1,Belluna Dome,18:00,03:20,16975,GAME20220607SLYG0346
2022,2022-06-08,Reg Season,Chunichi Dragons,Away,L,6,Chiba Lotte Marines,6,11,2,"2,0,0,0,0,2,2,0,0",2,ZOZO Marine Stadium,18:00,03:41,15694,GAME20220608LMCD0349
2022,2022-06-08,Reg Season,Chiba Lotte Marines,Home,W,9,Chunichi Dragons,9,13,1,"1,0,3,2,0,2,1,0,x",2,ZOZO Marine Stadium,18:00,03:41,15694,GAME20220608LMCD0349
2022,2022-06-08,Reg Season,Yokohama DeNA Baystars,Away,L,3,Hokkaido Nippon-Ham Fighters,3,11,0,"0,0,0,0,2,0,1,0,0",2,Sapporo Dome,18:00,03:13,11859,GAME20220608NFDB0350
2022,2022-06-08,Reg Season,Hokkaido Nippon-Ham Fighters,Home,W,5,Yokohama DeNA Baystars,5,7,0,"0,0,3,1,1,0,0,0,x",2,Sapporo Dome,18:00,03:13,11859,GAME20220608NFDB0350
2022,2022-06-08,Reg Season,Tokyo Yakult Swallows,Away,W,6,Orix Buffaloes,6,13,0,"0,0,0,1,2,0,0,2,1",2,Kyocera Dome Osaka,18:02,03:07,11517,GAME20220608OBYS0347
2022,2022-06-08,Reg Season,Orix Buffaloes,Home,L,3,Tokyo Yakult Swallows,3,10,1,"1,0,1,1,0,0,0,0,0",2,Kyocera Dome Osaka,18:02,03:07,11517,GAME20220608OBYS0347
2022,2022-06-08,Reg Season,Hiroshima Toyo Carp,Away,L,0,Tohoku Rakuten Golden Eagles,0,4,0,"0,0,0,0,0,0,0,0,0,0",2,Rakuten Seimei Park Miyagi,18:00,03:40,15044,GAME20220608REHC0351
2022,2022-06-08,Reg Season,Tohoku Rakuten Golden Eagles,Home,W,1,Hiroshima Toyo Carp,1,8,1,"0,0,0,0,0,0,0,0,0,1x",2,Rakuten Seimei Park Miyagi,18:00,03:40,15044,GAME20220608REHC0351
2022,2022-06-08,Reg Season,Hanshin Tigers,Away,L,0,Fukuoka Softbank Hawks,0,7,0,"0,0,0,0,0,0,0,0,0",2,Mizuho PayPay Dome Fukuoka,18:00,03:13,30404,GAME20220608SHHT0348
2022,2022-06-08,Reg Season,Fukuoka Softbank Hawks,Home,W,1,Hanshin Tigers,1,6,0,"0,0,0,1,0,0,0,0,x",2,Mizuho PayPay Dome Fukuoka,18:00,03:13,30404,GAME20220608SHHT0348
2022,2022-06-08,Reg Season,Yomiuri Giants,Away,L,0,Saitama Seibu Lions,0,1,0,"0,0,0,0,0,0,0,0,0",2,Belluna Dome,18:00,02:21,16809,GAME20220608SLYG0352
2022,2022-06-08,Reg Season,Saitama Seibu Lions,Home,W,3,Yomiuri Giants,3,4,0,"0,0,0,3,0,0,0,0,x",2,Belluna Dome,18:00,02:21,16809,GAME20220608SLYG0352
2022,2022-06-09,Reg Season,Chunichi Dragons,Away,L,0,Chiba Lotte Marines,0,5,0,"0,0,0,0,0,0,0,0,0",3,ZOZO Marine Stadium,18:00,02:33,14951,GAME20220609LMCD0355
2022,2022-06-09,Reg Season,Chiba Lotte Marines,Home,W,2,Chunichi Dragons,2,7,0,"0,1,0,0,0,0,1,0,x",3,ZOZO Marine Stadium,18:00,02:33,14951,GAME20220609LMCD0355
2022,2022-06-09,Reg Season,Yokohama DeNA Baystars,Away,W,4,Hokkaido Nippon-Ham Fighters,4,14,0,"0,0,0,1,1,0,0,2,0",3,Sapporo Dome,18:00,03:19,12927,GAME20220609NFDB0356
2022,2022-06-09,Reg Season,Hokkaido Nippon-Ham Fighters,Home,L,2,Yokohama DeNA Baystars,2,7,0,"0,0,0,2,0,0,0,0,0",3,Sapporo Dome,18:00,03:19,12927,GAME20220609NFDB0356
2022,2022-06-09,Reg Season,Tokyo Yakult Swallows,Away,W,2,Orix Buffaloes,2,7,0,"0,2,0,0,0,0,0,0,0",3,Kyocera Dome Osaka,18:01,03:11,11376,GAME20220609OBYS0353
2022,2022-06-09,Reg Season,Orix Buffaloes,Home,L,1,Tokyo Yakult Swallows,1,7,1,"0,0,0,1,0,0,0,0,0",3,Kyocera Dome Osaka,18:01,03:11,11376,GAME20220609OBYS0353
2022,2022-06-09,Reg Season,Hiroshima Toyo Carp,Away,L,1,Tohoku Rakuten Golden Eagles,1,10,0,"0,0,0,0,0,0,0,0,1",3,Rakuten Seimei Park Miyagi,18:00,03:26,15186,GAME20220609REHC0357
2022,2022-06-09,Reg Season,Tohoku Rakuten Golden Eagles,Home,W,4,Hiroshima Toyo Carp,4,11,0,"0,0,0,2,0,0,0,2,x",3,Rakuten Seimei Park Miyagi,18:00,03:26,15186,GAME20220609REHC0357
2022,2022-06-09,Reg Season,Hanshin Tigers,Away,L,0,Fukuoka Softbank Hawks,0,5,0,"0,0,0,0,0,0,0,0,0",3,Mizuho PayPay Dome Fukuoka,18:00,03:07,29675,GAME20220609SHHT0354
2022,2022-06-09,Reg Season,Fukuoka Softbank Hawks,Home,W,4,Hanshin Tigers,4,9,1,"1,0,1,1,1,0,0,0,x",3,Mizuho PayPay Dome Fukuoka,18:00,03:07,29675,GAME20220609SHHT0354
2022,2022-06-09,Reg Season,Yomiuri Giants,Away,W,4,Saitama Seibu Lions,4,13,0,"0,0,1,0,2,0,1,0,0",3,Belluna Dome,18:00,03:20,16959,GAME20220609SLYG0358
2022,2022-06-09,Reg Season,Saitama Seibu Lions,Home,L,3,Yomiuri Giants,3,7,1,"0,0,1,0,0,0,0,1,1",3,Belluna Dome,18:00,03:20,16959,GAME20220609SLYG0358
2022,2022-06-10,Reg Season,Yokohama DeNA Baystars,Away,L,1,Chiba Lotte Marines,1,8,0,"0,0,0,1,0,0,0,0,0",1,ZOZO Marine Stadium,18:01,03:01,21664,GAME20220610LMDB0361
2022,2022-06-10,Reg Season,Chiba Lotte Marines,Home,W,2,Yokohama DeNA Baystars,2,5,0,"0,0,1,0,0,1,0,0,x",1,ZOZO Marine Stadium,18:01,03:01,21664,GAME20220610LMDB0361
2022,2022-06-10,Reg Season,Chunichi Dragons,Away,L,1,Hokkaido Nippon-Ham Fighters,1,4,1,"0,0,0,0,0,0,1,0,0,0,0",1,Sapporo Dome,18:00,03:26,12673,GAME20220610NFCD0362
2022,2022-06-10,Reg Season,Hokkaido Nippon-Ham Fighters,Home,W,2,Chunichi Dragons,2,6,0,"0,0,0,0,1,0,0,0,0,0,1x",1,Sapporo Dome,18:00,03:26,12673,GAME20220610NFCD0362
2022,2022-06-10,Reg Season,Hanshin Tigers,Away,W,6,Orix Buffaloes,6,8,1,"1,0,0,0,4,1,0,0,0",1,Kyocera Dome Osaka,18:00,03:34,22775,GAME20220610OBHT0359
2022,2022-06-10,Reg Season,Orix Buffaloes,Home,L,1,Hanshin Tigers,1,6,2,"0,0,0,0,0,0,0,1,0",1,Kyocera Dome Osaka,18:00,03:34,22775,GAME20220610OBHT0359
2022,2022-06-10,Reg Season,Yomiuri Giants,Away,W,4,Tohoku Rakuten Golden Eagles,4,7,0,"0,3,0,1,0,0,0,0,0",1,Rakuten Seimei Park Miyagi,18:01,02:25,19259,GAME20220610REYG0363
2022,2022-06-10,Reg Season,Tohoku Rakuten Golden Eagles,Home,L,1,Yomiuri Giants,1,4,0,"1,0,0,0,0,0,0,0,0",1,Rakuten Seimei Park Miyagi,18:01,02:25,19259,GAME20220610REYG0363
2022,2022-06-10,Reg Season,Tokyo Yakult Swallows,Away,W,3,Fukuoka Softbank Hawks,3,8,0,"1,0,0,1,0,0,0,1,0",1,Mizuho PayPay Dome Fukuoka,18:00,03:08,30026,GAME20220610SHYS0360
2022,2022-06-10,Reg Season,Fukuoka Softbank Hawks,Home,L,1,Tokyo Yakult Swallows,1,9,0,"1,0,0,0,0,0,0,0,0",1,Mizuho PayPay Dome Fukuoka,18:00,03:08,30026,GAME20220610SHYS0360
2022,2022-06-10,Reg Season,Hiroshima Toyo Carp,Away,W,6,Saitama Seibu Lions,6,11,1,"0,1,1,1,1,1,1,0,0",1,Belluna Dome,18:00,03:15,17994,GAME20220610SLHC0364
2022,2022-06-10,Reg Season,Saitama Seibu Lions,Home,L,3,Hiroshima Toyo Carp,3,4,1,"2,0,0,1,0,0,0,0,0",1,Belluna Dome,18:00,03:15,17994,GAME20220610SLHC0364
2022,2022-06-11,Reg Season,Yokohama DeNA Baystars,Away,W,2,Chiba Lotte Marines,2,5,1,"0,1,0,0,0,0,0,0,0,0,1",2,ZOZO Marine Stadium,14:00,03:38,28116,GAME20220611LMDB0367
2022,2022-06-11,Reg Season,Chiba Lotte Marines,Home,L,1,Yokohama DeNA Baystars,1,7,1,"0,0,0,0,0,1,0,0,0,0,0",2,ZOZO Marine Stadium,14:00,03:38,28116,GAME20220611LMDB0367
2022,2022-06-11,Reg Season,Chunichi Dragons,Away,L,0,Hokkaido Nippon-Ham Fighters,0,5,0,"0,0,0,0,0,0,0,0,0",2,Sapporo Dome,14:00,03:16,21632,GAME20220611NFCD0368
2022,2022-06-11,Reg Season,Hokkaido Nippon-Ham Fighters,Home,W,10,Chunichi Dragons,10,13,0,"3,0,0,0,3,0,3,1,x",2,Sapporo Dome,14:00,03:16,21632,GAME20220611NFCD0368
2022,2022-06-11,Reg Season,Hanshin Tigers,Away,W,3,Orix Buffaloes,3,10,1,"0,0,0,0,0,0,0,2,0,0,1",2,Kyocera Dome Osaka,18:00,04:19,33323,GAME20220611OBHT0365
2022,2022-06-11,Reg Season,Orix Buffaloes,Home,L,2,Hanshin Tigers,2,15,1,"1,0,0,0,1,0,0,0,0,0,0",2,Kyocera Dome Osaka,18:00,04:19,33323,GAME20220611OBHT0365
2022,2022-06-11,Reg Season,Yomiuri Giants,Away,L,1,Tohoku Rakuten Golden Eagles,1,8,1,"0,0,0,1,0,0,0,0,0",2,Rakuten Seimei Park Miyagi,14:00,03:17,25585,GAME20220611REYG0369
2022,2022-06-11,Reg Season,Tohoku Rakuten Golden Eagles,Home,W,8,Yomiuri Giants,8,11,0,"0,3,0,0,0,0,4,1,x",2,Rakuten Seimei Park Miyagi,14:00,03:17,25585,GAME20220611REYG0369
2022,2022-06-11,Reg Season,Tokyo Yakult Swallows,Away,W,7,Fukuoka Softbank Hawks,7,13,0,"0,1,0,0,2,4,0,0,0",2,Mizuho PayPay Dome Fukuoka,14:00,03:17,38683,GAME20220611SHYS0366
2022,2022-06-11,Reg Season,Fukuoka Softbank Hawks,Home,L,4,Tokyo Yakult Swallows,4,8,1,"2,0,0,2,0,0,0,0,0",2,Mizuho PayPay Dome Fukuoka,14:00,03:17,38683,GAME20220611SHYS0366
2022,2022-06-11,Reg Season,Hiroshima Toyo Carp,Away,L,1,Saitama Seibu Lions,1,7,0,"0,0,1,0,0,0,0,0,0",2,Belluna Dome,14:00,03:31,24039,GAME20220611SLHC0370
2022,2022-06-11,Reg Season,Saitama Seibu Lions,Home,W,2,Hiroshima Toyo Carp,2,12,0,"1,1,0,0,0,0,0,0,x",2,Belluna Dome,14:00,03:31,24039,GAME20220611SLHC0370
2022,2022-06-12,Reg Season,Yokohama DeNA Baystars,Away,L,4,Chiba Lotte Marines,4,8,0,"0,0,0,0,0,2,0,0,2",3,ZOZO Marine Stadium,14:31,03:09,24160,GAME20220612LMDB0373
2022,2022-06-12,Reg Season,Chiba Lotte Marines,Home,W,5,Yokohama DeNA Baystars,5,10,0,"2,0,0,0,0,2,0,1,x",3,ZOZO Marine Stadium,14:31,03:09,24160,GAME20220612LMDB0373
2022,2022-06-12,Reg Season,Chunichi Dragons,Away,L,0,Hokkaido Nippon-Ham Fighters,0,7,0,"0,0,0,0,0,0,0,0,0",3,Sapporo Dome,14:00,02:30,17687,GAME20220612NFCD0374
2022,2022-06-12,Reg Season,Hokkaido Nippon-Ham Fighters,Home,W,2,Chunichi Dragons,2,8,0,"0,0,1,0,0,1,0,0,x",3,Sapporo Dome,14:00,02:30,17687,GAME20220612NFCD0374
2022,2022-06-12,Reg Season,Hanshin Tigers,Away,W,9,Orix Buffaloes,9,11,0,"0,0,2,0,2,0,2,0,3",3,Kyocera Dome Osaka,14:00,02:35,31855,GAME20220612OBHT0371
2022,2022-06-12,Reg Season,Orix Buffaloes,Home,L,1,Hanshin Tigers,1,5,0,"0,0,0,0,0,0,0,0,1",3,Kyocera Dome Osaka,14:00,02:35,31855,GAME20220612OBHT0371
2022,2022-06-12,Reg Season,Yomiuri Giants,Away,L,2,Tohoku Rakuten Golden Eagles,2,6,0,"0,0,0,0,0,1,1,0,0",3,Rakuten Seimei Park Miyagi,13:00,02:41,22870,GAME20220612REYG0375
2022,2022-06-12,Reg Season,Tohoku Rakuten Golden Eagles,Home,W,9,Yomiuri Giants,9,9,1,"0,9,0,0,0,0,0,0,x",3,Rakuten Seimei Park Miyagi,13:00,02:41,22870,GAME20220612REYG0375
2022,2022-06-12,Reg Season,Tokyo Yakult Swallows,Away,W,3,Fukuoka Softbank Hawks,3,6,0,"0,0,0,0,0,0,0,3,0",3,Mizuho PayPay Dome Fukuoka,13:00,02:52,38777,GAME20220612SHYS0372
2022,2022-06-12,Reg Season,Fukuoka Softbank Hawks,Home,L,0,Tokyo Yakult Swallows,0,6,0,"0,0,0,0,0,0,0,0,0",3,Mizuho PayPay Dome Fukuoka,13:00,02:52,38777,GAME20220612SHYS0372
2022,2022-06-12,Reg Season,Hiroshima Toyo Carp,Away,L,0,Saitama Seibu Lions,0,3,0,"0,0,0,0,0,0,0,0,0",3,Belluna Dome,13:00,03:04,22139,GAME20220612SLHC0376
2022,2022-06-12,Reg Season,Saitama Seibu Lions,Home,W,11,Hiroshima Toyo Carp,11,12,1,"1,1,4,3,1,0,0,1,x",3,Belluna Dome,13:00,03:04,22139,GAME20220612SLHC0376
2022,2022-06-17,Reg Season,Yomiuri Giants,Away,L,0,Chunichi Dragons,0,3,1,"0,0,0,0,0,0,0,0,0",10,Vantelin Dome Nagoya,18:00,02:25,25125,GAME20220617CDYG0379
2022,2022-06-17,Reg Season,Chunichi Dragons,Home,W,2,Yomiuri Giants,2,9,0,"0,0,0,0,0,0,0,2,x",10,Vantelin Dome Nagoya,18:00,02:25,25125,GAME20220617CDYG0379
2022,2022-06-17,Reg Season,Yokohama DeNA Baystars,Away,L,5,Hanshin Tigers,5,8,0,"1,0,0,0,0,3,1,0,0",8,Hanshin Koshien Stadium,18:00,03:13,37803,GAME20220617HTDB0381
2022,2022-06-17,Reg Season,Hanshin Tigers,Home,W,7,Yokohama DeNA Baystars,7,9,1,"4,0,1,0,0,1,1,0,x",8,Hanshin Koshien Stadium,18:00,03:13,37803,GAME20220617HTDB0381
2022,2022-06-17,Reg Season,Chiba Lotte Marines,Away,W,7,Hokkaido Nippon-Ham Fighters,7,9,0,"0,0,0,0,0,0,0,2,5",7,Sapporo Dome,18:00,04:01,15692,GAME20220617NFLM0380
2022,2022-06-17,Reg Season,Hokkaido Nippon-Ham Fighters,Home,L,4,Chiba Lotte Marines,4,11,4,"2,1,0,1,0,0,0,0,0",7,Sapporo Dome,18:00,04:01,15692,GAME20220617NFLM0380
2022,2022-06-17,Reg Season,Tohoku Rakuten Golden Eagles,Away,L,4,Fukuoka Softbank Hawks,4,10,0,"0,1,2,0,0,1,0,0,0",6,Mizuho PayPay Dome Fukuoka,18:00,03:18,31322,GAME20220617SHRE0377
2022,2022-06-17,Reg Season,Fukuoka Softbank Hawks,Home,W,9,Tohoku Rakuten Golden Eagles,9,13,0,"1,0,4,0,2,0,2,0,x",6,Mizuho PayPay Dome Fukuoka,18:00,03:18,31322,GAME20220617SHRE0377
2022,2022-06-17,Reg Season,Orix Buffaloes,Away,L,2,Saitama Seibu Lions,2,7,1,"0,0,0,0,0,0,1,1,0",10,Belluna Dome,18:00,02:47,14360,GAME20220617SLOB0382
2022,2022-06-17,Reg Season,Saitama Seibu Lions,Home,W,4,Orix Buffaloes,4,8,0,"0,0,0,2,0,2,0,0,x",10,Belluna Dome,18:00,02:47,14360,GAME20220617SLOB0382
2022,2022-06-17,Reg Season,Hiroshima Toyo Carp,Away,L,2,Tokyo Yakult Swallows,2,9,2,"0,0,1,0,0,0,0,0,1",7,Meiji Jingu Stadium,18:00,03:04,23522,GAME20220617YSHC0378
2022,2022-06-17,Reg Season,Tokyo Yakult Swallows,Home,W,7,Hiroshima Toyo Carp,7,13,1,"0,0,3,1,1,0,0,2,x",7,Meiji Jingu Stadium,18:00,03:04,23522,GAME20220617YSHC0378
2022,2022-06-18,Reg Season,Yomiuri Giants,Away,L,3,Chunichi Dragons,3,10,2,"0,0,3,0,0,0,0,0,0",11,Vantelin Dome Nagoya,14:00,03:57,34290,GAME20220618CDYG0385
2022,2022-06-18,Reg Season,Chunichi Dragons,Home,W,4,Yomiuri Giants,4,13,0,"1,1,0,0,0,1,0,0,1x",11,Vantelin Dome Nagoya,14:00,03:57,34290,GAME20220618CDYG0385
2022,2022-06-18,Reg Season,Yokohama DeNA Baystars,Away,L,1,Hanshin Tigers,1,3,0,"1,0,0,0,0,0,0,0,0",9,Hanshin Koshien Stadium,14:00,02:32,37874,GAME20220618HTDB0387
2022,2022-06-18,Reg Season,Hanshin Tigers,Home,W,4,Yokohama DeNA Baystars,4,8,0,"2,0,2,0,0,0,0,0,x",9,Hanshin Koshien Stadium,14:00,02:32,37874,GAME20220618HTDB0387
2022,2022-06-18,Reg Season,Chiba Lotte Marines,Away,W,3,Hokkaido Nippon-Ham Fighters,3,9,1,"0,0,2,0,1,0,0,0,0",8,Sapporo Dome,14:00,03:08,22014,GAME20220618NFLM0386
2022,2022-06-18,Reg Season,Hokkaido Nippon-Ham Fighters,Home,L,1,Chiba Lotte Marines,1,6,1,"0,0,0,1,0,0,0,0,0",8,Sapporo Dome,14:00,03:08,22014,GAME20220618NFLM0386
2022,2022-06-18,Reg Season,Tohoku Rakuten Golden Eagles,Away,L,1,Fukuoka Softbank Hawks,1,3,0,"0,0,0,0,0,0,0,0,1,0",7,Mizuho PayPay Dome Fukuoka,14:00,03:26,31057,GAME20220618SHRE0383
2022,2022-06-18,Reg Season,Fukuoka Softbank Hawks,Home,W,3,Tohoku Rakuten Golden Eagles,3,6,0,"0,0,0,1,0,0,0,0,0,2x",7,Mizuho PayPay Dome Fukuoka,14:00,03:26,31057,GAME20220618SHRE0383
2022,2022-06-18,Reg Season,Orix Buffaloes,Away,W,2,Saitama Seibu Lions,2,9,0,"0,0,0,0,1,0,0,1,0",11,Belluna Dome,14:00,02:45,16075,GAME20220618SLOB0388
2022,2022-06-18,Reg Season,Saitama Seibu Lions,Home,L,0,Orix Buffaloes,0,0,0,"0,0,0,0,0,0,0,0,0",11,Belluna Dome,14:00,02:45,16075,GAME20220618SLOB0388
2022,2022-06-18,Reg Season,Hiroshima Toyo Carp,Away,L,6,Tokyo Yakult Swallows,6,13,2,"0,1,0,1,0,0,2,2,0",8,Meiji Jingu Stadium,14:00,03:57,25826,GAME20220618YSHC0384
2022,2022-06-18,Reg Season,Tokyo Yakult Swallows,Home,W,10,Hiroshima Toyo Carp,10,17,2,"1,0,0,0,0,4,5,0,x",8,Meiji Jingu Stadium,14:00,03:57,25826,GAME20220618YSHC0384
2022,2022-06-19,Reg Season,Yomiuri Giants,Away,W,5,Chunichi Dragons,5,8,0,"0,0,0,3,0,1,0,1,0",12,Vantelin Dome Nagoya,14:00,03:10,31590,GAME20220619CDYG0391
2022,2022-06-19,Reg Season,Chunichi Dragons,Home,L,3,Yomiuri Giants,3,9,0,"0,0,0,1,0,0,0,0,2",12,Vantelin Dome Nagoya,14:00,03:10,31590,GAME20220619CDYG0391
2022,2022-06-19,Reg Season,Yokohama DeNA Baystars,Away,W,7,Hanshin Tigers,7,10,1,"0,0,3,0,0,1,0,3,0",10,Hanshin Koshien Stadium,14:00,03:28,37468,GAME20220619HTDB0393
2022,2022-06-19,Reg Season,Hanshin Tigers,Home,L,4,Yokohama DeNA Baystars,4,8,0,"0,3,0,0,0,0,1,0,0",10,Hanshin Koshien Stadium,14:00,03:28,37468,GAME20220619HTDB0393
2022,2022-06-19,Reg Season,Chiba Lotte Marines,Away,W,4,Hokkaido Nippon-Ham Fighters,4,9,0,"3,0,0,1,0,0,0,0,0",9,Sapporo Dome,14:00,02:58,16776,GAME20220619NFLM0392
2022,2022-06-19,Reg Season,Hokkaido Nippon-Ham Fighters,Home,L,2,Chiba Lotte Marines,2,9,0,"0,0,1,0,0,0,0,1,0",9,Sapporo Dome,14:00,02:58,16776,GAME20220619NFLM0392
2022,2022-06-19,Reg Season,Tohoku Rakuten Golden Eagles,Away,L,1,Fukuoka Softbank Hawks,1,3,2,"0,0,0,0,0,1,0,0,0",8,Mizuho PayPay Dome Fukuoka,13:00,02:37,31595,GAME20220619SHRE0389
2022,2022-06-19,Reg Season,Fukuoka Softbank Hawks,Home,W,4,Tohoku Rakuten Golden Eagles,4,7,0,"2,0,1,0,0,1,0,0,x",8,Mizuho PayPay Dome Fukuoka,13:00,02:37,31595,GAME20220619SHRE0389
2022,2022-06-19,Reg Season,Orix Buffaloes,Away,L,2,Saitama Seibu Lions,2,7,0,"1,0,0,1,0,0,0,0,0",12,Belluna Dome,13:00,02:46,16949,GAME20220619SLOB0394
2022,2022-06-19,Reg Season,Saitama Seibu Lions,Home,W,3,Orix Buffaloes,3,3,0,"0,0,0,3,0,0,0,0,x",12,Belluna Dome,13:00,02:46,16949,GAME20220619SLOB0394
2022,2022-06-19,Reg Season,Hiroshima Toyo Carp,Away,L,3,Tokyo Yakult Swallows,3,8,1,"2,0,0,0,0,0,1,0,0",9,Meiji Jingu Stadium,13:00,02:54,26618,GAME20220619YSHC0390
2022,2022-06-19,Reg Season,Tokyo Yakult Swallows,Home,W,8,Hiroshima Toyo Carp,8,12,0,"0,2,1,0,2,2,0,1,x",9,Meiji Jingu Stadium,13:00,02:54,26618,GAME20220619YSHC0390
2022,2022-06-21,Reg Season,Tokyo Yakult Swallows,Away,L,1,Chunichi Dragons,1,4,1,"0,0,1,0,0,0,0,0,0,0",9,Vantelin Dome Nagoya,18:00,02:59,19725,GAME20220621CDYS0397
2022,2022-06-21,Reg Season,Chunichi Dragons,Home,W,2,Tokyo Yakult Swallows,2,5,0,"0,0,0,0,0,0,0,1,0,1x",9,Vantelin Dome Nagoya,18:00,02:59,19725,GAME20220621CDYS0397
2022,2022-06-21,Reg Season,Hanshin Tigers,Away,L,3,Hiroshima Toyo Carp,3,7,1,"0,0,0,0,0,0,2,0,1",9,MAZDA Zoom-Zoom Stadium Hiroshima,18:00,02:53,24339,GAME20220621HCHT0399
2022,2022-06-21,Reg Season,Hiroshima Toyo Carp,Home,W,5,Hanshin Tigers,5,9,1,"1,0,0,0,4,0,0,0,x",9,MAZDA Zoom-Zoom Stadium Hiroshima,18:00,02:53,24339,GAME20220621HCHT0399
2022,2022-06-21,Reg Season,Saitama Seibu Lions,Away,W,3,Chiba Lotte Marines,3,7,1,"0,0,0,0,0,0,1,2,0",9,ZOZO Marine Stadium,18:00,02:37,13060,GAME20220621LMSL0396
2022,2022-06-21,Reg Season,Chiba Lotte Marines,Home,L,0,Saitama Seibu Lions,0,2,1,"0,0,0,0,0,0,0,0,0",9,ZOZO Marine Stadium,18:00,02:37,13060,GAME20220621LMSL0396
2022,2022-06-21,Reg Season,Fukuoka Softbank Hawks,Away,L,3,Orix Buffaloes,3,9,1,"0,0,1,0,0,0,0,1,1",10,Kyocera Dome Osaka,18:00,02:50,16335,GAME20220621OBSH0395
2022,2022-06-21,Reg Season,Orix Buffaloes,Home,W,4,Fukuoka Softbank Hawks,4,8,0,"0,0,0,1,0,0,3,0,x",10,Kyocera Dome Osaka,18:00,02:50,16335,GAME20220621OBSH0395
2022,2022-06-21,Reg Season,Hokkaido Nippon-Ham Fighters,Away,L,0,Tohoku Rakuten Golden Eagles,0,4,1,"0,0,0,0,0,0,0,0,0",10,Komachi Stadium,18:02,03:04,17128,GAME20220621RENF0400
2022,2022-06-21,Reg Season,Tohoku Rakuten Golden Eagles,Home,W,3,Hokkaido Nippon-Ham Fighters,3,8,1,"0,0,0,0,2,1,0,0,x",10,Komachi Stadium,18:02,03:04,17128,GAME20220621RENF0400
2022,2022-06-21,Reg Season,Yokohama DeNA Baystars,Away,W,3,Yomiuri Giants,3,7,0,"0,0,0,0,1,0,0,2,0",8,Tokyo Dome,18:00,03:26,34503,GAME20220621YGDB0398
2022,2022-06-21,Reg Season,Yomiuri Giants,Home,L,1,Yokohama DeNA Baystars,1,11,0,"0,0,0,0,0,1,0,0,0",8,Tokyo Dome,18:00,03:26,34503,GAME20220621YGDB0398
2022,2022-06-22,Reg Season,Tokyo Yakult Swallows,Away,W,7,Chunichi Dragons,7,12,0,"3,0,0,0,0,2,2,0,0",10,Vantelin Dome Nagoya,18:00,03:13,21122,GAME20220622CDYS0403
2022,2022-06-22,Reg Season,Chunichi Dragons,Home,L,3,Tokyo Yakult Swallows,3,8,1,"0,1,0,0,2,0,0,0,0",10,Vantelin Dome Nagoya,18:00,03:13,21122,GAME20220622CDYS0403
2022,2022-06-22,Reg Season,Hanshin Tigers,Away,L,4,Hiroshima Toyo Carp,4,10,1,"0,0,1,0,1,0,1,0,0,1,0",10,MAZDA Zoom-Zoom Stadium Hiroshima,18:00,03:56,27363,GAME20220622HCHT0405
2022,2022-06-22,Reg Season,Hiroshima Toyo Carp,Home,W,5,Hanshin Tigers,5,14,1,"0,1,1,0,1,0,0,0,0,1,1x",10,MAZDA Zoom-Zoom Stadium Hiroshima,18:00,03:56,27363,GAME20220622HCHT0405
2022,2022-06-22,Reg Season,Saitama Seibu Lions,Away,L,1,Chiba Lotte Marines,1,7,0,"0,0,0,0,0,0,0,0,1",10,ZOZO Marine Stadium,18:00,03:00,15464,GAME20220622LMSL0402
2022,2022-06-22,Reg Season,Chiba Lotte Marines,Home,W,2,Saitama Seibu Lions,2,7,0,"0,0,0,1,0,0,0,1,x",10,ZOZO Marine Stadium,18:00,03:00,15464,GAME20220622LMSL0402
2022,2022-06-22,Reg Season,Fukuoka Softbank Hawks,Away,L,0,Orix Buffaloes,0,4,0,"0,0,0,0,0,0,0,0,0",11,Kyocera Dome Osaka,18:03,02:33,16252,GAME20220622OBSH0401
2022,2022-06-22,Reg Season,Orix Buffaloes,Home,W,5,Fukuoka Softbank Hawks,5,10,0,"0,0,0,0,0,3,2,0,x",11,Kyocera Dome Osaka,18:03,02:33,16252,GAME20220622OBSH0401
2022,2022-06-22,Reg Season,Hokkaido Nippon-Ham Fighters,Away,L,3,Tohoku Rakuten Golden Eagles,3,6,3,"0,0,2,0,0,0,0,1,0",11,Iwate Prefectural Baseball Field,18:01,03:13,15585,GAME20220622RENF0406
2022,2022-06-22,Reg Season,Tohoku Rakuten Golden Eagles,Home,W,6,Hokkaido Nippon-Ham Fighters,6,11,0,"0,0,1,2,0,0,0,0,3x",11,Iwate Prefectural Baseball Field,18:01,03:13,15585,GAME20220622RENF0406
2022,2022-06-22,Reg Season,Yokohama DeNA Baystars,Away,L,4,Yomiuri Giants,4,7,0,"1,1,1,0,1,0,0,0,0",9,Tokyo Dome,18:00,02:58,29782,GAME20220622YGDB0404
2022,2022-06-22,Reg Season,Yomiuri Giants,Home,W,5,Yokohama DeNA Baystars,5,9,0,"3,0,1,0,0,0,1,0,x",9,Tokyo Dome,18:00,02:58,29782,GAME20220622YGDB0404
2022,2022-06-23,Reg Season,Tokyo Yakult Swallows,Away,W,10,Chunichi Dragons,10,14,0,"4,0,0,3,0,0,1,2,0",11,Vantelin Dome Nagoya,18:00,03:05,18595,GAME20220623CDYS0407
2022,2022-06-23,Reg Season,Chunichi Dragons,Home,L,0,Tokyo Yakult Swallows,0,6,0,"0,0,0,0,0,0,0,0,0",11,Vantelin Dome Nagoya,18:00,03:05,18595,GAME20220623CDYS0407
2022,2022-06-23,Reg Season,Hanshin Tigers,Away,T,3,Hiroshima Toyo Carp,3,10,0,"2,0,0,0,0,0,0,0,1,0,0,0",11,MAZDA Zoom-Zoom Stadium Hiroshima,18:01,04:52,24194,GAME20220623HCHT0409
2022,2022-06-23,Reg Season,Hiroshima Toyo Carp,Home,T,3,Hanshin Tigers,3,10,1,"0,0,0,0,2,0,1,0,0,0,0,0",11,MAZDA Zoom-Zoom Stadium Hiroshima,18:01,04:52,24194,GAME20220623HCHT0409
2022,2022-06-23,Reg Season,Yokohama DeNA Baystars,Away,W,7,Yomiuri Giants,7,16,0,"1,2,0,2,0,2,0,0,0",10,Tokyo Dome,18:00,03:25,26334,GAME20220623YGDB0408
2022,2022-06-23,Reg Season,Yomiuri Giants,Home,L,5,Yokohama DeNA Baystars,5,12,0,"0,0,0,0,0,4,1,0,0",10,Tokyo Dome,18:00,03:25,26334,GAME20220623YGDB0408
2022,2022-06-24,Reg Season,Hiroshima Toyo Carp,Away,W,7,Yokohama DeNA Baystars,7,13,0,"2,0,2,1,0,0,1,0,1",10,Yokohama Stadium,18:00,02:41,27917,GAME20220624DBHC0411
2022,2022-06-24,Reg Season,Yokohama DeNA Baystars,Home,L,0,Hiroshima Toyo Carp,0,6,1,"0,0,0,0,0,0,0,0,0",10,Yokohama Stadium,18:00,02:41,27917,GAME20220624DBHC0411
2022,2022-06-24,Reg Season,Chunichi Dragons,Away,L,4,Hanshin Tigers,4,11,1,"0,0,2,0,0,0,0,2,0",9,Hanshin Koshien Stadium,18:01,03:32,34757,GAME20220624HTCD0415
2022,2022-06-24,Reg Season,Hanshin Tigers,Home,W,6,Chunichi Dragons,6,11,1,"0,2,0,0,0,2,0,2,x",9,Hanshin Koshien Stadium,18:01,03:32,34757,GAME20220624HTCD0415
2022,2022-06-24,Reg Season,Orix Buffaloes,Away,W,5,Chiba Lotte Marines,5,9,0,"0,1,0,0,0,2,0,0,2",10,ZOZO Marine Stadium,18:02,02:56,24038,GAME20220624LMOB0413
2022,2022-06-24,Reg Season,Chiba Lotte Marines,Home,L,0,Orix Buffaloes,0,4,1,"0,0,0,0,0,0,0,0,0",10,ZOZO Marine Stadium,18:02,02:56,24038,GAME20220624LMOB0413
2022,2022-06-24,Reg Season,Saitama Seibu Lions,Away,W,4,Tohoku Rakuten Golden Eagles,4,6,1,"0,0,2,1,0,1,0,0,0",9,Rakuten Seimei Park Miyagi,18:02,03:27,18045,GAME20220624RESL0414
2022,2022-06-24,Reg Season,Tohoku Rakuten Golden Eagles,Home,L,3,Saitama Seibu Lions,3,10,1,"1,1,0,0,0,1,0,0,0",9,Rakuten Seimei Park Miyagi,18:02,03:27,18045,GAME20220624RESL0414
2022,2022-06-24,Reg Season,Hokkaido Nippon-Ham Fighters,Away,L,1,Fukuoka Softbank Hawks,1,4,0,"0,1,0,0,0,0,0,0,0",10,Mizuho PayPay Dome Fukuoka,18:00,03:17,33481,GAME20220624SHNF0410
2022,2022-06-24,Reg Season,Fukuoka Softbank Hawks,Home,W,5,Hokkaido Nippon-Ham Fighters,5,10,0,"2,1,0,1,0,1,0,0,x",10,Mizuho PayPay Dome Fukuoka,18:00,03:17,33481,GAME20220624SHNF0410
2022,2022-06-24,Reg Season,Yomiuri Giants,Away,L,6,Tokyo Yakult Swallows,6,12,2,"0,0,1,0,0,1,1,1,2",10,Meiji Jingu Stadium,18:00,03:26,26767,GAME20220624YSYG0412
2022,2022-06-24,Reg Season,Tokyo Yakult Swallows,Home,W,16,Yomiuri Giants,16,19,0,"4,0,3,0,0,4,4,1,x",10,Meiji Jingu Stadium,18:00,03:26,26767,GAME20220624YSYG0412
2022,2022-06-25,Reg Season,Hiroshima Toyo Carp,Away,W,5,Yokohama DeNA Baystars,5,11,1,"0,0,5,0,0,0,0,0,0",11,Yokohama Stadium,14:00,03:35,24015,GAME20220625DBHC0417
2022,2022-06-25,Reg Season,Yokohama DeNA Baystars,Home,L,4,Hiroshima Toyo Carp,4,11,0,"0,2,1,0,0,0,1,0,0",11,Yokohama Stadium,14:00,03:35,24015,GAME20220625DBHC0417
2022,2022-06-25,Reg Season,Chunichi Dragons,Away,L,0,Hanshin Tigers,0,9,1,"0,0,0,0,0,0,0,0,0",10,Hanshin Koshien Stadium,14:00,03:21,37553,GAME20220625HTCD0421
2022,2022-06-25,Reg Season,Hanshin Tigers,Home,W,10,Chunichi Dragons,10,14,2,"1,3,1,4,0,1,0,0,x",10,Hanshin Koshien Stadium,14:00,03:21,37553,GAME20220625HTCD0421
2022,2022-06-25,Reg Season,Orix Buffaloes,Away,W,4,Chiba Lotte Marines,4,14,0,"1,1,0,1,0,0,1,0,0",11,ZOZO Marine Stadium,14:00,02:51,23873,GAME20220625LMOB0419
2022,2022-06-25,Reg Season,Chiba Lotte Marines,Home,L,0,Orix Buffaloes,0,5,0,"0,0,0,0,0,0,0,0,0",11,ZOZO Marine Stadium,14:00,02:51,23873,GAME20220625LMOB0419
2022,2022-06-25,Reg Season,Saitama Seibu Lions,Away,W,2,Tohoku Rakuten Golden Eagles,2,4,0,"0,0,0,0,0,0,2,0,0",10,Rakuten Seimei Park Miyagi,14:00,02:46,24914,GAME20220625RESL0420
2022,2022-06-25,Reg Season,Tohoku Rakuten Golden Eagles,Home,L,0,Saitama Seibu Lions,0,3,0,"0,0,0,0,0,0,0,0,0",10,Rakuten Seimei Park Miyagi,14:00,02:46,24914,GAME20220625RESL0420
2022,2022-06-25,Reg Season,Hokkaido Nippon-Ham Fighters,Away,L,0,Fukuoka Softbank Hawks,0,4,0,"0,0,0,0,0,0,0,0,0",11,Mizuho PayPay Dome Fukuoka,18:00,02:47,35637,GAME20220625SHNF0416
2022,2022-06-25,Reg Season,Fukuoka Softbank Hawks,Home,W,3,Hokkaido Nippon-Ham Fighters,3,8,0,"0,0,0,2,0,0,0,1,x",11,Mizuho PayPay Dome Fukuoka,18:00,02:47,35637,GAME20220625SHNF0416
2022,2022-06-25,Reg Season,Yomiuri Giants,Away,W,19,Tokyo Yakult Swallows,19,19,0,"4,1,1,0,1,5,3,0,4",11,Meiji Jingu Stadium,14:00,03:34,27159,GAME20220625YSYG0418
2022,2022-06-25,Reg Season,Tokyo Yakult Swallows,Home,L,5,Yomiuri Giants,5,9,1,"0,0,0,2,0,2,0,0,1",11,Meiji Jingu Stadium,14:00,03:34,27159,GAME20220625YSYG0418
2022,2022-06-26,Reg Season,Hiroshima Toyo Carp,Away,W,4,Yokohama DeNA Baystars,4,12,0,"0,0,0,0,0,2,0,1,0,0,0,1",12,Yokohama Stadium,14:00,04:20,22767,GAME20220626DBHC0423
2022,2022-06-26,Reg Season,Yokohama DeNA Baystars,Home,L,3,Hiroshima Toyo Carp,3,11,0,"1,0,0,0,0,0,0,1,1,0,0,0",12,Yokohama Stadium,14:00,04:20,22767,GAME20220626DBHC0423
2022,2022-06-26,Reg Season,Chunichi Dragons,Away,L,5,Hanshin Tigers,5,15,1,"0,0,0,3,1,0,1,0,0,0,0",11,Hanshin Koshien Stadium,14:01,04:16,42085,GAME20220626HTCD0427
2022,2022-06-26,Reg Season,Hanshin Tigers,Home,W,6,Chunichi Dragons,6,15,1,"3,0,0,0,0,0,0,2,0,0,1x",11,Hanshin Koshien Stadium,14:01,04:16,42085,GAME20220626HTCD0427
2022,2022-06-26,Reg Season,Orix Buffaloes,Away,L,2,Chiba Lotte Marines,2,4,0,"0,0,0,0,0,2,0,0,0,0,0",12,ZOZO Marine Stadium,14:02,03:46,21767,GAME20220626LMOB0425
2022,2022-06-26,Reg Season,Chiba Lotte Marines,Home,W,3,Orix Buffaloes,3,7,0,"0,1,0,0,1,0,0,0,0,0,1x",12,ZOZO Marine Stadium,14:02,03:46,21767,GAME20220626LMOB0425
2022,2022-06-26,Reg Season,Saitama Seibu Lions,Away,W,2,Tohoku Rakuten Golden Eagles,2,9,0,"0,0,0,1,0,1,0,0,0",11,Rakuten Seimei Park Miyagi,13:01,02:54,22367,GAME20220626RESL0426
2022,2022-06-26,Reg Season,Tohoku Rakuten Golden Eagles,Home,L,0,Saitama Seibu Lions,0,5,2,"0,0,0,0,0,0,0,0,0",11,Rakuten Seimei Park Miyagi,13:01,02:54,22367,GAME20220626RESL0426
2022,2022-06-26,Reg Season,Hokkaido Nippon-Ham Fighters,Away,W,3,Fukuoka Softbank Hawks,3,7,1,"0,0,0,0,1,0,0,1,0,1",12,Mizuho PayPay Dome Fukuoka,14:00,03:57,34087,GAME20220626SHNF0422
2022,2022-06-26,Reg Season,Fukuoka Softbank Hawks,Home,L,2,Hokkaido Nippon-Ham Fighters,2,5,2,"0,1,0,0,0,1,0,0,0,0",12,Mizuho PayPay Dome Fukuoka,14:00,03:57,34087,GAME20220626SHNF0422
2022,2022-06-26,Reg Season,Yomiuri Giants,Away,L,10,Tokyo Yakult Swallows,10,14,2,"3,0,2,0,0,2,1,0,2",12,Meiji Jingu Stadium,13:00,04:02,25440,GAME20220626YSYG0424
2022,2022-06-26,Reg Season,Tokyo Yakult Swallows,Home,W,11,Yomiuri Giants,11,14,1,"1,0,6,0,0,0,1,3,x",12,Meiji Jingu Stadium,13:00,04:02,25440,GAME20220626YSYG0424
2022,2022-06-27,Reg Season,Chiba Lotte Marines,Away,W,8,Fukuoka Softbank Hawks,8,11,0,"0,0,4,0,0,0,0,1,3",12,Tokyo Dome,18:01,03:13,41791,GAME20220627SHLM0428
2022,2022-06-27,Reg Season,Fukuoka Softbank Hawks,Home,L,1,Chiba Lotte Marines,1,9,0,"0,0,0,0,0,0,0,1,0",12,Tokyo Dome,18:01,03:13,41791,GAME20220627SHLM0428
2022,2022-06-28,Reg Season,Hanshin Tigers,Away,L,2,Yokohama DeNA Baystars,2,6,1,"2,0,0,0,0,0,0,0,0",11,Yokohama Stadium,18:00,02:58,24207,GAME20220628DBHT0430
2022,2022-06-28,Reg Season,Yokohama DeNA Baystars,Home,W,6,Hanshin Tigers,6,7,2,"0,0,2,0,1,3,0,0,x",11,Yokohama Stadium,18:00,02:58,24207,GAME20220628DBHT0430
2022,2022-06-28,Reg Season,Tokyo Yakult Swallows,Away,W,6,Hiroshima Toyo Carp,6,8,0,"0,0,0,0,0,4,1,1,0",10,MAZDA Zoom-Zoom Stadium Hiroshima,18:00,03:14,23883,GAME20220628HCYS0432
2022,2022-06-28,Reg Season,Hiroshima Toyo Carp,Home,L,3,Tokyo Yakult Swallows,3,11,0,"0,0,0,3,0,0,0,0,0",10,MAZDA Zoom-Zoom Stadium Hiroshima,18:00,03:14,23883,GAME20220628HCYS0432
2022,2022-06-28,Reg Season,Tohoku Rakuten Golden Eagles,Away,W,4,Orix Buffaloes,4,10,1,"0,1,1,0,0,0,0,0,2",10,Kobe Athletic Park Baseball Field,18:00,03:06,16961,GAME20220628OBRE0429
2022,2022-06-28,Reg Season,Orix Buffaloes,Home,L,2,Tohoku Rakuten Golden Eagles,2,11,0,"0,0,0,0,0,0,0,1,1",10,Kobe Athletic Park Baseball Field,18:00,03:06,16961,GAME20220628OBRE0429
2022,2022-06-28,Reg Season,Hokkaido Nippon-Ham Fighters,Away,L,2,Saitama Seibu Lions,2,7,0,"0,1,1,0,0,0,0,0,0",12,Belluna Dome,18:01,03:22,10520,GAME20220628SLNF0433
2022,2022-06-28,Reg Season,Saitama Seibu Lions,Home,W,5,Hokkaido Nippon-Ham Fighters,5,9,0,"3,0,0,0,0,0,0,2,x",12,Belluna Dome,18:01,03:22,10520,GAME20220628SLNF0433
2022,2022-06-28,Reg Season,Chunichi Dragons,Away,L,2,Yomiuri Giants,2,10,0,"0,0,1,0,0,1,0,0,0",13,Yamagata Prefectural Baseball Stadium,18:00,03:23,11562,GAME20220628YGCD0431
2022,2022-06-28,Reg Season,Yomiuri Giants,Home,W,6,Chunichi Dragons,6,9,0,"1,0,0,0,2,0,3,0,x",13,Yamagata Prefectural Baseball Stadium,18:00,03:23,11562,GAME20220628YGCD0431
2022,2022-06-29,Reg Season,Hanshin Tigers,Away,L,2,Yokohama DeNA Baystars,2,10,2,"1,1,0,0,0,0,0,0,0",12,Yokohama Stadium,18:00,02:44,24210,GAME20220629DBHT0435
2022,2022-06-29,Reg Season,Yokohama DeNA Baystars,Home,W,4,Hanshin Tigers,4,5,2,"2,0,0,2,0,0,0,0,x",12,Yokohama Stadium,18:00,02:44,24210,GAME20220629DBHT0435
2022,2022-06-29,Reg Season,Tokyo Yakult Swallows,Away,W,9,Hiroshima Toyo Carp,9,16,0,"0,0,0,2,0,0,1,2,4",11,MAZDA Zoom-Zoom Stadium Hiroshima,18:00,03:17,24052,GAME20220629HCYS0437
2022,2022-06-29,Reg Season,Hiroshima Toyo Carp,Home,L,2,Tokyo Yakult Swallows,2,11,2,"0,0,0,0,0,0,1,0,1",11,MAZDA Zoom-Zoom Stadium Hiroshima,18:00,03:17,24052,GAME20220629HCYS0437
2022,2022-06-29,Reg Season,Tohoku Rakuten Golden Eagles,Away,L,1,Orix Buffaloes,1,9,0,"0,1,0,0,0,0,0,0,0",11,Kobe Athletic Park Baseball Field,18:00,03:09,17093,GAME20220629OBRE0434
2022,2022-06-29,Reg Season,Orix Buffaloes,Home,W,6,Tohoku Rakuten Golden Eagles,6,10,0,"0,0,0,2,3,0,1,0,x",11,Kobe Athletic Park Baseball Field,18:00,03:09,17093,GAME20220629OBRE0434
2022,2022-06-29,Reg Season,Hokkaido Nippon-Ham Fighters,Away,L,2,Saitama Seibu Lions,2,3,0,"0,0,0,0,0,1,0,0,1",13,Belluna Dome,18:00,02:37,10786,GAME20220629SLNF0438
2022,2022-06-29,Reg Season,Saitama Seibu Lions,Home,W,6,Hokkaido Nippon-Ham Fighters,6,8,0,"2,0,1,0,0,2,0,1,x",13,Belluna Dome,18:00,02:37,10786,GAME20220629SLNF0438
2022,2022-06-29,Reg Season,Chunichi Dragons,Away,W,3,Yomiuri Giants,3,13,1,"1,0,0,0,1,0,0,0,0,1",14,York Kaiseizan Stadium,18:00,04:12,10575,GAME20220629YGCD0436
2022,2022-06-29,Reg Season,Yomiuri Giants,Home,L,2,Chunichi Dragons,2,8,0,"0,1,1,0,0,0,0,0,0,0",14,York Kaiseizan Stadium,18:00,04:12,10575,GAME20220629YGCD0436
2022,2022-06-30,Reg Season,Hanshin Tigers,Away,L,5,Yokohama DeNA Baystars,5,11,1,"0,0,0,0,2,1,1,1,0",13,Yokohama Stadium,18:00,03:59,23604,GAME20220630DBHT0439
2022,2022-06-30,Reg Season,Yokohama DeNA Baystars,Home,W,6,Hanshin Tigers,6,13,1,"4,0,0,0,0,0,0,0,2x",13,Yokohama Stadium,18:00,03:59,23604,GAME20220630DBHT0439
2022,2022-06-30,Reg Season,Tokyo Yakult Swallows,Away,W,4,Hiroshima Toyo Carp,4,9,1,"0,0,1,0,0,0,0,0,0,1,0,2",12,MAZDA Zoom-Zoom Stadium Hiroshima,18:00,03:59,24100,GAME20220630HCYS0440
2022,2022-06-30,Reg Season,Hiroshima Toyo Carp,Home,L,2,Tokyo Yakult Swallows,2,7,2,"0,0,0,0,0,1,0,0,0,1,0,0",12,MAZDA Zoom-Zoom Stadium Hiroshima,18:00,03:59,24100,GAME20220630HCYS0440
2022,2022-07-01,Reg Season,Hanshin Tigers,Away,L,1,Chunichi Dragons,1,6,0,"0,0,0,0,0,0,0,1,0",12,Vantelin Dome Nagoya,18:00,03:20,20984,GAME20220701CDHT0443
2022,2022-07-01,Reg Season,Chunichi Dragons,Home,W,3,Hanshin Tigers,3,6,1,"0,0,1,0,0,0,0,2,x",12,Vantelin Dome Nagoya,18:00,03:20,20984,GAME20220701CDHT0443
2022,2022-07-01,Reg Season,Yomiuri Giants,Away,L,3,Hiroshima Toyo Carp,3,8,0,"0,1,0,0,0,2,0,0,0",13,MAZDA Zoom-Zoom Stadium Hiroshima,18:00,03:30,30263,GAME20220701HCYG0444
2022,2022-07-01,Reg Season,Hiroshima Toyo Carp,Home,W,5,Yomiuri Giants,5,9,1,"2,0,0,1,2,0,0,0,x",13,MAZDA Zoom-Zoom Stadium Hiroshima,18:00,03:30,30263,GAME20220701HCYG0444
2022,2022-07-01,Reg Season,Tohoku Rakuten Golden Eagles,Away,L,4,Chiba Lotte Marines,4,10,0,"0,0,0,0,3,0,1,0,0",12,ZOZO Marine Stadium,18:00,03:34,20194,GAME20220701LMRE0442
2022,2022-07-01,Reg Season,Chiba Lotte Marines,Home,W,6,Tohoku Rakuten Golden Eagles,6,10,0,"1,0,0,1,0,0,2,2,x",12,ZOZO Marine Stadium,18:00,03:34,20194,GAME20220701LMRE0442
2022,2022-07-01,Reg Season,Orix Buffaloes,Away,L,1,Hokkaido Nippon-Ham Fighters,1,9,2,"0,0,0,0,0,0,1,0,0",11,Sapporo Dome,18:01,02:56,13934,GAME20220701NFOB0445
2022,2022-07-01,Reg Season,Hokkaido Nippon-Ham Fighters,Home,W,2,Orix Buffaloes,2,4,0,"0,1,0,1,0,0,0,0,x",11,Sapporo Dome,18:01,02:56,13934,GAME20220701NFOB0445
2022,2022-07-01,Reg Season,Yokohama DeNA Baystars,Away,W,6,Tokyo Yakult Swallows,6,11,0,"1,2,0,1,1,0,0,0,1",10,Meiji Jingu Stadium,18:00,03:08,25184,GAME20220701YSDB0441
2022,2022-07-01,Reg Season,Tokyo Yakult Swallows,Home,L,4,Yokohama DeNA Baystars,4,9,0,"0,1,2,0,1,0,0,0,0",10,Meiji Jingu Stadium,18:00,03:08,25184,GAME20220701YSDB0441
2022,2022-07-02,Reg Season,Hanshin Tigers,Away,W,5,Chunichi Dragons,5,7,2,"0,0,4,0,0,0,0,1,0",13,Vantelin Dome Nagoya,14:01,03:04,29451,GAME20220702CDHT0448
2022,2022-07-02,Reg Season,Chunichi Dragons,Home,L,2,Hanshin Tigers,2,9,0,"0,0,0,0,0,0,2,0,0",13,Vantelin Dome Nagoya,14:01,03:04,29451,GAME20220702CDHT0448
2022,2022-07-02,Reg Season,Yomiuri Giants,Away,L,0,Hiroshima Toyo Carp,0,5,0,"0,0,0,0,0,0,0,0,0",14,MAZDA Zoom-Zoom Stadium Hiroshima,14:01,02:55,30465,GAME20220702HCYG0449
2022,2022-07-02,Reg Season,Hiroshima Toyo Carp,Home,W,2,Yomiuri Giants,2,8,0,"0,0,0,0,0,0,0,0,2x",14,MAZDA Zoom-Zoom Stadium Hiroshima,14:01,02:55,30465,GAME20220702HCYG0449
2022,2022-07-02,Reg Season,Tohoku Rakuten Golden Eagles,Away,L,1,Chiba Lotte Marines,1,5,1,"0,1,0,0,0,0,0,0,0",13,ZOZO Marine Stadium,14:00,03:09,19090,GAME20220702LMRE0447
2022,2022-07-02,Reg Season,Chiba Lotte Marines,Home,W,3,Tohoku Rakuten Golden Eagles,3,4,0,"0,0,0,0,1,0,0,2,x",13,ZOZO Marine Stadium,14:00,03:09,19090,GAME20220702LMRE0447
2022,2022-07-02,Reg Season,Orix Buffaloes,Away,L,0,Hokkaido Nippon-Ham Fighters,0,5,0,"0,0,0,0,0,0,0,0,0",12,Sapporo Dome,14:00,02:39,30223,GAME20220702NFOB0450
2022,2022-07-02,Reg Season,Hokkaido Nippon-Ham Fighters,Home,W,5,Orix Buffaloes,5,9,0,"1,0,0,0,0,2,2,0,x",12,Sapporo Dome,14:00,02:39,30223,GAME20220702NFOB0450
2022,2022-07-02,Reg Season,Fukuoka Softbank Hawks,Away,W,3,Saitama Seibu Lions,3,9,0,"1,0,0,0,0,0,0,0,2",10,Belluna Dome,18:00,03:13,19768,GAME20220702SLSH0451
2022,2022-07-02,Reg Season,Saitama Seibu Lions,Home,L,2,Fukuoka Softbank Hawks,2,6,0,"0,0,1,0,0,0,0,1,0",10,Belluna Dome,18:00,03:13,19768,GAME20220702SLSH0451
2022,2022-07-02,Reg Season,Yokohama DeNA Baystars,Away,L,1,Tokyo Yakult Swallows,1,6,0,"0,0,0,0,0,0,1,0,0,0",11,Meiji Jingu Stadium,18:00,03:08,27287,GAME20220702YSDB0446
2022,2022-07-02,Reg Season,Tokyo Yakult Swallows,Home,W,2,Yokohama DeNA Baystars,2,9,0,"0,0,0,0,0,0,0,1,0,1x",11,Meiji Jingu Stadium,18:00,03:08,27287,GAME20220702YSDB0446
2022,2022-07-03,Reg Season,Hanshin Tigers,Away,W,3,Chunichi Dragons,3,5,0,"0,2,1,0,0,0,0,0,0",14,Vantelin Dome Nagoya,14:00,02:47,30929,GAME20220703CDHT0454
2022,2022-07-03,Reg Season,Chunichi Dragons,Home,L,0,Hanshin Tigers,0,8,0,"0,0,0,0,0,0,0,0,0",14,Vantelin Dome Nagoya,14:00,02:47,30929,GAME20220703CDHT0454
2022,2022-07-03,Reg Season,Yomiuri Giants,Away,W,7,Hiroshima Toyo Carp,7,12,2,"0,0,0,0,1,2,2,1,1",15,MAZDA Zoom-Zoom Stadium Hiroshima,13:30,03:30,30496,GAME20220703HCYG0455
2022,2022-07-03,Reg Season,Hiroshima Toyo Carp,Home,L,5,Yomiuri Giants,5,8,1,"0,0,0,3,0,0,2,0,0",15,MAZDA Zoom-Zoom Stadium Hiroshima,13:30,03:30,30496,GAME20220703HCYG0455
2022,2022-07-03,Reg Season,Tohoku Rakuten Golden Eagles,Away,W,14,Chiba Lotte Marines,14,21,0,"1,0,1,0,5,3,1,0,3",14,ZOZO Marine Stadium,14:01,03:28,17389,GAME20220703LMRE0453
2022,2022-07-03,Reg Season,Chiba Lotte Marines,Home,L,1,Tohoku Rakuten Golden Eagles,1,7,0,"0,0,0,0,0,0,1,0,0",14,ZOZO Marine Stadium,14:01,03:28,17389,GAME20220703LMRE0453
2022,2022-07-03,Reg Season,Orix Buffaloes,Away,W,7,Hokkaido Nippon-Ham Fighters,7,10,0,"3,0,0,0,0,0,1,0,3",13,Sapporo Dome,14:00,03:31,14240,GAME20220703NFOB0456
2022,2022-07-03,Reg Season,Hokkaido Nippon-Ham Fighters,Home,L,3,Orix Buffaloes,3,7,0,"0,0,2,0,0,0,1,0,0",13,Sapporo Dome,14:00,03:31,14240,GAME20220703NFOB0456
2022,2022-07-03,Reg Season,Fukuoka Softbank Hawks,Away,W,3,Saitama Seibu Lions,3,6,0,"1,0,2,0,0,0,0,0,0",11,Belluna Dome,13:00,02:23,26532,GAME20220703SLSH0457
2022,2022-07-03,Reg Season,Saitama Seibu Lions,Home,L,0,Fukuoka Softbank Hawks,0,1,0,"0,0,0,0,0,0,0,0,0",11,Belluna Dome,13:00,02:23,26532,GAME20220703SLSH0457
2022,2022-07-03,Reg Season,Yokohama DeNA Baystars,Away,L,4,Tokyo Yakult Swallows,4,13,0,"0,1,0,0,2,0,0,0,1",12,Meiji Jingu Stadium,18:00,03:34,17037,GAME20220703YSDB0452
2022,2022-07-03,Reg Season,Tokyo Yakult Swallows,Home,W,11,Yokohama DeNA Baystars,11,14,0,"5,1,0,1,1,2,1,0,x",12,Meiji Jingu Stadium,18:00,03:34,17037,GAME20220703YSDB0452
2022,2022-07-05,Reg Season,Hokkaido Nippon-Ham Fighters,Away,L,1,Chiba Lotte Marines,1,4,1,"0,1,0,0,0,0,0,0,0,0",10,ZOZO Marine Stadium,18:00,02:57,12547,GAME20220705LMNF0459
2022,2022-07-05,Reg Season,Chiba Lotte Marines,Home,W,2,Hokkaido Nippon-Ham Fighters,2,7,0,"0,0,0,0,0,0,1,0,0,1x",10,ZOZO Marine Stadium,18:00,02:57,12547,GAME20220705LMNF0459
2022,2022-07-05,Reg Season,Saitama Seibu Lions,Away,W,5,Orix Buffaloes,5,13,1,"0,0,0,0,0,0,3,1,0,0,0,1",13,Kyocera Dome Osaka,18:01,04:09,12033,GAME20220705OBSL0458
2022,2022-07-05,Reg Season,Orix Buffaloes,Home,L,4,Saitama Seibu Lions,4,10,0,"0,1,0,0,0,0,2,1,0,0,0,0",13,Kyocera Dome Osaka,18:01,04:09,12033,GAME20220705OBSL0458
2022,2022-07-05,Reg Season,Fukuoka Softbank Hawks,Away,W,6,Tohoku Rakuten Golden Eagles,6,10,1,"0,0,4,2,0,0,0,0,0",9,Hirosaki City Athletic Park Baseball Stadium,18:02,03:21,10191,GAME20220705RESH0461
2022,2022-07-05,Reg Season,Tohoku Rakuten Golden Eagles,Home,L,2,Fukuoka Softbank Hawks,2,2,0,"0,0,0,0,1,1,0,0,0",9,Hirosaki City Athletic Park Baseball Stadium,18:02,03:21,10191,GAME20220705RESH0461
2022,2022-07-05,Reg Season,Tokyo Yakult Swallows,Away,L,1,Yomiuri Giants,1,6,0,"1,0,0,0,0,0,0,0,0",13,Tokyo Dome,18:02,02:53,28817,GAME20220705YGYS0460
2022,2022-07-05,Reg Season,Yomiuri Giants,Home,W,4,Tokyo Yakult Swallows,4,9,0,"3,0,0,1,0,0,0,0,x",13,Tokyo Dome,18:02,02:53,28817,GAME20220705YGYS0460
2022,2022-07-06,Reg Season,Chunichi Dragons,Away,L,1,Yokohama DeNA Baystars,1,6,1,"0,0,1,0,0,0,0,0,0",9,Yokohama Stadium,17:45,02:50,20281,GAME20220706DBCD0463
2022,2022-07-06,Reg Season,Yokohama DeNA Baystars,Home,W,3,Chunichi Dragons,3,7,1,"3,0,0,0,0,0,0,0,x",9,Yokohama Stadium,17:45,02:50,20281,GAME20220706DBCD0463
2022,2022-07-06,Reg Season,Hiroshima Toyo Carp,Away,L,2,Hanshin Tigers,2,2,0,"0,2,0,0,0,0,0,0,0",12,Hanshin Koshien Stadium,18:01,02:24,36890,GAME20220706HTHC0466
2022,2022-07-06,Reg Season,Hanshin Tigers,Home,W,3,Hiroshima Toyo Carp,3,5,1,"0,0,0,3,0,0,0,0,x",12,Hanshin Koshien Stadium,18:01,02:24,36890,GAME20220706HTHC0466
2022,2022-07-06,Reg Season,Hokkaido Nippon-Ham Fighters,Away,L,4,Chiba Lotte Marines,4,8,0,"0,0,1,1,1,1,0,0,0",11,ZOZO Marine Stadium,18:00,03:08,12767,GAME20220706LMNF0464
2022,2022-07-06,Reg Season,Chiba Lotte Marines,Home,W,5,Hokkaido Nippon-Ham Fighters,5,5,0,"1,0,0,4,0,0,0,0,x",11,ZOZO Marine Stadium,18:00,03:08,12767,GAME20220706LMNF0464
2022,2022-07-06,Reg Season,Saitama Seibu Lions,Away,W,5,Orix Buffaloes,5,13,0,"0,0,0,1,0,1,1,1,0,0,1",14,Kyocera Dome Osaka,18:01,04:16,13368,GAME20220706OBSL0462
2022,2022-07-06,Reg Season,Orix Buffaloes,Home,L,4,Saitama Seibu Lions,4,11,1,"0,1,0,0,0,1,0,2,0,0,0",14,Kyocera Dome Osaka,18:01,04:16,13368,GAME20220706OBSL0462
2022,2022-07-06,Reg Season,Tokyo Yakult Swallows,Away,L,3,Yomiuri Giants,3,9,0,"0,0,1,0,0,0,0,2,0,0",14,Tokyo Dome,18:01,04:02,30735,GAME20220706YGYS0465
2022,2022-07-06,Reg Season,Yomiuri Giants,Home,W,4,Tokyo Yakult Swallows,4,10,0,"0,1,0,1,1,0,0,0,0,1x",14,Tokyo Dome,18:01,04:02,30735,GAME20220706YGYS0465
2022,2022-07-07,Reg Season,Chunichi Dragons,Away,T,0,Yokohama DeNA Baystars,0,5,0,"0,0,0,0,0,0,0,0,0,0,0,0",10,Yokohama Stadium,17:45,03:37,24533,GAME20220707DBCD0468
2022,2022-07-07,Reg Season,Yokohama DeNA Baystars,Home,T,0,Chunichi Dragons,0,4,0,"0,0,0,0,0,0,0,0,0,0,0,0",10,Yokohama Stadium,17:45,03:37,24533,GAME20220707DBCD0468
2022,2022-07-07,Reg Season,Hiroshima Toyo Carp,Away,W,3,Hanshin Tigers,3,9,0,"0,1,0,0,0,0,0,0,2",13,Hanshin Koshien Stadium,18:00,02:51,38277,GAME20220707HTHC0472
2022,2022-07-07,Reg Season,Hanshin Tigers,Home,L,0,Hiroshima Toyo Carp,0,4,0,"0,0,0,0,0,0,0,0,0",13,Hanshin Koshien Stadium,18:00,02:51,38277,GAME20220707HTHC0472
2022,2022-07-07,Reg Season,Hokkaido Nippon-Ham Fighters,Away,W,7,Chiba Lotte Marines,7,11,1,"0,1,2,0,2,0,2,0,0",12,ZOZO Marine Stadium,18:00,02:50,12234,GAME20220707LMNF0469
2022,2022-07-07,Reg Season,Chiba Lotte Marines,Home,L,1,Hokkaido Nippon-Ham Fighters,1,5,2,"0,1,0,0,0,0,0,0,0",12,ZOZO Marine Stadium,18:00,02:50,12234,GAME20220707LMNF0469
2022,2022-07-07,Reg Season,Saitama Seibu Lions,Away,L,2,Orix Buffaloes,2,4,1,"0,0,0,0,0,0,0,2,0",15,Kyocera Dome Osaka,18:00,03:01,13692,GAME20220707OBSL0467
2022,2022-07-07,Reg Season,Orix Buffaloes,Home,W,6,Saitama Seibu Lions,6,7,0,"0,0,0,0,0,3,3,0,x",15,Kyocera Dome Osaka,18:00,03:01,13692,GAME20220707OBSL0467
2022,2022-07-07,Reg Season,Fukuoka Softbank Hawks,Away,L,2,Tohoku Rakuten Golden Eagles,2,6,1,"0,0,0,0,0,0,0,0,2",10,Rakuten Seimei Park Miyagi,18:00,03:10,20058,GAME20220707RESH0471
2022,2022-07-07,Reg Season,Tohoku Rakuten Golden Eagles,Home,W,5,Fukuoka Softbank Hawks,5,7,0,"0,0,1,1,0,0,3,0,x",10,Rakuten Seimei Park Miyagi,18:00,03:10,20058,GAME20220707RESH0471
2022,2022-07-07,Reg Season,Tokyo Yakult Swallows,Away,W,11,Yomiuri Giants,11,16,0,"5,0,0,1,0,2,2,0,1",15,Tokyo Dome,18:00,03:16,27390,GAME20220707YGYS0470
2022,2022-07-07,Reg Season,Yomiuri Giants,Home,L,3,Tokyo Yakult Swallows,3,9,0,"1,0,0,0,2,0,0,0,0",15,Tokyo Dome,18:00,03:16,27390,GAME20220707YGYS0470
2022,2022-07-08,Reg Season,Hiroshima Toyo Carp,Away,L,2,Chunichi Dragons,2,9,2,"0,0,2,0,0,0,0,0,0",12,Vantelin Dome Nagoya,18:00,03:02,20173,GAME20220708CDHC0476
2022,2022-07-08,Reg Season,Chunichi Dragons,Home,W,9,Hiroshima Toyo Carp,9,17,1,"1,2,4,0,0,1,0,1,x",12,Vantelin Dome Nagoya,18:00,03:02,20173,GAME20220708CDHC0476
2022,2022-07-08,Reg Season,Chiba Lotte Marines,Away,W,6,Orix Buffaloes,6,7,0,"0,0,0,3,0,3,0,0,0",13,Kyocera Dome Osaka,18:00,02:47,18156,GAME20220708OBLM0473
2022,2022-07-08,Reg Season,Orix Buffaloes,Home,L,1,Chiba Lotte Marines,1,5,2,"0,0,0,0,0,0,0,0,1",13,Kyocera Dome Osaka,18:00,02:47,18156,GAME20220708OBLM0473
2022,2022-07-08,Reg Season,Saitama Seibu Lions,Away,W,8,Tohoku Rakuten Golden Eagles,8,13,0,"1,2,1,0,0,0,0,1,3",12,Rakuten Seimei Park Miyagi,18:01,03:29,22605,GAME20220708RESL0478
2022,2022-07-08,Reg Season,Tohoku Rakuten Golden Eagles,Home,L,4,Saitama Seibu Lions,4,7,1,"0,0,0,1,0,3,0,0,0",12,Rakuten Seimei Park Miyagi,18:01,03:29,22605,GAME20220708RESL0478
2022,2022-07-08,Reg Season,Hokkaido Nippon-Ham Fighters,Away,W,4,Fukuoka Softbank Hawks,4,11,0,"2,0,0,0,0,0,0,0,0,2",13,Mizuho PayPay Dome Fukuoka,18:00,04:12,33147,GAME20220708SHNF0474
2022,2022-07-08,Reg Season,Fukuoka Softbank Hawks,Home,L,2,Hokkaido Nippon-Ham Fighters,2,7,1,"0,0,0,0,1,0,0,1,0,0",13,Mizuho PayPay Dome Fukuoka,18:00,04:12,33147,GAME20220708SHNF0474
2022,2022-07-08,Reg Season,Yokohama DeNA Baystars,Away,T,3,Yomiuri Giants,3,7,0,"0,0,0,1,0,0,0,0,0,0,2,0",11,Tokyo Dome,18:00,04:02,29808,GAME20220708YGDB0477
2022,2022-07-08,Reg Season,Yomiuri Giants,Home,T,3,Yokohama DeNA Baystars,3,5,0,"0,0,0,0,0,0,0,0,1,0,2,0",11,Tokyo Dome,18:00,04:02,29808,GAME20220708YGDB0477
2022,2022-07-08,Reg Season,Hanshin Tigers,Away,W,8,Tokyo Yakult Swallows,8,11,0,"1,0,0,0,0,2,5,0,0",13,Meiji Jingu Stadium,18:00,02:52,29042,GAME20220708YSHT0475
2022,2022-07-08,Reg Season,Tokyo Yakult Swallows,Home,L,0,Hanshin Tigers,0,3,1,"0,0,0,0,0,0,0,0,0",13,Meiji Jingu Stadium,18:00,02:52,29042,GAME20220708YSHT0475
2022,2022-07-09,Reg Season,Hiroshima Toyo Carp,Away,W,7,Chunichi Dragons,7,9,1,"0,1,0,0,0,5,0,0,1",13,Vantelin Dome Nagoya,14:00,02:58,30803,GAME20220709CDHC0481
2022,2022-07-09,Reg Season,Chunichi Dragons,Home,L,0,Hiroshima Toyo Carp,0,7,1,"0,0,0,0,0,0,0,0,0",13,Vantelin Dome Nagoya,14:00,02:58,30803,GAME20220709CDHC0481
2022,2022-07-09,Reg Season,Chiba Lotte Marines,Away,L,1,Orix Buffaloes,1,7,0,"0,0,0,1,0,0,0,0,0",14,Kobe Athletic Park Baseball Field,18:01,02:51,24748,GAME20220709OBLM0479
2022,2022-07-09,Reg Season,Orix Buffaloes,Home,W,3,Chiba Lotte Marines,3,9,0,"1,0,1,0,0,0,0,1,x",14,Kobe Athletic Park Baseball Field,18:01,02:51,24748,GAME20220709OBLM0479
2022,2022-07-09,Reg Season,Saitama Seibu Lions,Away,W,6,Tohoku Rakuten Golden Eagles,6,11,0,"0,0,1,0,2,0,0,3,0",13,Rakuten Seimei Park Miyagi,14:00,03:55,19969,GAME20220709RESL0483
2022,2022-07-09,Reg Season,Tohoku Rakuten Golden Eagles,Home,L,3,Saitama Seibu Lions,3,9,0,"2,0,1,0,0,0,0,0,0",13,Rakuten Seimei Park Miyagi,14:00,03:55,19969,GAME20220709RESL0483
2022,2022-07-09,Reg Season,Hokkaido Nippon-Ham Fighters,Away,W,7,Fukuoka Softbank Hawks,7,11,1,"0,0,0,2,1,0,1,0,3",14,Mizuho PayPay Dome Fukuoka,18:00,03:29,37596,GAME20220709SHNF0480
2022,2022-07-09,Reg Season,Fukuoka Softbank Hawks,Home,L,2,Hokkaido Nippon-Ham Fighters,2,5,0,"2,0,0,0,0,0,0,0,0",14,Mizuho PayPay Dome Fukuoka,18:00,03:29,37596,GAME20220709SHNF0480
2022,2022-07-09,Reg Season,Yokohama DeNA Baystars,Away,W,2,Yomiuri Giants,2,12,0,"0,0,0,1,0,0,0,0,1",12,Tokyo Dome,14:00,03:26,39821,GAME20220709YGDB0482
2022,2022-07-09,Reg Season,Yomiuri Giants,Home,L,0,Yokohama DeNA Baystars,0,6,1,"0,0,0,0,0,0,0,0,0",12,Tokyo Dome,14:00,03:26,39821,GAME20220709YGDB0482
2022,2022-07-10,Reg Season,Hiroshima Toyo Carp,Away,L,1,Chunichi Dragons,1,5,1,"0,0,0,0,0,0,1,0,0",14,Vantelin Dome Nagoya,14:00,02:42,36218,GAME20220710CDHC0486
2022,2022-07-10,Reg Season,Chunichi Dragons,Home,W,2,Hiroshima Toyo Carp,2,6,1,"1,1,0,0,0,0,0,0,x",14,Vantelin Dome Nagoya,14:00,02:42,36218,GAME20220710CDHC0486
2022,2022-07-10,Reg Season,Chiba Lotte Marines,Away,L,1,Orix Buffaloes,1,6,1,"1,0,0,0,0,0,0,0,0",15,Kobe Athletic Park Baseball Field,16:01,03:11,28821,GAME20220710OBLM0484
2022,2022-07-10,Reg Season,Orix Buffaloes,Home,W,10,Chiba Lotte Marines,10,16,0,"1,1,0,0,2,1,1,4,x",15,Kobe Athletic Park Baseball Field,16:01,03:11,28821,GAME20220710OBLM0484
2022,2022-07-10,Reg Season,Saitama Seibu Lions,Away,W,6,Tohoku Rakuten Golden Eagles,6,10,1,"3,1,0,0,2,0,0,0,0",14,Rakuten Seimei Park Miyagi,16:01,03:15,21791,GAME20220710RESL0488
2022,2022-07-10,Reg Season,Tohoku Rakuten Golden Eagles,Home,L,3,Saitama Seibu Lions,3,11,0,"1,1,0,0,0,0,0,0,1",14,Rakuten Seimei Park Miyagi,16:01,03:15,21791,GAME20220710RESL0488
2022,2022-07-10,Reg Season,Hokkaido Nippon-Ham Fighters,Away,W,2,Fukuoka Softbank Hawks,2,7,0,"0,0,0,0,0,2,0,0,0",15,Mizuho PayPay Dome Fukuoka,13:00,03:07,36543,GAME20220710SHNF0485
2022,2022-07-10,Reg Season,Fukuoka Softbank Hawks,Home,L,0,Hokkaido Nippon-Ham Fighters,0,7,0,"0,0,0,0,0,0,0,0,0",15,Mizuho PayPay Dome Fukuoka,13:00,03:07,36543,GAME20220710SHNF0485
2022,2022-07-10,Reg Season,Yokohama DeNA Baystars,Away,W,8,Yomiuri Giants,8,10,0,"0,0,2,0,0,2,0,0,0,4",13,Tokyo Dome,14:00,04:14,38121,GAME20220710YGDB0487
2022,2022-07-10,Reg Season,Yomiuri Giants,Home,L,4,Yokohama DeNA Baystars,4,10,1,"0,0,0,1,0,3,0,0,0,0",13,Tokyo Dome,14:00,04:14,38121,GAME20220710YGDB0487
2022,2022-07-12,Reg Season,Yokohama DeNA Baystars,Away,W,7,Hiroshima Toyo Carp,7,12,0,"2,0,1,0,0,0,1,3,0",13,MAZDA Zoom-Zoom Stadium Hiroshima,18:00,03:30,29208,GAME20220712HCDB0490
2022,2022-07-12,Reg Season,Hiroshima Toyo Carp,Home,L,4,Yokohama DeNA Baystars,4,7,2,"0,0,0,0,1,1,0,2,0",13,MAZDA Zoom-Zoom Stadium Hiroshima,18:00,03:30,29208,GAME20220712HCDB0490
2022,2022-07-12,Reg Season,Yomiuri Giants,Away,W,4,Hanshin Tigers,4,6,0,"3,0,0,1,0,0,0,0,0",13,Hanshin Koshien Stadium,18:00,02:35,38753,GAME20220712HTYG0491
2022,2022-07-12,Reg Season,Hanshin Tigers,Home,L,0,Yomiuri Giants,0,8,0,"0,0,0,0,0,0,0,0,0",13,Hanshin Koshien Stadium,18:00,02:35,38753,GAME20220712HTYG0491
2022,2022-07-12,Reg Season,Orix Buffaloes,Away,W,4,Fukuoka Softbank Hawks,4,10,0,"1,0,1,0,1,0,1,0,0",12,Mizuho PayPay Dome Fukuoka,18:00,03:11,30516,GAME20220712SHOB0489
2022,2022-07-12,Reg Season,Fukuoka Softbank Hawks,Home,L,2,Orix Buffaloes,2,8,0,"0,0,0,0,0,1,1,0,0",12,Mizuho PayPay Dome Fukuoka,18:00,03:11,30516,GAME20220712SHOB0489
2022,2022-07-12,Reg Season,Chiba Lotte Marines,Away,W,4,Saitama Seibu Lions,4,10,0,"0,0,0,0,2,1,1,0,0",11,Belluna Dome,18:00,03:29,8889,GAME20220712SLLM0492
2022,2022-07-12,Reg Season,Saitama Seibu Lions,Home,L,2,Chiba Lotte Marines,2,5,4,"0,0,0,0,1,0,0,0,1",11,Belluna Dome,18:00,03:29,8889,GAME20220712SLLM0492
2022,2022-07-13,Reg Season,Tokyo Yakult Swallows,Away,L,3,Chunichi Dragons,3,6,0,"2,0,0,1,0,0,0,0,0",12,Vantelin Dome Nagoya,18:00,03:02,19482,GAME20220713CDYS0494
2022,2022-07-13,Reg Season,Chunichi Dragons,Home,W,6,Tokyo Yakult Swallows,6,8,1,"0,0,0,0,0,1,4,1,x",12,Vantelin Dome Nagoya,18:00,03:02,19482,GAME20220713CDYS0494
2022,2022-07-13,Reg Season,Yokohama DeNA Baystars,Away,L,1,Hiroshima Toyo Carp,1,7,2,"1,0,0,0,0,0,0,0,0",14,MAZDA Zoom-Zoom Stadium Hiroshima,18:00,02:55,24574,GAME20220713HCDB0495
2022,2022-07-13,Reg Season,Hiroshima Toyo Carp,Home,W,4,Yokohama DeNA Baystars,4,7,1,"0,0,1,1,0,2,0,0,x",14,MAZDA Zoom-Zoom Stadium Hiroshima,18:00,02:55,24574,GAME20220713HCDB0495
2022,2022-07-13,Reg Season,Yomiuri Giants,Away,L,0,Hanshin Tigers,0,4,4,"0,0,0,0,0,0,0,0,0",14,Hanshin Koshien Stadium,18:01,03:06,39124,GAME20220713HTYG0497
2022,2022-07-13,Reg Season,Hanshin Tigers,Home,W,13,Yomiuri Giants,13,19,2,"3,3,1,0,0,1,1,4,x",14,Hanshin Koshien Stadium,18:01,03:06,39124,GAME20220713HTYG0497
2022,2022-07-13,Reg Season,Tohoku Rakuten Golden Eagles,Away,L,2,Hokkaido Nippon-Ham Fighters,2,8,0,"0,0,0,0,0,0,1,1,0",12,Kusanagi Baseball Stadium,18:01,03:21,12535,GAME20220713NFRE0496
2022,2022-07-13,Reg Season,Hokkaido Nippon-Ham Fighters,Home,W,3,Tohoku Rakuten Golden Eagles,3,6,0,"0,0,0,0,0,0,3,0,x",12,Kusanagi Baseball Stadium,18:01,03:21,12535,GAME20220713NFRE0496
2022,2022-07-13,Reg Season,Orix Buffaloes,Away,L,2,Fukuoka Softbank Hawks,2,1,2,"0,0,0,0,0,0,2,0,0",13,Mizuho PayPay Dome Fukuoka,18:00,02:21,29523,GAME20220713SHOB0493
2022,2022-07-13,Reg Season,Fukuoka Softbank Hawks,Home,W,4,Orix Buffaloes,4,6,1,"2,1,0,1,0,0,0,0,x",13,Mizuho PayPay Dome Fukuoka,18:00,02:21,29523,GAME20220713SHOB0493
2022,2022-07-13,Reg Season,Chiba Lotte Marines,Away,L,0,Saitama Seibu Lions,0,6,0,"0,0,0,0,0,0,0,0,0",12,Belluna Dome,18:00,03:00,8896,GAME20220713SLLM0498
2022,2022-07-13,Reg Season,Saitama Seibu Lions,Home,W,3,Chiba Lotte Marines,3,7,0,"0,1,0,0,0,0,1,1,x",12,Belluna Dome,18:00,03:00,8896,GAME20220713SLLM0498
2022,2022-07-14,Reg Season,Tokyo Yakult Swallows,Away,L,1,Chunichi Dragons,1,6,0,"1,0,0,0,0,0,0,0,0",13,Vantelin Dome Nagoya,18:00,03:01,18760,GAME20220714CDYS0500
2022,2022-07-14,Reg Season,Chunichi Dragons,Home,W,4,Tokyo Yakult Swallows,4,11,0,"1,0,1,0,0,0,2,0,x",13,Vantelin Dome Nagoya,18:00,03:01,18760,GAME20220714CDYS0500
2022,2022-07-14,Reg Season,Yokohama DeNA Baystars,Away,W,4,Hiroshima Toyo Carp,4,6,0,"0,0,3,0,0,1,0,0,0",15,MAZDA Zoom-Zoom Stadium Hiroshima,18:29,03:17,24479,GAME20220714HCDB0501
2022,2022-07-14,Reg Season,Hiroshima Toyo Carp,Home,L,3,Yokohama DeNA Baystars,3,6,3,"0,0,2,0,1,0,0,0,0",15,MAZDA Zoom-Zoom Stadium Hiroshima,18:29,03:17,24479,GAME20220714HCDB0501
2022,2022-07-14,Reg Season,Yomiuri Giants,Away,L,0,Hanshin Tigers,0,4,1,"0,0,0,0,0,0,0,0,0",15,Hanshin Koshien Stadium,18:00,02:38,38032,GAME20220714HTYG0503
2022,2022-07-14,Reg Season,Hanshin Tigers,Home,W,3,Yomiuri Giants,3,8,0,"1,0,0,1,0,0,1,0,x",15,Hanshin Koshien Stadium,18:00,02:38,38032,GAME20220714HTYG0503
2022,2022-07-14,Reg Season,Tohoku Rakuten Golden Eagles,Away,L,0,Hokkaido Nippon-Ham Fighters,0,7,0,"0,0,0,0,0,0,0,0,0",13,Kusanagi Baseball Stadium,18:00,02:48,10449,GAME20220714NFRE0502
2022,2022-07-14,Reg Season,Hokkaido Nippon-Ham Fighters,Home,W,6,Tohoku Rakuten Golden Eagles,6,8,1,"0,0,0,0,3,0,0,3,x",13,Kusanagi Baseball Stadium,18:00,02:48,10449,GAME20220714NFRE0502
2022,2022-07-14,Reg Season,Orix Buffaloes,Away,W,3,Fukuoka Softbank Hawks,3,6,0,"0,0,0,2,0,0,0,1,0",14,Mizuho PayPay Dome Fukuoka,18:00,02:40,29318,GAME20220714SHOB0499
2022,2022-07-14,Reg Season,Fukuoka Softbank Hawks,Home,L,2,Orix Buffaloes,2,4,0,"0,0,0,0,0,0,2,0,0",14,Mizuho PayPay Dome Fukuoka,18:00,02:40,29318,GAME20220714SHOB0499
2022,2022-07-14,Reg Season,Chiba Lotte Marines,Away,L,1,Saitama Seibu Lions,1,8,0,"0,0,0,0,1,0,0,0,0",13,Belluna Dome,18:00,03:21,8382,GAME20220714SLLM0504
2022,2022-07-14,Reg Season,Saitama Seibu Lions,Home,W,2,Chiba Lotte Marines,2,7,1,"0,0,0,0,2,0,0,0,x",13,Belluna Dome,18:00,03:21,8382,GAME20220714SLLM0504
2022,2022-07-15,Reg Season,Chunichi Dragons,Away,L,1,Hanshin Tigers,1,9,1,"1,0,0,0,0,0,0,0,0",15,Hanshin Koshien Stadium,18:01,03:16,37436,GAME20220715HTCD0506
2022,2022-07-15,Reg Season,Hanshin Tigers,Home,W,2,Chunichi Dragons,2,3,1,"0,2,0,0,0,0,0,0,x",15,Hanshin Koshien Stadium,18:01,03:16,37436,GAME20220715HTCD0506
2022,2022-07-15,Reg Season,Hiroshima Toyo Carp,Away,W,6,Yomiuri Giants,6,10,0,"2,0,0,0,0,0,0,0,0,0,4",16,Tokyo Dome,18:00,03:51,34971,GAME20220715YGHC0505
2022,2022-07-15,Reg Season,Yomiuri Giants,Home,L,3,Hiroshima Toyo Carp,3,11,0,"0,0,0,1,0,1,0,0,0,0,1",16,Tokyo Dome,18:00,03:51,34971,GAME20220715YGHC0505
2022,2022-07-16,Reg Season,Tokyo Yakult Swallows,Away,L,2,Yokohama DeNA Baystars,2,3,2,"0,0,0,2,0,0,0,0,0",13,Yokohama Stadium,18:15,02:54,23615,GAME20220716DBYS0507
2022,2022-07-16,Reg Season,Yokohama DeNA Baystars,Home,W,3,Tokyo Yakult Swallows,3,9,0,"0,2,0,0,0,0,0,0,1x",13,Yokohama Stadium,18:15,02:54,23615,GAME20220716DBYS0507
2022,2022-07-16,Reg Season,Chunichi Dragons,Away,W,3,Hanshin Tigers,3,8,1,"0,1,0,0,0,0,0,0,0,0,2",16,Hanshin Koshien Stadium,18:01,04:03,42582,GAME20220716HTCD0511
2022,2022-07-16,Reg Season,Hanshin Tigers,Home,L,1,Chunichi Dragons,1,7,1,"0,0,0,0,0,0,0,0,1,0,0",16,Hanshin Koshien Stadium,18:01,04:03,42582,GAME20220716HTCD0511
2022,2022-07-16,Reg Season,Saitama Seibu Lions,Away,L,0,Hokkaido Nippon-Ham Fighters,0,5,0,"0,0,0,0,0,0,0,0,0",14,Sapporo Dome,14:01,02:55,25058,GAME20220716NFSL0509
2022,2022-07-16,Reg Season,Hokkaido Nippon-Ham Fighters,Home,W,1,Saitama Seibu Lions,1,8,0,"0,0,0,0,0,1,0,0,x",14,Sapporo Dome,14:01,02:55,25058,GAME20220716NFSL0509
2022,2022-07-16,Reg Season,Orix Buffaloes,Away,L,3,Tohoku Rakuten Golden Eagles,3,7,2,"0,0,0,0,0,0,0,3,0",12,Rakuten Seimei Park Miyagi,14:02,03:03,18730,GAME20220716REOB0510
2022,2022-07-16,Reg Season,Tohoku Rakuten Golden Eagles,Home,W,7,Orix Buffaloes,7,10,0,"0,0,0,0,4,0,3,0,x",12,Rakuten Seimei Park Miyagi,14:02,03:03,18730,GAME20220716REOB0510
2022,2022-07-16,Reg Season,Hiroshima Toyo Carp,Away,W,11,Yomiuri Giants,11,16,0,"0,1,9,1,0,0,0,0,0",17,Tokyo Dome,14:00,03:23,40389,GAME20220716YGHC0508
2022,2022-07-16,Reg Season,Yomiuri Giants,Home,L,4,Hiroshima Toyo Carp,4,8,0,"0,0,0,0,0,0,4,0,0",17,Tokyo Dome,14:00,03:23,40389,GAME20220716YGHC0508
2022,2022-07-17,Reg Season,Tokyo Yakult Swallows,Away,L,2,Yokohama DeNA Baystars,2,8,0,"2,0,0,0,0,0,0,0,0",14,Yokohama Stadium,18:00,03:15,26424,GAME20220717DBYS0512
2022,2022-07-17,Reg Season,Yokohama DeNA Baystars,Home,W,10,Tokyo Yakult Swallows,10,15,0,"1,0,4,0,0,5,0,0,x",14,Yokohama Stadium,18:00,03:15,26424,GAME20220717DBYS0512
2022,2022-07-17,Reg Season,Chunichi Dragons,Away,L,1,Hanshin Tigers,1,4,2,"1,0,0,0,0,0,0,0,0",17,Hanshin Koshien Stadium,18:01,02:47,42601,GAME20220717HTCD0517
2022,2022-07-17,Reg Season,Hanshin Tigers,Home,W,3,Chunichi Dragons,3,8,2,"3,0,0,0,0,0,0,0,x",17,Hanshin Koshien Stadium,18:01,02:47,42601,GAME20220717HTCD0517
2022,2022-07-17,Reg Season,Fukuoka Softbank Hawks,Away,W,5,Chiba Lotte Marines,5,13,0,"1,0,0,1,0,0,0,1,0,2",13,ZOZO Marine Stadium,17:01,03:43,23570,GAME20220717LMSH0513
2022,2022-07-17,Reg Season,Chiba Lotte Marines,Home,L,3,Fukuoka Softbank Hawks,3,9,0,"0,1,2,0,0,0,0,0,0,0",13,ZOZO Marine Stadium,17:01,03:43,23570,GAME20220717LMSH0513
2022,2022-07-17,Reg Season,Saitama Seibu Lions,Away,W,4,Hokkaido Nippon-Ham Fighters,4,8,0,"0,0,0,0,0,4,0,0,0",15,Sapporo Dome,13:00,03:24,25233,GAME20220717NFSL0515
2022,2022-07-17,Reg Season,Hokkaido Nippon-Ham Fighters,Home,L,3,Saitama Seibu Lions,3,8,0,"2,0,0,0,0,0,0,0,1",15,Sapporo Dome,13:00,03:24,25233,GAME20220717NFSL0515
2022,2022-07-17,Reg Season,Orix Buffaloes,Away,W,7,Tohoku Rakuten Golden Eagles,7,14,0,"2,2,0,0,2,1,0,0,0",13,Rakuten Seimei Park Miyagi,13:00,03:44,18158,GAME20220717REOB0516
2022,2022-07-17,Reg Season,Tohoku Rakuten Golden Eagles,Home,L,3,Orix Buffaloes,3,12,1,"0,1,1,0,0,0,0,0,1",13,Rakuten Seimei Park Miyagi,13:00,03:44,18158,GAME20220717REOB0516
2022,2022-07-17,Reg Season,Hiroshima Toyo Carp,Away,W,10,Yomiuri Giants,10,6,0,"0,0,0,6,0,0,1,2,1",18,Tokyo Dome,14:00,03:20,40564,GAME20220717YGHC0514
2022,2022-07-17,Reg Season,Yomiuri Giants,Home,L,5,Hiroshima Toyo Carp,5,10,1,"2,0,2,1,0,0,0,0,0",18,Tokyo Dome,14:00,03:20,40564,GAME20220717YGHC0514
2022,2022-07-18,Reg Season,Yokohama DeNA Baystars,Away,W,2,Chunichi Dragons,2,3,0,"0,0,2,0,0,0,0,0,0",11,Vantelin Dome Nagoya,18:00,02:57,18755,GAME20220718CDDB0520
2022,2022-07-18,Reg Season,Chunichi Dragons,Home,L,1,Yokohama DeNA Baystars,1,5,0,"1,0,0,0,0,0,0,0,0",11,Vantelin Dome Nagoya,18:00,02:57,18755,GAME20220718CDDB0520
2022,2022-07-18,Reg Season,Fukuoka Softbank Hawks,Away,L,1,Chiba Lotte Marines,1,5,1,"1,0,0,0,0,0,0,0,0",14,ZOZO Marine Stadium,17:01,02:54,14664,GAME20220718LMSH0519
2022,2022-07-18,Reg Season,Chiba Lotte Marines,Home,W,2,Fukuoka Softbank Hawks,2,8,0,"1,0,1,0,0,0,0,0,x",14,ZOZO Marine Stadium,17:01,02:54,14664,GAME20220718LMSH0519
2022,2022-07-18,Reg Season,Saitama Seibu Lions,Away,W,5,Hokkaido Nippon-Ham Fighters,5,6,0,"0,0,0,2,0,3,0,0,0",16,Sapporo Dome,13:00,03:26,20539,GAME20220718NFSL0521
2022,2022-07-18,Reg Season,Hokkaido Nippon-Ham Fighters,Home,L,1,Saitama Seibu Lions,1,12,2,"0,1,0,0,0,0,0,0,0",16,Sapporo Dome,13:00,03:26,20539,GAME20220718NFSL0521
2022,2022-07-18,Reg Season,Orix Buffaloes,Away,L,3,Tohoku Rakuten Golden Eagles,3,6,2,"0,0,1,0,2,0,0,0,0",14,Rakuten Seimei Park Miyagi,14:02,03:40,17774,GAME20220718REOB0522
2022,2022-07-18,Reg Season,Tohoku Rakuten Golden Eagles,Home,W,8,Orix Buffaloes,8,12,0,"1,1,0,0,2,2,2,0,x",14,Rakuten Seimei Park Miyagi,14:02,03:40,17774,GAME20220718REOB0522
2022,2022-07-18,Reg Season,Yomiuri Giants,Away,W,10,Tokyo Yakult Swallows,10,16,0,"0,2,4,1,0,1,0,0,2",16,Meiji Jingu Stadium,18:01,03:42,24871,GAME20220718YSYG0518
2022,2022-07-18,Reg Season,Tokyo Yakult Swallows,Home,L,8,Yomiuri Giants,8,14,0,"4,0,1,0,1,0,2,0,0",16,Meiji Jingu Stadium,18:01,03:42,24871,GAME20220718YSYG0518
2022,2022-07-19,Reg Season,Yokohama DeNA Baystars,Away,L,2,Chunichi Dragons,2,10,0,"0,1,1,0,0,0,0,0,0",12,Vantelin Dome Nagoya,18:00,03:07,17868,GAME20220719CDDB0526
2022,2022-07-19,Reg Season,Chunichi Dragons,Home,W,3,Yokohama DeNA Baystars,3,6,0,"3,0,0,0,0,0,0,0,x",12,Vantelin Dome Nagoya,18:00,03:07,17868,GAME20220719CDDB0526
2022,2022-07-19,Reg Season,Hanshin Tigers,Away,W,3,Hiroshima Toyo Carp,3,10,0,"0,1,1,0,0,1,0,0,0",14,MAZDA Zoom-Zoom Stadium Hiroshima,18:00,02:33,25122,GAME20220719HCHT0527
2022,2022-07-19,Reg Season,Hiroshima Toyo Carp,Home,L,0,Hanshin Tigers,0,6,1,"0,0,0,0,0,0,0,0,0",14,MAZDA Zoom-Zoom Stadium Hiroshima,18:00,02:33,25122,GAME20220719HCHT0527
2022,2022-07-19,Reg Season,Saitama Seibu Lions,Away,L,3,Chiba Lotte Marines,3,7,2,"3,0,0,0,0,0,0,0,0",14,ZOZO Marine Stadium,18:00,03:18,12854,GAME20220719LMSL0525
2022,2022-07-19,Reg Season,Chiba Lotte Marines,Home,W,5,Saitama Seibu Lions,5,8,0,"0,0,1,0,1,0,3,0,x",14,ZOZO Marine Stadium,18:00,03:18,12854,GAME20220719LMSL0525
2022,2022-07-19,Reg Season,Hokkaido Nippon-Ham Fighters,Away,L,1,Orix Buffaloes,1,8,1,"0,0,1,0,0,0,0,0,0",14,Kyocera Dome Osaka,18:01,03:28,15516,GAME20220719OBNF0523
2022,2022-07-19,Reg Season,Orix Buffaloes,Home,W,7,Hokkaido Nippon-Ham Fighters,7,11,0,"0,3,1,1,0,0,0,2,x",14,Kyocera Dome Osaka,18:01,03:28,15516,GAME20220719OBNF0523
2022,2022-07-19,Reg Season,Yomiuri Giants,Away,L,3,Tokyo Yakult Swallows,3,8,1,"0,0,0,0,0,0,1,2,0",17,Meiji Jingu Stadium,18:00,03:13,20474,GAME20220719YSYG0524
2022,2022-07-19,Reg Season,Tokyo Yakult Swallows,Home,W,5,Yomiuri Giants,5,9,0,"0,2,0,0,1,2,0,0,x",17,Meiji Jingu Stadium,18:00,03:13,20474,GAME20220719YSYG0524
2022,2022-07-20,Reg Season,Yokohama DeNA Baystars,Away,W,6,Chunichi Dragons,6,9,1,"0,0,0,2,2,0,1,0,1",13,Vantelin Dome Nagoya,18:00,03:20,20791,GAME20220720CDDB0532
2022,2022-07-20,Reg Season,Chunichi Dragons,Home,L,4,Yokohama DeNA Baystars,4,12,0,"0,0,0,0,0,0,2,0,2",13,Vantelin Dome Nagoya,18:00,03:20,20791,GAME20220720CDDB0532
2022,2022-07-20,Reg Season,Hanshin Tigers,Away,L,3,Hiroshima Toyo Carp,3,8,2,"2,1,0,0,0,0,0,0,0",15,MAZDA Zoom-Zoom Stadium Hiroshima,18:00,03:09,25884,GAME20220720HCHT0533
2022,2022-07-20,Reg Season,Hiroshima Toyo Carp,Home,W,5,Hanshin Tigers,5,11,0,"1,0,0,0,0,0,4,0,x",15,MAZDA Zoom-Zoom Stadium Hiroshima,18:00,03:09,25884,GAME20220720HCHT0533
2022,2022-07-20,Reg Season,Saitama Seibu Lions,Away,L,4,Chiba Lotte Marines,4,6,3,"0,1,1,0,1,0,1,0,0",15,ZOZO Marine Stadium,18:00,02:50,14335,GAME20220720LMSL0531
2022,2022-07-20,Reg Season,Chiba Lotte Marines,Home,W,8,Saitama Seibu Lions,8,10,0,"1,0,1,0,3,1,2,0,x",15,ZOZO Marine Stadium,18:00,02:50,14335,GAME20220720LMSL0531
2022,2022-07-20,Reg Season,Hokkaido Nippon-Ham Fighters,Away,L,0,Orix Buffaloes,0,1,0,"0,0,0,0,0,0,0,0,0",15,Kyocera Dome Osaka,18:01,02:35,16050,GAME20220720OBNF0528
2022,2022-07-20,Reg Season,Orix Buffaloes,Home,W,2,Hokkaido Nippon-Ham Fighters,2,5,0,"0,0,2,0,0,0,0,0,x",15,Kyocera Dome Osaka,18:01,02:35,16050,GAME20220720OBNF0528
2022,2022-07-20,Reg Season,Tohoku Rakuten Golden Eagles,Away,W,17,Fukuoka Softbank Hawks,17,21,0,"6,2,3,4,1,1,0,0,0",11,Kitakyushu Municipal Baseball Stadium,18:00,03:39,16725,GAME20220720SHRE0529
2022,2022-07-20,Reg Season,Fukuoka Softbank Hawks,Home,L,3,Tohoku Rakuten Golden Eagles,3,8,1,"0,1,0,0,0,0,0,0,2",11,Kitakyushu Municipal Baseball Stadium,18:00,03:39,16725,GAME20220720SHRE0529
2022,2022-07-20,Reg Season,Yomiuri Giants,Away,L,2,Tokyo Yakult Swallows,2,7,1,"0,0,0,2,0,0,0,0,0",18,Meiji Jingu Stadium,18:00,03:13,22741,GAME20220720YSYG0530
2022,2022-07-20,Reg Season,Tokyo Yakult Swallows,Home,W,8,Yomiuri Giants,8,9,0,"0,0,0,2,0,2,3,1,x",18,Meiji Jingu Stadium,18:00,03:13,22741,GAME20220720YSYG0530
2022,2022-07-21,Reg Season,Saitama Seibu Lions,Away,L,4,Chiba Lotte Marines,4,10,0,"0,0,0,1,0,3,0,0,0",16,ZOZO Marine Stadium,18:00,03:20,15092,GAME20220721LMSL0536
2022,2022-07-21,Reg Season,Chiba Lotte Marines,Home,W,5,Saitama Seibu Lions,5,8,0,"2,0,0,0,0,0,0,0,3x",16,ZOZO Marine Stadium,18:00,03:20,15092,GAME20220721LMSL0536
2022,2022-07-21,Reg Season,Hokkaido Nippon-Ham Fighters,Away,L,3,Orix Buffaloes,3,7,3,"0,0,0,0,2,0,0,1,0",16,Kyocera Dome Osaka,18:02,03:00,15445,GAME20220721OBNF0534
2022,2022-07-21,Reg Season,Orix Buffaloes,Home,W,4,Hokkaido Nippon-Ham Fighters,4,8,0,"0,0,0,0,0,4,0,0,x",16,Kyocera Dome Osaka,18:02,03:00,15445,GAME20220721OBNF0534
2022,2022-07-21,Reg Season,Tohoku Rakuten Golden Eagles,Away,L,0,Fukuoka Softbank Hawks,0,4,1,"0,0,0,0,0,0,0,0,0",12,Mizuho PayPay Dome Fukuoka,18:00,03:27,29254,GAME20220721SHRE0535
2022,2022-07-21,Reg Season,Fukuoka Softbank Hawks,Home,W,7,Tohoku Rakuten Golden Eagles,7,9,0,"0,1,0,0,2,1,2,1,x",12,Mizuho PayPay Dome Fukuoka,18:00,03:27,29254,GAME20220721SHRE0535
2022,2022-07-22,Reg Season,Yokohama DeNA Baystars,Away,L,3,Hanshin Tigers,3,7,0,"0,0,0,1,0,0,0,0,2",14,Hanshin Koshien Stadium,18:05,03:04,37584,GAME20220722HTDB0539
2022,2022-07-22,Reg Season,Hanshin Tigers,Home,W,6,Yokohama DeNA Baystars,6,7,0,"0,0,0,2,0,2,2,0,x",14,Hanshin Koshien Stadium,18:05,03:04,37584,GAME20220722HTDB0539
2022,2022-07-22,Reg Season,Fukuoka Softbank Hawks,Away,W,7,Orix Buffaloes,7,12,1,"0,0,3,0,1,0,1,2,0",15,Kyocera Dome Osaka,18:00,03:59,18563,GAME20220722OBSH0537
2022,2022-07-22,Reg Season,Orix Buffaloes,Home,L,5,Fukuoka Softbank Hawks,5,10,0,"0,3,2,0,0,0,0,0,0",15,Kyocera Dome Osaka,18:00,03:59,18563,GAME20220722OBSH0537
2022,2022-07-22,Reg Season,Tohoku Rakuten Golden Eagles,Away,L,4,Saitama Seibu Lions,4,10,1,"0,0,0,0,0,4,0,0,0",15,Belluna Dome,18:00,03:49,19546,GAME20220722SLRE0540
2022,2022-07-22,Reg Season,Saitama Seibu Lions,Home,W,9,Tohoku Rakuten Golden Eagles,9,15,2,"2,2,1,0,0,0,1,3,x",15,Belluna Dome,18:00,03:49,19546,GAME20220722SLRE0540
2022,2022-07-22,Reg Season,Hiroshima Toyo Carp,Away,W,5,Tokyo Yakult Swallows,5,12,0,"0,0,0,0,0,0,0,2,3",13,Meiji Jingu Stadium,18:00,03:38,26735,GAME20220722YSHC0538
2022,2022-07-22,Reg Season,Tokyo Yakult Swallows,Home,L,2,Hiroshima Toyo Carp,2,9,1,"1,1,0,0,0,0,0,0,0",13,Meiji Jingu Stadium,18:00,03:38,26735,GAME20220722YSHC0538
2022,2022-07-23,Reg Season,Yokohama DeNA Baystars,Away,L,1,Hanshin Tigers,1,7,1,"0,0,0,0,0,1,0,0,0",15,Hanshin Koshien Stadium,18:00,03:03,38077,GAME20220723HTDB0544
2022,2022-07-23,Reg Season,Hanshin Tigers,Home,W,3,Yokohama DeNA Baystars,3,7,0,"1,0,1,0,0,0,0,1,x",15,Hanshin Koshien Stadium,18:00,03:03,38077,GAME20220723HTDB0544
2022,2022-07-23,Reg Season,Chiba Lotte Marines,Away,W,7,Hokkaido Nippon-Ham Fighters,7,12,1,"0,0,1,3,2,0,0,1,0",13,Sapporo Dome,15:00,03:38,24326,GAME20220723NFLM0543
2022,2022-07-23,Reg Season,Hokkaido Nippon-Ham Fighters,Home,L,6,Chiba Lotte Marines,6,8,2,"4,1,0,0,0,0,0,0,1",13,Sapporo Dome,15:00,03:38,24326,GAME20220723NFLM0543
2022,2022-07-23,Reg Season,Fukuoka Softbank Hawks,Away,L,0,Orix Buffaloes,0,4,0,"0,0,0,0,0,0,0,0,0",16,Kyocera Dome Osaka,18:01,03:11,26189,GAME20220723OBSH0541
2022,2022-07-23,Reg Season,Orix Buffaloes,Home,W,5,Fukuoka Softbank Hawks,5,8,0,"1,3,0,0,1,0,0,0,x",16,Kyocera Dome Osaka,18:01,03:11,26189,GAME20220723OBSH0541
2022,2022-07-23,Reg Season,Tohoku Rakuten Golden Eagles,Away,T,3,Saitama Seibu Lions,3,11,0,"0,0,0,2,0,0,0,1,0,0,0,0",16,Belluna Dome,18:00,04:21,26641,GAME20220723SLRE0545
2022,2022-07-23,Reg Season,Saitama Seibu Lions,Home,T,3,Tohoku Rakuten Golden Eagles,3,5,1,"0,0,0,0,0,0,3,0,0,0,0,0",16,Belluna Dome,18:00,04:21,26641,GAME20220723SLRE0545
2022,2022-07-23,Reg Season,Hiroshima Toyo Carp,Away,W,15,Tokyo Yakult Swallows,15,22,1,"6,3,4,1,0,0,1,0,0",14,Meiji Jingu Stadium,18:00,03:20,29679,GAME20220723YSHC0542
2022,2022-07-23,Reg Season,Tokyo Yakult Swallows,Home,L,3,Hiroshima Toyo Carp,3,8,0,"0,0,0,0,2,1,0,0,0",14,Meiji Jingu Stadium,18:00,03:20,29679,GAME20220723YSHC0542
2022,2022-07-24,Reg Season,Yokohama DeNA Baystars,Away,L,0,Hanshin Tigers,0,7,0,"0,0,0,0,0,0,0,0,0",16,Hanshin Koshien Stadium,18:00,02:37,34085,GAME20220724HTDB0549
2022,2022-07-24,Reg Season,Hanshin Tigers,Home,W,1,Yokohama DeNA Baystars,1,6,0,"0,0,0,1,0,0,0,0,x",16,Hanshin Koshien Stadium,18:00,02:37,34085,GAME20220724HTDB0549
2022,2022-07-24,Reg Season,Chiba Lotte Marines,Away,L,4,Hokkaido Nippon-Ham Fighters,4,11,0,"0,1,2,0,0,0,1,0,0",14,Sapporo Dome,14:01,02:50,18343,GAME20220724NFLM0548
2022,2022-07-24,Reg Season,Hokkaido Nippon-Ham Fighters,Home,W,5,Chiba Lotte Marines,5,6,1,"4,0,0,0,0,0,1,0,x",14,Sapporo Dome,14:01,02:50,18343,GAME20220724NFLM0548
2022,2022-07-24,Reg Season,Fukuoka Softbank Hawks,Away,L,4,Orix Buffaloes,4,8,0,"0,0,0,3,1,0,0,0,0",17,Kyocera Dome Osaka,13:02,04:02,24724,GAME20220724OBSH0546
2022,2022-07-24,Reg Season,Orix Buffaloes,Home,W,7,Fukuoka Softbank Hawks,7,13,2,"0,0,1,0,3,2,1,0,x",17,Kyocera Dome Osaka,13:02,04:02,24724,GAME20220724OBSH0546
2022,2022-07-24,Reg Season,Tohoku Rakuten Golden Eagles,Away,W,9,Saitama Seibu Lions,9,14,0,"0,0,4,0,2,1,0,2,0",17,Belluna Dome,18:00,03:17,13973,GAME20220724SLRE0550
2022,2022-07-24,Reg Season,Saitama Seibu Lions,Home,L,2,Tohoku Rakuten Golden Eagles,2,8,2,"0,0,2,0,0,0,0,0,0",17,Belluna Dome,18:00,03:17,13973,GAME20220724SLRE0550
2022,2022-07-24,Reg Season,Hiroshima Toyo Carp,Away,L,2,Tokyo Yakult Swallows,2,3,0,"0,0,1,0,0,1,0,0,0",15,Meiji Jingu Stadium,18:00,02:44,23871,GAME20220724YSHC0547
2022,2022-07-24,Reg Season,Tokyo Yakult Swallows,Home,W,4,Hiroshima Toyo Carp,4,8,1,"0,1,0,0,1,1,1,0,x",15,Meiji Jingu Stadium,18:00,02:44,23871,GAME20220724YSHC0547
2022,2022-07-29,Reg Season,Chunichi Dragons,Away,W,9,Hiroshima Toyo Carp,9,14,0,"2,0,2,0,2,0,0,2,1",15,MAZDA Zoom-Zoom Stadium Hiroshima,18:01,03:17,28790,GAME20220729HCCD0553
2022,2022-07-29,Reg Season,Hiroshima Toyo Carp,Home,L,0,Chunichi Dragons,0,1,0,"0,0,0,0,0,0,0,0,0",15,MAZDA Zoom-Zoom Stadium Hiroshima,18:01,03:17,28790,GAME20220729HCCD0553
2022,2022-07-29,Reg Season,Tokyo Yakult Swallows,Away,L,0,Hanshin Tigers,0,4,0,"0,0,0,0,0,0,0,0,0",14,Hanshin Koshien Stadium,18:00,03:11,35426,GAME20220729HTYS0555
2022,2022-07-29,Reg Season,Hanshin Tigers,Home,W,6,Tokyo Yakult Swallows,6,12,1,"3,0,0,1,0,0,0,2,x",14,Hanshin Koshien Stadium,18:00,03:11,35426,GAME20220729HTYS0555
2022,2022-07-29,Reg Season,Orix Buffaloes,Away,W,9,Chiba Lotte Marines,9,15,1,"3,0,1,0,0,1,0,0,3,0,0,1",16,ZOZO Marine Stadium,18:01,04:36,20822,GAME20220729LMOB0552
2022,2022-07-29,Reg Season,Chiba Lotte Marines,Home,L,8,Orix Buffaloes,8,12,1,"1,2,0,0,3,2,0,0,0,0,0,0",16,ZOZO Marine Stadium,18:01,04:36,20822,GAME20220729LMOB0552
2022,2022-07-29,Reg Season,Hokkaido Nippon-Ham Fighters,Away,W,2,Tohoku Rakuten Golden Eagles,2,7,0,"0,0,0,0,0,2,0,0,0",14,Rakuten Seimei Park Miyagi,18:02,03:08,21057,GAME20220729RENF0554
2022,2022-07-29,Reg Season,Tohoku Rakuten Golden Eagles,Home,L,1,Hokkaido Nippon-Ham Fighters,1,4,1,"0,0,1,0,0,0,0,0,0",14,Rakuten Seimei Park Miyagi,18:02,03:08,21057,GAME20220729RENF0554
2022,2022-07-29,Reg Season,Saitama Seibu Lions,Away,W,5,Fukuoka Softbank Hawks,5,9,0,"1,0,0,4,0,0,0,0,0",12,Mizuho PayPay Dome Fukuoka,18:00,03:19,34651,GAME20220729SHSL0551
2022,2022-07-29,Reg Season,Fukuoka Softbank Hawks,Home,L,2,Saitama Seibu Lions,2,3,2,"1,0,1,0,0,0,0,0,0",12,Mizuho PayPay Dome Fukuoka,18:00,03:19,34651,GAME20220729SHSL0551
2022,2022-07-30,Reg Season,Chunichi Dragons,Away,W,3,Hiroshima Toyo Carp,3,9,0,"0,0,0,0,1,0,1,1,0",16,MAZDA Zoom-Zoom Stadium Hiroshima,18:00,03:23,30376,GAME20220730HCCD0558
2022,2022-07-30,Reg Season,Hiroshima Toyo Carp,Home,L,0,Chunichi Dragons,0,6,0,"0,0,0,0,0,0,0,0,0",16,MAZDA Zoom-Zoom Stadium Hiroshima,18:00,03:23,30376,GAME20220730HCCD0558
2022,2022-07-30,Reg Season,Tokyo Yakult Swallows,Away,L,3,Hanshin Tigers,3,7,1,"0,0,0,0,0,2,1,0,0",15,Hanshin Koshien Stadium,18:02,03:15,40653,GAME20220730HTYS0560
2022,2022-07-30,Reg Season,Hanshin Tigers,Home,W,7,Tokyo Yakult Swallows,7,9,0,"0,0,0,5,2,0,0,0,x",15,Hanshin Koshien Stadium,18:02,03:15,40653,GAME20220730HTYS0560
2022,2022-07-30,Reg Season,Orix Buffaloes,Away,W,6,Chiba Lotte Marines,6,11,1,"0,0,0,3,0,1,2,0,0",17,ZOZO Marine Stadium,17:00,03:13,19043,GAME20220730LMOB0557
2022,2022-07-30,Reg Season,Chiba Lotte Marines,Home,L,4,Orix Buffaloes,4,8,0,"0,1,0,0,3,0,0,0,0",17,ZOZO Marine Stadium,17:00,03:13,19043,GAME20220730LMOB0557
2022,2022-07-30,Reg Season,Hokkaido Nippon-Ham Fighters,Away,L,0,Tohoku Rakuten Golden Eagles,0,5,1,"0,0,0,0,0,0,0,0,0",15,Rakuten Seimei Park Miyagi,18:01,03:06,26136,GAME20220730RENF0559
2022,2022-07-30,Reg Season,Tohoku Rakuten Golden Eagles,Home,W,7,Hokkaido Nippon-Ham Fighters,7,11,0,"1,1,0,1,0,0,3,1,x",15,Rakuten Seimei Park Miyagi,18:01,03:06,26136,GAME20220730RENF0559
2022,2022-07-30,Reg Season,Saitama Seibu Lions,Away,W,6,Fukuoka Softbank Hawks,6,11,1,"2,2,0,2,0,0,0,0,0",13,Mizuho PayPay Dome Fukuoka,14:01,03:14,32535,GAME20220730SHSL0556
2022,2022-07-30,Reg Season,Fukuoka Softbank Hawks,Home,L,0,Saitama Seibu Lions,0,7,0,"0,0,0,0,0,0,0,0,0",13,Mizuho PayPay Dome Fukuoka,14:01,03:14,32535,GAME20220730SHSL0556
2022,2022-07-31,Reg Season,Chunichi Dragons,Away,W,6,Hiroshima Toyo Carp,6,12,0,"0,0,1,0,1,0,1,3,0",17,MAZDA Zoom-Zoom Stadium Hiroshima,18:00,04:17,30105,GAME20220731HCCD0563
2022,2022-07-31,Reg Season,Hiroshima Toyo Carp,Home,L,5,Chunichi Dragons,5,12,2,"1,0,0,0,0,1,2,0,1",17,MAZDA Zoom-Zoom Stadium Hiroshima,18:00,04:17,30105,GAME20220731HCCD0563
2022,2022-07-31,Reg Season,Tokyo Yakult Swallows,Away,W,4,Hanshin Tigers,4,8,2,"0,0,0,0,0,0,1,0,1,0,2",16,Hanshin Koshien Stadium,18:01,03:41,36331,GAME20220731HTYS0565
2022,2022-07-31,Reg Season,Hanshin Tigers,Home,L,2,Tokyo Yakult Swallows,2,7,0,"0,0,0,2,0,0,0,0,0,0,0",16,Hanshin Koshien Stadium,18:01,03:41,36331,GAME20220731HTYS0565
2022,2022-07-31,Reg Season,Orix Buffaloes,Away,W,5,Chiba Lotte Marines,5,12,0,"0,0,3,0,1,0,0,1,0",18,ZOZO Marine Stadium,17:00,03:19,21375,GAME20220731LMOB0562
2022,2022-07-31,Reg Season,Chiba Lotte Marines,Home,L,2,Orix Buffaloes,2,8,1,"1,1,0,0,0,0,0,0,0",18,ZOZO Marine Stadium,17:00,03:19,21375,GAME20220731LMOB0562
2022,2022-07-31,Reg Season,Hokkaido Nippon-Ham Fighters,Away,L,5,Tohoku Rakuten Golden Eagles,5,6,2,"0,0,3,0,0,2,0,0,0",16,Rakuten Seimei Park Miyagi,17:01,03:32,20105,GAME20220731RENF0564
2022,2022-07-31,Reg Season,Tohoku Rakuten Golden Eagles,Home,W,10,Hokkaido Nippon-Ham Fighters,10,12,0,"1,0,0,0,0,1,6,2,x",16,Rakuten Seimei Park Miyagi,17:01,03:32,20105,GAME20220731RENF0564
2022,2022-07-31,Reg Season,Saitama Seibu Lions,Away,L,2,Fukuoka Softbank Hawks,2,9,0,"1,0,0,0,0,1,0,0,0",14,Mizuho PayPay Dome Fukuoka,13:00,03:23,32380,GAME20220731SHSL0561
2022,2022-07-31,Reg Season,Fukuoka Softbank Hawks,Home,W,4,Saitama Seibu Lions,4,8,0,"0,2,0,2,0,0,0,0,x",14,Mizuho PayPay Dome Fukuoka,13:00,03:23,32380,GAME20220731SHSL0561
2022,2022-08-02,Reg Season,Hiroshima Toyo Carp,Away,L,2,Yokohama DeNA Baystars,2,10,0,"1,0,0,0,1,0,0,0,0",16,Yokohama Stadium,17:45,03:15,31948,GAME20220802DBHC0566
2022,2022-08-02,Reg Season,Yokohama DeNA Baystars,Home,W,5,Hiroshima Toyo Carp,5,10,1,"0,1,3,1,0,0,0,0,x",16,Yokohama Stadium,17:45,03:15,31948,GAME20220802DBHC0566
2022,2022-08-02,Reg Season,Fukuoka Softbank Hawks,Away,L,5,Hokkaido Nippon-Ham Fighters,5,7,0,"0,1,1,1,0,0,1,1,0",16,Hanasaki Sports Park Baseball Field,18:00,03:18,13046,GAME20220802NFSH0569
2022,2022-08-02,Reg Season,Hokkaido Nippon-Ham Fighters,Home,W,6,Fukuoka Softbank Hawks,6,7,3,"2,0,2,0,0,2,0,0,x",16,Hanasaki Sports Park Baseball Field,18:00,03:18,13046,GAME20220802NFSH0569
2022,2022-08-02,Reg Season,Chiba Lotte Marines,Away,W,6,Tohoku Rakuten Golden Eagles,6,9,0,"3,1,0,0,2,0,0,0,0",15,Rakuten Seimei Park Miyagi,18:00,03:41,16560,GAME20220802RELM0570
2022,2022-08-02,Reg Season,Tohoku Rakuten Golden Eagles,Home,L,4,Chiba Lotte Marines,4,9,1,"0,0,0,1,0,2,0,1,0",15,Rakuten Seimei Park Miyagi,18:00,03:41,16560,GAME20220802RELM0570
2022,2022-08-02,Reg Season,Orix Buffaloes,Away,L,2,Saitama Seibu Lions,2,8,0,"0,0,0,2,0,0,0,0,0",16,Belluna Dome,18:00,03:26,9206,GAME20220802SLOB0571
2022,2022-08-02,Reg Season,Saitama Seibu Lions,Home,W,4,Orix Buffaloes,4,11,0,"0,0,0,1,0,0,0,3,x",16,Belluna Dome,18:00,03:26,9206,GAME20220802SLOB0571
2022,2022-08-02,Reg Season,Hanshin Tigers,Away,W,6,Yomiuri Giants,6,8,2,"0,1,1,0,0,1,1,0,2",16,Tokyo Dome,18:00,02:44,31843,GAME20220802YGHT0568
2022,2022-08-02,Reg Season,Yomiuri Giants,Home,L,3,Hanshin Tigers,3,4,1,"0,0,0,3,0,0,0,0,0",16,Tokyo Dome,18:00,02:44,31843,GAME20220802YGHT0568
2022,2022-08-02,Reg Season,Chunichi Dragons,Away,L,0,Tokyo Yakult Swallows,0,4,1,"0,0,0,0,0,0,0,0,0",14,Meiji Jingu Stadium,18:01,02:45,19033,GAME20220802YSCD0567
2022,2022-08-02,Reg Season,Tokyo Yakult Swallows,Home,W,5,Chunichi Dragons,5,9,0,"2,0,2,0,0,1,0,0,x",14,Meiji Jingu Stadium,18:01,02:45,19033,GAME20220802YSCD0567
2022,2022-08-03,Reg Season,Hiroshima Toyo Carp,Away,L,5,Yokohama DeNA Baystars,5,12,1,"1,1,0,0,0,0,3,0,0,0,0",17,Yokohama Stadium,17:45,04:10,31581,GAME20220803DBHC0572
2022,2022-08-03,Reg Season,Yokohama DeNA Baystars,Home,W,6,Hiroshima Toyo Carp,6,15,0,"1,2,0,0,0,2,0,0,0,0,1x",17,Yokohama Stadium,17:45,04:10,31581,GAME20220803DBHC0572
2022,2022-08-03,Reg Season,Fukuoka Softbank Hawks,Away,L,1,Hokkaido Nippon-Ham Fighters,1,4,0,"0,0,0,0,0,0,0,0,1",17,Sapporo Dome,18:00,02:34,13964,GAME20220803NFSH0575
2022,2022-08-03,Reg Season,Hokkaido Nippon-Ham Fighters,Home,W,5,Fukuoka Softbank Hawks,5,5,0,"0,0,2,1,0,0,0,2,x",17,Sapporo Dome,18:00,02:34,13964,GAME20220803NFSH0575
2022,2022-08-03,Reg Season,Chiba Lotte Marines,Away,L,4,Tohoku Rakuten Golden Eagles,4,10,0,"2,0,0,1,0,0,0,1,0",16,Rakuten Seimei Park Miyagi,18:00,03:34,15717,GAME20220803RELM0576
2022,2022-08-03,Reg Season,Tohoku Rakuten Golden Eagles,Home,W,5,Chiba Lotte Marines,5,12,0,"1,0,0,0,0,4,0,0,x",16,Rakuten Seimei Park Miyagi,18:00,03:34,15717,GAME20220803RELM0576
2022,2022-08-03,Reg Season,Orix Buffaloes,Away,L,1,Saitama Seibu Lions,1,4,0,"0,0,0,0,1,0,0,0,0",17,Belluna Dome,18:00,02:43,10237,GAME20220803SLOB0577
2022,2022-08-03,Reg Season,Saitama Seibu Lions,Home,W,3,Orix Buffaloes,3,6,1,"0,1,1,0,1,0,0,0,x",17,Belluna Dome,18:00,02:43,10237,GAME20220803SLOB0577
2022,2022-08-03,Reg Season,Hanshin Tigers,Away,W,2,Yomiuri Giants,2,4,0,"0,0,1,0,1,0,0,0,0",17,Tokyo Dome,18:00,02:35,32216,GAME20220803YGHT0574
2022,2022-08-03,Reg Season,Yomiuri Giants,Home,L,1,Hanshin Tigers,1,5,0,"0,0,0,0,0,1,0,0,0",17,Tokyo Dome,18:00,02:35,32216,GAME20220803YGHT0574
2022,2022-08-03,Reg Season,Chunichi Dragons,Away,L,7,Tokyo Yakult Swallows,7,16,1,"2,0,0,1,1,0,2,0,1",15,Meiji Jingu Stadium,18:00,03:54,20650,GAME20220803YSCD0573
2022,2022-08-03,Reg Season,Tokyo Yakult Swallows,Home,W,9,Chunichi Dragons,9,15,2,"3,0,3,2,0,1,0,0,x",15,Meiji Jingu Stadium,18:00,03:54,20650,GAME20220803YSCD0573
2022,2022-08-04,Reg Season,Fukuoka Softbank Hawks,Away,T,3,Hokkaido Nippon-Ham Fighters,3,11,2,"1,0,2,0,0,0,0,0,0,0,0,0",18,Sapporo Dome,18:00,04:57,12255,GAME20220804NFSH0579
2022,2022-08-04,Reg Season,Hokkaido Nippon-Ham Fighters,Home,T,3,Fukuoka Softbank Hawks,3,7,0,"0,0,0,0,3,0,0,0,0,0,0,0",18,Sapporo Dome,18:00,04:57,12255,GAME20220804NFSH0579
2022,2022-08-04,Reg Season,Chiba Lotte Marines,Away,L,1,Tohoku Rakuten Golden Eagles,1,3,0,"0,0,0,0,1,0,0,0,0",17,Rakuten Seimei Park Miyagi,18:00,02:42,15038,GAME20220804RELM0580
2022,2022-08-04,Reg Season,Tohoku Rakuten Golden Eagles,Home,W,10,Chiba Lotte Marines,10,14,0,"0,2,7,1,0,0,0,0,x",17,Rakuten Seimei Park Miyagi,18:00,02:42,15038,GAME20220804RELM0580
2022,2022-08-04,Reg Season,Orix Buffaloes,Away,L,2,Saitama Seibu Lions,2,7,0,"0,0,0,0,2,0,0,0,0",18,Belluna Dome,18:00,03:01,8018,GAME20220804SLOB0581
2022,2022-08-04,Reg Season,Saitama Seibu Lions,Home,W,3,Orix Buffaloes,3,7,1,"0,0,0,2,0,0,0,0,1x",18,Belluna Dome,18:00,03:01,8018,GAME20220804SLOB0581
2022,2022-08-04,Reg Season,Hanshin Tigers,Away,L,0,Yomiuri Giants,0,4,0,"0,0,0,0,0,0,0,0,0",18,Tokyo Dome,18:00,02:38,32264,GAME20220804YGHT0578
2022,2022-08-04,Reg Season,Yomiuri Giants,Home,W,7,Hanshin Tigers,7,8,0,"0,5,0,0,0,0,1,1,x",18,Tokyo Dome,18:00,02:38,32264,GAME20220804YGHT0578
2022,2022-08-05,Reg Season,Yokohama DeNA Baystars,Away,W,4,Chunichi Dragons,4,7,0,"0,0,1,0,1,2,0,0,0",14,Vantelin Dome Nagoya,18:00,03:03,22517,GAME20220805CDDB0585
2022,2022-08-05,Reg Season,Chunichi Dragons,Home,L,2,Yokohama DeNA Baystars,2,6,0,"0,0,0,0,0,2,0,0,0",14,Vantelin Dome Nagoya,18:00,03:03,22517,GAME20220805CDDB0585
2022,2022-08-05,Reg Season,Hanshin Tigers,Away,W,3,Hiroshima Toyo Carp,3,6,1,"1,0,0,2,0,0,0,0,0",16,MAZDA Zoom-Zoom Stadium Hiroshima,18:01,03:21,30396,GAME20220805HCHT0586
2022,2022-08-05,Reg Season,Hiroshima Toyo Carp,Home,L,2,Hanshin Tigers,2,7,0,"0,0,0,2,0,0,0,0,0",16,MAZDA Zoom-Zoom Stadium Hiroshima,18:01,03:21,30396,GAME20220805HCHT0586
2022,2022-08-05,Reg Season,Hokkaido Nippon-Ham Fighters,Away,L,2,Orix Buffaloes,2,7,0,"0,0,0,1,1,0,0,0,0",17,Kyocera Dome Osaka,18:01,02:42,18485,GAME20220805OBNF0582
2022,2022-08-05,Reg Season,Orix Buffaloes,Home,W,5,Hokkaido Nippon-Ham Fighters,5,12,0,"0,0,0,1,0,4,0,0,x",17,Kyocera Dome Osaka,18:01,02:42,18485,GAME20220805OBNF0582
2022,2022-08-05,Reg Season,Tohoku Rakuten Golden Eagles,Away,L,3,Fukuoka Softbank Hawks,3,10,0,"0,0,1,0,0,0,2,0,0",13,Mizuho PayPay Dome Fukuoka,18:00,03:54,27439,GAME20220805SHRE0583
2022,2022-08-05,Reg Season,Fukuoka Softbank Hawks,Home,W,7,Tohoku Rakuten Golden Eagles,7,12,0,"2,0,0,0,3,0,2,0,x",13,Mizuho PayPay Dome Fukuoka,18:00,03:54,27439,GAME20220805SHRE0583
2022,2022-08-05,Reg Season,Chiba Lotte Marines,Away,L,3,Saitama Seibu Lions,3,7,1,"3,0,0,0,0,0,0,0,0,0",17,Belluna Dome,18:00,03:36,12619,GAME20220805SLLM0587
2022,2022-08-05,Reg Season,Saitama Seibu Lions,Home,W,4,Chiba Lotte Marines,4,7,0,"0,0,0,1,1,0,0,1,0,1x",17,Belluna Dome,18:00,03:36,12619,GAME20220805SLLM0587
2022,2022-08-05,Reg Season,Yomiuri Giants,Away,W,9,Tokyo Yakult Swallows,9,13,1,"0,2,0,1,0,0,5,0,1",19,Meiji Jingu Stadium,18:01,03:25,28996,GAME20220805YSYG0584
2022,2022-08-05,Reg Season,Tokyo Yakult Swallows,Home,L,5,Yomiuri Giants,5,8,0,"0,1,0,0,0,0,0,0,4",19,Meiji Jingu Stadium,18:01,03:25,28996,GAME20220805YSYG0584
2022,2022-08-06,Reg Season,Yokohama DeNA Baystars,Away,W,1,Chunichi Dragons,1,6,0,"0,0,0,0,0,0,0,0,1",15,Vantelin Dome Nagoya,14:00,03:22,28944,GAME20220806CDDB0591
2022,2022-08-06,Reg Season,Chunichi Dragons,Home,L,0,Yokohama DeNA Baystars,0,8,0,"0,0,0,0,0,0,0,0,0",15,Vantelin Dome Nagoya,14:00,03:22,28944,GAME20220806CDDB0591
2022,2022-08-06,Reg Season,Hanshin Tigers,Away,L,5,Hiroshima Toyo Carp,5,13,2,"0,1,2,2,0,0,0,0,0",17,MAZDA Zoom-Zoom Stadium Hiroshima,18:00,03:35,30504,GAME20220806HCHT0592
2022,2022-08-06,Reg Season,Hiroshima Toyo Carp,Home,W,6,Hanshin Tigers,6,10,0,"0,0,0,1,0,0,1,0,4x",17,MAZDA Zoom-Zoom Stadium Hiroshima,18:00,03:35,30504,GAME20220806HCHT0592
2022,2022-08-06,Reg Season,Hokkaido Nippon-Ham Fighters,Away,L,1,Orix Buffaloes,1,7,0,"1,0,0,0,0,0,0,0,0",18,Kyocera Dome Osaka,14:00,03:23,26551,GAME20220806OBNF0588
2022,2022-08-06,Reg Season,Orix Buffaloes,Home,W,3,Hokkaido Nippon-Ham Fighters,3,9,0,"2,0,0,0,0,0,1,0,x",18,Kyocera Dome Osaka,14:00,03:23,26551,GAME20220806OBNF0588
2022,2022-08-06,Reg Season,Tohoku Rakuten Golden Eagles,Away,L,1,Fukuoka Softbank Hawks,1,3,1,"0,0,0,1,0,0,0,0,0",14,Mizuho PayPay Dome Fukuoka,14:00,03:36,29578,GAME20220806SHRE0589
2022,2022-08-06,Reg Season,Fukuoka Softbank Hawks,Home,W,9,Tohoku Rakuten Golden Eagles,9,15,0,"0,0,1,0,3,0,3,2,x",14,Mizuho PayPay Dome Fukuoka,14:00,03:36,29578,GAME20220806SHRE0589
2022,2022-08-06,Reg Season,Chiba Lotte Marines,Away,W,2,Saitama Seibu Lions,2,3,0,"0,0,0,0,0,0,0,2,0",18,Belluna Dome,17:00,02:47,19743,GAME20220806SLLM0593
2022,2022-08-06,Reg Season,Saitama Seibu Lions,Home,L,1,Chiba Lotte Marines,1,7,0,"0,1,0,0,0,0,0,0,0",18,Belluna Dome,17:00,02:47,19743,GAME20220806SLLM0593
2022,2022-08-06,Reg Season,Yomiuri Giants,Away,W,3,Tokyo Yakult Swallows,3,7,1,"0,0,0,0,0,2,0,1,0",20,Meiji Jingu Stadium,18:00,03:25,29626,GAME20220806YSYG0590
2022,2022-08-06,Reg Season,Tokyo Yakult Swallows,Home,L,2,Yomiuri Giants,2,4,0,"1,0,0,0,1,0,0,0,0",20,Meiji Jingu Stadium,18:00,03:25,29626,GAME20220806YSYG0590
2022,2022-08-07,Reg Season,Yokohama DeNA Baystars,Away,L,0,Chunichi Dragons,0,6,2,"0,0,0,0,0,0,0,0,0",16,Vantelin Dome Nagoya,14:00,02:55,32899,GAME20220807CDDB0597
2022,2022-08-07,Reg Season,Chunichi Dragons,Home,W,5,Yokohama DeNA Baystars,5,5,0,"0,0,0,1,0,0,1,3,x",16,Vantelin Dome Nagoya,14:00,02:55,32899,GAME20220807CDDB0597
2022,2022-08-07,Reg Season,Hanshin Tigers,Away,W,7,Hiroshima Toyo Carp,7,16,1,"0,2,0,0,3,0,0,2,0",18,MAZDA Zoom-Zoom Stadium Hiroshima,18:00,04:04,30433,GAME20220807HCHT0598
2022,2022-08-07,Reg Season,Hiroshima Toyo Carp,Home,L,5,Hanshin Tigers,5,13,0,"0,2,2,1,0,0,0,0,0",18,MAZDA Zoom-Zoom Stadium Hiroshima,18:00,04:04,30433,GAME20220807HCHT0598
2022,2022-08-07,Reg Season,Hokkaido Nippon-Ham Fighters,Away,W,5,Orix Buffaloes,5,11,0,"0,2,0,0,1,2,0,0,0",19,Kyocera Dome Osaka,13:00,03:22,24979,GAME20220807OBNF0594
2022,2022-08-07,Reg Season,Orix Buffaloes,Home,L,3,Hokkaido Nippon-Ham Fighters,3,10,1,"0,0,0,0,0,0,1,2,0",19,Kyocera Dome Osaka,13:00,03:22,24979,GAME20220807OBNF0594
2022,2022-08-07,Reg Season,Tohoku Rakuten Golden Eagles,Away,W,7,Fukuoka Softbank Hawks,7,13,1,"0,0,0,0,0,3,3,0,1",15,Mizuho PayPay Dome Fukuoka,13:01,03:27,29544,GAME20220807SHRE0595
2022,2022-08-07,Reg Season,Fukuoka Softbank Hawks,Home,L,2,Tohoku Rakuten Golden Eagles,2,8,0,"0,0,0,1,0,0,0,0,1",15,Mizuho PayPay Dome Fukuoka,13:01,03:27,29544,GAME20220807SHRE0595
2022,2022-08-07,Reg Season,Chiba Lotte Marines,Away,L,4,Saitama Seibu Lions,4,11,0,"2,0,0,0,0,0,1,1,0",19,Belluna Dome,17:00,03:30,22737,GAME20220807SLLM0599
2022,2022-08-07,Reg Season,Saitama Seibu Lions,Home,W,10,Chiba Lotte Marines,10,15,0,"0,1,0,6,0,1,2,0,x",19,Belluna Dome,17:00,03:30,22737,GAME20220807SLLM0599
2022,2022-08-07,Reg Season,Yomiuri Giants,Away,W,7,Tokyo Yakult Swallows,7,9,0,"2,0,0,0,0,0,4,1,0",21,Meiji Jingu Stadium,18:00,03:33,29460,GAME20220807YSYG0596
2022,2022-08-07,Reg Season,Tokyo Yakult Swallows,Home,L,4,Yomiuri Giants,4,6,1,"0,0,0,4,0,0,0,0,0",21,Meiji Jingu Stadium,18:00,03:33,29460,GAME20220807YSYG0596
2022,2022-08-09,Reg Season,Yomiuri Giants,Away,L,2,Chunichi Dragons,2,7,0,"1,0,1,0,0,0,0,0,0",15,Vantelin Dome Nagoya,18:00,03:03,24521,GAME20220809CDYG0603
2022,2022-08-09,Reg Season,Chunichi Dragons,Home,W,3,Yomiuri Giants,3,13,0,"0,1,1,0,1,0,0,0,x",15,Vantelin Dome Nagoya,18:00,03:03,24521,GAME20220809CDYG0603
2022,2022-08-09,Reg Season,Hanshin Tigers,Away,L,2,Yokohama DeNA Baystars,2,4,1,"0,2,0,0,0,0,0,0,0",17,Yokohama Stadium,18:00,03:01,23530,GAME20220809DBHT0601
2022,2022-08-09,Reg Season,Yokohama DeNA Baystars,Home,W,3,Hanshin Tigers,3,6,0,"0,0,0,1,0,1,0,0,1x",17,Yokohama Stadium,18:00,03:01,23530,GAME20220809DBHT0601
2022,2022-08-09,Reg Season,Tokyo Yakult Swallows,Away,L,0,Hiroshima Toyo Carp,0,5,3,"0,0,0,0,0,0,0,0,0",16,MAZDA Zoom-Zoom Stadium Hiroshima,18:00,02:42,29620,GAME20220809HCYS0604
2022,2022-08-09,Reg Season,Hiroshima Toyo Carp,Home,W,2,Tokyo Yakult Swallows,2,9,0,"0,0,1,0,0,0,0,1,x",16,MAZDA Zoom-Zoom Stadium Hiroshima,18:00,02:42,29620,GAME20220809HCYS0604
2022,2022-08-09,Reg Season,Fukuoka Softbank Hawks,Away,W,3,Chiba Lotte Marines,3,10,0,"0,0,1,0,2,0,0,0,0",15,ZOZO Marine Stadium,18:00,02:39,19274,GAME20220809LMSH0602
2022,2022-08-09,Reg Season,Chiba Lotte Marines,Home,L,0,Fukuoka Softbank Hawks,0,3,0,"0,0,0,0,0,0,0,0,0",15,ZOZO Marine Stadium,18:00,02:39,19274,GAME20220809LMSH0602
2022,2022-08-09,Reg Season,Saitama Seibu Lions,Away,L,3,Hokkaido Nippon-Ham Fighters,3,5,1,"0,0,0,0,2,0,0,0,1",17,Sapporo Dome,18:00,02:37,15953,GAME20220809NFSL0605
2022,2022-08-09,Reg Season,Hokkaido Nippon-Ham Fighters,Home,W,5,Saitama Seibu Lions,5,9,0,"0,1,0,0,0,0,0,1,3x",17,Sapporo Dome,18:00,02:37,15953,GAME20220809NFSL0605
2022,2022-08-09,Reg Season,Tohoku Rakuten Golden Eagles,Away,L,1,Orix Buffaloes,1,7,2,"0,0,0,0,0,1,0,0,0",15,Kyocera Dome Osaka,18:00,03:00,16347,GAME20220809OBRE0600
2022,2022-08-09,Reg Season,Orix Buffaloes,Home,W,5,Tohoku Rakuten Golden Eagles,5,10,0,"1,0,2,1,0,0,1,0,x",15,Kyocera Dome Osaka,18:00,03:00,16347,GAME20220809OBRE0600
2022,2022-08-10,Reg Season,Yomiuri Giants,Away,W,2,Chunichi Dragons,2,6,0,"0,1,0,0,0,0,0,0,1",16,Vantelin Dome Nagoya,18:00,02:39,25352,GAME20220810CDYG0609
2022,2022-08-10,Reg Season,Chunichi Dragons,Home,L,1,Yomiuri Giants,1,5,1,"0,0,0,1,0,0,0,0,0",16,Vantelin Dome Nagoya,18:00,02:39,25352,GAME20220810CDYG0609
2022,2022-08-10,Reg Season,Hanshin Tigers,Away,L,0,Yokohama DeNA Baystars,0,5,2,"0,0,0,0,0,0,0,0,0",18,Yokohama Stadium,18:00,02:55,26189,GAME20220810DBHT0607
2022,2022-08-10,Reg Season,Yokohama DeNA Baystars,Home,W,3,Hanshin Tigers,3,8,0,"0,0,0,0,0,0,0,3,x",18,Yokohama Stadium,18:00,02:55,26189,GAME20220810DBHT0607
2022,2022-08-10,Reg Season,Tokyo Yakult Swallows,Away,L,1,Hiroshima Toyo Carp,1,7,0,"0,0,0,0,0,0,0,1,0",17,MAZDA Zoom-Zoom Stadium Hiroshima,18:00,02:59,30288,GAME20220810HCYS0610
2022,2022-08-10,Reg Season,Hiroshima Toyo Carp,Home,W,4,Tokyo Yakult Swallows,4,7,0,"2,1,0,1,0,0,0,0,x",17,MAZDA Zoom-Zoom Stadium Hiroshima,18:00,02:59,30288,GAME20220810HCYS0610
2022,2022-08-10,Reg Season,Fukuoka Softbank Hawks,Away,W,4,Chiba Lotte Marines,4,8,0,"0,3,0,0,0,0,0,1,0",16,ZOZO Marine Stadium,18:00,03:04,23116,GAME20220810LMSH0608
2022,2022-08-10,Reg Season,Chiba Lotte Marines,Home,L,3,Fukuoka Softbank Hawks,3,7,3,"0,0,1,0,0,0,0,1,1",16,ZOZO Marine Stadium,18:00,03:04,23116,GAME20220810LMSH0608
2022,2022-08-10,Reg Season,Saitama Seibu Lions,Away,T,2,Hokkaido Nippon-Ham Fighters,2,10,0,"0,0,1,1,0,0,0,0,0,0,0,0",18,Sapporo Dome,18:00,04:49,20711,GAME20220810NFSL0611
2022,2022-08-10,Reg Season,Hokkaido Nippon-Ham Fighters,Home,T,2,Saitama Seibu Lions,2,10,0,"0,0,0,0,1,0,1,0,0,0,0,0",18,Sapporo Dome,18:00,04:49,20711,GAME20220810NFSL0611
2022,2022-08-10,Reg Season,Tohoku Rakuten Golden Eagles,Away,W,2,Orix Buffaloes,2,7,0,"0,0,0,0,0,0,0,0,1,1",16,Kyocera Dome Osaka,18:02,03:42,17766,GAME20220810OBRE0606
2022,2022-08-10,Reg Season,Orix Buffaloes,Home,L,1,Tohoku Rakuten Golden Eagles,1,8,1,"0,0,0,0,1,0,0,0,0,0",16,Kyocera Dome Osaka,18:02,03:42,17766,GAME20220810OBRE0606
2022,2022-08-11,Reg Season,Yomiuri Giants,Away,W,6,Chunichi Dragons,6,8,1,"1,0,0,1,0,3,0,0,1",17,Vantelin Dome Nagoya,14:00,03:23,32194,GAME20220811CDYG0615
2022,2022-08-11,Reg Season,Chunichi Dragons,Home,L,1,Yomiuri Giants,1,4,0,"0,0,0,0,0,1,0,0,0",17,Vantelin Dome Nagoya,14:00,03:23,32194,GAME20220811CDYG0615
2022,2022-08-11,Reg Season,Hanshin Tigers,Away,L,1,Yokohama DeNA Baystars,1,7,2,"1,0,0,0,0,0,0,0,0",19,Yokohama Stadium,17:00,02:47,32275,GAME20220811DBHT0613
2022,2022-08-11,Reg Season,Yokohama DeNA Baystars,Home,W,4,Hanshin Tigers,4,8,0,"0,0,0,1,0,0,3,0,x",19,Yokohama Stadium,17:00,02:47,32275,GAME20220811DBHT0613
2022,2022-10-08,CS Stage 1,Hanshin Tigers,Away,W,2,Yokohama DeNA Baystars,2,9,1,"0,0,0,0,2,0,0,0,0",1,Yokohama Stadium,14:01,03:34,33033,GAME20221008DBHT0860
2022,2022-10-08,CS Stage 1,Yokohama DeNA Baystars,Home,L,0,Hanshin Tigers,0,6,0,"0,0,0,0,0,0,0,0,0",1,Yokohama Stadium,14:01,03:34,33033,GAME20221008DBHT0860
2022,2022-10-08,CS Stage 1,Saitama Seibu Lions,Away,L,3,Fukuoka Softbank Hawks,3,6,2,"0,0,0,0,2,1,0,0,0",1,Mizuho PayPay Dome Fukuoka,14:00,03:01,32134,GAME20221008SHSL0859
2022,2022-10-08,CS Stage 1,Fukuoka Softbank Hawks,Home,W,5,Saitama Seibu Lions,5,7,1,"0,0,4,0,0,1,0,0,x",1,Mizuho PayPay Dome Fukuoka,14:00,03:01,32134,GAME20221008SHSL0859
2022,2022-10-09,CS Stage 1,Hanshin Tigers,Away,L,0,Yokohama DeNA Baystars,0,2,0,"0,0,0,0,0,0,0,0,0",2,Yokohama Stadium,14:01,02:48,33037,GAME20221009DBHT0862
2022,2022-10-09,CS Stage 1,Yokohama DeNA Baystars,Home,W,1,Hanshin Tigers,1,5,0,"0,0,0,0,1,0,0,0,x",2,Yokohama Stadium,14:01,02:48,33037,GAME20221009DBHT0862
2022,2022-10-09,CS Stage 1,Saitama Seibu Lions,Away,L,2,Fukuoka Softbank Hawks,2,6,0,"0,0,0,0,1,0,0,0,1",2,Mizuho PayPay Dome Fukuoka,14:00,03:07,39354,GAME20221009SHSL0861
2022,2022-10-09,CS Stage 1,Fukuoka Softbank Hawks,Home,W,8,Saitama Seibu Lions,8,11,1,"0,0,4,1,0,0,2,1,x",2,Mizuho PayPay Dome Fukuoka,14:00,03:07,39354,GAME20221009SHSL0861
2022,2022-10-10,CS Stage 1,Hanshin Tigers,Away,W,3,Yokohama DeNA Baystars,3,6,2,"0,0,0,1,0,2,0,0,0",3,Yokohama Stadium,14:00,03:19,32977,GAME20221010DBHT0863
2022,2022-10-10,CS Stage 1,Yokohama DeNA Baystars,Home,L,2,Hanshin Tigers,2,5,0,"0,1,1,0,0,0,0,0,0",3,Yokohama Stadium,14:00,03:19,32977,GAME20221010DBHT0863
2022,2022-10-12,CS Stage 2,Fukuoka Softbank Hawks,Away,L,0,Orix Buffaloes,0,6,0,"0,0,0,0,0,0,0,0,0",1,Kyocera Dome Osaka,18:02,03:08,24509,GAME20221012OBSH0864
2022,2022-10-12,CS Stage 2,Orix Buffaloes,Home,W,5,Fukuoka Softbank Hawks,5,8,0,"0,0,0,1,3,0,1,0,x",1,Kyocera Dome Osaka,18:02,03:08,24509,GAME20221012OBSH0864
2022,2022-10-12,CS Stage 2,Hanshin Tigers,Away,L,1,Tokyo Yakult Swallows,1,9,0,"0,0,0,0,0,1,0,0,0",1,Meiji Jingu Stadium,18:00,03:03,26499,GAME20221012YSHT0865
2022,2022-10-12,CS Stage 2,Tokyo Yakult Swallows,Home,W,7,Hanshin Tigers,7,7,0,"3,1,1,0,0,2,0,0,x",1,Meiji Jingu Stadium,18:00,03:03,26499,GAME20221012YSHT0865
2022,2022-10-13,CS Stage 2,Fukuoka Softbank Hawks,Away,L,3,Orix Buffaloes,3,9,0,"1,0,1,0,0,0,0,0,1",2,Kyocera Dome Osaka,18:02,03:27,18572,GAME20221013OBSH0866
2022,2022-10-13,CS Stage 2,Orix Buffaloes,Home,W,4,Fukuoka Softbank Hawks,4,11,0,"1,0,1,0,2,0,0,0,x",2,Kyocera Dome Osaka,18:02,03:27,18572,GAME20221013OBSH0866
2022,2022-10-13,CS Stage 2,Hanshin Tigers,Away,L,3,Tokyo Yakult Swallows,3,11,1,"1,0,0,0,0,0,1,0,1",2,Meiji Jingu Stadium,18:01,03:49,26071,GAME20221013YSHT0867
2022,2022-10-13,CS Stage 2,Tokyo Yakult Swallows,Home,W,5,Hanshin Tigers,5,7,1,"0,0,2,1,2,0,0,0,x",2,Meiji Jingu Stadium,18:01,03:49,26071,GAME20221013YSHT0867
2022,2022-10-14,CS Stage 2,Fukuoka Softbank Hawks,Away,W,3,Orix Buffaloes,3,8,1,"2,0,0,0,0,0,1,0,0",3,Kyocera Dome Osaka,18:01,03:05,27526,GAME20221014OBSH0868
2022,2022-10-14,CS Stage 2,Orix Buffaloes,Home,L,0,Fukuoka Softbank Hawks,0,6,1,"0,0,0,0,0,0,0,0,0",3,Kyocera Dome Osaka,18:01,03:05,27526,GAME20221014OBSH0868
2022,2022-10-14,CS Stage 2,Hanshin Tigers,Away,L,3,Tokyo Yakult Swallows,3,8,2,"0,0,0,1,2,0,0,0,0",3,Meiji Jingu Stadium,18:01,03:39,29343,GAME20221014YSHT0869
2022,2022-10-14,CS Stage 2,Tokyo Yakult Swallows,Home,W,6,Hanshin Tigers,6,5,0,"0,0,0,0,0,0,5,1,x",3,Meiji Jingu Stadium,18:01,03:39,29343,GAME20221014YSHT0869
2022,2022-10-15,CS Stage 2,Fukuoka Softbank Hawks,Away,L,2,Orix Buffaloes,2,4,1,"0,0,0,0,0,0,2,0,0",4,Kyocera Dome Osaka,18:01,03:12,33717,GAME20221015OBSH0870
2022,2022-10-15,CS Stage 2,Orix Buffaloes,Home,W,3,Fukuoka Softbank Hawks,3,6,0,"0,0,0,2,0,0,0,0,1x",4,Kyocera Dome Osaka,18:01,03:12,33717,GAME20221015OBSH0870
2022,2022-10-22,JS,Orix Buffaloes,Away,L,3,Tokyo Yakult Swallows,3,10,2,"0,2,0,0,0,0,0,1,0",1,Meiji Jingu Stadium,18:35,03:48,29402,GAME20221022YSOB0871
2022,2022-10-22,JS,Tokyo Yakult Swallows,Home,W,5,Orix Buffaloes,5,10,0,"2,0,1,1,0,0,0,1,x",1,Meiji Jingu Stadium,18:35,03:48,29402,GAME20221022YSOB0871
2022,2022-10-23,JS,Orix Buffaloes,Away,T,3,Tokyo Yakult Swallows,3,13,0,"0,0,2,0,1,0,0,0,0,0,0,0",2,Meiji Jingu Stadium,18:04,05:03,29410,GAME20221023YSOB0872
2022,2022-10-23,JS,Tokyo Yakult Swallows,Home,T,3,Orix Buffaloes,3,12,1,"0,0,0,0,0,0,0,0,3,0,0,0",2,Meiji Jingu Stadium,18:04,05:03,29410,GAME20221023YSOB0872
2022,2022-10-25,JS,Tokyo Yakult Swallows,Away,W,7,Orix Buffaloes,7,11,0,"0,0,0,0,3,0,1,0,3",3,Kyocera Dome Osaka,18:36,03:28,33098,GAME20221025OBYS0873
2022,2022-10-25,JS,Orix Buffaloes,Home,L,1,Tokyo Yakult Swallows,1,8,1,"0,0,0,0,0,0,0,0,1",3,Kyocera Dome Osaka,18:36,03:28,33098,GAME20221025OBYS0873
2022,2022-10-26,JS,Tokyo Yakult Swallows,Away,L,0,Orix Buffaloes,0,6,1,"0,0,0,0,0,0,0,0,0",4,Kyocera Dome Osaka,18:35,03:28,33210,GAME20221026OBYS0874
2022,2022-10-26,JS,Orix Buffaloes,Home,W,1,Tokyo Yakult Swallows,1,3,1,"0,0,1,0,0,0,0,0,x",4,Kyocera Dome Osaka,18:35,03:28,33210,GAME20221026OBYS0874
2022,2022-10-27,JS,Tokyo Yakult Swallows,Away,L,4,Orix Buffaloes,4,12,1,"1,1,0,0,0,2,0,0,0",5,Kyocera Dome Osaka,18:35,03:40,33135,GAME20221027OBYS0875
2022,2022-10-27,JS,Orix Buffaloes,Home,W,6,Tokyo Yakult Swallows,6,11,1,"0,0,0,2,1,0,0,0,3x",5,Kyocera Dome Osaka,18:35,03:40,33135,GAME20221027OBYS0875
2022,2022-10-29,JS,Orix Buffaloes,Away,W,3,Tokyo Yakult Swallows,3,7,0,"0,0,0,0,0,1,0,0,2",6,Meiji Jingu Stadium,18:33,03:11,29379,GAME20221029YSOB0876
2022,2022-10-29,JS,Tokyo Yakult Swallows,Home,L,0,Orix Buffaloes,0,1,1,"0,0,0,0,0,0,0,0,0",6,Meiji Jingu Stadium,18:33,03:11,29379,GAME20221029YSOB0876
2022,2022-10-30,JS,Orix Buffaloes,Away,W,5,Tokyo Yakult Swallows,5,8,1,"1,0,0,0,4,0,0,0,0",7,Meiji Jingu Stadium,18:33,03:12,29381,GAME20221030YSOB0877
2022,2022-10-30,JS,Tokyo Yakult Swallows,Home,L,4,Orix Buffaloes,4,8,1,"0,0,0,0,0,0,0,4,0",7,Meiji Jingu Stadium,18:33,03:12,29381,GAME20221030YSOB0877
2022,2022-08-11,Reg Season,Tokyo Yakult Swallows,Away,L,3,Hiroshima Toyo Carp,3,8,1,"0,0,0,0,1,1,0,1,0",18,MAZDA Zoom-Zoom Stadium Hiroshima,18:00,03:05,30574,GAME20220811HCYS0616
2022,2022-08-11,Reg Season,Hiroshima Toyo Carp,Home,W,6,Tokyo Yakult Swallows,6,8,0,"0,0,0,3,0,3,0,0,x",18,MAZDA Zoom-Zoom Stadium Hiroshima,18:00,03:05,30574,GAME20220811HCYS0616
2022,2022-08-11,Reg Season,Fukuoka Softbank Hawks,Away,W,4,Chiba Lotte Marines,4,10,0,"1,1,1,0,0,0,0,0,1",17,ZOZO Marine Stadium,17:01,03:40,19337,GAME20220811LMSH0614
2022,2022-08-11,Reg Season,Chiba Lotte Marines,Home,L,3,Fukuoka Softbank Hawks,3,6,0,"2,0,0,0,1,0,0,0,0",17,ZOZO Marine Stadium,17:01,03:40,19337,GAME20220811LMSH0614
2022,2022-08-11,Reg Season,Saitama Seibu Lions,Away,L,2,Hokkaido Nippon-Ham Fighters,2,9,0,"1,0,0,0,0,0,1,0,0,0",19,Sapporo Dome,14:00,02:53,33754,GAME20220811NFSL0617
2022,2022-08-11,Reg Season,Hokkaido Nippon-Ham Fighters,Home,W,3,Saitama Seibu Lions,3,5,0,"0,0,0,0,2,0,0,0,0,1x",19,Sapporo Dome,14:00,02:53,33754,GAME20220811NFSL0617
2022,2022-08-11,Reg Season,Tohoku Rakuten Golden Eagles,Away,L,1,Orix Buffaloes,1,2,0,"0,0,0,0,0,0,1,0,0",17,Kyocera Dome Osaka,14:00,02:39,24037,GAME20220811OBRE0612
2022,2022-08-11,Reg Season,Orix Buffaloes,Home,W,6,Tohoku Rakuten Golden Eagles,6,14,1,"0,2,0,2,1,1,0,0,x",17,Kyocera Dome Osaka,14:00,02:39,24037,GAME20220811OBRE0612
2022,2022-08-12,Reg Season,Chunichi Dragons,Away,W,4,Hanshin Tigers,4,7,1,"2,0,0,0,0,0,0,2,0",18,Kyocera Dome Osaka,18:01,02:45,32662,GAME20220812HTCD0623
2022,2022-08-12,Reg Season,Hanshin Tigers,Home,L,0,Chunichi Dragons,0,4,2,"0,0,0,0,0,0,0,0,0",18,Kyocera Dome Osaka,18:01,02:45,32662,GAME20220812HTCD0623
2022,2022-08-12,Reg Season,Hokkaido Nippon-Ham Fighters,Away,L,2,Chiba Lotte Marines,2,7,2,"0,0,0,0,1,0,0,0,1",15,ZOZO Marine Stadium,18:00,03:51,25401,GAME20220812LMNF0620
2022,2022-08-12,Reg Season,Chiba Lotte Marines,Home,W,3,Hokkaido Nippon-Ham Fighters,3,8,0,"0,2,0,0,0,0,0,0,1x",15,ZOZO Marine Stadium,18:00,03:51,25401,GAME20220812LMNF0620
2022,2022-08-12,Reg Season,Saitama Seibu Lions,Away,W,5,Tohoku Rakuten Golden Eagles,5,11,0,"0,1,0,0,0,2,2,0,0",18,Rakuten Seimei Park Miyagi,18:00,03:15,21128,GAME20220812RESL0622
2022,2022-08-12,Reg Season,Tohoku Rakuten Golden Eagles,Home,L,1,Saitama Seibu Lions,1,3,0,"0,0,0,0,0,0,0,1,0",18,Rakuten Seimei Park Miyagi,18:00,03:15,21128,GAME20220812RESL0622
2022,2022-08-12,Reg Season,Orix Buffaloes,Away,W,6,Fukuoka Softbank Hawks,6,10,0,"2,0,0,0,3,1,0,0,0",18,Mizuho PayPay Dome Fukuoka,18:00,03:27,32339,GAME20220812SHOB0618
2022,2022-08-12,Reg Season,Fukuoka Softbank Hawks,Home,L,3,Orix Buffaloes,3,6,0,"3,0,0,0,0,0,0,0,0",18,Mizuho PayPay Dome Fukuoka,18:00,03:27,32339,GAME20220812SHOB0618
2022,2022-08-12,Reg Season,Hiroshima Toyo Carp,Away,W,6,Yomiuri Giants,6,8,0,"2,0,0,0,2,0,0,2,0",19,Tokyo Dome,18:00,03:22,36508,GAME20220812YGHC0621
2022,2022-08-12,Reg Season,Yomiuri Giants,Home,L,5,Hiroshima Toyo Carp,5,8,0,"2,0,3,0,0,0,0,0,0",19,Tokyo Dome,18:00,03:22,36508,GAME20220812YGHC0621
2022,2022-08-12,Reg Season,Yokohama DeNA Baystars,Away,W,4,Tokyo Yakult Swallows,4,9,0,"0,0,1,1,0,2,0,0,0",15,Meiji Jingu Stadium,18:00,03:36,26915,GAME20220812YSDB0619
2022,2022-08-12,Reg Season,Tokyo Yakult Swallows,Home,L,3,Yokohama DeNA Baystars,3,6,0,"0,1,0,0,1,0,0,1,0",15,Meiji Jingu Stadium,18:00,03:36,26915,GAME20220812YSDB0619
2022,2022-08-13,Reg Season,Chunichi Dragons,Away,W,2,Hanshin Tigers,2,6,0,"0,0,0,0,0,1,0,1,0",19,Kyocera Dome Osaka,18:01,03:04,34104,GAME20220813HTCD0627
2022,2022-08-13,Reg Season,Hanshin Tigers,Home,L,0,Chunichi Dragons,0,6,1,"0,0,0,0,0,0,0,0,0",19,Kyocera Dome Osaka,18:01,03:04,34104,GAME20220813HTCD0627
2022,2022-08-13,Reg Season,Saitama Seibu Lions,Away,W,6,Tohoku Rakuten Golden Eagles,6,16,0,"0,0,0,5,0,0,0,0,1",19,Rakuten Seimei Park Miyagi,18:01,03:40,19659,GAME20220813RESL0626
2022,2022-08-13,Reg Season,Tohoku Rakuten Golden Eagles,Home,L,4,Saitama Seibu Lions,4,9,1,"0,1,0,0,2,0,1,0,0",19,Rakuten Seimei Park Miyagi,18:01,03:40,19659,GAME20220813RESL0626
2022,2022-08-13,Reg Season,Orix Buffaloes,Away,L,4,Fukuoka Softbank Hawks,4,6,2,"0,0,1,0,0,0,0,3,0",19,Mizuho PayPay Dome Fukuoka,14:00,03:41,32513,GAME20220813SHOB0624
2022,2022-08-13,Reg Season,Fukuoka Softbank Hawks,Home,W,5,Orix Buffaloes,5,10,1,"2,0,0,2,0,0,0,0,1x",19,Mizuho PayPay Dome Fukuoka,14:00,03:41,32513,GAME20220813SHOB0624
2022,2022-08-13,Reg Season,Hiroshima Toyo Carp,Away,L,1,Yomiuri Giants,1,8,2,"0,0,0,0,0,0,0,0,1",20,Tokyo Dome,14:00,03:06,39717,GAME20220813YGHC0625
2022,2022-08-13,Reg Season,Yomiuri Giants,Home,W,4,Hiroshima Toyo Carp,4,6,0,"2,0,0,2,0,0,0,0,x",20,Tokyo Dome,14:00,03:06,39717,GAME20220813YGHC0625
2022,2022-08-14,Reg Season,Chunichi Dragons,Away,W,5,Hanshin Tigers,5,10,0,"0,0,2,0,2,0,0,0,1",20,Kyocera Dome Osaka,18:01,03:06,30089,GAME20220814HTCD0633
2022,2022-08-14,Reg Season,Hanshin Tigers,Home,L,4,Chunichi Dragons,4,7,3,"0,0,0,0,4,0,0,0,0",20,Kyocera Dome Osaka,18:01,03:06,30089,GAME20220814HTCD0633
2022,2022-08-14,Reg Season,Hokkaido Nippon-Ham Fighters,Away,W,8,Chiba Lotte Marines,8,12,2,"1,0,3,0,0,0,1,3,0",16,ZOZO Marine Stadium,17:00,03:38,28259,GAME20220814LMNF0630
2022,2022-08-14,Reg Season,Chiba Lotte Marines,Home,L,3,Hokkaido Nippon-Ham Fighters,3,12,2,"1,0,1,0,0,0,0,0,1",16,ZOZO Marine Stadium,17:00,03:38,28259,GAME20220814LMNF0630
2022,2022-08-14,Reg Season,Saitama Seibu Lions,Away,L,3,Tohoku Rakuten Golden Eagles,3,6,1,"0,0,2,1,0,0,0,0,0",20,Rakuten Seimei Park Miyagi,17:01,03:02,19366,GAME20220814RESL0632
2022,2022-08-14,Reg Season,Tohoku Rakuten Golden Eagles,Home,W,4,Saitama Seibu Lions,4,8,0,"0,0,0,0,0,0,3,1,x",20,Rakuten Seimei Park Miyagi,17:01,03:02,19366,GAME20220814RESL0632
2022,2022-08-14,Reg Season,Orix Buffaloes,Away,W,10,Fukuoka Softbank Hawks,10,16,0,"0,0,0,7,3,0,0,0,0",20,Mizuho PayPay Dome Fukuoka,13:00,02:53,33124,GAME20220814SHOB0628
2022,2022-08-14,Reg Season,Fukuoka Softbank Hawks,Home,L,2,Orix Buffaloes,2,5,0,"0,0,0,0,0,1,0,1,0",20,Mizuho PayPay Dome Fukuoka,13:00,02:53,33124,GAME20220814SHOB0628
2022,2022-08-14,Reg Season,Hiroshima Toyo Carp,Away,L,2,Yomiuri Giants,2,9,0,"0,0,0,0,0,0,2,0,0",21,Tokyo Dome,14:00,03:14,40060,GAME20220814YGHC0631
2022,2022-08-14,Reg Season,Yomiuri Giants,Home,W,3,Hiroshima Toyo Carp,3,8,0,"0,0,0,2,0,0,0,1,x",21,Tokyo Dome,14:00,03:14,40060,GAME20220814YGHC0631
2022,2022-08-14,Reg Season,Yokohama DeNA Baystars,Away,L,1,Tokyo Yakult Swallows,1,4,0,"1,0,0,0,0,0,0,0,0",16,Meiji Jingu Stadium,18:00,03:08,28247,GAME20220814YSDB0629
2022,2022-08-14,Reg Season,Tokyo Yakult Swallows,Home,W,4,Yokohama DeNA Baystars,4,5,2,"1,0,0,3,0,0,0,0,x",16,Meiji Jingu Stadium,18:00,03:08,28247,GAME20220814YSDB0629
2022,2022-08-16,Reg Season,Yomiuri Giants,Away,L,1,Yokohama DeNA Baystars,1,9,0,"0,1,0,0,0,0,0,0,0",14,Yokohama Stadium,18:00,03:14,25936,GAME20220816DBYG0635
2022,2022-08-16,Reg Season,Yokohama DeNA Baystars,Home,W,3,Yomiuri Giants,3,8,0,"1,0,0,0,2,0,0,0,x",14,Yokohama Stadium,18:00,03:14,25936,GAME20220816DBYG0635
2022,2022-08-16,Reg Season,Chunichi Dragons,Away,L,0,Hiroshima Toyo Carp,0,9,0,"0,0,0,0,0,0,0,0,0",18,MAZDA Zoom-Zoom Stadium Hiroshima,18:01,03:00,30005,GAME20220816HCCD0637
2022,2022-08-16,Reg Season,Hiroshima Toyo Carp,Home,W,5,Chunichi Dragons,5,11,0,"1,3,0,0,1,0,0,0,x",18,MAZDA Zoom-Zoom Stadium Hiroshima,18:01,03:00,30005,GAME20220816HCCD0637
2022,2022-08-16,Reg Season,Tohoku Rakuten Golden Eagles,Away,W,2,Hokkaido Nippon-Ham Fighters,2,6,0,"0,0,0,2,0,0,0,0,0",17,Sapporo Dome,18:00,02:46,17859,GAME20220816NFRE0638
2022,2022-08-16,Reg Season,Hokkaido Nippon-Ham Fighters,Home,L,1,Tohoku Rakuten Golden Eagles,1,5,0,"1,0,0,0,0,0,0,0,0",17,Sapporo Dome,18:00,02:46,17859,GAME20220816NFRE0638
2022,2022-08-16,Reg Season,Chiba Lotte Marines,Away,W,4,Orix Buffaloes,4,10,0,"0,0,0,0,0,3,1,,",19,Kobe Athletic Park Baseball Field,18:00,02:32,23843,GAME20220816OBLM0634
2022,2022-08-16,Reg Season,Orix Buffaloes,Home,L,0,Chiba Lotte Marines,0,5,0,"0,0,0,0,0,0,0x,,",19,Kobe Athletic Park Baseball Field,18:00,02:32,23843,GAME20220816OBLM0634
2022,2022-08-16,Reg Season,Fukuoka Softbank Hawks,Away,L,0,Saitama Seibu Lions,0,7,0,"0,0,0,0,0,0,0,0,0",15,Belluna Dome,18:00,02:34,18340,GAME20220816SLSH0639
2022,2022-08-16,Reg Season,Saitama Seibu Lions,Home,W,2,Fukuoka Softbank Hawks,2,5,0,"0,0,0,2,0,0,0,0,x",15,Belluna Dome,18:00,02:34,18340,GAME20220816SLSH0639
2022,2022-08-16,Reg Season,Hanshin Tigers,Away,L,3,Tokyo Yakult Swallows,3,11,1,"0,0,0,0,0,1,0,0,2",17,Meiji Jingu Stadium,18:00,03:20,25990,GAME20220816YSHT0636
2022,2022-08-16,Reg Season,Tokyo Yakult Swallows,Home,W,5,Hanshin Tigers,5,8,0,"0,2,2,0,0,0,1,0,x",17,Meiji Jingu Stadium,18:00,03:20,25990,GAME20220816YSHT0636
2022,2022-08-17,Reg Season,Yomiuri Giants,Away,L,3,Yokohama DeNA Baystars,3,6,1,"0,0,3,0,0,0,0,0,0",15,Yokohama Stadium,18:00,02:58,20463,GAME20220817DBYG0640
2022,2022-08-17,Reg Season,Yokohama DeNA Baystars,Home,W,7,Yomiuri Giants,7,8,0,"0,0,0,0,3,2,0,2,x",15,Yokohama Stadium,18:00,02:58,20463,GAME20220817DBYG0640
2022,2022-08-17,Reg Season,Chunichi Dragons,Away,L,0,Hiroshima Toyo Carp,0,5,0,"0,0,0,0,0,0,0,0,0,0,0",19,MAZDA Zoom-Zoom Stadium Hiroshima,18:00,03:49,27451,GAME20220817HCCD0642
2022,2022-08-17,Reg Season,Hiroshima Toyo Carp,Home,W,1,Chunichi Dragons,1,4,1,"0,0,0,0,0,0,0,0,0,0,1x",19,MAZDA Zoom-Zoom Stadium Hiroshima,18:00,03:49,27451,GAME20220817HCCD0642
2022,2022-08-17,Reg Season,Tohoku Rakuten Golden Eagles,Away,W,8,Hokkaido Nippon-Ham Fighters,8,13,0,"0,2,0,0,1,2,3,0,0",18,Sapporo Dome,18:01,03:54,17341,GAME20220817NFRE0643
2022,2022-08-17,Reg Season,Hokkaido Nippon-Ham Fighters,Home,L,2,Tohoku Rakuten Golden Eagles,2,10,0,"1,0,1,0,0,0,0,0,0",18,Sapporo Dome,18:01,03:54,17341,GAME20220817NFRE0643
2022,2022-08-17,Reg Season,Fukuoka Softbank Hawks,Away,W,5,Saitama Seibu Lions,5,8,0,"3,0,0,2,0,0,0,0,0",16,Belluna Dome,18:00,03:16,13258,GAME20220817SLSH0644
2022,2022-08-17,Reg Season,Saitama Seibu Lions,Home,L,3,Fukuoka Softbank Hawks,3,6,1,"0,2,0,1,0,0,0,0,0",16,Belluna Dome,18:00,03:16,13258,GAME20220817SLSH0644
2022,2022-08-17,Reg Season,Hanshin Tigers,Away,L,2,Tokyo Yakult Swallows,2,5,0,"0,0,0,0,0,2,0,0,0",18,Meiji Jingu Stadium,18:00,02:45,21543,GAME20220817YSHT0641
2022,2022-08-17,Reg Season,Tokyo Yakult Swallows,Home,W,4,Hanshin Tigers,4,5,1,"0,0,3,0,0,0,0,1,x",18,Meiji Jingu Stadium,18:00,02:45,21543,GAME20220817YSHT0641
2022,2022-08-18,Reg Season,Yomiuri Giants,Away,L,3,Yokohama DeNA Baystars,3,9,0,"0,0,0,1,2,0,0,0,0",16,Yokohama Stadium,18:00,03:02,21198,GAME20220818DBYG0645
2022,2022-08-18,Reg Season,Yokohama DeNA Baystars,Home,W,4,Yomiuri Giants,4,9,0,"0,0,0,1,0,2,0,1,x",16,Yokohama Stadium,18:00,03:02,21198,GAME20220818DBYG0645
2022,2022-08-18,Reg Season,Chunichi Dragons,Away,W,6,Hiroshima Toyo Carp,6,13,0,"3,0,1,0,0,0,0,0,2",20,MAZDA Zoom-Zoom Stadium Hiroshima,18:00,03:21,28283,GAME20220818HCCD0647
2022,2022-08-18,Reg Season,Hiroshima Toyo Carp,Home,L,1,Chunichi Dragons,1,8,0,"0,0,0,1,0,0,0,0,0",20,MAZDA Zoom-Zoom Stadium Hiroshima,18:00,03:21,28283,GAME20220818HCCD0647
2022,2022-08-18,Reg Season,Tohoku Rakuten Golden Eagles,Away,W,2,Hokkaido Nippon-Ham Fighters,2,5,0,"0,0,0,1,0,0,0,1,0",19,Sapporo Dome,18:01,03:26,17632,GAME20220818NFRE0648
2022,2022-08-18,Reg Season,Hokkaido Nippon-Ham Fighters,Home,L,1,Tohoku Rakuten Golden Eagles,1,8,1,"0,0,0,0,0,0,1,0,0",19,Sapporo Dome,18:01,03:26,17632,GAME20220818NFRE0648
2022,2022-08-18,Reg Season,Fukuoka Softbank Hawks,Away,L,5,Saitama Seibu Lions,5,9,0,"2,0,0,0,0,2,0,1,0",17,Belluna Dome,18:00,03:22,13372,GAME20220818SLSH0649
2022,2022-08-18,Reg Season,Saitama Seibu Lions,Home,W,8,Fukuoka Softbank Hawks,8,11,0,"5,1,0,1,0,0,1,0,x",17,Belluna Dome,18:00,03:22,13372,GAME20220818SLSH0649
2022,2022-08-18,Reg Season,Hanshin Tigers,Away,W,10,Tokyo Yakult Swallows,10,14,0,"0,0,3,1,0,0,5,1,0",19,Meiji Jingu Stadium,18:00,03:32,22428,GAME20220818YSHT0646
2022,2022-08-18,Reg Season,Tokyo Yakult Swallows,Home,L,2,Hanshin Tigers,2,7,0,"0,0,0,0,2,0,0,0,0",19,Meiji Jingu Stadium,18:00,03:32,22428,GAME20220818YSHT0646
2022,2022-08-19,Reg Season,Tokyo Yakult Swallows,Away,L,3,Chunichi Dragons,3,7,1,"0,3,0,0,0,0,0,0,0",16,Vantelin Dome Nagoya,18:00,03:24,29929,GAME20220819CDYS0652
2022,2022-08-19,Reg Season,Chunichi Dragons,Home,W,4,Tokyo Yakult Swallows,4,7,1,"0,0,1,0,0,2,0,0,1x",16,Vantelin Dome Nagoya,18:00,03:24,29929,GAME20220819CDYS0652
2022,2022-08-19,Reg Season,Hiroshima Toyo Carp,Away,L,3,Yokohama DeNA Baystars,3,13,0,"0,0,0,2,0,1,0,0,0",18,Yokohama Stadium,18:00,03:23,23458,GAME20220819DBHC0651
2022,2022-08-19,Reg Season,Yokohama DeNA Baystars,Home,W,8,Hiroshima Toyo Carp,8,9,1,"0,1,0,3,0,1,0,3,x",18,Yokohama Stadium,18:00,03:23,23458,GAME20220819DBHC0651
2022,2022-08-19,Reg Season,Chiba Lotte Marines,Away,W,6,Tohoku Rakuten Golden Eagles,6,5,0,"0,1,1,0,0,4,0,0,0",18,Rakuten Seimei Park Miyagi,18:00,03:15,21215,GAME20220819RELM0654
2022,2022-08-19,Reg Season,Tohoku Rakuten Golden Eagles,Home,L,5,Chiba Lotte Marines,5,6,0,"1,0,0,2,1,1,0,0,0",18,Rakuten Seimei Park Miyagi,18:00,03:15,21215,GAME20220819RELM0654
2022,2022-08-19,Reg Season,Hokkaido Nippon-Ham Fighters,Away,L,2,Fukuoka Softbank Hawks,2,4,2,"0,0,0,0,0,0,2,0,0",19,Mizuho PayPay Dome Fukuoka,18:00,03:03,32806,GAME20220819SHNF0650
2022,2022-08-19,Reg Season,Fukuoka Softbank Hawks,Home,W,7,Hokkaido Nippon-Ham Fighters,7,10,0,"0,0,2,0,0,2,0,3,x",19,Mizuho PayPay Dome Fukuoka,18:00,03:03,32806,GAME20220819SHNF0650
2022,2022-08-19,Reg Season,Orix Buffaloes,Away,W,4,Saitama Seibu Lions,4,10,1,"0,0,0,2,1,0,1,0,0",19,Belluna Dome,18:00,03:19,18793,GAME20220819SLOB0655
2022,2022-08-19,Reg Season,Saitama Seibu Lions,Home,L,3,Orix Buffaloes,3,9,0,"1,0,0,0,0,2,0,0,0",19,Belluna Dome,18:00,03:19,18793,GAME20220819SLOB0655
2022,2022-08-19,Reg Season,Hanshin Tigers,Away,W,4,Yomiuri Giants,4,8,0,"0,0,0,0,0,0,1,3,0",19,Tokyo Dome,18:00,02:50,36043,GAME20220819YGHT0653
2022,2022-08-19,Reg Season,Yomiuri Giants,Home,L,0,Hanshin Tigers,0,3,0,"0,0,0,0,0,0,0,0,0",19,Tokyo Dome,18:00,02:50,36043,GAME20220819YGHT0653
2022,2022-08-20,Reg Season,Tokyo Yakult Swallows,Away,W,7,Chunichi Dragons,7,11,0,"0,2,1,0,0,0,3,1,0",17,Vantelin Dome Nagoya,14:00,03:11,31166,GAME20220820CDYS0658
2022,2022-08-20,Reg Season,Chunichi Dragons,Home,L,2,Tokyo Yakult Swallows,2,8,0,"0,0,1,0,0,0,0,0,1",17,Vantelin Dome Nagoya,14:00,03:11,31166,GAME20220820CDYS0658
2022,2022-08-20,Reg Season,Hiroshima Toyo Carp,Away,L,5,Yokohama DeNA Baystars,5,9,0,"1,0,0,0,0,0,3,1,0",19,Yokohama Stadium,18:00,03:47,25909,GAME20220820DBHC0657
2022,2022-08-20,Reg Season,Yokohama DeNA Baystars,Home,W,6,Hiroshima Toyo Carp,6,11,1,"3,0,0,0,2,0,0,1,x",19,Yokohama Stadium,18:00,03:47,25909,GAME20220820DBHC0657
2022,2022-08-20,Reg Season,Chiba Lotte Marines,Away,L,2,Tohoku Rakuten Golden Eagles,2,6,1,"0,0,0,0,0,2,0,0,0",19,Rakuten Seimei Park Miyagi,18:00,02:48,22874,GAME20220820RELM0660
2022,2022-08-20,Reg Season,Tohoku Rakuten Golden Eagles,Home,W,5,Chiba Lotte Marines,5,7,2,"0,0,0,0,0,5,0,0,x",19,Rakuten Seimei Park Miyagi,18:00,02:48,22874,GAME20220820RELM0660
2022,2022-08-20,Reg Season,Hokkaido Nippon-Ham Fighters,Away,L,3,Fukuoka Softbank Hawks,3,10,1,"1,1,0,0,0,0,1,0,0",20,Mizuho PayPay Dome Fukuoka,18:00,03:43,32247,GAME20220820SHNF0656
2022,2022-08-20,Reg Season,Fukuoka Softbank Hawks,Home,W,9,Hokkaido Nippon-Ham Fighters,9,13,0,"0,0,0,7,1,0,1,0,x",20,Mizuho PayPay Dome Fukuoka,18:00,03:43,32247,GAME20220820SHNF0656
2022,2022-08-20,Reg Season,Orix Buffaloes,Away,W,6,Saitama Seibu Lions,6,10,0,"0,1,0,0,0,0,1,4,0",20,Belluna Dome,17:00,02:51,19784,GAME20220820SLOB0661
2022,2022-08-20,Reg Season,Saitama Seibu Lions,Home,L,0,Orix Buffaloes,0,6,0,"0,0,0,0,0,0,0,0,0",20,Belluna Dome,17:00,02:51,19784,GAME20220820SLOB0661
2022,2022-08-20,Reg Season,Hanshin Tigers,Away,W,5,Yomiuri Giants,5,9,0,"0,1,2,2,0,0,0,0,0",20,Tokyo Dome,14:00,03:10,40630,GAME20220820YGHT0659
2022,2022-08-20,Reg Season,Yomiuri Giants,Home,L,1,Hanshin Tigers,1,8,0,"0,0,0,0,0,1,0,0,0",20,Tokyo Dome,14:00,03:10,40630,GAME20220820YGHT0659
2022,2022-08-21,Reg Season,Tokyo Yakult Swallows,Away,L,2,Chunichi Dragons,2,6,0,"0,0,0,0,0,0,2,0,0",18,Vantelin Dome Nagoya,14:00,03:20,32572,GAME20220821CDYS0664
2022,2022-08-21,Reg Season,Chunichi Dragons,Home,W,5,Tokyo Yakult Swallows,5,9,1,"0,0,0,0,2,0,1,2,x",18,Vantelin Dome Nagoya,14:00,03:20,32572,GAME20220821CDYS0664
2022,2022-08-21,Reg Season,Hiroshima Toyo Carp,Away,L,0,Yokohama DeNA Baystars,0,6,0,"0,0,0,0,0,0,0,0,0",20,Yokohama Stadium,18:00,03:04,19514,GAME20220821DBHC0663
2022,2022-08-21,Reg Season,Yokohama DeNA Baystars,Home,W,3,Hiroshima Toyo Carp,3,7,0,"1,1,1,0,0,0,0,0,x",20,Yokohama Stadium,18:00,03:04,19514,GAME20220821DBHC0663
2022,2022-08-21,Reg Season,Chiba Lotte Marines,Away,L,0,Tohoku Rakuten Golden Eagles,0,1,0,"0,0,0,0,0,0,0,0,0",20,Rakuten Seimei Park Miyagi,17:00,02:40,18449,GAME20220821RELM0666
2022,2022-08-21,Reg Season,Tohoku Rakuten Golden Eagles,Home,W,1,Chiba Lotte Marines,1,7,0,"0,0,0,0,1,0,0,0,x",20,Rakuten Seimei Park Miyagi,17:00,02:40,18449,GAME20220821RELM0666
2022,2022-08-21,Reg Season,Hokkaido Nippon-Ham Fighters,Away,L,1,Fukuoka Softbank Hawks,1,5,1,"0,0,0,0,1,0,0,0,0",21,Mizuho PayPay Dome Fukuoka,14:00,02:45,35191,GAME20220821SHNF0662
2022,2022-08-21,Reg Season,Fukuoka Softbank Hawks,Home,W,5,Hokkaido Nippon-Ham Fighters,5,8,0,"0,1,2,0,0,1,0,1,x",21,Mizuho PayPay Dome Fukuoka,14:00,02:45,35191,GAME20220821SHNF0662
2022,2022-08-21,Reg Season,Orix Buffaloes,Away,L,1,Saitama Seibu Lions,1,3,0,"0,1,0,0,0,0,0,0,0",21,Belluna Dome,17:00,03:23,15879,GAME20220821SLOB0667
2022,2022-08-21,Reg Season,Saitama Seibu Lions,Home,W,3,Orix Buffaloes,3,12,0,"2,0,0,0,1,0,0,0,x",21,Belluna Dome,17:00,03:23,15879,GAME20220821SLOB0667
2022,2022-08-21,Reg Season,Hanshin Tigers,Away,W,6,Yomiuri Giants,6,16,0,"2,0,0,1,0,1,0,2,0",21,Tokyo Dome,14:00,03:31,40268,GAME20220821YGHT0665
2022,2022-08-21,Reg Season,Yomiuri Giants,Home,L,1,Hanshin Tigers,1,6,1,"0,0,0,0,0,0,1,0,0",21,Tokyo Dome,14:00,03:31,40268,GAME20220821YGHT0665
2022,2022-08-23,Reg Season,Yokohama DeNA Baystars,Away,W,4,Hanshin Tigers,4,12,0,"1,1,1,0,0,0,0,0,1",20,Kyocera Dome Osaka,18:02,03:23,29105,GAME20220823HTDB0673
2022,2022-08-23,Reg Season,Hanshin Tigers,Home,L,0,Yokohama DeNA Baystars,0,6,0,"0,0,0,0,0,0,0,0,0",20,Kyocera Dome Osaka,18:02,03:23,29105,GAME20220823HTDB0673
2022,2022-08-23,Reg Season,Saitama Seibu Lions,Away,W,5,Chiba Lotte Marines,5,12,0,"2,0,0,1,1,1,0,0,0",20,ZOZO Marine Stadium,18:00,03:10,17385,GAME20220823LMSL0669
2022,2022-08-23,Reg Season,Chiba Lotte Marines,Home,L,4,Saitama Seibu Lions,4,8,0,"0,0,0,0,0,3,0,1,0",20,ZOZO Marine Stadium,18:00,03:10,17385,GAME20220823LMSL0669
2022,2022-08-23,Reg Season,Orix Buffaloes,Away,T,0,Hokkaido Nippon-Ham Fighters,0,7,1,"0,0,0,0,0,0,0,,",20,Kushiroshi Fujimi Baseball Field,13:01,03:06,8770,GAME20220823NFOB0671
2022,2022-08-23,Reg Season,Hokkaido Nippon-Ham Fighters,Home,T,0,Orix Buffaloes,0,5,1,"0,0,0,0,0,0,0,,",20,Kushiroshi Fujimi Baseball Field,13:01,03:06,8770,GAME20220823NFOB0671
2022,2022-08-23,Reg Season,Fukuoka Softbank Hawks,Away,W,15,Tohoku Rakuten Golden Eagles,15,20,0,"4,0,2,0,2,5,0,2,0",16,Rakuten Seimei Park Miyagi,18:01,03:34,16801,GAME20220823RESH0672
2022,2022-08-23,Reg Season,Tohoku Rakuten Golden Eagles,Home,L,6,Fukuoka Softbank Hawks,6,16,0,"1,0,0,0,0,0,5,0,0",16,Rakuten Seimei Park Miyagi,18:01,03:34,16801,GAME20220823RESH0672
2022,2022-08-23,Reg Season,Chunichi Dragons,Away,L,0,Yomiuri Giants,0,3,0,"0,0,0,0,0,0,0,0,0",18,Tokyo Dome,18:00,02:55,29343,GAME20220823YGCD0670
2022,2022-08-23,Reg Season,Yomiuri Giants,Home,W,6,Chunichi Dragons,6,11,1,"2,0,0,0,2,0,2,0,x",18,Tokyo Dome,18:00,02:55,29343,GAME20220823YGCD0670
2022,2022-08-23,Reg Season,Hiroshima Toyo Carp,Away,L,4,Tokyo Yakult Swallows,4,10,0,"3,0,0,0,0,1,0,0,0",19,Meiji Jingu Stadium,18:00,03:34,21507,GAME20220823YSHC0668
2022,2022-08-23,Reg Season,Tokyo Yakult Swallows,Home,W,5,Hiroshima Toyo Carp,5,9,1,"0,0,0,1,1,3,0,0,x",19,Meiji Jingu Stadium,18:00,03:34,21507,GAME20220823YSHC0668
2022,2022-08-24,Reg Season,Yokohama DeNA Baystars,Away,W,4,Hanshin Tigers,4,6,0,"0,0,0,0,0,0,4,0,0",21,Kyocera Dome Osaka,18:02,03:09,24358,GAME20220824HTDB0679
2022,2022-08-24,Reg Season,Hanshin Tigers,Home,L,0,Yokohama DeNA Baystars,0,6,0,"0,0,0,0,0,0,0,0,0",21,Kyocera Dome Osaka,18:02,03:09,24358,GAME20220824HTDB0679
2022,2022-08-24,Reg Season,Saitama Seibu Lions,Away,L,2,Chiba Lotte Marines,2,8,1,"0,0,0,0,1,1,0,0,0",21,ZOZO Marine Stadium,18:00,03:34,17456,GAME20220824LMSL0675
2022,2022-08-24,Reg Season,Chiba Lotte Marines,Home,W,5,Saitama Seibu Lions,5,10,1,"0,0,0,2,0,0,2,1,x",21,ZOZO Marine Stadium,18:00,03:34,17456,GAME20220824LMSL0675
2022,2022-08-24,Reg Season,Orix Buffaloes,Away,W,5,Hokkaido Nippon-Ham Fighters,5,8,1,"0,0,0,2,3,0,0,0,0",21,Obihiro no Mori Baseball Stadium,13:00,03:16,8553,GAME20220824NFOB0677
2022,2022-08-24,Reg Season,Hokkaido Nippon-Ham Fighters,Home,L,4,Orix Buffaloes,4,6,3,"0,0,0,3,0,0,0,0,1",21,Obihiro no Mori Baseball Stadium,13:00,03:16,8553,GAME20220824NFOB0677
2022,2022-08-24,Reg Season,Fukuoka Softbank Hawks,Away,W,4,Tohoku Rakuten Golden Eagles,4,8,1,"0,0,0,3,0,0,0,0,0,0,1",17,Rakuten Seimei Park Miyagi,18:00,04:19,16259,GAME20220824RESH0678
2022,2022-08-24,Reg Season,Tohoku Rakuten Golden Eagles,Home,L,3,Fukuoka Softbank Hawks,3,9,0,"1,0,0,0,0,0,2,0,0,0,0",17,Rakuten Seimei Park Miyagi,18:00,04:19,16259,GAME20220824RESH0678
2022,2022-08-24,Reg Season,Chunichi Dragons,Away,W,4,Yomiuri Giants,4,11,1,"2,0,1,0,0,0,0,1,0",19,Tokyo Dome,18:00,03:10,28813,GAME20220824YGCD0676
2022,2022-08-24,Reg Season,Yomiuri Giants,Home,L,1,Chunichi Dragons,1,5,2,"0,0,0,0,0,0,0,1,0",19,Tokyo Dome,18:00,03:10,28813,GAME20220824YGCD0676
2022,2022-08-24,Reg Season,Hiroshima Toyo Carp,Away,L,2,Tokyo Yakult Swallows,2,6,0,"1,0,0,0,1,0,0,0,0",20,Meiji Jingu Stadium,18:00,03:22,20197,GAME20220824YSHC0674
2022,2022-08-24,Reg Season,Tokyo Yakult Swallows,Home,W,6,Hiroshima Toyo Carp,6,9,0,"0,0,1,2,1,2,0,0,x",20,Meiji Jingu Stadium,18:00,03:22,20197,GAME20220824YSHC0674
2022,2022-08-25,Reg Season,Yokohama DeNA Baystars,Away,L,0,Hanshin Tigers,0,9,1,"0,0,0,0,0,0,0,0,0",22,Kyocera Dome Osaka,18:01,03:12,22039,GAME20220825HTDB0684
2022,2022-08-25,Reg Season,Hanshin Tigers,Home,W,5,Yokohama DeNA Baystars,5,11,0,"1,0,3,0,0,0,1,0,x",22,Kyocera Dome Osaka,18:01,03:12,22039,GAME20220825HTDB0684
2022,2022-08-25,Reg Season,Saitama Seibu Lions,Away,L,5,Chiba Lotte Marines,5,7,0,"1,1,0,1,1,0,0,1,0",22,ZOZO Marine Stadium,18:00,03:24,16751,GAME20220825LMSL0681
2022,2022-08-25,Reg Season,Chiba Lotte Marines,Home,W,6,Saitama Seibu Lions,6,11,0,"0,0,0,0,0,2,1,2,1x",22,ZOZO Marine Stadium,18:00,03:24,16751,GAME20220825LMSL0681
2022,2022-08-25,Reg Season,Fukuoka Softbank Hawks,Away,L,5,Tohoku Rakuten Golden Eagles,5,11,0,"4,1,0,0,0,0,0,0,0",18,Rakuten Seimei Park Miyagi,18:00,03:08,14312,GAME20220825RESH0683
2022,2022-08-25,Reg Season,Tohoku Rakuten Golden Eagles,Home,W,7,Fukuoka Softbank Hawks,7,6,0,"7,0,0,0,0,0,0,0,x",18,Rakuten Seimei Park Miyagi,18:00,03:08,14312,GAME20220825RESH0683
2022,2022-08-25,Reg Season,Chunichi Dragons,Away,L,1,Yomiuri Giants,1,6,0,"0,0,0,0,1,0,0,0,0",20,Tokyo Dome,18:00,02:54,31216,GAME20220825YGCD0682
2022,2022-08-25,Reg Season,Yomiuri Giants,Home,W,2,Chunichi Dragons,2,4,1,"0,0,0,1,1,0,0,0,x",20,Tokyo Dome,18:00,02:54,31216,GAME20220825YGCD0682
2022,2022-08-25,Reg Season,Hiroshima Toyo Carp,Away,W,3,Tokyo Yakult Swallows,3,6,0,"1,0,0,1,0,0,0,0,0,1",21,Meiji Jingu Stadium,18:01,03:43,21365,GAME20220825YSHC0680
2022,2022-08-25,Reg Season,Tokyo Yakult Swallows,Home,L,2,Hiroshima Toyo Carp,2,8,0,"0,0,0,0,1,0,1,0,0,0",21,Meiji Jingu Stadium,18:01,03:43,21365,GAME20220825YSHC0680
2022,2022-08-26,Reg Season,Hanshin Tigers,Away,L,2,Chunichi Dragons,2,11,0,"0,0,0,0,0,2,0,0,0",21,Vantelin Dome Nagoya,18:00,03:26,26637,GAME20220826CDHT0688
2022,2022-08-26,Reg Season,Chunichi Dragons,Home,W,5,Hanshin Tigers,5,14,0,"1,1,1,1,0,1,0,0,x",21,Vantelin Dome Nagoya,18:00,03:26,26637,GAME20220826CDHT0688
2022,2022-08-26,Reg Season,Tokyo Yakult Swallows,Away,W,6,Yokohama DeNA Baystars,6,11,0,"0,0,0,0,0,5,1,0,0",17,Yokohama Stadium,18:00,03:03,31775,GAME20220826DBYS0686
2022,2022-08-26,Reg Season,Yokohama DeNA Baystars,Home,L,3,Tokyo Yakult Swallows,3,7,0,"0,0,0,0,0,3,0,0,0",17,Yokohama Stadium,18:00,03:03,31775,GAME20220826DBYS0686
2022,2022-08-26,Reg Season,Yomiuri Giants,Away,W,4,Hiroshima Toyo Carp,4,10,0,"3,0,0,0,0,0,1,0,0",22,MAZDA Zoom-Zoom Stadium Hiroshima,18:00,03:22,30457,GAME20220826HCYG0689
2022,2022-08-26,Reg Season,Hiroshima Toyo Carp,Home,L,3,Yomiuri Giants,3,12,0,"1,0,2,0,0,0,0,0,0",22,MAZDA Zoom-Zoom Stadium Hiroshima,18:00,03:22,30457,GAME20220826HCYG0689
2022,2022-08-26,Reg Season,Tohoku Rakuten Golden Eagles,Away,L,0,Chiba Lotte Marines,0,3,0,"0,0,0,0,0,0,0,0,0",21,ZOZO Marine Stadium,18:00,02:35,24313,GAME20220826LMRE0687
2022,2022-08-26,Reg Season,Chiba Lotte Marines,Home,W,2,Tohoku Rakuten Golden Eagles,2,6,1,"0,0,1,0,0,0,0,1,x",21,ZOZO Marine Stadium,18:00,02:35,24313,GAME20220826LMRE0687
2022,2022-08-26,Reg Season,Fukuoka Softbank Hawks,Away,W,10,Hokkaido Nippon-Ham Fighters,10,13,1,"0,3,0,0,3,0,0,3,1",22,Sapporo Dome,18:02,03:39,16998,GAME20220826NFSH0690
2022,2022-08-26,Reg Season,Hokkaido Nippon-Ham Fighters,Home,L,0,Fukuoka Softbank Hawks,0,5,3,"0,0,0,0,0,0,0,0,0",22,Sapporo Dome,18:02,03:39,16998,GAME20220826NFSH0690
2022,2022-08-26,Reg Season,Saitama Seibu Lions,Away,W,3,Orix Buffaloes,3,6,0,"0,0,0,1,0,0,1,0,0,1",22,Kyocera Dome Osaka,18:00,03:35,20700,GAME20220826OBSL0685
2022,2022-08-26,Reg Season,Orix Buffaloes,Home,L,2,Saitama Seibu Lions,2,5,1,"0,0,0,2,0,0,0,0,0,0",22,Kyocera Dome Osaka,18:00,03:35,20700,GAME20220826OBSL0685
2022,2022-08-27,Reg Season,Hanshin Tigers,Away,W,5,Chunichi Dragons,5,10,0,"3,0,0,0,0,0,0,2,0",22,Vantelin Dome Nagoya,14:00,03:16,32028,GAME20220827CDHT0694
2022,2022-08-27,Reg Season,Chunichi Dragons,Home,L,1,Hanshin Tigers,1,5,1,"0,0,1,0,0,0,0,0,0",22,Vantelin Dome Nagoya,14:00,03:16,32028,GAME20220827CDHT0694
2022,2022-08-27,Reg Season,Tokyo Yakult Swallows,Away,W,16,Yokohama DeNA Baystars,16,23,0,"0,0,3,4,2,0,5,2,0",18,Yokohama Stadium,18:00,03:49,32426,GAME20220827DBYS0692
2022,2022-08-27,Reg Season,Yokohama DeNA Baystars,Home,L,4,Tokyo Yakult Swallows,4,7,1,"1,0,0,0,0,2,1,0,0",18,Yokohama Stadium,18:00,03:49,32426,GAME20220827DBYS0692
2022,2022-08-27,Reg Season,Yomiuri Giants,Away,L,4,Hiroshima Toyo Carp,4,7,1,"0,0,0,2,0,0,0,2,0",23,MAZDA Zoom-Zoom Stadium Hiroshima,18:00,03:11,30556,GAME20220827HCYG0695
2022,2022-08-27,Reg Season,Hiroshima Toyo Carp,Home,W,6,Yomiuri Giants,6,8,0,"0,1,0,2,1,0,0,2,x",23,MAZDA Zoom-Zoom Stadium Hiroshima,18:00,03:11,30556,GAME20220827HCYG0695
2022,2022-08-27,Reg Season,Tohoku Rakuten Golden Eagles,Away,W,11,Chiba Lotte Marines,11,17,0,"2,1,0,6,0,0,1,1,0",22,ZOZO Marine Stadium,17:00,03:02,25912,GAME20220827LMRE0693
2022,2022-08-27,Reg Season,Chiba Lotte Marines,Home,L,3,Tohoku Rakuten Golden Eagles,3,8,1,"0,0,0,1,0,2,0,0,0",22,ZOZO Marine Stadium,17:00,03:02,25912,GAME20220827LMRE0693
2022,2022-08-27,Reg Season,Fukuoka Softbank Hawks,Away,L,0,Hokkaido Nippon-Ham Fighters,0,0,0,"0,0,0,0,0,0,0,0,0",23,Sapporo Dome,14:00,02:44,23136,GAME20220827NFSH0696
2022,2022-08-27,Reg Season,Hokkaido Nippon-Ham Fighters,Home,W,2,Fukuoka Softbank Hawks,2,4,0,"1,1,0,0,0,0,0,0,x",23,Sapporo Dome,14:00,02:44,23136,GAME20220827NFSH0696
2022,2022-08-27,Reg Season,Saitama Seibu Lions,Away,L,0,Orix Buffaloes,0,4,1,"0,0,0,0,0,0,0,0,0",23,Kyocera Dome Osaka,14:00,02:26,23503,GAME20220827OBSL0691
2022,2022-08-27,Reg Season,Orix Buffaloes,Home,W,6,Saitama Seibu Lions,6,10,0,"2,0,0,0,3,1,0,0,x",23,Kyocera Dome Osaka,14:00,02:26,23503,GAME20220827OBSL0691
2022,2022-08-28,Reg Season,Hanshin Tigers,Away,L,1,Chunichi Dragons,1,7,0,"0,0,0,0,0,0,0,0,1",23,Vantelin Dome Nagoya,14:00,03:17,34964,GAME20220828CDHT0700
2022,2022-08-28,Reg Season,Chunichi Dragons,Home,W,4,Hanshin Tigers,4,7,0,"0,0,0,0,0,3,1,0,x",23,Vantelin Dome Nagoya,14:00,03:17,34964,GAME20220828CDHT0700
2022,2022-08-28,Reg Season,Tokyo Yakult Swallows,Away,W,5,Yokohama DeNA Baystars,5,10,0,"0,2,1,0,1,0,1,0,0",19,Yokohama Stadium,18:00,04:03,24277,GAME20220828DBYS0698
2022,2022-08-28,Reg Season,Yokohama DeNA Baystars,Home,L,4,Tokyo Yakult Swallows,4,7,1,"0,0,1,0,0,3,0,0,0",19,Yokohama Stadium,18:00,04:03,24277,GAME20220828DBYS0698
2022,2022-08-28,Reg Season,Yomiuri Giants,Away,L,4,Hiroshima Toyo Carp,4,8,2,"2,0,0,2,0,0,0,0,0",24,MAZDA Zoom-Zoom Stadium Hiroshima,18:00,03:48,30437,GAME20220828HCYG0701
2022,2022-08-28,Reg Season,Hiroshima Toyo Carp,Home,W,6,Yomiuri Giants,6,8,0,"2,0,2,0,1,1,0,0,x",24,MAZDA Zoom-Zoom Stadium Hiroshima,18:00,03:48,30437,GAME20220828HCYG0701
2022,2022-08-28,Reg Season,Tohoku Rakuten Golden Eagles,Away,L,2,Chiba Lotte Marines,2,8,2,"0,0,1,0,0,0,0,1,0",23,ZOZO Marine Stadium,16:00,02:58,26771,GAME20220828LMRE0699
2022,2022-08-28,Reg Season,Chiba Lotte Marines,Home,W,9,Tohoku Rakuten Golden Eagles,9,13,0,"3,1,1,0,3,0,1,0,x",23,ZOZO Marine Stadium,16:00,02:58,26771,GAME20220828LMRE0699
2022,2022-08-28,Reg Season,Fukuoka Softbank Hawks,Away,W,6,Hokkaido Nippon-Ham Fighters,6,11,0,"0,0,1,0,0,1,4,0,0",24,Sapporo Dome,14:00,03:20,19024,GAME20220828NFSH0702
2022,2022-08-28,Reg Season,Hokkaido Nippon-Ham Fighters,Home,L,0,Fukuoka Softbank Hawks,0,5,0,"0,0,0,0,0,0,0,0,0",24,Sapporo Dome,14:00,03:20,19024,GAME20220828NFSH0702
2022,2022-08-28,Reg Season,Saitama Seibu Lions,Away,W,10,Orix Buffaloes,10,16,1,"0,0,0,5,1,1,1,2,0",24,Kyocera Dome Osaka,13:00,03:41,23072,GAME20220828OBSL0697
2022,2022-08-28,Reg Season,Orix Buffaloes,Home,L,4,Saitama Seibu Lions,4,8,1,"1,0,0,0,0,3,0,0,0",24,Kyocera Dome Osaka,13:00,03:41,23072,GAME20220828OBSL0697
2022,2022-08-29,Reg Season,Chiba Lotte Marines,Away,W,3,Fukuoka Softbank Hawks,3,9,0,"1,0,0,0,0,1,1,0,0",18,Kyocera Dome Osaka,18:02,03:06,35097,GAME20220829SHLM0703
2022,2022-08-29,Reg Season,Fukuoka Softbank Hawks,Home,L,2,Chiba Lotte Marines,2,6,0,"2,0,0,0,0,0,0,0,0",18,Kyocera Dome Osaka,18:02,03:06,35097,GAME20220829SHLM0703
2022,2022-08-30,Reg Season,Chunichi Dragons,Away,L,0,Yokohama DeNA Baystars,0,4,0,"0,0,0,0,0,0,0,0,0",17,Yokohama Stadium,18:00,03:09,18559,GAME20220830DBCD0704
2022,2022-08-30,Reg Season,Yokohama DeNA Baystars,Home,W,6,Chunichi Dragons,6,14,0,"0,0,2,1,1,0,0,2,x",17,Yokohama Stadium,18:00,03:09,18559,GAME20220830DBCD0704
2022,2022-08-30,Reg Season,Hiroshima Toyo Carp,Away,L,0,Hanshin Tigers,0,4,0,"0,0,0,0,0,0,0,0,0",19,Hanshin Koshien Stadium,18:45,02:59,37274,GAME20220830HTHC0707
2022,2022-08-30,Reg Season,Hanshin Tigers,Home,W,1,Hiroshima Toyo Carp,1,7,0,"0,0,0,0,0,0,0,1,x",19,Hanshin Koshien Stadium,18:45,02:59,37274,GAME20220830HTHC0707
2022,2022-08-30,Reg Season,Orix Buffaloes,Away,W,4,Tohoku Rakuten Golden Eagles,4,7,1,"0,0,0,2,0,0,0,0,2",18,Rakuten Seimei Park Miyagi,18:01,03:23,18901,GAME20220830REOB0706
2022,2022-08-30,Reg Season,Tohoku Rakuten Golden Eagles,Home,L,3,Orix Buffaloes,3,8,0,"1,0,0,2,0,0,0,0,0",18,Rakuten Seimei Park Miyagi,18:01,03:23,18901,GAME20220830REOB0706
2022,2022-08-30,Reg Season,Hokkaido Nippon-Ham Fighters,Away,L,1,Saitama Seibu Lions,1,7,0,"0,0,1,0,0,0,0,0,0",20,Belluna Dome,18:00,02:38,13390,GAME20220830SLNF0708
2022,2022-08-30,Reg Season,Saitama Seibu Lions,Home,W,3,Hokkaido Nippon-Ham Fighters,3,5,0,"0,1,0,2,0,0,0,0,x",20,Belluna Dome,18:00,02:38,13390,GAME20220830SLNF0708
2022,2022-08-30,Reg Season,Tokyo Yakult Swallows,Away,W,4,Yomiuri Giants,4,7,1,"0,0,2,0,0,0,0,0,0,0,2",22,Kyocera Dome Osaka,18:00,03:40,26285,GAME20220830YGYS0705
2022,2022-08-30,Reg Season,Yomiuri Giants,Home,L,2,Tokyo Yakult Swallows,2,6,0,"0,0,1,0,0,0,1,0,0,0,0",22,Kyocera Dome Osaka,18:00,03:40,26285,GAME20220830YGYS0705
2022,2022-08-31,Reg Season,Chunichi Dragons,Away,L,2,Yokohama DeNA Baystars,2,6,0,"0,1,1,0,0,0,0,0,0",18,Yokohama Stadium,18:00,03:07,17706,GAME20220831DBCD0710
2022,2022-08-31,Reg Season,Yokohama DeNA Baystars,Home,W,3,Chunichi Dragons,3,7,1,"0,1,0,0,1,1,0,0,x",18,Yokohama Stadium,18:00,03:07,17706,GAME20220831DBCD0710
2022,2022-08-31,Reg Season,Hiroshima Toyo Carp,Away,L,5,Hanshin Tigers,5,8,0,"0,0,1,0,4,0,0,0,0",20,Hanshin Koshien Stadium,18:00,03:30,34685,GAME20220831HTHC0713
2022,2022-08-31,Reg Season,Hanshin Tigers,Home,W,6,Hiroshima Toyo Carp,6,11,0,"0,0,0,4,1,0,1,0,x",20,Hanshin Koshien Stadium,18:00,03:30,34685,GAME20220831HTHC0713
2022,2022-08-31,Reg Season,Orix Buffaloes,Away,W,8,Tohoku Rakuten Golden Eagles,8,11,0,"0,2,4,0,0,1,0,1,0",19,Rakuten Seimei Park Miyagi,18:00,03:07,13017,GAME20220831REOB0712
2022,2022-08-31,Reg Season,Tohoku Rakuten Golden Eagles,Home,L,3,Orix Buffaloes,3,7,1,"2,1,0,0,0,0,0,0,0",19,Rakuten Seimei Park Miyagi,18:00,03:07,13017,GAME20220831REOB0712
2022,2022-08-31,Reg Season,Chiba Lotte Marines,Away,W,3,Fukuoka Softbank Hawks,3,9,0,"0,0,0,2,0,0,0,1,0",19,Mizuho PayPay Dome Fukuoka,18:00,03:07,28304,GAME20220831SHLM0709
2022,2022-08-31,Reg Season,Fukuoka Softbank Hawks,Home,L,0,Chiba Lotte Marines,0,9,1,"0,0,0,0,0,0,0,0,0",19,Mizuho PayPay Dome Fukuoka,18:00,03:07,28304,GAME20220831SHLM0709
2022,2022-08-31,Reg Season,Hokkaido Nippon-Ham Fighters,Away,W,4,Saitama Seibu Lions,4,10,2,"2,0,0,0,0,0,2,0,0",21,Belluna Dome,18:00,03:26,11447,GAME20220831SLNF0714
2022,2022-08-31,Reg Season,Saitama Seibu Lions,Home,L,2,Hokkaido Nippon-Ham Fighters,2,5,1,"0,0,0,0,2,0,0,0,0",21,Belluna Dome,18:00,03:26,11447,GAME20220831SLNF0714
2022,2022-08-31,Reg Season,Tokyo Yakult Swallows,Away,T,8,Yomiuri Giants,8,10,1,"0,2,0,2,0,2,2,0,0,0,0,0",23,Kyocera Dome Osaka,18:00,05:28,23979,GAME20220831YGYS0711
2022,2022-08-31,Reg Season,Yomiuri Giants,Home,T,8,Tokyo Yakult Swallows,8,12,0,"0,4,0,0,3,0,1,0,0,0,0,0",23,Kyocera Dome Osaka,18:00,05:28,23979,GAME20220831YGYS0711
2022,2022-09-01,Reg Season,Chunichi Dragons,Away,L,0,Yokohama DeNA Baystars,0,7,2,"0,0,0,0,0,0,0,0,0",19,Yokohama Stadium,18:00,03:12,16800,GAME20220901DBCD0716
2022,2022-09-01,Reg Season,Yokohama DeNA Baystars,Home,W,7,Chunichi Dragons,7,14,0,"0,0,2,1,0,1,2,1,x",19,Yokohama Stadium,18:00,03:12,16800,GAME20220901DBCD0716
2022,2022-09-01,Reg Season,Hiroshima Toyo Carp,Away,L,0,Hanshin Tigers,0,3,3,"0,0,0,0,0,0,,,",21,Hanshin Koshien Stadium,18:01,02:26,30147,GAME20220901HTHC0718
2022,2022-09-01,Reg Season,Hanshin Tigers,Home,W,8,Hiroshima Toyo Carp,8,13,1,"0,0,1,0,2,5x,,,",21,Hanshin Koshien Stadium,18:01,02:26,30147,GAME20220901HTHC0718
2022,2022-09-01,Reg Season,Orix Buffaloes,Away,L,8,Tohoku Rakuten Golden Eagles,8,12,3,"2,1,2,0,0,0,1,0,2",20,Rakuten Seimei Park Miyagi,18:00,04:05,12187,GAME20220901REOB0717
2022,2022-09-01,Reg Season,Tohoku Rakuten Golden Eagles,Home,W,11,Orix Buffaloes,11,10,1,"2,2,0,5,0,2,0,0,x",20,Rakuten Seimei Park Miyagi,18:00,04:05,12187,GAME20220901REOB0717
2022,2022-09-01,Reg Season,Chiba Lotte Marines,Away,W,7,Fukuoka Softbank Hawks,7,8,0,"0,1,3,0,0,0,0,0,3",20,Mizuho PayPay Dome Fukuoka,18:00,03:20,26007,GAME20220901SHLM0715
2022,2022-09-01,Reg Season,Fukuoka Softbank Hawks,Home,L,0,Chiba Lotte Marines,0,4,1,"0,0,0,0,0,0,0,0,0",20,Mizuho PayPay Dome Fukuoka,18:00,03:20,26007,GAME20220901SHLM0715
2022,2022-09-02,Reg Season,Yokohama DeNA Baystars,Away,L,0,Hiroshima Toyo Carp,0,7,0,"0,0,0,0,0,0,0,0,0",21,MAZDA Zoom-Zoom Stadium Hiroshima,18:03,03:01,30233,GAME20220902HCDB0722
2022,2022-09-02,Reg Season,Hiroshima Toyo Carp,Home,W,2,Yokohama DeNA Baystars,2,8,0,"0,0,0,0,0,1,0,1,x",21,MAZDA Zoom-Zoom Stadium Hiroshima,18:03,03:01,30233,GAME20220902HCDB0722
2022,2022-09-02,Reg Season,Yomiuri Giants,Away,T,2,Hanshin Tigers,2,11,0,"0,0,0,0,0,0,0,0,2,0,0,0",22,Hanshin Koshien Stadium,18:02,04:04,39566,GAME20220902HTYG0724
2022,2022-09-02,Reg Season,Hanshin Tigers,Home,T,2,Yomiuri Giants,2,11,0,"0,0,0,0,0,0,0,2,0,0,0,0",22,Hanshin Koshien Stadium,18:02,04:04,39566,GAME20220902HTYG0724
2022,2022-09-02,Reg Season,Orix Buffaloes,Away,W,1,Chiba Lotte Marines,1,4,0,"0,0,0,0,1,0,0,0,0",20,ZOZO Marine Stadium,18:00,02:16,20920,GAME20220902LMOB0721
2022,2022-09-02,Reg Season,Chiba Lotte Marines,Home,L,0,Orix Buffaloes,0,4,0,"0,0,0,0,0,0,0,0,0",20,ZOZO Marine Stadium,18:00,02:16,20920,GAME20220902LMOB0721
2022,2022-09-02,Reg Season,Hokkaido Nippon-Ham Fighters,Away,W,3,Tohoku Rakuten Golden Eagles,3,7,0,"0,0,0,1,1,1,0,0,0",20,Rakuten Seimei Park Miyagi,18:00,03:15,15068,GAME20220902RENF0723
2022,2022-09-02,Reg Season,Tohoku Rakuten Golden Eagles,Home,L,1,Hokkaido Nippon-Ham Fighters,1,8,0,"0,0,1,0,0,0,0,0,0",20,Rakuten Seimei Park Miyagi,18:00,03:15,15068,GAME20220902RENF0723
2022,2022-09-02,Reg Season,Saitama Seibu Lions,Away,L,0,Fukuoka Softbank Hawks,0,6,1,"0,0,0,0,0,0,0,0,0",18,Mizuho PayPay Dome Fukuoka,18:00,03:32,28308,GAME20220902SHSL0719
2022,2022-09-02,Reg Season,Fukuoka Softbank Hawks,Home,W,4,Saitama Seibu Lions,4,7,0,"0,0,0,0,1,1,2,0,x",18,Mizuho PayPay Dome Fukuoka,18:00,03:32,28308,GAME20220902SHSL0719
2022,2022-09-02,Reg Season,Chunichi Dragons,Away,L,0,Tokyo Yakult Swallows,0,4,1,"0,0,0,0,0,0,0,0,0",19,Meiji Jingu Stadium,18:00,03:20,26968,GAME20220902YSCD0720
2022,2022-09-02,Reg Season,Tokyo Yakult Swallows,Home,W,5,Chunichi Dragons,5,7,0,"0,0,3,1,0,0,1,0,x",19,Meiji Jingu Stadium,18:00,03:20,26968,GAME20220902YSCD0720
2022,2022-09-03,Reg Season,Yokohama DeNA Baystars,Away,L,0,Hiroshima Toyo Carp,0,5,2,"0,0,0,0,0,0,0,0,0",22,MAZDA Zoom-Zoom Stadium Hiroshima,14:00,03:07,30451,GAME20220903HCDB0728
2022,2022-09-03,Reg Season,Hiroshima Toyo Carp,Home,W,4,Yokohama DeNA Baystars,4,10,0,"0,0,1,0,2,0,1,0,x",22,MAZDA Zoom-Zoom Stadium Hiroshima,14:00,03:07,30451,GAME20220903HCDB0728
2022,2022-09-03,Reg Season,Yomiuri Giants,Away,W,7,Hanshin Tigers,7,10,0,"0,0,1,0,1,1,4,0,0",23,Hanshin Koshien Stadium,18:01,03:09,42620,GAME20220903HTYG0730
2022,2022-09-03,Reg Season,Hanshin Tigers,Home,L,1,Yomiuri Giants,1,4,0,"0,0,0,1,0,0,0,0,0",23,Hanshin Koshien Stadium,18:01,03:09,42620,GAME20220903HTYG0730
2022,2022-09-03,Reg Season,Orix Buffaloes,Away,W,4,Chiba Lotte Marines,4,8,0,"0,0,0,1,0,3,0,0,0",21,ZOZO Marine Stadium,17:00,02:42,27590,GAME20220903LMOB0727
2022,2022-09-03,Reg Season,Chiba Lotte Marines,Home,L,3,Orix Buffaloes,3,5,0,"0,0,0,0,0,0,3,0,0",21,ZOZO Marine Stadium,17:00,02:42,27590,GAME20220903LMOB0727
2022,2022-09-03,Reg Season,Hokkaido Nippon-Ham Fighters,Away,L,4,Tohoku Rakuten Golden Eagles,4,9,0,"0,0,0,0,0,4,0,0,0,0",21,Rakuten Seimei Park Miyagi,14:00,03:59,21625,GAME20220903RENF0729
2022,2022-09-03,Reg Season,Tohoku Rakuten Golden Eagles,Home,W,5,Hokkaido Nippon-Ham Fighters,5,8,0,"0,0,0,1,2,0,1,0,0,1x",21,Rakuten Seimei Park Miyagi,14:00,03:59,21625,GAME20220903RENF0729
2022,2022-09-03,Reg Season,Saitama Seibu Lions,Away,L,2,Fukuoka Softbank Hawks,2,4,1,"1,0,0,0,0,0,1,0,0",19,Mizuho PayPay Dome Fukuoka,14:00,03:10,32954,GAME20220903SHSL0725
2022,2022-09-03,Reg Season,Fukuoka Softbank Hawks,Home,W,5,Saitama Seibu Lions,5,9,0,"0,1,2,1,1,0,0,0,x",19,Mizuho PayPay Dome Fukuoka,14:00,03:10,32954,GAME20220903SHSL0725
2022,2022-09-03,Reg Season,Chunichi Dragons,Away,W,5,Tokyo Yakult Swallows,5,10,0,"2,0,0,0,0,1,2,0,0",20,Meiji Jingu Stadium,18:00,03:32,29654,GAME20220903YSCD0726
2022,2022-09-03,Reg Season,Tokyo Yakult Swallows,Home,L,1,Chunichi Dragons,1,10,0,"0,0,0,0,0,0,0,1,0",20,Meiji Jingu Stadium,18:00,03:32,29654,GAME20220903YSCD0726
2022,2022-09-04,Reg Season,Yokohama DeNA Baystars,Away,L,0,Hiroshima Toyo Carp,0,7,1,"0,0,0,0,0,0,0,0,0",23,MAZDA Zoom-Zoom Stadium Hiroshima,13:30,03:24,30333,GAME20220904HCDB0734
2022,2022-09-04,Reg Season,Hiroshima Toyo Carp,Home,W,7,Yokohama DeNA Baystars,7,9,0,"0,0,0,2,0,0,5,0,x",23,MAZDA Zoom-Zoom Stadium Hiroshima,13:30,03:24,30333,GAME20220904HCDB0734
2022,2022-09-04,Reg Season,Yomiuri Giants,Away,W,2,Hanshin Tigers,2,3,0,"0,0,0,0,0,0,2,0,0",24,Hanshin Koshien Stadium,18:00,02:37,40785,GAME20220904HTYG0736
2022,2022-09-04,Reg Season,Hanshin Tigers,Home,L,0,Yomiuri Giants,0,7,0,"0,0,0,0,0,0,0,0,0",24,Hanshin Koshien Stadium,18:00,02:37,40785,GAME20220904HTYG0736
2022,2022-09-04,Reg Season,Orix Buffaloes,Away,W,5,Chiba Lotte Marines,5,10,1,"0,3,0,0,2,0,0,0,0",22,ZOZO Marine Stadium,17:00,03:07,21898,GAME20220904LMOB0733
2022,2022-09-04,Reg Season,Chiba Lotte Marines,Home,L,2,Orix Buffaloes,2,5,1,"0,1,0,0,1,0,0,0,0",22,ZOZO Marine Stadium,17:00,03:07,21898,GAME20220904LMOB0733
2022,2022-09-04,Reg Season,Hokkaido Nippon-Ham Fighters,Away,W,8,Tohoku Rakuten Golden Eagles,8,10,0,"0,0,2,0,0,3,0,3,0",22,Rakuten Seimei Park Miyagi,13:00,02:59,18748,GAME20220904RENF0735
2022,2022-09-04,Reg Season,Tohoku Rakuten Golden Eagles,Home,L,2,Hokkaido Nippon-Ham Fighters,2,7,1,"0,0,0,0,0,0,0,0,2",22,Rakuten Seimei Park Miyagi,13:00,02:59,18748,GAME20220904RENF0735
2022,2022-09-04,Reg Season,Saitama Seibu Lions,Away,W,4,Fukuoka Softbank Hawks,4,6,0,"0,0,0,0,0,0,4,0,0",20,Mizuho PayPay Dome Fukuoka,13:00,03:33,33742,GAME20220904SHSL0731
2022,2022-09-04,Reg Season,Fukuoka Softbank Hawks,Home,L,1,Saitama Seibu Lions,1,7,1,"0,0,0,0,0,0,1,0,0",20,Mizuho PayPay Dome Fukuoka,13:00,03:33,33742,GAME20220904SHSL0731
2022,2022-09-04,Reg Season,Chunichi Dragons,Away,W,6,Tokyo Yakult Swallows,6,14,1,"1,1,0,0,0,4,0,0,0",21,Meiji Jingu Stadium,18:00,03:35,23811,GAME20220904YSCD0732
2022,2022-09-04,Reg Season,Tokyo Yakult Swallows,Home,L,3,Chunichi Dragons,3,5,1,"0,0,0,1,0,2,0,0,0",21,Meiji Jingu Stadium,18:00,03:35,23811,GAME20220904YSCD0732
2022,2022-09-06,Reg Season,Hiroshima Toyo Carp,Away,W,4,Chunichi Dragons,4,10,0,"0,0,4,0,0,0,0,0,0",21,Vantelin Dome Nagoya,18:00,03:28,23371,GAME20220906CDHC0738
2022,2022-09-06,Reg Season,Chunichi Dragons,Home,L,2,Hiroshima Toyo Carp,2,8,0,"0,0,0,2,0,0,0,0,0",21,Vantelin Dome Nagoya,18:00,03:28,23371,GAME20220906CDHC0738
2022,2022-09-06,Reg Season,Tokyo Yakult Swallows,Away,W,8,Hanshin Tigers,8,15,3,"0,0,0,1,3,1,0,0,0,1,2",20,Hanshin Koshien Stadium,18:01,05:17,34547,GAME20220906HTYS0741
2022,2022-09-06,Reg Season,Hanshin Tigers,Home,L,6,Tokyo Yakult Swallows,6,16,1,"0,0,0,3,0,1,1,0,0,1,0",20,Hanshin Koshien Stadium,18:01,05:17,34547,GAME20220906HTYS0741
2022,2022-09-06,Reg Season,Orix Buffaloes,Away,L,2,Hokkaido Nippon-Ham Fighters,2,6,0,"0,0,1,0,0,1,0,0,0",22,Sapporo Dome,18:01,03:29,16001,GAME20220906NFOB0740
2022,2022-09-06,Reg Season,Hokkaido Nippon-Ham Fighters,Home,W,6,Orix Buffaloes,6,10,0,"0,2,0,0,4,0,0,0,x",22,Sapporo Dome,18:01,03:29,16001,GAME20220906NFOB0740
2022,2022-09-06,Reg Season,Tohoku Rakuten Golden Eagles,Away,L,2,Fukuoka Softbank Hawks,2,4,0,"1,0,0,0,1,0,0,0,0",19,Mizuho PayPay Dome Fukuoka,18:01,02:36,25851,GAME20220906SHRE0737
2022,2022-09-06,Reg Season,Fukuoka Softbank Hawks,Home,W,4,Tohoku Rakuten Golden Eagles,4,9,1,"1,0,1,2,0,0,0,0,x",19,Mizuho PayPay Dome Fukuoka,18:01,02:36,25851,GAME20220906SHRE0737
2022,2022-09-06,Reg Season,Chiba Lotte Marines,Away,L,2,Saitama Seibu Lions,2,9,0,"0,0,0,0,1,0,0,1,0",23,Belluna Dome,18:00,02:34,9882,GAME20220906SLLM0742
2022,2022-09-06,Reg Season,Saitama Seibu Lions,Home,W,3,Chiba Lotte Marines,3,5,1,"0,0,0,3,0,0,0,0,x",23,Belluna Dome,18:00,02:34,9882,GAME20220906SLLM0742
2022,2022-09-06,Reg Season,Yokohama DeNA Baystars,Away,W,2,Yomiuri Giants,2,6,0,"0,0,1,0,0,0,0,0,0,0,1",17,Tokyo Dome,18:00,03:57,35505,GAME20220906YGDB0739
2022,2022-09-06,Reg Season,Yomiuri Giants,Home,L,1,Yokohama DeNA Baystars,1,8,0,"0,0,0,0,1,0,0,0,0,0,0",17,Tokyo Dome,18:00,03:57,35505,GAME20220906YGDB0739
2022,2022-09-07,Reg Season,Hiroshima Toyo Carp,Away,W,3,Chunichi Dragons,3,7,0,"0,0,0,1,0,2,0,0,0",22,Vantelin Dome Nagoya,18:00,03:16,25219,GAME20220907CDHC0744
2022,2022-09-07,Reg Season,Chunichi Dragons,Home,L,1,Hiroshima Toyo Carp,1,6,1,"1,0,0,0,0,0,0,0,0",22,Vantelin Dome Nagoya,18:00,03:16,25219,GAME20220907CDHC0744
2022,2022-09-07,Reg Season,Tokyo Yakult Swallows,Away,L,1,Hanshin Tigers,1,5,1,"0,0,0,0,0,1,0,0,0",21,Hanshin Koshien Stadium,18:01,03:10,36796,GAME20220907HTYS0747
2022,2022-09-07,Reg Season,Hanshin Tigers,Home,W,9,Tokyo Yakult Swallows,9,8,0,"0,0,0,6,0,1,2,0,x",21,Hanshin Koshien Stadium,18:01,03:10,36796,GAME20220907HTYS0747
2022,2022-09-07,Reg Season,Orix Buffaloes,Away,L,2,Hokkaido Nippon-Ham Fighters,2,6,1,"0,0,2,0,0,0,0,0,0",23,Sapporo Dome,18:01,03:29,16203,GAME20220907NFOB0746
2022,2022-09-07,Reg Season,Hokkaido Nippon-Ham Fighters,Home,W,3,Orix Buffaloes,3,8,0,"0,0,2,0,0,0,1,0,x",23,Sapporo Dome,18:01,03:29,16203,GAME20220907NFOB0746
2022,2022-09-07,Reg Season,Tohoku Rakuten Golden Eagles,Away,W,4,Fukuoka Softbank Hawks,4,8,0,"1,0,0,0,1,1,0,1,0",20,Mizuho PayPay Dome Fukuoka,18:00,03:08,28441,GAME20220907SHRE0743
2022,2022-09-07,Reg Season,Fukuoka Softbank Hawks,Home,L,3,Tohoku Rakuten Golden Eagles,3,9,1,"0,0,0,0,0,1,0,0,2",20,Mizuho PayPay Dome Fukuoka,18:00,03:08,28441,GAME20220907SHRE0743
2022,2022-09-07,Reg Season,Chiba Lotte Marines,Away,W,7,Saitama Seibu Lions,7,14,0,"3,0,1,0,1,2,0,0,0",24,Belluna Dome,18:00,02:56,12497,GAME20220907SLLM0748
2022,2022-09-07,Reg Season,Saitama Seibu Lions,Home,L,1,Chiba Lotte Marines,1,3,0,"0,0,0,1,0,0,0,0,0",24,Belluna Dome,18:00,02:56,12497,GAME20220907SLLM0748
2022,2022-09-07,Reg Season,Yokohama DeNA Baystars,Away,L,3,Yomiuri Giants,3,7,0,"0,0,0,0,1,0,0,2,0",18,Tokyo Dome,18:00,03:15,34441,GAME20220907YGDB0745
2022,2022-09-07,Reg Season,Yomiuri Giants,Home,W,18,Yokohama DeNA Baystars,18,23,0,"1,1,0,9,0,5,2,0,x",18,Tokyo Dome,18:00,03:15,34441,GAME20220907YGDB0745
2022,2022-09-08,Reg Season,Hiroshima Toyo Carp,Away,L,0,Chunichi Dragons,0,3,0,"0,0,0,0,0,0,0,0,0",23,Vantelin Dome Nagoya,18:00,03:08,24791,GAME20220908CDHC0751
2022,2022-09-08,Reg Season,Chunichi Dragons,Home,W,2,Hiroshima Toyo Carp,2,9,0,"0,0,0,1,0,0,0,1,x",23,Vantelin Dome Nagoya,18:00,03:08,24791,GAME20220908CDHC0751
2022,2022-09-08,Reg Season,Hokkaido Nippon-Ham Fighters,Away,L,2,Chiba Lotte Marines,2,4,1,"0,0,0,0,0,0,0,2,0",17,ZOZO Marine Stadium,18:01,03:45,15361,GAME20220908LMNF0750
2022,2022-09-08,Reg Season,Chiba Lotte Marines,Home,W,10,Hokkaido Nippon-Ham Fighters,10,10,0,"0,0,0,0,0,1,1,8,x",17,ZOZO Marine Stadium,18:01,03:45,15361,GAME20220908LMNF0750
2022,2022-09-08,Reg Season,Tohoku Rakuten Golden Eagles,Away,W,7,Fukuoka Softbank Hawks,7,10,1,"0,0,0,4,0,0,1,2,0",21,Mizuho PayPay Dome Fukuoka,18:00,03:12,30452,GAME20220908SHRE0749
2022,2022-09-08,Reg Season,Fukuoka Softbank Hawks,Home,L,3,Tohoku Rakuten Golden Eagles,3,5,2,"2,0,0,0,0,0,0,1,0",21,Mizuho PayPay Dome Fukuoka,18:00,03:12,30452,GAME20220908SHRE0749
2022,2022-09-08,Reg Season,Orix Buffaloes,Away,W,5,Saitama Seibu Lions,5,6,0,"0,0,0,1,0,0,1,2,1",25,Belluna Dome,18:00,03:17,11112,GAME20220908SLOB0753
2022,2022-09-08,Reg Season,Saitama Seibu Lions,Home,L,0,Orix Buffaloes,0,6,1,"0,0,0,0,0,0,0,0,0",25,Belluna Dome,18:00,03:17,11112,GAME20220908SLOB0753
2022,2022-09-08,Reg Season,Yokohama DeNA Baystars,Away,L,5,Yomiuri Giants,5,9,0,"0,0,0,4,0,0,0,1,0",19,Tokyo Dome,18:00,03:32,33744,GAME20220908YGDB0752
2022,2022-09-08,Reg Season,Yomiuri Giants,Home,W,6,Yokohama DeNA Baystars,6,6,0,"0,0,0,3,3,0,0,0,x",19,Tokyo Dome,18:00,03:32,33744,GAME20220908YGDB0752
2022,2022-09-09,Reg Season,Hanshin Tigers,Away,L,2,Yokohama DeNA Baystars,2,7,0,"2,0,0,0,0,0,0,0,0",23,Yokohama Stadium,18:00,03:20,29042,GAME20220909DBHT0754
2022,2022-09-09,Reg Season,Yokohama DeNA Baystars,Home,W,9,Hanshin Tigers,9,11,0,"0,0,0,1,7,0,1,0,x",23,Yokohama Stadium,18:00,03:20,29042,GAME20220909DBHT0754
2022,2022-09-09,Reg Season,Chunichi Dragons,Away,W,3,Yomiuri Giants,3,8,0,"0,0,0,0,0,1,0,0,0,2",21,Tokyo Dome,18:00,03:43,27836,GAME20220909YGCD0756
2022,2022-09-09,Reg Season,Yomiuri Giants,Home,L,1,Chunichi Dragons,1,7,0,"0,0,0,0,0,0,0,0,1,0",21,Tokyo Dome,18:00,03:43,27836,GAME20220909YGCD0756
2022,2022-09-09,Reg Season,Hiroshima Toyo Carp,Away,L,6,Tokyo Yakult Swallows,6,11,0,"0,0,1,3,0,0,2,0,0",22,Meiji Jingu Stadium,18:00,03:23,24694,GAME20220909YSHC0755
2022,2022-09-09,Reg Season,Tokyo Yakult Swallows,Home,W,7,Hiroshima Toyo Carp,7,11,0,"0,1,0,1,2,3,0,0,x",22,Meiji Jingu Stadium,18:00,03:23,24694,GAME20220909YSHC0755
2022,2022-09-10,Reg Season,Hanshin Tigers,Away,L,0,Yokohama DeNA Baystars,0,3,2,"0,0,0,0,0,0,0,0,0",24,Yokohama Stadium,14:00,03:11,30343,GAME20220910DBHT0758
2022,2022-09-10,Reg Season,Yokohama DeNA Baystars,Home,W,7,Hanshin Tigers,7,9,0,"1,0,4,0,0,0,0,2,x",24,Yokohama Stadium,14:00,03:11,30343,GAME20220910DBHT0758
2022,2022-09-10,Reg Season,Fukuoka Softbank Hawks,Away,L,2,Orix Buffaloes,2,4,0,"1,0,0,0,0,0,1,0,0",21,Kyocera Dome Osaka,18:02,03:11,24457,GAME20220910OBSH0757
2022,2022-09-10,Reg Season,Orix Buffaloes,Home,W,5,Fukuoka Softbank Hawks,5,10,2,"0,1,1,2,1,0,0,0,x",21,Kyocera Dome Osaka,18:02,03:11,24457,GAME20220910OBSH0757
2022,2022-09-10,Reg Season,Chiba Lotte Marines,Away,W,6,Tohoku Rakuten Golden Eagles,6,10,0,"0,2,3,0,1,0,0,0,0",24,Rakuten Seimei Park Miyagi,18:01,03:29,19274,GAME20220910RELM0761
2022,2022-09-10,Reg Season,Tohoku Rakuten Golden Eagles,Home,L,4,Chiba Lotte Marines,4,9,1,"0,0,0,0,3,1,0,0,0",24,Rakuten Seimei Park Miyagi,18:01,03:29,19274,GAME20220910RELM0761
2022,2022-09-10,Reg Season,Hokkaido Nippon-Ham Fighters,Away,W,2,Saitama Seibu Lions,2,4,0,"0,0,0,0,0,0,0,1,0,1",22,Belluna Dome,14:00,03:40,27516,GAME20220910SLNF0762
2022,2022-09-10,Reg Season,Saitama Seibu Lions,Home,L,1,Hokkaido Nippon-Ham Fighters,1,5,0,"0,0,0,0,0,0,0,0,1,0",22,Belluna Dome,14:00,03:40,27516,GAME20220910SLNF0762
2022,2022-09-10,Reg Season,Chunichi Dragons,Away,W,5,Yomiuri Giants,5,10,0,"0,0,0,0,1,1,0,3,0",22,Tokyo Dome,14:00,02:52,39754,GAME20220910YGCD0760
2022,2022-09-10,Reg Season,Yomiuri Giants,Home,L,2,Chunichi Dragons,2,5,0,"0,0,0,0,0,0,0,2,0",22,Tokyo Dome,14:00,02:52,39754,GAME20220910YGCD0760
2022,2022-09-10,Reg Season,Hiroshima Toyo Carp,Away,W,15,Tokyo Yakult Swallows,15,20,1,"0,0,12,0,0,3,0,0,0",23,Meiji Jingu Stadium,18:00,04:17,29716,GAME20220910YSHC0759
2022,2022-09-10,Reg Season,Tokyo Yakult Swallows,Home,L,7,Hiroshima Toyo Carp,7,11,1,"1,0,0,6,0,0,0,0,0",23,Meiji Jingu Stadium,18:00,04:17,29716,GAME20220910YSHC0759
2022,2022-09-11,Reg Season,Tokyo Yakult Swallows,Away,W,1,Yokohama DeNA Baystars,1,8,1,"0,0,0,0,1,0,0,0,0",20,Yokohama Stadium,14:01,03:37,32094,GAME20220911DBYS0764
2022,2022-09-11,Reg Season,Yokohama DeNA Baystars,Home,L,0,Tokyo Yakult Swallows,0,7,0,"0,0,0,0,0,0,0,0,0",20,Yokohama Stadium,14:01,03:37,32094,GAME20220911DBYS0764
2022,2022-09-11,Reg Season,Yomiuri Giants,Away,W,7,Hiroshima Toyo Carp,7,12,0,"2,1,2,0,0,1,0,1,0",25,MAZDA Zoom-Zoom Stadium Hiroshima,18:00,03:33,30513,GAME20220911HCYG0765
2022,2022-09-11,Reg Season,Hiroshima Toyo Carp,Home,L,0,Yomiuri Giants,0,5,0,"0,0,0,0,0,0,0,0,0",25,MAZDA Zoom-Zoom Stadium Hiroshima,18:00,03:33,30513,GAME20220911HCYG0765
2022,2022-09-11,Reg Season,Chunichi Dragons,Away,L,0,Hanshin Tigers,0,8,0,"0,0,0,0,0,0,0,0,0",24,Hanshin Koshien Stadium,18:01,03:13,37088,GAME20220911HTCD0767
2022,2022-09-11,Reg Season,Hanshin Tigers,Home,W,5,Chunichi Dragons,5,7,1,"0,0,0,1,0,4,0,0,x",24,Hanshin Koshien Stadium,18:01,03:13,37088,GAME20220911HTCD0767
2022,2022-09-11,Reg Season,Fukuoka Softbank Hawks,Away,W,4,Orix Buffaloes,4,9,3,"3,0,1,0,0,0,0,0,0",22,Kyocera Dome Osaka,14:01,03:48,23604,GAME20220911OBSH0763
2022,2022-09-11,Reg Season,Orix Buffaloes,Home,L,3,Fukuoka Softbank Hawks,3,8,0,"0,0,0,0,0,2,0,1,0",22,Kyocera Dome Osaka,14:01,03:48,23604,GAME20220911OBSH0763
2022,2022-09-11,Reg Season,Chiba Lotte Marines,Away,L,2,Tohoku Rakuten Golden Eagles,2,4,1,"0,0,0,2,0,0,0,0,0",25,Rakuten Seimei Park Miyagi,14:00,02:40,20657,GAME20220911RELM0766
2022,2022-09-11,Reg Season,Tohoku Rakuten Golden Eagles,Home,W,3,Chiba Lotte Marines,3,6,0,"0,0,0,0,0,0,0,3,x",25,Rakuten Seimei Park Miyagi,14:00,02:40,20657,GAME20220911RELM0766
2022,2022-09-11,Reg Season,Hokkaido Nippon-Ham Fighters,Away,L,0,Saitama Seibu Lions,0,5,0,"0,0,0,0,0,0,0,0,0",23,Belluna Dome,14:00,03:03,26539,GAME20220911SLNF0768
2022,2022-09-11,Reg Season,Saitama Seibu Lions,Home,W,3,Hokkaido Nippon-Ham Fighters,3,7,0,"0,1,2,0,0,0,0,0,x",23,Belluna Dome,14:00,03:03,26539,GAME20220911SLNF0768
2022,2022-09-12,Reg Season,Tokyo Yakult Swallows,Away,L,1,Yokohama DeNA Baystars,1,6,1,"1,0,0,0,0,0,0,0,0",21,Yokohama Stadium,18:00,03:14,25923,GAME20220912DBYS0770
2022,2022-09-12,Reg Season,Yokohama DeNA Baystars,Home,W,7,Tokyo Yakult Swallows,7,11,1,"0,0,0,5,0,1,1,0,x",21,Yokohama Stadium,18:00,03:14,25923,GAME20220912DBYS0770
2022,2022-09-12,Reg Season,Chunichi Dragons,Away,L,2,Hanshin Tigers,2,7,0,"1,0,0,0,0,0,0,0,1",25,Hanshin Koshien Stadium,18:01,03:52,34012,GAME20220912HTCD0773
2022,2022-09-12,Reg Season,Hanshin Tigers,Home,W,6,Chunichi Dragons,6,13,0,"1,0,0,0,0,2,1,2,x",25,Hanshin Koshien Stadium,18:01,03:52,34012,GAME20220912HTCD0773
2022,2022-09-12,Reg Season,Hokkaido Nippon-Ham Fighters,Away,L,0,Chiba Lotte Marines,0,7,0,"0,0,0,0,0,0,0,0,0",18,ZOZO Marine Stadium,18:00,02:32,21530,GAME20220912LMNF0771
2022,2022-09-12,Reg Season,Chiba Lotte Marines,Home,W,3,Hokkaido Nippon-Ham Fighters,3,8,0,"1,0,1,1,0,0,0,0,x",18,ZOZO Marine Stadium,18:00,02:32,21530,GAME20220912LMNF0771
2022,2022-09-12,Reg Season,Orix Buffaloes,Away,L,2,Tohoku Rakuten Golden Eagles,2,6,2,"0,1,0,0,0,0,0,0,1",21,Rakuten Seimei Park Miyagi,18:01,03:04,14115,GAME20220912REOB0772
2022,2022-09-12,Reg Season,Tohoku Rakuten Golden Eagles,Home,W,8,Orix Buffaloes,8,12,0,"0,0,1,0,2,2,3,0,x",21,Rakuten Seimei Park Miyagi,18:01,03:04,14115,GAME20220912REOB0772
2022,2022-09-12,Reg Season,Saitama Seibu Lions,Away,L,5,Fukuoka Softbank Hawks,5,11,0,"0,1,0,0,0,2,0,2,0",21,Mizuho PayPay Dome Fukuoka,18:00,04:06,35642,GAME20220912SHSL0769
2022,2022-09-12,Reg Season,Fukuoka Softbank Hawks,Home,W,7,Saitama Seibu Lions,7,10,0,"0,0,4,1,0,0,2,0,x",21,Mizuho PayPay Dome Fukuoka,18:00,04:06,35642,GAME20220912SHSL0769
2022,2022-09-13,Reg Season,Yokohama DeNA Baystars,Away,W,1,Chunichi Dragons,1,1,0,"0,0,0,0,0,0,1,0,0",20,Vantelin Dome Nagoya,18:00,02:51,23967,GAME20220913CDDB0777
2022,2022-09-13,Reg Season,Chunichi Dragons,Home,L,0,Yokohama DeNA Baystars,0,4,0,"0,0,0,0,0,0,0,0,0",20,Vantelin Dome Nagoya,18:00,02:51,23967,GAME20220913CDDB0777
2022,2022-09-13,Reg Season,Hiroshima Toyo Carp,Away,W,6,Hanshin Tigers,6,10,0,"0,0,0,2,0,3,0,1,0",22,Hanshin Koshien Stadium,18:01,03:58,35726,GAME20220913HTHC0779
2022,2022-09-13,Reg Season,Hanshin Tigers,Home,L,3,Hiroshima Toyo Carp,3,11,2,"0,0,0,0,1,0,0,2,0",22,Hanshin Koshien Stadium,18:01,03:58,35726,GAME20220913HTHC0779
2022,2022-09-13,Reg Season,Hokkaido Nippon-Ham Fighters,Away,W,11,Chiba Lotte Marines,11,16,0,"0,0,0,4,4,0,0,0,3",19,ZOZO Marine Stadium,18:00,03:21,19420,GAME20220913LMNF0776
2022,2022-09-13,Reg Season,Chiba Lotte Marines,Home,L,3,Hokkaido Nippon-Ham Fighters,3,8,1,"1,1,0,0,0,0,1,0,0",19,ZOZO Marine Stadium,18:00,03:21,19420,GAME20220913LMNF0776
2022,2022-09-13,Reg Season,Orix Buffaloes,Away,T,3,Tohoku Rakuten Golden Eagles,3,5,0,"0,1,0,2,0,0,0,0,0,0,0,0",22,Rakuten Seimei Park Miyagi,18:00,04:27,12715,GAME20220913REOB0778
2022,2022-09-13,Reg Season,Tohoku Rakuten Golden Eagles,Home,T,3,Orix Buffaloes,3,10,1,"0,0,0,0,0,0,3,0,0,0,0,0",22,Rakuten Seimei Park Miyagi,18:00,04:27,12715,GAME20220913REOB0778
2022,2022-09-13,Reg Season,Saitama Seibu Lions,Away,L,0,Fukuoka Softbank Hawks,0,5,0,"0,0,0,0,0,0,0,0,0",22,Mizuho PayPay Dome Fukuoka,18:00,03:17,34614,GAME20220913SHSL0774
2022,2022-09-13,Reg Season,Fukuoka Softbank Hawks,Home,W,9,Saitama Seibu Lions,9,11,0,"0,0,0,1,1,0,2,5,x",22,Mizuho PayPay Dome Fukuoka,18:00,03:17,34614,GAME20220913SHSL0774
2022,2022-09-13,Reg Season,Yomiuri Giants,Away,W,9,Tokyo Yakult Swallows,9,18,2,"0,1,0,2,4,0,0,1,1",24,Meiji Jingu Stadium,18:00,03:47,27039,GAME20220913YSYG0775
2022,2022-09-13,Reg Season,Tokyo Yakult Swallows,Home,L,7,Yomiuri Giants,7,9,1,"1,0,0,1,0,1,1,0,3",24,Meiji Jingu Stadium,18:00,03:47,27039,GAME20220913YSYG0775
2022,2022-09-14,Reg Season,Yokohama DeNA Baystars,Away,L,2,Chunichi Dragons,2,7,0,"0,2,0,0,0,0,0,0,0",21,Vantelin Dome Nagoya,18:00,02:57,22204,GAME20220914CDDB0782
2022,2022-09-14,Reg Season,Chunichi Dragons,Home,W,3,Yokohama DeNA Baystars,3,8,0,"1,0,0,0,1,1,0,0,x",21,Vantelin Dome Nagoya,18:00,02:57,22204,GAME20220914CDDB0782
2022,2022-09-14,Reg Season,Hiroshima Toyo Carp,Away,L,5,Hanshin Tigers,5,13,1,"2,0,0,0,1,1,1,0,0",23,Hanshin Koshien Stadium,18:01,03:37,34584,GAME20220914HTHC0783
2022,2022-09-14,Reg Season,Hanshin Tigers,Home,W,6,Hiroshima Toyo Carp,6,8,0,"2,0,0,0,1,3,0,0,x",23,Hanshin Koshien Stadium,18:01,03:37,34584,GAME20220914HTHC0783
2022,2022-09-14,Reg Season,Hokkaido Nippon-Ham Fighters,Away,L,1,Chiba Lotte Marines,1,5,2,"1,0,0,0,0,0,0,0,0",20,ZOZO Marine Stadium,18:00,02:49,18975,GAME20220914LMNF0781
2022,2022-09-14,Reg Season,Chiba Lotte Marines,Home,W,8,Hokkaido Nippon-Ham Fighters,8,8,1,"0,0,0,0,4,4,0,0,x",20,ZOZO Marine Stadium,18:00,02:49,18975,GAME20220914LMNF0781
2022,2022-09-14,Reg Season,Saitama Seibu Lions,Away,L,1,Fukuoka Softbank Hawks,1,8,0,"0,0,0,1,0,0,0,0,0",23,Mizuho PayPay Dome Fukuoka,18:00,02:45,31858,GAME20220914SHSL0780
2022,2022-09-14,Reg Season,Fukuoka Softbank Hawks,Home,W,6,Saitama Seibu Lions,6,10,0,"5,0,0,0,0,0,0,1,x",23,Mizuho PayPay Dome Fukuoka,18:00,02:45,31858,GAME20220914SHSL0780
2022,2022-09-15,Reg Season,Saitama Seibu Lions,Away,L,1,Chiba Lotte Marines,1,5,1,"0,0,0,0,0,0,0,0,1",25,ZOZO Marine Stadium,18:00,02:58,20476,GAME20220915LMSL0785
2022,2022-09-15,Reg Season,Chiba Lotte Marines,Home,W,8,Saitama Seibu Lions,8,11,0,"0,2,2,2,0,0,2,0,x",25,ZOZO Marine Stadium,18:00,02:58,20476,GAME20220915LMSL0785
2022,2022-09-15,Reg Season,Hokkaido Nippon-Ham Fighters,Away,L,2,Orix Buffaloes,2,12,0,"0,0,1,0,0,0,0,0,1,0,0,0",24,Kyocera Dome Osaka,18:01,04:16,18843,GAME20220915OBNF0784
2022,2022-09-15,Reg Season,Orix Buffaloes,Home,W,3,Hokkaido Nippon-Ham Fighters,3,11,0,"0,1,0,0,0,0,0,1,0,0,0,1x",24,Kyocera Dome Osaka,18:01,04:16,18843,GAME20220915OBNF0784
2022,2022-09-15,Reg Season,Fukuoka Softbank Hawks,Away,W,7,Tohoku Rakuten Golden Eagles,7,15,1,"0,1,3,0,2,0,0,1,0",22,Rakuten Seimei Park Miyagi,18:01,03:44,15078,GAME20220915RESH0786
2022,2022-09-15,Reg Season,Tohoku Rakuten Golden Eagles,Home,L,3,Fukuoka Softbank Hawks,3,8,1,"0,0,0,0,0,0,1,2,0",22,Rakuten Seimei Park Miyagi,18:01,03:44,15078,GAME20220915RESH0786
2022,2022-09-16,Reg Season,Tokyo Yakult Swallows,Away,L,0,Chunichi Dragons,0,2,0,"0,0,0,0,0,0,0,0,0",22,Vantelin Dome Nagoya,18:00,02:57,30063,GAME20220916CDYS0789
2022,2022-09-16,Reg Season,Chunichi Dragons,Home,W,8,Tokyo Yakult Swallows,8,10,0,"0,0,4,1,2,0,1,0,x",22,Vantelin Dome Nagoya,18:00,02:57,30063,GAME20220916CDYS0789
2022,2022-09-16,Reg Season,Hiroshima Toyo Carp,Away,W,5,Yokohama DeNA Baystars,5,10,0,"0,0,0,0,0,2,3,0,0",24,Yokohama Stadium,18:01,03:22,24011,GAME20220916DBHC0788
2022,2022-09-16,Reg Season,Yokohama DeNA Baystars,Home,L,3,Hiroshima Toyo Carp,3,11,1,"1,0,0,0,0,2,0,0,0",24,Yokohama Stadium,18:01,03:22,24011,GAME20220916DBHC0788
2022,2022-09-16,Reg Season,Hokkaido Nippon-Ham Fighters,Away,W,6,Orix Buffaloes,6,12,1,"0,0,0,0,4,0,0,2,0",25,Kyocera Dome Osaka,18:01,03:36,21562,GAME20220916OBNF0787
2022,2022-09-16,Reg Season,Orix Buffaloes,Home,L,3,Hokkaido Nippon-Ham Fighters,3,10,1,"0,0,1,0,0,1,0,1,0",25,Kyocera Dome Osaka,18:01,03:36,21562,GAME20220916OBNF0787
2022,2022-09-16,Reg Season,Fukuoka Softbank Hawks,Away,W,6,Tohoku Rakuten Golden Eagles,6,9,1,"3,0,0,0,0,0,3,0,0",23,Rakuten Seimei Park Miyagi,18:00,03:36,16336,GAME20220916RESH0790
2022,2022-09-16,Reg Season,Tohoku Rakuten Golden Eagles,Home,L,2,Fukuoka Softbank Hawks,2,6,1,"0,0,1,1,0,0,0,0,0",23,Rakuten Seimei Park Miyagi,18:00,03:36,16336,GAME20220916RESH0790
2022,2022-09-17,Reg Season,Tokyo Yakult Swallows,Away,T,3,Chunichi Dragons,3,10,1,"0,0,0,1,0,0,0,0,0,0,0,2",23,Vantelin Dome Nagoya,14:00,04:47,34048,GAME20220917CDYS0793
2022,2022-09-17,Reg Season,Chunichi Dragons,Home,T,3,Tokyo Yakult Swallows,3,9,0,"0,0,0,0,0,1,0,0,0,0,0,2",23,Vantelin Dome Nagoya,14:00,04:47,34048,GAME20220917CDYS0793
2022,2022-09-17,Reg Season,Hiroshima Toyo Carp,Away,W,10,Yokohama DeNA Baystars,10,16,0,"0,0,3,0,0,3,0,4,0",25,Yokohama Stadium,14:00,03:40,29875,GAME20220917DBHC0792
2022,2022-09-17,Reg Season,Yokohama DeNA Baystars,Home,L,3,Hiroshima Toyo Carp,3,6,0,"2,0,0,0,1,0,0,0,0",25,Yokohama Stadium,14:00,03:40,29875,GAME20220917DBHC0792
2022,2022-09-17,Reg Season,Chiba Lotte Marines,Away,L,4,Hokkaido Nippon-Ham Fighters,4,8,0,"0,0,0,0,0,0,0,4,0",21,Sapporo Dome,18:02,03:18,41138,GAME20220917NFLM0795
2022,2022-09-17,Reg Season,Hokkaido Nippon-Ham Fighters,Home,W,5,Chiba Lotte Marines,5,9,1,"0,1,0,0,0,1,0,2,1x",21,Sapporo Dome,18:02,03:18,41138,GAME20220917NFLM0795
2022,2022-09-17,Reg Season,Fukuoka Softbank Hawks,Away,L,0,Orix Buffaloes,0,4,0,"0,0,0,0,0,0,0,0,0",23,Kyocera Dome Osaka,18:02,02:23,27019,GAME20220917OBSH0791
2022,2022-09-17,Reg Season,Orix Buffaloes,Home,W,2,Fukuoka Softbank Hawks,2,4,0,"1,0,1,0,0,0,0,0,x",23,Kyocera Dome Osaka,18:02,02:23,27019,GAME20220917OBSH0791
2022,2022-09-17,Reg Season,Tohoku Rakuten Golden Eagles,Away,W,3,Saitama Seibu Lions,3,7,0,"0,0,0,3,0,0,0,0,0",21,Belluna Dome,18:00,03:03,24167,GAME20220917SLRE0796
2022,2022-09-17,Reg Season,Saitama Seibu Lions,Home,L,0,Tohoku Rakuten Golden Eagles,0,4,1,"0,0,0,0,0,0,0,0,0",21,Belluna Dome,18:00,03:03,24167,GAME20220917SLRE0796
2022,2022-09-17,Reg Season,Hanshin Tigers,Away,L,2,Yomiuri Giants,2,5,0,"0,1,0,0,0,0,1,0,0",25,Tokyo Dome,18:00,02:50,40747,GAME20220917YGHT0794
2022,2022-09-17,Reg Season,Yomiuri Giants,Home,W,3,Hanshin Tigers,3,9,0,"0,0,0,0,1,2,0,0,x",25,Tokyo Dome,18:00,02:50,40747,GAME20220917YGHT0794
2022,2022-09-18,Reg Season,Tokyo Yakult Swallows,Away,W,1,Hanshin Tigers,1,3,0,"0,0,0,0,0,1,0,0,0",22,Hanshin Koshien Stadium,18:02,03:25,42614,GAME20220918HTYS0800
2022,2022-09-18,Reg Season,Hanshin Tigers,Home,L,0,Tokyo Yakult Swallows,0,6,3,"0,0,0,0,0,0,0,0,0",22,Hanshin Koshien Stadium,18:02,03:25,42614,GAME20220918HTYS0800
2022,2022-09-18,Reg Season,Chiba Lotte Marines,Away,W,7,Hokkaido Nippon-Ham Fighters,7,9,2,"1,0,1,1,0,0,0,0,4",22,Sapporo Dome,14:01,03:40,31950,GAME20220918NFLM0799
2022,2022-09-18,Reg Season,Hokkaido Nippon-Ham Fighters,Home,L,4,Chiba Lotte Marines,4,8,1,"1,2,0,0,0,0,0,1,0",22,Sapporo Dome,14:01,03:40,31950,GAME20220918NFLM0799
2022,2022-09-18,Reg Season,Fukuoka Softbank Hawks,Away,L,0,Orix Buffaloes,0,4,0,"0,0,0,0,0,0,0,0,0",24,Kyocera Dome Osaka,14:00,03:03,28252,GAME20220918OBSH0797
2022,2022-09-18,Reg Season,Orix Buffaloes,Home,W,2,Fukuoka Softbank Hawks,2,6,0,"0,0,1,1,0,0,0,0,x",24,Kyocera Dome Osaka,14:00,03:03,28252,GAME20220918OBSH0797
2022,2022-09-18,Reg Season,Tohoku Rakuten Golden Eagles,Away,W,4,Saitama Seibu Lions,4,5,0,"1,0,0,3,0,0,0,0,0",22,Belluna Dome,14:00,03:25,27471,GAME20220918SLRE0801
2022,2022-09-18,Reg Season,Saitama Seibu Lions,Home,L,3,Tohoku Rakuten Golden Eagles,3,7,0,"0,0,0,3,0,0,0,0,0",22,Belluna Dome,14:00,03:25,27471,GAME20220918SLRE0801
2022,2022-09-18,Reg Season,Yokohama DeNA Baystars,Away,W,3,Yomiuri Giants,3,10,1,"0,0,0,0,0,2,0,0,1",20,Tokyo Dome,14:00,03:24,40709,GAME20220918YGDB0798
2022,2022-09-18,Reg Season,Yomiuri Giants,Home,L,1,Yokohama DeNA Baystars,1,8,2,"0,0,0,0,0,1,0,0,0",20,Tokyo Dome,14:00,03:24,40709,GAME20220918YGDB0798
2022,2022-09-19,Reg Season,Chiba Lotte Marines,Away,L,0,Hokkaido Nippon-Ham Fighters,0,6,0,"0,0,0,0,0,0,0,0,0",23,Sapporo Dome,14:01,03:08,35974,GAME20220919NFLM0804
2022,2022-09-19,Reg Season,Hokkaido Nippon-Ham Fighters,Home,W,4,Chiba Lotte Marines,4,12,0,"4,0,0,0,0,0,0,0,x",23,Sapporo Dome,14:01,03:08,35974,GAME20220919NFLM0804
2022,2022-09-19,Reg Season,Fukuoka Softbank Hawks,Away,L,5,Orix Buffaloes,5,10,1,"0,0,0,3,0,2,0,0,0,0",25,Kyocera Dome Osaka,13:01,04:47,24889,GAME20220919OBSH0802
2022,2022-09-19,Reg Season,Orix Buffaloes,Home,W,6,Fukuoka Softbank Hawks,6,12,2,"2,0,2,0,0,0,0,0,1,1x",25,Kyocera Dome Osaka,13:01,04:47,24889,GAME20220919OBSH0802
2022,2022-09-19,Reg Season,Tohoku Rakuten Golden Eagles,Away,W,6,Saitama Seibu Lions,6,13,0,"0,2,0,0,0,0,2,0,0,0,2",23,Belluna Dome,14:01,04:17,27475,GAME20220919SLRE0805
2022,2022-09-19,Reg Season,Saitama Seibu Lions,Home,L,4,Tohoku Rakuten Golden Eagles,4,6,1,"0,0,0,0,1,0,2,0,1,0,0",23,Belluna Dome,14:01,04:17,27475,GAME20220919SLRE0805
2022,2022-09-19,Reg Season,Yokohama DeNA Baystars,Away,L,3,Yomiuri Giants,3,7,0,"1,0,0,0,0,0,0,1,1",21,Tokyo Dome,14:00,02:27,38385,GAME20220919YGDB0803
2022,2022-09-19,Reg Season,Yomiuri Giants,Home,W,5,Yokohama DeNA Baystars,5,6,0,"0,3,0,1,0,1,0,0,x",21,Tokyo Dome,14:00,02:27,38385,GAME20220919YGDB0803
2022,2022-09-20,Reg Season,Chunichi Dragons,Away,W,5,Hiroshima Toyo Carp,5,7,0,"1,0,0,1,0,0,1,0,0,0,2",24,MAZDA Zoom-Zoom Stadium Hiroshima,18:00,04:38,11736,GAME20220920HCCD0808
2022,2022-09-20,Reg Season,Hiroshima Toyo Carp,Home,L,3,Chunichi Dragons,3,10,2,"3,0,0,0,0,0,0,0,0,0,0",24,MAZDA Zoom-Zoom Stadium Hiroshima,18:00,04:38,11736,GAME20220920HCCD0808
2022,2022-09-20,Reg Season,Yokohama DeNA Baystars,Away,W,5,Hanshin Tigers,5,11,1,"1,0,0,0,0,1,0,0,3",25,Hanshin Koshien Stadium,18:02,03:50,33203,GAME20220920HTDB0810
2022,2022-09-20,Reg Season,Hanshin Tigers,Home,L,4,Yokohama DeNA Baystars,4,8,0,"1,0,0,0,0,0,0,3,0",25,Hanshin Koshien Stadium,18:02,03:50,33203,GAME20220920HTDB0810
2022,2022-09-20,Reg Season,Orix Buffaloes,Away,W,6,Chiba Lotte Marines,6,10,0,"0,1,0,0,1,1,0,1,2",23,ZOZO Marine Stadium,18:00,03:17,21035,GAME20220920LMOB0806
2022,2022-09-20,Reg Season,Chiba Lotte Marines,Home,L,3,Orix Buffaloes,3,8,0,"0,0,1,0,0,0,2,0,0",23,ZOZO Marine Stadium,18:00,03:17,21035,GAME20220920LMOB0806
2022,2022-09-20,Reg Season,Fukuoka Softbank Hawks,Away,W,3,Hokkaido Nippon-Ham Fighters,3,7,0,"0,1,0,1,1,0,0,0,0",25,Sapporo Dome,18:00,02:55,17960,GAME20220920NFSH0809
2022,2022-09-20,Reg Season,Hokkaido Nippon-Ham Fighters,Home,L,1,Fukuoka Softbank Hawks,1,4,1,"0,0,0,0,0,1,0,0,0",25,Sapporo Dome,18:00,02:55,17960,GAME20220920NFSH0809
2022,2022-09-20,Reg Season,Tohoku Rakuten Golden Eagles,Away,L,1,Saitama Seibu Lions,1,8,0,"0,0,0,0,1,0,0,0,0",24,Belluna Dome,18:00,02:52,14063,GAME20220920SLRE0811
2022,2022-09-20,Reg Season,Saitama Seibu Lions,Home,W,4,Tohoku Rakuten Golden Eagles,4,8,0,"1,0,0,0,1,0,0,2,x",24,Belluna Dome,18:00,02:52,14063,GAME20220920SLRE0811
2022,2022-09-20,Reg Season,Tokyo Yakult Swallows,Away,L,4,Yomiuri Giants,4,11,1,"1,1,0,0,0,1,0,1,0",25,Tokyo Dome,18:00,03:05,40751,GAME20220920YGYS0807
2022,2022-09-20,Reg Season,Yomiuri Giants,Home,W,5,Tokyo Yakult Swallows,5,7,0,"0,0,3,1,0,1,0,0,x",25,Tokyo Dome,18:00,03:05,40751,GAME20220920YGYS0807
2022,2022-09-21,Reg Season,Tokyo Yakult Swallows,Away,W,6,Chunichi Dragons,6,8,1,"0,0,0,3,1,0,0,2,0",24,Vantelin Dome Nagoya,18:00,03:10,23835,GAME20220921CDYS0813
2022,2022-09-21,Reg Season,Chunichi Dragons,Home,L,2,Tokyo Yakult Swallows,2,5,1,"0,0,2,0,0,0,0,0,0",24,Vantelin Dome Nagoya,18:00,03:10,23835,GAME20220921CDYS0813
2022,2022-09-21,Reg Season,Yomiuri Giants,Away,W,2,Yokohama DeNA Baystars,2,6,1,"1,0,0,0,1,0,0,0,0",22,Yokohama Stadium,18:00,03:18,25909,GAME20220921DBYG0812
2022,2022-09-21,Reg Season,Yokohama DeNA Baystars,Home,L,1,Yomiuri Giants,1,6,0,"0,0,0,1,0,0,0,0,0",22,Yokohama Stadium,18:00,03:18,25909,GAME20220921DBYG0812
2022,2022-09-21,Reg Season,Hiroshima Toyo Carp,Away,W,10,Hanshin Tigers,10,13,1,"0,4,0,0,0,0,0,0,0,0,6",24,Hanshin Koshien Stadium,18:01,04:38,42267,GAME20220921HTHC0814
2022,2022-09-21,Reg Season,Hanshin Tigers,Home,L,4,Hiroshima Toyo Carp,4,9,2,"2,0,0,0,1,1,0,0,0,0,0",24,Hanshin Koshien Stadium,18:01,04:38,42267,GAME20220921HTHC0814
2022,2022-09-22,Reg Season,Yomiuri Giants,Away,L,0,Yokohama DeNA Baystars,0,5,0,"0,0,0,0,0,0,0,0,0",23,Yokohama Stadium,18:00,03:24,24311,GAME20220922DBYG0816
2022,2022-09-22,Reg Season,Yokohama DeNA Baystars,Home,W,3,Yomiuri Giants,3,8,1,"1,0,0,0,0,1,1,0,x",23,Yokohama Stadium,18:00,03:24,24311,GAME20220922DBYG0816
2022,2022-09-22,Reg Season,Chiba Lotte Marines,Away,W,13,Orix Buffaloes,13,18,2,"4,0,0,2,0,3,1,3,0",24,Kyocera Dome Osaka,18:01,03:41,21841,GAME20220922OBLM0815
2022,2022-09-22,Reg Season,Orix Buffaloes,Home,L,5,Chiba Lotte Marines,5,14,1,"1,0,0,0,0,0,3,1,0",24,Kyocera Dome Osaka,18:01,03:41,21841,GAME20220922OBLM0815
2022,2022-09-22,Reg Season,Chunichi Dragons,Away,W,3,Tokyo Yakult Swallows,3,10,0,"0,0,0,0,2,0,1,0,0",25,Meiji Jingu Stadium,18:01,02:59,29082,GAME20220922YSCD0817
2022,2022-09-22,Reg Season,Tokyo Yakult Swallows,Home,L,0,Chunichi Dragons,0,1,0,"0,0,0,0,0,0,0,0,0",25,Meiji Jingu Stadium,18:01,02:59,29082,GAME20220922YSCD0817
2022,2022-09-23,Reg Season,Yomiuri Giants,Away,W,9,Chunichi Dragons,9,15,0,"0,3,0,0,1,5,0,0,0",23,Vantelin Dome Nagoya,18:00,03:34,35669,GAME20220923CDYG0820
2022,2022-09-23,Reg Season,Chunichi Dragons,Home,L,3,Yomiuri Giants,3,9,1,"0,0,1,0,0,2,0,0,0",23,Vantelin Dome Nagoya,18:00,03:34,35669,GAME20220923CDYG0820
2022,2022-09-23,Reg Season,Hanshin Tigers,Away,W,7,Hiroshima Toyo Carp,7,12,0,"4,0,0,1,0,2,0,0,0",25,MAZDA Zoom-Zoom Stadium Hiroshima,18:01,03:22,30593,GAME20220923HCHT0821
2022,2022-09-23,Reg Season,Hiroshima Toyo Carp,Home,L,3,Hanshin Tigers,3,9,0,"1,0,0,2,0,0,0,0,0",25,MAZDA Zoom-Zoom Stadium Hiroshima,18:01,03:22,30593,GAME20220923HCHT0821
2022,2022-09-23,Reg Season,Hokkaido Nippon-Ham Fighters,Away,W,6,Tohoku Rakuten Golden Eagles,6,13,0,"0,0,0,0,0,2,0,0,0,4",23,Rakuten Seimei Park Miyagi,14:01,04:05,23319,GAME20220923RENF0822
2022,2022-09-23,Reg Season,Tohoku Rakuten Golden Eagles,Home,L,3,Hokkaido Nippon-Ham Fighters,3,7,1,"0,0,0,1,0,0,1,0,0,1",23,Rakuten Seimei Park Miyagi,14:01,04:05,23319,GAME20220923RENF0822
2022,2022-09-23,Reg Season,Chiba Lotte Marines,Away,W,6,Fukuoka Softbank Hawks,6,6,0,"0,0,0,2,0,0,0,0,1,3",21,Mizuho PayPay Dome Fukuoka,18:00,04:02,34563,GAME20220923SHLM0818
2022,2022-09-23,Reg Season,Fukuoka Softbank Hawks,Home,L,3,Chiba Lotte Marines,3,12,0,"0,0,0,1,0,0,2,0,0,0",21,Mizuho PayPay Dome Fukuoka,18:00,04:02,34563,GAME20220923SHLM0818
2022,2022-09-23,Reg Season,Yokohama DeNA Baystars,Away,W,8,Tokyo Yakult Swallows,8,16,2,"3,0,3,1,1,0,0,0,0",22,Meiji Jingu Stadium,18:00,03:16,29402,GAME20220923YSDB0819
2022,2022-09-23,Reg Season,Tokyo Yakult Swallows,Home,L,6,Yokohama DeNA Baystars,6,7,1,"0,0,0,1,0,0,0,0,5",22,Meiji Jingu Stadium,18:00,03:16,29402,GAME20220923YSDB0819
2022,2022-09-24,Reg Season,Yomiuri Giants,Away,L,1,Chunichi Dragons,1,4,1,"0,1,0,0,0,0,0,0,0",24,Vantelin Dome Nagoya,14:00,02:47,35180,GAME20220924CDYG0825
2022,2022-09-24,Reg Season,Chunichi Dragons,Home,W,2,Yomiuri Giants,2,8,2,"1,0,1,0,0,0,0,0,x",24,Vantelin Dome Nagoya,14:00,02:47,35180,GAME20220924CDYG0825
2022,2022-09-24,Reg Season,Saitama Seibu Lions,Away,W,6,Hokkaido Nippon-Ham Fighters,6,16,2,"0,0,0,1,2,0,0,3,0",24,Sapporo Dome,18:02,03:50,32759,GAME20220924NFSL0826
2022,2022-09-24,Reg Season,Hokkaido Nippon-Ham Fighters,Home,L,2,Saitama Seibu Lions,2,5,1,"0,0,0,0,0,0,2,0,0",24,Sapporo Dome,18:02,03:50,32759,GAME20220924NFSL0826
2022,2022-09-24,Reg Season,Orix Buffaloes,Away,W,9,Tohoku Rakuten Golden Eagles,9,15,0,"2,0,0,0,2,0,2,3,0",23,Rakuten Seimei Park Miyagi,14:05,02:56,21332,GAME20220924REOB0827
2022,2022-09-24,Reg Season,Tohoku Rakuten Golden Eagles,Home,L,1,Orix Buffaloes,1,3,0,"0,0,0,0,0,0,0,0,1",23,Rakuten Seimei Park Miyagi,14:05,02:56,21332,GAME20220924REOB0827
2022,2022-09-24,Reg Season,Chiba Lotte Marines,Away,L,0,Fukuoka Softbank Hawks,0,5,0,"0,0,0,0,0,0,0,0,0",22,Mizuho PayPay Dome Fukuoka,14:00,02:58,38250,GAME20220924SHLM0823
2022,2022-09-24,Reg Season,Fukuoka Softbank Hawks,Home,W,6,Chiba Lotte Marines,6,11,0,"1,1,0,4,0,0,0,0,x",22,Mizuho PayPay Dome Fukuoka,14:00,02:58,38250,GAME20220924SHLM0823
2022,2022-09-24,Reg Season,Yokohama DeNA Baystars,Away,L,1,Tokyo Yakult Swallows,1,8,0,"0,0,0,0,0,0,0,1,0",23,Meiji Jingu Stadium,19:30,03:15,29437,GAME20220924YSDB0824
2022,2022-09-24,Reg Season,Tokyo Yakult Swallows,Home,W,8,Yokohama DeNA Baystars,8,15,0,"1,1,2,0,2,0,2,0,x",23,Meiji Jingu Stadium,19:30,03:15,29437,GAME20220924YSDB0824
2022,2022-09-25,Reg Season,Yomiuri Giants,Away,L,1,Chunichi Dragons,1,6,1,"0,0,0,0,0,1,0,0,0",25,Vantelin Dome Nagoya,14:00,03:06,35123,GAME20220925CDYG0830
2022,2022-09-25,Reg Season,Chunichi Dragons,Home,W,7,Yomiuri Giants,7,13,0,"0,1,1,0,3,2,0,0,x",25,Vantelin Dome Nagoya,14:00,03:06,35123,GAME20220925CDYG0830
2022,2022-09-25,Reg Season,Tohoku Rakuten Golden Eagles,Away,W,6,Hokkaido Nippon-Ham Fighters,6,11,0,"0,0,0,0,2,0,0,4,0",24,Sapporo Dome,18:00,03:05,22619,GAME20220925NFRE0831
2022,2022-09-25,Reg Season,Hokkaido Nippon-Ham Fighters,Home,L,0,Tohoku Rakuten Golden Eagles,0,1,0,"0,0,0,0,0,0,0,0,0",24,Sapporo Dome,18:00,03:05,22619,GAME20220925NFRE0831
2022,2022-09-25,Reg Season,Chiba Lotte Marines,Away,L,0,Fukuoka Softbank Hawks,0,7,1,"0,0,0,0,0,0,0,0,0",23,Mizuho PayPay Dome Fukuoka,13:00,03:01,36028,GAME20220925SHLM0828
2022,2022-09-25,Reg Season,Fukuoka Softbank Hawks,Home,W,10,Chiba Lotte Marines,10,10,0,"0,0,2,3,3,0,2,0,x",23,Mizuho PayPay Dome Fukuoka,13:00,03:01,36028,GAME20220925SHLM0828
2022,2022-09-25,Reg Season,Yokohama DeNA Baystars,Away,L,0,Tokyo Yakult Swallows,0,3,0,"0,0,0,0,0,0,0,0,0",24,Meiji Jingu Stadium,18:00,03:23,29714,GAME20220925YSDB0829
2022,2022-09-25,Reg Season,Tokyo Yakult Swallows,Home,W,1,Yokohama DeNA Baystars,1,5,0,"0,0,0,0,0,0,0,0,1x",24,Meiji Jingu Stadium,18:00,03:23,29714,GAME20220925YSDB0829
2022,2022-09-26,Reg Season,Tohoku Rakuten Golden Eagles,Away,L,2,Hokkaido Nippon-Ham Fighters,2,5,2,"0,0,0,0,0,0,0,2,0",25,Sapporo Dome,18:00,02:56,16923,GAME20220926NFRE0833
2022,2022-09-26,Reg Season,Hokkaido Nippon-Ham Fighters,Home,W,3,Tohoku Rakuten Golden Eagles,3,4,1,"0,0,1,2,0,0,0,0,x",25,Sapporo Dome,18:00,02:56,16923,GAME20220926NFRE0833
2022,2022-09-26,Reg Season,Chiba Lotte Marines,Away,L,1,Fukuoka Softbank Hawks,1,7,1,"0,0,0,0,0,1,0,0,0",24,Mizuho PayPay Dome Fukuoka,18:00,03:15,39562,GAME20220926SHLM0832
2022,2022-09-26,Reg Season,Fukuoka Softbank Hawks,Home,W,2,Chiba Lotte Marines,2,6,0,"0,0,0,0,1,0,0,1,x",24,Mizuho PayPay Dome Fukuoka,18:00,03:15,39562,GAME20220926SHLM0832
2022,2022-09-27,Reg Season,Chunichi Dragons,Away,L,3,Yokohama DeNA Baystars,3,9,1,"0,0,2,1,0,0,0,0,0",22,Yokohama Stadium,17:45,03:26,25330,GAME20220927DBCD0835
2022,2022-09-27,Reg Season,Yokohama DeNA Baystars,Home,W,8,Chunichi Dragons,8,12,0,"0,0,1,2,0,0,0,5,x",22,Yokohama Stadium,17:45,03:26,25330,GAME20220927DBCD0835
2022,2022-09-27,Reg Season,Chiba Lotte Marines,Away,L,0,Hokkaido Nippon-Ham Fighters,0,4,1,"0,0,0,0,0,0,0,0,0",24,Sapporo Dome,18:01,03:01,19267,GAME20220927NFLM0837
2022,2022-09-27,Reg Season,Hokkaido Nippon-Ham Fighters,Home,W,14,Chiba Lotte Marines,14,16,0,"2,4,2,2,0,1,3,0,x",24,Sapporo Dome,18:01,03:01,19267,GAME20220927NFLM0837
2022,2022-09-27,Reg Season,Tohoku Rakuten Golden Eagles,Away,W,6,Orix Buffaloes,6,8,0,"0,2,2,1,0,0,1,0,0",24,Kyocera Dome Osaka,18:00,03:01,20092,GAME20220927OBRE0834
2022,2022-09-27,Reg Season,Orix Buffaloes,Home,L,1,Tohoku Rakuten Golden Eagles,1,3,0,"0,1,0,0,0,0,0,0,0",24,Kyocera Dome Osaka,18:00,03:01,20092,GAME20220927OBRE0834
2022,2022-09-27,Reg Season,Fukuoka Softbank Hawks,Away,L,1,Saitama Seibu Lions,1,7,2,"0,0,0,0,0,0,1,0,0",24,Belluna Dome,18:00,02:48,24030,GAME20220927SLSH0838
2022,2022-09-27,Reg Season,Saitama Seibu Lions,Home,W,4,Fukuoka Softbank Hawks,4,7,0,"2,0,0,0,2,0,0,0,x",24,Belluna Dome,18:00,02:48,24030,GAME20220927SLSH0838
2022,2022-09-27,Reg Season,Hanshin Tigers,Away,W,4,Tokyo Yakult Swallows,4,6,0,"1,0,0,1,2,0,0,0,0",23,Meiji Jingu Stadium,18:00,03:33,29355,GAME20220927YSHT0836
2022,2022-09-27,Reg Season,Tokyo Yakult Swallows,Home,L,1,Hanshin Tigers,1,6,0,"0,0,0,0,0,1,0,0,0",23,Meiji Jingu Stadium,18:00,03:33,29355,GAME20220927YSHT0836
2022,2022-09-28,Reg Season,Chunichi Dragons,Away,W,1,Yokohama DeNA Baystars,1,6,0,"0,0,0,0,0,0,0,1,0",23,Yokohama Stadium,18:00,02:45,21757,GAME20220928DBCD0839
2022,2022-09-28,Reg Season,Yokohama DeNA Baystars,Home,L,0,Chunichi Dragons,0,2,1,"0,0,0,0,0,0,0,0,0",23,Yokohama Stadium,18:00,02:45,21757,GAME20220928DBCD0839
2022,2022-09-28,Reg Season,Chiba Lotte Marines,Away,W,11,Hokkaido Nippon-Ham Fighters,11,12,0,"0,0,0,6,0,0,4,1,0",25,Sapporo Dome,18:00,03:36,41138,GAME20220928NFLM0841
2022,2022-09-28,Reg Season,Hokkaido Nippon-Ham Fighters,Home,L,3,Chiba Lotte Marines,3,9,0,"2,0,0,1,0,0,0,0,0",25,Sapporo Dome,18:00,03:36,41138,GAME20220928NFLM0841
2022,2022-09-28,Reg Season,Saitama Seibu Lions,Away,W,1,Tohoku Rakuten Golden Eagles,1,6,1,"0,0,0,0,1,0,0,0,0",25,Rakuten Seimei Park Miyagi,18:00,02:49,17313,GAME20220928RESL0842
2022,2022-09-28,Reg Season,Tohoku Rakuten Golden Eagles,Home,L,0,Saitama Seibu Lions,0,4,0,"0,0,0,0,0,0,0,0,0",25,Rakuten Seimei Park Miyagi,18:00,02:49,17313,GAME20220928RESL0842
2022,2022-09-28,Reg Season,Hanshin Tigers,Away,W,2,Tokyo Yakult Swallows,2,7,1,"1,0,0,0,0,0,0,1,0",24,Meiji Jingu Stadium,18:00,03:08,29626,GAME20220928YSHT0840
2022,2022-09-28,Reg Season,Tokyo Yakult Swallows,Home,L,1,Hanshin Tigers,1,4,0,"0,0,0,0,0,1,0,0,0",24,Meiji Jingu Stadium,18:00,03:08,29626,GAME20220928YSHT0840
2022,2022-09-29,Reg Season,Chunichi Dragons,Away,L,1,Yokohama DeNA Baystars,1,3,2,"1,0,0,0,0,0,0,0,0",24,Yokohama Stadium,18:00,02:49,21695,GAME20220929DBCD0843
2022,2022-09-29,Reg Season,Yokohama DeNA Baystars,Home,W,6,Chunichi Dragons,6,8,2,"0,1,0,1,4,0,0,0,x",24,Yokohama Stadium,18:00,02:49,21695,GAME20220929DBCD0843
2022,2022-09-29,Reg Season,Tokyo Yakult Swallows,Away,W,5,Hiroshima Toyo Carp,5,9,0,"0,0,0,0,1,1,3,0,0",24,MAZDA Zoom-Zoom Stadium Hiroshima,18:00,03:45,23342,GAME20220929HCYS0844
2022,2022-09-29,Reg Season,Hiroshima Toyo Carp,Home,L,4,Tokyo Yakult Swallows,4,9,1,"0,2,2,0,0,0,0,0,0",24,MAZDA Zoom-Zoom Stadium Hiroshima,18:00,03:45,23342,GAME20220929HCYS0844
2022,2022-09-29,Reg Season,Fukuoka Softbank Hawks,Away,W,5,Tohoku Rakuten Golden Eagles,5,10,0,"4,0,0,0,1,0,0,0,0",24,Rakuten Seimei Park Miyagi,18:00,03:52,14360,GAME20220929RESH0845
2022,2022-09-29,Reg Season,Tohoku Rakuten Golden Eagles,Home,L,4,Fukuoka Softbank Hawks,4,7,0,"1,2,1,0,0,0,0,0,0",24,Rakuten Seimei Park Miyagi,18:00,03:52,14360,GAME20220929RESH0845
2022,2022-09-30,Reg Season,Chunichi Dragons,Away,W,6,Yokohama DeNA Baystars,6,11,0,"0,0,0,1,0,1,0,2,2",25,Yokohama Stadium,18:00,03:08,23075,GAME20220930DBCD0847
2022,2022-09-30,Reg Season,Yokohama DeNA Baystars,Home,L,1,Chunichi Dragons,1,6,0,"0,1,0,0,0,0,0,0,0",25,Yokohama Stadium,18:00,03:08,23075,GAME20220930DBCD0847
2022,2022-09-30,Reg Season,Tokyo Yakult Swallows,Away,W,5,Hiroshima Toyo Carp,5,9,0,"0,0,3,0,0,2,0,0,0",25,MAZDA Zoom-Zoom Stadium Hiroshima,18:00,03:02,27536,GAME20220930HCYS0848
2022,2022-09-30,Reg Season,Hiroshima Toyo Carp,Home,L,1,Tokyo Yakult Swallows,1,6,1,"0,0,0,0,0,0,0,0,1",25,MAZDA Zoom-Zoom Stadium Hiroshima,18:00,03:02,27536,GAME20220930HCYS0848
2022,2022-09-30,Reg Season,Chiba Lotte Marines,Away,L,3,Orix Buffaloes,3,9,1,"1,0,0,0,0,0,1,0,1",25,Kyocera Dome Osaka,18:02,03:21,31442,GAME20220930OBLM0846
2022,2022-09-30,Reg Season,Orix Buffaloes,Home,W,4,Chiba Lotte Marines,4,7,0,"2,0,0,0,0,0,0,1,1x",25,Kyocera Dome Osaka,18:02,03:21,31442,GAME20220930OBLM0846
2022,2022-09-30,Reg Season,Fukuoka Softbank Hawks,Away,W,5,Tohoku Rakuten Golden Eagles,5,8,0,"0,0,0,3,0,2,0,0,0",25,Rakuten Seimei Park Miyagi,18:00,03:05,18642,GAME20220930RESH0849
2022,2022-09-30,Reg Season,Tohoku Rakuten Golden Eagles,Home,L,1,Fukuoka Softbank Hawks,1,4,1,"0,0,0,1,0,0,0,0,0",25,Rakuten Seimei Park Miyagi,18:00,03:05,18642,GAME20220930RESH0849
2022,2022-10-01,Reg Season,Yomiuri Giants,Away,L,0,Yokohama DeNA Baystars,0,3,0,"0,0,0,0,0,0,0,0,0",24,Yokohama Stadium,17:00,02:58,32819,GAME20221001DBYG0850
2022,2022-10-01,Reg Season,Yokohama DeNA Baystars,Home,W,1,Yomiuri Giants,1,5,0,"1,0,0,0,0,0,0,0,x",24,Yokohama Stadium,17:00,02:58,32819,GAME20221001DBYG0850
2022,2022-10-01,Reg Season,Fukuoka Softbank Hawks,Away,L,1,Saitama Seibu Lions,1,7,0,"0,0,0,0,0,0,0,0,1,0,0",25,Belluna Dome,18:00,03:45,27313,GAME20221001SLSH0851
2022,2022-10-01,Reg Season,Saitama Seibu Lions,Home,W,3,Fukuoka Softbank Hawks,3,6,0,"0,0,0,1,0,0,0,0,0,0,2x",25,Belluna Dome,18:00,03:45,27313,GAME20221001SLSH0851
2022,2022-10-02,Reg Season,Yomiuri Giants,Away,W,3,Yokohama DeNA Baystars,3,5,1,"1,0,2,0,0,0,0,0,0",25,Yokohama Stadium,14:00,03:21,32817,GAME20221002DBYG0852
2022,2022-10-02,Reg Season,Yokohama DeNA Baystars,Home,L,2,Yomiuri Giants,2,12,0,"0,0,0,0,0,0,1,0,1",25,Yokohama Stadium,14:00,03:21,32817,GAME20221002DBYG0852
2022,2022-10-02,Reg Season,Chunichi Dragons,Away,W,3,Hiroshima Toyo Carp,3,13,0,"0,0,0,0,0,2,0,0,1",25,MAZDA Zoom-Zoom Stadium Hiroshima,14:00,03:00,28009,GAME20221002HCCD0854
2022,2022-10-02,Reg Season,Hiroshima Toyo Carp,Home,L,0,Chunichi Dragons,0,3,0,"0,0,0,0,0,0,0,0,0",25,MAZDA Zoom-Zoom Stadium Hiroshima,14:00,03:00,28009,GAME20221002HCCD0854
2022,2022-10-02,Reg Season,Tokyo Yakult Swallows,Away,T,3,Hanshin Tigers,3,11,0,"0,0,0,0,0,0,0,0,3,0,0,0",25,Hanshin Koshien Stadium,14:01,04:10,42539,GAME20221002HTYS0856
2022,2022-10-02,Reg Season,Hanshin Tigers,Home,T,3,Tokyo Yakult Swallows,3,8,1,"0,0,0,0,0,1,0,0,2,0,0,0",25,Hanshin Koshien Stadium,14:01,04:10,42539,GAME20221002HTYS0856
2022,2022-10-02,Reg Season,Fukuoka Softbank Hawks,Away,L,3,Chiba Lotte Marines,3,8,1,"1,0,0,1,0,0,0,1,0",25,ZOZO Marine Stadium,18:00,03:27,29312,GAME20221002LMSH0853
2022,2022-10-02,Reg Season,Chiba Lotte Marines,Home,W,5,Fukuoka Softbank Hawks,5,8,1,"0,0,0,0,0,3,2,0,x",25,ZOZO Marine Stadium,18:00,03:27,29312,GAME20221002LMSH0853
2022,2022-10-02,Reg Season,Orix Buffaloes,Away,W,5,Tohoku Rakuten Golden Eagles,5,9,0,"0,0,0,0,3,0,0,0,2",25,Rakuten Seimei Park Miyagi,18:01,03:24,25339,GAME20221002REOB0855
2022,2022-10-02,Reg Season,Tohoku Rakuten Golden Eagles,Home,L,2,Orix Buffaloes,2,7,0,"0,0,0,2,0,0,0,0,0",25,Rakuten Seimei Park Miyagi,18:01,03:24,25339,GAME20221002REOB0855
2022,2022-10-02,Reg Season,Hokkaido Nippon-Ham Fighters,Away,W,4,Saitama Seibu Lions,4,6,0,"0,0,0,0,4,0,0,0,0",25,Belluna Dome,18:00,03:08,27259,GAME20221002SLNF0857
2022,2022-10-02,Reg Season,Saitama Seibu Lions,Home,L,2,Hokkaido Nippon-Ham Fighters,2,5,0,"0,0,0,2,0,0,0,0,0",25,Belluna Dome,18:00,03:08,27259,GAME20221002SLNF0857
2022,2022-10-03,Reg Season,Yokohama DeNA Baystars,Away,L,2,Tokyo Yakult Swallows,2,7,0,"0,2,0,0,0,0,0,0,0",25,Meiji Jingu Stadium,18:00,02:56,29756,GAME20221003YSDB0858
2022,2022-10-03,Reg Season,Tokyo Yakult Swallows,Home,W,8,Yokohama DeNA Baystars,8,12,0,"0,0,5,0,0,2,1,0,x",25,Meiji Jingu Stadium,18:00,02:56,29756,GAME20221003YSDB0858
