Season,Game Type,Team,#,Name,Position,G,FPCT,PO,A,E,DP,PB,PlayerID
2023,Regular Season,Yomiuri Giants,5,"Nakajima, Hiroyuki",1B,4,1.000,31,2,0,1,,01005113
2023,Regular Season,Fukuoka Softbank Hawks,18,"Takeda, Shota",P,29,1.000,3,7,0,0,,01005135
2023,Regular Season,Fukuoka Softbank Hawks,28,"Takahashi, Rei",P,5,1.000,0,1,0,0,,01005136
2023,Regular Season,Fukuoka Softbank Hawks,16,"Higashihama, Nao",P,17,0.958,5,18,1,0,,01005137
2023,Regular Season,Saitama Seibu Lions,26,"Sasaki, Takeru",P,21,1.000,1,10,0,0,,01005153
2023,Regular Season,Tokyo Yakult Swallows,10,"Araki, Takahiro",1B,1,1.000,3,0,0,1,,01105131
2023,Regular Season,Hokkaido Nippon-Ham Fighters,52,"Ikeda, Takahide",P,51,1.000,7,3,0,0,,01105134
2023,Climax Series - Final Stage,Chiba Lotte Marines,50,"Ishikawa, Shingo",OF,2,1.000,2,0,0,0,,01105135
2023,Climax Series - First Stage,Chiba Lotte Marines,50,"Ishikawa, Shingo",OF,1,1.000,2,0,0,0,,01105135
2023,Regular Season,Chiba Lotte Marines,50,"Ishikawa, Shingo",OF,28,1.000,46,1,0,0,,01105135
2023,Regular Season,Fukuoka Softbank Hawks,53,"Izumi, Keisuke",P,3,0.000,0,0,0,0,,01105138
2023,Climax Series - Final Stage,Orix Buffaloes,45,"Abe, Shota",P,1,0.000,0,0,0,0,,01105153
2023,Japan Series,Orix Buffaloes,45,"Abe, Shota",P,3,0.000,0,0,0,0,,01105153
2023,Regular Season,Orix Buffaloes,45,"Abe, Shota",P,49,1.000,2,6,0,0,,01105153
2023,Regular Season,Hokkaido Nippon-Ham Fighters,39,"Arizono, Naoki",3B,1,1.000,1,0,0,0,,01105155
2023,Regular Season,Chunichi Dragons,63,"Donoue, Naomichi",1B,2,1.000,2,1,0,0,,01205114
2023,Regular Season,Chunichi Dragons,63,"Donoue, Naomichi",2B,2,1.000,3,6,0,0,,01205114
2023,Regular Season,Chunichi Dragons,63,"Donoue, Naomichi",3B,6,1.000,0,2,0,1,,01205114
2023,Regular Season,Chunichi Dragons,63,"Donoue, Naomichi",SS,2,1.000,1,2,0,1,,01205114
2023,Climax Series - First Stage,Chiba Lotte Marines,29,"Nishino, Yuji",P,1,0.000,0,0,0,0,,01205118
2023,Regular Season,Chiba Lotte Marines,29,"Nishino, Yuji",P,18,1.000,8,13,0,1,,01205118
2023,Regular Season,Saitama Seibu Lions,40,"Tamura, Ichiro",P,24,1.000,1,4,0,0,,01205134
2023,Climax Series - Final Stage,Chiba Lotte Marines,48,"Nakamura, Toshiya",P,1,0.000,0,0,0,0,,01205138
2023,Climax Series - First Stage,Chiba Lotte Marines,48,"Nakamura, Toshiya",P,1,1.000,0,1,0,0,,01205138
2023,Regular Season,Chiba Lotte Marines,48,"Nakamura, Toshiya",P,17,1.000,1,4,0,0,,01205138
2023,Regular Season,Tohoku Rakuten Golden Eagles,29,"Takada, Koichi",P,7,0.800,1,3,1,0,,01205153
2023,Regular Season,Hanshin Tigers,62,"Ueda, Kai",OF,12,1.000,6,0,0,0,,01305130
2023,Regular Season,Chunichi Dragons,8,"Ohshima, Yohei",OF,114,0.989,185,2,2,1,,01305131
2023,Climax Series - First Stage,Yokohama DeNA Baystars,21,"Imanaga, Shota",P,1,0.000,0,0,0,0,,01305132
2023,Regular Season,Yokohama DeNA Baystars,21,"Imanaga, Shota",P,22,1.000,9,21,0,2,,01305132
2023,Regular Season,Yokohama DeNA Baystars,16,"Ohnuki, Shinichi",P,13,0.867,5,8,2,0,,01305138
2023,Regular Season,Fukuoka Softbank Hawks,43,"Inoue, Tomoya",1B,3,1.000,13,1,0,2,,01305153
2023,Regular Season,Fukuoka Softbank Hawks,43,"Inoue, Tomoya",3B,12,1.000,7,10,0,0,,01305153
2023,Regular Season,Orix Buffaloes,022,"Ohsato, Kosei",1B,1,1.000,1,1,0,0,,01305155
2023,Regular Season,Orix Buffaloes,022,"Ohsato, Kosei",3B,2,0.000,0,0,0,0,,01305155
2023,Climax Series - First Stage,Fukuoka Softbank Hawks,26,"Ohtsu, Ryosuke",P,2,1.000,0,1,0,0,,01305157
2023,Regular Season,Fukuoka Softbank Hawks,26,"Ohtsu, Ryosuke",P,46,1.000,2,6,0,0,,01305157
2023,Regular Season,Hiroshima Toyo Carp,55,"Matsuyama, Ryuhei",1B,22,0.994,155,10,1,10,,01405116
2023,Regular Season,Hiroshima Toyo Carp,55,"Matsuyama, Ryuhei",OF,3,1.000,3,0,0,0,,01405116
2023,Climax Series - Final Stage,Hiroshima Toyo Carp,37,"Noma, Takayoshi",OF,3,1.000,5,1,0,0,,01405130
2023,Climax Series - First Stage,Hiroshima Toyo Carp,37,"Noma, Takayoshi",OF,2,1.000,4,0,0,0,,01405130
2023,Regular Season,Hiroshima Toyo Carp,37,"Noma, Takayoshi",OF,104,0.974,182,4,5,0,,01405130
2023,Regular Season,Hiroshima Toyo Carp,44,"Hayashi, Kota",1B,10,0.988,80,2,1,6,,01405138
2023,Regular Season,Hiroshima Toyo Carp,44,"Hayashi, Kota",3B,9,0.778,3,11,4,1,,01405138
2023,Regular Season,Fukuoka Softbank Hawks,38,"Mori, Yuito",P,6,1.000,0,7,0,0,,01405139
2023,Climax Series - Final Stage,Hiroshima Toyo Carp,54,"Nirasawa, Yuya",1B,1,1.000,8,0,0,0,,01405151
2023,Regular Season,Hiroshima Toyo Carp,54,"Nirasawa, Yuya",1B,20,1.000,26,1,0,4,,01405151
2023,Regular Season,Hiroshima Toyo Carp,54,"Nirasawa, Yuya",2B,5,1.000,6,10,0,2,,01405151
2023,Regular Season,Hiroshima Toyo Carp,54,"Nirasawa, Yuya",3B,3,0.909,4,6,1,3,,01405151
2023,Regular Season,Hiroshima Toyo Carp,54,"Nirasawa, Yuya",SS,2,1.000,1,6,0,1,,01405151
2023,Regular Season,Tohoku Rakuten Golden Eagles,58,"Karashima, Wataru",P,10,1.000,1,6,0,0,,01505118
2023,Climax Series - First Stage,Fukuoka Softbank Hawks,67,"Kasaya, Shunsuke",P,1,1.000,1,0,0,0,,01505130
2023,Regular Season,Fukuoka Softbank Hawks,67,"Kasaya, Shunsuke",P,8,0.000,0,0,0,0,,01505130
2023,Regular Season,Yomiuri Giants,50,"Okoye, Louis",OF,36,1.000,52,0,0,0,,01505132
2023,Regular Season,Hokkaido Nippon-Ham Fighters,63,"Kitaura, Ryuji",P,12,1.000,1,0,0,0,,01505136
2023,Regular Season,Saitama Seibu Lions,7,"Kaneko, Yuji",OF,41,1.000,53,1,0,0,,01505137
2023,Regular Season,Fukuoka Softbank Hawks,42,"Ohzeki, Tomohisa",P,17,1.000,5,14,0,0,,01505151
2023,Regular Season,Hokkaido Nippon-Ham Fighters,4,"Kamikawabata, Daigo",2B,26,0.980,37,60,2,10,,01505155
2023,Regular Season,Hokkaido Nippon-Ham Fighters,4,"Kamikawabata, Daigo",SS,81,0.972,91,189,8,38,,01505155
2023,Regular Season,Tokyo Yakult Swallows,50,"Kitamura, Keigo",1B,7,1.000,34,4,0,2,,01505157
2023,Regular Season,Saitama Seibu Lions,31,"Hiranuma, Shota",1B,12,0.960,22,2,1,3,,01605132
2023,Regular Season,Saitama Seibu Lions,31,"Hiranuma, Shota",2B,3,1.000,2,6,0,1,,01605132
2023,Regular Season,Saitama Seibu Lions,31,"Hiranuma, Shota",3B,23,1.000,10,32,0,3,,01605132
2023,Regular Season,Saitama Seibu Lions,31,"Hiranuma, Shota",SS,7,1.000,3,2,0,0,,01605132
2023,Climax Series - Final Stage,Chiba Lotte Marines,15,"Mima, Manabu",P,1,1.000,0,1,0,0,,01605133
2023,Regular Season,Chiba Lotte Marines,15,"Mima, Manabu",P,18,1.000,5,19,0,0,,01605133
2023,Climax Series - Final Stage,Orix Buffaloes,1,"Fukuda, Shuhei",OF,1,1.000,2,0,0,0,,01605136
2023,Japan Series,Orix Buffaloes,1,"Fukuda, Shuhei",OF,2,1.000,3,0,0,0,,01605136
2023,Regular Season,Orix Buffaloes,1,"Fukuda, Shuhei",OF,32,1.000,49,0,0,0,,01605136
2023,Regular Season,Fukuoka Softbank Hawks,24,"Kurihara, Ryoya",3B,93,0.967,57,147,7,9,,01705130
2023,Climax Series - Final Stage,Chiba Lotte Marines,92,"Kuniyoshi, Yuki",P,1,1.000,2,0,0,0,,01705131
2023,Regular Season,Chiba Lotte Marines,92,"Kuniyoshi, Yuki",P,3,1.000,0,1,0,0,,01705131
2023,Regular Season,Tokyo Yakult Swallows,45,"Kozawa, Reiji",P,29,1.000,0,10,0,2,,01705132
2023,Regular Season,Tokyo Yakult Swallows,57,"Koga, Yudai",C,36,0.989,159,21,2,2,3,01705134
2023,Climax Series - Final Stage,Hiroshima Toyo Carp,51,"Kozono, Kaito",SS,3,1.000,3,8,0,0,,01705138
2023,Climax Series - First Stage,Hiroshima Toyo Carp,51,"Kozono, Kaito",3B,2,1.000,0,1,0,0,,01705138
2023,Climax Series - First Stage,Hiroshima Toyo Carp,51,"Kozono, Kaito",SS,2,1.000,0,5,0,0,,01705138
2023,Regular Season,Hiroshima Toyo Carp,51,"Kozono, Kaito",2B,16,0.946,18,35,3,9,,01705138
2023,Regular Season,Hiroshima Toyo Carp,51,"Kozono, Kaito",3B,29,0.947,1,17,1,1,,01705138
2023,Regular Season,Hiroshima Toyo Carp,51,"Kozono, Kaito",SS,63,0.980,84,155,5,32,,01705138
2023,Climax Series - Final Stage,Hanshin Tigers,47,"Kirishiki, Takuma",P,2,0.000,0,0,0,0,,01705155
2023,Japan Series,Hanshin Tigers,47,"Kirishiki, Takuma",P,3,1.000,0,2,0,0,,01705155
2023,Regular Season,Hanshin Tigers,47,"Kirishiki, Takuma",P,27,1.000,4,6,0,0,,01705155
2023,Regular Season,Tokyo Yakult Swallows,39,"Miyamoto, Takeshi",1B,7,1.000,35,3,0,3,,01805136
2023,Regular Season,Tokyo Yakult Swallows,39,"Miyamoto, Takeshi",2B,10,0.971,10,23,1,3,,01805136
2023,Regular Season,Tokyo Yakult Swallows,39,"Miyamoto, Takeshi",OF,12,1.000,17,0,0,0,,01805136
2023,Regular Season,Hokkaido Nippon-Ham Fighters,27,"Furukawa, Yudai",C,15,0.988,74,5,1,0,0,01805153
2023,Regular Season,Yomiuri Giants,021,"Matsui, Hayate",P,8,0.667,2,0,1,0,,01805157
2023,Climax Series - Final Stage,Chiba Lotte Marines,66,"Sawada, Keisuke",P,2,0.000,0,0,0,0,,01905134
2023,Climax Series - First Stage,Chiba Lotte Marines,66,"Sawada, Keisuke",P,2,1.000,0,1,0,0,,01905134
2023,Regular Season,Chiba Lotte Marines,66,"Sawada, Keisuke",P,17,1.000,0,1,0,0,,01905134
2023,Regular Season,Chunichi Dragons,50,"Shimizu, Tatsuya",P,50,1.000,4,4,0,0,,01905136
2023,Regular Season,Tohoku Rakuten Golden Eagles,56,"Suzuki, Sora",P,61,0.800,1,7,2,0,,01905138
2023,Regular Season,Yokohama DeNA Baystars,59,"Taira, Kentaro",P,11,1.000,6,8,0,1,,01905139
2023,Regular Season,Tohoku Rakuten Golden Eagles,24,"Kurokawa, Fumiya",1B,3,1.000,3,0,0,1,,01905151
2023,Regular Season,Tohoku Rakuten Golden Eagles,24,"Kurokawa, Fumiya",2B,2,1.000,2,2,0,0,,01905151
2023,Regular Season,Tohoku Rakuten Golden Eagles,24,"Kurokawa, Fumiya",3B,6,0.923,3,9,1,1,,01905151
2023,Regular Season,Chunichi Dragons,59,"Yamamoto, Takumi",P,14,0.875,2,5,1,0,,03105136
2023,Regular Season,Hokkaido Nippon-Ham Fighters,67,"Yamamoto, Takumi",P,26,1.000,1,7,0,1,,03105136
2023,Regular Season,Yomiuri Giants,67,"Yamase, Shinnosuke",C,5,1.000,17,0,0,0,0,03105151
2023,Regular Season,Yokohama DeNA Baystars,30,"Miura, Ginji",P,1,0.000,0,0,0,0,,03105155
2023,Regular Season,Chunichi Dragons,5,"Muramatsu, Kaito",2B,70,0.981,108,194,6,32,,03105157
2023,Regular Season,Chunichi Dragons,5,"Muramatsu, Kaito",SS,30,0.962,31,69,4,18,,03105157
2023,Regular Season,Hokkaido Nippon-Ham Fighters,31,"Marvel, James",P,8,1.000,1,2,0,0,,03205157
2023,Regular Season,Yomiuri Giants,19,"Yamasaki, Iori",P,23,0.970,6,26,1,2,,03305153
2023,Climax Series - First Stage,Yokohama DeNA Baystars,99,"Soto, Neftali",1B,2,1.000,10,2,0,1,,03505136
2023,Regular Season,Yokohama DeNA Baystars,99,"Soto, Neftali",1B,103,0.996,737,72,3,66,,03505136
2023,Regular Season,Orix Buffaloes,52,"Yokoyama, Kaede",P,4,1.000,0,1,0,0,,03505155
2023,Regular Season,Yomiuri Giants,44,"Walker, Adam",OF,22,1.000,33,0,0,0,,03705155
2023,Regular Season,Yomiuri Giants,29,"Griffin, Foster",P,20,0.944,8,26,2,2,,03705157
2023,Japan Series,Hanshin Tigers,99,"Beasley, Jeremy",P,1,0.000,0,0,0,0,,03905157
2023,Regular Season,Hanshin Tigers,99,"Beasley, Jeremy",P,18,1.000,1,5,0,0,,03905157
2023,Regular Season,Yokohama DeNA Baystars,46,"Tanaka, Kenjiro",P,11,1.000,0,2,0,0,,11015116
2023,Regular Season,Tohoku Rakuten Golden Eagles,17,"Shiomi, Takahiro",P,1,1.000,1,1,0,1,,11015133
2023,Regular Season,Fukuoka Softbank Hawks,52,"Sunagawa, Richard",1B,3,1.000,14,0,0,0,,11015136
2023,Regular Season,Fukuoka Softbank Hawks,52,"Sunagawa, Richard",3B,17,0.946,9,26,2,6,,11015136
2023,Regular Season,Tohoku Rakuten Golden Eagles,8,"Tatsumi, Ryosuke",OF,130,0.997,347,2,1,0,,11015138
2023,Regular Season,Yokohama DeNA Baystars,20,"Sakamoto, Yuya",P,13,1.000,2,3,0,0,,11015151
2023,Regular Season,Chunichi Dragons,70,"Kondo, Ren",P,1,0.000,0,0,0,0,,11015153
2023,Regular Season,Yomiuri Giants,68,"Shiroki, Yamato",P,13,1.000,0,1,0,0,,11015155
2023,Regular Season,Tohoku Rakuten Golden Eagles,18,"Tanaka, Masahiro",P,24,1.000,6,22,0,4,,11215114
2023,Climax Series - First Stage,Fukuoka Softbank Hawks,7,"Nakamura, Akira",1B,3,1.000,22,4,0,3,,11215116
2023,Regular Season,Fukuoka Softbank Hawks,7,"Nakamura, Akira",1B,128,0.998,959,55,2,56,,11215116
2023,Regular Season,Fukuoka Softbank Hawks,7,"Nakamura, Akira",OF,12,1.000,19,0,0,0,,11215116
2023,Regular Season,Hokkaido Nippon-Ham Fighters,9,"Nakashima, Takuya",2B,3,1.000,1,3,0,0,,11215118
2023,Regular Season,Hokkaido Nippon-Ham Fighters,9,"Nakashima, Takuya",3B,1,0.000,0,0,0,0,,11215118
2023,Regular Season,Hokkaido Nippon-Ham Fighters,9,"Nakashima, Takuya",SS,9,1.000,14,17,0,4,,11215118
2023,Climax Series - First Stage,Fukuoka Softbank Hawks,45,"Tanigawara, Kenta",OF,3,1.000,3,0,0,0,,11215132
2023,Regular Season,Fukuoka Softbank Hawks,45,"Tanigawara, Kenta",C,20,1.000,47,6,0,0,0,11215132
2023,Regular Season,Fukuoka Softbank Hawks,45,"Tanigawara, Kenta",OF,31,1.000,9,0,0,0,,11215132
2023,Regular Season,Tohoku Rakuten Golden Eagles,25,"Tanaka, Kazuki",OF,81,1.000,40,2,0,1,,11215134
2023,Regular Season,Yomiuri Giants,54,"Naoe, Daisuke",P,16,1.000,0,1,0,0,,11215138
2023,Regular Season,Tokyo Yakult Swallows,19,"Ishikawa, Masanori",P,13,0.909,1,9,1,0,,11315115
2023,Regular Season,Yokohama DeNA Baystars,14,"Ishida, Kenta",P,23,0.962,6,19,1,0,,11315130
2023,Regular Season,Orix Buffaloes,65,"Urushihara, Taisei",P,16,1.000,1,6,0,0,,11315138
2023,Regular Season,Chiba Lotte Marines,44,"Inoue, Seiya",1B,22,0.988,153,12,2,16,,11315139
2023,Regular Season,Hokkaido Nippon-Ham Fighters,50,"Isobata, Ryota",OF,63,0.986,136,4,2,1,,11315153
2023,Climax Series - Final Stage,Hiroshima Toyo Carp,28,"Tokoda, Hiroki",P,1,0.000,0,0,0,0,,11415134
2023,Climax Series - First Stage,Hiroshima Toyo Carp,28,"Tokoda, Hiroki",P,1,1.000,0,1,0,0,,11415134
2023,Regular Season,Hiroshima Toyo Carp,28,"Tokoda, Hiroki",P,24,0.978,12,32,1,5,,11415134
2023,Regular Season,Fukuoka Softbank Hawks,55,"Nomura, Daiju",1B,14,1.000,74,9,0,7,,11415138
2023,Regular Season,Tohoku Rakuten Golden Eagles,52,"Tsurusaki, Taisei",P,7,1.000,0,1,0,1,,11415151
2023,Regular Season,Yomiuri Giants,25,"Okamoto, Kazuma",1B,75,0.998,469,26,1,37,,11515130
2023,Regular Season,Yomiuri Giants,25,"Okamoto, Kazuma",3B,84,0.971,51,118,5,8,,11515130
2023,Regular Season,Yomiuri Giants,25,"Okamoto, Kazuma",OF,9,1.000,7,0,0,0,,11515130
2023,Climax Series - Final Stage,Orix Buffaloes,10,"Ohshiro, Koji",2B,3,1.000,1,3,0,1,,11515132
2023,Japan Series,Orix Buffaloes,10,"Ohshiro, Koji",2B,2,1.000,1,1,0,0,,11515132
2023,Regular Season,Orix Buffaloes,10,"Ohshiro, Koji",2B,40,0.971,22,45,2,8,,11515132
2023,Regular Season,Orix Buffaloes,10,"Ohshiro, Koji",3B,12,0.833,2,3,1,0,,11515132
2023,Regular Season,Orix Buffaloes,10,"Ohshiro, Koji",SS,5,1.000,0,3,0,1,,11515132
2023,Regular Season,Chunichi Dragons,22,"Ohno, Yudai",P,1,1.000,1,0,0,0,,11515133
2023,Regular Season,Tokyo Yakult Swallows,29,"Ogawa, Yasuhiro",P,23,0.964,14,13,1,0,,11515137
2023,Climax Series - First Stage,Chiba Lotte Marines,14,"Ojima, Kazuya",P,1,0.000,0,0,0,0,,11515138
2023,Regular Season,Chiba Lotte Marines,14,"Ojima, Kazuya",P,25,1.000,7,28,0,8,,11515138
2023,Climax Series - Final Stage,Chiba Lotte Marines,25,"Oka, Hiromi",OF,3,1.000,13,0,0,0,,11515139
2023,Climax Series - First Stage,Chiba Lotte Marines,25,"Oka, Hiromi",OF,2,1.000,3,0,0,0,,11515139
2023,Regular Season,Chiba Lotte Marines,25,"Oka, Hiromi",OF,106,0.977,165,4,4,1,,11515139
2023,Regular Season,Hokkaido Nippon-Ham Fighters,65,"Umebayashi, Yuki",C,6,1.000,14,0,0,0,0,11515151
2023,Regular Season,Chunichi Dragons,67,"Ueda, Kotaro",P,13,1.000,1,4,0,0,,11515153
2023,Japan Series,Hanshin Tigers,64,"Okadome, Hidetaka",P,1,0.000,0,0,0,0,,11515155
2023,Regular Season,Hanshin Tigers,64,"Okadome, Hidetaka",P,8,1.000,0,1,0,0,,11515155
2023,Regular Season,Yomiuri Giants,35,"Kadowaki, Makoto",2B,12,0.978,23,21,1,4,,11515157
2023,Regular Season,Yomiuri Giants,35,"Kadowaki, Makoto",3B,48,0.981,31,73,2,8,,11515157
2023,Regular Season,Yomiuri Giants,35,"Kadowaki, Makoto",SS,65,0.991,86,138,2,37,,11515157
2023,Regular Season,Tokyo Yakult Swallows,53,"Hasegawa, Hiroki",P,1,0.000,0,0,0,0,,11615134
2023,Regular Season,Hokkaido Nippon-Ham Fighters,32,"Yachi, Ryota",1B,3,1.000,2,1,0,1,,11615137
2023,Regular Season,Hokkaido Nippon-Ham Fighters,32,"Yachi, Ryota",2B,24,0.986,38,33,1,10,,11615137
2023,Regular Season,Hokkaido Nippon-Ham Fighters,32,"Yachi, Ryota",3B,20,1.000,3,6,0,0,,11615137
2023,Regular Season,Hokkaido Nippon-Ham Fighters,32,"Yachi, Ryota",OF,1,0.000,0,0,0,0,,11615137
2023,Regular Season,Hokkaido Nippon-Ham Fighters,32,"Yachi, Ryota",SS,6,0.938,6,9,1,1,,11615137
2023,Regular Season,Hokkaido Nippon-Ham Fighters,40,"Fukuda, Suguru",P,29,0.750,0,3,1,0,,11615138
2023,Regular Season,Saitama Seibu Lions,52,"Yohkawa, Naomasa",1B,2,1.000,10,2,0,1,,11615139
2023,Regular Season,Saitama Seibu Lions,52,"Yohkawa, Naomasa",3B,5,1.000,2,4,0,0,,11615139
2023,Regular Season,Orix Buffaloes,004,"Hirano, Yamato",OF,4,0.000,0,0,0,0,,11615151
2023,Climax Series - First Stage,Fukuoka Softbank Hawks,99,"Nomura, Isami",3B,1,0.000,0,0,0,0,,11615155
2023,Regular Season,Fukuoka Softbank Hawks,99,"Nomura, Isami",2B,9,1.000,12,15,0,1,,11615155
2023,Regular Season,Fukuoka Softbank Hawks,99,"Nomura, Isami",3B,25,0.963,8,18,1,1,,11615155
2023,Regular Season,Fukuoka Softbank Hawks,99,"Nomura, Isami",OF,1,0.000,0,0,0,0,,11615155
2023,Regular Season,Fukuoka Softbank Hawks,99,"Nomura, Isami",SS,5,1.000,3,9,0,1,,11615155
2023,Climax Series - First Stage,Fukuoka Softbank Hawks,00,"Kawase, Hikaru",2B,1,1.000,1,0,0,0,,11715132
2023,Climax Series - First Stage,Fukuoka Softbank Hawks,00,"Kawase, Hikaru",3B,3,1.000,0,5,0,0,,11715132
2023,Regular Season,Fukuoka Softbank Hawks,00,"Kawase, Hikaru",1B,15,1.000,29,2,0,6,,11715132
2023,Regular Season,Fukuoka Softbank Hawks,00,"Kawase, Hikaru",2B,27,1.000,37,27,0,6,,11715132
2023,Regular Season,Fukuoka Softbank Hawks,00,"Kawase, Hikaru",3B,43,1.000,12,21,0,1,,11715132
2023,Regular Season,Fukuoka Softbank Hawks,00,"Kawase, Hikaru",SS,26,0.989,31,56,1,11,,11715132
2023,Regular Season,Chiba Lotte Marines,57,"Ogawa, Ryusei",2B,16,1.000,6,24,0,3,,11715153
2023,Regular Season,Chiba Lotte Marines,57,"Ogawa, Ryusei",3B,2,1.000,1,0,0,0,,11715153
2023,Regular Season,Chiba Lotte Marines,57,"Ogawa, Ryusei",OF,19,0.909,10,0,1,0,,11715153
2023,Climax Series - First Stage,Fukuoka Softbank Hawks,21,"Wada, Tsuyoshi",P,1,0.000,0,0,0,0,,11815117
2023,Regular Season,Fukuoka Softbank Hawks,21,"Wada, Tsuyoshi",P,21,0.944,3,14,1,2,,11815117
2023,Climax Series - Final Stage,Orix Buffaloes,6,"Mune, Yuma",3B,4,1.000,4,6,0,0,,11815130
2023,Japan Series,Orix Buffaloes,6,"Mune, Yuma",3B,7,0.933,5,9,1,0,,11815130
2023,Regular Season,Orix Buffaloes,6,"Mune, Yuma",3B,121,0.963,64,168,9,11,,11815130
2023,Regular Season,Tohoku Rakuten Golden Eagles,65,"Horiuchi, Kengo",C,3,1.000,3,1,0,0,0,11815132
2023,Regular Season,Tokyo Yakult Swallows,24,"Hoshi, Tomoya",P,47,1.000,4,4,0,1,,11815134
2023,Regular Season,Fukuoka Softbank Hawks,33,"Masuda, Shu",1B,1,1.000,6,1,0,1,,11815136
2023,Regular Season,Fukuoka Softbank Hawks,33,"Masuda, Shu",OF,19,0.969,30,1,1,1,,11815136
2023,Regular Season,Hokkaido Nippon-Ham Fighters,66,"Mannami, Chusei",1B,23,0.981,137,17,3,14,,11815138
2023,Regular Season,Hokkaido Nippon-Ham Fighters,66,"Mannami, Chusei",OF,117,0.983,226,5,4,2,,11815138
2023,Regular Season,Orix Buffaloes,32,"Fukunaga, Sho",C,3,0.800,4,0,1,0,0,11815155
2023,Regular Season,Chunichi Dragons,59,"Saitoh, Kohki",P,31,1.000,0,2,0,0,,11915130
2023,Regular Season,Hokkaido Nippon-Ham Fighters,67,"Saitoh, Koki",P,4,1.000,0,3,0,0,,11915130
2023,Climax Series - Final Stage,Hanshin Tigers,12,"Sakamoto, Seishiro",C,3,1.000,27,1,0,0,0,11915132
2023,Japan Series,Hanshin Tigers,12,"Sakamoto, Seishiro",C,7,1.000,44,2,0,0,0,11915132
2023,Regular Season,Hanshin Tigers,12,"Sakamoto, Seishiro",C,83,0.997,545,48,2,4,1,11915132
2023,Climax Series - Final Stage,Hiroshima Toyo Carp,31,"Sakakura, Shogo",C,2,1.000,8,0,0,0,0,11915134
2023,Climax Series - First Stage,Hiroshima Toyo Carp,31,"Sakakura, Shogo",C,1,1.000,4,1,0,0,0,11915134
2023,Regular Season,Hiroshima Toyo Carp,31,"Sakakura, Shogo",1B,7,1.000,41,4,0,4,,11915134
2023,Regular Season,Hiroshima Toyo Carp,31,"Sakakura, Shogo",C,113,0.996,722,80,3,8,3,11915134
2023,Regular Season,Chunichi Dragons,47,"Sunada, Yoshiki",P,18,1.000,1,0,0,0,,11915139
2023,Regular Season,Tokyo Yakult Swallows,20,"Kizawa, Naofumi",P,56,0.909,1,9,1,0,,11915153
2023,Climax Series - Final Stage,Orix Buffaloes,56,"Kogita, Atsuya",P,2,0.000,0,0,0,0,,11915155
2023,Japan Series,Orix Buffaloes,56,"Kogita, Atsuya",P,4,1.000,0,3,0,0,,11915155
2023,Regular Season,Orix Buffaloes,56,"Kogita, Atsuya",P,38,1.000,7,9,0,0,,11915155
2023,Climax Series - First Stage,Hiroshima Toyo Carp,68,"Turley, Nik",P,2,0.000,0,0,0,0,,13015155
2023,Regular Season,Hiroshima Toyo Carp,68,"Turley, Nik",P,44,1.000,2,10,0,0,,13015155
2023,Regular Season,Saitama Seibu Lions,10,"Payton, Mark",OF,55,0.971,101,0,3,0,,13015157
2023,Regular Season,Hokkaido Nippon-Ham Fighters,49,"Yamada, Haruka",1B,8,1.000,10,0,0,2,,13115130
2023,Regular Season,Hokkaido Nippon-Ham Fighters,49,"Yamada, Haruka",2B,8,0.950,8,11,1,3,,13115130
2023,Regular Season,Hokkaido Nippon-Ham Fighters,49,"Yamada, Haruka",3B,2,0.000,0,0,0,0,,13115130
2023,Regular Season,Hokkaido Nippon-Ham Fighters,49,"Yamada, Haruka",SS,13,0.893,12,13,3,6,,13115130
2023,Regular Season,Orix Buffaloes,36,"Yamaashi, Tatsuya",1B,25,1.000,48,7,0,2,,13115136
2023,Regular Season,Orix Buffaloes,36,"Yamaashi, Tatsuya",2B,3,1.000,2,7,0,1,,13115136
2023,Regular Season,Orix Buffaloes,36,"Yamaashi, Tatsuya",3B,1,1.000,1,0,0,0,,13115136
2023,Regular Season,Orix Buffaloes,36,"Yamaashi, Tatsuya",SS,1,1.000,2,2,0,0,,13115136
2023,Regular Season,Hokkaido Nippon-Ham Fighters,18,"Yoshida, Kosei",P,3,1.000,0,2,0,0,,13115138
2023,Regular Season,Chiba Lotte Marines,49,"Motomae, Fumiya",P,1,0.000,0,0,0,0,,13115151
2023,Climax Series - First Stage,Yokohama DeNA Baystars,2,"Maki, Shugo",2B,2,1.000,5,7,0,0,,13115153
2023,Regular Season,Yokohama DeNA Baystars,2,"Maki, Shugo",2B,143,0.988,336,406,9,92,,13115153
2023,Regular Season,Tohoku Rakuten Golden Eagles,45,"Matsui, Tomotaka",P,6,1.000,0,1,0,0,,13115155
2023,Regular Season,Hiroshima Toyo Carp,10,"McBroom, Ryan",1B,60,0.991,486,42,5,38,,13215155
2023,Regular Season,Chiba Lotte Marines,55,"Perdomo, Luis",P,53,1.000,5,12,0,0,,13215157
2023,Regular Season,Orix Buffaloes,66,"Yoshida, Ryo",P,19,1.000,2,1,0,1,,13315132
2023,Regular Season,Yomiuri Giants,37,"Wakabayashi, Akihiro",1B,3,1.000,5,0,0,0,,13315136
2023,Regular Season,Yomiuri Giants,37,"Wakabayashi, Akihiro",OF,12,1.000,8,0,0,0,,13315136
2023,Regular Season,Yomiuri Giants,37,"Wakabayashi, Akihiro",SS,1,1.000,1,1,0,0,,13315136
2023,Climax Series - Final Stage,Hanshin Tigers,41,"Murakami, Shoki",P,1,1.000,0,2,0,0,,13315153
2023,Japan Series,Hanshin Tigers,41,"Murakami, Shoki",P,2,1.000,0,3,0,0,,13315153
2023,Regular Season,Hanshin Tigers,41,"Murakami, Shoki",P,22,0.952,6,14,1,4,,13315153
2023,Regular Season,Tohoku Rakuten Golden Eagles,72,"Miyamori, Satoshi",P,24,1.000,2,5,0,0,,13315155
2023,Climax Series - First Stage,Fukuoka Softbank Hawks,54,"Osuna, Roberto",P,2,1.000,0,2,0,0,,13415155
2023,Regular Season,Fukuoka Softbank Hawks,54,"Osuna, Roberto",P,49,1.000,2,8,0,1,,13415155
2023,Climax Series - First Stage,Chiba Lotte Marines,72,"Brosseau, Michael",3B,1,1.000,0,1,0,0,,13415157
2023,Regular Season,Chiba Lotte Marines,72,"Brosseau, Michael",2B,1,1.000,2,1,0,0,,13415157
2023,Regular Season,Chiba Lotte Marines,72,"Brosseau, Michael",3B,35,0.929,13,52,5,4,,13415157
2023,Regular Season,Chunichi Dragons,66,"Viciedo, Dayan",1B,90,0.995,719,70,4,65,,13715132
2023,Climax Series - First Stage,Yokohama DeNA Baystars,49,"Wendelken, J.B.",P,1,0.000,0,0,0,0,,13715157
2023,Regular Season,Yokohama DeNA Baystars,49,"Wendelken, J.B.",P,61,0.947,6,12,1,1,,13715157
2023,Japan Series,Orix Buffaloes,40,"Cedeno, Leandro",1B,1,1.000,8,0,0,1,,13915157
2023,Regular Season,Orix Buffaloes,40,"Cedeno, Leandro",1B,4,1.000,24,0,0,4,,13915157
2023,Regular Season,Orix Buffaloes,21,"Takeyasu, Daichi",P,2,1.000,1,0,0,1,,21025132
2023,Regular Season,Chunichi Dragons,12,"Tajima, Shinji",P,32,1.000,1,8,0,0,,21025135
2023,Regular Season,Chunichi Dragons,51,"Takamatsu, Wataru",2B,1,0.000,0,0,0,0,,21025136
2023,Regular Season,Chunichi Dragons,51,"Takamatsu, Wataru",OF,4,1.000,3,0,0,0,,21025136
2023,Regular Season,Saitama Seibu Lions,34,"Takamatsu, Wataru",2B,1,0.000,0,0,0,0,,21025136
2023,Regular Season,Chunichi Dragons,24,"Fukutani, Koji",P,14,0.929,6,7,1,0,,21025137
2023,Regular Season,Saitama Seibu Lions,16,"Sumida, Chihiro",P,22,0.952,8,12,1,1,,21025155
2023,Regular Season,Hokkaido Nippon-Ham Fighters,38,"Ishii, Kazunari",2B,29,0.989,42,52,1,9,,21125134
2023,Regular Season,Hokkaido Nippon-Ham Fighters,38,"Ishii, Kazunari",3B,1,1.000,1,2,0,0,,21125134
2023,Regular Season,Hiroshima Toyo Carp,30,"Ichioka, Ryuji",P,1,0.000,0,0,0,0,,21125135
2023,Regular Season,Tokyo Yakult Swallows,12,"Ishiyama, Taichi",P,50,0.818,0,9,2,0,,21125137
2023,Regular Season,Tokyo Yakult Swallows,40,"Ichikawa, Yuta",P,4,0.667,1,3,2,0,,21125138
2023,Regular Season,Chiba Lotte Marines,00,"Ikeda, Raito",1B,22,0.988,154,13,2,12,,21125155
2023,Regular Season,Chiba Lotte Marines,00,"Ikeda, Raito",2B,5,1.000,6,7,0,1,,21125155
2023,Regular Season,Chiba Lotte Marines,00,"Ikeda, Raito",3B,7,1.000,1,10,0,1,,21125155
2023,Regular Season,Fukuoka Softbank Hawks,37,"Kai, Ikumi",OF,4,1.000,1,0,0,0,,21125157
2023,Regular Season,Yokohama DeNA Baystars,23,"Fujita, Kazuya",1B,1,1.000,3,0,0,0,,21225110
2023,Regular Season,Yokohama DeNA Baystars,23,"Fujita, Kazuya",3B,2,1.000,2,0,0,0,,21225110
2023,Regular Season,Yokohama DeNA Baystars,23,"Fujita, Kazuya",SS,1,0.000,0,0,0,0,,21225110
2023,Regular Season,Hiroshima Toyo Carp,49,"Tone, Chiaki",P,24,0.667,0,2,1,0,,21225130
2023,Climax Series - Final Stage,Chiba Lotte Marines,20,"Tojo, Taiki",P,2,0.000,0,0,0,0,,21225132
2023,Regular Season,Chiba Lotte Marines,20,"Tojo, Taiki",P,11,0.500,0,1,1,1,,21225132
2023,Regular Season,Tohoku Rakuten Golden Eagles,6,"Nishikawa, Haruki",OF,24,1.000,48,0,0,0,,21225133
2023,Regular Season,Yokohama DeNA Baystars,64,"Nakagawa, Koh",P,9,1.000,1,1,0,0,,21225136
2023,Regular Season,Chunichi Dragons,38,"Matsuba, Takahiro",P,11,1.000,4,13,0,3,,21225137
2023,Regular Season,Hokkaido Nippon-Ham Fighters,37,"Egoshi, Taiga",OF,88,0.993,137,4,1,0,,21325130
2023,Regular Season,Saitama Seibu Lions,39,"Wu, Nien-Ting",1B,14,0.982,48,7,1,6,,21325132
2023,Regular Season,Saitama Seibu Lions,39,"Wu, Nien-Ting",2B,1,0.000,0,0,0,0,,21325132
2023,Regular Season,Saitama Seibu Lions,39,"Wu, Nien-Ting",3B,21,1.000,14,19,0,0,,21325132
2023,Regular Season,Saitama Seibu Lions,39,"Wu, Nien-Ting",SS,1,1.000,1,0,0,0,,21325132
2023,Climax Series - Final Stage,Hanshin Tigers,3,"Ohyama, Yusuke",1B,3,0.960,24,0,1,2,,21325134
2023,Japan Series,Hanshin Tigers,3,"Ohyama, Yusuke",1B,7,0.969,61,2,2,6,,21325134
2023,Regular Season,Hanshin Tigers,3,"Ohyama, Yusuke",1B,143,0.994,1286,109,9,118,,21325134
2023,Regular Season,Tohoku Rakuten Golden Eagles,27,"Okajima, Takero",OF,107,0.990,197,5,2,2,,21325135
2023,Regular Season,Yomiuri Giants,24,"Ohshiro, Takumi",C,133,0.998,906,82,2,12,7,21325136
2023,Regular Season,Hiroshima Toyo Carp,59,"Ohmori, Minoru",OF,47,0.982,53,2,1,0,,21325138
2023,Regular Season,Hanshin Tigers,2,"Umeno, Ryutaro",C,71,0.996,445,24,2,1,1,21325139
2023,Regular Season,Hokkaido Nippon-Ham Fighters,61,"Imagawa, Yuma",OF,19,1.000,25,1,0,0,,21325153
2023,Regular Season,Yomiuri Giants,8,"Maru, Yoshihiro",OF,111,0.995,190,0,1,0,,21425116
2023,Regular Season,Hiroshima Toyo Carp,19,"Nomura, Yusuke",P,6,1.000,2,6,0,0,,21425135
2023,Regular Season,Fukuoka Softbank Hawks,50,"Bandoh, Yugo",P,30,1.000,5,8,0,0,,21425138
2023,Regular Season,Saitama Seibu Lions,3,"Yamakawa, Hotaka",1B,14,0.982,104,8,2,13,,21425139
2023,Regular Season,Chunichi Dragons,13,"Hashimoto, Yuki",P,13,1.000,1,2,0,0,,21425151
2023,Regular Season,Chiba Lotte Marines,19,"Karakawa, Yuki",P,6,1.000,2,0,0,0,,21525116
2023,Regular Season,Chiba Lotte Marines,99,"Kakinuma, Tomoya",C,17,0.982,99,9,2,1,0,21525132
2023,Regular Season,Yomiuri Giants,52,"Kitamura, Takumi",1B,1,1.000,1,0,0,0,,21525136
2023,Regular Season,Yomiuri Giants,52,"Kitamura, Takumi",2B,6,1.000,4,10,0,3,,21525136
2023,Regular Season,Yomiuri Giants,52,"Kitamura, Takumi",3B,9,1.000,4,3,0,0,,21525136
2023,Regular Season,Yomiuri Giants,52,"Kitamura, Takumi",P,1,0.000,0,0,0,0,,21525136
2023,Regular Season,Yomiuri Giants,52,"Kitamura, Takumi",SS,5,1.000,1,7,0,1,,21525136
2023,Regular Season,Chunichi Dragons,41,"Katsuno, Akiyoshi",P,50,1.000,3,9,0,1,,21525138
2023,Japan Series,Hanshin Tigers,54,"Kajiya, Ren",P,2,1.000,0,1,0,0,,21525139
2023,Regular Season,Hanshin Tigers,54,"Kajiya, Ren",P,51,1.000,1,7,0,1,,21525139
2023,Regular Season,Saitama Seibu Lions,59,"Omagari, Ren",P,10,1.000,0,1,0,0,,21525153
2023,Regular Season,Hiroshima Toyo Carp,36,"Horie, Atsuya",P,8,1.000,0,1,0,0,,21625130
2023,Climax Series - Final Stage,Orix Buffaloes,30,"Hirooka, Taishi",OF,1,1.000,3,1,0,0,,21625132
2023,Japan Series,Orix Buffaloes,30,"Hirooka, Taishi",1B,1,1.000,1,0,0,0,,21625132
2023,Japan Series,Orix Buffaloes,30,"Hirooka, Taishi",OF,4,1.000,10,0,0,0,,21625132
2023,Regular Season,Orix Buffaloes,30,"Hirooka, Taishi",1B,12,1.000,13,1,0,2,,21625132
2023,Regular Season,Orix Buffaloes,30,"Hirooka, Taishi",2B,2,1.000,4,7,0,0,,21625132
2023,Regular Season,Orix Buffaloes,30,"Hirooka, Taishi",3B,14,0.867,4,9,2,0,,21625132
2023,Regular Season,Orix Buffaloes,30,"Hirooka, Taishi",OF,19,0.963,25,1,1,0,,21625132
2023,Regular Season,Yomiuri Giants,32,"Hirooka, Taishi",1B,2,1.000,4,0,0,2,,21625132
2023,Regular Season,Yomiuri Giants,32,"Hirooka, Taishi",2B,6,1.000,9,12,0,6,,21625132
2023,Regular Season,Yomiuri Giants,32,"Hirooka, Taishi",3B,2,0.000,0,0,0,0,,21625132
2023,Regular Season,Yokohama DeNA Baystars,65,"Miyaguni, Ryosuke",P,2,1.000,1,0,0,0,,21625133
2023,Regular Season,Chunichi Dragons,54,"Fujishima, Kento",P,56,1.000,1,4,0,0,,21625134
2023,Regular Season,Hokkaido Nippon-Ham Fighters,7,"Matsumoto, Go",OF,122,0.996,254,6,1,0,,21625135
2023,Regular Season,Yomiuri Giants,91,"Hotta, Kenshin",P,3,1.000,0,2,0,0,,21625151
2023,Regular Season,Chunichi Dragons,97,"Higuchi, Seishu",2B,1,1.000,1,1,0,0,,21625157
2023,Regular Season,Chunichi Dragons,97,"Higuchi, Seishu",OF,1,1.000,1,0,0,0,,21625157
2023,Regular Season,Hanshin Tigers,56,"Kobayashi, Keisuke",P,1,0.000,0,0,0,0,,21725134
2023,Regular Season,Tokyo Yakult Swallows,69,"Konno, Ryuta",P,26,1.000,2,4,0,0,,21725139
2023,Japan Series,Orix Buffaloes,11,"Yamasaki, Sachiya",P,1,0.500,0,1,1,0,,21825130
2023,Regular Season,Orix Buffaloes,11,"Yamasaki, Sachiya",P,23,0.970,12,20,1,3,,21825130
2023,Regular Season,Yomiuri Giants,59,"Matsubara, Seiya",OF,16,1.000,4,0,0,0,,21825134
2023,Regular Season,Saitama Seibu Lions,4,"Yamanobe, Kakeru",2B,1,0.500,1,0,1,0,,21825138
2023,Regular Season,Saitama Seibu Lions,4,"Yamanobe, Kakeru",3B,11,1.000,5,5,0,0,,21825138
2023,Regular Season,Saitama Seibu Lions,4,"Yamanobe, Kakeru",OF,5,1.000,3,0,0,0,,21825138
2023,Regular Season,Yomiuri Giants,11,"Heinai, Ryuta",P,11,1.000,0,2,0,0,,21825153
2023,Regular Season,Hanshin Tigers,58,"Maegawa, Ukyo",OF,22,1.000,32,1,0,0,,21825155
2023,Regular Season,Yomiuri Giants,43,"Shigenobu, Shinnosuke",OF,49,1.000,30,0,0,0,,21925132
2023,Climax Series - First Stage,Fukuoka Softbank Hawks,23,"Shuto, Ukyo",OF,2,1.000,5,1,0,0,,21925136
2023,Regular Season,Fukuoka Softbank Hawks,23,"Shuto, Ukyo",2B,5,1.000,15,13,0,3,,21925136
2023,Regular Season,Fukuoka Softbank Hawks,23,"Shuto, Ukyo",3B,14,0.952,7,13,1,1,,21925136
2023,Regular Season,Fukuoka Softbank Hawks,23,"Shuto, Ukyo",OF,94,1.000,136,5,0,1,,21925136
2023,Regular Season,Tokyo Yakult Swallows,14,"Takanashi, Hirotoshi",P,15,1.000,0,5,0,1,,21925139
2023,Regular Season,Chunichi Dragons,44,"Gunji, Yuya",C,1,0.000,0,0,0,0,0,21925151
2023,Regular Season,Hokkaido Nippon-Ham Fighters,30,"Gunji, Yuya",1B,15,0.992,114,7,1,8,,21925151
2023,Regular Season,Hokkaido Nippon-Ham Fighters,30,"Gunji, Yuya",2B,1,1.000,0,2,0,0,,21925151
2023,Regular Season,Hokkaido Nippon-Ham Fighters,30,"Gunji, Yuya",C,9,1.000,34,4,0,0,0,21925151
2023,Regular Season,Hokkaido Nippon-Ham Fighters,30,"Gunji, Yuya",OF,5,1.000,4,0,0,0,,21925151
2023,Regular Season,Tohoku Rakuten Golden Eagles,19,"Shoji, Kosei",P,19,1.000,5,12,0,1,,21925157
2023,Regular Season,Yomiuri Giants,99,"Lopez, Yoan",P,8,1.000,0,4,0,0,,23025157
2023,Climax Series - First Stage,Yokohama DeNA Baystars,50,"Yamamoto, Yuudai",C,2,1.000,12,4,0,0,0,23125136
2023,Regular Season,Yokohama DeNA Baystars,50,"Yamamoto, Yuudai",1B,1,0.000,0,0,0,0,,23125136
2023,Regular Season,Yokohama DeNA Baystars,50,"Yamamoto, Yuudai",C,67,0.991,411,36,4,8,1,23125136
2023,Regular Season,Chiba Lotte Marines,60,"Yokoyama, Rikuto",P,38,1.000,1,7,0,0,,23125151
2023,Regular Season,Saitama Seibu Lions,70,"Mameda, Taishi",P,16,1.000,0,3,0,0,,23125153
2023,Regular Season,Yomiuri Giants,49,"Baldonado, Alberto",P,21,0.800,1,3,1,0,,23225157
2023,Regular Season,Chiba Lotte Marines,33,"Yagi, Akira",P,3,0.000,0,0,0,0,,23325155
2023,Regular Season,Hokkaido Nippon-Ham Fighters,99,"Wang, Po-Jung",1B,1,1.000,0,1,0,0,,23525138
2023,Regular Season,Hokkaido Nippon-Ham Fighters,99,"Wang, Po-Jung",OF,1,0.000,0,0,0,0,,23525138
2023,Regular Season,Tokyo Yakult Swallows,13,"Osuna, Jose",1B,134,0.996,1161,67,5,97,,23525153
2023,Regular Season,Tohoku Rakuten Golden Eagles,31,"Watanabe, Shota",P,51,0.833,0,10,2,0,,23525157
2023,Regular Season,Saitama Seibu Lions,75,"Enns, Dietrich",P,12,0.842,2,14,3,0,,23725155
2023,Regular Season,Chunichi Dragons,92,"Martinez, Raidel",P,48,1.000,2,12,0,0,,23925134
2023,Regular Season,Tokyo Yakult Swallows,63,"Peters, Dillon",P,18,1.000,5,24,0,1,,23925157
2023,Regular Season,Chunichi Dragons,14,"Tanimoto, Keisuke",P,7,1.000,0,2,0,0,,31035118
2023,Regular Season,Saitama Seibu Lions,46,"Suzuki, Shohei",OF,65,0.991,113,2,1,0,,31035134
2023,Regular Season,Yomiuri Giants,57,"Takagi, Kyosuke",P,1,1.000,1,2,0,0,,31035135
2023,Regular Season,Saitama Seibu Lions,61,"Taira, Kaima",P,23,0.920,5,18,2,1,,31035136
2023,Climax Series - First Stage,Chiba Lotte Marines,17,"Sasaki, Roki",P,1,1.000,1,0,0,0,,31035151
2023,Regular Season,Chiba Lotte Marines,17,"Sasaki, Roki",P,15,0.800,4,4,2,0,,31035151
2023,Regular Season,Chiba Lotte Marines,34,"Takano, Shuta",P,7,0.500,0,1,1,1,,31035157
2023,Climax Series - Final Stage,Hiroshima Toyo Carp,27,"Aizawa, Tsubasa",C,2,1.000,7,1,0,0,0,31135114
2023,Climax Series - First Stage,Hiroshima Toyo Carp,27,"Aizawa, Tsubasa",C,1,1.000,5,0,0,0,0,31135114
2023,Regular Season,Hiroshima Toyo Carp,27,"Aizawa, Tsubasa",C,42,1.000,245,15,0,1,0,31135114
2023,Regular Season,Tokyo Yakult Swallows,23,"Aoki, Norichika",OF,56,1.000,75,1,0,0,,31135119
2023,Regular Season,Hokkaido Nippon-Ham Fighters,8,"Asama, Daiki",1B,1,1.000,8,0,0,1,,31135130
2023,Regular Season,Hokkaido Nippon-Ham Fighters,8,"Asama, Daiki",OF,10,1.000,17,0,0,0,,31135130
2023,Climax Series - Final Stage,Hiroshima Toyo Carp,9,"Akiyama, Shogo",OF,2,1.000,10,0,0,0,,31135133
2023,Climax Series - First Stage,Hiroshima Toyo Carp,9,"Akiyama, Shogo",OF,2,1.000,3,0,0,0,,31135133
2023,Regular Season,Hiroshima Toyo Carp,9,"Akiyama, Shogo",OF,114,0.984,243,7,4,1,,31135133
2023,Climax Series - Final Stage,Hiroshima Toyo Carp,48,"Aduwa, Makoto",P,1,0.000,0,0,0,0,,31135134
2023,Regular Season,Hiroshima Toyo Carp,48,"Aduwa, Makoto",P,14,1.000,2,2,0,0,,31135134
2023,Japan Series,Orix Buffaloes,3,"Adachi, Ryoichi",2B,3,0.833,3,2,1,0,,31135135
2023,Regular Season,Orix Buffaloes,3,"Adachi, Ryoichi",1B,1,0.000,0,0,0,0,,31135135
2023,Regular Season,Orix Buffaloes,3,"Adachi, Ryoichi",2B,21,0.988,38,45,1,10,,31135135
2023,Regular Season,Orix Buffaloes,3,"Adachi, Ryoichi",SS,1,1.000,0,2,0,0,,31135135
2023,Climax Series - Final Stage,Chiba Lotte Marines,24,"Azuma, Yusuke",P,3,1.000,1,2,0,0,,31135138
2023,Climax Series - First Stage,Chiba Lotte Marines,24,"Azuma, Yusuke",P,1,0.000,0,0,0,0,,31135138
2023,Regular Season,Chiba Lotte Marines,24,"Azuma, Yusuke",P,36,1.000,4,7,0,1,,31135138
2023,Climax Series - Final Stage,Hiroshima Toyo Carp,21,"Nakazaki, Shota",P,1,0.000,0,0,0,0,,31235133
2023,Climax Series - First Stage,Hiroshima Toyo Carp,21,"Nakazaki, Shota",P,1,1.000,0,1,0,0,,31235133
2023,Regular Season,Hiroshima Toyo Carp,21,"Nakazaki, Shota",P,35,1.000,2,3,0,0,,31235133
2023,Regular Season,Hokkaido Nippon-Ham Fighters,26,"Tanaka, Seigi",P,47,0.900,5,4,1,0,,31235134
2023,Regular Season,Tohoku Rakuten Golden Eagles,57,"Takinaka, Ryota",P,8,1.000,1,8,0,0,,31235151
2023,Climax Series - First Stage,Fukuoka Softbank Hawks,6,"Imamiya, Kenta",SS,3,1.000,7,10,0,4,,31335131
2023,Regular Season,Fukuoka Softbank Hawks,6,"Imamiya, Kenta",SS,125,0.980,186,297,10,50,,31335131
2023,Regular Season,Hokkaido Nippon-Ham Fighters,29,"Iguchi, Kazutomo",P,5,0.000,0,0,0,0,,31335132
2023,Regular Season,Saitama Seibu Lions,48,"Imai, Tatsuya",P,19,0.950,3,16,1,1,,31335134
2023,Regular Season,Yomiuri Giants,26,"Imamura, Nobutaka",P,24,1.000,2,7,0,0,,31335135
2023,Climax Series - Final Stage,Hiroshima Toyo Carp,0,"Uemoto, Takashi",3B,2,1.000,1,3,0,0,,31335137
2023,Regular Season,Hiroshima Toyo Carp,0,"Uemoto, Takashi",2B,11,0.981,23,30,1,6,,31335137
2023,Regular Season,Hiroshima Toyo Carp,0,"Uemoto, Takashi",3B,21,0.892,12,21,4,0,,31335137
2023,Regular Season,Hiroshima Toyo Carp,0,"Uemoto, Takashi",OF,23,1.000,36,1,0,0,,31335137
2023,Regular Season,Hiroshima Toyo Carp,0,"Uemoto, Takashi",SS,31,0.973,44,66,3,13,,31335137
2023,Climax Series - Final Stage,Hanshin Tigers,13,"Iwazaki, Suguru",P,3,0.000,0,0,0,0,,31335139
2023,Japan Series,Hanshin Tigers,13,"Iwazaki, Suguru",P,3,0.000,0,0,0,0,,31335139
2023,Regular Season,Hanshin Tigers,13,"Iwazaki, Suguru",P,60,0.818,1,8,2,0,,31335139
2023,Regular Season,Hanshin Tigers,32,"Inoue, Kouta",OF,11,1.000,19,0,0,0,,31335151
2023,Regular Season,Hokkaido Nippon-Ham Fighters,5,"Nomura, Yuki",1B,50,0.994,301,28,2,34,,31435138
2023,Regular Season,Hokkaido Nippon-Ham Fighters,5,"Nomura, Yuki",2B,2,1.000,0,1,0,0,,31435138
2023,Regular Season,Hokkaido Nippon-Ham Fighters,5,"Nomura, Yuki",3B,34,0.972,27,43,2,5,,31435138
2023,Regular Season,Hokkaido Nippon-Ham Fighters,5,"Nomura, Yuki",OF,21,1.000,29,1,0,0,,31435138
2023,Regular Season,Yomiuri Giants,053,"Mikami, Tomoya",P,22,1.000,0,2,0,0,,31435139
2023,Regular Season,Hokkaido Nippon-Ham Fighters,58,"Narama, Taiki",2B,21,0.985,28,39,1,8,,31435157
2023,Regular Season,Hokkaido Nippon-Ham Fighters,58,"Narama, Taiki",3B,5,1.000,2,2,0,0,,31435157
2023,Regular Season,Hokkaido Nippon-Ham Fighters,58,"Narama, Taiki",SS,44,0.970,65,95,5,21,,31435157
2023,Climax Series - Final Stage,Orix Buffaloes,50,"Oda, Yuya",OF,4,0.000,0,0,0,0,,31535130
2023,Japan Series,Orix Buffaloes,50,"Oda, Yuya",OF,4,0.000,0,0,0,0,,31535130
2023,Regular Season,Orix Buffaloes,50,"Oda, Yuya",OF,72,1.000,44,1,0,0,,31535130
2023,Regular Season,Saitama Seibu Lions,53,"Takeda, Aito",OF,71,0.993,134,5,1,1,,31535132
2023,Regular Season,Yokohama DeNA Baystars,47,"Kasahara, Shotaro",P,2,1.000,0,3,0,0,,31535134
2023,Japan Series,Hanshin Tigers,38,"Obata, Ryuhei",SS,1,0.000,0,0,1,0,,31535138
2023,Regular Season,Hanshin Tigers,38,"Obata, Ryuhei",SS,34,0.966,47,68,4,13,,31535138
2023,Climax Series - Final Stage,Orix Buffaloes,96,"Udagawa, Yuki",P,2,1.000,1,1,0,0,,31535153
2023,Japan Series,Orix Buffaloes,96,"Udagawa, Yuki",P,5,1.000,0,1,0,0,,31535153
2023,Regular Season,Orix Buffaloes,96,"Udagawa, Yuki",P,46,0.600,0,3,2,0,,31535153
2023,Regular Season,Chunichi Dragons,20,"Wakui, Hideaki",P,21,1.000,7,14,0,1,,31635110
2023,Regular Season,Chunichi Dragons,55,"Fukuda, Nobumasa",1B,10,1.000,39,2,0,4,,31635114
2023,Climax Series - Final Stage,Chiba Lotte Marines,1,"Fujiwara, Kyota",OF,2,1.000,5,0,0,0,,31635138
2023,Climax Series - First Stage,Chiba Lotte Marines,1,"Fujiwara, Kyota",OF,3,1.000,5,0,0,0,,31635138
2023,Regular Season,Chiba Lotte Marines,1,"Fujiwara, Kyota",OF,102,0.991,208,3,2,1,,31635138
2023,Climax Series - Final Stage,Chiba Lotte Marines,56,"Nakamori, Shunsuke",P,2,0.000,0,0,0,0,,31635153
2023,Climax Series - First Stage,Chiba Lotte Marines,56,"Nakamori, Shunsuke",P,1,0.000,0,0,0,0,,31635153
2023,Regular Season,Chiba Lotte Marines,56,"Nakamori, Shunsuke",P,13,1.000,0,5,0,1,,31635153
2023,Regular Season,Hokkaido Nippon-Ham Fighters,53,"Hasegawa, Takehiro",P,9,1.000,2,1,0,0,,31635155
2023,Regular Season,Tokyo Yakult Swallows,5,"Kawabata, Shingo",1B,2,0.929,12,1,1,1,,31735112
2023,Regular Season,Chunichi Dragons,35,"Kinoshita, Takuya",C,87,0.999,628,51,1,9,1,31735132
2023,Regular Season,Yomiuri Giants,46,"Kuwahara, Takuya",P,5,1.000,0,2,0,0,,31735136
2023,Climax Series - Final Stage,Hanshin Tigers,0,"Kinami, Seiya",SS,3,1.000,8,7,0,0,,31735138
2023,Japan Series,Hanshin Tigers,0,"Kinami, Seiya",SS,7,1.000,12,18,0,6,,31735138
2023,Regular Season,Hanshin Tigers,0,"Kinami, Seiya",SS,126,0.982,189,349,10,87,,31735138
2023,Regular Season,Chiba Lotte Marines,50,"Onuma, Kenta",P,4,0.000,0,0,0,0,,31735153
2023,Regular Season,Yomiuri Giants,96,"Kikuchi, Taiki",P,50,1.000,0,5,0,0,,31735155
2023,Regular Season,Saitama Seibu Lions,45,"Honda, Keisuke",P,25,1.000,0,5,0,0,,31835132
2023,Climax Series - First Stage,Fukuoka Softbank Hawks,9,"Yanagita, Yuki",OF,1,0.000,0,0,0,0,,31835133
2023,Regular Season,Fukuoka Softbank Hawks,9,"Yanagita, Yuki",OF,76,0.992,121,7,1,2,,31835133
2023,Regular Season,Chunichi Dragons,0,"Hosokawa, Seiya",1B,28,0.988,220,21,3,21,,31835134
2023,Regular Season,Chunichi Dragons,0,"Hosokawa, Seiya",OF,116,0.995,178,3,1,0,,31835134
2023,Regular Season,Tohoku Rakuten Golden Eagles,21,"Hayakawa, Takahisa",P,17,1.000,6,14,0,0,,31835153
2023,Regular Season,Yomiuri Giants,58,"Funabasama, Hiromasa",P,36,1.000,1,2,0,0,,31835157
2023,Climax Series - Final Stage,Hiroshima Toyo Carp,43,"Shimauchi, Sotaro",P,2,0.000,0,0,0,0,,31935138
2023,Climax Series - First Stage,Hiroshima Toyo Carp,43,"Shimauchi, Sotaro",P,2,0.000,0,0,0,0,,31935138
2023,Regular Season,Hiroshima Toyo Carp,43,"Shimauchi, Sotaro",P,62,1.000,1,6,0,0,,31935138
2023,Climax Series - First Stage,Yokohama DeNA Baystars,63,"Sekine, Taiki",OF,2,1.000,3,0,0,0,,31935139
2023,Regular Season,Yokohama DeNA Baystars,63,"Sekine, Taiki",OF,137,0.991,222,4,2,2,,31935139
2023,Regular Season,Yomiuri Giants,60,"Kikuta, Hirokazu",3B,3,0.000,0,0,1,0,,31935151
2023,Regular Season,Tokyo Yakult Swallows,31,"Yamasaki, Kotaro",OF,58,0.988,81,1,1,0,,33135132
2023,Climax Series - First Stage,Fukuoka Softbank Hawks,13,"Mimori, Masaki",2B,3,0.941,8,8,1,2,,33135134
2023,Regular Season,Fukuoka Softbank Hawks,13,"Mimori, Masaki",1B,2,1.000,3,0,0,0,,33135134
2023,Regular Season,Fukuoka Softbank Hawks,13,"Mimori, Masaki",2B,91,0.987,174,208,5,42,,33135134
2023,Regular Season,Yokohama DeNA Baystars,6,"Mori, Keito",SS,4,0.875,4,10,2,1,,33135151
2023,Regular Season,Yokohama DeNA Baystars,96,"Bauer, Trevor",P,19,0.944,14,20,2,1,,33235157
2023,Climax Series - Final Stage,Orix Buffaloes,63,"Yamazaki, Soichiro",P,2,0.000,0,0,0,0,,33335134
2023,Japan Series,Orix Buffaloes,63,"Yamazaki, Soichiro",P,3,0.000,0,0,0,0,,33335134
2023,Regular Season,Orix Buffaloes,63,"Yamazaki, Soichiro",P,53,1.000,3,6,0,0,,33335134
2023,Climax Series - Final Stage,Chiba Lotte Marines,63,"Wada, Koshiro",OF,1,1.000,1,0,0,0,,33335136
2023,Regular Season,Chiba Lotte Marines,63,"Wada, Koshiro",OF,74,1.000,88,1,0,0,,33335136
2023,Regular Season,Tokyo Yakult Swallows,6,"Motoyama, Hiyu",2B,16,1.000,17,28,0,7,,33335153
2023,Regular Season,Tokyo Yakult Swallows,6,"Motoyama, Hiyu",3B,5,1.000,1,1,0,0,,33335153
2023,Regular Season,Tokyo Yakult Swallows,6,"Motoyama, Hiyu",SS,2,1.000,0,1,0,0,,33335153
2023,Climax Series - First Stage,Fukuoka Softbank Hawks,61,"Hernandez, Darwinzon",P,2,0.000,0,0,0,0,,33435157
2023,Regular Season,Fukuoka Softbank Hawks,61,"Hernandez, Darwinzon",P,1,0.000,0,0,0,0,,33435157
2023,Regular Season,Chiba Lotte Marines,61,"Yamamoto, Daito",OF,2,1.000,1,0,0,0,,33535153
2023,Regular Season,Tokyo Yakult Swallows,54,"Sneed, Cy",P,23,0.889,7,17,3,1,,33735153
2023,Regular Season,Tokyo Yakult Swallows,99,"Espinal, Raynel",P,3,1.000,0,1,0,0,,33735157
2023,Climax Series - Final Stage,Chiba Lotte Marines,42,"Mercedes, Cristopher Crisostomo",P,1,1.000,0,1,0,0,,33935134
2023,Regular Season,Chiba Lotte Marines,42,"Mercedes, Cristopher Crisostomo",P,22,0.971,5,28,1,1,,33935134
2023,Regular Season,Saitama Seibu Lions,54,"Tinoco, Jesus",P,38,1.000,1,3,0,0,,33935157
2023,Climax Series - Final Stage,Orix Buffaloes,29,"Tajima, Daiki",P,1,1.000,0,2,0,1,,41045136
2023,Japan Series,Orix Buffaloes,29,"Tajima, Daiki",P,1,0.500,0,1,1,0,,41045136
2023,Regular Season,Orix Buffaloes,29,"Tajima, Daiki",P,13,1.000,5,11,0,0,,41045136
2023,Regular Season,Yomiuri Giants,20,"Togo, Shosei",P,24,0.960,10,14,1,1,,41045138
2023,Climax Series - Final Stage,Hanshin Tigers,8,"Sato, Teruaki",3B,3,1.000,1,3,0,1,,41045153
2023,Japan Series,Hanshin Tigers,8,"Sato, Teruaki",3B,7,0.929,8,5,1,0,,41045153
2023,Regular Season,Hanshin Tigers,8,"Sato, Teruaki",3B,129,0.938,89,213,20,15,,41045153
2023,Regular Season,Chunichi Dragons,32,"Ishigaki, Masami",2B,15,1.000,16,17,0,5,,41145134
2023,Regular Season,Chunichi Dragons,32,"Ishigaki, Masami",3B,1,0.000,0,0,0,0,,41145134
2023,Regular Season,Chunichi Dragons,32,"Ishigaki, Masami",SS,3,1.000,3,8,0,3,,41145134
2023,Regular Season,Tohoku Rakuten Golden Eagles,39,"Itoh, Yukiya",1B,38,0.996,253,16,1,21,,41145138
2023,Regular Season,Tohoku Rakuten Golden Eagles,39,"Itoh, Yukiya",2B,4,1.000,0,2,0,0,,41145138
2023,Regular Season,Tohoku Rakuten Golden Eagles,39,"Itoh, Yukiya",3B,38,0.906,10,38,5,3,,41145138
2023,Regular Season,Tohoku Rakuten Golden Eagles,39,"Itoh, Yukiya",SS,2,1.000,0,4,0,0,,41145138
2023,Climax Series - First Stage,Yokohama DeNA Baystars,13,"Ise, Hiromu",P,2,1.000,1,1,0,0,,41145151
2023,Regular Season,Yokohama DeNA Baystars,13,"Ise, Hiromu",P,58,1.000,5,8,0,0,,41145151
2023,Climax Series - Final Stage,Hanshin Tigers,69,"Ishii, Daichi",P,3,0.000,0,0,0,0,,41145153
2023,Japan Series,Hanshin Tigers,69,"Ishii, Daichi",P,3,0.000,0,0,0,0,,41145153
2023,Regular Season,Hanshin Tigers,69,"Ishii, Daichi",P,44,1.000,1,3,0,0,,41145153
2023,Japan Series,Orix Buffaloes,39,"Ikeda, Ryoma",OF,1,1.000,1,1,0,0,,41145155
2023,Regular Season,Orix Buffaloes,39,"Ikeda, Ryoma",OF,12,0.909,9,1,1,0,,41145155
2023,Regular Season,Saitama Seibu Lions,5,"Tonosaki, Shuta",2B,135,0.981,275,409,13,81,,41245130
2023,Regular Season,Yokohama DeNA Baystars,10,"Tobashira, Yasutaka",C,57,0.998,369,48,1,5,3,41245132
2023,Regular Season,Tokyo Yakult Swallows,30,"Nishida, Akihisa",1B,2,1.000,3,1,0,0,,41245133
2023,Regular Season,Tokyo Yakult Swallows,30,"Nishida, Akihisa",C,1,1.000,3,0,0,0,0,41245133
2023,Regular Season,Saitama Seibu Lions,47,"Cho, Yaku",P,5,0.000,0,0,0,0,,41245134
2023,Regular Season,Yokohama DeNA Baystars,17,"Mishima, Kazuki",P,27,1.000,0,9,0,0,,41245137
2023,Regular Season,Hokkaido Nippon-Ham Fighters,13,"Nabatame, Tsubasa",P,5,1.000,2,2,0,1,,41245138
2023,Regular Season,Fukuoka Softbank Hawks,63,"Furukawa, Yuri",P,9,1.000,0,4,0,0,,41245139
2023,Regular Season,Hiroshima Toyo Carp,65,"Tamamura, Shogo",P,9,1.000,4,7,0,0,,41245151
2023,Regular Season,Chunichi Dragons,31,"Nakachi, Reia",P,9,1.000,3,7,0,1,,41245157
2023,Climax Series - First Stage,Yokohama DeNA Baystars,0,"Ohta, Taishi",OF,2,1.000,3,0,0,0,,41345118
2023,Regular Season,Yokohama DeNA Baystars,0,"Ohta, Taishi",OF,39,0.984,61,0,1,0,,41345118
2023,Regular Season,Hokkaido Nippon-Ham Fighters,20,"Uehara, Kenta",P,19,1.000,10,19,0,2,,41345132
2023,Climax Series - Final Stage,Hanshin Tigers,49,"Ohtake, Koutaro",P,1,1.000,0,2,0,0,,41345136
2023,Japan Series,Hanshin Tigers,49,"Ohtake, Koutaro",P,1,1.000,0,1,0,0,,41345136
2023,Regular Season,Hanshin Tigers,49,"Ohtake, Koutaro",P,21,1.000,10,29,0,2,,41345136
2023,Regular Season,Hokkaido Nippon-Ham Fighters,25,"Miyanishi, Naoki",P,31,1.000,0,5,0,0,,41445116
2023,Regular Season,Tohoku Rakuten Golden Eagles,62,"Nishiguchi, Naoto",P,26,1.000,0,6,0,0,,41445134
2023,Regular Season,Hanshin Tigers,18,"Baba, Kosuke",P,19,1.000,1,1,0,0,,41445136
2023,Climax Series - Final Stage,Hanshin Tigers,51,"Nakano, Takumu",2B,3,1.000,9,6,0,1,,41445153
2023,Japan Series,Hanshin Tigers,51,"Nakano, Takumu",2B,7,0.971,16,18,1,3,,41445153
2023,Regular Season,Hanshin Tigers,51,"Nakano, Takumu",2B,143,0.988,303,467,9,102,,41445153
2023,Climax Series - Final Stage,Chiba Lotte Marines,3,"Kakunaka, Katsuya",OF,2,1.000,6,0,0,0,,41545114
2023,Climax Series - First Stage,Chiba Lotte Marines,3,"Kakunaka, Katsuya",OF,2,1.000,4,0,0,0,,41545114
2023,Regular Season,Chiba Lotte Marines,3,"Kakunaka, Katsuya",OF,56,0.971,67,0,2,0,,41545114
2023,Regular Season,Chunichi Dragons,69,"Katoh, Takuma",C,10,1.000,27,4,0,0,0,41545130
2023,Regular Season,Hokkaido Nippon-Ham Fighters,14,"Katoh, Takayuki",P,24,0.972,9,26,1,1,,41545132
2023,Regular Season,Hokkaido Nippon-Ham Fighters,21,"Kiyomiya, Kotaro",1B,18,1.000,98,8,0,6,,41545136
2023,Regular Season,Hokkaido Nippon-Ham Fighters,21,"Kiyomiya, Kotaro",3B,88,0.943,76,138,13,12,,41545136
2023,Regular Season,Tokyo Yakult Swallows,44,"Ohnishi, Hiroki",P,46,1.000,0,7,0,0,,41545151
2023,Climax Series - Final Stage,Hiroshima Toyo Carp,12,"Ohmichi, Haruki",P,1,0.000,0,0,0,0,,41545153
2023,Climax Series - First Stage,Hiroshima Toyo Carp,12,"Ohmichi, Haruki",P,2,0.000,0,0,0,0,,41545153
2023,Regular Season,Hiroshima Toyo Carp,12,"Ohmichi, Haruki",P,48,1.000,0,7,0,1,,41545153
2023,Regular Season,Chunichi Dragons,34,"Fuku, Hiroto",P,29,1.000,0,2,0,0,,41645132
2023,Climax Series - Final Stage,Chiba Lotte Marines,4,"Fujioka, Yudai",SS,4,1.000,2,9,0,0,,41645136
2023,Climax Series - First Stage,Chiba Lotte Marines,4,"Fujioka, Yudai",SS,3,1.000,2,5,0,0,,41645136
2023,Regular Season,Chiba Lotte Marines,4,"Fujioka, Yudai",SS,88,0.984,138,231,6,58,,41645136
2023,Climax Series - Final Stage,Orix Buffaloes,2,"Wakatsuki, Kenya",C,3,1.000,22,2,0,0,0,41645139
2023,Japan Series,Orix Buffaloes,2,"Wakatsuki, Kenya",C,4,1.000,37,5,0,2,0,41645139
2023,Regular Season,Orix Buffaloes,2,"Wakatsuki, Kenya",C,92,0.997,657,54,2,3,1,41645139
2023,Regular Season,Orix Buffaloes,43,"Mae, Yuito",P,2,0.000,0,0,0,0,,41645151
2023,Regular Season,Hokkaido Nippon-Ham Fighters,59,"Nemoto, Haruka",P,5,1.000,0,2,0,0,,41645153
2023,Regular Season,Chiba Lotte Marines,30,"Hirohata, Atsuya",P,8,1.000,0,4,0,0,,41645155
2023,Regular Season,Hokkaido Nippon-Ham Fighters,36,"Kimura, Fumikazu",OF,1,0.000,0,0,0,0,,41745114
2023,Japan Series,Hanshin Tigers,35,"Saiki, Hiroto",P,1,0.000,0,0,0,0,,41745134
2023,Regular Season,Hanshin Tigers,35,"Saiki, Hiroto",P,19,0.947,8,10,1,0,,41745134
2023,Climax Series - First Stage,Fukuoka Softbank Hawks,3,"Kondoh, Kensuke",OF,3,1.000,3,0,0,0,,41745135
2023,Regular Season,Fukuoka Softbank Hawks,3,"Kondoh, Kensuke",OF,103,0.996,216,7,1,1,,41745135
2023,Regular Season,Yomiuri Giants,18,"Sugano, Tomoyuki",P,14,1.000,2,9,0,0,,41745137
2023,Climax Series - Final Stage,Chiba Lotte Marines,36,"Sakamoto, Koshiro",P,3,0.000,0,0,0,0,,41745138
2023,Climax Series - First Stage,Chiba Lotte Marines,36,"Sakamoto, Koshiro",P,2,0.000,0,0,0,0,,41745138
2023,Regular Season,Chiba Lotte Marines,36,"Sakamoto, Koshiro",P,51,0.800,0,4,1,0,,41745138
2023,Regular Season,Hiroshima Toyo Carp,24,"Kurohara, Takumi",P,5,1.000,0,3,0,0,,41745155
2023,Regular Season,Orix Buffaloes,26,"Saito, Kyosuke",P,1,0.000,0,0,0,0,,41745157
2023,Regular Season,Yokohama DeNA Baystars,19,"Yamasaki, Yasuaki",P,49,1.000,1,5,0,0,,41845130
2023,Regular Season,Tohoku Rakuten Golden Eagles,66,"Murabayashi, Itsuki",1B,2,1.000,5,0,0,0,,41845132
2023,Regular Season,Tohoku Rakuten Golden Eagles,66,"Murabayashi, Itsuki",2B,5,1.000,0,3,0,1,,41845132
2023,Regular Season,Tohoku Rakuten Golden Eagles,66,"Murabayashi, Itsuki",3B,26,0.962,9,16,1,0,,41845132
2023,Regular Season,Tohoku Rakuten Golden Eagles,66,"Murabayashi, Itsuki",SS,75,0.977,112,226,8,48,,41845132
2023,Regular Season,Tokyo Yakult Swallows,55,"Murakami, Munetaka",1B,3,1.000,4,1,0,0,,41845136
2023,Regular Season,Tokyo Yakult Swallows,55,"Murakami, Munetaka",3B,139,0.937,115,213,22,22,,41845136
2023,Japan Series,Hanshin Tigers,65,"Yuasa, Atsuki",P,2,0.000,0,0,0,0,,41845138
2023,Regular Season,Hanshin Tigers,65,"Yuasa, Atsuki",P,15,1.000,0,4,0,0,,41845138
2023,Regular Season,Orix Buffaloes,22,"Muranishi, Ryota",P,7,1.000,1,3,0,0,,41845151
2023,Regular Season,Fukuoka Softbank Hawks,49,"Matsumoto, Haru",P,3,0.000,0,0,0,0,,41845157
2023,Regular Season,Yokohama DeNA Baystars,31,"Shibata, Tatsuhiro",2B,1,1.000,0,1,0,0,,41945132
2023,Regular Season,Yokohama DeNA Baystars,31,"Shibata, Tatsuhiro",3B,72,0.952,9,31,2,5,,41945132
2023,Regular Season,Yokohama DeNA Baystars,31,"Shibata, Tatsuhiro",SS,14,1.000,10,27,0,5,,41945132
2023,Regular Season,Chiba Lotte Marines,31,"Sugano, Tsuyoshi",OF,3,0.857,6,0,1,0,,41945136
2023,Climax Series - Final Stage,Chiba Lotte Marines,27,"Tamura, Tatsuhiro",C,1,1.000,9,0,0,0,0,41945137
2023,Climax Series - First Stage,Chiba Lotte Marines,27,"Tamura, Tatsuhiro",C,1,1.000,5,0,0,0,0,41945137
2023,Regular Season,Chiba Lotte Marines,27,"Tamura, Tatsuhiro",C,76,0.989,421,42,5,5,0,41945137
2023,Regular Season,Tokyo Yakult Swallows,34,"Taguchi, Kazuto",P,50,1.000,1,10,0,1,,41945139
2023,Regular Season,Saitama Seibu Lions,19,"Sato, Shunsuke",P,47,0.667,0,4,2,1,,41945155
2023,Regular Season,Saitama Seibu Lions,42,"Takahashi, Bo",P,28,1.000,1,2,0,0,,43045155
2023,Regular Season,Tokyo Yakult Swallows,017,"Maruyama, Shota",P,22,1.000,1,8,0,1,,43145153
2023,Climax Series - Final Stage,Hanshin Tigers,1,"Morishita, Shota",OF,3,1.000,4,0,0,0,,43145157
2023,Japan Series,Hanshin Tigers,1,"Morishita, Shota",OF,7,0.938,15,0,1,0,,43145157
2023,Regular Season,Hanshin Tigers,1,"Morishita, Shota",OF,90,0.989,168,5,2,1,,43145157
2023,Regular Season,Tokyo Yakult Swallows,37,"Rodriguez, Elvin",P,7,0.857,0,6,1,0,,43245157
2023,Regular Season,Chunichi Dragons,96,"Almonte, Zoilo",OF,11,0.929,13,0,1,0,,43345136
2023,Regular Season,Orix Buffaloes,12,"Yamashita, Shunpeita",P,16,1.000,3,14,0,2,,43345153
2023,Regular Season,Tohoku Rakuten Golden Eagles,55,"Yasuda, Yuma",1B,1,1.000,2,0,0,0,,43345155
2023,Regular Season,Tohoku Rakuten Golden Eagles,55,"Yasuda, Yuma",C,45,0.995,161,26,1,2,2,43345155
2023,Regular Season,Chunichi Dragons,9,"Aquino, Aristides",OF,16,0.914,32,0,3,0,,43545157
2023,Regular Season,Hokkaido Nippon-Ham Fighters,41,"Rodriguez, Bryan",P,37,1.000,0,6,0,2,,43745136
2023,Regular Season,Yomiuri Giants,33,"Beede, Tyler",P,30,1.000,2,9,0,0,,43945157
2023,Regular Season,Tokyo Yakult Swallows,47,"Takahashi, Keiji",P,20,0.941,3,13,1,4,,51055132
2023,Climax Series - Final Stage,Hanshin Tigers,46,"Shimamoto, Hiroya",P,3,0.000,0,0,0,0,,51055133
2023,Japan Series,Hanshin Tigers,46,"Shimamoto, Hiroya",P,4,0.000,0,0,0,0,,51055133
2023,Regular Season,Hanshin Tigers,46,"Shimamoto, Hiroya",P,35,1.000,1,2,0,0,,51055133
2023,Regular Season,Fukuoka Softbank Hawks,56,"Taura, Fumimaru",P,45,1.000,1,6,0,0,,51055136
2023,Regular Season,Tohoku Rakuten Golden Eagles,14,"Norimoto, Takahiro",P,24,0.970,5,27,1,1,,51055137
2023,Regular Season,Hokkaido Nippon-Ham Fighters,64,"Tamiya, Yua",C,6,0.971,29,4,1,1,0,51055138
2023,Regular Season,Hokkaido Nippon-Ham Fighters,64,"Tamiya, Yua",OF,3,1.000,2,0,0,0,,51055138
2023,Regular Season,Hanshin Tigers,39,"Sakaeda, Yuki",C,1,1.000,2,0,0,0,0,51055153
2023,Climax Series - Final Stage,Hiroshima Toyo Carp,52,"Suekane, Shota",OF,2,0.800,4,0,1,0,,51055155
2023,Climax Series - First Stage,Hiroshima Toyo Carp,52,"Suekane, Shota",OF,1,0.000,0,0,0,0,,51055155
2023,Regular Season,Hiroshima Toyo Carp,52,"Suekane, Shota",1B,1,1.000,2,0,0,0,,51055155
2023,Regular Season,Hiroshima Toyo Carp,52,"Suekane, Shota",OF,45,0.984,59,3,1,0,,51055155
2023,Regular Season,Tohoku Rakuten Golden Eagles,3,"Asamura, Hideto",1B,3,1.000,2,3,0,0,,51155118
2023,Regular Season,Tohoku Rakuten Golden Eagles,3,"Asamura, Hideto",2B,73,0.980,126,216,7,28,,51155118
2023,Climax Series - First Stage,Fukuoka Softbank Hawks,17,"Arihara, Kohei",P,1,0.000,0,0,0,0,,51155130
2023,Regular Season,Fukuoka Softbank Hawks,17,"Arihara, Kohei",P,17,1.000,8,18,0,0,,51155130
2023,Regular Season,Hanshin Tigers,21,"Akiyama, Takumi",P,2,0.000,0,0,0,0,,51155131
2023,Climax Series - First Stage,Yokohama DeNA Baystars,11,"Azuma, Katsuki",P,1,1.000,1,2,0,1,,51155136
2023,Regular Season,Yokohama DeNA Baystars,11,"Azuma, Katsuki",P,24,1.000,11,15,0,1,,51155136
2023,Regular Season,Tokyo Yakult Swallows,71,"Akahane, Yoshihiro",2B,4,1.000,5,9,0,1,,51155153
2023,Regular Season,Tokyo Yakult Swallows,71,"Akahane, Yoshihiro",3B,1,1.000,1,0,0,0,,51155153
2023,Regular Season,Tokyo Yakult Swallows,71,"Akahane, Yoshihiro",OF,20,1.000,12,0,0,0,,51155153
2023,Regular Season,Yomiuri Giants,31,"Akahoshi, Yuji",P,12,1.000,1,10,0,2,,51155155
2023,Regular Season,Saitama Seibu Lions,29,"Aoyama, Minato",P,39,1.000,3,3,0,0,,51155157
2023,Regular Season,Tokyo Yakult Swallows,27,"Nakamura, Yuhei",C,104,1.000,633,68,0,6,4,51255118
2023,Climax Series - Final Stage,Orix Buffaloes,67,"Nakagawa, Keita",1B,1,1.000,11,1,0,1,,51255138
2023,Climax Series - Final Stage,Orix Buffaloes,67,"Nakagawa, Keita",OF,3,1.000,5,1,0,0,,51255138
2023,Japan Series,Orix Buffaloes,67,"Nakagawa, Keita",1B,1,0.833,5,0,1,1,,51255138
2023,Japan Series,Orix Buffaloes,67,"Nakagawa, Keita",OF,6,0.900,9,0,1,0,,51255138
2023,Regular Season,Orix Buffaloes,67,"Nakagawa, Keita",1B,27,1.000,62,8,0,10,,51255138
2023,Regular Season,Orix Buffaloes,67,"Nakagawa, Keita",OF,127,0.989,257,4,3,1,,51255138
2023,Regular Season,Saitama Seibu Lions,62,"Takizawa, Natsuo",SS,13,0.971,13,21,1,2,,51255155
2023,Regular Season,Hanshin Tigers,50,"Tomida, Ren",P,9,1.000,0,2,0,1,,51255157
2023,Regular Season,Tokyo Yakult Swallows,38,"Umeno, Yugo",P,5,1.000,0,2,0,0,,51355134
2023,Regular Season,Hokkaido Nippon-Ham Fighters,15,"Uwasawa, Naoyuki",P,24,0.927,14,24,3,1,,51355135
2023,Climax Series - Final Stage,Hanshin Tigers,14,"Iwasada, Yuta",P,1,0.000,0,0,0,0,,51355139
2023,Japan Series,Hanshin Tigers,14,"Iwasada, Yuta",P,2,1.000,0,1,0,0,,51355139
2023,Regular Season,Hanshin Tigers,14,"Iwasada, Yuta",P,50,0.900,1,8,1,0,,51355139
2023,Regular Season,Yomiuri Giants,97,"Inoue, Haruto",P,4,1.000,0,3,0,0,,51355151
2023,Regular Season,Hokkaido Nippon-Ham Fighters,17,"Itoh, Hiromi",P,24,0.978,10,34,1,2,,51355153
2023,Climax Series - Final Stage,Chiba Lotte Marines,8,"Nakamura, Shogo",2B,3,1.000,3,7,0,0,,51455130
2023,Climax Series - First Stage,Chiba Lotte Marines,8,"Nakamura, Shogo",2B,3,1.000,6,9,0,0,,51455130
2023,Regular Season,Chiba Lotte Marines,8,"Nakamura, Shogo",2B,133,0.991,248,405,6,92,,51455130
2023,Regular Season,Tokyo Yakult Swallows,49,"Narita, Kakeru",P,3,1.000,1,0,0,0,,51455132
2023,Regular Season,Saitama Seibu Lions,51,"Nishikawa, Manaya",OF,40,1.000,67,0,0,0,,51455136
2023,Climax Series - First Stage,Yokohama DeNA Baystars,51,"Miyazaki, Toshiro",3B,2,1.000,2,1,0,0,,51455137
2023,Regular Season,Yokohama DeNA Baystars,51,"Miyazaki, Toshiro",3B,113,0.964,65,173,9,18,,51455137
2023,Regular Season,Tokyo Yakult Swallows,7,"Nagaoka, Hideki",SS,132,0.986,207,368,8,81,,51455151
2023,Regular Season,Chunichi Dragons,45,"Tsuchida, Ryuku",2B,19,1.000,32,33,0,7,,51455153
2023,Regular Season,Chunichi Dragons,45,"Tsuchida, Ryuku",SS,96,0.978,124,232,8,45,,51455153
2023,Regular Season,Chiba Lotte Marines,37,"Ono, Fumiya",P,10,1.000,0,2,0,0,,51555130
2023,Regular Season,Tokyo Yakult Swallows,48,"Kanakubo, Yuto",P,1,1.000,0,1,0,0,,51555136
2023,Regular Season,Yomiuri Giants,30,"Kagiya, Yohei",P,13,1.000,0,2,0,0,,51555137
2023,Regular Season,Fukuoka Softbank Hawks,20,"Kaino, Hiroshi",P,46,1.000,1,9,0,0,,51555138
2023,Climax Series - First Stage,Yokohama DeNA Baystars,61,"Ebina, Tatsuo",OF,1,0.000,0,0,0,0,,51555151
2023,Regular Season,Yokohama DeNA Baystars,61,"Ebina, Tatsuo",OF,31,0.952,19,1,1,1,,51555151
2023,Regular Season,Tohoku Rakuten Golden Eagles,69,"Uchi, Seiryu",P,53,0.857,2,4,1,0,,51555153
2023,Regular Season,Yokohama DeNA Baystars,58,"Kajiwara, Kouki",OF,15,1.000,29,0,0,0,,51555155
2023,Regular Season,Hokkaido Nippon-Ham Fighters,24,"Kanemura, Shoma",P,4,1.000,1,4,0,1,,51555157
2023,Regular Season,Yomiuri Giants,23,"Matsuda, Nobuhiro",1B,1,1.000,10,0,0,1,,51655112
2023,Regular Season,Yomiuri Giants,23,"Matsuda, Nobuhiro",2B,1,0.000,0,0,1,0,,51655112
2023,Regular Season,Yomiuri Giants,23,"Matsuda, Nobuhiro",3B,1,1.000,0,1,0,0,,51655112
2023,Climax Series - First Stage,Fukuoka Softbank Hawks,48,"Fujii, Kouya",P,2,1.000,0,1,0,0,,51655130
2023,Regular Season,Fukuoka Softbank Hawks,48,"Fujii, Kouya",P,34,1.000,2,7,0,0,,51655130
2023,Regular Season,Tokyo Yakult Swallows,66,"Mitsumata, Taiki",1B,3,1.000,3,1,0,0,,51655133
2023,Regular Season,Tokyo Yakult Swallows,66,"Mitsumata, Taiki",2B,4,1.000,3,8,0,3,,51655133
2023,Regular Season,Tokyo Yakult Swallows,66,"Mitsumata, Taiki",3B,4,1.000,1,0,0,0,,51655133
2023,Regular Season,Tokyo Yakult Swallows,66,"Mitsumata, Taiki",SS,1,1.000,1,2,0,0,,51655133
2023,Regular Season,Yokohama DeNA Baystars,26,"Hamaguchi, Haruhiro",P,14,0.875,2,12,2,0,,51655134
2023,Regular Season,Hokkaido Nippon-Ham Fighters,35,"Fukuda, Koki",2B,11,1.000,14,28,0,6,,51655151
2023,Regular Season,Hokkaido Nippon-Ham Fighters,35,"Fukuda, Koki",3B,14,1.000,2,10,0,1,,51655151
2023,Regular Season,Yomiuri Giants,40,"Nakayama, Raito",2B,24,0.988,40,39,1,9,,51655153
2023,Regular Season,Yomiuri Giants,40,"Nakayama, Raito",3B,24,0.895,6,11,2,2,,51655153
2023,Regular Season,Yomiuri Giants,40,"Nakayama, Raito",SS,22,1.000,26,34,0,4,,51655153
2023,Regular Season,Orix Buffaloes,54,"Kuroki, Yuta",P,12,1.000,3,2,0,0,,51755134
2023,Climax Series - First Stage,Yokohama DeNA Baystars,1,"Kuwahara, Masayuki",OF,2,1.000,3,0,0,0,,51755135
2023,Regular Season,Yokohama DeNA Baystars,1,"Kuwahara, Masayuki",OF,122,0.989,265,7,3,1,,51755135
2023,Regular Season,Yomiuri Giants,32,"Suzuki, Kohei",P,33,1.000,0,3,0,0,,51755136
2023,Climax Series - Final Stage,Orix Buffaloes,53,"Gibo, Sho",2B,1,1.000,3,1,0,0,,51755138
2023,Japan Series,Orix Buffaloes,53,"Gibo, Sho",2B,1,1.000,0,1,0,1,,51755138
2023,Regular Season,Orix Buffaloes,53,"Gibo, Sho",2B,54,0.969,79,110,6,16,,51755138
2023,Regular Season,Orix Buffaloes,53,"Gibo, Sho",SS,7,1.000,6,12,0,0,,51755138
2023,Regular Season,Hokkaido Nippon-Ham Fighters,57,"Kitayama, Koki",P,14,1.000,2,8,0,0,,51755155
2023,Regular Season,Saitama Seibu Lions,0,"Kodama, Ryosuke",2B,4,1.000,5,11,0,2,,51755157
2023,Regular Season,Saitama Seibu Lions,0,"Kodama, Ryosuke",3B,5,1.000,0,2,0,1,,51755157
2023,Regular Season,Saitama Seibu Lions,0,"Kodama, Ryosuke",SS,45,0.984,77,106,3,24,,51755157
2023,Regular Season,Yomiuri Giants,0,"Masuda, Daiki",2B,6,1.000,3,3,0,1,,51855132
2023,Regular Season,Yomiuri Giants,0,"Masuda, Daiki",3B,3,1.000,0,2,0,0,,51855132
2023,Regular Season,Yomiuri Giants,0,"Masuda, Daiki",OF,18,1.000,6,0,0,0,,51855132
2023,Regular Season,Hokkaido Nippon-Ham Fighters,34,"Hori, Mizuki",P,5,1.000,1,1,0,0,,51855134
2023,Regular Season,Tokyo Yakult Swallows,32,"Matsumoto, Naoki",C,2,1.000,12,0,0,0,0,51855136
2023,Regular Season,Yokohama DeNA Baystars,92,"Miyagi, Daita",P,11,0.750,1,2,1,0,,51855138
2023,Regular Season,Saitama Seibu Lions,15,"Miyagawa, Tetsu",P,4,1.000,2,2,0,1,,51855151
2023,Regular Season,Chunichi Dragons,64,"Fukushima, Shota",P,4,1.000,0,2,0,0,,51855153
2023,Regular Season,Yomiuri Giants,6,"Sakamoto, Hayato",3B,21,1.000,11,37,0,4,,51955114
2023,Regular Season,Yomiuri Giants,6,"Sakamoto, Hayato",SS,89,0.989,123,233,4,50,,51955114
2023,Regular Season,Fukuoka Softbank Hawks,34,"Shiino, Arata",P,11,1.000,0,1,0,0,,51955136
2023,Regular Season,Tokyo Yakult Swallows,17,"Shimizu, Noboru",P,56,0.909,2,8,1,0,,51955138
2023,Climax Series - Final Stage,Hiroshima Toyo Carp,00,"Sone, Kaisei",2B,1,0.000,0,0,0,0,,51955139
2023,Climax Series - Final Stage,Hiroshima Toyo Carp,00,"Sone, Kaisei",OF,1,0.000,0,0,0,0,,51955139
2023,Regular Season,Hiroshima Toyo Carp,00,"Sone, Kaisei",2B,2,0.000,0,0,0,0,,51955139
2023,Regular Season,Hiroshima Toyo Carp,00,"Sone, Kaisei",3B,7,1.000,1,2,0,0,,51955139
2023,Regular Season,Hiroshima Toyo Carp,00,"Sone, Kaisei",OF,23,0.923,10,2,1,1,,51955139
2023,Regular Season,Saitama Seibu Lions,68,"Kishi, Junichiro",OF,60,1.000,93,2,0,0,,51955151
2023,Regular Season,Orix Buffaloes,38,"Kita, Ryoto",OF,3,1.000,7,0,0,0,,51955153
2023,Regular Season,Tokyo Yakult Swallows,42,"Sawai, Ren",OF,9,1.000,19,0,0,0,,51955157
2023,Regular Season,Saitama Seibu Lions,30,"Mackinnon, David",1B,87,0.999,688,46,1,57,,53055157
2023,Regular Season,Saitama Seibu Lions,30,"Mackinnon, David",3B,33,0.984,22,39,1,4,,53055157
2023,Regular Season,Saitama Seibu Lions,12,"Watanabe, Yutaro",P,2,0.000,0,0,0,0,,53155138
2023,Climax Series - First Stage,Hiroshima Toyo Carp,18,"Morishita, Masato",P,1,1.000,2,3,0,0,,53155151
2023,Regular Season,Hiroshima Toyo Carp,18,"Morishita, Masato",P,20,0.947,9,27,2,3,,53155151
2023,Climax Series - Final Stage,Chiba Lotte Marines,2,"Matsukawa, Kou",C,1,1.000,1,0,0,0,0,53155155
2023,Climax Series - First Stage,Chiba Lotte Marines,2,"Matsukawa, Kou",C,1,1.000,9,1,0,0,0,53155155
2023,Regular Season,Chiba Lotte Marines,2,"Matsukawa, Kou",C,9,1.000,47,6,0,0,0,53155155
2023,Regular Season,Hokkaido Nippon-Ham Fighters,62,"Miyauchi, Haruki",P,15,1.000,0,3,0,0,,53155157
2023,Climax Series - Final Stage,Orix Buffaloes,18,"Yamamoto, Yoshinobu",P,1,1.000,0,2,0,0,,53355134
2023,Japan Series,Orix Buffaloes,18,"Yamamoto, Yoshinobu",P,2,1.000,1,0,0,0,,53355134
2023,Regular Season,Orix Buffaloes,18,"Yamamoto, Yoshinobu",P,23,1.000,10,30,0,4,,53355134
2023,Regular Season,Hanshin Tigers,30,"Mombetsu, Keito",P,2,1.000,0,2,0,0,,53355157
2023,Regular Season,Saitama Seibu Lions,35,"Wakabayashi, Gakuto",OF,27,1.000,48,0,0,0,,53555153
2023,Regular Season,Tokyo Yakult Swallows,21,"Yoshimura, Kojiro",P,12,1.000,2,8,0,0,,53555157
2023,Climax Series - First Stage,Fukuoka Softbank Hawks,2,"Stewart, Jr., Carter",P,1,1.000,1,1,0,0,,53755138
2023,Regular Season,Fukuoka Softbank Hawks,2,"Stewart, Jr., Carter",P,14,0.929,5,8,1,0,,53755138
2023,Regular Season,Tokyo Yakult Swallows,25,"Santana, Domingo",OF,129,0.990,192,3,2,0,,53755153
2023,Climax Series - Final Stage,Hiroshima Toyo Carp,42,"Anderson, Drew",P,1,0.000,0,0,0,0,,53755155
2023,Regular Season,Hiroshima Toyo Carp,42,"Anderson, Drew",P,21,1.000,1,7,0,0,,53755155
2023,Regular Season,Hiroshima Toyo Carp,98,"Corniel, Robert",P,8,1.000,2,7,0,0,,53955151
2023,Regular Season,Saitama Seibu Lions,99,"Kriske, Brooks",P,14,0.000,0,0,0,0,,53955155
2023,Climax Series - First Stage,Hiroshima Toyo Carp,95,"Davidson, Matt",1B,1,0.000,0,0,0,0,,53955157
2023,Climax Series - First Stage,Hiroshima Toyo Carp,95,"Davidson, Matt",3B,2,1.000,2,4,0,0,,53955157
2023,Regular Season,Hiroshima Toyo Carp,95,"Davidson, Matt",1B,25,1.000,112,7,0,6,,53955157
2023,Regular Season,Hiroshima Toyo Carp,95,"Davidson, Matt",3B,89,0.935,51,108,11,11,,53955157
2023,Regular Season,Yomiuri Giants,10,"Nakata, Sho",1B,74,0.989,508,35,6,58,,61065116
2023,Regular Season,Hanshin Tigers,94,"Haraguchi, Fumihito",1B,1,1.000,3,0,0,0,,61065131
2023,Regular Season,Hokkaido Nippon-Ham Fighters,93,"Tanaka, Eito",P,2,1.000,0,3,0,0,,61065136
2023,Regular Season,Hokkaido Nippon-Ham Fighters,23,"Fushimi, Torai",C,88,0.993,501,38,4,4,3,61065137
2023,Regular Season,Hokkaido Nippon-Ham Fighters,47,"Suzuki, Kenya",P,24,0.824,3,11,3,2,,61065151
2023,Regular Season,Orix Buffaloes,033,"Chano, Tokumasa",OF,89,1.000,155,3,0,1,,61065157
2023,Regular Season,Hokkaido Nippon-Ham Fighters,51,"Ishikawa, Naoya",P,16,1.000,0,2,0,0,,61165130
2023,Regular Season,Tohoku Rakuten Golden Eagles,4,"Abe, Toshiki",1B,54,0.997,358,24,1,17,,61165132
2023,Regular Season,Tohoku Rakuten Golden Eagles,4,"Abe, Toshiki",3B,18,0.800,3,9,3,1,,61165132
2023,Regular Season,Tohoku Rakuten Golden Eagles,4,"Abe, Toshiki",OF,15,1.000,27,0,0,0,,61165132
2023,Regular Season,Fukuoka Softbank Hawks,29,"Ishikawa, Shuta",P,23,1.000,3,21,0,0,,61165139
2023,Climax Series - First Stage,Yokohama DeNA Baystars,95,"Ishikawa, Tatsuya",P,1,0.000,0,0,0,0,,61165153
2023,Regular Season,Yokohama DeNA Baystars,95,"Ishikawa, Tatsuya",P,28,1.000,2,4,0,0,,61165153
2023,Regular Season,Tohoku Rakuten Golden Eagles,41,"Itoh, Mao",P,25,1.000,2,4,0,1,,61165157
2023,Climax Series - First Stage,Fukuoka Softbank Hawks,14,"Matayoshi, Katsuki",P,1,0.000,0,0,0,0,,61265139
2023,Regular Season,Fukuoka Softbank Hawks,14,"Matayoshi, Katsuki",P,32,1.000,2,7,0,0,,61265139
2023,Regular Season,Saitama Seibu Lions,37,"Tsuge, Sena",C,59,0.991,294,31,3,3,1,61265151
2023,Regular Season,Chunichi Dragons,19,"Takahashi, Hiroto",P,25,0.976,15,26,1,1,,61265153
2023,Regular Season,Hiroshima Toyo Carp,60,"Tamura, Shunsuke",OF,5,1.000,10,1,0,1,,61265155
2023,Regular Season,Hiroshima Toyo Carp,97,"Nakamura, Takahiro",OF,10,1.000,13,1,0,0,,61265157
2023,Regular Season,Orix Buffaloes,55,"Okada, Takahiro",1B,10,1.000,52,3,0,4,,61365112
2023,Regular Season,Orix Buffaloes,55,"Okada, Takahiro",OF,1,1.000,1,0,0,0,,61365112
2023,Regular Season,Chunichi Dragons,27,"Ohno, Shota",C,1,0.000,0,0,0,0,0,61365118
2023,Regular Season,Chunichi Dragons,39,"Usami, Shingo",1B,15,0.991,108,7,1,6,,61365132
2023,Regular Season,Chunichi Dragons,39,"Usami, Shingo",C,42,0.993,251,24,2,2,3,61365132
2023,Regular Season,Hokkaido Nippon-Ham Fighters,30,"Usami, Shingo",C,8,1.000,22,6,0,1,0,61365132
2023,Regular Season,Chiba Lotte Marines,53,"Emura, Naoya",C,4,1.000,27,1,0,0,0,61365133
2023,Regular Season,Tokyo Yakult Swallows,52,"Onaka, Yuya",P,11,1.000,0,3,0,0,,61365134
2023,Regular Season,Fukuoka Softbank Hawks,39,"Ogata, Shuto",P,12,0.750,0,3,1,0,,61365136
2023,Climax Series - Final Stage,Hiroshima Toyo Carp,14,"Ohsera, Daichi",P,1,1.000,1,1,0,0,,61365139
2023,Regular Season,Hiroshima Toyo Carp,14,"Ohsera, Daichi",P,23,1.000,2,16,0,2,,61365139
2023,Regular Season,Yokohama DeNA Baystars,22,"Irie, Taisei",P,32,1.000,0,6,0,0,,61365153
2023,Climax Series - First Stage,Yokohama DeNA Baystars,9,"Maeda, Yamato",1B,1,1.000,8,0,0,0,,61465112
2023,Regular Season,Yokohama DeNA Baystars,9,"Maeda, Yamato",1B,6,1.000,14,2,0,0,,61465112
2023,Regular Season,Yokohama DeNA Baystars,9,"Maeda, Yamato",SS,59,0.990,57,136,2,29,,61465112
2023,Japan Series,Orix Buffaloes,57,"Yamada, Nobuyoshi",P,1,0.000,0,0,0,0,,61465131
2023,Regular Season,Orix Buffaloes,57,"Yamada, Nobuyoshi",P,32,1.000,3,2,0,0,,61465131
2023,Regular Season,Fukuoka Softbank Hawks,8,"Makihara, Taisei",2B,44,0.990,79,115,2,18,,61465133
2023,Regular Season,Fukuoka Softbank Hawks,8,"Makihara, Taisei",3B,1,1.000,1,0,0,0,,61465133
2023,Regular Season,Fukuoka Softbank Hawks,8,"Makihara, Taisei",OF,55,1.000,105,3,0,0,,61465133
2023,Regular Season,Fukuoka Softbank Hawks,8,"Makihara, Taisei",SS,1,1.000,0,3,0,2,,61465133
2023,Regular Season,Tohoku Rakuten Golden Eagles,49,"Nishigaki, Masaya",P,1,1.000,0,1,0,0,,61465155
2023,Regular Season,Yomiuri Giants,005,"Kajitani, Takayuki",OF,83,1.000,94,2,0,0,,61565114
2023,Climax Series - Final Stage,Hiroshima Toyo Carp,33,"Kikuchi, Ryosuke",2B,3,1.000,4,6,0,0,,61565135
2023,Climax Series - First Stage,Hiroshima Toyo Carp,33,"Kikuchi, Ryosuke",2B,2,1.000,8,2,0,0,,61565135
2023,Regular Season,Hiroshima Toyo Carp,33,"Kikuchi, Ryosuke",2B,116,0.995,234,313,3,68,,61565135
2023,Climax Series - First Stage,Yokohama DeNA Baystars,37,"Kusumoto, Taishi",OF,1,1.000,1,0,0,0,,61565136
2023,Regular Season,Yokohama DeNA Baystars,37,"Kusumoto, Taishi",OF,41,1.000,42,0,0,0,,61565136
2023,Regular Season,Chunichi Dragons,36,"Okano, Yuichiro",P,15,1.000,1,5,0,0,,61565151
2023,Climax Series - First Stage,Fukuoka Softbank Hawks,66,"Matsumoto, Yuki",P,2,0.000,0,0,0,0,,61665130
2023,Regular Season,Fukuoka Softbank Hawks,66,"Matsumoto, Yuki",P,53,0.875,1,6,1,1,,61665130
2023,Regular Season,Tohoku Rakuten Golden Eagles,46,"Fujihira, Shoma",P,11,0.900,3,6,1,0,,61665134
2023,Regular Season,Orix Buffaloes,46,"Honda, Hitomi",P,28,1.000,0,4,0,0,,61665136
2023,Regular Season,Tohoku Rakuten Golden Eagles,54,"Wada, Ren",1B,1,1.000,0,1,0,0,,61665139
2023,Regular Season,Tohoku Rakuten Golden Eagles,54,"Wada, Ren",OF,1,1.000,4,0,0,0,,61665139
2023,Regular Season,Saitama Seibu Lions,9,"Hiruma, Takuya",OF,56,1.000,103,0,0,0,,61665157
2023,Regular Season,Tohoku Rakuten Golden Eagles,28,"Sakai, Tomohito",P,47,1.000,1,3,0,0,,61765134
2023,Regular Season,Saitama Seibu Lions,78,"Saito, Masato",C,1,1.000,1,0,0,0,0,61765136
2023,Regular Season,Hokkaido Nippon-Ham Fighters,22,"Sugiura, Toshihiro",P,24,0.857,0,6,1,1,,61765139
2023,Regular Season,Tohoku Rakuten Golden Eagles,5,"Mogi, Eigoro",3B,7,1.000,1,5,0,0,,61865132
2023,Climax Series - Final Stage,Chiba Lotte Marines,62,"Mori, Ryotaro",P,1,1.000,0,1,0,0,,61865136
2023,Regular Season,Chiba Lotte Marines,62,"Mori, Ryotaro",P,7,0.800,1,3,1,0,,61865136
2023,Regular Season,Tohoku Rakuten Golden Eagles,38,"Yuge, Hayato",P,12,0.750,1,2,1,0,,61865138
2023,Regular Season,Hokkaido Nippon-Ham Fighters,56,"Hosokawa, Ryohei",1B,1,1.000,1,0,0,0,,61865153
2023,Regular Season,Hokkaido Nippon-Ham Fighters,56,"Hosokawa, Ryohei",2B,20,0.955,17,25,2,4,,61865153
2023,Regular Season,Hokkaido Nippon-Ham Fighters,56,"Hosokawa, Ryohei",3B,7,1.000,2,1,0,0,,61865153
2023,Regular Season,Hokkaido Nippon-Ham Fighters,56,"Hosokawa, Ryohei",OF,22,0.972,33,2,1,0,,61865153
2023,Regular Season,Hokkaido Nippon-Ham Fighters,56,"Hosokawa, Ryohei",SS,6,0.875,6,15,3,1,,61865153
2023,Regular Season,Chunichi Dragons,90,"Matsuyama, Shinya",P,36,0.857,1,5,1,0,,61865157
2023,Regular Season,Hokkaido Nippon-Ham Fighters,10,"Shimizu, Yushi",1B,1,0.000,0,0,0,0,,61965130
2023,Regular Season,Hokkaido Nippon-Ham Fighters,10,"Shimizu, Yushi",C,31,0.979,131,8,3,1,2,61965130
2023,Climax Series - Final Stage,Hiroshima Toyo Carp,7,"Dohbayashi, Shota",1B,3,1.000,14,2,0,0,,61965131
2023,Climax Series - First Stage,Hiroshima Toyo Carp,7,"Dohbayashi, Shota",1B,2,1.000,21,2,0,0,,61965131
2023,Regular Season,Hiroshima Toyo Carp,7,"Dohbayashi, Shota",1B,50,0.991,313,22,3,32,,61965131
2023,Regular Season,Hiroshima Toyo Carp,7,"Dohbayashi, Shota",OF,43,1.000,64,2,0,0,,61965131
2023,Climax Series - Final Stage,Orix Buffaloes,99,"Sugimoto, Yutaro",OF,4,1.000,9,0,0,0,,61965132
2023,Japan Series,Orix Buffaloes,99,"Sugimoto, Yutaro",OF,2,1.000,1,0,0,0,,61965132
2023,Regular Season,Orix Buffaloes,99,"Sugimoto, Yutaro",OF,79,1.000,122,1,0,0,,61965132
2023,Regular Season,Chunichi Dragons,46,"Suzuki, Hiroshi",P,9,1.000,4,1,0,0,,61965136
2023,Regular Season,Yomiuri Giants,012,"Takahashi, Yuki",P,6,1.000,0,6,0,1,,61965138
2023,Climax Series - Final Stage,Hiroshima Toyo Carp,2,"Tanaka, Kosuke",1B,1,1.000,3,0,0,0,,61965139
2023,Climax Series - Final Stage,Hiroshima Toyo Carp,2,"Tanaka, Kosuke",3B,1,1.000,1,1,0,0,,61965139
2023,Climax Series - First Stage,Hiroshima Toyo Carp,2,"Tanaka, Kosuke",3B,1,0.000,0,0,0,0,,61965139
2023,Regular Season,Hiroshima Toyo Carp,2,"Tanaka, Kosuke",1B,17,1.000,35,4,0,4,,61965139
2023,Regular Season,Hiroshima Toyo Carp,2,"Tanaka, Kosuke",3B,54,0.951,16,62,4,5,,61965139
2023,Regular Season,Hiroshima Toyo Carp,2,"Tanaka, Kosuke",SS,26,0.966,27,57,3,7,,61965139
2023,Regular Season,Tohoku Rakuten Golden Eagles,0,"Kobukata, Hiroto",2B,77,0.982,126,198,6,35,,61965151
2023,Regular Season,Tohoku Rakuten Golden Eagles,0,"Kobukata, Hiroto",3B,46,0.911,23,49,7,2,,61965151
2023,Regular Season,Tohoku Rakuten Golden Eagles,0,"Kobukata, Hiroto",OF,30,0.960,46,2,2,0,,61965151
2023,Regular Season,Tohoku Rakuten Golden Eagles,0,"Kobukata, Hiroto",SS,2,1.000,2,1,0,1,,61965151
2023,Regular Season,Orix Buffaloes,33,"Sugisawa, Ryu",OF,2,1.000,1,0,0,0,,61965157
2023,Regular Season,Chiba Lotte Marines,22,"Polanco, Gregory",OF,11,1.000,11,1,0,0,,63065155
2023,Regular Season,Orix Buffaloes,48,"Nix, Jacob",P,2,1.000,0,2,0,0,,63065157
2023,Regular Season,Chunichi Dragons,17,"Yanagi, Yuya",P,24,0.974,13,24,1,2,,63165134
2023,Regular Season,Saitama Seibu Lions,44,"Yoza, Kaito",P,15,1.000,9,16,0,1,,63165136
2023,Regular Season,Saitama Seibu Lions,69,"Mizukami, Yoshinobu",P,23,1.000,1,3,0,0,,63165153
2023,Regular Season,Hokkaido Nippon-Ham Fighters,43,"Mizuno, Tatsuki",2B,21,1.000,22,33,0,7,,63165155
2023,Regular Season,Hokkaido Nippon-Ham Fighters,43,"Mizuno, Tatsuki",3B,2,1.000,1,0,0,0,,63165155
2023,Regular Season,Hokkaido Nippon-Ham Fighters,43,"Mizuno, Tatsuki",SS,7,0.900,8,19,3,3,,63165155
2023,Climax Series - Final Stage,Hanshin Tigers,98,"Brewer, Colten",P,1,0.000,0,0,0,0,,63265157
2023,Japan Series,Hanshin Tigers,98,"Brewer, Colten",P,1,0.000,0,0,0,0,,63265157
2023,Regular Season,Hanshin Tigers,98,"Brewer, Colten",P,13,1.000,1,1,0,0,,63265157
2023,Climax Series - First Stage,Yokohama DeNA Baystars,62,"Escobar, Edwin",P,1,0.000,0,0,0,0,,63365134
2023,Regular Season,Yokohama DeNA Baystars,62,"Escobar, Edwin",P,40,1.000,3,11,0,1,,63365134
2023,Regular Season,Tokyo Yakult Swallows,013,"Yamano, Taichi",P,5,1.000,0,6,0,0,,63365153
2023,Climax Series - Final Stage,Orix Buffaloes,0,"Watanabe, Haruto",OF,2,0.000,0,0,0,0,,63565155
2023,Regular Season,Orix Buffaloes,0,"Watanabe, Haruto",OF,29,1.000,29,1,0,0,,63565155
2023,Regular Season,Fukuoka Softbank Hawks,4,"Astudillo, Willians",1B,10,0.984,57,5,1,7,,63565157
2023,Regular Season,Orix Buffaloes,42,"Cotton, Jharel",P,7,0.000,0,0,0,0,,63765157
2023,Regular Season,Fukuoka Softbank Hawks,35,"Moinelo, Livan",P,27,1.000,1,8,0,0,,63965134
2023,Regular Season,Tohoku Rakuten Golden Eagles,23,"Franco, Maikel",1B,10,0.985,62,3,1,4,,63965157
2023,Regular Season,Tohoku Rakuten Golden Eagles,23,"Franco, Maikel",3B,54,0.965,27,56,3,6,,63965157
2023,Regular Season,Saitama Seibu Lions,13,"Takahashi, Kona",P,23,0.973,12,24,1,6,,71075130
2023,Regular Season,Saitama Seibu Lions,73,"Takagi, Wataru",OF,5,1.000,9,0,0,0,,71075136
2023,Climax Series - Final Stage,Hanshin Tigers,5,"Chikamoto, Koji",OF,3,1.000,3,0,0,0,,71075138
2023,Japan Series,Hanshin Tigers,5,"Chikamoto, Koji",OF,7,1.000,10,1,0,0,,71075138
2023,Regular Season,Hanshin Tigers,5,"Chikamoto, Koji",OF,127,1.000,283,3,0,0,,71075138
2023,Regular Season,Hiroshima Toyo Carp,67,"Nakamura, Yuta",P,5,1.000,0,2,0,0,,71075139
2023,Climax Series - Final Stage,Chiba Lotte Marines,32,"Satoh, Toshiya",C,4,0.947,17,1,1,0,0,71075151
2023,Climax Series - First Stage,Chiba Lotte Marines,32,"Satoh, Toshiya",C,2,1.000,8,3,0,0,0,71075151
2023,Regular Season,Chiba Lotte Marines,32,"Satoh, Toshiya",1B,10,1.000,64,5,0,4,,71075151
2023,Regular Season,Chiba Lotte Marines,32,"Satoh, Toshiya",C,92,0.991,486,86,5,8,4,71075151
2023,Regular Season,Tohoku Rakuten Golden Eagles,20,"Anraku, Tomohiro",P,57,0.857,0,6,1,0,,71175130
2023,Japan Series,Hanshin Tigers,17,"Aoyagi, Koyo",P,1,0.000,0,0,0,0,,71175132
2023,Regular Season,Hanshin Tigers,17,"Aoyagi, Koyo",P,18,0.913,4,17,2,1,,71175132
2023,Climax Series - Final Stage,Orix Buffaloes,95,"Azuma, Kohei",P,1,1.000,0,1,0,0,,71175136
2023,Japan Series,Orix Buffaloes,95,"Azuma, Kohei",P,2,0.000,0,0,0,0,,71175136
2023,Regular Season,Orix Buffaloes,95,"Azuma, Kohei",P,10,1.000,3,6,0,0,,71175136
2023,Regular Season,Yomiuri Giants,55,"Akihiro, Yuto",1B,36,0.990,182,13,2,9,,71175153
2023,Regular Season,Yomiuri Giants,55,"Akihiro, Yuto",OF,97,0.977,125,2,3,0,,71175153
2023,Japan Series,Hanshin Tigers,16,"Nishi, Yuki",P,2,0.750,0,3,1,0,,71275118
2023,Regular Season,Hanshin Tigers,16,"Nishi, Yuki",P,18,0.970,9,23,1,2,,71275118
2023,Climax Series - Final Stage,Chiba Lotte Marines,67,"Chatani, Kenta",1B,1,1.000,7,0,0,0,,71275132
2023,Climax Series - Final Stage,Chiba Lotte Marines,67,"Chatani, Kenta",2B,1,1.000,1,4,0,0,,71275132
2023,Climax Series - Final Stage,Chiba Lotte Marines,67,"Chatani, Kenta",3B,1,0.000,0,0,0,0,,71275132
2023,Climax Series - First Stage,Chiba Lotte Marines,67,"Chatani, Kenta",1B,1,1.000,9,0,0,0,,71275132
2023,Regular Season,Chiba Lotte Marines,67,"Chatani, Kenta",1B,45,0.992,234,15,2,18,,71275132
2023,Regular Season,Chiba Lotte Marines,67,"Chatani, Kenta",2B,10,1.000,14,11,0,4,,71275132
2023,Regular Season,Chiba Lotte Marines,67,"Chatani, Kenta",3B,11,1.000,0,8,0,0,,71275132
2023,Regular Season,Chiba Lotte Marines,67,"Chatani, Kenta",SS,17,1.000,23,44,0,8,,71275132
2023,Climax Series - Final Stage,Chiba Lotte Marines,16,"Taneichi, Atsuki",P,1,0.000,0,0,0,0,,71275134
2023,Regular Season,Chiba Lotte Marines,16,"Taneichi, Atsuki",P,23,0.963,9,17,1,0,,71275134
2023,Regular Season,Saitama Seibu Lions,14,"Masuda, Tatsushi",P,40,1.000,3,3,0,0,,71275137
2023,Regular Season,Tokyo Yakult Swallows,60,"Takeoka, Ryusei",2B,56,0.983,41,72,2,10,,71275151
2023,Regular Season,Tokyo Yakult Swallows,60,"Takeoka, Ryusei",3B,6,0.917,5,6,1,1,,71275151
2023,Regular Season,Tokyo Yakult Swallows,60,"Takeoka, Ryusei",SS,18,1.000,17,43,0,3,,71275151
2023,Climax Series - Final Stage,Chiba Lotte Marines,47,"Suzuki, Shota",P,1,0.000,0,0,0,0,,71275153
2023,Climax Series - First Stage,Chiba Lotte Marines,47,"Suzuki, Shota",P,1,1.000,1,0,0,0,,71275153
2023,Regular Season,Chiba Lotte Marines,47,"Suzuki, Shota",P,13,1.000,1,3,0,0,,71275153
2023,Regular Season,Chiba Lotte Marines,10,"Tomosugi, Atsuki",SS,52,0.973,66,151,6,27,,71275157
2023,Regular Season,Tohoku Rakuten Golden Eagles,33,"Akaminai, Ginji",1B,4,1.000,11,0,0,0,,71375112
2023,Regular Season,Tohoku Rakuten Golden Eagles,60,"Ishibashi, Ryota",P,2,0.000,0,0,0,0,,71375132
2023,Regular Season,Yomiuri Giants,64,"Ohe, Ryusei",P,32,1.000,1,6,0,1,,71375134
2023,Regular Season,Hiroshima Toyo Carp,66,"Endoh, Atsushi",P,8,1.000,3,2,0,0,,71375136
2023,Regular Season,Tohoku Rakuten Golden Eagles,2,"Ohta, Hikaru",C,103,0.996,481,71,2,5,3,71375138
2023,Climax Series - Final Stage,Hanshin Tigers,27,"Itoh, Masashi",P,1,1.000,1,3,0,1,,71375153
2023,Japan Series,Hanshin Tigers,27,"Itoh, Masashi",P,2,0.500,0,1,1,1,,71375153
2023,Regular Season,Hanshin Tigers,27,"Itoh, Masashi",P,21,1.000,8,23,0,2,,71375153
2023,Regular Season,Chunichi Dragons,4,"Ukai, Kosuke",1B,1,1.000,5,0,0,0,,71375155
2023,Regular Season,Chunichi Dragons,4,"Ukai, Kosuke",OF,18,1.000,28,0,0,0,,71375155
2023,Climax Series - Final Stage,Hiroshima Toyo Carp,5,"Nishikawa, Ryoma",OF,3,1.000,5,0,0,0,,71475132
2023,Climax Series - First Stage,Hiroshima Toyo Carp,5,"Nishikawa, Ryoma",OF,2,1.000,8,0,0,0,,71475132
2023,Regular Season,Hiroshima Toyo Carp,5,"Nishikawa, Ryoma",OF,109,0.991,207,4,2,0,,71475132
2023,Regular Season,Yokohama DeNA Baystars,67,"Nishimaki, Kenji",3B,1,0.000,0,0,0,0,,71475136
2023,Regular Season,Hiroshima Toyo Carp,69,"Hatsuki, Ryutaro",2B,15,1.000,28,34,0,9,,71475138
2023,Regular Season,Hiroshima Toyo Carp,69,"Hatsuki, Ryutaro",3B,2,1.000,0,1,0,0,,71475138
2023,Climax Series - First Stage,Fukuoka Softbank Hawks,12,"Minei, Hiroki",C,2,1.000,2,0,0,0,0,71475139
2023,Regular Season,Fukuoka Softbank Hawks,12,"Minei, Hiroki",C,40,0.970,88,9,3,1,1,71475139
2023,Climax Series - Final Stage,Chiba Lotte Marines,0,"Ogino, Takashi",OF,4,1.000,7,0,0,0,,71575131
2023,Climax Series - First Stage,Chiba Lotte Marines,0,"Ogino, Takashi",OF,3,1.000,8,1,0,0,,71575131
2023,Regular Season,Chiba Lotte Marines,0,"Ogino, Takashi",OF,49,0.988,79,2,1,0,,71575131
2023,Regular Season,Chunichi Dragons,11,"Ogasawara, Shinnosuke",P,25,0.972,4,31,1,2,,71575132
2023,Climax Series - Final Stage,Hiroshima Toyo Carp,41,"Yasaki, Takuya",P,1,1.000,0,1,0,0,,71575134
2023,Climax Series - First Stage,Hiroshima Toyo Carp,41,"Yasaki, Takuya",P,1,1.000,0,1,0,0,,71575134
2023,Regular Season,Hiroshima Toyo Carp,41,"Yasaki, Takuya",P,54,1.000,5,7,0,0,,71575134
2023,Regular Season,Yokohama DeNA Baystars,8,"Kamizato, Kazuki",OF,59,1.000,41,1,0,1,,71575136
2023,Regular Season,Hiroshima Toyo Carp,46,"Kawano, Kei",P,8,0.000,0,0,0,0,,71575157
2023,Regular Season,Hanshin Tigers,36,"Hamachi, Masumi",P,30,0.800,2,2,1,0,,71675134
2023,Climax Series - Final Stage,Chiba Lotte Marines,52,"Masuda, Naoya",P,1,0.000,0,0,0,0,,71675135
2023,Climax Series - First Stage,Chiba Lotte Marines,52,"Masuda, Naoya",P,1,0.000,0,0,0,0,,71675135
2023,Regular Season,Chiba Lotte Marines,52,"Masuda, Naoya",P,58,0.714,3,2,2,0,,71675135
2023,Regular Season,Saitama Seibu Lions,6,"Genda, Sosuke",SS,99,0.980,169,280,9,61,,71775134
2023,Regular Season,Hiroshima Toyo Carp,29,"Kemna, Makoto",P,24,1.000,0,4,0,0,,71775136
2023,Regular Season,Tokyo Yakult Swallows,61,"Kubo, Takuma",P,5,1.000,0,1,0,0,,71775138
2023,Climax Series - Final Stage,Hiroshima Toyo Carp,11,"Kuri, Aren",P,1,1.000,0,2,0,0,,71775139
2023,Climax Series - First Stage,Hiroshima Toyo Carp,11,"Kuri, Aren",P,1,1.000,1,1,0,0,,71775139
2023,Regular Season,Hiroshima Toyo Carp,11,"Kuri, Aren",P,26,0.957,14,31,2,1,,71775139
2023,Japan Series,Hanshin Tigers,60,"Onodera, Dan",OF,1,0.000,0,0,0,0,,71775151
2023,Regular Season,Hanshin Tigers,60,"Onodera, Dan",3B,2,0.500,0,1,1,0,,71775151
2023,Regular Season,Hanshin Tigers,60,"Onodera, Dan",OF,31,1.000,26,1,0,0,,71775151
2023,Regular Season,Tohoku Rakuten Golden Eagles,22,"Komago, Ryuji",P,4,0.667,0,2,1,0,,71775157
2023,Regular Season,Yomiuri Giants,95,"Horioka, Hayato",P,3,1.000,0,1,0,0,,71875134
2023,Regular Season,Saitama Seibu Lions,28,"Moriwaki, Ryosuke",P,31,0.857,1,5,1,0,,71875138
2023,Climax Series - Final Stage,Orix Buffaloes,13,"Miyagi, Hiroya",P,1,1.000,1,0,0,0,,71875151
2023,Japan Series,Orix Buffaloes,13,"Miyagi, Hiroya",P,2,1.000,0,1,0,0,,71875151
2023,Regular Season,Orix Buffaloes,13,"Miyagi, Hiroya",P,22,0.950,13,25,2,1,,71875151
2023,Regular Season,Tohoku Rakuten Golden Eagles,47,"Fujii, Masaru",P,10,1.000,2,7,0,1,,71875153
2023,Regular Season,Chunichi Dragons,42,"Bright, Kenta",OF,14,1.000,24,1,0,0,,71875155
2023,Regular Season,Chiba Lotte Marines,11,"Sasaki, Chihaya",P,2,0.000,0,0,0,0,,71975134
2023,Regular Season,Tohoku Rakuten Golden Eagles,35,"Shimauchi, Hiroaki",OF,50,0.988,81,0,1,0,,71975135
2023,Regular Season,Tokyo Yakult Swallows,9,"Shiomi, Yasutaka",OF,49,0.992,123,2,1,1,,71975136
2023,Regular Season,Tohoku Rakuten Golden Eagles,67,"Shozui, Yuya",OF,1,0.000,0,0,1,0,,71975138
2023,Regular Season,Hanshin Tigers,55,"Mieses, Johan",OF,33,0.956,42,1,2,0,,73075157
2023,Regular Season,Tohoku Rakuten Golden Eagles,34,"Yamasaki, Tsuyoshi",2B,3,1.000,1,0,0,0,,73175136
2023,Regular Season,Tohoku Rakuten Golden Eagles,34,"Yamasaki, Tsuyoshi",3B,28,1.000,2,11,0,3,,73175136
2023,Regular Season,Tohoku Rakuten Golden Eagles,34,"Yamasaki, Tsuyoshi",SS,83,0.977,135,205,8,31,,73175136
2023,Regular Season,Tohoku Rakuten Golden Eagles,48,"Watanabe, Yoshiaki",1B,9,1.000,58,3,0,4,,73175138
2023,Regular Season,Tohoku Rakuten Golden Eagles,48,"Watanabe, Yoshiaki",2B,1,1.000,2,0,0,0,,73175138
2023,Regular Season,Tohoku Rakuten Golden Eagles,48,"Watanabe, Yoshiaki",OF,4,1.000,4,0,0,0,,73175138
2023,Climax Series - First Stage,Fukuoka Softbank Hawks,32,"Yanagimachi, Tatsuru",OF,2,1.000,2,0,0,0,,73175151
2023,Regular Season,Fukuoka Softbank Hawks,32,"Yanagimachi, Tatsuru",OF,101,0.983,167,5,3,0,,73175151
2023,Regular Season,Hiroshima Toyo Carp,45,"Matsumoto, Ryuya",P,13,0.000,0,0,0,0,,73175155
2023,Japan Series,Orix Buffaloes,58,"Waguespack, Jacob",P,2,1.000,0,1,0,0,,73275155
2023,Regular Season,Orix Buffaloes,58,"Waguespack, Jacob",P,31,1.000,1,2,0,0,,73275155
2023,Regular Season,Hokkaido Nippon-Ham Fighters,94,"Hanson, Alen",2B,8,1.000,9,17,0,1,,73275157
2023,Regular Season,Hokkaido Nippon-Ham Fighters,94,"Hanson, Alen",SS,9,0.929,14,12,2,3,,73275157
2023,Regular Season,Orix Buffaloes,49,"Watanabe, Daiki",OF,1,1.000,2,0,0,0,,73375132
2023,Regular Season,Yomiuri Giants,2,"Yoshikawa, Naoki",2B,125,0.992,254,357,5,71,,73375134
2023,Regular Season,Yokohama DeNA Baystars,3,"Austin, Tyler",1B,2,1.000,11,1,0,1,,73375151
2023,Regular Season,Hiroshima Toyo Carp,13,"Moriura, Daisuke",P,13,1.000,0,9,0,0,,73375153
2023,Regular Season,Hokkaido Nippon-Ham Fighters,12,"Yazawa, Kota",OF,32,1.000,58,2,0,0,,73375157
2023,Regular Season,Hokkaido Nippon-Ham Fighters,12,"Yazawa, Kota",P,2,1.000,1,1,0,0,,73375157
2023,Regular Season,Hokkaido Nippon-Ham Fighters,70,"Menez, Conner",P,12,0.875,1,6,1,0,,73475155
2023,Regular Season,Tohoku Rakuten Golden Eagles,43,"Sung, Chia-Hao",P,49,1.000,2,6,0,0,,73575132
2023,Regular Season,Saitama Seibu Lions,8,"Watanabe, Kento",1B,45,0.990,364,34,4,29,,73575153
2023,Regular Season,Saitama Seibu Lions,8,"Watanabe, Kento",3B,8,1.000,6,12,0,1,,73575153
2023,Regular Season,Chiba Lotte Marines,41,"Castillo, Luis",P,12,0.900,3,6,1,0,,73775157
2023,Regular Season,Hokkaido Nippon-Ham Fighters,2,"Martinez, Ariel",1B,41,0.994,329,28,2,27,,73975136
2023,Regular Season,Hokkaido Nippon-Ham Fighters,2,"Martinez, Ariel",C,31,0.990,175,18,2,1,1,73975136
2023,Regular Season,Hanshin Tigers,42,"Keller, Kyle",P,27,0.500,0,1,1,0,,73975155
2023,Climax Series - Final Stage,Hanshin Tigers,7,"Neuse, Sheldon",OF,3,1.000,4,0,0,0,,73975157
2023,Japan Series,Hanshin Tigers,7,"Neuse, Sheldon",OF,7,1.000,16,0,0,0,,73975157
2023,Regular Season,Hanshin Tigers,7,"Neuse, Sheldon",OF,125,0.972,196,12,6,1,,73975157
2023,Japan Series,Orix Buffaloes,35,"Higa, Motoki",P,2,0.000,0,0,0,0,,81085131
2023,Regular Season,Orix Buffaloes,35,"Higa, Motoki",P,31,1.000,2,3,0,1,,81085131
2023,Regular Season,Yomiuri Giants,059,"Tanaka, Toyoki",P,15,1.000,1,2,0,0,,81085132
2023,Japan Series,Orix Buffaloes,44,"Tongu, Yuma",1B,5,0.960,24,0,1,1,,81085138
2023,Regular Season,Orix Buffaloes,44,"Tongu, Yuma",1B,102,0.987,791,54,11,51,,81085138
2023,Regular Season,Orix Buffaloes,44,"Tongu, Yuma",C,1,1.000,1,0,0,0,0,81085138
2023,Regular Season,Yomiuri Giants,15,"Ota, Taisei",P,27,0.667,1,5,3,0,,81085155
2023,Climax Series - First Stage,Yokohama DeNA Baystars,29,"Itoh, Hikaru",C,1,1.000,0,1,0,0,0,81185116
2023,Regular Season,Yokohama DeNA Baystars,29,"Itoh, Hikaru",C,56,1.000,375,33,0,2,4,81185116
2023,Regular Season,Hiroshima Toyo Carp,40,"Isomura, Yoshitaka",C,9,1.000,32,3,0,0,0,81185133
2023,Japan Series,Hanshin Tigers,33,"Itohara, Kento",3B,1,1.000,0,1,0,0,,81185134
2023,Regular Season,Hanshin Tigers,33,"Itohara, Kento",1B,1,1.000,4,0,0,0,,81185134
2023,Regular Season,Hanshin Tigers,33,"Itohara, Kento",3B,7,1.000,1,6,0,0,,81185134
2023,Regular Season,Chunichi Dragons,49,"Itoh, Kosuke",OF,16,1.000,3,0,0,0,,81185136
2023,Regular Season,Chunichi Dragons,18,"Umetsu, Kodai",P,3,0.800,0,4,1,0,,81185138
2023,Regular Season,Orix Buffaloes,37,"Ishikawa, Ryo",C,14,1.000,36,3,0,0,0,81185139
2023,Climax Series - Final Stage,Orix Buffaloes,16,"Hirano, Yoshihisa",P,3,1.000,0,1,0,0,,81285112
2023,Japan Series,Orix Buffaloes,16,"Hirano, Yoshihisa",P,1,0.000,0,0,0,0,,81285112
2023,Regular Season,Orix Buffaloes,16,"Hirano, Yoshihisa",P,42,1.000,3,7,0,0,,81285112
2023,Regular Season,Yomiuri Giants,041,"Nakagawa, Kota",P,44,1.000,4,3,0,0,,81285132
2023,Regular Season,Hiroshima Toyo Carp,22,"Nakamura, Shosei",OF,3,1.000,4,0,0,0,,81285136
2023,Regular Season,Chunichi Dragons,48,"Mizowaki, Hayato",1B,18,1.000,31,0,0,1,,81285137
2023,Regular Season,Chunichi Dragons,48,"Mizowaki, Hayato",2B,12,1.000,9,16,0,2,,81285137
2023,Regular Season,Chunichi Dragons,48,"Mizowaki, Hayato",SS,24,0.941,12,20,2,4,,81285137
2023,Regular Season,Chunichi Dragons,7,"Neo, Akira",P,2,1.000,1,2,0,0,,81285138
2023,Regular Season,Tohoku Rakuten Golden Eagles,1,"Matsui, Yuki",P,59,1.000,4,6,0,0,,81285139
2023,Climax Series - First Stage,Fukuoka Softbank Hawks,11,"Tsumori, Yuki",P,2,0.000,0,0,0,0,,81285151
2023,Regular Season,Fukuoka Softbank Hawks,11,"Tsumori, Yuki",P,56,1.000,2,7,0,1,,81285151
2023,Regular Season,Tokyo Yakult Swallows,46,"Ohta, Kengo",1B,1,1.000,4,0,0,0,,81385130
2023,Regular Season,Tokyo Yakult Swallows,46,"Ohta, Kengo",OF,9,1.000,14,0,0,0,,81385130
2023,Regular Season,Orix Buffaloes,59,"Ono, Taiki",P,5,1.000,1,1,0,0,,81385134
2023,Regular Season,Tohoku Rakuten Golden Eagles,51,"Ogoh, Yuya",OF,115,0.978,214,7,5,2,,81385138
2023,Regular Season,Fukuoka Softbank Hawks,62,"Umino, Takashi",C,8,1.000,15,3,0,0,1,81385151
2023,Regular Season,Yomiuri Giants,38,"Okada, Yuki",OF,25,1.000,26,0,0,0,,81385155
2023,Regular Season,Hokkaido Nippon-Ham Fighters,3,"Kato, Gosuke",1B,26,1.000,174,10,0,7,,81385157
2023,Regular Season,Hokkaido Nippon-Ham Fighters,3,"Kato, Gosuke",2B,33,0.984,48,78,2,20,,81385157
2023,Regular Season,Hokkaido Nippon-Ham Fighters,3,"Kato, Gosuke",3B,1,0.000,0,0,0,0,,81385157
2023,Climax Series - Final Stage,Orix Buffaloes,9,"Noguchi, Tomoya",OF,2,0.000,0,0,0,0,,81485155
2023,Climax Series - Final Stage,Orix Buffaloes,9,"Noguchi, Tomoya",SS,1,1.000,2,6,0,0,,81485155
2023,Japan Series,Orix Buffaloes,9,"Noguchi, Tomoya",OF,4,1.000,4,0,0,0,,81485155
2023,Regular Season,Orix Buffaloes,9,"Noguchi, Tomoya",3B,2,0.000,0,0,0,0,,81485155
2023,Regular Season,Orix Buffaloes,9,"Noguchi, Tomoya",OF,59,1.000,103,3,0,0,,81485155
2023,Regular Season,Orix Buffaloes,9,"Noguchi, Tomoya",SS,17,0.980,18,32,1,6,,81485155
2023,Regular Season,Yomiuri Giants,12,"Hagio, Masaya",OF,7,1.000,3,0,0,0,,81485157
2023,Regular Season,Chunichi Dragons,44,"Kawagoe, Seiji",OF,7,1.000,8,0,0,0,,81585132
2023,Regular Season,Saitama Seibu Lions,72,"Kawagoe, Seiji",OF,11,1.000,24,0,0,0,,81585132
2023,Regular Season,Yokohama DeNA Baystars,98,"Kyoda, Yota",1B,7,1.000,22,0,0,1,,81585134
2023,Regular Season,Yokohama DeNA Baystars,98,"Kyoda, Yota",3B,13,0.952,4,16,1,1,,81585134
2023,Regular Season,Yokohama DeNA Baystars,98,"Kyoda, Yota",SS,77,0.980,82,158,5,31,,81585134
2023,Regular Season,Hanshin Tigers,4,"Kumagai, Takahiro",3B,9,1.000,2,3,0,0,,81585136
2023,Regular Season,Hanshin Tigers,4,"Kumagai, Takahiro",OF,4,0.000,0,0,1,0,,81585136
2023,Regular Season,Saitama Seibu Lions,23,"Kumon, Katsuhiko",P,7,0.000,0,0,0,0,,81585137
2023,Climax Series - First Stage,Yokohama DeNA Baystars,27,"Kamichatani, Taiga",P,2,1.000,0,2,0,0,,81585138
2023,Regular Season,Yokohama DeNA Baystars,27,"Kamichatani, Taiga",P,46,0.846,3,8,2,0,,81585138
2023,Regular Season,Chunichi Dragons,60,"Okabayashi, Yuki",OF,143,0.981,312,4,6,1,,81585151
2023,Regular Season,Saitama Seibu Lions,17,"Matsumoto, Wataru",P,20,0.933,2,12,1,1,,81685138
2023,Regular Season,Hanshin Tigers,25,"Watanabe, Ryo",3B,8,0.864,8,11,3,2,,81685139
2023,Regular Season,Saitama Seibu Lions,63,"Hasegawa, Shinya",OF,58,0.983,109,4,2,0,,81685153
2023,Regular Season,Chunichi Dragons,68,"Fukunaga, Hiroki",2B,68,0.991,133,196,3,45,,81685157
2023,Regular Season,Chunichi Dragons,68,"Fukunaga, Hiroki",3B,25,0.971,7,26,1,3,,81685157
2023,Regular Season,Chunichi Dragons,68,"Fukunaga, Hiroki",SS,6,1.000,4,10,0,1,,81685157
2023,Regular Season,Orix Buffaloes,20,"Kondoh, Taisuke",P,12,1.000,0,1,0,0,,81785132
2023,Regular Season,Chunichi Dragons,53,"Gotoh, Shunta",OF,29,0.941,15,1,1,0,,81785133
2023,Regular Season,Tokyo Yakult Swallows,58,"Sakaguchi, Kousuke",P,13,0.750,0,3,1,0,,81785136
2023,Regular Season,Saitama Seibu Lions,58,"Satoh, Ryusei",1B,1,1.000,3,0,0,0,,81785138
2023,Regular Season,Saitama Seibu Lions,58,"Satoh, Ryusei",2B,8,0.950,8,11,1,5,,81785138
2023,Regular Season,Saitama Seibu Lions,58,"Satoh, Ryusei",3B,78,0.920,35,80,10,6,,81785138
2023,Regular Season,Hokkaido Nippon-Ham Fighters,28,"Kawano, Ryusei",P,50,0.857,3,9,2,2,,81785151
2023,Regular Season,Fukuoka Softbank Hawks,46,"Kawarada, Jumpei",2B,1,1.000,0,1,0,1,,81785153
2023,Regular Season,Fukuoka Softbank Hawks,46,"Kawarada, Jumpei",SS,1,1.000,3,0,0,0,,81785153
2023,Regular Season,Saitama Seibu Lions,22,"Koga, Yuto",C,98,0.992,584,77,5,8,4,81785155
2023,Climax Series - Final Stage,Chiba Lotte Marines,5,"Yasuda, Hisanori",3B,4,1.000,0,3,0,0,,81885136
2023,Climax Series - First Stage,Chiba Lotte Marines,5,"Yasuda, Hisanori",3B,3,1.000,1,4,0,0,,81885136
2023,Regular Season,Chiba Lotte Marines,5,"Yasuda, Hisanori",1B,14,0.985,125,8,2,8,,81885136
2023,Regular Season,Chiba Lotte Marines,5,"Yasuda, Hisanori",3B,106,0.965,66,156,8,17,,81885136
2023,Regular Season,Yomiuri Giants,062,"Yokogawa, Kai",P,20,0.967,6,23,1,1,,81885138
2023,Regular Season,Fukuoka Softbank Hawks,31,"Masaki, Tomoya",OF,10,0.941,16,0,1,0,,81885155
2023,Climax Series - Final Stage,Chiba Lotte Marines,54,"Sawamura, Hirokazu",P,1,0.000,0,0,0,0,,81985133
2023,Climax Series - First Stage,Chiba Lotte Marines,54,"Sawamura, Hirokazu",P,3,1.000,0,1,0,0,,81985133
2023,Regular Season,Chiba Lotte Marines,54,"Sawamura, Hirokazu",P,34,1.000,0,8,0,0,,81985133
2023,Regular Season,Tohoku Rakuten Golden Eagles,7,"Suzuki, Daichi",1B,74,0.994,511,29,3,41,,81985135
2023,Regular Season,Tohoku Rakuten Golden Eagles,7,"Suzuki, Daichi",3B,14,0.889,1,7,1,0,,81985135
2023,Regular Season,Orix Buffaloes,17,"Sotani, Ryuhei",P,10,0.875,1,6,1,0,,81985157
2023,Regular Season,Hokkaido Nippon-Ham Fighters,45,"Ponce, Cody",P,10,1.000,2,7,0,0,,83085155
2023,Climax Series - Final Stage,Orix Buffaloes,8,"Gonzalez, Marwin",1B,3,1.000,22,3,0,1,,83085157
2023,Climax Series - Final Stage,Orix Buffaloes,8,"Gonzalez, Marwin",2B,1,1.000,3,1,0,0,,83085157
2023,Japan Series,Orix Buffaloes,8,"Gonzalez, Marwin",1B,6,1.000,15,0,0,1,,83085157
2023,Japan Series,Orix Buffaloes,8,"Gonzalez, Marwin",2B,6,1.000,18,13,0,4,,83085157
2023,Regular Season,Orix Buffaloes,8,"Gonzalez, Marwin",1B,25,1.000,169,13,0,13,,83085157
2023,Regular Season,Orix Buffaloes,8,"Gonzalez, Marwin",2B,48,0.995,72,122,1,18,,83085157
2023,Regular Season,Orix Buffaloes,8,"Gonzalez, Marwin",3B,13,0.947,8,10,1,1,,83085157
2023,Regular Season,Orix Buffaloes,8,"Gonzalez, Marwin",SS,5,1.000,7,9,0,0,,83085157
2023,Climax Series - Final Stage,Orix Buffaloes,19,"Yamaoka, Taisuke",P,2,1.000,0,3,0,0,,83185134
2023,Japan Series,Orix Buffaloes,19,"Yamaoka, Taisuke",P,2,0.000,0,0,0,0,,83185134
2023,Regular Season,Orix Buffaloes,19,"Yamaoka, Taisuke",P,31,0.950,7,12,1,0,,83185134
2023,Regular Season,Chunichi Dragons,30,"Miyoshi, Hironori",OF,9,1.000,4,0,0,0,,83185153
2023,Regular Season,Chunichi Dragons,43,"Miya, Taisei",C,4,1.000,6,1,0,0,1,83185155
2023,Regular Season,Chunichi Dragons,93,"Feliz, Michael",P,19,1.000,0,2,0,0,,83285157
2023,Regular Season,Saitama Seibu Lions,32,"Yamamura, Takayoshi",1B,1,1.000,1,0,0,0,,83385153
2023,Regular Season,Saitama Seibu Lions,32,"Yamamura, Takayoshi",2B,1,1.000,3,0,0,0,,83385153
2023,Regular Season,Saitama Seibu Lions,32,"Yamamura, Takayoshi",3B,2,1.000,1,1,0,0,,83385153
2023,Regular Season,Saitama Seibu Lions,32,"Yamamura, Takayoshi",SS,2,1.000,8,6,0,3,,83385153
2023,Regular Season,Hokkaido Nippon-Ham Fighters,6,"Alcantara, Arismendy",1B,1,1.000,2,0,0,0,,83585155
2023,Regular Season,Hokkaido Nippon-Ham Fighters,6,"Alcantara, Arismendy",2B,10,0.971,13,21,1,3,,83585155
2023,Regular Season,Hokkaido Nippon-Ham Fighters,6,"Alcantara, Arismendy",3B,11,0.947,5,13,1,2,,83585155
2023,Regular Season,Hokkaido Nippon-Ham Fighters,6,"Alcantara, Arismendy",OF,17,1.000,29,1,0,1,,83585155
2023,Regular Season,Yokohama DeNA Baystars,42,"Amburgey, Trey",OF,2,1.000,2,0,0,0,,83585157
2023,Regular Season,Fukuoka Softbank Hawks,0,"Galvis, Freddy",2B,10,1.000,14,6,0,3,,83785155
2023,Regular Season,Fukuoka Softbank Hawks,0,"Galvis, Freddy",3B,3,0.000,0,0,0,0,,83785155
2023,Regular Season,Fukuoka Softbank Hawks,0,"Galvis, Freddy",SS,2,1.000,1,0,0,0,,83785155
2023,Regular Season,Yomiuri Giants,42,"Brinson, Lewis",OF,82,0.987,151,3,2,1,,83985157
2023,Regular Season,Yomiuri Giants,53,"Takanashi, Yuhei",P,55,1.000,3,8,0,0,,91095134
2023,Regular Season,Chunichi Dragons,3,"Takahashi, Shuhei",2B,12,0.957,24,20,2,5,,91095135
2023,Regular Season,Chunichi Dragons,3,"Takahashi, Shuhei",3B,64,0.988,21,62,1,5,,91095135
2023,Regular Season,Yokohama DeNA Baystars,60,"Chino, Naoto",1B,13,1.000,44,3,0,3,,91095138
2023,Regular Season,Yokohama DeNA Baystars,60,"Chino, Naoto",3B,6,1.000,1,9,0,0,,91095138
2023,Regular Season,Yokohama DeNA Baystars,60,"Chino, Naoto",OF,1,0.000,0,0,0,0,,91095138
2023,Regular Season,Yokohama DeNA Baystars,60,"Chino, Naoto",SS,5,0.944,9,8,1,2,,91095138
2023,Regular Season,Tokyo Yakult Swallows,3,"Nishiura, Naomichi",2B,4,0.938,6,9,1,1,,91095139
2023,Regular Season,Yokohama DeNA Baystars,39,"Nishiura, Naomichi",3B,4,1.000,0,1,0,0,,91095139
2023,Regular Season,Yokohama DeNA Baystars,39,"Nishiura, Naomichi",SS,2,1.000,1,0,0,0,,91095139
2023,Regular Season,Fukuoka Softbank Hawks,30,"Satoh, Naoki",OF,31,1.000,17,0,0,0,,91095151
2023,Regular Season,Yomiuri Giants,48,"Tanaka, Chiharu",P,30,1.000,1,3,0,0,,91095157
2023,Regular Season,Chunichi Dragons,58,"Ishibashi, Kota",C,33,0.994,151,14,1,0,2,91195138
2023,Regular Season,Chunichi Dragons,25,"Ishikawa, Takaya",1B,17,0.993,137,9,1,6,,91195151
2023,Regular Season,Chunichi Dragons,25,"Ishikawa, Takaya",3B,95,0.931,50,138,14,13,,91195151
2023,Regular Season,Yomiuri Giants,51,"Asano, Shogo",OF,16,1.000,16,0,0,0,,91195157
2023,Regular Season,Hokkaido Nippon-Ham Fighters,19,"Tamai, Taisho",P,50,1.000,4,7,0,2,,91295134
2023,Regular Season,Hokkaido Nippon-Ham Fighters,33,"Tateno, Kazuaki",P,4,0.000,0,0,0,0,,91295151
2023,Regular Season,Chiba Lotte Marines,46,"Iwashita, Daiki",P,27,1.000,2,3,0,0,,91395130
2023,Regular Season,Hanshin Tigers,63,"Itayama, Yutaro",OF,9,1.000,6,1,0,0,,91395132
2023,Regular Season,Orix Buffaloes,31,"Ohta, Ryo",1B,6,1.000,36,3,0,1,,91395138
2023,Regular Season,Orix Buffaloes,31,"Ohta, Ryo",2B,12,0.959,21,26,2,4,,91395138
2023,Climax Series - First Stage,Fukuoka Softbank Hawks,51,"Uebayashi, Seiji",OF,1,1.000,3,0,0,0,,91395139
2023,Regular Season,Fukuoka Softbank Hawks,51,"Uebayashi, Seiji",OF,52,1.000,58,0,0,0,,91395139
2023,Regular Season,Chiba Lotte Marines,45,"Ueda, Shota",C,4,1.000,11,1,0,0,0,91395151
2023,Climax Series - Final Stage,Orix Buffaloes,5,"Nishino, Masahiro",2B,2,1.000,6,3,0,0,,91495130
2023,Japan Series,Orix Buffaloes,5,"Nishino, Masahiro",2B,1,1.000,1,3,0,1,,91495130
2023,Regular Season,Orix Buffaloes,5,"Nishino, Masahiro",2B,26,0.991,51,65,1,10,,91495130
2023,Regular Season,Orix Buffaloes,5,"Nishino, Masahiro",3B,11,0.947,5,13,1,1,,91495130
2023,Japan Series,Hanshin Tigers,57,"Nagasaka, Kenya",C,1,0.000,0,0,0,0,0,91495134
2023,Regular Season,Hanshin Tigers,57,"Nagasaka, Kenya",C,10,1.000,37,2,0,0,1,91495134
2023,Climax Series - Final Stage,Chiba Lotte Marines,40,"Nishimura, Takahiro",P,2,0.000,0,0,0,0,,91495136
2023,Climax Series - First Stage,Chiba Lotte Marines,40,"Nishimura, Takahiro",P,2,0.000,0,0,0,0,,91495136
2023,Regular Season,Chiba Lotte Marines,40,"Nishimura, Takahiro",P,44,1.000,1,6,0,1,,91495136
2023,Regular Season,Tokyo Yakult Swallows,51,"Hamada, Taiki",OF,67,1.000,113,5,0,2,,91495138
2023,Climax Series - Final Stage,Orix Buffaloes,4,"Mori, Tomoya",C,1,1.000,4,0,0,0,0,91495139
2023,Climax Series - Final Stage,Orix Buffaloes,4,"Mori, Tomoya",OF,3,1.000,3,0,0,0,,91495139
2023,Japan Series,Orix Buffaloes,4,"Mori, Tomoya",C,3,1.000,24,2,0,0,0,91495139
2023,Japan Series,Orix Buffaloes,4,"Mori, Tomoya",OF,4,1.000,6,0,0,0,,91495139
2023,Regular Season,Orix Buffaloes,4,"Mori, Tomoya",C,57,1.000,444,59,0,7,0,91495139
2023,Regular Season,Orix Buffaloes,4,"Mori, Tomoya",OF,6,1.000,7,0,0,0,,91495139
2023,Japan Series,Hanshin Tigers,15,"Nishi, Junya",P,1,1.000,0,1,0,0,,91495151
2023,Regular Season,Hanshin Tigers,15,"Nishi, Junya",P,17,1.000,5,10,0,2,,91495151
2023,Climax Series - First Stage,Fukuoka Softbank Hawks,19,"Kai, Takuya",C,3,1.000,22,1,0,1,0,91595133
2023,Regular Season,Fukuoka Softbank Hawks,19,"Kai, Takuya",C,139,0.995,931,101,5,10,1,91595133
2023,Climax Series - First Stage,Fukuoka Softbank Hawks,57,"Kayama, Shinya",P,1,0.000,0,0,0,0,,91595135
2023,Regular Season,Fukuoka Softbank Hawks,57,"Kayama, Shinya",P,23,1.000,1,4,0,0,,91595135
2023,Regular Season,Yomiuri Giants,27,"Kishida, Yukinori",C,34,0.993,127,13,1,4,2,91595136
2023,Regular Season,Chunichi Dragons,52,"Katoh, Shohei",OF,31,0.929,13,0,1,0,,91595137
2023,Regular Season,Tokyo Yakult Swallows,00,"Okumura, Nobuyuki",1B,1,0.000,0,0,0,0,,91595139
2023,Regular Season,Tokyo Yakult Swallows,00,"Okumura, Nobuyuki",2B,2,1.000,0,2,0,0,,91595139
2023,Regular Season,Tokyo Yakult Swallows,00,"Okumura, Nobuyuki",OF,1,0.000,0,0,0,0,,91595139
2023,Regular Season,Chiba Lotte Marines,39,"Ohshita, Seiichiro",1B,7,1.000,9,2,0,1,,91595151
2023,Regular Season,Chiba Lotte Marines,39,"Ohshita, Seiichiro",3B,2,1.000,0,1,0,0,,91595151
2023,Regular Season,Tokyo Yakult Swallows,33,"Uchiyama, Souma",C,35,1.000,166,14,0,0,0,91595153
2023,Regular Season,Tokyo Yakult Swallows,33,"Uchiyama, Souma",OF,50,1.000,65,2,0,1,,91595153
2023,Regular Season,Chiba Lotte Marines,28,"Kikuchi, Riku",P,1,1.000,1,1,0,0,,91595157
2023,Regular Season,Chiba Lotte Marines,13,"Hirasawa, Taiga",OF,57,0.975,77,2,2,0,,91695132
2023,Regular Season,Saitama Seibu Lions,25,"Hirai, Katsunori",P,54,1.000,3,14,0,1,,91695134
2023,Regular Season,Yokohama DeNA Baystars,32,"Mashiko, Kyosuke",C,1,1.000,1,0,0,0,0,91695138
2023,Regular Season,Tokyo Yakult Swallows,0,"Namiki, Hidetaka",OF,77,0.983,115,3,2,1,,91695153
2023,Climax Series - First Stage,Yokohama DeNA Baystars,00,"Hayashi, Takuma",SS,2,1.000,7,7,0,1,,91695157
2023,Regular Season,Yokohama DeNA Baystars,00,"Hayashi, Takuma",2B,8,1.000,3,3,0,0,,91695157
2023,Regular Season,Yokohama DeNA Baystars,00,"Hayashi, Takuma",3B,19,0.886,15,24,5,3,,91695157
2023,Regular Season,Yokohama DeNA Baystars,00,"Hayashi, Takuma",SS,25,0.974,26,50,2,9,,91695157
2023,Regular Season,Tohoku Rakuten Golden Eagles,11,"Kishi, Takayuki",P,20,1.000,2,17,0,0,,91795114
2023,Regular Season,Hokkaido Nippon-Ham Fighters,60,"Kohri, Takuya",1B,3,1.000,7,1,0,1,,91795134
2023,Regular Season,Hokkaido Nippon-Ham Fighters,60,"Kohri, Takuya",2B,1,0.000,0,0,0,0,,91795134
2023,Regular Season,Hokkaido Nippon-Ham Fighters,60,"Kohri, Takuya",3B,1,0.000,0,0,0,0,,91795134
2023,Regular Season,Yomiuri Giants,22,"Kobayashi, Seiji",C,21,1.000,42,2,0,0,0,91795139
2023,Regular Season,Hanshin Tigers,37,"Oyokawa, Masaki",P,33,1.000,1,7,0,0,,91795151
2023,Regular Season,Hiroshima Toyo Carp,23,"Yabuta, Kazuki",P,3,1.000,1,0,0,0,,91895130
2023,Regular Season,Tokyo Yakult Swallows,1,"Yamada, Tetsuto",2B,100,0.987,191,277,6,56,,91895133
2023,Climax Series - Final Stage,Chiba Lotte Marines,51,"Yamaguchi, Koki",1B,4,1.000,22,0,0,0,,91895138
2023,Climax Series - First Stage,Chiba Lotte Marines,51,"Yamaguchi, Koki",1B,2,0.955,20,1,1,0,,91895138
2023,Regular Season,Chiba Lotte Marines,51,"Yamaguchi, Koki",1B,68,0.988,542,37,7,51,,91895138
2023,Regular Season,Chiba Lotte Marines,51,"Yamaguchi, Koki",OF,55,0.987,72,2,1,0,,91895138
2023,Regular Season,Saitama Seibu Lions,65,"Furuichi, Takeru",C,28,0.993,116,18,1,0,0,91895155
2023,Regular Season,Hiroshima Toyo Carp,26,"Masuda, Takehisa",P,8,1.000,1,2,0,0,,91895157
2023,Regular Season,Tohoku Rakuten Golden Eagles,26,"Sumitani, Ginjiro",C,59,1.000,255,28,0,1,2,91995112
2023,Regular Season,Orix Buffaloes,41,"Sano, Kodai",1B,1,1.000,2,0,0,0,,91995130
2023,Regular Season,Orix Buffaloes,41,"Sano, Kodai",OF,42,1.000,29,0,0,0,,91995130
2023,Regular Season,Yomiuri Giants,7,"Chono, Hisayoshi",OF,44,0.981,53,0,1,0,,91995131
2023,Regular Season,Yokohama DeNA Baystars,7,"Sano, Keita",1B,70,0.992,351,37,3,33,,91995134
2023,Regular Season,Yokohama DeNA Baystars,7,"Sano, Keita",OF,109,0.986,137,6,2,1,,91995134
2023,Japan Series,Hanshin Tigers,53,"Shimada, Kairi",OF,3,1.000,1,0,0,0,,91995136
2023,Regular Season,Hanshin Tigers,53,"Shimada, Kairi",OF,97,0.938,60,0,4,0,,91995136
2023,Regular Season,Chunichi Dragons,33,"Sobue, Daisuke",P,45,1.000,3,6,0,0,,91995139
2023,Climax Series - Final Stage,Orix Buffaloes,24,"Kurebayashi, Kotaro",SS,3,1.000,6,10,0,2,,91995151
2023,Japan Series,Orix Buffaloes,24,"Kurebayashi, Kotaro",SS,7,1.000,7,21,0,4,,91995151
2023,Regular Season,Orix Buffaloes,24,"Kurebayashi, Kotaro",3B,2,0.000,0,0,0,0,,91995151
2023,Regular Season,Orix Buffaloes,24,"Kurebayashi, Kotaro",SS,127,0.989,200,320,6,62,,91995151
2023,Climax Series - Final Stage,Hiroshima Toyo Carp,20,"Kuribayashi, Ryoji",P,1,0.000,0,0,0,0,,91995153
2023,Climax Series - First Stage,Hiroshima Toyo Carp,20,"Kuribayashi, Ryoji",P,2,1.000,0,1,0,0,,91995153
2023,Regular Season,Hiroshima Toyo Carp,20,"Kuribayashi, Ryoji",P,55,1.000,3,9,0,2,,91995153
2023,Regular Season,Yomiuri Giants,65,"Mendez, Yohander",P,16,0.952,3,17,1,1,,93095157
2023,Climax Series - First Stage,Yokohama DeNA Baystars,68,"Morihara, Kohei",P,1,0.000,0,0,0,0,,93195134
2023,Regular Season,Yokohama DeNA Baystars,68,"Morihara, Kohei",P,46,1.000,5,2,0,0,,93195134
2023,Regular Season,Tokyo Yakult Swallows,43,"Yamamoto, Daiki",P,42,1.000,2,5,0,0,,93195136
2023,Regular Season,Tokyo Yakult Swallows,4,"Maruyama, Kazuya",OF,66,0.987,77,1,1,0,,93195155
2023,Regular Season,Chunichi Dragons,91,"Mejia, Humberto",P,8,1.000,2,5,0,0,,93295157
2023,Regular Season,Fukuoka Softbank Hawks,27,"Gunkel, Joe",P,5,1.000,0,4,0,0,,93395151
2023,Climax Series - First Stage,Hiroshima Toyo Carp,61,"Yano, Masaya",SS,2,1.000,2,0,0,0,,93395153
2023,Regular Season,Hiroshima Toyo Carp,61,"Yano, Masaya",2B,5,1.000,7,4,0,2,,93395153
2023,Regular Season,Hiroshima Toyo Carp,61,"Yano, Masaya",3B,3,0.000,0,0,0,0,,93395153
2023,Regular Season,Hiroshima Toyo Carp,61,"Yano, Masaya",OF,2,0.000,0,0,0,0,,93395153
2023,Regular Season,Hiroshima Toyo Carp,61,"Yano, Masaya",SS,83,0.970,61,133,6,32,,93395153
2023,Regular Season,Hiroshima Toyo Carp,16,"Mori, Shohei",P,12,1.000,5,11,0,2,,93395155
2023,Regular Season,Chunichi Dragons,57,"Yamaasa, Ryunosuke",C,4,1.000,8,1,0,0,0,93395157
2023,Regular Season,Yokohama DeNA Baystars,45,"Gsellman, Robert",P,13,1.000,5,7,0,1,,93495155
2023,Regular Season,Chunichi Dragons,99,"Calixte, Orlando",2B,1,1.000,1,2,0,0,,93795157
2023,Regular Season,Chunichi Dragons,99,"Calixte, Orlando",3B,10,1.000,3,17,0,1,,93795157
2023,Regular Season,Chunichi Dragons,99,"Calixte, Orlando",SS,34,0.979,47,94,3,19,,93795157
2023,Regular Season,Tohoku Rakuten Golden Eagles,13,"Banuelos, Manny",P,1,0.000,0,0,0,0,,93995157
