Season,Game Type,Team,#,Name,Position,G,PA,AB,BA,OBP,SLG,OPS,R,RBI,H,1B,2B,3B,HR,TB,SB,CS,BB,IBB,K,DP,DB,SH,SF,PlayerID
2025,Regular Season,Hiroshima Toyo Carp,34,"<a href=""https://proeyekyuu.com/player/?PlayerID=01005134"">Takahashi, Kouya</a>",P,24,2,2,0.500,0.500,1.000,1.500,0,2,1,0,1,0,0,2,0,0,0,0,1,0,0,0,0,01005134
2025,Climax Series - Final Stage,Fukuoka Softbank Hawks,16,"<a href=""https://proeyekyuu.com/player/?PlayerID=01005137"">Higashihama, Nao</a>",P,1,0,0,0.000,0.000,0.000,0.000,0,0,0,0,0,0,0,0,0,0,0,0,0,0,0,0,0,01005137
2025,Regular Season,Fukuoka Softbank Hawks,16,"<a href=""https://proeyekyuu.com/player/?PlayerID=01005137"">Higashihama, Nao</a>",P,7,0,0,0.000,0.000,0.000,0.000,0,0,0,0,0,0,0,0,0,0,0,0,0,0,0,0,0,01005137
2025,Regular Season,Saitama Seibu Lions,49,"<a href=""https://proeyekyuu.com/player/?PlayerID=01005153"">Sasaki, Takeru</a>",P,15,0,0,0.000,0.000,0.000,0.000,0,0,0,0,0,0,0,0,0,0,0,0,0,0,0,0,0,01005153
2025,Regular Season,Chiba Lotte Marines,35,"<a href=""https://proeyekyuu.com/player/?PlayerID=01005157"">Tanaka, Haruya</a>",P,13,5,5,0.200,0.200,0.200,0.400,0,2,1,1,0,0,0,1,0,0,0,0,1,0,0,0,0,01005157
2025,Regular Season,Tokyo Yakult Swallows,65,"<a href=""https://proeyekyuu.com/player/?PlayerID=01005159"">Suzuki, Kyo</a>",C,2,6,6,0.333,0.333,0.333,0.666,0,1,2,2,0,0,0,2,0,1,0,0,1,0,0,0,0,01005159
2025,Regular Season,Hokkaido Nippon-Ham Fighters,52,"<a href=""https://proeyekyuu.com/player/?PlayerID=01105134"">Ikeda, Takahide</a>",P,24,0,0,0.000,0.000,0.000,0.000,0,0,0,0,0,0,0,0,0,0,0,0,0,0,0,0,0,01105134
2025,Regular Season,Chiba Lotte Marines,23,"<a href=""https://proeyekyuu.com/player/?PlayerID=01105135"">Ishikawa, Shingo</a>",DH,14,36,35,0.086,0.111,0.114,0.225,2,3,3,2,1,0,0,4,0,0,1,0,11,0,0,0,0,01105135
2025,Regular Season,Yomiuri Giants,63,"<a href=""https://proeyekyuu.com/player/?PlayerID=01105138"">Izumi, Keisuke</a>",P,10,0,0,0.000,0.000,0.000,0.000,0,0,0,0,0,0,0,0,0,0,0,0,0,0,0,0,0,01105138
2025,Regular Season,Fukuoka Softbank Hawks,55,"<a href=""https://proeyekyuu.com/player/?PlayerID=01105151"">Ishizuka, Soichiro</a>",LF,24,60,55,0.236,0.300,0.309,0.609,4,6,13,9,4,0,0,17,0,0,1,0,17,2,4,0,0,01105151
2025,Regular Season,Orix Buffaloes,20,"<a href=""https://proeyekyuu.com/player/?PlayerID=01105153"">Abe, Shota</a>",P,16,0,0,0.000,0.000,0.000,0.000,0,0,0,0,0,0,0,0,0,0,0,0,0,0,0,0,0,01105153
2025,Regular Season,Hokkaido Nippon-Ham Fighters,39,"<a href=""https://proeyekyuu.com/player/?PlayerID=01105155"">Arizono, Naoki</a>",3B,12,35,31,0.226,0.286,0.290,0.576,3,3,7,5,2,0,0,9,0,0,2,0,12,1,1,0,1,01105155
2025,Regular Season,Hanshin Tigers,63,"<a href=""https://proeyekyuu.com/player/?PlayerID=01105159"">Ishiguro, Yuya</a>",P,8,0,0,0.000,0.000,0.000,0.000,0,0,0,0,0,0,0,0,0,0,0,0,0,0,0,0,0,01105159
2025,Regular Season,Chiba Lotte Marines,29,"<a href=""https://proeyekyuu.com/player/?PlayerID=01205118"">Nishino, Yuji</a>",P,9,0,0,0.000,0.000,0.000,0.000,0,0,0,0,0,0,0,0,0,0,0,0,0,0,0,0,0,01205118
2025,Regular Season,Saitama Seibu Lions,20,"<a href=""https://proeyekyuu.com/player/?PlayerID=01205134"">Tamura, Ichiro</a>",P,20,0,0,0.000,0.000,0.000,0.000,0,0,0,0,0,0,0,0,0,0,0,0,0,0,0,0,0,01205134
2025,Regular Season,Chiba Lotte Marines,48,"<a href=""https://proeyekyuu.com/player/?PlayerID=01205138"">Nakamura, Toshiya</a>",P,15,0,0,0.000,0.000,0.000,0.000,0,0,0,0,0,0,0,0,0,0,0,0,0,0,0,0,0,01205138
2025,Climax Series - Final Stage,Fukuoka Softbank Hawks,25,"<a href=""https://proeyekyuu.com/player/?PlayerID=01205150"">Shoji, Yudai</a>",PR,2,0,0,0.000,0.000,0.000,0.000,1,0,0,0,0,0,0,0,0,0,0,0,0,0,0,0,0,01205150
2025,Japan Series,Fukuoka Softbank Hawks,25,"<a href=""https://proeyekyuu.com/player/?PlayerID=01205150"">Shoji, Yudai</a>",PR,1,0,0,0.000,0.000,0.000,0.000,0,0,0,0,0,0,0,0,0,0,0,0,0,0,0,0,0,01205150
2025,Regular Season,Fukuoka Softbank Hawks,25,"<a href=""https://proeyekyuu.com/player/?PlayerID=01205150"">Shoji, Yudai</a>",PR,26,18,17,0.235,0.278,0.412,0.690,2,2,4,1,3,0,0,7,1,0,1,0,5,0,0,0,0,01205150
2025,Climax Series - Final Stage,Hokkaido Nippon-Ham Fighters,16,"<a href=""https://proeyekyuu.com/player/?PlayerID=01205155"">Tatsu, Kota</a>",P,2,0,0,0.000,0.000,0.000,0.000,0,0,0,0,0,0,0,0,0,0,0,0,0,0,0,0,0,01205155
2025,Regular Season,Hokkaido Nippon-Ham Fighters,16,"<a href=""https://proeyekyuu.com/player/?PlayerID=01205155"">Tatsu, Kota</a>",P,16,3,3,0.000,0.000,0.000,0.000,0,0,0,0,0,0,0,0,0,0,0,0,3,0,0,0,0,01205155
2025,Climax Series - Final Stage,Hanshin Tigers,62,"<a href=""https://proeyekyuu.com/player/?PlayerID=01305130"">Ueda, Kai</a>",PR,1,0,0,0.000,0.000,0.000,0.000,0,0,0,0,0,0,0,0,0,0,0,0,0,0,0,0,0,01305130
2025,Japan Series,Hanshin Tigers,62,"<a href=""https://proeyekyuu.com/player/?PlayerID=01305130"">Ueda, Kai</a>",PR,2,0,0,0.000,0.000,0.000,0.000,0,0,0,0,0,0,0,0,0,0,0,0,0,0,0,0,0,01305130
2025,Regular Season,Hanshin Tigers,62,"<a href=""https://proeyekyuu.com/player/?PlayerID=01305130"">Ueda, Kai</a>",PR,42,19,17,0.059,0.158,0.118,0.276,10,1,1,0,1,0,0,2,4,1,2,0,9,0,0,0,0,01305130
2025,Regular Season,Chunichi Dragons,8,"<a href=""https://proeyekyuu.com/player/?PlayerID=01305131"">Ohshima, Yohei</a>",PH,59,98,95,0.242,0.265,0.242,0.507,8,4,23,23,0,0,0,23,4,0,3,0,14,0,0,0,0,01305131
2025,Regular Season,Yokohama DeNA Baystars,16,"<a href=""https://proeyekyuu.com/player/?PlayerID=01305138"">Ohnuki, Shinichi</a>",P,11,18,18,0.111,0.111,0.111,0.222,2,0,2,2,0,0,0,2,0,0,0,0,8,0,0,0,0,01305138
2025,Regular Season,Fukuoka Softbank Hawks,43,"<a href=""https://proeyekyuu.com/player/?PlayerID=01305153"">Inoue, Tomoya</a>",LF,8,24,24,0.125,0.125,0.125,0.250,0,1,3,3,0,0,0,3,0,0,0,0,5,0,0,0,0,01305153
2025,Regular Season,Orix Buffaloes,64,"<a href=""https://proeyekyuu.com/player/?PlayerID=01305155"">Ohsato, Kosei</a>",SS,46,101,85,0.224,0.309,0.271,0.580,12,7,19,17,0,2,0,23,4,2,11,0,15,0,0,4,1,01305155
2025,Climax Series - Final Stage,Fukuoka Softbank Hawks,26,"<a href=""https://proeyekyuu.com/player/?PlayerID=01305157"">Ohtsu, Ryosuke</a>",P,1,0,0,0.000,0.000,0.000,0.000,0,0,0,0,0,0,0,0,0,0,0,0,0,0,0,0,0,01305157
2025,Japan Series,Fukuoka Softbank Hawks,26,"<a href=""https://proeyekyuu.com/player/?PlayerID=01305157"">Ohtsu, Ryosuke</a>",P,1,2,1,1.000,1.000,1.000,2.000,1,0,1,1,0,0,0,1,0,0,1,0,0,0,0,0,0,01305157
2025,Regular Season,Fukuoka Softbank Hawks,26,"<a href=""https://proeyekyuu.com/player/?PlayerID=01305157"">Ohtsu, Ryosuke</a>",P,12,0,0,0.000,0.000,0.000,0.000,0,0,0,0,0,0,0,0,0,0,0,0,0,0,0,0,0,01305157
2025,Regular Season,Hiroshima Toyo Carp,55,"<a href=""https://proeyekyuu.com/player/?PlayerID=01405116"">Matsuyama, Ryuhei</a>",PH,1,1,1,0.000,0.000,0.000,0.000,0,0,0,0,0,0,0,0,0,0,0,0,0,1,0,0,0,01405116
2025,Regular Season,Hiroshima Toyo Carp,37,"<a href=""https://proeyekyuu.com/player/?PlayerID=01405130"">Noma, Takayoshi</a>",PH,79,166,154,0.247,0.295,0.292,0.587,10,15,38,33,3,2,0,45,2,1,10,1,30,3,1,0,1,01405130
2025,Regular Season,Hiroshima Toyo Carp,44,"<a href=""https://proeyekyuu.com/player/?PlayerID=01405138"">Hayashi, Kota</a>",PH,22,49,48,0.188,0.204,0.313,0.517,2,4,9,7,0,0,2,15,0,0,1,1,18,0,0,0,0,01405138
2025,Regular Season,Yokohama DeNA Baystars,38,"<a href=""https://proeyekyuu.com/player/?PlayerID=01405139"">Mori, Yuito</a>",P,2,2,2,0.000,0.000,0.000,0.000,0,0,0,0,0,0,0,0,0,0,0,0,2,0,0,0,0,01405139
2025,Regular Season,Tokyo Yakult Swallows,54,"<a href=""https://proeyekyuu.com/player/?PlayerID=01405150"">Tanaka, Haruto</a>",PH,6,13,13,0.308,0.308,0.462,0.770,3,2,4,2,2,0,0,6,0,0,0,0,3,0,0,0,0,01405150
2025,Regular Season,Hiroshima Toyo Carp,50,"<a href=""https://proeyekyuu.com/player/?PlayerID=01405155"">Nakamura, Kento</a>",PH,4,10,6,0.000,0.400,0.000,0.400,1,0,0,0,0,0,0,0,1,0,3,0,1,0,1,0,0,01405155
2025,Regular Season,Tohoku Rakuten Golden Eagles,58,"<a href=""https://proeyekyuu.com/player/?PlayerID=01505118"">Karashima, Wataru</a>",P,2,0,0,0.000,0.000,0.000,0.000,0,0,0,0,0,0,0,0,0,0,0,0,0,0,0,0,0,01505118
2025,Climax Series - First Stage,Yomiuri Giants,50,"<a href=""https://proeyekyuu.com/player/?PlayerID=01505132"">Okoye, Louis</a>",CF,2,2,1,0.000,0.500,0.000,0.500,0,0,0,0,0,0,0,0,0,0,1,0,0,0,0,0,0,01505132
2025,Regular Season,Yomiuri Giants,50,"<a href=""https://proeyekyuu.com/player/?PlayerID=01505132"">Okoye, Louis</a>",CF,61,140,126,0.246,0.291,0.310,0.601,12,5,31,25,4,2,0,39,3,3,7,1,29,1,1,6,0,01505132
2025,Regular Season,Orix Buffaloes,49,"<a href=""https://proeyekyuu.com/player/?PlayerID=01505150"">Katayama, Raiku</a>",P,21,0,0,0.000,0.000,0.000,0.000,0,0,0,0,0,0,0,0,0,0,0,0,0,0,0,0,0,01505150
2025,Climax Series - Final Stage,Fukuoka Softbank Hawks,47,"<a href=""https://proeyekyuu.com/player/?PlayerID=01505151"">Ohzeki, Tomohisa</a>",P,1,0,0,0.000,0.000,0.000,0.000,0,0,0,0,0,0,0,0,0,0,0,0,0,0,0,0,0,01505151
2025,Regular Season,Fukuoka Softbank Hawks,47,"<a href=""https://proeyekyuu.com/player/?PlayerID=01505151"">Ohzeki, Tomohisa</a>",P,24,3,2,0.000,0.000,0.000,0.000,0,1,0,0,0,0,0,0,0,0,0,0,2,0,0,1,0,01505151
2025,Regular Season,Hokkaido Nippon-Ham Fighters,4,"<a href=""https://proeyekyuu.com/player/?PlayerID=01505155"">Kamikawabata, Daigo</a>",2B,35,81,72,0.167,0.259,0.208,0.467,4,5,12,9,3,0,0,15,0,0,7,0,9,4,2,0,0,01505155
2025,Regular Season,Tokyo Yakult Swallows,50,"<a href=""https://proeyekyuu.com/player/?PlayerID=01505157"">Kitamura, Keigo</a>",2B,46,141,120,0.267,0.364,0.475,0.839,15,19,32,17,10,0,5,57,0,1,15,0,20,3,4,1,1,01505157
2025,Regular Season,Saitama Seibu Lions,31,"<a href=""https://proeyekyuu.com/player/?PlayerID=01605132"">Hiranuma, Shota</a>",PH,60,164,156,0.218,0.245,0.250,0.495,13,11,34,30,3,1,0,39,5,0,4,1,32,0,2,1,1,01605132
2025,Regular Season,Chiba Lotte Marines,15,"<a href=""https://proeyekyuu.com/player/?PlayerID=01605133"">Mima, Manabu</a>",P,1,0,0,0.000,0.000,0.000,0.000,0,0,0,0,0,0,0,0,0,0,0,0,0,0,0,0,0,01605133
2025,Regular Season,Orix Buffaloes,65,"<a href=""https://proeyekyuu.com/player/?PlayerID=01605136"">Fukuda, Shuhei</a>",LF,23,64,54,0.167,0.224,0.185,0.409,2,3,9,8,1,0,0,10,1,0,4,0,9,2,0,6,0,01605136
2025,Regular Season,Yomiuri Giants,61,"<a href=""https://proeyekyuu.com/player/?PlayerID=01605138"">Masuda, Riku</a>",1B,87,286,264,0.231,0.272,0.326,0.598,22,21,61,46,10,0,5,86,0,3,13,1,62,4,3,3,3,01605138
2025,Regular Season,Tohoku Rakuten Golden Eagles,64,"<a href=""https://proeyekyuu.com/player/?PlayerID=01605157"">Hayashi, Yuki</a>",P,1,0,0,0.000,0.000,0.000,0.000,0,0,0,0,0,0,0,0,0,0,0,0,0,0,0,0,0,01605157
2025,Regular Season,Tohoku Rakuten Golden Eagles,54,"<a href=""https://proeyekyuu.com/player/?PlayerID=01605159"">Hinata, Naoki</a>",P,1,0,0,0.000,0.000,0.000,0.000,0,0,0,0,0,0,0,0,0,0,0,0,0,0,0,0,0,01605159
2025,Climax Series - Final Stage,Fukuoka Softbank Hawks,24,"<a href=""https://proeyekyuu.com/player/?PlayerID=01705130"">Kurihara, Ryoya</a>",3B,6,25,23,0.174,0.208,0.261,0.469,0,0,4,2,2,0,0,6,0,0,1,0,9,0,0,1,0,01705130
2025,Japan Series,Fukuoka Softbank Hawks,24,"<a href=""https://proeyekyuu.com/player/?PlayerID=01705130"">Kurihara, Ryoya</a>",3B,5,22,21,0.143,0.182,0.143,0.325,2,1,3,3,0,0,0,3,0,0,0,0,4,1,1,0,0,01705130
2025,Regular Season,Fukuoka Softbank Hawks,24,"<a href=""https://proeyekyuu.com/player/?PlayerID=01705130"">Kurihara, Ryoya</a>",3B,80,332,285,0.267,0.356,0.407,0.763,33,40,76,54,12,2,8,116,1,1,40,1,67,6,2,1,4,01705130
2025,Regular Season,Tokyo Yakult Swallows,45,"<a href=""https://proeyekyuu.com/player/?PlayerID=01705132"">Kozawa, Reiji</a>",P,25,0,0,0.000,0.000,0.000,0.000,0,0,0,0,0,0,0,0,0,0,0,0,0,0,0,0,0,01705132
2025,Regular Season,Tokyo Yakult Swallows,2,"<a href=""https://proeyekyuu.com/player/?PlayerID=01705134"">Koga, Yudai</a>",C,87,291,264,0.280,0.319,0.345,0.664,16,16,74,61,11,0,2,91,2,0,12,2,23,14,4,9,2,01705134
2025,Regular Season,Hiroshima Toyo Carp,5,"<a href=""https://proeyekyuu.com/player/?PlayerID=01705138"">Kozono, Kaito</a>",3B,138,573,521,0.309,0.365,0.388,0.753,51,47,161,130,24,4,3,202,12,7,42,6,47,9,5,3,2,01705138
2025,Japan Series,Hanshin Tigers,47,"<a href=""https://proeyekyuu.com/player/?PlayerID=01705155"">Kirishiki, Takuma</a>",P,1,0,0,0.000,0.000,0.000,0.000,0,0,0,0,0,0,0,0,0,0,0,0,0,0,0,0,0,01705155
2025,Regular Season,Hanshin Tigers,47,"<a href=""https://proeyekyuu.com/player/?PlayerID=01705155"">Kirishiki, Takuma</a>",P,43,0,0,0.000,0.000,0.000,0.000,0,0,0,0,0,0,0,0,0,0,0,0,0,0,0,0,0,01705155
2025,Regular Season,Tokyo Yakult Swallows,10,"<a href=""https://proeyekyuu.com/player/?PlayerID=01805136"">Miyamoto, Takeshi</a>",PH,80,106,89,0.258,0.365,0.303,0.668,4,9,23,19,4,0,0,27,1,0,14,1,20,2,1,2,0,01805136
2025,Regular Season,Tohoku Rakuten Golden Eagles,50,"<a href=""https://proeyekyuu.com/player/?PlayerID=01805151"">Mutoh, Atsuki</a>",RF,62,130,108,0.204,0.302,0.269,0.571,21,10,22,17,3,2,0,29,3,2,14,0,31,0,2,4,2,01805151
2025,Regular Season,Chiba Lotte Marines,66,"<a href=""https://proeyekyuu.com/player/?PlayerID=01905134"">Sawada, Keisuke</a>",P,29,0,0,0.000,0.000,0.000,0.000,0,0,0,0,0,0,0,0,0,0,0,0,0,0,0,0,0,01905134
2025,Regular Season,Chunichi Dragons,50,"<a href=""https://proeyekyuu.com/player/?PlayerID=01905136"">Shimizu, Tatsuya</a>",P,55,0,0,0.000,0.000,0.000,0.000,0,0,0,0,0,0,0,0,0,0,0,0,0,0,0,0,0,01905136
2025,Regular Season,Tohoku Rakuten Golden Eagles,56,"<a href=""https://proeyekyuu.com/player/?PlayerID=01905138"">Suzuki, Sora</a>",P,46,0,0,0.000,0.000,0.000,0.000,0,0,0,0,0,0,0,0,0,0,0,0,0,0,0,0,0,01905138
2025,Climax Series - First Stage,Yokohama DeNA Baystars,59,"<a href=""https://proeyekyuu.com/player/?PlayerID=01905139"">Taira, Kentaro</a>",P,1,0,0,0.000,0.000,0.000,0.000,0,0,0,0,0,0,0,0,0,0,0,0,0,0,0,0,0,01905139
2025,Regular Season,Yokohama DeNA Baystars,59,"<a href=""https://proeyekyuu.com/player/?PlayerID=01905139"">Taira, Kentaro</a>",P,12,18,16,0.000,0.000,0.000,0.000,0,0,0,0,0,0,0,0,0,0,0,0,8,0,0,2,0,01905139
2025,Regular Season,Tohoku Rakuten Golden Eagles,24,"<a href=""https://proeyekyuu.com/player/?PlayerID=01905151"">Kurokawa, Fumiya</a>",2B,83,343,301,0.299,0.372,0.372,0.744,32,33,90,77,8,1,4,112,1,1,35,2,56,4,2,2,3,01905151
2025,Regular Season,Tohoku Rakuten Golden Eagles,9,"<a href=""https://proeyekyuu.com/player/?PlayerID=03005150"">Voit, Luke</a>",DH,67,276,243,0.300,0.384,0.498,0.882,29,39,73,51,9,0,13,121,0,0,27,2,59,5,6,0,0,03005150
2025,Regular Season,Chunichi Dragons,95,"<a href=""https://proeyekyuu.com/player/?PlayerID=03005159"">Rodriguez, Christian</a>",SS,20,34,29,0.207,0.303,0.241,0.544,3,1,6,5,1,0,0,7,0,0,4,0,11,1,0,1,0,03005159
2025,Regular Season,Hokkaido Nippon-Ham Fighters,67,"<a href=""https://proeyekyuu.com/player/?PlayerID=03105136"">Yamamoto, Takumi</a>",P,27,0,0,0.000,0.000,0.000,0.000,0,0,0,0,0,0,0,0,0,0,0,0,0,0,0,0,0,03105136
2025,Regular Season,Chunichi Dragons,31,"<a href=""https://proeyekyuu.com/player/?PlayerID=03105150"">Mori, Shunta</a>",3B,6,22,20,0.200,0.273,0.300,0.573,1,0,4,3,0,1,0,6,0,0,1,0,8,0,1,0,0,03105150
2025,Regular Season,Yomiuri Giants,67,"<a href=""https://proeyekyuu.com/player/?PlayerID=03105151"">Yamase, Shinnosuke</a>",C,1,4,4,0.250,0.250,0.250,0.500,0,2,1,1,0,0,0,1,0,0,0,0,1,0,0,0,0,03105151
2025,Regular Season,Chunichi Dragons,5,"<a href=""https://proeyekyuu.com/player/?PlayerID=03105157"">Muramatsu, Kaito</a>",SS,54,186,158,0.177,0.249,0.247,0.496,9,10,28,22,3,1,2,39,2,2,13,0,39,1,3,9,3,03105157
2025,Regular Season,Tokyo Yakult Swallows,28,"<a href=""https://proeyekyuu.com/player/?PlayerID=03105159"">Matsumoto, Kengo</a>",P,23,1,1,0.000,0.000,0.000,0.000,0,0,0,0,0,0,0,0,0,0,0,0,1,0,0,0,0,03105159
2025,Climax Series - Final Stage,Yokohama DeNA Baystars,99,"<a href=""https://proeyekyuu.com/player/?PlayerID=03205159"">Ford, Mike</a>",PH,2,2,2,0.000,0.000,0.000,0.000,0,0,0,0,0,0,0,0,0,0,0,0,1,0,0,0,0,03205159
2025,Climax Series - First Stage,Yokohama DeNA Baystars,99,"<a href=""https://proeyekyuu.com/player/?PlayerID=03205159"">Ford, Mike</a>",PH,2,2,2,0.000,0.000,0.000,0.000,0,0,0,0,0,0,0,0,0,0,0,0,1,0,0,0,0,03205159
2025,Regular Season,Yokohama DeNA Baystars,99,"<a href=""https://proeyekyuu.com/player/?PlayerID=03205159"">Ford, Mike</a>",PH,25,51,46,0.196,0.275,0.217,0.492,1,1,9,8,1,0,0,10,0,0,5,0,13,0,0,0,0,03205159
2025,Regular Season,Tohoku Rakuten Golden Eagles,36,"<a href=""https://proeyekyuu.com/player/?PlayerID=03305150"">Yoshinoh, Tsubasa</a>",RF,2,3,3,0.000,0.000,0.000,0.000,0,0,0,0,0,0,0,0,0,0,0,0,2,0,0,0,0,03305150
2025,Climax Series - First Stage,Yomiuri Giants,19,"<a href=""https://proeyekyuu.com/player/?PlayerID=03305153"">Yamasaki, Iori</a>",P,1,2,2,0.000,0.000,0.000,0.000,0,0,0,0,0,0,0,0,0,0,0,0,2,0,0,0,0,03305153
2025,Regular Season,Yomiuri Giants,19,"<a href=""https://proeyekyuu.com/player/?PlayerID=03305153"">Yamasaki, Iori</a>",P,25,49,46,0.130,0.149,0.174,0.323,2,3,6,4,2,0,0,8,0,0,1,0,18,1,0,2,0,03305153
2025,Japan Series,Hanshin Tigers,85,"<a href=""https://proeyekyuu.com/player/?PlayerID=03505132"">Dolis, Rafael</a>",P,2,0,0,0.000,0.000,0.000,0.000,0,0,0,0,0,0,0,0,0,0,0,0,0,0,0,0,0,03505132
2025,Regular Season,Hanshin Tigers,85,"<a href=""https://proeyekyuu.com/player/?PlayerID=03505132"">Dolis, Rafael</a>",P,20,0,0,0.000,0.000,0.000,0.000,0,0,0,0,0,0,0,0,0,0,0,0,0,0,0,0,0,03505132
2025,Regular Season,Chiba Lotte Marines,99,"<a href=""https://proeyekyuu.com/player/?PlayerID=03505136"">Soto, Neftali</a>",1B,102,367,330,0.230,0.302,0.391,0.693,31,44,76,49,14,0,13,129,0,0,32,0,98,6,3,0,2,03505136
2025,Regular Season,Orix Buffaloes,52,"<a href=""https://proeyekyuu.com/player/?PlayerID=03505155"">Yokoyama, Kaede</a>",P,14,0,0,0.000,0.000,0.000,0.000,0,0,0,0,0,0,0,0,0,0,0,0,0,0,0,0,0,03505155
2025,Regular Season,Yokohama DeNA Baystars,62,"<a href=""https://proeyekyuu.com/player/?PlayerID=03505159"">Wick, Rowan</a>",P,40,0,0,0.000,0.000,0.000,0.000,0,0,0,0,0,0,0,0,0,0,0,0,0,0,0,0,0,03505159
2025,Regular Season,Yomiuri Giants,29,"<a href=""https://proeyekyuu.com/player/?PlayerID=03705157"">Griffin, Foster</a>",P,14,23,19,0.158,0.200,0.158,0.358,0,0,3,3,0,0,0,3,0,0,1,0,6,0,0,3,0,03705157
2025,Regular Season,Chiba Lotte Marines,42,"<a href=""https://proeyekyuu.com/player/?PlayerID=03905150"">Sammons, Bryan</a>",P,16,0,0,0.000,0.000,0.000,0.000,0,0,0,0,0,0,0,0,0,0,0,0,0,0,0,0,0,03905150
2025,Regular Season,Hanshin Tigers,99,"<a href=""https://proeyekyuu.com/player/?PlayerID=03905157"">Beasley, Jeremy</a>",P,8,12,9,0.111,0.111,0.111,0.222,0,1,1,1,0,0,0,1,0,0,0,0,5,0,0,3,0,03905157
2025,Climax Series - First Stage,Yomiuri Giants,52,"<a href=""https://proeyekyuu.com/player/?PlayerID=11015136"">Sunagawa, Richard</a>",1B,2,7,6,0.167,0.286,0.167,0.453,0,0,1,1,0,0,0,1,0,0,1,0,3,0,0,0,0,11015136
2025,Regular Season,Fukuoka Softbank Hawks,52,"<a href=""https://proeyekyuu.com/player/?PlayerID=11015136"">Sunagawa, Richard</a>",3B,6,22,22,0.091,0.091,0.182,0.273,1,0,2,0,2,0,0,4,0,0,0,0,12,1,0,0,0,11015136
2025,Regular Season,Yomiuri Giants,52,"<a href=""https://proeyekyuu.com/player/?PlayerID=11015136"">Sunagawa, Richard</a>",1B,77,253,232,0.211,0.269,0.384,0.653,17,39,49,31,7,0,11,89,1,0,13,0,90,4,6,0,2,11015136
2025,Regular Season,Tohoku Rakuten Golden Eagles,8,"<a href=""https://proeyekyuu.com/player/?PlayerID=11015138"">Tatsumi, Ryosuke</a>",CF,114,422,367,0.240,0.325,0.341,0.666,36,32,88,67,12,2,7,125,20,0,40,0,91,12,9,1,5,11015138
2025,Regular Season,Hiroshima Toyo Carp,10,"<a href=""https://proeyekyuu.com/player/?PlayerID=11015150"">Sasaki, Tai</a>",3B,54,187,181,0.271,0.294,0.293,0.587,11,6,49,46,2,1,0,53,2,0,5,3,23,6,1,0,0,11015150
2025,Climax Series - Final Stage,Yokohama DeNA Baystars,20,"<a href=""https://proeyekyuu.com/player/?PlayerID=11015151"">Sakamoto, Yuya</a>",P,1,0,0,0.000,0.000,0.000,0.000,0,0,0,0,0,0,0,0,0,0,0,0,0,0,0,0,0,11015151
2025,Climax Series - First Stage,Yokohama DeNA Baystars,20,"<a href=""https://proeyekyuu.com/player/?PlayerID=11015151"">Sakamoto, Yuya</a>",P,1,0,0,0.000,0.000,0.000,0.000,0,0,0,0,0,0,0,0,0,0,0,0,0,0,0,0,0,11015151
2025,Regular Season,Yokohama DeNA Baystars,20,"<a href=""https://proeyekyuu.com/player/?PlayerID=11015151"">Sakamoto, Yuya</a>",P,35,0,0,0.000,0.000,0.000,0.000,0,0,0,0,0,0,0,0,0,0,0,0,0,0,0,0,0,11015151
2025,Regular Season,Chunichi Dragons,70,"<a href=""https://proeyekyuu.com/player/?PlayerID=11015153"">Kondo, Ren</a>",P,16,0,0,0.000,0.000,0.000,0.000,0,0,0,0,0,0,0,0,0,0,0,0,0,0,0,0,0,11015153
2025,Climax Series - Final Stage,Hokkaido Nippon-Ham Fighters,33,"<a href=""https://proeyekyuu.com/player/?PlayerID=11015159"">Shintoh, Yuya</a>",C,3,7,7,0.143,0.143,0.143,0.286,0,0,1,1,0,0,0,1,0,0,0,0,2,0,0,0,0,11015159
2025,Regular Season,Hokkaido Nippon-Ham Fighters,33,"<a href=""https://proeyekyuu.com/player/?PlayerID=11015159"">Shintoh, Yuya</a>",C,13,31,26,0.077,0.143,0.077,0.220,3,0,2,2,0,0,0,2,0,0,2,0,8,1,0,3,0,11015159
2025,Regular Season,Yomiuri Giants,11,"<a href=""https://proeyekyuu.com/player/?PlayerID=11215114"">Tanaka, Masahiro</a>",P,10,14,13,0.154,0.154,0.231,0.385,1,0,2,1,1,0,0,3,0,0,0,0,9,0,0,1,0,11215114
2025,Climax Series - Final Stage,Fukuoka Softbank Hawks,7,"<a href=""https://proeyekyuu.com/player/?PlayerID=11215116"">Nakamura, Akira</a>",1B,3,11,9,0.111,0.200,0.333,0.533,0,1,1,0,0,1,0,3,0,0,0,0,5,0,1,1,0,11215116
2025,Regular Season,Fukuoka Softbank Hawks,7,"<a href=""https://proeyekyuu.com/player/?PlayerID=11215116"">Nakamura, Akira</a>",1B,116,431,371,0.240,0.330,0.313,0.643,34,34,89,72,10,4,3,116,1,2,50,1,48,6,2,4,4,11215116
2025,Regular Season,Hokkaido Nippon-Ham Fighters,9,"<a href=""https://proeyekyuu.com/player/?PlayerID=11215118"">Nakashima, Takuya</a>",PR,32,30,21,0.333,0.500,0.333,0.833,4,1,7,7,0,0,0,7,2,0,7,0,7,0,0,2,0,11215118
2025,Climax Series - Final Stage,Fukuoka Softbank Hawks,45,"<a href=""https://proeyekyuu.com/player/?PlayerID=11215132"">Tanigawara, Kenta</a>",C,2,3,3,0.000,0.000,0.000,0.000,0,0,0,0,0,0,0,0,0,0,0,0,2,0,0,0,0,11215132
2025,Japan Series,Fukuoka Softbank Hawks,45,"<a href=""https://proeyekyuu.com/player/?PlayerID=11215132"">Tanigawara, Kenta</a>",C,1,0,0,0.000,0.000,0.000,0.000,0,0,0,0,0,0,0,0,0,0,0,0,0,0,0,0,0,11215132
2025,Regular Season,Fukuoka Softbank Hawks,45,"<a href=""https://proeyekyuu.com/player/?PlayerID=11215132"">Tanigawara, Kenta</a>",C,48,79,72,0.264,0.329,0.486,0.815,12,4,19,9,7,0,3,35,0,0,6,0,20,0,1,0,0,11215132
2025,Regular Season,Tohoku Rakuten Golden Eagles,25,"<a href=""https://proeyekyuu.com/player/?PlayerID=11215134"">Tanaka, Kazuki</a>",PR,19,18,18,0.056,0.056,0.056,0.112,5,1,1,1,0,0,0,1,1,0,0,0,8,0,0,0,0,11215134
2025,Regular Season,Chiba Lotte Marines,38,"<a href=""https://proeyekyuu.com/player/?PlayerID=11215151"">Takabe, Akito</a>",CF,111,384,357,0.286,0.314,0.384,0.698,49,34,102,78,15,7,2,137,20,4,14,0,49,3,3,5,5,11215151
2025,Regular Season,Tokyo Yakult Swallows,19,"<a href=""https://proeyekyuu.com/player/?PlayerID=11315115"">Ishikawa, Masanori</a>",P,8,11,11,0.091,0.091,0.091,0.182,0,0,1,1,0,0,0,1,0,0,0,0,4,0,0,0,0,11315115
2025,Regular Season,Hanshin Tigers,34,"<a href=""https://proeyekyuu.com/player/?PlayerID=11315138"">Urushihara, Taisei</a>",P,11,0,0,0.000,0.000,0.000,0.000,0,0,0,0,0,0,0,0,0,0,0,0,0,0,0,0,0,11315138
2025,Regular Season,Chiba Lotte Marines,41,"<a href=""https://proeyekyuu.com/player/?PlayerID=11315150"">Ichijo, Rikima</a>",P,1,0,0,0.000,0.000,0.000,0.000,0,0,0,0,0,0,0,0,0,0,0,0,0,0,0,0,0,11315150
2025,Climax Series - Final Stage,Hokkaido Nippon-Ham Fighters,50,"<a href=""https://proeyekyuu.com/player/?PlayerID=11315153"">Isobata, Ryota</a>",CF,3,6,5,0.200,0.333,0.200,0.533,0,0,1,1,0,0,0,1,0,0,1,0,2,0,0,0,0,11315153
2025,Climax Series - First Stage,Hokkaido Nippon-Ham Fighters,50,"<a href=""https://proeyekyuu.com/player/?PlayerID=11315153"">Isobata, Ryota</a>",CF,2,0,0,0.000,0.000,0.000,0.000,0,0,0,0,0,0,0,0,0,0,0,0,0,0,0,0,0,11315153
2025,Regular Season,Hokkaido Nippon-Ham Fighters,50,"<a href=""https://proeyekyuu.com/player/?PlayerID=11315153"">Isobata, Ryota</a>",CF,118,307,284,0.232,0.283,0.331,0.614,45,18,66,50,5,10,1,94,25,10,18,0,73,1,2,3,0,11315153
2025,Regular Season,Fukuoka Softbank Hawks,36,"<a href=""https://proeyekyuu.com/player/?PlayerID=11315157"">Ikhine, Itua</a>",PR,1,0,0,0.000,0.000,0.000,0.000,0,0,0,0,0,0,0,0,0,0,0,0,0,0,0,0,0,11315157
2025,Regular Season,Saitama Seibu Lions,23,"<a href=""https://proeyekyuu.com/player/?PlayerID=11315159"">Itogawa, Ryota</a>",P,13,0,0,0.000,0.000,0.000,0.000,0,0,0,0,0,0,0,0,0,0,0,0,0,0,0,0,0,11315159
2025,Regular Season,Hiroshima Toyo Carp,19,"<a href=""https://proeyekyuu.com/player/?PlayerID=11415134"">Tokoda, Hiroki</a>",P,26,57,54,0.259,0.259,0.352,0.611,6,2,14,11,2,0,1,19,0,0,0,0,12,1,0,3,0,11415134
2025,Regular Season,Saitama Seibu Lions,67,"<a href=""https://proeyekyuu.com/player/?PlayerID=11415138"">Nomura, Daiju</a>",2B,13,36,35,0.171,0.171,0.200,0.371,1,2,6,5,1,0,0,7,0,0,0,0,9,0,0,1,0,11415138
2025,Climax Series - Final Stage,Yokohama DeNA Baystars,12,"<a href=""https://proeyekyuu.com/player/?PlayerID=11415150"">Takeda, Yu</a>",P,1,2,2,0.000,0.000,0.000,0.000,0,0,0,0,0,0,0,0,0,0,0,0,2,0,0,0,0,11415150
2025,Regular Season,Yokohama DeNA Baystars,12,"<a href=""https://proeyekyuu.com/player/?PlayerID=11415150"">Takeda, Yu</a>",P,6,15,11,0.000,0.083,0.000,0.083,0,0,0,0,0,0,0,0,0,0,1,0,8,0,0,3,0,11415150
2025,Regular Season,Tohoku Rakuten Golden Eagles,52,"<a href=""https://proeyekyuu.com/player/?PlayerID=11415151"">Tsurusaki, Taisei</a>",P,17,0,0,0.000,0.000,0.000,0.000,0,0,0,0,0,0,0,0,0,0,0,0,0,0,0,0,0,11415151
2025,Climax Series - First Stage,Yomiuri Giants,25,"<a href=""https://proeyekyuu.com/player/?PlayerID=11515130"">Okamoto, Kazuma</a>",3B,2,9,7,0.286,0.444,0.286,0.730,1,0,2,2,0,0,0,2,0,0,2,1,1,0,0,0,0,11515130
2025,Regular Season,Yomiuri Giants,25,"<a href=""https://proeyekyuu.com/player/?PlayerID=11515130"">Okamoto, Kazuma</a>",3B,69,293,251,0.327,0.416,0.598,1.014,38,49,82,45,21,1,15,150,1,1,33,2,33,5,7,0,2,11515130
2025,Regular Season,Chunichi Dragons,11,"<a href=""https://proeyekyuu.com/player/?PlayerID=11515131"">Okada, Toshiya</a>",P,4,1,1,0.000,0.000,0.000,0.000,0,0,0,0,0,0,0,0,0,0,0,0,1,0,0,0,0,11515131
2025,Climax Series - First Stage,Orix Buffaloes,10,"<a href=""https://proeyekyuu.com/player/?PlayerID=11515132"">Ohshiro, Koji</a>",2B,1,0,0,0.000,0.000,0.000,0.000,0,0,0,0,0,0,0,0,0,0,0,0,0,0,0,0,0,11515132
2025,Regular Season,Orix Buffaloes,10,"<a href=""https://proeyekyuu.com/player/?PlayerID=11515132"">Ohshiro, Koji</a>",2B,66,79,68,0.250,0.320,0.250,0.570,12,6,17,17,0,0,0,17,2,0,6,0,20,0,1,4,0,11515132
2025,Regular Season,Chunichi Dragons,22,"<a href=""https://proeyekyuu.com/player/?PlayerID=11515133"">Ohno, Yudai</a>",P,20,41,32,0.031,0.061,0.031,0.092,0,0,1,1,0,0,0,1,0,0,1,0,19,0,0,8,0,11515133
2025,Regular Season,Tokyo Yakult Swallows,29,"<a href=""https://proeyekyuu.com/player/?PlayerID=11515137"">Ogawa, Yasuhiro</a>",P,13,28,22,0.045,0.043,0.091,0.134,0,1,1,0,1,0,0,2,0,0,0,0,10,0,0,5,1,11515137
2025,Regular Season,Chiba Lotte Marines,14,"<a href=""https://proeyekyuu.com/player/?PlayerID=11515138"">Ojima, Kazuya</a>",P,24,2,2,0.000,0.000,0.000,0.000,0,0,0,0,0,0,0,0,0,0,0,0,0,0,0,0,0,11515138
2025,Regular Season,Chiba Lotte Marines,25,"<a href=""https://proeyekyuu.com/player/?PlayerID=11515139"">Oka, Hiromi</a>",PH,65,181,157,0.274,0.363,0.363,0.726,17,18,43,34,6,1,2,57,3,1,16,1,36,1,6,2,0,11515139
2025,Regular Season,Tohoku Rakuten Golden Eagles,40,"<a href=""https://proeyekyuu.com/player/?PlayerID=11515150"">Ehara, Masahiro</a>",P,30,0,0,0.000,0.000,0.000,0.000,0,0,0,0,0,0,0,0,0,0,0,0,0,0,0,0,0,11515150
2025,Regular Season,Hokkaido Nippon-Ham Fighters,98,"<a href=""https://proeyekyuu.com/player/?PlayerID=11515151"">Umebayashi, Yuki</a>",C,2,5,5,0.000,0.000,0.000,0.000,0,0,0,0,0,0,0,0,0,0,0,0,3,0,0,0,0,11515151
2025,Regular Season,Hanshin Tigers,64,"<a href=""https://proeyekyuu.com/player/?PlayerID=11515155"">Okadome, Hidetaka</a>",P,10,0,0,0.000,0.000,0.000,0.000,0,0,0,0,0,0,0,0,0,0,0,0,0,0,0,0,0,11515155
2025,Regular Season,Yomiuri Giants,5,"<a href=""https://proeyekyuu.com/player/?PlayerID=11515157"">Kadowaki, Makoto</a>",3B,81,176,157,0.223,0.274,0.274,0.548,14,4,35,28,6,1,0,43,6,1,10,0,32,2,1,8,0,11515157
2025,Regular Season,Fukuoka Softbank Hawks,53,"<a href=""https://proeyekyuu.com/player/?PlayerID=11515159"">Ohyama, Ryo</a>",P,26,0,0,0.000,0.000,0.000,0.000,0,0,0,0,0,0,0,0,0,0,0,0,0,0,0,0,0,11515159
2025,Regular Season,Tokyo Yakult Swallows,53,"<a href=""https://proeyekyuu.com/player/?PlayerID=11615134"">Hasegawa, Hiroki</a>",P,4,0,0,0.000,0.000,0.000,0.000,0,0,0,0,0,0,0,0,0,0,0,0,0,0,0,0,0,11615134
2025,Climax Series - Final Stage,Fukuoka Softbank Hawks,99,"<a href=""https://proeyekyuu.com/player/?PlayerID=11615155"">Nomura, Isami</a>",SS,6,21,21,0.190,0.190,0.476,0.666,2,2,4,2,0,0,2,10,0,0,0,0,9,0,0,0,0,11615155
2025,Japan Series,Fukuoka Softbank Hawks,99,"<a href=""https://proeyekyuu.com/player/?PlayerID=11615155"">Nomura, Isami</a>",SS,5,13,12,0.250,0.308,0.500,0.808,1,1,3,2,0,0,1,6,0,0,1,0,4,0,0,0,0,11615155
2025,Regular Season,Fukuoka Softbank Hawks,99,"<a href=""https://proeyekyuu.com/player/?PlayerID=11615155"">Nomura, Isami</a>",SS,126,413,376,0.271,0.324,0.410,0.734,50,40,102,74,16,0,12,154,18,4,25,2,122,8,5,5,2,11615155
2025,Regular Season,Tokyo Yakult Swallows,93,"<a href=""https://proeyekyuu.com/player/?PlayerID=11615157"">Hashimoto, Seiya</a>",PH,15,17,16,0.125,0.176,0.125,0.301,0,0,2,2,0,0,0,2,0,0,1,0,4,1,0,0,0,11615157
2025,Climax Series - Final Stage,Fukuoka Softbank Hawks,0,"<a href=""https://proeyekyuu.com/player/?PlayerID=11715132"">Kawase, Hikaru</a>",SS,3,9,6,0.333,0.500,0.333,0.833,1,1,2,2,0,0,0,2,0,0,2,0,2,0,0,1,0,11715132
2025,Japan Series,Fukuoka Softbank Hawks,0,"<a href=""https://proeyekyuu.com/player/?PlayerID=11715132"">Kawase, Hikaru</a>",SS,5,9,9,0.222,0.222,0.222,0.444,0,0,2,2,0,0,0,2,0,0,0,0,3,0,0,0,0,11715132
2025,Regular Season,Fukuoka Softbank Hawks,0,"<a href=""https://proeyekyuu.com/player/?PlayerID=11715132"">Kawase, Hikaru</a>",SS,102,224,190,0.263,0.336,0.347,0.683,21,23,50,39,8,1,2,66,1,1,20,0,37,5,1,13,0,11715132
2025,Regular Season,Chiba Lotte Marines,57,"<a href=""https://proeyekyuu.com/player/?PlayerID=11715153"">Ogawa, Ryusei</a>",SS,87,202,178,0.264,0.320,0.275,0.595,14,13,47,45,2,0,0,49,9,3,12,0,33,4,3,8,1,11715153
2025,Regular Season,Fukuoka Softbank Hawks,61,"<a href=""https://proeyekyuu.com/player/?PlayerID=11715155"">Kawamura, Yuto</a>",RF,15,9,9,0.111,0.111,0.111,0.222,2,0,1,1,0,0,0,1,0,0,0,0,3,0,0,0,0,11715155
2025,Climax Series - First Stage,Orix Buffaloes,6,"<a href=""https://proeyekyuu.com/player/?PlayerID=11815130"">Mune, Yuma</a>",3B,2,7,6,0.000,0.143,0.000,0.143,0,0,0,0,0,0,0,0,0,0,1,0,1,0,0,0,0,11815130
2025,Regular Season,Orix Buffaloes,6,"<a href=""https://proeyekyuu.com/player/?PlayerID=11815130"">Mune, Yuma</a>",3B,98,388,349,0.235,0.304,0.327,0.631,33,28,82,63,12,1,6,114,3,4,26,1,48,4,9,3,1,11815130
2025,Regular Season,Tohoku Rakuten Golden Eagles,65,"<a href=""https://proeyekyuu.com/player/?PlayerID=11815132"">Horiuchi, Kengo</a>",C,76,194,168,0.256,0.323,0.339,0.662,16,18,43,36,3,1,3,57,1,0,17,1,39,3,0,8,1,11815132
2025,Regular Season,Tokyo Yakult Swallows,24,"<a href=""https://proeyekyuu.com/player/?PlayerID=11815134"">Hoshi, Tomoya</a>",P,44,0,0,0.000,0.000,0.000,0.000,0,0,0,0,0,0,0,0,0,0,0,0,0,0,0,0,0,11815134
2025,Regular Season,Tokyo Yakult Swallows,63,"<a href=""https://proeyekyuu.com/player/?PlayerID=11815136"">Masuda, Shu</a>",PH,75,132,116,0.233,0.315,0.328,0.643,9,11,27,20,4,2,1,38,1,0,10,0,19,2,4,2,0,11815136
2025,Climax Series - Final Stage,Hokkaido Nippon-Ham Fighters,66,"<a href=""https://proeyekyuu.com/player/?PlayerID=11815138"">Mannami, Chusei</a>",RF,6,26,21,0.333,0.423,0.476,0.899,1,1,7,5,1,1,0,10,0,1,4,1,4,0,0,0,1,11815138
2025,Climax Series - First Stage,Hokkaido Nippon-Ham Fighters,66,"<a href=""https://proeyekyuu.com/player/?PlayerID=11815138"">Mannami, Chusei</a>",RF,2,8,7,0.571,0.625,0.714,1.339,0,1,4,3,1,0,0,5,0,1,1,0,1,0,0,0,0,11815138
2025,Regular Season,Hokkaido Nippon-Ham Fighters,66,"<a href=""https://proeyekyuu.com/player/?PlayerID=11815138"">Mannami, Chusei</a>",RF,127,465,420,0.229,0.302,0.431,0.733,48,56,96,52,23,1,20,181,3,3,43,6,125,10,1,1,0,11815138
2025,Regular Season,Orix Buffaloes,32,"<a href=""https://proeyekyuu.com/player/?PlayerID=11815155"">Fukunaga, Sho</a>",C,39,74,66,0.152,0.219,0.258,0.477,5,6,10,6,2,1,1,17,0,0,4,0,23,1,2,1,1,11815155
2025,Regular Season,Chunichi Dragons,59,"<a href=""https://proeyekyuu.com/player/?PlayerID=11915130"">Saitoh, Kohki</a>",P,42,0,0,0.000,0.000,0.000,0.000,0,0,0,0,0,0,0,0,0,0,0,0,0,0,0,0,0,11915130
2025,Climax Series - Final Stage,Hanshin Tigers,12,"<a href=""https://proeyekyuu.com/player/?PlayerID=11915132"">Sakamoto, Seishiro</a>",C,3,11,7,0.143,0.400,0.143,0.543,0,0,1,1,0,0,0,1,0,0,3,0,4,0,0,1,0,11915132
2025,Japan Series,Hanshin Tigers,12,"<a href=""https://proeyekyuu.com/player/?PlayerID=11915132"">Sakamoto, Seishiro</a>",C,5,16,15,0.133,0.188,0.133,0.321,0,1,2,2,0,0,0,2,0,0,1,0,3,2,0,0,0,11915132
2025,Regular Season,Hanshin Tigers,12,"<a href=""https://proeyekyuu.com/player/?PlayerID=11915132"">Sakamoto, Seishiro</a>",C,117,414,340,0.247,0.357,0.326,0.683,21,27,84,62,19,1,2,111,2,2,53,6,91,6,5,16,0,11915132
2025,Regular Season,Hiroshima Toyo Carp,31,"<a href=""https://proeyekyuu.com/player/?PlayerID=11915134"">Sakakura, Shogo</a>",C,104,399,345,0.238,0.327,0.362,0.689,29,37,82,50,26,1,5,125,1,0,43,3,72,8,4,4,3,11915134
2025,Regular Season,Tokyo Yakult Swallows,20,"<a href=""https://proeyekyuu.com/player/?PlayerID=11915153"">Kizawa, Naofumi</a>",P,42,0,0,0.000,0.000,0.000,0.000,0,0,0,0,0,0,0,0,0,0,0,0,0,0,0,0,0,11915153
2025,Regular Season,Tohoku Rakuten Golden Eagles,53,"<a href=""https://proeyekyuu.com/player/?PlayerID=11915159"">Sakai, Haruto</a>",P,1,0,0,0.000,0.000,0.000,0.000,0,0,0,0,0,0,0,0,0,0,0,0,0,0,0,0,0,11915159
2025,Regular Season,Chunichi Dragons,52,"<a href=""https://proeyekyuu.com/player/?PlayerID=13015150"">Marte, Yunior</a>",P,35,0,0,0.000,0.000,0.000,0.000,0,0,0,0,0,0,0,0,0,0,0,0,0,0,0,0,0,13015150
2025,Regular Season,Tohoku Rakuten Golden Eagles,20,"<a href=""https://proeyekyuu.com/player/?PlayerID=13015155"">Turley, Nik</a>",P,2,0,0,0.000,0.000,0.000,0.000,0,0,0,0,0,0,0,0,0,0,0,0,0,0,0,0,0,13015155
2025,Regular Season,Hiroshima Toyo Carp,69,"<a href=""https://proeyekyuu.com/player/?PlayerID=13115136"">Yamaashi, Tatsuya</a>",1B,11,14,9,0.111,0.273,0.111,0.384,2,1,1,1,0,0,0,1,0,0,2,0,0,1,0,3,0,13115136
2025,Regular Season,Yomiuri Giants,57,"<a href=""https://proeyekyuu.com/player/?PlayerID=13115150"">Miyahara, Shunsuke</a>",P,14,0,0,0.000,0.000,0.000,0.000,0,0,0,0,0,0,0,0,0,0,0,0,0,0,0,0,0,13115150
2025,Climax Series - Final Stage,Yokohama DeNA Baystars,2,"<a href=""https://proeyekyuu.com/player/?PlayerID=13115153"">Maki, Shugo</a>",2B,3,11,9,0.222,0.364,0.556,0.920,1,1,2,1,0,0,1,5,0,0,2,0,2,0,0,0,0,13115153
2025,Climax Series - First Stage,Yokohama DeNA Baystars,2,"<a href=""https://proeyekyuu.com/player/?PlayerID=13115153"">Maki, Shugo</a>",2B,2,9,7,0.143,0.333,0.143,0.476,0,1,1,1,0,0,0,1,0,0,1,0,0,0,1,0,0,13115153
2025,Regular Season,Yokohama DeNA Baystars,2,"<a href=""https://proeyekyuu.com/player/?PlayerID=13115153"">Maki, Shugo</a>",2B,93,391,364,0.277,0.325,0.475,0.800,48,49,101,61,24,0,16,173,3,4,16,5,76,6,10,0,1,13115153
2025,Regular Season,Tohoku Rakuten Golden Eagles,45,"<a href=""https://proeyekyuu.com/player/?PlayerID=13115155"">Matsui, Tomotaka</a>",P,13,1,1,0.000,0.000,0.000,0.000,0,0,0,0,0,0,0,0,0,0,0,0,1,0,0,0,0,13115155
2025,Regular Season,Yomiuri Giants,031,"<a href=""https://proeyekyuu.com/player/?PlayerID=13115157"">Mitsuka, Rui</a>",PH,6,12,12,0.000,0.000,0.000,0.000,0,0,0,0,0,0,0,0,0,0,0,0,8,0,0,0,0,13115157
2025,Regular Season,Fukuoka Softbank Hawks,41,"<a href=""https://proeyekyuu.com/player/?PlayerID=13115159"">Maeda, Yugo</a>",P,3,0,0,0.000,0.000,0.000,0.000,0,0,0,0,0,0,0,0,0,0,0,0,0,0,0,0,0,13115159
2025,Regular Season,Orix Buffaloes,59,"<a href=""https://proeyekyuu.com/player/?PlayerID=13215157"">Perdomo, Luis</a>",P,51,0,0,0.000,0.000,0.000,0.000,0,0,0,0,0,0,0,0,0,0,0,0,0,0,0,0,0,13215157
2025,Regular Season,Hokkaido Nippon-Ham Fighters,49,"<a href=""https://proeyekyuu.com/player/?PlayerID=13315136"">Wakabayashi, Akihiro</a>",2B,5,7,7,0.143,0.143,0.143,0.286,0,0,1,1,0,0,0,1,0,0,0,0,1,0,0,0,0,13315136
2025,Climax Series - Final Stage,Hanshin Tigers,41,"<a href=""https://proeyekyuu.com/player/?PlayerID=13315153"">Murakami, Shoki</a>",P,1,1,1,0.000,0.000,0.000,0.000,0,0,0,0,0,0,0,0,0,0,0,0,1,0,0,0,0,13315153
2025,Japan Series,Hanshin Tigers,41,"<a href=""https://proeyekyuu.com/player/?PlayerID=13315153"">Murakami, Shoki</a>",P,2,0,0,0.000,0.000,0.000,0.000,0,0,0,0,0,0,0,0,0,0,0,0,0,0,0,0,0,13315153
2025,Regular Season,Hanshin Tigers,41,"<a href=""https://proeyekyuu.com/player/?PlayerID=13315153"">Murakami, Shoki</a>",P,26,61,53,0.075,0.093,0.075,0.168,0,0,4,4,0,0,0,4,0,0,1,0,31,1,0,7,0,13315153
2025,Regular Season,Tohoku Rakuten Golden Eagles,72,"<a href=""https://proeyekyuu.com/player/?PlayerID=13315155"">Miyamori, Satoshi</a>",P,10,0,0,0.000,0.000,0.000,0.000,0,0,0,0,0,0,0,0,0,0,0,0,0,0,0,0,0,13315155
2025,Regular Season,Fukuoka Softbank Hawks,54,"<a href=""https://proeyekyuu.com/player/?PlayerID=13415155"">Osuna, Roberto</a>",P,26,0,0,0.000,0.000,0.000,0.000,0,0,0,0,0,0,0,0,0,0,0,0,0,0,0,0,0,13415155
2025,Regular Season,Hiroshima Toyo Carp,49,"<a href=""https://proeyekyuu.com/player/?PlayerID=13515150"">Watanabe, Yuto</a>",1B,2,8,8,0.125,0.125,0.125,0.250,0,1,1,1,0,0,0,1,0,0,0,0,0,0,0,0,0,13515150
2025,Regular Season,Hokkaido Nippon-Ham Fighters,60,"<a href=""https://proeyekyuu.com/player/?PlayerID=13515157"">Yoshida, Kengo</a>",LF,47,112,106,0.217,0.259,0.406,0.665,9,9,23,12,6,1,4,43,0,1,5,0,20,5,1,0,0,13515157
2025,Regular Season,Yokohama DeNA Baystars,66,"<a href=""https://proeyekyuu.com/player/?PlayerID=13715132"">Viciedo, Dayan</a>",PH,43,90,81,0.259,0.322,0.383,0.705,8,6,21,15,4,0,2,31,0,0,6,0,8,3,2,0,1,13715132
2025,Japan Series,Hanshin Tigers,20,"<a href=""https://proeyekyuu.com/player/?PlayerID=13715150"">Duplantier, Jon</a>",P,1,0,0,0.000,0.000,0.000,0.000,0,0,0,0,0,0,0,0,0,0,0,0,0,0,0,0,0,13715150
2025,Regular Season,Hanshin Tigers,20,"<a href=""https://proeyekyuu.com/player/?PlayerID=13715150"">Duplantier, Jon</a>",P,15,28,26,0.038,0.038,0.038,0.076,0,0,1,1,0,0,0,1,0,0,0,0,16,0,0,2,0,13715150
2025,Climax Series - Final Stage,Yokohama DeNA Baystars,69,"<a href=""https://proeyekyuu.com/player/?PlayerID=13715159"">Kay, Anthony</a>",P,1,1,1,0.000,0.000,0.000,0.000,0,0,0,0,0,0,0,0,0,0,0,0,1,0,0,0,0,13715159
2025,Climax Series - First Stage,Yokohama DeNA Baystars,69,"<a href=""https://proeyekyuu.com/player/?PlayerID=13715159"">Kay, Anthony</a>",P,1,2,1,0.000,0.000,0.000,0.000,0,0,0,0,0,0,0,0,0,0,0,0,1,0,0,1,0,13715159
2025,Regular Season,Yokohama DeNA Baystars,69,"<a href=""https://proeyekyuu.com/player/?PlayerID=13715159"">Kay, Anthony</a>",P,24,49,36,0.111,0.135,0.139,0.274,1,2,4,3,1,0,0,5,0,0,1,0,19,0,0,12,0,13715159
2025,Regular Season,Chunichi Dragons,93,"<a href=""https://proeyekyuu.com/player/?PlayerID=13915150"">Muller, Kyle</a>",P,18,33,28,0.071,0.133,0.107,0.240,0,0,2,1,1,0,0,3,0,0,1,0,13,1,1,3,0,13915150
2025,Regular Season,Saitama Seibu Lions,40,"<a href=""https://proeyekyuu.com/player/?PlayerID=13915157"">Cedeno, Leandro</a>",DH,74,243,224,0.228,0.280,0.357,0.637,13,26,51,37,6,1,7,80,0,0,15,0,50,9,2,0,2,13915157
2025,Regular Season,Saitama Seibu Lions,50,"<a href=""https://proeyekyuu.com/player/?PlayerID=21025136"">Takamatsu, Wataru</a>",PR,27,19,17,0.059,0.059,0.059,0.118,4,0,1,1,0,0,0,1,7,1,0,0,8,0,0,2,0,21025136
2025,Regular Season,Hokkaido Nippon-Ham Fighters,41,"<a href=""https://proeyekyuu.com/player/?PlayerID=21025137"">Fukutani, Koji</a>",P,14,0,0,0.000,0.000,0.000,0.000,0,0,0,0,0,0,0,0,0,0,0,0,0,0,0,0,0,21025137
2025,Regular Season,Saitama Seibu Lions,16,"<a href=""https://proeyekyuu.com/player/?PlayerID=21025155"">Sumida, Chihiro</a>",P,23,2,1,0.000,0.000,0.000,0.000,0,0,0,0,0,0,0,0,0,0,0,0,0,0,0,1,0,21025155
2025,Regular Season,Chunichi Dragons,2,"<a href=""https://proeyekyuu.com/player/?PlayerID=21025157"">Tanaka, Mikiya</a>",2B,95,365,315,0.270,0.324,0.327,0.651,33,21,85,70,13,1,1,103,12,2,24,1,35,2,2,22,2,21025157
2025,Climax Series - Final Stage,Hokkaido Nippon-Ham Fighters,38,"<a href=""https://proeyekyuu.com/player/?PlayerID=21125134"">Ishii, Kazunari</a>",2B,5,15,13,0.154,0.214,0.154,0.368,1,0,2,2,0,0,0,2,0,0,1,0,3,0,0,1,0,21125134
2025,Climax Series - First Stage,Hokkaido Nippon-Ham Fighters,38,"<a href=""https://proeyekyuu.com/player/?PlayerID=21125134"">Ishii, Kazunari</a>",2B,1,4,4,0.000,0.000,0.000,0.000,0,0,0,0,0,0,0,0,0,0,0,0,1,0,0,0,0,21125134
2025,Regular Season,Hokkaido Nippon-Ham Fighters,38,"<a href=""https://proeyekyuu.com/player/?PlayerID=21125134"">Ishii, Kazunari</a>",2B,108,364,332,0.259,0.306,0.383,0.689,41,30,86,60,17,3,6,127,3,0,23,1,86,1,0,8,1,21125134
2025,Regular Season,Tokyo Yakult Swallows,12,"<a href=""https://proeyekyuu.com/player/?PlayerID=21125137"">Ishiyama, Taichi</a>",P,42,0,0,0.000,0.000,0.000,0.000,0,0,0,0,0,0,0,0,0,0,0,0,0,0,0,0,0,21125137
2025,Regular Season,Chunichi Dragons,9,"<a href=""https://proeyekyuu.com/player/?PlayerID=21125150"">Ishii, Yuta</a>",C,85,270,235,0.221,0.272,0.298,0.570,17,21,52,40,9,0,3,70,0,1,14,1,63,6,3,16,2,21125150
2025,Regular Season,Hiroshima Toyo Carp,32,"<a href=""https://proeyekyuu.com/player/?PlayerID=21125151"">Ishihara, Tomoki</a>",C,51,116,104,0.192,0.243,0.231,0.474,4,3,20,16,4,0,0,24,0,0,4,0,29,3,3,5,0,21125151
2025,Regular Season,Chiba Lotte Marines,00,"<a href=""https://proeyekyuu.com/player/?PlayerID=21125155"">Ikeda, Raito</a>",1B,83,249,227,0.238,0.282,0.352,0.634,22,20,54,38,11,0,5,80,2,1,11,0,45,8,4,4,3,21125155
2025,Climax Series - Final Stage,Yokohama DeNA Baystars,54,"<a href=""https://proeyekyuu.com/player/?PlayerID=21125159"">Ishida, Yutaro</a>",P,2,0,0,0.000,0.000,0.000,0.000,0,0,0,0,0,0,0,0,0,0,0,0,0,0,0,0,0,21125159
2025,Climax Series - First Stage,Yokohama DeNA Baystars,54,"<a href=""https://proeyekyuu.com/player/?PlayerID=21125159"">Ishida, Yutaro</a>",P,1,1,1,0.000,0.000,0.000,0.000,0,0,0,0,0,0,0,0,0,0,0,0,0,0,0,0,0,21125159
2025,Regular Season,Yokohama DeNA Baystars,54,"<a href=""https://proeyekyuu.com/player/?PlayerID=21125159"">Ishida, Yutaro</a>",P,21,26,23,0.087,0.125,0.087,0.212,1,2,2,2,0,0,0,2,0,0,1,0,8,0,0,2,0,21125159
2025,Regular Season,Tokyo Yakult Swallows,3,"<a href=""https://proeyekyuu.com/player/?PlayerID=21225133"">Nishikawa, Haruki</a>",PH,49,134,115,0.174,0.280,0.217,0.497,10,6,20,16,3,1,0,25,1,0,16,0,32,1,1,2,0,21225133
2025,Climax Series - Final Stage,Yokohama DeNA Baystars,64,"<a href=""https://proeyekyuu.com/player/?PlayerID=21225136"">Nakagawa, Koh</a>",P,2,0,0,0.000,0.000,0.000,0.000,0,0,0,0,0,0,0,0,0,0,0,0,0,0,0,0,0,21225136
2025,Regular Season,Yokohama DeNA Baystars,64,"<a href=""https://proeyekyuu.com/player/?PlayerID=21225136"">Nakagawa, Koh</a>",P,30,0,0,0.000,0.000,0.000,0.000,0,0,0,0,0,0,0,0,0,0,0,0,0,0,0,0,0,21225136
2025,Regular Season,Chunichi Dragons,38,"<a href=""https://proeyekyuu.com/player/?PlayerID=21225137"">Matsuba, Takahiro</a>",P,23,44,33,0.152,0.222,0.152,0.374,1,0,5,5,0,0,0,5,0,0,2,0,8,0,1,8,0,21225137
2025,Regular Season,Chiba Lotte Marines,18,"<a href=""https://proeyekyuu.com/player/?PlayerID=21225139"">Futaki, Kota</a>",P,1,0,0,0.000,0.000,0.000,0.000,0,0,0,0,0,0,0,0,0,0,0,0,0,0,0,0,0,21225139
2025,Climax Series - Final Stage,Hanshin Tigers,3,"<a href=""https://proeyekyuu.com/player/?PlayerID=21325134"">Ohyama, Yusuke</a>",1B,3,12,11,0.091,0.083,0.182,0.265,0,2,1,0,1,0,0,2,0,0,0,0,3,0,0,0,1,21325134
2025,Japan Series,Hanshin Tigers,3,"<a href=""https://proeyekyuu.com/player/?PlayerID=21325134"">Ohyama, Yusuke</a>",1B,5,21,18,0.056,0.190,0.056,0.246,1,1,1,1,0,0,0,1,0,0,2,0,4,0,1,0,0,21325134
2025,Regular Season,Hanshin Tigers,3,"<a href=""https://proeyekyuu.com/player/?PlayerID=21325134"">Ohyama, Yusuke</a>",1B,141,587,503,0.264,0.363,0.396,0.759,52,75,133,94,25,1,13,199,6,3,74,7,96,16,6,0,4,21325134
2025,Regular Season,Tohoku Rakuten Golden Eagles,27,"<a href=""https://proeyekyuu.com/player/?PlayerID=21325135"">Okajima, Takero</a>",LF,1,1,1,1.000,1.000,1.000,2.000,0,0,1,1,0,0,0,1,0,0,0,0,0,0,0,0,0,21325135
2025,Climax Series - First Stage,Yomiuri Giants,24,"<a href=""https://proeyekyuu.com/player/?PlayerID=21325136"">Ohshiro, Takumi</a>",PH,1,0,0,0.000,0.000,0.000,0.000,0,0,0,0,0,0,0,0,0,0,0,0,0,0,0,0,0,21325136
2025,Regular Season,Yomiuri Giants,24,"<a href=""https://proeyekyuu.com/player/?PlayerID=21325136"">Ohshiro, Takumi</a>",PH,56,99,91,0.187,0.242,0.319,0.561,6,10,17,11,3,0,3,29,0,0,6,1,27,4,1,0,1,21325136
2025,Regular Season,Hiroshima Toyo Carp,59,"<a href=""https://proeyekyuu.com/player/?PlayerID=21325138"">Ohmori, Minoru</a>",CF,102,173,162,0.265,0.304,0.370,0.674,28,11,43,33,6,1,3,60,7,2,9,1,42,2,0,2,0,21325138
2025,Climax Series - Final Stage,Hanshin Tigers,2,"<a href=""https://proeyekyuu.com/player/?PlayerID=21325139"">Umeno, Ryutaro</a>",C,1,0,0,0.000,0.000,0.000,0.000,0,0,0,0,0,0,0,0,0,0,0,0,0,0,0,0,0,21325139
2025,Japan Series,Hanshin Tigers,2,"<a href=""https://proeyekyuu.com/player/?PlayerID=21325139"">Umeno, Ryutaro</a>",C,1,1,1,0.000,0.000,0.000,0.000,0,0,0,0,0,0,0,0,0,0,0,0,1,0,0,0,0,21325139
2025,Regular Season,Hanshin Tigers,2,"<a href=""https://proeyekyuu.com/player/?PlayerID=21325139"">Umeno, Ryutaro</a>",C,52,132,118,0.220,0.270,0.254,0.524,7,2,26,22,4,0,0,30,2,3,7,4,29,2,1,6,0,21325139
2025,Regular Season,Fukuoka Softbank Hawks,69,"<a href=""https://proeyekyuu.com/player/?PlayerID=21325150"">Iwasaki, Shunsuke</a>",P,1,0,0,0.000,0.000,0.000,0.000,0,0,0,0,0,0,0,0,0,0,0,0,0,0,0,0,0,21325150
2025,Climax Series - Final Stage,Hokkaido Nippon-Ham Fighters,61,"<a href=""https://proeyekyuu.com/player/?PlayerID=21325153"">Imagawa, Yuma</a>",LF,1,3,2,0.500,0.667,0.500,1.167,0,0,1,1,0,0,0,1,0,0,0,0,1,0,1,0,0,21325153
2025,Regular Season,Hokkaido Nippon-Ham Fighters,61,"<a href=""https://proeyekyuu.com/player/?PlayerID=21325153"">Imagawa, Yuma</a>",LF,18,57,53,0.245,0.298,0.415,0.713,9,5,13,8,3,0,2,22,0,0,4,0,14,2,0,0,0,21325153
2025,Regular Season,Fukuoka Softbank Hawks,60,"<a href=""https://proeyekyuu.com/player/?PlayerID=21325157"">Ohno, Kazuo</a>",P,4,0,0,0.000,0.000,0.000,0.000,0,0,0,0,0,0,0,0,0,0,0,0,0,0,0,0,0,21325157
2025,Climax Series - First Stage,Yomiuri Giants,8,"<a href=""https://proeyekyuu.com/player/?PlayerID=21425116"">Maru, Yoshihiro</a>",RF,2,7,7,0.143,0.143,0.143,0.286,0,0,1,1,0,0,0,1,0,0,0,0,1,1,0,0,0,21425116
2025,Regular Season,Yomiuri Giants,8,"<a href=""https://proeyekyuu.com/player/?PlayerID=21425116"">Maru, Yoshihiro</a>",RF,90,369,326,0.267,0.345,0.399,0.744,30,26,87,59,19,3,6,130,5,4,40,5,57,5,0,1,2,21425116
2025,Climax Series - Final Stage,Fukuoka Softbank Hawks,5,"<a href=""https://proeyekyuu.com/player/?PlayerID=21425139"">Yamakawa, Hotaka</a>",DH,6,22,18,0.222,0.364,0.389,0.753,2,2,4,3,0,0,1,7,0,0,3,1,7,0,1,0,0,21425139
2025,Japan Series,Fukuoka Softbank Hawks,5,"<a href=""https://proeyekyuu.com/player/?PlayerID=21425139"">Yamakawa, Hotaka</a>",DH,5,19,13,0.385,0.579,1.154,1.733,3,7,5,1,1,0,3,15,0,0,6,2,5,0,0,0,0,21425139
2025,Regular Season,Fukuoka Softbank Hawks,5,"<a href=""https://proeyekyuu.com/player/?PlayerID=21425139"">Yamakawa, Hotaka</a>",DH,130,496,443,0.226,0.300,0.402,0.702,45,62,100,68,9,0,23,178,0,0,45,3,126,7,4,0,4,21425139
2025,Regular Season,Chunichi Dragons,13,"<a href=""https://proeyekyuu.com/player/?PlayerID=21425151"">Hashimoto, Yuki</a>",P,42,0,0,0.000,0.000,0.000,0.000,0,0,0,0,0,0,0,0,0,0,0,0,0,0,0,0,0,21425151
2025,Regular Season,Yokohama DeNA Baystars,53,"<a href=""https://proeyekyuu.com/player/?PlayerID=21425153"">Nakagawa, Hayate</a>",P,27,1,1,1.000,1.000,1.000,2.000,0,0,1,1,0,0,0,1,0,0,0,0,0,0,0,0,0,21425153
2025,Regular Season,Tohoku Rakuten Golden Eagles,32,"<a href=""https://proeyekyuu.com/player/?PlayerID=21425159"">Nakashima, Daisuke</a>",LF,124,491,462,0.266,0.294,0.351,0.645,51,31,123,101,11,5,6,162,22,4,17,0,75,4,2,8,2,21425159
2025,Regular Season,Chiba Lotte Marines,19,"<a href=""https://proeyekyuu.com/player/?PlayerID=21525116"">Karakawa, Yuki</a>",P,2,0,0,0.000,0.000,0.000,0.000,0,0,0,0,0,0,0,0,0,0,0,0,0,0,0,0,0,21525116
2025,Regular Season,Tokyo Yakult Swallows,38,"<a href=""https://proeyekyuu.com/player/?PlayerID=21525136"">Kitamura, Takumi</a>",3B,62,132,116,0.190,0.254,0.293,0.547,9,7,22,16,3,0,3,34,0,1,6,0,29,1,4,6,0,21525136
2025,Regular Season,Chunichi Dragons,41,"<a href=""https://proeyekyuu.com/player/?PlayerID=21525138"">Katsuno, Akiyoshi</a>",P,25,0,0,0.000,0.000,0.000,0.000,0,0,0,0,0,0,0,0,0,0,0,0,0,0,0,0,0,21525138
2025,Regular Season,Tohoku Rakuten Golden Eagles,41,"<a href=""https://proeyekyuu.com/player/?PlayerID=21525139"">Kajiya, Ren</a>",P,54,0,0,0.000,0.000,0.000,0.000,0,0,0,0,0,0,0,0,0,0,0,0,0,0,0,0,0,21525139
2025,Regular Season,Yokohama DeNA Baystars,37,"<a href=""https://proeyekyuu.com/player/?PlayerID=21525150"">Kato, Hibiki</a>",3B,9,18,17,0.176,0.222,0.176,0.398,2,0,3,3,0,0,0,3,0,0,1,0,6,0,0,0,0,21525150
2025,Regular Season,Hiroshima Toyo Carp,36,"<a href=""https://proeyekyuu.com/player/?PlayerID=21625130"">Horie, Atsuya</a>",P,28,0,0,0.000,0.000,0.000,0.000,0,0,0,0,0,0,0,0,0,0,0,0,0,0,0,0,0,21625130
2025,Climax Series - First Stage,Orix Buffaloes,30,"<a href=""https://proeyekyuu.com/player/?PlayerID=21625132"">Hirooka, Taishi</a>",CF,2,7,7,0.286,0.286,0.286,0.572,1,0,2,2,0,0,0,2,0,0,0,0,1,0,0,0,0,21625132
2025,Regular Season,Orix Buffaloes,30,"<a href=""https://proeyekyuu.com/player/?PlayerID=21625132"">Hirooka, Taishi</a>",CF,118,453,402,0.254,0.317,0.348,0.665,43,34,102,79,15,1,7,140,9,7,39,0,90,9,0,8,4,21625132
2025,Regular Season,Chunichi Dragons,54,"<a href=""https://proeyekyuu.com/player/?PlayerID=21625134"">Fujishima, Kento</a>",P,60,0,0,0.000,0.000,0.000,0.000,0,0,0,0,0,0,0,0,0,0,0,0,0,0,0,0,0,21625134
2025,Climax Series - Final Stage,Hokkaido Nippon-Ham Fighters,7,"<a href=""https://proeyekyuu.com/player/?PlayerID=21625135"">Matsumoto, Go</a>",LF,3,3,3,0.333,0.333,0.333,0.666,0,0,1,1,0,0,0,1,0,0,0,0,0,1,0,0,0,21625135
2025,Climax Series - First Stage,Hokkaido Nippon-Ham Fighters,7,"<a href=""https://proeyekyuu.com/player/?PlayerID=21625135"">Matsumoto, Go</a>",LF,2,4,4,0.250,0.250,0.250,0.500,0,0,1,1,0,0,0,1,0,0,0,0,2,0,0,0,0,21625135
2025,Regular Season,Hokkaido Nippon-Ham Fighters,7,"<a href=""https://proeyekyuu.com/player/?PlayerID=21625135"">Matsumoto, Go</a>",LF,66,185,160,0.188,0.282,0.225,0.507,13,7,30,25,4,1,0,36,3,4,17,0,24,5,4,4,0,21625135
2025,Regular Season,Chiba Lotte Marines,6,"<a href=""https://proeyekyuu.com/player/?PlayerID=21625150"">Nishikawa, Misho</a>",LF,108,444,417,0.281,0.318,0.381,0.699,42,37,117,84,27,3,3,159,1,0,16,0,85,6,8,0,3,21625150
2025,Regular Season,Yomiuri Giants,91,"<a href=""https://proeyekyuu.com/player/?PlayerID=21625151"">Hotta, Kenshin</a>",P,8,5,5,0.400,0.400,0.400,0.800,1,0,2,2,0,0,0,2,0,0,0,0,2,0,0,0,0,21625151
2025,Regular Season,Chunichi Dragons,97,"<a href=""https://proeyekyuu.com/player/?PlayerID=21625157"">Higuchi, Seishu</a>",PR,33,25,22,0.091,0.130,0.091,0.221,2,0,2,2,0,0,0,2,5,3,1,0,8,0,0,2,0,21625157
2025,Climax Series - Final Stage,Hokkaido Nippon-Ham Fighters,48,"<a href=""https://proeyekyuu.com/player/?PlayerID=21725138"">Saito, Yukiya</a>",P,2,0,0,0.000,0.000,0.000,0.000,0,0,0,0,0,0,0,0,0,0,0,0,0,0,0,0,0,21725138
2025,Climax Series - First Stage,Hokkaido Nippon-Ham Fighters,48,"<a href=""https://proeyekyuu.com/player/?PlayerID=21725138"">Saito, Yukiya</a>",P,2,0,0,0.000,0.000,0.000,0.000,0,0,0,0,0,0,0,0,0,0,0,0,0,0,0,0,0,21725138
2025,Regular Season,Hokkaido Nippon-Ham Fighters,48,"<a href=""https://proeyekyuu.com/player/?PlayerID=21725138"">Saito, Yukiya</a>",P,47,0,0,0.000,0.000,0.000,0.000,0,0,0,0,0,0,0,0,0,0,0,0,0,0,0,0,0,21725138
2025,Regular Season,Tohoku Rakuten Golden Eagles,66,"<a href=""https://proeyekyuu.com/player/?PlayerID=21725139"">Konno, Ryuta</a>",P,42,0,0,0.000,0.000,0.000,0.000,0,0,0,0,0,0,0,0,0,0,0,0,0,0,0,0,0,21725139
2025,Regular Season,Saitama Seibu Lions,57,"<a href=""https://proeyekyuu.com/player/?PlayerID=21725155"">Kuroda, Masaya</a>",P,8,0,0,0.000,0.000,0.000,0.000,0,0,0,0,0,0,0,0,0,0,0,0,0,0,0,0,0,21725155
2025,Regular Season,Orix Buffaloes,95,"<a href=""https://proeyekyuu.com/player/?PlayerID=21725157"">Saiki, Kaito</a>",P,38,0,0,0.000,0.000,0.000,0.000,0,0,0,0,0,0,0,0,0,0,0,0,0,0,0,0,0,21725157
2025,Regular Season,Tohoku Rakuten Golden Eagles,17,"<a href=""https://proeyekyuu.com/player/?PlayerID=21725159"">Koja, Tatsuki</a>",P,19,0,0,0.000,0.000,0.000,0.000,0,0,0,0,0,0,0,0,0,0,0,0,0,0,0,0,0,21725159
2025,Climax Series - Final Stage,Hokkaido Nippon-Ham Fighters,18,"<a href=""https://proeyekyuu.com/player/?PlayerID=21825130"">Yamasaki, Sachiya</a>",P,2,0,0,0.000,0.000,0.000,0.000,0,0,0,0,0,0,0,0,0,0,0,0,0,0,0,0,0,21825130
2025,Regular Season,Hokkaido Nippon-Ham Fighters,18,"<a href=""https://proeyekyuu.com/player/?PlayerID=21825130"">Yamasaki, Sachiya</a>",P,20,7,7,0.143,0.143,0.143,0.286,0,2,1,1,0,0,0,1,0,0,0,0,1,0,0,0,0,21825130
2025,Regular Season,Saitama Seibu Lions,35,"<a href=""https://proeyekyuu.com/player/?PlayerID=21825134"">Matsubara, Seiya</a>",LF,8,24,22,0.273,0.273,0.318,0.591,1,0,6,5,1,0,0,7,0,0,0,0,6,0,0,2,0,21825134
2025,Regular Season,Saitama Seibu Lions,4,"<a href=""https://proeyekyuu.com/player/?PlayerID=21825138"">Yamanobe, Kakeru</a>",PR,5,3,3,0.000,0.000,0.000,0.000,1,0,0,0,0,0,0,0,1,0,0,0,1,0,0,0,0,21825138
2025,Regular Season,Tokyo Yakult Swallows,37,"<a href=""https://proeyekyuu.com/player/?PlayerID=21825138"">Yamanobe, Kakeru</a>",PH,17,24,19,0.211,0.318,0.263,0.581,2,2,4,3,1,0,0,5,2,0,2,1,2,0,1,2,0,21825138
2025,Regular Season,Yomiuri Giants,66,"<a href=""https://proeyekyuu.com/player/?PlayerID=21825153"">Heinai, Ryuta</a>",P,12,2,1,0.000,0.000,0.000,0.000,0,0,0,0,0,0,0,0,0,0,0,0,1,0,0,1,0,21825153
2025,Climax Series - Final Stage,Hanshin Tigers,58,"<a href=""https://proeyekyuu.com/player/?PlayerID=21825155"">Maegawa, Ukyo</a>",LF,3,6,6,0.000,0.000,0.000,0.000,0,0,0,0,0,0,0,0,0,0,0,0,3,0,0,0,0,21825155
2025,Japan Series,Hanshin Tigers,58,"<a href=""https://proeyekyuu.com/player/?PlayerID=21825155"">Maegawa, Ukyo</a>",LF,1,4,3,0.000,0.250,0.000,0.250,0,0,0,0,0,0,0,0,0,0,0,0,0,0,1,0,0,21825155
2025,Regular Season,Hanshin Tigers,58,"<a href=""https://proeyekyuu.com/player/?PlayerID=21825155"">Maegawa, Ukyo</a>",LF,69,209,195,0.246,0.297,0.323,0.620,11,15,48,36,10,1,1,63,0,1,8,2,30,2,6,0,0,21825155
2025,Climax Series - Final Stage,Yokohama DeNA Baystars,5,"<a href=""https://proeyekyuu.com/player/?PlayerID=21825157"">Matsuo, Shion</a>",C,2,2,2,0.500,0.500,0.500,1.000,0,0,1,1,0,0,0,1,0,0,0,0,0,0,0,0,0,21825157
2025,Climax Series - First Stage,Yokohama DeNA Baystars,5,"<a href=""https://proeyekyuu.com/player/?PlayerID=21825157"">Matsuo, Shion</a>",C,1,1,1,0.000,0.000,0.000,0.000,0,0,0,0,0,0,0,0,0,0,0,0,0,0,0,0,0,21825157
2025,Regular Season,Yokohama DeNA Baystars,5,"<a href=""https://proeyekyuu.com/player/?PlayerID=21825157"">Matsuo, Shion</a>",C,77,191,176,0.250,0.293,0.347,0.640,19,18,44,35,5,0,4,61,1,1,9,1,17,8,3,0,3,21825157
2025,Regular Season,Yomiuri Giants,43,"<a href=""https://proeyekyuu.com/player/?PlayerID=21925132"">Shigenobu, Shinnosuke</a>",RF,10,3,3,0.333,0.333,0.333,0.666,1,0,1,1,0,0,0,1,1,0,0,0,2,0,0,0,0,21925132
2025,Climax Series - Final Stage,Fukuoka Softbank Hawks,23,"<a href=""https://proeyekyuu.com/player/?PlayerID=21925136"">Shuto, Ukyo</a>",CF,6,16,14,0.143,0.250,0.143,0.393,0,0,2,2,0,0,0,2,1,0,2,0,4,0,0,0,0,21925136
2025,Japan Series,Fukuoka Softbank Hawks,23,"<a href=""https://proeyekyuu.com/player/?PlayerID=21925136"">Shuto, Ukyo</a>",CF,5,24,22,0.364,0.364,0.500,0.864,3,1,8,6,1,1,0,11,1,0,0,0,3,0,0,1,0,21925136
2025,Regular Season,Fukuoka Softbank Hawks,23,"<a href=""https://proeyekyuu.com/player/?PlayerID=21925136"">Shuto, Ukyo</a>",CF,96,430,384,0.286,0.357,0.354,0.711,45,36,110,92,13,2,3,136,35,4,37,2,73,5,5,4,0,21925136
2025,Regular Season,Tokyo Yakult Swallows,40,"<a href=""https://proeyekyuu.com/player/?PlayerID=21925139"">Takanashi, Hirotoshi</a>",P,17,27,24,0.042,0.042,0.042,0.084,1,0,1,1,0,0,0,1,0,0,0,0,15,0,0,3,0,21925139
2025,Regular Season,Saitama Seibu Lions,2,"<a href=""https://proeyekyuu.com/player/?PlayerID=21925150"">Saito, Hiroto</a>",SS,4,12,11,0.091,0.167,0.091,0.258,0,0,1,1,0,0,0,1,0,1,1,0,3,1,0,0,0,21925150
2025,Climax Series - Final Stage,Hokkaido Nippon-Ham Fighters,30,"<a href=""https://proeyekyuu.com/player/?PlayerID=21925151"">Gunji, Yuya</a>",3B,6,26,22,0.273,0.346,0.455,0.801,2,5,6,2,4,0,0,10,0,0,3,0,8,1,0,0,1,21925151
2025,Climax Series - First Stage,Hokkaido Nippon-Ham Fighters,30,"<a href=""https://proeyekyuu.com/player/?PlayerID=21925151"">Gunji, Yuya</a>",3B,2,8,7,0.429,0.500,1.000,1.500,3,1,3,1,1,0,1,7,0,0,0,0,2,0,1,0,0,21925151
2025,Regular Season,Hokkaido Nippon-Ham Fighters,30,"<a href=""https://proeyekyuu.com/player/?PlayerID=21925151"">Gunji, Yuya</a>",3B,111,422,364,0.297,0.379,0.420,0.799,46,42,108,83,15,0,10,153,0,0,45,0,71,7,6,2,5,21925151
2025,Regular Season,Orix Buffaloes,27,"<a href=""https://proeyekyuu.com/player/?PlayerID=21925153"">Gen, Kendai</a>",LF,31,10,7,0.143,0.333,0.143,0.476,6,0,1,1,0,0,0,1,0,0,2,0,3,0,0,1,0,21925153
2025,Regular Season,Yomiuri Giants,009,"<a href=""https://proeyekyuu.com/player/?PlayerID=21925155"">Sasahara, Misaki</a>",RF,13,22,20,0.100,0.182,0.100,0.282,1,0,2,2,0,0,0,2,0,0,2,0,7,0,0,0,0,21925155
2025,Regular Season,Tohoku Rakuten Golden Eagles,19,"<a href=""https://proeyekyuu.com/player/?PlayerID=21925157"">Shoji, Kosei</a>",P,13,0,0,0.000,0.000,0.000,0.000,0,0,0,0,0,0,0,0,0,0,0,0,0,0,0,0,0,21925157
2025,Regular Season,Hanshin Tigers,26,"<a href=""https://proeyekyuu.com/player/?PlayerID=21925159"">Shiiba, Tsuyoshi</a>",P,3,0,0,0.000,0.000,0.000,0.000,0,0,0,0,0,0,0,0,0,0,0,0,0,0,0,0,0,21925159
2025,Regular Season,Saitama Seibu Lions,10,"<a href=""https://proeyekyuu.com/player/?PlayerID=23025150"">Davis, Jonathan</a>",3B,36,131,113,0.204,0.313,0.310,0.623,8,9,23,17,3,0,3,35,0,0,17,0,24,4,1,0,0,23025150
2025,Climax Series - Final Stage,Yokohama DeNA Baystars,50,"<a href=""https://proeyekyuu.com/player/?PlayerID=23125136"">Yamamoto, Yuudai</a>",C,3,9,8,0.125,0.125,0.125,0.250,0,0,1,1,0,0,0,1,0,0,0,0,2,0,0,1,0,23125136
2025,Climax Series - First Stage,Yokohama DeNA Baystars,50,"<a href=""https://proeyekyuu.com/player/?PlayerID=23125136"">Yamamoto, Yuudai</a>",C,2,9,8,0.125,0.111,0.125,0.236,1,1,1,1,0,0,0,1,0,0,0,0,1,1,0,0,1,23125136
2025,Regular Season,Yokohama DeNA Baystars,50,"<a href=""https://proeyekyuu.com/player/?PlayerID=23125136"">Yamamoto, Yuudai</a>",C,104,344,313,0.262,0.300,0.364,0.664,22,41,82,58,19,2,3,114,0,0,16,2,40,5,4,4,7,23125136
2025,Regular Season,Chiba Lotte Marines,60,"<a href=""https://proeyekyuu.com/player/?PlayerID=23125151"">Yokoyama, Rikuto</a>",P,50,0,0,0.000,0.000,0.000,0.000,0,0,0,0,0,0,0,0,0,0,0,0,0,0,0,0,0,23125151
2025,Regular Season,Saitama Seibu Lions,70,"<a href=""https://proeyekyuu.com/player/?PlayerID=23125153"">Mameda, Taishi</a>",P,3,0,0,0.000,0.000,0.000,0.000,0,0,0,0,0,0,0,0,0,0,0,0,0,0,0,0,0,23125153
2025,Regular Season,Chunichi Dragons,69,"<a href=""https://proeyekyuu.com/player/?PlayerID=23125155"">Miura, Mizuki</a>",P,7,9,8,0.125,0.222,0.125,0.347,1,0,1,1,0,0,0,1,0,0,1,0,2,0,0,0,0,23125155
2025,Regular Season,Saitama Seibu Lions,73,"<a href=""https://proeyekyuu.com/player/?PlayerID=23125157"">Higuma, Montell</a>",CF,12,11,11,0.091,0.091,0.091,0.182,1,0,1,1,0,0,0,1,1,0,0,0,5,0,0,0,0,23125157
2025,Regular Season,Yokohama DeNA Baystars,34,"<a href=""https://proeyekyuu.com/player/?PlayerID=23125159"">Matsumoto, Ryoto</a>",P,4,0,0,0.000,0.000,0.000,0.000,0,0,0,0,0,0,0,0,0,0,0,0,0,0,0,0,0,23125159
2025,Climax Series - First Stage,Yomiuri Giants,49,"<a href=""https://proeyekyuu.com/player/?PlayerID=23225157"">Baldonado, Alberto</a>",P,2,0,0,0.000,0.000,0.000,0.000,0,0,0,0,0,0,0,0,0,0,0,0,0,0,0,0,0,23225157
2025,Regular Season,Yomiuri Giants,49,"<a href=""https://proeyekyuu.com/player/?PlayerID=23225157"">Baldonado, Alberto</a>",P,19,0,0,0.000,0.000,0.000,0.000,0,0,0,0,0,0,0,0,0,0,0,0,0,0,0,0,0,23225157
2025,Regular Season,Chiba Lotte Marines,33,"<a href=""https://proeyekyuu.com/player/?PlayerID=23325155"">Yagi, Akira</a>",P,27,0,0,0.000,0.000,0.000,0.000,0,0,0,0,0,0,0,0,0,0,0,0,0,0,0,0,0,23325155
2025,Regular Season,Tokyo Yakult Swallows,13,"<a href=""https://proeyekyuu.com/player/?PlayerID=23525153"">Osuna, Jose</a>",1B,141,574,528,0.256,0.307,0.377,0.684,38,67,135,99,22,0,14,199,4,1,40,6,76,13,1,0,5,23525153
2025,Regular Season,Tohoku Rakuten Golden Eagles,31,"<a href=""https://proeyekyuu.com/player/?PlayerID=23525157"">Watanabe, Shota</a>",P,26,0,0,0.000,0.000,0.000,0.000,0,0,0,0,0,0,0,0,0,0,0,0,0,0,0,0,0,23525157
2025,Regular Season,Tohoku Rakuten Golden Eagles,15,"<a href=""https://proeyekyuu.com/player/?PlayerID=23725150"">Howard, Spencer</a>",P,9,3,3,0.000,0.000,0.000,0.000,0,0,0,0,0,0,0,0,0,0,0,0,2,0,0,0,0,23725150
2025,Climax Series - First Stage,Yomiuri Giants,92,"<a href=""https://proeyekyuu.com/player/?PlayerID=23925134"">Martinez, Raidel</a>",P,1,0,0,0.000,0.000,0.000,0.000,0,0,0,0,0,0,0,0,0,0,0,0,0,0,0,0,0,23925134
2025,Regular Season,Yomiuri Giants,92,"<a href=""https://proeyekyuu.com/player/?PlayerID=23925134"">Martinez, Raidel</a>",P,58,0,0,0.000,0.000,0.000,0.000,0,0,0,0,0,0,0,0,0,0,0,0,0,0,0,0,0,23925134
2025,Regular Season,Chiba Lotte Marines,69,"<a href=""https://proeyekyuu.com/player/?PlayerID=23925150"">Acevedo, Stiven</a>",DH,5,12,11,0.182,0.250,0.455,0.705,1,2,2,1,0,0,1,5,0,0,1,0,3,0,0,0,0,23925150
2025,Regular Season,Saitama Seibu Lions,61,"<a href=""https://proeyekyuu.com/player/?PlayerID=31035136"">Taira, Kaima</a>",P,54,0,0,0.000,0.000,0.000,0.000,0,0,0,0,0,0,0,0,0,0,0,0,0,0,0,0,0,31035136
2025,Regular Season,Chiba Lotte Marines,34,"<a href=""https://proeyekyuu.com/player/?PlayerID=31035157"">Takano, Shuta</a>",P,37,1,1,0.000,0.000,0.000,0.000,0,0,0,0,0,0,0,0,0,0,0,0,0,0,0,0,0,31035157
2025,Regular Season,Hiroshima Toyo Carp,27,"<a href=""https://proeyekyuu.com/player/?PlayerID=31135114"">Aizawa, Tsubasa</a>",C,24,55,43,0.116,0.269,0.140,0.409,4,1,5,4,1,0,0,6,0,1,7,2,16,1,2,3,0,31135114
2025,Climax Series - Final Stage,Hokkaido Nippon-Ham Fighters,8,"<a href=""https://proeyekyuu.com/player/?PlayerID=31135130"">Asama, Daiki</a>",LF,1,3,3,0.000,0.000,0.000,0.000,0,0,0,0,0,0,0,0,0,0,0,0,0,0,0,0,0,31135130
2025,Climax Series - First Stage,Hokkaido Nippon-Ham Fighters,8,"<a href=""https://proeyekyuu.com/player/?PlayerID=31135130"">Asama, Daiki</a>",LF,1,0,0,0.000,0.000,0.000,0.000,0,0,0,0,0,0,0,0,0,0,0,0,0,0,0,0,0,31135130
2025,Regular Season,Hokkaido Nippon-Ham Fighters,8,"<a href=""https://proeyekyuu.com/player/?PlayerID=31135130"">Asama, Daiki</a>",LF,39,108,92,0.185,0.292,0.272,0.564,4,7,17,13,2,0,2,25,2,0,14,0,19,1,0,2,0,31135130
2025,Regular Season,Hiroshima Toyo Carp,9,"<a href=""https://proeyekyuu.com/player/?PlayerID=31135133"">Akiyama, Shogo</a>",PH,64,157,145,0.262,0.314,0.324,0.638,12,5,38,31,6,0,1,47,0,0,9,0,27,2,2,1,0,31135133
2025,Regular Season,Hiroshima Toyo Carp,48,"<a href=""https://proeyekyuu.com/player/?PlayerID=31135134"">Aduwa, Makoto</a>",P,4,3,3,0.000,0.000,0.000,0.000,0,0,0,0,0,0,0,0,0,0,0,0,2,0,0,0,0,31135134
2025,Regular Season,Chiba Lotte Marines,24,"<a href=""https://proeyekyuu.com/player/?PlayerID=31135138"">Azuma, Yusuke</a>",P,6,0,0,0.000,0.000,0.000,0.000,0,0,0,0,0,0,0,0,0,0,0,0,0,0,0,0,0,31135138
2025,Regular Season,Tohoku Rakuten Golden Eagles,44,"<a href=""https://proeyekyuu.com/player/?PlayerID=31235130"">Tanaka, Takaya</a>",C,12,5,3,0.333,0.500,0.333,0.833,0,0,1,1,0,0,0,1,0,0,1,0,2,0,0,1,0,31235130
2025,Regular Season,Hiroshima Toyo Carp,21,"<a href=""https://proeyekyuu.com/player/?PlayerID=31235133"">Nakazaki, Shota</a>",P,51,0,0,0.000,0.000,0.000,0.000,0,0,0,0,0,0,0,0,0,0,0,0,0,0,0,0,0,31235133
2025,Climax Series - Final Stage,Hokkaido Nippon-Ham Fighters,26,"<a href=""https://proeyekyuu.com/player/?PlayerID=31235134"">Tanaka, Seigi</a>",P,2,0,0,0.000,0.000,0.000,0.000,0,0,0,0,0,0,0,0,0,0,0,0,0,0,0,0,0,31235134
2025,Climax Series - First Stage,Hokkaido Nippon-Ham Fighters,26,"<a href=""https://proeyekyuu.com/player/?PlayerID=31235134"">Tanaka, Seigi</a>",P,1,0,0,0.000,0.000,0.000,0.000,0,0,0,0,0,0,0,0,0,0,0,0,0,0,0,0,0,31235134
2025,Regular Season,Hokkaido Nippon-Ham Fighters,26,"<a href=""https://proeyekyuu.com/player/?PlayerID=31235134"">Tanaka, Seigi</a>",P,49,0,0,0.000,0.000,0.000,0.000,0,0,0,0,0,0,0,0,0,0,0,0,0,0,0,0,0,31235134
2025,Regular Season,Tohoku Rakuten Golden Eagles,57,"<a href=""https://proeyekyuu.com/player/?PlayerID=31235151"">Takinaka, Ryota</a>",P,15,3,0,0.000,1.000,0.000,1.000,2,0,0,0,0,0,0,0,0,0,3,0,0,0,0,0,0,31235151
2025,Regular Season,Hiroshima Toyo Carp,30,"<a href=""https://proeyekyuu.com/player/?PlayerID=31235159"">Takita, Kazuki</a>",P,7,0,0,0.000,0.000,0.000,0.000,0,0,0,0,0,0,0,0,0,0,0,0,0,0,0,0,0,31235159
2025,Climax Series - First Stage,Orix Buffaloes,40,"<a href=""https://proeyekyuu.com/player/?PlayerID=31335116"">Iwasaki, Sho</a>",P,2,0,0,0.000,0.000,0.000,0.000,0,0,0,0,0,0,0,0,0,0,0,0,0,0,0,0,0,31335116
2025,Regular Season,Chunichi Dragons,16,"<a href=""https://proeyekyuu.com/player/?PlayerID=31335116"">Iwasaki, Sho</a>",P,4,0,0,0.000,0.000,0.000,0.000,0,0,0,0,0,0,0,0,0,0,0,0,0,0,0,0,0,31335116
2025,Regular Season,Orix Buffaloes,40,"<a href=""https://proeyekyuu.com/player/?PlayerID=31335116"">Iwasaki, Sho</a>",P,37,0,0,0.000,0.000,0.000,0.000,0,0,0,0,0,0,0,0,0,0,0,0,0,0,0,0,0,31335116
2025,Climax Series - Final Stage,Fukuoka Softbank Hawks,6,"<a href=""https://proeyekyuu.com/player/?PlayerID=31335131"">Imamiya, Kenta</a>",SS,3,12,12,0.167,0.167,0.250,0.417,0,0,2,1,1,0,0,3,0,0,0,0,2,0,0,0,0,31335131
2025,Japan Series,Fukuoka Softbank Hawks,6,"<a href=""https://proeyekyuu.com/player/?PlayerID=31335131"">Imamiya, Kenta</a>",SS,4,7,7,0.143,0.143,0.143,0.286,0,0,1,1,0,0,0,1,0,0,0,0,2,1,0,0,0,31335131
2025,Regular Season,Fukuoka Softbank Hawks,6,"<a href=""https://proeyekyuu.com/player/?PlayerID=31335131"">Imamiya, Kenta</a>",SS,46,182,161,0.255,0.313,0.354,0.667,14,12,41,30,8,1,2,57,0,0,12,0,23,7,2,6,1,31335131
2025,Regular Season,Orix Buffaloes,58,"<a href=""https://proeyekyuu.com/player/?PlayerID=31335132"">Iguchi, Kazutomo</a>",P,5,0,0,0.000,0.000,0.000,0.000,0,0,0,0,0,0,0,0,0,0,0,0,0,0,0,0,0,31335132
2025,Regular Season,Saitama Seibu Lions,48,"<a href=""https://proeyekyuu.com/player/?PlayerID=31335134"">Imai, Tatsuya</a>",P,24,6,6,0.000,0.000,0.000,0.000,0,0,0,0,0,0,0,0,0,0,0,0,4,0,0,0,0,31335134
2025,Regular Season,Hiroshima Toyo Carp,0,"<a href=""https://proeyekyuu.com/player/?PlayerID=31335137"">Uemoto, Takashi</a>",PH,21,31,27,0.185,0.241,0.222,0.463,1,0,5,4,1,0,0,6,0,0,2,0,8,1,0,2,0,31335137
2025,Climax Series - Final Stage,Hanshin Tigers,13,"<a href=""https://proeyekyuu.com/player/?PlayerID=31335139"">Iwazaki, Suguru</a>",P,2,0,0,0.000,0.000,0.000,0.000,0,0,0,0,0,0,0,0,0,0,0,0,0,0,0,0,0,31335139
2025,Japan Series,Hanshin Tigers,13,"<a href=""https://proeyekyuu.com/player/?PlayerID=31335139"">Iwazaki, Suguru</a>",P,2,0,0,0.000,0.000,0.000,0.000,0,0,0,0,0,0,0,0,0,0,0,0,0,0,0,0,0,31335139
2025,Regular Season,Hanshin Tigers,13,"<a href=""https://proeyekyuu.com/player/?PlayerID=31335139"">Iwazaki, Suguru</a>",P,53,0,0,0.000,0.000,0.000,0.000,0,0,0,0,0,0,0,0,0,0,0,0,0,0,0,0,0,31335139
2025,Regular Season,Hanshin Tigers,32,"<a href=""https://proeyekyuu.com/player/?PlayerID=31335151"">Inoue, Kouta</a>",LF,1,3,3,0.000,0.000,0.000,0.000,0,0,0,0,0,0,0,0,1,0,0,0,2,0,0,0,0,31335151
2025,Regular Season,Orix Buffaloes,032,"<a href=""https://proeyekyuu.com/player/?PlayerID=31335157"">Iriyama, Kaito</a>",P,15,0,0,0.000,0.000,0.000,0.000,0,0,0,0,0,0,0,0,0,0,0,0,0,0,0,0,0,31335157
2025,Regular Season,Yokohama DeNA Baystars,55,"<a href=""https://proeyekyuu.com/player/?PlayerID=31335159"">Inoue, Kento</a>",LF,12,31,29,0.172,0.194,0.379,0.573,2,7,5,3,0,0,2,11,0,0,1,0,6,0,0,0,1,31335159
2025,Climax Series - Final Stage,Hokkaido Nippon-Ham Fighters,5,"<a href=""https://proeyekyuu.com/player/?PlayerID=31435138"">Nomura, Yuki</a>",1B,2,2,2,0.000,0.000,0.000,0.000,0,0,0,0,0,0,0,0,0,0,0,0,0,0,0,0,0,31435138
2025,Climax Series - First Stage,Hokkaido Nippon-Ham Fighters,5,"<a href=""https://proeyekyuu.com/player/?PlayerID=31435138"">Nomura, Yuki</a>",1B,1,2,2,0.000,0.000,0.000,0.000,0,0,0,0,0,0,0,0,0,0,0,0,0,0,0,0,0,31435138
2025,Regular Season,Hokkaido Nippon-Ham Fighters,5,"<a href=""https://proeyekyuu.com/player/?PlayerID=31435138"">Nomura, Yuki</a>",1B,101,369,339,0.268,0.325,0.398,0.723,28,35,91,64,18,1,8,135,1,1,26,0,70,4,3,0,1,31435138
2025,Japan Series,Hanshin Tigers,61,"<a href=""https://proeyekyuu.com/player/?PlayerID=31435155"">Toyoda, Hiroshi</a>",PH,2,2,2,0.000,0.000,0.000,0.000,0,0,0,0,0,0,0,0,0,0,0,0,1,0,0,0,0,31435155
2025,Regular Season,Hanshin Tigers,61,"<a href=""https://proeyekyuu.com/player/?PlayerID=31435155"">Toyoda, Hiroshi</a>",PH,33,61,56,0.232,0.279,0.304,0.583,2,4,13,9,4,0,0,17,0,0,4,0,16,3,0,0,1,31435155
2025,Climax Series - Final Stage,Hokkaido Nippon-Ham Fighters,58,"<a href=""https://proeyekyuu.com/player/?PlayerID=31435157"">Narama, Taiki</a>",3B,4,1,1,0.000,0.000,0.000,0.000,0,0,0,0,0,0,0,0,0,0,0,0,1,0,0,0,0,31435157
2025,Climax Series - First Stage,Hokkaido Nippon-Ham Fighters,58,"<a href=""https://proeyekyuu.com/player/?PlayerID=31435157"">Narama, Taiki</a>",3B,1,0,0,0.000,0.000,0.000,0.000,0,0,0,0,0,0,0,0,0,0,0,0,0,0,0,0,0,31435157
2025,Regular Season,Hokkaido Nippon-Ham Fighters,58,"<a href=""https://proeyekyuu.com/player/?PlayerID=31435157"">Narama, Taiki</a>",3B,86,103,91,0.220,0.290,0.275,0.565,11,3,20,17,2,0,1,25,3,1,7,0,34,1,2,3,0,31435157
2025,Regular Season,Hiroshima Toyo Carp,17,"<a href=""https://proeyekyuu.com/player/?PlayerID=31435159"">Tsunehiro, Hayato</a>",P,7,10,9,0.000,0.000,0.000,0.000,0,0,0,0,0,0,0,0,0,0,0,0,5,0,0,1,0,31435159
2025,Regular Season,Chiba Lotte Marines,50,"<a href=""https://proeyekyuu.com/player/?PlayerID=31535132"">Takeda, Aito</a>",CF,17,20,15,0.133,0.188,0.200,0.388,2,1,2,1,1,0,0,3,0,0,0,0,5,0,1,4,0,31535132
2025,Climax Series - Final Stage,Hanshin Tigers,38,"<a href=""https://proeyekyuu.com/player/?PlayerID=31535138"">Obata, Ryuhei</a>",SS,1,4,4,0.250,0.250,0.250,0.500,0,0,1,1,0,0,0,1,0,1,0,0,0,0,0,0,0,31535138
2025,Japan Series,Hanshin Tigers,38,"<a href=""https://proeyekyuu.com/player/?PlayerID=31535138"">Obata, Ryuhei</a>",SS,4,13,13,0.077,0.077,0.077,0.154,0,0,1,1,0,0,0,1,1,0,0,0,2,0,0,0,0,31535138
2025,Regular Season,Hanshin Tigers,38,"<a href=""https://proeyekyuu.com/player/?PlayerID=31535138"">Obata, Ryuhei</a>",SS,89,297,265,0.223,0.272,0.309,0.581,23,17,59,46,8,0,5,82,6,2,18,3,64,5,1,10,3,31535138
2025,Regular Season,Chunichi Dragons,20,"<a href=""https://proeyekyuu.com/player/?PlayerID=31635110"">Wakui, Hideaki</a>",P,12,16,15,0.133,0.188,0.133,0.321,1,0,2,2,0,0,0,2,0,0,1,0,10,0,0,0,0,31635110
2025,Climax Series - Final Stage,Hanshin Tigers,36,"<a href=""https://proeyekyuu.com/player/?PlayerID=31635134"">Hatake, Seishu</a>",P,1,0,0,0.000,0.000,0.000,0.000,0,0,0,0,0,0,0,0,0,0,0,0,0,0,0,0,0,31635134
2025,Japan Series,Hanshin Tigers,36,"<a href=""https://proeyekyuu.com/player/?PlayerID=31635134"">Hatake, Seishu</a>",P,2,0,0,0.000,0.000,0.000,0.000,0,0,0,0,0,0,0,0,0,0,0,0,0,0,0,0,0,31635134
2025,Regular Season,Hanshin Tigers,36,"<a href=""https://proeyekyuu.com/player/?PlayerID=31635134"">Hatake, Seishu</a>",P,12,0,0,0.000,0.000,0.000,0.000,0,0,0,0,0,0,0,0,0,0,0,0,0,0,0,0,0,31635134
2025,Regular Season,Chiba Lotte Marines,1,"<a href=""https://proeyekyuu.com/player/?PlayerID=31635138"">Fujiwara, Kyota</a>",RF,107,452,409,0.271,0.335,0.359,0.694,38,24,111,89,12,6,4,147,15,6,33,2,80,3,6,4,0,31635138
2025,Regular Season,Tohoku Rakuten Golden Eagles,26,"<a href=""https://proeyekyuu.com/player/?PlayerID=31635150"">Nakagomi, Haruto</a>",P,7,0,0,0.000,0.000,0.000,0.000,0,0,0,0,0,0,0,0,0,0,0,0,0,0,0,0,0,31635150
2025,Regular Season,Chiba Lotte Marines,56,"<a href=""https://proeyekyuu.com/player/?PlayerID=31635153"">Nakamori, Shunsuke</a>",P,25,0,0,0.000,0.000,0.000,0.000,0,0,0,0,0,0,0,0,0,0,0,0,0,0,0,0,0,31635153
2025,Regular Season,Yokohama DeNA Baystars,035,"<a href=""https://proeyekyuu.com/player/?PlayerID=31635157"">Hashimoto, Tatsuya</a>",P,1,0,0,0.000,0.000,0.000,0.000,0,0,0,0,0,0,0,0,0,0,0,0,0,0,0,0,0,31635157
2025,Climax Series - First Stage,Yomiuri Giants,17,"<a href=""https://proeyekyuu.com/player/?PlayerID=31635159"">Nishidate, Yuhi</a>",P,1,0,0,0.000,0.000,0.000,0.000,0,0,0,0,0,0,0,0,0,0,0,0,0,0,0,0,0,31635159
2025,Regular Season,Yomiuri Giants,17,"<a href=""https://proeyekyuu.com/player/?PlayerID=31635159"">Nishidate, Yuhi</a>",P,15,10,8,0.000,0.000,0.000,0.000,0,0,0,0,0,0,0,0,0,0,0,0,4,0,0,2,0,31635159
2025,Regular Season,Tokyo Yakult Swallows,5,"<a href=""https://proeyekyuu.com/player/?PlayerID=31735112"">Kawabata, Shingo</a>",PH,2,2,2,0.500,0.500,1.000,1.500,0,0,1,0,1,0,0,2,0,0,0,0,0,0,0,0,0,31735112
2025,Regular Season,Chunichi Dragons,35,"<a href=""https://proeyekyuu.com/player/?PlayerID=31735132"">Kinoshita, Takuya</a>",C,38,122,112,0.241,0.292,0.321,0.613,7,8,27,22,3,0,2,36,0,0,8,2,20,3,0,2,0,31735132
2025,Regular Season,Yokohama DeNA Baystars,95,"<a href=""https://proeyekyuu.com/player/?PlayerID=31735134"">Kuki, Ryuhei</a>",PH,12,12,12,0.250,0.250,0.417,0.667,0,0,3,2,0,1,0,5,0,0,0,0,3,0,0,0,0,31735134
2025,Climax Series - Final Stage,Hanshin Tigers,0,"<a href=""https://proeyekyuu.com/player/?PlayerID=31735138"">Kinami, Seiya</a>",SS,2,5,5,0.200,0.200,0.400,0.600,0,0,1,0,1,0,0,2,0,0,0,0,2,0,0,0,0,31735138
2025,Japan Series,Hanshin Tigers,0,"<a href=""https://proeyekyuu.com/player/?PlayerID=31735138"">Kinami, Seiya</a>",SS,3,7,6,0.000,0.143,0.000,0.143,0,0,0,0,0,0,0,0,0,0,1,0,1,0,0,0,0,31735138
2025,Regular Season,Hanshin Tigers,0,"<a href=""https://proeyekyuu.com/player/?PlayerID=31735138"">Kinami, Seiya</a>",SS,72,203,181,0.193,0.255,0.260,0.515,12,15,35,25,8,2,0,47,1,1,12,2,48,1,3,7,0,31735138
2025,Regular Season,Fukuoka Softbank Hawks,95,"<a href=""https://proeyekyuu.com/player/?PlayerID=31735150"">Kawaguchi, Toya</a>",P,5,0,0,0.000,0.000,0.000,0.000,0,0,0,0,0,0,0,0,0,0,0,0,0,0,0,0,0,31735150
2025,Regular Season,Tokyo Yakult Swallows,18,"<a href=""https://proeyekyuu.com/player/?PlayerID=31735151"">Okugawa, Yasunobu</a>",P,18,32,24,0.208,0.208,0.250,0.458,2,0,5,4,1,0,0,6,0,0,0,0,13,0,0,8,0,31735151
2025,Regular Season,Yomiuri Giants,001,"<a href=""https://proeyekyuu.com/player/?PlayerID=31735155"">Kikuchi, Taiki</a>",P,7,0,0,0.000,0.000,0.000,0.000,0,0,0,0,0,0,0,0,0,0,0,0,0,0,0,0,0,31735155
2025,Regular Season,Orix Buffaloes,60,"<a href=""https://proeyekyuu.com/player/?PlayerID=31835132"">Honda, Keisuke</a>",P,9,0,0,0.000,0.000,0.000,0.000,0,0,0,0,0,0,0,0,0,0,0,0,0,0,0,0,0,31835132
2025,Climax Series - Final Stage,Fukuoka Softbank Hawks,9,"<a href=""https://proeyekyuu.com/player/?PlayerID=31835133"">Yanagita, Yuki</a>",LF,6,24,23,0.304,0.333,0.478,0.811,2,3,7,5,1,0,1,11,0,0,1,0,5,0,0,0,0,31835133
2025,Japan Series,Fukuoka Softbank Hawks,9,"<a href=""https://proeyekyuu.com/player/?PlayerID=31835133"">Yanagita, Yuki</a>",LF,5,25,22,0.455,0.520,0.591,1.111,3,2,10,9,0,0,1,13,0,1,2,0,1,0,1,0,0,31835133
2025,Regular Season,Fukuoka Softbank Hawks,9,"<a href=""https://proeyekyuu.com/player/?PlayerID=31835133"">Yanagita, Yuki</a>",LF,20,78,73,0.288,0.333,0.493,0.826,12,9,21,14,3,0,4,36,0,0,5,1,13,1,0,0,0,31835133
2025,Regular Season,Chunichi Dragons,55,"<a href=""https://proeyekyuu.com/player/?PlayerID=31835134"">Hosokawa, Seiya</a>",LF,108,428,360,0.256,0.367,0.489,0.856,38,58,92,49,22,1,20,176,2,3,61,6,109,11,4,0,3,31835134
2025,Climax Series - Final Stage,Hokkaido Nippon-Ham Fighters,53,"<a href=""https://proeyekyuu.com/player/?PlayerID=31835138"">Mizutani, Shun</a>",LF,5,22,20,0.200,0.273,0.350,0.623,4,1,4,3,0,0,1,7,0,1,2,0,6,0,0,0,0,31835138
2025,Climax Series - First Stage,Hokkaido Nippon-Ham Fighters,53,"<a href=""https://proeyekyuu.com/player/?PlayerID=31835138"">Mizutani, Shun</a>",LF,1,4,4,0.500,0.500,0.500,1.000,0,1,2,2,0,0,0,2,0,0,0,0,1,0,0,0,0,31835138
2025,Regular Season,Hokkaido Nippon-Ham Fighters,53,"<a href=""https://proeyekyuu.com/player/?PlayerID=31835138"">Mizutani, Shun</a>",LF,87,321,296,0.277,0.322,0.473,0.795,45,41,82,51,16,3,12,140,6,3,18,1,77,1,3,1,3,31835138
2025,Regular Season,Tohoku Rakuten Golden Eagles,21,"<a href=""https://proeyekyuu.com/player/?PlayerID=31835153"">Hayakawa, Takahisa</a>",P,12,3,3,0.000,0.000,0.000,0.000,0,0,0,0,0,0,0,0,0,0,0,0,2,0,0,0,0,31835153
2025,Climax Series - First Stage,Yomiuri Giants,58,"<a href=""https://proeyekyuu.com/player/?PlayerID=31835157"">Funabasama, Hiromasa</a>",P,2,0,0,0.000,0.000,0.000,0.000,0,0,0,0,0,0,0,0,0,0,0,0,0,0,0,0,0,31835157
2025,Regular Season,Yomiuri Giants,58,"<a href=""https://proeyekyuu.com/player/?PlayerID=31835157"">Funabasama, Hiromasa</a>",P,57,0,0,0.000,0.000,0.000,0.000,0,0,0,0,0,0,0,0,0,0,0,0,0,0,0,0,0,31835157
2025,Regular Season,Chunichi Dragons,36,"<a href=""https://proeyekyuu.com/player/?PlayerID=31835159"">Fukuda, Konosuke</a>",P,1,0,0,0.000,0.000,0.000,0.000,0,0,0,0,0,0,0,0,0,0,0,0,0,0,0,0,0,31835159
2025,Regular Season,Hiroshima Toyo Carp,43,"<a href=""https://proeyekyuu.com/player/?PlayerID=31935138"">Shimauchi, Sotaro</a>",P,60,0,0,0.000,0.000,0.000,0.000,0,0,0,0,0,0,0,0,0,0,0,0,0,0,0,0,0,31935138
2025,Regular Season,Yokohama DeNA Baystars,63,"<a href=""https://proeyekyuu.com/player/?PlayerID=31935139"">Sekine, Taiki</a>",RF,9,23,23,0.174,0.174,0.304,0.478,2,1,4,1,3,0,0,7,0,0,0,0,2,1,0,0,0,31935139
2025,Regular Season,Yokohama DeNA Baystars,18,"<a href=""https://proeyekyuu.com/player/?PlayerID=31935155"">Kozono, Kenta</a>",P,1,1,1,0.000,0.000,0.000,0.000,0,0,0,0,0,0,0,0,0,0,0,0,1,0,0,0,0,31935155
2025,Regular Season,Chiba Lotte Marines,54,"<a href=""https://proeyekyuu.com/player/?PlayerID=33035150"">Voth, Austin</a>",P,22,5,5,0.200,0.200,0.200,0.400,0,0,1,1,0,0,0,1,0,1,0,0,2,1,0,0,0,33035150
2025,Regular Season,Tohoku Rakuten Golden Eagles,89,"<a href=""https://proeyekyuu.com/player/?PlayerID=33035159"">Yajure, Miguel</a>",P,14,2,2,0.000,0.000,0.000,0.000,0,0,0,0,0,0,0,0,0,0,0,0,2,0,0,0,0,33035159
2025,Regular Season,Yokohama DeNA Baystars,26,"<a href=""https://proeyekyuu.com/player/?PlayerID=33135134"">Mimori, Masaki</a>",1B,91,179,160,0.213,0.287,0.269,0.556,23,10,34,25,9,0,0,43,22,8,17,5,32,1,0,1,1,33135134
2025,Regular Season,Orix Buffaloes,8,"<a href=""https://proeyekyuu.com/player/?PlayerID=33135150"">Mugitani, Yusuke</a>",CF,79,153,134,0.231,0.316,0.313,0.629,23,10,31,24,4,2,1,42,12,6,16,0,39,0,1,1,1,33135150
2025,Regular Season,Yokohama DeNA Baystars,6,"<a href=""https://proeyekyuu.com/player/?PlayerID=33135151"">Mori, Keito</a>",SS,28,75,72,0.153,0.173,0.181,0.354,4,4,11,10,0,1,0,13,0,2,2,0,16,1,0,0,1,33135151
2025,Regular Season,Yomiuri Giants,46,"<a href=""https://proeyekyuu.com/player/?PlayerID=33135159"">Mataki, Teppei</a>",P,5,2,2,0.000,0.000,0.000,0.000,0,0,0,0,0,0,0,0,0,0,0,0,1,1,0,0,0,33135159
2025,Regular Season,Yokohama DeNA Baystars,98,"<a href=""https://proeyekyuu.com/player/?PlayerID=33235155"">Marcelino, Hansel</a>",P,2,0,0,0.000,0.000,0.000,0.000,0,0,0,0,0,0,0,0,0,0,0,0,0,0,0,0,0,33235155
2025,Regular Season,Yokohama DeNA Baystars,96,"<a href=""https://proeyekyuu.com/player/?PlayerID=33235157"">Bauer, Trevor</a>",P,21,39,34,0.059,0.086,0.059,0.145,0,0,2,2,0,0,0,2,0,0,1,0,20,0,0,4,0,33235157
2025,Regular Season,Yomiuri Giants,42,"<a href=""https://proeyekyuu.com/player/?PlayerID=33235159"">Hernandez, Elier</a>",CF,52,171,152,0.211,0.298,0.303,0.601,14,8,32,22,8,0,2,46,0,3,18,1,34,5,1,0,0,33235159
2025,Climax Series - First Stage,Orix Buffaloes,21,"<a href=""https://proeyekyuu.com/player/?PlayerID=33335134"">Yamazaki, Soichiro</a>",P,1,0,0,0.000,0.000,0.000,0.000,0,0,0,0,0,0,0,0,0,0,0,0,0,0,0,0,0,33335134
2025,Regular Season,Orix Buffaloes,21,"<a href=""https://proeyekyuu.com/player/?PlayerID=33335134"">Yamazaki, Soichiro</a>",P,28,0,0,0.000,0.000,0.000,0.000,0,0,0,0,0,0,0,0,0,0,0,0,0,0,0,0,0,33335134
2025,Regular Season,Chiba Lotte Marines,63,"<a href=""https://proeyekyuu.com/player/?PlayerID=33335136"">Wada, Koshiro</a>",PR,17,10,8,0.125,0.200,0.250,0.450,4,1,1,0,1,0,0,2,0,1,1,0,2,0,0,0,1,33335136
2025,Regular Season,Orix Buffaloes,50,"<a href=""https://proeyekyuu.com/player/?PlayerID=33335150"">Yamanaka, Ryoma</a>",RF,19,52,49,0.122,0.173,0.245,0.418,2,3,6,3,1,1,1,12,0,0,3,0,9,2,0,0,0,33335150
2025,Regular Season,Saitama Seibu Lions,30,"<a href=""https://proeyekyuu.com/player/?PlayerID=33335153"">Motoyama, Hiyu</a>",2B,49,93,85,0.153,0.163,0.247,0.410,3,5,13,5,8,0,0,21,0,0,1,0,15,1,0,7,0,33335153
2025,Climax Series - First Stage,Orix Buffaloes,15,"<a href=""https://proeyekyuu.com/player/?PlayerID=33335155"">Mukunoki, Ren</a>",P,1,0,0,0.000,0.000,0.000,0.000,0,0,0,0,0,0,0,0,0,0,0,0,0,0,0,0,0,33335155
2025,Regular Season,Orix Buffaloes,15,"<a href=""https://proeyekyuu.com/player/?PlayerID=33335155"">Mukunoki, Ren</a>",P,12,0,0,0.000,0.000,0.000,0.000,0,0,0,0,0,0,0,0,0,0,0,0,0,0,0,0,0,33335155
2025,Climax Series - Final Stage,Fukuoka Softbank Hawks,63,"<a href=""https://proeyekyuu.com/player/?PlayerID=33435157"">Hernandez, Darwinzon</a>",P,2,0,0,0.000,0.000,0.000,0.000,0,0,0,0,0,0,0,0,0,0,0,0,0,0,0,0,0,33435157
2025,Japan Series,Fukuoka Softbank Hawks,63,"<a href=""https://proeyekyuu.com/player/?PlayerID=33435157"">Hernandez, Darwinzon</a>",P,3,0,0,0.000,0.000,0.000,0.000,0,0,0,0,0,0,0,0,0,0,0,0,0,0,0,0,0,33435157
2025,Regular Season,Fukuoka Softbank Hawks,63,"<a href=""https://proeyekyuu.com/player/?PlayerID=33435157"">Hernandez, Darwinzon</a>",P,42,0,0,0.000,0.000,0.000,0.000,0,0,0,0,0,0,0,0,0,0,0,0,0,0,0,0,0,33435157
2025,Regular Season,Chiba Lotte Marines,61,"<a href=""https://proeyekyuu.com/player/?PlayerID=33535153"">Yamamoto, Daito</a>",RF,107,417,385,0.205,0.262,0.338,0.600,40,33,79,50,18,0,11,130,2,0,24,0,112,13,6,1,1,33535153
2025,Regular Season,Yokohama DeNA Baystars,24,"<a href=""https://proeyekyuu.com/player/?PlayerID=33535157"">Yoshino, Teruki</a>",P,2,3,3,0.000,0.000,0.000,0.000,0,0,0,0,0,0,0,0,0,0,0,0,2,0,0,0,0,33535157
2025,Climax Series - Final Stage,Yokohama DeNA Baystars,4,"<a href=""https://proeyekyuu.com/player/?PlayerID=33535159"">Watarai, Ryuki</a>",RF,2,3,3,0.333,0.333,0.333,0.666,0,0,1,1,0,0,0,1,0,0,0,0,1,0,0,0,0,33535159
2025,Climax Series - First Stage,Yokohama DeNA Baystars,4,"<a href=""https://proeyekyuu.com/player/?PlayerID=33535159"">Watarai, Ryuki</a>",RF,1,1,1,1.000,1.000,1.000,2.000,0,0,1,1,0,0,0,1,0,0,0,0,0,0,0,0,0,33535159
2025,Regular Season,Yokohama DeNA Baystars,4,"<a href=""https://proeyekyuu.com/player/?PlayerID=33535159"">Watarai, Ryuki</a>",RF,86,301,270,0.241,0.303,0.359,0.662,24,25,65,47,10,2,6,97,0,1,24,1,36,5,1,4,2,33535159
2025,Regular Season,Hiroshima Toyo Carp,42,"<a href=""https://proeyekyuu.com/player/?PlayerID=33735150"">Dominguez, Johan</a>",P,6,9,9,0.000,0.000,0.000,0.000,0,0,0,0,0,0,0,0,0,0,0,0,7,0,0,0,0,33735150
2025,Regular Season,Hokkaido Nippon-Ham Fighters,45,"<a href=""https://proeyekyuu.com/player/?PlayerID=33735151"">VerHagen, Drew</a>",P,6,0,0,0.000,0.000,0.000,0.000,0,0,0,0,0,0,0,0,0,0,0,0,0,0,0,0,0,33735151
2025,Regular Season,Hanshin Tigers,00,"<a href=""https://proeyekyuu.com/player/?PlayerID=33735159"">Guerra, Javy</a>",P,6,0,0,0.000,0.000,0.000,0.000,0,0,0,0,0,0,0,0,0,0,0,0,0,0,0,0,0,33735159
2025,Regular Season,Orix Buffaloes,29,"<a href=""https://proeyekyuu.com/player/?PlayerID=41045136"">Tajima, Daiki</a>",P,18,3,3,0.000,0.000,0.000,0.000,1,0,0,0,0,0,0,0,0,0,0,0,2,0,0,0,0,41045136
2025,Regular Season,Yokohama DeNA Baystars,27,"<a href=""https://proeyekyuu.com/player/?PlayerID=41045137"">Fujinami, Shintaro</a>",P,6,6,5,0.000,0.000,0.000,0.000,0,0,0,0,0,0,0,0,0,0,0,0,4,0,0,1,0,41045137
2025,Climax Series - First Stage,Yomiuri Giants,20,"<a href=""https://proeyekyuu.com/player/?PlayerID=41045138"">Togo, Shosei</a>",P,1,1,1,1.000,1.000,1.000,2.000,0,1,1,1,0,0,0,1,0,0,0,0,0,0,0,0,0,41045138
2025,Regular Season,Yomiuri Giants,20,"<a href=""https://proeyekyuu.com/player/?PlayerID=41045138"">Togo, Shosei</a>",P,21,35,28,0.107,0.107,0.107,0.214,1,0,3,3,0,0,0,3,0,0,0,0,14,0,0,7,0,41045138
2025,Regular Season,Yokohama DeNA Baystars,30,"<a href=""https://proeyekyuu.com/player/?PlayerID=41045150"">Shinogi, Kentaro</a>",P,3,1,1,0.000,0.000,0.000,0.000,0,0,0,0,0,0,0,0,0,0,0,0,1,0,0,0,0,41045150
2025,Climax Series - Final Stage,Hanshin Tigers,8,"<a href=""https://proeyekyuu.com/player/?PlayerID=41045153"">Sato, Teruaki</a>",3B,3,12,11,0.455,0.500,0.909,1.409,2,5,5,2,2,0,1,10,0,0,1,1,2,0,0,0,0,41045153
2025,Japan Series,Hanshin Tigers,8,"<a href=""https://proeyekyuu.com/player/?PlayerID=41045153"">Sato, Teruaki</a>",3B,5,21,19,0.368,0.429,0.474,0.903,0,5,7,5,2,0,0,9,2,1,2,1,3,0,0,0,0,41045153
2025,Regular Season,Hanshin Tigers,8,"<a href=""https://proeyekyuu.com/player/?PlayerID=41045153"">Sato, Teruaki</a>",3B,139,597,537,0.277,0.345,0.579,0.924,83,102,149,71,34,4,40,311,10,2,57,9,163,5,0,0,3,41045153
2025,Regular Season,Hiroshima Toyo Carp,22,"<a href=""https://proeyekyuu.com/player/?PlayerID=41045159"">Taka, Taichi</a>",P,8,16,15,0.067,0.067,0.067,0.134,1,0,1,1,0,0,0,1,0,0,0,0,7,0,0,1,0,41045159
2025,Regular Season,Chiba Lotte Marines,43,"<a href=""https://proeyekyuu.com/player/?PlayerID=41145134"">Ishigaki, Masami</a>",1B,20,20,14,0.143,0.333,0.214,0.547,0,0,2,1,1,0,0,3,1,0,4,1,5,0,0,2,0,41145134
2025,Regular Season,Tohoku Rakuten Golden Eagles,39,"<a href=""https://proeyekyuu.com/player/?PlayerID=41145138"">Itoh, Yukiya</a>",LF,51,130,117,0.214,0.273,0.325,0.598,7,7,25,15,8,1,1,38,2,0,9,1,34,3,1,2,1,41145138
2025,Climax Series - Final Stage,Yokohama DeNA Baystars,13,"<a href=""https://proeyekyuu.com/player/?PlayerID=41145151"">Ise, Hiromu</a>",P,1,0,0,0.000,0.000,0.000,0.000,0,0,0,0,0,0,0,0,0,0,0,0,0,0,0,0,0,41145151
2025,Climax Series - First Stage,Yokohama DeNA Baystars,13,"<a href=""https://proeyekyuu.com/player/?PlayerID=41145151"">Ise, Hiromu</a>",P,2,0,0,0.000,0.000,0.000,0.000,0,0,0,0,0,0,0,0,0,0,0,0,0,0,0,0,0,41145151
2025,Regular Season,Yokohama DeNA Baystars,13,"<a href=""https://proeyekyuu.com/player/?PlayerID=41145151"">Ise, Hiromu</a>",P,55,0,0,0.000,0.000,0.000,0.000,0,0,0,0,0,0,0,0,0,0,0,0,0,0,0,0,0,41145151
2025,Climax Series - Final Stage,Hanshin Tigers,69,"<a href=""https://proeyekyuu.com/player/?PlayerID=41145153"">Ishii, Daichi</a>",P,3,0,0,0.000,0.000,0.000,0.000,0,0,0,0,0,0,0,0,0,0,0,0,0,0,0,0,0,41145153
2025,Japan Series,Hanshin Tigers,69,"<a href=""https://proeyekyuu.com/player/?PlayerID=41145153"">Ishii, Daichi</a>",P,4,0,0,0.000,0.000,0.000,0.000,0,0,0,0,0,0,0,0,0,0,0,0,0,0,0,0,0,41145153
2025,Regular Season,Hanshin Tigers,69,"<a href=""https://proeyekyuu.com/player/?PlayerID=41145153"">Ishii, Daichi</a>",P,53,1,1,0.000,0.000,0.000,0.000,0,0,0,0,0,0,0,0,0,0,0,0,0,0,0,0,0,41145153
2025,Regular Season,Hanshin Tigers,40,"<a href=""https://proeyekyuu.com/player/?PlayerID=41145157"">Itsubo, Hinase</a>",CF,6,18,18,0.167,0.167,0.167,0.334,1,0,3,3,0,0,0,3,0,0,0,0,4,0,0,0,0,41145157
2025,Regular Season,Tokyo Yakult Swallows,35,"<a href=""https://proeyekyuu.com/player/?PlayerID=41145159"">Ishihara, Yuki</a>",P,2,0,0,0.000,0.000,0.000,0.000,0,0,0,0,0,0,0,0,0,0,0,0,0,0,0,0,0,41145159
2025,Regular Season,Saitama Seibu Lions,5,"<a href=""https://proeyekyuu.com/player/?PlayerID=41245130"">Tonosaki, Shuta</a>",3B,115,415,359,0.234,0.310,0.318,0.628,29,34,84,65,13,1,5,114,6,2,39,3,72,11,4,5,8,41245130
2025,Climax Series - Final Stage,Yokohama DeNA Baystars,10,"<a href=""https://proeyekyuu.com/player/?PlayerID=41245132"">Tobashira, Yasutaka</a>",C,1,1,1,0.000,0.000,0.000,0.000,0,0,0,0,0,0,0,0,0,0,0,0,0,0,0,0,0,41245132
2025,Regular Season,Yokohama DeNA Baystars,10,"<a href=""https://proeyekyuu.com/player/?PlayerID=41245132"">Tobashira, Yasutaka</a>",C,45,100,95,0.242,0.253,0.347,0.600,5,6,23,17,4,0,2,33,0,0,2,0,15,5,0,1,2,41245132
2025,Regular Season,Yokohama DeNA Baystars,17,"<a href=""https://proeyekyuu.com/player/?PlayerID=41245137"">Mishima, Kazuki</a>",P,6,0,0,0.000,0.000,0.000,0.000,0,0,0,0,0,0,0,0,0,0,0,0,0,0,0,0,0,41245137
2025,Regular Season,Hokkaido Nippon-Ham Fighters,13,"<a href=""https://proeyekyuu.com/player/?PlayerID=41245138"">Nabatame, Tsubasa</a>",P,25,0,0,0.000,0.000,0.000,0.000,0,0,0,0,0,0,0,0,0,0,0,0,0,0,0,0,0,41245138
2025,Regular Season,Hiroshima Toyo Carp,65,"<a href=""https://proeyekyuu.com/player/?PlayerID=41245151"">Tamamura, Shogo</a>",P,17,25,22,0.091,0.130,0.091,0.221,2,2,2,2,0,0,0,2,0,0,1,0,14,0,0,2,0,41245151
2025,Climax Series - Final Stage,Hanshin Tigers,67,"<a href=""https://proeyekyuu.com/player/?PlayerID=41245153"">Takatera, Nozomu</a>",LF,2,4,4,0.250,0.250,0.250,0.500,0,0,1,1,0,0,0,1,1,0,0,0,1,0,0,0,0,41245153
2025,Japan Series,Hanshin Tigers,67,"<a href=""https://proeyekyuu.com/player/?PlayerID=41245153"">Takatera, Nozomu</a>",LF,5,12,11,0.273,0.333,0.273,0.606,0,0,3,3,0,0,0,3,0,0,1,0,3,0,0,0,0,41245153
2025,Regular Season,Hanshin Tigers,67,"<a href=""https://proeyekyuu.com/player/?PlayerID=41245153"">Takatera, Nozomu</a>",LF,67,160,134,0.231,0.325,0.306,0.631,10,7,31,25,4,0,2,41,4,1,18,1,37,1,1,6,1,41245153
2025,Regular Season,Chunichi Dragons,26,"<a href=""https://proeyekyuu.com/player/?PlayerID=41245157"">Nakachi, Reia</a>",P,1,1,1,0.000,0.000,0.000,0.000,0,0,0,0,0,0,0,0,0,0,0,0,1,0,0,0,0,41245157
2025,Climax Series - Final Stage,Hokkaido Nippon-Ham Fighters,20,"<a href=""https://proeyekyuu.com/player/?PlayerID=41345132"">Uehara, Kenta</a>",P,4,0,0,0.000,0.000,0.000,0.000,0,0,0,0,0,0,0,0,0,0,0,0,0,0,0,0,0,41345132
2025,Climax Series - First Stage,Hokkaido Nippon-Ham Fighters,20,"<a href=""https://proeyekyuu.com/player/?PlayerID=41345132"">Uehara, Kenta</a>",P,1,0,0,0.000,0.000,0.000,0.000,0,0,0,0,0,0,0,0,0,0,0,0,0,0,0,0,0,41345132
2025,Regular Season,Hokkaido Nippon-Ham Fighters,20,"<a href=""https://proeyekyuu.com/player/?PlayerID=41345132"">Uehara, Kenta</a>",P,27,0,0,0.000,0.000,0.000,0.000,0,0,0,0,0,0,0,0,0,0,0,0,0,0,0,0,0,41345132
2025,Regular Season,Yomiuri Giants,54,"<a href=""https://proeyekyuu.com/player/?PlayerID=41345135"">Otosaka, Tomo</a>",PH,5,5,5,0.200,0.200,0.400,0.600,0,0,1,0,1,0,0,2,0,0,0,0,1,0,0,0,0,41345135
2025,Japan Series,Hanshin Tigers,49,"<a href=""https://proeyekyuu.com/player/?PlayerID=41345136"">Ohtake, Koutaro</a>",P,1,2,2,0.500,0.500,0.500,1.000,0,0,1,1,0,0,0,1,0,0,0,0,1,0,0,0,0,41345136
2025,Regular Season,Hanshin Tigers,49,"<a href=""https://proeyekyuu.com/player/?PlayerID=41345136"">Ohtake, Koutaro</a>",P,16,35,30,0.167,0.194,0.167,0.361,1,2,5,5,0,0,0,5,0,0,1,0,14,0,0,4,0,41345136
2025,Regular Season,Tohoku Rakuten Golden Eagles,63,"<a href=""https://proeyekyuu.com/player/?PlayerID=41345153"">Irie, Daiki</a>",SS,4,10,10,0.100,0.100,0.100,0.200,0,2,1,1,0,0,0,1,0,0,0,0,3,0,0,0,0,41345153
2025,Regular Season,Tohoku Rakuten Golden Eagles,67,"<a href=""https://proeyekyuu.com/player/?PlayerID=41345159"">Ohuchi, Seiya</a>",P,2,1,1,0.000,0.000,0.000,0.000,0,0,0,0,0,0,0,0,0,0,0,0,1,0,0,0,0,41345159
2025,Regular Season,Hokkaido Nippon-Ham Fighters,25,"<a href=""https://proeyekyuu.com/player/?PlayerID=41445116"">Miyanishi, Naoki</a>",P,31,0,0,0.000,0.000,0.000,0.000,0,0,0,0,0,0,0,0,0,0,0,0,0,0,0,0,0,41445116
2025,Regular Season,Tohoku Rakuten Golden Eagles,62,"<a href=""https://proeyekyuu.com/player/?PlayerID=41445134"">Nishiguchi, Naoto</a>",P,52,0,0,0.000,0.000,0.000,0.000,0,0,0,0,0,0,0,0,0,0,0,0,0,0,0,0,0,41445134
2025,Regular Season,Yomiuri Giants,36,"<a href=""https://proeyekyuu.com/player/?PlayerID=41445136"">Baba, Kosuke</a>",P,8,0,0,0.000,0.000,0.000,0.000,0,0,0,0,0,0,0,0,0,0,0,0,0,0,0,0,0,41445136
2025,Climax Series - Final Stage,Hanshin Tigers,51,"<a href=""https://proeyekyuu.com/player/?PlayerID=41445153"">Nakano, Takumu</a>",2B,3,13,9,0.111,0.200,0.111,0.311,4,0,1,1,0,0,0,1,0,0,0,0,3,0,1,3,0,41445153
2025,Japan Series,Hanshin Tigers,51,"<a href=""https://proeyekyuu.com/player/?PlayerID=41445153"">Nakano, Takumu</a>",2B,5,22,20,0.200,0.273,0.200,0.473,4,0,4,4,0,0,0,4,1,0,2,0,3,0,0,0,0,41445153
2025,Regular Season,Hanshin Tigers,51,"<a href=""https://proeyekyuu.com/player/?PlayerID=41445153"">Nakano, Takumu</a>",2B,143,625,531,0.282,0.339,0.328,0.667,65,30,150,129,18,3,0,174,19,7,44,1,77,5,3,44,3,41445153
2025,Regular Season,Chiba Lotte Marines,3,"<a href=""https://proeyekyuu.com/player/?PlayerID=41545114"">Kakunaka, Katsuya</a>",PH,27,53,42,0.167,0.294,0.238,0.532,3,5,7,6,0,0,1,10,1,0,8,0,9,0,0,2,1,41545114
2025,Regular Season,Chunichi Dragons,49,"<a href=""https://proeyekyuu.com/player/?PlayerID=41545130"">Katoh, Takuma</a>",C,47,75,64,0.234,0.258,0.297,0.555,4,6,15,13,1,0,1,19,0,0,2,1,17,2,0,9,0,41545130
2025,Climax Series - Final Stage,Hokkaido Nippon-Ham Fighters,14,"<a href=""https://proeyekyuu.com/player/?PlayerID=41545132"">Katoh, Takayuki</a>",P,1,0,0,0.000,0.000,0.000,0.000,0,0,0,0,0,0,0,0,0,0,0,0,0,0,0,0,0,41545132
2025,Regular Season,Hokkaido Nippon-Ham Fighters,14,"<a href=""https://proeyekyuu.com/player/?PlayerID=41545132"">Katoh, Takayuki</a>",P,20,3,2,0.000,0.000,0.000,0.000,0,0,0,0,0,0,0,0,0,0,0,0,2,0,0,1,0,41545132
2025,Climax Series - Final Stage,Hokkaido Nippon-Ham Fighters,21,"<a href=""https://proeyekyuu.com/player/?PlayerID=41545136"">Kiyomiya, Kotaro</a>",3B,6,26,23,0.261,0.346,0.304,0.650,1,4,6,5,1,0,0,7,3,0,2,0,3,0,1,0,0,41545136
2025,Climax Series - First Stage,Hokkaido Nippon-Ham Fighters,21,"<a href=""https://proeyekyuu.com/player/?PlayerID=41545136"">Kiyomiya, Kotaro</a>",3B,2,7,7,0.286,0.286,0.571,0.857,0,2,2,1,0,1,0,4,0,0,0,0,2,1,0,0,0,41545136
2025,Regular Season,Hokkaido Nippon-Ham Fighters,21,"<a href=""https://proeyekyuu.com/player/?PlayerID=41545136"">Kiyomiya, Kotaro</a>",3B,138,577,525,0.272,0.329,0.392,0.721,63,65,143,105,25,1,12,206,8,1,46,0,85,9,1,0,5,41545136
2025,Regular Season,Yokohama DeNA Baystars,28,"<a href=""https://proeyekyuu.com/player/?PlayerID=41545138"">Katsumata, Atsushi</a>",PH,7,9,9,0.333,0.333,0.333,0.666,0,0,3,3,0,0,0,3,0,0,0,0,1,0,0,0,0,41545138
2025,Regular Season,Tokyo Yakult Swallows,44,"<a href=""https://proeyekyuu.com/player/?PlayerID=41545151"">Ohnishi, Hiroki</a>",P,50,0,0,0.000,0.000,0.000,0.000,0,0,0,0,0,0,0,0,0,0,0,0,0,0,0,0,0,41545151
2025,Regular Season,Hiroshima Toyo Carp,12,"<a href=""https://proeyekyuu.com/player/?PlayerID=41545153"">Ohmichi, Haruki</a>",P,1,0,0,0.000,0.000,0.000,0.000,0,0,0,0,0,0,0,0,0,0,0,0,0,0,0,0,0,41545153
2025,Climax Series - Final Stage,Fukuoka Softbank Hawks,68,"<a href=""https://proeyekyuu.com/player/?PlayerID=41545157"">Kimura, Hikaru</a>",P,2,0,0,0.000,0.000,0.000,0.000,0,0,0,0,0,0,0,0,0,0,0,0,0,0,0,0,0,41545157
2025,Japan Series,Fukuoka Softbank Hawks,68,"<a href=""https://proeyekyuu.com/player/?PlayerID=41545157"">Kimura, Hikaru</a>",P,1,0,0,0.000,0.000,0.000,0.000,0,0,0,0,0,0,0,0,0,0,0,0,0,0,0,0,0,41545157
2025,Regular Season,Fukuoka Softbank Hawks,68,"<a href=""https://proeyekyuu.com/player/?PlayerID=41545157"">Kimura, Hikaru</a>",P,13,0,0,0.000,0.000,0.000,0.000,0,0,0,0,0,0,0,0,0,0,0,0,0,0,0,0,0,41545157
2025,Regular Season,Chunichi Dragons,34,"<a href=""https://proeyekyuu.com/player/?PlayerID=41645132"">Fuku, Hiroto</a>",P,17,0,0,0.000,0.000,0.000,0.000,0,0,0,0,0,0,0,0,0,0,0,0,0,0,0,0,0,41645132
2025,Regular Season,Chiba Lotte Marines,7,"<a href=""https://proeyekyuu.com/player/?PlayerID=41645136"">Fujioka, Yudai</a>",2B,102,373,320,0.256,0.341,0.353,0.694,25,25,82,60,17,1,4,113,1,0,42,1,67,11,1,6,4,41645136
2025,Climax Series - First Stage,Orix Buffaloes,2,"<a href=""https://proeyekyuu.com/player/?PlayerID=41645139"">Wakatsuki, Kenya</a>",C,2,6,5,0.400,0.500,0.600,1.100,1,0,2,1,1,0,0,3,0,0,1,0,1,0,0,0,0,41645139
2025,Regular Season,Orix Buffaloes,2,"<a href=""https://proeyekyuu.com/player/?PlayerID=41645139"">Wakatsuki, Kenya</a>",C,121,400,368,0.272,0.314,0.375,0.689,30,31,100,76,16,2,6,138,2,0,16,0,61,7,7,8,1,41645139
2025,Regular Season,Chiba Lotte Marines,30,"<a href=""https://proeyekyuu.com/player/?PlayerID=41645155"">Hirohata, Atsuya</a>",P,8,0,0,0.000,0.000,0.000,0.000,0,0,0,0,0,0,0,0,0,0,0,0,0,0,0,0,0,41645155
2025,Climax Series - Final Stage,Hanshin Tigers,35,"<a href=""https://proeyekyuu.com/player/?PlayerID=41745134"">Saiki, Hiroto</a>",P,1,1,1,0.000,0.000,0.000,0.000,0,0,0,0,0,0,0,0,0,0,0,0,1,0,0,0,0,41745134
2025,Japan Series,Hanshin Tigers,35,"<a href=""https://proeyekyuu.com/player/?PlayerID=41745134"">Saiki, Hiroto</a>",P,1,2,1,0.000,0.000,0.000,0.000,0,0,0,0,0,0,0,0,0,0,0,0,1,0,0,1,0,41745134
2025,Regular Season,Hanshin Tigers,35,"<a href=""https://proeyekyuu.com/player/?PlayerID=41745134"">Saiki, Hiroto</a>",P,24,54,45,0.044,0.085,0.044,0.129,1,1,2,2,0,0,0,2,0,0,2,0,25,1,0,7,0,41745134
2025,Japan Series,Fukuoka Softbank Hawks,3,"<a href=""https://proeyekyuu.com/player/?PlayerID=41745135"">Kondoh, Kensuke</a>",DH,4,11,11,0.364,0.364,0.545,0.909,1,3,4,2,2,0,0,6,0,0,0,0,4,0,0,0,0,41745135
2025,Regular Season,Fukuoka Softbank Hawks,3,"<a href=""https://proeyekyuu.com/player/?PlayerID=41745135"">Kondoh, Kensuke</a>",DH,75,307,256,0.301,0.410,0.492,0.902,28,41,77,49,17,1,10,126,0,0,47,5,43,6,2,0,2,41745135
2025,Regular Season,Chiba Lotte Marines,36,"<a href=""https://proeyekyuu.com/player/?PlayerID=41745138"">Sakamoto, Koshiro</a>",P,8,0,0,0.000,0.000,0.000,0.000,0,0,0,0,0,0,0,0,0,0,0,0,0,0,0,0,0,41745138
2025,Regular Season,Hanshin Tigers,54,"<a href=""https://proeyekyuu.com/player/?PlayerID=41745150"">Kinoshita, Rito</a>",P,11,0,0,0.000,0.000,0.000,0.000,0,0,0,0,0,0,0,0,0,0,0,0,0,0,0,0,0,41745150
2025,Regular Season,Orix Buffaloes,94,"<a href=""https://proeyekyuu.com/player/?PlayerID=41745153"">Kawase, Kento</a>",P,23,0,0,0.000,0.000,0.000,0.000,0,0,0,0,0,0,0,0,0,0,0,0,0,0,0,0,0,41745153
2025,Regular Season,Orix Buffaloes,35,"<a href=""https://proeyekyuu.com/player/?PlayerID=41745159"">Kotajima, Seiryu</a>",P,20,0,0,0.000,0.000,0.000,0.000,0,0,0,0,0,0,0,0,0,0,0,0,0,0,0,0,0,41745159
2025,Regular Season,Yokohama DeNA Baystars,19,"<a href=""https://proeyekyuu.com/player/?PlayerID=41845130"">Yamasaki, Yasuaki</a>",P,17,0,0,0.000,0.000,0.000,0.000,0,0,0,0,0,0,0,0,0,0,0,0,0,0,0,0,0,41845130
2025,Regular Season,Tohoku Rakuten Golden Eagles,6,"<a href=""https://proeyekyuu.com/player/?PlayerID=41845132"">Murabayashi, Itsuki</a>",3B,137,557,513,0.281,0.320,0.326,0.646,41,51,144,127,14,0,3,167,6,2,28,2,102,14,3,10,3,41845132
2025,Regular Season,Tokyo Yakult Swallows,55,"<a href=""https://proeyekyuu.com/player/?PlayerID=41845136"">Murakami, Munetaka</a>",3B,56,224,187,0.273,0.379,0.663,1.042,34,47,51,22,7,0,22,124,4,2,32,3,64,1,2,0,3,41845136
2025,Climax Series - Final Stage,Hanshin Tigers,65,"<a href=""https://proeyekyuu.com/player/?PlayerID=41845138"">Yuasa, Atsuki</a>",P,1,0,0,0.000,0.000,0.000,0.000,0,0,0,0,0,0,0,0,0,0,0,0,0,0,0,0,0,41845138
2025,Japan Series,Hanshin Tigers,65,"<a href=""https://proeyekyuu.com/player/?PlayerID=41845138"">Yuasa, Atsuki</a>",P,1,0,0,0.000,0.000,0.000,0.000,0,0,0,0,0,0,0,0,0,0,0,0,0,0,0,0,0,41845138
2025,Regular Season,Hanshin Tigers,65,"<a href=""https://proeyekyuu.com/player/?PlayerID=41845138"">Yuasa, Atsuki</a>",P,40,0,0,0.000,0.000,0.000,0.000,0,0,0,0,0,0,0,0,0,0,0,0,0,0,0,0,0,41845138
2025,Regular Season,Hiroshima Toyo Carp,93,"<a href=""https://proeyekyuu.com/player/?PlayerID=41845155"">Maekawa, Seita</a>",PH,28,56,54,0.185,0.214,0.241,0.455,1,9,10,7,3,0,0,13,0,1,2,0,10,3,0,0,0,41845155
2025,Climax Series - Final Stage,Fukuoka Softbank Hawks,49,"<a href=""https://proeyekyuu.com/player/?PlayerID=41845157"">Matsumoto, Haru</a>",P,2,0,0,0.000,0.000,0.000,0.000,0,0,0,0,0,0,0,0,0,0,0,0,0,0,0,0,0,41845157
2025,Japan Series,Fukuoka Softbank Hawks,49,"<a href=""https://proeyekyuu.com/player/?PlayerID=41845157"">Matsumoto, Haru</a>",P,2,0,0,0.000,0.000,0.000,0.000,0,0,0,0,0,0,0,0,0,0,0,0,0,0,0,0,0,41845157
2025,Regular Season,Fukuoka Softbank Hawks,49,"<a href=""https://proeyekyuu.com/player/?PlayerID=41845157"">Matsumoto, Haru</a>",P,29,4,4,0.000,0.000,0.000,0.000,0,0,0,0,0,0,0,0,0,0,0,0,3,0,0,0,0,41845157
2025,Climax Series - Final Stage,Yokohama DeNA Baystars,25,"<a href=""https://proeyekyuu.com/player/?PlayerID=41945131"">Tsutsugoh, Yoshitomo</a>",LF,3,13,11,0.182,0.308,0.273,0.581,0,0,2,1,1,0,0,3,0,0,2,0,3,0,0,0,0,41945131
2025,Climax Series - First Stage,Yokohama DeNA Baystars,25,"<a href=""https://proeyekyuu.com/player/?PlayerID=41945131"">Tsutsugoh, Yoshitomo</a>",LF,2,9,8,0.500,0.556,1.250,1.806,3,3,4,2,0,0,2,10,0,0,1,0,1,1,0,0,0,41945131
2025,Regular Season,Yokohama DeNA Baystars,25,"<a href=""https://proeyekyuu.com/player/?PlayerID=41945131"">Tsutsugoh, Yoshitomo</a>",LF,75,257,224,0.228,0.327,0.549,0.876,29,43,51,19,12,0,20,123,0,0,33,3,59,7,0,0,0,41945131
2025,Climax Series - First Stage,Yokohama DeNA Baystars,31,"<a href=""https://proeyekyuu.com/player/?PlayerID=41945132"">Shibata, Tatsuhiro</a>",3B,1,0,0,0.000,0.000,0.000,0.000,0,0,0,0,0,0,0,0,0,0,0,0,0,0,0,0,0,41945132
2025,Regular Season,Yokohama DeNA Baystars,31,"<a href=""https://proeyekyuu.com/player/?PlayerID=41945132"">Shibata, Tatsuhiro</a>",3B,70,32,22,0.091,0.231,0.091,0.322,4,0,2,2,0,0,0,2,1,1,4,0,6,0,0,6,0,41945132
2025,Regular Season,Chiba Lotte Marines,27,"<a href=""https://proeyekyuu.com/player/?PlayerID=41945137"">Tamura, Tatsuhiro</a>",C,18,43,38,0.158,0.158,0.237,0.395,1,3,6,5,0,0,1,9,0,0,0,0,10,3,0,5,0,41945137
2025,Regular Season,Tokyo Yakult Swallows,34,"<a href=""https://proeyekyuu.com/player/?PlayerID=41945139"">Taguchi, Kazuto</a>",P,36,0,0,0.000,0.000,0.000,0.000,0,0,0,0,0,0,0,0,0,0,0,0,0,0,0,0,0,41945139
2025,Regular Season,Chiba Lotte Marines,62,"<a href=""https://proeyekyuu.com/player/?PlayerID=41945150"">Sakai, Haru</a>",P,1,0,0,0.000,0.000,0.000,0.000,0,0,0,0,0,0,0,0,0,0,0,0,0,0,0,0,0,41945150
2025,Regular Season,Saitama Seibu Lions,19,"<a href=""https://proeyekyuu.com/player/?PlayerID=41945155"">Sato, Shunsuke</a>",P,20,0,0,0.000,0.000,0.000,0.000,0,0,0,0,0,0,0,0,0,0,0,0,0,0,0,0,0,41945155
2025,Regular Season,Hanshin Tigers,82,"<a href=""https://proeyekyuu.com/player/?PlayerID=43045150"">Hartwig, Grant</a>",P,16,0,0,0.000,0.000,0.000,0.000,0,0,0,0,0,0,0,0,0,0,0,0,0,0,0,0,0,43045150
2025,Regular Season,Saitama Seibu Lions,42,"<a href=""https://proeyekyuu.com/player/?PlayerID=43045155"">Takahashi, Bo</a>",P,4,0,0,0.000,0.000,0.000,0.000,0,0,0,0,0,0,0,0,0,0,0,0,0,0,0,0,0,43045155
2025,Regular Season,Yomiuri Giants,00,"<a href=""https://proeyekyuu.com/player/?PlayerID=43145136"">Yuasa, Dai</a>",PR,8,3,3,0.000,0.000,0.000,0.000,2,0,0,0,0,0,0,0,0,0,0,0,1,0,0,0,0,43145136
2025,Regular Season,Tokyo Yakult Swallows,68,"<a href=""https://proeyekyuu.com/player/?PlayerID=43145153"">Maruyama, Shota</a>",P,8,0,0,0.000,0.000,0.000,0.000,0,0,0,0,0,0,0,0,0,0,0,0,0,0,0,0,0,43145153
2025,Climax Series - Final Stage,Hanshin Tigers,1,"<a href=""https://proeyekyuu.com/player/?PlayerID=43145157"">Morishita, Shota</a>",RF,3,13,9,0.667,0.769,1.222,1.991,3,3,6,3,2,0,1,11,0,0,3,0,0,0,1,0,0,43145157
2025,Japan Series,Hanshin Tigers,1,"<a href=""https://proeyekyuu.com/player/?PlayerID=43145157"">Morishita, Shota</a>",RF,5,22,20,0.200,0.273,0.300,0.573,0,1,4,2,2,0,0,6,1,0,2,0,7,1,0,0,0,43145157
2025,Regular Season,Hanshin Tigers,1,"<a href=""https://proeyekyuu.com/player/?PlayerID=43145157"">Morishita, Shota</a>",RF,143,620,549,0.275,0.350,0.463,0.813,82,89,151,99,24,5,23,254,5,2,54,4,86,15,12,0,5,43145157
2025,Japan Series,Fukuoka Softbank Hawks,4,"<a href=""https://proeyekyuu.com/player/?PlayerID=43245159"">Downs, Jeter</a>",3B,2,2,1,0.000,0.500,0.000,0.500,0,0,0,0,0,0,0,0,0,0,1,0,1,0,0,0,0,43245159
2025,Regular Season,Fukuoka Softbank Hawks,4,"<a href=""https://proeyekyuu.com/player/?PlayerID=43245159"">Downs, Jeter</a>",3B,50,168,146,0.226,0.315,0.418,0.733,21,18,33,16,10,3,4,61,4,1,19,0,36,0,1,0,2,43245159
2025,Climax Series - First Stage,Orix Buffaloes,11,"<a href=""https://proeyekyuu.com/player/?PlayerID=43345153"">Yamashita, Shunpeita</a>",P,1,0,0,0.000,0.000,0.000,0.000,0,0,0,0,0,0,0,0,0,0,0,0,0,0,0,0,0,43345153
2025,Regular Season,Orix Buffaloes,11,"<a href=""https://proeyekyuu.com/player/?PlayerID=43345153"">Yamashita, Shunpeita</a>",P,4,0,0,0.000,0.000,0.000,0.000,0,0,0,0,0,0,0,0,0,0,0,0,0,0,0,0,0,43345153
2025,Regular Season,Saitama Seibu Lions,36,"<a href=""https://proeyekyuu.com/player/?PlayerID=43345157"">Yamada, Haruto</a>",P,49,0,0,0.000,0.000,0.000,0.000,0,0,0,0,0,0,0,0,0,0,0,0,0,0,0,0,0,43345157
2025,Regular Season,Yomiuri Giants,47,"<a href=""https://proeyekyuu.com/player/?PlayerID=43345159"">Morita, Shunya</a>",P,9,12,9,0.111,0.200,0.111,0.311,0,0,1,1,0,0,0,1,0,0,1,0,5,1,0,2,0,43345159
2025,Regular Season,Tohoku Rakuten Golden Eagles,78,"<a href=""https://proeyekyuu.com/player/?PlayerID=43545155"">Yoshino, Soshi</a>",CF,5,13,13,0.231,0.231,0.231,0.462,0,2,3,3,0,0,0,3,0,0,0,0,2,1,0,0,0,43545155
2025,Regular Season,Orix Buffaloes,00,"<a href=""https://proeyekyuu.com/player/?PlayerID=43545159"">Espinoza, Anderson</a>",P,23,1,1,0.000,0.000,0.000,0.000,0,0,0,0,0,0,0,0,0,0,0,0,1,0,0,0,0,43545159
2025,Regular Season,Hiroshima Toyo Carp,61,"<a href=""https://proeyekyuu.com/player/?PlayerID=43745150"">Fabian, Sandro</a>",LF,138,572,539,0.276,0.315,0.427,0.742,60,65,149,102,30,0,17,230,2,3,22,3,84,8,9,0,2,43745150
2025,Climax Series - First Stage,Yokohama DeNA Baystars,42,"<a href=""https://proeyekyuu.com/player/?PlayerID=43745159"">Jackson, Andre</a>",P,1,0,0,0.000,0.000,0.000,0.000,0,0,0,0,0,0,0,0,0,0,0,0,0,0,0,0,0,43745159
2025,Regular Season,Yokohama DeNA Baystars,42,"<a href=""https://proeyekyuu.com/player/?PlayerID=43745159"">Jackson, Andre</a>",P,25,51,42,0.048,0.111,0.119,0.230,1,5,2,1,0,0,1,5,0,0,3,0,27,0,0,6,0,43745159
2025,Regular Season,Orix Buffaloes,36,"<a href=""https://proeyekyuu.com/player/?PlayerID=43945150"">Olivares, Edward</a>",LF,11,35,33,0.182,0.229,0.212,0.441,1,0,6,5,1,0,0,7,1,0,2,0,8,0,0,0,0,43945150
2025,Regular Season,Orix Buffaloes,42,"<a href=""https://proeyekyuu.com/player/?PlayerID=43945159"">Machado, Andres</a>",P,58,0,0,0.000,0.000,0.000,0.000,0,0,0,0,0,0,0,0,0,0,0,0,0,0,0,0,0,43945159
2025,Regular Season,Tokyo Yakult Swallows,47,"<a href=""https://proeyekyuu.com/player/?PlayerID=51055132"">Takahashi, Keiji</a>",P,8,11,8,0.000,0.000,0.000,0.000,0,0,0,0,0,0,0,0,0,0,0,0,6,0,0,3,0,51055132
2025,Regular Season,Hanshin Tigers,46,"<a href=""https://proeyekyuu.com/player/?PlayerID=51055133"">Shimamoto, Hiroya</a>",P,16,0,0,0.000,0.000,0.000,0.000,0,0,0,0,0,0,0,0,0,0,0,0,0,0,0,0,0,51055133
2025,Regular Season,Tohoku Rakuten Golden Eagles,14,"<a href=""https://proeyekyuu.com/player/?PlayerID=51055137"">Norimoto, Takahiro</a>",P,56,0,0,0.000,0.000,0.000,0.000,0,0,0,0,0,0,0,0,0,0,0,0,0,0,0,0,0,51055137
2025,Climax Series - Final Stage,Hokkaido Nippon-Ham Fighters,64,"<a href=""https://proeyekyuu.com/player/?PlayerID=51055138"">Tamiya, Yua</a>",C,3,12,7,0.000,0.200,0.000,0.200,1,2,0,0,0,0,0,0,0,0,2,0,3,0,0,2,1,51055138
2025,Climax Series - First Stage,Hokkaido Nippon-Ham Fighters,64,"<a href=""https://proeyekyuu.com/player/?PlayerID=51055138"">Tamiya, Yua</a>",C,2,7,5,0.200,0.200,0.200,0.400,0,0,1,1,0,0,0,1,0,0,0,0,0,0,0,2,0,51055138
2025,Regular Season,Hokkaido Nippon-Ham Fighters,64,"<a href=""https://proeyekyuu.com/player/?PlayerID=51055138"">Tamiya, Yua</a>",C,79,274,245,0.253,0.303,0.347,0.650,29,21,62,50,6,1,5,85,2,4,18,0,44,4,1,7,3,51055138
2025,Regular Season,Saitama Seibu Lions,38,"<a href=""https://proeyekyuu.com/player/?PlayerID=51055150"">Sato, Taiyo</a>",2B,13,34,30,0.167,0.242,0.267,0.509,2,3,5,3,1,1,0,8,0,0,2,0,7,0,1,1,0,51055150
2025,Regular Season,Orix Buffaloes,93,"<a href=""https://proeyekyuu.com/player/?PlayerID=51055151"">Satoh, Kazuma</a>",P,3,0,0,0.000,0.000,0.000,0.000,0,0,0,0,0,0,0,0,0,0,0,0,0,0,0,0,0,51055151
2025,Regular Season,Hanshin Tigers,39,"<a href=""https://proeyekyuu.com/player/?PlayerID=51055153"">Sakaeda, Yuki</a>",C,8,9,9,0.222,0.222,0.222,0.444,1,1,2,2,0,0,0,2,0,1,0,0,3,0,0,0,0,51055153
2025,Regular Season,Hiroshima Toyo Carp,52,"<a href=""https://proeyekyuu.com/player/?PlayerID=51055155"">Suekane, Shota</a>",RF,123,477,437,0.243,0.296,0.373,0.669,40,62,106,74,18,3,11,163,2,3,33,0,97,6,2,0,5,51055155
2025,Regular Season,Tohoku Rakuten Golden Eagles,3,"<a href=""https://proeyekyuu.com/player/?PlayerID=51155118"">Asamura, Hideto</a>",1B,96,389,331,0.239,0.350,0.366,0.716,27,34,79,56,13,1,9,121,1,0,51,4,81,11,6,0,1,51155118
2025,Climax Series - Final Stage,Fukuoka Softbank Hawks,17,"<a href=""https://proeyekyuu.com/player/?PlayerID=51155130"">Arihara, Kohei</a>",P,1,0,0,0.000,0.000,0.000,0.000,0,0,0,0,0,0,0,0,0,0,0,0,0,0,0,0,0,51155130
2025,Japan Series,Fukuoka Softbank Hawks,17,"<a href=""https://proeyekyuu.com/player/?PlayerID=51155130"">Arihara, Kohei</a>",P,2,1,1,0.000,0.000,0.000,0.000,0,0,0,0,0,0,0,0,0,0,0,0,0,0,0,0,0,51155130
2025,Regular Season,Fukuoka Softbank Hawks,17,"<a href=""https://proeyekyuu.com/player/?PlayerID=51155130"">Arihara, Kohei</a>",P,26,2,1,0.000,0.000,0.000,0.000,0,0,0,0,0,0,0,0,0,0,0,0,1,0,0,1,0,51155130
2025,Climax Series - Final Stage,Yokohama DeNA Baystars,11,"<a href=""https://proeyekyuu.com/player/?PlayerID=51155136"">Azuma, Katsuki</a>",P,1,3,1,0.000,0.000,0.000,0.000,0,0,0,0,0,0,0,0,0,0,0,0,1,0,0,2,0,51155136
2025,Regular Season,Yokohama DeNA Baystars,11,"<a href=""https://proeyekyuu.com/player/?PlayerID=51155136"">Azuma, Katsuki</a>",P,24,53,38,0.184,0.262,0.211,0.473,3,4,7,6,1,0,0,8,0,0,4,0,13,0,0,11,0,51155136
2025,Regular Season,Yokohama DeNA Baystars,57,"<a href=""https://proeyekyuu.com/player/?PlayerID=51155151"">Azuma, Junpei</a>",PH,4,6,6,0.167,0.167,0.167,0.334,1,0,1,1,0,0,0,1,0,0,0,0,4,0,0,0,0,51155151
2025,Regular Season,Tokyo Yakult Swallows,00,"<a href=""https://proeyekyuu.com/player/?PlayerID=51155153"">Akahane, Yoshihiro</a>",2B,103,290,258,0.209,0.259,0.283,0.542,22,19,54,40,11,1,2,73,5,3,18,0,66,2,0,12,2,51155153
2025,Regular Season,Yomiuri Giants,31,"<a href=""https://proeyekyuu.com/player/?PlayerID=51155155"">Akahoshi, Yuji</a>",P,22,38,30,0.233,0.303,0.233,0.536,1,2,7,7,0,0,0,7,0,0,3,0,12,0,0,5,0,51155155
2025,Regular Season,Saitama Seibu Lions,29,"<a href=""https://proeyekyuu.com/player/?PlayerID=51155157"">Aoyama, Minato</a>",P,2,0,0,0.000,0.000,0.000,0.000,0,0,0,0,0,0,0,0,0,0,0,0,0,0,0,0,0,51155157
2025,Regular Season,Tokyo Yakult Swallows,27,"<a href=""https://proeyekyuu.com/player/?PlayerID=51255118"">Nakamura, Yuhei</a>",C,74,221,187,0.230,0.319,0.278,0.597,13,11,43,36,6,0,1,52,1,0,22,2,30,6,3,8,1,51255118
2025,Climax Series - First Stage,Orix Buffaloes,67,"<a href=""https://proeyekyuu.com/player/?PlayerID=51255138"">Nakagawa, Keita</a>",RF,2,7,7,0.000,0.000,0.000,0.000,0,0,0,0,0,0,0,0,0,0,0,0,2,0,0,0,0,51255138
2025,Regular Season,Orix Buffaloes,67,"<a href=""https://proeyekyuu.com/player/?PlayerID=51255138"">Nakagawa, Keita</a>",RF,119,463,433,0.284,0.314,0.432,0.746,54,53,123,84,26,1,12,187,10,2,20,1,49,9,1,5,4,51255138
2025,Regular Season,Saitama Seibu Lions,62,"<a href=""https://proeyekyuu.com/player/?PlayerID=51255155"">Takizawa, Natsuo</a>",2B,125,438,385,0.234,0.289,0.244,0.533,31,14,90,86,4,0,0,94,21,7,28,0,67,2,2,23,0,51255155
2025,Regular Season,Hanshin Tigers,50,"<a href=""https://proeyekyuu.com/player/?PlayerID=51255157"">Tomida, Ren</a>",P,9,6,5,0.000,0.000,0.000,0.000,1,0,0,0,0,0,0,0,0,0,0,0,3,0,0,1,0,51255157
2025,Regular Season,Saitama Seibu Lions,21,"<a href=""https://proeyekyuu.com/player/?PlayerID=51255159"">Takeuchi, Natsuki</a>",P,12,5,2,0.000,0.250,0.000,0.250,0,1,0,0,0,0,0,0,0,0,1,0,2,0,0,1,1,51255159
2025,Regular Season,Chunichi Dragons,46,"<a href=""https://proeyekyuu.com/player/?PlayerID=51355134"">Umeno, Yugo</a>",P,26,0,0,0.000,0.000,0.000,0.000,0,0,0,0,0,0,0,0,0,0,0,0,0,0,0,0,0,51355134
2025,Climax Series - Final Stage,Fukuoka Softbank Hawks,10,"<a href=""https://proeyekyuu.com/player/?PlayerID=51355135"">Uwasawa, Naoyuki</a>",P,1,0,0,0.000,0.000,0.000,0.000,0,0,0,0,0,0,0,0,0,0,0,0,0,0,0,0,0,51355135
2025,Japan Series,Fukuoka Softbank Hawks,10,"<a href=""https://proeyekyuu.com/player/?PlayerID=51355135"">Uwasawa, Naoyuki</a>",P,1,0,0,0.000,0.000,0.000,0.000,0,0,0,0,0,0,0,0,0,0,0,0,0,0,0,0,0,51355135
2025,Regular Season,Fukuoka Softbank Hawks,10,"<a href=""https://proeyekyuu.com/player/?PlayerID=51355135"">Uwasawa, Naoyuki</a>",P,23,5,4,0.000,0.000,0.000,0.000,0,1,0,0,0,0,0,0,0,0,0,0,1,0,0,1,0,51355135
2025,Climax Series - Final Stage,Hanshin Tigers,14,"<a href=""https://proeyekyuu.com/player/?PlayerID=51355139"">Iwasada, Yuta</a>",P,1,0,0,0.000,0.000,0.000,0.000,0,0,0,0,0,0,0,0,0,0,0,0,0,0,0,0,0,51355139
2025,Japan Series,Hanshin Tigers,14,"<a href=""https://proeyekyuu.com/player/?PlayerID=51355139"">Iwasada, Yuta</a>",P,1,0,0,0.000,0.000,0.000,0.000,0,0,0,0,0,0,0,0,0,0,0,0,0,0,0,0,0,51355139
2025,Regular Season,Hanshin Tigers,14,"<a href=""https://proeyekyuu.com/player/?PlayerID=51355139"">Iwasada, Yuta</a>",P,29,0,0,0.000,0.000,0.000,0.000,0,0,0,0,0,0,0,0,0,0,0,0,0,0,0,0,0,51355139
2025,Regular Season,Yomiuri Giants,97,"<a href=""https://proeyekyuu.com/player/?PlayerID=51355151"">Inoue, Haruto</a>",P,20,30,29,0.069,0.069,0.069,0.138,1,1,2,2,0,0,0,2,0,0,0,0,17,0,0,1,0,51355151
2025,Climax Series - Final Stage,Hokkaido Nippon-Ham Fighters,17,"<a href=""https://proeyekyuu.com/player/?PlayerID=51355153"">Itoh, Hiromi</a>",P,1,0,0,0.000,0.000,0.000,0.000,0,0,0,0,0,0,0,0,0,0,0,0,0,0,0,0,0,51355153
2025,Climax Series - First Stage,Hokkaido Nippon-Ham Fighters,17,"<a href=""https://proeyekyuu.com/player/?PlayerID=51355153"">Itoh, Hiromi</a>",P,1,0,0,0.000,0.000,0.000,0.000,0,0,0,0,0,0,0,0,0,0,0,0,0,0,0,0,0,51355153
2025,Regular Season,Hokkaido Nippon-Ham Fighters,17,"<a href=""https://proeyekyuu.com/player/?PlayerID=51355153"">Itoh, Hiromi</a>",P,27,6,6,0.000,0.000,0.000,0.000,0,0,0,0,0,0,0,0,0,0,0,0,4,0,0,0,0,51355153
2025,Regular Season,Tokyo Yakult Swallows,64,"<a href=""https://proeyekyuu.com/player/?PlayerID=51355155"">Iwata, Yukihiro</a>",CF,126,401,357,0.266,0.322,0.317,0.639,43,13,95,82,8,5,0,113,14,6,24,2,46,2,6,13,1,51355155
2025,Regular Season,Hiroshima Toyo Carp,63,"<a href=""https://proeyekyuu.com/player/?PlayerID=51355157"">Uchida, Shodai</a>",PH,6,10,9,0.222,0.300,0.333,0.633,0,0,2,1,1,0,0,3,0,0,1,0,4,0,0,0,0,51355157
2025,Regular Season,Fukuoka Softbank Hawks,27,"<a href=""https://proeyekyuu.com/player/?PlayerID=51355159"">Iwai, Shunsuke</a>",P,8,0,0,0.000,0.000,0.000,0.000,0,0,0,0,0,0,0,0,0,0,0,0,0,0,0,0,0,51355159
2025,Regular Season,Chiba Lotte Marines,8,"<a href=""https://proeyekyuu.com/player/?PlayerID=51455130"">Nakamura, Shogo</a>",3B,20,64,59,0.186,0.250,0.271,0.521,2,3,11,8,2,0,1,16,0,0,4,0,9,0,1,0,0,51455130
2025,Regular Season,Saitama Seibu Lions,51,"<a href=""https://proeyekyuu.com/player/?PlayerID=51455136"">Nishikawa, Manaya</a>",CF,124,553,507,0.264,0.318,0.387,0.705,64,38,134,95,26,3,10,196,25,7,32,1,80,4,9,2,3,51455136
2025,Regular Season,Yokohama DeNA Baystars,51,"<a href=""https://proeyekyuu.com/player/?PlayerID=51455137"">Miyazaki, Toshiro</a>",3B,95,352,321,0.277,0.335,0.389,0.724,25,39,89,66,16,1,6,125,0,0,28,1,42,14,1,0,2,51455137
2025,Regular Season,Tokyo Yakult Swallows,7,"<a href=""https://proeyekyuu.com/player/?PlayerID=51455151"">Nagaoka, Hideki</a>",SS,67,261,247,0.243,0.267,0.316,0.583,20,13,60,44,14,2,0,78,1,0,8,1,21,6,1,3,2,51455151
2025,Regular Season,Chunichi Dragons,45,"<a href=""https://proeyekyuu.com/player/?PlayerID=51455153"">Tsuchida, Ryuku</a>",SS,20,53,51,0.137,0.170,0.176,0.346,1,2,7,5,2,0,0,9,0,0,2,0,16,2,0,0,0,51455153
2025,Climax Series - Final Stage,Hanshin Tigers,68,"<a href=""https://proeyekyuu.com/player/?PlayerID=51455155"">Nakagawa, Hayato</a>",LF,1,2,2,0.500,0.500,0.500,1.000,0,0,1,1,0,0,0,1,0,0,0,0,0,0,0,0,0,51455155
2025,Japan Series,Hanshin Tigers,68,"<a href=""https://proeyekyuu.com/player/?PlayerID=51455155"">Nakagawa, Hayato</a>",LF,1,1,1,0.000,0.000,0.000,0.000,0,0,0,0,0,0,0,0,0,0,0,0,0,0,0,0,0,51455155
2025,Regular Season,Hanshin Tigers,68,"<a href=""https://proeyekyuu.com/player/?PlayerID=51455155"">Nakagawa, Hayato</a>",LF,25,59,56,0.268,0.293,0.393,0.686,3,2,15,12,1,0,2,22,0,0,2,0,16,2,0,1,0,51455155
2025,Regular Season,Chiba Lotte Marines,65,"<a href=""https://proeyekyuu.com/player/?PlayerID=51455159"">Terachi, Ryusei</a>",C,116,445,414,0.256,0.299,0.331,0.630,33,33,106,85,16,0,5,137,0,0,19,2,67,8,7,3,2,51455159
2025,Regular Season,Chiba Lotte Marines,37,"<a href=""https://proeyekyuu.com/player/?PlayerID=51555130"">Ono, Fumiya</a>",P,47,0,0,0.000,0.000,0.000,0.000,0,0,0,0,0,0,0,0,0,0,0,0,0,0,0,0,0,51555130
2025,Regular Season,Tokyo Yakult Swallows,48,"<a href=""https://proeyekyuu.com/player/?PlayerID=51555136"">Kanakubo, Yuto</a>",P,12,1,1,0.000,0.000,0.000,0.000,0,0,0,0,0,0,0,0,0,0,0,0,1,0,0,0,0,51555136
2025,Regular Season,Saitama Seibu Lions,34,"<a href=""https://proeyekyuu.com/player/?PlayerID=51555138"">Kaino, Hiroshi</a>",P,47,0,0,0.000,0.000,0.000,0.000,0,0,0,0,0,0,0,0,0,0,0,0,0,0,0,0,0,51555138
2025,Climax Series - Final Stage,Yokohama DeNA Baystars,61,"<a href=""https://proeyekyuu.com/player/?PlayerID=51555151"">Ebina, Tatsuo</a>",RF,3,14,14,0.143,0.143,0.214,0.357,1,1,2,1,1,0,0,3,0,0,0,0,6,0,0,0,0,51555151
2025,Climax Series - First Stage,Yokohama DeNA Baystars,61,"<a href=""https://proeyekyuu.com/player/?PlayerID=51555151"">Ebina, Tatsuo</a>",RF,2,10,10,0.400,0.400,0.400,0.800,1,2,4,4,0,0,0,4,0,0,0,0,2,0,0,0,0,51555151
2025,Regular Season,Yokohama DeNA Baystars,61,"<a href=""https://proeyekyuu.com/player/?PlayerID=51555151"">Ebina, Tatsuo</a>",RF,115,401,348,0.284,0.355,0.420,0.775,53,41,99,69,21,1,8,146,5,4,31,1,68,5,11,4,7,51555151
2025,Regular Season,Tohoku Rakuten Golden Eagles,69,"<a href=""https://proeyekyuu.com/player/?PlayerID=51555153"">Uchi, Seiryu</a>",P,25,1,1,0.000,0.000,0.000,0.000,0,0,0,0,0,0,0,0,0,0,0,0,1,0,0,0,0,51555153
2025,Climax Series - Final Stage,Yokohama DeNA Baystars,58,"<a href=""https://proeyekyuu.com/player/?PlayerID=51555155"">Kajiwara, Kouki</a>",CF,1,1,1,0.000,0.000,0.000,0.000,0,0,0,0,0,0,0,0,0,0,0,0,1,0,0,0,0,51555155
2025,Climax Series - First Stage,Yokohama DeNA Baystars,58,"<a href=""https://proeyekyuu.com/player/?PlayerID=51555155"">Kajiwara, Kouki</a>",CF,1,1,1,0.000,0.000,0.000,0.000,0,0,0,0,0,0,0,0,0,0,0,0,0,0,0,0,0,51555155
2025,Regular Season,Yokohama DeNA Baystars,58,"<a href=""https://proeyekyuu.com/player/?PlayerID=51555155"">Kajiwara, Kouki</a>",CF,61,170,163,0.245,0.271,0.350,0.621,21,10,40,28,9,1,2,57,6,3,4,0,51,1,2,0,1,51555155
2025,Climax Series - Final Stage,Hokkaido Nippon-Ham Fighters,24,"<a href=""https://proeyekyuu.com/player/?PlayerID=51555157"">Kanemura, Shoma</a>",P,1,0,0,0.000,0.000,0.000,0.000,0,0,0,0,0,0,0,0,0,0,0,0,0,0,0,0,0,51555157
2025,Climax Series - First Stage,Hokkaido Nippon-Ham Fighters,24,"<a href=""https://proeyekyuu.com/player/?PlayerID=51555157"">Kanemura, Shoma</a>",P,1,0,0,0.000,0.000,0.000,0.000,0,0,0,0,0,0,0,0,0,0,0,0,0,0,0,0,0,51555157
2025,Regular Season,Hokkaido Nippon-Ham Fighters,24,"<a href=""https://proeyekyuu.com/player/?PlayerID=51555157"">Kanemura, Shoma</a>",P,28,3,3,0.000,0.000,0.000,0.000,0,0,0,0,0,0,0,0,0,0,0,0,2,0,0,0,0,51555157
2025,Climax Series - Final Stage,Fukuoka Softbank Hawks,48,"<a href=""https://proeyekyuu.com/player/?PlayerID=51655130"">Fujii, Kouya</a>",P,1,0,0,0.000,0.000,0.000,0.000,0,0,0,0,0,0,0,0,0,0,0,0,0,0,0,0,0,51655130
2025,Japan Series,Fukuoka Softbank Hawks,48,"<a href=""https://proeyekyuu.com/player/?PlayerID=51655130"">Fujii, Kouya</a>",P,4,0,0,0.000,0.000,0.000,0.000,0,0,0,0,0,0,0,0,0,0,0,0,0,0,0,0,0,51655130
2025,Regular Season,Fukuoka Softbank Hawks,48,"<a href=""https://proeyekyuu.com/player/?PlayerID=51655130"">Fujii, Kouya</a>",P,51,0,0,0.000,0.000,0.000,0.000,0,0,0,0,0,0,0,0,0,0,0,0,0,0,0,0,0,51655130
2025,Climax Series - First Stage,Yomiuri Giants,40,"<a href=""https://proeyekyuu.com/player/?PlayerID=51655153"">Nakayama, Raito</a>",RF,1,4,4,0.250,0.250,1.000,1.250,1,3,1,0,0,0,1,4,0,0,0,0,1,0,0,0,0,51655153
2025,Regular Season,Yomiuri Giants,40,"<a href=""https://proeyekyuu.com/player/?PlayerID=51655153"">Nakayama, Raito</a>",RF,103,312,287,0.265,0.319,0.383,0.702,35,32,76,56,13,0,7,110,1,2,20,1,42,6,3,2,0,51655153
2025,Regular Season,Saitama Seibu Lions,43,"<a href=""https://proeyekyuu.com/player/?PlayerID=51655155"">Hada, Shinnosuke</a>",P,24,0,0,0.000,0.000,0.000,0.000,0,0,0,0,0,0,0,0,0,0,0,0,0,0,0,0,0,51655155
2025,Regular Season,Hiroshima Toyo Carp,39,"<a href=""https://proeyekyuu.com/player/?PlayerID=51655157"">Hasebe, Ginji</a>",P,5,0,0,0.000,0.000,0.000,0.000,0,0,0,0,0,0,0,0,0,0,0,0,0,0,0,0,0,51655157
2025,Regular Season,Saitama Seibu Lions,1,"<a href=""https://proeyekyuu.com/player/?PlayerID=51755115"">Kuriyama, Takumi</a>",PH,11,23,23,0.087,0.087,0.087,0.174,0,0,2,2,0,0,0,2,0,0,0,0,7,1,0,0,0,51755115
2025,Regular Season,Saitama Seibu Lions,54,"<a href=""https://proeyekyuu.com/player/?PlayerID=51755134"">Kuroki, Yuta</a>",P,29,0,0,0.000,0.000,0.000,0.000,0,0,0,0,0,0,0,0,0,0,0,0,0,0,0,0,0,51755134
2025,Climax Series - Final Stage,Yokohama DeNA Baystars,1,"<a href=""https://proeyekyuu.com/player/?PlayerID=51755135"">Kuwahara, Masayuki</a>",CF,3,14,14,0.214,0.214,0.214,0.428,0,0,3,3,0,0,0,3,0,0,0,0,4,0,0,0,0,51755135
2025,Climax Series - First Stage,Yokohama DeNA Baystars,1,"<a href=""https://proeyekyuu.com/player/?PlayerID=51755135"">Kuwahara, Masayuki</a>",CF,2,9,5,0.200,0.500,0.400,0.900,2,0,1,0,1,0,0,2,0,0,1,0,2,1,2,1,0,51755135
2025,Regular Season,Yokohama DeNA Baystars,1,"<a href=""https://proeyekyuu.com/player/?PlayerID=51755135"">Kuwahara, Masayuki</a>",CF,106,447,398,0.284,0.348,0.382,0.730,48,27,113,88,17,2,6,152,10,0,30,1,59,5,9,10,0,51755135
2025,Climax Series - Final Stage,Hokkaido Nippon-Ham Fighters,15,"<a href=""https://proeyekyuu.com/player/?PlayerID=51755155"">Kitayama, Koki</a>",P,1,0,0,0.000,0.000,0.000,0.000,0,0,0,0,0,0,0,0,0,0,0,0,0,0,0,0,0,51755155
2025,Climax Series - First Stage,Hokkaido Nippon-Ham Fighters,15,"<a href=""https://proeyekyuu.com/player/?PlayerID=51755155"">Kitayama, Koki</a>",P,1,0,0,0.000,0.000,0.000,0.000,0,0,0,0,0,0,0,0,0,0,0,0,0,0,0,0,0,51755155
2025,Regular Season,Hokkaido Nippon-Ham Fighters,15,"<a href=""https://proeyekyuu.com/player/?PlayerID=51755155"">Kitayama, Koki</a>",P,22,4,4,0.000,0.000,0.000,0.000,0,0,0,0,0,0,0,0,0,0,0,0,4,0,0,0,0,51755155
2025,Regular Season,Saitama Seibu Lions,0,"<a href=""https://proeyekyuu.com/player/?PlayerID=51755157"">Kodama, Ryosuke</a>",3B,60,53,47,0.170,0.250,0.213,0.463,9,3,8,6,2,0,0,10,1,2,4,0,9,0,1,1,0,51755157
2025,Climax Series - First Stage,Yomiuri Giants,0,"<a href=""https://proeyekyuu.com/player/?PlayerID=51855132"">Masuda, Daiki</a>",PR,1,0,0,0.000,0.000,0.000,0.000,1,0,0,0,0,0,0,0,0,0,0,0,0,0,0,0,0,51855132
2025,Regular Season,Yomiuri Giants,0,"<a href=""https://proeyekyuu.com/player/?PlayerID=51855132"">Masuda, Daiki</a>",PR,53,25,22,0.136,0.136,0.182,0.318,5,0,3,2,1,0,0,4,3,2,0,0,7,0,0,3,0,51855132
2025,Regular Season,Hokkaido Nippon-Ham Fighters,34,"<a href=""https://proeyekyuu.com/player/?PlayerID=51855134"">Hori, Mizuki</a>",P,2,0,0,0.000,0.000,0.000,0.000,0,0,0,0,0,0,0,0,0,0,0,0,0,0,0,0,0,51855134
2025,Regular Season,Tokyo Yakult Swallows,32,"<a href=""https://proeyekyuu.com/player/?PlayerID=51855136"">Matsumoto, Naoki</a>",C,18,36,34,0.176,0.222,0.206,0.428,0,0,6,5,1,0,0,7,0,0,2,0,7,3,0,0,0,51855136
2025,Climax Series - Final Stage,Yokohama DeNA Baystars,65,"<a href=""https://proeyekyuu.com/player/?PlayerID=51855138"">Miyagi, Daita</a>",P,1,0,0,0.000,0.000,0.000,0.000,0,0,0,0,0,0,0,0,0,0,0,0,0,0,0,0,0,51855138
2025,Regular Season,Yokohama DeNA Baystars,65,"<a href=""https://proeyekyuu.com/player/?PlayerID=51855138"">Miyagi, Daita</a>",P,50,0,0,0.000,0.000,0.000,0.000,0,0,0,0,0,0,0,0,0,0,0,0,0,0,0,0,0,51855138
2025,Regular Season,Saitama Seibu Lions,33,"<a href=""https://proeyekyuu.com/player/?PlayerID=51855157"">Furukawa, Yuudai</a>",RF,5,16,12,0.083,0.313,0.083,0.396,1,0,1,1,0,0,0,1,0,1,4,0,4,1,0,0,0,51855157
2025,Climax Series - First Stage,Yomiuri Giants,6,"<a href=""https://proeyekyuu.com/player/?PlayerID=51955114"">Sakamoto, Hayato</a>",3B,1,1,0,0.000,1.000,0.000,1.000,0,0,0,0,0,0,0,0,1,0,1,1,0,0,0,0,0,51955114
2025,Regular Season,Yomiuri Giants,6,"<a href=""https://proeyekyuu.com/player/?PlayerID=51955114"">Sakamoto, Hayato</a>",3B,62,173,154,0.208,0.272,0.331,0.603,7,22,32,19,10,0,3,51,0,0,14,1,40,6,1,0,4,51955114
2025,Regular Season,Tokyo Yakult Swallows,17,"<a href=""https://proeyekyuu.com/player/?PlayerID=51955138"">Shimizu, Noboru</a>",P,35,0,0,0.000,0.000,0.000,0.000,0,0,0,0,0,0,0,0,0,0,0,0,0,0,0,0,0,51955138
2025,Regular Season,Saitama Seibu Lions,68,"<a href=""https://proeyekyuu.com/player/?PlayerID=51955151"">Kishi, Junichiro</a>",LF,10,31,30,0.167,0.194,0.267,0.461,2,0,5,2,3,0,0,8,0,0,1,0,3,0,0,0,0,51955151
2025,Climax Series - First Stage,Orix Buffaloes,38,"<a href=""https://proeyekyuu.com/player/?PlayerID=51955153"">Kita, Ryoto</a>",RF,1,1,1,0.000,0.000,0.000,0.000,0,0,0,0,0,0,0,0,0,0,0,0,1,0,0,0,0,51955153
2025,Regular Season,Orix Buffaloes,38,"<a href=""https://proeyekyuu.com/player/?PlayerID=51955153"">Kita, Ryoto</a>",RF,50,135,124,0.234,0.278,0.323,0.601,14,5,29,22,5,0,2,40,5,0,7,0,38,1,1,2,1,51955153
2025,Regular Season,Tohoku Rakuten Golden Eagles,73,"<a href=""https://proeyekyuu.com/player/?PlayerID=51955155"">Komori, Kohtaro</a>",LF,33,80,76,0.197,0.225,0.250,0.475,8,3,15,13,1,0,1,19,5,0,2,0,21,1,1,0,1,51955155
2025,Regular Season,Tokyo Yakult Swallows,42,"<a href=""https://proeyekyuu.com/player/?PlayerID=51955157"">Sawai, Ren</a>",RF,27,77,75,0.187,0.208,0.280,0.488,3,3,14,9,4,0,1,21,0,0,1,0,27,1,1,0,0,51955157
2025,Climax Series - First Stage,Yomiuri Giants,44,"<a href=""https://proeyekyuu.com/player/?PlayerID=51955159"">Sasaki, Shunsuke</a>",CF,1,6,6,0.500,0.500,1.000,1.500,1,2,3,2,0,0,1,6,0,0,0,0,0,0,0,0,0,51955159
2025,Regular Season,Yomiuri Giants,44,"<a href=""https://proeyekyuu.com/player/?PlayerID=51955159"">Sasaki, Shunsuke</a>",CF,53,161,141,0.248,0.298,0.291,0.589,14,10,35,30,4,1,0,41,1,4,10,0,34,2,0,10,0,51955159
2025,Regular Season,Saitama Seibu Lions,12,"<a href=""https://proeyekyuu.com/player/?PlayerID=53155138"">Watanabe, Yutaro</a>",P,23,2,2,0.000,0.000,0.000,0.000,0,0,0,0,0,0,0,0,0,0,0,0,0,0,0,0,0,53155138
2025,Regular Season,Tohoku Rakuten Golden Eagles,1,"<a href=""https://proeyekyuu.com/player/?PlayerID=53155150"">Muneyama, Rui</a>",SS,122,460,430,0.260,0.289,0.340,0.629,32,27,112,87,19,3,3,146,7,0,20,2,82,10,1,0,9,53155150
2025,Regular Season,Hiroshima Toyo Carp,18,"<a href=""https://proeyekyuu.com/player/?PlayerID=53155151"">Morishita, Masato</a>",P,22,50,43,0.093,0.133,0.093,0.226,1,0,4,4,0,0,0,4,0,0,2,0,19,0,0,5,0,53155151
2025,Regular Season,Chiba Lotte Marines,2,"<a href=""https://proeyekyuu.com/player/?PlayerID=53155155"">Matsukawa, Kou</a>",C,6,9,8,0.000,0.111,0.000,0.111,0,0,0,0,0,0,0,0,0,0,1,0,3,1,0,0,0,53155155
2025,Regular Season,Tohoku Rakuten Golden Eagles,75,"<a href=""https://proeyekyuu.com/player/?PlayerID=53355150"">Yang, Po-Hsiang</a>",PH,2,2,2,0.500,0.500,0.500,1.000,0,0,1,1,0,0,0,1,0,0,0,0,1,0,0,0,0,53355150
2025,Regular Season,Hanshin Tigers,30,"<a href=""https://proeyekyuu.com/player/?PlayerID=53355157"">Mombetsu, Keito</a>",P,12,13,11,0.000,0.000,0.000,0.000,0,0,0,0,0,0,0,0,0,0,0,0,4,0,0,2,0,53355157
2025,Regular Season,Saitama Seibu Lions,45,"<a href=""https://proeyekyuu.com/player/?PlayerID=53555150"">Wingenter, Trey</a>",P,49,0,0,0.000,0.000,0.000,0.000,0,0,0,0,0,0,0,0,0,0,0,0,0,0,0,0,0,53555150
2025,Climax Series - First Stage,Yomiuri Giants,59,"<a href=""https://proeyekyuu.com/player/?PlayerID=53555153"">Wakabayashi, Gakuto</a>",LF,2,6,5,0.400,0.400,1.000,1.400,1,2,2,1,0,0,1,5,0,0,0,0,1,0,0,1,0,53555153
2025,Regular Season,Yomiuri Giants,59,"<a href=""https://proeyekyuu.com/player/?PlayerID=53555153"">Wakabayashi, Gakuto</a>",LF,86,241,216,0.241,0.304,0.347,0.651,30,16,52,37,10,2,3,75,9,1,15,0,40,0,5,4,1,53555153
2025,Regular Season,Yomiuri Giants,011,"<a href=""https://proeyekyuu.com/player/?PlayerID=53555155"">Yamada, Ryusei</a>",P,2,0,0,0.000,0.000,0.000,0.000,0,0,0,0,0,0,0,0,0,0,0,0,0,0,0,0,0,53555155
2025,Regular Season,Tokyo Yakult Swallows,21,"<a href=""https://proeyekyuu.com/player/?PlayerID=53555157"">Yoshimura, Kojiro</a>",P,22,46,36,0.028,0.079,0.056,0.135,1,0,1,0,1,0,0,2,0,0,2,0,15,2,0,8,0,53555157
2025,Regular Season,Saitama Seibu Lions,26,"<a href=""https://proeyekyuu.com/player/?PlayerID=53755150"">Nevin, Tyler</a>",1B,137,570,509,0.277,0.346,0.448,0.794,51,63,141,96,24,0,21,228,2,1,45,6,78,13,11,0,5,53755150
2025,Regular Season,Tokyo Yakult Swallows,25,"<a href=""https://proeyekyuu.com/player/?PlayerID=53755153"">Santana, Domingo</a>",LF,60,240,212,0.274,0.358,0.368,0.726,25,15,58,44,11,0,3,78,1,1,25,0,65,4,3,0,0,53755153
2025,Regular Season,Hiroshima Toyo Carp,95,"<a href=""https://proeyekyuu.com/player/?PlayerID=53955150"">Montero, Elehuris</a>",1B,105,396,368,0.255,0.301,0.391,0.692,23,41,94,63,21,1,9,144,0,0,23,2,89,11,2,0,3,53955150
2025,Regular Season,Hanshin Tigers,31,"<a href=""https://proeyekyuu.com/player/?PlayerID=57955159"">Hayakawa, Daiki</a>",P,3,4,3,0.000,0.000,0.000,0.000,0,0,0,0,0,0,0,0,0,0,0,0,0,0,0,1,0,57955159
2025,Regular Season,Chunichi Dragons,6,"<a href=""https://proeyekyuu.com/player/?PlayerID=61065116"">Nakata, Sho</a>",1B,26,69,63,0.159,0.232,0.302,0.534,4,4,10,5,3,0,2,19,0,0,6,1,13,1,0,0,0,61065116
2025,Regular Season,Hanshin Tigers,94,"<a href=""https://proeyekyuu.com/player/?PlayerID=61065131"">Haraguchi, Fumihito</a>",PH,16,17,16,0.063,0.118,0.063,0.181,1,2,1,1,0,0,0,1,0,0,1,1,5,2,0,0,0,61065131
2025,Climax Series - First Stage,Yomiuri Giants,45,"<a href=""https://proeyekyuu.com/player/?PlayerID=61065136"">Tanaka, Eito</a>",P,2,0,0,0.000,0.000,0.000,0.000,0,0,0,0,0,0,0,0,0,0,0,0,0,0,0,0,0,61065136
2025,Regular Season,Yomiuri Giants,45,"<a href=""https://proeyekyuu.com/player/?PlayerID=61065136"">Tanaka, Eito</a>",P,62,0,0,0.000,0.000,0.000,0.000,0,0,0,0,0,0,0,0,0,0,0,0,0,0,0,0,0,61065136
2025,Climax Series - Final Stage,Hokkaido Nippon-Ham Fighters,23,"<a href=""https://proeyekyuu.com/player/?PlayerID=61065137"">Fushimi, Torai</a>",C,2,6,6,0.167,0.167,0.500,0.667,1,0,1,0,0,1,0,3,0,0,0,0,0,0,0,0,0,61065137
2025,Regular Season,Hokkaido Nippon-Ham Fighters,23,"<a href=""https://proeyekyuu.com/player/?PlayerID=61065137"">Fushimi, Torai</a>",C,64,175,158,0.241,0.294,0.310,0.604,7,11,38,31,5,0,2,49,0,0,10,0,34,5,2,5,0,61065137
2025,Regular Season,Orix Buffaloes,28,"<a href=""https://proeyekyuu.com/player/?PlayerID=61065138"">Tomiyama, Ryoga</a>",P,5,0,0,0.000,0.000,0.000,0.000,0,0,0,0,0,0,0,0,0,0,0,0,0,0,0,0,0,61065138
2025,Regular Season,Saitama Seibu Lions,52,"<a href=""https://proeyekyuu.com/player/?PlayerID=61065150"">Shinohara, Hibiki</a>",P,2,0,0,0.000,0.000,0.000,0.000,0,0,0,0,0,0,0,0,0,0,0,0,0,0,0,0,0,61065150
2025,Regular Season,Hiroshima Toyo Carp,41,"<a href=""https://proeyekyuu.com/player/?PlayerID=61065151"">Suzuki, Kenya</a>",P,24,0,0,0.000,0.000,0.000,0.000,0,0,0,0,0,0,0,0,0,0,0,0,0,0,0,0,0,61065151
2025,Regular Season,Tohoku Rakuten Golden Eagles,59,"<a href=""https://proeyekyuu.com/player/?PlayerID=61065155"">Tai, Katsutoshi</a>",P,6,0,0,0.000,0.000,0.000,0.000,0,0,0,0,0,0,0,0,0,0,0,0,0,0,0,0,0,61065155
2025,Regular Season,Orix Buffaloes,61,"<a href=""https://proeyekyuu.com/player/?PlayerID=61065157"">Chano, Tokumasa</a>",LF,3,12,12,0.167,0.167,0.167,0.334,0,0,2,2,0,0,0,2,0,0,0,0,0,0,0,0,0,61065157
2025,Regular Season,Orix Buffaloes,96,"<a href=""https://proeyekyuu.com/player/?PlayerID=61065159"">Takashima, Taito</a>",P,22,0,0,0.000,0.000,0.000,0.000,0,0,0,0,0,0,0,0,0,0,0,0,0,0,0,0,0,61065159
2025,Regular Season,Tohoku Rakuten Golden Eagles,4,"<a href=""https://proeyekyuu.com/player/?PlayerID=61165132"">Abe, Toshiki</a>",LF,43,129,105,0.219,0.352,0.371,0.723,11,8,23,14,5,1,3,39,1,1,22,0,31,1,0,1,1,61165132
2025,Regular Season,Tohoku Rakuten Golden Eagles,70,"<a href=""https://proeyekyuu.com/player/?PlayerID=61165134"">Ishihara, Tsuyoshi</a>",C,31,38,32,0.094,0.171,0.094,0.265,1,3,3,3,0,0,0,3,0,0,3,0,12,0,0,3,0,61165134
2025,Regular Season,Chiba Lotte Marines,21,"<a href=""https://proeyekyuu.com/player/?PlayerID=61165139"">Ishikawa, Shuta</a>",P,19,2,2,0.000,0.000,0.000,0.000,0,0,0,0,0,0,0,0,0,0,0,0,1,0,0,0,0,61165139
2025,Regular Season,Yomiuri Giants,23,"<a href=""https://proeyekyuu.com/player/?PlayerID=61165150"">Ishizuka, Yusei</a>",PH,9,9,9,0.111,0.111,0.111,0.222,0,0,1,1,0,0,0,1,0,0,0,0,5,0,0,0,0,61165150
2025,Regular Season,Yomiuri Giants,65,"<a href=""https://proeyekyuu.com/player/?PlayerID=61165153"">Ishikawa, Tatsuya</a>",P,41,7,7,0.286,0.286,0.286,0.572,0,1,2,2,0,0,0,2,0,0,0,0,2,0,0,0,0,61165153
2025,Regular Season,Chunichi Dragons,32,"<a href=""https://proeyekyuu.com/player/?PlayerID=61165157"">Itoh, Mao</a>",P,12,0,0,0.000,0.000,0.000,0.000,0,0,0,0,0,0,0,0,0,0,0,0,0,0,0,0,0,61165157
2025,Climax Series - First Stage,Yomiuri Giants,35,"<a href=""https://proeyekyuu.com/player/?PlayerID=61165159"">Izuguchi, Yuta</a>",SS,2,10,9,0.000,0.000,0.000,0.000,0,0,0,0,0,0,0,0,0,0,0,0,3,0,0,1,0,61165159
2025,Regular Season,Yomiuri Giants,35,"<a href=""https://proeyekyuu.com/player/?PlayerID=61165159"">Izuguchi, Yuta</a>",SS,133,573,512,0.301,0.362,0.393,0.755,67,39,154,122,23,3,6,201,4,5,47,2,60,8,4,7,3,61165159
2025,Regular Season,Tokyo Yakult Swallows,015,"<a href=""https://proeyekyuu.com/player/?PlayerID=61265138"">Numata, Shohei</a>",P,1,0,0,0.000,0.000,0.000,0.000,0,0,0,0,0,0,0,0,0,0,0,0,0,0,0,0,0,61265138
2025,Regular Season,Saitama Seibu Lions,37,"<a href=""https://proeyekyuu.com/player/?PlayerID=61265151"">Tsuge, Sena</a>",C,13,17,16,0.125,0.176,0.125,0.301,2,0,2,2,0,0,0,2,0,0,1,0,4,0,0,0,0,61265151
2025,Regular Season,Chunichi Dragons,19,"<a href=""https://proeyekyuu.com/player/?PlayerID=61265153"">Takahashi, Hiroto</a>",P,26,54,45,0.111,0.130,0.111,0.241,2,0,5,5,0,0,0,5,0,0,1,0,17,0,0,8,0,61265153
2025,Regular Season,Hiroshima Toyo Carp,60,"<a href=""https://proeyekyuu.com/player/?PlayerID=61265155"">Tamura, Shunsuke</a>",1B,25,69,63,0.254,0.319,0.333,0.652,5,4,16,14,0,1,1,21,0,1,6,1,14,1,0,0,0,61265155
2025,Regular Season,Chunichi Dragons,0,"<a href=""https://proeyekyuu.com/player/?PlayerID=61265159"">Tsujimoto, Rintaro</a>",PH,29,56,53,0.132,0.132,0.189,0.321,3,1,7,4,3,0,0,10,0,0,0,0,10,1,0,3,0,61265159
2025,Regular Season,Chunichi Dragons,39,"<a href=""https://proeyekyuu.com/player/?PlayerID=61365132"">Usami, Shingo</a>",C,20,41,34,0.118,0.250,0.118,0.368,2,1,4,4,0,0,0,4,0,0,6,2,13,1,0,1,0,61365132
2025,Climax Series - Final Stage,Fukuoka Softbank Hawks,39,"<a href=""https://proeyekyuu.com/player/?PlayerID=61365136"">Ogata, Shuto</a>",P,1,0,0,0.000,0.000,0.000,0.000,0,0,0,0,0,0,0,0,0,0,0,0,0,0,0,0,0,61365136
2025,Regular Season,Fukuoka Softbank Hawks,39,"<a href=""https://proeyekyuu.com/player/?PlayerID=61365136"">Ogata, Shuto</a>",P,38,0,0,0.000,0.000,0.000,0.000,0,0,0,0,0,0,0,0,0,0,0,0,0,0,0,0,0,61365136
2025,Regular Season,Hiroshima Toyo Carp,14,"<a href=""https://proeyekyuu.com/player/?PlayerID=61365139"">Ohsera, Daichi</a>",P,23,41,34,0.118,0.143,0.118,0.261,2,0,4,4,0,0,0,4,0,0,1,0,14,0,0,6,0,61365139
2025,Climax Series - Final Stage,Yokohama DeNA Baystars,22,"<a href=""https://proeyekyuu.com/player/?PlayerID=61365153"">Irie, Taisei</a>",P,1,0,0,0.000,0.000,0.000,0.000,0,0,0,0,0,0,0,0,0,0,0,0,0,0,0,0,0,61365153
2025,Regular Season,Yokohama DeNA Baystars,22,"<a href=""https://proeyekyuu.com/player/?PlayerID=61365153"">Irie, Taisei</a>",P,50,0,0,0.000,0.000,0.000,0.000,0,0,0,0,0,0,0,0,0,0,0,0,0,0,0,0,0,61365153
2025,Regular Season,Orix Buffaloes,57,"<a href=""https://proeyekyuu.com/player/?PlayerID=61465131"">Yamada, Nobuyoshi</a>",P,28,0,0,0.000,0.000,0.000,0.000,0,0,0,0,0,0,0,0,0,0,0,0,0,0,0,0,0,61465131
2025,Climax Series - Final Stage,Fukuoka Softbank Hawks,8,"<a href=""https://proeyekyuu.com/player/?PlayerID=61465133"">Makihara, Taisei</a>",2B,5,18,17,0.118,0.167,0.118,0.285,0,0,2,2,0,0,0,2,0,0,1,1,3,1,0,0,0,61465133
2025,Japan Series,Fukuoka Softbank Hawks,8,"<a href=""https://proeyekyuu.com/player/?PlayerID=61465133"">Makihara, Taisei</a>",2B,5,18,17,0.235,0.278,0.353,0.631,2,0,4,2,2,0,0,6,1,0,1,0,2,1,0,0,0,61465133
2025,Regular Season,Fukuoka Softbank Hawks,8,"<a href=""https://proeyekyuu.com/player/?PlayerID=61465133"">Makihara, Taisei</a>",2B,125,443,418,0.304,0.317,0.409,0.726,44,49,127,99,17,6,5,171,12,4,7,0,63,4,3,11,4,61465133
2025,Regular Season,Orix Buffaloes,13,"<a href=""https://proeyekyuu.com/player/?PlayerID=61465150"">Teranishi, Naruki</a>",P,11,0,0,0.000,0.000,0.000,0.000,0,0,0,0,0,0,0,0,0,0,0,0,0,0,0,0,0,61465150
2025,Regular Season,Saitama Seibu Lions,90,"<a href=""https://proeyekyuu.com/player/?PlayerID=61465151"">Hamaya, Shota</a>",P,16,0,0,0.000,0.000,0.000,0.000,0,0,0,0,0,0,0,0,0,0,0,0,0,0,0,0,0,61465151
2025,Regular Season,Saitama Seibu Lions,55,"<a href=""https://proeyekyuu.com/player/?PlayerID=61465153"">Nakamigawa, Yuta</a>",DH,5,10,9,0.222,0.200,0.444,0.644,0,5,2,1,0,1,0,4,0,0,0,0,6,0,0,0,1,61465153
2025,Regular Season,Tohoku Rakuten Golden Eagles,49,"<a href=""https://proeyekyuu.com/player/?PlayerID=61465155"">Nishigaki, Masaya</a>",P,63,0,0,0.000,0.000,0.000,0.000,0,0,0,0,0,0,0,0,0,0,0,0,0,0,0,0,0,61465155
2025,Regular Season,Hiroshima Toyo Carp,33,"<a href=""https://proeyekyuu.com/player/?PlayerID=61565135"">Kikuchi, Ryosuke</a>",2B,113,389,355,0.251,0.280,0.338,0.618,30,28,89,66,19,0,4,120,5,3,14,0,70,5,1,17,2,61565135
2025,Regular Season,Hanshin Tigers,55,"<a href=""https://proeyekyuu.com/player/?PlayerID=61565136"">Kusumoto, Taishi</a>",PH,16,16,15,0.133,0.188,0.200,0.388,0,1,2,1,1,0,0,3,0,0,1,0,6,0,0,0,0,61565136
2025,Regular Season,Chunichi Dragons,21,"<a href=""https://proeyekyuu.com/player/?PlayerID=61565150"">Kanemaru, Yumeto</a>",P,15,27,23,0.000,0.000,0.000,0.000,0,0,0,0,0,0,0,0,0,0,0,0,17,0,0,4,0,61565150
2025,Climax Series - Final Stage,Fukuoka Softbank Hawks,66,"<a href=""https://proeyekyuu.com/player/?PlayerID=61665130"">Matsumoto, Yuki</a>",P,3,0,0,0.000,0.000,0.000,0.000,0,0,0,0,0,0,0,0,0,0,0,0,0,0,0,0,0,61665130
2025,Japan Series,Fukuoka Softbank Hawks,66,"<a href=""https://proeyekyuu.com/player/?PlayerID=61665130"">Matsumoto, Yuki</a>",P,4,0,0,0.000,0.000,0.000,0.000,0,0,0,0,0,0,0,0,0,0,0,0,0,0,0,0,0,61665130
2025,Regular Season,Fukuoka Softbank Hawks,66,"<a href=""https://proeyekyuu.com/player/?PlayerID=61665130"">Matsumoto, Yuki</a>",P,51,0,0,0.000,0.000,0.000,0.000,0,0,0,0,0,0,0,0,0,0,0,0,0,0,0,0,0,61665130
2025,Regular Season,Tohoku Rakuten Golden Eagles,46,"<a href=""https://proeyekyuu.com/player/?PlayerID=61665134"">Fujihira, Shoma</a>",P,62,0,0,0.000,0.000,0.000,0.000,0,0,0,0,0,0,0,0,0,0,0,0,0,0,0,0,0,61665134
2025,Regular Season,Hokkaido Nippon-Ham Fighters,93,"<a href=""https://proeyekyuu.com/player/?PlayerID=61665151"">Matsuoka, Koki</a>",P,3,0,0,0.000,0.000,0.000,0.000,0,0,0,0,0,0,0,0,0,0,0,0,0,0,0,0,0,61665151
2025,Regular Season,Saitama Seibu Lions,9,"<a href=""https://proeyekyuu.com/player/?PlayerID=61665157"">Hiruma, Takuya</a>",LF,12,37,34,0.176,0.200,0.176,0.376,0,0,6,6,0,0,0,6,0,0,1,0,8,0,0,2,0,61665157
2025,Regular Season,Fukuoka Softbank Hawks,33,"<a href=""https://proeyekyuu.com/player/?PlayerID=61665159"">Hirose, Ryuta</a>",2B,30,94,85,0.224,0.280,0.282,0.562,6,7,19,16,2,0,1,24,1,0,7,0,28,2,0,1,1,61665159
2025,Climax Series - Final Stage,Hokkaido Nippon-Ham Fighters,22,"<a href=""https://proeyekyuu.com/player/?PlayerID=61765139"">Sugiura, Toshihiro</a>",P,2,0,0,0.000,0.000,0.000,0.000,0,0,0,0,0,0,0,0,0,0,0,0,0,0,0,0,0,61765139
2025,Regular Season,Hokkaido Nippon-Ham Fighters,22,"<a href=""https://proeyekyuu.com/player/?PlayerID=61765139"">Sugiura, Toshihiro</a>",P,18,0,0,0.000,0.000,0.000,0.000,0,0,0,0,0,0,0,0,0,0,0,0,0,0,0,0,0,61765139
2025,Regular Season,Chiba Lotte Marines,58,"<a href=""https://proeyekyuu.com/player/?PlayerID=61765153"">Kawamura, Tokito</a>",P,4,0,0,0.000,0.000,0.000,0.000,0,0,0,0,0,0,0,0,0,0,0,0,0,0,0,0,0,61765153
2025,Climax Series - Final Stage,Hokkaido Nippon-Ham Fighters,46,"<a href=""https://proeyekyuu.com/player/?PlayerID=61765155"">Kuroyanagi, Kyosuke</a>",P,1,0,0,0.000,0.000,0.000,0.000,0,0,0,0,0,0,0,0,0,0,0,0,0,0,0,0,0,61765155
2025,Regular Season,Hokkaido Nippon-Ham Fighters,46,"<a href=""https://proeyekyuu.com/player/?PlayerID=61765155"">Kuroyanagi, Kyosuke</a>",P,5,0,0,0.000,0.000,0.000,0.000,0,0,0,0,0,0,0,0,0,0,0,0,0,0,0,0,0,61765155
2025,Regular Season,Hiroshima Toyo Carp,47,"<a href=""https://proeyekyuu.com/player/?PlayerID=61765157"">Saitoh, Yuta</a>",P,2,1,1,0.000,0.000,0.000,0.000,0,0,0,0,0,0,0,0,0,0,0,0,1,0,0,0,0,61765157
2025,Regular Season,Orix Buffaloes,98,"<a href=""https://proeyekyuu.com/player/?PlayerID=61765159"">Gonda, Ryusei</a>",P,9,0,0,0.000,0.000,0.000,0.000,0,0,0,0,0,0,0,0,0,0,0,0,0,0,0,0,0,61765159
2025,Regular Season,Tokyo Yakult Swallows,8,"<a href=""https://proeyekyuu.com/player/?PlayerID=61865132"">Mogi, Eigoro</a>",3B,53,172,150,0.240,0.333,0.353,0.686,12,16,36,29,2,0,5,53,0,3,19,1,48,2,2,1,0,61865132
2025,Climax Series - Final Stage,Hokkaido Nippon-Ham Fighters,56,"<a href=""https://proeyekyuu.com/player/?PlayerID=61865153"">Hosokawa, Ryohei</a>",PR,1,0,0,0.000,0.000,0.000,0.000,0,0,0,0,0,0,0,0,0,0,0,0,0,0,0,0,0,61865153
2025,Climax Series - First Stage,Hokkaido Nippon-Ham Fighters,56,"<a href=""https://proeyekyuu.com/player/?PlayerID=61865153"">Hosokawa, Ryohei</a>",PR,1,0,0,0.000,0.000,0.000,0.000,1,0,0,0,0,0,0,0,0,0,0,0,0,0,0,0,0,61865153
2025,Regular Season,Hokkaido Nippon-Ham Fighters,56,"<a href=""https://proeyekyuu.com/player/?PlayerID=61865153"">Hosokawa, Ryohei</a>",PR,16,19,16,0.125,0.176,0.125,0.301,1,1,2,2,0,0,0,2,2,0,1,0,2,0,0,2,0,61865153
2025,Regular Season,Chunichi Dragons,90,"<a href=""https://proeyekyuu.com/player/?PlayerID=61865157"">Matsuyama, Shinya</a>",P,53,0,0,0.000,0.000,0.000,0.000,0,0,0,0,0,0,0,0,0,0,0,0,0,0,0,0,0,61865157
2025,Regular Season,Hokkaido Nippon-Ham Fighters,29,"<a href=""https://proeyekyuu.com/player/?PlayerID=61865159"">Hosono, Haruki</a>",P,6,0,0,0.000,0.000,0.000,0.000,0,0,0,0,0,0,0,0,0,0,0,0,0,0,0,0,0,61865159
2025,Regular Season,Hiroshima Toyo Carp,7,"<a href=""https://proeyekyuu.com/player/?PlayerID=61965131"">Dohbayashi, Shota</a>",1B,44,77,70,0.186,0.250,0.314,0.564,5,4,13,6,6,0,1,22,0,0,6,1,23,3,0,1,0,61965131
2025,Climax Series - First Stage,Orix Buffaloes,99,"<a href=""https://proeyekyuu.com/player/?PlayerID=61965132"">Sugimoto, Yutaro</a>",RF,2,8,5,0.400,0.625,1.000,1.625,1,1,2,1,0,0,1,5,0,0,2,0,2,0,1,0,0,61965132
2025,Regular Season,Orix Buffaloes,99,"<a href=""https://proeyekyuu.com/player/?PlayerID=61965132"">Sugimoto, Yutaro</a>",RF,119,455,401,0.259,0.332,0.426,0.758,48,53,104,71,15,2,16,171,1,0,38,1,123,8,9,0,7,61965132
2025,Regular Season,Orix Buffaloes,66,"<a href=""https://proeyekyuu.com/player/?PlayerID=61965136"">Suzuki, Hiroshi</a>",P,15,0,0,0.000,0.000,0.000,0.000,0,0,0,0,0,0,0,0,0,0,0,0,0,0,0,0,0,61965136
2025,Regular Season,Hiroshima Toyo Carp,2,"<a href=""https://proeyekyuu.com/player/?PlayerID=61965139"">Tanaka, Kosuke</a>",3B,15,44,34,0.147,0.341,0.147,0.488,2,0,5,5,0,0,0,5,0,2,9,1,7,0,1,0,0,61965139
2025,Regular Season,Tohoku Rakuten Golden Eagles,0,"<a href=""https://proeyekyuu.com/player/?PlayerID=61965151"">Kobukata, Hiroto</a>",2B,124,357,299,0.217,0.311,0.258,0.569,36,14,65,57,5,2,1,77,28,8,40,0,65,1,1,16,1,61965151
2025,Regular Season,Orix Buffaloes,33,"<a href=""https://proeyekyuu.com/player/?PlayerID=61965157"">Sugisawa, Ryu</a>",CF,14,16,15,0.200,0.200,0.267,0.467,0,2,3,2,1,0,0,4,0,1,0,0,4,0,0,1,0,61965157
2025,Regular Season,Chunichi Dragons,23,"<a href=""https://proeyekyuu.com/player/?PlayerID=63065150"">Chavis, Michael</a>",3B,38,120,105,0.171,0.267,0.352,0.619,7,8,18,9,4,0,5,37,0,0,11,2,32,2,3,0,1,63065150
2025,Regular Season,Chiba Lotte Marines,22,"<a href=""https://proeyekyuu.com/player/?PlayerID=63065155"">Polanco, Gregory</a>",DH,39,154,139,0.201,0.273,0.331,0.604,13,13,28,20,3,0,5,46,0,0,14,1,35,1,0,0,1,63065155
2025,Regular Season,Chunichi Dragons,17,"<a href=""https://proeyekyuu.com/player/?PlayerID=63165134"">Yanagi, Yuya</a>",P,14,26,24,0.083,0.120,0.083,0.203,0,0,2,2,0,0,0,2,0,0,1,0,11,0,0,1,0,63165134
2025,Regular Season,Saitama Seibu Lions,15,"<a href=""https://proeyekyuu.com/player/?PlayerID=63165136"">Yoza, Kaito</a>",P,16,2,2,0.000,0.000,0.000,0.000,0,0,0,0,0,0,0,0,0,0,0,0,2,0,0,0,0,63165136
2025,Climax Series - Final Stage,Hokkaido Nippon-Ham Fighters,54,"<a href=""https://proeyekyuu.com/player/?PlayerID=63165150"">Yamagata, Shu</a>",SS,4,14,13,0.231,0.231,0.615,0.846,2,2,3,1,0,1,1,8,0,0,0,0,1,1,0,1,0,63165150
2025,Climax Series - First Stage,Hokkaido Nippon-Ham Fighters,54,"<a href=""https://proeyekyuu.com/player/?PlayerID=63165150"">Yamagata, Shu</a>",SS,2,4,3,0.333,0.333,0.333,0.666,1,0,1,1,0,0,0,1,0,0,0,0,2,0,0,1,0,63165150
2025,Regular Season,Hokkaido Nippon-Ham Fighters,54,"<a href=""https://proeyekyuu.com/player/?PlayerID=63165150"">Yamagata, Shu</a>",SS,84,198,185,0.232,0.242,0.319,0.561,15,11,43,33,7,0,3,59,3,0,1,0,34,4,2,8,2,63165150
2025,Regular Season,Saitama Seibu Lions,69,"<a href=""https://proeyekyuu.com/player/?PlayerID=63165153"">Mizukami, Yoshinobu</a>",P,5,0,0,0.000,0.000,0.000,0.000,0,0,0,0,0,0,0,0,0,0,0,0,0,0,0,0,0,63165153
2025,Climax Series - Final Stage,Hokkaido Nippon-Ham Fighters,43,"<a href=""https://proeyekyuu.com/player/?PlayerID=63165155"">Mizuno, Tatsuki</a>",SS,5,19,19,0.158,0.158,0.316,0.474,2,1,3,1,1,1,0,6,1,0,0,0,5,0,0,0,0,63165155
2025,Climax Series - First Stage,Hokkaido Nippon-Ham Fighters,43,"<a href=""https://proeyekyuu.com/player/?PlayerID=63165155"">Mizuno, Tatsuki</a>",SS,2,7,7,0.143,0.143,0.143,0.286,0,0,1,1,0,0,0,1,0,0,0,0,3,0,0,0,0,63165155
2025,Regular Season,Hokkaido Nippon-Ham Fighters,43,"<a href=""https://proeyekyuu.com/player/?PlayerID=63165155"">Mizuno, Tatsuki</a>",SS,100,332,295,0.247,0.317,0.400,0.717,32,39,73,49,10,7,7,118,5,0,21,0,69,4,10,4,2,63165155
2025,Regular Season,Yokohama DeNA Baystars,39,"<a href=""https://proeyekyuu.com/player/?PlayerID=63365150"">Wakamatsu, Naoki</a>",P,7,0,0,0.000,0.000,0.000,0.000,0,0,0,0,0,0,0,0,0,0,0,0,0,0,0,0,0,63365150
2025,Regular Season,Tokyo Yakult Swallows,26,"<a href=""https://proeyekyuu.com/player/?PlayerID=63365153"">Yamano, Taichi</a>",P,14,27,21,0.143,0.182,0.190,0.372,1,1,3,2,1,0,0,4,0,0,1,0,8,0,0,5,0,63365153
2025,Regular Season,Hokkaido Nippon-Ham Fighters,95,"<a href=""https://proeyekyuu.com/player/?PlayerID=63365155"">Yanagawa, Taisei</a>",P,37,0,0,0.000,0.000,0.000,0.000,0,0,0,0,0,0,0,0,0,0,0,0,0,0,0,0,0,63365155
2025,Climax Series - First Stage,Orix Buffaloes,0,"<a href=""https://proeyekyuu.com/player/?PlayerID=63565155"">Watanabe, Haruto</a>",PR,1,0,0,0.000,0.000,0.000,0.000,0,0,0,0,0,0,0,0,0,0,0,0,0,0,0,0,0,63565155
2025,Regular Season,Orix Buffaloes,0,"<a href=""https://proeyekyuu.com/player/?PlayerID=63565155"">Watanabe, Haruto</a>",PR,51,14,10,0.200,0.385,0.200,0.585,9,0,2,2,0,0,0,2,2,0,2,0,4,0,1,1,0,63565155
2025,Climax Series - Final Stage,Hanshin Tigers,95,"<a href=""https://proeyekyuu.com/player/?PlayerID=63765150"">Hernandez, Ramon</a>",PH,2,2,2,0.000,0.000,0.000,0.000,0,0,0,0,0,0,0,0,0,0,0,0,2,0,0,0,0,63765150
2025,Japan Series,Hanshin Tigers,95,"<a href=""https://proeyekyuu.com/player/?PlayerID=63765150"">Hernandez, Ramon</a>",PH,2,3,3,0.333,0.333,0.333,0.666,0,0,1,1,0,0,0,1,0,0,0,0,1,0,0,0,0,63765150
2025,Regular Season,Hanshin Tigers,95,"<a href=""https://proeyekyuu.com/player/?PlayerID=63765150"">Hernandez, Ramon</a>",PH,47,101,96,0.229,0.257,0.292,0.549,3,8,22,18,3,0,1,28,0,0,4,0,26,6,0,0,1,63765150
2025,Climax Series - Final Stage,Fukuoka Softbank Hawks,35,"<a href=""https://proeyekyuu.com/player/?PlayerID=63965134"">Moinelo, Livan</a>",P,2,0,0,0.000,0.000,0.000,0.000,0,0,0,0,0,0,0,0,0,0,0,0,0,0,0,0,0,63965134
2025,Japan Series,Fukuoka Softbank Hawks,35,"<a href=""https://proeyekyuu.com/player/?PlayerID=63965134"">Moinelo, Livan</a>",P,1,2,2,0.000,0.000,0.000,0.000,0,0,0,0,0,0,0,0,0,0,0,0,1,0,0,0,0,63965134
2025,Regular Season,Fukuoka Softbank Hawks,35,"<a href=""https://proeyekyuu.com/player/?PlayerID=63965134"">Moinelo, Livan</a>",P,24,5,5,0.200,0.200,0.200,0.400,0,0,1,1,0,0,0,1,0,0,0,0,3,0,0,0,0,63965134
2025,Regular Season,Chunichi Dragons,94,"<a href=""https://proeyekyuu.com/player/?PlayerID=63965150"">Walters, Nash</a>",P,3,0,0,0.000,0.000,0.000,0.000,0,0,0,0,0,0,0,0,0,0,0,0,0,0,0,0,0,63965150
2025,Regular Season,Tohoku Rakuten Golden Eagles,23,"<a href=""https://proeyekyuu.com/player/?PlayerID=63965157"">Franco, Maikel</a>",DH,101,347,317,0.237,0.288,0.331,0.619,21,32,75,59,9,0,7,105,0,1,24,1,65,6,1,0,5,63965157
2025,Regular Season,Saitama Seibu Lions,13,"<a href=""https://proeyekyuu.com/player/?PlayerID=71075130"">Takahashi, Kona</a>",P,24,5,4,0.250,0.250,0.250,0.500,0,0,1,1,0,0,0,1,0,0,0,0,2,0,0,1,0,71075130
2025,Climax Series - Final Stage,Hanshin Tigers,5,"<a href=""https://proeyekyuu.com/player/?PlayerID=71075138"">Chikamoto, Koji</a>",CF,3,13,11,0.273,0.385,0.273,0.658,2,0,3,3,0,0,0,3,1,0,2,0,3,0,0,0,0,71075138
2025,Japan Series,Hanshin Tigers,5,"<a href=""https://proeyekyuu.com/player/?PlayerID=71075138"">Chikamoto, Koji</a>",CF,5,22,22,0.318,0.318,0.318,0.636,3,0,7,7,0,0,0,7,1,0,0,0,5,1,0,0,0,71075138
2025,Regular Season,Hanshin Tigers,5,"<a href=""https://proeyekyuu.com/player/?PlayerID=71075138"">Chikamoto, Koji</a>",CF,140,638,573,0.279,0.348,0.353,0.701,76,34,160,128,25,4,3,202,32,9,60,1,88,3,2,0,3,71075138
2025,Regular Season,Saitama Seibu Lions,58,"<a href=""https://proeyekyuu.com/player/?PlayerID=71075139"">Nakamura, Yuta</a>",P,20,0,0,0.000,0.000,0.000,0.000,0,0,0,0,0,0,0,0,0,0,0,0,0,0,0,0,0,71075139
2025,Regular Season,Hiroshima Toyo Carp,28,"<a href=""https://proeyekyuu.com/player/?PlayerID=71075150"">Sato, Ryunosuke</a>",P,6,5,4,0.250,0.250,0.250,0.500,0,0,1,1,0,0,0,1,0,0,0,0,2,0,0,1,0,71075150
2025,Regular Season,Chiba Lotte Marines,32,"<a href=""https://proeyekyuu.com/player/?PlayerID=71075151"">Satoh, Toshiya</a>",C,68,224,198,0.207,0.285,0.308,0.593,13,18,41,29,8,0,4,61,3,0,18,1,42,1,4,3,1,71075151
2025,Regular Season,Saitama Seibu Lions,71,"<a href=""https://proeyekyuu.com/player/?PlayerID=71075155"">Sugai, Shinya</a>",P,11,0,0,0.000,0.000,0.000,0.000,0,0,0,0,0,0,0,0,0,0,0,0,0,0,0,0,0,71075155
2025,Regular Season,Tokyo Yakult Swallows,99,"<a href=""https://proeyekyuu.com/player/?PlayerID=71175132"">Aoyagi, Koyo</a>",P,3,4,4,0.000,0.000,0.000,0.000,0,0,0,0,0,0,0,0,0,0,0,0,3,0,0,0,0,71175132
2025,Regular Season,Orix Buffaloes,12,"<a href=""https://proeyekyuu.com/player/?PlayerID=71175136"">Azuma, Kohei</a>",P,6,5,5,0.000,0.000,0.000,0.000,0,0,0,0,0,0,0,0,0,0,0,0,3,0,0,0,0,71175136
2025,Regular Season,Yomiuri Giants,60,"<a href=""https://proeyekyuu.com/player/?PlayerID=71175150"">Aramaki, Yu</a>",PH,31,61,54,0.296,0.377,0.370,0.747,1,1,16,14,1,0,1,20,0,2,7,0,13,0,0,0,0,71175150
2025,Regular Season,Fukuoka Softbank Hawks,52,"<a href=""https://proeyekyuu.com/player/?PlayerID=71175153"">Akihiro, Yuto</a>",LF,22,59,53,0.208,0.288,0.302,0.590,4,4,11,8,2,0,1,16,0,0,5,0,16,1,1,0,0,71175153
2025,Regular Season,Yomiuri Giants,55,"<a href=""https://proeyekyuu.com/player/?PlayerID=71175153"">Akihiro, Yuto</a>",LF,5,8,7,0.143,0.250,0.143,0.393,0,0,1,1,0,0,0,1,0,0,1,0,0,0,0,0,0,71175153
2025,Regular Season,Hanshin Tigers,16,"<a href=""https://proeyekyuu.com/player/?PlayerID=71275118"">Nishi, Yuki</a>",P,1,1,1,0.000,0.000,0.000,0.000,0,0,0,0,0,0,0,0,0,0,0,0,1,0,0,0,0,71275118
2025,Regular Season,Chiba Lotte Marines,67,"<a href=""https://proeyekyuu.com/player/?PlayerID=71275132"">Chatani, Kenta</a>",SS,43,41,36,0.222,0.282,0.278,0.560,3,2,8,6,2,0,0,10,0,0,3,0,9,0,0,2,0,71275132
2025,Regular Season,Chiba Lotte Marines,16,"<a href=""https://proeyekyuu.com/player/?PlayerID=71275134"">Taneichi, Atsuki</a>",P,24,2,1,0.000,0.000,0.000,0.000,0,0,0,0,0,0,0,0,0,0,0,0,1,0,0,1,0,71275134
2025,Regular Season,Tokyo Yakult Swallows,60,"<a href=""https://proeyekyuu.com/player/?PlayerID=71275151"">Takeoka, Ryusei</a>",2B,47,119,104,0.183,0.232,0.260,0.492,6,5,19,13,5,0,1,27,1,0,7,0,23,0,0,7,1,71275151
2025,Regular Season,Chiba Lotte Marines,47,"<a href=""https://proeyekyuu.com/player/?PlayerID=71275153"">Suzuki, Shota</a>",P,29,0,0,0.000,0.000,0.000,0.000,0,0,0,0,0,0,0,0,0,0,0,0,0,0,0,0,0,71275153
2025,Regular Season,Chiba Lotte Marines,4,"<a href=""https://proeyekyuu.com/player/?PlayerID=71275157"">Tomosugi, Atsuki</a>",SS,116,319,278,0.230,0.275,0.295,0.570,28,15,64,50,11,2,1,82,7,7,15,1,45,3,3,21,2,71275157
2025,Climax Series - Final Stage,Fukuoka Softbank Hawks,29,"<a href=""https://proeyekyuu.com/player/?PlayerID=71375134"">Ohe, Ryusei</a>",P,2,0,0,0.000,0.000,0.000,0.000,0,0,0,0,0,0,0,0,0,0,0,0,0,0,0,0,0,71375134
2025,Regular Season,Fukuoka Softbank Hawks,29,"<a href=""https://proeyekyuu.com/player/?PlayerID=71375134"">Ohe, Ryusei</a>",P,16,0,0,0.000,0.000,0.000,0.000,0,0,0,0,0,0,0,0,0,0,0,0,0,0,0,0,0,71375134
2025,Regular Season,Hiroshima Toyo Carp,66,"<a href=""https://proeyekyuu.com/player/?PlayerID=71375136"">Endoh, Atsushi</a>",P,7,3,3,0.000,0.000,0.000,0.000,0,0,0,0,0,0,0,0,0,0,0,0,1,0,0,0,0,71375136
2025,Regular Season,Tohoku Rakuten Golden Eagles,2,"<a href=""https://proeyekyuu.com/player/?PlayerID=71375138"">Ohta, Hikaru</a>",C,111,231,188,0.176,0.281,0.250,0.531,14,12,33,23,7,2,1,47,0,0,23,0,47,6,5,14,1,71375138
2025,Japan Series,Hanshin Tigers,18,"<a href=""https://proeyekyuu.com/player/?PlayerID=71375150"">Ihara, Takato</a>",P,1,0,0,0.000,0.000,0.000,0.000,0,0,0,0,0,0,0,0,0,0,0,0,0,0,0,0,0,71375150
2025,Regular Season,Hanshin Tigers,18,"<a href=""https://proeyekyuu.com/player/?PlayerID=71375150"">Ihara, Takato</a>",P,28,27,25,0.160,0.160,0.160,0.320,0,0,4,4,0,0,0,4,0,0,0,0,5,1,0,2,0,71375150
2025,Regular Season,Hanshin Tigers,27,"<a href=""https://proeyekyuu.com/player/?PlayerID=71375153"">Itoh, Masashi</a>",P,14,31,27,0.074,0.074,0.074,0.148,1,1,2,2,0,0,0,2,0,0,0,0,14,3,0,4,0,71375153
2025,Regular Season,Chunichi Dragons,66,"<a href=""https://proeyekyuu.com/player/?PlayerID=71375155"">Ukai, Kosuke</a>",PH,30,53,53,0.189,0.189,0.189,0.378,0,1,10,10,0,0,0,10,1,0,0,0,13,1,0,0,0,71375155
2025,Regular Season,Chiba Lotte Marines,10,"<a href=""https://proeyekyuu.com/player/?PlayerID=71375159"">Ueda, Kyuto</a>",1B,66,184,166,0.211,0.279,0.331,0.610,18,20,35,21,11,0,3,55,0,0,15,0,36,3,1,1,1,71375159
2025,Regular Season,Orix Buffaloes,7,"<a href=""https://proeyekyuu.com/player/?PlayerID=71475132"">Nishikawa, Ryoma</a>",LF,96,412,387,0.310,0.343,0.413,0.756,29,40,120,91,23,1,5,160,4,1,18,2,60,5,2,4,1,71475132
2025,Regular Season,Hiroshima Toyo Carp,00,"<a href=""https://proeyekyuu.com/player/?PlayerID=71475138"">Hatsuki, Ryutaro</a>",PR,74,119,105,0.295,0.373,0.352,0.725,26,4,31,27,2,2,0,37,17,5,13,1,29,0,0,1,0,71475138
2025,Climax Series - Final Stage,Fukuoka Softbank Hawks,12,"<a href=""https://proeyekyuu.com/player/?PlayerID=71475139"">Minei, Hiroki</a>",C,2,3,3,0.000,0.000,0.000,0.000,0,0,0,0,0,0,0,0,0,0,0,0,1,0,0,0,0,71475139
2025,Japan Series,Fukuoka Softbank Hawks,12,"<a href=""https://proeyekyuu.com/player/?PlayerID=71475139"">Minei, Hiroki</a>",C,2,4,3,0.667,0.750,0.667,1.417,1,0,2,2,0,0,0,2,0,0,0,0,0,0,1,0,0,71475139
2025,Regular Season,Fukuoka Softbank Hawks,12,"<a href=""https://proeyekyuu.com/player/?PlayerID=71475139"">Minei, Hiroki</a>",C,63,161,143,0.224,0.261,0.329,0.590,16,19,32,25,3,0,4,47,0,0,4,0,31,3,4,8,2,71475139
2025,Regular Season,Chiba Lotte Marines,49,"<a href=""https://proeyekyuu.com/player/?PlayerID=71475150"">Tatematsu, Yu</a>",1B,4,6,6,0.000,0.000,0.000,0.000,0,0,0,0,0,0,0,0,0,0,0,0,3,0,0,0,0,71475150
2025,Regular Season,Orix Buffaloes,48,"<a href=""https://proeyekyuu.com/player/?PlayerID=71475159"">Toumatsu, Kaisei</a>",P,7,0,0,0.000,0.000,0.000,0.000,0,0,0,0,0,0,0,0,0,0,0,0,0,0,0,0,0,71475159
2025,Regular Season,Tokyo Yakult Swallows,41,"<a href=""https://proeyekyuu.com/player/?PlayerID=71575134"">Yasaki, Takuya</a>",P,45,0,0,0.000,0.000,0.000,0.000,0,0,0,0,0,0,0,0,0,0,0,0,0,0,0,0,0,71575134
2025,Climax Series - Final Stage,Yokohama DeNA Baystars,8,"<a href=""https://proeyekyuu.com/player/?PlayerID=71575136"">Kamizato, Kazuki</a>",CF,1,1,1,0.000,0.000,0.000,0.000,0,0,0,0,0,0,0,0,0,0,0,0,0,0,0,0,0,71575136
2025,Climax Series - First Stage,Yokohama DeNA Baystars,8,"<a href=""https://proeyekyuu.com/player/?PlayerID=71575136"">Kamizato, Kazuki</a>",CF,2,0,0,0.000,0.000,0.000,0.000,1,0,0,0,0,0,0,0,0,0,0,0,0,0,0,0,0,71575136
2025,Regular Season,Yokohama DeNA Baystars,8,"<a href=""https://proeyekyuu.com/player/?PlayerID=71575136"">Kamizato, Kazuki</a>",CF,62,27,26,0.308,0.333,0.500,0.833,5,2,8,5,1,2,0,13,3,0,1,0,8,0,0,0,0,71575136
2025,Regular Season,Chunichi Dragons,00,"<a href=""https://proeyekyuu.com/player/?PlayerID=71575159"">Oda, Gouki</a>",PR,28,5,5,0.000,0.000,0.000,0.000,7,0,0,0,0,0,0,0,5,1,0,0,2,0,0,0,0,71575159
2025,Regular Season,Yokohama DeNA Baystars,52,"<a href=""https://proeyekyuu.com/player/?PlayerID=71675134"">Hamachi, Masumi</a>",P,3,0,0,0.000,0.000,0.000,0.000,0,0,0,0,0,0,0,0,0,0,0,0,0,0,0,0,0,71675134
2025,Regular Season,Chiba Lotte Marines,52,"<a href=""https://proeyekyuu.com/player/?PlayerID=71675135"">Masuda, Naoya</a>",P,22,0,0,0.000,0.000,0.000,0.000,0,0,0,0,0,0,0,0,0,0,0,0,0,0,0,0,0,71675135
2025,Regular Season,Saitama Seibu Lions,53,"<a href=""https://proeyekyuu.com/player/?PlayerID=71675138"">Makino, Shoya</a>",C,29,67,61,0.213,0.238,0.246,0.484,3,0,13,12,0,1,0,15,1,0,2,0,22,0,0,4,0,71675138
2025,Regular Season,Chunichi Dragons,37,"<a href=""https://proeyekyuu.com/player/?PlayerID=71675157"">Hama, Shonosuke</a>",PH,5,4,4,0.250,0.250,0.250,0.500,0,1,1,1,0,0,0,1,0,0,0,0,1,0,0,0,0,71675157
2025,Regular Season,Saitama Seibu Lions,6,"<a href=""https://proeyekyuu.com/player/?PlayerID=71775134"">Genda, Sosuke</a>",SS,104,361,320,0.209,0.269,0.275,0.544,21,20,67,51,11,5,0,88,8,5,25,0,60,4,2,11,3,71775134
2025,Climax Series - First Stage,Orix Buffaloes,22,"<a href=""https://proeyekyuu.com/player/?PlayerID=71775139"">Kuri, Allen</a>",P,1,0,0,0.000,0.000,0.000,0.000,0,0,0,0,0,0,0,0,0,0,0,0,0,0,0,0,0,71775139
2025,Regular Season,Orix Buffaloes,22,"<a href=""https://proeyekyuu.com/player/?PlayerID=71775139"">Kuri, Allen</a>",P,25,1,0,0.000,0.000,0.000,0.000,0,0,0,0,0,0,0,0,0,0,0,0,0,0,0,1,0,71775139
2025,Climax Series - Final Stage,Hanshin Tigers,60,"<a href=""https://proeyekyuu.com/player/?PlayerID=71775151"">Onodera, Dan</a>",LF,2,2,2,0.500,0.500,0.500,1.000,0,1,1,1,0,0,0,1,0,0,0,0,0,0,0,0,0,71775151
2025,Japan Series,Hanshin Tigers,60,"<a href=""https://proeyekyuu.com/player/?PlayerID=71775151"">Onodera, Dan</a>",LF,1,1,1,0.000,0.000,0.000,0.000,0,0,0,0,0,0,0,0,0,0,0,0,1,0,0,0,0,71775151
2025,Regular Season,Hanshin Tigers,60,"<a href=""https://proeyekyuu.com/player/?PlayerID=71775151"">Onodera, Dan</a>",LF,19,30,29,0.241,0.267,0.276,0.543,3,0,7,6,1,0,0,8,0,0,1,0,9,0,0,0,0,71775151
2025,Regular Season,Tohoku Rakuten Golden Eagles,22,"<a href=""https://proeyekyuu.com/player/?PlayerID=71775157"">Komago, Ryuji</a>",P,1,0,0,0.000,0.000,0.000,0.000,0,0,0,0,0,0,0,0,0,0,0,0,0,0,0,0,0,71775157
2025,Regular Season,Chiba Lotte Marines,53,"<a href=""https://proeyekyuu.com/player/?PlayerID=71775159"">Kimura, Yuto</a>",P,22,1,1,0.000,0.000,0.000,0.000,0,0,0,0,0,0,0,0,0,0,0,0,1,0,0,0,0,71775159
2025,Regular Season,Yokohama DeNA Baystars,92,"<a href=""https://proeyekyuu.com/player/?PlayerID=71875134"">Horioka, Hayato</a>",P,13,0,0,0.000,0.000,0.000,0.000,0,0,0,0,0,0,0,0,0,0,0,0,0,0,0,0,0,71875134
2025,Climax Series - First Stage,Orix Buffaloes,18,"<a href=""https://proeyekyuu.com/player/?PlayerID=71875151"">Miyagi, Hiroya</a>",P,1,0,0,0.000,0.000,0.000,0.000,0,0,0,0,0,0,0,0,0,0,0,0,0,0,0,0,0,71875151
2025,Regular Season,Orix Buffaloes,18,"<a href=""https://proeyekyuu.com/player/?PlayerID=71875151"">Miyagi, Hiroya</a>",P,23,4,3,0.000,0.250,0.000,0.250,0,0,0,0,0,0,0,0,0,0,1,0,0,0,0,0,0,71875151
2025,Regular Season,Tohoku Rakuten Golden Eagles,47,"<a href=""https://proeyekyuu.com/player/?PlayerID=71875153"">Fujii, Masaru</a>",P,22,4,2,0.000,0.000,0.000,0.000,0,0,0,0,0,0,0,0,0,0,0,0,1,0,0,2,0,71875153
2025,Regular Season,Chunichi Dragons,42,"<a href=""https://proeyekyuu.com/player/?PlayerID=71875155"">Bright, Kenta</a>",PH,83,157,139,0.259,0.335,0.424,0.759,17,20,36,21,10,2,3,59,0,2,13,0,40,3,3,2,0,71875155
2025,Regular Season,Fukuoka Softbank Hawks,51,"<a href=""https://proeyekyuu.com/player/?PlayerID=71875157"">Maeda, Jun</a>",P,10,2,2,0.500,0.500,0.500,1.000,0,2,1,1,0,0,0,1,0,0,0,0,1,0,0,0,0,71875157
2025,Climax Series - Final Stage,Yokohama DeNA Baystars,41,"<a href=""https://proeyekyuu.com/player/?PlayerID=71975134"">Sasaki, Chihaya</a>",P,2,0,0,0.000,0.000,0.000,0.000,0,0,0,0,0,0,0,0,0,0,0,0,0,0,0,0,0,71975134
2025,Climax Series - First Stage,Yokohama DeNA Baystars,41,"<a href=""https://proeyekyuu.com/player/?PlayerID=71975134"">Sasaki, Chihaya</a>",P,1,0,0,0.000,0.000,0.000,0.000,0,0,0,0,0,0,0,0,0,0,0,0,0,0,0,0,0,71975134
2025,Regular Season,Yokohama DeNA Baystars,41,"<a href=""https://proeyekyuu.com/player/?PlayerID=71975134"">Sasaki, Chihaya</a>",P,20,1,1,0.000,0.000,0.000,0.000,0,0,0,0,0,0,0,0,0,0,0,0,0,0,0,0,0,71975134
2025,Regular Season,Tohoku Rakuten Golden Eagles,35,"<a href=""https://proeyekyuu.com/player/?PlayerID=71975135"">Shimauchi, Hiroaki</a>",PH,5,11,10,0.000,0.091,0.000,0.091,0,0,0,0,0,0,0,0,0,0,1,0,3,0,0,0,0,71975135
2025,Regular Season,Tokyo Yakult Swallows,9,"<a href=""https://proeyekyuu.com/player/?PlayerID=71975136"">Shiomi, Yasutaka</a>",CF,1,0,0,0.000,0.000,0.000,0.000,0,0,0,0,0,0,0,0,0,0,0,0,0,0,0,0,0,71975136
2025,Regular Season,Hokkaido Nippon-Ham Fighters,44,"<a href=""https://proeyekyuu.com/player/?PlayerID=71975155"">Sakaguchi, Uta</a>",PH,1,1,1,0.000,0.000,0.000,0.000,0,0,0,0,0,0,0,0,0,0,0,0,1,0,0,0,0,71975155
2025,Regular Season,Hiroshima Toyo Carp,94,"<a href=""https://proeyekyuu.com/player/?PlayerID=71975159"">Sato, Keisuke</a>",2B,5,16,15,0.067,0.125,0.067,0.192,0,1,1,1,0,0,0,1,0,0,1,0,5,0,0,0,0,71975159
2025,Regular Season,Tokyo Yakult Swallows,11,"<a href=""https://proeyekyuu.com/player/?PlayerID=73075150"">Avila, Pedro</a>",P,15,25,22,0.091,0.091,0.091,0.182,1,1,2,2,0,0,0,2,0,0,0,0,8,0,0,3,0,73075150
2025,Climax Series - Final Stage,Hokkaido Nippon-Ham Fighters,99,"<a href=""https://proeyekyuu.com/player/?PlayerID=73075159"">Reyes, Franmil</a>",DH,6,27,21,0.429,0.556,1.048,1.604,8,6,9,4,1,0,4,22,0,0,6,0,5,0,0,0,0,73075159
2025,Climax Series - First Stage,Hokkaido Nippon-Ham Fighters,99,"<a href=""https://proeyekyuu.com/player/?PlayerID=73075159"">Reyes, Franmil</a>",DH,2,8,6,0.667,0.750,0.667,1.417,1,2,4,4,0,0,0,4,0,0,2,0,0,0,0,0,0,73075159
2025,Regular Season,Hokkaido Nippon-Ham Fighters,99,"<a href=""https://proeyekyuu.com/player/?PlayerID=73075159"">Reyes, Franmil</a>",DH,132,531,476,0.277,0.347,0.515,0.862,62,90,132,83,17,0,32,245,0,0,52,5,129,8,0,0,3,73075159
2025,Regular Season,Tohoku Rakuten Golden Eagles,48,"<a href=""https://proeyekyuu.com/player/?PlayerID=73175138"">Watanabe, Yoshiaki</a>",PH,75,166,147,0.279,0.321,0.306,0.627,7,19,41,37,4,0,0,45,0,0,12,0,17,4,0,1,6,73175138
2025,Climax Series - Final Stage,Fukuoka Softbank Hawks,32,"<a href=""https://proeyekyuu.com/player/?PlayerID=73175151"">Yanagimachi, Tatsuru</a>",LF,6,25,24,0.417,0.440,0.542,0.982,1,1,10,7,3,0,0,13,0,0,1,0,6,0,0,0,0,73175151
2025,Japan Series,Fukuoka Softbank Hawks,32,"<a href=""https://proeyekyuu.com/player/?PlayerID=73175151"">Yanagimachi, Tatsuru</a>",LF,5,23,18,0.222,0.348,0.444,0.792,2,2,4,2,0,2,0,8,0,0,4,0,6,0,0,0,1,73175151
2025,Regular Season,Fukuoka Softbank Hawks,32,"<a href=""https://proeyekyuu.com/player/?PlayerID=73175151"">Yanagimachi, Tatsuru</a>",LF,131,517,442,0.292,0.384,0.376,0.760,54,50,129,105,17,1,6,166,2,2,62,1,109,8,6,4,3,73175151
2025,Regular Season,Chunichi Dragons,29,"<a href=""https://proeyekyuu.com/player/?PlayerID=73175153"">Matsukihira, Yuta</a>",P,1,1,1,0.000,0.000,0.000,0.000,1,0,0,0,0,0,0,0,0,0,0,0,0,0,0,0,0,73175153
2025,Regular Season,Hiroshima Toyo Carp,45,"<a href=""https://proeyekyuu.com/player/?PlayerID=73175155"">Matsumoto, Ryuya</a>",P,4,0,0,0.000,0.000,0.000,0.000,0,0,0,0,0,0,0,0,0,0,0,0,0,0,0,0,0,73175155
2025,Regular Season,Fukuoka Softbank Hawks,85,"<a href=""https://proeyekyuu.com/player/?PlayerID=73175157"">Miyazaki, Hayato</a>",P,2,0,0,0.000,0.000,0.000,0.000,0,0,0,0,0,0,0,0,0,0,0,0,0,0,0,0,0,73175157
2025,Regular Season,Tohoku Rakuten Golden Eagles,61,"<a href=""https://proeyekyuu.com/player/?PlayerID=73175159"">Matsuda, Takuma</a>",P,1,0,0,0.000,0.000,0.000,0.000,0,0,0,0,0,0,0,0,0,0,0,0,0,0,0,0,0,73175159
2025,Climax Series - First Stage,Yomiuri Giants,2,"<a href=""https://proeyekyuu.com/player/?PlayerID=73375134"">Yoshikawa, Naoki</a>",2B,2,8,6,0.333,0.429,0.333,0.762,1,0,2,2,0,0,0,2,0,1,1,1,0,0,0,1,0,73375134
2025,Regular Season,Yomiuri Giants,2,"<a href=""https://proeyekyuu.com/player/?PlayerID=73375134"">Yoshikawa, Naoki</a>",2B,107,455,404,0.277,0.349,0.351,0.700,33,32,112,91,15,3,3,142,8,3,41,0,63,7,5,2,3,73375134
2025,Regular Season,Yokohama DeNA Baystars,3,"<a href=""https://proeyekyuu.com/player/?PlayerID=73375151"">Austin, Tyler</a>",1B,65,246,219,0.269,0.350,0.484,0.834,35,28,59,34,14,0,11,106,0,0,26,6,45,10,1,0,0,73375151
2025,Regular Season,Hiroshima Toyo Carp,13,"<a href=""https://proeyekyuu.com/player/?PlayerID=73375153"">Moriura, Daisuke</a>",P,60,0,0,0.000,0.000,0.000,0.000,0,0,0,0,0,0,0,0,0,0,0,0,0,0,0,0,0,73375153
2025,Climax Series - Final Stage,Hokkaido Nippon-Ham Fighters,12,"<a href=""https://proeyekyuu.com/player/?PlayerID=73375157"">Yazawa, Kota</a>",LF,4,11,11,0.182,0.182,0.364,0.546,1,1,2,0,2,0,0,4,0,0,0,0,1,0,0,0,0,73375157
2025,Climax Series - First Stage,Hokkaido Nippon-Ham Fighters,12,"<a href=""https://proeyekyuu.com/player/?PlayerID=73375157"">Yazawa, Kota</a>",LF,2,5,5,0.200,0.200,0.200,0.400,1,0,1,1,0,0,0,1,0,0,0,0,1,0,0,0,0,73375157
2025,Regular Season,Hokkaido Nippon-Ham Fighters,12,"<a href=""https://proeyekyuu.com/player/?PlayerID=73375157"">Yazawa, Kota</a>",LF,86,182,166,0.247,0.304,0.319,0.623,20,18,41,33,5,2,1,53,11,2,10,0,46,2,4,1,1,73375157
2025,Regular Season,Tohoku Rakuten Golden Eagles,43,"<a href=""https://proeyekyuu.com/player/?PlayerID=73575132"">Sung, Chia-Hao</a>",P,10,0,0,0.000,0.000,0.000,0.000,0,0,0,0,0,0,0,0,0,0,0,0,0,0,0,0,0,73575132
2025,Climax Series - First Stage,Yomiuri Giants,13,"<a href=""https://proeyekyuu.com/player/?PlayerID=73575150"">Cabbage, Trey</a>",RF,2,7,7,0.000,0.000,0.000,0.000,0,0,0,0,0,0,0,0,0,0,0,0,3,0,0,0,0,73575150
2025,Regular Season,Yomiuri Giants,13,"<a href=""https://proeyekyuu.com/player/?PlayerID=73575150"">Cabbage, Trey</a>",RF,123,476,431,0.267,0.331,0.450,0.781,50,51,115,71,26,1,17,194,5,3,37,3,144,4,5,1,2,73575150
2025,Regular Season,Hanshin Tigers,42,"<a href=""https://proeyekyuu.com/player/?PlayerID=73775150"">Nelson, Nick</a>",P,23,5,4,0.000,0.200,0.000,0.200,0,0,0,0,0,0,0,0,0,0,1,0,3,0,0,0,0,73775150
2025,Climax Series - Final Stage,Hokkaido Nippon-Ham Fighters,2,"<a href=""https://proeyekyuu.com/player/?PlayerID=73975136"">Martinez, Ariel</a>",PH,3,8,5,0.400,0.625,0.400,1.025,0,0,2,2,0,0,0,2,0,0,2,0,0,0,1,0,0,73975136
2025,Climax Series - First Stage,Hokkaido Nippon-Ham Fighters,2,"<a href=""https://proeyekyuu.com/player/?PlayerID=73975136"">Martinez, Ariel</a>",PH,1,1,1,0.000,0.000,0.000,0.000,0,0,0,0,0,0,0,0,0,0,0,0,0,0,0,0,0,73975136
2025,Regular Season,Hokkaido Nippon-Ham Fighters,2,"<a href=""https://proeyekyuu.com/player/?PlayerID=73975136"">Martinez, Ariel</a>",PH,34,73,69,0.174,0.205,0.261,0.466,6,8,12,8,3,0,1,18,0,0,2,0,25,1,1,0,1,73975136
2025,Regular Season,Saitama Seibu Lions,56,"<a href=""https://proeyekyuu.com/player/?PlayerID=73975150"">Ramirez, Emmanuel</a>",P,27,0,0,0.000,0.000,0.000,0.000,0,0,0,0,0,0,0,0,0,0,0,0,0,0,0,0,0,73975150
2025,Regular Season,Yomiuri Giants,33,"<a href=""https://proeyekyuu.com/player/?PlayerID=73975155"">Keller, Kyle</a>",P,45,0,0,0.000,0.000,0.000,0.000,0,0,0,0,0,0,0,0,0,0,0,0,0,0,0,0,0,73975155
2025,Regular Season,Hiroshima Toyo Carp,68,"<a href=""https://proeyekyuu.com/player/?PlayerID=73975159"">Hearn, Taylor</a>",P,56,0,0,0.000,0.000,0.000,0.000,0,0,0,0,0,0,0,0,0,0,0,0,0,0,0,0,0,73975159
2025,Regular Season,Tokyo Yakult Swallows,013,"<a href=""https://proeyekyuu.com/player/?PlayerID=77575159"">Shimokawa, Shunsuke</a>",P,9,8,6,0.167,0.167,0.333,0.500,1,0,1,0,1,0,0,2,0,0,0,0,2,0,0,2,0,77575159
2025,Regular Season,Saitama Seibu Lions,60,"<a href=""https://proeyekyuu.com/player/?PlayerID=81085115"">Nakamura, Takeya</a>",DH,44,110,96,0.240,0.336,0.385,0.721,3,10,23,15,5,0,3,37,0,0,13,2,28,2,1,0,0,81085115
2025,Climax Series - First Stage,Orix Buffaloes,44,"<a href=""https://proeyekyuu.com/player/?PlayerID=81085138"">Tongu, Yuma</a>",1B,1,4,4,0.000,0.000,0.000,0.000,0,0,0,0,0,0,0,0,0,0,0,0,0,0,0,0,0,81085138
2025,Regular Season,Orix Buffaloes,44,"<a href=""https://proeyekyuu.com/player/?PlayerID=81085138"">Tongu, Yuma</a>",1B,129,525,473,0.249,0.316,0.374,0.690,41,54,118,85,20,0,13,177,1,0,43,2,81,10,5,0,4,81085138
2025,Regular Season,Hokkaido Nippon-Ham Fighters,31,"<a href=""https://proeyekyuu.com/player/?PlayerID=81085150"">Shibata, Reo</a>",P,4,0,0,0.000,0.000,0.000,0.000,0,0,0,0,0,0,0,0,0,0,0,0,0,0,0,0,0,81085150
2025,Climax Series - First Stage,Yomiuri Giants,15,"<a href=""https://proeyekyuu.com/player/?PlayerID=81085155"">Ota, Taisei</a>",P,1,0,0,0.000,0.000,0.000,0.000,0,0,0,0,0,0,0,0,0,0,0,0,0,0,0,0,0,81085155
2025,Regular Season,Yomiuri Giants,15,"<a href=""https://proeyekyuu.com/player/?PlayerID=81085155"">Ota, Taisei</a>",P,62,0,0,0.000,0.000,0.000,0.000,0,0,0,0,0,0,0,0,0,0,0,0,0,0,0,0,0,81085155
2025,Regular Season,Hiroshima Toyo Carp,98,"<a href=""https://proeyekyuu.com/player/?PlayerID=81085157"">Tsuji, Taiga</a>",P,16,0,0,0.000,0.000,0.000,0.000,0,0,0,0,0,0,0,0,0,0,0,0,0,0,0,0,0,81085157
2025,Regular Season,Yokohama DeNA Baystars,29,"<a href=""https://proeyekyuu.com/player/?PlayerID=81185116"">Itoh, Hikaru</a>",PH,6,9,9,0.000,0.000,0.000,0.000,0,0,0,0,0,0,0,0,0,0,0,0,4,0,0,0,0,81185116
2025,Regular Season,Hiroshima Toyo Carp,40,"<a href=""https://proeyekyuu.com/player/?PlayerID=81185133"">Isomura, Yoshitaka</a>",PH,6,7,7,0.000,0.000,0.000,0.000,0,0,0,0,0,0,0,0,0,0,0,0,2,0,0,0,0,81185133
2025,Regular Season,Hanshin Tigers,33,"<a href=""https://proeyekyuu.com/player/?PlayerID=81185134"">Itohara, Kento</a>",PH,61,75,69,0.203,0.253,0.203,0.456,0,4,14,14,0,0,0,14,1,0,5,1,16,1,0,0,1,81185134
2025,Regular Season,Orix Buffaloes,37,"<a href=""https://proeyekyuu.com/player/?PlayerID=81185139"">Ishikawa, Ryo</a>",C,1,1,1,0.000,0.000,0.000,0.000,0,0,0,0,0,0,0,0,0,0,0,0,1,0,0,0,0,81185139
2025,Regular Season,Hanshin Tigers,48,"<a href=""https://proeyekyuu.com/player/?PlayerID=81185157"">Ibaragi, Hidetoshi</a>",P,2,0,0,0.000,0.000,0.000,0.000,0,0,0,0,0,0,0,0,0,0,0,0,0,0,0,0,0,81185157
2025,Regular Season,Tokyo Yakult Swallows,67,"<a href=""https://proeyekyuu.com/player/?PlayerID=81185159"">Itoh, Ryui</a>",SS,87,204,184,0.207,0.254,0.310,0.564,17,17,38,27,6,2,3,57,3,1,12,2,56,1,0,7,1,81185159
2025,Regular Season,Orix Buffaloes,16,"<a href=""https://proeyekyuu.com/player/?PlayerID=81285112"">Hirano, Yoshihisa</a>",P,3,0,0,0.000,0.000,0.000,0.000,0,0,0,0,0,0,0,0,0,0,0,0,0,0,0,0,0,81285112
2025,Climax Series - First Stage,Yomiuri Giants,41,"<a href=""https://proeyekyuu.com/player/?PlayerID=81285132"">Nakagawa, Kota</a>",P,2,0,0,0.000,0.000,0.000,0.000,0,0,0,0,0,0,0,0,0,0,0,0,0,0,0,0,0,81285132
2025,Regular Season,Yomiuri Giants,41,"<a href=""https://proeyekyuu.com/player/?PlayerID=81285132"">Nakagawa, Kota</a>",P,63,0,0,0.000,0.000,0.000,0.000,0,0,0,0,0,0,0,0,0,0,0,0,0,0,0,0,0,81285132
2025,Regular Season,Hiroshima Toyo Carp,96,"<a href=""https://proeyekyuu.com/player/?PlayerID=81285136"">Nakamura, Shosei</a>",CF,104,368,344,0.282,0.321,0.439,0.760,43,33,97,64,21,3,9,151,2,6,17,1,48,2,3,3,1,81285136
2025,Regular Season,Chunichi Dragons,30,"<a href=""https://proeyekyuu.com/player/?PlayerID=81285138"">Neo, Akira</a>",P,4,1,1,0.000,0.000,0.000,0.000,0,0,0,0,0,0,0,0,0,0,0,0,1,0,0,0,0,81285138
2025,Climax Series - Final Stage,Fukuoka Softbank Hawks,11,"<a href=""https://proeyekyuu.com/player/?PlayerID=81285151"">Tsumori, Yuki</a>",P,1,0,0,0.000,0.000,0.000,0.000,0,0,0,0,0,0,0,0,0,0,0,0,0,0,0,0,0,81285151
2025,Regular Season,Fukuoka Softbank Hawks,11,"<a href=""https://proeyekyuu.com/player/?PlayerID=81285151"">Tsumori, Yuki</a>",P,22,0,0,0.000,0.000,0.000,0.000,0,0,0,0,0,0,0,0,0,0,0,0,0,0,0,0,0,81285151
2025,Regular Season,Chunichi Dragons,27,"<a href=""https://proeyekyuu.com/player/?PlayerID=81285159"">Tsuda, Keishi</a>",PH,5,3,3,0.000,0.000,0.000,0.000,0,0,0,0,0,0,0,0,0,0,0,0,3,0,0,0,0,81285159
2025,Regular Season,Tokyo Yakult Swallows,46,"<a href=""https://proeyekyuu.com/player/?PlayerID=81385130"">Ohta, Kengo</a>",RF,44,131,118,0.229,0.285,0.280,0.565,11,6,27,21,6,0,0,33,0,0,6,0,28,0,4,1,2,81385130
2025,Regular Season,Tohoku Rakuten Golden Eagles,51,"<a href=""https://proeyekyuu.com/player/?PlayerID=81385138"">Ogoh, Yuya</a>",RF,90,193,173,0.173,0.245,0.272,0.517,18,12,30,19,7,2,2,47,11,0,16,1,54,0,1,1,2,81385138
2025,Climax Series - First Stage,Yomiuri Giants,32,"<a href=""https://proeyekyuu.com/player/?PlayerID=81385150"">Urata, Shunsuke</a>",2B,1,1,1,0.000,0.000,0.000,0.000,0,0,0,0,0,0,0,0,0,0,0,0,0,0,0,0,0,81385150
2025,Regular Season,Yomiuri Giants,32,"<a href=""https://proeyekyuu.com/player/?PlayerID=81385150"">Urata, Shunsuke</a>",2B,22,60,53,0.208,0.263,0.245,0.508,4,4,11,9,2,0,0,13,0,1,3,0,7,1,1,3,0,81385150
2025,Climax Series - Final Stage,Fukuoka Softbank Hawks,62,"<a href=""https://proeyekyuu.com/player/?PlayerID=81385151"">Umino, Takashi</a>",C,5,14,12,0.167,0.231,0.167,0.398,1,0,2,2,0,0,0,2,0,0,1,0,6,0,0,1,0,81385151
2025,Japan Series,Fukuoka Softbank Hawks,62,"<a href=""https://proeyekyuu.com/player/?PlayerID=81385151"">Umino, Takashi</a>",C,5,15,14,0.000,0.000,0.000,0.000,0,0,0,0,0,0,0,0,0,0,0,0,5,0,0,1,0,81385151
2025,Regular Season,Fukuoka Softbank Hawks,62,"<a href=""https://proeyekyuu.com/player/?PlayerID=81385151"">Umino, Takashi</a>",C,105,281,246,0.220,0.253,0.280,0.533,24,21,54,41,11,2,0,69,0,0,10,1,76,4,1,24,0,81385151
2025,Regular Season,Yokohama DeNA Baystars,68,"<a href=""https://proeyekyuu.com/player/?PlayerID=81385153"">Iwata, Masaki</a>",P,3,0,0,0.000,0.000,0.000,0.000,0,0,0,0,0,0,0,0,0,0,0,0,0,0,0,0,0,81385153
2025,Regular Season,Yomiuri Giants,38,"<a href=""https://proeyekyuu.com/player/?PlayerID=81385155"">Okada, Yuki</a>",PH,11,19,18,0.167,0.211,0.222,0.433,1,2,3,2,1,0,0,4,0,0,1,0,10,0,0,0,0,81385155
2025,Regular Season,Orix Buffaloes,9,"<a href=""https://proeyekyuu.com/player/?PlayerID=81485155"">Noguchi, Tomoya</a>",2B,33,64,55,0.145,0.266,0.327,0.593,10,3,8,1,5,1,1,18,0,1,6,0,16,0,3,0,0,81485155
2025,Regular Season,Yomiuri Giants,12,"<a href=""https://proeyekyuu.com/player/?PlayerID=81485157"">Hagio, Masaya</a>",LF,9,25,23,0.174,0.208,0.174,0.382,0,0,4,4,0,0,0,4,1,0,1,1,5,0,0,1,0,81485157
2025,Regular Season,Chunichi Dragons,44,"<a href=""https://proeyekyuu.com/player/?PlayerID=81585132"">Kawagoe, Seiji</a>",PH,28,43,37,0.189,0.302,0.216,0.518,2,0,7,6,1,0,0,8,0,0,4,0,12,0,2,0,0,81585132
2025,Regular Season,Yokohama DeNA Baystars,9,"<a href=""https://proeyekyuu.com/player/?PlayerID=81585134"">Kyoda, Yota</a>",SS,83,210,194,0.216,0.264,0.268,0.532,21,14,42,35,5,1,1,52,1,0,9,3,60,3,4,2,1,81585134
2025,Climax Series - Final Stage,Hanshin Tigers,4,"<a href=""https://proeyekyuu.com/player/?PlayerID=81585136"">Kumagai, Takahiro</a>",SS,1,3,3,0.000,0.000,0.000,0.000,0,0,0,0,0,0,0,0,0,0,0,0,0,0,0,0,0,81585136
2025,Japan Series,Hanshin Tigers,4,"<a href=""https://proeyekyuu.com/player/?PlayerID=81585136"">Kumagai, Takahiro</a>",SS,4,3,3,0.000,0.000,0.000,0.000,0,0,0,0,0,0,0,0,0,0,0,0,3,0,0,0,0,81585136
2025,Regular Season,Hanshin Tigers,4,"<a href=""https://proeyekyuu.com/player/?PlayerID=81585136"">Kumagai, Takahiro</a>",SS,85,170,156,0.224,0.253,0.295,0.548,22,18,35,29,2,3,1,46,6,4,5,0,33,5,1,8,0,81585136
2025,Climax Series - Final Stage,Fukuoka Softbank Hawks,64,"<a href=""https://proeyekyuu.com/player/?PlayerID=81585138"">Kamichatani, Taiga</a>",P,1,0,0,0.000,0.000,0.000,0.000,0,0,0,0,0,0,0,0,0,0,0,0,0,0,0,0,0,81585138
2025,Regular Season,Fukuoka Softbank Hawks,64,"<a href=""https://proeyekyuu.com/player/?PlayerID=81585138"">Kamichatani, Taiga</a>",P,8,0,0,0.000,0.000,0.000,0.000,0,0,0,0,0,0,0,0,0,0,0,0,0,0,0,0,0,81585138
2025,Regular Season,Chunichi Dragons,1,"<a href=""https://proeyekyuu.com/player/?PlayerID=81585151"">Okabayashi, Yuki</a>",CF,143,637,578,0.291,0.348,0.382,0.730,71,35,168,133,22,8,5,221,17,5,51,10,57,1,1,4,3,81585151
2025,Climax Series - Final Stage,Fukuoka Softbank Hawks,57,"<a href=""https://proeyekyuu.com/player/?PlayerID=81585153"">Ogata, Riku</a>",LF,3,0,0,0.000,0.000,0.000,0.000,1,0,0,0,0,0,0,0,0,0,0,0,0,0,0,0,0,81585153
2025,Japan Series,Fukuoka Softbank Hawks,57,"<a href=""https://proeyekyuu.com/player/?PlayerID=81585153"">Ogata, Riku</a>",LF,4,1,1,0.000,0.000,0.000,0.000,0,0,0,0,0,0,0,0,0,0,0,0,0,0,0,0,0,81585153
2025,Regular Season,Fukuoka Softbank Hawks,57,"<a href=""https://proeyekyuu.com/player/?PlayerID=81585153"">Ogata, Riku</a>",LF,101,79,74,0.216,0.247,0.270,0.517,25,6,16,13,2,1,0,20,8,3,3,0,12,3,0,2,0,81585153
2025,Regular Season,Hiroshima Toyo Carp,56,"<a href=""https://proeyekyuu.com/player/?PlayerID=81585157"">Kubo, Shu</a>",PR,17,14,13,0.154,0.214,0.308,0.522,1,0,2,0,2,0,0,4,1,1,1,0,6,1,0,0,0,81585157
2025,Regular Season,Saitama Seibu Lions,17,"<a href=""https://proeyekyuu.com/player/?PlayerID=81685138"">Matsumoto, Wataru</a>",P,3,0,0,0.000,0.000,0.000,0.000,0,0,0,0,0,0,0,0,0,0,0,0,0,0,0,0,0,81685138
2025,Regular Season,Hanshin Tigers,25,"<a href=""https://proeyekyuu.com/player/?PlayerID=81685139"">Watanabe, Ryo</a>",PH,22,24,19,0.158,0.333,0.158,0.491,0,1,3,3,0,0,0,3,0,0,5,1,8,1,0,0,0,81685139
2025,Regular Season,Chiba Lotte Marines,64,"<a href=""https://proeyekyuu.com/player/?PlayerID=81685150"">Hiroike, Koshiro</a>",P,18,0,0,0.000,0.000,0.000,0.000,0,0,0,0,0,0,0,0,0,0,0,0,0,0,0,0,0,81685150
2025,Regular Season,Saitama Seibu Lions,63,"<a href=""https://proeyekyuu.com/player/?PlayerID=81685153"">Hasegawa, Shinya</a>",RF,132,450,400,0.225,0.286,0.325,0.611,42,36,90,65,16,3,6,130,9,4,33,1,56,11,3,9,5,81685153
2025,Climax Series - Final Stage,Hokkaido Nippon-Ham Fighters,94,"<a href=""https://proeyekyuu.com/player/?PlayerID=81685155"">Fukushima, Ren</a>",P,1,0,0,0.000,0.000,0.000,0.000,0,0,0,0,0,0,0,0,0,0,0,0,0,0,0,0,0,81685155
2025,Regular Season,Hokkaido Nippon-Ham Fighters,94,"<a href=""https://proeyekyuu.com/player/?PlayerID=81685155"">Fukushima, Ren</a>",P,8,0,0,0.000,0.000,0.000,0.000,0,0,0,0,0,0,0,0,0,0,0,0,0,0,0,0,0,81685155
2025,Regular Season,Chunichi Dragons,7,"<a href=""https://proeyekyuu.com/player/?PlayerID=81685157"">Fukunaga, Hiroki</a>",3B,20,57,52,0.173,0.246,0.250,0.496,4,3,9,7,1,0,1,13,0,1,4,0,16,1,1,0,0,81685157
2025,Regular Season,Chunichi Dragons,53,"<a href=""https://proeyekyuu.com/player/?PlayerID=81785133"">Gotoh, Shunta</a>",LF,22,18,17,0.235,0.235,0.235,0.470,2,0,4,4,0,0,0,4,0,1,0,0,7,0,0,1,0,81785133
2025,Regular Season,Tokyo Yakult Swallows,66,"<a href=""https://proeyekyuu.com/player/?PlayerID=81785136"">Sakaguchi, Kousuke</a>",P,18,0,0,0.000,0.000,0.000,0.000,0,0,0,0,0,0,0,0,0,0,0,0,0,0,0,0,0,81785136
2025,Regular Season,Chunichi Dragons,65,"<a href=""https://proeyekyuu.com/player/?PlayerID=81785138"">Satoh, Ryusei</a>",3B,23,77,66,0.197,0.280,0.242,0.522,5,3,13,10,3,0,0,16,1,0,8,1,20,2,0,2,1,81785138
2025,Regular Season,Hanshin Tigers,24,"<a href=""https://proeyekyuu.com/player/?PlayerID=81785150"">Kudo, Taisei</a>",P,18,0,0,0.000,0.000,0.000,0.000,0,0,0,0,0,0,0,0,0,0,0,0,0,0,0,0,0,81785150
2025,Regular Season,Hokkaido Nippon-Ham Fighters,28,"<a href=""https://proeyekyuu.com/player/?PlayerID=81785151"">Kawano, Ryusei</a>",P,32,0,0,0.000,0.000,0.000,0.000,0,0,0,0,0,0,0,0,0,0,0,0,0,0,0,0,0,81785151
2025,Regular Season,Saitama Seibu Lions,22,"<a href=""https://proeyekyuu.com/player/?PlayerID=81785155"">Koga, Yuto</a>",C,112,328,289,0.228,0.305,0.329,0.634,26,21,66,51,8,0,7,95,1,1,32,0,62,9,0,7,0,81785155
2025,Regular Season,Tokyo Yakult Swallows,56,"<a href=""https://proeyekyuu.com/player/?PlayerID=81785157"">Sakamoto, Takumi</a>",P,1,0,0,0.000,0.000,0.000,0.000,0,0,0,0,0,0,0,0,0,0,0,0,0,0,0,0,0,81785157
2025,Regular Season,Chiba Lotte Marines,5,"<a href=""https://proeyekyuu.com/player/?PlayerID=81885136"">Yasuda, Hisanori</a>",3B,93,350,317,0.243,0.303,0.290,0.593,22,25,77,62,15,0,0,92,1,1,25,2,65,6,4,0,4,81885136
2025,Regular Season,Yomiuri Giants,62,"<a href=""https://proeyekyuu.com/player/?PlayerID=81885138"">Yokogawa, Kai</a>",P,25,14,11,0.000,0.000,0.000,0.000,0,0,0,0,0,0,0,0,0,0,0,0,4,0,0,3,0,81885138
2025,Regular Season,Chiba Lotte Marines,44,"<a href=""https://proeyekyuu.com/player/?PlayerID=81885150"">Miyazaki, Ryusei</a>",2B,39,110,98,0.194,0.248,0.224,0.472,7,3,19,16,3,0,0,22,1,0,3,0,31,1,4,5,0,81885150
2025,Climax Series - Final Stage,Fukuoka Softbank Hawks,31,"<a href=""https://proeyekyuu.com/player/?PlayerID=81885155"">Masaki, Tomoya</a>",LF,3,9,9,0.111,0.111,0.111,0.222,0,0,1,1,0,0,0,1,0,0,0,0,1,0,0,0,0,81885155
2025,Japan Series,Fukuoka Softbank Hawks,31,"<a href=""https://proeyekyuu.com/player/?PlayerID=81885155"">Masaki, Tomoya</a>",LF,2,2,2,0.000,0.000,0.000,0.000,0,0,0,0,0,0,0,0,0,0,0,0,0,1,0,0,0,81885155
2025,Regular Season,Fukuoka Softbank Hawks,31,"<a href=""https://proeyekyuu.com/player/?PlayerID=81885155"">Masaki, Tomoya</a>",LF,17,65,58,0.259,0.308,0.362,0.670,4,8,15,13,0,0,2,21,1,0,5,0,12,2,0,0,2,81885155
2025,Regular Season,Orix Buffaloes,62,"<a href=""https://proeyekyuu.com/player/?PlayerID=81885159"">Hori, Shuna</a>",C,3,3,3,0.333,0.333,0.333,0.666,0,0,1,1,0,0,0,1,0,0,0,0,1,0,0,0,0,81885159
2025,Regular Season,Chiba Lotte Marines,11,"<a href=""https://proeyekyuu.com/player/?PlayerID=81985133"">Sawamura, Hirokazu</a>",P,20,0,0,0.000,0.000,0.000,0.000,0,0,0,0,0,0,0,0,0,0,0,0,0,0,0,0,0,81985133
2025,Regular Season,Tohoku Rakuten Golden Eagles,7,"<a href=""https://proeyekyuu.com/player/?PlayerID=81985135"">Suzuki, Daichi</a>",PH,93,198,172,0.238,0.330,0.314,0.644,13,23,41,34,3,2,2,54,1,0,13,1,29,5,11,1,1,81985135
2025,Regular Season,Tohoku Rakuten Golden Eagles,71,"<a href=""https://proeyekyuu.com/player/?PlayerID=81985155"">Shibata, Daichi</a>",P,6,0,0,0.000,0.000,0.000,0.000,0,0,0,0,0,0,0,0,0,0,0,0,0,0,0,0,0,81985155
2025,Regular Season,Orix Buffaloes,17,"<a href=""https://proeyekyuu.com/player/?PlayerID=81985157"">Sotani, Ryuhei</a>",P,21,4,4,0.000,0.000,0.000,0.000,0,0,0,0,0,0,0,0,0,0,0,0,2,0,0,0,0,81985157
2025,Regular Season,Orix Buffaloes,19,"<a href=""https://proeyekyuu.com/player/?PlayerID=83185134"">Yamaoka, Taisuke</a>",P,41,0,0,0.000,0.000,0.000,0.000,0,0,0,0,0,0,0,0,0,0,0,0,0,0,0,0,0,83185134
2025,Regular Season,Orix Buffaloes,47,"<a href=""https://proeyekyuu.com/player/?PlayerID=83185150"">Yamaguchi, Reo</a>",P,1,0,0,0.000,0.000,0.000,0.000,0,0,0,0,0,0,0,0,0,0,0,0,0,0,0,0,0,83185150
2025,Regular Season,Chunichi Dragons,43,"<a href=""https://proeyekyuu.com/player/?PlayerID=83185155"">Miya, Taisei</a>",C,3,8,7,0.143,0.125,0.143,0.268,1,1,1,1,0,0,0,1,0,0,0,0,3,0,0,0,1,83185155
2025,Regular Season,Hokkaido Nippon-Ham Fighters,36,"<a href=""https://proeyekyuu.com/player/?PlayerID=83185159"">Miyazaki, Kazuki</a>",LF,5,6,6,0.167,0.167,0.333,0.500,0,1,1,0,1,0,0,2,0,0,0,0,4,0,0,0,0,83185159
2025,Regular Season,Yomiuri Giants,037,"<a href=""https://proeyekyuu.com/player/?PlayerID=83285159"">Chlup, Marek</a>",RF,2,5,5,0.000,0.000,0.000,0.000,0,0,0,0,0,0,0,0,0,0,0,0,3,0,0,0,0,83285159
2025,Regular Season,Saitama Seibu Lions,8,"<a href=""https://proeyekyuu.com/player/?PlayerID=83385150"">Watanabe, Seiya</a>",LF,109,452,425,0.259,0.299,0.395,0.694,42,43,110,79,16,3,12,168,2,3,21,2,85,11,4,0,2,83385150
2025,Regular Season,Saitama Seibu Lions,32,"<a href=""https://proeyekyuu.com/player/?PlayerID=83385153"">Yamamura, Takayoshi</a>",3B,71,231,211,0.246,0.296,0.351,0.647,14,20,52,39,8,1,4,74,0,3,14,0,36,2,2,1,3,83385153
2025,Regular Season,Chiba Lotte Marines,91,"<a href=""https://proeyekyuu.com/player/?PlayerID=83385157"">Yoshikawa, Yuto</a>",P,2,0,0,0.000,0.000,0.000,0.000,0,0,0,0,0,0,0,0,0,0,0,0,0,0,0,0,0,83385157
2025,Regular Season,Orix Buffaloes,34,"<a href=""https://proeyekyuu.com/player/?PlayerID=83385159"">Yokoyama, Seiya</a>",PH,2,2,2,0.000,0.000,0.000,0.000,0,0,0,0,0,0,0,0,0,0,0,0,1,0,0,0,0,83385159
2025,Regular Season,Orix Buffaloes,54,"<a href=""https://proeyekyuu.com/player/?PlayerID=83585150"">Diaz, Jordan</a>",DH,50,138,127,0.228,0.290,0.307,0.597,6,6,29,23,4,0,2,39,0,0,11,0,31,5,0,0,0,83585150
2025,Regular Season,Chunichi Dragons,24,"<a href=""https://proeyekyuu.com/player/?PlayerID=83785150"">Vosler, Jason</a>",1B,122,493,452,0.261,0.312,0.429,0.741,37,58,118,70,33,2,13,194,0,1,30,3,101,5,6,0,5,83785150
2025,Regular Season,Hokkaido Nippon-Ham Fighters,96,"<a href=""https://proeyekyuu.com/player/?PlayerID=83785159"">Sun, Yi-Lei</a>",P,9,0,0,0.000,0.000,0.000,0.000,0,0,0,0,0,0,0,0,0,0,0,0,0,0,0,0,0,83785159
2025,Regular Season,Yomiuri Giants,53,"<a href=""https://proeyekyuu.com/player/?PlayerID=91095134"">Takanashi, Yuhei</a>",P,21,0,0,0.000,0.000,0.000,0.000,0,0,0,0,0,0,0,0,0,0,0,0,0,0,0,0,0,91095134
2025,Regular Season,Chunichi Dragons,3,"<a href=""https://proeyekyuu.com/player/?PlayerID=91095135"">Takahashi, Shuhei</a>",3B,41,101,94,0.234,0.287,0.287,0.574,1,8,22,17,5,0,0,27,0,0,7,1,21,2,0,0,0,91095135
2025,Climax Series - Final Stage,Hanshin Tigers,29,"<a href=""https://proeyekyuu.com/player/?PlayerID=91095136"">Takahashi, Haruto</a>",P,1,3,1,0.000,0.000,0.000,0.000,0,0,0,0,0,0,0,0,0,0,0,0,1,0,0,2,0,91095136
2025,Japan Series,Hanshin Tigers,29,"<a href=""https://proeyekyuu.com/player/?PlayerID=91095136"">Takahashi, Haruto</a>",P,1,1,1,0.000,0.000,0.000,0.000,0,0,0,0,0,0,0,0,0,0,0,0,1,0,0,0,0,91095136
2025,Regular Season,Hanshin Tigers,29,"<a href=""https://proeyekyuu.com/player/?PlayerID=91095136"">Takahashi, Haruto</a>",P,8,15,13,0.077,0.077,0.077,0.154,2,0,1,1,0,0,0,1,0,0,0,0,6,0,0,2,0,91095136
2025,Regular Season,Yokohama DeNA Baystars,60,"<a href=""https://proeyekyuu.com/player/?PlayerID=91095138"">Chino, Naoto</a>",2B,8,20,17,0.176,0.300,0.412,0.712,3,2,3,1,1,0,1,7,0,1,3,0,2,0,0,0,0,91095138
2025,Regular Season,Fukuoka Softbank Hawks,30,"<a href=""https://proeyekyuu.com/player/?PlayerID=91095151"">Satoh, Naoki</a>",RF,104,212,188,0.239,0.291,0.410,0.701,30,18,45,28,7,5,5,77,10,2,13,0,72,2,1,9,1,91095151
2025,Regular Season,Fukuoka Softbank Hawks,44,"<a href=""https://proeyekyuu.com/player/?PlayerID=91095153"">Sasagawa, Yoshiyasu</a>",CF,26,63,61,0.213,0.222,0.262,0.484,8,8,13,12,0,0,1,16,2,0,0,0,16,1,1,0,1,91095153
2025,Regular Season,Yomiuri Giants,003,"<a href=""https://proeyekyuu.com/player/?PlayerID=91095155"">Suzuki, Yamato</a>",PR,4,0,0,0.000,0.000,0.000,0.000,1,0,0,0,0,0,0,0,0,0,0,0,0,0,0,0,0,91095155
2025,Regular Season,Saitama Seibu Lions,47,"<a href=""https://proeyekyuu.com/player/?PlayerID=91095159"">Sugiyama, Haruki</a>",P,1,0,0,0.000,0.000,0.000,0.000,0,0,0,0,0,0,0,0,0,0,0,0,0,0,0,0,0,91095159
2025,Regular Season,Chunichi Dragons,58,"<a href=""https://proeyekyuu.com/player/?PlayerID=91195138"">Ishibashi, Kota</a>",C,10,12,8,0.125,0.364,0.125,0.489,0,1,1,1,0,0,0,1,0,0,3,0,3,0,0,1,0,91195138
2025,Regular Season,Chunichi Dragons,25,"<a href=""https://proeyekyuu.com/player/?PlayerID=91195151"">Ishikawa, Takaya</a>",3B,22,75,72,0.139,0.173,0.208,0.381,6,5,10,7,2,0,1,15,0,1,2,0,27,1,1,0,0,91195151
2025,Regular Season,Yomiuri Giants,51,"<a href=""https://proeyekyuu.com/player/?PlayerID=91195157"">Asano, Shogo</a>",CF,29,83,75,0.187,0.244,0.320,0.564,6,8,14,8,4,0,2,24,1,0,4,1,17,1,2,1,1,91195157
2025,Climax Series - Final Stage,Yokohama DeNA Baystars,44,"<a href=""https://proeyekyuu.com/player/?PlayerID=91195159"">Ishikami, Taiki</a>",SS,3,9,9,0.111,0.111,0.111,0.222,0,0,1,1,0,0,0,1,0,0,0,0,4,0,0,0,0,91195159
2025,Climax Series - First Stage,Yokohama DeNA Baystars,44,"<a href=""https://proeyekyuu.com/player/?PlayerID=91195159"">Ishikami, Taiki</a>",SS,2,9,8,0.250,0.333,0.625,0.958,2,3,2,1,0,0,1,5,1,0,1,0,3,0,0,0,0,91195159
2025,Regular Season,Yokohama DeNA Baystars,44,"<a href=""https://proeyekyuu.com/player/?PlayerID=91195159"">Ishikami, Taiki</a>",SS,73,158,141,0.241,0.314,0.348,0.662,15,16,34,23,9,0,2,49,3,2,14,2,42,2,1,2,0,91195159
2025,Climax Series - Final Stage,Hokkaido Nippon-Ham Fighters,19,"<a href=""https://proeyekyuu.com/player/?PlayerID=91295134"">Tamai, Taisho</a>",P,2,0,0,0.000,0.000,0.000,0.000,0,0,0,0,0,0,0,0,0,0,0,0,0,0,0,0,0,91295134
2025,Climax Series - First Stage,Hokkaido Nippon-Ham Fighters,19,"<a href=""https://proeyekyuu.com/player/?PlayerID=91295134"">Tamai, Taisho</a>",P,1,0,0,0.000,0.000,0.000,0.000,0,0,0,0,0,0,0,0,0,0,0,0,0,0,0,0,0,91295134
2025,Regular Season,Hokkaido Nippon-Ham Fighters,19,"<a href=""https://proeyekyuu.com/player/?PlayerID=91295134"">Tamai, Taisho</a>",P,40,0,0,0.000,0.000,0.000,0.000,0,0,0,0,0,0,0,0,0,0,0,0,0,0,0,0,0,91295134
2025,Regular Season,Tokyo Yakult Swallows,30,"<a href=""https://proeyekyuu.com/player/?PlayerID=91295150"">Shoji, Kota</a>",P,45,0,0,0.000,0.000,0.000,0.000,0,0,0,0,0,0,0,0,0,0,0,0,0,0,0,0,0,91295150
2025,Regular Season,Yokohama DeNA Baystars,33,"<a href=""https://proeyekyuu.com/player/?PlayerID=91295159"">Takeda, Riku</a>",P,1,0,0,0.000,0.000,0.000,0.000,0,0,0,0,0,0,0,0,0,0,0,0,0,0,0,0,0,91295159
2025,Regular Season,Chunichi Dragons,63,"<a href=""https://proeyekyuu.com/player/?PlayerID=91395132"">Itayama, Yutaro</a>",PH,84,193,179,0.207,0.251,0.291,0.542,17,10,37,28,5,2,2,52,0,0,10,1,50,4,1,2,1,91395132
2025,Climax Series - First Stage,Orix Buffaloes,31,"<a href=""https://proeyekyuu.com/player/?PlayerID=91395138"">Ohta, Ryo</a>",2B,2,8,8,0.125,0.125,0.125,0.250,0,0,1,1,0,0,0,1,0,0,0,0,3,0,0,0,0,91395138
2025,Regular Season,Orix Buffaloes,31,"<a href=""https://proeyekyuu.com/player/?PlayerID=91395138"">Ohta, Ryo</a>",2B,113,496,448,0.283,0.337,0.373,0.710,42,52,127,107,10,0,10,167,0,2,33,3,102,12,5,6,4,91395138
2025,Regular Season,Chunichi Dragons,51,"<a href=""https://proeyekyuu.com/player/?PlayerID=91395139"">Uebayashi, Seiji</a>",RF,134,517,486,0.270,0.303,0.434,0.737,52,52,131,89,21,4,17,211,27,5,20,7,102,3,4,6,1,91395139
2025,Regular Season,Chiba Lotte Marines,45,"<a href=""https://proeyekyuu.com/player/?PlayerID=91395151"">Ueda, Shota</a>",C,5,5,5,0.200,0.200,0.200,0.400,0,0,1,1,0,0,0,1,0,0,0,0,0,1,0,0,0,91395151
2025,Climax Series - Final Stage,Fukuoka Softbank Hawks,42,"<a href=""https://proeyekyuu.com/player/?PlayerID=91395153"">Itoh, Yusuke</a>",P,2,0,0,0.000,0.000,0.000,0.000,0,0,0,0,0,0,0,0,0,0,0,0,0,0,0,0,0,91395153
2025,Regular Season,Fukuoka Softbank Hawks,42,"<a href=""https://proeyekyuu.com/player/?PlayerID=91395153"">Itoh, Yusuke</a>",P,5,0,0,0.000,0.000,0.000,0.000,0,0,0,0,0,0,0,0,0,0,0,0,0,0,0,0,0,91395153
2025,Regular Season,Saitama Seibu Lions,11,"<a href=""https://proeyekyuu.com/player/?PlayerID=91395159"">Ueda, Taiga</a>",P,4,0,0,0.000,0.000,0.000,0.000,0,0,0,0,0,0,0,0,0,0,0,0,0,0,0,0,0,91395159
2025,Climax Series - First Stage,Orix Buffaloes,5,"<a href=""https://proeyekyuu.com/player/?PlayerID=91495130"">Nishino, Masahiro</a>",DH,2,8,8,0.125,0.125,0.125,0.250,0,0,1,1,0,0,0,1,0,0,0,0,2,0,0,0,0,91495130
2025,Regular Season,Orix Buffaloes,5,"<a href=""https://proeyekyuu.com/player/?PlayerID=91495130"">Nishino, Masahiro</a>",DH,75,252,230,0.287,0.333,0.443,0.776,27,35,66,47,9,3,7,102,0,0,15,0,17,4,1,6,0,91495130
2025,Regular Season,Hanshin Tigers,57,"<a href=""https://proeyekyuu.com/player/?PlayerID=91495134"">Nagasaka, Kenya</a>",C,1,1,1,0.000,0.000,0.000,0.000,0,0,0,0,0,0,0,0,0,0,0,0,0,1,0,0,0,91495134
2025,Regular Season,Chiba Lotte Marines,40,"<a href=""https://proeyekyuu.com/player/?PlayerID=91495136"">Nishimura, Takahiro</a>",P,1,0,0,0.000,0.000,0.000,0.000,0,0,0,0,0,0,0,0,0,0,0,0,0,0,0,0,0,91495136
2025,Regular Season,Tokyo Yakult Swallows,51,"<a href=""https://proeyekyuu.com/player/?PlayerID=91495138"">Hamada, Taiki</a>",RF,34,104,95,0.221,0.288,0.411,0.699,13,9,21,11,6,0,4,39,0,0,5,0,26,1,4,0,0,91495138
2025,Climax Series - First Stage,Orix Buffaloes,4,"<a href=""https://proeyekyuu.com/player/?PlayerID=91495139"">Mori, Tomoya</a>",DH,2,5,5,0.000,0.000,0.000,0.000,0,0,0,0,0,0,0,0,0,0,0,0,1,0,0,0,0,91495139
2025,Regular Season,Orix Buffaloes,4,"<a href=""https://proeyekyuu.com/player/?PlayerID=91495139"">Mori, Tomoya</a>",DH,50,191,161,0.205,0.325,0.273,0.598,16,14,33,24,8,0,1,44,0,0,26,1,31,0,3,0,1,91495139
2025,Regular Season,Yokohama DeNA Baystars,56,"<a href=""https://proeyekyuu.com/player/?PlayerID=91495150"">Tanai, Manato</a>",PH,2,2,2,0.500,0.500,0.500,1.000,0,0,1,1,0,0,0,1,0,0,0,0,0,0,0,0,0,91495150
2025,Regular Season,Yomiuri Giants,020,"<a href=""https://proeyekyuu.com/player/?PlayerID=91495153"">Toda, Natsuki</a>",P,2,0,0,0.000,0.000,0.000,0.000,0,0,0,0,0,0,0,0,0,0,0,0,0,0,0,0,0,91495153
2025,Regular Season,Saitama Seibu Lions,00,"<a href=""https://proeyekyuu.com/player/?PlayerID=91495155"">Nakata, Keisuke</a>",2B,60,96,87,0.230,0.280,0.253,0.533,14,3,20,18,2,0,0,22,1,3,4,0,13,2,2,3,0,91495155
2025,Regular Season,Tokyo Yakult Swallows,36,"<a href=""https://proeyekyuu.com/player/?PlayerID=91495157"">Nishimura, Ruito</a>",3B,4,11,11,0.091,0.091,0.091,0.182,2,1,1,1,0,0,0,1,0,0,0,0,4,1,0,0,0,91495157
2025,Regular Season,Yomiuri Giants,10,"<a href=""https://proeyekyuu.com/player/?PlayerID=91595133"">Kai, Takuya</a>",C,68,250,223,0.260,0.327,0.332,0.659,17,20,58,50,4,0,4,74,3,1,23,5,58,8,0,2,2,91595133
2025,Climax Series - First Stage,Yomiuri Giants,27,"<a href=""https://proeyekyuu.com/player/?PlayerID=91595136"">Kishida, Yukinori</a>",C,2,9,7,0.143,0.333,0.143,0.476,2,0,1,1,0,0,0,1,0,0,2,0,1,1,0,0,0,91595136
2025,Regular Season,Yomiuri Giants,27,"<a href=""https://proeyekyuu.com/player/?PlayerID=91595136"">Kishida, Yukinori</a>",C,87,299,266,0.293,0.355,0.417,0.772,25,39,78,61,9,0,8,111,0,1,25,2,44,4,1,6,1,91595136
2025,Regular Season,Hiroshima Toyo Carp,53,"<a href=""https://proeyekyuu.com/player/?PlayerID=91595150"">Okamoto, Shun</a>",P,41,0,0,0.000,0.000,0.000,0.000,0,0,0,0,0,0,0,0,0,0,0,0,0,0,0,0,0,91595150
2025,Regular Season,Tokyo Yakult Swallows,33,"<a href=""https://proeyekyuu.com/player/?PlayerID=91595153"">Uchiyama, Souma</a>",LF,116,470,423,0.262,0.326,0.385,0.711,50,48,111,76,26,1,8,163,8,3,41,0,66,10,1,1,4,91595153
2025,Regular Season,Chiba Lotte Marines,28,"<a href=""https://proeyekyuu.com/player/?PlayerID=91595157"">Kikuchi, Riku</a>",P,21,0,0,0.000,0.000,0.000,0.000,0,0,0,0,0,0,0,0,0,0,0,0,0,0,0,0,0,91595157
2025,Regular Season,Saitama Seibu Lions,39,"<a href=""https://proeyekyuu.com/player/?PlayerID=91695132"">Hirasawa, Taiga</a>",PH,7,17,17,0.059,0.059,0.118,0.177,1,0,1,0,1,0,0,2,0,0,0,0,4,0,0,0,0,91695132
2025,Regular Season,Tokyo Yakult Swallows,15,"<a href=""https://proeyekyuu.com/player/?PlayerID=91695150"">Nakamura, Yuto</a>",P,4,5,4,0.250,0.400,0.250,0.650,1,0,1,1,0,0,0,1,0,0,1,0,3,0,0,0,0,91695150
2025,Regular Season,Tokyo Yakult Swallows,0,"<a href=""https://proeyekyuu.com/player/?PlayerID=91695153"">Namiki, Hidetaka</a>",RF,54,128,114,0.254,0.303,0.404,0.707,26,10,29,19,6,1,3,46,6,2,6,0,15,0,2,6,0,91695153
2025,Climax Series - Final Stage,Yokohama DeNA Baystars,00,"<a href=""https://proeyekyuu.com/player/?PlayerID=91695157"">Hayashi, Takuma</a>",2B,3,11,10,0.300,0.364,0.300,0.664,1,0,3,3,0,0,0,3,0,0,0,0,3,0,1,0,0,91695157
2025,Climax Series - First Stage,Yokohama DeNA Baystars,00,"<a href=""https://proeyekyuu.com/player/?PlayerID=91695157"">Hayashi, Takuma</a>",2B,2,9,7,0.286,0.375,0.286,0.661,2,1,2,2,0,0,0,2,0,1,1,0,1,0,0,1,0,91695157
2025,Regular Season,Yokohama DeNA Baystars,00,"<a href=""https://proeyekyuu.com/player/?PlayerID=91695157"">Hayashi, Takuma</a>",2B,95,290,258,0.244,0.297,0.318,0.615,35,20,63,49,11,1,2,82,11,4,19,4,54,4,2,7,4,91695157
2025,Regular Season,Chiba Lotte Marines,59,"<a href=""https://proeyekyuu.com/player/?PlayerID=91695159"">Hayasaka, Oto</a>",P,9,0,0,0.000,0.000,0.000,0.000,0,0,0,0,0,0,0,0,0,0,0,0,0,0,0,0,0,91695159
2025,Regular Season,Tohoku Rakuten Golden Eagles,11,"<a href=""https://proeyekyuu.com/player/?PlayerID=91795114"">Kishi, Takayuki</a>",P,19,3,1,0.000,0.000,0.000,0.000,0,0,0,0,0,0,0,0,0,0,0,0,1,0,0,2,0,91795114
2025,Regular Season,Yomiuri Giants,37,"<a href=""https://proeyekyuu.com/player/?PlayerID=91795134"">Kohri, Takuya</a>",LF,3,2,2,0.000,0.000,0.000,0.000,0,0,0,0,0,0,0,0,0,0,0,0,0,0,0,0,0,91795134
2025,Climax Series - First Stage,Yomiuri Giants,22,"<a href=""https://proeyekyuu.com/player/?PlayerID=91795139"">Kobayashi, Seiji</a>",C,1,1,1,1.000,1.000,2.000,3.000,0,0,1,0,1,0,0,2,0,0,0,0,0,0,0,0,0,91795139
2025,Regular Season,Yomiuri Giants,22,"<a href=""https://proeyekyuu.com/player/?PlayerID=91795139"">Kobayashi, Seiji</a>",C,14,26,21,0.143,0.250,0.190,0.440,2,1,3,2,1,0,0,4,0,0,3,0,8,1,0,2,0,91795139
2025,Regular Season,Hiroshima Toyo Carp,67,"<a href=""https://proeyekyuu.com/player/?PlayerID=91795150"">Kikuchi, Harun</a>",P,4,0,0,0.000,0.000,0.000,0.000,0,0,0,0,0,0,0,0,0,0,0,0,0,0,0,0,0,91795150
2025,Climax Series - Final Stage,Hanshin Tigers,37,"<a href=""https://proeyekyuu.com/player/?PlayerID=91795151"">Oyokawa, Masaki</a>",P,2,0,0,0.000,0.000,0.000,0.000,0,0,0,0,0,0,0,0,0,0,0,0,0,0,0,0,0,91795151
2025,Japan Series,Hanshin Tigers,37,"<a href=""https://proeyekyuu.com/player/?PlayerID=91795151"">Oyokawa, Masaki</a>",P,3,0,0,0.000,0.000,0.000,0.000,0,0,0,0,0,0,0,0,0,0,0,0,0,0,0,0,0,91795151
2025,Regular Season,Hanshin Tigers,37,"<a href=""https://proeyekyuu.com/player/?PlayerID=91795151"">Oyokawa, Masaki</a>",P,66,0,0,0.000,0.000,0.000,0.000,0,0,0,0,0,0,0,0,0,0,0,0,0,0,0,0,0,91795151
2025,Regular Season,Chunichi Dragons,14,"<a href=""https://proeyekyuu.com/player/?PlayerID=91795159"">Kusaka, Sho</a>",P,1,1,1,0.000,0.000,0.000,0.000,0,0,0,0,0,0,0,0,0,0,0,0,1,0,0,0,0,91795159
2025,Regular Season,Tokyo Yakult Swallows,1,"<a href=""https://proeyekyuu.com/player/?PlayerID=91895133"">Yamada, Tetsuto</a>",2B,108,377,338,0.231,0.300,0.388,0.688,25,37,78,49,17,0,12,131,3,1,33,4,63,8,2,0,4,91895133
2025,Regular Season,Chiba Lotte Marines,51,"<a href=""https://proeyekyuu.com/player/?PlayerID=91895138"">Yamaguchi, Koki</a>",DH,35,112,106,0.255,0.286,0.472,0.758,11,24,27,18,2,0,7,50,1,1,5,0,37,3,0,0,1,91895138
2025,Regular Season,Hiroshima Toyo Carp,99,"<a href=""https://proeyekyuu.com/player/?PlayerID=91895153"">Futamata, Shoichi</a>",3B,54,130,118,0.186,0.242,0.314,0.556,12,6,22,14,4,1,3,37,1,1,8,1,31,2,1,2,1,91895153
2025,Regular Season,Saitama Seibu Lions,65,"<a href=""https://proeyekyuu.com/player/?PlayerID=91895155"">Furuichi, Takeru</a>",C,10,19,18,0.444,0.474,0.444,0.918,1,0,8,8,0,0,0,8,0,0,1,0,1,0,0,0,0,91895155
2025,Regular Season,Hiroshima Toyo Carp,26,"<a href=""https://proeyekyuu.com/player/?PlayerID=91895157"">Masuda, Takehisa</a>",P,4,0,0,0.000,0.000,0.000,0.000,0,0,0,0,0,0,0,0,0,0,0,0,0,0,0,0,0,91895157
2025,Regular Season,Fukuoka Softbank Hawks,65,"<a href=""https://proeyekyuu.com/player/?PlayerID=91895159"">Fujita, Yutaro</a>",PR,2,0,0,0.000,0.000,0.000,0.000,0,0,0,0,0,0,0,0,0,0,0,0,0,0,0,0,0,91895159
2025,Regular Season,Saitama Seibu Lions,27,"<a href=""https://proeyekyuu.com/player/?PlayerID=91995112"">Sumitani, Ginjiro</a>",C,40,88,81,0.235,0.271,0.284,0.555,4,4,19,15,4,0,0,23,0,1,3,0,18,3,1,3,0,91995112
2025,Regular Season,Yomiuri Giants,7,"<a href=""https://proeyekyuu.com/player/?PlayerID=91995131"">Chono, Hisayoshi</a>",PH,17,24,22,0.136,0.208,0.136,0.344,1,0,3,3,0,0,0,3,0,0,2,0,8,0,0,0,0,91995131
2025,Climax Series - Final Stage,Yokohama DeNA Baystars,7,"<a href=""https://proeyekyuu.com/player/?PlayerID=91995134"">Sano, Keita</a>",LF,3,13,13,0.231,0.231,0.308,0.539,0,1,3,2,1,0,0,4,0,0,0,0,4,0,0,0,0,91995134
2025,Climax Series - First Stage,Yokohama DeNA Baystars,7,"<a href=""https://proeyekyuu.com/player/?PlayerID=91995134"">Sano, Keita</a>",LF,2,9,8,0.375,0.444,0.750,1.194,1,2,3,2,0,0,1,6,0,0,1,1,0,0,0,0,0,91995134
2025,Regular Season,Yokohama DeNA Baystars,7,"<a href=""https://proeyekyuu.com/player/?PlayerID=91995134"">Sano, Keita</a>",LF,138,569,525,0.274,0.322,0.406,0.728,47,70,144,105,24,0,15,213,0,0,34,1,61,13,5,0,5,91995134
2025,Japan Series,Hanshin Tigers,53,"<a href=""https://proeyekyuu.com/player/?PlayerID=91995136"">Shimada, Kairi</a>",LF,5,9,9,0.222,0.222,0.222,0.444,0,0,2,2,0,0,0,2,1,0,0,0,0,0,0,0,0,91995136
2025,Regular Season,Hanshin Tigers,53,"<a href=""https://proeyekyuu.com/player/?PlayerID=91995136"">Shimada, Kairi</a>",LF,28,35,31,0.129,0.156,0.129,0.285,2,0,4,4,0,0,0,4,1,2,1,0,1,0,0,3,0,91995136
2025,Climax Series - Final Stage,Fukuoka Softbank Hawks,40,"<a href=""https://proeyekyuu.com/player/?PlayerID=91995138"">Sugiyama, Kazuki</a>",P,3,0,0,0.000,0.000,0.000,0.000,0,0,0,0,0,0,0,0,0,0,0,0,0,0,0,0,0,91995138
2025,Japan Series,Fukuoka Softbank Hawks,40,"<a href=""https://proeyekyuu.com/player/?PlayerID=91995138"">Sugiyama, Kazuki</a>",P,4,0,0,0.000,0.000,0.000,0.000,0,0,0,0,0,0,0,0,0,0,0,0,0,0,0,0,0,91995138
2025,Regular Season,Fukuoka Softbank Hawks,40,"<a href=""https://proeyekyuu.com/player/?PlayerID=91995138"">Sugiyama, Kazuki</a>",P,65,0,0,0.000,0.000,0.000,0.000,0,0,0,0,0,0,0,0,0,0,0,0,0,0,0,0,0,91995138
2025,Regular Season,Chunichi Dragons,33,"<a href=""https://proeyekyuu.com/player/?PlayerID=91995139"">Sobue, Daisuke</a>",P,19,0,0,0.000,0.000,0.000,0.000,0,0,0,0,0,0,0,0,0,0,0,0,0,0,0,0,0,91995139
2025,Climax Series - First Stage,Orix Buffaloes,24,"<a href=""https://proeyekyuu.com/player/?PlayerID=91995151"">Kurebayashi, Kotaro</a>",SS,2,8,8,0.250,0.250,0.625,0.875,1,3,2,1,0,0,1,5,0,0,0,0,3,1,0,0,0,91995151
2025,Regular Season,Orix Buffaloes,24,"<a href=""https://proeyekyuu.com/player/?PlayerID=91995151"">Kurebayashi, Kotaro</a>",SS,116,447,400,0.260,0.321,0.383,0.704,36,43,104,74,20,1,9,153,1,2,35,2,57,15,3,4,5,91995151
2025,Regular Season,Hiroshima Toyo Carp,20,"<a href=""https://proeyekyuu.com/player/?PlayerID=91995153"">Kuribayashi, Ryoji</a>",P,55,0,0,0.000,0.000,0.000,0.000,0,0,0,0,0,0,0,0,0,0,0,0,0,0,0,0,0,91995153
2025,Regular Season,Hiroshima Toyo Carp,62,"<a href=""https://proeyekyuu.com/player/?PlayerID=91995157"">Shimizu, Kanato</a>",C,4,14,13,0.154,0.214,0.231,0.445,1,0,2,1,1,0,0,3,0,0,1,0,4,0,0,0,0,91995157
2025,Regular Season,Tohoku Rakuten Golden Eagles,12,"<a href=""https://proeyekyuu.com/player/?PlayerID=93095150"">Gonzalez, Oscar</a>",LF,53,208,201,0.229,0.250,0.323,0.573,18,19,46,36,5,1,4,65,0,2,4,1,37,10,2,0,1,93095150
2025,Regular Season,Chunichi Dragons,60,"<a href=""https://proeyekyuu.com/player/?PlayerID=93195132"">Yamamoto, Yasuhiro</a>",SS,112,372,347,0.242,0.265,0.323,0.588,23,23,84,66,12,2,4,112,3,2,10,0,62,5,1,14,0,93195132
2025,Climax Series - Final Stage,Yokohama DeNA Baystars,45,"<a href=""https://proeyekyuu.com/player/?PlayerID=93195134"">Morihara, Kohei</a>",P,1,0,0,0.000,0.000,0.000,0.000,0,0,0,0,0,0,0,0,0,0,0,0,0,0,0,0,0,93195134
2025,Climax Series - First Stage,Yokohama DeNA Baystars,45,"<a href=""https://proeyekyuu.com/player/?PlayerID=93195134"">Morihara, Kohei</a>",P,2,0,0,0.000,0.000,0.000,0.000,0,0,0,0,0,0,0,0,0,0,0,0,0,0,0,0,0,93195134
2025,Regular Season,Yokohama DeNA Baystars,45,"<a href=""https://proeyekyuu.com/player/?PlayerID=93195134"">Morihara, Kohei</a>",P,30,0,0,0.000,0.000,0.000,0.000,0,0,0,0,0,0,0,0,0,0,0,0,0,0,0,0,0,93195134
2025,Regular Season,Tokyo Yakult Swallows,43,"<a href=""https://proeyekyuu.com/player/?PlayerID=93195136"">Yamamoto, Daiki</a>",P,17,0,0,0.000,0.000,0.000,0.000,0,0,0,0,0,0,0,0,0,0,0,0,0,0,0,0,0,93195136
2025,Regular Season,Fukuoka Softbank Hawks,00,"<a href=""https://proeyekyuu.com/player/?PlayerID=93195138"">Watanabe, Riku</a>",C,24,51,45,0.222,0.314,0.267,0.581,4,5,10,8,2,0,0,12,1,0,5,1,17,0,1,0,0,93195138
2025,Regular Season,Tokyo Yakult Swallows,4,"<a href=""https://proeyekyuu.com/player/?PlayerID=93195155"">Maruyama, Kazuya</a>",RF,39,36,32,0.125,0.176,0.125,0.301,6,2,4,4,0,0,0,4,3,1,2,1,12,0,0,2,0,93195155
2025,Regular Season,Chunichi Dragons,91,"<a href=""https://proeyekyuu.com/player/?PlayerID=93295157"">Mejia, Humberto</a>",P,25,7,7,0.286,0.286,0.286,0.572,0,0,2,2,0,0,0,2,0,0,0,0,3,0,0,0,0,93295157
2025,Regular Season,Chunichi Dragons,47,"<a href=""https://proeyekyuu.com/player/?PlayerID=93395150"">Yoshida, Seiya</a>",P,5,2,1,0.000,0.000,0.000,0.000,0,0,0,0,0,0,0,0,0,0,0,0,0,0,0,1,0,93395150
2025,Regular Season,Hiroshima Toyo Carp,4,"<a href=""https://proeyekyuu.com/player/?PlayerID=93395153"">Yano, Masaya</a>",SS,112,335,284,0.208,0.288,0.246,0.534,24,19,59,51,6,1,1,70,2,3,27,1,69,1,6,16,2,93395153
2025,Regular Season,Hiroshima Toyo Carp,16,"<a href=""https://proeyekyuu.com/player/?PlayerID=93395155"">Mori, Shohei</a>",P,23,42,36,0.194,0.194,0.222,0.416,1,3,7,6,1,0,0,8,0,0,0,0,20,0,0,6,0,93395155
2025,Regular Season,Saitama Seibu Lions,99,"<a href=""https://proeyekyuu.com/player/?PlayerID=93395159"">Murata, Reon</a>",DH,23,85,82,0.195,0.224,0.317,0.541,3,9,16,10,4,0,2,26,0,0,2,0,32,2,1,0,0,93395159
2025,Climax Series - Final Stage,Hokkaido Nippon-Ham Fighters,37,"<a href=""https://proeyekyuu.com/player/?PlayerID=93595150"">Gu Lin, Ruei-Yang</a>",P,1,0,0,0.000,0.000,0.000,0.000,0,0,0,0,0,0,0,0,0,0,0,0,0,0,0,0,0,93595150
2025,Regular Season,Hokkaido Nippon-Ham Fighters,37,"<a href=""https://proeyekyuu.com/player/?PlayerID=93595150"">Gu Lin, Ruei-Yang</a>",P,7,0,0,0.000,0.000,0.000,0.000,0,0,0,0,0,0,0,0,0,0,0,0,0,0,0,0,0,93595150
2025,Regular Season,Fukuoka Softbank Hawks,77,"<a href=""https://proeyekyuu.com/player/?PlayerID=93595155"">Yamamoto, Keita</a>",RF,25,80,70,0.214,0.313,0.314,0.627,8,6,15,12,1,0,2,22,0,0,7,0,17,5,3,0,0,93595155
2025,Regular Season,Tokyo Yakult Swallows,58,"<a href=""https://proeyekyuu.com/player/?PlayerID=93795150"">Baumann, Mike</a>",P,16,0,0,0.000,0.000,0.000,0.000,0,0,0,0,0,0,0,0,0,0,0,0,0,0,0,0,0,93795150
2025,Regular Season,Chunichi Dragons,4,"<a href=""https://proeyekyuu.com/player/?PlayerID=93795157"">Calixte, Orlando</a>",1B,61,192,176,0.227,0.272,0.307,0.579,13,14,40,29,9,1,1,54,1,1,12,0,37,4,0,1,3,93795157
2025,Regular Season,Hokkaido Nippon-Ham Fighters,42,"<a href=""https://proeyekyuu.com/player/?PlayerID=93795159"">Zabala, Aneurys</a>",P,2,0,0,0.000,0.000,0.000,0.000,0,0,0,0,0,0,0,0,0,0,0,0,0,0,0,0,0,93795159
2025,Regular Season,Tokyo Yakult Swallows,39,"<a href=""https://proeyekyuu.com/player/?PlayerID=93995150"">Lambert, Peter</a>",P,21,31,28,0.107,0.107,0.107,0.214,1,1,3,3,0,0,0,3,0,0,0,0,13,0,0,3,0,93995150
2025,Regular Season,Chiba Lotte Marines,97,"<a href=""https://proeyekyuu.com/player/?PlayerID=93995155"">Guerrero, Tayron</a>",P,21,0,0,0.000,0.000,0.000,0.000,0,0,0,0,0,0,0,0,0,0,0,0,0,0,0,0,0,93995155
